
Initial statistics: 25 variables; iteration 0; function evaluation 0; phase 1
Function value 3.8814232e+05; maximum gradient component mag 1.1392e+07
Var    Value     Gradient |Var    Value     Gradient |Var    Value     Gradient
  1  0.15626  1.13921e+07 |  2 -0.41094  7.34602e+02 |  3 -0.81158 -6.07123e+03
  4 -0.81158  2.99491e+05 |  5 -0.81158  2.48434e+04 |  6 -0.81158  1.51125e+05
  7 -0.81158  6.55212e+04 |  8 -0.81158  1.25920e+05 |  9 -0.81158  4.86747e+05
 10 -0.81158  2.53985e+05 | 11 -0.81158  1.00352e+04 | 12 -0.81158  1.04254e+05
 13 -0.81158 -1.03001e+04 | 14 -0.81158  2.65984e+03 | 15 -0.81158  1.39808e+04
 16 -0.81158  6.28880e+04 | 17 -0.81158  1.88433e+05 | 18 -0.81158  9.46759e+04
 19 -0.81158  8.96867e+04 | 20 -0.81158  1.00059e+05 | 21 -0.81158  3.32200e+05
 22 -0.81158  2.79074e+05 | 23 -0.81158  7.53211e+05 | 24 -0.81158  2.72885e+06
 25 -0.81158 -4.47959e-06 |
  ic > imax  in fminim is answer attained ?
Var    Value     Gradient |Var    Value     Gradient |Var    Value     Gradient
  1 -0.03731 -2.26766e+04 |  2 -1.12031 -1.21562e+01 |  3 -0.05410  1.11470e+02
  4  5.16086  2.59166e+02 |  5  0.20463  1.51965e+02 |  6  3.26969  1.77159e+02
  7 -0.94074  9.07494e+01 |  8 -1.46731  7.61325e+01 |  9 -5.89472  8.17140e+01
 10 -1.42173  2.68204e+01 | 11 -0.46927  9.13047e+01 | 12 -1.52730  3.56434e+01
 13 -1.28297  9.26710e+01 | 14  0.04741  4.45412e+01 | 15 -2.57172  4.21689e+01
 16 -1.33465 -3.20160e+01 | 17 -1.97247 -6.35225e+01 | 18 -2.96588 -9.78621e+01
 19 -1.36492 -1.32567e+02 | 20 -3.47902 -1.90175e+02 | 21 -1.13582 -9.04412e+01
 22 -0.44168 -2.47017e+02 | 23  2.10342  7.63133e+01 | 24 -0.43414  5.66077e+01
 25 -0.81939  2.08628e-02 |
Function minimizer not making progress ... is minimum attained?
Minimprove criterion = 0.0000e+00

 - final statistics:
25 variables; iteration 10; function evaluation 54
Function value 9.0395e+04; maximum gradient component mag -2.2677e+04
Exit code = 1;  converg criter 1.0000e+01
Var    Value     Gradient |Var    Value     Gradient |Var    Value     Gradient
  1 -0.03731 -2.26766e+04 |  2 -1.12031 -1.21562e+01 |  3 -0.05410  1.11470e+02
  4  5.16086  2.59166e+02 |  5  0.20463  1.51965e+02 |  6  3.26969  1.77159e+02
  7 -0.94074  9.07494e+01 |  8 -1.46731  7.61325e+01 |  9 -5.89472  8.17140e+01
 10 -1.42173  2.68204e+01 | 11 -0.46927  9.13047e+01 | 12 -1.52730  3.56434e+01
 13 -1.28297  9.26710e+01 | 14  0.04741  4.45412e+01 | 15 -2.57172  4.21689e+01
 16 -1.33465 -3.20160e+01 | 17 -1.97247 -6.35225e+01 | 18 -2.96588 -9.78621e+01
 19 -1.36492 -1.32567e+02 | 20 -3.47902 -1.90175e+02 | 21 -1.13582 -9.04412e+01
 22 -0.44168 -2.47017e+02 | 23  2.10342  7.63133e+01 | 24 -0.43414  5.66077e+01
 25 -0.81939  2.08628e-02 |

Initial statistics: 33 variables; iteration 0; function evaluation 0; phase 2
Function value 9.0393595e+04; maximum gradient component mag -6.1441e+04
Var    Value     Gradient |Var    Value     Gradient |Var    Value     Gradient
  1 -0.03731 -6.14406e+04 |  2  0.00000 -5.06140e+02 |  3  0.00000 -6.69336e+02
  4  0.00000 -7.52860e+02 |  5  0.00000 -8.89264e+02 |  6  0.00000 -1.28530e+03
  7  0.00000 -1.53683e+03 |  8  0.00000 -1.51367e+03 |  9  0.00000 -1.75686e+03
 10 -0.87969 -5.35587e+02 | 11 -0.05410  2.81134e+02 | 12  0.83914  7.51587e+01
 13  0.20463  2.99164e+02 | 14 -0.73031  1.05658e+02 | 15 -0.94074  2.70040e+01
 16 -0.53269  2.07919e+02 | 17 -0.10528  3.55432e+02 | 18 -0.57827  2.09257e+02
 19 -0.46927  2.44165e+02 | 20 -0.47270  2.96968e+02 | 21 -0.71703  1.92386e+02
 22  0.04741  4.24285e+02 | 23  0.57172  2.22230e+02 | 24 -0.66535  2.07208e+02
 25 -0.02753  3.90405e+02 | 26  0.96588  1.78494e+01 | 27 -0.63508  1.82332e+02
 28  0.52098  2.88473e+02 | 29 -0.86418  8.81787e+01 | 30 -0.44168  2.72001e+02
 31 -0.10342  1.83613e+02 | 32 -0.43414  5.72158e+01 | 33 -0.81939  2.11969e-02

Intermediate statistics: 33 variables; iteration 20; function evaluation 30; phase 2
Function value 8.6845876e+04; maximum gradient component mag 2.5387e+05
Var    Value     Gradient |Var    Value     Gradient |Var    Value     Gradient
  1 -0.05039  2.53870e+05 |  2  0.20774  2.03507e+03 |  3  0.08655  1.10519e+03
  4  0.16408  2.77208e+03 |  5  0.09562  2.21757e+03 |  6  0.15097  4.21251e+03
  7  0.18801  7.39446e+03 |  8  0.10059  5.12630e+03 |  9  0.11708  6.91211e+03
 10 -0.64933 -3.38101e+03 | 11 -1.37079 -1.77092e+02 | 12 -1.32682 -1.80619e+02
 13 -1.15105 -1.01744e+02 | 14 -1.14855 -7.13134e+01 | 15 -1.03096 -1.65119e+01
 16 -1.20493 -1.15096e+02 | 17 -1.17727 -1.20364e+02 | 18 -1.16623 -1.05695e+02
 19 -1.22473 -1.30734e+02 | 20 -1.21905 -1.55537e+02 | 21 -1.14983 -1.22477e+02
 22 -1.07817 -6.51687e+01 | 23 -1.32591 -2.23537e+02 | 24 -1.16304 -1.27698e+02
 25 -1.14477 -1.12482e+02 | 26 -0.56203  2.92911e+02 | 27 -1.17098 -1.01077e+02
 28 -1.05195 -3.83372e+01 | 29 -1.07637 -5.57495e+01 | 30 -1.21270 -1.34058e+02
 31 -1.37731 -1.21659e+02 | 32 -1.43045 -5.18337e+01 | 33 -0.82154  2.37020e-02
33 variables; iteration 40; function evaluation 64; phase 2
Function value 8.6392170e+04; maximum gradient component mag 5.9132e+04
Var    Value     Gradient |Var    Value     Gradient |Var    Value     Gradient
  1 -0.05565  5.91317e+04 |  2  0.26007  3.00430e+02 |  3  0.26647  4.74174e+02
  4  0.20848  5.47155e+02 |  5  0.18779  6.99010e+02 |  6  0.22504  1.10830e+03
  7  0.20728  1.43769e+03 |  8  0.13585  1.29159e+03 |  9  0.15591  1.73749e+03
 10 -0.50635 -8.43127e+02 | 11 -0.98648  6.70670e+00 | 12 -0.97520  1.40512e+01
 13 -0.98892  7.44188e+00 | 14 -0.98445  7.33933e+00 | 15 -1.00331 -1.72452e+00
 16 -0.99408  3.31785e+00 | 17 -1.00373 -2.53962e+00 | 18 -1.00230 -1.46265e+00
 19 -0.99591  2.38151e+00 | 20 -0.99781  1.56707e+00 | 21 -1.00037 -2.99011e-01
 22 -1.01090 -9.04646e+00 | 23 -0.97133  2.04331e+01 | 24 -0.99330  5.28219e+00
 25 -1.00863 -6.76905e+00 | 26 -1.00642 -4.71377e+00 | 27 -1.00498 -2.92672e+00
 28 -0.99331  4.87551e+00 | 29 -0.99591  2.96315e+00 | 30 -0.99978  1.37368e-01
 31 -0.98880  3.78838e+00 | 32 -0.97959  2.55362e+00 | 33 -1.00706 -8.92090e-04
33 variables; iteration 60; function evaluation 86; phase 2
Function value 8.6354085e+04; maximum gradient component mag -9.0717e+02
Var    Value     Gradient |Var    Value     Gradient |Var    Value     Gradient
  1 -0.05935 -9.07174e+02 |  2  0.35299 -2.18341e+01 |  3  0.33759 -1.85083e+01
  4  0.18710  1.53257e+01 |  5  0.12131  1.28819e+01 |  6  0.26168 -7.76653e+01
  7  0.22095 -4.86755e+01 |  8  0.15792  5.13923e+01 |  9  0.13694 -1.38627e+02
 10 -0.55584  4.96877e+01 | 11 -1.00064 -3.09808e-01 | 12 -1.00382 -2.11207e+00
 13 -0.99995  1.69595e-02 | 14 -1.00428 -1.95878e+00 | 15 -1.00198 -1.00370e+00
 16 -0.99954  2.47024e-01 | 17 -1.00045 -2.99939e-01 | 18 -0.99734  1.65363e+00
 19 -0.99973  1.48942e-01 | 20 -0.99896  7.24992e-01 | 21 -0.99856  1.15881e+00
 22 -0.99888  9.14446e-01 | 23 -1.00216 -1.50582e+00 | 24 -1.00079 -6.12569e-01
 25 -0.99648  2.70959e+00 | 26 -0.99900  7.23539e-01 | 27 -0.99823  1.01818e+00
 28 -1.00360 -2.57644e+00 | 29 -0.99949  3.59058e-01 | 30 -0.99823  1.11513e+00
 31 -0.99896  3.45049e-01 | 32 -1.00346 -4.20362e-01 | 33 -1.97372 -7.62441e-02
Maximum number of function evaluations exceeded

 - final statistics:
33 variables; iteration 75; function evaluation 100
Function value 8.6347e+04; maximum gradient component mag 1.1185e+03
Exit code = 3;  converg criter 1.0000e+01
Var    Value     Gradient |Var    Value     Gradient |Var    Value     Gradient
  1 -0.06125  1.11853e+03 |  2  0.36133  1.67900e+01 |  3  0.36431  1.91692e+01
  4  0.11003  7.88925e+00 |  5  0.06104  7.16083e+00 |  6  0.29287  3.08401e+01
  7  0.23709  3.45717e+01 |  8  0.11737  1.91021e+01 |  9  0.18675  3.21110e+01
 10 -0.57041 -2.77082e+01 | 11 -0.99992  3.00583e-02 | 12 -0.99884  6.39885e-01
 13 -1.00006 -2.63677e-02 | 14 -0.99896  4.75878e-01 | 15 -0.99975  1.24595e-01
 16 -1.00016 -7.93246e-02 | 17 -1.00036 -2.37657e-01 | 18 -1.00058 -3.55933e-01
 19 -1.00043 -2.42378e-01 | 20 -1.00047 -3.24982e-01 | 21 -1.00029 -2.27216e-01
 22 -1.00062 -5.02599e-01 | 23 -0.99971  1.99587e-01 | 24 -0.99982  1.36763e-01
 25 -1.00109 -8.43224e-01 | 26 -0.99956  3.17441e-01 | 27 -1.00065 -3.71463e-01
 28 -0.99968  2.28247e-01 | 29 -1.00007 -3.56480e-02 | 30 -1.00043 -2.68661e-01
 31 -1.00070 -2.32039e-01 | 32 -0.99903  1.16977e-01 | 33 -0.97525  3.52156e-03

Initial statistics: 100 variables; iteration 0; function evaluation 0; phase 3
Function value 8.6346551e+04; maximum gradient component mag -1.0662e+04
Var    Value     Gradient |Var    Value     Gradient |Var    Value     Gradient
  1 -0.06125  1.11853e+03 |  2  0.36133  1.67900e+01 |  3  0.36431  1.91692e+01
  4  0.11003  7.88925e+00 |  5  0.06104  7.16083e+00 |  6  0.29287  3.08401e+01
  7  0.23709  3.45717e+01 |  8  0.11737  1.91021e+01 |  9  0.18675  3.21110e+01
 10  0.00000 -1.51922e+03 | 11  0.00000 -2.38049e+03 | 12  0.00000 -1.32094e+03
 13  0.00000 -1.16425e+03 | 14  0.00000 -9.54493e+02 | 15  0.00000 -1.05432e+03
 16  0.00000 -2.90010e+03 | 17  0.00000 -1.55003e+03 | 18  0.00000 -1.05045e+03
 19  0.00000 -1.11205e+03 | 20  0.00000 -9.80766e+02 | 21  0.00000 -2.70921e+02
 22  0.00000 -1.37881e+03 | 23  0.00000 -5.81096e+02 | 24  0.00000  1.59234e+03
 25  0.00000 -5.96753e+02 | 26  0.00000 -2.14652e+03 | 27  0.00000  1.65937e+03
 28  0.00000 -3.78015e+02 | 29  0.00000 -1.08353e+03 | 30  0.00000  4.00579e+03
 31  0.00000  2.35460e+03 | 32  0.00000  1.40714e+03 | 33  0.00000  6.97740e+03
 34  0.00000  4.29668e+03 | 35  0.00000  2.95309e+03 | 36  0.00000  8.83998e+03
 37  0.00000  5.65275e+03 | 38  0.00000  2.80253e+03 | 39  0.00000  9.51583e+03
 40  0.00000  6.34827e+03 | 41  0.00000  2.44062e+03 | 42  0.00000  9.75042e+03
 43  0.00000  8.58166e+03 | 44  0.00000  4.18095e+02 | 45  0.00000  6.07096e+03
 46  0.00000  1.22536e+03 | 47  0.00000  1.50795e+03 | 48  0.00000  1.91279e+03
 49  0.00000 -5.65805e+03 | 50  0.00000 -1.21002e+03 | 51  0.00000 -1.87455e+03
 52  0.00000 -2.99064e+03 | 53  0.00000 -6.61999e+02 | 54  0.00000 -5.29223e+03
 55  0.00000 -3.47552e+03 | 56  0.00000  7.95795e+02 | 57  0.00000  9.39700e+02
 58  0.00000 -7.30460e+03 | 59  0.00000 -2.86247e+02 | 60  0.00000 -1.96491e+03
 61  0.00000 -1.54137e+03 | 62  0.00000 -4.64359e+03 | 63  0.00000 -6.40774e+03
 64  0.00000  4.50237e+02 | 65  0.00000 -1.53080e+03 | 66  0.00000 -4.27858e+03
 67  0.00000 -3.46217e+03 | 68  0.00000 -1.65696e+03 | 69  0.00000 -1.97472e+03
 70  0.00000 -2.06507e+03 | 71  0.00000 -1.06618e+04 | 72  0.00000  4.24453e+02
 73  0.00000  6.70330e+02 | 74  0.00000 -3.00911e+02 | 75  0.00000 -1.81687e+03
 76  0.00000 -1.12070e+02 | 77 -0.57041 -2.77082e+01 | 78 -0.99992  3.00583e-02
 79 -0.99884  6.39885e-01 | 80 -0.99994  2.63677e-02 | 81 -0.99896  4.75878e-01
 82 -0.99975  1.24595e-01 | 83 -0.99984  7.93246e-02 | 84 -0.99964  2.37657e-01
 85 -0.99942  3.55933e-01 | 86 -0.99957  2.42378e-01 | 87 -0.99953  3.24982e-01
 88 -0.99971  2.27216e-01 | 89 -0.99938  5.02599e-01 | 90 -0.99971  1.99587e-01
 91 -0.99982  1.36763e-01 | 92 -0.99891  8.43224e-01 | 93 -0.99956  3.17441e-01
 94 -0.99935  3.71463e-01 | 95 -0.99968  2.28247e-01 | 96 -0.99993  3.56480e-02
 97 -0.99957  2.68661e-01 | 98 -0.99930  2.32039e-01 | 99 -0.99903  1.16977e-01
100 -0.97525  3.52156e-03 |

Intermediate statistics: 100 variables; iteration 20; function evaluation 30; phase 3
Function value 6.9969601e+04; maximum gradient component mag 2.9781e+03
Var    Value     Gradient |Var    Value     Gradient |Var    Value     Gradient
  1 -0.16988  9.07830e+02 |  2  0.51044 -2.54130e+01 |  3  0.58456 -4.12680e+01
  4  0.15363  1.07559e+01 |  5  0.09848  1.23272e+01 |  6  0.55980  6.77240e+01
  7  0.48240  8.63669e+01 |  8  0.29300  2.48310e+01 |  9  0.44394  1.26351e+02
 10  0.06776 -7.26790e+01 | 11  0.59844  2.03495e+02 | 12 -0.03385  3.41252e+00
 13  0.07423 -1.46055e+02 | 14 -0.05996 -3.07291e+01 | 15 -0.05161  1.88332e+01
 16  0.65157  4.52519e+02 | 17  0.24397  8.17751e+01 | 18  0.14251  4.11427e+01
 19  0.25673  5.54420e+01 | 20  0.34884  2.05216e+02 | 21  0.24796  1.95979e+02
 22  0.38912  1.37793e+02 | 23  0.11256 -1.39236e+01 | 24  0.36306  4.62059e+02
 25  0.30534 -2.04875e+02 | 26 -0.02911 -3.92877e+02 | 27  0.07255 -1.03289e+02
 28  0.26191 -4.27062e+02 | 29 -0.00204 -5.90091e+02 | 30  0.13559 -1.23742e+02
 31 -0.14837 -7.34766e+01 | 32 -0.17560 -7.19310e+02 | 33  0.35927  3.48092e+01
 34  0.22259 -3.18318e+02 | 35  0.15910 -4.13922e+02 | 36  0.07117 -2.47677e+01
 37  0.10111  1.87787e+03 | 38 -0.23378  8.07723e+02 | 39 -0.69665  6.16403e+01
 40 -0.60639  8.49129e+02 | 41 -0.60082  2.56080e+03 | 42 -0.48516  5.87203e+02
 43 -0.54473 -3.72325e+02 | 44 -0.07548  2.97806e+03 | 45 -0.15137 -2.19626e+02
 46 -0.09034 -5.24905e+02 | 47 -0.05241  1.96780e+03 | 48 -0.11846 -5.38737e+02
 49  0.13201 -7.21975e+01 | 50  0.03042  1.16560e+03 | 51 -0.02749 -4.67360e+02
 52 -0.02215 -3.37952e+02 | 53 -0.00732  1.34093e+03 | 54  0.06616 -5.08573e+02
 55 -0.04664 -1.34092e+03 | 56 -0.08324  1.02042e+03 | 57 -0.13226  2.24740e-01
 58  0.01061 -2.48020e+03 | 59 -0.07598  5.49418e+02 | 60 -0.05894 -4.54971e+02
 61 -0.06475 -1.17704e+03 | 62  0.04521  2.33337e+02 | 63  0.04519 -8.70754e+02
 64 -0.10838 -4.01657e+02 | 65 -0.06175 -4.68529e+02 | 66 -0.01169 -3.06372e+02
 67 -0.00787 -8.78937e+01 | 68 -0.10132 -1.26214e+03 | 69 -0.03125 -1.83325e+02
 70  0.00232  2.44847e+02 | 71  0.10727 -2.16875e+03 | 72 -0.12163 -1.74121e+02
 73 -0.11865  1.37690e+02 | 74 -0.15672 -8.96834e+02 | 75 -0.07418 -2.54295e+02
 76 -0.15672 -1.30513e+02 | 77 -0.58471 -8.91442e+01 | 78 -0.99994  8.57268e-03
 79 -0.99938  3.01162e-01 | 80 -0.99996  7.05828e-03 | 81 -0.99947  2.58733e-01
 82 -0.99985  6.22168e-02 | 83 -0.99991  3.44374e-02 | 84 -0.99984  8.78282e-02
 85 -0.99971  1.48482e-01 | 86 -0.99977  1.05386e-01 | 87 -0.99978  1.19365e-01
 88 -0.99989  6.87382e-02 | 89 -0.99981  1.45596e-01 | 90 -0.99988  7.14341e-02
 91 -0.99992  3.95482e-02 | 92 -0.99958  2.83891e-01 | 93 -0.99980  1.18157e-01
 94 -0.99967  1.65204e-01 | 95 -0.99984  8.54845e-02 | 96 -0.99996  8.78691e-03
 97 -0.99985  1.00546e-01 | 98 -0.99962  1.68993e-01 | 99 -0.99920  1.22810e-01
100 -0.97525  1.40333e-03 |
100 variables; iteration 40; function evaluation 52; phase 3
Function value 6.9784348e+04; maximum gradient component mag 5.9064e+03
Var    Value     Gradient |Var    Value     Gradient |Var    Value     Gradient
  1 -0.17682  5.90636e+03 |  2  1.18335  4.43151e+01 |  3  1.59975  4.32786e+01
  4  0.12162 -1.66767e+01 |  5  0.06704  5.60751e+00 |  6  0.73824  1.69584e+02
  7  0.47304  5.87474e+01 |  8  0.27789 -7.85232e+00 |  9  0.49083  1.42293e+02
 10 -0.34141 -6.93463e+01 | 11  0.59554  9.91545e+01 | 12 -0.65680 -6.00488e+01
 13  0.11381 -1.81133e+02 | 14 -0.30264 -7.31274e+01 | 15 -0.19967 -4.55128e+01
 16  0.62702  3.31610e+02 | 17  0.25494  7.65629e+01 | 18  0.17012  6.51955e+01
 19  0.25974  7.00065e+01 | 20  0.34311  2.00386e+02 | 21  0.21904  1.37951e+02
 22  0.40062  2.75016e+02 | 23  0.11610 -8.03642e+00 | 24  0.36091  5.29151e+02
 25  0.31745 -1.34298e+02 | 26 -0.06268 -3.59768e+02 | 27  0.07530 -1.04575e+02
 28  0.25266 -1.75236e+02 | 29  0.19690 -4.43961e+02 | 30  0.21454  2.12742e+02
 31 -0.18058 -6.66871e+01 | 32 -0.13376 -7.50655e+02 | 33  0.37368  6.29051e+02
 34  0.26984  8.39182e+01 | 35  0.13755 -3.14072e+02 | 36  0.08313  4.72977e+01
 37  0.15753  2.18946e+03 | 38 -0.19209  7.20955e+02 | 39 -0.78541 -3.34894e+01
 40 -0.59524  5.86114e+02 | 41 -0.59263  2.83356e+03 | 42 -0.47383  6.25702e+02
 43 -0.59067 -5.54952e+02 | 44 -0.06785  3.24737e+03 | 45 -0.13464 -1.97839e+02
 46 -0.05889 -5.19281e+02 | 47 -0.03390  2.19733e+03 | 48 -0.09674 -5.92499e+02
 49  0.16993  2.83256e+02 | 50  0.06202  1.19054e+03 | 51  0.01682 -2.75935e+02
 52  0.00848  7.47098e+01 | 53 -0.00187  6.73380e+02 | 54  0.09743 -4.74047e+02
 55 -0.01353 -1.10927e+03 | 56 -0.05459  8.58570e+02 | 57 -0.11629 -3.54255e+02
 58  0.04472 -2.18126e+03 | 59 -0.04222  4.99356e+02 | 60 -0.03466 -8.24835e+02
 61 -0.03073 -9.50743e+02 | 62  0.06938 -3.47576e+02 | 63  0.09094 -2.96827e+02
 64 -0.07360 -4.34022e+02 | 65 -0.02553 -4.37557e+02 | 66  0.01692 -3.13498e+02
 67  0.02824 -1.75045e+01 | 68 -0.07547 -1.51095e+03 | 69 -0.00439 -3.36396e+02
 70  0.02866 -2.03077e+00 | 71  0.14200 -2.11978e+03 | 72 -0.08854 -1.92605e+02
 73 -0.09563 -2.21814e+02 | 74 -0.12043 -6.19903e+02 | 75 -0.03657 -1.97848e+02
 76 -0.12107 -1.64936e+02 | 77 -0.41228  6.02480e+01 | 78 -0.99992  2.04527e-02
 79 -0.99865  6.72082e-01 | 80 -0.99995  1.19556e-02 | 81 -1.02042 -1.00763e+01
 82 -0.99981  8.62923e-02 | 83 -0.99985  6.58557e-02 | 84 -1.00163 -9.46501e-01
 85 -0.99897  5.29948e-01 | 86 -0.99954  2.12776e-01 | 87 -0.99937  3.44356e-01
 88 -0.99639  2.54823e+00 | 89 -0.99987  9.51985e-02 | 90 -0.99446  3.59565e+00
 91 -0.99963  2.46570e-01 | 92 -0.99933  4.59199e-01 | 93 -0.99944  3.41555e-01
 94 -1.00060 -3.02551e-01 | 95 -0.99964  2.13614e-01 | 96 -0.99995  1.56109e-02
 97 -0.99513  3.40860e+00 | 98 -0.99833  7.42033e-01 | 99 -1.00003  2.54702e-02
100 -0.97527  1.94095e-03 |
100 variables; iteration 60; function evaluation 76; phase 3
Function value 6.9723468e+04; maximum gradient component mag -3.3873e+03
Var    Value     Gradient |Var    Value     Gradient |Var    Value     Gradient
  1 -0.17706 -3.38735e+03 |  2  1.34281  5.24960e+01 |  3  2.21480  4.33354e+01
  4  0.53288  1.61835e+01 |  5  0.05311  8.40480e+00 |  6  0.51312 -7.57597e+00
  7  0.50668  6.52835e+01 |  8  0.30992  3.34560e+01 |  9  0.48498  9.86034e+01
 10 -0.83191  6.39802e+00 | 11  0.64367  2.72209e+02 | 12 -0.96949  1.01509e+00
 13  0.19920  3.93275e+01 | 14 -0.49843  4.00614e+01 | 15 -0.16421  1.13564e+02
 16  0.67676  4.07161e+02 | 17  0.24898  1.79690e+02 | 18  0.09125  1.24441e+02
 19  0.26043  1.31688e+02 | 20  0.34723  1.98351e+02 | 21  0.19432  1.71529e+02
 22  0.39219  6.75304e+01 | 23  0.04682  6.44529e+01 | 24  0.35499  3.30260e+02
 25  0.25603 -1.01585e+02 | 26  0.21927 -3.07554e+02 | 27  0.07251  3.58681e+01
 28  0.20773 -4.02291e+02 | 29  0.17952 -5.70068e+02 | 30  0.21518  7.90434e+01
 31 -0.14465  7.51206e+01 | 32 -0.11955 -6.17912e+02 | 33  0.38780 -9.72838e+01
 34  0.27435 -3.69837e+02 | 35  0.04437 -3.71670e+02 | 36  0.15316  1.64541e+02
 37  0.18907  2.12602e+03 | 38 -0.17127  6.73218e+02 | 39 -0.78729  1.49765e+00
 40 -0.58957  5.75619e+02 | 41 -0.60788  2.56227e+03 | 42 -0.47587  6.32956e+02
 43 -0.61091 -5.10140e+02 | 44 -0.05246  3.26788e+03 | 45 -0.12482 -1.56977e+02
 46 -0.03659 -2.96287e+02 | 47 -0.02273  2.24970e+03 | 48 -0.07433 -4.07928e+02
 49  0.19403  7.41306e+02 | 50  0.07171  1.15521e+03 | 51  0.03564 -1.17269e+02
 52  0.02662  3.84343e+02 | 53  0.02162  9.26963e+02 | 54  0.11845 -2.00819e+02
 55 -0.00139 -1.07321e+03 | 56 -0.04856  7.15391e+02 | 57 -0.10250 -1.72993e+02
 58  0.06020 -2.17108e+03 | 59 -0.02136  7.09810e+02 | 60 -0.01354 -6.49912e+02
 61 -0.01018 -7.78428e+02 | 62  0.09566  9.79419e+01 | 63  0.11389 -3.61984e+01
 64 -0.05405 -2.93851e+02 | 65 -0.00346 -1.21062e+02 | 66  0.03856 -1.91724e+01
 67  0.05578  4.26282e+02 | 68 -0.05033 -1.27911e+03 | 69  0.01371 -2.50223e+02
 70  0.04884  2.47761e+02 | 71  0.16060 -2.06670e+03 | 72 -0.07912 -2.11703e+02
 73 -0.08175 -1.69509e+02 | 74 -0.10653 -5.38255e+02 | 75 -0.01159  1.21438e+02
 76 -0.10238 -4.33572e+01 | 77 -0.62231 -1.26301e+02 | 78 -0.99995  1.19485e-03
 79 -1.00183 -9.24629e-01 | 80 -0.99996  1.26957e-03 | 81 -1.00483 -2.40852e+00
 82 -0.99992  2.43722e-02 | 83 -0.99994  1.46331e-02 | 84 -0.99988  6.02648e-02
 85 -1.00044 -2.21594e-01 | 86 -0.99965  1.61071e-01 | 87 -0.99964  1.92852e-01
 88 -1.00155 -1.08087e+00 | 89 -0.99949  4.00065e-01 | 90 -0.99843  1.00749e+00
 91 -1.00022 -1.40482e-01 | 92 -0.99993  3.71859e-02 | 93 -0.99977  1.40702e-01
 94 -0.99936  3.28700e-01 | 95 -0.99979  1.24104e-01 | 96 -0.99996  2.10342e-03
 97 -0.99864  9.56871e-01 | 98 -1.00047 -2.09364e-01 | 99 -0.99755  3.75227e-01
100 -0.97532  2.26516e-03 |
Maximum number of function evaluations exceeded

 - final statistics:
100 variables; iteration 79; function evaluation 100
Function value 6.8881e+04; maximum gradient component mag -2.5988e+04
Exit code = 3;  converg criter 1.0000e+00
Var    Value     Gradient |Var    Value     Gradient |Var    Value     Gradient
  1 -0.13125 -2.59876e+04 |  2  1.65805  8.17783e+01 |  3  2.49263  6.79426e+01
  4  0.55149  1.01711e+02 |  5 -0.04277 -1.05926e+01 |  6  0.32840 -1.37526e+02
  7  0.35873 -1.17970e+02 |  8  0.16542 -7.26565e+01 |  9  0.32907 -1.74687e+02
 10 -0.54235  1.02949e+02 | 11  0.41128 -3.99778e+02 | 12 -0.28031  1.84244e+02
 13  0.03434  2.39923e+01 | 14 -0.99355  1.30113e+00 | 15 -0.16804  2.21301e+02
 16  0.41397 -1.03328e+03 | 17  0.06765  8.17260e+01 | 18  0.10147  1.81144e+02
 19  0.19607  8.94412e+01 | 20  0.18710 -1.61566e+02 | 21  0.02378  8.30362e+01
 22  0.26680 -3.55944e+02 | 23  0.10886  1.14722e+02 | 24  0.21369 -1.05663e+02
 25  0.18842 -3.60768e+02 | 26  0.12617 -4.70849e+02 | 27  0.08444  4.44650e+00
 28  0.16360 -6.29723e+02 | 29  0.14888 -8.73071e+02 | 30  0.11773 -2.27981e+02
 31 -0.08601  8.67812e+01 | 32 -0.22698 -4.95771e+02 | 33  0.23211 -7.93192e+02
 34  0.21879 -6.86707e+02 | 35  0.15744 -4.94977e+02 | 36  0.02600  1.49548e+01
 37  0.05916  8.44784e+02 | 38 -0.25227  1.82604e+02 | 39 -0.55905  4.52505e+02
 40 -0.60730  7.66507e+02 | 41 -0.67483  1.03823e+03 | 42 -0.51037  5.95468e+02
 43 -0.45571  2.37171e+01 | 44 -0.01827  1.70285e+03 | 45 -0.04121  9.09312e+02
 46 -0.00896 -2.50742e+02 | 47 -0.02159  1.41869e+03 | 48  0.00665  7.19273e+02
 49  0.21312 -4.36106e+02 | 50  0.09855  9.36055e+02 | 51  0.07168  5.10417e+02
 52  0.01142 -6.30689e+02 | 53  0.03693  6.60932e+02 | 54  0.14968  1.90690e+02
 55  0.05151 -4.08733e+02 | 56 -0.01630  4.57208e+02 | 57 -0.06972  1.58439e+02
 58  0.11239 -7.20084e+02 | 59  0.00411  1.50511e+01 | 60  0.05429  1.88580e+02
 61  0.03807  1.31671e+02 | 62  0.13265 -2.30397e+02 | 63  0.14215 -4.73216e+02
 64 -0.00768  2.36047e+02 | 65  0.01321 -2.76947e+02 | 66  0.05277 -5.57439e+02
 67  0.07788 -2.94703e+02 | 68  0.02780  1.40092e+02 | 69  0.06201  1.39579e+02
 70  0.09082  1.96438e+02 | 71  0.21819 -8.60388e+02 | 72 -0.01718  3.27949e+02
 73 -0.03615  1.60220e+02 | 74 -0.08477 -3.04086e+02 | 75  0.01385 -1.13902e+02
 76 -0.07036  1.58383e+01 | 77 -0.72253 -3.46547e+02 | 78 -0.98950  4.39848e+00
 79 -1.01511 -7.22314e+00 | 80 -1.00047 -2.73926e-01 | 81 -1.06625 -3.23217e+01
 82 -0.99899  4.40906e-01 | 83 -1.01980 -9.42359e+00 | 84 -1.01406 -8.19082e+00
 85 -0.99666  1.71121e+00 | 86 -0.99944  2.61153e-01 | 87 -0.99850  8.59488e-01
 88 -0.98928  7.83985e+00 | 89 -0.98300  1.36553e+01 | 90 -0.98348  1.07655e+01
 91 -1.00343 -2.34158e+00 | 92 -1.00600 -4.03852e+00 | 93 -0.99572  2.53669e+00
 94 -1.00320 -1.56475e+00 | 95 -0.99976  1.32213e-01 | 96 -1.00173 -1.13661e+00
 97 -1.03993 -2.75154e+01 | 98 -0.99845  6.86730e-01 | 99 -1.03676 -5.69248e+00
100 -0.97921  2.76648e-03 |

Initial statistics: 118 variables; iteration 0; function evaluation 0; phase 4
Function value 6.8876226e+04; maximum gradient component mag -1.9638e+05
Var    Value     Gradient |Var    Value     Gradient |Var    Value     Gradient
  1 -0.13125 -2.65218e+04 |  2  0.34195 -8.22134e+01 |  3 -0.49263 -6.79438e+01
  4  0.55149  9.97330e+01 |  5 -0.04277 -1.06548e+01 |  6  0.32840 -1.38671e+02
  7  0.35873 -1.19707e+02 |  8  0.16542 -7.32949e+01 |  9  0.32907 -1.76974e+02
 10 -0.54649  7.28640e+01 | 11  0.40789 -4.43317e+02 | 12 -0.28331  1.43303e+02
 13  0.03162 -2.14243e+01 | 14 -0.98727  1.68184e+00 | 15 -0.17085  1.77594e+02
 16  0.41057 -1.08801e+03 | 17  0.06492  3.53728e+01 | 18  0.09872  1.34218e+02
 19  0.19323  4.02359e+01 | 20  0.18427 -2.12029e+02 | 21  0.02107  3.57490e+01
 22  0.26383 -4.13445e+02 | 23  0.10611  6.48989e+01 | 24  0.21082 -1.62005e+02
 25  0.18559 -4.17524e+02 | 26  0.12341 -5.24875e+02 | 27  0.08170 -4.80805e+01
 28  0.16080 -6.90233e+02 | 29  0.14609 -9.34959e+02 | 30  0.11497 -2.88042e+02
 31 -0.08875  3.90232e+01 | 32 -0.22987 -5.37946e+02 | 33  0.22921 -8.67172e+02
 34  0.21591 -7.59258e+02 | 35  0.15464 -5.57248e+02 | 36  0.02328 -3.85361e+01
 37  0.05644  7.88014e+02 | 38 -0.25521  1.37959e+02 | 39 -0.56331  4.19040e+02
 40 -0.61201  7.29554e+02 | 41 -0.68042  9.96430e+02 | 42 -0.51429  5.58129e+02
 43 -0.45931 -1.11219e+01 | 44 -0.02098  1.64455e+03 | 45 -0.04393  8.61039e+02
 46 -0.01168 -2.96202e+02 | 47 -0.02430  1.36766e+03 | 48  0.00394  6.73374e+02
 49  0.21025 -4.78476e+02 | 50  0.09580  8.90645e+02 | 51  0.06895  4.66779e+02
 52  0.00871 -6.75020e+02 | 53  0.03421  6.16180e+02 | 54  0.14689  1.48628e+02
 55  0.04879 -4.52286e+02 | 56 -0.01902  4.13117e+02 | 57 -0.07245  1.14432e+02
 58  0.10963 -7.62893e+02 | 59  0.00140 -2.84140e+01 | 60  0.05157  1.45969e+02
 61  0.03535  8.78055e+01 | 62  0.12988 -2.72247e+02 | 63  0.13937 -5.14829e+02
 64 -0.01040  1.92292e+02 | 65  0.01050 -3.20312e+02 | 66  0.05005 -6.00591e+02
 67  0.07515 -3.37130e+02 | 68  0.02509  9.72285e+01 | 69  0.05928  9.64633e+01
 70  0.08808  1.53629e+02 | 71  0.21531 -9.00969e+02 | 72 -0.01989  2.84016e+02
 73 -0.03887  1.16400e+02 | 74 -0.08750 -3.47812e+02 | 75  0.01114 -1.57453e+02
 76 -0.07309 -2.83376e+01 | 77 -0.72253 -3.45692e+02 | 78 -0.98950  4.39750e+00
 79 -0.98489  7.22121e+00 | 80 -0.99953  2.73850e-01 | 81 -0.93375  3.23146e+01
 82 -0.99899  4.40780e-01 | 83 -0.98020  9.42085e+00 | 84 -0.98594  8.18850e+00
 85 -0.99666  1.71069e+00 | 86 -0.99944  2.61069e-01 | 87 -0.99850  8.59198e-01
 88 -0.98928  7.83780e+00 | 89 -0.98300  1.36526e+01 | 90 -0.98348  1.07632e+01
 91 -0.99657  2.34106e+00 | 92 -0.99400  4.03759e+00 | 93 -0.99572  2.53602e+00
 94 -0.99680  1.56437e+00 | 95 -0.99976  1.32175e-01 | 96 -0.99827  1.13636e+00
 97 -0.96007  2.75108e+01 | 98 -0.99845  6.86653e-01 | 99 -0.96324  5.69135e+00
100 -0.97921  2.76521e-03 |101  0.24186 -4.76329e+04 |102  0.18288 -1.96385e+05
103  0.16086  3.04179e+04 |104  0.02547 -1.21681e+05 |105 -0.18256 -2.94625e+04
106 -0.12819 -1.52238e+04 |107 -0.18256 -5.91984e+03 |108  0.02547  8.85656e+04
109  0.19397  2.79886e+02 |110  0.04247 -2.05669e+03 |111  0.17736 -1.63271e+03
112  0.16635  1.24695e+03 |113  0.02547 -3.46480e+04 |114 -0.12819 -1.26887e+04
115 -0.26198 -8.93930e+03 |116 -0.15617 -2.44712e+03 |117 -0.17499 -6.10224e+02
118 -0.18446 -1.99313e+02 |

Intermediate statistics: 118 variables; iteration 20; function evaluation 38; phase 4
Function value 4.5401047e+04; maximum gradient component mag -1.6586e+05
Var    Value     Gradient |Var    Value     Gradient |Var    Value     Gradient
  1 -0.15221 -1.65865e+05 |  2  0.38968 -1.92292e+02 |  3 -0.44823 -6.75505e+01
  4  0.45797 -2.38622e+02 |  5 -0.03688 -2.19573e+01 |  6  0.40203 -3.84519e+02
  7  0.34354 -1.87078e+02 |  8  0.18251 -4.31955e+01 |  9  0.34734 -1.63006e+02
 10 -0.53397  1.10925e+03 | 11  0.62487  7.77444e+02 | 12 -0.29442  1.53691e+03
 13  0.09435  1.67023e+03 | 14 -0.98652  3.45487e+01 | 15 -0.20276  1.63530e+03
 16  1.11776 -3.81552e+01 | 17  0.04745  1.71748e+03 | 18 -0.00688  1.64874e+03
 19  0.05420  1.47329e+03 | 20  0.23775  1.10923e+03 | 21  0.00906  1.57766e+03
 22  0.39026  4.19552e+02 | 23 -0.02842  1.57663e+03 | 24  0.00505  1.25203e+03
 25  0.20679  8.35067e+02 | 26  0.30685  2.34129e+01 | 27 -0.10201  1.53570e+03
 28  0.21423  1.78135e+02 | 29  0.29316 -1.50974e+03 | 30 -0.60867  9.39841e+02
 31 -0.05153  1.49606e+03 | 32  0.38113 -4.67942e+03 | 33  0.41663 -7.51523e+03
 34  0.19888 -1.69538e+03 | 35 -0.46497  1.11659e+03 | 36  0.30557 -6.55523e+03
 37 -0.33710  1.24836e+03 | 38 -0.72618  4.83618e+02 | 39 -0.83505  2.72541e+02
 40 -1.08399  7.08017e-02 | 41 -1.39960  1.29632e+03 | 42 -0.58762 -4.91318e+02
 43 -0.63116 -5.57874e+02 | 44  0.34070 -4.09535e+03 | 45 -0.99432  8.63355e+00
 46 -0.34108 -6.39623e+02 | 47 -0.64339 -5.14284e+02 | 48 -0.17757  1.19212e+03
 49  0.34347 -2.83775e+03 | 50  0.31711  1.46100e+03 | 51  0.49760  5.47189e+03
 52 -0.31870 -1.48809e+03 | 53  0.07577  1.16405e+03 | 54  0.23365  5.01658e+03
 55  0.10821  3.73164e+02 | 56  0.19956  3.15733e+03 | 57 -0.02425 -3.57787e+02
 58  0.36340  5.14037e+03 | 59  0.09324 -3.07116e+02 | 60  0.25459  5.11718e+02
 61  0.03118 -1.21766e+02 | 62  0.13795 -5.00061e+03 | 63  0.13885 -5.29349e+03
 64  0.18339  4.64326e+03 | 65  0.01027 -4.58948e+03 | 66 -0.02216 -7.36332e+03
 67  0.21989  3.35234e+03 | 68  0.10524 -8.16198e+02 | 69  0.12222 -2.99637e+03
 70  0.03579 -7.99801e+02 | 71  0.34674  1.49698e+03 | 72  0.02756  2.46031e+03
 73  0.22818  3.31336e+03 | 74 -0.04333 -1.92370e+03 | 75  0.73100  3.14511e+03
 76  0.34121  2.38803e+03 | 77 -0.46075 -3.35160e+01 | 78 -0.99041 -2.10411e+00
 79 -0.98590 -4.60105e+00 | 80 -0.99959 -6.93227e-02 | 81 -0.94512  4.41832e-01
 82 -0.99914  1.27619e-01 | 83 -0.98279 -2.59337e-01 | 84 -0.98920  2.14267e+00
 85 -0.99751  1.30316e-01 | 86 -0.99954  1.51657e-03 | 87 -0.99872  4.58495e-01
 88 -0.99124  3.25397e+00 | 89 -0.98792  1.32111e+00 | 90 -0.98829  5.26318e+00
 91 -0.99754  1.26757e+00 | 92 -0.99556  9.66578e-02 | 93 -0.99677  1.15127e-01
 94 -0.99735 -1.33202e-01 | 95 -0.99979 -3.83761e-02 | 96 -0.99845 -2.77360e-01
 97 -0.96657 -5.67642e+00 | 98 -0.99867 -5.99747e-02 | 99 -0.96499 -4.27689e-01
100 -0.97921 -4.18096e-05 |101  0.23213 -7.73606e+02 |102  0.22825  1.83386e+04
103  0.05995 -1.77050e+04 |104  0.09982  6.09356e+03 |105 -0.00068  1.38324e+04
106 -0.22902 -9.84208e+03 |107 -0.03626 -4.94480e+03 |108 -0.01597  1.64197e+05
109  0.35498  1.05033e+05 |110  0.04847  6.83864e+04 |111  0.19039  1.27935e+04
112 -1.09237  2.45929e-01 |113 -0.00608 -2.14134e+03 |114  0.40566  2.68725e+03
115 -1.00795 -1.04926e+01 |116  0.40591  1.13695e+03 |117 -0.06508  5.05455e+03
118 -0.19971  2.93685e+03 |
118 variables; iteration 40; function evaluation 61; phase 4
Function value 3.8009149e+04; maximum gradient component mag -8.1929e+04
Var    Value     Gradient |Var    Value     Gradient |Var    Value     Gradient
  1 -0.16482 -8.19286e+04 |  2  0.79752 -1.88487e+02 |  3 -0.12627 -3.58065e+01
  4 -0.83264 -3.41729e+01 |  5  0.00428 -3.16690e+01 |  6  0.94230 -1.17154e+02
  7 -0.31505 -7.92334e+01 |  8  0.13809  1.39042e+02 |  9  0.01638 -3.13172e+02
 10 -0.21243  1.15865e+03 | 11  0.89167 -1.68177e+02 | 12 -0.01325  1.41226e+03
 13  0.90627 -1.75204e+00 | 14 -0.97915  4.30074e+01 | 15 -0.00126  1.41757e+03
 16  1.71256  1.51139e+03 | 17 -0.08691  1.09291e+03 | 18 -0.56506  7.77521e+02
 19 -1.06859 -1.20206e+02 | 20  0.04456  7.66902e+02 | 21  0.09204  1.14876e+03
 22  0.38099  3.78875e+02 | 23 -0.49107  9.14475e+02 | 24 -0.61756  6.55258e+02
 25  0.50932  1.17124e+03 | 26  0.96736  8.68768e+01 | 27 -0.49499  9.57252e+02
 28  0.83405  4.77052e+02 | 29  0.99883  2.94220e+00 | 30 -2.24331 -1.34577e+03
 31  0.34949  1.50541e+03 | 32  1.44705 -9.55920e+02 | 33  1.24101 -3.67486e+02
 34 -0.96614  6.90879e+01 | 35 -0.94673  9.82898e+01 | 36 -1.32363 -5.84160e+02
 37  1.29677 -5.45339e+02 | 38 -0.96172  7.81974e+01 | 39 -1.33537 -5.95266e+02
 40 -2.35474 -1.76127e+03 | 41 -2.26263  1.25713e+02 | 42 -0.31970 -2.40834e+02
 43 -1.26638 -1.73751e+02 | 44  0.26713 -3.16794e+03 | 45 -2.46748 -1.13178e+04
 46 -0.75996  1.98760e+02 | 47  0.02250 -1.69580e+03 | 48 -0.17938 -2.34730e+02
 49  0.40444  6.18345e+03 | 50  0.26212  3.51420e+03 | 51  0.21040  1.34871e+03
 52 -1.88266  2.92504e+03 | 53  0.06268 -1.16709e+03 | 54  0.20874 -2.22167e+03
 55  0.11716 -1.29771e+03 | 56  0.05885  2.12862e+02 | 57 -0.00679 -6.81549e+02
 58  0.33606 -2.14113e+03 | 59 -1.28779  1.62711e+02 | 60  0.25263  2.47310e+03
 61  0.13812 -5.31730e+02 | 62  0.13361 -4.15897e+03 | 63  0.28677  1.48267e+03
 64 -0.23602 -1.81032e+03 | 65 -0.00710 -4.72517e+03 | 66  0.20084 -1.10438e+03
 67  0.27855  1.90905e+03 | 68 -0.39128 -1.96319e+03 | 69  0.15886 -1.07517e+03
 70  0.20685  2.59048e+03 | 71  0.39623  2.42067e+03 | 72  0.08095  1.40243e+03
 73  0.09390  1.00560e+03 | 74  0.10080 -7.21325e+02 | 75  1.68110 -4.36528e+03
 76  1.83357 -1.80286e+03 | 77  1.34892 -1.33594e+02 | 78 -0.99490  8.23641e-01
 79 -0.98834  6.49440e-01 | 80 -0.99990  2.16308e-03 | 81 -1.00550 -1.70057e+00
 82 -0.99998 -3.38310e-02 | 83 -0.99528  5.59501e-01 | 84 -1.00608 -3.70548e-01
 85 -1.00272 -1.96987e+00 | 86 -1.00000  2.35204e-01 | 87 -0.99976  3.07941e-02
 88 -1.00215 -2.90089e-01 | 89 -1.01391 -3.20346e+00 | 90 -1.01332 -8.26105e+00
 91 -1.00300 -2.09834e-01 | 92 -1.00408 -4.37203e-01 | 93 -1.00255 -3.48170e-01
 94 -1.00031 -6.22717e-02 | 95 -0.99990 -7.50171e-03 | 96 -0.99959  1.28084e-02
 97 -1.00401 -6.69520e-02 | 98 -0.99998 -4.64598e-02 | 99 -0.97528  1.73388e-01
100 -0.97922 -4.18358e-05 |101  0.23771 -1.25658e+04 |102  0.25309 -4.18364e+04
103 -0.02051 -4.60051e+04 |104  0.13920  7.64185e+03 |105 -0.22664 -1.17252e+04
106 -0.12940 -6.93988e+03 |107 -0.30598 -1.91663e+03 |108  0.00724  7.65076e+04
109  0.17234  3.40781e+04 |110  0.08169  4.16276e+04 |111  0.10486  1.59617e+03
112 -1.73756  7.21164e+01 |113 -0.16404 -2.75470e+04 |114  1.53911  4.89109e+03
115 -1.33139  2.17362e+02 |116  0.69342  3.31718e+01 |117 -1.01189  4.43125e+00
118 -0.25392  5.93092e+00 |
118 variables; iteration 60; function evaluation 85; phase 4
Function value 3.3965870e+04; maximum gradient component mag 1.0449e+05
Var    Value     Gradient |Var    Value     Gradient |Var    Value     Gradient
  1 -0.12777 -6.07074e+04 |  2  1.67237  5.73018e+00 |  3  1.00468  2.75115e+00
  4 -4.00032 -7.59442e+00 |  5  0.16654 -4.92943e+01 |  6  1.64603  5.80464e+02
  7 -1.82699  1.74878e+02 |  8  0.14366 -6.52615e+01 |  9  0.44900  4.01806e+02
 10  0.25034  7.94412e+02 | 11  1.43248 -7.10981e+01 | 12 -0.04036  8.09229e+02
 13  3.48905  4.08364e+02 | 14 -0.98389  1.47041e+01 | 15  0.89431  2.17925e+02
 16  2.53366 -4.20416e+02 | 17  0.03300  4.65948e+02 | 18 -1.09620 -8.33426e+01
 19 -1.49997 -3.00215e+02 | 20  0.45376  1.11202e+03 | 21  0.04283  5.45966e+02
 22 -0.27126  3.89264e+01 | 23 -1.26330 -1.65929e+02 | 24 -1.46381 -1.69527e+02
 25  2.18652 -1.72119e+02 | 26  1.56951 -6.12609e+02 | 27 -1.32738 -2.98085e+02
 28  2.04338 -2.10891e+02 | 29  0.76150  6.02883e+02 | 30 -4.20534  6.35098e+02
 31 -0.24649  6.10142e+02 | 32  1.91268 -1.57603e+02 | 33  1.72322 -5.62955e+02
 34 -2.27799 -1.86597e+02 | 35 -0.17229  3.40652e+02 | 36 -2.24036 -7.01278e+02
 37  1.68604 -5.89072e+02 | 38 -1.92167 -2.27256e+02 | 39 -1.95423 -4.06258e+02
 40 -2.30015  2.37415e+03 | 41 -1.86944  5.87355e+01 | 42  0.18188 -8.32266e+02
 43 -2.26637 -2.50050e+03 | 44  0.10631 -6.49849e+03 | 45 -2.40981 -9.34843e+03
 46  0.13603  1.00131e+03 | 47  0.07666 -1.44885e+03 | 48  0.10948  8.90575e+02
 49  0.31903  9.33178e+02 | 50 -0.05764 -2.02679e+03 | 51  0.09512 -6.26787e+02
 52 -2.23515 -2.45757e+03 | 53 -0.00188 -1.26534e+03 | 54  0.17447 -9.39405e+03
 55 -0.26464 -3.79435e+03 | 56  0.14407  1.54974e+03 | 57 -0.01708 -2.87979e+02
 58  0.34124  7.85824e+03 | 59 -1.47311  1.20628e+03 | 60  0.04569 -3.25708e+03
 61 -0.45331 -2.79409e+03 | 62  0.18334 -1.95903e+02 | 63  0.34607  8.93867e+03
 64  0.07773  7.97367e+02 | 65  0.13691 -5.53817e+01 | 66  0.16145 -1.29474e+03
 67  0.14810 -1.49517e+03 | 68 -0.56761 -1.75828e+03 | 69  0.11217 -1.35665e+03
 70  0.16694  2.43215e+03 | 71  0.30096  2.87423e+03 | 72 -0.01993 -1.17080e+01
 73  0.07429  1.75767e+03 | 74  0.09025 -3.28543e+02 | 75  1.86048 -3.56725e+02
 76  2.28255  6.76232e+02 | 77  6.43434  8.60275e+01 | 78 -1.00316 -2.40630e-01
 79 -0.97226  1.09253e+01 | 80 -1.00001  5.80932e-02 | 81 -1.12678 -2.82817e+01
 82 -1.00197 -8.06461e-02 | 83 -1.02321  9.78756e+00 | 84 -1.06176  1.29670e+00
 85 -1.02154  1.27634e+01 | 86 -1.00166  8.28124e-02 | 87 -1.00219 -2.27833e-01
 88 -1.03468  1.10998e+01 | 89 -1.07931 -4.14936e+00 | 90 -1.06351  2.08241e+01
 91 -1.01989  4.74047e-01 | 92 -1.02488 -3.67097e+00 | 93 -1.02002 -1.77586e+00
 94 -1.00865 -1.23289e+00 | 95 -0.99996 -2.50046e-02 | 96 -1.00328  1.01423e+00
 97 -1.13543  2.31291e+01 | 98 -1.00896  1.17357e+01 | 99 -1.00214  1.18260e+00
100 -0.97927 -4.19246e-05 |101  0.20683 -1.41803e+04 |102  0.28530 -2.13139e+04
103 -0.02587 -4.25481e+04 |104  0.16107  8.26703e+03 |105 -0.29565 -1.86184e+04
106 -0.26870 -9.13842e+03 |107 -0.10180 -2.78041e+03 |108  0.00810  1.04489e+05
109  0.17342  4.66367e+04 |110  0.05562  5.03157e+04 |111  0.02858 -4.82737e+02
112 -2.05852 -3.56008e+02 |113 -0.17586 -1.14996e+04 |114  1.11566  4.33453e+02
115 -0.93212  1.30521e+02 |116  0.47531  1.14326e+03 |117 -1.66139 -1.48334e+03
118 -0.42260  4.28399e+02 |
Maximum number of function evaluations exceeded

 - final statistics:
118 variables; iteration 71; function evaluation 100
Function value 3.3228e+04; maximum gradient component mag 1.0987e+05
Exit code = 3;  converg criter 1.0000e+00
Var    Value     Gradient |Var    Value     Gradient |Var    Value     Gradient
  1 -0.13101 -4.98872e+04 |  2  2.23984  4.77681e+01 |  3  1.29955  2.17615e+02
  4 -5.04682  9.93305e+00 |  5  0.34366 -1.10164e+02 |  6  1.89768  1.82336e+01
  7 -2.58378  2.53395e+02 |  8  0.42266  1.00116e+02 |  9  1.02306 -2.51035e+01
 10  0.39953  5.23767e+02 | 11  1.72897  1.49408e+02 | 12 -0.12084  5.50293e+02
 13  3.65154  3.76261e+02 | 14 -0.98526  1.02270e+01 | 15  0.98701  2.32367e+01
 16  2.62274 -2.66189e+02 | 17  0.62646  4.42870e+02 | 18 -1.07322 -5.37941e+01
 19 -1.07789 -4.31402e+01 | 20  0.41329  7.30767e+02 | 21 -0.28051  4.20528e+02
 22 -0.14987 -3.05754e+02 | 23 -1.47395 -1.78696e+02 | 24 -1.32364 -9.13132e+01
 25  2.23086 -4.15866e+01 | 26  1.49547 -1.48748e+02 | 27 -1.39044 -2.76477e+02
 28  2.39852 -1.50195e+01 | 29  0.07715 -2.91273e+02 | 30 -3.96044  1.97885e+02
 31 -0.82654  1.17123e+02 | 32  2.19495  2.08262e+02 | 33  1.86919 -4.53655e+02
 34 -2.24607 -4.44286e+00 | 35 -0.09027  1.49552e+02 | 36 -2.34358 -5.11802e+02
 37  1.74820 -7.42747e+02 | 38 -2.25702  4.15126e+01 | 39 -2.04374 -2.97044e+02
 40 -2.31103  2.45790e+03 | 41 -1.89399  1.86747e+02 | 42  0.22537 -2.28366e+02
 43 -2.32924 -4.24770e+03 | 44  0.12518 -6.30370e+03 | 45 -2.43649 -9.61070e+03
 46  0.12147  3.17991e+02 | 47  0.10848 -1.22791e+03 | 48  0.05124 -2.53702e+02
 49  0.31923  2.87306e+02 | 50 -0.02789 -2.13139e+03 | 51  0.11662 -6.42386e+02
 52 -2.25915 -3.02754e+03 | 53  0.01292 -1.26436e+03 | 54  0.17421 -7.49337e+03
 55 -0.36156 -3.11580e+03 | 56  0.18642  2.85083e+03 | 57 -0.05153 -1.31512e+03
 58  0.36051  7.70468e+03 | 59 -1.26713  5.45930e+02 | 60  0.06656 -3.31123e+03
 61 -0.02934 -4.10760e+03 | 62  0.23469  2.02760e+03 | 63  0.32958  6.73944e+03
 64  0.01345 -9.01221e+02 | 65  0.10387 -1.80239e+03 | 66  0.22573  2.43714e+03
 67  0.17414 -3.43398e+01 | 68 -0.61781 -1.41401e+03 | 69  0.11689 -1.97709e+03
 70  0.17225  1.85325e+03 | 71  0.30126  2.33926e+03 | 72 -0.02086 -2.84446e+02
 73  0.09730  1.99855e+03 | 74  0.01305 -2.61899e+03 | 75  1.81111 -1.26363e+03
 76  2.12403  6.78456e+02 | 77  7.66647 -9.07711e+01 | 78 -1.00625 -5.80603e-01
 79 -0.97677  2.42664e+01 | 80 -1.00109 -1.96818e-01 | 81 -1.21576  2.23857e+00
 82 -1.00285 -3.08522e-01 | 83 -1.17705  1.68963e+02 | 84 -1.10718  9.37832e+00
 85 -1.08175  3.24889e+01 | 86 -1.00292 -2.37494e-01 | 87 -1.00460  2.20942e+00
 88 -1.16325  1.54336e+02 | 89 -1.12659  2.67126e+00 | 90 -1.13645 -8.76249e+00
 91 -1.04707  3.37917e+01 | 92 -1.03315  1.23962e+00 | 93 -1.03033  1.84202e+00
 94 -1.01423  3.13846e-01 | 95 -0.99996 -4.11208e-02 | 96 -1.01415  1.93376e+01
 97 -1.26034  2.53020e+01 | 98 -1.07790  1.33169e+02 | 99 -1.04730  6.89896e+01
100 -0.97930 -4.19890e-05 |101  0.20469 -1.09926e+04 |102  0.28632 -1.51363e+04
103 -0.02855 -3.97615e+04 |104  0.15854  8.29723e+03 |105 -0.31476 -1.90588e+04
106 -0.15149 -9.13319e+03 |107 -0.22938 -4.00733e+03 |108  0.00601  1.09872e+05
109  0.18394  5.38222e+04 |110  0.05240  5.70823e+04 |111  0.03491 -3.23545e+02
112 -2.04549 -2.20376e+02 |113 -0.15100 -7.98045e+03 |114  1.09698  1.67080e+02
115 -1.00788 -1.04682e+01 |116  0.31823  1.61087e+03 |117 -1.79070 -2.83050e+03
118 -0.37206  1.04278e+03 |

Initial statistics: 324 variables; iteration 0; function evaluation 0; phase 5
Function value 3.3130859e+04; maximum gradient component mag -1.6658e+05
Var    Value     Gradient |Var    Value     Gradient |Var    Value     Gradient
  1 -0.13101 -5.09606e+04 |  2 -0.23984 -4.77687e+01 |  3  0.70045 -2.17819e+02
  4 -0.95318 -9.93306e+00 |  5  0.34366 -1.10257e+02 |  6  0.10232 -1.82566e+01
  7  0.58378 -2.53924e+02 |  8  0.42266  9.98044e+01 |  9  0.97694  2.49457e+01
 10  0.38368  3.49670e+02 | 11  0.25689 -3.55288e+02 | 12 -0.13405  3.31192e+02
 13 -0.36372  1.84528e+02 | 14 -0.98727  4.43548e+00 | 15  0.87076  1.80982e+02
 16 -0.64658  1.34455e+02 | 17  0.60370  3.30181e+02 | 18 -0.98727  4.97622e+00
 19 -0.98727  2.59497e+00 | 20  0.39720  5.58119e+02 | 21 -0.29490  2.17738e+02
 22 -0.16322 -5.18342e+02 | 23 -0.54548  2.76454e+01 | 24 -0.70403 -1.51752e+01
 25 -0.24476 -1.64223e+02 | 26  0.48636 -4.04244e+01 | 27 -0.63264  1.41209e+02
 28 -0.41464 -1.61591e+02 | 29  0.06413 -5.19929e+02 | 30  0.02660 -3.57491e+01
 31 -0.88397  3.87043e+01 | 32 -0.20857 -4.17712e+02 | 33  0.11762  2.27650e+02
 34  0.23216 -2.14905e+02 | 35 -0.10336 -7.03738e+01 | 36  0.32860  3.13879e+02
 37  0.23784  5.35744e+02 | 38  0.24301 -2.57430e+02 | 39  0.03078  7.12346e+01
 40  0.29646 -2.72409e+03 | 41 -0.11915 -4.06559e+02 | 42  0.21162 -4.50727e+02
 43  0.31444  4.09246e+03 | 44  0.11201 -6.55159e+03 | 45  0.41994  9.61586e+03
 46  0.10831  9.48459e+01 | 47  0.09537 -1.45640e+03 | 48  0.03826 -4.79846e+02
 49  0.30457  6.52294e+01 | 50 -0.04085 -2.35377e+03 | 51  0.10348 -8.73664e+02
 52  0.24513  2.82590e+03 | 53 -0.00002 -1.49189e+03 | 54  0.16081 -7.80703e+03
 55 -0.37704 -3.25403e+03 | 56  0.17295  2.62362e+03 | 57 -0.06452 -1.53305e+03
 58  0.34529  7.60986e+03 | 59 -0.76666 -5.59938e+02 | 60  0.05356 -3.54561e+03
 61 -0.04230 -4.32648e+03 | 62  0.22087  1.82303e+03 | 63  0.31478  6.62240e+03
 64  0.00051 -1.12591e+03 | 65  0.09077 -2.03533e+03 | 66  0.21199  2.23124e+03
 67  0.16074 -2.65180e+02 | 68 -0.64136 -1.45600e+03 | 69  0.10375 -2.20702e+03
 70  0.15886  1.64849e+03 | 71  0.28680  2.16389e+03 | 72 -0.03381 -5.06070e+02
 73  0.08423  1.78669e+03 | 74  0.00011 -2.83817e+03 | 75  0.17540  1.06385e+03
 76 -0.13725 -8.91610e+02 | 77 -0.33353 -9.06932e+01 | 78 -0.99375  5.99073e-01
 79 -0.97677  2.47724e+01 | 80 -0.99891  2.00152e-01 | 81 -0.78424 -1.20588e+00
 82 -0.99715  3.12754e-01 | 83 -0.82295 -1.68884e+02 | 84 -0.89282 -9.12050e+00
 85 -0.91825 -3.16004e+01 | 86 -0.99708  2.51875e-01 | 87 -0.99540 -2.18200e+00
 88 -0.83675 -1.53508e+02 | 89 -0.87341 -2.16822e+00 | 90 -0.86355  9.88790e+00
 91 -0.95293 -3.33040e+01 | 92 -0.96685 -9.46720e-01 | 93 -0.96967 -1.71575e+00
 94 -0.98577 -2.23039e-01 | 95 -0.99996 -4.09933e-02 | 96 -0.98585 -1.92385e+01
 97 -0.73966 -2.53882e+01 | 98 -0.92210 -1.32565e+02 | 99 -0.95270 -6.85155e+01
100 -0.97930 -4.19890e-05 |101  0.20469 -1.08959e+04 |102  0.28632 -1.50238e+04
103 -0.02855 -3.99388e+04 |104  0.15854  8.29701e+03 |105 -0.31476 -1.90969e+04
106 -0.15149 -9.17193e+03 |107 -0.22938 -4.03257e+03 |108  0.00601  1.09684e+05
109  0.18394  5.36874e+04 |110  0.05240  5.68955e+04 |111  0.03491 -3.40931e+02
112  0.04549  2.15129e+02 |113 -0.15100 -8.00226e+03 |114  0.90302 -1.67867e+02
115 -0.99212  1.01514e+01 |116  0.31823  1.59649e+03 |117 -0.20930  2.82193e+03
118 -0.37206  1.03990e+03 |119  1.00000  4.33173e-08 |120  1.00000  4.33174e-08
121  0.00000 -4.78518e+04 |122  0.00000 -4.64606e+04 |123  0.00000 -4.60823e+04
124  0.00000 -4.60226e+04 |125  0.00000 -4.60035e+04 |126  0.00000 -4.59764e+04
127  0.00000 -4.59532e+04 |128  0.00000 -4.03141e+04 |129  0.00000 -4.03257e+04
130  0.00000 -3.99780e+04 |131  0.00000 -3.99763e+04 |132  0.00000 -3.99698e+04
133  0.00000 -3.68185e+04 |134  0.00000 -3.68046e+04 |135  0.00000 -3.68708e+04
136  0.00000 -3.67609e+04 |137  0.00000 -3.66298e+04 |138  0.00000 -3.62058e+04
139  0.00000 -3.20907e+04 |140  0.00000 -3.21121e+04 |141  0.00000 -3.22152e+04
142  0.00000 -3.02361e+04 |143  0.00000 -2.89230e+04 |144  0.00000 -2.88794e+04
145  0.00000 -2.80237e+04 |146  0.00000 -2.55249e+04 |147  0.00000 -2.20664e+04
148  0.00000 -2.13252e+04 |149  0.00000 -2.06788e+04 |150  0.00000 -1.90589e+04
151  0.00000 -1.84132e+04 |152  0.00000 -1.81072e+04 |153  0.00000 -1.58444e+04
154  0.00000 -1.51059e+04 |155  0.00000 -1.52602e+04 |156  0.00000 -1.62091e+04
157  0.00000 -1.34327e+04 |158  0.00000 -1.35988e+04 |159  0.00000 -1.32933e+04
160  0.00000 -1.32372e+04 |161  0.00000 -1.21946e+04 |162  0.00000 -9.54461e+03
163  0.00000 -8.09830e+03 |164  0.00000 -7.70498e+03 |165  0.00000 -8.21084e+03
166  0.00000 -7.43786e+03 |167  0.00000 -4.55639e+03 |168  0.00000 -1.99338e+03
169  0.00000 -1.12478e+04 |170  0.00000 -1.13698e+04 |171  0.00000 -1.01246e+04
172  0.00000 -9.62967e+03 |173  0.00000 -9.46176e+03 |174  0.00000 -8.17947e+03
175  0.00000 -1.00479e+04 |176  0.00000 -9.29147e+03 |177  0.00000 -8.99078e+03
178  0.00000 -8.52800e+03 |179  0.00000 -7.20837e+03 |180  0.00000 -5.99919e+03
181  0.00000 -5.66796e+03 |182  0.00000 -4.92697e+03 |183  0.00000 -5.61030e+03
184  0.00000 -3.84808e+03 |185  0.00000 -3.62996e+03 |186  0.00000 -3.54506e+03
187  0.00000 -1.74431e+03 |188  0.00000  9.75787e-14 |189  0.00000 -6.95116e+04
190  0.00000 -6.82172e+04 |191  0.00000 -6.46971e+04 |192  0.00000 -6.47845e+04
193  0.00000 -6.51986e+04 |194  0.00000 -6.51498e+04 |195  0.00000 -6.50473e+04
196  0.00000 -5.94270e+04 |197  0.00000 -5.46394e+04 |198  0.00000 -5.42955e+04
199  0.00000 -4.96332e+04 |200  0.00000 -4.96263e+04 |201  0.00000 -4.67351e+04
202  0.00000 -4.46318e+04 |203  0.00000 -4.47171e+04 |204  0.00000 -4.65099e+04
205  0.00000 -4.65447e+04 |206  0.00000 -4.68950e+04 |207  0.00000 -4.42258e+04
208  0.00000 -4.11947e+04 |209  0.00000 -4.12979e+04 |210  0.00000 -4.08332e+04
211  0.00000 -3.89869e+04 |212  0.00000 -3.85519e+04 |213  0.00000 -3.76218e+04
214  0.00000 -3.75505e+04 |215  0.00000 -3.46712e+04 |216  0.00000 -3.06637e+04
217  0.00000 -3.07138e+04 |218  0.00000 -2.72144e+04 |219  0.00000 -2.69805e+04
220  0.00000 -2.79200e+04 |221  0.00000 -2.61400e+04 |222  0.00000 -2.27321e+04
223  0.00000 -2.25914e+04 |224  0.00000 -2.22769e+04 |225  0.00000 -2.09562e+04
226  0.00000 -2.12675e+04 |227  0.00000 -2.33143e+04 |228  0.00000 -2.35015e+04
229  0.00000 -2.13204e+04 |230  0.00000 -1.87744e+04 |231  0.00000 -1.75404e+04
232  0.00000 -1.71694e+04 |233  0.00000 -1.66452e+04 |234  0.00000 -1.74722e+04
235  0.00000 -1.49050e+04 |236  0.00000  2.84063e+03 |237  0.00000 -5.02724e+03
238  0.00000 -1.13419e+04 |239  0.00000 -1.07103e+04 |240  0.00000 -9.78472e+03
241  0.00000 -9.57063e+03 |242  0.00000 -9.60241e+03 |243  0.00000 -1.10126e+04
244  0.00000 -1.06372e+04 |245  0.00000 -9.81913e+03 |246  0.00000 -9.28421e+03
247  0.00000 -6.26016e+03 |248  0.00000 -6.37921e+03 |249  0.00000 -4.53946e+03
250  0.00000 -3.57524e+03 |251  0.00000 -3.45234e+03 |252  0.00000 -2.29944e+03
253  0.00000 -2.94889e+03 |254  0.00000 -2.96512e+03 |255  0.00000 -1.08382e+03
256  0.00000  1.74921e-12 |257  0.00000 -1.66579e+05 |258  0.00000 -1.63439e+05
259  0.00000 -1.58899e+05 |260  0.00000 -1.55608e+05 |261  0.00000 -1.52014e+05
262  0.00000 -1.49500e+05 |263  0.00000 -1.49113e+05 |264  0.00000 -1.44028e+05
265  0.00000 -1.39524e+05 |266  0.00000 -1.38118e+05 |267  0.00000 -1.33595e+05
268  0.00000 -1.31970e+05 |269  0.00000 -1.29112e+05 |270  0.00000 -1.27664e+05
271  0.00000 -1.25595e+05 |272  0.00000 -1.27617e+05 |273  0.00000 -1.27723e+05
274  0.00000 -1.28804e+05 |275  0.00000 -1.27415e+05 |276  0.00000 -1.26717e+05
277  0.00000 -1.25987e+05 |278  0.00000 -1.25564e+05 |279  0.00000 -1.23806e+05
280  0.00000 -1.19593e+05 |281  0.00000 -1.16045e+05 |282  0.00000 -1.11230e+05
283  0.00000 -1.09834e+05 |284  0.00000 -1.09971e+05 |285  0.00000 -1.09066e+05
286  0.00000 -1.06816e+05 |287  0.00000 -1.05198e+05 |288  0.00000 -1.03623e+05
289  0.00000 -1.02065e+05 |290  0.00000 -9.90642e+04 |291  0.00000 -9.72578e+04
292  0.00000 -9.22964e+04 |293  0.00000 -8.93145e+04 |294  0.00000 -8.75015e+04
295  0.00000 -8.54563e+04 |296  0.00000 -8.41375e+04 |297  0.00000 -8.10117e+04
298  0.00000 -7.77957e+04 |299  0.00000 -7.63264e+04 |300  0.00000 -7.55143e+04
301  0.00000 -7.19181e+04 |302  0.00000 -6.92668e+04 |303  0.00000 -6.77463e+04
304  0.00000 -6.51760e+04 |305  0.00000 -5.89997e+04 |306  0.00000 -5.39991e+04
307  0.00000 -5.24521e+04 |308  0.00000 -5.11069e+04 |309  0.00000 -5.02141e+04
310  0.00000 -3.90613e+04 |311  0.00000 -3.49773e+04 |312  0.00000 -3.29558e+04
313  0.00000 -3.15788e+04 |314  0.00000 -2.97941e+04 |315  0.00000 -2.56057e+04
316  0.00000 -2.20789e+04 |317  0.00000 -1.96803e+04 |318  0.00000 -1.61761e+04
319  0.00000 -1.11758e+04 |320  0.00000 -8.77551e+03 |321  0.00000 -7.27941e+03
322  0.00000 -6.01199e+03 |323  0.00000 -2.62729e+03 |324  0.00000 -5.54387e-13

Intermediate statistics: 324 variables; iteration 20; function evaluation 27; phase 5
Function value 1.5832908e+04; maximum gradient component mag -1.8891e+04
Var    Value     Gradient |Var    Value     Gradient |Var    Value     Gradient
  1 -0.08044  1.57118e+03 |  2 -0.23752 -4.76804e+01 |  3  0.70068  8.62316e+01
  4 -0.95270 -1.00281e+01 |  5  0.34410  5.35835e+01 |  6  0.10462 -7.22528e+01
  7  0.56944  2.01717e+02 |  8  0.41110  1.75779e+02 |  9  0.97337  6.09129e+01
 10  0.38921 -1.07005e+02 | 11  0.30045 -7.98426e+02 | 12 -0.12921 -1.25104e+02
 13 -0.35734 -1.84895e+02 | 14 -0.98717 -3.02882e+00 | 15  0.86040  3.27627e+02
 16 -0.64478 -6.40823e+01 | 17  0.59248  4.20378e+02 | 18 -0.98718 -2.77239e+00
 19 -0.98713 -3.87459e+00 | 20  0.39186  1.08797e+02 | 21 -0.28989 -1.33777e+02
 22 -0.12428 -8.95985e+02 | 23 -0.53517 -2.33351e+02 | 24 -0.69312 -2.51334e+02
 25 -0.22166 -5.29868e+02 | 26  0.43295  5.82398e+02 | 27 -0.63030 -6.91005e+01
 28 -0.39443 -4.67608e+02 | 29  0.10155 -6.25383e+02 | 30  0.03159 -1.02793e+02
 31 -0.88300 -2.82973e+01 | 32 -0.17595 -5.93696e+02 | 33  0.12473 -2.98542e+02
 34  0.22748 -1.83021e+02 | 35 -0.09057 -4.07406e+02 | 36  0.27365  6.84267e+02
 37  0.20835  3.70548e+02 | 38  0.22235  4.88351e+02 | 39  0.02726  9.16479e+01
 40  0.31979 -6.84153e+01 | 41 -0.08946 -7.03661e+02 | 42  0.20835  7.49636e+02
 43  0.11737  1.17547e+03 | 44  0.33188  1.50679e+03 | 45  0.07572  1.96099e+01
 46  0.08963  3.21687e+02 | 47  0.11849  4.25196e+02 | 48  0.04189  2.00025e+02
 49  0.23176  2.00368e+02 | 50  0.06582 -1.04028e+03 | 51  0.10546  6.18387e+02
 52  0.11954 -5.63783e+01 | 53  0.05437  2.80379e+02 | 54  0.23282  3.28799e+03
 55 -0.20762 -4.11127e+03 | 56  0.04774  7.76836e+02 | 57  0.00113  2.97331e+02
 58  0.17934 -1.47835e+03 | 59 -0.72806 -1.03957e+03 | 60  0.13063  1.80405e+03
 61  0.10490  6.23569e+02 | 62  0.17324  4.72209e+02 | 63  0.16984 -1.00158e+03
 64  0.05274  6.16511e+02 | 65  0.13038  1.64798e+03 | 66  0.11696 -2.25023e+02
 67  0.12444  6.04651e+02 | 68 -0.55048 -2.42918e+03 | 69  0.14041  1.25645e+03
 70  0.11317  1.41123e+02 | 71  0.26065  1.17621e+02 | 72  0.00582 -1.73784e+01
 73  0.05769  3.63743e+02 | 74  0.08215  4.16290e+02 | 75  0.12059 -3.61057e+01
 76 -0.09483 -7.33269e+02 | 77 -0.33265  5.93826e+00 | 78 -0.99367 -3.79111e+00
 79 -0.97521 -7.01910e+01 | 80 -0.99891  6.60110e-02 | 81 -0.78248 -4.89119e+01
 82 -0.99714 -1.58510e+00 | 83 -0.82330  9.49829e+01 | 84 -0.89154 -2.02859e+01
 85 -0.91471 -1.13149e+02 | 86 -0.99708 -1.61093e+00 | 87 -0.99525 -5.32207e+00
 88 -0.83306 -1.06416e+01 | 89 -0.87219 -6.34058e+01 | 90 -0.86148 -7.61427e+01
 91 -0.95061 -3.99900e+01 | 92 -0.96586 -3.30253e+01 | 93 -0.96901 -8.03024e+00
 94 -0.98527 -1.87160e+01 | 95 -0.99996 -4.73588e-02 | 96 -0.98461 -3.86949e+01
 97 -0.74115  1.00239e+02 | 98 -0.91499 -1.48033e+02 | 99 -0.94746 -1.61303e+02
100 -0.97930 -4.19890e-05 |101  0.20775 -1.76459e+03 |102  0.28562 -3.86909e+03
103 -0.00884 -6.70406e+02 |104  0.09755  2.20111e+03 |105 -0.16656 -2.11535e+03
106 -0.24928 -5.09533e+03 |107 -0.25628 -3.11658e+03 |108 -0.00239  1.19298e+04
109  0.16714  3.87902e+03 |110 -0.02413  5.42686e+03 |111  0.16052  3.24490e+03
112  0.04990  1.58323e+03 |113 -0.03180 -1.40204e+02 |114  0.89773  2.65602e+02
115 -0.99262 -2.03170e+01 |116  0.24871 -2.10483e+02 |117 -0.30516  5.43384e+02
118 -0.38634  9.60197e+01 |119  0.99997  2.70759e-02 |120  0.99997  5.78641e-02
121  0.01362 -7.75697e+03 |122 -0.00200 -7.63947e+03 |123 -0.00197 -7.63088e+03
124 -0.00201 -7.58693e+03 |125 -0.00207 -7.55706e+03 |126 -0.00215 -7.52517e+03
127 -0.00215 -7.52340e+03 |128 -0.00151 -4.47803e+03 |129 -0.00070 -4.51801e+03
130  0.00071 -4.31074e+03 |131  0.00071 -4.31055e+03 |132  0.00073 -4.30980e+03
133  0.00435 -3.59809e+03 |134  0.00615 -3.62637e+03 |135  0.01243 -3.76059e+03
136  0.01330 -3.79329e+03 |137  0.01455 -3.83184e+03 |138  0.01772 -3.90952e+03
139 -0.00839 -3.75004e+03 |140 -0.00781 -3.76291e+03 |141 -0.00453 -3.84673e+03
142  0.00204 -3.58349e+03 |143  0.00163 -3.55707e+03 |144  0.00207 -3.56244e+03
145  0.00704 -3.66155e+03 |146 -0.00948 -3.64216e+03 |147 -0.00906 -3.83662e+03
148 -0.00758 -3.85834e+03 |149 -0.00763 -3.44075e+03 |150 -0.00444 -3.21839e+03
151  0.00067 -2.99352e+03 |152  0.00106 -2.85752e+03 |153 -0.00537 -1.60827e+03
154 -0.00549 -1.53232e+03 |155 -0.00134 -1.34982e+03 |156  0.00329 -1.07596e+03
157  0.00466 -4.33329e+02 |158 -0.00159 -3.48304e+02 |159 -0.00164 -2.13194e+02
160  0.00786 -2.56731e+02 |161  0.00505 -1.55155e+02 |162  0.00168  1.43838e+02
163 -0.00055  2.62266e+02 |164  0.00019  3.93854e+02 |165  0.00279  3.71498e+02
166  0.00355  3.56984e+02 |167 -0.00184  5.28586e+02 |168 -0.00435  4.63698e+02
169  0.00437  5.11120e+02 |170  0.00755  3.98136e+02 |171 -0.00525 -4.40157e+01
172 -0.00642 -6.94793e+01 |173 -0.00070 -2.48215e+02 |174 -0.00035 -3.33353e+02
175 -0.00094 -3.72565e+01 |176 -0.00126  2.18529e+02 |177 -0.00065  2.51254e+02
178  0.00067  3.15060e+02 |179 -0.00047  3.48642e+02 |180 -0.00279  4.41835e+02
181 -0.00100  4.27208e+02 |182  0.00190  4.55995e+02 |183  0.00074  4.89499e+02
184  0.00013  5.80340e+02 |185  0.00064  5.78407e+02 |186  0.00123  5.42285e+02
187 -0.00118  4.74862e+02 |188 -0.00000  8.03222e-17 |189 -0.00278 -1.78924e+04
190 -0.01261 -1.79122e+04 |191 -0.01552 -1.79712e+04 |192 -0.00605 -1.82291e+04
193  0.01436 -1.76992e+04 |194  0.01326 -1.75454e+04 |195  0.01401 -1.75865e+04
196  0.01542 -1.45621e+04 |197 -0.01464 -1.41851e+04 |198 -0.01312 -1.39813e+04
199  0.00035 -1.30592e+04 |200  0.00038 -1.30588e+04 |201  0.00846 -1.24672e+04
202 -0.00653 -1.33704e+04 |203  0.00436 -1.35486e+04 |204  0.00156 -1.59849e+04
205 -0.00970 -1.61716e+04 |206  0.01193 -1.68847e+04 |207  0.02287 -1.78481e+04
208 -0.03359 -1.70118e+04 |209 -0.03027 -1.71026e+04 |210  0.02783 -1.62982e+04
211  0.00347 -1.48689e+04 |212  0.00126 -1.49375e+04 |213  0.00516 -1.50427e+04
214  0.02466 -1.70652e+04 |215 -0.02297 -1.82667e+04 |216 -0.02476 -1.87357e+04
217  0.02070 -1.88915e+04 |218 -0.01653 -1.61274e+04 |219 -0.01215 -1.51044e+04
220  0.01175 -1.30019e+04 |221  0.01716 -1.17453e+04 |222 -0.00445 -9.95299e+03
223 -0.00106 -9.73254e+03 |224 -0.00052 -7.94995e+03 |225 -0.01507 -7.19467e+03
226 -0.00434 -6.50373e+03 |227 -0.00746 -5.85679e+03 |228  0.00332 -5.76553e+03
229  0.00631 -5.25977e+03 |230 -0.00290 -4.23747e+03 |231  0.00339 -2.64441e+03
232  0.00395 -1.41153e+03 |233 -0.00452 -7.54839e+02 |234 -0.00020 -4.55335e+02
235  0.00010  3.01080e+02 |236 -0.00023  1.67933e+01 |237 -0.00638 -6.21336e+01
238  0.00382 -3.23825e+02 |239  0.01063 -5.91660e+02 |240 -0.00246 -6.51222e+02
241 -0.00673 -6.63026e+02 |242 -0.00335  3.25544e+01 |243  0.00916  1.42174e+03
244  0.01052  3.31563e+03 |245 -0.00549  3.98125e+03 |246 -0.00569  4.13588e+03
247  0.00375  4.30734e+03 |248  0.01527  4.29526e+03 |249 -0.00655  4.13276e+03
250 -0.00344  4.11919e+03 |251  0.00824  3.60902e+03 |252 -0.00458  3.26866e+03
253  0.00168  2.06208e+03 |254 -0.00114  1.91201e+03 |255 -0.00651  1.18063e+03
256 -0.00000  5.56164e-15 |257  0.08087 -2.75138e+03 |258  0.01267 -3.73141e+03
259 -0.01196 -3.82744e+03 |260 -0.04383 -4.67356e+03 |261 -0.02453 -4.16350e+03
262  0.00529 -4.01125e+03 |263  0.00482 -4.13142e+03 |264  0.02146 -1.61717e+03
265 -0.00341 -1.35678e+03 |266 -0.00808 -4.47794e+02 |267  0.00572  4.66421e+02
268 -0.01405  1.34066e+03 |269 -0.00552  1.92139e+03 |270 -0.00148  6.04967e+02
271 -0.02139  5.71612e+02 |272 -0.01070 -2.27074e+03 |273  0.00303 -2.08177e+03
274 -0.00311 -3.74567e+03 |275  0.00642 -6.07692e+03 |276  0.02287 -7.13041e+03
277 -0.00962 -6.74226e+03 |278 -0.00421 -6.01912e+03 |279  0.01170 -6.47580e+03
280  0.00518 -7.67482e+03 |281 -0.02631 -7.57543e+03 |282  0.00120 -9.57367e+03
283 -0.00195 -9.25500e+03 |284  0.01402 -8.86195e+03 |285  0.00912 -7.71504e+03
286  0.02140 -6.48363e+03 |287 -0.02944 -4.71478e+03 |288 -0.01777 -2.95921e+03
289  0.00710 -1.61131e+03 |290  0.00262  1.18469e+02 |291  0.02633  1.02721e+03
292  0.00662  2.68647e+03 |293  0.01645  3.97804e+03 |294 -0.00089  4.44462e+03
295  0.00859  4.12102e+03 |296 -0.00880  4.13620e+03 |297 -0.01096  4.09702e+03
298 -0.00811  4.19054e+03 |299  0.00034  5.29255e+03 |300  0.00929  5.57560e+03
301  0.00451  5.66361e+03 |302 -0.00742  5.59574e+03 |303  0.01647  5.49516e+03
304 -0.00420  4.49239e+03 |305  0.01624  3.33192e+03 |306 -0.02387  2.99025e+03
307  0.00047  2.61202e+03 |308  0.00092  2.11473e+03 |309  0.00686  2.41141e+03
310 -0.00128  3.10469e+03 |311 -0.00645  4.07762e+03 |312  0.00422  5.20710e+03
313  0.00948  5.64694e+03 |314 -0.00069  5.23898e+03 |315 -0.00509  5.43063e+03
316  0.00150  5.24038e+03 |317  0.00512  4.40586e+03 |318 -0.00569  3.74206e+03
319 -0.00279  3.21900e+03 |320  0.00357  2.96610e+03 |321 -0.00684  2.04659e+03
322  0.00707  1.94359e+03 |323 -0.00942  1.28173e+03 |324  0.00000 -1.74532e-14
324 variables; iteration 40; function evaluation 49; phase 5
Function value 1.1020006e+04; maximum gradient component mag 1.7203e+04
Var    Value     Gradient |Var    Value     Gradient |Var    Value     Gradient
  1 -0.02625  6.35497e+03 |  2 -0.21102 -4.40902e+01 |  3  0.66838  2.24699e+01
  4 -0.94696 -1.12355e+01 |  5  0.32751  7.23263e+00 |  6  0.14392 -9.76433e+01
  7  0.43678  2.74463e+01 |  8  0.31090  3.44623e+01 |  9  0.92304  1.50807e+02
 10  0.40447  1.00207e+02 | 11  0.70819  2.36109e+00 | 12 -0.05510 -1.56598e+02
 13 -0.26406 -1.25996e+02 | 14 -0.98521 -7.15390e+00 | 15  0.72422  3.16120e+02
 16 -0.60595 -1.40618e+02 | 17  0.48395  2.67276e+02 | 18 -0.98543 -6.33358e+00
 19 -0.98434 -1.19940e+01 | 20  0.34081  1.90828e+02 | 21 -0.20971 -2.31451e+02
 22  0.28485 -1.02410e+02 | 23 -0.40589 -2.38176e+02 | 24 -0.53689 -3.90993e+02
 25 -0.01559 -4.51209e+01 | 26  0.15974 -5.54696e+02 | 27 -0.58549 -1.70306e+02
 28 -0.14637 -3.80072e+01 | 29  0.35619  1.62654e+02 | 30  0.08545 -9.61490e+01
 31 -0.86547 -5.76061e+01 | 32  0.07373  1.66272e+02 | 33  0.16494 -3.14649e+01
 34  0.16686 -1.86015e+02 | 35  0.01164  1.98219e+02 | 36 -0.05070 -2.69096e+02
 37 -0.00665 -6.49025e+01 | 38  0.00580 -2.86541e+02 | 39 -0.05796  1.88771e+00
 40  0.19261 -4.04408e+02 | 41  0.15869  9.94824e+02 | 42  0.07597 -5.77270e+02
 43 -0.32968 -1.40293e+03 | 44  0.21976 -8.72112e+02 | 45 -0.17984 -1.60924e+03
 46 -0.01878 -5.65398e+02 | 47  0.02080 -5.37318e+02 | 48 -0.04424 -2.71304e+02
 49  0.15399 -2.66489e+02 | 50  0.08752  1.10567e+03 | 51  0.00528 -4.37635e+02
 52  0.05277 -5.05536e+01 | 53  0.00820 -4.84187e+01 | 54  0.08647 -1.55847e+03
 55  0.12835  4.85197e+03 | 56 -0.05712 -9.26174e+02 | 57 -0.03924 -4.14128e+02
 58  0.12121 -2.21579e+02 | 59  0.03574  2.56954e+03 | 60 -0.00390 -9.01594e+02
 61  0.02223 -2.71129e+02 | 62  0.08350 -3.46966e+02 | 63  0.11645  2.69678e+02
 64 -0.03368 -1.74690e+02 | 65  0.01492 -7.83248e+02 | 66  0.06258 -6.08009e+02
 67  0.03502 -6.28274e+02 | 68  0.07123  3.54181e+03 | 69  0.03574 -7.52274e+02
 70  0.05290 -4.34543e+02 | 71  0.17942 -4.09475e+02 | 72 -0.03719  1.38923e+02
 73 -0.03129 -4.59759e+02 | 74  0.01145 -1.01259e+02 | 75  0.06528 -2.70820e+02
 76  0.04004  9.83971e+02 | 77 -0.35283  1.30087e+02 | 78 -0.99167 -4.21896e+00
 79 -0.94604 -7.06410e+01 | 80 -0.99845 -2.23974e+00 | 81 -0.75824 -1.59304e+01
 82 -0.99548 -6.43452e+00 | 83 -0.85971 -8.60972e+01 | 84 -0.87693 -1.15237e+02
 85 -0.86373 -7.86325e+01 | 86 -0.99629 -2.49707e+00 | 87 -0.99231 -7.32053e+00
 88 -0.81294 -5.05863e+01 | 89 -0.84164 -6.32483e+01 | 90 -0.83314 -4.37075e+01
 91 -0.92729 -4.14671e+01 | 92 -0.94828 -4.92694e+01 | 93 -0.95815 -6.35045e+01
 94 -0.97606 -2.73260e+01 | 95 -0.99992 -1.11788e-01 | 96 -0.95841 -9.28845e+01
 97 -0.80204  4.53796e+01 | 98 -0.87404  2.32893e+02 | 99 -0.87348  5.55280e+01
100 -0.97930 -4.19889e-05 |101  0.21492 -4.98689e+02 |102  0.29146  1.61457e+03
103 -0.01329  5.74147e+02 |104  0.09872  2.52717e+03 |105 -0.18952 -3.31203e+03
106 -0.22926 -2.35540e+03 |107 -0.24157 -7.66104e+02 |108  0.00386  1.72031e+04
109  0.15539 -2.87955e+02 |110 -0.02232 -6.21988e+01 |111  0.13974 -9.42056e+02
112 -0.16244 -1.14943e+01 |113  0.10102 -8.54649e-01 |114  0.71995  7.78374e+02
115 -0.98162  7.71501e+00 |116  0.32912  4.09012e+02 |117 -0.57568 -1.60279e+02
118 -0.42185 -1.37331e+02 |119  0.99978  4.49774e-02 |120  0.99977  5.79118e-02
121  0.04932 -2.18345e+03 |122 -0.00048 -2.19200e+03 |123  0.01026 -2.18852e+03
124 -0.00224 -2.18934e+03 |125 -0.00487 -2.18987e+03 |126 -0.00711 -2.19048e+03
127 -0.00674 -2.19052e+03 |128 -0.02716 -2.06104e+03 |129 -0.01261 -2.07995e+03
130  0.02260 -1.97353e+03 |131  0.02259 -1.97339e+03 |132  0.02278 -1.97335e+03
133 -0.02750 -1.97622e+03 |134 -0.01038 -2.00608e+03 |135 -0.00308 -1.98246e+03
136 -0.00481 -2.02218e+03 |137  0.01947 -2.08318e+03 |138  0.05538 -2.10396e+03
139  0.00151 -2.13410e+03 |140  0.00542 -2.14060e+03 |141  0.04931 -2.22776e+03
142 -0.03645 -2.39572e+03 |143 -0.02253 -2.41463e+03 |144 -0.01942 -2.41697e+03
145  0.05335 -2.48365e+03 |146 -0.11197 -2.54862e+03 |147  0.00320 -2.71563e+03
148  0.03125 -2.64506e+03 |149 -0.03289 -2.63326e+03 |150  0.00685 -2.48209e+03
151  0.01367 -2.31505e+03 |152  0.00578 -2.26757e+03 |153 -0.01986 -2.00957e+03
154 -0.01263 -1.85905e+03 |155 -0.01695 -1.61514e+03 |156  0.04976 -1.57931e+03
157  0.03216 -1.39264e+03 |158 -0.03612 -1.41580e+03 |159 -0.04735 -1.44437e+03
160  0.02174 -1.07121e+03 |161 -0.00989 -9.90301e+02 |162  0.02545 -2.45765e+02
163 -0.01278 -1.03161e+02 |164 -0.00579 -2.76652e+01 |165  0.00511  1.74748e+02
166 -0.00139  3.92792e+02 |167  0.00800  4.70201e+02 |168 -0.00484  6.09670e+02
169 -0.00081  5.93910e+02 |170  0.03443  6.06646e+02 |171 -0.02206 -1.89456e+01
172 -0.02660  4.71847e+01 |173  0.03124  5.95292e+01 |174  0.02410 -6.63217e+01
175 -0.01083 -1.07423e+02 |176 -0.01330 -7.03675e+01 |177 -0.00456 -5.87525e+01
178  0.00680 -3.82167e+01 |179 -0.00020 -7.80572e+01 |180 -0.01890 -9.01839e+01
181  0.00136 -9.24122e+01 |182  0.01353  7.02794e+00 |183 -0.01113  2.68298e+01
184  0.00288  3.14345e+02 |185  0.00419  3.53134e+02 |186  0.00427  3.07348e+02
187 -0.01229  2.77974e+02 |188 -0.00000  5.01894e-16 |189  0.01594  7.50134e+03
190  0.00684  7.45219e+03 |191 -0.02028  7.41962e+03 |192  0.00292  7.23506e+03
193  0.02958  7.11602e+03 |194  0.00185  7.11686e+03 |195  0.01697  7.11009e+03
196  0.00462  7.24287e+03 |197 -0.04771  9.58446e+03 |198 -0.01476  9.71120e+03
199  0.00347  1.13863e+04 |200  0.00376  1.13863e+04 |201  0.02720  1.07717e+04
202 -0.04916  1.18645e+04 |203  0.02431  1.17284e+04 |204  0.04758  1.19023e+04
205 -0.03722  1.18260e+04 |206 -0.01614  1.09385e+04 |207  0.01733  1.19441e+04
208 -0.05543  1.10393e+04 |209 -0.00760  1.09076e+04 |210  0.11550  1.10435e+04
211 -0.09462  9.31835e+03 |212 -0.03585  9.29854e+03 |213  0.04025  9.10906e+03
214  0.04853  8.43032e+03 |215 -0.03732  6.99214e+03 |216 -0.04795  6.57891e+03
217  0.06348  8.06799e+03 |218 -0.02339  7.72580e+03 |219 -0.00412  8.40549e+03
220  0.00234  8.14482e+03 |221  0.02277  8.66191e+03 |222 -0.01273  7.10951e+03
223 -0.01154  7.86677e+03 |224 -0.01419  7.35528e+03 |225  0.02717  7.46135e+03
226 -0.00470  6.75707e+03 |227 -0.01001  6.68677e+03 |228  0.01142  6.61111e+03
229  0.00271  5.91300e+03 |230 -0.01999  6.32685e+03 |231  0.02299  6.41158e+03
232 -0.01465  6.25060e+03 |233 -0.03090  6.16396e+03 |234  0.05081  6.21376e+03
235 -0.04709  5.63645e+03 |236  0.07048  4.51115e+03 |237 -0.06105  3.63829e+03
238  0.02444  3.53636e+03 |239  0.00371  2.78759e+03 |240  0.00475  1.92611e+03
241 -0.01284  1.77281e+03 |242 -0.00039  1.70922e+03 |243  0.01206  2.29580e+03
244  0.01097  2.51896e+03 |245 -0.00381  2.41405e+03 |246 -0.02658  2.35593e+03
247  0.01401  1.69059e+03 |248  0.03424  9.57678e+02 |249 -0.04301  5.76241e+02
250 -0.00835  8.07963e+02 |251  0.01839  4.72844e+02 |252 -0.01555  6.35090e+02
253  0.02068  9.67751e+02 |254 -0.03299  8.01703e+02 |255  0.01951  6.43894e+02
256 -0.00000 -2.32216e-14 |257  0.05368  2.39748e+03 |258  0.00425  3.43615e+03
259  0.00152  3.37615e+03 |260 -0.03175  5.21925e+03 |261 -0.00028  6.18659e+03
262 -0.02264  7.88467e+03 |263 -0.03496  8.15992e+03 |264  0.00107  8.81307e+03
265  0.06000  1.07818e+04 |266 -0.01457  1.19011e+04 |267  0.00934  1.35032e+04
268 -0.04874  1.49666e+04 |269 -0.00693  1.42955e+04 |270  0.04383  1.45922e+04
271 -0.02247  1.50377e+04 |272  0.01598  1.47537e+04 |273 -0.03773  1.50939e+04
274  0.00779  1.39186e+04 |275 -0.01945  1.34022e+04 |276  0.05367  1.43609e+04
277  0.00488  1.40982e+04 |278 -0.03716  1.40235e+04 |279  0.06394  1.27462e+04
280  0.00773  1.11754e+04 |281 -0.03672  1.04586e+04 |282 -0.05848  9.67549e+03
283  0.03445  1.07118e+04 |284  0.05439  1.11680e+04 |285 -0.05645  1.07845e+04
286  0.03358  1.21670e+04 |287 -0.00423  1.22255e+04 |288  0.00275  1.19712e+04
289  0.00442  1.13391e+04 |290 -0.10387  9.88264e+03 |291  0.15329  1.02219e+04
292 -0.02695  9.62377e+03 |293 -0.00500  8.80796e+03 |294  0.00339  7.95460e+03
295  0.01141  7.53120e+03 |296 -0.01466  7.42050e+03 |297 -0.00180  6.59569e+03
298  0.00317  6.07766e+03 |299 -0.01226  5.69528e+03 |300  0.01515  5.38396e+03
301  0.02522  4.93644e+03 |302 -0.03920  4.40852e+03 |303  0.04238  3.78838e+03
304 -0.04439  2.14624e+03 |305  0.03689  1.54864e+03 |306 -0.03999  2.33709e+02
307 -0.01058  1.37328e+02 |308  0.00650  6.94578e+02 |309  0.00675  1.07315e+03
310 -0.00198  2.38291e+03 |311 -0.00416  3.47478e+03 |312  0.00654  4.57188e+03
313  0.01294  5.46324e+03 |314  0.02410  5.72267e+03 |315 -0.01531  4.94696e+03
316 -0.00322  3.52105e+03 |317  0.00632  2.45854e+03 |318  0.00078  1.82302e+03
319 -0.01788  1.29586e+03 |320  0.01119  1.29169e+03 |321 -0.00986  1.20014e+03
322  0.02096  9.77032e+02 |323 -0.02417  7.57261e+02 |324  0.00000 -1.03744e-14
324 variables; iteration 60; function evaluation 74; phase 5
Function value 9.1951697e+03; maximum gradient component mag -3.0371e+04
Var    Value     Gradient |Var    Value     Gradient |Var    Value     Gradient
  1  0.00307 -2.55641e+03 |  2 -0.13568 -3.20305e+01 |  3  0.53048  1.48708e+02
  4 -0.92837 -1.51088e+01 |  5  0.24532  1.33281e+02 |  6  0.28649 -9.33287e+01
  7  0.18464 -2.24108e+02 |  8  0.08795 -8.88635e+01 |  9  0.70352  8.48796e+01
 10  0.33692 -1.63864e+01 | 11  1.31634  2.17733e+02 | 12  0.13871 -1.06438e+02
 13 -0.14490  2.39725e+02 | 14 -0.97795 -7.69248e+00 | 15  0.38341 -2.96653e+02
 16 -0.42458 -5.08385e+02 | 17  0.33825 -5.17791e+01 | 18 -0.97898 -5.77171e+00
 19 -0.97175 -1.48814e+01 | 20  0.25621 -1.16986e+02 | 21  0.00474  1.78085e+01
 22  0.74244  6.84640e+02 | 23 -0.09259  1.17023e+02 | 24 -0.02988 -2.38511e+02
 25  0.37399  2.07114e+02 | 26  0.00242 -1.64990e+02 | 27 -0.40991 -1.53716e+02
 28  0.25654  9.14018e+01 | 29  0.42261  3.86952e+02 | 30  0.12479  6.97007e+01
 31 -0.80600 -4.42509e+01 | 32  0.30122  1.75260e+02 | 33  0.15604  2.60556e+02
 34  0.08687  1.80401e+01 | 35  0.18867  6.42491e+00 | 36 -0.40395 -1.99978e+02
 37 -0.28863 -1.47920e+02 | 38 -0.16645 -5.38860e+02 | 39 -0.21112 -2.36478e+02
 40  0.20381 -4.91907e+02 | 41 -0.03812 -4.70423e+02 | 42  0.07583 -3.56677e+01
 43 -0.55624 -9.81342e+02 | 44  0.18839 -7.39145e+02 | 45  0.02076  7.64305e+02
 46 -0.02580  4.53519e+01 | 47  0.00250 -9.80831e+01 | 48 -0.06061  4.02697e+01
 49  0.13281  1.42861e+02 | 50  0.04438  6.06975e+02 | 51 -0.00719 -5.57990e+01
 52  0.03431  2.08226e+02 | 53 -0.01606 -4.41800e-01 | 54  0.08655  1.84780e+01
 55  0.08258  4.04921e+03 | 56 -0.06358 -1.66324e+01 | 57 -0.06570  2.13873e+01
 58  0.05176 -2.01831e+03 | 59 -0.08714 -6.08220e+02 | 60 -0.01203  6.19696e+02
 61 -0.00633 -1.83783e+02 | 62  0.07042  3.76950e+02 | 63  0.08901  1.64804e+02
 64 -0.04910  1.02215e+02 | 65  0.00384  8.90713e+01 | 66  0.03426 -5.35140e+02
 67  0.00841 -1.32394e+02 | 68 -0.04996 -4.06235e+02 | 69  0.01057 -3.04899e+02
 70  0.02231 -2.35466e+02 | 71  0.16088 -2.08872e+02 | 72 -0.05972  2.88612e+02
 73 -0.04101  8.64196e+01 | 74 -0.02290  2.43533e+02 | 75  0.02374 -4.25151e+01
 76 -0.12260 -2.98539e+02 | 77 -0.43971  9.59786e+01 | 78 -0.98428 -1.23264e+01
 79 -0.84576  1.36978e+01 | 80 -0.99642 -5.74334e+00 | 81 -0.74860  1.74628e+02
 82 -0.98723 -2.14185e+01 | 83 -0.85494 -4.50096e+01 | 84 -0.80254  9.66300e+01
 85 -0.80298  3.28038e+02 | 86 -0.99282 -4.64304e+00 | 87 -0.97916 -3.20671e+01
 88 -0.76164  7.94943e+01 | 89 -0.76554  3.58864e+01 | 90 -0.78469  1.46995e+02
 91 -0.85128 -5.38250e+01 | 92 -0.87874 -8.12916e+01 | 93 -0.89655 -9.07744e+01
 94 -0.93419 -8.26579e+01 | 95 -0.99977 -2.84303e-01 | 96 -0.86674  1.17698e+02
 97 -0.85057 -3.25393e+01 | 98 -0.90231  1.08035e+02 | 99 -0.87035  4.15458e+02
100 -0.97930 -4.19888e-05 |101  0.22440 -8.94402e+02 |102  0.29484 -3.32287e+03
103  0.01211 -7.13455e+03 |104  0.10885  5.35764e+03 |105 -0.18342 -1.90404e+03
106 -0.22839 -1.74488e+03 |107 -0.26574 -4.96256e+02 |108  0.00219  1.13206e+04
109  0.15275 -3.46578e+03 |110 -0.02462  5.24054e+02 |111  0.15666  4.27577e+02
112 -0.48957 -1.20907e+00 |113  0.18981 -2.19741e+01 |114  0.00275  1.70628e+03
115 -0.95616 -9.79739e+01 |116  0.31835 -6.15381e+02 |117 -1.01416  6.29946e+00
118 -0.39731 -1.52378e+02 |119  0.99961  9.04477e-02 |120  0.99956  1.40723e-01
121  0.09109 -3.90806e+03 |122 -0.01145 -3.97307e+03 |123  0.02162 -3.96328e+03
124 -0.02240 -3.97335e+03 |125 -0.03042 -3.97311e+03 |126 -0.03762 -3.97260e+03
127 -0.03620 -3.97289e+03 |128 -0.04866 -3.85482e+03 |129  0.00283 -3.86752e+03
130  0.06955 -3.37092e+03 |131  0.06943 -3.36702e+03 |132  0.07006 -3.36660e+03
133  0.00923 -3.46689e+03 |134  0.07947 -3.42682e+03 |135 -0.14066 -3.42726e+03
136 -0.08678 -3.47936e+03 |137  0.03764 -3.53049e+03 |138 -0.03527 -2.91719e+03
139  0.01254 -2.80800e+03 |140  0.03403 -2.78898e+03 |141  0.14339 -1.53203e+03
142 -0.07505 -1.61713e+03 |143 -0.00589 -1.61139e+03 |144  0.00298 -1.60981e+03
145  0.18560 -1.57572e+03 |146 -0.29341 -1.57650e+03 |147  0.02294 -1.43802e+03
148  0.01311 -1.40941e+03 |149 -0.03249 -1.44298e+03 |150 -0.00532 -9.25051e+02
151  0.03087 -4.35476e+02 |152  0.00961 -4.08480e+02 |153  0.01850 -2.60863e+02
154 -0.06211 -2.90801e+02 |155 -0.07803  8.25867e+02 |156  0.12225  8.51902e+02
157  0.09512  1.19630e+03 |158 -0.07675  1.15774e+03 |159 -0.05709  1.09561e+03
160  0.04509  1.03816e+03 |161 -0.03545  1.00787e+03 |162  0.04125  8.72072e+02
163 -0.03508  8.42841e+02 |164 -0.02399  8.51368e+02 |165  0.00937  7.66125e+02
166 -0.00733  8.43085e+02 |167  0.02144  8.48958e+02 |168 -0.01228  9.16640e+02
169 -0.02236  8.45645e+02 |170  0.01681  7.33136e+02 |171  0.03372  8.95268e+02
172 -0.03770  8.74934e+02 |173  0.02482  7.83405e+02 |174  0.05392  6.90785e+02
175  0.00051  6.20678e+02 |176 -0.01369  6.18190e+02 |177  0.00113  6.22548e+02
178  0.01440  6.25853e+02 |179  0.00145  5.57129e+02 |180 -0.05451  5.00473e+02
181  0.00222  5.18143e+02 |182  0.02195  4.97388e+02 |183 -0.02391  4.38411e+02
184 -0.00490  4.91968e+02 |185 -0.00386  5.01439e+02 |186  0.01845  5.19683e+02
187 -0.00443  4.60842e+02 |188 -0.00000  8.86952e-17 |189  0.00310 -1.54746e+04
190  0.01777 -1.54861e+04 |191 -0.05260 -1.56598e+04 |192  0.00623 -1.57605e+04
193  0.07057 -1.38543e+04 |194  0.00567 -1.39553e+04 |195  0.05032 -1.39027e+04
196  0.06065 -1.37647e+04 |197 -0.10189 -1.37080e+04 |198 -0.03193 -1.33921e+04
199 -0.03152 -1.06342e+04 |200 -0.03066 -1.06342e+04 |201  0.06136 -5.51726e+03
202 -0.04841 -5.72933e+03 |203  0.05200 -5.95696e+03 |204  0.00314 -6.67871e+03
205 -0.03769 -6.73440e+03 |206  0.00395 -6.51288e+03 |207 -0.05399 -4.96111e+03
208  0.00667 -4.28717e+03 |209  0.05867 -2.58502e+03 |210  0.12232 -1.77181e+03
211 -0.16591 -1.81380e+03 |212 -0.11366 -1.98684e+03 |213  0.14654 -1.89259e+03
214 -0.04109 -2.00683e+03 |215 -0.03636 -4.15478e+02 |216  0.08172 -2.13532e+03
217 -0.07171 -2.74809e+03 |218  0.07254 -1.51675e+03 |219 -0.01068 -1.41839e+03
220  0.00404 -1.33002e+03 |221 -0.00948 -1.61166e+03 |222 -0.02396 -3.31282e+03
223 -0.05029 -9.99960e+02 |224  0.03669 -1.03338e+03 |225  0.06170 -4.42729e+02
226  0.02804  8.42131e+02 |227 -0.07362  7.17793e+02 |228  0.01393  6.20453e+02
229  0.03188  9.67537e+01 |230 -0.03038 -4.40805e+02 |231  0.01331 -4.60364e+02
232  0.01395 -8.16391e+02 |233 -0.07015 -1.55765e+03 |234  0.07419 -2.49106e+03
235 -0.05388 -3.14300e+03 |236  0.14169 -2.88726e+03 |237 -0.04482 -3.07030e+03
238 -0.06727 -3.20605e+03 |239 -0.01343 -3.30054e+03 |240  0.02300 -3.06012e+03
241 -0.01937 -3.40455e+03 |242  0.00257 -2.95964e+03 |243  0.00184 -2.59006e+03
244  0.01300 -1.59402e+03 |245  0.01565 -1.55039e+03 |246 -0.05912 -1.65196e+03
247  0.03463 -1.93621e+03 |248 -0.00067 -2.60878e+03 |249  0.01181 -2.59497e+03
250 -0.02718 -2.94646e+03 |251  0.01085 -2.99762e+03 |252 -0.01264 -2.87709e+03
253 -0.00278 -2.45672e+03 |254 -0.05632 -2.07177e+03 |255  0.04018 -1.31637e+03
256 -0.00000 -3.98112e-14 |257  0.11794 -2.91955e+04 |258 -0.04294 -2.97130e+04
259  0.00146 -3.01536e+04 |260 -0.03240 -3.03712e+04 |261 -0.00796 -2.88337e+04
262 -0.00782 -2.81697e+04 |263 -0.08093 -2.78225e+04 |264 -0.00561 -2.28534e+04
265  0.08424 -1.05391e+04 |266 -0.07983 -1.13293e+04 |267  0.06387 -1.02009e+04
268 -0.04335 -9.20835e+03 |269  0.01378 -4.25594e+03 |270  0.03792 -5.10932e+03
271 -0.01492 -5.45441e+03 |272  0.04256 -5.57046e+03 |273 -0.07849 -5.40178e+03
274  0.02453 -3.95794e+03 |275 -0.02755 -4.11711e+03 |276  0.02656 -3.01663e+03
277 -0.01178 -2.81531e+03 |278  0.03720 -3.05062e+03 |279  0.01939 -4.89072e+03
280  0.05408 -6.11895e+03 |281 -0.09609 -6.12497e+03 |282 -0.06313 -6.30646e+03
283  0.15369 -5.46299e+03 |284 -0.13900 -7.49105e+03 |285  0.06443 -6.72106e+03
286 -0.04185 -5.99159e+03 |287  0.00069 -6.30445e+03 |288  0.01601 -6.05033e+03
289  0.04434 -6.71216e+03 |290 -0.05552 -9.69967e+03 |291  0.24671 -8.49913e+03
292 -0.18990 -8.92642e+03 |293 -0.05143 -8.96714e+03 |294  0.04192 -4.79720e+03
295  0.02767 -3.86062e+03 |296 -0.01433 -4.04815e+03 |297 -0.00870 -4.57087e+03
298 -0.00957 -5.13231e+03 |299 -0.00007 -4.76188e+03 |300  0.01186 -4.64207e+03
301  0.05417 -4.62829e+03 |302 -0.06526 -5.96696e+03 |303  0.03158 -5.57257e+03
304 -0.04914 -6.16136e+03 |305  0.02642 -5.19408e+03 |306 -0.01233 -4.34030e+03
307  0.00470 -3.11052e+03 |308 -0.01259 -2.47898e+03 |309  0.02118 -1.60002e+03
310 -0.00302 -5.04464e+02 |311  0.00297  8.18993e+02 |312  0.00531  1.75764e+03
313  0.00567  2.24912e+03 |314  0.03696  2.56150e+03 |315 -0.03163  2.15638e+03
316 -0.00124  1.21118e+03 |317 -0.00829  7.84202e+02 |318  0.01339  1.12024e+03
319 -0.00619  7.58926e+02 |320  0.00941  2.50271e+02 |321 -0.00047  1.32215e+02
322  0.04662 -1.13046e+03 |323 -0.05127 -4.26618e+02 |324  0.00000  1.76157e-14
324 variables; iteration 80; function evaluation 94; phase 5
Function value 8.5503148e+03; maximum gradient component mag 1.2477e+04
Var    Value     Gradient |Var    Value     Gradient |Var    Value     Gradient
  1  0.02270  2.13291e+03 |  2  0.01188 -7.79172e+00 |  3  0.29474  2.13474e+01
  4 -0.87791 -2.53649e+01 |  5  0.01315  3.66108e+01 |  6  0.31522  2.76008e+02
  7 -0.16752 -8.94384e+01 |  8 -0.24895 -8.14387e+01 |  9  0.23519 -7.28708e+01
 10  0.12406 -9.33557e+01 | 11  1.75826  1.28121e+02 | 12  0.43690  3.62938e+02
 13 -0.20071  3.04174e+02 | 14 -0.95858 -1.06980e+01 | 15 -0.07210 -1.92493e+02
 16  0.02665 -9.60866e+01 | 17  0.37307 -5.81070e+01 | 18 -0.96140 -9.97150e+00
 19 -0.92701 -3.72210e+01 | 20  0.19591 -4.82937e+01 | 21  0.26082  1.35317e+02
 22  0.72807  4.52407e+02 | 23  0.15538  4.16763e+02 | 24  0.52869  3.60686e+02
 25  0.54432  5.86719e+02 | 26 -0.13758 -1.09490e+02 | 27 -0.03141 -2.84612e+01
 28  0.35003  3.99617e+02 | 29  0.34205  5.00853e+00 | 30  0.06907  1.94980e+01
 31 -0.64312 -9.38186e+01 | 32  0.26264  1.26865e+02 | 33  0.08656 -7.52310e+01
 34 -0.04300 -3.47401e+01 | 35  0.26895  1.76544e+02 | 36 -0.72236 -1.00033e+02
 37 -0.53344 -2.41998e+02 | 38 -0.00593 -4.31466e+02 | 39 -0.34521 -1.63798e+02
 40  0.22032  1.53501e+02 | 41 -0.19523 -6.22301e+02 | 42  0.05753  5.88192e+00
 43 -0.14603 -5.61283e+02 | 44  0.16265 -1.09848e+03 | 45 -0.02906  1.06152e+02
 46 -0.04442 -2.19378e+01 | 47 -0.01680 -1.94496e+02 | 48 -0.07348  3.41364e+01
 49  0.11516  1.02946e+02 | 50  0.01865  4.00332e+02 | 51 -0.02721 -5.39146e+01
 52  0.02118  3.62179e+02 | 53 -0.03329  5.29390e+01 | 54  0.05854 -6.13514e+02
 55  0.06934  4.29796e+03 | 56 -0.08380 -1.30047e+02 | 57 -0.09996 -4.35975e+02
 58  0.04922 -1.10165e+03 | 59 -0.12341 -1.03557e+03 | 60 -0.04604 -2.57416e+02
 61 -0.03745 -6.26910e+02 | 62  0.04487  2.01661e+01 | 63  0.07324  3.93375e+02
 64 -0.07089  8.75492e+00 | 65 -0.02092 -2.91365e+02 | 66  0.02654 -3.94673e+01
 67 -0.00522 -1.35781e+02 | 68 -0.05159  1.17968e+01 | 69 -0.00324 -2.92497e+02
 70  0.01327  1.95785e+01 | 71  0.14477 -2.84978e+02 | 72 -0.06256  3.84735e+02
 73 -0.05596 -2.46904e+01 | 74 -0.02462  3.13101e+02 | 75  0.00621 -3.62788e+02
 76 -0.12685 -2.30417e+02 | 77 -0.68656 -4.35510e+00 | 78 -0.94688 -4.67407e+01
 79 -0.84213  1.24668e+02 | 80 -0.98136 -3.26475e+01 | 81 -0.81724 -4.05950e+00
 82 -0.91055 -1.36161e+02 | 83 -0.83742  4.94764e+01 | 84 -0.81288  7.42434e+01
 85 -0.85987  3.87326e+01 | 86 -0.97900 -1.45331e+01 | 87 -0.88841 -9.99429e+01
 88 -0.76455  9.29280e+01 | 89 -0.75624  9.36742e+01 | 90 -0.81114  9.59564e+01
 91 -0.79743  9.29304e+01 | 92 -0.82222  6.88129e+01 | 93 -0.81602  6.69211e+01
 94 -0.83178  5.34927e+01 | 95 -0.99865 -2.21902e+00 | 96 -0.87590  1.00469e+02
 97 -0.85110  4.72387e+01 | 98 -0.91617  2.49787e+01 | 99 -0.90972  7.04394e+01
100 -0.97930 -4.19885e-05 |101  0.24858  1.90534e+01 |102  0.29714 -9.99536e+02
103  0.12072 -1.02286e+03 |104  0.10219  3.72457e+03 |105 -0.18618 -2.18043e+03
106 -0.21986 -1.43806e+03 |107 -0.28745 -7.67451e+02 |108  0.00119  1.24774e+04
109  0.15949  4.85042e+02 |110 -0.02793  2.12403e+03 |111  0.16131  1.23554e+03
112 -0.78441 -2.83314e-01 |113  0.28323 -7.06480e-01 |114 -0.01563  1.50357e+03
115 -0.76189  1.03927e+02 |116  0.26277  6.33315e+02 |117 -1.57378 -3.14669e+02
118 -0.31095  1.91865e+02 |119  0.99935  1.27261e-01 |120  0.99920  1.45886e-01
121  0.16256  1.21450e+02 |122 -0.01407  8.23552e+01 |123  0.03616  9.45989e+01
124 -0.04915  7.34988e+01 |125 -0.06194  7.03334e+01 |126 -0.07284  6.74964e+01
127 -0.06951  6.83465e+01 |128 -0.03587  8.26839e+01 |129  0.07446  8.15021e+01
130  0.03325  1.48145e+02 |131  0.03242  1.47969e+02 |132  0.03371  1.48227e+02
133  0.15794  5.32374e+02 |134  0.30796  5.16647e+02 |135 -0.37627  3.51263e+02
136 -0.11779  4.73290e+02 |137 -0.03087  5.86110e+02 |138 -0.05290  5.53881e+02
139  0.07169  7.22566e+02 |140 -0.00744  7.95058e+02 |141  0.05515  8.73325e+02
142 -0.11703  6.48570e+02 |143  0.03883  6.73717e+02 |144  0.05593  6.77204e+02
145  0.45451  5.59697e+02 |146 -0.52571  3.54057e+02 |147  0.06023  4.83436e+02
148 -0.10354  4.29649e+02 |149  0.05142  4.81215e+02 |150  0.01720  9.74338e+02
151  0.00387  1.21894e+03 |152  0.01768  1.21549e+03 |153  0.10133  1.67279e+03
154 -0.13411  1.60013e+03 |155 -0.07412  2.00042e+03 |156  0.15641  2.24674e+03
157  0.09659  2.20802e+03 |158 -0.15826  2.10453e+03 |159 -0.04631  2.14679e+03
160  0.10716  2.16452e+03 |161 -0.03510  2.12504e+03 |162  0.09823  1.95986e+03
163 -0.07980  1.92340e+03 |164 -0.09027  1.88621e+03 |165  0.02563  1.80681e+03
166  0.00233  1.78205e+03 |167 -0.00061  1.73555e+03 |168 -0.00836  1.76371e+03
169 -0.03735  1.70538e+03 |170  0.04951  1.63611e+03 |171  0.06860  1.09238e+03
172 -0.08149  1.01682e+03 |173  0.00443  8.67414e+02 |174  0.06929  7.91334e+02
175  0.07173  7.31303e+02 |176  0.02499  7.23329e+02 |177  0.02599  7.23529e+02
178  0.01172  7.20490e+02 |179 -0.02129  7.12015e+02 |180 -0.14049  6.66577e+02
181 -0.04984  6.87864e+02 |182  0.02501  7.75929e+02 |183  0.01529  7.53835e+02
184 -0.01059  6.80462e+02 |185 -0.00937  6.62350e+02 |186  0.01296  6.20601e+02
187 -0.01168  5.34499e+02 |188 -0.00000  1.46120e-17 |189  0.03398 -4.64857e+03
190  0.02599 -4.65330e+03 |191 -0.07570 -4.75894e+03 |192 -0.01086 -4.71799e+03
193  0.07722 -3.47740e+03 |194  0.02818 -3.48680e+03 |195  0.06335 -3.46434e+03
196  0.10448 -3.41915e+03 |197 -0.16509 -3.44057e+03 |198 -0.02488 -3.54234e+03
199 -0.04326 -3.70756e+03 |200 -0.04307 -3.70765e+03 |201  0.03843 -2.56752e+03
202 -0.00348 -2.80793e+03 |203  0.00716 -2.94294e+03 |204 -0.06434 -4.64774e+03
205  0.08482 -4.18042e+03 |206 -0.07448 -5.04201e+03 |207 -0.03598 -3.90636e+03
208  0.09692 -3.91662e+03 |209 -0.01853 -4.02980e+03 |210  0.11870 -2.44313e+03
211 -0.15116 -2.50434e+03 |212 -0.28215 -2.41772e+03 |213  0.33593 -2.33160e+03
214 -0.03685 -3.97956e+03 |215 -0.14624 -5.03421e+03 |216  0.19599 -6.17062e+03
217 -0.12822 -7.04353e+03 |218  0.08796 -4.19158e+03 |219  0.02323 -4.54202e+03
220 -0.05835 -4.63860e+03 |221  0.04672 -3.56160e+03 |222 -0.05145 -3.60420e+03
223 -0.17264 -2.14615e+03 |224  0.19675 -2.44169e+03 |225  0.03666 -2.43542e+03
226  0.08297 -1.77770e+03 |227 -0.12785 -1.85316e+03 |228  0.00730 -2.03291e+03
229  0.01200 -2.15664e+03 |230 -0.01367 -2.46933e+03 |231  0.01162 -2.26046e+03
232  0.09316 -1.95453e+03 |233 -0.09399 -2.13930e+03 |234  0.00713 -2.67532e+03
235 -0.01310 -2.99899e+03 |236  0.15478 -2.97567e+03 |237 -0.03158 -3.15647e+03
238 -0.11038 -3.22009e+03 |239 -0.00249 -4.00596e+03 |240 -0.00044 -3.87678e+03
241 -0.00524 -3.90857e+03 |242 -0.00560 -3.69887e+03 |243  0.00687 -2.68600e+03
244  0.00943 -1.06601e+03 |245  0.00132 -3.68786e+02 |246 -0.06435 -3.04586e+02
247  0.05163 -1.34664e+02 |248 -0.00030  2.36837e+02 |249  0.00895  6.42968e+02
250 -0.02122  6.28708e+02 |251  0.01820  1.06909e+03 |252 -0.00297  1.14142e+03
253 -0.00597  3.26060e+02 |254 -0.13054  4.84534e+02 |255  0.01928  5.43400e+02
256 -0.00000 -2.61503e-14 |257  0.12707 -4.22300e+03 |258 -0.15461 -4.24909e+03
259  0.04337 -4.03359e+03 |260 -0.00158 -3.93123e+03 |261 -0.01735 -2.94897e+03
262  0.12842 -1.63035e+03 |263 -0.18952 -1.66779e+03 |264 -0.00382  3.10343e+02
265  0.03950  1.09265e+03 |266 -0.03139 -2.13675e+02 |267 -0.00149  1.71296e+02
268  0.00835  9.36825e+02 |269  0.02580  2.04491e+03 |270  0.01791  1.15048e+03
271  0.01781  1.23994e+03 |272  0.01269  4.78797e+02 |273 -0.07033  1.12734e+03
274  0.07016  3.62329e+03 |275 -0.12059  2.76409e+03 |276  0.03425  3.51230e+03
277  0.00961  3.07277e+03 |278  0.02976  4.53794e+03 |279  0.01523  4.48271e+03
280  0.26315  3.41049e+03 |281 -0.30788  3.02706e+03 |282 -0.03033  2.04328e+03
283  0.20517  2.83475e+03 |284 -0.22602  1.40162e+03 |285  0.09710  2.34275e+03
286 -0.04912  3.40452e+03 |287 -0.00839  2.98509e+03 |288  0.03000  1.94914e+03
289  0.00608  1.24598e+03 |290  0.02470  2.31378e+02 |291  0.24637 -7.25644e+02
292 -0.25398 -1.22492e+03 |293 -0.03518 -1.20326e+03 |294  0.03687  8.84696e+02
295  0.02651  9.03910e+02 |296 -0.01553  5.30488e+02 |297 -0.00440  2.90303e+01
298 -0.00217 -1.34455e+03 |299 -0.00869 -1.57368e+03 |300  0.00622 -1.89438e+03
301  0.00227 -2.45070e+03 |302 -0.00661 -3.00911e+03 |303  0.00622 -3.34458e+03
304 -0.02626 -3.45606e+03 |305  0.02915 -2.66311e+03 |306 -0.01749 -2.69584e+03
307 -0.01519 -2.17516e+03 |308  0.01488 -9.79003e+02 |309  0.01454 -5.75983e+02
310 -0.00115 -1.79736e+02 |311 -0.00418  8.43388e+02 |312  0.00497  2.04077e+03
313  0.00675  2.84032e+03 |314  0.05807  3.39430e+03 |315 -0.05498  3.48552e+03
316  0.00608  3.51732e+03 |317 -0.00751  2.97482e+03 |318  0.01083  2.95671e+03
319 -0.01024  2.94595e+03 |320  0.00891  2.47597e+03 |321 -0.00302  1.44664e+03
322  0.12620  5.49689e+02 |323 -0.02164  5.36071e+02 |324  0.00000  5.75590e-14
324 variables; iteration 100; function evaluation 118; phase 5
Function value 8.1894574e+03; maximum gradient component mag 1.4647e+04
Var    Value     Gradient |Var    Value     Gradient |Var    Value     Gradient
  1  0.01485 -6.49213e+01 |  2  0.19754  1.11806e+02 |  3 -0.15342 -9.16044e+01
  4 -0.73518 -5.31540e+01 |  5 -0.28790 -6.96830e+01 |  6  0.15734  1.11273e+02
  7 -0.70417 -5.94421e+01 |  8 -0.75826 -7.96812e+01 |  9  0.01315 -2.22043e+02
 10  0.05112 -2.04256e+02 | 11  2.03385  3.69862e+02 | 12  0.30004  2.32205e+02
 13 -0.14952  2.64520e+02 | 14 -0.89939 -2.64518e+01 | 15 -0.39986  1.48676e+01
 16  0.19405 -4.73274e+02 | 17  0.09928  3.55905e+01 | 18 -0.90869 -2.55997e+01
 19 -0.73333 -1.33836e+02 | 20  0.07382 -8.82658e+01 | 21  0.31186  2.41688e+02
 22  0.34474  9.62949e+01 | 23  0.17196  2.53047e+02 | 24  0.40086  3.88805e+02
 25  0.34745  4.11185e+02 | 26 -0.24144 -2.40130e+02 | 27  0.27514  2.83707e+02
 28  0.24044  2.54577e+02 | 29  0.26480  1.33495e+01 | 30  0.03166  6.60519e+01
 31 -0.22482 -3.43940e+01 | 32  0.22814  1.09761e+02 | 33  0.08122 -6.69964e+01
 34  0.01070 -2.65909e+01 | 35  0.25873  2.33834e+02 | 36 -1.27683  9.43626e+01
 37 -0.71868 -1.80447e+02 | 38  0.14644 -3.69836e+01 | 39 -0.53352 -1.16915e+02
 40  0.24541 -9.75807e+00 | 41 -0.25342 -5.99262e+02 | 42  0.09487  1.01737e+02
 43 -0.04769 -9.27026e+01 | 44  0.18731 -1.41261e+03 | 45  0.01114  2.53177e+02
 46 -0.01022  5.10105e+01 | 47  0.01745 -9.73351e+01 | 48 -0.04617  5.99380e+00
 49  0.15186  3.92417e+02 | 50  0.04119  2.23607e+02 | 51  0.00326 -4.94455e+01
 52  0.05749  5.80180e+02 | 53 -0.00430  1.47055e+01 | 54  0.09406 -2.31184e+02
 55  0.08300  3.36706e+03 | 56 -0.04635  1.14504e+02 | 57 -0.07908 -6.18818e+02
 58  0.07607 -1.13850e+03 | 59 -0.11483 -1.44194e+03 | 60 -0.01674 -1.04498e+02
 61 -0.01553 -8.31660e+02 | 62  0.07730  4.07472e+02 | 63  0.09571  1.57154e+02
 64 -0.04929 -1.71967e+02 | 65  0.00688 -3.10607e+02 | 66  0.06392  5.34229e+02
 67  0.02824  1.05280e+02 | 68 -0.02163  5.14781e+01 | 69  0.02390 -3.16024e+02
 70  0.04605  3.21811e+02 | 71  0.17044  3.98849e+01 | 72 -0.04183  2.98319e+02
 73 -0.02702  8.20627e+01 | 74 -0.00727 -1.36955e+02 | 75  0.04095 -1.05854e+02
 76 -0.10111 -2.48662e+02 | 77 -0.66247 -7.03975e+01 | 78 -0.75689  5.46981e+01
 79 -0.86488  9.64499e+01 | 80 -0.78175 -6.25018e+00 | 81 -0.85632 -6.11994e+01
 82 -0.82080  1.25168e+02 | 83 -0.86003  3.40822e+01 | 84 -0.83356  6.28381e+01
 85 -0.88247 -1.70953e+01 | 86 -0.89465 -7.01551e+01 | 87 -0.83796  8.43494e+01
 88 -0.82155 -4.28281e+00 | 89 -0.80146  3.51065e+01 | 90 -0.84973  1.37259e+01
 91 -0.83893  3.69878e+01 | 92 -0.84931  3.92414e+01 | 93 -0.85067  1.91604e+01
 94 -0.86758 -1.21378e+01 | 95 -0.97667 -5.16660e+01 | 96 -0.89148  8.81168e+01
 97 -0.86957  4.72981e+01 | 98 -0.92778 -4.04560e+01 | 99 -0.92472  1.00440e+01
100 -0.97930 -4.19878e-05 |101  0.30648 -6.86922e+02 |102  0.31239  2.69638e+02
103  0.18555 -2.62112e+03 |104  0.08631 -1.60686e+03 |105 -0.17983 -1.89408e+03
106 -0.21406 -1.34225e+03 |107 -0.29561 -1.22006e+03 |108  0.00051  1.46466e+04
109  0.16629  4.03408e+03 |110 -0.02981  2.66008e+03 |111  0.15973  1.36127e+03
112 -0.84721 -1.80352e-01 |113  0.17874 -4.32774e+01 |114 -0.03099  7.55641e+02
115 -0.75853 -1.33983e+02 |116  0.24830  2.95349e+02 |117 -1.63672 -2.90735e+02
118 -0.44421  5.06568e+00 |119  0.99934  1.28214e-01 |120  0.99898  1.98685e-01
121  0.25668 -2.91357e+03 |122  0.00289 -3.22845e+03 |123  0.06316 -3.19784e+03
124 -0.08066 -3.22301e+03 |125 -0.09948 -3.21401e+03 |126 -0.11560 -3.20401e+03
127 -0.10947 -3.20806e+03 |128 -0.05772 -3.22983e+03 |129  0.11393 -3.15876e+03
130  0.01924 -2.10113e+03 |131  0.02261 -2.09996e+03 |132  0.02484 -2.09830e+03
133  0.15929 -1.43785e+03 |134  0.43753 -1.10100e+03 |135 -0.58697 -9.96470e+02
136 -0.07906 -1.57835e+03 |137  0.01374 -1.35707e+03 |138 -0.02031 -1.44362e+03
139  0.10306 -1.40594e+03 |140 -0.11922 -1.47942e+03 |141  0.00689 -1.59802e+03
142 -0.09082 -9.21146e+02 |143  0.07882 -8.48767e+02 |144  0.03694 -7.68925e+02
145  0.84766 -9.76307e+01 |146 -0.85491 -1.62124e+02 |147  0.06325 -7.44154e+02
148 -0.12262 -8.05886e+02 |149  0.03946 -7.70948e+02 |150  0.04049 -1.07315e+01
151 -0.02171  4.16325e+02 |152  0.06748  4.23903e+02 |153  0.14071  4.66491e+02
154 -0.19838  3.76475e+02 |155 -0.04069  5.55378e+02 |156  0.00790  6.71390e+02
157  0.12931  8.69762e+02 |158 -0.12864  8.06049e+02 |159 -0.01136  8.51364e+02
160  0.12311  1.20186e+03 |161 -0.07323  1.14008e+03 |162  0.14728  1.00678e+03
163 -0.15154  9.34026e+02 |164 -0.13279  9.41539e+02 |165  0.09660  1.02115e+03
166  0.01710  1.20766e+03 |167 -0.00753  1.20697e+03 |168  0.08467  1.37634e+03
169 -0.07118  1.30330e+03 |170  0.00983  1.24448e+03 |171  0.13344  6.40852e+02
172 -0.15500  5.66940e+02 |173  0.00708  4.09561e+02 |174  0.14595  3.15350e+02
175  0.12971  3.08103e+02 |176  0.00626  2.84357e+02 |177 -0.01663  2.78631e+02
178 -0.03675  2.73308e+02 |179 -0.05510  2.68234e+02 |180 -0.15891  2.36228e+02
181 -0.03477  2.71134e+02 |182  0.02438  4.80287e+02 |183  0.07047  5.18790e+02
184 -0.03142  4.18210e+02 |185  0.00013  4.01725e+02 |186  0.02242  3.41921e+02
187 -0.00868  2.53890e+02 |188 -0.00000  1.99223e-19 |189  0.10959  1.28147e+03
190 -0.05327  1.25625e+03 |191 -0.05480  1.13743e+03 |192 -0.04047  1.09548e+03
193  0.10513  1.21727e+03 |194  0.01199  1.22017e+03 |195  0.05933  1.22670e+03
196  0.10924  1.22626e+03 |197 -0.20840  1.09664e+03 |198  0.01339 -1.01610e+03
199 -0.04323 -1.04604e+03 |200 -0.04789 -1.04378e+03 |201  0.03138  3.78804e+02
202  0.09772 -5.81121e+02 |203 -0.12392 -6.50070e+02 |204  0.01044 -2.31277e+03
205  0.02896 -2.16822e+03 |206 -0.04377 -2.72096e+03 |207 -0.03064 -2.18234e+03
208  0.14861 -2.65006e+03 |209 -0.11840 -3.04341e+03 |210  0.12521 -1.63492e+03
211 -0.12407 -1.67887e+03 |212 -0.48426 -9.13329e+02 |213  0.52201 -4.89066e+02
214 -0.01544 -1.96589e+03 |215 -0.17076 -2.72275e+03 |216  0.20795 -3.30517e+03
217 -0.11337 -3.79727e+03 |218  0.07595 -2.82702e+03 |219  0.05760 -2.55601e+03
220 -0.09614 -3.48005e+03 |221 -0.04196 -3.76374e+03 |222  0.05390 -4.15823e+03
223 -0.21313 -2.87482e+03 |224  0.25993 -2.40719e+03 |225  0.00201 -2.67772e+03
226  0.25456 -8.33258e+02 |227 -0.28543 -9.31685e+02 |228  0.00361 -3.35823e+02
229  0.01096 -4.44212e+02 |230 -0.00811 -6.36729e+02 |231  0.00279 -1.21227e+03
232  0.11328 -4.83940e+02 |233 -0.11189 -5.29462e+02 |234  0.00614 -4.97342e+02
235 -0.02436 -6.03663e+02 |236  0.08267 -5.36593e+02 |237 -0.07482 -8.83301e+02
238  0.02171 -2.52771e+02 |239 -0.00613 -1.57567e+03 |240  0.00530 -1.71651e+03
241 -0.00600 -2.00421e+03 |242 -0.00456 -1.75084e+03 |243  0.00845 -7.79657e+02
244  0.00914  5.69488e+02 |245  0.00831  9.85103e+02 |246 -0.01683  9.04886e+02
247 -0.00004  4.51296e+02 |248 -0.00605  3.68474e+02 |249  0.00525  8.98886e+02
250 -0.01532  1.02550e+03 |251  0.01300  1.46244e+03 |252 -0.00529  1.70736e+03
253  0.00281  1.41480e+03 |254 -0.14077  1.36119e+03 |255  0.03459  1.07579e+03
256 -0.00000 -2.67665e-14 |257  0.14102 -1.10900e+04 |258 -0.19404 -1.09216e+04
259  0.04139 -1.13271e+04 |260  0.02091 -1.12965e+04 |261 -0.03539 -1.13415e+04
262  0.32297 -9.03748e+03 |263 -0.36696 -8.80489e+03 |264 -0.00110 -6.24057e+03
265  0.00395 -4.82287e+03 |266  0.02489 -5.98579e+03 |267 -0.06293 -5.72648e+03
268  0.05691 -4.82081e+03 |269  0.02692 -3.51407e+03 |270 -0.00204 -5.38632e+03
271  0.04735 -5.61590e+03 |272 -0.04159 -7.47635e+03 |273 -0.01682 -7.07911e+03
274  0.03099 -5.86140e+03 |275 -0.06511 -6.13418e+03 |276 -0.01269 -4.74456e+03
277  0.04906 -5.61707e+03 |278 -0.01157 -4.21505e+03 |279  0.01094 -3.92244e+03
280  0.49219 -2.60042e+03 |281 -0.50466 -2.48054e+03 |282 -0.04245 -4.60576e+03
283  0.22213 -3.37567e+03 |284 -0.20340 -4.22791e+03 |285  0.05470 -3.52657e+03
286 -0.05156 -3.98151e+03 |287 -0.01395 -3.77642e+03 |288  0.04129 -5.50784e+03
289  0.10293 -6.26873e+03 |290 -0.09655 -6.74723e+03 |291  0.26393 -6.00040e+03
292 -0.25513 -5.86830e+03 |293 -0.04943 -6.64923e+03 |294  0.04650 -3.84991e+03
295  0.01325 -3.74548e+03 |296 -0.00226 -3.13282e+03 |297 -0.00686 -3.60386e+03
298  0.00130 -4.63374e+03 |299 -0.01583 -5.54657e+03 |300  0.00784 -5.37752e+03
301  0.00416 -5.59591e+03 |302 -0.00585 -5.67829e+03 |303  0.02443 -5.78537e+03
304 -0.02525 -6.49525e+03 |305  0.01232 -7.17118e+03 |306 -0.01190 -6.78098e+03
307 -0.01567 -7.39339e+03 |308 -0.00155 -6.61784e+03 |309  0.01681 -5.84250e+03
310 -0.00685 -5.02017e+03 |311 -0.00497 -3.03208e+03 |312  0.00307 -1.19159e+03
313  0.01985  5.51284e+02 |314  0.00569  1.17190e+03 |315 -0.00749  1.07171e+03
316  0.00468  1.38199e+03 |317 -0.00095  1.72622e+03 |318  0.00456  1.93172e+03
319 -0.00717  2.20121e+03 |320  0.00902  2.21652e+03 |321 -0.00453  1.83570e+03
322  0.14167  1.43255e+03 |323 -0.03559  1.06288e+03 |324  0.00000  1.40652e-13
324 variables; iteration 120; function evaluation 141; phase 5
Function value 7.8124220e+03; maximum gradient component mag 8.7953e+03
Var    Value     Gradient |Var    Value     Gradient |Var    Value     Gradient
  1 -0.00186  7.08988e+03 |  2  0.25327  2.76250e+02 |  3 -1.06152  1.31095e+01
  4 -0.28737 -1.16547e+02 |  5 -0.79539 -4.10556e+01 |  6  0.11747  2.72638e+02
  7 -2.06246 -9.95816e+01 |  8 -1.85077 -1.52783e+02 |  9 -0.08585 -1.09779e+02
 10  0.05324  5.30371e+01 | 11  1.90267  3.76101e+02 | 12  0.11131  4.55207e+02
 13 -0.22812  1.48436e+01 | 14 -0.69435 -8.36554e+01 | 15 -0.35689 -3.03977e+01
 16  0.27129 -2.42890e+02 | 17 -0.06406  3.30560e+02 | 18 -0.70617 -1.03559e+02
 19 -0.00721  1.86618e+02 | 20 -0.08322 -3.07579e+02 | 21  0.05461  1.46880e+02
 22 -0.00299 -3.70113e+02 | 23  0.14644  3.65201e+02 | 24  0.22515  3.12104e+02
 25  0.16903 -1.72311e+01 | 26 -0.23208 -2.78534e+02 | 27  0.16925  2.74360e+02
 28  0.11238 -2.80421e+01 | 29  0.12614 -4.11657e+02 | 30 -0.07207 -1.01344e+01
 31  0.12104  4.96398e+02 | 32  0.14259 -2.68766e+01 | 33 -0.04680 -1.38301e+02
 34  0.14623  1.60528e+02 | 35  0.15413  8.38352e+01 | 36 -1.98882 -4.26059e+02
 37 -0.79339 -1.22237e+02 | 38  0.12284  1.85259e+02 | 39 -0.89278 -3.32486e+01
 40  0.23956  1.12296e+02 | 41 -0.10024 -6.67124e+02 | 42  0.12013  1.54858e+02
 43  0.01668  8.37210e+02 | 44  0.19651 -1.64109e+03 | 45  0.06635  1.22625e+03
 46  0.00937  1.37513e+02 | 47  0.02312 -2.84570e+02 | 48 -0.03187  1.06139e+02
 49  0.17038  1.12817e+03 | 50  0.02666 -4.10776e+02 | 51  0.00958 -1.87772e+01
 52  0.06916  6.52838e+02 | 53 -0.01460 -2.21237e+02 | 54  0.10843  2.09259e+02
 55  0.06792  2.25202e+03 | 56 -0.03952  9.87769e+01 | 57 -0.06571 -4.55502e+02
 58  0.08323 -1.27724e+03 | 59 -0.11370 -1.64647e+03 | 60 -0.00110  2.17612e+01
 61  0.00003 -7.39668e+02 | 62  0.09237  6.19753e+02 | 63  0.10287 -1.21936e+02
 64 -0.03606 -1.61039e+02 | 65  0.02707  1.20634e+02 | 66  0.08058  1.02255e+03
 67  0.03650 -5.10930e+01 | 68 -0.02472 -4.70377e+02 | 69  0.03699 -2.49616e+02
 70  0.05708  4.06051e+02 | 71  0.18116 -6.00728e+01 | 72 -0.04097  3.34039e+01
 73 -0.01681  5.64455e+00 | 74  0.00237 -8.28161e+01 | 75  0.04888 -1.63137e+02
 76 -0.11467 -3.75525e+02 | 77 -0.58499 -1.04983e+02 | 78 -0.64695  1.22558e+02
 79 -0.83897  2.72992e+01 | 80 -0.58295  2.90045e+02 | 81 -0.84905 -8.67158e+01
 82 -0.81138 -2.93883e+01 | 83 -0.81139  4.24424e+01 | 84 -0.81206  1.47399e+01
 85 -0.93100 -1.19707e+02 | 86 -0.66722  7.68145e+01 | 87 -0.82521 -1.82696e+01
 88 -0.78525 -2.07577e+01 | 89 -0.77599  1.10530e+01 | 90 -0.83816 -3.94688e+01
 91 -0.79952  1.56916e+01 | 92 -0.82321  6.13253e+00 | 93 -0.81881  2.51924e+01
 94 -0.82925  2.14595e+01 | 95 -0.81967 -1.80062e+00 | 96 -0.87613 -5.18601e+00
 97 -0.84574  2.93191e+01 | 98 -0.92184 -8.70453e+01 | 99 -0.92722 -1.63412e+02
100 -0.97930 -4.19863e-05 |101  0.42120 -2.37835e+01 |102  0.38158  1.02919e+03
103  0.28096  9.19103e+02 |104  0.07768 -5.98867e+03 |105 -0.17589 -1.94177e+03
106 -0.21194 -1.28942e+03 |107 -0.28689 -1.32131e+03 |108 -0.00463  8.83448e+02
109  0.17841  6.98548e+03 |110 -0.02826  3.33756e+03 |111  0.15121  7.41680e+02
112 -0.73697 -3.45022e-01 |113  0.18488 -3.93394e+01 |114 -0.06033 -1.07937e+02
115 -0.76568  1.39077e+02 |116  0.29005  6.04384e+02 |117 -1.56374 -1.27941e+02
118 -0.37519  2.84414e+00 |119  0.99939  1.10092e-01 |120  0.99838  2.68942e-01
121  0.29797 -4.88584e+01 |122  0.08344 -1.04182e+02 |123  0.13260 -9.11176e+01
124 -0.10098 -1.48536e+02 |125 -0.13715 -1.55511e+02 |126 -0.16799 -1.60817e+02
127 -0.15020 -1.57834e+02 |128 -0.07663 -1.43039e+02 |129  0.06897 -1.15709e+02
130  0.01064  1.00922e+02 |131  0.02201  1.03625e+02 |132 -0.00331  1.32363e+02
133  0.14673  8.65612e+02 |134  0.59248  5.72212e+02 |135 -0.99910  9.53506e-01
136  0.01417  1.01293e+03 |137  0.20598  9.60415e+02 |138  0.17230  9.68440e+02
139 -0.00358  9.62130e+02 |140 -0.33281  7.66447e+02 |141  0.07863  9.74876e+02
142  0.02783  9.65480e+02 |143  0.05541  9.69483e+02 |144 -0.16772  8.86908e+02
145  1.65136 -8.10932e+02 |146 -1.58737 -6.16408e+02 |147  0.01961  8.07080e+02
148 -0.06540  7.68317e+02 |149  0.04741  8.05518e+02 |150  0.07628  8.02328e+02
151  0.02996  7.52454e+02 |152  0.19593  7.56162e+02 |153  0.07449  7.58971e+02
154 -0.37086  5.50674e+02 |155 -0.09018  6.79118e+02 |156  0.05231  9.23087e+02
157  0.14796  8.56998e+02 |158 -0.13971  7.90401e+02 |159  0.00871  8.46091e+02
160  0.20865  5.91518e+02 |161 -0.04172  5.62707e+02 |162  0.19361  5.91646e+02
163 -0.21629  4.90952e+02 |164 -0.21781  4.89304e+02 |165  0.10927  4.79385e+02
166 -0.02193  3.78830e+02 |167  0.04349  2.85692e+02 |168  0.22257  2.35219e+02
169 -0.07969  1.75563e+02 |170 -0.03012  1.88905e+02 |171  0.20108  2.32602e+02
172 -0.36160  9.39189e+01 |173 -0.01895 -7.16431e+01 |174  0.39905 -1.27161e+02
175  0.21048 -1.87427e+02 |176 -0.03445 -2.57268e+02 |177 -0.10110 -2.70543e+02
178 -0.14825 -2.77697e+02 |179 -0.14981 -2.77899e+02 |180 -0.16745 -2.80349e+02
181 -0.02173 -2.54578e+02 |182  0.01103 -4.32656e+01 |183  0.11492  9.15672e+01
184 -0.00143  9.82609e+00 |185  0.08867  2.16175e+01 |186  0.12087  2.91120e+01
187  0.10671  2.58395e+01 |188 -0.00000 -2.79029e-14 |189  0.38731  4.33543e+03
190 -0.33901  4.40577e+03 |191 -0.04700  5.14233e+03 |192 -0.01605  5.05998e+03
193  0.14995  4.31418e+03 |194 -0.07967  4.34616e+03 |195  0.01061  4.40203e+03
196  0.12245  4.34874e+03 |197 -0.16617  4.20431e+03 |198  0.03477  1.55389e+03
199 -0.03320  1.53579e+03 |200 -0.07970  1.55636e+03 |201  0.02117  6.18747e+03
202  0.09456  4.55804e+03 |203 -0.09707  4.43855e+03 |204  0.07886  3.21174e+03
205 -0.05745  2.90555e+03 |206 -0.02058  2.30013e+03 |207 -0.02104  1.55438e+03
208  0.27370  4.93157e+02 |209 -0.26330  3.78999e+02 |210  0.01092  1.17323e+03
211 -0.00491  7.03272e+02 |212 -0.73796  4.13094e+02 |213  0.74037  8.13570e+02
214  0.00356  1.93469e+03 |215 -0.22057  1.14213e+03 |216  0.28228  1.41694e+03
217 -0.12497  5.91866e+02 |218  0.04602  4.73770e+03 |219  0.06510  5.16708e+03
220 -0.03723  5.39941e+03 |221 -0.19502  5.01705e+03 |222  0.18665  2.69689e+03
223 -0.28637  2.61616e+03 |224  0.37934  2.18565e+03 |225 -0.04935  2.44100e+03
226  0.32864  1.68181e+03 |227 -0.38678  1.45045e+03 |228  0.02075  1.57951e+03
229  0.00925  8.01805e+02 |230 -0.00839  9.98571e+02 |231  0.00190  1.73726e+03
232  0.14474  2.34575e+03 |233 -0.13885  2.17259e+03 |234 -0.00321  1.84508e+03
235 -0.02817  1.66122e+03 |236  0.01939  1.38014e+03 |237 -0.02042  2.68273e+03
238  0.02954  3.73033e+03 |239 -0.00429  3.45495e+03 |240  0.00255  2.93902e+03
241 -0.00004  3.03992e+03 |242  0.00601  3.54406e+03 |243  0.00756  3.60239e+03
244  0.00799  4.38243e+03 |245  0.10730  4.51583e+03 |246 -0.10663  4.46469e+03
247 -0.00192  3.72875e+03 |248 -0.00393  2.97448e+03 |249 -0.00813  2.81178e+03
250 -0.01067  2.86565e+03 |251  0.01243  2.60123e+03 |252 -0.00119  2.45490e+03
253  0.03680  9.00538e+02 |254 -0.21558  7.20086e+02 |255  0.01217  2.73718e+02
256 -0.00000 -2.59329e-14 |257  0.10216  4.20576e+03 |258 -0.16314  4.05793e+03
259  0.02290  6.31011e+03 |260  0.02207  6.61040e+03 |261 -0.00501  6.05148e+03
262  0.57444  3.42324e+03 |263 -0.63372  2.86660e+03 |264 -0.00418  6.21674e+03
265  0.00899  6.15423e+03 |266  0.04091  3.81749e+03 |267 -0.06843  1.72208e+03
268  0.03846  4.68981e+03 |269  0.02964  8.79534e+03 |270 -0.03015  5.75968e+03
271  0.01724  4.68774e+03 |272 -0.01575  3.86781e+03 |273  0.02023  2.68964e+03
274  0.00808  2.76711e+03 |275 -0.02803  1.36254e+03 |276 -0.04979  9.93013e+02
277  0.05831  9.87968e+02 |278  0.00224  1.69725e+03 |279 -0.01430  1.26717e+02
280  0.83754  5.29791e+01 |281 -0.83908  1.59166e+02 |282 -0.02197  2.23496e+03
283  0.26005  2.70511e+03 |284 -0.25134  2.82316e+03 |285  0.05913  3.73347e+03
286 -0.05568  6.11477e+03 |287 -0.02357  7.02069e+03 |288  0.02249  6.53012e+03
289  0.24544  6.04589e+03 |290 -0.22244  3.64019e+03 |291  0.34092  3.01139e+03
292 -0.33721  2.52088e+03 |293 -0.02496  2.35050e+03 |294  0.02609  3.80780e+03
295  0.02733  3.02867e+03 |296 -0.01895  2.60352e+03 |297 -0.02216  1.39905e+03
298 -0.00236  1.51082e+03 |299 -0.01043  2.02497e+03 |300  0.01089  2.49059e+03
301  0.00625  2.28307e+03 |302  0.00142  1.95630e+03 |303  0.03071  1.19758e+03
304 -0.03775  3.12589e+02 |305  0.03100  5.72606e+02 |306 -0.02762  4.26465e+02
307  0.00259  3.07024e+02 |308 -0.00423 -2.43998e+02 |309  0.00380 -3.73111e+02
310 -0.00506  2.96457e+02 |311 -0.00960  1.38663e+03 |312  0.00280  3.00894e+03
313  0.01704  4.69895e+03 |314  0.00788  5.37386e+03 |315 -0.00899  4.85380e+03
316  0.00435  4.81523e+03 |317  0.00222  4.80759e+03 |318  0.00640  4.66931e+03
319 -0.00886  4.09119e+03 |320  0.01114  3.59490e+03 |321 -0.00556  1.90910e+03
322  0.17330  8.26395e+02 |323 -0.02591  2.64290e+02 |324  0.00000  2.53097e-13
324 variables; iteration 140; function evaluation 166; phase 5
Function value 7.6525212e+03; maximum gradient component mag 1.0481e+04
Var    Value     Gradient |Var    Value     Gradient |Var    Value     Gradient
  1 -0.02038  1.04810e+04 |  2  0.23763  1.93481e+02 |  3 -2.11478 -8.52383e+01
  4  0.12315  1.58308e+02 |  5 -1.43827  6.60756e+01 |  6  0.09388 -2.02186e+01
  7 -2.21814 -6.92344e+02 |  8 -2.08174 -4.47397e+02 |  9 -0.24526 -1.74051e+02
 10  0.06562 -4.77634e+01 | 11  1.82866  2.07116e+02 | 12  0.07544  2.39676e+02
 13 -0.14389  4.48125e+01 | 14 -0.33056 -4.32435e+01 | 15 -0.26846 -2.99384e+01
 16  0.23299 -4.81503e+02 | 17 -0.06766  2.79580e+02 | 18 -0.19926 -1.62485e+02
 19  0.03314  2.71811e+02 | 20 -0.13817 -2.57700e+02 | 21 -0.06382 -1.78033e+01
 22 -0.00911 -2.92122e+02 | 23  0.04012  2.04279e+02 | 24  0.06808  1.20600e+02
 25  0.06374 -2.36197e+02 | 26 -0.17106 -3.69937e+02 | 27  0.05583  1.69904e+02
 28 -0.04958 -1.50991e+02 | 29  0.06273 -3.84384e+02 | 30 -0.10651 -4.78112e+01
 31  0.04060  4.20371e+02 | 32  0.10736 -1.12565e+02 | 33 -0.28013 -1.16224e+02
 34  0.14023  1.59170e+02 | 35  0.03752  1.50095e+02 | 36 -2.09344 -4.18101e+02
 37 -0.81931 -7.21795e+01 | 38  0.07924  2.10227e+02 | 39 -1.59416  1.16544e+02
 40  0.21453 -4.04223e+01 | 41 -0.01135 -4.44014e+02 | 42  0.12404  3.05114e+02
 43  0.02466  8.64013e+02 | 44  0.20045 -1.44631e+03 | 45  0.06627  1.24483e+03
 46  0.01341  2.25039e+02 | 47  0.03491  1.07367e+01 | 48 -0.03524  1.43151e+01
 49  0.16965  1.03638e+03 | 50  0.03256 -3.25697e+02 | 51  0.01784  1.22783e+02
 52  0.07590  8.71091e+02 | 53 -0.00395  1.54928e+01 | 54  0.11244  3.71625e+02
 55  0.05614  1.38246e+03 | 56 -0.02684  4.12352e+02 | 57 -0.06283 -4.68924e+02
 58  0.08980 -1.01380e+03 | 59 -0.08761 -1.24029e+03 | 60  0.00807  1.10768e+02
 61  0.00201 -9.29300e+02 | 62  0.10629  1.16935e+03 | 63  0.10604 -2.47488e+02
 64 -0.02398  1.69827e+01 | 65  0.03271  3.38152e+02 | 66  0.08892  1.39821e+03
 67  0.03938 -1.51555e+02 | 68 -0.01923 -3.85766e+02 | 69  0.03570 -5.20070e+02
 70  0.05877  4.05165e+02 | 71  0.18027 -1.95484e+02 | 72 -0.04197 -5.00702e+01
 73 -0.01589 -2.30257e+01 | 74  0.01130  4.32720e+01 | 75  0.04600 -4.27688e+02
 76 -0.11143 -3.43794e+02 | 77 -0.56483 -1.31701e+02 | 78 -0.58337  3.97251e+01
 79 -0.80962 -4.12439e+01 | 80 -0.48497  1.24536e+02 | 81 -0.80524 -7.51602e+01
 82 -0.76905 -4.88229e+01 | 83 -0.78471 -2.66244e+01 | 84 -0.78457 -1.17711e+01
 85 -1.22361 -1.93332e+02 | 86 -0.56924  7.28188e+01 | 87 -0.78404 -2.72230e+01
 88 -0.74998 -3.60783e+01 | 89 -0.73461  2.89745e+00 | 90 -0.80067 -4.17847e+01
 91 -0.75875 -2.26425e+01 | 92 -0.79789 -3.60198e+01 | 93 -0.78098  4.25976e+00
 94 -0.78919  4.72928e+00 | 95 -0.76655  1.43964e+01 | 96 -0.85055 -4.08643e+01
 97 -0.81865 -4.94258e+00 | 98 -0.90382 -6.70219e+01 | 99 -0.89963 -1.00003e+02
100 -0.97930 -4.19844e-05 |101  0.47496 -3.12553e+02 |102  0.27090 -8.35018e+01
103  0.44777 -7.90676e+02 |104  0.07984 -4.80082e+03 |105 -0.17708 -1.91660e+03
106 -0.21162 -9.50084e+02 |107 -0.25780 -7.44538e+02 |108 -0.00740 -4.77826e+03
109  0.18314  9.59502e+03 |110 -0.01900  7.49438e+03 |111  0.14755  1.34818e+03
112 -0.73014 -3.09027e-01 |113  0.28418 -1.04001e+00 |114 -0.08465 -5.83779e+02
115 -0.79413  6.38692e+02 |116  0.33975  1.43596e+03 |117 -1.47819 -9.32596e+01
118 -0.24092  8.06771e+01 |119  0.99943  9.61583e-02 |120  0.99736  3.72360e-01
121  0.24368 -1.59064e+03 |122  0.08706 -1.73562e+03 |123  0.13745 -1.69935e+03
124 -0.08509 -1.77832e+03 |125 -0.13623 -1.76554e+03 |126 -0.18251 -1.74362e+03
127 -0.14279 -1.76304e+03 |128 -0.04061 -1.77939e+03 |129  0.08435 -1.74911e+03
130 -0.00634 -1.74213e+03 |131  0.00779 -1.73856e+03 |132 -0.02406 -1.73176e+03
133  0.10632  4.01391e+02 |134  0.59260  2.72166e+02 |135 -1.27559 -7.85252e+01
136  0.24714  5.09612e+02 |137  0.32456  4.95578e+02 |138  0.27208  5.06199e+02
139 -0.21063  4.16225e+02 |140 -0.35615  3.45598e+02 |141  0.16040  5.13539e+02
142  0.06218  5.04026e+02 |143 -0.05948  4.74388e+02 |144 -0.18616  4.26914e+02
145  2.30310 -3.72516e+02 |146 -2.10438 -8.30179e+02 |147 -0.02294  6.32917e+02
148 -0.07988  5.89955e+02 |149  0.07503  6.12749e+02 |150  0.03155  5.82671e+02
151  0.05487  5.78111e+02 |152  0.26706  5.75683e+02 |153 -0.00169  5.65939e+02
154 -0.42744  3.66914e+02 |155 -0.03510  5.50869e+02 |156  0.09288  5.68468e+02
157  0.20493  5.62655e+02 |158 -0.14134  4.96348e+02 |159  0.00635  5.44965e+02
160  0.15082  5.18815e+02 |161 -0.06944  4.76906e+02 |162  0.21456  5.17371e+02
163 -0.15354  4.45474e+02 |164 -0.18915  4.30552e+02 |165 -0.03300  4.87346e+02
166  0.02015  4.30513e+02 |167  0.07224  3.24177e+02 |168  0.12255  3.16553e+02
169  0.04178  3.02108e+02 |170 -0.07332  2.72589e+02 |171  0.29941  3.24085e+02
172 -0.40623  1.59688e+02 |173 -0.04595  2.43186e+02 |174  0.44595  1.70794e+02
175  0.18409  1.60008e+02 |176 -0.05614  1.07891e+02 |177 -0.13336  8.75263e+01
178 -0.16384  7.94587e+01 |179 -0.19274  7.18876e+01 |180 -0.14264  7.55432e+01
181  0.00816  1.33071e+02 |182  0.01968  1.36792e+02 |183  0.06090  1.24901e+02
184  0.01044  3.36961e+01 |185  0.14158  3.37934e+01 |186  0.18534  4.31912e+01
187  0.18500  4.31200e+01 |188 -0.00000  9.68078e-31 |189  0.54448 -1.72824e+02
190 -0.51090 -3.43940e+02 |191 -0.01321 -4.01414e+02 |192  0.00999 -2.89288e+02
193  0.15991 -1.09619e+03 |194 -0.05047 -1.17948e+03 |195 -0.02444 -1.17591e+03
196  0.08505 -1.13923e+03 |197 -0.17629 -1.17897e+03 |198  0.05492 -3.28365e+03
199 -0.01388 -3.31488e+03 |200 -0.09332 -3.29565e+03 |201  0.01139  1.88630e+03
202  0.03344  3.80775e+02 |203 -0.01915  1.13207e+02 |204  0.05904 -1.61126e+02
205 -0.05790 -4.95094e+02 |206  0.00571 -8.81633e+02 |207 -0.02609 -1.87982e+03
208  0.34517 -1.89900e+03 |209 -0.35339 -2.02331e+03 |210  0.03358 -2.10140e+03
211 -0.01265 -2.31701e+03 |212 -0.81190 -6.75447e+02 |213  0.79543 -4.44858e+02
214 -0.03668 -1.00519e+03 |215 -0.16945  5.00650e+02 |216  0.34074  1.70017e+03
217 -0.20868  1.72678e+03 |218  0.04627  2.92797e+03 |219  0.07102  2.87762e+03
220  0.01437  3.48499e+03 |221 -0.23949  3.12153e+03 |222  0.23340  1.42822e+02
223 -0.30847 -1.14817e+02 |224  0.45169 -2.61663e+01 |225 -0.13295 -1.73902e+02
226  0.33050 -9.75433e+02 |227 -0.37866 -1.06797e+03 |228  0.01916 -8.51479e+02
229  0.01316 -1.69740e+03 |230 -0.01614 -1.96027e+03 |231  0.00464 -1.36361e+03
232  0.18595 -7.82758e+02 |233 -0.17963 -8.70653e+02 |234  0.00291 -1.32265e+03
235 -0.07118 -1.88881e+03 |236  0.04670 -1.66987e+03 |237 -0.00090  9.67664e+02
238  0.01892  2.14069e+03 |239 -0.01495  1.67923e+03 |240  0.01004  1.34797e+03
241 -0.00393  1.82198e+03 |242  0.00735  2.62800e+03 |243  0.00810  2.72735e+03
244  0.01405  3.72841e+03 |245  0.18041  3.58813e+03 |246 -0.12472  3.59264e+03
247 -0.05260  3.52114e+03 |248  0.00353  2.72569e+03 |249 -0.01214  2.38156e+03
250 -0.05829  1.91183e+03 |251  0.04851  1.33934e+03 |252 -0.00451  1.13436e+03
253  0.15017  1.39100e+02 |254 -0.29336  3.26723e+01 |255  0.01704  2.39128e+02
256 -0.00000 -5.14302e-14 |257  0.10116 -4.24071e+03 |258 -0.18903 -4.17479e+03
259  0.01072 -8.53993e+02 |260  0.02197 -1.42058e+03 |261 -0.00207 -2.58987e+03
262  0.64663 -1.55648e+03 |263 -0.70686 -1.43425e+03 |264 -0.00290 -1.93981e+03
265  0.01335 -1.43804e+03 |266  0.03403 -3.15134e+03 |267 -0.06217 -6.64013e+03
268  0.03064 -5.00814e+03 |269  0.03133 -5.36051e+02 |270 -0.03322 -3.19936e+03
271  0.00031 -4.37002e+03 |272  0.00522 -3.95020e+03 |273  0.01770 -4.95555e+03
274 -0.00635 -5.23736e+03 |275 -0.00924 -6.27394e+03 |276 -0.04073 -6.39605e+03
277  0.05658 -3.39793e+03 |278 -0.02231 -3.56085e+03 |279  0.00714 -4.17401e+03
280  0.92067 -5.12735e+02 |281 -0.93255 -4.04564e+02 |282 -0.00620 -2.10408e+03
283  0.22538 -1.22683e+03 |284 -0.26510 -8.20238e+01 |285  0.14417  9.01248e+02
286 -0.10017  1.87675e+03 |287 -0.02854  2.97816e+03 |288  0.00066  3.52861e+03
289  0.28227  3.98172e+03 |290 -0.24646  8.92682e+02 |291  0.40509  7.22260e+02
292 -0.40511  5.07559e+02 |293 -0.00687  7.99300e+02 |294  0.01392  7.62887e+02
295  0.01119 -1.40818e+02 |296 -0.00670  1.15254e+02 |297 -0.01775 -1.11702e+03
298 -0.00315 -1.56861e+03 |299 -0.00846 -1.24988e+03 |300  0.00597 -9.80494e+02
301  0.00329 -1.13994e+03 |302  0.00128 -1.22242e+03 |303  0.06460 -1.84495e+03
304 -0.09022 -1.76542e+03 |305  0.03642 -5.56071e+02 |306 -0.01035 -3.55633e+02
307  0.01128 -7.71009e+02 |308 -0.01136 -1.55447e+03 |309  0.00388 -1.81249e+03
310 -0.00174 -9.44654e+02 |311 -0.00925 -5.17004e+02 |312 -0.00009  6.79878e+02
313  0.00746  2.15635e+03 |314 -0.00148  3.41994e+03 |315 -0.00084  4.04420e+03
316  0.00875  4.66496e+03 |317  0.01083  4.68114e+03 |318  0.04200  3.65381e+03
319 -0.04705  2.91451e+03 |320  0.00672  1.97191e+03 |321 -0.01029  7.25867e+02
322  0.12860  1.37662e+02 |323 -0.01765  2.33219e+02 |324  0.00000  2.55503e-13
324 variables; iteration 160; function evaluation 186; phase 5
Function value 7.5704308e+03; maximum gradient component mag 1.7316e+04
Var    Value     Gradient |Var    Value     Gradient |Var    Value     Gradient
  1 -0.03041  1.73157e+04 |  2  0.24690  1.32657e+02 |  3 -2.30749 -3.08374e+02
  4  0.12737  1.52986e+02 |  5 -2.07074 -1.25652e+02 |  6  0.14680  6.01363e+01
  7 -2.24077 -5.77455e+02 |  8 -2.10967 -3.74665e+02 |  9 -0.29071 -1.19227e+02
 10  0.09710 -1.47295e+02 | 11  1.78033  2.08676e+02 | 12  0.02991  1.94786e+01
 13 -0.08298  2.73009e+01 | 14 -0.17253  5.79306e+01 | 15 -0.24071 -8.90606e+01
 16  0.23766 -4.43755e+02 | 17 -0.09530  1.40436e+02 | 18  0.00334  4.85325e+01
 19  0.04140  2.99190e+02 | 20 -0.07141 -3.01507e+02 | 21 -0.10597 -1.60535e+02
 22  0.00677 -2.46520e+02 | 23  0.03899  1.35684e+02 | 24  0.00947 -1.59401e+01
 25  0.06067 -2.56678e+02 | 26 -0.12920 -3.48477e+02 | 27  0.02628  9.06914e+01
 28 -0.09013 -1.95439e+02 | 29  0.03877 -4.10418e+02 | 30 -0.14564 -1.35446e+02
 31  0.00068  4.17632e+02 | 32  0.08873 -1.37552e+02 | 33 -0.26128 -1.50362e+02
 34  0.12278  6.62226e+01 | 35  0.02403  1.30875e+02 | 36 -2.08428 -2.85009e+02
 37 -0.77443 -1.07641e+02 | 38  0.05965  2.37611e+02 | 39 -1.97300 -6.85172e+01
 40  0.18909 -1.07412e+02 | 41 -0.03485 -4.94907e+02 | 42  0.09492  1.30111e+02
 43 -0.00061  7.74656e+02 | 44  0.18132 -1.08516e+03 | 45  0.04497  1.32908e+03
 46 -0.01046  1.45514e+02 | 47  0.00974 -4.97597e+01 | 48 -0.05913 -2.84668e+01
 49  0.14806  1.05499e+03 | 50  0.01866 -2.44463e+02 | 51  0.01079  3.66038e+02
 52  0.05557  8.92991e+02 | 53 -0.02721 -2.11651e+02 | 54  0.10813  1.11566e+03
 55  0.03225  7.49631e+02 | 56 -0.03359  5.16599e+02 | 57 -0.08018 -5.34345e+02
 58  0.08914  2.00874e+02 | 59 -0.08225 -9.20304e+02 | 60  0.00085  6.67603e+01
 61 -0.00516 -8.19826e+02 | 62  0.09672  1.16549e+03 | 63  0.09875 -7.91572e+01
 64 -0.03437 -7.40509e+01 | 65  0.01779  2.03035e+02 | 66  0.07013  1.22766e+03
 67  0.02151 -3.30628e+02 | 68 -0.02617 -4.03128e+01 | 69  0.02293 -4.21611e+02
 70  0.03520  3.54619e+00 | 71  0.16911  9.73616e+01 | 72 -0.05891 -1.52108e+02
 73 -0.02711 -4.17906e+01 | 74 -0.00475  2.95588e+00 | 75  0.02869 -5.45687e+02
 76 -0.12671 -3.87700e+02 | 77 -0.49491 -1.26823e+02 | 78 -0.45617 -9.56147e+00
 79 -0.75306 -5.85646e+01 | 80 -0.29465  4.40618e+01 | 81 -0.77259 -8.68871e+01
 82 -0.69432 -5.24401e+01 | 83 -0.77559 -6.78408e+01 | 84 -0.73534 -2.44203e+01
 85 -1.34289 -3.67930e+02 | 86 -0.43983  5.97072e+01 | 87 -0.72364 -2.78938e+01
 88 -0.71585 -3.73304e+01 | 89 -0.67519 -7.22063e-01 | 90 -0.75782 -3.71731e+01
 91 -0.72334 -4.32523e+01 | 92 -0.77448 -5.37231e+01 | 93 -0.72766 -2.69939e+01
 94 -0.74336 -2.63214e+01 | 95 -0.67897  2.34115e+01 | 96 -0.79755 -2.05272e+01
 97 -0.77392 -2.46311e+01 | 98 -0.87226 -2.05654e+01 | 99 -0.84551 -2.58773e+00
100 -0.97929 -4.19823e-05 |101  0.45934 -3.83956e+02 |102  0.11017 -9.52193e+01
103  0.49349 -9.22070e+02 |104  0.08182 -4.17793e+03 |105 -0.17788 -2.67608e+03
106 -0.21375 -1.77591e+03 |107 -0.22709 -1.22177e+03 |108 -0.00805 -6.99824e+03
109  0.18495  9.52455e+03 |110 -0.01737  7.44993e+03 |111  0.15216  1.31555e+03
112 -0.72998 -2.32877e-01 |113  0.34270 -8.74048e-02 |114 -0.08311 -3.77961e+02
115 -0.79682  8.69586e+02 |116  0.36539  1.81851e+03 |117 -1.31561 -3.32507e+01
118 -0.10032  6.48578e+01 |119  1.00012 -2.10966e-02 |120  0.99643  4.40772e-01
121  0.24286 -1.92340e+03 |122  0.06595 -2.10327e+03 |123  0.13007 -2.05532e+03
124 -0.03763 -2.13639e+03 |125 -0.12046 -2.12184e+03 |126 -0.30012 -1.96198e+03
127 -0.09603 -2.12999e+03 |128 -0.00736 -2.13194e+03 |129  0.09718 -2.09565e+03
130 -0.00988 -2.13154e+03 |131  0.00800 -2.12704e+03 |132 -0.02959 -2.11922e+03
133  0.00573 -2.90213e+01 |134  0.61521  9.87909e+01 |135 -1.46308  4.83630e+01
136  0.52833  1.10156e+02 |137  0.31988  1.07753e+02 |138  0.32259  1.08012e+02
139 -0.32424 -2.55691e+01 |140 -0.37973 -3.38652e+01 |141  0.21625  9.39468e+01
142  0.05060  5.95843e+01 |143 -0.08130  2.70752e+01 |144 -0.20277 -1.79291e+00
145  2.51386  4.57536e+01 |146 -2.23858 -3.60277e+02 |147 -0.10116  2.97287e+02
148 -0.07243  2.76124e+02 |149  0.14926  2.59571e+02 |150 -0.06026  2.14569e+02
151  0.09870  2.02390e+02 |152  0.34672  2.24066e+02 |153 -0.03507  1.71674e+02
154 -0.52331  4.46036e+01 |155  0.06545  1.25079e+02 |156  0.12046  1.36035e+02
157  0.23726  1.54751e+02 |158 -0.17222  6.45474e+01 |159 -0.05331  9.54868e+01
160  0.18414  1.47372e+02 |161 -0.05387  9.53360e+01 |162  0.13806  1.39411e+02
163 -0.17484  6.38684e+01 |164 -0.15762  6.83132e+01 |165 -0.07578  8.96622e+01
166  0.19582  1.00710e+02 |167 -0.03907  4.83864e+01 |168  0.00419  5.91445e+01
169  0.11725  8.54072e+01 |170 -0.09287  3.49012e+01 |171  0.47609  1.20922e+02
172 -0.37229 -2.38490e+01 |173 -0.11779  2.87138e+01 |174  0.44963  1.21765e+02
175  0.08514  7.83443e+01 |176 -0.09717  3.38264e+01 |177 -0.15887  1.87131e+01
178 -0.16143  1.81012e+01 |179 -0.23529  1.27061e+00 |180 -0.13262 -2.07495e+01
181  0.03477  1.31684e+02 |182  0.06650  7.67304e+01 |183  0.14525  3.47045e+01
184 -0.00082 -1.97259e-01 |185  0.11164  2.69850e+01 |186  0.21207  4.85399e+01
187  0.20161  4.64845e+01 |188  0.00000 -3.87231e-30 |189  0.71530 -1.12928e+02
190 -0.69552 -2.49554e+02 |191  0.06229  3.12247e+00 |192 -0.01167 -1.57071e+02
193  0.19820 -9.51136e+02 |194 -0.03116 -1.05371e+03 |195 -0.05821 -1.05720e+03
196  0.05714 -1.02847e+03 |197 -0.18541 -1.05918e+03 |198  0.05693 -2.53028e+03
199 -0.01667 -2.56207e+03 |200 -0.08242 -2.55141e+03 |201  0.02076  2.32475e+03
202  0.01078  8.51603e+02 |203 -0.00768  5.49977e+02 |204  0.03169  4.91670e+02
205 -0.03670  2.81567e+01 |206  0.01460 -1.23410e+02 |207 -0.03106 -6.15741e+02
208  0.40548 -2.81451e+02 |209 -0.41456 -4.28481e+02 |210  0.04445  9.96792e+01
211 -0.00956 -2.94938e+02 |212 -0.84186 -1.62573e+02 |213  0.82027  4.42750e+01
214 -0.04152  7.20955e+01 |215 -0.15579  2.85688e+00 |216  0.32096  1.53570e+03
217 -0.19739  1.48236e+03 |218  0.03655  2.28803e+03 |219  0.07255  3.21470e+03
220 -0.00495  3.75847e+03 |221 -0.17368  3.15736e+03 |222  0.21881  2.76556e+02
223 -0.33789  5.88588e+01 |224  0.46183  1.12744e+02 |225 -0.14715  1.01783e+01
226  0.37976 -7.70735e+02 |227 -0.41771 -8.84042e+02 |228 -0.00192 -1.09613e+03
229  0.02099 -1.95202e+03 |230 -0.01594 -2.08903e+03 |231  0.00795 -9.40242e+02
232  0.23976 -2.52157e+02 |233 -0.23175 -3.59639e+02 |234  0.01105 -6.80223e+02
235 -0.11704 -1.39183e+03 |236  0.07896 -1.32926e+03 |237  0.01018  1.84222e+03
238  0.02057  2.64715e+03 |239 -0.02847  1.84896e+03 |240  0.02122  1.95633e+03
241 -0.02398  2.24384e+03 |242  0.02019  3.51987e+03 |243  0.01179  3.17075e+03
244  0.01820  3.48838e+03 |245  0.29629  2.96250e+03 |246 -0.23453  2.97414e+03
247 -0.06613  3.12779e+03 |248  0.01689  2.34201e+03 |249  0.05638  2.12001e+03
250 -0.17948  1.91797e+03 |251  0.09182  1.40102e+03 |252 -0.00546  1.05749e+03
253  0.20161  2.23353e+02 |254 -0.31330  9.86216e+01 |255  0.01636  5.08610e+02
256 -0.00000 -7.15278e-14 |257  0.13197 -5.23188e+03 |258 -0.23139 -5.07950e+03
259 -0.00684 -1.67069e+03 |260  0.04309 -2.21695e+03 |261 -0.00119 -3.68835e+03
262  0.64165 -2.32546e+03 |263 -0.70523 -2.06849e+03 |264 -0.00264 -2.99786e+03
265  0.01551 -1.63551e+03 |266  0.02513 -2.87322e+03 |267 -0.05359 -6.07794e+03
268  0.02663 -5.88529e+03 |269  0.03156 -1.52677e+03 |270 -0.02197 -3.88033e+03
271 -0.00877 -5.54201e+03 |272  0.00166 -5.50342e+03 |273  0.01878 -6.26662e+03
274 -0.01286 -6.46249e+03 |275  0.00582 -7.11955e+03 |276 -0.04643 -7.45258e+03
277  0.05633 -4.16315e+03 |278 -0.02692 -4.18432e+03 |279  0.00801 -4.77850e+03
280  0.95169 -3.27343e+02 |281 -0.96902 -2.00103e+02 |282  0.00658 -2.56601e+03
283  0.19834 -2.72782e+03 |284 -0.23859 -1.24178e+03 |285  0.13263 -2.12319e+02
286 -0.08986  3.78636e+02 |287 -0.03923  1.73143e+03 |288  0.01154  3.58781e+03
289  0.22074  4.17889e+03 |290 -0.19405  1.20448e+03 |291  0.39320  1.18306e+03
292 -0.39029  9.55713e+02 |293 -0.00434  1.16971e+03 |294  0.01720  7.18202e+02
295  0.00110 -8.14822e+02 |296  0.01090 -8.96503e+02 |297 -0.02875 -2.14245e+03
298 -0.00349 -2.63333e+03 |299 -0.00228 -1.93270e+03 |300  0.00073 -1.99925e+03
301 -0.00193 -2.32746e+03 |302  0.00127 -1.91834e+03 |303  0.10661 -2.20586e+03
304 -0.12708 -2.22495e+03 |305  0.03011 -9.46912e+02 |306 -0.00816 -8.46405e+02
307  0.01614 -1.38148e+03 |308 -0.01713 -1.81877e+03 |309  0.01837 -1.88940e+03
310 -0.00458 -8.87122e+02 |311 -0.01218 -1.62164e+03 |312 -0.00895 -1.21727e+03
313  0.00748  4.52909e+02 |314 -0.00545  1.94976e+03 |315  0.01019  3.14818e+03
316  0.00087  3.07766e+03 |317  0.00351  3.35508e+03 |318  0.09496  3.06661e+03
319 -0.08914  2.38058e+03 |320  0.00361  1.44259e+03 |321 -0.01118  4.77765e+02
322  0.09508  2.29513e+02 |323 -0.01155  5.24149e+02 |324  0.00000  2.35432e-13
324 variables; iteration 180; function evaluation 206; phase 5
Function value 7.4150072e+03; maximum gradient component mag -1.4209e+04
Var    Value     Gradient |Var    Value     Gradient |Var    Value     Gradient
  1 -0.03586  9.32195e+03 |  2  0.17400  5.95800e+01 |  3 -2.33789 -3.15600e+02
  4  0.02521  5.45741e+01 |  5 -2.10586 -1.66521e+02 |  6  0.14607  5.14584e+01
  7 -2.19640 -3.58897e+02 |  8 -2.13545 -3.19314e+02 |  9 -0.44423 -1.04476e+02
 10  0.07299 -1.34627e+02 | 11  1.79940  3.56035e+02 | 12 -0.02323 -1.48903e+00
 13 -0.05491  8.87776e+01 | 14 -0.13838  1.08473e+02 | 15 -0.15883 -9.35045e-02
 16  0.22979 -3.52468e+02 | 17 -0.10863  5.48647e+01 | 18  0.01375  1.49325e+02
 19  0.02963  4.51078e+02 | 20 -0.01346 -3.12979e+02 | 21 -0.20477 -1.56762e+02
 22  0.03331 -1.25318e+02 | 23  0.01984  1.09394e+02 | 24 -0.03250 -7.88540e+01
 25  0.06549 -2.30189e+02 | 26 -0.13737 -3.29489e+02 | 27  0.00519  3.81338e+01
 28 -0.09717 -1.47165e+02 | 29  0.04280 -3.70044e+02 | 30 -0.16175 -1.15796e+02
 31 -0.04531  3.01925e+02 | 32  0.10220 -1.11719e+02 | 33 -0.22524 -8.01076e+01
 34  0.12654 -1.08523e+02 | 35  0.02741  1.01603e+02 | 36 -2.10370 -3.40087e+02
 37 -0.25076 -6.31787e+01 | 38  0.03738  5.74263e+01 | 39 -2.03226 -2.37980e+02
 40  0.18305 -3.87629e+02 | 41 -0.03191 -4.53062e+02 | 42  0.07422 -4.85402e+01
 43 -0.01789  7.14186e+02 | 44  0.15860 -1.53652e+03 | 45  0.01480  9.41693e+02
 46 -0.03499  8.85402e+01 | 47 -0.00678  1.44170e+02 | 48 -0.07548  3.00470e+01
 49  0.13536  9.05310e+02 | 50  0.00288 -4.70372e+02 | 51  0.00500  3.87063e+02
 52  0.04145  8.22614e+02 | 53 -0.03650 -2.05831e+02 | 54  0.10481  1.17189e+03
 55  0.02115  3.05681e+02 | 56 -0.03973  3.08566e+02 | 57 -0.08062 -2.88610e+02
 58  0.08822  2.77920e+02 | 59 -0.06484 -4.87479e+02 | 60  0.00563 -2.01628e+02
 61  0.00028 -4.87409e+02 | 62  0.10295  1.64082e+03 | 63  0.09141 -6.49202e+02
 64 -0.03119 -6.00863e+01 | 65  0.01147  3.38538e+02 | 66  0.05113  8.30707e+02
 67  0.01318 -9.29440e+01 | 68 -0.03559  1.38274e+02 | 69  0.00193 -7.85828e+02
 70  0.02148 -6.84094e+01 | 71  0.16900  8.09880e+02 | 72 -0.07807 -2.64853e+02
 73 -0.03573 -2.13817e+02 | 74 -0.02327 -5.59415e+01 | 75  0.02498 -1.88718e+02
 76 -0.15253 -4.66977e+02 | 77 -0.45561 -8.32674e+01 | 78 -0.29363 -4.15219e+00
 79 -0.63732  1.54668e+01 | 80 -0.12807  2.71200e+01 | 81 -0.67698 -3.29688e+01
 82 -0.80386 -4.14479e+01 | 83 -0.99900 -3.89212e-01 | 84 -0.70784 -2.79876e+01
 85 -1.43511 -3.38644e+02 | 86 -0.33434  6.52648e+01 | 87 -0.70325 -2.67550e+01
 88 -0.65918 -9.66417e+00 | 89 -0.58742  4.09765e+01 | 90 -0.69212  2.50622e+00
 91 -0.72226 -3.35158e+01 | 92 -0.76870 -5.35578e+01 | 93 -0.60743  5.26607e+00
 94 -0.63327  1.15239e+01 | 95 -0.51582  7.70708e+01 | 96 -0.70553  3.40987e+01
 97 -0.73045 -3.71056e+01 | 98 -0.84983 -2.84390e+01 | 99 -0.79812  1.65028e+01
100 -0.97929 -4.19757e-05 |101  0.25130 -2.03545e+02 |102  0.02797 -1.06814e+03
103  0.49272 -2.56023e+03 |104  0.08064 -4.64359e+03 |105 -0.16923 -2.17535e+03
106 -0.21422 -2.26744e+03 |107 -0.19662 -1.81677e+03 |108 -0.00680 -8.90330e+03
109  0.18076  5.83264e+03 |110 -0.01946  4.58415e+03 |111  0.16733  1.29926e+03
112 -0.76147 -1.17588e-01 |113  0.28673 -8.41409e-01 |114 -0.07347 -1.70861e+02
115 -0.81580  6.67462e+02 |116  0.39293  1.49607e+03 |117 -1.17010 -2.29172e+01
118  0.00283  8.22381e+01 |119  1.00725 -4.76863e-01 |120  0.99422  5.04898e-01
121  0.09449 -8.85693e+02 |122 -0.04219 -9.27129e+02 |123  0.09069 -6.77699e+02
124  0.11106 -6.69378e+02 |125  0.07882 -6.82298e+02 |126 -0.55647 -5.30954e+02
127  0.08826 -6.78676e+02 |128 -0.03863 -7.15256e+02 |129  0.20612 -6.31304e+02
130 -0.04124 -7.24461e+02 |131 -0.02476 -7.21370e+02 |132 -0.00831 -7.10268e+02
133 -0.04371 -3.75679e+02 |134  0.57894 -6.05065e+01 |135 -1.58506  2.52613e+02
136  0.83332 -2.96622e+01 |137  0.23200 -1.96524e+02 |138  0.38904 -1.44307e+02
139 -0.46002 -2.77687e+02 |140 -0.28317 -3.01421e+02 |141  0.18647 -2.11558e+02
142 -0.06547 -2.80958e+02 |143 -0.04231 -2.76144e+02 |144 -0.11739 -2.90122e+02
145  2.72219  1.72734e+02 |146 -2.38035 -4.60545e+01 |147 -0.12971 -6.31095e+01
148 -0.18711 -7.48433e+01 |149  0.22233 -4.02022e+01 |150 -0.03434 -1.04851e+02
151  0.05566 -8.38906e+01 |152  0.33658 -1.61437e+01 |153  0.09801 -7.29673e+01
154 -0.61281 -1.29614e+02 |155  0.07736 -7.92567e+01 |156  0.07180 -8.06929e+01
157  0.40666 -4.20137e+00 |158 -0.23958 -1.45656e+02 |159 -0.18009 -1.37060e+02
160  0.33424 -1.74395e+01 |161 -0.08508 -1.18749e+02 |162  0.04172 -8.84103e+01
163 -0.22598 -1.43914e+02 |164 -0.07529 -1.16602e+02 |165 -0.09568 -1.21028e+02
166  0.37376 -1.12511e+01 |167 -0.23829 -1.47024e+02 |168 -0.10715 -1.25049e+02
169  0.18336 -5.41950e+01 |170 -0.09953 -1.24067e+02 |171  0.68349  1.76061e+01
172 -0.26975 -1.51076e+02 |173 -0.35679 -1.56399e+02 |174  0.55542  1.22802e+01
175 -0.06562 -1.16748e+02 |176 -0.16438 -1.36634e+02 |177 -0.19054 -1.40965e+02
178 -0.11817 -1.27962e+02 |179 -0.18463 -1.40154e+02 |180  0.01186  6.16532e+01
181 -0.07390  4.15524e+01 |182  0.10103  5.12438e+01 |183  0.15985  3.91925e+01
184  0.01975  4.88192e+00 |185  0.11637  2.80786e+01 |186  0.35513  7.05453e+01
187  0.03970  9.76900e+00 |188  0.00000  5.58059e-14 |189  0.76166 -1.57570e+03
190 -0.74348 -1.80351e+03 |191  0.10811 -3.30297e+03 |192 -0.02623 -3.74052e+03
193  0.22126 -4.20338e+03 |194  0.02810 -4.51285e+03 |195 -0.07313 -4.51225e+03
196 -0.00991 -4.52617e+03 |197 -0.20895 -4.33904e+03 |198  0.05687 -4.68147e+03
199 -0.01066 -4.72897e+03 |200 -0.07478 -4.70895e+03 |201  0.02600 -8.62869e+02
202 -0.01259 -2.24927e+03 |203  0.01873 -2.46776e+03 |204  0.01610 -2.71980e+03
205 -0.02647 -3.03671e+03 |206  0.01828 -3.69052e+03 |207 -0.03932 -3.96297e+03
208  0.39437 -2.82650e+03 |209 -0.40586 -2.93809e+03 |210  0.05242 -2.74511e+03
211 -0.01004 -3.34301e+03 |212 -0.87587 -7.36472e+02 |213  0.84823 -7.09849e+02
214 -0.04728 -2.76462e+03 |215 -0.12866 -2.60180e+03 |216  0.30343 -7.37653e+02
217 -0.19531 -9.70838e+02 |218  0.02212 -3.00274e+02 |219  0.07141  1.83690e+03
220  0.00380  2.55946e+03 |221 -0.08380  2.19775e+03 |222  0.12195 -9.85735e+02
223 -0.29212 -1.02291e+03 |224  0.46283 -7.84794e+02 |225 -0.19350 -1.14670e+03
226  0.42556 -9.06017e+02 |227 -0.44078 -1.04077e+03 |228 -0.06222 -1.65030e+03
229  0.07028 -2.12031e+03 |230 -0.01543 -2.02064e+03 |231  0.00318 -4.24558e+02
232  0.22787  6.89744e+02 |233 -0.21242  5.95195e+02 |234  0.00053  1.18843e+02
235 -0.16444 -3.76813e+02 |236  0.13328 -7.54380e+02 |237  0.01034  2.29370e+03
238  0.02091  3.23038e+03 |239 -0.02002  2.30435e+03 |240  0.01320  2.66832e+03
241 -0.06687  3.00659e+03 |242  0.07095  4.13897e+03 |243  0.01168  3.28775e+03
244  0.00515  2.67300e+03 |245  0.31536  2.27180e+03 |246 -0.24084  2.27631e+03
247 -0.07231  2.42399e+03 |248  0.01325  1.66304e+03 |249  0.09143  1.32082e+03
250 -0.21475  1.15717e+03 |251  0.08521  8.22203e+02 |252 -0.00308  4.50965e+02
253  0.17718 -1.36296e+02 |254 -0.24494 -2.26037e+02 |255  0.06168  2.75686e+02
256 -0.00000 -1.49106e-13 |257  0.19057 -1.42091e+04 |258 -0.28779 -1.34800e+04
259 -0.02645 -1.09084e+04 |260  0.05316 -9.92016e+03 |261  0.00755 -1.10902e+04
262  0.65724 -6.21467e+03 |263 -0.72074 -5.26538e+03 |264  0.00086 -1.06951e+04
265  0.01372 -9.48067e+03 |266  0.01763 -9.42958e+03 |267 -0.04610 -1.22073e+04
268  0.02289 -1.15395e+04 |269  0.02932 -7.91545e+03 |270 -0.01203 -1.00917e+04
271 -0.02150 -1.17802e+04 |272  0.00443 -1.21935e+04 |273  0.01938 -1.24561e+04
274 -0.02197 -1.31359e+04 |275  0.01771 -1.31822e+04 |276 -0.04435 -1.33846e+04
277  0.05559 -1.02239e+04 |278 -0.03119 -1.02358e+04 |279  0.00764 -1.08667e+04
280  0.98183 -2.86861e+02 |281 -0.99935 -1.01119e+01 |282  0.01688 -8.39167e+03
283  0.16232 -8.77193e+03 |284 -0.20583 -7.04734e+03 |285  0.11816 -6.04252e+03
286 -0.07550 -5.54190e+03 |287 -0.04683 -3.82696e+03 |288  0.01652 -2.16011e+03
289  0.12896 -1.35680e+03 |290 -0.11706 -4.64391e+03 |291  0.35952 -3.31051e+03
292 -0.34607 -3.56696e+03 |293 -0.00839 -4.31870e+03 |294  0.01854 -3.97544e+03
295 -0.00653 -5.26831e+03 |296  0.06365 -5.25432e+03 |297 -0.07908 -5.81503e+03
298 -0.00091 -5.05863e+03 |299  0.00519 -3.84612e+03 |300  0.00267 -3.55527e+03
301 -0.00836 -3.84924e+03 |302  0.00504 -2.84778e+03 |303  0.16607 -2.57264e+03
304 -0.18898 -3.06336e+03 |305  0.02870 -1.83139e+03 |306 -0.00040 -1.33617e+03
307 -0.00225 -2.30574e+03 |308 -0.01157 -2.13106e+03 |309  0.06836 -1.41992e+03
310 -0.05036 -4.04598e+02 |311 -0.00799 -1.26885e+03 |312 -0.00836 -1.35419e+03
313  0.00279  2.85422e+02 |314 -0.00486  2.18670e+03 |315  0.01648  3.74143e+03
316 -0.00151  3.20945e+03 |317  0.00028  3.23534e+03 |318  0.09797  3.40017e+03
319 -0.07784  2.90193e+03 |320 -0.00219  1.56765e+03 |321 -0.01295  6.85911e+02
322  0.05461  1.75422e+02 |323 -0.06066  5.88941e+02 |324 -0.00000 -2.56151e-14
324 variables; iteration 200; function evaluation 227; phase 5
Function value 6.9900714e+03; maximum gradient component mag -8.0451e+03
Var    Value     Gradient |Var    Value     Gradient |Var    Value     Gradient
  1 -0.03774  5.32808e+03 |  2  0.08123  9.69566e+00 |  3 -2.20899 -8.84310e+01
  4  0.08895  1.06090e+02 |  5 -2.00289 -8.70012e+01 |  6  0.16799  2.34014e+02
  7 -2.05859 -9.50993e+00 |  8 -2.03836 -1.09956e+02 |  9 -0.25720 -6.74007e+01
 10  0.07033 -4.10648e+01 | 11  1.77542  1.15503e+02 | 12  0.02721  7.88901e+01
 13 -0.13166 -9.67863e+00 | 14 -0.14935  1.13493e+02 | 15 -0.10173  1.22277e+02
 16  0.24217 -2.79751e+02 | 17 -0.09321  9.44181e+01 | 18  0.02585  1.75566e+02
 19 -0.03496  1.73455e+02 | 20  0.01908 -1.48042e+02 | 21 -0.29755 -1.42980e+02
 22  0.04692 -1.38212e+02 | 23 -0.00499  1.18351e+02 | 24 -0.14906 -1.45737e+02
 25  0.04559 -2.04822e+02 | 26 -0.10963 -1.55228e+02 | 27 -0.02534 -1.08841e+02
 28 -0.14356 -1.16971e+02 | 29  0.07921 -3.15724e+02 | 30 -0.07711 -2.67139e+01
 31 -0.06950  1.84667e+02 | 32  0.09173 -2.78045e+02 | 33 -0.23272 -1.56741e+02
 34  0.16054  2.63822e+02 | 35  0.02352  3.91183e+01 | 36 -2.05362 -5.47858e+01
 37 -0.17873  1.27118e+01 | 38  0.04079  2.33272e+02 | 39 -1.96801 -7.59388e+01
 40  0.20866  3.36716e+01 | 41 -0.02997 -4.23440e+02 | 42  0.10282  3.23786e+02
 43 -0.00135  1.01618e+03 | 44  0.17154 -9.56034e+02 | 45  0.01918  1.08257e+03
 46 -0.03172  1.02992e+02 | 47 -0.00679  7.65612e+01 | 48 -0.07802 -1.07029e+01
 49  0.13725  8.88906e+02 | 50  0.00905 -3.93806e+02 | 51  0.00240  2.01047e+02
 52  0.04865  9.68278e+02 | 53 -0.02012  1.90921e+02 | 54  0.09815  4.41591e+02
 55  0.01559 -1.50780e+02 | 56 -0.04509  9.04675e+01 | 57 -0.07759 -2.53417e+02
 58  0.08586 -3.81898e+02 | 59 -0.06549 -6.72705e+02 | 60  0.00297 -2.81035e+02
 61 -0.00097 -6.89726e+02 | 62  0.10169  1.07542e+03 | 63  0.10265 -4.16607e+02
 64 -0.02286  8.61146e+01 | 65  0.01214  9.97663e+01 | 66  0.05692  9.05823e+02
 67  0.01156 -2.71804e+02 | 68 -0.03994 -2.15680e+02 | 69  0.00960 -4.42709e+02
 70  0.02354 -5.79160e+01 | 71  0.17144  4.15542e+02 | 72 -0.07389 -2.64648e+02
 73 -0.01533  3.61258e+02 | 74 -0.01669  1.89219e+02 | 75  0.01466 -5.71931e+02
 76 -0.15175 -4.45472e+02 | 77 -0.47626 -2.48295e+01 | 78 -0.44496 -4.00895e+01
 79 -0.68484  9.06963e+00 | 80 -0.25160  4.05937e+01 | 81 -0.67542 -1.33367e+01
 82 -0.90868 -2.21768e+01 | 83 -1.29327  1.12033e+01 | 84 -0.74269 -2.76875e+01
 85 -1.40939 -2.95503e+02 | 86 -0.61201  5.07262e+00 | 87 -0.68342  7.07981e+00
 88 -0.57389  3.40030e+01 | 89 -0.64359  2.61086e+01 | 90 -0.67706  2.87753e+01
 91 -0.63171  2.58549e+00 | 92 -0.71880 -2.64011e+01 | 93 -0.63881  2.70984e+00
 94 -0.62484  2.81171e+01 | 95 -0.61718  1.09045e+00 | 96 -0.73648  2.87539e+01
 97 -0.70933 -1.30191e+01 | 98 -0.88691 -1.21945e+02 | 99 -0.78878  9.69783e+01
100 -0.97928 -4.19534e-05 |101 -0.04838 -2.39700e+02 |102  0.13904 -1.48458e+02
103  0.47347 -1.52021e+03 |104  0.07995 -4.44386e+03 |105 -0.16626 -1.00522e+03
106 -0.21026 -1.11145e+03 |107 -0.19077 -1.03517e+03 |108 -0.00548 -6.63915e+03
109  0.17814  4.34719e+03 |110 -0.02008  2.62154e+03 |111  0.15984  8.80082e+01
112 -0.61616 -3.67661e-01 |113  0.16646 -7.01765e+01 |114 -0.04644  4.66880e+02
115 -0.82496  3.31959e+02 |116  0.36306  9.32479e+02 |117 -1.05733 -3.42788e+01
118  0.09012  3.75196e+02 |119  1.03850 -1.39470e+00 |120  0.98117  9.98207e-01
121  0.18046 -9.19488e+02 |122 -0.07448 -1.01300e+03 |123  0.08040 -8.98525e+02
124  0.13124 -8.74511e+02 |125  0.11329 -8.83597e+02 |126 -0.52469 -7.06922e+02
127  0.13730 -8.71305e+02 |128 -0.05976 -9.36190e+02 |129  0.11504 -9.40553e+02
130 -0.02295 -9.89147e+02 |131 -0.01858 -9.88301e+02 |132 -0.02571 -9.87266e+02
133 -0.02652 -2.18783e+01 |134  0.51495  9.49117e+01 |135 -1.53714  6.01927e+01
136  0.93519  2.00820e+01 |137  0.06980  5.81709e+01 |138  0.59295  9.98797e+01
139 -0.92535 -1.34149e+01 |140  0.10029  6.51617e+01 |141  0.10288  6.57417e+01
142  0.20730  8.67726e+01 |143 -0.16205  1.72390e+00 |144 -0.24738 -1.68237e+01
145  2.61172  5.00757e+01 |146 -2.28621 -5.74585e+01 |147 -0.14410 -3.87042e+01
148 -0.17908 -4.61982e+01 |149  0.22218 -7.53311e+00 |150  0.07056 -4.40846e+01
151  0.16151 -2.15928e+01 |152  0.16336 -2.11491e+01 |153  0.15451 -2.32768e+01
154 -0.64184 -1.03796e+02 |155  0.02927 -5.44536e+01 |156 -0.10743 -8.68624e+01
157  0.40658  2.56174e+01 |158 -0.11350 -8.81694e+01 |159 -0.13341 -9.23431e+01
160  0.18985 -1.48923e+01 |161  0.09739 -3.73545e+01 |162 -0.10611 -8.65758e+01
163 -0.01767 -6.60664e+01 |164 -0.03365 -6.99330e+01 |165 -0.11407 -8.82912e+01
166  0.12893 -2.95204e+01 |167 -0.12697 -9.10126e+01 |168 -0.15246 -9.61661e+01
169  0.23775 -4.44110e+00 |170 -0.11262 -8.83222e+01 |171  0.96690  4.92561e+00
172 -0.38497 -1.24538e+02 |173 -0.66721 -9.89448e+01 |174  0.61671 -3.64623e+01
175 -0.06100 -2.07912e+02 |176 -0.08016 -2.11878e+02 |177 -0.13273 -2.21452e+02
178 -0.11998 -2.19317e+02 |179 -0.08108 -2.13256e+02 |180  0.01306 -2.48132e+02
181 -0.17089 -3.38654e+02 |182  0.07102 -2.68818e+02 |183  0.19237  4.63887e+01
184  0.00859  2.16255e+00 |185  0.06847  1.67637e+01 |186  0.31350  6.54399e+01
187  0.04926  1.21067e+01 |188  0.00000  2.79029e-14 |189  0.57097 -3.18819e+02
190 -0.53934 -4.97460e+02 |191  0.09073 -4.98486e+02 |192 -0.05703 -7.23227e+02
193  0.19094 -1.39713e+03 |194  0.03561 -1.49770e+03 |195 -0.14829 -1.50336e+03
196  0.08627 -1.47419e+03 |197 -0.19390 -1.54058e+03 |198  0.05248 -1.22586e+03
199 -0.01411 -1.25694e+03 |200 -0.07289 -1.24483e+03 |201  0.02614  2.00069e+03
202 -0.01551  7.51828e+02 |203  0.04827  4.87180e+02 |204 -0.02508 -1.13101e+03
205 -0.01188 -9.82300e+02 |206  0.03290 -2.05473e+03 |207 -0.05030 -1.91347e+03
208  0.32258 -1.52982e+03 |209 -0.35656 -1.61763e+03 |210  0.08719 -1.27542e+03
211 -0.02834 -2.18129e+03 |212 -0.83592 -6.43711e+02 |213  0.80419 -5.91418e+02
214 -0.04028 -1.79502e+03 |215 -0.09993  5.46078e+00 |216  0.23103  9.38335e+02
217 -0.13024  8.01331e+02 |218 -0.00056  9.90710e+02 |219  0.05769  4.30282e+03
220  0.01173  5.97507e+03 |221  0.00260  5.49665e+03 |222  0.01705  2.85342e+03
223 -0.23206  2.52556e+03 |224  0.51169  1.68833e+03 |225 -0.26880  2.05720e+03
226  0.39494  2.02511e+03 |227 -0.42156  1.81467e+03 |228 -0.01376  1.81283e+03
229  0.02218  1.11572e+03 |230 -0.00871  1.35167e+03 |231  0.01273  2.59324e+03
232  0.13354  2.78924e+03 |233 -0.12964  2.72893e+03 |234 -0.00653  2.32143e+03
235 -0.13866  2.08056e+03 |236  0.11533  1.38721e+03 |237  0.01207  4.44025e+03
238  0.01603  5.08900e+03 |239 -0.03146  4.29772e+03 |240  0.02721  5.02461e+03
241 -0.03642  5.46281e+03 |242  0.04124  6.21526e+03 |243  0.01085  5.36309e+03
244  0.02726  4.73279e+03 |245  0.16072  4.31336e+03 |246 -0.14136  4.27318e+03
247 -0.03181  4.15018e+03 |248  0.00698  3.12175e+03 |249  0.06705  2.75213e+03
250 -0.12602  2.68500e+03 |251  0.01664  2.22413e+03 |252  0.00540  1.56982e+03
253  0.08933  1.30507e+02 |254 -0.10371  8.18069e+01 |255  0.00292  2.46234e+02
256 -0.00000 -6.68532e-14 |257  0.22061 -8.04507e+03 |258 -0.31299 -7.65284e+03
259 -0.02143 -5.68121e+03 |260  0.04652 -5.37619e+03 |261  0.01744 -5.83770e+03
262  0.58225 -4.30665e+03 |263 -0.65326 -3.79139e+03 |264  0.00171 -6.28255e+03
265  0.00262 -5.13077e+03 |266  0.03024 -4.11996e+03 |267 -0.04911 -6.77059e+03
268  0.02396 -6.10312e+03 |269  0.02232 -2.87096e+03 |270 -0.00912 -4.82124e+03
271 -0.03517 -6.10856e+03 |272  0.02399 -5.58644e+03 |273  0.01391 -5.66256e+03
274 -0.04096 -6.58361e+03 |275  0.04184 -5.86150e+03 |276 -0.04018 -6.39811e+03
277  0.06739 -5.32227e+03 |278 -0.05711 -5.92897e+03 |279  0.01992 -7.65579e+03
280  0.87558 -1.34881e+03 |281 -0.88519 -1.25267e+03 |282  0.00715 -5.87282e+03
283  0.14353 -4.99154e+03 |284 -0.15607 -4.14867e+03 |285  0.06276 -3.43713e+03
286 -0.05268 -3.62297e+03 |287 -0.03514 -9.53888e+02 |288  0.00597  2.67795e+02
289  0.03759  1.27252e+03 |290 -0.01026 -1.06208e+03 |291  0.27278 -5.63489e+02
292 -0.26518 -1.08627e+03 |293 -0.01884 -1.60696e+03 |294  0.02060 -7.00233e+02
295  0.01505 -1.29254e+03 |296  0.00775 -2.01112e+03 |297 -0.03446 -3.08841e+03
298 -0.00299 -2.76448e+03 |299 -0.01039 -1.85808e+03 |300  0.01493 -1.13733e+03
301 -0.00937 -1.35813e+03 |302  0.00935 -1.97453e+02 |303  0.14671 -1.99432e+02
304 -0.16894 -1.02763e+03 |305  0.02726  3.85881e+02 |306 -0.00427  6.18178e+02
307  0.01520  1.09973e+02 |308 -0.02686  2.21003e+02 |309  0.03971  1.05276e+03
310 -0.02298  1.53617e+03 |311 -0.00609  7.72828e+02 |312 -0.01962  6.77703e+02
313  0.01705  2.71327e+03 |314  0.00462  4.21685e+03 |315 -0.00290  4.30460e+03
316  0.00616  4.44556e+03 |317 -0.00583  4.27763e+03 |318  0.03847  5.04491e+03
319 -0.00641  4.16962e+03 |320 -0.01068  2.43499e+03 |321 -0.00868  9.82647e+02
322 -0.00366  1.68508e+02 |323 -0.00618  4.47030e+02 |324 -0.00000 -3.05577e-13
324 variables; iteration 220; function evaluation 247; phase 5
Function value 6.8434372e+03; maximum gradient component mag -1.0050e+04
Var    Value     Gradient |Var    Value     Gradient |Var    Value     Gradient
  1 -0.03826  6.53001e+03 |  2 -0.15826 -3.66763e+01 |  3 -2.20169 -7.08607e+01
  4  0.07178  9.70477e+01 |  5 -1.93755 -3.72061e+01 |  6  0.13995  1.76602e+02
  7 -2.06279 -3.55207e+01 |  8 -2.02045 -2.23768e+01 |  9 -0.28835 -7.43428e+01
 10  0.05804 -4.50292e+01 | 11  1.74223 -2.21348e+02 | 12  0.01456  6.96842e+01
 13 -0.12609 -4.85766e+01 | 14 -0.14586  8.47438e+01 | 15 -0.08972  1.03422e+02
 16  0.23997 -1.06988e+02 | 17 -0.07045  1.36356e+02 | 18  0.04546  2.36992e+02
 19 -0.12046 -3.77853e+00 | 20  0.02292 -7.86342e+01 | 21 -0.42058 -1.73302e+02
 22  0.03784 -1.14896e+02 | 23 -0.02797  1.20172e+02 | 24 -0.09435 -1.20908e+02
 25  0.03168 -3.08594e+02 | 26 -0.08307 -1.13548e+02 | 27 -0.01096 -8.13869e+01
 28 -0.16429 -2.32823e+02 | 29  0.10269 -5.07048e+01 | 30 -0.08937 -2.56532e+01
 31 -0.10385  1.12548e+02 | 32  0.07770 -2.20536e+02 | 33 -0.23407 -1.45510e+02
 34  0.17671  2.99393e+02 | 35  0.01683  4.02470e+01 | 36 -2.04792 -1.11875e+02
 37 -0.14068  5.49564e+01 | 38  0.04211  3.03603e+02 | 39 -1.98717 -9.84573e+01
 40  0.21534  2.04112e+02 | 41 -0.04712 -4.94924e+02 | 42  0.11362  5.07423e+02
 43  0.00294  1.06265e+03 | 44  0.18487 -4.40935e+02 | 45  0.00868  5.96115e+02
 46 -0.01029  4.09077e+02 | 47  0.01376  5.03524e+02 | 48 -0.05729  1.90216e+02
 49  0.14574  1.17846e+03 | 50  0.00082 -6.75027e+02 | 51 -0.00154  7.31648e+01
 52  0.05481  1.06917e+03 | 53 -0.02856 -7.49219e+01 | 54  0.09091 -2.05931e+00
 55  0.00744 -4.85851e+02 | 56 -0.05275 -9.69039e+01 | 57 -0.09258 -6.12704e+02
 58  0.08594 -4.84461e+02 | 59 -0.07874 -1.03555e+03 | 60  0.01133 -1.33596e+01
 61  0.01529 -2.27189e+02 | 62  0.09942  7.19416e+02 | 63  0.10375 -3.99094e+02
 64 -0.02566 -5.23037e+00 | 65  0.02091  4.31712e+02 | 66  0.05655  7.08399e+02
 67  0.00600 -6.67404e+02 | 68 -0.04075 -3.01308e+02 | 69  0.00332 -8.61669e+02
 70  0.02794  7.76704e+00 | 71  0.16960  2.44358e+02 | 72 -0.06145 -5.03064e+01
 73 -0.03246 -2.14512e+02 | 74 -0.02412 -7.33156e+01 | 75  0.02964 -1.02725e+02
 76 -0.16670 -6.10053e+02 | 77 -0.47679 -8.83882e+00 | 78 -0.47666 -3.29949e+01
 79 -0.78738 -7.34721e+01 | 80 -0.25153  6.42727e+01 | 81 -0.67156  6.01164e+00
 82 -0.94792 -1.26521e+01 | 83 -1.25363  1.91556e+01 | 84 -0.75278 -2.54944e+01
 85 -1.34115 -2.10135e+02 | 86 -0.50582  4.14287e+01 | 87 -0.67949  2.51631e+01
 88 -0.62265  2.86106e+01 | 89 -0.64180  3.49077e+01 | 90 -0.68244  3.18048e+01
 91 -0.64985  5.11426e+00 | 92 -0.84429 -5.04358e+01 | 93 -0.63981  2.43895e+01
 94 -0.65139  2.48647e+01 | 95 -0.73427 -4.66696e+01 | 96 -0.78860 -4.08499e+01
 97 -0.70424  1.69899e+01 | 98 -0.85952 -3.19253e+01 | 99 -0.79767  1.18143e+02
100 -0.97927 -4.19423e-05 |101  0.48774 -3.84087e+02 |102  0.08791 -3.79020e+02
103  0.45152 -1.72193e+03 |104  0.07692 -6.26781e+03 |105 -0.16833 -1.23823e+03
106 -0.20143 -7.47726e+02 |107 -0.21618 -1.27927e+03 |108 -0.00580 -4.33840e+03
109  0.18176  5.99285e+03 |110 -0.02257  2.45996e+03 |111  0.15541 -1.07767e+02
112 -0.58448 -5.18597e-01 |113  0.19316 -2.66878e+01 |114 -0.04903  2.37295e+02
115 -0.85525  2.04703e+02 |116  0.36616  7.33435e+02 |117 -1.08678 -4.69831e+01
118  0.06515  3.42033e+02 |119  1.08883 -3.59621e+00 |120  0.94768  2.62368e+00
121  0.06912 -2.19093e+03 |122 -0.08203 -2.22253e+03 |123  0.03971 -1.97110e+03
124  0.11354 -1.92524e+03 |125  0.09531 -1.93878e+03 |126 -0.46246 -1.56124e+03
127  0.11470 -1.92433e+03 |128 -0.05219 -1.99022e+03 |129  0.14829 -1.92071e+03
130 -0.02523 -2.01418e+03 |131 -0.02065 -2.01354e+03 |132 -0.00905 -2.00730e+03
133 -0.02340 -7.61119e+02 |134  0.58339 -3.92712e+02 |135 -1.43572  5.63631e+02
136  0.71681 -9.93009e+01 |137  0.14010 -3.30107e+02 |138  0.35675 -2.44854e+02
139 -0.47356 -3.52416e+02 |140 -0.12455 -3.95402e+02 |141  0.09371 -3.45739e+02
142  0.36918 -2.39651e+02 |143 -0.23361 -4.00357e+02 |144 -0.34852 -3.87921e+02
145  2.41036  3.73247e+02 |146 -2.11342  2.44141e+02 |147 -0.09109 -5.03771e+02
148 -0.08754 -4.58429e+02 |149  0.16732 -3.73898e+01 |150 -0.02902 -1.15360e+02
151  0.21555 -5.55722e+01 |152  0.09552 -8.66279e+01 |153 -0.08693 -1.31241e+02
154 -0.33695 -1.64351e+02 |155  0.02789  3.36844e+02 |156 -0.04699  3.05130e+02
157  0.22496  3.36003e+02 |158  0.08354  3.21235e+02 |159 -0.16680  2.53812e+02
160  0.11642  1.94400e+02 |161  0.09273  1.89800e+02 |162 -0.21377  1.10721e+02
163  0.10015  1.70376e+02 |164 -0.05533  1.33043e+02 |165 -0.11564  1.16844e+02
166  0.29855  2.46365e+02 |167 -0.28080  1.24908e+02 |168 -0.00632  1.55208e+02
169  0.14788  3.34692e+02 |170 -0.15417  2.60073e+02 |171  0.47065 -1.46736e+02
172 -0.12653 -3.28823e+02 |173 -0.16935 -3.33547e+02 |174  0.14765 -2.72528e+02
175  0.18898 -2.58367e+02 |176  0.01280 -3.12911e+02 |177 -0.04019 -3.25392e+02
178 -0.05145 -3.27741e+02 |179 -0.44858 -3.18364e+02 |180  0.14661 -1.22236e+02
181 -0.22592 -2.14321e+02 |182  0.08288 -1.56178e+02 |183  0.03185  6.22616e+01
184  0.15371  3.65740e+01 |185  0.21348  4.88137e+01 |186  0.03548  8.73737e+00
187  0.18103  4.22984e+01 |188  0.00000  5.58059e-14 |189  0.63373 -7.95849e+02
190 -0.60922 -9.92362e+02 |191  0.08677 -8.67282e+02 |192 -0.03195 -1.23641e+03
193  0.26706 -1.76249e+03 |194  0.07000 -1.96462e+03 |195 -0.23597 -1.91142e+03
196  0.07784 -1.95985e+03 |197 -0.21683 -1.95339e+03 |198  0.06133 -1.50479e+03
199 -0.01629 -1.54091e+03 |200 -0.07518 -1.51573e+03 |201  0.03222  9.61913e+02
202 -0.02860 -5.91527e+02 |203  0.05106 -5.90256e+02 |204 -0.01550 -1.07486e+03
205 -0.01191 -1.26059e+03 |206  0.02679 -2.22195e+03 |207 -0.04260 -2.98933e+03
208  0.29298 -2.87618e+03 |209 -0.32360 -2.93202e+03 |210  0.07962 -2.72047e+03
211 -0.02625 -4.01827e+03 |212 -0.79918 -1.38536e+03 |213  0.76770 -1.40047e+03
214 -0.03494 -3.97397e+03 |215 -0.08829 -3.47132e+03 |216  0.20245 -2.94143e+03
217 -0.12807 -2.82471e+03 |218  0.01040 -2.48124e+03 |219  0.04873  1.23240e+03
220  0.01958  3.41892e+03 |221 -0.00645  2.94933e+03 |222  0.01431  4.08359e+02
223 -0.22428  6.51024e+02 |224  0.48343  4.80316e+02 |225 -0.23939  4.48928e+02
226  0.28492  2.02302e+02 |227 -0.31863  7.11075e+01 |228 -0.04513 -3.10915e+02
229  0.06069 -1.00649e+03 |230 -0.00678 -7.64413e+02 |231  0.00417 -3.27435e+01
232  0.17168  2.09387e+02 |233 -0.16773  1.29783e+02 |234 -0.00825  2.12550e+02
235 -0.11227  4.22623e+02 |236  0.09430 -1.31781e+02 |237  0.01503  3.07807e+03
238  0.03326  3.64074e+03 |239 -0.04958  2.07413e+03 |240  0.02197  3.10151e+03
241 -0.02678  3.65751e+03 |242  0.04152  4.28501e+03 |243 -0.00505  3.34617e+03
244  0.05298  3.24452e+03 |245  0.09831  3.07065e+03 |246 -0.09471  3.02637e+03
247 -0.04468  2.82587e+03 |248  0.00125  2.09967e+03 |249  0.10091  1.76844e+03
250 -0.13474  1.68969e+03 |251  0.01726  1.24181e+03 |252 -0.00894  5.00684e+02
253  0.09463 -7.72559e+02 |254 -0.14256 -8.19964e+02 |255  0.03225 -4.64874e+02
256 -0.00000 -4.05084e-14 |257  0.18755 -9.00373e+03 |258 -0.26775 -8.68931e+03
259 -0.02293 -6.72932e+03 |260  0.04221 -6.71561e+03 |261  0.02306 -6.98302e+03
262  0.58434 -5.01905e+03 |263 -0.66104 -4.32591e+03 |264  0.00061 -7.62758e+03
265  0.00614 -6.57319e+03 |266  0.02472 -5.57308e+03 |267 -0.04797 -8.29241e+03
268  0.02508 -7.36251e+03 |269  0.02331 -4.55843e+03 |270 -0.01747 -6.53501e+03
271 -0.02718 -6.98074e+03 |272  0.02435 -7.53454e+03 |273  0.01091 -8.04224e+03
274 -0.02661 -8.94770e+03 |275  0.02822 -8.86697e+03 |276 -0.04095 -9.52982e+03
277  0.06098 -8.31727e+03 |278 -0.04442 -8.72876e+03 |279  0.01503 -1.00501e+04
280  0.80339 -2.86308e+03 |281 -0.80679 -2.83158e+03 |282 -0.00320 -8.80544e+03
283  0.14326 -7.94423e+03 |284 -0.15883 -7.64194e+03 |285  0.07718 -6.85083e+03
286 -0.05882 -6.72807e+03 |287 -0.03440 -3.84308e+03 |288  0.00801 -2.26165e+03
289  0.04433 -1.24148e+03 |290 -0.01240 -3.80032e+03 |291  0.29056 -3.18881e+03
292 -0.28584 -3.49864e+03 |293 -0.02279 -4.44111e+03 |294  0.02501 -3.66492e+03
295  0.00803 -4.51886e+03 |296  0.04671 -4.94152e+03 |297 -0.07784 -5.72788e+03
298  0.00043 -4.61711e+03 |299  0.00457 -3.91036e+03 |300  0.00286 -3.82388e+03
301 -0.01049 -4.04898e+03 |302  0.00827 -2.54196e+03 |303  0.12687 -2.04820e+03
304 -0.16253 -2.68434e+03 |305  0.04195 -1.44679e+03 |306 -0.00508 -1.10417e+03
307  0.01433 -1.88575e+03 |308 -0.01770 -1.46023e+03 |309  0.02942 -7.40551e+02
310 -0.02321 -3.39424e+02 |311  0.00386 -4.38571e+02 |312 -0.01349 -5.05106e+02
313  0.00435  1.17801e+03 |314  0.00822  3.02289e+03 |315 -0.00258  3.06477e+03
316  0.00022  3.28245e+03 |317 -0.00444  3.92462e+03 |318  0.03246  5.08725e+03
319 -0.00313  4.17161e+03 |320  0.00022  2.43348e+03 |321 -0.01107  8.77943e+02
322  0.03026 -2.20566e+02 |323 -0.03978  8.43005e+01 |324  0.00000  2.20859e-14
324 variables; iteration 240; function evaluation 270; phase 5
Function value 6.3654912e+03; maximum gradient component mag 7.9315e+03
Var    Value     Gradient |Var    Value     Gradient |Var    Value     Gradient
  1 -0.03433  7.78771e+03 |  2 -0.30350 -5.82752e+01 |  3 -2.09151  4.93161e+01
  4  0.02523  2.74747e+01 |  5 -1.67179  5.37600e+01 |  6  0.12883  1.50721e+02
  7 -2.00833  1.00187e+02 |  8 -1.90901  1.71845e+02 |  9 -0.25296 -9.45593e+01
 10  0.08891 -1.29604e+02 | 11  1.77942  2.44941e+02 | 12  0.01743 -1.18321e+00
 13 -0.18345 -8.52654e+01 | 14 -0.16950  1.44120e+02 | 15 -0.09825  1.36137e+02
 16  0.24680 -3.28332e+02 | 17 -0.03400  2.29259e+02 | 18  0.00265  8.23964e+01
 19 -0.08624  1.36165e+01 | 20 -0.00479 -1.94532e+02 | 21 -0.32665 -1.73601e+02
 22  0.01545 -2.81557e+02 | 23 -0.02185  8.54461e+01 | 24 -0.21954 -2.35798e+02
 25  0.07953 -9.43173e+01 | 26 -0.11400 -1.97453e+02 | 27 -0.00661 -1.07486e+00
 28 -0.16854 -2.48493e+02 | 29  0.12707  1.56710e+02 | 30 -0.09881 -3.22039e+01
 31 -0.03514  2.03078e+02 | 32  0.10940  1.60382e+01 | 33 -0.11650  2.79440e+01
 34  0.17385  3.71734e+02 | 35  0.01362 -1.52758e+02 | 36 -2.01255 -1.97228e+02
 37 -0.11474  1.88320e+02 | 38  0.07734  4.08801e+02 | 39 -1.87199  6.15795e+01
 40  0.21504  2.97842e+02 | 41 -0.02922 -5.39153e+01 | 42  0.10948  2.20406e+02
 43 -0.00580  5.23732e+02 | 44  0.19758  3.66341e+01 | 45  0.00284  2.56987e+02
 46 -0.01929  7.05685e+01 | 47  0.01406  1.61404e+02 | 48 -0.05220  4.94835e+02
 49  0.14858  1.05998e+03 | 50  0.02525  8.62841e+01 | 51  0.01997  5.54411e+02
 52  0.04842  6.15053e+02 | 53 -0.02428  8.43596e+00 | 54  0.09461  2.54654e+02
 55 -0.00290 -1.60433e+02 | 56 -0.05943 -1.65088e+02 | 57 -0.07554 -3.23795e+02
 58  0.08341  1.59183e+02 | 59 -0.08039 -7.34764e+02 | 60  0.00139 -5.05236e+01
 61  0.03019  2.35611e+02 | 62  0.08841  4.50443e+02 | 63  0.11024  3.21341e+02
 64 -0.04940 -1.28949e+02 | 65  0.02715  4.62469e+02 | 66  0.05622 -4.41606e+01
 67  0.01886  7.72656e+01 | 68 -0.04600 -5.15018e+02 | 69  0.02930 -2.58127e+02
 70  0.03201 -1.84773e+02 | 71  0.16494 -5.01009e+02 | 72 -0.07632 -3.60149e+02
 73 -0.02757 -3.47399e+02 | 74 -0.01857  1.50492e+02 | 75  0.02854 -1.02860e+02
 76 -0.12277 -1.50120e+02 | 77 -0.59732 -9.00510e+01 | 78 -0.42494  7.60525e+01
 79 -0.83702 -9.62136e+01 | 80 -0.49387 -3.33529e+00 | 81 -0.69967 -1.08038e+01
 82 -0.66330 -5.22648e+00 | 83 -1.28792 -1.13192e+01 | 84 -0.75069 -1.86143e+01
 85 -1.32828 -2.90472e+02 | 86 -0.65500 -1.47606e+01 | 87 -0.70909  1.21572e+01
 88 -0.65875 -6.78250e-02 | 89 -0.65483  7.66922e+00 | 90 -0.71992  1.47270e+01
 91 -0.69388 -1.35339e+00 | 92 -0.82424 -6.53217e+01 | 93 -0.69206  2.31307e+01
 94 -0.65642  9.01210e+01 | 95 -0.65042  7.12701e+01 | 96 -0.76318  1.04418e+02
 97 -0.76484 -2.06270e+01 | 98 -0.88896 -9.53040e+01 | 99 -0.86844 -7.65148e+01
100 -0.97925 -4.18886e-05 |101  0.48038 -1.01078e+02 |102  0.26281  8.13087e+02
103  0.39088 -7.76535e+02 |104  0.08035 -1.53951e+03 |105 -0.16421 -5.69390e+02
106 -0.22830 -1.29126e+03 |107 -0.21006 -9.32415e+02 |108 -0.00538 -5.97544e+03
109  0.17594  3.82286e+02 |110 -0.02119  5.17641e+02 |111  0.15157 -2.76809e+02
112 -0.64365 -4.72625e+01 |113  0.23130 -7.32977e+00 |114 -0.06134 -5.34257e+02
115 -0.77488 -1.94825e+02 |116  0.30808 -1.04128e+01 |117 -0.96424  1.60605e+01
118  0.05568  2.93659e+02 |119  2.12502  4.58457e+02 |120 -0.11023 -4.08358e+01
121  0.12692 -5.36144e+02 |122 -0.17792 -5.97309e+02 |123  0.02773 -3.87370e+02
124  0.09561 -3.30800e+02 |125  0.12911 -3.19753e+02 |126 -0.38764 -3.67423e+02
127  0.15455 -3.10928e+02 |128 -0.08877 -3.75897e+02 |129  0.11234 -3.84356e+02
130 -0.03877 -4.25290e+02 |131 -0.03035 -4.23463e+02 |132  0.03159 -4.03865e+02
133  0.03241  8.04057e+01 |134  0.57770  9.68813e+01 |135 -1.32629  5.06705e+01
136  0.53124  3.27318e+02 |137  0.20807  3.99123e+02 |138  0.11212  3.92359e+02
139 -0.17893  3.14586e+02 |140 -0.17430  3.16295e+02 |141  0.06690  3.85342e+02
142  0.56786  3.09701e+02 |143 -0.56087  1.58989e+02 |144 -0.24425  2.89506e+02
145  2.24304 -2.89981e+02 |146 -2.01417 -3.30213e+02 |147  0.04858  4.72614e+02
148 -0.12226  3.89173e+02 |149  0.09337  8.91498e+02 |150  0.04769  8.74723e+02
151  0.15986  8.31120e+02 |152  0.07280  8.31457e+02 |153  0.06577  8.30746e+02
154 -0.47239  5.25435e+02 |155  0.05349  9.56963e+02 |156 -0.00853  9.38934e+02
157  0.34484  8.70896e+02 |158 -0.15633  8.70311e+02 |159 -0.12227  8.88780e+02
160  0.43743  6.90425e+02 |161 -0.17555  7.22323e+02 |162 -0.18747  7.15664e+02
163  0.09277  7.92172e+02 |164  0.02765  7.83877e+02 |165 -0.21718  6.83448e+02
166  0.06335  7.44741e+02 |167 -0.06715  6.12819e+02 |168  0.09925  5.87785e+02
169 -0.10889  5.11475e+02 |170 -0.02625  5.20345e+02 |171  0.36369  1.47160e+02
172  0.01079  9.26537e+01 |173 -0.12444  5.83608e+01 |174 -0.00096  8.97059e+01
175  0.37745  1.47331e+02 |176  0.07095  1.06684e+02 |177  0.03661  9.87446e+01
178 -0.04504  7.85795e+01 |179 -0.78685 -1.92152e+01 |180  0.12146  9.54527e+01
181 -0.05269  5.17880e+01 |182  0.01933  4.26229e+01 |183  0.07488  1.88146e+01
184  0.18421  4.29572e+01 |185  0.20680  4.75107e+01 |186  0.11025  2.66628e+01
187 -0.02910 -7.17041e+00 |188 -0.00000 -2.79029e-14 |189  0.49814  2.70144e+03
190 -0.46576  2.67399e+03 |191  0.02774  3.80552e+03 |192 -0.03735  3.59737e+03
193  0.24727  2.61346e+03 |194  0.03570  2.76875e+03 |195 -0.25019  2.49800e+03
196  0.17153  2.68885e+03 |197 -0.21624  2.48454e+03 |198  0.06332  2.53476e+03
199  0.00637  2.52902e+03 |200 -0.10886  2.45368e+03 |201  0.02107  5.15495e+03
202 -0.00866  4.47385e+03 |203  0.04021  4.23884e+03 |204 -0.00124  3.07085e+03
205 -0.04260  2.58416e+03 |206  0.06064  2.27492e+03 |207 -0.06441  1.18413e+03
208  0.24144  9.63772e+02 |209 -0.25297  8.46976e+02 |210  0.06845  1.27198e+03
211 -0.03502 -1.33483e+02 |212 -0.66190 -2.25177e+02 |213  0.64910 -1.63555e+02
214 -0.03098  1.66220e+02 |215 -0.08662  1.23926e+03 |216  0.13922  2.26368e+03
217 -0.07537  1.37659e+03 |218  0.02361  3.29759e+03 |219  0.04707  6.42912e+03
220 -0.00715  7.93146e+03 |221  0.01990  7.62773e+03 |222  0.00305  5.81316e+03
223 -0.23021  5.34397e+03 |224  0.40583  4.30345e+03 |225 -0.15115  5.07266e+03
226  0.27723  3.32923e+03 |227 -0.30299  3.14096e+03 |228  0.00451  3.14486e+03
229 -0.02974  2.19053e+03 |230  0.02997  3.94941e+03 |231 -0.01685  3.67877e+03
232  0.15574  3.81502e+03 |233 -0.15517  3.74190e+03 |234  0.00677  3.71115e+03
235 -0.09525  3.43955e+03 |236  0.08686  2.11459e+03 |237 -0.00650  2.76374e+03
238  0.04263  3.46351e+03 |239 -0.04275  2.10469e+03 |240  0.00649  1.91959e+03
241 -0.01508  2.65306e+03 |242  0.02869  3.68909e+03 |243 -0.00727  3.30588e+03
244  0.04932  3.75149e+03 |245  0.07850  3.43643e+03 |246 -0.12298  3.34967e+03
247  0.00479  2.95606e+03 |248  0.01595  2.29001e+03 |249  0.05005  1.87239e+03
250 -0.08374  1.77405e+03 |251  0.01953  9.27992e+02 |252 -0.01049  1.92986e+02
253 -0.01727 -1.36895e+03 |254  0.00690 -1.41071e+03 |255 -0.04556 -1.58730e+03
256  0.00000  1.80806e-13 |257  0.19580 -3.72753e+03 |258 -0.26188 -3.68595e+03
259 -0.01927 -2.54237e+03 |260  0.05678 -1.80416e+03 |261  0.00178 -3.16134e+03
262  0.53297 -2.87686e+03 |263 -0.59987 -2.66954e+03 |264 -0.00576 -3.78845e+03
265  0.00689 -2.18452e+03 |266  0.02559 -1.31976e+03 |267 -0.04649 -2.74579e+03
268  0.02439 -1.49133e+03 |269  0.01725  1.45781e+03 |270 -0.00620  5.49414e+01
271 -0.02426 -6.61813e+02 |272  0.01885 -1.41567e+03 |273  0.00932 -1.68740e+03
274 -0.02831 -1.48060e+03 |275  0.03584 -2.00332e+03 |276 -0.03958 -2.27659e+03
277  0.04251 -1.80795e+03 |278 -0.02792 -1.79129e+03 |279  0.00962 -3.30177e+03
280  0.73831 -9.72155e+02 |281 -0.74479 -1.11548e+03 |282 -0.00476 -1.35479e+03
283  0.13611 -5.96640e+02 |284 -0.11563  3.34742e+02 |285  0.03360  1.17088e+01
286 -0.05217  1.47880e+03 |287 -0.02677  3.94186e+03 |288 -0.00051  4.98736e+03
289  0.03170  5.91374e+03 |290  0.02021  4.14202e+03 |291  0.21675  2.72761e+03
292 -0.22047  2.14524e+03 |293 -0.02541  1.25634e+03 |294  0.02811  1.14044e+03
295 -0.01651 -1.40798e+02 |296 -0.00082  1.07085e+02 |297 -0.00701 -3.50140e+02
298 -0.01955  1.14524e+03 |299  0.02957  1.88585e+03 |300 -0.01006  1.13874e+03
301  0.00782  1.29302e+03 |302 -0.00855  1.27363e+03 |303  0.11011  1.64744e+03
304 -0.12291  2.18833e+02 |305  0.02775  1.34688e+03 |306 -0.00983  1.50447e+03
307  0.00759  8.14039e+02 |308 -0.01111  5.35680e+02 |309  0.01879  9.65275e+02
310 -0.01629  1.87934e+03 |311  0.00856  2.56263e+03 |312 -0.00488  2.83968e+03
313  0.00600  3.35580e+03 |314  0.00262  3.71003e+03 |315 -0.00312  3.66663e+03
316 -0.00665  3.42247e+03 |317 -0.00684  4.16875e+03 |318  0.03121  5.51208e+03
319 -0.00690  4.29157e+03 |320  0.00477  2.88333e+03 |321  0.00751  1.26130e+03
322 -0.01921 -8.53408e+02 |323  0.02526 -8.10066e+02 |324  0.00000 -1.30563e-14
324 variables; iteration 260; function evaluation 291; phase 5
Function value 6.0238662e+03; maximum gradient component mag 1.0976e+04
Var    Value     Gradient |Var    Value     Gradient |Var    Value     Gradient
  1 -0.03348  1.09762e+04 |  2  0.02217 -2.73131e+01 |  3 -1.99404  5.09541e+01
  4  0.08877  6.97177e+01 |  5 -1.62496  5.98649e+01 |  6  0.09629  1.01873e+01
  7 -2.02868  1.60020e+02 |  8 -1.82736  1.54665e+02 |  9 -0.19577 -8.65084e+01
 10  0.08076 -1.13870e+02 | 11  1.77257  9.07845e+01 | 12 -0.04479 -7.56933e+01
 13 -0.18929 -1.52989e+02 | 14 -0.23822  1.88554e+01 | 15 -0.08003  2.04130e+02
 16  0.23325 -5.27539e+02 | 17 -0.01093  2.10272e+02 | 18  0.00901  1.54272e+02
 19 -0.06006  8.67852e+01 | 20  0.02769 -4.91630e+00 | 21 -0.29244 -1.85237e+02
 22  0.03747 -1.44540e+01 | 23 -0.07331 -1.93446e+01 | 24 -0.25934 -3.08246e+02
 25  0.08451  5.52794e+01 | 26 -0.05732 -1.27361e+01 | 27 -0.03836 -6.12866e+01
 28 -0.15422 -3.29321e+02 | 29  0.11574  1.75487e+02 | 30 -0.11546 -4.43602e+01
 31 -0.07030  1.33181e+02 | 32  0.09542  7.21104e+01 | 33 -0.11314 -1.75267e+00
 34  0.18178  4.23136e+02 | 35  0.03973 -1.53452e+02 | 36 -1.98705 -1.30635e+02
 37 -0.09485  2.73993e+02 | 38  0.07731  3.28158e+02 | 39 -1.85749  1.49063e+02
 40  0.20850  4.96630e+02 | 41  0.02078  5.58331e+01 | 42  0.10344  2.17045e+02
 43 -0.00854  4.77587e+02 | 44  0.20426  3.95629e+02 | 45  0.00941  3.75848e+02
 46 -0.01999  5.03387e+01 | 47  0.01188  1.62379e+02 | 48 -0.04475  4.69438e+02
 49  0.14223  8.20388e+02 | 50  0.02685  7.91834e+01 | 51  0.02975  7.11195e+02
 52  0.04540  4.96869e+02 | 53 -0.02052  1.54213e+01 | 54  0.09247  8.55655e+01
 55 -0.01411 -5.00163e+02 | 56 -0.05700 -1.32292e+02 | 57 -0.06357 -1.14436e+02
 58  0.09169  4.02025e+02 | 59 -0.07138 -6.62203e+02 | 60  0.00713  6.94230e+01
 61  0.03184  3.13943e+02 | 62  0.08349  2.77621e+02 | 63  0.11359  4.34583e+02
 64 -0.05798 -2.43203e+02 | 65  0.02964  4.86910e+02 | 66  0.04377 -4.49081e+02
 67  0.01867 -8.71513e+01 | 68 -0.05497 -6.99791e+02 | 69  0.02557 -3.85808e+02
 70  0.02798 -3.35333e+02 | 71  0.16045 -7.32381e+02 | 72 -0.05959 -2.73260e+02
 73 -0.02958 -3.71129e+02 | 74 -0.01268  1.82011e+02 | 75  0.02620 -1.88471e+02
 76 -0.11543 -1.77890e+02 | 77 -0.54956 -3.15434e+01 | 78 -0.51814 -7.69294e-01
 79 -0.86191 -9.92325e+01 | 80 -0.43441  2.44281e+01 | 81 -0.71528 -2.10675e+01
 82 -0.64960  1.12542e+01 | 83 -1.28895 -1.45861e+01 | 84 -0.74890 -1.44681e+01
 85 -1.25459 -8.37929e+01 | 86 -0.62996 -8.98995e+00 | 87 -0.71325  1.00494e+01
 88 -0.72949 -3.70726e+01 | 89 -0.66174  3.97556e+00 | 90 -0.71909  3.49045e+01
 91 -0.74019 -2.65572e+01 | 92 -0.73289  2.58320e+00 | 93 -0.68693  3.32807e+01
 94 -0.70796  1.89009e+01 | 95 -0.67287  4.57692e+01 | 96 -0.78158  3.93932e+01
 97 -0.78047 -3.33031e+01 | 98 -0.85881  4.00754e+01 | 99 -0.98339 -3.61473e+01
100 -0.97922 -4.18390e-05 |101  0.63323 -2.92113e+02 |102  0.34834 -1.02007e+02
103  0.41001 -1.26852e+03 |104  0.08301 -1.50710e+03 |105 -0.16686 -4.96364e+02
106 -0.23649 -1.06898e+03 |107 -0.19423 -3.39304e+02 |108 -0.00384 -4.93031e+03
109  0.17088  1.07806e+02 |110 -0.02056  6.24236e+02 |111  0.15065 -2.24792e+02
112 -0.62607 -5.15449e+01 |113  0.22516 -9.73063e+00 |114 -0.07306 -7.24220e+02
115 -0.69647  1.00327e+02 |116  0.26395  6.39763e+02 |117 -1.03172 -7.23954e+00
118  0.02749  1.54150e+02 |119  2.04606  1.04226e+02 |120 -0.07429  6.57873e+01
121  0.25047 -2.00792e+03 |122 -0.35000 -1.97500e+03 |123  0.02693 -2.01779e+03
124  0.07289 -1.86317e+03 |125  0.13053 -1.82241e+03 |126 -0.33806 -1.70124e+03
127  0.11253 -1.83670e+03 |128 -0.04220 -1.89754e+03 |129  0.10133 -1.90634e+03
130 -0.00546 -1.95527e+03 |131 -0.02217 -1.95836e+03 |132  0.00375 -1.94053e+03
133  0.03912 -1.77638e+03 |134  0.58817 -1.03268e+03 |135 -1.26329  7.96761e+02
136  0.50093 -9.35907e+02 |137  0.12710 -1.37767e+03 |138  0.13387 -1.37303e+03
139 -0.18526 -1.41951e+03 |140 -0.13071 -1.43792e+03 |141  0.03428 -1.42622e+03
142 -0.00452 -1.43782e+03 |143  0.10188 -1.39367e+03 |144 -0.29535 -1.34774e+03
145  2.15910  1.42979e+03 |146 -1.95818  1.49928e+03 |147 -0.03135 -1.07769e+03
148 -0.02463 -9.43741e+02 |149  0.08572 -5.74627e+02 |150  0.00802 -6.10819e+02
151  0.06319 -6.22203e+02 |152  0.11680 -6.04021e+02 |153  0.11447 -6.05002e+02
154 -0.40756 -5.90928e+02 |155 -0.00562 -2.93740e+02 |156  0.04248 -2.42049e+02
157 -0.02384 -2.71099e+02 |158  0.24558 -1.51768e+02 |159 -0.21966 -2.59770e+02
160  0.12841 -4.49490e+02 |161  0.19239 -4.27004e+02 |162 -0.10235 -5.12474e+02
163 -0.02045 -4.98815e+02 |164 -0.04634 -5.04147e+02 |165 -0.09169 -5.11266e+02
166 -0.00773 -5.68973e+02 |167 -0.05176 -6.91630e+02 |168  0.04232 -7.28395e+02
169 -0.07274 -7.79324e+02 |170 -0.01627 -1.70279e+02 |171  0.28693  4.88039e+01
172  0.00124 -1.39008e+01 |173 -0.01439 -1.77572e+01 |174  0.10315  1.09721e+01
175  0.23726  4.00222e+01 |176  0.01758 -9.88291e+00 |177 -0.10996 -4.06074e+01
178 -0.07954 -3.35344e+01 |179 -0.43970 -8.80980e+01 |180  0.05569  1.74154e+02
181 -0.04469  1.30404e+02 |182  0.01865  1.02683e+02 |183  0.03392  8.90640e+01
184  0.13793  3.30095e+01 |185  0.20439  4.70367e+01 |186  0.19860  4.58837e+01
187 -0.13112 -3.14461e+01 |188 -0.00000 -1.95321e-13 |189  0.31365 -3.73049e+02
190 -0.28768 -5.09452e+02 |191  0.00763 -3.63330e+02 |192 -0.03025 -4.62817e+02
193  0.28924 -1.06899e+03 |194  0.02515 -1.25143e+03 |195 -0.27053 -1.20568e+03
196  0.16024 -1.18430e+03 |197 -0.21199 -1.30196e+03 |198  0.06622 -2.52692e+03
199 -0.05746 -2.56327e+03 |200 -0.05167 -2.26261e+03 |201  0.02789  8.59005e+01
202 -0.01516 -8.24482e+02 |203  0.02997 -1.05386e+03 |204 -0.00346 -1.40256e+03
205 -0.03347 -1.80549e+03 |206  0.05998 -2.04311e+03 |207 -0.05882 -2.94928e+03
208  0.19321 -3.02656e+03 |209 -0.19711 -3.11104e+03 |210  0.04824 -3.74917e+03
211 -0.03538 -4.58286e+03 |212 -0.62513 -2.57295e+03 |213  0.61901 -2.37115e+03
214 -0.02430 -2.96037e+03 |215 -0.08874 -1.48348e+03 |216  0.12782 -1.20948e+03
217 -0.05657 -2.24514e+03 |218  0.01672  1.73963e+02 |219  0.04982  3.51538e+03
220 -0.00617  4.33286e+03 |221  0.00258  3.90190e+03 |222 -0.00256  3.67990e+03
223 -0.22290  3.57426e+03 |224  0.40602  2.70233e+03 |225 -0.14055  3.14500e+03
226  0.21633  1.64912e+03 |227 -0.22701  1.53866e+03 |228 -0.00424  9.70930e+02
229 -0.02693 -6.70471e+00 |230  0.02009  1.44358e+03 |231 -0.01149  9.58517e+02
232  0.11519  1.09134e+03 |233 -0.10810  1.03381e+03 |234  0.00063  2.16919e+02
235 -0.08074 -4.25931e+01 |236  0.07456 -1.38796e+03 |237 -0.01225 -1.31357e+03
238  0.04644  6.57331e+01 |239 -0.03830 -6.92664e+02 |240  0.00525 -5.41521e+02
241 -0.01974 -2.52048e+02 |242  0.02597  1.08505e+03 |243 -0.00293  8.59164e+02
244  0.04027  1.12417e+03 |245  0.08635  7.17409e+02 |246 -0.13126  6.56379e+02
247  0.00452  8.23878e+02 |248  0.01718  4.75871e+02 |249  0.04881  1.73142e+02
250 -0.08422  5.16644e+01 |251  0.03124 -2.42150e+02 |252 -0.02087 -9.39863e+02
253 -0.01536 -1.96517e+03 |254  0.00047 -1.79546e+03 |255 -0.03914 -1.79748e+03
256  0.00000  4.58319e-13 |257  0.20440 -6.22478e+03 |258 -0.27841 -6.04780e+03
259 -0.01503 -5.62097e+03 |260  0.05014 -3.94792e+03 |261  0.00599 -4.87648e+03
262  0.54365 -3.85446e+03 |263 -0.60553 -3.55002e+03 |264 -0.00832 -5.30162e+03
265  0.00696 -4.29566e+03 |266  0.02684 -3.93664e+03 |267 -0.05100 -5.38810e+03
268  0.02803 -2.37438e+03 |269  0.01235  2.63028e+02 |270 -0.00380 -1.23158e+03
271 -0.02186 -1.36840e+03 |272  0.01661 -1.73373e+03 |273  0.00904 -1.76911e+03
274 -0.02501 -1.79895e+03 |275  0.03008 -2.88172e+03 |276 -0.03635 -2.92874e+03
277  0.03881 -1.92203e+03 |278 -0.02352 -2.45417e+03 |279  0.01356 -3.15893e+03
280  0.66310 -1.19159e+03 |281 -0.67370 -1.21103e+03 |282 -0.00506 -6.44790e+02
283  0.14661  1.63072e+02 |284 -0.11775  3.07932e+02 |285  0.01188 -4.67036e+02
286 -0.03764  1.02716e+03 |287 -0.02400  3.38049e+03 |288 -0.00061  3.94249e+03
289  0.02935  4.80056e+03 |290  0.01556  4.26035e+03 |291  0.24472  3.20860e+03
292 -0.24448  2.55378e+03 |293 -0.02281  1.66153e+03 |294  0.02536  1.36879e+03
295 -0.01891  9.12145e+01 |296 -0.00112  2.24555e+02 |297 -0.00570 -1.17088e+02
298 -0.00856  1.23859e+03 |299  0.02287  1.51158e+03 |300 -0.00786  3.40435e+02
301  0.00100 -4.54718e+01 |302 -0.00746 -2.72408e+02 |303  0.09491  5.56581e+01
304 -0.09418 -1.38027e+03 |305  0.01521 -1.00939e+03 |306 -0.01747 -3.58054e+02
307  0.00400  2.68605e+01 |308  0.00120  4.84219e+02 |309  0.01508  7.64063e+02
310 -0.01271  1.93634e+03 |311  0.00703  2.51359e+03 |312 -0.00157  2.60024e+03
313  0.00968  2.63632e+03 |314 -0.00608  2.25474e+03 |315  0.00500  2.76333e+03
316 -0.01162  2.06548e+03 |317 -0.00494  2.61519e+03 |318  0.02988  3.62806e+03
319 -0.01533  2.90711e+03 |320  0.01324  2.06446e+03 |321  0.00664  7.68063e+02
322 -0.01048 -1.25401e+03 |323  0.02014 -1.20061e+03 |324  0.00000  9.05827e-13
324 variables; iteration 280; function evaluation 313; phase 5
Function value 5.6653880e+03; maximum gradient component mag 1.7575e+04
Var    Value     Gradient |Var    Value     Gradient |Var    Value     Gradient
  1 -0.03271  1.75748e+04 |  2  0.18642  3.79585e+01 |  3 -1.93565  2.39965e+01
  4  0.14038  1.76425e+02 |  5 -1.68135  5.24017e+01 |  6  0.04996 -9.88840e+01
  7 -2.04977  6.37363e+01 |  8 -1.84294  9.38288e+01 |  9 -0.04849  1.66972e+02
 10  0.12449  1.55637e+02 | 11  1.76161 -2.78624e+02 | 12 -0.08667 -1.14596e+02
 13 -0.15727 -1.84957e+02 | 14 -0.24077 -4.08074e+01 | 15 -0.15389  5.95170e+01
 16  0.24526  3.01127e+01 | 17 -0.04320  2.75158e+02 | 18 -0.04185  4.35163e+01
 19 -0.07951  1.90544e+01 | 20  0.05904  1.76199e+02 | 21 -0.25223 -1.81359e+02
 22  0.03139 -1.14893e+02 | 23 -0.11829 -1.53957e+02 | 24 -0.19582 -3.09264e+02
 25  0.09788  1.61771e+02 | 26 -0.03151  1.61181e+02 | 27 -0.03579 -7.83046e+01
 28 -0.11585 -3.35675e+02 | 29  0.11100  2.11314e+02 | 30 -0.04370  9.61813e+01
 31 -0.06061  1.35195e+02 | 32  0.06692 -1.34905e+02 | 33 -0.07961  7.11810e+01
 34  0.17218  3.68654e+02 | 35  0.00395 -2.71514e+02 | 36 -1.93398  1.03631e+01
 37 -0.15044 -9.58646e+00 | 38  0.09526  2.74552e+02 | 39 -1.94307  6.62669e+01
 40  0.21029  5.91210e+02 | 41  0.02445  2.14734e+01 | 42  0.08399  2.13213e+01
 43 -0.02004  3.50508e+02 | 44  0.19792  3.49550e+02 | 45  0.00556  3.12161e+02
 46 -0.02026  7.69338e+00 | 47 -0.00054  3.02319e+01 | 48 -0.07286  7.85352e+00
 49  0.12603  2.07991e+02 | 50  0.02308 -3.22897e+00 | 51  0.01853  4.46565e+02
 52  0.03082  1.02409e+02 | 53 -0.03278 -1.61493e+02 | 54  0.09568  3.97537e+02
 55 -0.02555 -7.86643e+02 | 56 -0.04952  1.25335e+01 | 57 -0.05216  1.04731e+02
 58  0.09745  7.52492e+02 | 59 -0.05398 -3.91534e+02 | 60  0.00704 -5.06989e+01
 61  0.02443  2.67653e+02 | 62  0.07039 -1.70866e+02 | 63  0.10621  4.16151e+02
 64 -0.06040 -2.92716e+02 | 65  0.02248  2.91642e+02 | 66  0.04351 -3.29319e+02
 67  0.03408  4.04066e+02 | 68 -0.04814 -5.74026e+02 | 69  0.04198  1.26760e+02
 70  0.02339 -2.79086e+02 | 71  0.16197 -4.26450e+02 | 72 -0.06044 -2.83741e+02
 73 -0.02285 -1.93844e+02 | 74 -0.01428  2.32113e+01 | 75  0.02993 -1.20530e+02
 76 -0.08594 -7.28213e+01 | 77 -0.39626  1.11288e+01 | 78 -0.55428 -5.09011e+01
 79 -1.26986  5.82837e+00 | 80 -0.43430 -4.72637e-02 | 81 -0.77001 -6.97316e+01
 82 -0.66017 -1.35413e+01 | 83 -1.05510  3.83999e+01 | 84 -0.84757 -7.97732e+01
 85 -1.19305  5.04244e+01 | 86 -0.47352  8.66168e+01 | 87 -0.72501 -8.28825e+00
 88 -0.76961 -5.02028e+01 | 89 -0.64125  8.51775e+00 | 90 -0.73833 -6.02366e-01
 91 -0.73758 -3.24905e+01 | 92 -0.75600 -2.53762e+01 | 93 -0.83571 -6.28181e+01
 94 -0.81520 -7.23074e+01 | 95 -0.68327  2.78522e+01 | 96 -0.81590 -2.58026e+01
 97 -0.80255 -5.81424e+01 | 98 -0.87730 -5.12236e+01 | 99 -1.11208  1.06639e+02
100 -0.97918 -4.17425e-05 |101  0.75158  2.82698e+01 |102  0.38264 -6.17486e+00
103  0.37573 -7.70401e+02 |104  0.08595 -9.44905e+02 |105 -0.16519 -2.80256e+01
106 -0.23544 -6.38118e+02 |107 -0.18338  2.39802e+02 |108 -0.00180 -3.85979e+03
109  0.16463 -1.10046e+03 |110 -0.01870  2.42038e+01 |111  0.14153 -6.75790e+02
112 -0.54092 -7.65110e+01 |113  0.21284 -1.49966e+01 |114 -0.07032 -5.34928e+02
115 -0.60825  3.60687e+02 |116  0.19213  1.34145e+03 |117 -1.01900 -1.12245e+00
118  0.02390  5.01430e+01 |119  1.97471 -7.69063e+01 |120 -0.04115  2.56905e+02
121  0.38011  3.29043e+02 |122 -0.51514  1.35182e+02 |123  0.02514  4.04733e+02
124  0.06983  4.24200e+02 |125  0.15170  4.34064e+02 |126 -0.29622  3.03075e+02
127  0.03541  4.17694e+02 |128 -0.03117  4.02070e+02 |129  0.10371  3.83897e+02
130 -0.03129  3.57888e+02 |131 -0.00441  3.64985e+02 |132  0.05317  4.88911e+02
133 -0.03568  4.25811e+02 |134  0.62598  2.98804e+02 |135 -1.35951 -1.47517e+02
136  0.60086  3.28844e+02 |137  0.12456  4.54995e+02 |138  0.17233  4.58002e+02
139 -0.32281  3.12102e+02 |140  0.01115  4.35990e+02 |141 -0.01244  4.30155e+02
142  0.13072  4.55559e+02 |143 -0.14866  3.86186e+02 |144 -0.19796  3.66769e+02
145  2.20824 -3.62537e+02 |146 -1.97321 -3.77431e+02 |147 -0.06569  1.79134e+02
148  0.00828  2.76920e+02 |149  0.13837  3.45382e+02 |150 -0.07014  2.96879e+02
151  0.15805  3.11091e+02 |152  0.02759  2.88864e+02 |153  0.00792  2.84259e+02
154 -0.27696  1.95995e+02 |155 -0.00785  4.20149e+02 |156  0.03724  5.48538e+02
157  0.03851  5.45902e+02 |158  0.05322  5.40497e+02 |159 -0.08443  5.04037e+02
160  0.27107  3.07549e+02 |161  0.02089  2.77824e+02 |162 -0.15693  2.27401e+02
163 -0.04928  2.59233e+02 |164 -0.02676  2.30496e+02 |165  0.10166  2.54411e+02
166  0.00462  2.33675e+02 |167 -0.18377  1.79522e+02 |168  0.04853  2.11652e+02
169 -0.03319  1.63459e+02 |170 -0.03285  5.86296e+01 |171  0.30430  1.39721e+02
172 -0.04802  7.30546e+01 |173 -0.00895  8.28760e+01 |174  0.13854  1.16187e+02
175 -0.00684  8.33864e+01 |176 -0.01750  8.07308e+01 |177  0.00619  8.66009e+01
178 -0.12309  5.38733e+01 |179 -0.16749  4.26899e+01 |180 -0.03146  4.57859e+01
181 -0.02399  3.40433e+01 |182  0.00806  2.42356e+00 |183  0.20866  4.79542e+01
184  0.06500  1.59392e+01 |185 -0.03937 -9.67650e+00 |186 -0.01176 -2.89241e+00
187  0.14481  3.45098e+01 |188  0.00000  5.58059e-14 |189  0.27176  3.07929e+01
190 -0.24088 -8.29225e+01 |191  0.02314 -1.50832e+01 |192 -0.07079 -8.98032e+01
193  0.20244 -6.25493e+02 |194  0.05517 -6.91421e+02 |195 -0.17125 -7.22417e+02
196  0.11884 -6.66421e+02 |197 -0.19248 -7.64473e+02 |198  0.05413 -2.55970e+03
199 -0.05910 -2.58815e+03 |200 -0.04484 -1.88100e+03 |201  0.02842  1.42796e+02
202 -0.02748 -3.00117e+02 |203  0.03633 -3.76558e+02 |204 -0.00804 -8.37972e+02
205 -0.01596 -1.23772e+03 |206  0.04375 -1.73398e+03 |207 -0.05612 -2.28816e+03
208  0.16789 -1.97737e+03 |209 -0.16129 -2.06088e+03 |210  0.03440 -3.07481e+03
211 -0.02876 -2.96463e+03 |212 -0.58813 -1.47515e+03 |213  0.58616 -1.32391e+03
214 -0.02306 -1.44347e+03 |215 -0.10858  1.87645e+02 |216  0.12864 -1.68586e+02
217 -0.03314 -8.49078e+02 |218  0.02000  1.91434e+03 |219  0.04816  4.06986e+03
220 -0.01864  4.00212e+03 |221 -0.00867  3.86025e+03 |222  0.00712  5.05964e+03
223 -0.18850  5.00606e+03 |224  0.38636  4.67375e+03 |225 -0.14979  5.40749e+03
226  0.20284  3.74916e+03 |227 -0.23248  3.58918e+03 |228 -0.00118  3.30181e+03
229 -0.00019  2.71351e+03 |230  0.00169  2.98915e+03 |231  0.00030  2.64458e+03
232  0.10822  2.54032e+03 |233 -0.11583  2.47102e+03 |234  0.00049  2.58711e+03
235 -0.04806  2.82836e+03 |236  0.05530  1.97978e+03 |237 -0.01357  1.65435e+03
238  0.01635  2.14899e+03 |239 -0.01887  1.71565e+03 |240  0.02115  1.48247e+03
241 -0.02300  1.23461e+03 |242  0.01121  1.97417e+03 |243  0.00941  1.96763e+03
244  0.00972  1.97500e+03 |245  0.19921  1.74631e+03 |246 -0.21178  1.64063e+03
247 -0.00894  1.34084e+03 |248  0.02599  1.23964e+03 |249  0.03269  9.24810e+02
250 -0.05730  7.43759e+02 |251  0.00787  3.57429e+02 |252 -0.00886  3.88773e+02
253  0.00209 -2.40443e+02 |254 -0.01528 -3.90295e+02 |255 -0.05446 -8.80234e+02
256 -0.00000 -4.16290e-13 |257  0.20459 -3.61873e+03 |258 -0.26582 -3.58991e+03
259 -0.02157 -3.44054e+03 |260  0.05608 -4.28565e+02 |261 -0.00654 -1.15837e+03
262  0.58328 -9.61067e+02 |263 -0.63405 -9.97662e+02 |264 -0.00930 -9.56491e+02
265  0.00413 -2.96505e+01 |266  0.02156 -6.52056e+02 |267 -0.04136 -1.41094e+03
268  0.02640 -3.93795e+02 |269  0.00733  1.79118e+03 |270  0.01060  7.89096e+02
271 -0.03009 -4.46587e+01 |272  0.02144 -4.62857e+02 |273 -0.00095 -1.37457e+03
274 -0.02008 -1.73989e+03 |275  0.02810 -2.06291e+03 |276 -0.04032 -1.93178e+03
277  0.04164 -5.25583e+02 |278 -0.02910 -1.44127e+03 |279  0.01903 -9.62195e+02
280  0.64150 -1.86408e+01 |281 -0.65208 -1.51975e+02 |282 -0.00058  1.28385e+03
283  0.16786  1.81847e+03 |284 -0.13704  1.35633e+03 |285 -0.00663  3.65454e+02
286 -0.02395  1.81029e+03 |287 -0.01806  3.15907e+03 |288  0.00253  2.80980e+03
289  0.02623  3.50474e+03 |290  0.00283  4.18026e+03 |291  0.19402  3.83572e+03
292 -0.18477  4.07176e+03 |293 -0.02316  2.98594e+03 |294  0.01970  2.53691e+03
295 -0.00371  1.98799e+03 |296 -0.00537  1.71402e+03 |297 -0.01244  1.32054e+03
298  0.00010  2.19377e+03 |299  0.00988  2.20469e+03 |300 -0.00224  1.65110e+03
301  0.00143  1.46910e+03 |302 -0.00239  1.95947e+03 |303  0.06294  2.06785e+03
304 -0.06463  1.06870e+03 |305  0.01298  1.29193e+03 |306 -0.01219  1.30787e+03
307  0.01302  1.57513e+03 |308 -0.01084  1.10930e+03 |309  0.01070  1.10309e+03
310 -0.00319  1.82140e+03 |311 -0.00323  1.83467e+03 |312  0.00702  1.89029e+03
313 -0.00242  1.45591e+03 |314  0.00377  1.85932e+03 |315  0.00427  1.70578e+03
316 -0.01426  1.01753e+03 |317 -0.00263  1.54075e+03 |318  0.01521  2.34611e+03
319 -0.01286  1.83151e+03 |320  0.01654  2.50528e+03 |321  0.00324  1.64502e+03
322  0.00640 -1.93970e+02 |323  0.03197 -6.63608e+02 |324 -0.00000 -5.55637e-13
324 variables; iteration 300; function evaluation 335; phase 5
Function value 5.4171182e+03; maximum gradient component mag 1.6067e+04
Var    Value     Gradient |Var    Value     Gradient |Var    Value     Gradient
  1 -0.03525  1.60667e+04 |  2  0.06875 -3.57397e+01 |  3 -1.94516  5.84987e+01
  4  0.07749  2.94153e+01 |  5 -1.67666  5.47371e+01 |  6  0.07549 -5.34941e+01
  7 -2.02035  1.14739e+02 |  8 -1.90778  1.39886e+02 |  9 -0.11505  4.26333e+01
 10  0.09633 -7.09950e+00 | 11  1.76228 -1.61852e+02 | 12 -0.09918 -1.35421e+02
 13 -0.12199 -1.66409e+02 | 14 -0.30593 -1.27014e+02 | 15 -0.20354 -4.00820e+01
 16  0.26096  1.86385e+02 | 17 -0.07083  8.19293e+01 | 18 -0.06935 -8.99660e+01
 19 -0.08898 -6.00507e+01 | 20  0.02809  6.10135e+01 | 21 -0.21948 -1.98618e+02
 22  0.05366  1.13230e+02 | 23 -0.11018 -8.35759e+01 | 24 -0.17327 -2.97222e+02
 25  0.07635  7.24023e+01 | 26 -0.04415  1.01259e+02 | 27 -0.03374 -4.49272e+01
 28 -0.04841 -1.42255e+02 | 29  0.11550  2.50760e+02 | 30 -0.07866  3.80245e+01
 31 -0.07767  1.69608e+02 | 32  0.03492 -3.32749e+02 | 33 -0.09813 -5.62067e+01
 34  0.17737  4.11172e+02 | 35  0.00627 -1.80439e+02 | 36 -1.96681 -1.07527e+02
 37 -0.13576 -1.98547e+01 | 38  0.08320  1.55843e+02 | 39 -1.99660 -9.39667e+01
 40  0.21736  5.74454e+02 | 41  0.01428 -1.73692e+01 | 42  0.07778 -6.19018e+01
 43 -0.02052  2.73814e+02 | 44  0.19966  4.97977e+02 | 45  0.01951  4.91475e+02
 46 -0.01118  1.18666e+02 | 47 -0.00094  3.14117e+01 | 48 -0.08693 -1.28415e+02
 49  0.12726  2.85272e+02 | 50  0.02558  1.19677e+01 | 51  0.01621  3.38645e+02
 52  0.03165  7.49114e+01 | 53 -0.02802 -4.49855e+01 | 54  0.08887 -1.64877e+01
 55 -0.02399 -8.08101e+02 | 56 -0.04546  8.55011e+01 | 57 -0.04409  2.84119e+02
 58  0.10072  7.47165e+02 | 59 -0.03739 -1.79800e+02 | 60  0.01304 -4.80737e+01
 61  0.01648  1.02325e+01 | 62  0.06615 -2.95700e+02 | 63  0.09931 -9.80042e+01
 64 -0.06033 -2.93512e+02 | 65  0.01588  1.84724e+02 | 66  0.05818  4.19768e+01
 67  0.03921  4.39762e+02 | 68 -0.03808 -4.94025e+02 | 69  0.04277 -1.14944e+02
 70  0.02754 -3.70621e+01 | 71  0.16218 -4.39179e+02 | 72 -0.06061 -1.58646e+02
 73 -0.02659 -3.44185e+02 | 74 -0.01948  4.08199e+01 | 75  0.03258 -2.59331e+01
 76 -0.09412 -1.32093e+02 | 77 -0.48524  3.13676e+01 | 78 -0.54364 -6.20042e+01
 79 -1.32342 -7.53762e+01 | 80 -0.45487 -1.47193e+01 | 81 -0.76734 -6.11482e+01
 82 -0.86530 -5.37911e+01 | 83 -1.05458  3.65960e+01 | 84 -0.79581 -6.15624e+01
 85 -1.16328  8.23456e+01 | 86 -0.59517 -1.00739e+01 | 87 -0.67274  3.98568e+01
 88 -1.43595 -7.00281e+01 | 89 -0.60661  2.40008e+01 | 90 -0.73259  2.56493e+00
 91 -0.62903  5.00571e+01 | 92 -0.64252  1.22792e+02 | 93 -1.15269  5.62822e+01
 94 -0.74445 -2.03750e+01 | 95 -0.76033 -5.07826e+01 | 96 -0.81595 -3.68151e+01
 97 -0.72940  1.82306e+01 | 98 -0.87301 -5.85638e+01 | 99 -1.21006 -3.02625e+02
100 -0.97913 -4.16536e-05 |101  0.94887 -2.07481e+01 |102  0.35353 -1.07580e+03
103  0.35603 -2.46615e+03 |104  0.08782 -5.34660e+02 |105 -0.17174 -1.92542e+02
106 -0.22334 -7.34290e+00 |107 -0.17810  7.30057e+02 |108 -0.00099 -4.22254e+03
109  0.16282 -2.18729e+03 |110 -0.02187 -1.25682e+03 |111  0.13780 -9.65724e+02
112 -0.32216 -5.69406e+01 |113  0.23169 -6.18559e+00 |114 -0.04811  3.22785e+02
115 -0.52052  2.77577e+02 |116  0.11196  1.74824e+03 |117 -1.06569  1.34261e+00
118 -0.00502 -5.66505e+00 |119  1.96917 -1.22732e+02 |120 -0.06341  3.32117e+02
121  0.36619 -8.34178e+02 |122 -0.54574 -7.84361e+02 |123  0.02325 -3.00195e+02
124  0.05764 -2.72271e+02 |125  0.21817 -2.20672e+02 |126 -0.26832 -3.20596e+02
127 -0.04420 -2.97259e+02 |128 -0.00878 -2.83755e+02 |129  0.07587 -2.95996e+02
130 -0.03142 -2.97663e+02 |131  0.01345 -2.86162e+02 |132  0.04848 -5.07935e+01
133 -0.00375 -5.43999e+01 |134  0.58047  2.57586e+01 |135 -1.35390  1.13748e+02
136  0.56834  1.54643e+02 |137  0.15956  1.58058e+02 |138  0.10718  1.48391e+02
139 -0.27684  5.26231e+01 |140  0.10187  1.47318e+02 |141 -0.10778  9.63332e+01
142  0.20325  1.64732e+02 |143 -0.21184  6.88878e+01 |144 -0.19381  7.35657e+01
145  2.18307 -7.63748e+01 |146 -1.94360 -6.91961e+01 |147 -0.04091  3.31358e+01
148  0.01976  8.84805e+01 |149  0.12093  1.32137e+02 |150 -0.05500  8.71127e+01
151 -0.06354  4.10544e+01 |152  0.18146  1.15589e+02 |153  0.09363  9.81188e+01
154 -0.30002  4.32419e+00 |155 -0.02420  1.79137e+02 |156  0.01189  2.59867e+02
157  0.04583  2.62356e+02 |158  0.07343  2.65020e+02 |159 -0.12348  2.14330e+02
160  0.21117  2.22675e+02 |161  0.16625  2.17239e+02 |162 -0.34912  8.73991e+01
163 -0.03683  1.81577e+02 |164  0.04042  2.98995e+02 |165  0.21465  2.50513e+02
166  0.06611  2.28537e+02 |167 -0.31992  1.20795e+02 |168 -0.01516  2.70691e+02
169  0.04117  5.65102e+02 |170 -0.02347  4.36039e+02 |171  0.27719  2.00354e+02
172 -0.10985  1.25849e+02 |173  0.05549  1.65780e+02 |174  0.13202  1.81089e+02
175  0.02693  1.59211e+02 |176 -0.06345  1.36402e+02 |177 -0.03441  1.44015e+02
178 -0.11332  1.22927e+02 |179 -0.06708  1.33772e+02 |180 -0.05576  9.18678e+01
181  0.01875  9.50352e+01 |182 -0.05776  2.81915e+01 |183  0.35467  1.33189e+02
184 -0.11897  4.39010e+01 |185 -0.21912  1.96331e+01 |186  0.10853  6.26311e+01
187  0.17198  4.03989e+01 |188 -0.00000 -5.58059e-14 |189  0.21614 -4.92476e+03
190 -0.19396 -5.07722e+03 |191  0.05783 -4.54540e+03 |192 -0.08788 -4.56049e+03
193  0.29019 -4.71119e+03 |194  0.05543 -5.28231e+03 |195 -0.26887 -4.90767e+03
196  0.12156 -5.18506e+03 |197 -0.19020 -5.15339e+03 |198  0.05023 -6.37754e+03
199 -0.05177 -6.40316e+03 |200 -0.04639 -5.89297e+03 |201  0.02132 -4.22299e+03
202 -0.00817 -4.13062e+03 |203  0.01925 -4.34866e+03 |204 -0.00990 -4.08309e+03
205 -0.00983 -4.35505e+03 |206  0.04255 -4.60260e+03 |207 -0.05134 -5.46106e+03
208  0.11488 -5.61644e+03 |209 -0.10473 -5.70387e+03 |210  0.02934 -6.83612e+03
211 -0.03427 -7.38033e+03 |212 -0.53995 -4.69499e+03 |213  0.54057 -4.07782e+03
214 -0.01973 -5.81933e+03 |215 -0.10104 -4.47496e+03 |216  0.11069 -5.04329e+03
217 -0.02501 -4.94078e+03 |218  0.02629 -1.65238e+03 |219  0.04250  1.03945e+02
220 -0.01704 -3.24962e+02 |221 -0.00481 -3.14544e+02 |222 -0.00623 -7.43932e+01
223 -0.16123  4.66205e+02 |224  0.40120  2.05308e+02 |225 -0.18067  1.07838e+02
226  0.11102 -1.72848e+03 |227 -0.14969 -1.76896e+03 |228 -0.00212 -2.03077e+03
229  0.00715 -2.27756e+03 |230  0.00062 -1.97158e+03 |231  0.01366 -1.88598e+03
232  0.07972 -2.13819e+03 |233 -0.09944 -2.26715e+03 |234  0.00090 -2.22932e+03
235 -0.05854 -1.81936e+03 |236  0.06685 -1.69050e+03 |237 -0.00772 -1.46011e+03
238  0.00783 -1.13679e+03 |239 -0.01230 -1.33205e+03 |240  0.02266 -1.50031e+03
241 -0.02002 -1.85955e+03 |242 -0.00179 -1.71296e+03 |243  0.01068 -1.08229e+03
244  0.00855 -7.25093e+02 |245  0.13700 -3.55262e+02 |246 -0.14681 -4.21654e+02
247  0.00347 -8.19498e+02 |248  0.00792 -1.22671e+03 |249  0.00056 -1.21187e+03
250 -0.01170 -1.51953e+03 |251 -0.00627 -1.87977e+03 |252  0.00176 -7.64346e+02
253  0.00399 -2.16223e+02 |254  0.00311 -3.13581e+02 |255 -0.07121 -7.90824e+02
256 -0.00000 -9.19976e-13 |257  0.18688 -1.15604e+04 |258 -0.24015 -1.13239e+04
259 -0.02345 -1.06683e+04 |260  0.05611 -8.34468e+03 |261 -0.00910 -9.38597e+03
262  0.60009 -5.55228e+03 |263 -0.64994 -5.07372e+03 |264 -0.00610 -8.45854e+03
265  0.00149 -7.97620e+03 |266  0.01992 -8.27372e+03 |267 -0.03666 -8.75099e+03
268  0.02658 -8.10200e+03 |269  0.00220 -6.46634e+03 |270  0.00634 -6.87220e+03
271 -0.02242 -7.41221e+03 |272  0.02303 -7.06204e+03 |273 -0.00553 -7.90600e+03
274 -0.01436 -7.95838e+03 |275  0.02563 -8.51480e+03 |276 -0.04249 -8.60955e+03
277  0.04304 -7.41248e+03 |278 -0.02940 -8.28880e+03 |279  0.02542 -7.62724e+03
280  0.55004 -4.61310e+03 |281 -0.55928 -4.24691e+03 |282  0.00541 -5.69399e+03
283  0.15130 -5.59173e+03 |284 -0.12938 -6.32975e+03 |285 -0.01240 -6.95888e+03
286 -0.02319 -4.99452e+03 |287 -0.01512 -3.79689e+03 |288  0.00893 -4.14798e+03
289  0.01899 -3.62349e+03 |290 -0.00373 -3.50073e+03 |291  0.19420 -2.96333e+03
292 -0.18805 -3.40489e+03 |293 -0.00883 -4.08474e+03 |294  0.01482 -5.13203e+03
295  0.00003 -5.78743e+03 |296 -0.00393 -5.90389e+03 |297 -0.01633 -6.33285e+03
298 -0.00014 -5.73735e+03 |299  0.00267 -5.59115e+03 |300  0.00249 -5.72763e+03
301  0.00605 -5.85752e+03 |302 -0.00604 -5.76408e+03 |303  0.06844 -5.58425e+03
304 -0.08334 -5.57386e+03 |305  0.02166 -4.42263e+03 |306 -0.01311 -4.36451e+03
307  0.01306 -3.52555e+03 |308 -0.00579 -3.76861e+03 |309  0.00715 -3.88561e+03
310 -0.00173 -3.47951e+03 |311 -0.00115 -2.92473e+03 |312  0.00009 -2.83577e+03
313  0.00927 -2.35513e+03 |314  0.00071 -2.54525e+03 |315 -0.00420 -2.77911e+03
316 -0.01142 -3.26689e+03 |317  0.00499 -2.04352e+03 |318  0.00548 -1.57185e+03
319 -0.01252 -1.73057e+03 |320  0.00847 -6.79593e+01 |321  0.00843  5.55034e+02
322 -0.00881 -4.49335e+02 |323  0.05056 -4.89000e+02 |324 -0.00000 -1.08714e-12
324 variables; iteration 320; function evaluation 359; phase 5
Function value 5.0456110e+03; maximum gradient component mag 1.3388e+04
Var    Value     Gradient |Var    Value     Gradient |Var    Value     Gradient
  1 -0.03836  1.33885e+04 |  2 -0.11235 -5.16240e+01 |  3 -1.96493  7.72990e+01
  4  0.10406  5.45918e+01 |  5 -1.83664  1.40324e+01 |  6  0.10826  1.63736e+01
  7 -1.96740  1.06363e+02 |  8 -2.01627  8.72097e+01 |  9 -0.20174 -3.63578e+01
 10  0.09601 -1.18581e+02 | 11  1.77199  1.70871e+02 | 12 -0.08675 -1.33394e+02
 13 -0.11798 -1.66313e+02 | 14 -0.31546 -1.42561e+02 | 15 -0.16305 -1.84510e+01
 16  0.28245  2.74385e+02 | 17 -0.09728 -3.31777e+01 | 18 -0.10780 -1.70085e+02
 19 -0.11144 -1.93430e+02 | 20  0.01045 -6.16078e+01 | 21 -0.13708 -9.79751e+01
 22  0.04429 -7.21783e+01 | 23 -0.08467 -7.46019e+00 | 24 -0.10835 -1.98838e+02
 25  0.07804 -8.47287e+01 | 26 -0.02752  9.78233e+01 | 27 -0.02073 -3.46390e+01
 28 -0.04144 -1.65826e+02 | 29  0.08774 -7.20647e+01 | 30 -0.06675  4.14890e+00
 31 -0.12230  4.39737e+01 | 32  0.04683 -4.31961e+02 | 33 -0.15274 -2.20534e+02
 34  0.16932  3.69483e+02 | 35  0.01635 -2.51844e+02 | 36 -1.97622 -5.94997e+01
 37 -0.10417  1.19622e+01 | 38  0.06996 -4.44727e+01 | 39 -1.98837  4.11874e+00
 40  0.23136  3.91267e+02 | 41  0.02823 -1.95931e+01 | 42  0.07111 -1.86599e+02
 43 -0.03060  1.59555e+02 | 44  0.17982 -1.82339e+02 | 45  0.02977  5.67509e+02
 46 -0.02121  6.25947e+00 | 47 -0.01410 -1.37683e+02 | 48 -0.08042 -7.59468e+01
 49  0.12678  3.90228e+02 | 50  0.01935 -6.45532e+01 | 51  0.01815  2.80866e+02
 52  0.02843 -3.15249e+00 | 53 -0.03410 -8.08579e+01 | 54  0.09130  2.41939e+02
 55 -0.01290 -4.15043e+02 | 56 -0.04382 -2.92114e+01 | 57 -0.05016  1.71375e+02
 58  0.10557  1.02286e+03 | 59 -0.02838 -3.62431e+01 | 60  0.01872  5.94382e+01
 61  0.01271  1.12266e+02 | 62  0.07039  1.39662e+02 | 63  0.09905  1.91934e+02
 64 -0.05927 -1.03928e+02 | 65  0.00153  1.86530e+02 | 66  0.05899  4.58199e+02
 67  0.03568  5.41130e+02 | 68 -0.03274 -5.77220e+01 | 69  0.05204  1.93135e+02
 70  0.02886  2.29850e+02 | 71  0.16497  1.52315e+02 | 72 -0.06633 -1.69576e+02
 73 -0.02677 -2.26705e+02 | 74 -0.03696 -1.70368e+02 | 75  0.02292 -1.18256e+02
 76 -0.11160 -1.56212e+02 | 77 -0.51662  2.11043e+01 | 78 -0.40765 -1.88464e+01
 79 -1.29733  1.70363e+01 | 80 -0.37663 -9.55443e+00 | 81 -1.07953  3.44810e+01
 82 -1.02228  8.84953e+00 | 83 -1.24842  5.39302e+01 | 84 -0.85449 -8.30318e+01
 85 -1.16926  8.38316e+01 | 86 -0.68533 -5.37246e+01 | 87 -0.76457 -6.25747e+01
 88 -1.33386  3.74404e+01 | 89 -0.87675 -4.05325e+01 | 90 -0.92667 -3.43727e+01
 91 -0.66961 -1.64536e+01 | 92 -0.68890  7.98453e+00 | 93 -1.09254  4.95856e+01
 94 -1.01114  8.74004e+00 | 95 -0.78574 -7.06249e+01 | 96 -0.83355 -7.22163e+01
 97 -0.70518  9.36298e+01 | 98 -0.86440 -4.63392e+01 | 99 -1.21261 -2.44396e+02
100 -0.97906 -4.15126e-05 |101  0.78751 -1.00588e+02 |102  0.33101 -4.71419e+02
103  0.31809 -2.10858e+03 |104  0.09023 -5.27623e+01 |105 -0.17490 -3.37735e+02
106 -0.21174  9.53972e+01 |107 -0.17187  4.05915e+02 |108 -0.00135 -4.74865e+03
109  0.16249 -2.02792e+03 |110 -0.02225 -1.27398e+03 |111  0.14021 -8.96731e+02
112 -0.23041 -4.73968e+01 |113  0.29167 -5.36859e-01 |114 -0.03186  1.00788e+03
115 -0.44603  1.47730e+03 |116  0.03057  3.13027e+03 |117 -1.09690  6.65140e+00
118  0.01312 -3.67612e+01 |119  1.96400 -2.95489e+01 |120 -0.13854  9.97844e+01
121  0.26267 -1.11434e+03 |122 -0.40194 -1.10760e+03 |123  0.03223 -9.11471e+02
124  0.15627 -8.52694e+02 |125  0.05070 -9.01856e+02 |126 -0.27677 -8.91900e+02
127  0.08632 -8.87761e+02 |128 -0.07905 -9.25742e+02 |129  0.08228 -9.29052e+02
130 -0.09605 -9.56538e+02 |131  0.07945 -8.33809e+02 |132  0.02926 -7.98039e+02
133  0.05012 -7.48582e+02 |134  0.54999 -4.44732e+02 |135 -1.29779  4.25840e+02
136  0.51420 -2.65546e+02 |137  0.12638 -4.57583e+02 |138  0.17066 -4.39829e+02
139 -0.26657 -5.13077e+02 |140  0.07257 -4.76744e+02 |141 -0.12721 -5.18382e+02
142  0.05905 -4.81102e+02 |143 -0.08575 -5.14122e+02 |144 -0.16113 -5.19950e+02
145  2.18244  5.20031e+02 |146 -1.97037  5.62973e+02 |147 -0.03082 -5.09060e+02
148  0.01141 -4.46873e+02 |149  0.11301 -3.93686e+02 |150 -0.01267 -4.41314e+02
151 -0.05239 -4.99052e+02 |152  0.15733 -4.46196e+02 |153  0.10693 -4.65732e+02
154 -0.34677 -4.96091e+02 |155 -0.00924 -2.91945e+02 |156 -0.05030 -2.30656e+02
157  0.20310 -1.96146e+02 |158  0.09122 -2.33280e+02 |159 -0.21697 -2.92765e+02
160  0.09786 -4.79100e+02 |161  0.26253 -4.30587e+02 |162 -0.22787 -5.50712e+02
163 -0.11852 -5.54741e+02 |164 -0.06594 -5.58609e+02 |165  0.28590 -5.75261e+02
166  0.09436 -6.76091e+02 |167 -0.35022 -6.72507e+02 |168  0.00580 -4.98989e+02
169 -0.00401 -3.90446e+02 |170 -0.00031 -3.94188e+02 |171  0.25433 -1.02179e+02
172 -0.08117 -1.90429e+02 |173  0.01674 -1.69709e+02 |174  0.12300 -1.41530e+02
175  0.15577 -1.32260e+02 |176 -0.08822 -1.94192e+02 |177 -0.18851 -2.10626e+02
178 -0.00870 -1.76505e+02 |179 -0.08515 -1.94570e+02 |180 -0.11363 -2.45451e+02
181  0.05807 -4.66584e+01 |182 -0.03147 -1.04304e+02 |183  0.38394  1.74606e+01
184 -0.10924 -9.33253e+01 |185 -0.29348 -1.23388e+02 |186  0.03400  1.18792e+01
187  0.26171  5.75419e+01 |188 -0.00000 -4.46447e-13 |189  0.19580 -2.11184e+03
190 -0.17210 -2.22159e+03 |191  0.07055 -1.90208e+03 |192 -0.10049 -1.95280e+03
193  0.24175 -2.41326e+03 |194  0.03224 -2.64525e+03 |195 -0.26213 -2.49217e+03
196  0.19065 -2.50041e+03 |197 -0.20052 -2.61996e+03 |198  0.04888 -2.65246e+03
199 -0.03913 -2.59628e+03 |200 -0.04768 -2.50644e+03 |201  0.01576 -1.40185e+03
202  0.00176 -1.21460e+03 |203  0.00957 -1.38991e+03 |204 -0.01051 -1.00914e+03
205 -0.00107 -1.07205e+03 |206  0.03480 -1.51421e+03 |207 -0.04724 -2.56214e+03
208  0.09747 -2.95876e+03 |209 -0.09215 -3.05635e+03 |210  0.02694 -3.89364e+03
211 -0.02193 -4.23339e+03 |212 -0.50792 -2.95309e+03 |213  0.50263 -2.52560e+03
214 -0.01962 -3.62702e+03 |215 -0.10833 -3.09294e+03 |216  0.12569 -3.34899e+03
217 -0.01526 -3.77153e+03 |218  0.01134 -9.59482e+02 |219  0.03629  4.92229e+02
220 -0.01605 -2.98283e+02 |221 -0.00274 -4.24121e+02 |222 -0.00497 -6.35134e+02
223 -0.14103 -1.57972e+02 |224  0.40677 -2.09750e+02 |225 -0.21480 -4.18805e+02
226  0.11080 -1.90106e+03 |227 -0.14902 -1.93957e+03 |228 -0.00387 -2.32998e+03
229  0.01667 -1.93337e+03 |230 -0.00915 -1.77642e+03 |231  0.01870 -1.55608e+03
232  0.06756 -1.85089e+03 |233 -0.09110 -2.09749e+03 |234  0.00881 -2.04626e+03
235 -0.04845 -2.01244e+03 |236  0.04710 -1.38514e+03 |237  0.00600 -9.58998e+02
238 -0.00801 -8.71817e+02 |239 -0.01299 -2.36073e+02 |240  0.03475 -1.51366e+02
241 -0.01864 -5.36678e+02 |242 -0.00337 -6.64040e+02 |243  0.01024 -1.97606e+02
244  0.01144  1.40740e+02 |245  0.05719  2.06833e+01 |246 -0.07938 -1.97909e+01
247  0.01155 -2.53344e+02 |248  0.01524 -5.64128e+02 |249 -0.01488 -6.55693e+02
250  0.00136 -9.75118e+02 |251 -0.00622 -1.45519e+03 |252 -0.00555 -1.12521e+03
253  0.02520 -4.17603e+02 |254 -0.04490 -4.89065e+02 |255 -0.05034 -2.44433e+02
256 -0.00000 -7.88409e-13 |257  0.18528 -9.54531e+03 |258 -0.22400 -9.44700e+03
259 -0.02955 -8.47768e+03 |260  0.05616 -7.72191e+03 |261 -0.00691 -8.83723e+03
262  0.59278 -5.48723e+03 |263 -0.64305 -5.02610e+03 |264 -0.00283 -8.23310e+03
265 -0.00391 -7.95724e+03 |266  0.01876 -7.15262e+03 |267 -0.03106 -7.44305e+03
268  0.02461 -6.77904e+03 |269  0.00005 -5.82197e+03 |270  0.00266 -6.12943e+03
271 -0.01987 -6.42176e+03 |272  0.02410 -5.50383e+03 |273 -0.00414 -6.23624e+03
274 -0.01190 -6.38670e+03 |275  0.02313 -6.74355e+03 |276 -0.04448 -6.90020e+03
277  0.04361 -5.38796e+03 |278 -0.02813 -5.99820e+03 |279  0.02554 -5.25819e+03
280  0.51084 -3.51498e+03 |281 -0.51598 -3.35323e+03 |282  0.00165 -4.41916e+03
283  0.15227 -4.24323e+03 |284 -0.13364 -4.66727e+03 |285 -0.02930 -5.39689e+03
286  0.00003 -3.74696e+03 |287 -0.01418 -2.68623e+03 |288  0.01837 -2.71894e+03
289  0.01146 -2.57920e+03 |290 -0.01266 -2.88685e+03 |291  0.16864 -2.14054e+03
292 -0.16336 -2.44373e+03 |293 -0.00886 -2.52418e+03 |294  0.01681 -2.93494e+03
295  0.00718 -3.27228e+03 |296 -0.00660 -3.60002e+03 |297 -0.01397 -3.44955e+03
298  0.00615 -3.14328e+03 |299 -0.00662 -3.12645e+03 |300  0.00495 -3.03827e+03
301  0.01309 -3.34825e+03 |302 -0.01198 -3.73795e+03 |303  0.05102 -3.81459e+03
304 -0.05342 -3.39371e+03 |305  0.00507 -3.13341e+03 |306 -0.00547 -3.14804e+03
307  0.01654 -2.24380e+03 |308 -0.01865 -2.64127e+03 |309  0.00846 -2.51796e+03
310 -0.00246 -2.27733e+03 |311 -0.00113 -1.67520e+03 |312  0.00784 -1.47728e+03
313  0.00277 -1.92418e+03 |314  0.00439 -2.14601e+03 |315 -0.01130 -2.33611e+03
316 -0.00735 -2.56792e+03 |317  0.01462 -1.60839e+03 |318 -0.00939 -2.16904e+03
319 -0.00595 -2.15961e+03 |320  0.00639 -9.39031e+02 |321 -0.00088 -3.08292e+02
322  0.01798 -3.28400e+02 |323  0.04316 -9.17549e+01 |324 -0.00000 -1.23472e-12
324 variables; iteration 340; function evaluation 384; phase 5
Function value 4.4104756e+03; maximum gradient component mag -1.0705e+04
Var    Value     Gradient |Var    Value     Gradient |Var    Value     Gradient
  1 -0.03955 -1.07050e+04 |  2 -0.09077 -3.91364e+01 |  3 -2.13724  1.04837e+02
  4 -0.04785 -3.43684e+01 |  5 -1.86047  2.50868e+01 |  6  0.11751 -4.08527e+01
  7 -1.97590  1.11679e+02 |  8 -2.05930  1.35219e+02 |  9 -0.27756 -8.49710e+01
 10  0.06786 -2.17643e+01 | 11  1.76385  2.11325e+02 | 12 -0.10119  4.91958e+01
 13 -0.10033  2.02333e+01 | 14 -0.30800  2.75742e+01 | 15 -0.15989  1.44134e+02
 16  0.28285 -3.86293e+02 | 17 -0.13004  7.14764e+01 | 18 -0.11330 -2.23148e+01
 19 -0.09441 -3.87776e+01 | 20  0.00348 -1.45832e+02 | 21 -0.13268  5.13685e+01
 22  0.05145 -1.56738e+02 | 23 -0.09103  5.17489e+01 | 24 -0.05374 -8.59783e+01
 25  0.04458 -2.58357e+02 | 26 -0.06497  2.81223e+01 | 27 -0.05587 -3.78279e+01
 28 -0.02177 -9.29185e+01 | 29  0.08616 -2.61868e+02 | 30 -0.07849  7.32280e+01
 31 -0.17912  1.00287e+02 | 32  0.10301 -1.93685e+02 | 33 -0.09900 -4.79455e+01
 34  0.14331 -3.78824e+01 | 35  0.03282 -8.48344e+01 | 36 -1.92503 -6.84268e+01
 37 -0.05663  4.02554e+01 | 38  0.06574 -2.74159e+01 | 39 -1.94866 -5.95156e+01
 40  0.22722 -1.01965e+02 | 41  0.03106  9.10498e+01 | 42  0.08380 -6.01963e+01
 43 -0.04629  2.20992e+02 | 44  0.17979 -2.69688e+02 | 45  0.01042  4.13888e+02
 46 -0.02802  8.00707e+01 | 47 -0.01134  1.85286e+01 | 48 -0.07435  1.14732e+02
 49  0.12662  1.38562e+02 | 50  0.01528 -1.32752e+02 | 51  0.00435  5.31646e+01
 52  0.02908  7.45126e+00 | 53 -0.03060 -3.03489e+01 | 54  0.09475 -4.61474e+01
 55  0.01544 -9.32090e+01 | 56 -0.03605  1.93876e+01 | 57 -0.05258 -4.65045e+01
 58  0.09259 -6.38508e+01 | 59 -0.02435 -1.04315e+02 | 60  0.02825 -2.21210e+01
 61  0.01381  3.80944e+01 | 62  0.07998  1.73664e+02 | 63  0.10440 -6.65593e+01
 64 -0.04068  1.66222e+02 | 65 -0.00820  3.75459e+01 | 66  0.05264  2.46650e+02
 67  0.01736  1.87215e+01 | 68 -0.02700  1.56517e+02 | 69  0.04349  5.29294e+01
 70  0.02385  2.06648e+02 | 71  0.16070  6.98687e+01 | 72 -0.05356 -8.69203e+00
 73 -0.01327  9.73194e+01 | 74 -0.04946 -1.66439e+02 | 75  0.02266  7.95061e+01
 76 -0.10702  7.84610e+01 | 77 -0.48612  6.32722e+01 | 78 -0.43866  9.63578e+01
 79 -1.29465 -9.09022e+01 | 80 -0.50493  7.23258e+01 | 81 -0.54481  2.07680e+02
 82 -1.24957  1.44943e+01 | 83 -1.26657 -3.58529e+01 | 84 -1.00940  7.64512e+00
 85 -1.26655 -9.78591e+01 | 86 -0.81087 -3.15250e+01 | 87 -0.72920  2.06835e+01
 88 -1.10392  2.20501e+01 | 89 -1.49645 -2.23048e+02 | 90 -1.10373  2.05681e+01
 91 -0.72357  1.88294e+00 | 92 -0.79812 -4.46452e+01 | 93 -0.63007  1.34667e+02
 94 -1.25431  1.81417e+01 | 95 -0.74169 -4.04111e+01 | 96 -0.82307 -5.66173e+01
 97 -0.78573 -1.36103e+01 | 98 -0.87430 -9.25288e+01 | 99 -1.16373 -7.14335e+01
100 -0.97880 -4.10064e-05 |101  0.69567  1.01104e+01 |102  0.40318  1.85170e+01
103  0.30487 -8.13175e+02 |104  0.08817 -4.86422e+02 |105 -0.17116 -3.14163e+02
106 -0.20076 -1.34262e+02 |107 -0.16783 -3.35901e+02 |108 -0.00203 -3.89350e+03
109  0.16971 -1.10400e+03 |110 -0.02623 -1.20704e+03 |111  0.15189 -7.58147e+02
112 -0.09122 -2.27529e+01 |113  0.35880 -3.18961e-02 |114 -0.04731  2.28265e+01
115 -0.37502 -4.93261e+02 |116 -0.07461  2.72430e+02 |117 -1.03144  5.30455e+00
118  0.05630 -9.50911e+01 |119  1.96775  6.16544e+01 |120 -0.18215 -6.01364e+01
121  0.18573  1.30920e+02 |122 -0.32936  1.20166e+01 |123  0.15727  2.81607e+02
124  0.17823  2.84172e+02 |125 -0.13152  2.15379e+02 |126 -0.12502  2.17370e+02
127 -0.02878  2.44931e+02 |128 -0.00438  2.72369e+02 |129  0.02828  2.20763e+02
130 -0.03301  2.22016e+02 |131  0.06648  2.47404e+02 |132 -0.02327  2.28135e+02
133  0.09615  3.69701e+02 |134  0.56929  2.80852e+02 |135 -1.22802 -6.27398e+01
136  0.33723  3.70112e+02 |137  0.18442  3.77958e+02 |138  0.14265  3.74814e+02
139 -0.13654  3.08848e+02 |140 -0.06895  3.30593e+02 |141 -0.07317  3.29321e+02
142 -0.09875  3.21349e+02 |143 -0.00146  3.49160e+02 |144 -0.07400  3.29068e+02
145  2.15682 -3.01112e+02 |146 -1.97894 -2.85780e+02 |147 -0.01863  2.98561e+02
148  0.00405  3.67487e+02 |149  0.11020  4.27182e+02 |150 -0.03597  3.76466e+02
151  0.05211  3.46697e+02 |152  0.02020  3.37062e+02 |153  0.06752  3.43274e+02
154 -0.23393  2.53986e+02 |155  0.00197  4.87016e+02 |156 -0.07168  4.96320e+02
157  0.35659  4.78630e+02 |158 -0.12264  4.43083e+02 |159 -0.12075  4.42830e+02
160  0.06535  2.26807e+02 |161  0.18021  2.16049e+02 |162  0.05949  1.94931e+02
163 -0.25194  1.11256e+02 |164 -0.08668  1.17876e+02 |165  0.16803  1.54836e+01
166  0.05746 -1.20193e+01 |167 -0.17482 -6.63089e+01 |168 -0.01435 -1.19019e+02
169 -0.03748 -1.39372e+02 |170  0.00018 -1.09986e+02 |171  0.07275  7.21512e+01
172  0.00374  2.14578e+01 |173  0.07383 -9.45611e+01 |174  0.10732 -9.44880e+01
175  0.07643 -1.02647e+02 |176  0.02854 -1.15050e+02 |177 -0.24294 -1.67704e+02
178  0.03893 -1.12437e+02 |179 -0.07577 -1.44533e+02 |180 -0.08625 -1.84903e+02
181  0.01681 -1.01653e+02 |182  0.00003 -4.61863e+01 |183  0.33146  3.85129e+01
184 -0.21156 -8.03375e+01 |185 -0.14957 -7.47404e+01 |186  0.02366 -2.85448e+01
187  0.17001  4.27309e+01 |188 -0.14021 -3.34877e+01 |189  0.05363  1.08535e+02
190 -0.02353  8.98386e+01 |191 -0.02345  2.48066e+02 |192 -0.03089  2.86891e+02
193  0.11006  2.28487e+02 |194  0.06730  2.20259e+02 |195 -0.15739  1.61420e+02
196  0.17231  2.51220e+02 |197 -0.18995  1.08090e+02 |198  0.04313 -1.50202e+02
199 -0.03099 -1.71444e+02 |200 -0.04501 -1.79877e+02 |201  0.01918  7.53698e+02
202 -0.00843  4.70851e+02 |203  0.01372  4.91370e+02 |204 -0.00992  6.71572e+02
205  0.00186  6.83554e+02 |206  0.00865  3.80401e+02 |207 -0.02625  4.97210e+02
208  0.12047  3.34956e+02 |209 -0.11574  2.65289e+02 |210  0.02122  4.55422e+02
211 -0.01778  4.92195e+02 |212 -0.33892  5.14412e+02 |213  0.34266  9.44295e+02
214 -0.01878  9.78565e+02 |215 -0.14264  1.23149e+03 |216  0.14905  1.31995e+03
217 -0.00267  2.26104e+03 |218  0.02789  4.04379e+03 |219  0.00441  4.30390e+03
220 -0.01158  3.78657e+03 |221  0.00975  3.67651e+03 |222 -0.01174  3.02940e+03
223 -0.08606  3.34894e+03 |224  0.35192  2.99454e+03 |225 -0.23058  3.12783e+03
226  0.03555  2.88169e+03 |227 -0.07545  2.79360e+03 |228  0.01049  2.41153e+03
229  0.01302  2.40944e+03 |230 -0.00938  2.37296e+03 |231  0.01256  2.22408e+03
232  0.04125  1.96424e+03 |233 -0.05254  1.39024e+03 |234  0.00143  1.07964e+03
235  0.00141  1.08818e+03 |236 -0.00209  4.58145e+02 |237  0.00196  5.10044e+02
238 -0.00658  4.77988e+02 |239 -0.01650  6.40226e+02 |240  0.03962  8.68623e+02
241 -0.02147  3.86020e+02 |242  0.00140  2.27965e+02 |243  0.01233  3.09243e+02
244  0.00855  2.80724e+02 |245  0.00623  1.68418e+02 |246 -0.03494  4.20914e+01
247  0.01501 -6.50733e+01 |248  0.00596  9.73385e+01 |249 -0.01688  1.33750e+02
250  0.00553  4.02217e+02 |251  0.00189  3.99027e+02 |252 -0.00316  5.19279e+02
253  0.03601  3.68258e+02 |254 -0.08848  2.53549e+02 |255 -0.03758  1.89817e+02
256  0.43602  7.69587e+01 |257  0.17179 -3.63918e+03 |258 -0.20035 -3.67643e+03
259 -0.03470 -2.75524e+03 |260  0.04263 -2.45909e+03 |261  0.00611 -2.44632e+03
262  0.59081 -1.68153e+03 |263 -0.64057 -1.63933e+03 |264  0.00045 -1.83210e+03
265 -0.00172 -1.69184e+03 |266  0.00960 -1.35884e+03 |267 -0.02496 -1.46665e+03
268  0.02157 -1.09180e+03 |269 -0.00286 -3.14969e+02 |270  0.00512 -6.98210e+02
271 -0.01841 -8.24160e+02 |272  0.01737 -9.62900e+01 |273  0.00121 -1.07911e+02
274 -0.00644 -2.03658e+02 |275  0.01225  1.82771e+02 |276 -0.03223  3.85425e+02
277  0.03506  3.99012e+02 |278 -0.01537  5.84997e+02 |279  0.01932  1.00499e+03
280  0.33791  7.56929e+02 |281 -0.34056  9.12427e+02 |282 -0.00261  1.13067e+03
283  0.17216  1.22822e+03 |284 -0.16211  1.17638e+03 |285 -0.02556  1.34588e+03
286  0.00096  2.80089e+03 |287 -0.00543  2.98713e+03 |288  0.01783  3.52200e+03
289  0.00222  3.50353e+03 |290  0.00025  2.86889e+03 |291  0.09751  2.97306e+03
292 -0.10058  2.95653e+03 |293 -0.01740  2.96687e+03 |294  0.01721  3.54217e+03
295  0.02230  3.90219e+03 |296 -0.01574  3.36460e+03 |297 -0.00881  3.19138e+03
298  0.00304  3.20581e+03 |299 -0.00232  2.98423e+03 |300  0.00014  2.71819e+03
301  0.00641  2.35870e+03 |302 -0.00354  1.95896e+03 |303  0.00164  1.60114e+03
304  0.00034  1.01855e+03 |305  0.00372  3.32067e+02 |306 -0.00179 -2.43708e+00
307  0.01015 -8.74126e+01 |308 -0.02075 -4.04954e+02 |309  0.00994 -4.46419e+02
310 -0.00288 -4.36336e+02 |311 -0.00375 -2.99638e+02 |312  0.00599 -2.48939e+02
313  0.00497 -4.23749e+02 |314  0.00703 -4.03672e+02 |315 -0.01929 -5.46627e+02
316  0.00516  3.04620e+01 |317  0.00981  2.94151e+02 |318 -0.00442  1.24136e+02
319 -0.00042  1.20731e+02 |320  0.00285  2.32818e+02 |321 -0.01056  1.11116e+01
322  0.05875  3.15188e+02 |323  0.02700  2.26793e+02 |324  0.06338  1.55354e+01
324 variables; iteration 360; function evaluation 407; phase 5
Function value 3.8130977e+03; maximum gradient component mag 4.9952e+03
Var    Value     Gradient |Var    Value     Gradient |Var    Value     Gradient
  1 -0.03900  4.99518e+03 |  2 -0.05668 -2.34208e+01 |  3 -2.16925  1.88107e+01
  4 -0.12197 -3.18669e+01 |  5 -1.86879  1.50444e+01 |  6  0.10577  6.14175e+01
  7 -2.01948  4.73590e+00 |  8 -2.07387  4.74519e+00 |  9 -0.13701 -4.48359e+01
 10  0.06861 -5.40994e+01 | 11  1.76216  7.96909e+00 | 12 -0.06982 -4.63165e+01
 13 -0.11124 -8.96795e+01 | 14 -0.24951 -5.02358e+01 | 15 -0.32630 -8.36989e+01
 16  0.27198  1.16700e+02 | 17 -0.12916 -2.90850e+01 | 18 -0.06569 -4.83567e+01
 19 -0.08199 -5.81444e+01 | 20  0.01349 -1.12067e+00 | 21 -0.12923 -6.88011e+01
 22  0.04148 -3.84409e+01 | 23 -0.08752 -1.75689e+01 | 24 -0.05208 -5.86281e+01
 25  0.04425 -4.26960e+01 | 26 -0.03472 -8.42228e+01 | 27 -0.06307  3.55926e+01
 28 -0.00041 -3.68568e+01 | 29  0.07569 -1.87572e+01 | 30 -0.13153 -2.07164e+01
 31 -0.17857 -1.28349e+01 | 32  0.09628 -1.73802e+01 | 33 -0.01894 -1.09335e+02
 34  0.11037  7.81713e+01 | 35  0.04316 -8.68218e+01 | 36 -1.91958 -3.90958e+01
 37 -0.02213 -8.50155e+01 | 38  0.06158 -1.12515e+02 | 39 -1.90632  4.96717e+01
 40  0.22788  5.08706e+01 | 41  0.02281 -3.16520e+01 | 42  0.10203  1.86083e+01
 43 -0.06552 -1.63164e+01 | 44  0.18804  1.48533e+02 | 45 -0.02075  6.30748e+01
 46 -0.02697 -2.27129e+01 | 47 -0.00614  5.03986e+00 | 48 -0.07713  7.27732e+00
 49  0.12405  2.18641e+02 | 50  0.02764  1.42108e+02 | 51  0.00208 -5.10767e+01
 52  0.02563  4.41798e+01 | 53 -0.02694  4.84836e+00 | 54  0.09483  2.25850e+02
 55  0.01698  1.07734e+02 | 56 -0.04171 -2.62930e+00 | 57 -0.04845  1.51123e+01
 58  0.09072  1.65483e+02 | 59 -0.02299 -1.45252e+01 | 60  0.02673  8.69356e+01
 61  0.01783  6.19893e+01 | 62  0.07758  9.31974e+00 | 63  0.10487  6.77867e+01
 64 -0.05179 -5.95416e+01 | 65 -0.00441  7.51594e+00 | 66  0.05210  1.15046e+02
 67  0.01866 -2.07578e+00 | 68 -0.03326 -3.22074e+01 | 69  0.04306 -9.13768e+01
 70  0.02008 -3.40438e+01 | 71  0.15908  2.21262e+01 | 72 -0.04284 -3.24276e+01
 73 -0.01883 -8.18268e+01 | 74 -0.02376 -9.67248e+00 | 75  0.02728 -7.07927e+01
 76 -0.10338 -6.93664e+01 | 77 -0.47046  3.02102e+01 | 78 -0.62408 -2.66393e+01
 79 -1.22368  1.18655e+00 | 80 -0.65807 -2.35347e+01 | 81 -0.69596  3.98059e+01
 82 -1.28842 -1.98819e+01 | 83 -1.19926  1.92884e+01 | 84 -1.15588  4.32668e+01
 85 -1.16732  4.33878e+01 | 86 -0.69482 -7.61719e+00 | 87 -0.80004 -2.11266e+01
 88 -1.20693  2.32465e+01 | 89 -0.74236  1.58550e+01 | 90 -1.21326  1.28247e+01
 91 -0.76207  1.04233e+01 | 92 -0.78470  8.30362e-01 | 93 -0.77103 -1.20240e+01
 94 -1.21910  1.60975e+01 | 95 -0.74857  2.26498e+01 | 96 -0.83238 -9.17289e+00
 97 -0.82123  3.21511e+01 | 98 -0.86650 -8.93001e+00 | 99 -1.11520  1.53828e+01
100 -0.97814 -3.97646e-05 |101  0.44984 -2.17484e+01 |102  0.39227  4.70342e+02
103  0.22823 -8.43807e+02 |104  0.09118  3.32805e+02 |105 -0.16838  2.00466e+02
106 -0.20167  2.14971e+02 |107 -0.17440  3.38526e+01 |108 -0.00004  4.60571e+02
109  0.17158  6.38523e+02 |110 -0.02323  4.58149e+02 |111  0.17291  1.04125e+02
112 -0.05143  2.88699e+00 |113  0.49608  3.07866e-03 |114 -0.05003  2.56970e+02
115 -0.34557  7.87685e+02 |116 -0.14492  8.00692e+02 |117 -1.04003 -7.19354e-01
118  0.12918  2.56727e+01 |119  1.94513  2.27525e+01 |120 -0.18040 -8.60852e+00
121  0.04966 -1.06594e+02 |122 -0.10655 -1.43296e+02 |123  0.10810 -7.62983e+01
124  0.01019 -1.01009e+02 |125 -0.08442 -1.23207e+02 |126 -0.00363 -1.01047e+02
127  0.00480 -9.89661e+01 |128 -0.03815 -1.07700e+02 |129  0.03161 -1.07958e+02
130  0.03887 -7.80270e+01 |131  0.03343 -7.94291e+01 |132 -0.05359 -1.00597e+02
133  0.26302  2.52393e+01 |134  0.46540  5.16403e+01 |135 -1.05391  1.62418e+01
136  0.03206 -6.97556e+01 |137  0.24737 -6.90154e+01 |138 -0.00139 -1.34428e+02
139  0.02475 -1.27885e+02 |140 -0.00876 -1.36236e+02 |141 -0.14024 -1.64340e+02
142 -0.03683 -1.43003e+02 |143 -0.01525 -1.37927e+02 |144 -0.02552 -1.40783e+02
145  2.06616  1.98899e+02 |146 -1.94410  2.54974e+02 |147  0.01528 -2.36451e+02
148 -0.01427 -2.44421e+02 |149  0.02115 -2.19870e+02 |150  0.02077 -1.92267e+02
151  0.11136 -2.12438e+02 |152 -0.09475 -2.63647e+02 |153 -0.01912 -2.41816e+02
154 -0.04900 -2.57520e+02 |155 -0.01334 -2.35419e+02 |156  0.01163 -1.83067e+02
157  0.01619 -1.86030e+02 |158 -0.00972 -1.81635e+02 |159 -0.01503 -2.07321e+02
160  0.08808 -2.68378e+02 |161  0.16043 -2.71826e+02 |162 -0.07926 -3.36757e+02
163 -0.04974 -3.31794e+02 |164 -0.13422 -3.77530e+02 |165  0.02943 -2.47471e+02
166  0.02263 -2.19739e+02 |167  0.04752 -2.98875e+02 |168 -0.07299 -4.08115e+02
169 -0.00799 -3.31773e+02 |170 -0.00023 -3.13484e+02 |171  0.05558 -1.93662e+02
172 -0.06326 -2.53248e+02 |173 -0.00270 -2.55728e+02 |174  0.19195  1.71229e+02
175  0.09989  1.54250e+02 |176 -0.06866  1.14047e+02 |177 -0.06131  1.15979e+02
178 -0.11657  1.01288e+02 |179  0.05128  9.91633e+01 |180 -0.06916  2.83821e+01
181  0.00239  4.82330e+01 |182 -0.01009  7.77664e+01 |183  0.08107  1.65411e+02
184 -0.00117  6.76975e+01 |185 -0.09052  1.38626e+01 |186  0.03916  9.11949e+01
187  0.14457  3.55057e+01 |188 -0.04547 -1.11823e+01 |189  0.10004  2.39606e+03
190 -0.08637  2.35825e+03 |191 -0.01352  2.39012e+03 |192 -0.02354  2.30665e+03
193 -0.00100  2.25387e+03 |194  0.06769  2.27232e+03 |195 -0.05238  2.24801e+03
196  0.12363  2.25056e+03 |197 -0.13329  2.16497e+03 |198  0.04944  2.15104e+03
199 -0.02362  2.13466e+03 |200 -0.05592  2.04525e+03 |201  0.01679  2.65940e+03
202 -0.00283  2.65176e+03 |203  0.00162  2.51989e+03 |204 -0.00076  2.44524e+03
205 -0.00777  2.37127e+03 |206  0.01766  2.43317e+03 |207 -0.02397  2.13486e+03
208  0.03883  2.06861e+03 |209 -0.02819  1.92784e+03 |210  0.00691  1.57997e+03
211 -0.02027  1.27675e+03 |212 -0.05869  1.52797e+03 |213  0.07013  1.52508e+03
214 -0.00831  1.48685e+03 |215 -0.10201  1.22858e+03 |216  0.11006  1.27721e+03
217 -0.01330  1.23961e+03 |218  0.04169  2.12228e+03 |219 -0.02332  1.76967e+03
220 -0.00980  1.50325e+03 |221  0.02708  1.59296e+03 |222 -0.00941  1.34373e+03
223 -0.03620  1.21252e+03 |224  0.23989  1.13501e+03 |225 -0.19159  1.06218e+03
226 -0.00580  7.61840e+02 |227 -0.01334  6.40154e+02 |228 -0.00369  3.89974e+02
229  0.00609  3.93894e+02 |230 -0.00469  4.66454e+02 |231  0.01040  6.14673e+02
232  0.01413  4.60225e+02 |233 -0.02588 -1.33368e+02 |234  0.00680 -3.99403e+01
235 -0.00316 -6.22310e+01 |236  0.00187  3.15867e+01 |237 -0.00029  2.44842e+02
238 -0.00521  3.03832e+02 |239 -0.00541  6.18321e+02 |240  0.01546  7.65608e+02
241 -0.01450  7.07942e+02 |242  0.00847  9.78586e+02 |243  0.00981  7.85725e+02
244  0.00997  7.08020e+02 |245 -0.00860  5.02498e+02 |246 -0.02257  4.23773e+02
247  0.01709  2.47721e+02 |248  0.00619  2.84444e+01 |249 -0.01262 -1.15262e+02
250  0.00260 -2.94068e+01 |251 -0.00048 -1.15630e+02 |252 -0.00229 -1.17476e+02
253  0.00598 -1.43312e+02 |254 -0.08290 -8.31892e+01 |255  0.00266 -1.25104e+02
256 -0.00712 -1.75728e+00 |257  0.12194 -3.65656e+03 |258 -0.12026 -3.71704e+03
259 -0.03682 -3.81576e+03 |260  0.03217 -3.07376e+03 |261  0.00942 -3.09174e+03
262  0.51833 -2.63625e+03 |263 -0.56655 -2.56608e+03 |264 -0.00255 -3.02270e+03
265  0.00108 -2.52872e+03 |266  0.00946 -2.47607e+03 |267 -0.02382 -2.62227e+03
268  0.02179 -2.29538e+03 |269 -0.00673 -1.66589e+03 |270  0.00747 -1.57595e+03
271 -0.00766 -1.73890e+03 |272  0.00840 -1.58322e+03 |273  0.00472 -1.84518e+03
274 -0.00812 -1.88721e+03 |275  0.01082 -2.02769e+03 |276 -0.02205 -2.03916e+03
277  0.01759 -1.16207e+03 |278  0.00208 -1.15643e+03 |279  0.00789 -1.58428e+03
280  0.07796 -1.88521e+03 |281 -0.08156 -1.95786e+03 |282  0.00600 -1.91147e+03
283  0.10931 -2.46867e+03 |284 -0.11665 -2.51919e+03 |285 -0.00903 -2.59083e+03
286 -0.01007 -1.90197e+03 |287  0.01429 -1.75922e+03 |288  0.00379 -1.82524e+03
289 -0.01241 -1.97300e+03 |290  0.01568 -2.06091e+03 |291  0.03778 -2.17860e+03
292 -0.04324 -2.32766e+03 |293 -0.01362 -2.23608e+03 |294  0.01842 -1.90544e+03
295 -0.00137 -2.03499e+03 |296 -0.00018 -2.01305e+03 |297 -0.00403 -2.06572e+03
298 -0.00324 -2.09078e+03 |299 -0.00208 -1.93888e+03 |300  0.00630 -1.85779e+03
301  0.00171 -2.13440e+03 |302 -0.00704 -1.95155e+03 |303  0.00174 -1.78056e+03
304 -0.00716 -1.42836e+03 |305  0.01416 -7.37512e+02 |306 -0.00387 -8.03166e+02
307 -0.00000 -4.80743e+02 |308 -0.00397 -3.18521e+02 |309  0.01345 -2.47252e+02
310 -0.00826 -1.23474e+02 |311 -0.00276 -4.53877e+01 |312  0.00533 -6.11129e+01
313  0.00723 -5.76757e+01 |314  0.00708 -2.50773e+02 |315 -0.01696 -4.68302e+02
316  0.00263 -5.02014e+02 |317  0.00286 -4.25662e+02 |318 -0.00250 -3.67083e+02
319  0.00231 -2.65929e+02 |320 -0.00127 -2.34307e+02 |321 -0.00373 -1.14001e+02
322  0.07640  3.35354e+01 |323 -0.01154 -5.09940e+01 |324  0.00127  3.12305e-01
324 variables; iteration 380; function evaluation 431; phase 5
Function value 3.4921028e+03; maximum gradient component mag -5.3202e+03
Var    Value     Gradient |Var    Value     Gradient |Var    Value     Gradient
  1 -0.03900 -5.32022e+03 |  2  0.03036 -8.22572e+00 |  3 -2.13263  8.68522e+00
  4 -0.02311  2.99538e+00 |  5 -1.89610  3.43282e+00 |  6  0.06965 -5.21889e+01
  7 -2.04882  5.01682e+00 |  8 -2.02794  1.52085e+00 |  9  0.03850 -2.84698e+01
 10  0.04133  5.88602e+01 | 11  1.74704  2.18423e+01 | 12 -0.13089  1.99393e+01
 13 -0.05001  7.23827e+01 | 14 -0.21770  5.06178e+01 | 15 -0.26101  1.60713e+01
 16  0.26046 -2.40125e+02 | 17 -0.16419  3.09468e-01 | 18 -0.06403  2.99845e+01
 19 -0.07006 -8.77311e+00 | 20  0.00228 -1.36329e+01 | 21 -0.11584 -1.09082e+01
 22  0.04361 -4.25481e+01 | 23 -0.10010  3.09586e+01 | 24 -0.02342 -1.92173e+01
 25  0.00768 -4.49313e+01 | 26  0.03035 -7.10831e+01 | 27 -0.08852  3.06437e+01
 28  0.01738 -1.02303e+02 | 29  0.06836 -1.22922e+02 | 30 -0.10977  5.02485e+01
 31 -0.27677  7.96184e+00 | 32  0.06427 -7.16770e+01 | 33  0.05486 -3.56849e+01
 34  0.07591 -9.69282e+01 | 35  0.03798 -1.18056e+02 | 36 -1.93565  3.66750e+01
 37  0.00434 -4.83432e+01 | 38  0.07149 -4.18741e+01 | 39 -1.92085  1.25592e+01
 40  0.22145 -2.19772e+02 | 41  0.01461 -5.25808e+01 | 42  0.10056  1.65537e+01
 43 -0.06754 -2.19292e+01 | 44  0.19151  7.81284e+01 | 45 -0.03214  6.34798e+00
 46 -0.02303  1.48170e+01 | 47 -0.00712 -5.24558e+00 | 48 -0.07725  6.51478e+01
 49  0.12134 -9.82120e+01 | 50  0.01905  9.49256e+00 | 51  0.00441 -2.92009e+01
 52  0.02466 -4.85338e+01 | 53 -0.02654  5.07495e+01 | 54  0.09381  7.94359e+01
 55  0.01372  3.57655e+01 | 56 -0.04208  5.11530e+01 | 57 -0.04616  1.16257e+02
 58  0.08708 -9.66597e+01 | 59 -0.02473  1.59361e+01 | 60  0.02278  8.58840e+01
 61  0.01520  6.74951e+01 | 62  0.07816  4.20361e+01 | 63  0.10392  3.14320e+01
 64 -0.05381  1.09887e+01 | 65 -0.00353  1.17970e+02 | 66  0.04496  1.26992e+01
 67  0.01668  3.80352e+01 | 68 -0.03980 -2.79963e+01 | 69  0.04315  3.33118e+01
 70  0.01958  3.32166e+01 | 71  0.16035  4.69611e+01 | 72 -0.06369 -7.14667e+01
 73 -0.01754  1.34474e+02 | 74 -0.02921  5.60513e+01 | 75  0.02177 -8.09955e+00
 76 -0.09185  7.19360e+01 | 77 -0.48519  5.86017e+00 | 78 -0.66531  1.07094e+01
 79 -1.19221 -2.01492e+00 | 80 -0.71253  9.38434e-01 | 81 -0.77773 -1.65042e+01
 82 -1.19821  3.57959e+01 | 83 -1.19430 -4.10876e+01 | 84 -1.14768 -4.79802e-01
 85 -1.16241  1.08865e+01 | 86 -0.75150 -1.01653e+01 | 87 -0.82827 -1.43870e+01
 88 -1.18907 -5.30575e+00 | 89 -0.81942 -1.38820e+01 | 90 -1.18834  7.49946e+00
 91 -0.81310 -1.26295e+01 | 92 -0.80704  1.89439e+01 | 93 -0.78378  1.89139e+01
 94 -1.22202 -5.40136e+01 | 95 -0.81530 -4.32719e+01 | 96 -0.84970 -3.24830e+00
 97 -0.86321 -5.97601e+01 | 98 -0.86793  2.07486e+01 | 99 -1.10141  5.17538e+01
100 -0.97669 -3.72849e-05 |101 -0.02124  2.12209e+02 |102  0.24619  8.42849e+01
103  0.23616 -4.02067e+02 |104  0.09014  4.62930e+01 |105 -0.16732 -1.15311e+02
106 -0.20668 -2.95685e+02 |107 -0.17607 -2.97025e+02 |108  0.00031 -3.23244e+02
109  0.16843 -1.10638e+00 |110 -0.02453  1.07413e+02 |111  0.17464  4.45497e+01
112 -0.05555  5.66051e-01 |113  0.56268  3.81747e-03 |114 -0.05371  3.38330e+01
115 -0.33770  2.19855e+02 |116 -0.18347 -3.92261e+01 |117 -1.14068  7.67454e+00
118  0.13760 -1.41131e+01 |119  1.90099 -1.14357e+01 |120 -0.17675 -1.20850e+01
121  0.10792  8.98136e+02 |122  0.00578  8.85993e+02 |123 -0.00615  8.85557e+02
124  0.03067  9.23328e+02 |125  0.04849  9.26169e+02 |126 -0.13824  8.62317e+02
127 -0.00703  9.15107e+02 |128  0.00522  9.19461e+02 |129  0.06668  9.20566e+02
130 -0.03392  9.00737e+02 |131  0.02619  9.16466e+02 |132 -0.01631  9.09259e+02
133  0.45300  8.06271e+02 |134  0.22237  9.54449e+02 |135 -0.80011  2.50988e+02
136 -0.02243  9.20374e+02 |137  0.04315  9.35039e+02 |138  0.05713  8.46038e+02
139 -0.07264  7.89366e+02 |140  0.04815  7.96303e+02 |141 -0.08588  6.82652e+02
142  0.00573  7.85555e+02 |143 -0.00890  8.03550e+02 |144  0.02633  8.40845e+02
145  2.01238 -7.72093e+02 |146 -1.98373 -8.06703e+02 |147  0.03498  8.51992e+02
148  0.01154  8.30995e+02 |149 -0.03279  8.07020e+02 |150 -0.00130  8.83038e+02
151  0.01967  9.13742e+02 |152  0.01572  9.10231e+02 |153 -0.01414  9.29121e+02
154 -0.00227  9.28717e+02 |155 -0.02307  8.85916e+02 |156 -0.01040  8.96627e+02
157  0.01606  8.92081e+02 |158  0.01655  9.09332e+02 |159 -0.04245  8.55773e+02
160  0.01895  8.02640e+02 |161  0.07813  8.50958e+02 |162 -0.02267  7.06302e+02
163 -0.03636  6.82558e+02 |164 -0.01540  6.82765e+02 |165  0.02564  5.99635e+02
166  0.00627  5.25938e+02 |167 -0.03245  4.04209e+02 |168  0.01994  4.04734e+02
169 -0.02273  3.77082e+02 |170 -0.00626  3.12483e+02 |171  0.01570  3.07581e+01
172 -0.02649  3.85372e+01 |173  0.00472 -4.15225e+00 |174  0.02090  1.02733e+02
175  0.03709  1.42141e+02 |176 -0.01705  1.31593e+02 |177  0.00939  1.39750e+02
178 -0.02512  1.32346e+02 |179  0.00253  1.13966e+02 |180 -0.00767  1.01823e+02
181 -0.00006  1.03136e+02 |182  0.00516  1.06277e+02 |183 -0.00085  8.06292e+01
184  0.03974  7.89418e+01 |185 -0.05477  2.87940e+01 |186 -0.00129  1.03362e+01
187  0.14030  4.43205e+01 |188 -0.00252 -6.20642e-01 |189  0.06253  3.92685e+02
190 -0.06657  3.58480e+02 |191  0.00619  4.56215e+02 |192  0.00533  4.42864e+02
193  0.05061  5.78796e+02 |194  0.07936  5.82831e+02 |195 -0.06770  5.48072e+02
196  0.04158  5.77391e+02 |197 -0.10687  5.25615e+02 |198  0.04490  1.26196e+02
199 -0.02467  1.02900e+02 |200 -0.03956  8.07620e+01 |201  0.01040  3.38969e+02
202  0.00068  2.66265e+02 |203 -0.00335  2.36442e+02 |204  0.00426  2.15137e+02
205 -0.00128  1.24822e+02 |206 -0.00122  7.49087e+01 |207 -0.00011  1.35866e+02
208  0.01712  4.65811e+01 |209 -0.01996 -1.94834e+02 |210  0.00228 -8.61893e+01
211 -0.01042 -7.03501e+01 |212  0.01816  2.84661e+02 |213 -0.00042  3.01455e+02
214 -0.00774 -1.17095e+02 |215  0.00003  6.23215e+00 |216 -0.00137 -3.40874e+02
217  0.00030 -4.56467e+02 |218  0.01375 -4.66646e+02 |219 -0.01816 -4.67535e+02
220  0.00230 -4.78519e+02 |221  0.01649 -5.40265e+02 |222 -0.01068 -5.81366e+02
223 -0.00634 -5.17026e+02 |224  0.20351 -3.49961e+02 |225 -0.19264 -4.54105e+02
226  0.00343 -2.23209e+02 |227 -0.01183 -3.33064e+02 |228  0.00046 -6.49283e+02
229  0.00461 -6.59509e+02 |230 -0.00380 -6.98595e+02 |231  0.00404 -9.13534e+02
232 -0.00401 -8.02121e+02 |233 -0.00284 -7.38811e+02 |234  0.00395 -7.86019e+02
235  0.00064 -7.63667e+02 |236  0.00094 -8.15263e+02 |237 -0.00111 -9.38054e+02
238 -0.00125 -8.32734e+02 |239 -0.01207 -1.05906e+03 |240  0.01528 -7.52223e+02
241 -0.01531 -7.06579e+02 |242  0.00918 -3.43141e+02 |243  0.00942 -2.01223e+02
244  0.00563  2.90754e+01 |245 -0.00522  1.96043e+02 |246 -0.01959  1.66912e+02
247  0.01507  2.62538e+02 |248  0.00466  2.65055e+02 |249 -0.00234  3.23948e+02
250 -0.00718  2.14009e+02 |251  0.00712  3.15219e+02 |252 -0.00543  2.34817e+02
253  0.00842  6.53252e+01 |254 -0.02443 -2.86648e+01 |255  0.01163 -7.67236e+00
256  0.00864  2.13089e+00 |257  0.06133 -1.77418e+03 |258 -0.05812 -1.85125e+03
259 -0.01264 -1.93150e+03 |260  0.00098 -1.89027e+03 |261  0.01568 -1.70155e+03
262  0.47632 -2.00865e+03 |263 -0.52486 -2.01164e+03 |264  0.00025 -1.58728e+03
265  0.00515 -1.10586e+03 |266 -0.00290 -1.38696e+03 |267 -0.01376 -1.29342e+03
268  0.01925 -1.07259e+03 |269 -0.00610 -8.05731e+02 |270  0.00274 -7.71600e+02
271 -0.00037 -6.98720e+02 |272  0.00169 -6.67168e+02 |273  0.00239 -7.16040e+02
274  0.00162 -6.96543e+02 |275 -0.00208 -8.07788e+02 |276  0.00542 -6.47255e+02
277 -0.00468 -9.06338e+02 |278  0.00538 -6.69472e+02 |279 -0.00163 -1.01380e+03
280 -0.01089 -8.72609e+02 |281  0.00327 -4.34469e+02 |282  0.00669 -7.38891e+02
283  0.00108 -8.67704e+02 |284  0.00106 -1.09469e+03 |285 -0.00457 -1.28067e+03
286  0.00155 -1.17606e+03 |287  0.01024 -1.04177e+03 |288 -0.00854 -1.40688e+03
289 -0.00576 -1.45287e+03 |290  0.00775 -1.48500e+03 |291  0.01449 -1.31405e+03
292 -0.01481 -1.36648e+03 |293 -0.00524 -1.41393e+03 |294  0.00831 -1.06450e+03
295  0.00286 -1.17039e+03 |296 -0.00604 -1.36652e+03 |297 -0.00148 -1.31456e+03
298 -0.00265 -1.45973e+03 |299 -0.00081 -1.59360e+03 |300  0.00563 -1.59133e+03
301  0.00089 -1.52126e+03 |302 -0.00463 -1.48376e+03 |303 -0.00171 -1.56849e+03
304  0.00122 -1.31401e+03 |305  0.00235 -1.35867e+03 |306 -0.00146 -1.13384e+03
307  0.00395 -1.15464e+03 |308 -0.00544 -9.94488e+02 |309  0.01228 -1.00408e+03
310 -0.00735 -8.18879e+02 |311 -0.00209 -6.53463e+02 |312  0.00487 -6.49085e+02
313  0.00601 -5.67612e+02 |314  0.00509 -7.38452e+02 |315 -0.01342 -6.80154e+02
316  0.00177 -6.89936e+02 |317  0.00005 -5.99052e+02 |318  0.00269 -5.00566e+02
319 -0.00130 -4.39010e+02 |320  0.00155 -3.86148e+02 |321 -0.00593 -4.67086e+02
322  0.01470 -4.10086e+02 |323 -0.02394 -3.84622e+02 |324 -0.01056 -2.60390e+00
324 variables; iteration 400; function evaluation 454; phase 5
Function value 3.3259929e+03; maximum gradient component mag -2.9807e+03
Var    Value     Gradient |Var    Value     Gradient |Var    Value     Gradient
  1 -0.03861 -1.55437e+03 |  2  0.04502 -3.93837e+00 |  3 -2.14969  2.98441e+00
  4 -0.02739 -1.20088e+00 |  5 -1.94100 -5.20327e+00 |  6  0.06537  4.43616e+00
  7 -2.04909 -1.16405e+01 |  8 -2.02076  4.73376e+00 |  9  0.04650 -1.80765e+01
 10  0.01301 -3.98843e+00 | 11  1.75262  2.53441e+01 | 12 -0.14207 -1.18101e+01
 13 -0.06208  7.07750e+00 | 14 -0.25471  7.03417e+00 | 15 -0.20855  1.79225e+01
 16  0.26377 -4.30621e+01 | 17 -0.14713 -2.88003e+01 | 18 -0.07199  9.26558e+00
 19 -0.06236 -1.59288e+00 | 20  0.00359  1.36894e+01 | 21 -0.09081  7.71655e+00
 22  0.04411 -6.45237e-01 | 23 -0.11299  8.00039e+00 | 24 -0.03084  1.13283e+01
 25  0.01824  1.36144e+00 | 26  0.03123 -2.71601e+01 | 27 -0.10922  8.35975e+00
 28  0.01865 -2.24678e+01 | 29  0.06803 -7.09591e+00 | 30 -0.10088  4.27406e+00
 31 -0.26067  3.23569e-01 | 32  0.05485  1.82587e+01 | 33  0.05958  1.56146e+00
 34  0.05877 -2.35936e+01 | 35  0.05518 -2.64964e+00 | 36 -1.96300 -4.18819e+00
 37 -0.00823  1.55593e+01 | 38  0.07482  2.03055e+01 | 39 -1.92346  6.55514e+00
 40  0.22104 -2.80819e+01 | 41  0.02465 -1.50885e+00 | 42  0.09455  2.72842e+01
 43 -0.05924  3.36203e+00 | 44  0.18647 -3.49317e+01 | 45 -0.03345 -2.38415e+01
 46 -0.02571 -2.15291e+00 | 47 -0.00709 -5.14519e+00 | 48 -0.08129  1.22967e+01
 49  0.12280  1.25210e+01 | 50  0.01941  7.03524e+00 | 51  0.00631 -5.01759e+00
 52  0.02581  9.03116e-02 | 53 -0.02726  7.73372e+00 | 54  0.09098 -1.96537e+01
 55  0.01191 -2.47545e+01 | 56 -0.04363  3.46434e+00 | 57 -0.05071 -5.56234e+00
 58  0.08868 -3.41303e+01 | 59 -0.02400  1.89660e+01 | 60  0.02203  2.72635e+00
 61  0.01363 -8.32956e+00 | 62  0.07901  2.86694e+01 | 63  0.10400  1.85768e+01
 64 -0.05179 -9.82829e+00 | 65 -0.00627  1.18883e+01 | 66  0.04693  2.70497e+01
 67  0.01708  1.90253e+01 | 68 -0.03607 -1.22696e+01 | 69  0.04309  5.94627e+00
 70  0.02070  1.37705e+01 | 71  0.15893 -2.57451e+01 | 72 -0.05623  2.64603e-01
 73 -0.02252  8.93709e+00 | 74 -0.03220  8.02003e+00 | 75  0.02407  1.48722e+01
 76 -0.09961  1.27774e+01 | 77 -0.51969  2.50556e+00 | 78 -0.66584  1.32386e+00
 79 -1.19715 -1.20156e+01 | 80 -0.70045  7.43410e+00 | 81 -0.76203 -4.53388e-01
 82 -1.22624  6.78789e+00 | 83 -1.17200  1.18224e+01 | 84 -1.14671  1.27209e+01
 85 -1.16757  1.24143e+00 | 86 -0.72269  1.65454e+01 | 87 -0.81770  3.57128e+00
 88 -1.18748  1.62346e-01 | 89 -0.80305 -5.31622e+00 | 90 -1.19463  4.16431e+00
 91 -0.81033 -1.21624e+01 | 92 -0.81540 -6.99984e+00 | 93 -0.78463  1.05336e+01
 94 -1.20512 -5.31655e+00 | 95 -0.79513 -8.66292e+00 | 96 -0.85141 -1.49642e+01
 97 -0.84750 -7.73674e+00 | 98 -0.86891  2.57964e+00 | 99 -1.11049 -1.10154e+01
100 -0.97517 -3.50068e-05 |101 -0.13804  1.54996e+01 |102  0.23563 -1.36695e+02
103  0.07256 -6.72027e+02 |104  0.08976 -5.75294e+01 |105 -0.16849 -5.58598e+01
106 -0.20568 -3.53592e+01 |107 -0.17350 -4.48807e+01 |108  0.00070 -9.31794e+01
109  0.16728 -1.79380e+02 |110 -0.02554 -5.21349e+01 |111  0.17439 -5.34289e+00
112 -0.06226 -1.99150e-01 |113  0.64683  5.06780e-03 |114 -0.05195 -2.89792e+01
115 -0.34380 -6.02678e+01 |116 -0.17920 -5.73906e+01 |117 -1.18235  8.43606e+00
118  0.12812 -7.66769e+00 |119  1.92245  4.04147e-01 |120 -0.16980  3.73198e+00
121  0.12646  9.52205e+01 |122  0.03528  7.76201e+01 |123  0.00953  7.16565e+01
124  0.00919  7.38342e+01 |125  0.01653  7.56411e+01 |126 -0.11803  4.18369e+01
127  0.01609  7.54690e+01 |128  0.01094  7.51138e+01 |129  0.01747  7.01501e+01
130  0.01074  7.43754e+01 |131  0.00692  7.35111e+01 |132 -0.00716  7.18043e+01
133  0.44459  1.05742e+02 |134  0.18900  7.93868e+01 |135 -0.77383 -3.83337e+01
136 -0.02164  4.76441e+00 |137  0.00905  8.44839e+01 |138  0.03812  1.00904e+02
139 -0.04994  6.95018e+01 |140  0.00646  1.37021e+02 |141 -0.00002  7.24119e+01
142  0.02163  1.21016e+02 |143 -0.00807  1.18347e+02 |144  0.00587  1.27416e+02
145  2.00628 -6.86187e+01 |146 -1.98008 -9.26514e+01 |147  0.02852  8.69686e+01
148  0.02548  9.03635e+01 |149 -0.01185  6.75360e+01 |150 -0.01691  5.82059e+01
151  0.01540  5.31387e+01 |152  0.03023  5.02113e+01 |153 -0.00684  4.49861e+01
154 -0.05548  2.15582e+01 |155  0.00493  4.11824e+01 |156 -0.01951  3.67679e+01
157  0.02805  4.05092e+00 |158 -0.02249 -1.31198e+00 |159 -0.01035  2.76914e+00
160  0.03982  1.38782e+01 |161 -0.02284 -6.50355e+00 |162  0.02327  5.04218e+01
163 -0.01201  4.28338e+01 |164 -0.01477  4.97111e+01 |165  0.00296  2.72324e+01
166  0.00860  5.42928e+01 |167 -0.00489  4.33115e+01 |168  0.01109  4.44951e+01
169 -0.02071  3.04817e+01 |170 -0.00318  6.92553e+00 |171  0.01231 -8.31466e+01
172 -0.02166 -3.33132e+01 |173  0.00894 -5.41807e+00 |174  0.02926  3.38350e+01
175  0.02618  1.59766e+01 |176 -0.00357  1.11142e+01 |177  0.00088  1.27426e+01
178 -0.03603  4.56445e+00 |179  0.01236  9.97887e+00 |180 -0.00292 -8.10395e+00
181 -0.00376 -1.62717e+01 |182  0.00966 -1.46595e+01 |183 -0.01055 -6.06284e+01
184 -0.00621 -4.81772e+01 |185 -0.01024 -4.70861e+01 |186  0.00102 -5.28192e+01
187 -0.01192 -5.14310e+01 |188  0.00686  1.69359e+00 |189  0.02154 -6.05278e+02
190 -0.01430 -6.97673e+02 |191 -0.00655 -7.16940e+02 |192  0.01200 -7.26015e+02
193  0.04175 -7.98104e+02 |194  0.02953 -8.02379e+02 |195 -0.02922 -8.16872e+02
196  0.02519 -8.05536e+02 |197 -0.07389 -8.32331e+02 |198  0.03975 -9.50116e+02
199 -0.02308 -9.78556e+02 |200 -0.03420 -1.00439e+03 |201  0.00828 -7.33656e+02
202  0.00390 -7.07695e+02 |203 -0.00693 -7.28938e+02 |204  0.00505 -8.34759e+02
205  0.00072 -8.56251e+02 |206  0.00206 -8.31286e+02 |207 -0.00766 -8.36988e+02
208  0.00853 -7.20558e+02 |209 -0.00733 -7.77856e+02 |210  0.00407 -7.82505e+02
211 -0.00957 -7.00363e+02 |212  0.00888 -4.05146e+02 |213  0.00393 -3.75098e+02
214 -0.00189 -5.99323e+02 |215 -0.00898 -6.40935e+02 |216  0.00700 -5.93378e+02
217 -0.00180 -7.47420e+02 |218  0.00563 -8.95287e+02 |219 -0.00667 -8.70515e+02
220 -0.00375 -8.64002e+02 |221  0.01660 -8.51457e+02 |222 -0.00754 -7.87569e+02
223  0.00046 -7.58242e+02 |224  0.16996 -7.03121e+02 |225 -0.17201 -8.25696e+02
226  0.00336 -8.02957e+02 |227 -0.01346 -8.22516e+02 |228  0.00451 -8.64629e+02
229  0.00652 -8.91667e+02 |230 -0.00581 -8.03083e+02 |231  0.00620 -7.71270e+02
232 -0.00423 -7.08836e+02 |233 -0.00543 -6.43794e+02 |234  0.00693 -5.34090e+02
235 -0.00411 -4.56119e+02 |236  0.00355 -3.68756e+02 |237  0.00027 -3.87803e+02
238 -0.00431 -3.18432e+02 |239 -0.00792 -3.25969e+02 |240  0.01355 -2.35444e+02
241 -0.01104 -1.21791e+02 |242  0.00513 -5.96880e+01 |243  0.01288 -5.54702e+01
244  0.00438 -7.25865e+01 |245 -0.00689 -5.60764e+01 |246 -0.01600 -7.22919e+01
247  0.01216 -1.81142e+02 |248  0.00459 -2.60562e+02 |249 -0.00773 -2.89633e+02
250 -0.00136 -2.83872e+02 |251  0.00250 -2.98144e+02 |252 -0.00383 -1.94714e+02
253  0.00545 -1.72097e+02 |254 -0.02233 -1.55220e+02 |255  0.01113 -1.49557e+02
256  0.01775  4.37729e+00 |257  0.02835 -2.80862e+03 |258  0.00945 -2.76944e+03
259 -0.00862 -2.89322e+03 |260 -0.00000 -2.82627e+03 |261  0.01378 -2.93148e+03
262  0.42029 -2.97145e+03 |263 -0.45781 -2.98072e+03 |264 -0.00516 -2.87251e+03
265  0.00704 -2.42583e+03 |266  0.00020 -2.30427e+03 |267 -0.01227 -2.33434e+03
268  0.01378 -2.13804e+03 |269 -0.00439 -1.84097e+03 |270  0.00242 -1.73536e+03
271  0.00166 -1.69851e+03 |272 -0.00213 -1.73430e+03 |273  0.00148 -1.63286e+03
274  0.00036 -1.52460e+03 |275  0.00503 -1.45173e+03 |276  0.00277 -1.37113e+03
277 -0.00564 -1.63401e+03 |278 -0.00146 -1.60329e+03 |279  0.00446 -1.37583e+03
280 -0.00209 -1.17970e+03 |281 -0.00686 -1.10440e+03 |282  0.00136 -1.14986e+03
283  0.00848 -9.78755e+02 |284 -0.00159 -9.10137e+02 |285  0.00176 -1.04596e+03
286  0.00159 -1.17631e+03 |287 -0.00312 -1.06738e+03 |288  0.00057 -9.88114e+02
289 -0.00534 -9.51256e+02 |290  0.00981 -8.90815e+02 |291  0.00465 -8.64365e+02
292 -0.00731 -8.27543e+02 |293  0.00128 -8.76715e+02 |294  0.00249 -8.56948e+02
295  0.00315 -8.88529e+02 |296 -0.00552 -8.38831e+02 |297 -0.00333 -8.55696e+02
298 -0.00234 -8.29066e+02 |299 -0.00077 -7.70989e+02 |300  0.00620 -7.39384e+02
301  0.00216 -6.59840e+02 |302 -0.00749 -5.97539e+02 |303  0.00379 -5.11281e+02
304 -0.00275 -3.83807e+02 |305  0.00412 -3.55021e+02 |306 -0.00067 -2.62682e+02
307  0.00175 -2.58373e+02 |308 -0.00546 -2.50477e+02 |309  0.01059 -2.48809e+02
310 -0.00450 -2.35023e+02 |311 -0.00496 -2.44846e+02 |312  0.00696 -2.45116e+02
313  0.00385 -2.64340e+02 |314  0.00547 -2.47926e+02 |315 -0.01237 -3.56460e+02
316  0.00287 -3.99791e+02 |317  0.00136 -4.29701e+02 |318 -0.00039 -4.26497e+02
319  0.00041 -3.94249e+02 |320  0.00067 -3.18069e+02 |321 -0.00563 -2.68455e+02
322  0.01685 -2.04261e+02 |323 -0.02331 -2.08307e+02 |324 -0.00596 -1.46958e+00
324 variables; iteration 420; function evaluation 474; phase 5
Function value 3.2410102e+03; maximum gradient component mag 3.3839e+03
Var    Value     Gradient |Var    Value     Gradient |Var    Value     Gradient
  1 -0.03477  1.55971e+03 |  2  0.02421 -1.69222e+00 |  3 -2.15212 -2.04643e+01
  4 -0.03312  4.52705e+00 |  5 -1.93127 -5.98778e+00 |  6  0.05512  6.91703e+00
  7 -2.05044 -7.54607e+00 |  8 -1.98894 -5.59889e+00 |  9  0.04227  1.19064e+01
 10  0.01904 -4.55850e+00 | 11  1.77503 -4.79827e+01 | 12 -0.11623 -1.22687e+01
 13 -0.06998 -1.54935e+01 | 14 -0.15939 -4.80771e-01 | 15 -0.15412  1.34717e+01
 16  0.24142  7.82853e+01 | 17 -0.02856 -9.95002e+00 | 18 -0.08595  1.22199e+01
 19 -0.05245  2.99252e+00 | 20 -0.00976  3.02383e+01 | 21 -0.08840 -3.66815e+00
 22  0.03245  3.56291e+01 | 23 -0.11596  9.25358e+00 | 24 -0.03127  5.83644e+00
 25  0.00549  2.03633e+01 | 26  0.02666  2.13428e+01 | 27 -0.10202  4.79884e+00
 28  0.01267  7.21197e+00 | 29  0.05581 -6.81261e-01 | 30 -0.08520 -5.67939e+00
 31 -0.25563 -2.02015e+00 | 32  0.04242  1.73203e-01 | 33  0.05356 -6.49912e+00
 34  0.06077  8.31161e+00 | 35  0.04216  4.77979e+00 | 36 -1.96097  1.78215e+00
 37 -0.01592  2.76335e+00 | 38  0.06463 -1.20156e+01 | 39 -1.94378 -5.68412e-01
 40  0.21696  1.67165e+01 | 41  0.01976 -1.43319e+01 | 42  0.08609  1.28549e+01
 43 -0.05919 -4.81793e-01 | 44  0.17823  7.60774e+00 | 45 -0.03176  2.61270e+01
 46 -0.03322 -2.18641e+01 | 47 -0.01440 -2.00958e+01 | 48 -0.08667 -1.24916e+00
 49  0.11629  1.26704e+01 | 50  0.01250 -1.16478e+01 | 51  0.00146 -1.03077e+01
 52  0.02043 -8.40011e-01 | 53 -0.03240 -1.32841e+01 | 54  0.08590 -5.54681e+00
 55  0.00601 -4.93135e+01 | 56 -0.04722 -3.86573e+00 | 57 -0.05615 -3.97161e+01
 58  0.08478 -9.04783e-01 | 59 -0.02912 -1.74769e+01 | 60  0.01639 -4.95446e+01
 61  0.00873 -2.94190e+01 | 62  0.07302 -1.81911e+01 | 63  0.09976  3.76246e+00
 64 -0.05672 -2.99357e+01 | 65 -0.01260 -2.73389e+01 | 66  0.04101  5.00267e+00
 67  0.01167 -5.90927e+00 | 68 -0.03870  1.28927e+01 | 69  0.03908  9.43532e+00
 70  0.01563 -1.09645e+01 | 71  0.15461 -1.38808e+01 | 72 -0.06013 -2.37573e+00
 73 -0.02552 -1.84292e+01 | 74 -0.03566 -8.56828e+00 | 75  0.02009 -1.21005e+01
 76 -0.10355 -1.24450e+01 | 77 -0.51723 -3.67519e+00 | 78 -0.65720  7.25334e+00
 79 -1.19682 -8.71852e+00 | 80 -0.69998  3.15474e+00 | 81 -0.75918  1.90421e+00
 82 -1.23406 -2.23352e+00 | 83 -1.18411 -1.15283e+01 | 84 -1.15345 -6.92945e+00
 85 -1.16752  3.20416e+00 | 86 -0.72744  9.06055e+00 | 87 -0.82415 -1.05908e+01
 88 -1.19142 -4.49157e-01 | 89 -0.79269  4.20900e-01 | 90 -1.19903  2.51664e+00
 91 -0.81091 -1.62440e+01 | 92 -0.80466  1.16084e+01 | 93 -0.78995 -5.85170e+00
 94 -1.20353  2.69688e+00 | 95 -0.79079 -4.61345e+00 | 96 -0.84306  1.87625e+01
 97 -0.84006  2.35047e+01 | 98 -0.86836  9.06217e+00 | 99 -1.10700  8.98103e+00
100 -0.97027 -2.92246e-05 |101 -0.08938  9.70500e+00 |102  0.17208  1.72927e+02
103 -0.26140  6.21277e+02 |104  0.08998  2.12318e+01 |105 -0.16790  3.62988e+01
106 -0.20598  2.14455e+01 |107 -0.17213 -1.21953e+01 |108  0.00076  3.79487e+02
109  0.16897  1.39576e+02 |110 -0.02533  5.54826e+01 |111  0.17213 -1.88949e+01
112 -0.05323  1.20834e+00 |113  0.68737  5.87381e-03 |114 -0.05144 -2.21319e+01
115 -0.34521 -2.34104e+01 |116 -0.17707  6.59032e+00 |117 -1.40608  1.48021e+01
118  0.03558  2.88083e+01 |119  1.91650  5.59602e-01 |120 -0.17434  1.96179e+00
121  0.10194  6.50433e+01 |122  0.03595  6.96737e+01 |123  0.04424  7.25652e+01
124  0.00043  6.22067e+01 |125  0.00052  6.22350e+01 |126 -0.03990  5.20569e+01
127 -0.01798  5.75306e+01 |128  0.00031  6.25031e+01 |129  0.01537  5.94815e+01
130  0.02746  6.42536e+01 |131  0.01125  6.02359e+01 |132 -0.00212  5.69806e+01
133  0.38832  6.36355e+01 |134  0.16255  2.64411e+01 |135 -0.79561 -5.09315e+01
136  0.01268  3.98944e+01 |137 -0.00603  4.74771e+01 |138  0.01686  7.73629e+01
139 -0.00933  9.00425e+01 |140 -0.01746  8.45878e+01 |141  0.01023  6.96404e+01
142  0.01682  6.46763e+01 |143  0.01779  7.29169e+01 |144 -0.00808  6.59298e+01
145  2.00835  2.00258e+01 |146 -1.96756  3.18806e+01 |147  0.02936  7.05113e+01
148  0.01392  7.88083e+01 |149  0.01181  7.06199e+01 |150 -0.02278  5.12776e+01
151  0.02861  4.23208e+01 |152  0.05306  3.82759e+01 |153 -0.05812  8.91782e+00
154 -0.02105  9.36539e+00 |155 -0.00247 -2.38193e+01 |156 -0.04489 -3.80241e+01
157  0.04086 -1.92108e+01 |158 -0.02001 -2.74796e+01 |159 -0.01477 -3.12951e+01
160  0.02924 -1.95398e+01 |161 -0.00849 -1.83233e+01 |162  0.02208 -1.84299e+01
163 -0.01249 -2.87039e+01 |164 -0.01788 -2.44795e+01 |165  0.01254 -3.38824e+01
166 -0.00196 -6.05448e+01 |167 -0.00340 -4.94457e+01 |168  0.04690 -2.76900e+01
169 -0.05866 -7.97840e+01 |170 -0.00267 -7.40374e+01 |171  0.02115 -4.32679e+01
172 -0.02922 -3.19951e+01 |173  0.01340  7.50309e+00 |174  0.02502 -7.73603e+00
175  0.00755 -2.41854e+01 |176 -0.00311 -1.03575e+01 |177 -0.00118 -7.58110e+00
178 -0.01325 -5.45835e+00 |179 -0.00141 -7.39461e+00 |180 -0.00022  9.02398e+00
181 -0.00071  1.16171e+01 |182  0.00931  3.95169e+01 |183 -0.00127  8.36748e+00
184 -0.00344  1.21019e-01 |185 -0.01293 -7.87992e+00 |186 -0.00072 -2.26220e+01
187 -0.01253 -2.57080e+01 |188  0.00058  1.43482e-01 |189  0.02132  7.52513e+02
190  0.00582  7.45094e+02 |191 -0.00808  7.70564e+02 |192  0.00539  7.05186e+02
193  0.02377  6.83606e+02 |194 -0.02672  6.70225e+02 |195  0.01668  6.80868e+02
196  0.00521  6.77537e+02 |197 -0.03831  6.58438e+02 |198  0.05145  5.37394e+02
199 -0.03484  4.73331e+02 |200 -0.01490  4.46154e+02 |201  0.00020  3.76090e+02
202  0.00961  4.22689e+02 |203 -0.01445  4.01149e+02 |204  0.00957  4.31134e+02
205  0.00132  4.33560e+02 |206 -0.00000  4.23016e+02 |207 -0.00323  4.42055e+02
208  0.01030  3.72155e+02 |209 -0.01347  3.22178e+02 |210  0.00621  2.51969e+02
211 -0.00208  2.26898e+02 |212 -0.00037  2.09109e+02 |213  0.00799  1.99328e+02
214 -0.00299  1.21720e+02 |215 -0.00903  6.07163e+01 |216  0.00431  6.06995e+01
217  0.00082  3.78721e+00 |218  0.00537 -2.28037e+00 |219 -0.00572 -1.19802e+02
220 -0.00193 -3.03553e+02 |221  0.01184 -3.09644e+02 |222 -0.00591 -3.67829e+02
223 -0.00426 -3.69430e+02 |224  0.04354 -2.90639e+02 |225 -0.04655 -4.34333e+02
226  0.00813 -3.98548e+02 |227 -0.01210 -3.93678e+02 |228  0.00385 -4.81498e+02
229  0.00744 -4.62995e+02 |230 -0.00683 -4.31480e+02 |231  0.00679 -4.32190e+02
232 -0.00256 -3.63003e+02 |233 -0.00654 -3.87264e+02 |234  0.00721 -3.84597e+02
235 -0.00780 -3.67036e+02 |236  0.00596 -2.18421e+02 |237  0.00175 -2.25693e+02
238 -0.00442 -2.13885e+02 |239 -0.00780 -1.74545e+02 |240  0.01429 -1.16177e+02
241 -0.00997 -7.70064e+01 |242  0.00238 -8.99611e+01 |243  0.01168 -7.85821e+01
244  0.00724 -6.55732e+00 |245 -0.00886 -4.02821e+01 |246 -0.01879 -5.61218e+01
247  0.01412 -4.82829e+01 |248  0.00440 -6.47672e+00 |249 -0.00604  2.89473e+01
250 -0.00151  3.89167e+01 |251  0.00309 -2.97435e+00 |252 -0.00479 -2.12015e+00
253  0.00610 -5.91873e+00 |254 -0.02427 -1.29007e+01 |255  0.01168 -2.91373e+01
256 -0.00143 -3.51753e-01 |257  0.11077  2.80750e+03 |258 -0.00296  2.74093e+03
259 -0.00061  2.94947e+03 |260  0.00132  3.06070e+03 |261  0.00689  3.05446e+03
262  0.11326  2.69191e+03 |263 -0.12844  2.62110e+03 |264  0.00826  3.17585e+03
265  0.00110  3.30045e+03 |266 -0.01666  3.27937e+03 |267  0.00622  3.26220e+03
268 -0.00040  3.38386e+03 |269 -0.00224  3.25805e+03 |270 -0.00188  3.18495e+03
271  0.00828  3.12060e+03 |272 -0.00733  2.90546e+03 |273  0.00330  2.79511e+03
274  0.00118  2.70209e+03 |275  0.00113  2.49896e+03 |276  0.00206  2.38986e+03
277 -0.00093  2.17825e+03 |278 -0.00228  2.03024e+03 |279  0.00449  1.92120e+03
280 -0.00112  1.58404e+03 |281 -0.01526  1.55290e+03 |282  0.01038  1.74614e+03
283  0.00565  1.55762e+03 |284 -0.00288  1.47476e+03 |285 -0.00164  1.36131e+03
286  0.00747  1.40364e+03 |287 -0.00559  1.19840e+03 |288  0.00036  1.13314e+03
289 -0.00248  1.07886e+03 |290  0.00690  1.02138e+03 |291  0.00751  9.71347e+02
292 -0.01082  9.69179e+02 |293  0.00795  8.72189e+02 |294 -0.00414  7.24745e+02
295  0.00409  6.45541e+02 |296 -0.00623  6.22125e+02 |297 -0.00351  6.09779e+02
298 -0.00105  5.53375e+02 |299 -0.00184  5.25846e+02 |300  0.00577  5.20058e+02
301  0.00273  5.17579e+02 |302 -0.00700  4.62321e+02 |303  0.00659  4.16080e+02
304 -0.00558  3.84609e+02 |305  0.00387  3.07863e+02 |306 -0.00174  2.79650e+02
307  0.00109  3.29642e+02 |308 -0.00476  3.50254e+02 |309  0.00795  3.44486e+02
310 -0.00136  4.28417e+02 |311 -0.00445  3.89105e+02 |312  0.00522  3.69261e+02
313  0.00560  4.06946e+02 |314  0.00628  3.44411e+02 |315 -0.01379  3.15480e+02
316  0.00316  3.21785e+02 |317  0.00125  2.68995e+02 |318 -0.00028  2.28596e+02
319  0.00073  2.10714e+02 |320  0.00064  1.50254e+02 |321 -0.00577  1.28818e+02
322  0.01843  1.18984e+02 |323 -0.02254  8.04629e+01 |324 -0.00127 -3.14142e-01
324 variables; iteration 440; function evaluation 495; phase 5
Function value 3.1823158e+03; maximum gradient component mag 6.7226e+02
Var    Value     Gradient |Var    Value     Gradient |Var    Value     Gradient
  1 -0.03517 -2.39808e+02 |  2  0.04613 -2.21819e-01 |  3 -2.13739 -2.30673e-01
  4 -0.02404  2.12095e+00 |  5 -1.92217  1.06543e+00 |  6  0.05849 -5.83969e-01
  7 -2.04202  3.04142e+00 |  8 -2.00662 -7.75178e+00 |  9  0.04106 -1.86999e+00
 10  0.02681  1.38698e+01 | 11  1.77579 -1.09314e+01 | 12 -0.10881  9.02057e+00
 13 -0.05006  6.11958e-02 | 14 -0.15212 -1.55258e+00 | 15 -0.16768  3.25910e+00
 16  0.24071 -2.03260e+01 | 17  0.00353 -1.51829e+01 | 18 -0.09804  8.77098e-01
 19 -0.05603 -3.69911e+00 | 20 -0.00498  1.47435e+00 | 21 -0.09606  4.69799e-01
 22  0.03952 -1.33336e+00 | 23 -0.13021 -4.66950e+00 | 24 -0.03786 -3.90304e+00
 25  0.01299  2.89462e+00 | 26  0.02248 -6.51667e+00 | 27 -0.11008  3.36299e+00
 28  0.01386  6.59659e+00 | 29  0.06094 -3.41792e+00 | 30 -0.07906 -5.73449e+00
 31 -0.27348 -4.86672e+00 | 32  0.04108 -5.15148e+00 | 33  0.05501 -7.30236e+00
 34  0.06008 -6.19038e-01 | 35  0.04664  7.49116e-01 | 36 -1.95499 -6.01393e-01
 37 -0.01607 -1.06257e+01 | 38  0.06524  9.81839e-01 | 39 -1.93650 -2.16026e+00
 40  0.21663 -3.55174e+00 | 41  0.02222 -2.30459e+00 | 42  0.08620  5.29751e+00
 43 -0.06516 -1.50489e+01 | 44  0.18013 -1.20470e+01 | 45 -0.03808 -1.65521e+01
 46 -0.03143  4.17770e+00 | 47 -0.01301  7.75968e+00 | 48 -0.08769 -1.54156e+00
 49  0.11727  2.61646e+01 | 50  0.01463  1.83378e+01 | 51  0.00016 -1.37737e+01
 52  0.02122  1.81680e+01 | 53 -0.03204  1.45130e+01 | 54  0.08586 -4.78672e+00
 55  0.00820  1.43738e+01 | 56 -0.04834  2.69717e+00 | 57 -0.05559 -1.11659e+01
 58  0.08617  2.21103e+01 | 59 -0.03064  1.06118e+01 | 60  0.01771 -4.95181e+00
 61  0.00836 -1.43997e+01 | 62  0.07359 -3.83154e+00 | 63  0.10099  2.10839e+01
 64 -0.05835 -7.36144e+00 | 65 -0.01175 -1.50397e+01 | 66  0.04179 -7.84874e+00
 67  0.01154  5.41313e+00 | 68 -0.03935  1.64488e+01 | 69  0.03715 -2.50418e+01
 70  0.01499 -3.36342e+00 | 71  0.15598  1.03032e+01 | 72 -0.06554 -6.92338e+00
 73 -0.02614 -8.92971e+00 | 74 -0.03439  6.76439e+00 | 75  0.02184  2.66842e+00
 76 -0.10511 -2.84277e+00 | 77 -0.52274  6.81714e-01 | 78 -0.66177 -5.85104e-02
 79 -1.19458  2.11655e+00 | 80 -0.71037 -6.94109e+00 | 81 -0.75508 -3.18844e+00
 82 -1.22916  5.24311e-01 | 83 -1.17851 -1.69376e+00 | 84 -1.15200 -3.78757e+00
 85 -1.17340 -1.65999e+00 | 86 -0.74194 -3.85003e-01 | 87 -0.81671  3.34655e+00
 88 -1.18867  5.11538e-01 | 89 -0.79688 -4.93234e+00 | 90 -1.20113  1.43200e+00
 91 -0.81147 -4.38833e+00 | 92 -0.81028 -1.47056e+00 | 93 -0.78627 -2.26979e+00
 94 -1.20496 -1.70083e+00 | 95 -0.79154 -2.78918e+00 | 96 -0.84517  2.33306e-01
 97 -0.84673 -3.99643e+00 | 98 -0.86341  5.78434e+00 | 99 -1.10177  9.43712e+00
100 -0.96624 -2.57324e-05 |101 -0.21544  1.95167e+01 |102  0.13358  9.72975e+01
103 -0.35845  5.00425e+01 |104  0.08990 -1.32198e+01 |105 -0.16800  3.76843e+01
106 -0.20616  1.64171e+01 |107 -0.17120  7.80988e+00 |108  0.00070  4.66479e+02
109  0.16919  2.11802e+02 |110 -0.02490  1.13133e+02 |111  0.17142  3.12043e+00
112 -0.04548  3.01421e+00 |113  0.69515  6.05046e-03 |114 -0.05196 -1.30932e+01
115 -0.34227 -3.58704e+01 |116 -0.20598 -3.60250e+01 |117 -1.76989  8.13152e+00
118 -0.28002 -7.17080e+00 |119  1.92290  5.65772e+00 |120 -0.16848  2.65131e+00
121  0.13238  1.16086e+02 |122  0.01548  1.06763e+02 |123  0.02814  1.14465e+02
124  0.00751  1.14227e+02 |125  0.00209  1.12997e+02 |126 -0.04372  1.01550e+02
127 -0.00013  1.13607e+02 |128  0.00578  1.16440e+02 |129  0.03084  1.14775e+02
130  0.02214  1.14017e+02 |131  0.00493  1.09876e+02 |132  0.01640  1.12747e+02
133  0.34423  1.07103e+02 |134  0.17706  8.38441e+01 |135 -0.77443 -3.58242e+01
136  0.00985  9.08966e+01 |137  0.00387  1.25628e+02 |138  0.01314  1.19851e+02
139 -0.01666  1.24547e+02 |140 -0.01127  1.34922e+02 |141  0.00967  1.32723e+02
142  0.01459  1.37544e+02 |143 -0.00657  1.42574e+02 |144  0.01684  1.51076e+02
145  2.01113 -6.45833e+01 |146 -1.97356 -8.09605e+01 |147  0.03055  1.44422e+02
148  0.01109  1.43960e+02 |149  0.00417  1.34063e+02 |150 -0.02022  1.20810e+02
151  0.01002  1.21910e+02 |152  0.02497  1.24267e+02 |153 -0.01945  1.24816e+02
154 -0.03216  1.16829e+02 |155  0.01954  1.45128e+02 |156 -0.00427  1.35490e+02
157 -0.00755  1.42035e+02 |158 -0.01162  1.58071e+02 |159 -0.01026  1.59085e+02
160  0.02446  1.56449e+02 |161 -0.00743  1.62460e+02 |162  0.01751  1.68408e+02
163 -0.00544  1.70184e+02 |164 -0.01989  1.65764e+02 |165  0.00643  1.64204e+02
166  0.00502  1.75290e+02 |167 -0.00211  1.78538e+02 |168  0.01484  1.74911e+02
169 -0.02768  1.52502e+02 |170 -0.00151  1.40482e+02 |171  0.02016  7.56981e+01
172 -0.02693  8.05428e+01 |173  0.00954  6.64900e+01 |174  0.02394  5.48133e+01
175  0.02322  4.80507e+01 |176 -0.00308  4.61441e+01 |177 -0.00857  4.55415e+01
178 -0.01943  4.62723e+01 |179  0.00149  4.43911e+01 |180 -0.00777  4.61798e+01
181  0.00859  5.83635e+01 |182  0.00087  6.03443e+01 |183  0.00243  4.13577e+01
184 -0.00752  2.87508e+01 |185 -0.01256  2.58555e+01 |186  0.00364  2.68221e+01
187 -0.01255  1.73282e+01 |188 -0.00172 -4.24284e-01 |189  0.03369  4.22211e+02
190 -0.00136  4.17783e+02 |191 -0.00584  4.47521e+02 |192  0.00613  4.27489e+02
193 -0.00146  4.10093e+02 |194 -0.03754  4.18986e+02 |195  0.04709  4.04858e+02
196  0.00923  4.04932e+02 |197 -0.04527  3.69923e+02 |198  0.02296  3.12407e+02
199 -0.01040  2.09420e+02 |200 -0.00451  2.21921e+02 |201  0.00622  2.85523e+02
202  0.00517  2.55598e+02 |203 -0.00709  2.49442e+02 |204  0.00204  2.75253e+02
205  0.00483  2.98141e+02 |206  0.00147  2.81248e+02 |207 -0.00763  3.10735e+02
208  0.01045  3.01673e+02 |209 -0.01085  3.05341e+02 |210  0.00505  3.51772e+02
211 -0.00027  3.57925e+02 |212 -0.00534  2.62144e+02 |213  0.00998  2.68489e+02
214 -0.00184  3.41927e+02 |215 -0.00917  2.91828e+02 |216  0.00458  2.65544e+02
217 -0.00144  2.39239e+02 |218  0.00742  2.41466e+02 |219 -0.00819  2.32824e+02
220 -0.00050  2.16100e+02 |221  0.01295  2.25191e+02 |222 -0.00567  2.60381e+02
223 -0.00134  2.91187e+02 |224 -0.00194  2.74087e+02 |225  0.00174  3.31297e+02
226  0.00109  3.10793e+02 |227 -0.01799  3.30905e+02 |228  0.01101  3.69032e+02
229  0.00742  3.75870e+02 |230 -0.00713  3.97230e+02 |231  0.00806  3.76140e+02
232 -0.00485  3.35129e+02 |233 -0.00536  3.37847e+02 |234  0.00665  3.60066e+02
235 -0.00586  3.65399e+02 |236  0.00479  3.96242e+02 |237  0.00147  3.57543e+02
238 -0.00489  3.32921e+02 |239 -0.00674  2.72097e+02 |240  0.01169  2.50462e+02
241 -0.00799  2.68575e+02 |242  0.00250  2.15394e+02 |243  0.01241  1.81028e+02
244  0.00531  1.44208e+02 |245 -0.00997  1.28715e+02 |246 -0.01408  1.28335e+02
247  0.01151  1.26968e+02 |248  0.00497  1.33907e+02 |249 -0.00655  1.28163e+02
250 -0.00224  1.28038e+02 |251  0.00397  1.04182e+02 |252 -0.00460  7.68328e+01
253  0.00466  3.03160e+01 |254 -0.02105  2.43021e+01 |255  0.01012  1.21347e+00
256  0.00635  1.56683e+00 |257  0.12970  2.72609e+02 |258  0.00337  2.70127e+02
259 -0.00406  3.47148e+02 |260  0.00090  4.12809e+02 |261  0.00612  4.18409e+02
262  0.03741  1.05608e+02 |263 -0.04782  5.31217e+01 |264  0.01670  3.87518e+02
265 -0.00273  3.16869e+02 |266 -0.02745  2.60000e+02 |267  0.01760  3.61296e+02
268 -0.00952  3.07172e+02 |269 -0.00536  2.66084e+02 |270  0.00022  2.81753e+02
271  0.00172  3.31381e+02 |272 -0.00073  3.99605e+02 |273 -0.00007  4.15825e+02
274  0.00045  4.33881e+02 |275  0.00536  5.58921e+02 |276 -0.00033  5.96530e+02
277 -0.00117  6.36986e+02 |278 -0.00021  6.71054e+02 |279  0.00508  6.72264e+02
280 -0.00050  3.81013e+02 |281 -0.01641  3.85167e+02 |282  0.00837  6.62531e+02
283  0.00771  6.29937e+02 |284 -0.00324  6.08106e+02 |285  0.00046  6.01343e+02
286  0.00378  6.10231e+02 |287 -0.00143  6.08962e+02 |288 -0.00176  5.37115e+02
289 -0.00321  5.55547e+02 |290  0.00808  5.93052e+02 |291  0.00548  5.82352e+02
292 -0.00719  5.79052e+02 |293 -0.00012  6.14272e+02 |294  0.00234  5.84670e+02
295  0.00848  5.87452e+02 |296 -0.01093  6.00372e+02 |297 -0.00348  6.17121e+02
298 -0.00061  6.43931e+02 |299 -0.00169  6.10446e+02 |300  0.00603  5.91358e+02
301  0.00192  5.95946e+02 |302 -0.00650  5.82246e+02 |303  0.00500  5.66300e+02
304 -0.00462  5.16728e+02 |305  0.00453  4.93262e+02 |306 -0.00130  4.62257e+02
307  0.00017  4.01029e+02 |308 -0.00356  3.84369e+02 |309  0.00714  3.58897e+02
310 -0.00137  3.34479e+02 |311 -0.00478  2.87936e+02 |312  0.00641  2.45700e+02
313  0.00496  2.32034e+02 |314  0.00301  2.18865e+02 |315 -0.01047  2.02838e+02
316  0.00263  1.84662e+02 |317  0.00044  1.85483e+02 |318  0.00094  2.15458e+02
319  0.00019  1.94546e+02 |320  0.00096  1.53825e+02 |321 -0.00480  1.04033e+02
322  0.01492  7.09659e+01 |323 -0.02076  3.44522e+01 |324  0.00024  5.91199e-02
324 variables; iteration 460; function evaluation 515; phase 5
Function value 3.1727351e+03; maximum gradient component mag 4.4145e+02
Var    Value     Gradient |Var    Value     Gradient |Var    Value     Gradient
  1 -0.03512  3.88815e+02 |  2  0.03961 -9.22341e-01 |  3 -2.14027 -7.68282e-01
  4 -0.04141 -4.67675e+00 |  5 -1.92793 -4.66254e-01 |  6  0.05378 -1.75456e+00
  7 -2.04960 -9.61839e+00 |  8 -1.99718  2.07851e+00 |  9  0.04993 -4.41759e+00
 10  0.01613 -7.57966e+00 | 11  1.77896  5.76830e+00 | 12 -0.12464 -6.57148e+00
 13 -0.04729 -6.21271e+00 | 14 -0.16279 -2.96352e+00 | 15 -0.17939 -6.31529e+00
 16  0.24316  7.87272e+00 | 17  0.00530 -2.28841e+00 | 18 -0.12926 -8.74736e+00
 19 -0.04301 -2.72200e+00 | 20 -0.01029 -2.84262e+00 | 21 -0.09024 -3.78134e+00
 22  0.03718 -3.28441e+00 | 23 -0.12878 -5.05761e+00 | 24 -0.03336  3.05178e+00
 25  0.01209 -6.51829e-01 | 26  0.02329 -5.83365e+00 | 27 -0.11450 -4.33494e+00
 28  0.01273 -2.54668e+00 | 29  0.05962  3.91306e+00 | 30 -0.08169  1.69880e+00
 31 -0.21723 -3.26920e+00 | 32  0.04406  1.21496e+00 | 33  0.04979  4.59831e-01
 34  0.06350  6.11335e+00 | 35  0.04382  9.52132e-01 | 36 -1.95598  1.11032e+00
 37 -0.01808 -8.25488e+00 | 38  0.06343  3.68434e+00 | 39 -1.94202 -3.16693e+00
 40  0.21617  3.37851e+00 | 41  0.02433  1.06602e+00 | 42  0.08521 -1.99902e+00
 43 -0.06228 -1.81701e+00 | 44  0.17990  5.54329e+00 | 45 -0.03512 -9.07932e-01
 46 -0.03127 -3.28705e+00 | 47 -0.01323 -2.39854e+00 | 48 -0.08701 -4.57449e-01
 49  0.11671  3.52652e+00 | 50  0.01366  4.28539e+00 | 51  0.00194  6.53503e+00
 52  0.02116  7.36469e+00 | 53 -0.03389 -8.89285e+00 | 54  0.08628  7.89313e+00
 55  0.00774 -2.12565e+00 | 56 -0.04740  1.24030e+01 | 57 -0.05476  4.03234e+00
 58  0.08597  2.16191e+01 | 59 -0.03071  7.07048e-02 | 60  0.01815  9.89317e+00
 61  0.00900  4.46726e+00 | 62  0.07409  1.35880e+01 | 63  0.10062  6.27092e+00
 64 -0.05772 -7.47088e+00 | 65 -0.01063  6.49926e+00 | 66  0.04242  2.04254e+01
 67  0.01185 -1.11811e+00 | 68 -0.04016 -2.87848e+00 | 69  0.03818 -9.45729e+00
 70  0.01542  6.34202e+00 | 71  0.15547 -1.79168e+01 | 72 -0.06475 -7.35931e+00
 73 -0.02526 -6.39214e+00 | 74 -0.03417 -6.48711e+00 | 75  0.02122 -1.35213e+01
 76 -0.10282 -1.68569e+00 | 77 -0.52231 -1.67675e-01 | 78 -0.66429 -4.62178e+00
 79 -1.19428  2.29552e+00 | 80 -0.70470 -1.50065e+00 | 81 -0.75352 -8.12827e-01
 82 -1.22937  1.26654e+00 | 83 -1.17848 -7.87948e-01 | 84 -1.15112 -4.45594e-01
 85 -1.17263 -1.38969e+00 | 86 -0.74098 -1.46976e+00 | 87 -0.81826 -4.18649e-01
 88 -1.18945  3.41577e-01 | 89 -0.79035  8.82327e-01 | 90 -1.20254 -2.42026e-01
 91 -0.80733  9.99349e-01 | 92 -0.80874  2.59388e+00 | 93 -0.78622 -2.57952e-01
 94 -1.20378 -5.74570e-01 | 95 -0.78989  1.91668e+00 | 96 -0.84564  7.37319e-01
 97 -0.84590  9.55368e-01 | 98 -0.86653 -4.49089e+00 | 99 -1.10244  2.13837e+00
100 -0.95814 -2.07442e-05 |101 -0.25064  9.48374e+00 |102  0.18316  9.01712e+01
103 -0.34171  4.68869e+01 |104  0.09003  1.32815e+01 |105 -0.16824  2.27673e+00
106 -0.20625  5.25467e-01 |107 -0.17155  8.37219e+00 |108  0.00063  2.11967e+02
109  0.16848  1.07519e+02 |110 -0.02458  1.38186e+02 |111  0.17352  3.40553e+01
112 -0.07365 -1.53901e+00 |113  0.70406  6.26364e-03 |114 -0.05190  9.19178e-01
115 -0.34266  2.50009e+01 |116 -0.20089  2.43871e+01 |117 -1.76212  3.20435e+00
118 -0.27368 -1.77666e+00 |119  1.91299 -4.07764e+00 |120 -0.16997  7.36320e-01
121  0.13992  7.51874e+01 |122  0.01326  6.62341e+01 |123  0.03326  7.60609e+01
124  0.00346  7.31490e+01 |125  0.01044  7.49709e+01 |126 -0.04298  6.17029e+01
127  0.00990  7.54927e+01 |128 -0.00438  7.22999e+01 |129  0.00509  7.03836e+01
130  0.01443  7.83060e+01 |131  0.01217  7.81711e+01 |132  0.02459  8.16702e+01
133  0.38759  7.93017e+01 |134  0.13115  3.81439e+01 |135 -0.71889 -5.77681e+01
136  0.00727  3.85466e+01 |137  0.00254  7.30185e+01 |138  0.01772  7.55091e+01
139 -0.02297  7.14948e+01 |140 -0.00697  9.29325e+01 |141  0.00862  8.11121e+01
142  0.02195  7.92959e+01 |143 -0.00384  7.70464e+01 |144 -0.01667  7.61953e+01
145  1.99010 -5.49170e+01 |146 -1.97998 -7.41511e+01 |147  0.02487  8.57255e+01
148  0.00937  8.82539e+01 |149 -0.00317  7.88597e+01 |150 -0.00932  7.84664e+01
151  0.01596  7.87776e+01 |152  0.03268  7.82535e+01 |153 -0.01564  6.92878e+01
154 -0.04405  5.25776e+01 |155  0.00292  5.41125e+01 |156  0.00803  5.67275e+01
157  0.00209  5.06968e+01 |158 -0.02208  4.99970e+01 |159 -0.01143  4.91534e+01
160  0.02776  4.44805e+01 |161 -0.01033  4.28670e+01 |162  0.01859  4.47547e+01
163 -0.00711  4.33809e+01 |164 -0.01946  4.13236e+01 |165  0.00813  3.94630e+01
166  0.00503  3.74075e+01 |167 -0.00490  2.58399e+01 |168 -0.00033  2.36766e+01
169 -0.01162  4.41845e+01 |170 -0.00206  3.46897e+01 |171  0.02038  1.03533e+01
172 -0.02760  1.77828e+01 |173  0.01051  1.66798e+01 |174  0.02256  1.49272e+01
175  0.02418  1.78511e+01 |176 -0.00129  1.65031e+01 |177 -0.00747  1.56736e+01
178 -0.02080  1.52757e+01 |179  0.00386  9.72431e+00 |180 -0.00148  4.77472e+00
181 -0.00206  4.28439e-01 |182 -0.00126  9.32594e+00 |183  0.00319  2.22246e+00
184 -0.00626  6.69979e+00 |185 -0.01036  6.66234e+00 |186  0.00211  3.76148e+00
187 -0.01257 -1.80150e+00 |188 -0.00034 -8.42554e-02 |189  0.02049  3.96663e+02
190  0.00120  3.94556e+02 |191 -0.01041  4.22609e+02 |192  0.00940  4.20160e+02
193  0.00321  4.39311e+02 |194 -0.02714  4.41446e+02 |195  0.02926  4.32730e+02
196  0.00677  4.29427e+02 |197 -0.03787  4.13516e+02 |198  0.01449  4.01113e+02
199 -0.00425  4.40833e+02 |200  0.00832  4.38621e+02 |201 -0.00862  3.45249e+02
202  0.00868  3.56814e+02 |203 -0.00995  3.48710e+02 |204  0.00464  3.47054e+02
205  0.00482  3.44629e+02 |206  0.00009  3.56277e+02 |207 -0.00715  3.44504e+02
208  0.00990  3.54631e+02 |209 -0.00954  3.55126e+02 |210  0.00494  3.46295e+02
211 -0.00301  3.11231e+02 |212  0.00780  3.34461e+02 |213 -0.01049  3.22347e+02
214  0.00559  3.15440e+02 |215 -0.00560  3.51351e+02 |216  0.00250  3.17537e+02
217 -0.00030  2.95970e+02 |218  0.00608  2.87766e+02 |219 -0.00745  3.30266e+02
220  0.00067  3.24272e+02 |221  0.01154  3.06006e+02 |222 -0.00461  2.68805e+02
223 -0.00160  2.57827e+02 |224 -0.00179  2.36654e+02 |225  0.00231  2.70357e+02
226  0.00073  2.47614e+02 |227 -0.01647  2.53338e+02 |228  0.00862  2.63926e+02
229  0.00760  2.57448e+02 |230 -0.00710  2.66004e+02 |231  0.00746  2.52614e+02
232 -0.00448  2.42971e+02 |233 -0.00477  2.42585e+02 |234  0.00612  2.30213e+02
235 -0.00297  2.22736e+02 |236  0.00181  1.47168e+02 |237  0.00112  1.55053e+02
238 -0.00429  1.62462e+02 |239 -0.00689  1.43185e+02 |240  0.01261  1.32267e+02
241 -0.01054  1.25695e+02 |242  0.00402  1.18606e+02 |243  0.01263  1.21942e+02
244  0.00531  1.02763e+02 |245 -0.00989  8.61962e+01 |246 -0.01313  8.73439e+01
247  0.01064  6.68635e+01 |248  0.00470  5.52799e+01 |249 -0.00705  4.49978e+01
250 -0.00197  5.15482e+01 |251  0.00401  3.44538e+01 |252 -0.00466  3.73168e+01
253  0.00486  2.27961e+01 |254 -0.01873  2.08622e+01 |255  0.00833 -3.93531e-01
256 -0.00019 -4.61779e-02 |257  0.12734  2.53397e+02 |258  0.00222  2.35787e+02
259 -0.00138  2.80884e+02 |260 -0.00225  2.21209e+02 |261  0.00483  2.30321e+02
262  0.02301  9.88317e+01 |263 -0.02797  7.42870e+01 |264  0.00451  2.29063e+02
265  0.00436  2.81122e+02 |266 -0.02245  2.73595e+02 |267  0.01183  2.37217e+02
268 -0.01690  2.21825e+02 |269  0.00636  2.65637e+02 |270 -0.00199  2.67030e+02
271  0.00432  2.75661e+02 |272 -0.00327  2.32720e+02 |273 -0.00051  2.30568e+02
274  0.00253  3.08310e+02 |275  0.00414  3.21108e+02 |276 -0.00034  3.27783e+02
277 -0.00173  3.36051e+02 |278 -0.00048  3.19294e+02 |279  0.00439  3.43348e+02
280  0.00046  2.17446e+02 |281 -0.00482  1.97540e+02 |282 -0.00281  3.40760e+02
283  0.00576  3.31662e+02 |284 -0.00068  3.41285e+02 |285 -0.00061  3.16232e+02
286  0.00400  3.16666e+02 |287 -0.00147  3.57095e+02 |288 -0.00164  2.78411e+02
289 -0.00213  2.68382e+02 |290  0.00698  2.42409e+02 |291  0.00513  2.20698e+02
292 -0.00692  2.27092e+02 |293 -0.00152  2.42313e+02 |294  0.00355  2.63848e+02
295  0.00676  2.75802e+02 |296 -0.00879  2.95830e+02 |297 -0.00352  2.89503e+02
298 -0.00110  2.83097e+02 |299 -0.00148  2.70080e+02 |300  0.00650  2.64931e+02
301  0.00114  2.34689e+02 |302 -0.00635  2.31701e+02 |303  0.00233  2.32361e+02
304 -0.00187  2.61143e+02 |305  0.00468  2.74170e+02 |306 -0.00153  2.62952e+02
307  0.00043  2.44763e+02 |308 -0.00383  2.34475e+02 |309  0.00895  2.24421e+02
310 -0.00318  1.67161e+02 |311 -0.00489  1.65656e+02 |312  0.00672  1.64712e+02
313  0.00477  1.59470e+02 |314  0.00239  1.69382e+02 |315 -0.00975  1.52759e+02
316  0.00276  1.37863e+02 |317  0.00116  1.31668e+02 |318  0.00068  1.11372e+02
319 -0.00027  7.19370e+01 |320  0.00093  5.63804e+01 |321 -0.00504  2.89591e+01
322  0.01301  1.27181e+01 |323 -0.01901 -5.63806e+00 |324  0.00052  1.28839e-01
324 variables; iteration 480; function evaluation 535; phase 5
Function value 3.1655413e+03; maximum gradient component mag 1.9332e+02
Var    Value     Gradient |Var    Value     Gradient |Var    Value     Gradient
  1 -0.03445  1.93316e+02 |  2  0.04576  5.34359e-01 |  3 -2.13323  9.38603e-01
  4 -0.02878  7.76023e-01 |  5 -1.92421 -1.11323e+00 |  6  0.05669  4.12771e+00
  7 -2.04161 -2.45885e+00 |  8 -2.00278 -2.19819e+00 |  9  0.04997  7.69625e-01
 10  0.02003  2.89483e+00 | 11  1.78157 -9.95309e+00 | 12 -0.12556 -2.04772e+00
 13 -0.03786  5.41660e-01 | 14 -0.16529 -2.39733e+00 | 15 -0.18230 -4.84755e+00
 16  0.24060  1.50808e+01 | 17  0.00596  5.85557e+00 | 18 -0.10342  3.15547e-01
 19 -0.05565 -2.25540e+00 | 20 -0.00734  1.66033e+00 | 21 -0.09797 -7.27257e-01
 22  0.03663  1.87537e+00 | 23 -0.12509  4.95497e-01 | 24 -0.03567  8.34911e-02
 25  0.01140  2.61761e+00 | 26  0.02085 -3.33808e+00 | 27 -0.11274  1.50842e-01
 28  0.01537  9.44098e-01 | 29  0.05283  8.83278e+00 | 30 -0.08436 -2.90464e-01
 31 -0.16908  2.25865e+00 | 32  0.03728  5.62049e-01 | 33  0.05312  1.12727e-02
 34  0.06132  7.25570e+00 | 35  0.04411 -2.17130e+00 | 36 -1.95229  9.99250e-01
 37 -0.01714  9.53224e-01 | 38  0.06253  2.98883e+00 | 39 -1.93710  7.53333e-01
 40  0.21531  6.04731e+00 | 41  0.02359  3.00519e+00 | 42  0.08398 -2.32091e+00
 43 -0.06226 -2.69680e-01 | 44  0.17902  3.71077e+00 | 45 -0.03673 -5.23419e+00
 46 -0.03195  1.09981e+00 | 47 -0.01405  2.29021e+00 | 48 -0.08776  1.56435e+00
 49  0.11597  1.11311e+01 | 50  0.01231 -2.61799e+00 | 51  0.00008 -8.62927e+00
 52  0.02004  5.59282e+00 | 53 -0.03351  1.84003e+00 | 54  0.08513 -4.01177e+00
 55  0.00769  1.11909e+01 | 56 -0.04889  1.68291e+00 | 57 -0.05578 -1.44292e+00
 58  0.08456 -9.37522e+00 | 59 -0.03177 -1.53567e+00 | 60  0.01686 -3.31632e+00
 61  0.00795 -5.57982e+00 | 62  0.07287 -6.99434e+00 | 63  0.10003  7.30611e+00
 64 -0.05792 -1.15713e-01 | 65 -0.01217 -1.00138e+01 | 66  0.04099 -7.05701e+00
 67  0.01107  3.81573e+00 | 68 -0.04086 -1.26096e+00 | 69  0.03759 -3.78059e+00
 70  0.01438 -2.79622e+00 | 71  0.15541  4.36484e+00 | 72 -0.06558 -4.75470e+00
 73 -0.02627 -1.61389e+00 | 74 -0.03586 -7.14203e+00 | 75  0.02048 -1.76478e+00
 76 -0.10381  2.86420e+00 | 77 -0.52431 -5.72062e-01 | 78 -0.66257  4.52145e-03
 79 -1.19466 -4.94745e-01 | 80 -0.70409  1.54134e+00 | 81 -0.75167  2.45156e+00
 82 -1.22971 -6.15128e-01 | 83 -1.17700  6.31570e-01 | 84 -1.15086 -9.00931e-02
 85 -1.17189  1.09747e+00 | 86 -0.74145 -2.63316e-01 | 87 -0.81901 -2.98495e-01
 88 -1.18869 -3.34401e-01 | 89 -0.78926  2.45359e+00 | 90 -1.20228 -5.25304e-01
 91 -0.80857  1.79655e-01 | 92 -0.81037 -4.05377e-01 | 93 -0.78658 -1.24896e+00
 94 -1.20315  4.17484e-01 | 95 -0.79101  2.90226e-01 | 96 -0.84600  3.06093e-01
 97 -0.84616  1.00965e+00 | 98 -0.86523  5.06752e-01 | 99 -1.10247  2.57089e+00
100 -0.94267 -1.51267e-05 |101 -0.32289  1.53061e+01 |102  0.21607 -2.88637e+00
103 -0.31699 -2.62461e+01 |104  0.08992 -1.55885e+01 |105 -0.16822  1.30742e+00
106 -0.20628 -6.99061e+00 |107 -0.17216 -1.96674e+00 |108  0.00060 -2.58854e+00
109  0.16845 -2.71874e+01 |110 -0.02601 -5.36962e+01 |111  0.17368 -1.56560e+01
112 -0.06221 -1.82772e-01 |113  0.70151  6.20146e-03 |114 -0.05153  4.18194e+00
115 -0.34271  1.32406e+01 |116 -0.20325  4.94662e+00 |117 -1.76508 -8.23919e-01
118 -0.27422  1.02632e+00 |119  1.91793 -2.43073e-01 |120 -0.16956 -2.08917e+00
121  0.15034  1.06674e+02 |122  0.01555  1.05123e+02 |123  0.03230  1.14638e+02
124  0.01347  1.15925e+02 |125  0.00449  1.13801e+02 |126 -0.03514  1.03907e+02
127  0.00378  1.14011e+02 |128 -0.00151  1.13044e+02 |129  0.00522  1.10944e+02
130  0.01736  1.17917e+02 |131  0.01770  1.18266e+02 |132  0.01680  1.18176e+02
133  0.38761  1.12006e+02 |134  0.09374  6.89952e+01 |135 -0.65161 -4.54960e+01
136  0.00880  7.85755e+01 |137  0.00023  9.93545e+01 |138  0.01937  1.05885e+02
139 -0.01940  1.00391e+02 |140 -0.01234  1.06342e+02 |141  0.00872  9.77422e+01
142  0.01845  8.63488e+01 |143 -0.00156  8.86308e+01 |144 -0.03217  8.56631e+01
145  1.96884 -1.35471e+02 |146 -1.98005 -1.31236e+02 |147  0.02359  7.25050e+01
148 -0.00031  6.65619e+01 |149  0.00163  6.59653e+01 |150 -0.00783  6.87049e+01
151  0.01225  6.92511e+01 |152  0.02146  6.90522e+01 |153 -0.01875  7.15001e+01
154 -0.02772  6.47844e+01 |155  0.00594  6.86441e+01 |156  0.00470  6.94767e+01
157  0.00459  7.09067e+01 |158 -0.02306  6.94424e+01 |159 -0.01046  7.04481e+01
160  0.02722  5.98853e+01 |161 -0.00999  5.96535e+01 |162  0.01640  6.19054e+01
163 -0.00451  6.68755e+01 |164 -0.01958  6.37809e+01 |165  0.00921  5.89745e+01
166  0.00262  5.04820e+01 |167 -0.00302  5.09490e+01 |168  0.01239  5.05457e+01
169 -0.02493  3.32401e+01 |170 -0.00217  2.29863e+01 |171  0.02119 -1.89728e+00
172 -0.02795  2.03214e+00 |173  0.01032 -5.86960e+00 |174  0.02266 -1.27170e+01
175  0.01883 -1.31690e+01 |176 -0.00380 -1.08775e+01 |177 -0.00386 -9.59164e+00
178 -0.01876 -9.37458e+00 |179  0.00193 -6.30420e+00 |180 -0.00103 -1.43669e+00
181  0.00260 -1.09240e+00 |182 -0.00281  1.55720e+00 |183  0.00374 -3.85943e+00
184 -0.00681 -1.26896e+00 |185 -0.01075 -7.58606e-01 |186  0.00216 -7.85446e-01
187 -0.01174 -7.50592e-02 |188 -0.00048 -1.18840e-01 |189  0.01517 -9.01276e+00
190  0.00041 -7.89903e+00 |191 -0.01170 -2.20002e+01 |192  0.00920 -1.48455e+01
193  0.00463 -2.77780e+01 |194 -0.01891 -2.34452e+01 |195  0.01137 -2.66025e+01
196  0.00672 -2.21326e+01 |197 -0.03234 -2.55412e+01 |198  0.01853 -2.59066e+01
199 -0.00346 -1.29672e+01 |200 -0.00374 -8.52044e+00 |201  0.00328  6.25686e+01
202  0.00563  5.44241e+01 |203 -0.00695  4.78880e+01 |204  0.00311  2.61761e+01
205  0.00342  2.62095e+01 |206  0.00117  2.80835e+01 |207 -0.00721  2.89048e+01
208  0.01112  3.10212e+01 |209 -0.01028  1.97939e+01 |210  0.00297  3.88192e+00
211  0.00057  1.14068e+01 |212  0.01570  2.30458e+01 |213 -0.03616  2.38220e+01
214  0.02271  1.59718e+01 |215 -0.00794 -1.93176e+01 |216  0.00365 -5.31433e+00
217 -0.00143 -1.19192e+01 |218  0.00745  3.80720e+01 |219 -0.00760  8.86372e+01
220  0.00001  9.03020e+01 |221  0.01215  8.33179e+01 |222 -0.00429  6.95910e+01
223 -0.00306  5.28111e+01 |224  0.00067  4.77823e+01 |225 -0.00092  5.03553e+01
226  0.00295  6.43111e+01 |227 -0.01730  6.03487e+01 |228  0.00876  5.34870e+01
229  0.00810  5.67281e+01 |230 -0.00745  5.98146e+01 |231  0.00752  7.71887e+01
232 -0.00378  6.80648e+01 |233 -0.00572  5.36802e+01 |234  0.00644  4.79126e+01
235 -0.00556  5.58555e+01 |236  0.00429  8.63304e+01 |237  0.00172  7.08121e+01
238 -0.00488  5.55775e+01 |239 -0.00679  3.28751e+01 |240  0.01249  2.06559e+01
241 -0.00896  1.25675e+01 |242  0.00277 -7.23789e+00 |243  0.01200 -1.35644e+01
244  0.00523 -8.37648e+00 |245 -0.00934 -3.05589e+00 |246 -0.01361 -3.93341e+00
247  0.01120  2.46393e+00 |248  0.00435 -3.45646e+00 |249 -0.00656 -1.77634e+00
250 -0.00187  1.01799e+00 |251  0.00374 -9.21906e+00 |252 -0.00461 -9.13650e+00
253  0.00473 -1.17271e+01 |254 -0.01939 -1.15398e+01 |255  0.00886 -9.43655e+00
256 -0.00116 -2.86177e-01 |257  0.12094 -9.30987e+01 |258  0.00458 -9.53547e+01
259 -0.00261 -1.20796e+02 |260 -0.00206 -1.63430e+02 |261  0.00286 -1.73543e+02
262  0.01464 -1.25719e+02 |263 -0.01120 -1.17616e+02 |264  0.00068 -1.84107e+02
265  0.00408 -1.53932e+02 |266 -0.02584 -1.64584e+02 |267  0.01318 -1.68641e+02
268 -0.01006 -1.87141e+02 |269 -0.00240 -1.64602e+02 |270  0.00007 -1.72277e+02
271  0.00165 -1.87453e+02 |272 -0.00119 -1.77869e+02 |273  0.00082 -1.81495e+02
274  0.00105 -1.54789e+02 |275  0.00412 -1.42828e+02 |276 -0.00076 -1.32098e+02
277 -0.00112 -9.76221e+01 |278  0.00033 -1.10025e+02 |279  0.00024 -1.02769e+02
280  0.00359  1.44876e+00 |281  0.01232  7.01262e+00 |282 -0.02139 -6.72172e+01
283  0.00847 -5.34907e+01 |284 -0.00219 -6.13677e+01 |285 -0.00030 -6.02657e+01
286  0.00361 -2.06073e+01 |287 -0.00155  2.20172e+01 |288 -0.00109 -8.69737e+00
289 -0.00244 -1.74399e+01 |290  0.00680 -3.32831e+01 |291  0.00635 -1.94148e+01
292 -0.00768 -2.03607e+01 |293  0.00031 -2.60387e+01 |294  0.00184 -2.61472e+01
295  0.00737 -1.92261e+01 |296 -0.00938 -2.65476e+01 |297 -0.00389 -2.68789e+01
298 -0.00104 -1.50605e+01 |299 -0.00146  1.32069e+00 |300  0.00590  8.65104e+00
301  0.00218  2.51671e+01 |302 -0.00656  6.98906e+00 |303  0.00484  8.94987e+00
304 -0.00429 -2.25260e+01 |305  0.00439 -3.03366e+01 |306 -0.00121 -3.70072e+01
307  0.00024 -6.18707e+01 |308 -0.00388 -6.59117e+01 |309  0.00735 -6.45990e+01
310 -0.00163 -4.90506e+01 |311 -0.00448 -4.03976e+01 |312  0.00660 -4.45521e+01
313  0.00479 -5.22808e+01 |314  0.00236 -5.61556e+01 |315 -0.01002 -4.89000e+01
316  0.00290 -4.50860e+01 |317  0.00073 -3.58276e+01 |318  0.00054 -2.12812e+01
319  0.00007 -2.49339e+01 |320  0.00084 -1.89611e+01 |321 -0.00485 -2.14574e+01
322  0.01341 -1.73636e+01 |323 -0.01941 -1.59345e+01 |324  0.00022  5.40397e-02
324 variables; iteration 500; function evaluation 555; phase 5
Function value 3.1568628e+03; maximum gradient component mag 7.0202e+02
Var    Value     Gradient |Var    Value     Gradient |Var    Value     Gradient
  1 -0.03375  5.18213e+02 |  2  0.04492  1.65468e+00 |  3 -2.13263 -1.92988e+00
  4 -0.02926  1.49655e+00 |  5 -1.91871  1.68577e-02 |  6  0.05859  1.00994e+01
  7 -2.03450  4.63949e+00 |  8 -2.00223 -2.73693e+00 |  9  0.04473  2.36754e+00
 10  0.01825  1.50893e+00 | 11  1.78568 -3.53962e+00 | 12 -0.10548  8.88451e+00
 13 -0.02804  8.02499e+00 | 14 -0.15900 -3.33715e+00 | 15 -0.16261  1.83581e+00
 16  0.23816  1.96845e+01 | 17 -0.00265  2.56075e-01 | 18 -0.10970 -2.16662e+00
 19 -0.05161 -2.50693e-01 | 20 -0.01065  7.50668e+00 | 21 -0.09610  6.69522e-01
 22  0.03122 -2.31186e+00 | 23 -0.11829 -3.76065e-01 | 24 -0.03713 -1.57103e+00
 25  0.00930  6.64159e+00 | 26  0.02291  2.65258e+00 | 27 -0.11073 -3.53722e-01
 28  0.01123 -3.28496e+00 | 29  0.04719 -9.69665e-01 | 30 -0.07360 -3.19493e+00
 31 -0.16602 -6.11238e-01 | 32  0.03996  1.10104e+01 | 33  0.04698 -5.93018e+00
 34  0.06241  3.39518e+00 | 35  0.04191 -2.79986e+00 | 36 -1.95890 -7.65851e+00
 37 -0.02040 -2.34725e+00 | 38  0.06136  1.34916e+00 | 39 -1.93766 -1.68982e+00
 40  0.21411  1.56491e+01 | 41  0.02110 -1.70610e+00 | 42  0.08324  4.61323e+00
 43 -0.06285  4.36661e+00 | 44  0.17736 -4.24520e+00 | 45 -0.03631  5.57846e+00
 46 -0.03315  7.56842e-01 | 47 -0.01612 -9.78675e+00 | 48 -0.08884  6.94479e-01
 49  0.11454  6.85595e-01 | 50  0.01178  2.52480e-01 | 51 -0.00048  2.66631e-01
 52  0.01864 -7.00763e+00 | 53 -0.03530 -5.67416e+00 | 54  0.08422 -3.66586e-01
 55  0.00598 -4.27493e+00 | 56 -0.05004 -3.47038e+00 | 57 -0.05672  6.63421e-02
 58  0.08381  4.00474e+00 | 59 -0.03225  4.13493e+00 | 60  0.01604 -3.51073e+00
 61  0.00717  8.55514e-01 | 62  0.07196 -3.35064e+00 | 63  0.09834 -1.50087e+01
 64 -0.05851  8.95711e-01 | 65 -0.01289 -7.39899e+00 | 66  0.04013 -2.66421e+00
 67  0.01018  5.29230e+00 | 68 -0.04220 -1.29918e+01 | 69  0.03636 -6.40613e+00
 70  0.01377  2.67572e+00 | 71  0.15460  5.25476e+00 | 72 -0.06637 -6.68926e+00
 73 -0.02745 -1.02795e+01 | 74 -0.03646 -5.27826e+00 | 75  0.01997  2.85086e+00
 76 -0.10715 -8.62042e+00 | 77 -0.52508 -1.14205e+00 | 78 -0.66192  6.71817e-02
 79 -1.19378  3.11921e+00 | 80 -0.70584 -1.03926e+00 | 81 -0.75269 -1.68020e-01
 82 -1.22941  1.79833e-01 | 83 -1.17721  8.58894e-01 | 84 -1.15037  1.26115e+00
 85 -1.17165  2.47134e+00 | 86 -0.73923  1.23247e+00 | 87 -0.81867 -4.19159e-02
 88 -1.18731  1.09807e+00 | 89 -0.79152 -1.39452e-01 | 90 -1.20200  5.54774e-01
 91 -0.80841  3.85355e-01 | 92 -0.80962  9.52859e-01 | 93 -0.78495  1.61482e+00
 94 -1.20367 -5.18694e-01 | 95 -0.79108  2.63332e-01 | 96 -0.84516  3.22683e+00
 97 -0.84598  2.22890e+00 | 98 -0.86435  3.23205e+00 | 99 -1.10207  3.88328e+00
100 -0.90368 -8.95905e-06 |101 -0.45493 -7.46412e+00 |102  0.30188  8.76035e+01
103 -0.00610  1.63122e+02 |104  0.08982 -3.25465e+01 |105 -0.16812  2.65957e+01
106 -0.20613  2.38424e+01 |107 -0.17192  2.16326e+01 |108  0.00053 -6.31134e+01
109  0.16831 -5.23412e+01 |110 -0.02577 -4.18334e+01 |111  0.17377 -1.33262e+01
112 -0.07612 -2.35423e+00 |113  0.68823  5.89286e-03 |114 -0.05189 -1.52763e+01
115 -0.34237 -1.16239e+01 |116 -0.20572 -2.16892e+01 |117 -1.77008 -1.04840e+00
118 -0.28010 -3.29833e+00 |119  1.91970  1.16754e+00 |120 -0.16716  2.28889e+00
121  0.17786  2.07337e+00 |122  0.01018 -1.37832e+01 |123  0.03203 -1.34652e-01
124  0.00077  4.61255e-01 |125  0.00919  2.87216e+00 |126 -0.03662 -8.29454e+00
127  0.00051  1.85037e+00 |128  0.02669  9.98752e+00 |129  0.07366  1.18385e+01
130  0.00028 -6.13884e+00 |131 -0.01365 -9.57964e+00 |132 -0.01092 -8.91480e+00
133  0.24284 -1.25175e+01 |134  0.16285 -3.11693e+01 |135 -0.55295 -1.23938e+02
136  0.00627 -3.85725e+01 |137  0.00178 -1.26594e+01 |138  0.01897 -6.78565e+00
139 -0.01737 -1.03900e+01 |140 -0.01530 -9.93736e+00 |141  0.00945 -7.88307e+00
142  0.02512 -7.79143e+00 |143 -0.01339 -1.31411e+01 |144 -0.03477 -1.11735e+01
145  1.96033 -8.31063e+01 |146 -1.98370 -7.37326e+01 |147  0.01732 -2.01395e+01
148 -0.00133 -1.92430e+01 |149  0.00116 -1.46552e+01 |150 -0.00673 -7.37044e+00
151  0.01597  2.84936e+00 |152  0.01430 -3.81618e-01 |153 -0.01204  1.41615e+01
154 -0.03313  4.34610e+00 |155  0.00388  3.41165e+01 |156  0.00976  4.32695e+01
157  0.00910  5.55363e+01 |158 -0.02499  5.10205e+01 |159 -0.01152  5.17699e+01
160  0.02663  5.36931e+01 |161 -0.00836  5.62973e+01 |162  0.01750  5.62517e+01
163 -0.00590  5.72097e+01 |164 -0.01989  5.45205e+01 |165  0.00790  5.45712e+01
166  0.00568  5.51985e+01 |167 -0.00537  3.99670e+01 |168  0.00437  4.13233e+01
169 -0.01676  4.51591e+01 |170 -0.00152  3.98489e+01 |171  0.02358  1.13702e+01
172 -0.03108  5.36477e+00 |173  0.01084  8.78778e+00 |174  0.02405  1.04631e+01
175  0.03025  6.99106e+00 |176 -0.00357  9.33484e-01 |177 -0.01004 -1.89091e-01
178 -0.02411 -1.34456e+00 |179  0.00467 -2.72662e+00 |180 -0.00908 -1.04254e+01
181  0.00728 -1.73686e+00 |182 -0.00689 -3.96279e+00 |183  0.00781  8.41812e+00
184 -0.00744  5.03016e+00 |185 -0.00942  5.83675e+00 |186  0.00169 -1.35730e+00
187 -0.01290 -8.15554e+00 |188 -0.00010 -2.55362e-02 |189 -0.00256  4.09642e+02
190 -0.00108  4.06043e+02 |191 -0.01046  3.98595e+02 |192  0.00816  4.00856e+02
193  0.00590  3.92579e+02 |194 -0.02920  3.93938e+02 |195  0.01563  3.88850e+02
196 -0.01117  3.94062e+02 |197 -0.01876  3.86365e+02 |198  0.02781  3.91089e+02
199 -0.00009  3.82071e+02 |200 -0.00402  3.73337e+02 |201 -0.00120  3.63860e+02
202  0.00717  3.44122e+02 |203 -0.00863  3.54302e+02 |204  0.00579  3.40740e+02
205 -0.00009  3.44580e+02 |206  0.00291  3.42300e+02 |207 -0.00590  3.33092e+02
208  0.00991  2.84000e+02 |209 -0.01116  2.85281e+02 |210  0.00461  2.80973e+02
211  0.00236  2.46567e+02 |212  0.01743  2.46847e+02 |213 -0.06088  2.46902e+02
214  0.04216  2.69028e+02 |215 -0.00539  2.16037e+02 |216  0.00231  2.10481e+02
217  0.00006  1.85556e+02 |218  0.00618  1.71934e+02 |219 -0.00691  1.71497e+02
220 -0.00054  1.57917e+02 |221  0.01192  1.68208e+02 |222 -0.00502  1.80593e+02
223 -0.00207  2.10194e+02 |224  0.00062  2.13102e+02 |225 -0.00021  2.20119e+02
226  0.00172  2.10198e+02 |227 -0.01691  2.12710e+02 |228  0.00874  2.16580e+02
229  0.00782  2.11003e+02 |230 -0.00717  2.26409e+02 |231  0.00721  2.10781e+02
232 -0.00420  2.19431e+02 |233 -0.00459  2.24128e+02 |234  0.00598  2.16233e+02
235 -0.00338  2.04629e+02 |236  0.00207  1.63119e+02 |237  0.00160  1.70437e+02
238 -0.00441  1.64234e+02 |239 -0.00711  1.29733e+02 |240  0.01275  1.08203e+02
241 -0.01072  9.68383e+01 |242  0.00438  1.17287e+02 |243  0.01233  1.05918e+02
244  0.00492  8.27291e+01 |245 -0.00933  8.47652e+01 |246 -0.01379  8.31910e+01
247  0.01131  7.44244e+01 |248  0.00454  5.15108e+01 |249 -0.00680  4.73147e+01
250 -0.00212  4.22883e+01 |251  0.00403  4.55640e+01 |252 -0.00435  3.86226e+01
253  0.00453  2.25089e+01 |254 -0.01885  1.34144e+01 |255  0.00825 -3.97202e+00
256  0.00034  8.35239e-02 |257  0.04806  6.89585e+02 |258  0.00510  7.02020e+02
259 -0.00325  6.89915e+02 |260 -0.00124  6.84711e+02 |261  0.00375  6.81644e+02
262  0.02502  6.10939e+02 |263 -0.01802  5.95140e+02 |264  0.02238  4.69893e+02
265 -0.01305  4.32348e+02 |266 -0.03502  4.10975e+02 |267  0.01008  4.00806e+02
268 -0.00838  4.47115e+02 |269  0.00075  4.36532e+02 |270 -0.00171  3.55471e+02
271  0.00331  3.56355e+02 |272 -0.00272  3.18134e+02 |273  0.00398  2.94110e+02
274 -0.00103  2.14744e+02 |275  0.00322  1.46727e+02 |276  0.00017  1.15193e+02
277 -0.00105  9.70598e+01 |278 -0.00128  5.74049e+01 |279  0.00061  5.88552e+01
280  0.00605  1.49094e+02 |281  0.03196  1.46220e+02 |282 -0.04178  4.61665e+01
283  0.00540 -2.29572e+01 |284 -0.00008  3.44373e+00 |285 -0.00055 -2.56363e+01
286  0.00367 -6.02580e+01 |287 -0.00342 -2.15940e+01 |288 -0.00016  6.41170e+00
289 -0.00225  3.55911e+01 |290  0.00695  5.74441e+01 |291  0.00623  9.03630e+01
292 -0.00732  1.01564e+02 |293 -0.00064  9.06826e+01 |294  0.00289  1.00292e+02
295  0.00714  8.45499e+01 |296 -0.00932  8.76936e+01 |297 -0.00398  7.91328e+01
298 -0.00071  9.55150e+01 |299 -0.00153  7.77063e+01 |300  0.00637  7.38983e+01
301  0.00096  5.47635e+01 |302 -0.00597  7.36350e+01 |303  0.00247  6.12737e+01
304 -0.00208  1.04067e+02 |305  0.00466  1.18157e+02 |306 -0.00162  1.05846e+02
307  0.00058  8.70205e+01 |308 -0.00389  7.19225e+01 |309  0.00870  6.45564e+01
310 -0.00318  4.29780e+01 |311 -0.00461  5.67487e+01 |312  0.00673  5.78358e+01
313  0.00470  6.38748e+01 |314  0.00283  8.02414e+01 |315 -0.01014  6.78090e+01
316  0.00279  4.89465e+01 |317  0.00089  5.26111e+01 |318  0.00067  4.74273e+01
319 -0.00015  3.80099e+01 |320  0.00053  2.91505e+01 |321 -0.00447  3.21134e+01
322  0.01282  1.70874e+01 |323 -0.01875  4.39782e+00 |324  0.00063  1.55636e-01
324 variables; iteration 520; function evaluation 576; phase 5
Function value 3.1446279e+03; maximum gradient component mag 6.7373e+02
Var    Value     Gradient |Var    Value     Gradient |Var    Value     Gradient
  1 -0.03456  6.73729e+02 |  2  0.03248 -2.62840e+00 |  3 -2.13999  4.49717e-01
  4 -0.04709 -6.58079e+00 |  5 -1.93007 -9.36316e-01 |  6  0.04978 -9.82721e+00
  7 -2.04621 -1.74208e+00 |  8 -2.00647 -4.58266e+00 |  9  0.04873 -1.67214e+00
 10  0.01606 -1.40199e+01 | 11  1.78403  1.05174e+01 | 12 -0.14822 -1.60642e+01
 13 -0.02893 -8.81272e+00 | 14 -0.15590 -4.76844e+00 | 15 -0.17598 -8.29362e+00
 16  0.24340  1.35628e+01 | 17 -0.00948 -1.91947e+01 | 18 -0.10974 -9.07837e+00
 19 -0.04962 -4.49813e+00 | 20 -0.00860  3.66589e+00 | 21 -0.09540 -5.42802e+00
 22  0.03764  3.63453e+00 | 23 -0.13056 -9.61755e+00 | 24 -0.03571  1.35894e-01
 25  0.01311  1.01314e+01 | 26  0.01953 -9.24281e+00 | 27 -0.10832 -5.24041e+00
 28  0.01172  3.82183e+00 | 29  0.05006  2.13829e+01 | 30 -0.06442 -2.76104e+00
 31 -0.17215 -2.47359e+00 | 32  0.03803  1.90350e+01 | 33  0.05038  3.14383e+00
 34  0.06451  2.11541e+01 | 35  0.04480  1.30734e+01 | 36 -1.95074  3.50434e+00
 37 -0.01814 -9.26656e-02 | 38  0.06304  3.71379e+00 | 39 -1.93619  1.64164e-01
 40  0.21558  2.75682e+01 | 41  0.02387  3.53850e+00 | 42  0.08374 -1.50740e+00
 43 -0.06232  2.73223e-01 | 44  0.17915  1.86858e+01 | 45 -0.03652 -4.25371e+00
 46 -0.03235 -3.43764e+00 | 47 -0.01443 -2.71629e+00 | 48 -0.08824 -3.55648e+00
 49  0.11614  2.32193e+01 | 50  0.01183 -7.90120e+00 | 51  0.00143  1.24705e+01
 52  0.02052  2.15939e+01 | 53 -0.03352 -9.39618e-01 | 54  0.08519  5.80972e+00
 55  0.00712 -6.69065e-01 | 56 -0.04840  8.56313e+00 | 57 -0.05564  6.04837e-02
 58  0.08549  2.99528e+01 | 59 -0.03119  7.94972e+00 | 60  0.01764  9.00573e+00
 61  0.00747 -2.02626e+01 | 62  0.07311  3.29380e-01 | 63  0.10005  7.13226e+00
 64 -0.05683  7.70064e+00 | 65 -0.01173 -9.47886e+00 | 66  0.04075 -2.39347e+01
 67  0.01151  8.29789e+00 | 68 -0.04086 -8.19661e+00 | 69  0.03725 -1.60432e+01
 70  0.01418 -1.11415e+01 | 71  0.15519 -1.34931e+01 | 72 -0.06572 -1.44387e+01
 73 -0.02560 -3.03880e+00 | 74 -0.03438  4.53279e+00 | 75  0.02048 -9.74548e+00
 76 -0.10331 -1.17017e+00 | 77 -0.52193  1.86277e+00 | 78 -0.66206 -2.59798e+00
 79 -1.19508  4.41473e-01 | 80 -0.70497 -2.84936e+00 | 81 -0.75123  1.80348e+00
 82 -1.22933  1.49081e+00 | 83 -1.17867 -1.32904e+00 | 84 -1.15218 -3.52989e+00
 85 -1.17049  4.62342e+00 | 86 -0.74068 -7.63309e-01 | 87 -0.81768  1.50478e+00
 88 -1.18940 -1.48391e-01 | 89 -0.78969  1.06002e+00 | 90 -1.20157  7.72760e-02
 91 -0.80859 -1.83194e-01 | 92 -0.81055 -7.09556e-01 | 93 -0.78633 -3.58900e-01
 94 -1.20344 -2.16096e-01 | 95 -0.79034  1.01732e+00 | 96 -0.84569  1.53432e+00
 97 -0.84612 -2.77413e-02 | 98 -0.86565  1.64767e+00 | 99 -1.10242  2.23243e+00
100 -0.86121 -6.16585e-06 |101 -0.26755 -2.88419e+01 |102  0.38269 -1.06573e+01
103  0.33521 -1.26565e+02 |104  0.09023  5.99317e+01 |105 -0.16845 -1.42315e+00
106 -0.20634  1.04691e+01 |107 -0.17130  2.80508e+01 |108  0.00056 -9.38709e+01
109  0.16795 -7.71660e+01 |110 -0.02508 -1.42753e+01 |111  0.17252 -1.79832e+01
112 -0.05430  1.21915e+00 |113  0.65658  5.24607e-03 |114 -0.05148  1.29315e+01
115 -0.34305  1.79472e+01 |116 -0.20027  3.07504e+01 |117 -1.76062  1.80476e+00
118 -0.27088  1.73033e+00 |119  1.91828  1.03288e+00 |120 -0.16683  3.22926e+00
121  0.13798 -9.55542e+01 |122  0.01277 -1.03013e+02 |123  0.02947 -9.06822e+01
124 -0.00438 -8.99416e+01 |125  0.01376 -8.50689e+01 |126 -0.02594 -9.46121e+01
127  0.00322 -8.69580e+01 |128  0.01669 -8.30267e+01 |129  0.04419 -8.43846e+01
130  0.02426 -8.93741e+01 |131  0.00152 -9.50556e+01 |132 -0.00462 -9.65872e+01
133  0.18487 -9.38559e+01 |134  0.09583 -1.18029e+02 |135 -0.41143 -1.89628e+02
136  0.01029 -1.19731e+02 |137 -0.00183 -1.08955e+02 |138  0.01401 -1.06362e+02
139 -0.01357 -1.01742e+02 |140 -0.01562 -9.95284e+01 |141  0.00961 -9.03993e+01
142  0.01824 -7.65215e+01 |143 -0.01246 -7.32639e+01 |144 -0.04089 -6.97854e+01
145  1.94785 -6.63442e+01 |146 -1.98727 -5.96693e+01 |147  0.01411 -6.62382e+01
148  0.00288 -6.35192e+01 |149  0.00137 -6.58530e+01 |150 -0.00878 -6.53751e+01
151  0.00967 -6.74239e+01 |152  0.02225 -6.48639e+01 |153 -0.02161 -6.03724e+01
154 -0.02277 -6.24151e+01 |155  0.02090 -5.57583e+01 |156 -0.01041 -6.86166e+01
157 -0.00050 -6.74777e+01 |158 -0.01694 -6.19760e+01 |159 -0.01222 -6.53624e+01
160  0.02488 -5.08931e+01 |161 -0.00730 -4.30385e+01 |162  0.01686 -3.35080e+01
163 -0.00882 -2.94984e+01 |164 -0.01548 -2.14866e+01 |165  0.00770 -2.19581e+01
166  0.00412 -1.81167e+01 |167 -0.00248 -1.44577e+01 |168  0.01328 -1.49092e+01
169 -0.02729 -3.40581e+01 |170 -0.00112 -2.88098e+01 |171  0.02246 -3.90966e+01
172 -0.02915 -3.90351e+01 |173  0.00958 -4.04616e+01 |174  0.02353 -3.57186e+01
175  0.01656 -3.71959e+01 |176 -0.00441 -3.25799e+01 |177 -0.00388 -3.08294e+01
178 -0.01694 -2.93384e+01 |179  0.00102 -2.09475e+01 |180  0.00214 -8.12564e+00
181  0.00120 -1.01627e+01 |182 -0.00138 -5.25959e+00 |183  0.00241 -1.52166e+01
184 -0.00740 -9.49478e+00 |185 -0.00901 -6.58903e+00 |186  0.00017 -1.49721e+01
187 -0.01099 -4.11602e+00 |188 -0.00132 -3.26080e-01 |189 -0.01986 -5.87256e+01
190 -0.00330 -6.45319e+01 |191 -0.00853 -3.18292e+01 |192  0.00940 -2.51381e+01
193  0.00198 -4.03801e+01 |194 -0.00555 -2.94731e+01 |195 -0.00158 -3.48152e+01
196 -0.04190 -3.29851e+01 |197  0.01285 -1.05660e+01 |198  0.02307  3.33085e+00
199 -0.00042  5.21217e+00 |200 -0.00243  3.81244e+00 |201 -0.00149  3.51923e+01
202  0.00755  8.14704e+01 |203 -0.00810  7.04171e+01 |204  0.00280  5.46432e+01
205  0.00495  6.15973e+01 |206  0.00108  6.19697e+01 |207 -0.00781  6.27729e+01
208  0.01133  5.41498e+01 |209 -0.01246  6.61726e+01 |210  0.00537  1.10765e+02
211  0.00400  1.30774e+02 |212  0.02492  9.89841e+01 |213 -0.08629  1.10470e+02
214  0.05907  1.87773e+02 |215 -0.00685  1.31226e+02 |216  0.00283  1.56986e+02
217 -0.00011  1.57535e+02 |218  0.00865  1.05348e+02 |219 -0.00882  4.84384e+01
220 -0.00147  1.88792e+01 |221  0.01303  2.91796e+01 |222 -0.00475  1.28176e+01
223 -0.00354 -2.10217e+00 |224  0.00216 -7.01047e+00 |225  0.00060 -3.29555e+01
226  0.00065 -7.43603e+01 |227 -0.01710 -8.17041e+01 |228  0.00861 -6.03051e+01
229  0.00807 -5.94319e+01 |230 -0.00748 -6.12273e+01 |231  0.00752 -6.11078e+01
232 -0.00379 -7.88556e+01 |233 -0.00580 -8.67539e+01 |234  0.00648 -8.30608e+01
235 -0.00628 -7.99297e+01 |236  0.00471 -2.43697e+01 |237  0.00180 -2.57063e+01
238 -0.00449 -1.96253e+01 |239 -0.00747 -3.67710e+01 |240  0.01286 -1.75558e+01
241 -0.00837 -1.85253e+01 |242  0.00225 -5.75867e+01 |243  0.01178 -8.71059e+01
244  0.00571 -6.43177e+01 |245 -0.00900 -7.14093e+01 |246 -0.01427 -8.21931e+01
247  0.01104 -6.84250e+01 |248  0.00449 -5.16321e+01 |249 -0.00703 -5.26070e+01
250 -0.00150 -4.14554e+01 |251  0.00353 -3.87449e+01 |252 -0.00430 -2.11374e+01
253  0.00555  6.76183e+00 |254 -0.01930 -1.86756e+01 |255  0.00794 -2.23049e+00
256 -0.00071 -1.73989e-01 |257 -0.02822 -6.16338e+02 |258  0.00398 -6.28428e+02
259 -0.00374 -6.19626e+02 |260 -0.00204 -6.42839e+02 |261  0.00174 -6.54974e+02
262  0.00594 -4.29164e+02 |263  0.00094 -3.85135e+02 |264  0.04746 -4.61797e+02
265 -0.03891 -4.80129e+02 |266 -0.03327 -4.71736e+02 |267  0.01221 -3.83154e+02
268 -0.00980 -3.68562e+02 |269  0.00091 -3.19148e+02 |270 -0.00100 -2.97478e+02
271  0.00263 -3.06876e+02 |272 -0.00193 -3.17115e+02 |273  0.00005 -3.05857e+02
274  0.00130 -2.74670e+02 |275  0.00466 -2.18022e+02 |276 -0.00063 -1.97269e+02
277  0.00034 -1.78057e+02 |278 -0.00256 -1.93910e+02 |279  0.00134 -1.12227e+02
280  0.00681 -3.17563e+01 |281  0.04641 -2.06749e+01 |282 -0.05853 -3.51888e+01
283  0.00796 -3.70919e+01 |284 -0.00144 -3.99270e+01 |285 -0.00060 -3.54776e+01
286  0.00237 -5.99275e+01 |287 -0.00154 -2.35109e+01 |288  0.00037  4.51942e+00
289 -0.00319 -1.03594e+01 |290  0.00760 -1.56415e+01 |291  0.00652 -2.33144e+01
292 -0.00828 -3.81937e+01 |293 -0.00195 -5.36127e+01 |294  0.00414 -1.96970e+01
295  0.00691 -3.53070e+00 |296 -0.00901  2.39435e+01 |297 -0.00364  2.78495e+01
298 -0.00110  2.53264e+01 |299 -0.00122  2.77731e+01 |300  0.00545  1.70055e+01
301  0.00228  4.90840e+01 |302 -0.00647  4.58907e+01 |303  0.00548  4.74474e+01
304 -0.00482  2.04603e+00 |305  0.00422 -7.75942e+00 |306 -0.00143  5.03095e+00
307  0.00079  2.19968e+00 |308 -0.00411  5.55445e+00 |309  0.00706  4.80137e+00
310 -0.00111  1.87511e+01 |311 -0.00471 -6.37905e+00 |312  0.00648 -5.46748e+00
313  0.00493 -9.81510e+00 |314  0.00233 -2.51450e+01 |315 -0.01005 -1.12459e+01
316  0.00310  1.06045e+01 |317  0.00106 -1.74635e+00 |318 -0.00001 -2.10723e+01
319  0.00031 -1.10656e+01 |320  0.00042 -1.68810e+01 |321 -0.00442  1.46880e+01
322  0.01229 -1.37198e+01 |323 -0.01811  1.00956e+01 |324  0.00047  1.14801e-01
324 variables; iteration 540; function evaluation 596; phase 5
Function value 3.1284398e+03; maximum gradient component mag -8.5870e+02
Var    Value     Gradient |Var    Value     Gradient |Var    Value     Gradient
  1 -0.03405 -9.00177e+01 |  2  0.03196 -4.27070e+00 |  3 -2.13071  5.85760e+00
  4 -0.02344  2.12504e+00 |  5 -1.91607  3.51035e+00 |  6  0.05359 -5.72463e+00
  7 -2.04146  7.63076e+00 |  8 -2.00167  1.68037e+00 |  9  0.04324 -5.75525e+00
 10  0.01666 -6.21662e+00 | 11  1.78438  7.98604e+00 | 12 -0.12504 -1.76971e+00
 13 -0.02149  9.47204e+00 | 14 -0.16241  8.72217e-01 | 15 -0.16375  1.03761e+01
 16  0.23915 -2.50039e+01 | 17 -0.00141 -3.16627e+00 | 18 -0.10902 -1.84546e+00
 19 -0.04997 -2.72289e+00 | 20 -0.01437 -1.60591e+00 | 21 -0.09283 -3.68753e+00
 22  0.03341  1.92058e+00 | 23 -0.12019 -3.60909e+00 | 24 -0.03901  2.50134e+00
 25  0.01259  5.61231e+00 | 26  0.02191 -5.37646e+00 | 27 -0.10774  7.16808e+00
 28  0.01382 -2.69237e+00 | 29  0.04844  9.58225e+00 | 30 -0.06179  2.58528e+00
 31 -0.18382 -1.90151e+00 | 32  0.03712  8.62579e+00 | 33  0.04773 -1.24153e+01
 34  0.06382  6.39671e+00 | 35  0.04366  7.05710e-01 | 36 -1.95203 -4.47298e-01
 37 -0.01604  1.68475e+00 | 38  0.06008 -2.61815e+00 | 39 -1.93631 -2.70701e+00
 40  0.21458  7.79457e+00 | 41  0.02160 -1.58604e+00 | 42  0.08320 -1.81399e+00
 43 -0.06254 -6.12452e-01 | 44  0.17742 -2.37179e+01 | 45 -0.03584  6.41409e+00
 46 -0.03216  6.79482e+00 | 47 -0.01434  8.71605e+00 | 48 -0.08898  2.07074e+00
 49  0.11546  1.06696e+01 | 50  0.01113 -4.36993e+00 | 51  0.00031  2.29410e+00
 52  0.01967  1.02147e+01 | 53 -0.03423  5.23660e+00 | 54  0.08462  1.72833e+00
 55  0.00712  1.52754e+01 | 56 -0.04913  9.97075e+00 | 57 -0.05658 -2.68331e+00
 58  0.08460  1.55654e+01 | 59 -0.03226  4.61526e-01 | 60  0.01646  2.55848e+00
 61  0.00665 -1.60504e+01 | 62  0.07202 -1.01355e+01 | 63  0.09909 -6.67856e-01
 64 -0.05944 -7.40805e+00 | 65 -0.01222  1.15103e+00 | 66  0.04031  3.71405e-01
 67  0.01092  1.32032e+01 | 68 -0.04209 -6.03502e+00 | 69  0.03702 -6.27356e+00
 70  0.01416  9.63755e+00 | 71  0.15454 -7.59396e+00 | 72 -0.06573 -1.90136e-01
 73 -0.02725 -6.51035e+00 | 74 -0.03566  8.48069e+00 | 75  0.01961 -7.30538e+00
 76 -0.10500  1.52094e+00 | 77 -0.52511  3.15975e+00 | 78 -0.66171  7.72656e-02
 79 -1.19610 -3.66762e+00 | 80 -0.70239  2.79471e+00 | 81 -0.75022  3.08580e+00
 82 -1.22580  4.97755e+00 | 83 -1.17911 -3.81243e+00 | 84 -1.15183 -2.62415e+00
 85 -1.17479 -5.54459e+00 | 86 -0.74159 -4.19476e-01 | 87 -0.81506  6.91864e+00
 88 -1.18537  2.51166e+00 | 89 -0.79099  3.47135e-01 | 90 -1.19912  2.86358e+00
 91 -0.80771  1.26714e+00 | 92 -0.80864  2.24673e+00 | 93 -0.78414  2.28733e+00
 94 -1.20425 -1.13864e+00 | 95 -0.79165 -2.37758e+00 | 96 -0.84588 -1.45407e+00
 97 -0.84528  2.39952e+00 | 98 -0.86415  1.85235e+00 | 99 -1.10284  1.93950e-01
100 -0.79974 -4.19804e-06 |101  0.17737  1.36566e+01 |102  0.44467 -3.29816e+01
103  0.50989 -1.26960e+02 |104  0.08999  3.74997e+00 |105 -0.16831  1.36742e+00
106 -0.20574  1.67344e+01 |107 -0.17283  1.99416e+00 |108  0.00069  5.42093e+01
109  0.16808 -3.70756e+01 |110 -0.02557 -4.92082e+00 |111  0.17363  9.11063e+00
112 -0.04753  3.86192e+00 |113  0.57476  3.97079e-03 |114 -0.05128 -4.24923e+00
115 -0.34307 -3.15073e+01 |116 -0.20511 -2.12943e+01 |117 -1.76938  9.85967e-01
118 -0.27996 -3.51564e+00 |119  1.91119 -6.32618e+00 |120 -0.16988  1.28577e+00
121  0.05444  7.23313e+01 |122  0.02599  7.14223e+01 |123  0.02782  7.23747e+01
124  0.01406  6.96615e+01 |125  0.00277  6.68976e+01 |126 -0.00566  6.47636e+01
127  0.00370  6.70427e+01 |128 -0.05837  5.14846e+01 |129 -0.00563  5.25879e+01
130  0.04241  7.38590e+01 |131  0.03919  7.31806e+01 |132  0.07993  8.26584e+01
133  0.03070  7.08514e+01 |134  0.01730  6.75954e+01 |135 -0.22257  8.95821e+00
136 -0.00452  4.77177e+01 |137  0.00317  6.60525e+01 |138  0.02295  5.46132e+01
139 -0.02983  3.80403e+01 |140 -0.00962  5.77460e+01 |141  0.00670  5.32465e+01
142  0.02142  8.77787e+01 |143 -0.00525  9.08201e+01 |144 -0.03234  8.83784e+01
145  1.96897 -1.69656e+02 |146 -1.99050 -1.90405e+02 |147  0.01627  6.46009e+01
148 -0.00089  6.06483e+01 |149 -0.00095  6.09030e+01 |150 -0.00325  6.98377e+01
151  0.01202  6.37287e+01 |152  0.02359  6.38908e+01 |153 -0.02064  6.31055e+01
154 -0.02704  5.66772e+01 |155  0.01328  5.92844e+01 |156 -0.00297  5.21941e+01
157  0.00125  4.79335e+01 |158 -0.02200  4.94480e+01 |159 -0.00935  5.59145e+01
160  0.02595  4.99349e+01 |161 -0.00843  5.32597e+01 |162  0.02082  5.68339e+01
163 -0.01166  4.97349e+01 |164 -0.01661  5.47824e+01 |165  0.00840  4.40661e+01
166  0.00237  3.68898e+01 |167 -0.00541  4.26189e+01 |168  0.00451  6.59050e+01
169 -0.01399  7.66595e+01 |170 -0.00141  6.95979e+01 |171  0.01809  1.95769e+01
172 -0.02503  3.53497e+01 |173  0.00936  1.89492e+01 |174  0.02091  1.69167e+01
175  0.02022  2.88836e+01 |176 -0.00020  3.21317e+01 |177 -0.00759  3.13056e+01
178 -0.01769  3.31174e+01 |179  0.00260  3.46608e+01 |180  0.00391  3.89161e+01
181  0.00091  3.20785e+01 |182 -0.00462  2.21164e+01 |183  0.00167  7.48056e+00
184 -0.00776  8.39471e+00 |185 -0.00973  1.07794e+01 |186  0.00246  8.59861e+00
187 -0.01210  7.32888e+00 |188 -0.00031 -7.65107e-02 |189 -0.03511 -1.87836e+02
190  0.00070 -1.62674e+02 |191 -0.00688 -1.52386e+02 |192  0.00717 -1.73848e+02
193  0.00935 -1.68466e+02 |194 -0.02949 -1.72899e+02 |195  0.01272 -1.66417e+02
196 -0.04487 -1.83091e+02 |197  0.03131 -1.99091e+02 |198  0.01060 -2.34077e+02
199 -0.00110 -2.32629e+02 |200 -0.00361 -2.33053e+02 |201 -0.00069 -1.87818e+02
202  0.00865 -1.60340e+02 |203 -0.01084 -1.60761e+02 |204  0.00664 -1.49552e+02
205  0.00043 -1.55882e+02 |206  0.00389 -1.36301e+02 |207 -0.00769 -1.56579e+02
208  0.01049 -1.76992e+02 |209 -0.01096 -1.75192e+02 |210  0.00345 -1.27293e+02
211  0.00456 -9.57129e+01 |212  0.01032 -1.04810e+02 |213 -0.08059 -1.02128e+02
214  0.06917 -3.51570e+01 |215 -0.00700 -1.79862e+02 |216  0.00219 -2.04729e+02
217  0.00042 -2.02953e+02 |218  0.00794 -2.78755e+02 |219 -0.00962 -2.89595e+02
220  0.00007 -2.76623e+02 |221  0.01235 -2.68181e+02 |222 -0.00516 -2.63630e+02
223 -0.00329 -2.65698e+02 |224  0.00180 -2.50678e+02 |225 -0.00267 -2.57119e+02
226  0.00395 -2.12561e+02 |227 -0.01596 -1.97959e+02 |228  0.00788 -1.93824e+02
229  0.00787 -1.67301e+02 |230 -0.00681 -1.55486e+02 |231  0.00672 -1.67898e+02
232 -0.00345 -1.50345e+02 |233 -0.00527 -1.65260e+02 |234  0.00618 -1.88680e+02
235 -0.00539 -1.83715e+02 |236  0.00382 -1.13447e+02 |237  0.00118 -9.50728e+01
238 -0.00404 -6.94772e+01 |239 -0.00728 -8.31631e+01 |240  0.01262 -4.35638e+01
241 -0.00916 -4.10092e+01 |242  0.00295 -5.53295e+01 |243  0.01266 -3.94089e+01
244  0.00551 -4.80163e+01 |245 -0.01035 -6.47881e+01 |246 -0.01199 -5.66943e+01
247  0.00958 -4.77103e+01 |248  0.00487 -2.14441e+01 |249 -0.00662 -2.05294e+01
250 -0.00151 -2.87673e+01 |251  0.00322 -6.75547e+01 |252 -0.00461 -6.26349e+01
253  0.00488 -5.78623e+01 |254 -0.02006 -5.99858e+01 |255  0.00916 -3.55698e+01
256  0.00232  5.71676e-01 |257 -0.06173 -7.71602e+02 |258  0.00426 -7.43687e+02
259 -0.00516 -7.62598e+02 |260 -0.00041 -7.02612e+02 |261  0.00318 -6.81175e+02
262  0.02125 -6.16506e+02 |263 -0.01077 -6.13801e+02 |264  0.07385 -7.87007e+02
265 -0.08438 -8.58700e+02 |266 -0.01762 -7.94127e+02 |267  0.01066 -8.05915e+02
268 -0.00887 -7.71442e+02 |269 -0.00012 -7.40068e+02 |270 -0.00175 -7.28290e+02
271  0.00510 -7.02833e+02 |272 -0.00405 -7.55579e+02 |273  0.00298 -7.38243e+02
274 -0.00119 -7.46484e+02 |275  0.00503 -7.21638e+02 |276 -0.00037 -7.33446e+02
277 -0.00128 -7.48768e+02 |278 -0.00037 -7.23153e+02 |279 -0.00020 -7.19298e+02
280  0.00759 -6.23811e+02 |281  0.05513 -6.12107e+02 |282 -0.06808 -6.24301e+02
283  0.00809 -6.29327e+02 |284 -0.00113 -6.39933e+02 |285 -0.00070 -6.30346e+02
286  0.00197 -6.66207e+02 |287 -0.00061 -5.52129e+02 |288 -0.00114 -5.24583e+02
289 -0.00210 -4.91263e+02 |290  0.00738 -4.80969e+02 |291  0.00662 -4.70361e+02
292 -0.00825 -4.70623e+02 |293  0.00187 -4.72437e+02 |294  0.00011 -4.90139e+02
295  0.00657 -4.51328e+02 |296 -0.00848 -4.29677e+02 |297 -0.00362 -4.03571e+02
298 -0.00134 -3.93078e+02 |299 -0.00109 -3.91462e+02 |300  0.00585 -3.86579e+02
301  0.00183 -3.85115e+02 |302 -0.00637 -3.96451e+02 |303  0.00428 -3.87848e+02
304 -0.00361 -3.62796e+02 |305  0.00431 -3.63652e+02 |306 -0.00177 -3.45663e+02
307  0.00092 -3.32358e+02 |308 -0.00425 -3.07620e+02 |309  0.00815 -2.78051e+02
310 -0.00202 -2.87441e+02 |311 -0.00499 -2.77266e+02 |312  0.00654 -2.61339e+02
313  0.00503 -2.33408e+02 |314  0.00116 -2.09224e+02 |315 -0.00869 -1.71649e+02
316  0.00258 -1.36726e+02 |317  0.00089 -9.07813e+01 |318  0.00047 -6.42809e+01
319  0.00037 -7.90390e+01 |320  0.00080 -6.78149e+01 |321 -0.00495 -6.14390e+01
322  0.01374 -4.84200e+01 |323 -0.01954 -2.75623e+01 |324 -0.00028 -6.83729e-02
324 variables; iteration 560; function evaluation 616; phase 5
Function value 3.1117570e+03; maximum gradient component mag -9.6518e+02
Var    Value     Gradient |Var    Value     Gradient |Var    Value     Gradient
  1 -0.03442 -9.65184e+02 |  2  0.04372 -1.49217e+00 |  3 -2.13448  4.64765e+00
  4 -0.03130 -1.83541e+00 |  5 -1.92467  7.32723e-01 |  6  0.05505 -5.75777e+00
  7 -2.04196  9.76261e+00 |  8 -1.99939  1.05389e+01 |  9  0.04534 -6.05776e+00
 10  0.02155  2.32614e+00 | 11  1.78526  1.14074e+01 | 12 -0.11605  1.12713e+01
 13 -0.03431 -1.08346e+00 | 14 -0.16139  6.51891e+00 | 15 -0.16761  8.18480e+00
 16  0.23880 -3.47345e+01 | 17  0.01014  8.13039e+00 | 18 -0.10949  2.60545e+00
 19 -0.04812 -4.06683e+00 | 20 -0.01078 -9.82920e-02 | 21 -0.10930  2.84349e+00
 22  0.03941 -4.72425e+00 | 23 -0.13354 -6.65765e-01 | 24 -0.03402  1.93102e+00
 25  0.00780 -8.58556e+00 | 26  0.02783  2.15126e+00 | 27 -0.12164  1.68426e-01
 28  0.01551 -6.62837e+00 | 29  0.04804 -7.87135e+00 | 30 -0.07514  6.21474e-01
 31 -0.18687  6.71875e+00 | 32  0.04608 -1.72361e+01 | 33  0.05046 -5.35248e+00
 34  0.06104 -7.65355e+00 | 35  0.04591 -3.32848e+00 | 36 -1.95621  3.88145e+00
 37 -0.02251 -3.38218e+00 | 38  0.06349 -4.93496e+00 | 39 -1.93698 -4.01781e+00
 40  0.21539 -1.85749e+01 | 41  0.02257  4.08042e+00 | 42  0.08367 -1.07928e+01
 43 -0.06264 -1.52641e+00 | 44  0.17948 -7.01281e+00 | 45 -0.04011 -2.57502e+01
 46 -0.03178  1.70551e+00 | 47 -0.01453 -4.09083e+00 | 48 -0.08828  3.55102e+00
 49  0.11565 -1.43729e+01 | 50  0.01286  3.64472e-01 | 51 -0.00023 -1.07754e+01
 52  0.01911 -1.97791e+01 | 53 -0.03369  7.34799e+00 | 54  0.08523 -1.04341e+01
 55  0.00732  2.23853e+00 | 56 -0.04960 -3.61609e+00 | 57 -0.05585  2.27837e+00
 58  0.08425 -2.36077e+01 | 59 -0.03103  1.38723e+01 | 60  0.01689  7.74302e-01
 61  0.00817  9.73833e+00 | 62  0.07226 -1.40105e+01 | 63  0.09940 -2.31211e+00
 64 -0.05861  4.19265e+00 | 65 -0.01210  6.37558e+00 | 66  0.04116  8.43851e+00
 67  0.01096  1.42198e+01 | 68 -0.04049  1.46162e+01 | 69  0.03766  2.00253e+01
 70  0.01422  9.40412e+00 | 71  0.15487  1.75934e+00 | 72 -0.06420  2.24530e+01
 73 -0.02698  1.20259e+00 | 74 -0.03487  2.28700e+01 | 75  0.02027  9.84854e+00
 76 -0.10331  1.49393e+01 | 77 -0.52326  3.72241e+00 | 78 -0.66256  2.30264e+00
 79 -1.19477 -2.17362e+00 | 80 -0.70346  5.14978e+00 | 81 -0.75264  1.68386e+00
 82 -1.22774  7.07782e-01 | 83 -1.17757 -1.61500e+00 | 84 -1.15065  1.01788e-01
 85 -1.17333 -2.34201e+00 | 86 -0.74133  3.40421e-01 | 87 -0.81802  1.61208e+00
 88 -1.18676  9.79562e-01 | 89 -0.79318 -1.35170e+00 | 90 -1.20032  2.18753e+00
 91 -0.80942 -1.13291e+00 | 92 -0.81020 -2.16443e-01 | 93 -0.78478  1.81980e+00
 94 -1.20285  1.96123e+00 | 95 -0.79161 -1.35470e+00 | 96 -0.84539  1.51091e+00
 97 -0.84567  2.70214e+00 | 98 -0.86402  4.33955e+00 | 99 -1.10134  1.09767e+01
100 -0.73533 -3.09394e-06 |101  0.62954  2.52588e+01 |102  0.52834 -2.38756e+01
103  0.59084 -7.04602e+01 |104  0.09007  1.69456e+01 |105 -0.16813 -7.75614e+00
106 -0.20654 -3.44357e+01 |107 -0.17184 -1.67141e+01 |108  0.00068  7.46245e+01
109  0.16859 -9.99306e+00 |110 -0.02665 -7.10243e+01 |111  0.17499  2.76522e+00
112 -0.06246  2.12485e-01 |113  0.51918  3.28029e-03 |114 -0.05163 -8.48404e+00
115 -0.34267 -1.30963e+01 |116 -0.20556 -1.49609e+01 |117 -1.77041 -9.18210e+00
118 -0.27721  3.09229e+00 |119  1.92199  4.46794e+00 |120 -0.17052 -1.16033e+00
121 -0.01742  1.87080e+02 |122  0.01989  1.97928e+02 |123 -0.00340  1.92555e+02
124  0.01871  2.01859e+02 |125  0.01682  2.01444e+02 |126 -0.06119  1.81379e+02
127  0.00961  2.00183e+02 |128  0.00706  1.99981e+02 |129  0.02746  1.96154e+02
130  0.05733  2.03191e+02 |131  0.06222  2.04235e+02 |132  0.03488  1.98191e+02
133 -0.12497  1.56177e+02 |134 -0.08759  1.32000e+02 |135 -0.01155  9.26767e+01
136  0.01138  1.33462e+02 |137  0.00093  1.55149e+02 |138  0.01758  1.50299e+02
139 -0.02171  1.46897e+02 |140 -0.00977  1.58073e+02 |141  0.00833  1.58073e+02
142  0.02139  1.55073e+02 |143 -0.00486  1.55231e+02 |144 -0.01980  1.56822e+02
145  1.98127 -1.66874e+02 |146 -1.97818 -1.61074e+02 |147  0.02491  1.56272e+02
148  0.01139  1.58386e+02 |149 -0.00702  1.45595e+02 |150 -0.00656  1.46855e+02
151  0.00671  1.40424e+02 |152  0.01589  1.42176e+02 |153 -0.01498  1.59482e+02
154 -0.02306  1.55447e+02 |155  0.00026  1.63256e+02 |156  0.00951  1.71207e+02
157  0.00268  1.71029e+02 |158 -0.02018  1.72815e+02 |159 -0.01055  1.74752e+02
160  0.02710  1.57181e+02 |161 -0.00915  1.57404e+02 |162  0.01986  1.54402e+02
163 -0.01176  1.48673e+02 |164 -0.01639  1.54477e+02 |165  0.00990  1.48515e+02
166  0.00363  1.35301e+02 |167 -0.00068  1.20080e+02 |168 -0.00306  8.85669e+01
169 -0.01318  1.01927e+02 |170 -0.00186  9.08119e+01 |171  0.01997  3.97654e+01
172 -0.02696  4.68593e+01 |173  0.01070  3.20895e+01 |174  0.02303  1.82865e+01
175  0.02914  1.55550e+01 |176 -0.00414  1.00614e+01 |177 -0.00792  9.66400e+00
178 -0.02428  7.83934e+00 |179  0.00283  5.26726e+00 |180 -0.00023  3.75285e+00
181  0.00090 -4.18754e-02 |182 -0.00474 -2.63331e+00 |183  0.00404 -5.24527e+00
184 -0.00758 -1.63408e+00 |185 -0.00860  1.26193e+00 |186  0.00124 -4.95005e+00
187 -0.01233 -6.63132e+00 |188 -0.00102 -2.50539e-01 |189 -0.04691 -1.58548e+02
190 -0.00076 -1.71576e+02 |191 -0.00807 -1.66258e+02 |192  0.00551 -1.69570e+02
193  0.01913 -1.07226e+02 |194 -0.03199 -1.18453e+02 |195  0.00862 -1.08175e+02
196 -0.08364 -1.09943e+02 |197  0.05522 -7.56193e+01 |198  0.02560 -9.72730e+01
199 -0.00461 -1.16557e+02 |200 -0.00134 -1.17255e+02 |201 -0.00108 -1.81105e+02
202  0.00548 -1.54422e+02 |203 -0.00269 -1.18299e+02 |204 -0.00038 -1.65533e+02
205  0.00521 -1.73847e+02 |206 -0.00036 -1.67537e+02 |207 -0.00604 -1.74410e+02
208  0.00868 -1.56716e+02 |209 -0.00749 -1.68493e+02 |210  0.00147 -1.48821e+02
211 -0.00072 -1.40453e+02 |212  0.00869  7.52375e+01 |213 -0.07582  9.34433e+01
214  0.06872 -1.18757e+02 |215 -0.00517 -4.22228e+01 |216  0.00402 -1.21880e+01
217 -0.00111 -6.34988e+01 |218  0.00475 -7.30382e+01 |219 -0.00470 -4.98547e+00
220 -0.00130 -1.30708e+01 |221  0.01211 -7.37237e+00 |222 -0.00604  1.94300e-02
223 -0.00080  4.92399e+01 |224  0.00115  2.70337e+01 |225 -0.00320  2.85977e+00
226  0.00369  4.70127e+01 |227 -0.01628  5.42612e+01 |228  0.00849  2.23138e+01
229  0.00778  1.74885e+01 |230 -0.00694  2.70616e+01 |231  0.00705  2.85427e+01
232 -0.00424  3.95943e+01 |233 -0.00460  2.42404e+01 |234  0.00607 -8.27835e+00
235 -0.00365 -1.84021e+01 |236  0.00247 -7.34048e+01 |237  0.00086 -8.00584e+01
238 -0.00396 -6.17200e+01 |239 -0.00750 -8.65093e+01 |240  0.01278 -6.31971e+01
241 -0.01014 -6.78797e+01 |242  0.00367 -4.92756e+01 |243  0.01220 -3.16159e+01
244  0.00562 -1.77477e+00 |245 -0.00939 -4.34270e+00 |246 -0.01369 -8.38108e+00
247  0.01121 -1.27957e+01 |248  0.00450 -2.40992e+01 |249 -0.00667 -3.45632e+01
250 -0.00229 -3.29136e+01 |251  0.00400 -1.55376e+01 |252 -0.00419 -1.05532e+00
253  0.00434 -1.99467e+01 |254 -0.02000 -1.84781e+01 |255  0.00965 -2.34712e+01
256 -0.00067 -1.64708e-01 |257 -0.07489 -5.04777e+02 |258  0.00376 -4.84065e+02
259 -0.00427 -4.81233e+02 |260  0.00050 -3.90711e+02 |261  0.00178 -3.46921e+02
262  0.01463 -2.45398e+02 |263 -0.01048 -2.22640e+02 |264  0.09492 -2.13055e+02
265 -0.08464 -2.56692e+02 |266 -0.03261 -2.61725e+02 |267  0.01379 -2.05668e+02
268 -0.00969 -1.98766e+02 |269 -0.00105 -3.02333e+02 |270 -0.00112 -2.81271e+02
271 -0.00067 -2.70327e+02 |272  0.00189 -2.05962e+02 |273 -0.00061 -2.11316e+02
274  0.00279 -1.71339e+02 |275  0.00366 -1.98286e+02 |276  0.00097 -2.18910e+02
277 -0.00477 -2.94636e+02 |278  0.00221 -2.52433e+02 |279 -0.00113 -2.65184e+02
280  0.00715 -3.94238e+00 |281  0.06206 -2.87752e+00 |282 -0.07147 -2.93592e+02
283  0.00455 -2.86275e+02 |284 -0.00070 -2.32040e+02 |285  0.00003 -2.60728e+02
286  0.00424 -2.39685e+02 |287 -0.00416 -1.98887e+02 |288  0.00089 -1.68471e+02
289 -0.00273 -1.70346e+02 |290  0.00698 -1.65253e+02 |291  0.00628 -1.45398e+02
292 -0.00744 -1.64777e+02 |293  0.00145 -2.13577e+02 |294  0.00048 -2.30419e+02
295  0.00730 -2.22921e+02 |296 -0.00939 -2.52359e+02 |297 -0.00396 -2.54912e+02
298 -0.00124 -2.27900e+02 |299 -0.00105 -2.10812e+02 |300  0.00664 -2.07488e+02
301  0.00085 -2.49653e+02 |302 -0.00626 -2.52843e+02 |303  0.00284 -2.43104e+02
304 -0.00236 -2.15406e+02 |305  0.00463 -1.94028e+02 |306 -0.00181 -1.74487e+02
307  0.00112 -1.63449e+02 |308 -0.00424 -1.55059e+02 |309  0.00849 -1.46313e+02
310 -0.00247 -1.52706e+02 |311 -0.00481 -1.47015e+02 |312  0.00667 -1.26424e+02
313  0.00480 -1.34452e+02 |314  0.00244 -1.35917e+02 |315 -0.01007 -1.40241e+02
316  0.00287 -1.39488e+02 |317  0.00058 -1.31170e+02 |318  0.00084 -1.02756e+02
319 -0.00023 -8.93844e+01 |320  0.00071 -5.70598e+01 |321 -0.00477 -5.39552e+01
322  0.01442 -2.33470e+01 |323 -0.02030 -3.42136e+01 |324  0.00085  2.09190e-01
324 variables; iteration 580; function evaluation 636; phase 5
Function value 3.1029048e+03; maximum gradient component mag -6.6299e+02
Var    Value     Gradient |Var    Value     Gradient |Var    Value     Gradient
  1 -0.03458 -6.62992e+02 |  2  0.04774  9.68851e-01 |  3 -2.13359 -1.90356e-02
  4 -0.02814  1.04580e+00 |  5 -1.92121  8.21950e-01 |  6  0.05366 -3.74597e-01
  7 -2.04643 -2.18948e+00 |  8 -1.99709 -1.42373e+00 |  9  0.04924 -3.14948e+00
 10  0.01727  6.37328e+00 | 11  1.78287  1.21790e+01 | 12 -0.12674  6.97388e+00
 13 -0.03315  4.19848e+00 | 14 -0.16504  4.01914e+00 | 15 -0.16649  5.38473e+00
 16  0.24154 -8.54859e+00 | 17 -0.00059  7.61009e-01 | 18 -0.11867  4.75050e+00
 19 -0.04712  3.99244e+00 | 20 -0.01371  1.93297e+00 | 21 -0.09168  2.61179e+00
 22  0.03462 -5.06119e+00 | 23 -0.12235  2.22406e+00 | 24 -0.03702  1.33101e+00
 25  0.01017 -2.72609e+00 | 26  0.02450  3.20042e+00 | 27 -0.11484  2.90279e+00
 28  0.01589  7.29635e-01 | 29  0.04850 -6.11226e+00 | 30 -0.05713  6.94539e+00
 31 -0.19581  1.48171e+00 | 32  0.04001 -4.35690e+00 | 33  0.05599 -3.59069e-01
 34  0.05567 -1.03105e+01 | 35  0.04569 -6.51778e+00 | 36 -1.95261  4.00728e+00
 37 -0.01698  2.09001e+00 | 38  0.06305 -5.18969e-01 | 39 -1.93483 -1.73027e+00
 40  0.21474 -1.58311e+01 | 41  0.02341  3.60379e+00 | 42  0.08365 -8.54691e+00
 43 -0.06157  8.46073e+00 | 44  0.17879 -2.87606e+01 | 45 -0.03618 -4.06344e-01
 46 -0.03172  5.73185e+00 | 47 -0.01455 -7.22508e+00 | 48 -0.08817  1.55953e+00
 49  0.11602 -1.81436e+00 | 50  0.01278 -1.11328e-01 | 51  0.00061 -1.72537e+00
 52  0.01981 -5.15059e+00 | 53 -0.03377  2.07036e+00 | 54  0.08547 -2.65281e+00
 55  0.00694 -9.56500e+00 | 56 -0.04850  1.02076e+01 | 57 -0.05604 -1.55929e+00
 58  0.08483 -8.05766e+00 | 59 -0.03181 -2.70425e-01 | 60  0.01697 -1.03314e+00
 61  0.00800  1.10041e+00 | 62  0.07298  7.76665e-01 | 63  0.09973 -5.10331e+00
 64 -0.05910 -8.34369e+00 | 65 -0.01188  1.95978e+00 | 66  0.04081 -6.04266e+00
 67  0.01135  1.47913e+01 | 68 -0.04133 -1.00327e+00 | 69  0.03759  3.61926e+00
 70  0.01414 -1.02309e+00 | 71  0.15546  1.08028e+01 | 72 -0.06627 -3.57649e+00
 73 -0.02644  6.70917e+00 | 74 -0.03518  1.28955e+01 | 75  0.01975 -4.29681e+00
 76 -0.10445  7.52812e+00 | 77 -0.52004  9.07816e-01 | 78 -0.66238  1.50381e+00
 79 -1.19446 -7.78335e-01 | 80 -0.70551  2.14192e+00 | 81 -0.75187  2.62806e+00
 82 -1.22803  9.41428e-01 | 83 -1.17801 -2.33504e+00 | 84 -1.15037  1.45315e+00
 85 -1.17335 -2.65801e+00 | 86 -0.74220 -4.33099e-01 | 87 -0.81887  1.48776e-01
 88 -1.18827 -9.69603e-01 | 89 -0.79257 -1.02453e-01 | 90 -1.19998  1.43117e+00
 91 -0.80945 -9.75788e-01 | 92 -0.80983  6.45187e-01 | 93 -0.78607 -9.11958e-01
 94 -1.20374 -3.02569e-01 | 95 -0.79109 -5.48389e-01 | 96 -0.84556  5.67087e-01
 97 -0.84620 -1.32776e+00 | 98 -0.86438  1.52492e+00 | 99 -1.10295  1.09025e-01
100 -0.73119 -3.04031e-06 |101  0.72947 -6.45623e+00 |102  0.47157 -4.43263e+01
103  0.61513 -1.76864e-01 |104  0.09004  1.07997e+01 |105 -0.16834 -8.27939e+00
106 -0.20605 -5.62365e+00 |107 -0.17210 -7.80827e+00 |108  0.00049 -7.04415e+01
109  0.16851  1.27771e+00 |110 -0.02517  9.68161e+00 |111  0.17255 -1.47071e+01
112 -0.05837  3.66383e-01 |113  0.49039  2.91741e-03 |114 -0.05153 -4.11066e+00
115 -0.34276 -1.80813e+01 |116 -0.20474 -1.78265e+01 |117 -1.76688  3.41272e-01
118 -0.27410  1.73126e+00 |119  1.91728  2.40057e-01 |120 -0.16819  2.89371e-02
121 -0.00230 -6.58884e+01 |122  0.02114 -5.98077e+01 |123 -0.00533 -6.63465e+01
124 -0.00755 -6.63482e+01 |125 -0.01257 -6.75499e+01 |126 -0.03327 -7.24132e+01
127 -0.00846 -6.59405e+01 |128  0.02152 -5.59717e+01 |129  0.06097 -5.70862e+01
130  0.02411 -6.63421e+01 |131  0.02313 -6.65921e+01 |132  0.01280 -6.91800e+01
133 -0.11301 -1.01117e+02 |134 -0.04086 -1.15545e+02 |135  0.00258 -1.26366e+02
136  0.00528 -1.12718e+02 |137  0.00247 -9.49245e+01 |138  0.01992 -1.06889e+02
139 -0.02247 -1.17041e+02 |140 -0.01359 -1.12734e+02 |141  0.00936 -1.07833e+02
142  0.02227 -1.17512e+02 |143 -0.00245 -1.16741e+02 |144 -0.01696 -1.18756e+02
145  1.98692  1.49995e+02 |146 -1.97271  1.47671e+02 |147  0.02908 -1.00014e+02
148  0.00481 -9.92066e+01 |149  0.00626 -1.02667e+02 |150 -0.01475 -1.11609e+02
151  0.01264 -1.10636e+02 |152  0.01516 -1.13230e+02 |153 -0.01925 -1.02001e+02
154 -0.02132 -1.03764e+02 |155  0.01234 -1.01253e+02 |156 -0.00162 -1.07444e+02
157  0.00116 -1.04991e+02 |158 -0.02148 -1.03081e+02 |159 -0.00980 -1.00178e+02
160  0.02746 -9.34673e+01 |161 -0.00978 -9.35709e+01 |162  0.01623 -8.69985e+01
163 -0.00437 -8.15225e+01 |164 -0.02018 -8.45288e+01 |165  0.00764 -7.76793e+01
166  0.00433 -7.26523e+01 |167 -0.00280 -6.89065e+01 |168  0.01070 -6.97105e+01
169 -0.02501 -8.38194e+01 |170 -0.00069 -7.50458e+01 |171  0.02110 -6.85449e+01
172 -0.02809 -6.19427e+01 |173  0.01021 -5.19958e+01 |174  0.02348 -4.39156e+01
175  0.02316 -4.35146e+01 |176 -0.00343 -4.48411e+01 |177 -0.00632 -4.46804e+01
178 -0.02040 -4.48686e+01 |179  0.00230 -4.36936e+01 |180 -0.00252 -4.11450e+01
181  0.00465 -3.93040e+01 |182 -0.00452 -4.23389e+01 |183  0.00340 -4.63671e+01
184 -0.00704 -4.00533e+01 |185 -0.01108 -3.79721e+01 |186  0.00281 -2.96949e+01
187 -0.01187 -2.26727e+01 |188  0.00016  4.06574e-02 |189 -0.04121 -2.59902e+02
190  0.00267 -2.42199e+02 |191 -0.01005 -2.11784e+02 |192  0.00971 -2.15389e+02
193 -0.00375 -2.36976e+02 |194 -0.01326 -2.12626e+02 |195  0.01076 -2.33277e+02
196 -0.04953 -2.09877e+02 |197  0.01825 -2.21652e+02 |198  0.02642 -2.10318e+02
199 -0.00086 -2.00394e+02 |200  0.00072 -2.14158e+02 |201 -0.00438 -1.44999e+02
202  0.00918 -1.43589e+02 |203 -0.01130 -1.50362e+02 |204  0.00572 -1.65514e+02
205  0.00185 -1.66163e+02 |206  0.00247 -1.63115e+02 |207 -0.00691 -1.86868e+02
208  0.00984 -1.90455e+02 |209 -0.00974 -1.88592e+02 |210  0.00246 -1.80754e+02
211  0.00653 -1.65625e+02 |212 -0.00155 -2.63144e+02 |213 -0.05706 -2.64472e+02
214  0.05593 -1.75462e+02 |215 -0.00882 -1.98668e+02 |216  0.00491 -1.97213e+02
217 -0.00187 -2.00848e+02 |218  0.00659 -1.75393e+02 |219 -0.00666 -1.08425e+02
220 -0.00070 -9.30960e+01 |221  0.01284 -7.84487e+01 |222 -0.00487 -7.07954e+01
223 -0.00187 -7.86201e+01 |224 -0.00096 -1.03672e+02 |225 -0.00031 -7.45176e+01
226  0.00346 -6.44463e+01 |227 -0.01885 -7.40941e+01 |228  0.01019 -4.64326e+01
229  0.00756 -4.74666e+01 |230 -0.00720 -2.82896e+01 |231  0.00749 -1.08577e+01
232 -0.00432 -1.16475e+01 |233 -0.00484  5.32356e+00 |234  0.00645 -1.38144e+00
235 -0.00465 -7.43938e+00 |236  0.00324 -2.79605e+01 |237  0.00167 -4.65907e+01
238 -0.00488 -5.17446e+01 |239 -0.00701 -3.92994e+01 |240  0.01261 -4.10419e+01
241 -0.00943 -3.01979e+01 |242  0.00313 -3.58667e+01 |243  0.01257 -5.29213e+01
244  0.00522 -7.75286e+01 |245 -0.00967 -9.38150e+01 |246 -0.01373 -9.79179e+01
247  0.01094 -8.86778e+01 |248  0.00471 -7.48086e+01 |249 -0.00684 -7.40196e+01
250 -0.00149 -7.58276e+01 |251  0.00358 -8.14830e+01 |252 -0.00467 -8.51447e+01
253  0.00431 -7.16680e+01 |254 -0.01826 -5.34281e+01 |255  0.00826 -2.78871e+01
256 -0.00046 -1.12960e-01 |257 -0.07713 -2.01648e+01 |258  0.00199 -2.57896e+01
259 -0.00128  1.72837e+01 |260 -0.00252 -5.89928e+01 |261  0.00443 -7.06766e+01
262  0.01874 -1.69247e+02 |263 -0.01962 -1.90215e+02 |264  0.07800 -6.14460e+01
265 -0.06131 -1.24449e+02 |266 -0.03389 -1.19008e+02 |267  0.00980 -1.60425e+02
268 -0.01335 -1.38633e+02 |269  0.00476  4.43154e+01 |270 -0.00157  1.61376e+01
271  0.00451 -1.41777e+01 |272 -0.00373 -8.25955e+01 |273  0.00207 -9.25108e+01
274 -0.00003 -1.03889e+02 |275  0.00414 -1.12412e+02 |276  0.00010 -1.12942e+02
277 -0.00192 -1.15385e+02 |278  0.00099 -1.28636e+02 |279  0.00004 -1.81681e+02
280  0.00707 -2.26654e+02 |281  0.04103 -2.22397e+02 |282 -0.05306 -2.13464e+02
283  0.00711 -2.63906e+02 |284 -0.00287 -2.53498e+02 |285  0.00078 -2.51113e+02
286  0.00371 -2.27585e+02 |287 -0.00272 -1.87966e+02 |288 -0.00052 -1.69783e+02
289 -0.00281 -1.55697e+02 |290  0.00756 -1.47131e+02 |291  0.00555 -1.45766e+02
292 -0.00721 -1.44393e+02 |293  0.00067 -1.17695e+02 |294  0.00161 -1.29565e+02
295  0.00824 -1.30120e+02 |296 -0.01047 -1.21749e+02 |297 -0.00357 -1.13858e+02
298 -0.00100 -1.02963e+02 |299 -0.00162 -9.21963e+01 |300  0.00639 -7.89384e+01
301  0.00146 -7.39360e+01 |302 -0.00642 -7.39590e+01 |303  0.00382 -6.73134e+01
304 -0.00336 -7.61681e+01 |305  0.00461 -6.36414e+01 |306 -0.00150 -6.98044e+01
307  0.00063 -5.41417e+01 |308 -0.00414 -5.91794e+01 |309  0.00804 -4.13246e+01
310 -0.00185 -4.56328e+01 |311 -0.00501 -7.49103e+01 |312  0.00678 -8.08292e+01
313  0.00483 -9.77318e+01 |314  0.00232 -1.06527e+02 |315 -0.00993 -9.84419e+01
316  0.00279 -8.71467e+01 |317  0.00103 -7.79301e+01 |318  0.00005 -8.87679e+01
319  0.00047 -7.92374e+01 |320  0.00060 -9.07889e+01 |321 -0.00487 -7.79614e+01
322  0.01249 -5.68375e+01 |323 -0.01838 -2.45343e+01 |324 -0.00030 -7.39911e-02
324 variables; iteration 600; function evaluation 657; phase 5
Function value 3.0865461e+03; maximum gradient component mag -3.4237e+02
Var    Value     Gradient |Var    Value     Gradient |Var    Value     Gradient
  1 -0.03430 -3.42372e+02 |  2  0.04579  4.25632e-01 |  3 -2.13123  2.29017e+00
  4 -0.02982 -2.26419e-01 |  5 -1.91925  2.07089e+00 |  6  0.05264 -2.23774e+00
  7 -2.04541 -2.11748e+00 |  8 -2.00038  7.51851e-01 |  9  0.04719 -2.11165e+00
 10  0.01672  7.46545e-01 | 11  1.78331  5.75767e+00 | 12 -0.12299  4.38827e+00
 13 -0.03563  4.66599e-01 | 14 -0.15722  1.65790e+00 | 15 -0.16984  2.60684e+00
 16  0.23998 -1.25374e+01 | 17  0.00134  4.99415e-01 | 18 -0.10697  4.34519e-01
 19 -0.04981 -1.16156e+00 | 20 -0.01307  1.85585e+00 | 21 -0.09186  1.52740e+00
 22  0.03446 -5.88734e+00 | 23 -0.12448  6.40138e-01 | 24 -0.03544  1.44209e+00
 25  0.00907 -3.06492e+00 | 26  0.02405  1.05019e+00 | 27 -0.11205  4.11028e+00
 28  0.01509 -1.65772e-01 | 29  0.05134 -6.38986e+00 | 30 -0.07735  4.67997e-01
 31 -0.18090  2.21890e+00 | 32  0.03957 -2.93114e+00 | 33  0.05237 -2.99100e+00
 34  0.05934 -1.34857e+00 | 35  0.04398 -1.12299e+00 | 36 -1.95416 -5.42642e-01
 37 -0.01648  1.27671e+00 | 38  0.06198 -8.14190e-01 | 39 -1.93567 -1.14460e+00
 40  0.21469 -5.46050e+00 | 41  0.02231  1.41884e+00 | 42  0.08421  1.37728e+00
 43 -0.06220  7.86490e+00 | 44  0.17866 -7.42089e+00 | 45 -0.03728 -4.95848e+00
 46 -0.03231  3.57014e+00 | 47 -0.01466 -4.69006e-01 | 48 -0.08845  1.69727e+00
 49  0.11537 -4.48858e+00 | 50  0.01264  3.78142e+00 | 51 -0.00007 -4.68861e+00
 52  0.01959  3.45048e-01 | 53 -0.03395  6.16063e+00 | 54  0.08501 -2.33901e+00
 55  0.00676 -2.76523e+00 | 56 -0.04899  7.15552e+00 | 57 -0.05615  1.93240e+00
 58  0.08436 -9.61766e+00 | 59 -0.03205 -7.33114e-01 | 60  0.01705  7.51813e+00
 61  0.00755 -3.39390e+00 | 62  0.07269  1.22346e+00 | 63  0.09919 -8.33950e+00
 64 -0.05836  1.27247e+00 | 65 -0.01198  3.94515e+00 | 66  0.04072 -1.64176e+00
 67  0.01084  9.31442e+00 | 68 -0.04186 -1.01214e+01 | 69  0.03705 -9.01733e-01
 70  0.01432  9.26283e+00 | 71  0.15486 -3.76162e+00 | 72 -0.06545  2.51820e+00
 73 -0.02659  1.09930e+00 | 74 -0.03529  1.11318e+01 | 75  0.01995 -1.34571e+00
 76 -0.10469  5.15575e+00 | 77 -0.52245  3.00224e-01 | 78 -0.66256  4.10831e-01
 79 -1.19496 -1.60298e+00 | 80 -0.70560  7.49419e-01 | 81 -0.75371  2.45004e-02
 82 -1.22914 -8.00295e-02 | 83 -1.17747 -7.37255e-01 | 84 -1.15076 -1.83613e-02
 85 -1.17217 -7.17946e-02 | 86 -0.74122 -7.48071e-02 | 87 -0.81846  6.70460e-01
 88 -1.18704  7.76811e-01 | 89 -0.79352 -1.26909e+00 | 90 -1.20203 -3.73697e-01
 91 -0.80818  7.69648e-01 | 92 -0.81035 -3.09505e-01 | 93 -0.78561  7.30976e-01
 94 -1.20354  1.44944e-01 | 95 -0.79110 -5.31362e-01 | 96 -0.84612 -1.45376e+00
 97 -0.84611  1.87787e-01 | 98 -0.86555 -1.86928e+00 | 99 -1.10281 -1.00173e+00
100 -0.73452 -3.08328e-06 |101  0.90663  7.29019e-01 |102  0.52685  1.02801e+01
103  0.60892  6.26069e+00 |104  0.08998 -2.50429e-01 |105 -0.16828 -7.96941e-01
106 -0.20610 -8.27054e-02 |107 -0.17193  1.17314e+00 |108  0.00051 -2.29287e+01
109  0.16868  1.41975e+01 |110 -0.02591 -1.31735e+01 |111  0.17406  5.02286e+00
112 -0.06185  2.97958e-01 |113  0.44299  1.86980e-03 |114 -0.05174 -4.78168e+00
115 -0.34268 -9.75805e-01 |116 -0.20324 -1.92657e-02 |117 -1.76501 -8.97939e-01
118 -0.27324  2.09075e+00 |119  1.91823  9.55795e-01 |120 -0.16871  5.89405e-01
121 -0.01394  1.67365e+01 |122 -0.01242  1.73438e+01 |123  0.00848  2.29290e+01
124 -0.00581  2.19323e+01 |125 -0.00399  2.25201e+01 |126 -0.01481  2.00170e+01
127 -0.00360  2.30585e+01 |128 -0.00172  2.40240e+01 |129  0.01409  2.46969e+01
130 -0.00619  2.24283e+01 |131 -0.00595  2.36322e+01 |132 -0.02288  2.31666e+01
133  0.01346  5.34119e+01 |134 -0.01784  3.46190e+01 |135  0.00887  3.94211e+01
136  0.00496  3.57897e+01 |137 -0.00287  3.88880e+01 |138  0.01697  3.49814e+01
139 -0.01704  3.29274e+01 |140 -0.01498  3.37572e+01 |141  0.01024  4.02863e+01
142  0.02150  2.65231e+01 |143 -0.00794  2.46330e+01 |144 -0.01411  2.76525e+01
145  1.98494 -9.13021e-01 |146 -1.97582 -5.54156e+00 |147  0.02741  2.85105e+01
148  0.00231  2.62603e+01 |149 -0.00018  2.38510e+01 |150 -0.00768  2.74467e+01
151  0.01469  2.74407e+01 |152  0.02307  2.58874e+01 |153 -0.02295  2.38884e+01
154 -0.02671  1.88189e+01 |155  0.00795  2.30648e+01 |156  0.00442  2.17793e+01
157  0.00045  1.53180e+01 |158 -0.02067  1.70233e+01 |159 -0.01065  1.64846e+01
160  0.02660  1.36417e+01 |161 -0.00937  1.47364e+01 |162  0.01708  1.83690e+01
163 -0.00682  2.10309e+01 |164 -0.01856  2.14879e+01 |165  0.00829  2.71360e+01
166  0.00411  2.78057e+01 |167 -0.00389  2.74371e+01 |168  0.00251  2.94644e+01
169 -0.01505  3.93607e+01 |170 -0.00141  3.43299e+01 |171  0.02169  1.64046e+01
172 -0.02842  1.85523e+01 |173  0.01020  1.43453e+01 |174  0.02297  1.18365e+01
175  0.02612  1.28479e+01 |176 -0.00284  9.71539e+00 |177 -0.00750  9.23508e+00
178 -0.02237  8.24882e+00 |179  0.00305  6.84049e+00 |180 -0.00514  4.80448e+00
181  0.00519  9.15088e+00 |182 -0.00362  8.23836e+00 |183  0.00424  3.81495e+00
184 -0.00670  3.54562e+00 |185 -0.01055  3.29122e+00 |186  0.00181 -2.27242e-02
187 -0.01224 -1.62358e+00 |188 -0.00047 -1.15389e-01 |189 -0.04929  5.09789e+01
190  0.00025  6.15362e+01 |191 -0.00830  8.07173e+01 |192  0.00879  8.39614e+01
193  0.00455  7.86350e+01 |194 -0.02391  8.14373e+01 |195  0.01884  7.69928e+01
196 -0.02351  7.61612e+01 |197 -0.01248  7.63229e+01 |198  0.02671  8.58815e+01
199 -0.00139  7.95872e+01 |200 -0.00288  7.38909e+01 |201 -0.00084  8.09740e+01
202  0.00919  8.10176e+01 |203 -0.01153  7.70923e+01 |204  0.00494  7.50789e+01
205  0.00325  7.95457e+01 |206  0.00123  9.28093e+01 |207 -0.00631  9.36728e+01
208  0.00986  8.37363e+01 |209 -0.01015  9.04505e+01 |210  0.00328  9.28766e+01
211  0.00291  8.91852e+01 |212  0.00598  2.28038e+01 |213 -0.02941  2.36513e+01
214  0.02310  8.72772e+01 |215 -0.00733  1.04952e+02 |216  0.00342  9.94642e+01
217 -0.00070  1.12039e+02 |218  0.00747  1.29623e+02 |219 -0.00791  1.07793e+02
220 -0.00046  9.83633e+01 |221  0.01239  9.48417e+01 |222 -0.00476  9.14277e+01
223 -0.00215  8.14222e+01 |224 -0.00058  6.33005e+01 |225  0.00021  7.74681e+01
226  0.00257  7.67420e+01 |227 -0.01824  6.98030e+01 |228  0.00974  9.25651e+01
229  0.00780  9.40020e+01 |230 -0.00720  1.02872e+02 |231  0.00753  1.02398e+02
232 -0.00437  9.05920e+01 |233 -0.00510  1.03561e+02 |234  0.00641  1.01065e+02
235 -0.00423  9.94767e+01 |236  0.00297  8.37237e+01 |237  0.00166  8.05219e+01
238 -0.00483  6.65857e+01 |239 -0.00694  5.01105e+01 |240  0.01242  2.61937e+01
241 -0.00958  2.55214e+01 |242  0.00343  1.58830e+01 |243  0.01223  1.23093e+01
244  0.00522  1.48971e+01 |245 -0.00939  1.59419e+01 |246 -0.01341  1.31418e+01
247  0.01092  5.19293e+00 |248  0.00441 -1.54661e+00 |249 -0.00662  1.78434e+00
250 -0.00203 -2.64398e+00 |251  0.00391 -7.98942e+00 |252 -0.00467 -7.98161e+00
253  0.00477 -3.67254e+00 |254 -0.02017 -5.92792e+00 |255  0.00966 -8.54809e+00
256 -0.00014 -3.57721e-02 |257 -0.07648  2.62092e+01 |258  0.00390  2.86764e+01
259 -0.00405  7.50950e+00 |260 -0.00136  8.30468e+00 |261  0.00368  5.41331e-01
262  0.01999 -2.95157e+01 |263 -0.01942 -3.92506e+01 |264  0.03479  1.01222e+01
265 -0.01981 -2.67743e+01 |266 -0.03375 -3.77298e+01 |267  0.01129 -4.92577e+01
268 -0.00888 -3.73203e+01 |269 -0.00094 -6.40118e+01 |270 -0.00140 -6.36449e+01
271  0.00427 -6.80100e+01 |272 -0.00327 -1.02273e+02 |273  0.00126 -1.08679e+02
274  0.00093 -8.19661e+01 |275  0.00371 -7.15836e+01 |276  0.00033 -6.19276e+01
277 -0.00170 -5.75730e+01 |278  0.00049 -6.74370e+01 |279  0.00053 -1.10543e+02
280  0.00405 -1.20131e+02 |281  0.01156 -1.20808e+02 |282 -0.02108 -1.40835e+02
283  0.00713 -1.46359e+02 |284 -0.00175 -1.35865e+02 |285 -0.00017 -1.33801e+02
286  0.00401 -1.08797e+02 |287 -0.00283 -1.21237e+02 |288 -0.00058 -9.71510e+01
289 -0.00240 -8.58877e+01 |290  0.00733 -8.92208e+01 |291  0.00572 -9.07594e+01
292 -0.00728 -9.30431e+01 |293 -0.00016 -8.86245e+01 |294  0.00221 -8.86940e+01
295  0.00786 -7.75018e+01 |296 -0.00993 -6.54423e+01 |297 -0.00367 -6.11731e+01
298 -0.00109 -5.43400e+01 |299 -0.00140 -5.20740e+01 |300  0.00611 -5.21419e+01
301  0.00169 -3.53766e+01 |302 -0.00644 -3.88233e+01 |303  0.00334 -3.51883e+01
304 -0.00290 -1.64976e+01 |305  0.00459 -2.48693e+00 |306 -0.00141 -1.36589e+01
307  0.00056 -2.45903e+01 |308 -0.00396 -4.55159e+01 |309  0.00807 -4.96863e+01
310 -0.00241 -6.72100e+01 |311 -0.00475 -5.90720e+01 |312  0.00670 -4.50413e+01
313  0.00487 -3.74172e+01 |314  0.00228 -3.64134e+01 |315 -0.00995 -4.03035e+01
316  0.00291 -2.84485e+01 |317  0.00090 -1.15867e+01 |318  0.00058 -9.28154e+00
319 -0.00007 -1.74345e+01 |320  0.00084 -8.86652e+00 |321 -0.00483 -2.78527e+00
322  0.01429  3.79975e-01 |323 -0.02018 -9.55640e+00 |324  0.00014  3.49059e-02
324 variables; iteration 620; function evaluation 677; phase 5
Function value 3.0852793e+03; maximum gradient component mag -8.2193e+01
Var    Value     Gradient |Var    Value     Gradient |Var    Value     Gradient
  1 -0.03448  4.43983e+01 |  2  0.04248 -3.04262e-01 |  3 -2.13437  3.83657e-01
  4 -0.03031  2.43240e-01 |  5 -1.92294  9.30076e-02 |  6  0.05394 -7.73628e-01
  7 -2.04435 -4.33122e-01 |  8 -1.99886  5.08007e-01 |  9  0.04889  9.83877e-01
 10  0.01745 -2.61941e-01 | 11  1.78262  2.76246e-02 | 12 -0.12185  1.39648e+00
 13 -0.03441  1.40321e+00 | 14 -0.15368 -4.25078e-01 | 15 -0.17295 -1.47254e+00
 16  0.24056 -1.53468e+00 | 17  0.00365 -2.68024e-01 | 18 -0.11188 -1.23651e+00
 19 -0.04856 -6.58170e-01 | 20 -0.01205 -7.63219e-01 | 21 -0.09622 -4.39258e-01
 22  0.03565  2.26251e-01 | 23 -0.12356 -2.26395e-01 | 24 -0.03548 -6.73651e-01
 25  0.01118  1.44579e+00 | 26  0.02271 -8.25779e-01 | 27 -0.11296  2.06988e-01
 28  0.01467  9.23041e-01 | 29  0.05473  1.38613e+00 | 30 -0.08413 -6.75113e-01
 31 -0.19563 -2.73234e-01 | 32  0.04029  5.53408e-01 | 33  0.05371  7.10715e-01
 34  0.05928  1.35371e+00 | 35  0.04443  7.42734e-01 | 36 -1.95488 -7.58297e-02
 37 -0.01527 -1.48371e-01 | 38  0.06269  1.09637e+00 | 39 -1.93585  1.05486e+00
 40  0.21506  1.34774e+00 | 41  0.02225 -5.10268e-01 | 42  0.08410 -1.18571e+00
 43 -0.06215  4.59748e-01 | 44  0.17895  1.98275e+00 | 45 -0.03606  4.12549e-01
 46 -0.03226 -1.78921e+00 | 47 -0.01421  3.87472e-01 | 48 -0.08798  4.28630e-01
 49  0.11573 -1.56532e+00 | 50  0.01261  3.45835e-01 | 51  0.00072  1.32571e+00
 52  0.01976 -3.28851e+00 | 53 -0.03380  2.67718e-01 | 54  0.08513 -3.14048e+00
 55  0.00727  2.76862e+00 | 56 -0.04920 -2.72293e+00 | 57 -0.05576  6.43923e-01
 58  0.08467 -1.82059e+00 | 59 -0.03165  1.23098e+00 | 60  0.01685 -1.43671e+00
 61  0.00798 -8.05127e-01 | 62  0.07293  4.39946e-02 | 63  0.09980  2.78400e+00
 64 -0.05786  2.34665e+00 | 65 -0.01188 -8.52920e-01 | 66  0.04104 -1.37074e+00
 67  0.01090  6.85402e-01 | 68 -0.04098 -7.13317e-01 | 69  0.03757  1.12609e+00
 70  0.01426 -1.19150e+00 | 71  0.15516 -2.66288e+00 | 72 -0.06519  2.80518e-01
 73 -0.02612  1.60739e-01 | 74 -0.03523  1.60132e+00 | 75  0.02064 -2.08590e-01
 76 -0.10503 -8.71482e-01 | 77 -0.52236  2.26468e-01 | 78 -0.66254 -2.18908e-01
 79 -1.19469 -1.52079e-01 | 80 -0.70530 -7.31946e-02 | 81 -0.75419 -9.93395e-01
 82 -1.22973 -3.43367e-01 | 83 -1.17731  3.73718e-01 | 84 -1.15104 -3.29643e-01
 85 -1.17241 -1.37718e-01 | 86 -0.74086 -1.63691e-01 | 87 -0.81871 -1.74394e-01
 88 -1.18884 -2.56625e-01 | 89 -0.79195 -4.04613e-01 | 90 -1.20236 -2.09657e-01
 91 -0.80838  1.06739e-01 | 92 -0.81002  1.33892e-01 | 93 -0.78564  3.50275e-01
 94 -1.20376 -4.70627e-01 | 95 -0.79085  2.33149e-02 | 96 -0.84586 -3.17778e-02
 97 -0.84627 -5.47417e-01 | 98 -0.86527  1.90097e-01 | 99 -1.10259  9.10378e-01
100 -0.73519 -3.09209e-06 |101  0.91366 -1.37446e-01 |102  0.55156 -1.03797e+01
103  0.60882  1.45039e+00 |104  0.09003  1.19124e+01 |105 -0.16827  8.00835e-01
106 -0.20618  8.79009e-01 |107 -0.17204  3.06939e+00 |108  0.00054  1.07710e+00
109  0.16853  9.20580e+00 |110 -0.02555  4.54966e+00 |111  0.17346 -8.46546e-01
112 -0.06171  1.48598e-01 |113  0.43350  1.43871e-03 |114 -0.05155  2.10174e+00
115 -0.34279  9.46102e-01 |116 -0.20297  4.01396e+00 |117 -1.76479 -6.97238e-01
118 -0.27368  1.42909e+00 |119  1.91686 -9.24057e-01 |120 -0.16912  3.64209e-01
121 -0.00105 -5.20463e+00 |122 -0.00481 -6.05378e+00 |123 -0.00101 -5.04201e+00
124 -0.01142 -6.56638e+00 |125 -0.00690 -5.36469e+00 |126 -0.00723 -5.31702e+00
127 -0.00938 -5.72089e+00 |128 -0.00428 -4.11812e+00 |129  0.00742 -4.33256e+00
130 -0.00049 -2.26831e+00 |131 -0.00809 -3.12443e+00 |132 -0.01818 -1.15610e+00
133  0.00525  4.83584e+00 |134 -0.01226 -2.37793e+00 |135  0.00631 -2.05675e+00
136  0.00648  5.37903e-01 |137 -0.00315  3.08592e+00 |138  0.01563  2.17485e+00
139 -0.01373  3.67450e+00 |140 -0.01585  4.32513e-01 |141  0.00940 -2.88005e-02
142  0.02057 -7.20646e+00 |143 -0.00219 -7.41130e+00 |144 -0.01807 -8.35140e+00
145  1.98481  3.01703e+01 |146 -1.97474  3.14696e+01 |147  0.02715 -9.29611e+00
148  0.00044 -1.03837e+01 |149  0.00260 -9.16979e+00 |150 -0.00808 -7.21494e+00
151  0.01226 -7.67937e+00 |152  0.02152 -7.55164e+00 |153 -0.02571 -6.03355e+00
154 -0.01889 -4.46876e+00 |155  0.00562 -4.78262e+00 |156  0.00372 -4.73791e+00
157  0.00253 -4.92942e+00 |158 -0.02077 -3.81823e+00 |159 -0.01135 -4.14368e+00
160  0.02812 -3.03075e+00 |161 -0.01010 -4.13708e+00 |162  0.01784 -4.12890e+00
163 -0.00719 -3.72727e+00 |164 -0.01870 -3.76432e+00 |165  0.00780 -4.65428e+00
166  0.00431 -3.12453e+00 |167 -0.00349 -4.39151e+00 |168  0.00651 -4.58075e+00
169 -0.01962 -8.19702e+00 |170 -0.00184 -9.10525e+00 |171  0.02330 -3.44747e+00
172 -0.02988 -5.82766e+00 |173  0.01038 -3.44669e+00 |174  0.02360 -1.25746e+00
175  0.02146 -3.53373e+00 |176 -0.00214 -3.43306e+00 |177 -0.00658 -3.64213e+00
178 -0.02022 -3.63545e+00 |179  0.00290 -3.01552e+00 |180 -0.00144 -2.51440e+00
181  0.00195 -3.59529e+00 |182 -0.00512 -3.30170e+00 |183  0.00595 -9.59530e-02
184 -0.00702 -1.09911e+00 |185 -0.01086 -1.02219e+00 |186  0.00203 -2.16082e+00
187 -0.01191 -1.82462e+00 |188 -0.00011 -2.75000e-02 |189 -0.05236 -7.94436e+01
190  0.00115 -7.97493e+01 |191 -0.01004 -6.93088e+01 |192  0.00875 -6.76338e+01
193  0.00547 -6.80476e+01 |194 -0.02476 -6.66605e+01 |195  0.01755 -6.75098e+01
196 -0.01379 -6.49630e+01 |197 -0.01932 -6.36615e+01 |198  0.02496 -5.51704e+01
199 -0.00326 -5.28385e+01 |200  0.00075 -5.14209e+01 |201 -0.00231 -4.53764e+01
202  0.00829 -4.43545e+01 |203 -0.00955 -4.38322e+01 |204  0.00379 -4.23513e+01
205  0.00311 -4.07178e+01 |206  0.00142 -4.31925e+01 |207 -0.00700 -3.85877e+01
208  0.01047 -3.86328e+01 |209 -0.00992 -3.90655e+01 |210  0.00347 -4.70553e+01
211 -0.00036 -4.64630e+01 |212  0.00831 -4.83872e+01 |213 -0.02015 -4.85225e+01
214  0.01454 -5.04745e+01 |215 -0.00793 -4.54070e+01 |216  0.00399 -4.97780e+01
217 -0.00072 -4.69561e+01 |218  0.00714 -5.01279e+01 |219 -0.00827 -6.39834e+01
220 -0.00015 -6.04939e+01 |221  0.01255 -5.85117e+01 |222 -0.00535 -5.25048e+01
223 -0.00228 -4.61837e+01 |224  0.00105 -4.67265e+01 |225 -0.00112 -5.06118e+01
226  0.00275 -4.34878e+01 |227 -0.01696 -4.54631e+01 |228  0.00863 -4.91899e+01
229  0.00796 -4.91870e+01 |230 -0.00736 -4.92020e+01 |231  0.00734 -4.58634e+01
232 -0.00407 -4.41198e+01 |233 -0.00519 -4.02314e+01 |234  0.00639 -3.82467e+01
235 -0.00465 -3.72203e+01 |236  0.00328 -3.79286e+01 |237  0.00156 -3.87525e+01
238 -0.00450 -3.60010e+01 |239 -0.00716 -3.37693e+01 |240  0.01265 -3.06503e+01
241 -0.00962 -2.85247e+01 |242  0.00327 -2.27688e+01 |243  0.01227 -2.04374e+01
244  0.00521 -1.78706e+01 |245 -0.00965 -1.29936e+01 |246 -0.01378 -9.15143e+00
247  0.01140 -2.41578e+00 |248  0.00452  1.17126e+00 |249 -0.00664  2.68988e+00
250 -0.00185  4.36864e+00 |251  0.00376  4.52615e+00 |252 -0.00449  6.06193e+00
253  0.00480  4.48298e-01 |254 -0.01886 -1.91306e+00 |255  0.00827 -4.20932e+00
256  0.00029  7.16678e-02 |257 -0.07685 -8.40364e+00 |258  0.00296 -7.42359e+00
259 -0.00267  7.92988e+00 |260 -0.00149  1.31163e+01 |261  0.00363  1.52220e+01
262  0.01952 -4.14219e+00 |263 -0.01759 -8.64785e+00 |264  0.02278 -1.10596e+01
265 -0.01081 -5.14938e+01 |266 -0.03203 -6.38271e+01 |267  0.01231 -7.55854e+01
268 -0.01194 -8.21928e+01 |269  0.00100 -5.37252e+01 |270 -0.00130 -4.45342e+01
271  0.00273 -3.93169e+01 |272 -0.00177 -2.02652e+01 |273  0.00150 -1.58890e+01
274  0.00069 -7.49528e+00 |275  0.00411  2.54304e+00 |276 -0.00038  6.31199e-01
277 -0.00168  9.63648e+00 |278  0.00037  9.24473e-01 |279  0.00180 -8.99241e+00
280  0.00206 -3.66002e+01 |281  0.00371 -3.80966e+01 |282 -0.01193 -1.51648e+01
283  0.00752 -1.37775e+01 |284 -0.00244 -2.06722e+01 |285  0.00027 -1.81414e+01
286  0.00394 -2.24504e+01 |287 -0.00229 -3.18580e+01 |288 -0.00118 -4.06266e+01
289 -0.00262 -3.77165e+01 |290  0.00747 -3.24199e+01 |291  0.00608 -3.20142e+01
292 -0.00781 -3.22562e+01 |293  0.00039 -2.81415e+01 |294  0.00191 -3.39428e+01
295  0.00721 -3.53785e+01 |296 -0.00931 -3.82109e+01 |297 -0.00372 -3.91886e+01
298 -0.00107 -4.09968e+01 |299 -0.00141 -3.76319e+01 |300  0.00612 -3.65264e+01
301  0.00165 -3.26044e+01 |302 -0.00640 -3.13700e+01 |303  0.00382 -3.30201e+01
304 -0.00331 -3.32115e+01 |305  0.00448 -2.96325e+01 |306 -0.00149 -2.85911e+01
307  0.00060 -2.32796e+01 |308 -0.00394 -2.35473e+01 |309  0.00789 -2.60710e+01
310 -0.00213 -2.06933e+01 |311 -0.00468 -1.71356e+01 |312  0.00659 -1.66839e+01
313  0.00482 -1.34448e+01 |314  0.00286 -7.31083e+00 |315 -0.01035 -8.60970e+00
316  0.00286 -7.30740e+00 |317  0.00083 -6.20700e+00 |318  0.00047 -6.31820e+00
319  0.00004 -7.03330e+00 |320  0.00076 -5.24776e+00 |321 -0.00481 -8.69385e+00
322  0.01283 -8.99442e+00 |323 -0.01874 -6.32910e+00 |324  0.00015  3.71789e-02
324 variables; iteration 640; function evaluation 697; phase 5
Function value 3.0844672e+03; maximum gradient component mag 3.7464e+01
Var    Value     Gradient |Var    Value     Gradient |Var    Value     Gradient
  1 -0.03451  9.71886e+00 |  2  0.04457  3.22898e-01 |  3 -2.13486 -2.40198e-01
  4 -0.03011  2.73356e-01 |  5 -1.92266  1.16355e-01 |  6  0.05527  1.06688e+00
  7 -2.04360  1.01972e+00 |  8 -2.00109  5.36208e-04 |  9  0.04956  2.60016e-01
 10  0.01884  4.17473e-01 | 11  1.78200  1.27543e+00 | 12 -0.12216  1.79099e-01
 13 -0.04058 -8.93974e-01 | 14 -0.15597 -1.17940e-01 | 15 -0.17426 -2.41053e-01
 16  0.24119 -1.56097e+00 | 17 -0.00273 -3.36381e+00 | 18 -0.10650  3.17389e-01
 19 -0.04937 -1.67560e-01 | 20 -0.01131  1.02625e+00 | 21 -0.09557  2.93583e-01
 22  0.03545 -3.87614e-01 | 23 -0.12220  1.27804e-01 | 24 -0.03496 -9.32038e-01
 25  0.01093 -2.18437e-01 | 26  0.02363  8.02645e-01 | 27 -0.11395 -5.61643e-01
 28  0.01456 -3.48928e-01 | 29  0.05427  3.08374e-01 | 30 -0.08357  2.07575e-02
 31 -0.18893  1.01287e+00 | 32  0.04001  8.87622e-01 | 33  0.05315 -3.23778e-01
 34  0.05964  3.75372e-01 | 35  0.04453 -7.02683e-01 | 36 -1.95417 -9.28744e-01
 37 -0.01575 -4.27891e-01 | 38  0.06260  1.06331e+00 | 39 -1.93583  8.97247e-01
 40  0.21517  6.69998e-01 | 41  0.02268  4.62898e-01 | 42  0.08437  1.04856e+00
 43 -0.06231  1.31376e+00 | 44  0.17895 -2.27440e+00 | 45 -0.03577  2.75972e+00
 46 -0.03199  1.50879e+00 | 47 -0.01426 -1.90762e+00 | 48 -0.08809 -6.33201e-01
 49  0.11583  5.35777e-01 | 50  0.01261 -1.98096e-01 | 51  0.00063 -1.80281e-02
 52  0.01997  3.28296e-01 | 53 -0.03388 -1.26144e+00 | 54  0.08533  1.89287e+00
 55  0.00717  4.25851e-01 | 56 -0.04895  2.22169e-01 | 57 -0.05574  8.79162e-01
 58  0.08481  2.40193e+00 | 59 -0.03175 -1.26854e+00 | 60  0.01695 -6.53604e-01
 61  0.00804 -6.13094e-01 | 62  0.07297  6.63747e-02 | 63  0.09972 -1.67760e+00
 64 -0.05812 -1.06149e+00 | 65 -0.01180  9.24125e-02 | 66  0.04113 -1.49135e-01
 67  0.01088 -1.47181e+00 | 68 -0.04093 -7.92828e-01 | 69  0.03761  1.15106e+00
 70  0.01436 -7.26257e-01 | 71  0.15525 -4.47185e-01 | 72 -0.06525 -2.01825e-01
 73 -0.02621 -7.59434e-01 | 74 -0.03521  2.17691e+00 | 75  0.02057 -1.01205e+00
 76 -0.10479  1.07179e-01 | 77 -0.52260 -3.07923e-01 | 78 -0.66243 -3.60913e-02
 79 -1.19462  4.64579e-03 | 80 -0.70545 -9.07252e-02 | 81 -0.75340  7.04226e-02
 82 -1.22975 -4.59656e-01 | 83 -1.17749 -1.24033e-01 | 84 -1.15086  7.82428e-02
 85 -1.17239 -2.13486e-01 | 86 -0.74067  1.29362e-01 | 87 -0.81884 -3.73570e-01
 88 -1.18838  9.47016e-03 | 89 -0.79199 -2.73286e-01 | 90 -1.20198  1.65327e-01
 91 -0.80855 -6.32404e-02 | 92 -0.81006  7.52764e-02 | 93 -0.78578  1.10946e-01
 94 -1.20346  1.25652e-01 | 95 -0.79088  1.40891e-01 | 96 -0.84592 -1.94258e-01
 97 -0.84621  2.28763e-02 | 98 -0.86523  2.14033e-02 | 99 -1.10275 -6.36970e-01
100 -0.73488 -3.08801e-06 |101  0.94723  1.58527e-01 |102  0.53671  2.26329e+00
103  0.61326  4.80309e+00 |104  0.08995 -7.42671e+00 |105 -0.16823  3.28750e+00
106 -0.20618 -8.73454e-01 |107 -0.17210 -8.94263e-01 |108  0.00058  3.44665e+01
109  0.16851  7.85604e+00 |110 -0.02568 -7.87150e+00 |111  0.17352 -3.86641e+00
112 -0.06131  1.39678e-01 |113  0.43450  1.48995e-03 |114 -0.05162 -9.31676e-01
115 -0.34273  3.30428e-01 |116 -0.20335  2.35840e-01 |117 -1.76553  8.35884e-02
118 -0.27498 -3.03689e-02 |119  1.91748  1.95156e-01 |120 -0.16922 -7.31955e-02
121 -0.00228  5.51683e+00 |122 -0.00187  5.69658e+00 |123 -0.00326  5.41224e+00
124 -0.00687  5.52590e+00 |125 -0.00858  5.16245e+00 |126 -0.00899  5.14974e+00
127 -0.00725  5.69834e+00 |128 -0.00642  6.13661e+00 |129  0.00792  6.23831e+00
130 -0.00236  6.95822e+00 |131 -0.00532  7.32380e+00 |132 -0.01968  7.09616e+00
133  0.00237  6.63220e+00 |134 -0.01086  4.26469e+00 |135  0.00682  4.89059e+00
136  0.00682  6.68400e+00 |137 -0.00391  6.05697e+00 |138  0.01622  5.46007e+00
139 -0.01608  5.44146e+00 |140 -0.01411  6.61577e+00 |141  0.00894  6.24461e+00
142  0.02025  7.22955e+00 |143 -0.00468  7.12533e+00 |144 -0.01997  7.77602e+00
145  1.97994 -9.18510e+00 |146 -1.97649 -8.98206e+00 |147  0.02565  8.45036e+00
148  0.00205  8.34567e+00 |149  0.00278  7.40457e+00 |150 -0.00973  6.93836e+00
151  0.01294  7.35549e+00 |152  0.02166  6.91257e+00 |153 -0.02466  7.74486e+00
154 -0.02096  7.20083e+00 |155  0.00496  6.98967e+00 |156  0.00495  8.04845e+00
157  0.00242  6.55849e+00 |158 -0.02116  7.33695e+00 |159 -0.01100  7.58024e+00
160  0.02736  4.89247e+00 |161 -0.00962  5.00463e+00 |162  0.01804  5.81038e+00
163 -0.00738  5.79238e+00 |164 -0.01870  5.80149e+00 |165  0.00797  5.29837e+00
166  0.00399  5.84517e+00 |167 -0.00351  6.27287e+00 |168  0.00544  7.18704e+00
169 -0.01882  7.00788e+00 |170 -0.00115  9.51642e+00 |171  0.02219  8.22268e+00
172 -0.02879  9.63098e+00 |173  0.01037  8.07780e+00 |174  0.02283  6.46315e+00
175  0.02236  7.12001e+00 |176 -0.00242  6.75342e+00 |177 -0.00651  6.62095e+00
178 -0.02023  6.50432e+00 |179  0.00335  6.44723e+00 |180 -0.00129  5.53209e+00
181  0.00175  3.60510e+00 |182 -0.00433  2.44849e+00 |183  0.00451 -3.03171e-01
184 -0.00683  1.84169e-01 |185 -0.01071  2.46289e-01 |186  0.00188 -1.37079e+00
187 -0.01192 -1.00713e+00 |188 -0.00013 -3.16271e-02 |189 -0.04983  1.86670e+00
190  0.00078  2.41536e+00 |191 -0.00985  6.97132e+00 |192  0.00866  6.48138e+00
193  0.00608  6.93688e+00 |194 -0.02361  7.89841e+00 |195  0.01774  8.60781e+00
196 -0.00001  9.64802e+00 |197 -0.03003  8.76563e+00 |198  0.01956  1.25987e+01
199 -0.00009  1.11054e+01 |200 -0.00308  7.38733e+00 |201 -0.00113  1.30257e+01
202  0.00816  1.44429e+01 |203 -0.00980  1.59414e+01 |204  0.00424  1.55971e+01
205  0.00265  1.40142e+01 |206  0.00160  1.57266e+01 |207 -0.00673  1.69596e+01
208  0.01028  1.75066e+01 |209 -0.00978  1.57426e+01 |210  0.00341  1.87029e+01
211 -0.00020  2.00489e+01 |212  0.01020  1.83621e+01 |213 -0.02357  1.90360e+01
214  0.01578  2.34164e+01 |215 -0.00767  1.74111e+01 |216  0.00388  1.46244e+01
217 -0.00111  8.43340e+00 |218  0.00758  2.13920e+01 |219 -0.00829  1.45522e+01
220 -0.00020  2.15933e+01 |221  0.01256  2.17246e+01 |222 -0.00508  2.12478e+01
223 -0.00267  1.85387e+01 |224  0.00092  2.02882e+01 |225 -0.00022  2.01825e+01
226  0.00206  1.40552e+01 |227 -0.01726  1.30745e+01 |228  0.00900  1.10512e+01
229  0.00791  9.90782e+00 |230 -0.00738  1.10213e+01 |231  0.00740  1.53867e+01
232 -0.00408  1.55048e+01 |233 -0.00520  1.73137e+01 |234  0.00642  1.92793e+01
235 -0.00459  1.80051e+01 |236  0.00316  1.45924e+01 |237  0.00173  1.72110e+01
238 -0.00480  1.56406e+01 |239 -0.00694  1.84783e+01 |240  0.01259  1.71581e+01
241 -0.00960  1.61482e+01 |242  0.00333  1.40816e+01 |243  0.01228  9.52930e+00
244  0.00527  7.36101e+00 |245 -0.00950  5.21867e+00 |246 -0.01345  3.58036e+00
247  0.01083  2.01696e+00 |248  0.00454  2.99122e+00 |249 -0.00666  8.32824e-01
250 -0.00191 -9.46928e-02 |251  0.00380 -2.84872e-01 |252 -0.00453  1.64315e+00
253  0.00475  7.10171e-02 |254 -0.01921 -8.92254e-01 |255  0.00873 -2.60915e+00
256  0.00018  4.40478e-02 |257 -0.07758  1.58161e+01 |258  0.00365  1.47687e+01
259 -0.00312  6.03114e+00 |260 -0.00157  2.71988e-01 |261  0.00334  3.40870e+00
262  0.01714  9.74351e+00 |263 -0.01593  1.21737e+01 |264  0.00694  6.84255e+00
265  0.00107  2.70192e-01 |266 -0.02724 -6.19146e+00 |267  0.01032 -8.65915e+00
268 -0.00872  2.71154e+01 |269 -0.00004  3.23899e+01 |270 -0.00117  3.44093e+01
271  0.00294  3.18505e+01 |272 -0.00209  3.34841e+01 |273  0.00182  2.68329e+01
274  0.00049  2.58647e+01 |275  0.00382  2.07399e+01 |276 -0.00027  2.09985e+01
277 -0.00189  3.49530e+01 |278  0.00044  3.74643e+01 |279  0.00177  3.55034e+01
280  0.00228  1.85940e+01 |281  0.00503  1.82899e+01 |282 -0.01333  3.48331e+01
283  0.00735  2.76073e+01 |284 -0.00218  2.68432e+01 |285  0.00017  2.50416e+01
286  0.00364  3.11400e+01 |287 -0.00208  3.69694e+01 |288 -0.00098  3.36268e+01
289 -0.00265  2.99089e+01 |290  0.00744  2.85074e+01 |291  0.00615  2.44055e+01
292 -0.00787  2.40162e+01 |293 -0.00030  2.73930e+01 |294  0.00260  3.12199e+01
295  0.00745  2.75411e+01 |296 -0.00960  2.13362e+01 |297 -0.00370  2.09356e+01
298 -0.00102  1.84151e+01 |299 -0.00145  1.97165e+01 |300  0.00612  1.92903e+01
301  0.00164  2.06485e+01 |302 -0.00639  2.09928e+01 |303  0.00372  1.77399e+01
304 -0.00317  1.95637e+01 |305  0.00444  1.85426e+01 |306 -0.00139  1.42764e+01
307  0.00045  1.37386e+01 |308 -0.00391  1.17775e+01 |309  0.00796  9.24104e+00
310 -0.00215  4.76984e+00 |311 -0.00475  5.26298e-01 |312  0.00663  1.52978e+00
313  0.00486  4.62330e-01 |314  0.00228 -2.13657e+00 |315 -0.00982 -8.46827e-01
316  0.00288 -6.39840e-01 |317  0.00080 -3.23251e+00 |318  0.00048 -4.74432e+00
319  0.00005 -5.32746e+00 |320  0.00077 -4.31060e+00 |321 -0.00483 -5.57535e+00
322  0.01328 -4.06199e+00 |323 -0.01919 -5.00447e+00 |324  0.00005  1.29163e-02
324 variables; iteration 660; function evaluation 717; phase 5
Function value 3.0843720e+03; maximum gradient component mag 2.7308e+01
Var    Value     Gradient |Var    Value     Gradient |Var    Value     Gradient
  1 -0.03449 -3.73472e+00 |  2  0.04351 -1.25391e-02 |  3 -2.13491  7.10745e-02
  4 -0.03075 -1.58367e-02 |  5 -1.92317  3.30064e-02 |  6  0.05465  6.42552e-02
  7 -2.04426  8.75306e-02 |  8 -2.00014  7.28841e-02 |  9  0.04950  1.13161e-01
 10  0.01830  1.94096e-01 | 11  1.78172 -1.23019e-01 | 12 -0.12204  5.03866e-01
 13 -0.04063  8.92836e-02 | 14 -0.15745  9.90893e-02 | 15 -0.17484  2.57600e-01
 16  0.24050 -2.18571e-01 | 17  0.00287  3.33522e-01 | 18 -0.10894 -1.89543e-02
 19 -0.04887  2.04164e-02 | 20 -0.01177 -1.09386e-01 | 21 -0.09580 -3.25848e-02
 22  0.03548  2.46783e-01 | 23 -0.12271 -5.28550e-02 | 24 -0.03498  8.97646e-03
 25  0.01074  2.56221e-01 | 26  0.02376  6.56228e-02 | 27 -0.11366 -4.60054e-02
 28  0.01470  2.78408e-02 | 29  0.05394  2.51893e-01 | 30 -0.08311  1.72936e-03
 31 -0.18821 -2.78110e-02 | 32  0.03966  2.99161e-01 | 33  0.05342  1.16922e-01
 34  0.05940 -1.91200e-01 | 35  0.04446 -2.98314e-02 | 36 -1.95522  7.94289e-02
 37 -0.01619  5.94290e-02 | 38  0.06246 -2.65954e-01 | 39 -1.93661 -1.07481e-01
 40  0.21506 -5.91338e-01 | 41  0.02260  1.30540e-01 | 42  0.08426 -5.46058e-01
 43 -0.06250 -2.25200e-01 | 44  0.17902  3.05336e-01 | 45 -0.03617 -2.38610e-01
 46 -0.03211 -1.75461e-01 | 47 -0.01419  5.16851e-01 | 48 -0.08805  2.02491e-01
 49  0.11580 -3.37232e-01 | 50  0.01261 -2.45715e-02 | 51  0.00067  4.36565e-01
 52  0.01991 -1.55517e-01 | 53 -0.03382  1.89429e-02 | 54  0.08524 -5.23448e-01
 55  0.00714 -4.56009e-01 | 56 -0.04901  8.39715e-02 | 57 -0.05580  3.17374e-01
 58  0.08472 -1.30839e+00 | 59 -0.03169  2.08410e-01 | 60  0.01696  8.07266e-02
 61  0.00804  1.80243e-01 | 62  0.07295  7.22245e-02 | 63  0.09973 -4.88190e-01
 64 -0.05807 -4.99544e-02 | 65 -0.01184 -1.95542e-01 | 66  0.04112  6.38164e-01
 67  0.01088  3.23299e-02 | 68 -0.04089  3.40329e-01 | 69  0.03753  2.85769e-01
 70  0.01434 -5.53669e-02 | 71  0.15523  2.50884e-01 | 72 -0.06526 -1.81655e-01
 73 -0.02616  3.83612e-01 | 74 -0.03539 -3.30852e-01 | 75  0.02062  4.42614e-01
 76 -0.10499 -2.03378e-01 | 77 -0.52252 -1.88778e-02 | 78 -0.66243  2.26892e-02
 79 -1.19460  1.82970e-02 | 80 -0.70546 -8.87260e-03 | 81 -0.75348 -8.25436e-02
 82 -1.22942 -2.46463e-02 | 83 -1.17742  5.70089e-03 | 84 -1.15088  5.35910e-02
 85 -1.17232  5.74222e-02 | 86 -0.74076  3.77797e-02 | 87 -0.81864  2.31353e-02
 88 -1.18840  2.19357e-03 | 89 -0.79170 -3.67827e-02 | 90 -1.20214  1.49401e-02
 91 -0.80850  3.61313e-02 | 92 -0.81006  3.96494e-02 | 93 -0.78577  5.07192e-02
 94 -1.20355 -5.51887e-03 | 95 -0.79090  1.64542e-02 | 96 -0.84584  7.33110e-02
 97 -0.84621 -1.03686e-01 | 98 -0.86523 -1.15760e-01 | 99 -1.10271 -1.42654e-01
100 -0.73413 -3.07822e-06 |101  0.95001  5.68108e-02 |102  0.53404  5.62066e+00
103  0.61278  6.24203e+00 |104  0.08999 -4.84515e-01 |105 -0.16827 -1.06262e+00
106 -0.20615 -1.25650e+00 |107 -0.17209 -8.64094e-01 |108  0.00055 -5.10990e+00
109  0.16844 -3.38161e+00 |110 -0.02556  9.88116e-01 |111  0.17360  3.04154e-01
112 -0.06279 -2.58236e-02 |113  0.43425  1.47727e-03 |114 -0.05159 -2.09458e-02
115 -0.34272 -4.80239e-01 |116 -0.20343 -6.28464e-01 |117 -1.76563 -1.35893e-01
118 -0.27490  1.81245e-01 |119  1.91754 -7.99572e-02 |120 -0.16908  3.00452e-03
121 -0.00202  4.04545e-01 |122 -0.00356  1.00795e-01 |123 -0.00252  4.22972e-01
124 -0.00606  6.12857e-01 |125 -0.00646  5.71149e-01 |126 -0.00883  6.25806e-02
127 -0.00709  5.83798e-01 |128 -0.00799  5.52769e-01 |129  0.00819  5.00227e-01
130 -0.00195  1.08171e+00 |131 -0.00609  9.67517e-01 |132 -0.02081  5.41461e-01
133  0.00199  4.56375e-01 |134 -0.01018 -1.57035e-01 |135  0.00699 -8.10581e-01
136  0.00622 -2.88228e-01 |137 -0.00363  5.81153e-01 |138  0.01643 -3.36364e-02
139 -0.01589 -2.98146e-01 |140 -0.01444 -5.32449e-02 |141  0.00896 -2.54098e-01
142  0.02019 -8.70806e-01 |143 -0.00447 -8.52030e-01 |144 -0.02047 -4.77030e-01
145  1.97960 -1.69665e+00 |146 -1.97652 -1.65564e+00 |147  0.02566 -3.56429e-01
148  0.00153 -7.31662e-01 |149  0.00266 -9.19196e-01 |150 -0.00901 -8.63599e-01
151  0.01256 -8.15400e-01 |152  0.02249 -7.72664e-01 |153 -0.02554 -1.04125e+00
154 -0.02057 -1.08116e+00 |155  0.00561 -1.33573e+00 |156  0.00405 -1.18590e+00
157  0.00328 -1.36577e+00 |158 -0.02168 -1.43364e+00 |159 -0.01131 -1.45765e+00
160  0.02756 -1.33732e+00 |161 -0.00967 -1.41875e+00 |162  0.01792 -1.40756e+00
163 -0.00728 -1.24086e+00 |164 -0.01879 -1.32581e+00 |165  0.00809 -1.24014e+00
166  0.00400 -1.00331e+00 |167 -0.00344 -9.66501e-01 |168  0.00513 -1.03708e+00
169 -0.01834 -6.68077e-01 |170 -0.00153 -8.37653e-01 |171  0.02254 -8.07973e-01
172 -0.02918 -6.17449e-01 |173  0.01037 -7.01426e-02 |174  0.02305  2.15851e-01
175  0.02160  2.62017e-01 |176 -0.00248  4.16143e-01 |177 -0.00622  4.22799e-01
178 -0.01985  4.62754e-01 |179  0.00285  4.19851e-01 |180 -0.00212  6.43764e-01
181  0.00271  6.10251e-01 |182 -0.00444  4.39211e-01 |183  0.00504 -6.53271e-02
184 -0.00686 -2.59394e-02 |185 -0.01113 -4.18459e-02 |186  0.00235  2.36291e-01
187 -0.01193  2.01974e-01 |188  0.00000  1.16347e-03 |189 -0.04953  2.27429e+01
190  0.00128  2.29446e+01 |191 -0.01021  2.62559e+01 |192  0.00874  2.62950e+01
193  0.00562  2.49237e+01 |194 -0.02359  2.63581e+01 |195  0.01826  2.50942e+01
196  0.00072  2.58620e+01 |197 -0.02969  2.47301e+01 |198  0.01886  2.57293e+01
199 -0.00270  2.61459e+01 |200 -0.00072  2.53964e+01 |201 -0.00146  2.53602e+01
202  0.00826  2.47722e+01 |203 -0.00983  2.50169e+01 |204  0.00420  2.50887e+01
205  0.00279  2.50367e+01 |206  0.00152  2.40518e+01 |207 -0.00671  2.40878e+01
208  0.01010  2.26856e+01 |209 -0.00969  2.22981e+01 |210  0.00344  2.24614e+01
211  0.00008  2.05569e+01 |212  0.01008  1.33792e+01 |213 -0.02460  1.33938e+01
214  0.01673  2.02153e+01 |215 -0.00781  1.44526e+01 |216  0.00388  1.41443e+01
217 -0.00071  1.38453e+01 |218  0.00682  1.26717e+01 |219 -0.00775  1.21379e+01
220 -0.00022  1.19440e+01 |221  0.01237  1.16117e+01 |222 -0.00505  1.13124e+01
223 -0.00248  1.06387e+01 |224  0.00075  9.73594e+00 |225 -0.00050  1.07334e+01
226  0.00230  1.14550e+01 |227 -0.01702  1.16733e+01 |228  0.00882  1.21546e+01
229  0.00797  1.16025e+01 |230 -0.00735  1.08783e+01 |231  0.00734  8.78523e+00
232 -0.00406  7.91256e+00 |233 -0.00521  7.89461e+00 |234  0.00639  7.90478e+00
235 -0.00466  8.33292e+00 |236  0.00326  6.74968e+00 |237  0.00165  7.20268e+00
238 -0.00467  6.81857e+00 |239 -0.00702  6.29111e+00 |240  0.01261  6.20266e+00
241 -0.00959  6.31400e+00 |242  0.00326  6.28398e+00 |243  0.01228  5.87554e+00
244  0.00526  4.77176e+00 |245 -0.00954  4.74331e+00 |246 -0.01347  4.92796e+00
247  0.01096  4.99084e+00 |248  0.00450  4.40191e+00 |249 -0.00663  4.04256e+00
250 -0.00191  3.40325e+00 |251  0.00381  2.28838e+00 |252 -0.00458  2.19948e+00
253  0.00483  2.18993e+00 |254 -0.01941  1.16086e+00 |255  0.00883  1.01105e+00
256  0.00004  9.13950e-03 |257 -0.07742  2.62310e+01 |258  0.00323  2.58522e+01
259 -0.00285  2.72317e+01 |260 -0.00153  2.62832e+01 |261  0.00348  2.73078e+01
262  0.01763  2.35283e+01 |263 -0.01679  2.25010e+01 |264  0.00610  2.45298e+01
265  0.00087  2.51988e+01 |266 -0.02602  2.16058e+01 |267  0.01223  2.06749e+01
268 -0.01074  1.88592e+01 |269  0.00018  1.88201e+01 |270 -0.00130  1.83704e+01
271  0.00301  1.89896e+01 |272 -0.00212  2.05776e+01 |273  0.00178  2.07507e+01
274  0.00052  1.96802e+01 |275  0.00387  1.97335e+01 |276 -0.00008  1.91964e+01
277 -0.00201  1.95369e+01 |278  0.00033  1.86390e+01 |279  0.00162  1.92137e+01
280  0.00255  1.47113e+01 |281  0.00587  1.44599e+01 |282 -0.01437  1.86963e+01
283  0.00753  1.67129e+01 |284 -0.00224  1.67864e+01 |285  0.00016  1.65002e+01
286  0.00400  1.56335e+01 |287 -0.00260  1.44060e+01 |288 -0.00086  1.37271e+01
289 -0.00250  1.41384e+01 |290  0.00732  1.38010e+01 |291  0.00610  1.30145e+01
292 -0.00773  1.31058e+01 |293 -0.00003  1.28526e+01 |294  0.00226  1.18368e+01
295  0.00729  1.10477e+01 |296 -0.00941  1.05381e+01 |297 -0.00373  9.40347e+00
298 -0.00105  9.14514e+00 |299 -0.00140  8.15694e+00 |300  0.00612  7.58069e+00
301  0.00162  7.75938e+00 |302 -0.00640  8.26476e+00 |303  0.00383  8.76423e+00
304 -0.00326  8.16626e+00 |305  0.00442  7.55931e+00 |306 -0.00140  7.13833e+00
307  0.00047  6.36451e+00 |308 -0.00391  6.33528e+00 |309  0.00793  6.20081e+00
310 -0.00211  6.01000e+00 |311 -0.00471  5.91812e+00 |312  0.00659  4.77639e+00
313  0.00484  5.33524e+00 |314  0.00239  6.16626e+00 |315 -0.00991  7.21467e+00
316  0.00288  6.52206e+00 |317  0.00081  6.05378e+00 |318  0.00048  5.21505e+00
319  0.00005  3.91716e+00 |320  0.00078  4.10969e+00 |321 -0.00481  3.66058e+00
322  0.01337  2.08012e+00 |323 -0.01925  1.67841e+00 |324 -0.00001 -1.30506e-03
324 variables; iteration 680; function evaluation 737; phase 5
Function value 3.0843623e+03; maximum gradient component mag 2.9026e+01
Var    Value     Gradient |Var    Value     Gradient |Var    Value     Gradient
  1 -0.03451  8.05353e+00 |  2  0.04350  4.31911e-03 |  3 -2.13503 -7.02358e-02
  4 -0.03068  4.26772e-02 |  5 -1.92314  2.02041e-02 |  6  0.05475  3.34648e-01
  7 -2.04428 -1.75237e-01 |  8 -2.00047 -6.97097e-02 |  9  0.04940 -1.28526e-02
 10  0.01846  1.41676e-01 | 11  1.78167 -3.07459e-01 | 12 -0.12274 -1.57190e-01
 13 -0.04087 -1.50371e-01 | 14 -0.15738 -5.95896e-02 | 15 -0.17605 -4.31521e-02
 16  0.24058  8.28567e-01 | 17  0.00269  1.69400e-01 | 18 -0.10874 -5.22743e-02
 19 -0.04878 -8.40817e-02 | 20 -0.01175  2.82592e-01 | 21 -0.09563 -4.67692e-02
 22  0.03550  3.05502e-01 | 23 -0.12280  6.20305e-02 | 24 -0.03479 -3.31741e-02
 25  0.01064 -3.54563e-02 | 26  0.02384  4.12840e-02 | 27 -0.11359 -2.36144e-02
 28  0.01476  4.20319e-02 | 29  0.05390  1.73838e-01 | 30 -0.08316  1.55348e-02
 31 -0.18812  5.76275e-02 | 32  0.03975  7.78500e-03 | 33  0.05329 -6.50049e-02
 34  0.05957  8.72762e-02 | 35  0.04440 -1.57414e-01 | 36 -1.95522  1.78737e-01
 37 -0.01625 -1.03123e-01 | 38  0.06251 -4.92667e-01 | 39 -1.93651  9.77103e-02
 40  0.21512 -3.53134e-01 | 41  0.02259 -6.01244e-02 | 42  0.08433  9.77709e-02
 43 -0.06237  3.00817e-01 | 44  0.17905  8.23276e-02 | 45 -0.03616 -5.42085e-01
 46 -0.03207 -6.60637e-02 | 47 -0.01417 -2.26081e-02 | 48 -0.08804 -8.90373e-02
 49  0.11583  6.50136e-02 | 50  0.01263 -3.02175e-01 | 51  0.00066 -5.33606e-02
 52  0.01994 -2.29109e-01 | 53 -0.03379  2.85461e-02 | 54  0.08527 -2.99006e-01
 55  0.00715 -7.93162e-01 | 56 -0.04897  3.94979e-01 | 57 -0.05577  1.68218e-01
 58  0.08477  1.98772e-01 | 59 -0.03165  6.45524e-01 | 60  0.01695 -5.94788e-01
 61  0.00805 -2.58244e-01 | 62  0.07296 -2.75919e-01 | 63  0.09979  6.83683e-01
 64 -0.05803 -3.53106e-03 | 65 -0.01181 -2.01738e-01 | 66  0.04115  3.47650e-01
 67  0.01090 -6.45934e-02 | 68 -0.04088 -5.88343e-02 | 69  0.03755 -7.08664e-03
 70  0.01437 -2.01156e-02 | 71  0.15524 -2.15954e-01 | 72 -0.06520  1.88001e-01
 73 -0.02615  1.33737e-01 | 74 -0.03534 -1.33294e-01 | 75  0.02061 -2.93090e-01
 76 -0.10486 -1.84671e-04 | 77 -0.52248 -7.88795e-02 | 78 -0.66242 -2.04499e-02
 79 -1.19463 -3.07119e-02 | 80 -0.70542 -2.98143e-02 | 81 -0.75340  1.51898e-04
 82 -1.22945 -5.20185e-02 | 83 -1.17746 -1.88864e-02 | 84 -1.15091 -2.68328e-02
 85 -1.17234  3.90477e-02 | 86 -0.74079 -3.59405e-03 | 87 -0.81864 -1.62860e-02
 88 -1.18844  2.36163e-02 | 89 -0.79159  2.81943e-02 | 90 -1.20218 -1.63941e-02
 91 -0.80846  7.37953e-02 | 92 -0.81008 -1.81366e-02 | 93 -0.78576  8.19030e-02
 94 -1.20354  2.78910e-03 | 95 -0.79089  3.39621e-02 | 96 -0.84584  5.76342e-02
 97 -0.84619 -2.38617e-02 | 98 -0.86522  8.11055e-04 | 99 -1.10270 -4.96604e-02
100 -0.73272 -3.05992e-06 |101  0.94953  7.91313e-02 |102  0.53312  5.44471e+00
103  0.61087  6.64023e+00 |104  0.08999 -1.74115e-01 |105 -0.16827 -2.71845e-01
106 -0.20614 -6.69487e-01 |107 -0.17210 -7.69598e-01 |108  0.00056  8.21652e+00
109  0.16847  2.65708e+00 |110 -0.02559  1.44917e+00 |111  0.17362  4.64256e-01
112 -0.06325 -1.08799e-01 |113  0.43485  1.50930e-03 |114 -0.05159  1.39368e-01
115 -0.34274 -1.05430e-01 |116 -0.20335  2.47604e-01 |117 -1.76558 -8.16285e-02
118 -0.27504 -1.54470e-02 |119  1.91761  2.55534e-02 |120 -0.16914  2.54145e-03
121 -0.00118  1.79624e+00 |122 -0.00202  1.66028e+00 |123 -0.00354  1.34040e+00
124 -0.00695  1.45418e+00 |125 -0.00736  1.40811e+00 |126 -0.00685  1.60540e+00
127 -0.00810  1.38002e+00 |128 -0.00828  1.51425e+00 |129  0.00878  1.58235e+00
130 -0.00248  1.68786e+00 |131 -0.00649  1.58455e+00 |132 -0.02087  1.26767e+00
133  0.00210  1.84959e+00 |134 -0.01015  1.40337e+00 |135  0.00674  5.79518e-01
136  0.00686  2.12635e+00 |137 -0.00410  1.60234e+00 |138  0.01634  1.53024e+00
139 -0.01556  1.68765e+00 |140 -0.01459  1.48032e+00 |141  0.00890  1.28933e+00
142  0.02045  1.52145e+00 |143 -0.00409  1.42994e+00 |144 -0.02083  1.39366e+00
145  1.97983 -2.54031e+00 |146 -1.97649 -2.40713e+00 |147  0.02555  1.60462e+00
148  0.00137  1.53428e+00 |149  0.00280  1.74394e+00 |150 -0.00886  2.00254e+00
151  0.01255  1.98194e+00 |152  0.02203  1.90499e+00 |153 -0.02517  2.32218e+00
154 -0.02060  2.25067e+00 |155  0.00602  2.55701e+00 |156  0.00369  2.35755e+00
157  0.00341  2.55326e+00 |158 -0.02178  2.38436e+00 |159 -0.01124  2.39937e+00
160  0.02750  2.30167e+00 |161 -0.00960  2.35112e+00 |162  0.01801  2.38301e+00
163 -0.00742  2.31585e+00 |164 -0.01873  2.36676e+00 |165  0.00817  2.31721e+00
166  0.00391  1.97880e+00 |167 -0.00347  1.98446e+00 |168  0.00530  2.25642e+00
169 -0.01847  2.23139e+00 |170 -0.00151  2.19483e+00 |171  0.02258  1.88153e+00
172 -0.02919  1.86253e+00 |173  0.01036  1.58878e+00 |174  0.02302  1.36674e+00
175  0.02191  1.49848e+00 |176 -0.00248  1.40944e+00 |177 -0.00637  1.35716e+00
178 -0.02001  1.34552e+00 |179  0.00304  1.39493e+00 |180 -0.00216  1.10732e+00
181  0.00264  8.88810e-01 |182 -0.00462  4.02322e-01 |183  0.00518  3.73015e-01
184 -0.00687  4.98878e-02 |185 -0.01108 -2.08465e-02 |186  0.00226  4.38086e-02
187 -0.01194  1.23253e-02 |188  0.00003  6.37750e-03 |189 -0.04935  2.16408e+01
190  0.00116  2.17406e+01 |191 -0.01011  2.44952e+01 |192  0.00869  2.48709e+01
193  0.00645  2.45665e+01 |194 -0.02484  2.44164e+01 |195  0.01908  2.46664e+01
196  0.00018  2.45991e+01 |197 -0.02853  2.36927e+01 |198  0.01783  2.36323e+01
199 -0.00267  2.46137e+01 |200 -0.00073  2.41254e+01 |201 -0.00149  2.27851e+01
202  0.00833  2.35336e+01 |203 -0.00990  2.31107e+01 |204  0.00419  2.20406e+01
205  0.00287  2.20064e+01 |206  0.00143  2.13389e+01 |207 -0.00665  2.09755e+01
208  0.01008  1.93842e+01 |209 -0.00967  1.91505e+01 |210  0.00341  1.99273e+01
211  0.00006  2.04558e+01 |212  0.01005  1.45461e+01 |213 -0.02451  1.46960e+01
214  0.01665  2.11718e+01 |215 -0.00771  1.88838e+01 |216  0.00381  1.71544e+01
217 -0.00068  1.76935e+01 |218  0.00685  1.67630e+01 |219 -0.00774  1.42997e+01
220 -0.00027  1.27342e+01 |221  0.01240  1.26935e+01 |222 -0.00508  1.25088e+01
223 -0.00251  1.23374e+01 |224  0.00085  1.20421e+01 |225 -0.00051  1.22692e+01
226  0.00232  1.06360e+01 |227 -0.01709  9.49542e+00 |228  0.00882  9.85755e+00
229  0.00794  9.39080e+00 |230 -0.00736  9.22946e+00 |231  0.00736  9.00449e+00
232 -0.00406  8.13072e+00 |233 -0.00522  7.63731e+00 |234  0.00640  7.44781e+00
235 -0.00467  7.10012e+00 |236  0.00328  7.00630e+00 |237  0.00163  6.52097e+00
238 -0.00467  6.63718e+00 |239 -0.00701  6.49902e+00 |240  0.01260  6.01206e+00
241 -0.00959  5.72120e+00 |242  0.00326  5.15043e+00 |243  0.01228  4.80743e+00
244  0.00527  4.13609e+00 |245 -0.00954  3.81021e+00 |246 -0.01363  3.54509e+00
247  0.01110  3.42309e+00 |248  0.00451  3.03421e+00 |249 -0.00664  2.09449e+00
250 -0.00191  1.30109e+00 |251  0.00380  9.70450e-01 |252 -0.00456  8.01193e-01
253  0.00476  8.99624e-01 |254 -0.01941  1.17422e+00 |255  0.00890  7.77137e-01
256  0.00002  5.69569e-03 |257 -0.07717  2.89711e+01 |258  0.00335  2.85467e+01
259 -0.00297  2.59101e+01 |260 -0.00148  2.56472e+01 |261  0.00344  2.57806e+01
262  0.01792  2.19807e+01 |263 -0.01727  2.12238e+01 |264  0.00639  2.90264e+01
265 -0.00023  2.80902e+01 |266 -0.02499  2.88442e+01 |267  0.01221  2.72063e+01
268 -0.01069  2.50142e+01 |269  0.00016  2.22110e+01 |270 -0.00134  2.07941e+01
271  0.00307  2.08500e+01 |272 -0.00218  1.95122e+01 |273  0.00175  1.95465e+01
274  0.00061  1.92955e+01 |275  0.00380  1.58757e+01 |276 -0.00005  1.50790e+01
277 -0.00204  1.44696e+01 |278  0.00033  1.47120e+01 |279  0.00162  1.71617e+01
280  0.00254  1.29552e+01 |281  0.00588  1.31827e+01 |282 -0.01432  1.73270e+01
283  0.00747  1.43955e+01 |284 -0.00219  1.32438e+01 |285  0.00013  1.30630e+01
286  0.00400  1.25207e+01 |287 -0.00262  1.00932e+01 |288 -0.00082  9.99587e+00
289 -0.00254  9.93042e+00 |290  0.00733  9.95840e+00 |291  0.00613  9.40354e+00
292 -0.00778  9.05880e+00 |293 -0.00006  1.01481e+01 |294  0.00230  8.63486e+00
295  0.00729  8.28296e+00 |296 -0.00941  7.80845e+00 |297 -0.00372  7.71593e+00
298 -0.00104  7.82241e+00 |299 -0.00142  7.68070e+00 |300  0.00613  7.26828e+00
301  0.00162  6.90279e+00 |302 -0.00640  7.01950e+00 |303  0.00382  6.83810e+00
304 -0.00326  7.91476e+00 |305  0.00444  8.36900e+00 |306 -0.00140  8.43206e+00
307  0.00047  8.21151e+00 |308 -0.00391  8.02648e+00 |309  0.00794  7.90145e+00
310 -0.00212  7.15212e+00 |311 -0.00472  7.12841e+00 |312  0.00661  7.15250e+00
313  0.00486  7.24700e+00 |314  0.00253  6.21994e+00 |315 -0.01007  4.04029e+00
316  0.00289  4.02851e+00 |317  0.00081  2.74339e+00 |318  0.00047  1.33994e+00
319  0.00005  8.25492e-01 |320  0.00076  7.67294e-01 |321 -0.00480  1.34305e+00
322  0.01345  1.48940e+00 |323 -0.01933  2.80969e-01 |324 -0.00002 -5.80276e-03
324 variables; iteration 700; function evaluation 757; phase 5
Function value 3.0843253e+03; maximum gradient component mag 4.4476e+01
Var    Value     Gradient |Var    Value     Gradient |Var    Value     Gradient
  1 -0.03454  5.99961e+00 |  2  0.04325 -1.42453e-01 |  3 -2.13503  7.89411e-03
  4 -0.02978  4.01617e-01 |  5 -1.92304  1.15089e-01 |  6  0.05477 -1.29938e-01
  7 -2.04451 -4.57217e-01 |  8 -2.00013 -4.11191e-01 |  9  0.04978 -1.72935e-01
 10  0.01841  1.93388e-01 | 11  1.78148 -6.19634e-01 | 12 -0.12393 -5.34785e-01
 13 -0.03993  3.37202e-02 | 14 -0.15752 -8.59785e-03 | 15 -0.17793 -1.90109e-01
 16  0.24065 -1.65236e-01 | 17  0.00211 -3.45973e-01 | 18 -0.10832 -1.23914e-01
 19 -0.04856 -3.60607e-02 | 20 -0.01163  2.72134e-01 | 21 -0.09604  1.16937e-01
 22  0.03569  5.65427e-01 | 23 -0.12275 -1.51188e-01 | 24 -0.03482 -1.35982e-01
 25  0.01099  1.95662e-01 | 26  0.02371  3.15482e-01 | 27 -0.11352  7.73269e-03
 28  0.01487  1.29681e-01 | 29  0.05398 -6.40388e-02 | 30 -0.08333  8.02787e-02
 31 -0.18853  7.30508e-02 | 32  0.04005 -3.10242e-01 | 33  0.05310  1.50127e-02
 34  0.05957 -3.34678e-01 | 35  0.04438 -1.93364e-01 | 36 -1.95513  3.23073e-01
 37 -0.01616 -3.71459e-03 | 38  0.06272  2.48268e-02 | 39 -1.93646  1.89504e-01
 40  0.21518 -7.19340e-01 | 41  0.02268  6.37633e-02 | 42  0.08437 -6.69531e-02
 43 -0.06231  6.70889e-02 | 44  0.17906 -1.02848e+00 | 45 -0.03595  6.02802e-01
 46 -0.03196  9.12589e-01 | 47 -0.01411  4.68532e-01 | 48 -0.08803 -3.38541e-01
 49  0.11587  4.85388e-01 | 50  0.01274  8.89350e-01 | 51  0.00067 -2.11575e-01
 52  0.02004  1.28758e+00 | 53 -0.03374  1.01293e-01 | 54  0.08531 -1.75496e-01
 55  0.00717 -1.14659e+00 | 56 -0.04898 -3.42100e-01 | 57 -0.05575 -1.13765e-01
 58  0.08486  1.98494e+00 | 59 -0.03163  4.97739e-01 | 60  0.01699 -7.64851e-01
 61  0.00809 -1.71742e-01 | 62  0.07301  2.07903e-01 | 63  0.09977 -1.31207e+00
 64 -0.05794  4.85384e-01 | 65 -0.01175 -7.55960e-02 | 66  0.04117 -7.50393e-01
 67  0.01095  7.21501e-02 | 68 -0.04077  1.00194e+00 | 69  0.03757 -4.85334e-01
 70  0.01446  5.27370e-01 | 71  0.15527 -2.39816e-01 | 72 -0.06517  2.35682e-01
 73 -0.02622 -9.69967e-01 | 74 -0.03526  5.45836e-01 | 75  0.02065 -2.91518e-01
 76 -0.10467  6.11207e-01 | 77 -0.52265 -1.04153e-01 | 78 -0.66244 -2.56488e-02
 79 -1.19460  4.58226e-02 | 80 -0.70552 -1.23602e-01 | 81 -0.75333  9.85878e-02
 82 -1.22956 -2.24298e-01 | 83 -1.17747 -6.98482e-02 | 84 -1.15087  3.35147e-02
 85 -1.17236 -4.46894e-02 | 86 -0.74070  8.82052e-02 | 87 -0.81862  7.43303e-02
 88 -1.18822  1.58810e-01 | 89 -0.79139  2.33847e-01 | 90 -1.20204  1.16647e-01
 91 -0.80838  2.95570e-01 | 92 -0.81013 -6.59213e-02 | 93 -0.78580  7.31229e-02
 94 -1.20344  1.57515e-01 | 95 -0.79088  2.00358e-01 | 96 -0.84586  4.64728e-02
 97 -0.84617  1.81811e-01 | 98 -0.86521 -9.25363e-02 | 99 -1.10268  1.57607e-01
100 -0.72214 -2.92818e-06 |101  0.95281  8.48508e-02 |102  0.52712  9.09856e+00
103  0.59091  5.82585e+00 |104  0.09000  1.82401e+00 |105 -0.16829 -1.91813e+00
106 -0.20614 -1.06864e+00 |107 -0.17211 -1.17852e+00 |108  0.00054 -1.51977e+01
109  0.16848 -4.96970e-01 |110 -0.02558  6.21864e-01 |111  0.17363  4.21811e-01
112 -0.06475 -3.62894e-01 |113  0.44109  1.79966e-03 |114 -0.05161 -1.01670e+00
115 -0.34271 -1.68126e-01 |116 -0.20352 -1.30755e+00 |117 -1.76574 -1.71778e-01
118 -0.27500  1.75706e-01 |119  1.91764  8.32611e-02 |120 -0.16882  1.22940e-01
121 -0.00354  1.52713e+00 |122 -0.00342  1.64421e+00 |123 -0.00085  2.35094e+00
124 -0.00694  1.88696e+00 |125 -0.00554  2.29048e+00 |126 -0.00730  1.93377e+00
127 -0.00657  2.19043e+00 |128 -0.00814  1.95818e+00 |129  0.01296  2.06080e+00
130 -0.00626 -9.24540e-01 |131 -0.00871 -7.93157e-01 |132 -0.02117 -7.03610e-01
133  0.00231  1.54544e-01 |134 -0.01027 -8.76776e-01 |135  0.00717 -9.43021e-01
136  0.00608 -1.18478e+00 |137 -0.00372 -3.71192e-01 |138  0.01637 -4.71988e-01
139 -0.01583 -5.81986e-01 |140 -0.01438 -1.53370e-01 |141  0.00898 -4.01176e-01
142  0.02072 -1.82665e+00 |143 -0.00350 -2.10858e+00 |144 -0.02170 -2.84764e+00
145  1.97994  1.54045e+00 |146 -1.97667  1.87348e+00 |147  0.02529 -4.30669e+00
148  0.00189 -3.88378e+00 |149  0.00271 -4.29357e+00 |150 -0.00923 -4.53389e+00
151  0.01271 -4.31413e+00 |152  0.02233 -4.44984e+00 |153 -0.02525 -4.53864e+00
154 -0.02115 -4.94835e+00 |155  0.00623 -3.76460e+00 |156  0.00375 -4.01613e+00
157  0.00269 -4.34454e+00 |158 -0.02127 -3.70106e+00 |159 -0.01113 -3.59572e+00
160  0.02754 -3.26265e+00 |161 -0.00961 -3.24783e+00 |162  0.01817 -3.30062e+00
163 -0.00768 -3.79728e+00 |164 -0.01862 -3.48378e+00 |165  0.00803 -4.07076e+00
166  0.00397 -3.73433e+00 |167 -0.00342 -3.40410e+00 |168  0.00495 -3.26837e+00
169 -0.01817 -2.27869e+00 |170 -0.00149 -2.18462e+00 |171  0.02250 -1.43181e+00
172 -0.02908 -1.05700e+00 |173  0.01028 -1.32191e+00 |174  0.02300 -6.44956e-01
175  0.02152 -2.27276e-01 |176 -0.00244  4.70896e-02 |177 -0.00630  3.57797e-02
178 -0.01969  1.90185e-01 |179  0.00303  3.46928e-01 |180 -0.00227  1.95392e-01
181  0.00267  2.47011e-01 |182 -0.00443  3.28461e-01 |183  0.00510  1.43481e-01
184 -0.00694  2.04556e-01 |185 -0.01092  4.29350e-01 |186  0.00232  4.10245e-01
187 -0.01204 -1.52379e-01 |188  0.00004  1.03624e-02 |189 -0.04844  4.39613e+01
190  0.00174  4.44760e+01 |191 -0.01068  4.24521e+01 |192  0.00878  4.34148e+01
193  0.00515  4.12364e+01 |194 -0.02206  4.35592e+01 |195  0.01693  4.11491e+01
196  0.00013  4.24633e+01 |197 -0.02625  4.16452e+01 |198  0.01623  3.86630e+01
199 -0.00235  3.88455e+01 |200 -0.00107  3.77317e+01 |201 -0.00147  3.27436e+01
202  0.00831  3.25275e+01 |203 -0.00965  3.24110e+01 |204  0.00401  2.91382e+01
205  0.00283  2.90011e+01 |206  0.00149  2.94453e+01 |207 -0.00677  2.91547e+01
208  0.01022  2.97717e+01 |209 -0.00970  2.94331e+01 |210  0.00337  2.68081e+01
211 -0.00003  2.73271e+01 |212  0.01013  2.48996e+01 |213 -0.02422  2.50983e+01
214  0.01626  2.51683e+01 |215 -0.00757  2.93407e+01 |216  0.00381  2.93710e+01
217 -0.00068  2.87190e+01 |218  0.00689  2.60952e+01 |219 -0.00777  2.23652e+01
220 -0.00032  1.87207e+01 |221  0.01244  1.78860e+01 |222 -0.00509  1.56633e+01
223 -0.00245  1.62516e+01 |224  0.00078  1.39730e+01 |225 -0.00064  1.41087e+01
226  0.00255  1.51142e+01 |227 -0.01711  1.24201e+01 |228  0.00877  1.21761e+01
229  0.00794  1.14209e+01 |230 -0.00736  1.06089e+01 |231  0.00735  9.09695e+00
232 -0.00402  8.81274e+00 |233 -0.00524  6.51868e+00 |234  0.00643  4.14205e+00
235 -0.00469  2.17650e+00 |236  0.00328 -9.67622e-02 |237  0.00164 -5.39032e-01
238 -0.00470 -1.74265e+00 |239 -0.00699 -1.06408e+00 |240  0.01256 -2.98593e+00
241 -0.00955 -2.34216e+00 |242  0.00324 -2.60056e+00 |243  0.01228 -3.23444e+00
244  0.00525 -3.78162e+00 |245 -0.00952 -3.32739e+00 |246 -0.01340 -3.27719e+00
247  0.01088 -3.78740e+00 |248  0.00449 -4.33436e+00 |249 -0.00661 -3.83400e+00
250 -0.00193 -3.92309e+00 |251  0.00381 -3.74635e+00 |252 -0.00457 -2.92417e+00
253  0.00474 -1.34995e+00 |254 -0.01931 -4.55239e-01 |255  0.00884 -2.82157e-01
256  0.00003  7.93771e-03 |257 -0.07436  2.20204e+01 |258  0.00311  2.34151e+01
259 -0.00268  2.58043e+01 |260 -0.00154  2.51520e+01 |261  0.00344  2.46694e+01
262  0.01670  2.48248e+01 |263 -0.01571  2.51699e+01 |264  0.00633  2.38025e+01
265 -0.00215  2.01163e+01 |266 -0.02335  2.76374e+01 |267  0.01199  2.61955e+01
268 -0.01032  2.88584e+01 |269  0.00008  1.92143e+01 |270 -0.00139  1.54361e+01
271  0.00284  1.63867e+01 |272 -0.00194  2.21370e+01 |273  0.00175  2.20422e+01
274  0.00060  2.24850e+01 |275  0.00387  1.79592e+01 |276 -0.00022  1.54359e+01
277 -0.00193  2.12862e+01 |278  0.00034  1.87598e+01 |279  0.00160  2.17660e+01
280  0.00252  2.04475e+01 |281  0.00571  2.05206e+01 |282 -0.01407  2.18261e+01
283  0.00736  2.02792e+01 |284 -0.00213  2.12407e+01 |285  0.00013  2.03466e+01
286  0.00398  1.92536e+01 |287 -0.00258  1.70117e+01 |288 -0.00081  1.54175e+01
289 -0.00259  1.35532e+01 |290  0.00733  1.19278e+01 |291  0.00611  1.17193e+01
292 -0.00775  1.05250e+01 |293  0.00008  1.11594e+01 |294  0.00216  7.48269e+00
295  0.00724  6.35225e+00 |296 -0.00938  6.12905e+00 |297 -0.00371  6.73289e+00
298 -0.00104  6.38182e+00 |299 -0.00142  5.24220e+00 |300  0.00611  4.71806e+00
301  0.00167  4.33359e+00 |302 -0.00643  7.96306e-01 |303  0.00383  1.15621e-01
304 -0.00327 -8.72732e-01 |305  0.00444 -6.56937e-01 |306 -0.00140 -2.13723e+00
307  0.00046 -2.50028e+00 |308 -0.00391 -3.65061e+00 |309  0.00793 -3.53568e+00
310 -0.00209 -3.56190e+00 |311 -0.00472 -4.75180e+00 |312  0.00661 -5.31096e+00
313  0.00485 -5.75648e+00 |314  0.00231 -6.88153e+00 |315 -0.00984 -4.98287e+00
316  0.00287 -5.50285e+00 |317  0.00080 -5.08594e+00 |318  0.00050 -4.35833e+00
319  0.00004 -4.45178e+00 |320  0.00077 -4.16795e+00 |321 -0.00481 -2.37848e+00
322  0.01335 -1.07673e+00 |323 -0.01924 -8.62402e-01 |324 -0.00004 -9.11357e-03
324 variables; iteration 720; function evaluation 777; phase 5
Function value 3.0840786e+03; maximum gradient component mag -2.3830e+02
Var    Value     Gradient |Var    Value     Gradient |Var    Value     Gradient
  1 -0.03450 -1.74471e+02 |  2  0.04492 -6.78440e-02 |  3 -2.13427  1.57535e+00
  4 -0.03057 -5.74831e-01 |  5 -1.92279  6.91978e-01 |  6  0.05485 -1.39624e+00
  7 -2.04426  1.36309e+00 |  8 -2.00100  1.09207e+00 |  9  0.04882 -9.72038e-01
 10  0.01971  1.35148e+00 | 11  1.78196  4.51812e+00 | 12 -0.12025  1.72956e+00
 13 -0.04001  9.71954e-01 | 14 -0.15728  9.75734e-01 | 15 -0.17821 -1.53640e-01
 16  0.24046 -1.15905e+01 | 17  0.00345 -6.68557e-01 | 18 -0.10981  1.84102e-01
 19 -0.04886 -4.62251e-01 | 20 -0.01210 -2.15772e+00 | 21 -0.09470  3.68984e-01
 22  0.03521 -4.37341e+00 | 23 -0.12240 -1.68907e-01 | 24 -0.03464 -8.51346e-01
 25  0.01000 -3.87585e+00 | 26  0.02423 -2.41149e+00 | 27 -0.11385 -4.74035e-01
 28  0.01485 -2.53154e+00 | 29  0.05387 -6.30640e+00 | 30 -0.08310 -7.12148e-01
 31 -0.18972  4.65755e-01 | 32  0.03941 -4.62456e+00 | 33  0.05397 -1.84360e+00
 34  0.05932 -3.26754e+00 | 35  0.04474 -3.44782e+00 | 36 -1.95423  6.25241e-01
 37 -0.01612 -2.04685e-01 | 38  0.06248 -9.28551e-01 | 39 -1.93640 -7.89741e-03
 40  0.21509 -4.24338e+00 | 41  0.02277  6.81333e-02 | 42  0.08423 -1.24876e+00
 43 -0.06258  6.66751e-02 | 44  0.17896 -5.15435e+00 | 45 -0.03579  3.08291e+00
 46 -0.03204  1.93341e+00 | 47 -0.01425  3.47134e-01 | 48 -0.08812  9.29960e-01
 49  0.11580  6.44052e-01 | 50  0.01266  1.39671e+00 | 51  0.00066  1.67339e+00
 52  0.01995  2.62668e+00 | 53 -0.03378  1.67188e+00 | 54  0.08528  2.23496e+00
 55  0.00717  1.36879e+00 | 56 -0.04897  1.84711e+00 | 57 -0.05580  1.75622e+00
 58  0.08478  3.50029e+00 | 59 -0.03173  1.01511e+00 | 60  0.01702  2.15698e+00
 61  0.00808  2.52554e+00 | 62  0.07292  1.28088e+00 | 63  0.09979  3.28508e+00
 64 -0.05806  1.26758e+00 | 65 -0.01179  2.16850e+00 | 66  0.04112  1.76530e+00
 67  0.01095  3.95542e+00 | 68 -0.04087  1.15796e+00 | 69  0.03754  2.79407e+00
 70  0.01447  4.32221e+00 | 71  0.15521  8.33118e-01 | 72 -0.06526  1.30682e+00
 73 -0.02619  2.03472e+00 | 74 -0.03549  3.51105e-01 | 75  0.02061  2.86301e+00
 76 -0.10480  2.00191e+00 | 77 -0.52306  5.69981e-01 | 78 -0.66229  1.07183e-01
 79 -1.19461  1.75751e-02 | 80 -0.70531  1.55723e-02 | 81 -0.75328  2.90072e-01
 82 -1.22984 -5.28349e-01 | 83 -1.17738  1.91922e-01 | 84 -1.15085  2.24687e-01
 85 -1.17243 -3.56742e-01 | 86 -0.74074 -6.19674e-03 | 87 -0.81889 -5.35221e-01
 88 -1.18850  3.38357e-02 | 89 -0.79133  2.60441e-01 | 90 -1.20208  1.14790e-02
 91 -0.80852 -8.43300e-02 | 92 -0.81021 -2.49936e-01 | 93 -0.78602 -2.51500e-01
 94 -1.20349  1.69019e-02 | 95 -0.79090  7.27438e-02 | 96 -0.84591  4.12548e-02
 97 -0.84617  2.13982e-01 | 98 -0.86531  1.20649e-01 | 99 -1.10281 -8.12935e-01
100 -0.68468 -2.52840e-06 |101  0.96459 -1.84755e-02 |102  0.49005 -2.55369e+01
103  0.50352 -3.78750e+01 |104  0.09004  1.22677e+01 |105 -0.16830  9.10282e-01
106 -0.20609  3.70689e+00 |107 -0.17201  3.24683e+00 |108  0.00056 -2.40530e+01
109  0.16834 -2.38407e+01 |110 -0.02556 -9.89688e+00 |111  0.17364 -3.71168e+00
112 -0.06576 -6.20882e-01 |113  0.46449  2.48761e-03 |114 -0.05157  1.69937e+00
115 -0.34274  6.50764e+00 |116 -0.20288  6.11796e+00 |117 -1.76475 -3.03854e-02
118 -0.27444  2.65919e-01 |119  1.91839  7.62432e-01 |120 -0.16888 -3.12792e-01
121 -0.00529 -6.89683e+00 |122 -0.00349 -6.35167e+00 |123 -0.00050 -5.52535e+00
124 -0.00587 -5.71365e+00 |125 -0.00319 -4.98997e+00 |126 -0.01204 -7.12800e+00
127 -0.00427 -5.10955e+00 |128 -0.00740 -5.74007e+00 |129  0.01321 -6.05985e+00
130 -0.00654 -9.24513e+00 |131 -0.00764 -8.82205e+00 |132 -0.02203 -9.50929e+00
133  0.00260 -1.03360e+01 |134 -0.01144 -1.35378e+01 |135  0.00793 -1.18483e+01
136  0.00520 -1.37431e+01 |137 -0.00381 -1.13519e+01 |138  0.01675 -8.47684e+00
139 -0.01604 -8.26747e+00 |140 -0.01406 -7.25872e+00 |141  0.00932 -7.09429e+00
142  0.01975 -1.35083e+01 |143 -0.00442 -1.33129e+01 |144 -0.01920 -1.26922e+01
145  1.98113  1.72070e+01 |146 -1.97644  1.49452e+01 |147  0.02589 -1.21980e+01
148  0.00237 -1.20516e+01 |149  0.00209 -1.34725e+01 |150 -0.00896 -1.32018e+01
151  0.01250 -1.35009e+01 |152  0.02178 -1.37087e+01 |153 -0.02494 -1.30619e+01
154 -0.02090 -1.33425e+01 |155  0.00719 -1.24777e+01 |156  0.00295 -1.37237e+01
157  0.00265 -1.45238e+01 |158 -0.02147 -1.40616e+01 |159 -0.01099 -1.38413e+01
160  0.02695 -1.36140e+01 |161 -0.00913 -1.24358e+01 |162  0.01793 -1.20554e+01
163 -0.00739 -1.19052e+01 |164 -0.01868 -1.17993e+01 |165  0.00813 -1.22862e+01
166  0.00382 -1.24319e+01 |167 -0.00321 -1.11599e+01 |168  0.00533 -1.18722e+01
169 -0.01870 -1.24367e+01 |170 -0.00156 -1.17924e+01 |171  0.02274 -7.10849e+00
172 -0.02928 -7.36259e+00 |173  0.01031 -6.14683e+00 |174  0.02308 -4.73899e+00
175  0.02130 -4.70155e+00 |176 -0.00243 -4.26914e+00 |177 -0.00605 -4.21178e+00
178 -0.01973 -4.14840e+00 |179  0.00288 -4.11121e+00 |180 -0.00233 -3.91746e+00
181  0.00291 -3.56137e+00 |182 -0.00443 -3.79696e+00 |183  0.00491 -4.37952e+00
184 -0.00670 -3.45875e+00 |185 -0.01124 -3.63068e+00 |186  0.00241 -2.79518e+00
187 -0.01197 -2.77262e+00 |188  0.00021  5.27458e-02 |189 -0.04237 -1.58292e+02
190  0.00085 -1.55367e+02 |191 -0.00932 -1.47645e+02 |192  0.00818 -1.45605e+02
193  0.00949 -1.36828e+02 |194 -0.02902 -1.41106e+02 |195  0.02090 -1.35407e+02
196 -0.00034 -1.39752e+02 |197 -0.02825 -1.41297e+02 |198  0.01776 -1.36854e+02
199 -0.00311 -1.37849e+02 |200 -0.00037 -1.37837e+02 |201 -0.00161 -1.22518e+02
202  0.00851 -1.15620e+02 |203 -0.01014 -1.13452e+02 |204  0.00440 -1.11532e+02
205  0.00271 -1.09502e+02 |206  0.00139 -1.02951e+02 |207 -0.00639 -9.81909e+01
208  0.00985 -1.01451e+02 |209 -0.00970 -1.00095e+02 |210  0.00348 -9.66992e+01
211  0.00013 -9.28375e+01 |212  0.00962 -1.00171e+02 |213 -0.02367 -1.01272e+02
214  0.01635 -9.05994e+01 |215 -0.00796 -9.22658e+01 |216  0.00398 -9.33901e+01
217 -0.00099 -9.18754e+01 |218  0.00718 -8.41608e+01 |219 -0.00790 -7.49992e+01
220 -0.00022 -6.83824e+01 |221  0.01235 -6.69994e+01 |222 -0.00492 -6.41169e+01
223 -0.00277 -6.64758e+01 |224  0.00094 -6.32213e+01 |225 -0.00029 -6.17107e+01
226  0.00228 -6.55040e+01 |227 -0.01749 -6.78527e+01 |228  0.00915 -6.07665e+01
229  0.00788 -5.98347e+01 |230 -0.00736 -5.75591e+01 |231  0.00741 -5.11083e+01
232 -0.00402 -5.24243e+01 |233 -0.00526 -5.41748e+01 |234  0.00640 -5.26463e+01
235 -0.00473 -5.13079e+01 |236  0.00336 -4.88698e+01 |237  0.00158 -5.13301e+01
238 -0.00463 -4.96404e+01 |239 -0.00704 -4.58717e+01 |240  0.01258 -4.42956e+01
241 -0.00952 -4.10443e+01 |242  0.00327 -3.79831e+01 |243  0.01223 -3.81399e+01
244  0.00527 -3.53668e+01 |245 -0.00954 -3.43183e+01 |246 -0.01363 -3.38836e+01
247  0.01109 -3.12374e+01 |248  0.00447 -2.64517e+01 |249 -0.00654 -2.23777e+01
250 -0.00196 -2.15055e+01 |251  0.00379 -1.95599e+01 |252 -0.00458 -1.57803e+01
253  0.00478 -1.13077e+01 |254 -0.01946 -1.02010e+01 |255  0.00891 -7.55440e+00
256  0.00001  2.66715e-03 |257 -0.06065 -2.38301e+02 |258  0.00364 -2.32150e+02
259 -0.00344 -2.37662e+02 |260 -0.00111 -2.22029e+02 |261  0.00316 -2.15459e+02
262  0.01900 -2.06862e+02 |263 -0.01757 -2.04991e+02 |264  0.00550 -2.20126e+02
265 -0.00026 -2.18708e+02 |266 -0.02473 -2.12940e+02 |267  0.01239 -2.12545e+02
268 -0.01119 -2.15853e+02 |269  0.00047 -1.93451e+02 |270 -0.00135 -1.87286e+02
271  0.00320 -1.81876e+02 |272 -0.00232 -1.78781e+02 |273  0.00188 -1.72327e+02
274  0.00056 -1.66529e+02 |275  0.00368 -1.64702e+02 |276  0.00012 -1.60831e+02
277 -0.00200 -1.57218e+02 |278  0.00028 -1.59181e+02 |279  0.00160 -1.56740e+02
280  0.00251 -1.61073e+02 |281  0.00536 -1.59549e+02 |282 -0.01387 -1.44739e+02
283  0.00768 -1.42394e+02 |284 -0.00241 -1.43164e+02 |285  0.00023 -1.38346e+02
286  0.00368 -1.31162e+02 |287 -0.00226 -1.12619e+02 |288 -0.00085 -1.08965e+02
289 -0.00247 -1.07747e+02 |290  0.00727 -1.08608e+02 |291  0.00621 -1.10853e+02
292 -0.00791 -1.10442e+02 |293 -0.00016 -1.05675e+02 |294  0.00239 -1.04840e+02
295  0.00753 -1.01187e+02 |296 -0.00966 -9.90419e+01 |297 -0.00369 -9.53402e+01
298 -0.00103 -9.25946e+01 |299 -0.00144 -8.75136e+01 |300  0.00610 -8.52185e+01
301  0.00165 -8.14516e+01 |302 -0.00639 -7.79935e+01 |303  0.00389 -7.49342e+01
304 -0.00332 -7.42924e+01 |305  0.00446 -7.33198e+01 |306 -0.00142 -7.23977e+01
307  0.00049 -6.83635e+01 |308 -0.00394 -6.75199e+01 |309  0.00790 -6.46751e+01
310 -0.00211 -5.94253e+01 |311 -0.00470 -5.44264e+01 |312  0.00661 -4.85770e+01
313  0.00486 -4.47095e+01 |314  0.00253 -4.24371e+01 |315 -0.01009 -4.13893e+01
316  0.00288 -3.38458e+01 |317  0.00077 -2.64903e+01 |318  0.00055 -1.91428e+01
319  0.00005 -1.66670e+01 |320  0.00079 -1.30117e+01 |321 -0.00480 -9.18058e+00
322  0.01345 -9.72814e+00 |323 -0.01937 -8.18217e+00 |324 -0.00015 -3.81665e-02
324 variables; iteration 740; function evaluation 797; phase 5
Function value 3.0838260e+03; maximum gradient component mag -1.5823e+02
Var    Value     Gradient |Var    Value     Gradient |Var    Value     Gradient
  1 -0.03454 -7.00048e+01 |  2  0.04408 -4.59217e-02 |  3 -2.13505  5.06255e-01
  4 -0.03088 -2.96690e-01 |  5 -1.92368  6.65387e-02 |  6  0.05472 -8.31271e-01
  7 -2.04434  2.10331e-01 |  8 -2.00033  2.86577e-01 |  9  0.04987 -8.14863e-01
 10  0.01820  2.47939e-01 | 11  1.78151  1.52790e+00 | 12 -0.12392 -1.40854e-01
 13 -0.04108 -4.51170e-01 | 14 -0.15778  3.00842e-01 | 15 -0.17488  4.69343e-01
 16  0.24067 -3.26324e+00 | 17  0.00255 -3.30454e-01 | 18 -0.10820  5.21067e-01
 19 -0.04883 -6.32546e-02 | 20 -0.01162 -7.18311e-01 | 21 -0.09567 -2.12104e-01
 22  0.03561 -5.96472e-01 | 23 -0.12227 -1.05085e-01 | 24 -0.03513 -4.60505e-01
 25  0.01096 -5.47930e-02 | 26  0.02363 -9.60411e-01 | 27 -0.11390  2.74192e-01
 28  0.01495 -5.90353e-01 | 29  0.05404  2.22622e-01 | 30 -0.08320 -3.11521e-01
 31 -0.18896  2.28349e-02 | 32  0.04020  6.23613e-01 | 33  0.05355 -3.67184e-01
 34  0.05920 -9.86569e-01 | 35  0.04471 -5.54966e-02 | 36 -1.95521  1.57124e-01
 37 -0.01678  1.29776e-01 | 38  0.06281  5.72265e-01 | 39 -1.93624 -3.23555e-02
 40  0.21517 -1.38306e+00 | 41  0.02257  3.88600e-01 | 42  0.08430 -9.98402e-01
 43 -0.06257 -6.93270e-01 | 44  0.17914  1.75132e+00 | 45 -0.03609  2.65936e-01
 46 -0.03208 -2.02144e-01 | 47 -0.01408  1.51069e+00 | 48 -0.08802  2.60348e-01
 49  0.11590  5.80175e-01 | 50  0.01263 -4.07159e-01 | 51  0.00071  5.52749e-01
 52  0.01996 -4.38296e-01 | 53 -0.03381 -1.45038e-01 | 54  0.08533  2.44706e-01
 55  0.00717 -7.78565e-01 | 56 -0.04895  7.08955e-01 | 57 -0.05570  1.55265e+00
 58  0.08478 -1.11343e+00 | 59 -0.03169 -4.67705e-01 | 60  0.01704  1.20818e+00
 61  0.00814  1.66915e+00 | 62  0.07306  2.17205e+00 | 63  0.09978 -7.52510e-01
 64 -0.05797  1.07087e+00 | 65 -0.01178  3.88493e-01 | 66  0.04118  5.65039e-01
 67  0.01091 -2.62037e-01 | 68 -0.04089 -2.13608e-02 | 69  0.03756 -2.68965e-01
 70  0.01438  2.38418e-01 | 71  0.15529  1.20603e+00 | 72 -0.06532 -7.14366e-01
 73 -0.02615  4.67528e-01 | 74 -0.03536 -2.24745e-02 | 75  0.02074  1.71595e+00
 76 -0.10492  3.17291e-01 | 77 -0.52270  2.93544e-01 | 78 -0.66244  1.27390e-02
 79 -1.19467 -1.87196e-01 | 80 -0.70551 -2.13329e-02 | 81 -0.75365 -2.67565e-01
 82 -1.22942  1.74125e-02 | 83 -1.17744 -1.43166e-02 | 84 -1.15095 -1.15020e-01
 85 -1.17234 -5.04503e-02 | 86 -0.74081 -5.65013e-02 | 87 -0.81860  7.64525e-02
 88 -1.18862 -2.40663e-01 | 89 -0.79179 -7.04252e-02 | 90 -1.20231 -2.29915e-01
 91 -0.80862 -1.57099e-01 | 92 -0.81014 -1.20259e-01 | 93 -0.78584 -5.47485e-02
 94 -1.20357 -4.67959e-02 | 95 -0.79085  4.28205e-02 | 96 -0.84585 -5.92224e-02
 97 -0.84622 -3.17464e-01 | 98 -0.86520  9.64960e-02 | 99 -1.10274 -1.33087e-01
100 -0.66378 -2.34127e-06 |101  0.97330  2.53528e-02 |102  0.46350 -7.40386e+00
103  0.43427 -2.65438e+01 |104  0.08998 -1.24845e+00 |105 -0.16826  3.66166e-01
106 -0.20614  8.64959e-03 |107 -0.17209  6.59437e-01 |108  0.00056  1.69094e+01
109  0.16849  6.88348e+00 |110 -0.02555  3.33271e+00 |111  0.17348 -1.08605e+00
112 -0.06218  4.53944e-02 |113  0.47690  2.71392e-03 |114 -0.05158  2.83513e-01
115 -0.34276 -2.72772e-01 |116 -0.20322  1.57373e+00 |117 -1.76537 -2.73063e-01
118 -0.27478  3.01403e-01 |119  1.91749 -3.15795e-01 |120 -0.16911 -8.02883e-02
121  0.00127 -4.53793e+00 |122 -0.00192 -5.26825e+00 |123 -0.00536 -6.07663e+00
124 -0.00798 -5.84246e+00 |125 -0.00720 -5.59683e+00 |126 -0.00554 -5.10557e+00
127 -0.00908 -5.90818e+00 |128 -0.00953 -5.84222e+00 |129  0.00524 -5.86630e+00
130 -0.00134 -3.46497e+00 |131 -0.00472 -3.17069e+00 |132 -0.01934 -3.19853e+00
133  0.00134 -3.96433e+00 |134 -0.00956 -2.54618e+00 |135  0.00681 -3.28784e+00
136  0.00695 -1.85674e+00 |137 -0.00442 -3.37278e+00 |138  0.01645 -1.75488e+00
139 -0.01524 -1.54996e+00 |140 -0.01477 -2.46947e+00 |141  0.00875 -2.83499e+00
142  0.02087 -2.04490e+00 |143 -0.00394 -2.46198e+00 |144 -0.01984 -2.53045e+00
145  1.98125  8.49717e+00 |146 -1.97590  8.94957e+00 |147  0.02596 -2.55695e+00
148  0.00077 -2.41068e+00 |149  0.00282 -1.32117e+00 |150 -0.00818 -1.74834e-01
151  0.01278  1.71557e-01 |152  0.02250 -3.08019e-02 |153 -0.02596 -6.22494e-01
154 -0.02054 -4.36826e-01 |155  0.00585  3.37279e-02 |156  0.00392  1.64030e-02
157  0.00322  4.25283e-01 |158 -0.02163  4.63895e-01 |159 -0.01130  4.15408e-01
160  0.02783  8.83390e-01 |161 -0.00988  2.39072e-01 |162  0.01798 -4.15773e-01
163 -0.00731 -4.35590e-01 |164 -0.01888 -6.43136e-01 |165  0.00814 -6.12683e-02
166  0.00410 -6.53249e-02 |167 -0.00361 -1.19413e+00 |168  0.00479 -1.06223e+00
169 -0.01795  4.95185e-01 |170 -0.00152  5.12117e-01 |171  0.02259  5.31300e-01
172 -0.02919  5.65387e-01 |173  0.01040  3.16481e-01 |174  0.02310 -4.06478e-01
175  0.02210 -7.28841e-01 |176 -0.00266 -1.06319e+00 |177 -0.00622 -1.04338e+00
178 -0.02023 -1.18938e+00 |179  0.00289 -1.28883e+00 |180 -0.00233 -1.29027e+00
181  0.00283 -1.09009e+00 |182 -0.00484 -1.27372e+00 |183  0.00551  2.63413e-01
184 -0.00699 -3.45168e-01 |185 -0.01096 -1.97875e-01 |186  0.00230 -4.89842e-01
187 -0.01197 -7.15720e-01 |188 -0.00011 -2.65379e-02 |189 -0.03763 -5.05329e+01
190  0.00162 -5.04285e+01 |191 -0.01053 -5.17645e+01 |192  0.00882 -5.09297e+01
193  0.00496 -4.72545e+01 |194 -0.02196 -4.45291e+01 |195  0.01737 -4.72205e+01
196  0.00086 -4.54856e+01 |197 -0.03017 -4.59300e+01 |198  0.01918 -3.82057e+01
199 -0.00265 -4.05843e+01 |200 -0.00097 -4.04341e+01 |201 -0.00132 -4.08134e+01
202  0.00822 -4.05314e+01 |203 -0.00988 -3.91850e+01 |204  0.00426 -3.77703e+01
205  0.00263 -3.71919e+01 |206  0.00174 -3.47044e+01 |207 -0.00681 -3.23850e+01
208  0.01009 -2.92345e+01 |209 -0.00948 -2.85523e+01 |210  0.00321 -2.77394e+01
211  0.00016 -2.55259e+01 |212  0.00941 -3.31477e+01 |213 -0.02407 -3.19978e+01
214  0.01682 -2.14851e+01 |215 -0.00779 -2.17033e+01 |216  0.00398 -1.94730e+01
217 -0.00071 -1.95749e+01 |218  0.00668 -2.68831e+01 |219 -0.00752 -2.19401e+01
220 -0.00044 -2.19962e+01 |221  0.01245 -2.24354e+01 |222 -0.00514 -2.18179e+01
223 -0.00231 -1.97661e+01 |224  0.00058 -2.11455e+01 |225 -0.00048 -1.76836e+01
226  0.00240 -1.13887e+01 |227 -0.01695 -1.20658e+01 |228  0.00869 -1.22854e+01
229  0.00800 -1.28265e+01 |230 -0.00739 -1.54099e+01 |231  0.00733 -1.45164e+01
232 -0.00406 -1.48688e+01 |233 -0.00516 -1.40964e+01 |234  0.00635 -1.56513e+01
235 -0.00454 -1.60297e+01 |236  0.00314 -2.13874e+01 |237  0.00164 -1.91205e+01
238 -0.00462 -1.79792e+01 |239 -0.00707 -1.75196e+01 |240  0.01262 -1.37297e+01
241 -0.00966 -1.37710e+01 |242  0.00331 -1.38829e+01 |243  0.01228 -1.26010e+01
244  0.00526 -1.02967e+01 |245 -0.00959 -8.48480e+00 |246 -0.01348 -6.93432e+00
247  0.01104 -5.66512e+00 |248  0.00453 -4.03776e+00 |249 -0.00664 -3.84226e+00
250 -0.00194 -3.02630e+00 |251  0.00384 -4.16018e-01 |252 -0.00456 -1.60992e+00
253  0.00479 -3.06162e+00 |254 -0.01946 -4.65666e+00 |255  0.00887 -3.01643e+00
256  0.00012  3.01311e-02 |257 -0.04832 -1.53964e+02 |258  0.00337 -1.52350e+02
259 -0.00284 -1.56662e+02 |260 -0.00165 -1.58230e+02 |261  0.00353 -1.50539e+02
262  0.01673 -1.50060e+02 |263 -0.01619 -1.50229e+02 |264  0.00608 -1.38084e+02
265  0.00144 -1.34261e+02 |266 -0.02633 -1.32664e+02 |267  0.01219 -1.28883e+02
268 -0.01050 -1.27410e+02 |269  0.00004 -1.30185e+02 |270 -0.00128 -1.28536e+02
271  0.00308 -1.26338e+02 |272 -0.00224 -1.27017e+02 |273  0.00195 -1.21522e+02
274  0.00028 -1.24541e+02 |275  0.00395 -1.15425e+02 |276 -0.00008 -1.08936e+02
277 -0.00212 -1.05857e+02 |278  0.00056 -1.00882e+02 |279  0.00149 -1.01716e+02
280  0.00256 -1.01822e+02 |281  0.00610 -9.92154e+01 |282 -0.01450 -9.65635e+01
283  0.00739 -9.75136e+01 |284 -0.00223 -9.23894e+01 |285  0.00024 -9.05321e+01
286  0.00388 -9.24292e+01 |287 -0.00268 -8.17321e+01 |288 -0.00061 -7.48403e+01
289 -0.00259 -7.46437e+01 |290  0.00732 -7.47040e+01 |291  0.00601 -7.27886e+01
292 -0.00764 -6.98182e+01 |293 -0.00001 -6.57718e+01 |294  0.00222 -6.25542e+01
295  0.00720 -5.89437e+01 |296 -0.00929 -5.77612e+01 |297 -0.00374 -5.83964e+01
298 -0.00104 -5.69877e+01 |299 -0.00141 -5.51755e+01 |300  0.00615 -5.37491e+01
301  0.00158 -5.33004e+01 |302 -0.00638 -5.07413e+01 |303  0.00372 -4.80825e+01
304 -0.00318 -4.41183e+01 |305  0.00444 -3.85708e+01 |306 -0.00143 -3.50472e+01
307  0.00052 -3.08670e+01 |308 -0.00392 -2.73482e+01 |309  0.00803 -2.51017e+01
310 -0.00219 -2.91241e+01 |311 -0.00473 -2.75988e+01 |312  0.00660 -2.46127e+01
313  0.00485 -2.14189e+01 |314  0.00247 -1.90672e+01 |315 -0.01001 -1.83395e+01
316  0.00286 -1.53654e+01 |317  0.00079 -1.15170e+01 |318  0.00053 -7.08686e+00
319  0.00004 -5.34060e+00 |320  0.00076 -4.32159e+00 |321 -0.00478 -3.65482e+00
322  0.01340 -3.87645e+00 |323 -0.01929 -2.80392e+00 |324  0.00001  1.85245e-03
324 variables; iteration 760; function evaluation 817; phase 5
Function value 3.0835990e+03; maximum gradient component mag -1.2989e+02
Var    Value     Gradient |Var    Value     Gradient |Var    Value     Gradient
  1 -0.03450 -8.28898e+01 |  2  0.04274 -3.52158e-01 |  3 -2.13551  1.90956e-01
  4 -0.03048 -9.18752e-02 |  5 -1.92276  5.37802e-01 |  6  0.05482 -7.57549e-01
  7 -2.04479 -5.94730e-01 |  8 -1.99929  1.12032e-01 |  9  0.04984 -5.53715e-01
 10  0.01883  8.77658e-01 | 11  1.78167  1.17814e+00 | 12 -0.12165  8.37215e-01
 13 -0.04008  7.14747e-01 | 14 -0.15790  6.64141e-01 | 15 -0.17565  1.24808e+00
 16  0.24050 -3.96597e+00 | 17  0.00294  1.09174e+00 | 18 -0.10903  7.69633e-01
 19 -0.04809  5.56804e-01 | 20 -0.01177  1.64865e-01 | 21 -0.09534 -5.08266e-01
 22  0.03542 -1.42121e+00 | 23 -0.12194  2.82507e-03 | 24 -0.03494 -7.78817e-01
 25  0.01067 -1.45231e+00 | 26  0.02365 -2.10522e+00 | 27 -0.11520 -7.05091e-01
 28  0.01493 -1.55105e+00 | 29  0.05367 -3.86853e+00 | 30 -0.08369 -6.83278e-01
 31 -0.18851  2.39132e-01 | 32  0.04014 -1.63793e+00 | 33  0.05362 -1.25316e+00
 34  0.05918 -2.44541e+00 | 35  0.04464 -1.47696e+00 | 36 -1.95395  1.65979e-01
 37 -0.01583  1.37802e-01 | 38  0.06266  3.84845e-01 | 39 -1.93664 -6.74329e-01
 40  0.21501 -3.52397e+00 | 41  0.02264  1.77084e-01 | 42  0.08428 -4.23964e-01
 43 -0.06254 -1.79839e-01 | 44  0.17895 -3.95341e+00 | 45 -0.03588  1.92170e+00
 46 -0.03216 -5.17661e-02 | 47 -0.01418  8.25521e-01 | 48 -0.08845 -2.02301e+00
 49  0.11587  1.02585e+00 | 50  0.01251 -1.23370e+00 | 51  0.00076  1.43102e+00
 52  0.01992  6.73407e-01 | 53 -0.03381  5.24408e-01 | 54  0.08524 -7.58720e-01
 55  0.00713 -4.60626e-01 | 56 -0.04893  1.85269e+00 | 57 -0.05581  4.58544e-01
 58  0.08477  1.13526e+00 | 59 -0.03160  2.49777e+00 | 60  0.01705  1.57842e+00
 61  0.00804  8.10454e-01 | 62  0.07302  2.75003e+00 | 63  0.09979  1.76416e+00
 64 -0.05793  2.42304e+00 | 65 -0.01184  5.67777e-01 | 66  0.04110  4.38386e-01
 67  0.01089  1.30938e+00 | 68 -0.04094  5.39751e-01 | 69  0.03751  2.94514e-01
 70  0.01418 -2.93499e+00 | 71  0.15529  3.97928e+00 | 72 -0.06524  6.85966e-01
 73 -0.02614  5.13559e-01 | 74 -0.03516  3.78844e+00 | 75  0.02044 -1.75009e+00
 76 -0.10493  6.79632e-01 | 77 -0.52282  3.95146e-01 | 78 -0.66231  7.89941e-02
 79 -1.19469 -1.12295e-01 | 80 -0.70559 -2.45530e-01 | 81 -0.75346 -1.68120e-01
 82 -1.22958 -1.75233e-01 | 83 -1.17757 -1.96608e-01 | 84 -1.15101 -2.86997e-01
 85 -1.17233  1.34061e-01 | 86 -0.74062  8.23051e-02 | 87 -0.81873 -2.17044e-01
 88 -1.18876 -2.69910e-01 | 89 -0.79155  1.96799e-02 | 90 -1.20234 -1.66683e-01
 91 -0.80860 -1.47319e-01 | 92 -0.81009 -9.89104e-02 | 93 -0.78561  2.21166e-01
 94 -1.20367 -1.91223e-01 | 95 -0.79081  1.09840e-01 | 96 -0.84578  9.45824e-02
 97 -0.84626 -4.44443e-01 | 98 -0.86518  1.71453e-01 | 99 -1.10258  1.09683e+00
100 -0.64095 -2.15947e-06 |101  0.98158  1.29484e-01 |102  0.43035 -1.19618e+01
103  0.33902 -2.53800e+01 |104  0.09000  3.93492e+00 |105 -0.16823  6.96419e+00
106 -0.20611  4.82474e+00 |107 -0.17199  3.83205e+00 |108  0.00057 -1.05839e+00
109  0.16835 -8.67438e+00 |110 -0.02547  7.64480e+00 |111  0.17359  3.09668e+00
112 -0.06089  3.84836e-01 |113  0.49123  2.92727e-03 |114 -0.05161 -1.39206e+00
115 -0.34271 -2.59391e+00 |116 -0.20343 -1.51688e+00 |117 -1.76565  2.23242e-01
118 -0.27490  4.87919e-02 |119  1.91769  1.72796e-01 |120 -0.16915  1.26669e-01
121 -0.00419  2.28609e+00 |122 -0.00295  2.68541e+00 |123 -0.00116  3.19956e+00
124 -0.00635  2.95666e+00 |125 -0.00743  2.74909e+00 |126 -0.00913  2.40353e+00
127 -0.00868  2.62034e+00 |128 -0.00535  3.68094e+00 |129  0.00835  3.70181e+00
130 -0.00193  4.28264e+00 |131 -0.00638  4.10363e+00 |132 -0.02087  3.86872e+00
133  0.00256  5.31354e+00 |134 -0.01044  4.43196e+00 |135  0.00716  4.39168e+00
136  0.00632  5.12055e+00 |137 -0.00406  5.25093e+00 |138  0.01573  6.65585e+00
139 -0.01502  8.54092e+00 |140 -0.01418  8.62597e+00 |141  0.00884  8.58552e+00
142  0.02021  6.58064e+00 |143 -0.00450  6.52316e+00 |144 -0.01852  7.43903e+00
145  1.98145  1.12249e+00 |146 -1.97572  1.71008e+00 |147  0.02634  8.33198e+00
148  0.00096  7.84530e+00 |149  0.00431  8.68577e+00 |150 -0.00987  7.12408e+00
151  0.01237  6.76535e+00 |152  0.02287  6.90623e+00 |153 -0.02507  6.28167e+00
154 -0.02188  5.23240e+00 |155  0.00731  7.18414e+00 |156  0.00301  5.87545e+00
157  0.00281  4.85902e+00 |158 -0.02145  5.14455e+00 |159 -0.01124  4.83900e+00
160  0.02733  4.29366e+00 |161 -0.00942  4.61266e+00 |162  0.01803  4.05299e+00
163 -0.00755  3.74038e+00 |164 -0.01866  3.91363e+00 |165  0.00795  3.47413e+00
166  0.00401  4.28141e+00 |167 -0.00329  5.00017e+00 |168  0.00522  4.53560e+00
169 -0.01832  4.51466e+00 |170 -0.00166  2.86871e+00 |171  0.02228  1.57852e+00
172 -0.02891  2.68706e+00 |173  0.01030  1.74272e+00 |174  0.02296  1.80513e+00
175  0.02198  2.47367e+00 |176 -0.00257  2.36925e+00 |177 -0.00636  2.35190e+00
178 -0.01993  2.40163e+00 |179  0.00288  2.71478e+00 |180 -0.00250  2.84309e+00
181  0.00294  3.38604e+00 |182 -0.00420  3.64404e+00 |183  0.00499  2.54091e+00
184 -0.00681  2.21593e+00 |185 -0.01107  2.00908e+00 |186  0.00222  1.66580e+00
187 -0.01197  1.69747e+00 |188 -0.00004 -1.07273e-02 |189 -0.03192 -7.16872e+01
190  0.00228 -6.98381e+01 |191 -0.01067 -7.05399e+01 |192  0.00855 -7.12503e+01
193  0.00685 -6.68681e+01 |194 -0.02590 -6.75118e+01 |195  0.01926 -6.63905e+01
196  0.00036 -6.63308e+01 |197 -0.02762 -6.40567e+01 |198  0.01723 -6.08430e+01
199 -0.00244 -5.71242e+01 |200 -0.00056 -5.69735e+01 |201 -0.00192 -6.47464e+01
202  0.00851 -5.99881e+01 |203 -0.01009 -6.16881e+01 |204  0.00440 -5.75347e+01
205  0.00256 -5.59066e+01 |206  0.00168 -5.43018e+01 |207 -0.00667 -5.06015e+01
208  0.00998 -4.86714e+01 |209 -0.00920 -4.90258e+01 |210  0.00304 -5.33538e+01
211 -0.00006 -5.64954e+01 |212  0.00974 -5.70806e+01 |213 -0.02418 -5.87608e+01
214  0.01670 -5.26843e+01 |215 -0.00778 -4.30825e+01 |216  0.00396 -3.92508e+01
217 -0.00099 -3.46640e+01 |218  0.00735 -2.36461e+01 |219 -0.00801 -1.95633e+01
220 -0.00027 -1.93040e+01 |221  0.01242 -1.76190e+01 |222 -0.00507 -1.75230e+01
223 -0.00244 -1.59484e+01 |224  0.00067 -1.81800e+01 |225 -0.00044 -1.68216e+01
226  0.00241 -1.59343e+01 |227 -0.01720 -1.76217e+01 |228  0.00894 -1.57747e+01
229  0.00790 -1.47085e+01 |230 -0.00733 -1.49794e+01 |231  0.00733 -1.42577e+01
232 -0.00407 -1.48792e+01 |233 -0.00519 -1.34908e+01 |234  0.00641 -1.20162e+01
235 -0.00476 -1.11434e+01 |236  0.00335 -6.08612e+00 |237  0.00164 -4.33930e+00
238 -0.00468 -3.35162e+00 |239 -0.00703 -1.27714e+00 |240  0.01265  2.86565e+00
241 -0.00950  2.02298e+00 |242  0.00313  6.77422e-01 |243  0.01231  1.70601e+00
244  0.00525  3.18626e+00 |245 -0.00957  4.17734e+00 |246 -0.01349  4.99597e+00
247  0.01104  8.82465e+00 |248  0.00452  8.32887e+00 |249 -0.00660  7.84377e+00
250 -0.00192  6.13574e+00 |251  0.00378  2.52828e+00 |252 -0.00458  3.59892e-01
253  0.00476  3.33021e-01 |254 -0.01924 -1.06588e-01 |255  0.00873  1.32755e+00
256 -0.00003 -8.60406e-03 |257 -0.02949 -1.29891e+02 |258  0.00298 -1.29145e+02
259 -0.00250 -1.21510e+02 |260 -0.00149 -1.23719e+02 |261  0.00337 -1.19353e+02
262  0.01870 -1.20852e+02 |263 -0.01759 -1.22306e+02 |264  0.00560 -1.27596e+02
265 -0.00047 -1.22428e+02 |266 -0.02437 -1.14792e+02 |267  0.01194 -1.18262e+02
268 -0.01063 -1.12700e+02 |269  0.00040 -1.15946e+02 |270 -0.00141 -1.13825e+02
271  0.00316 -1.15343e+02 |272 -0.00230 -1.15754e+02 |273  0.00202 -1.13238e+02
274  0.00028 -1.18798e+02 |275  0.00381 -1.13665e+02 |276 -0.00003 -1.05853e+02
277 -0.00233 -1.01281e+02 |278  0.00074 -9.53384e+01 |279  0.00151 -9.28324e+01
280  0.00253 -8.73110e+01 |281  0.00616 -8.57220e+01 |282 -0.01450 -8.58503e+01
283  0.00746 -8.30595e+01 |284 -0.00227 -8.12762e+01 |285  0.00012 -7.93479e+01
286  0.00374 -6.43892e+01 |287 -0.00216 -5.09424e+01 |288 -0.00093 -5.34561e+01
289 -0.00254 -5.16317e+01 |290  0.00731 -5.19917e+01 |291  0.00611 -5.17168e+01
292 -0.00771 -5.27628e+01 |293 -0.00006 -5.38081e+01 |294  0.00222 -5.48292e+01
295  0.00737 -5.11995e+01 |296 -0.00951 -5.12226e+01 |297 -0.00370 -4.70927e+01
298 -0.00101 -4.20703e+01 |299 -0.00138 -4.18028e+01 |300  0.00611 -4.34356e+01
301  0.00162 -4.30038e+01 |302 -0.00642 -4.10089e+01 |303  0.00391 -3.80017e+01
304 -0.00337 -3.71863e+01 |305  0.00440 -3.22359e+01 |306 -0.00135 -2.61106e+01
307  0.00051 -2.32726e+01 |308 -0.00396 -2.13715e+01 |309  0.00786 -1.91857e+01
310 -0.00198 -1.58820e+01 |311 -0.00477 -1.71944e+01 |312  0.00662 -1.44275e+01
313  0.00485 -1.29372e+01 |314  0.00240 -1.24105e+01 |315 -0.00995 -8.22657e+00
316  0.00286 -6.68929e+00 |317  0.00080 -3.20326e+00 |318  0.00049 -1.22561e+00
319  0.00008 -2.56910e+00 |320  0.00077 -2.01185e+00 |321 -0.00479 -1.52608e+00
322  0.01322 -9.44268e-01 |323 -0.01910  1.58805e+00 |324  0.00006  1.46707e-02
324 variables; iteration 780; function evaluation 837; phase 5
Function value 3.0834395e+03; maximum gradient component mag 7.1633e+01
Var    Value     Gradient |Var    Value     Gradient |Var    Value     Gradient
  1 -0.03451  5.75823e+01 |  2  0.04462  3.00984e-01 |  3 -2.13487  4.24791e-02
  4 -0.03063 -4.06939e-02 |  5 -1.92335 -8.19257e-02 |  6  0.05531  9.59712e-01
  7 -2.04376 -4.34922e-01 |  8 -2.00117 -5.84052e-01 |  9  0.04943 -1.25848e-01
 10  0.01827 -7.76036e-01 | 11  1.78167 -4.73097e-01 | 12 -0.12312 -7.50024e-01
 13 -0.04027 -3.69729e-01 | 14 -0.15789 -3.82627e-01 | 15 -0.17600 -2.05248e-01
 16  0.24056  1.66189e+00 | 17  0.00286 -3.16140e-01 | 18 -0.10915 -3.64108e-01
 19 -0.04897 -3.01178e-02 | 20 -0.01158  4.19454e-01 | 21 -0.09602 -2.65597e-01
 22  0.03554  5.78310e-01 | 23 -0.12246  4.84378e-02 | 24 -0.03505  2.30025e-01
 25  0.01105  8.92886e-01 | 26  0.02341  2.41765e-01 | 27 -0.11344  3.17713e-01
 28  0.01461  4.65506e-01 | 29  0.05385  1.54058e+00 | 30 -0.08316  3.94551e-01
 31 -0.18874  3.04197e-02 | 32  0.03998  1.15939e+00 | 33  0.05341  4.04495e-01
 34  0.05950  1.21289e+00 | 35  0.04426  1.02782e+00 | 36 -1.95625 -3.08593e-01
 37 -0.01639 -1.22741e-02 | 38  0.06251  1.29180e-01 | 39 -1.93698 -3.11708e-01
 40  0.21511  1.03354e+00 | 41  0.02250 -3.04456e-01 | 42  0.08431  3.07530e-01
 43 -0.06228  5.97631e-01 | 44  0.17903  9.68829e-01 | 45 -0.03594  1.00456e+00
 46 -0.03208 -9.92988e-03 | 47 -0.01415  8.28663e-02 | 48 -0.08812 -9.47535e-01
 49  0.11585  1.34105e+00 | 50  0.01263 -4.40938e-01 | 51  0.00065 -3.69292e-01
 52  0.02000  9.40569e-01 | 53 -0.03379 -3.49693e-01 | 54  0.08529 -1.64677e-01
 55  0.00719 -3.74665e-01 | 56 -0.04894  4.50511e-01 | 57 -0.05579 -6.17474e-01
 58  0.08478 -2.77402e-02 | 59 -0.03171 -7.61514e-01 | 60  0.01698 -4.48166e-01
 61  0.00805 -7.93860e-01 | 62  0.07298 -3.71399e-01 | 63  0.09977 -7.10709e-01
 64 -0.05804 -7.12968e-01 | 65 -0.01180 -8.18375e-01 | 66  0.04117 -8.13939e-02
 67  0.01094  1.52574e-01 | 68 -0.04090 -1.08925e+00 | 69  0.03755 -9.59068e-01
 70  0.01439 -6.74132e-01 | 71  0.15525 -1.09024e+00 | 72 -0.06524 -8.50578e-01
 73 -0.02617 -6.39204e-01 | 74 -0.03535 -7.47844e-01 | 75  0.02059 -1.30261e+00
 76 -0.10493 -7.11372e-01 | 77 -0.52306 -2.75474e-01 | 78 -0.66229  1.13342e-01
 79 -1.19464 -9.10616e-02 | 80 -0.70520  1.91674e-01 | 81 -0.75320  2.35136e-01
 82 -1.22942  1.39670e-02 | 83 -1.17750 -1.26855e-01 | 84 -1.15093 -1.07097e-01
 85 -1.17240 -1.20822e-01 | 86 -0.74069  9.06807e-02 | 87 -0.81853  2.14614e-01
 88 -1.18838  4.75057e-02 | 89 -0.79161  1.71704e-02 | 90 -1.20209  7.55606e-02
 91 -0.80844  1.22129e-01 | 92 -0.81004  1.05843e-01 | 93 -0.78579  4.89252e-02
 94 -1.20348  1.13604e-01 | 95 -0.79094 -7.90854e-03 | 96 -0.84588 -4.13009e-02
 97 -0.84618  7.49166e-02 | 98 -0.86520  2.93920e-03 | 99 -1.10273 -1.26980e-01
100 -0.62697 -2.05798e-06 |101  0.99042  2.27670e-01 |102  0.39234  9.68585e+00
103  0.25239  1.57331e+01 |104  0.08999 -3.70762e-02 |105 -0.16828 -1.16072e+00
106 -0.20614 -1.00489e+00 |107 -0.17215 -1.69665e+00 |108  0.00055 -7.47172e+00
109  0.16845 -3.89787e+00 |110 -0.02559 -1.93901e+00 |111  0.17360 -8.57853e-01
112 -0.06371 -1.98449e-01 |113  0.50055  3.05232e-03 |114 -0.05157  1.21808e-01
115 -0.34275 -7.37387e-01 |116 -0.20345 -1.13809e+00 |117 -1.76560  1.66199e-01
118 -0.27496  5.38677e-02 |119  1.91769  1.40620e-01 |120 -0.16904 -5.79006e-02
121 -0.00266  8.52513e+00 |122 -0.00462  8.12284e+00 |123 -0.00274  8.65902e+00
124 -0.00782  8.59736e+00 |125 -0.00841  8.52682e+00 |126 -0.00887  8.52476e+00
127 -0.00861  8.73020e+00 |128 -0.00289  1.04710e+01 |129  0.00875  1.04771e+01
130 -0.00168  1.12582e+01 |131 -0.00669  1.09719e+01 |132 -0.01928  1.14597e+01
133  0.00171  1.09461e+01 |134 -0.01003  1.08244e+01 |135  0.00719  1.05667e+01
136  0.00616  1.04960e+01 |137 -0.00380  1.08635e+01 |138  0.01636  1.08873e+01
139 -0.01567  1.07397e+01 |140 -0.01462  1.07472e+01 |141  0.00891  1.11354e+01
142  0.02059  1.23582e+01 |143 -0.00352  1.23258e+01 |144 -0.02013  1.20575e+01
145  1.98120 -6.28724e+00 |146 -1.97614 -6.46468e+00 |147  0.02583  1.08884e+01
148  0.00235  1.12966e+01 |149  0.00187  1.02277e+01 |150 -0.00877  1.05064e+01
151  0.01289  1.04645e+01 |152  0.02257  1.02371e+01 |153 -0.02569  9.44279e+00
154 -0.02079  9.17555e+00 |155  0.00596  8.89586e+00 |156  0.00365  8.59478e+00
157  0.00333  8.22688e+00 |158 -0.02173  8.07043e+00 |159 -0.01129  7.96117e+00
160  0.02767  6.91262e+00 |161 -0.00972  6.48428e+00 |162  0.01795  5.25166e+00
163 -0.00734  5.14379e+00 |164 -0.01881  4.91786e+00 |165  0.00810  4.30011e+00
166  0.00398  4.05333e+00 |167 -0.00349  3.59657e+00 |168  0.00510  3.63380e+00
169 -0.01830  4.09306e+00 |170 -0.00149  4.18193e+00 |171  0.02258  2.61840e+00
172 -0.02922  2.48463e+00 |173  0.01033  1.96269e+00 |174  0.02297  1.83032e+00
175  0.02165  2.24081e+00 |176 -0.00248  2.40210e+00 |177 -0.00613  2.43327e+00
178 -0.01989  2.42263e+00 |179  0.00305  2.22086e+00 |180 -0.00258  1.74155e+00
181  0.00291  2.13799e+00 |182 -0.00452  1.96201e+00 |183  0.00516  1.92068e+00
184 -0.00684  1.73383e+00 |185 -0.01108  1.63620e+00 |186  0.00232  1.75645e+00
187 -0.01197  1.21557e+00 |188 -0.00007 -1.65400e-02 |189 -0.02426  4.34278e+01
190  0.00101  4.29259e+01 |191 -0.00985  4.63391e+01 |192  0.00874  4.56764e+01
193  0.00648  4.54506e+01 |194 -0.02419  4.54537e+01 |195  0.01760  4.54841e+01
196  0.00110  4.72570e+01 |197 -0.02823  4.75721e+01 |198  0.01762  4.55349e+01
199 -0.00295  4.19232e+01 |200 -0.00066  4.22681e+01 |201 -0.00144  5.00028e+01
202  0.00823  5.09695e+01 |203 -0.00974  5.04358e+01 |204  0.00412  4.82276e+01
205  0.00277  4.83923e+01 |206  0.00163  4.79013e+01 |207 -0.00686  4.51127e+01
208  0.01025  4.39188e+01 |209 -0.00970  4.41827e+01 |210  0.00336  4.41791e+01
211  0.00001  4.32768e+01 |212  0.00961  3.89900e+01 |213 -0.02395  3.84001e+01
214  0.01664  4.20515e+01 |215 -0.00781  3.50659e+01 |216  0.00387  3.54215e+01
217 -0.00043  3.46468e+01 |218  0.00639  2.41671e+01 |219 -0.00758  2.19559e+01
220 -0.00019  2.29769e+01 |221  0.01230  2.25247e+01 |222 -0.00505  2.05391e+01
223 -0.00245  2.05859e+01 |224  0.00078  1.94270e+01 |225 -0.00051  1.98308e+01
226  0.00230  1.98066e+01 |227 -0.01705  1.99506e+01 |228  0.00885  1.91335e+01
229  0.00793  1.78961e+01 |230 -0.00736  1.66120e+01 |231  0.00737  1.68780e+01
232 -0.00408  1.57502e+01 |233 -0.00521  1.51373e+01 |234  0.00641  1.35234e+01
235 -0.00467  1.28105e+01 |236  0.00329  1.25743e+01 |237  0.00160  1.18602e+01
238 -0.00464  1.32851e+01 |239 -0.00702  1.20371e+01 |240  0.01261  1.12306e+01
241 -0.00959  1.03041e+01 |242  0.00324  8.61752e+00 |243  0.01228  9.25163e+00
244  0.00527  9.95563e+00 |245 -0.00954  1.01334e+01 |246 -0.01353  1.02107e+01
247  0.01103  8.17256e+00 |248  0.00450  7.46188e+00 |249 -0.00662  7.56197e+00
250 -0.00191  6.65319e+00 |251  0.00380  4.70710e+00 |252 -0.00457  3.77108e+00
253  0.00475  2.09575e+00 |254 -0.01935  2.46019e+00 |255  0.00884  1.14791e+00
256 -0.00000 -8.48419e-04 |257 -0.01108  6.83175e+01 |258  0.00387  6.58968e+01
259 -0.00322  5.32564e+01 |260 -0.00155  4.84275e+01 |261  0.00340  4.83312e+01
262  0.01732  5.14773e+01 |263 -0.01623  5.24668e+01 |264  0.00582  4.92112e+01
265 -0.00048  5.13884e+01 |266 -0.02468  5.26055e+01 |267  0.01235  5.67802e+01
268 -0.01085  5.59573e+01 |269  0.00030  6.60847e+01 |270 -0.00128  6.42726e+01
271  0.00291  6.31380e+01 |272 -0.00203  6.53529e+01 |273  0.00177  6.35629e+01
274  0.00047  6.33384e+01 |275  0.00395  6.36757e+01 |276 -0.00023  6.25403e+01
277 -0.00196  6.90521e+01 |278  0.00042  7.16330e+01 |279  0.00162  7.09002e+01
280  0.00254  6.51282e+01 |281  0.00584  6.36529e+01 |282 -0.01424  6.43891e+01
283  0.00739  5.76703e+01 |284 -0.00223  5.82068e+01 |285  0.00015  5.76365e+01
286  0.00426  5.18248e+01 |287 -0.00286  4.33847e+01 |288 -0.00083  4.22337e+01
289 -0.00246  4.01525e+01 |290  0.00725  3.77275e+01 |291  0.00611  3.68801e+01
292 -0.00774  3.59439e+01 |293 -0.00005  3.46472e+01 |294  0.00227  3.38765e+01
295  0.00732  3.36529e+01 |296 -0.00944  3.14471e+01 |297 -0.00373  3.02147e+01
298 -0.00102  2.89446e+01 |299 -0.00143  2.80631e+01 |300  0.00615  2.70923e+01
301  0.00163  2.48942e+01 |302 -0.00643  2.15149e+01 |303  0.00382  2.05782e+01
304 -0.00326  2.10094e+01 |305  0.00443  2.04922e+01 |306 -0.00140  2.09565e+01
307  0.00048  1.97365e+01 |308 -0.00393  1.85105e+01 |309  0.00795  1.79431e+01
310 -0.00211  1.53744e+01 |311 -0.00472  1.47315e+01 |312  0.00660  1.40643e+01
313  0.00485  1.30049e+01 |314  0.00247  1.14374e+01 |315 -0.01002  8.57511e+00
316  0.00288  8.11502e+00 |317  0.00081  8.13434e+00 |318  0.00049  7.26654e+00
319  0.00005  5.23103e+00 |320  0.00078  3.90696e+00 |321 -0.00482  2.30759e+00
322  0.01340  2.75610e+00 |323 -0.01928  1.06466e+00 |324  0.00003  7.41729e-03
324 variables; iteration 800; function evaluation 858; phase 5
Function value 3.0833729e+03; maximum gradient component mag -8.4823e+00
Var    Value     Gradient |Var    Value     Gradient |Var    Value     Gradient
  1 -0.03452 -8.87604e-01 |  2  0.04345 -1.10502e-01 |  3 -2.13548  8.86602e-02
  4 -0.03071 -1.24379e-01 |  5 -1.92373 -3.06157e-02 |  6  0.05520 -2.40568e-01
  7 -2.04391  1.66263e-01 |  8 -1.99972  1.24118e-01 |  9  0.04964 -3.40617e-02
 10  0.01821 -2.43335e-01 | 11  1.78160  2.00107e-02 | 12 -0.12274 -1.10733e-01
 13 -0.04037  5.14840e-02 | 14 -0.15758 -4.29607e-02 | 15 -0.17643 -1.72796e-01
 16  0.24056 -3.95820e-01 | 17  0.00279  1.90106e-01 | 18 -0.10863 -5.67363e-02
 19 -0.04876 -1.56906e-02 | 20 -0.01170 -4.38785e-02 | 21 -0.09556 -1.81152e-02
 22  0.03548 -1.52413e-01 | 23 -0.12257  5.88002e-02 | 24 -0.03498 -9.65989e-02
 25  0.01077  2.79660e-01 | 26  0.02382 -2.10176e-02 | 27 -0.11367 -7.47530e-02
 28  0.01483 -3.48454e-02 | 29  0.05394 -1.08592e-01 | 30 -0.08323  1.00578e-01
 31 -0.18884 -3.64631e-02 | 32  0.03987 -1.20724e-01 | 33  0.05335 -5.12069e-02
 34  0.05951  2.59530e-02 | 35  0.04448 -4.98021e-02 | 36 -1.95504 -4.87881e-02
 37 -0.01610 -4.76466e-02 | 38  0.06257 -2.23677e-02 | 39 -1.93661 -1.22959e-01
 40  0.21515  1.82658e-02 | 41  0.02256 -1.12330e-01 | 42  0.08430 -2.77155e-01
 43 -0.06237  3.39016e-01 | 44  0.17906  5.14862e-01 | 45 -0.03608  1.23577e-01
 46 -0.03209 -2.03636e-01 | 47 -0.01415  1.93388e-01 | 48 -0.08808 -3.43565e-01
 49  0.11584  1.33591e-01 | 50  0.01265 -1.51252e-02 | 51  0.00067  4.95942e-02
 52  0.01998  5.12915e-01 | 53 -0.03379  3.74539e-02 | 54  0.08530  2.14921e-01
 55  0.00716 -6.32076e-01 | 56 -0.04897  2.71740e-01 | 57 -0.05577  1.04435e-01
 58  0.08478  2.36991e-01 | 59 -0.03166  1.70880e-01 | 60  0.01699 -9.49431e-02
 61  0.00808  2.52713e-01 | 62  0.07297 -1.15372e-01 | 63  0.09977 -1.04506e-01
 64 -0.05803 -2.49729e-02 | 65 -0.01179 -3.16341e-02 | 66  0.04114 -6.90643e-02
 67  0.01093  4.31604e-01 | 68 -0.04091 -6.15255e-01 | 69  0.03756 -1.41402e-01
 70  0.01438 -5.98179e-02 | 71  0.15526  1.76642e-01 | 72 -0.06522 -1.16318e-01
 73 -0.02615  3.60194e-02 | 74 -0.03532  1.04150e-01 | 75  0.02063 -1.67285e-01
 76 -0.10493 -2.07777e-01 | 77 -0.52321  1.35254e-01 | 78 -0.66239  5.51900e-03
 79 -1.19462 -1.40122e-03 | 80 -0.70542 -3.61553e-02 | 81 -0.75341  8.67245e-03
 82 -1.22947 -7.27519e-02 | 83 -1.17743  1.83603e-02 | 84 -1.15091 -3.09496e-02
 85 -1.17231  7.70820e-02 | 86 -0.74075  2.25530e-02 | 87 -0.81866 -4.51740e-02
 88 -1.18840  3.37724e-02 | 89 -0.79171 -6.46436e-02 | 90 -1.20209  3.79532e-02
 91 -0.80848  4.54905e-02 | 92 -0.81006  3.69681e-02 | 93 -0.78578  5.84438e-02
 94 -1.20354 -8.99875e-03 | 95 -0.79091 -1.30036e-02 | 96 -0.84587 -3.23319e-02
 97 -0.84619 -2.31767e-02 | 98 -0.86524 -2.14970e-02 | 99 -1.10271 -3.29395e-02
100 -0.61736 -1.99204e-06 |101  0.99674  3.78121e-01 |102  0.36001 -7.75875e-01
103  0.17419 -4.05914e-01 |104  0.08999  1.91952e+00 |105 -0.16827  6.80119e-01
106 -0.20614  4.22927e-01 |107 -0.17209  1.04283e-02 |108  0.00056  2.77314e+00
109  0.16847  4.10291e-01 |110 -0.02559  1.49731e-01 |111  0.17359 -1.89222e-01
112 -0.06283 -4.37023e-02 |113  0.50488  3.10751e-03 |114 -0.05158  4.10250e-01
115 -0.34274  5.07561e-01 |116 -0.20330  7.84690e-01 |117 -1.76547  3.53087e-02
118 -0.27496 -2.12402e-02 |119  1.91754 -6.16558e-02 |120 -0.16907  2.98034e-02
121 -0.00282  1.71107e+00 |122 -0.00270  1.82258e+00 |123 -0.00344  1.70283e+00
124 -0.00673  1.99005e+00 |125 -0.00750  1.86065e+00 |126 -0.00777  1.88199e+00
127 -0.00814  1.89113e+00 |128 -0.00614  2.60853e+00 |129  0.00885  2.60044e+00
130 -0.00277  2.71047e+00 |131 -0.00649  2.72659e+00 |132 -0.02000  2.80519e+00
133  0.00181  2.27833e+00 |134 -0.01006  2.25551e+00 |135  0.00703  1.74869e+00
136  0.00643  2.36487e+00 |137 -0.00396  2.40809e+00 |138  0.01644  2.80685e+00
139 -0.01564  2.80597e+00 |140 -0.01456  2.64472e+00 |141  0.00891  2.33362e+00
142  0.02034  2.03236e+00 |143 -0.00402  2.02844e+00 |144 -0.02036  2.09376e+00
145  1.98031 -1.12060e+00 |146 -1.97640 -1.09648e+00 |147  0.02564  1.84100e+00
148  0.00171  1.94362e+00 |149  0.00282  1.69760e+00 |150 -0.00914  1.52133e+00
151  0.01248  1.33377e+00 |152  0.02228  1.34725e+00 |153 -0.02542  1.39232e+00
154 -0.02060  1.38933e+00 |155  0.00579  1.64833e+00 |156  0.00396  1.71778e+00
157  0.00315  1.67373e+00 |158 -0.02154  1.78963e+00 |159 -0.01127  1.78802e+00
160  0.02748  1.55987e+00 |161 -0.00957  1.64014e+00 |162  0.01797  1.34560e+00
163 -0.00741  1.31732e+00 |164 -0.01873  1.38869e+00 |165  0.00812  1.39023e+00
166  0.00398  1.31576e+00 |167 -0.00342  1.09960e+00 |168  0.00507  7.44539e-01
169 -0.01833  1.18939e+00 |170 -0.00151  1.26160e+00 |171  0.02257  1.21222e+00
172 -0.02919  1.25194e+00 |173  0.01036  1.10185e+00 |174  0.02304  1.07547e+00
175  0.02175  1.11302e+00 |176 -0.00247  1.14776e+00 |177 -0.00628  1.12373e+00
178 -0.01994  1.12678e+00 |179  0.00298  1.03604e+00 |180 -0.00239  8.31712e-01
181  0.00284  1.05547e+00 |182 -0.00447  8.79396e-01 |183  0.00509  5.48009e-01
184 -0.00685  4.41113e-01 |185 -0.01109  3.77438e-01 |186  0.00230  4.68663e-01
187 -0.01195  2.84749e-01 |188 -0.00003 -8.21390e-03 |189 -0.01805 -8.28948e+00
190  0.00178 -8.48231e+00 |191 -0.01035 -5.54423e+00 |192  0.00872 -5.41481e+00
193  0.00619 -5.69521e+00 |194 -0.02445 -5.35452e+00 |195  0.01844 -5.35263e+00
196  0.00043 -4.48708e+00 |197 -0.02821 -4.44075e+00 |198  0.01777 -3.79078e+00
199 -0.00266 -3.09746e+00 |200 -0.00081 -3.24313e+00 |201 -0.00143 -4.75526e+00
202  0.00831 -4.22502e+00 |203 -0.00990 -4.12346e+00 |204  0.00423 -3.67425e+00
205  0.00279 -3.47681e+00 |206  0.00154 -3.16504e+00 |207 -0.00671 -2.71029e+00
208  0.01009 -4.20279e+00 |209 -0.00965 -4.88073e+00 |210  0.00338 -4.43178e+00
211 -0.00000 -4.78721e+00 |212  0.00993 -7.85805e+00 |213 -0.02412 -7.81068e+00
214  0.01645 -4.45980e+00 |215 -0.00774 -5.44090e+00 |216  0.00386 -5.24441e+00
217 -0.00077 -4.99061e+00 |218  0.00696 -2.77301e+00 |219 -0.00783 -4.83833e+00
220 -0.00023 -4.72951e+00 |221  0.01240 -4.46175e+00 |222 -0.00508 -4.58533e+00
223 -0.00251 -4.66966e+00 |224  0.00082 -4.58507e+00 |225 -0.00046 -3.96117e+00
226  0.00225 -3.98916e+00 |227 -0.01703 -3.95361e+00 |228  0.00881 -3.78207e+00
229  0.00794 -4.00830e+00 |230 -0.00736 -4.37448e+00 |231  0.00735 -3.82394e+00
232 -0.00406 -3.61703e+00 |233 -0.00521 -3.24677e+00 |234  0.00640 -2.50926e+00
235 -0.00466 -2.35115e+00 |236  0.00326 -2.97680e+00 |237  0.00163 -2.38535e+00
238 -0.00466 -1.76367e+00 |239 -0.00702 -1.87066e+00 |240  0.01260 -1.54965e+00
241 -0.00959 -1.69233e+00 |242  0.00326 -1.54189e+00 |243  0.01228 -1.11340e+00
244  0.00526 -9.01618e-01 |245 -0.00954 -2.64193e-01 |246 -0.01350 -2.18063e-02
247  0.01098 -1.70085e-01 |248  0.00451 -3.94357e-02 |249 -0.00663  2.88097e-01
250 -0.00191  2.73835e-01 |251  0.00381  1.99179e-01 |252 -0.00457  1.50934e-01
253  0.00479  2.95387e-01 |254 -0.01936  9.12798e-02 |255  0.00883 -2.15630e-01
256  0.00004  9.49215e-03 |257  0.00659 -1.34594e-01 |258  0.00337 -3.70882e-01
259 -0.00272  3.87158e+00 |260 -0.00150  4.79744e+00 |261  0.00345  5.19708e+00
262  0.01781  2.86797e+00 |263 -0.01692  2.40993e+00 |264  0.00615  3.28853e+00
265 -0.00035  3.45239e+00 |266 -0.02493  5.30094e+00 |267  0.01221  5.72781e+00
268 -0.01061  5.23100e+00 |269  0.00011  1.07763e+00 |270 -0.00132  1.21652e-01
271  0.00305 -1.52665e-01 |272 -0.00217  6.78926e-02 |273  0.00178 -3.66068e-01
274  0.00051  1.95054e-01 |275  0.00389  1.81500e+00 |276 -0.00006  1.62196e+00
277 -0.00205  8.35700e-01 |278  0.00039  1.03639e+00 |279  0.00158  6.37819e-01
280  0.00253 -2.23735e+00 |281  0.00571 -2.53630e+00 |282 -0.01415  5.72289e-01
283  0.00748 -1.35767e-01 |284 -0.00222  2.53510e-02 |285  0.00016  2.80602e-01
286  0.00395  1.49170e+00 |287 -0.00252  3.10218e-01 |288 -0.00088 -1.49021e+00
289 -0.00254 -1.66548e+00 |290  0.00733 -1.73280e+00 |291  0.00613 -2.25336e+00
292 -0.00776 -2.26992e+00 |293 -0.00011 -2.37609e+00 |294  0.00233 -1.42539e+00
295  0.00728 -1.60250e+00 |296 -0.00940 -2.18065e+00 |297 -0.00372 -2.63200e+00
298 -0.00104 -3.14793e+00 |299 -0.00142 -3.11840e+00 |300  0.00613 -3.14829e+00
301  0.00162 -3.29819e+00 |302 -0.00640 -3.01013e+00 |303  0.00382 -3.00549e+00
304 -0.00326 -2.59193e+00 |305  0.00443 -2.53664e+00 |306 -0.00140 -2.11888e+00
307  0.00047 -2.40854e+00 |308 -0.00392 -2.26200e+00 |309  0.00794 -2.11739e+00
310 -0.00212 -2.37800e+00 |311 -0.00471 -1.85023e+00 |312  0.00660 -1.81007e+00
313  0.00484 -1.36633e+00 |314  0.00243 -9.38042e-01 |315 -0.00995 -8.31388e-01
316  0.00287 -1.01732e+00 |317  0.00080 -5.96182e-01 |318  0.00049  3.13507e-01
319  0.00005  3.74587e-02 |320  0.00078  1.47070e-01 |321 -0.00482  1.11190e-01
322  0.01337  5.52150e-02 |323 -0.01926 -4.61504e-01 |324  0.00001  1.57250e-03
324 variables; iteration 820; function evaluation 878; phase 5
Function value 3.0833687e+03; maximum gradient component mag 1.2211e+01
Var    Value     Gradient |Var    Value     Gradient |Var    Value     Gradient
  1 -0.03451  8.99287e+00 |  2  0.04380  3.98130e-02 |  3 -2.13533 -5.17019e-02
  4 -0.03046  2.94483e-02 |  5 -1.92353 -2.50323e-02 |  6  0.05528  1.40224e-01
  7 -2.04385 -1.17859e-01 |  8 -2.00006 -8.37442e-02 |  9  0.04957  6.30673e-02
 10  0.01842  7.21635e-03 | 11  1.78168 -1.20043e-01 | 12 -0.12276 -1.36758e-01
 13 -0.04056 -1.14132e-01 | 14 -0.15739 -2.23025e-02 | 15 -0.17596  1.23512e-02
 16  0.24062  3.40311e-01 | 17  0.00253 -8.26484e-02 | 18 -0.10886  6.27360e-02
 19 -0.04878  1.91119e-03 | 20 -0.01170  3.32346e-02 | 21 -0.09577 -5.80279e-02
 22  0.03548  1.81833e-01 | 23 -0.12251  7.83094e-02 | 24 -0.03499  3.61527e-02
 25  0.01075  2.66390e-01 | 26  0.02382  1.32628e-01 | 27 -0.11348  1.15443e-01
 28  0.01485  8.56214e-02 | 29  0.05393  3.41521e-01 | 30 -0.08325 -2.01807e-03
 31 -0.18854 -1.29980e-02 | 32  0.03985  1.08696e-01 | 33  0.05336  5.53145e-02
 34  0.05952  1.41456e-01 | 35  0.04448 -3.40468e-03 | 36 -1.95516  3.69580e-02
 37 -0.01631 -6.61668e-02 | 38  0.06257 -4.22458e-02 | 39 -1.93647  5.46601e-02
 40  0.21513  1.21394e-02 | 41  0.02257 -3.38648e-02 | 42  0.08433 -1.12832e-03
 43 -0.06242  7.46894e-02 | 44  0.17904 -7.30186e-02 | 45 -0.03611 -7.47522e-02
 46 -0.03206  6.80214e-02 | 47 -0.01419 -1.46795e-01 | 48 -0.08803 -6.28859e-03
 49  0.11583 -2.94958e-02 | 50  0.01264 -1.95124e-01 | 51  0.00066 -2.86244e-02
 52  0.01995  1.28120e-01 | 53 -0.03378  1.41281e-02 | 54  0.08528 -1.17714e-02
 55  0.00718 -3.06558e-01 | 56 -0.04898  1.56727e-02 | 57 -0.05578 -1.17496e-02
 58  0.08478  1.85904e-01 | 59 -0.03168 -7.50364e-03 | 60  0.01699 -9.28072e-02
 61  0.00805 -2.80229e-01 | 62  0.07298  1.25736e-01 | 63  0.09977 -5.33740e-02
 64 -0.05802 -3.32839e-02 | 65 -0.01180 -7.02489e-02 | 66  0.04115  4.95439e-02
 67  0.01091 -9.69507e-02 | 68 -0.04087  4.94039e-02 | 69  0.03755 -1.79726e-01
 70  0.01438 -3.13626e-02 | 71  0.15525  2.23975e-02 | 72 -0.06522 -1.60230e-02
 73 -0.02616 -1.17794e-01 | 74 -0.03534 -1.05990e-01 | 75  0.02063 -1.40613e-02
 76 -0.10490 -9.66187e-02 | 77 -0.52327 -7.72016e-02 | 78 -0.66243 -2.12841e-02
 79 -1.19462  1.05736e-02 | 80 -0.70542 -3.77965e-02 | 81 -0.75342 -1.77914e-03
 82 -1.22941  9.54827e-03 | 83 -1.17745 -1.75118e-02 | 84 -1.15090  2.69181e-03
 85 -1.17234  1.28462e-03 | 86 -0.74078  6.74816e-03 | 87 -0.81864 -5.73180e-03
 88 -1.18845 -1.65698e-02 | 89 -0.79162  1.82629e-02 | 90 -1.20218 -2.81163e-02
 91 -0.80852 -1.66469e-02 | 92 -0.81009 -1.90355e-02 | 93 -0.78582 -1.94031e-02
 94 -1.20353  1.32875e-02 | 95 -0.79091  6.97493e-03 | 96 -0.84586 -9.26629e-03
 97 -0.84619  9.02415e-03 | 98 -0.86523 -6.10678e-03 | 99 -1.10271 -6.25306e-02
100 -0.61586 -1.98200e-06 |101  0.99633  3.66609e-01 |102  0.35601  2.72710e+00
103  0.17148  1.71730e+00 |104  0.08999  5.25875e-02 |105 -0.16827  2.58124e-01
106 -0.20614  2.08383e-01 |107 -0.17208  8.11090e-02 |108  0.00055 -3.21301e+00
109  0.16847  7.80345e-02 |110 -0.02558  8.68827e-01 |111  0.17358  1.58038e-01
112 -0.06245  3.57391e-02 |113  0.50460  3.10375e-03 |114 -0.05160  1.33297e-03
115 -0.34273  2.77930e-01 |116 -0.20333  3.83033e-01 |117 -1.76550  4.64894e-02
118 -0.27492  3.07724e-02 |119  1.91770  6.02823e-02 |120 -0.16903  1.80447e-02
121 -0.00233  2.00481e+00 |122 -0.00237  2.07268e+00 |123 -0.00248  2.10451e+00
124 -0.00653  2.05893e+00 |125 -0.00686  2.02928e+00 |126 -0.00738  1.97060e+00
127 -0.00747  2.02501e+00 |128 -0.00883  1.85476e+00 |129  0.00866  1.84177e+00
130 -0.00307  1.73684e+00 |131 -0.00649  1.79136e+00 |132 -0.02058  1.60615e+00
133  0.00183  1.58258e+00 |134 -0.01001  1.63056e+00 |135  0.00717  1.32005e+00
136  0.00627  1.41108e+00 |137 -0.00387  1.52701e+00 |138  0.01643  1.41900e+00
139 -0.01582  1.27533e+00 |140 -0.01448  1.47706e+00 |141  0.00892  1.52588e+00
142  0.02036  1.70770e+00 |143 -0.00391  1.74929e+00 |144 -0.02048  1.72993e+00
145  1.98029 -8.26288e-01 |146 -1.97642 -9.27079e-01 |147  0.02565  1.58355e+00
148  0.00162  1.62854e+00 |149  0.00279  1.50213e+00 |150 -0.00907  1.42527e+00
151  0.01246  1.44371e+00 |152  0.02229  1.49779e+00 |153 -0.02536  1.60961e+00
154 -0.02056  1.59122e+00 |155  0.00576  1.68753e+00 |156  0.00393  1.73692e+00
157  0.00329  1.76623e+00 |158 -0.02166  1.71842e+00 |159 -0.01128  1.72245e+00
160  0.02753  1.56555e+00 |161 -0.00962  1.55289e+00 |162  0.01799  1.40908e+00
163 -0.00736  1.36725e+00 |164 -0.01878  1.28186e+00 |165  0.00812  1.10737e+00
166  0.00394  1.00595e+00 |167 -0.00342  1.04601e+00 |168  0.00532  9.66553e-01
169 -0.01856  7.23038e-01 |170 -0.00151  7.35655e-01 |171  0.02257  4.93003e-01
172 -0.02919  5.19539e-01 |173  0.01036  4.11431e-01 |174  0.02305  2.74187e-01
175  0.02176  2.55711e-01 |176 -0.00252  2.60012e-01 |177 -0.00627  2.55149e-01
178 -0.01993  2.59994e-01 |179  0.00293  2.36666e-01 |180 -0.00227  2.23950e-01
181  0.00272  3.18530e-01 |182 -0.00445  3.73787e-01 |183  0.00511  1.79905e-01
184 -0.00686  1.67809e-01 |185 -0.01103  1.68149e-01 |186  0.00225  1.52832e-01
187 -0.01194  1.44744e-01 |188  0.00001  2.55587e-03 |189 -0.01725  9.13695e+00
190  0.00165  9.35236e+00 |191 -0.01020  1.22112e+01 |192  0.00869  1.21110e+01
193  0.00623  1.14169e+01 |194 -0.02426  1.17559e+01 |195  0.01850  1.15760e+01
196  0.00018  1.16376e+01 |197 -0.02836  1.12070e+01 |198  0.01789  1.09405e+01
199 -0.00265  1.14258e+01 |200 -0.00067  1.13267e+01 |201 -0.00153  9.75034e+00
202  0.00826  9.41736e+00 |203 -0.00984  9.33418e+00 |204  0.00420  8.81718e+00
205  0.00276  8.75453e+00 |206  0.00156  8.63949e+00 |207 -0.00671  8.25542e+00
208  0.01009  7.17607e+00 |209 -0.00968  7.17362e+00 |210  0.00339  8.00767e+00
211  0.00005  8.36798e+00 |212  0.00992  4.17081e+00 |213 -0.02425  4.40570e+00
214  0.01658  8.30865e+00 |215 -0.00775  6.23799e+00 |216  0.00386  6.19634e+00
217 -0.00073  6.39406e+00 |218  0.00688  6.91865e+00 |219 -0.00773  5.98738e+00
220 -0.00029  5.84196e+00 |221  0.01241  5.96851e+00 |222 -0.00508  5.99475e+00
223 -0.00248  5.78965e+00 |224  0.00079  5.31614e+00 |225 -0.00047  5.99174e+00
226  0.00227  5.25712e+00 |227 -0.01701  5.16498e+00 |228  0.00879  5.38096e+00
229  0.00795  5.32360e+00 |230 -0.00735  5.11691e+00 |231  0.00735  4.88883e+00
232 -0.00406  4.20348e+00 |233 -0.00521  4.08727e+00 |234  0.00640  4.03470e+00
235 -0.00469  3.97576e+00 |236  0.00330  4.30561e+00 |237  0.00164  3.87129e+00
238 -0.00467  3.73086e+00 |239 -0.00701  3.63368e+00 |240  0.01260  3.37395e+00
241 -0.00958  2.98684e+00 |242  0.00324  2.30385e+00 |243  0.01229  2.13390e+00
244  0.00527  1.88019e+00 |245 -0.00954  1.58514e+00 |246 -0.01353  1.48077e+00
247  0.01101  1.33817e+00 |248  0.00450  1.09848e+00 |249 -0.00663  1.16029e+00
250 -0.00191  1.18220e+00 |251  0.00380  7.69589e-01 |252 -0.00458  6.33225e-01
253  0.00477  5.72478e-01 |254 -0.01931  5.61833e-01 |255  0.00879  3.77438e-01
256 -0.00001 -1.70668e-03 |257  0.00721  9.19681e+00 |258  0.00354  8.91051e+00
259 -0.00286  7.57728e+00 |260 -0.00149  6.54893e+00 |261  0.00341  6.20562e+00
262  0.01764  5.30562e+00 |263 -0.01677  5.07918e+00 |264  0.00619  6.33309e+00
265 -0.00019  6.16873e+00 |266 -0.02506  6.48114e+00 |267  0.01215  5.55598e+00
268 -0.01072  5.44852e+00 |269  0.00023  5.69533e+00 |270 -0.00130  5.78677e+00
271  0.00300  5.78602e+00 |272 -0.00212  7.13503e+00 |273  0.00180  7.23972e+00
274  0.00049  6.82773e+00 |275  0.00389  7.24672e+00 |276 -0.00006  6.68791e+00
277 -0.00202  5.31213e+00 |278  0.00037  4.90446e+00 |279  0.00154  3.44388e+00
280  0.00254  1.62218e+00 |281  0.00583  1.71541e+00 |282 -0.01428  3.83429e+00
283  0.00749  3.40273e+00 |284 -0.00221  3.83372e+00 |285  0.00015  3.90131e+00
286  0.00397  4.36214e+00 |287 -0.00261  4.31705e+00 |288 -0.00080  5.54153e+00
289 -0.00254  5.78396e+00 |290  0.00733  5.74081e+00 |291  0.00611  5.67973e+00
292 -0.00774  5.84671e+00 |293 -0.00008  6.22324e+00 |294  0.00231  5.80634e+00
295  0.00726  5.63057e+00 |296 -0.00939  5.47569e+00 |297 -0.00372  5.53224e+00
298 -0.00103  5.43396e+00 |299 -0.00142  5.28156e+00 |300  0.00613  4.98122e+00
301  0.00163  5.16419e+00 |302 -0.00640  5.09741e+00 |303  0.00385  5.05355e+00
304 -0.00329  4.70338e+00 |305  0.00443  4.55626e+00 |306 -0.00140  4.54771e+00
307  0.00048  4.43831e+00 |308 -0.00392  4.16215e+00 |309  0.00793  3.93676e+00
310 -0.00210  3.42970e+00 |311 -0.00472  2.88688e+00 |312  0.00661  2.75708e+00
313  0.00485  2.51767e+00 |314  0.00244  2.34843e+00 |315 -0.00997  2.07634e+00
316  0.00288  1.70603e+00 |317  0.00081  1.66940e+00 |318  0.00048  1.44542e+00
319  0.00006  1.11545e+00 |320  0.00078  7.99808e-01 |321 -0.00482  5.84594e-01
322  0.01333  5.08219e-01 |323 -0.01921  4.76468e-01 |324 -0.00000 -5.24747e-04
324 variables; iteration 840; function evaluation 898; phase 5
Function value 3.0833644e+03; maximum gradient component mag 1.0734e+01
Var    Value     Gradient |Var    Value     Gradient |Var    Value     Gradient
  1 -0.03451  9.09381e+00 |  2  0.04379  1.68797e-02 |  3 -2.13527  4.11375e-02
  4 -0.03047 -9.23995e-03 |  5 -1.92343  4.87999e-02 |  6  0.05522  3.06755e-02
  7 -2.04397 -1.21415e-01 |  8 -1.99976 -1.11641e-02 |  9  0.04959  5.18022e-02
 10  0.01837 -5.63423e-02 | 11  1.78167 -1.23726e-01 | 12 -0.12216  2.04539e-01
 13 -0.04068 -6.35230e-02 | 14 -0.15744 -9.16834e-02 | 15 -0.17596 -1.29837e-01
 16  0.24058  1.14880e-01 | 17  0.00267  1.10559e-01 | 18 -0.10863 -1.22655e-01
 19 -0.04899 -7.38192e-02 | 20 -0.01175 -1.11578e-01 | 21 -0.09541 -6.95416e-02
 22  0.03542  2.44964e-03 | 23 -0.12252 -1.78069e-01 | 24 -0.03498  1.42946e-02
 25  0.01073 -7.50560e-02 | 26  0.02364 -3.99760e-01 | 27 -0.11351 -2.00899e-02
 28  0.01475  1.13515e-02 | 29  0.05397  5.10313e-01 | 30 -0.08320 -9.78198e-02
 31 -0.18856  5.00533e-02 | 32  0.03989  4.24681e-01 | 33  0.05329 -1.08545e-01
 34  0.05950  1.29255e-01 | 35  0.04443  1.63323e-01 | 36 -1.95527 -1.42127e-02
 37 -0.01637 -9.65416e-02 | 38  0.06255 -2.66818e-02 | 39 -1.93647  7.38329e-02
 40  0.21513  2.90883e-01 | 41  0.02256 -2.21916e-02 | 42  0.08433  1.61983e-01
 43 -0.06243  2.32811e-01 | 44  0.17903  2.88692e-01 | 45 -0.03611  4.75620e-02
 46 -0.03207  2.02025e-01 | 47 -0.01421 -2.34738e-01 | 48 -0.08807 -2.37826e-01
 49  0.11582  3.18582e-02 | 50  0.01263 -1.53519e-01 | 51  0.00064 -4.92278e-02
 52  0.01993 -1.65265e-01 | 53 -0.03381 -2.36099e-01 | 54  0.08528  1.93741e-01
 55  0.00715 -6.09078e-01 | 56 -0.04898  2.45910e-01 | 57 -0.05580 -7.63170e-04
 58  0.08476  4.71856e-02 | 59 -0.03170 -3.88597e-01 | 60  0.01699  3.40383e-01
 61  0.00805  2.46081e-03 | 62  0.07297  9.85233e-02 | 63  0.09976  2.75099e-02
 64 -0.05805 -1.25613e-01 | 65 -0.01181 -3.58356e-02 | 66  0.04113  5.60000e-03
 67  0.01090 -7.14696e-02 | 68 -0.04087  2.95937e-01 | 69  0.03755  1.13680e-02
 70  0.01438  2.14243e-02 | 71  0.15524  3.79175e-01 | 72 -0.06525 -1.91895e-01
 73 -0.02619 -2.85738e-01 | 74 -0.03536 -4.03865e-01 | 75  0.02062 -9.55290e-02
 76 -0.10489 -1.12121e-01 | 77 -0.52323 -1.22192e-03 | 78 -0.66244 -3.55634e-02
 79 -1.19462  2.64134e-03 | 80 -0.70543 -4.13169e-02 | 81 -0.75342 -1.16819e-02
 82 -1.22942  9.78263e-03 | 83 -1.17746 -2.66015e-02 | 84 -1.15091 -5.35764e-02
 85 -1.17232  4.96985e-02 | 86 -0.74075  1.65753e-02 | 87 -0.81866 -5.80138e-02
 88 -1.18849 -3.56414e-02 | 89 -0.79166 -2.29576e-02 | 90 -1.20222 -5.60179e-02
 91 -0.80854 -5.12573e-02 | 92 -0.81010 -5.53351e-02 | 93 -0.78584 -3.85414e-02
 94 -1.20353 -1.25614e-02 | 95 -0.79091  2.52453e-02 | 96 -0.84589 -1.04380e-01
 97 -0.84619  1.66511e-02 | 98 -0.86523  5.66741e-04 | 99 -1.10268  1.69926e-01
100 -0.61267 -1.96091e-06 |101  0.99384  2.79693e-01 |102  0.35214  2.06552e+00
103  0.17954 -6.71106e-01 |104  0.08998 -1.79226e+00 |105 -0.16827 -3.80732e-01
106 -0.20614  3.95556e-01 |107 -0.17207  4.09436e-01 |108  0.00056  1.07339e+01
109  0.16848  5.74147e+00 |110 -0.02556  4.20777e+00 |111  0.17355  3.07364e-01
112 -0.06262 -2.21150e-03 |113  0.50374  3.09287e-03 |114 -0.05160 -1.75097e-01
115 -0.34273  5.50375e-01 |116 -0.20333  6.10979e-01 |117 -1.76551 -8.84582e-02
118 -0.27493  7.58223e-02 |119  1.91771  4.26658e-02 |120 -0.16910 -3.05797e-02
121 -0.00147  1.43829e+00 |122 -0.00202  1.37803e+00 |123 -0.00248  1.31616e+00
124 -0.00665  1.15367e+00 |125 -0.00670  1.18999e+00 |126 -0.00735  1.09224e+00
127 -0.00696  1.25822e+00 |128 -0.00996  6.58944e-01 |129  0.00867  5.93981e-01
130 -0.00340  2.66152e-01 |131 -0.00681  3.01507e-01 |132 -0.02049  1.99616e-01
133  0.00202 -8.83039e-02 |134 -0.01040 -8.78331e-01 |135  0.00726 -6.05021e-01
136  0.00631 -4.82573e-01 |137 -0.00395 -5.21119e-01 |138  0.01641 -3.30600e-01
139 -0.01550 -3.30846e-01 |140 -0.01477 -7.98487e-01 |141  0.00895 -2.28708e-01
142  0.02061  3.57182e-01 |143 -0.00352  2.58692e-01 |144 -0.02089 -2.21708e-01
145  1.98049  2.28087e+00 |146 -1.97636  2.29258e+00 |147  0.02577 -1.02144e+00
148  0.00176 -1.26032e+00 |149  0.00272 -1.66427e+00 |150 -0.00918 -1.99511e+00
151  0.01239 -2.13509e+00 |152  0.02224 -2.06988e+00 |153 -0.02545 -1.91068e+00
154 -0.02041 -1.77094e+00 |155  0.00570 -1.78545e+00 |156  0.00395 -1.67531e+00
157  0.00354 -1.37833e+00 |158 -0.02188 -1.68250e+00 |159 -0.01128 -1.64479e+00
160  0.02760 -1.43764e+00 |161 -0.00969 -1.59437e+00 |162  0.01805 -1.51663e+00
163 -0.00749 -1.69497e+00 |164 -0.01871 -1.57839e+00 |165  0.00811 -1.51432e+00
166  0.00396 -1.50266e+00 |167 -0.00340 -1.35638e+00 |168  0.00495 -1.64419e+00
169 -0.01822 -8.13387e-01 |170 -0.00150 -6.19729e-01 |171  0.02269  2.05742e-01
172 -0.02930 -1.64752e-01 |173  0.01036  9.66522e-03 |174  0.02309  1.96166e-01
175  0.02187  5.84472e-02 |176 -0.00261 -5.83605e-02 |177 -0.00632 -5.71790e-02
178 -0.01992 -3.69040e-02 |179  0.00298 -1.13086e-01 |180 -0.00220 -2.86721e-01
181  0.00259 -4.01531e-01 |182 -0.00462 -3.91618e-01 |183  0.00528  2.28722e-01
184 -0.00685  9.41148e-02 |185 -0.01104  5.01982e-02 |186  0.00224  1.90578e-02
187 -0.01195 -4.64702e-02 |188 -0.00000 -7.89115e-04 |189 -0.01653  6.02589e+00
190  0.00188  6.26817e+00 |191 -0.01036  7.69080e+00 |192  0.00868  7.76251e+00
193  0.00613  6.73403e+00 |194 -0.02427  7.26941e+00 |195  0.01879  7.08859e+00
196 -0.00000  6.64662e+00 |197 -0.02864  6.17530e+00 |198  0.01818  6.21012e+00
199 -0.00263  6.63728e+00 |200 -0.00088  6.70527e+00 |201 -0.00133  7.60170e+00
202  0.00829  7.50877e+00 |203 -0.00999  7.51111e+00 |204  0.00430  7.84875e+00
205  0.00273  7.97309e+00 |206  0.00159  8.40340e+00 |207 -0.00673  7.82675e+00
208  0.01012  6.76292e+00 |209 -0.00970  7.50937e+00 |210  0.00341  8.82950e+00
211  0.00006  8.93774e+00 |212  0.00982  2.82963e+00 |213 -0.02416  2.64863e+00
214  0.01656  8.47522e+00 |215 -0.00773  6.43213e+00 |216  0.00384  5.44684e+00
217 -0.00069  6.46872e+00 |218  0.00682  5.84735e+00 |219 -0.00770  4.63121e+00
220 -0.00028  4.30840e+00 |221  0.01240  4.21525e+00 |222 -0.00506  3.48613e+00
223 -0.00252  2.51592e+00 |224  0.00081  2.48238e+00 |225 -0.00045  3.19706e+00
226  0.00226  2.38067e+00 |227 -0.01702  1.88289e+00 |228  0.00878  2.63866e+00
229  0.00794  2.50558e+00 |230 -0.00735  2.63126e+00 |231  0.00735  2.39274e+00
232 -0.00407  2.08420e+00 |233 -0.00520  2.54942e+00 |234  0.00640  2.51593e+00
235 -0.00465  2.65201e+00 |236  0.00325  1.47252e+00 |237  0.00165  2.50091e+00
238 -0.00467  2.76835e+00 |239 -0.00702  3.35913e+00 |240  0.01260  2.79365e+00
241 -0.00959  2.62098e+00 |242  0.00326  2.38930e+00 |243  0.01228  2.06119e+00
244  0.00527  2.35895e+00 |245 -0.00954  2.27787e+00 |246 -0.01350  2.25270e+00
247  0.01098  2.05901e+00 |248  0.00450  1.44137e+00 |249 -0.00664  1.02211e+00
250 -0.00191  8.61002e-01 |251  0.00381  1.41920e+00 |252 -0.00458  1.03812e+00
253  0.00476  1.12094e+00 |254 -0.01930  1.38833e+00 |255  0.00880  1.03699e+00
256  0.00000  7.14455e-04 |257  0.00538 -1.58856e+00 |258  0.00341 -2.09182e+00
259 -0.00278 -1.31940e+00 |260 -0.00147 -8.48322e-02 |261  0.00342 -8.60792e-01
262  0.01773 -2.82821e+00 |263 -0.01694 -3.27926e+00 |264  0.00616 -5.37143e-02
265  0.00020  5.99184e-01 |266 -0.02536 -5.20314e-01 |267  0.01216 -7.71476e-01
268 -0.01057 -1.16846e-01 |269  0.00005 -1.69447e+00 |270 -0.00126  2.80113e-01
271  0.00311  2.38578e-01 |272 -0.00224 -1.31948e+00 |273  0.00184 -1.59156e+00
274  0.00046 -3.19146e+00 |275  0.00389 -2.31090e+00 |276 -0.00009 -2.43288e+00
277 -0.00199 -1.23561e+00 |278  0.00035 -8.22740e-01 |279  0.00158 -1.12899e+00
280  0.00253 -4.94625e+00 |281  0.00579 -5.09390e+00 |282 -0.01425 -7.55177e-01
283  0.00748 -1.04058e+00 |284 -0.00220 -1.02495e+00 |285  0.00015 -1.81430e-01
286  0.00400 -2.71239e-01 |287 -0.00264 -1.53227e+00 |288 -0.00080 -7.49274e-01
289 -0.00253 -5.64047e-01 |290  0.00732 -1.43951e+00 |291  0.00612 -1.74851e+00
292 -0.00776 -1.45746e+00 |293 -0.00011 -5.50491e-01 |294  0.00235  1.02330e-01
295  0.00724 -2.11035e-01 |296 -0.00937  4.54754e-01 |297 -0.00372  4.40931e-01
298 -0.00103  1.38181e-01 |299 -0.00143 -2.67157e-01 |300  0.00614 -1.71729e-01
301  0.00161 -4.00277e-01 |302 -0.00640 -1.03070e-01 |303  0.00381  3.35268e-01
304 -0.00325  9.41067e-01 |305  0.00442  1.05801e+00 |306 -0.00140  1.57478e+00
307  0.00048  2.14793e+00 |308 -0.00391  1.62670e+00 |309  0.00794  1.15433e+00
310 -0.00211  3.21749e-01 |311 -0.00472 -3.25848e-02 |312  0.00661  1.59106e-01
313  0.00485 -2.76988e-01 |314  0.00241 -5.67205e-01 |315 -0.00994 -2.37174e-01
316  0.00288 -4.27800e-01 |317  0.00081 -3.60769e-01 |318  0.00048 -6.68644e-01
319  0.00005 -2.97756e-01 |320  0.00078 -1.68662e-01 |321 -0.00482  3.41498e-02
322  0.01334  9.03456e-01 |323 -0.01921  7.12439e-01 |324  0.00002  5.14904e-03
324 variables; iteration 860; function evaluation 918; phase 5
Function value 3.0833280e+03; maximum gradient component mag 1.5545e+01
Var    Value     Gradient |Var    Value     Gradient |Var    Value     Gradient
  1 -0.03451  1.55450e+01 |  2  0.04418  1.53618e-01 |  3 -2.13511 -3.00926e-02
  4 -0.03036  7.98701e-02 |  5 -1.92347 -1.22475e-02 |  6  0.05509  4.35872e-03
  7 -2.04420 -7.45448e-02 |  8 -1.99928  2.26930e-01 |  9  0.04982  2.14063e-02
 10  0.01838 -6.40118e-02 | 11  1.78169  3.16360e-02 | 12 -0.12212  1.31256e-01
 13 -0.04071 -2.88306e-01 | 14 -0.15697 -1.02732e-01 | 15 -0.17616 -2.43928e-01
 16  0.24057 -1.19872e-01 | 17  0.00279 -5.84058e-02 | 18 -0.10875 -1.53928e-01
 19 -0.04900 -1.08186e-01 | 20 -0.01168 -2.81761e-01 | 21 -0.09579 -1.25669e-01
 22  0.03545 -2.04397e-01 | 23 -0.12269  4.44469e-02 | 24 -0.03493  1.60470e-02
 25  0.01075  1.45509e-01 | 26  0.02390  8.74248e-02 | 27 -0.11356 -9.43858e-03
 28  0.01476 -2.52642e-01 | 29  0.05407 -1.40754e-01 | 30 -0.08359 -1.23083e-01
 31 -0.18862 -8.74028e-02 | 32  0.03983 -1.71423e-02 | 33  0.05310 -1.04773e-01
 34  0.05966  1.75004e-01 | 35  0.04438  6.90801e-02 | 36 -1.95528  4.51205e-02
 37 -0.01635 -1.25357e-01 | 38  0.06258  1.33641e-01 | 39 -1.93655 -2.81867e-02
 40  0.21517  6.55565e-01 | 41  0.02249 -2.73014e-01 | 42  0.08433  1.20532e-01
 43 -0.06239  2.58910e-01 | 44  0.17903  4.16332e-01 | 45 -0.03608  1.88718e-01
 46 -0.03205  3.78333e-01 | 47 -0.01420 -3.18285e-02 | 48 -0.08803  6.71818e-02
 49  0.11582  4.76249e-01 | 50  0.01262 -1.39432e-01 | 51  0.00065 -5.60754e-02
 52  0.01995  2.67383e-01 | 53 -0.03381 -1.48570e-01 | 54  0.08529  5.89486e-01
 55  0.00716 -4.29414e-01 | 56 -0.04897  4.04079e-01 | 57 -0.05578  1.95833e-01
 58  0.08477  2.74246e-01 | 59 -0.03172 -5.61605e-01 | 60  0.01700  5.58885e-01
 61  0.00806 -2.51169e-02 | 62  0.07297 -1.08084e-01 | 63  0.09979  6.47103e-01
 64 -0.05803 -3.65482e-02 | 65 -0.01180 -2.44024e-02 | 66  0.04111 -5.84525e-01
 67  0.01090 -1.56576e-01 | 68 -0.04090 -3.14985e-01 | 69  0.03756  2.18250e-01
 70  0.01436 -3.11851e-01 | 71  0.15524  5.66721e-02 | 72 -0.06522 -1.70965e-01
 73 -0.02615 -9.43953e-02 | 74 -0.03533 -1.01103e-02 | 75  0.02063 -7.29160e-02
 76 -0.10490 -1.92357e-01 | 77 -0.52316 -1.45455e-01 | 78 -0.66238  1.99425e-02
 79 -1.19463 -1.51859e-02 | 80 -0.70535  2.81812e-02 | 81 -0.75356 -1.98391e-01
 82 -1.22947 -4.66944e-02 | 83 -1.17744  1.12969e-02 | 84 -1.15089  6.49036e-03
 85 -1.17236 -4.10953e-02 | 86 -0.74077  6.71936e-03 | 87 -0.81868 -6.91805e-02
 88 -1.18849 -4.42032e-02 | 89 -0.79162  1.69305e-02 | 90 -1.20221 -6.25756e-02
 91 -0.80855 -6.08075e-02 | 92 -0.81010 -4.09997e-02 | 93 -0.78583 -2.73042e-02
 94 -1.20359 -1.15864e-01 | 95 -0.79092 -1.45601e-02 | 96 -0.84587 -3.93079e-02
 97 -0.84622 -8.27371e-02 | 98 -0.86526 -1.02354e-01 | 99 -1.10270 -1.37287e-01
100 -0.57760 -1.74726e-06 |101  0.98310  1.18114e-01 |102  0.29368 -1.15507e+00
103  0.21041  8.60149e-02 |104  0.08998 -1.62115e+00 |105 -0.16827  9.08770e-01
106 -0.20614  1.54754e+00 |107 -0.17207  1.41297e+00 |108  0.00055 -1.30262e+00
109  0.16847  9.84000e-01 |110 -0.02558  1.25647e+00 |111  0.17359  1.49262e-01
112 -0.06278 -2.94991e-02 |113  0.49866  3.02751e-03 |114 -0.05161 -5.54740e-01
115 -0.34272  5.20147e-01 |116 -0.20335  2.42339e-01 |117 -1.76551  9.23050e-03
118 -0.27490  7.68028e-02 |119  1.91745 -1.83738e-01 |120 -0.16906  4.60964e-02
121 -0.00234 -1.80748e-01 |122 -0.00244 -1.22003e-01 |123 -0.00265 -1.17385e-01
124 -0.00629 -4.04306e-02 |125 -0.00677 -1.06310e-01 |126 -0.00662 -1.66854e-03
127 -0.00757 -1.62092e-01 |128 -0.00924 -4.19376e-01 |129  0.00873 -3.45337e-01
130 -0.00304 -5.28387e-01 |131 -0.00712 -6.66764e-01 |132 -0.02015 -5.31320e-01
133  0.00157 -1.21118e+00 |134 -0.00995 -8.68370e-01 |135  0.00716 -9.24411e-01
136  0.00640 -7.49768e-01 |137 -0.00395 -9.34241e-01 |138  0.01642 -1.23200e+00
139 -0.01565 -1.36276e+00 |140 -0.01464 -1.68328e+00 |141  0.00896 -1.77774e+00
142  0.02033 -2.40829e+00 |143 -0.00419 -2.49935e+00 |144 -0.02119 -2.49506e+00
145  1.97935 -1.65613e+00 |146 -1.97676 -1.38942e+00 |147  0.02524 -2.62567e+00
148  0.00146 -2.43240e+00 |149  0.00285 -2.25540e+00 |150 -0.00892 -2.14287e+00
151  0.01244 -2.10440e+00 |152  0.02236 -2.00323e+00 |153 -0.02531 -1.93808e+00
154 -0.02076 -2.08228e+00 |155  0.00589 -1.55764e+00 |156  0.00390 -1.55644e+00
157  0.00313 -1.58342e+00 |158 -0.02151 -1.42838e+00 |159 -0.01127 -1.51069e+00
160  0.02753 -1.42838e+00 |161 -0.00962 -1.42240e+00 |162  0.01800 -1.41561e+00
163 -0.00740 -1.45296e+00 |164 -0.01874 -1.39895e+00 |165  0.00808 -1.42307e+00
166  0.00397 -1.21853e+00 |167 -0.00344 -8.87887e-01 |168  0.00522 -7.07554e-01
169 -0.01837 -5.14415e-01 |170 -0.00156 -8.70774e-01 |171  0.02254 -5.37232e-01
172 -0.02914 -3.45813e-01 |173  0.01034 -5.27765e-01 |174  0.02306 -3.09696e-01
175  0.02169 -3.20745e-01 |176 -0.00245 -2.34773e-01 |177 -0.00628 -2.60159e-01
178 -0.01992 -2.49670e-01 |179  0.00292 -3.17886e-01 |180 -0.00212 -2.68428e-01
181  0.00248 -4.22842e-01 |182 -0.00437  6.27801e-02 |183  0.00510 -6.91209e-02
184 -0.00681  7.96374e-02 |185 -0.01103  2.43184e-02 |186  0.00224 -3.20551e-02
187 -0.01195 -8.84389e-02 |188  0.00006  1.37948e-02 |189 -0.00457 -6.50896e+00
190  0.00234 -6.62043e+00 |191 -0.01055 -7.09113e+00 |192  0.00868 -7.03781e+00
193  0.00649 -6.86242e+00 |194 -0.02467 -6.90158e+00 |195  0.01884 -6.76011e+00
196 -0.00046 -7.05129e+00 |197 -0.02810 -6.71792e+00 |198  0.01819 -6.57932e+00
199 -0.00276 -7.54926e+00 |200 -0.00080 -7.29587e+00 |201 -0.00133 -4.83202e+00
202  0.00822 -5.10759e+00 |203 -0.00983 -4.88650e+00 |204  0.00416 -4.41271e+00
205  0.00284 -4.08113e+00 |206  0.00150 -3.63417e+00 |207 -0.00671 -3.80522e+00
208  0.01006 -4.17252e+00 |209 -0.00963 -4.10475e+00 |210  0.00341 -4.36921e+00
211 -0.00014 -4.39898e+00 |212  0.01046 -4.85031e+00 |213 -0.02436 -4.84758e+00
214  0.01621 -2.69509e+00 |215 -0.00763 -1.47625e+00 |216  0.00379 -1.44538e+00
217 -0.00067 -6.97816e-01 |218  0.00681 -2.24103e+00 |219 -0.00772 -2.47753e+00
220 -0.00026 -1.77152e+00 |221  0.01240 -1.69480e+00 |222 -0.00508 -1.65274e+00
223 -0.00248 -1.58052e+00 |224  0.00081 -2.14055e+00 |225 -0.00050 -1.86380e+00
226  0.00232 -2.06102e+00 |227 -0.01705 -2.98683e+00 |228  0.00878 -2.57859e+00
229  0.00795 -2.66644e+00 |230 -0.00736 -2.81057e+00 |231  0.00734 -2.91980e+00
232 -0.00405 -2.82365e+00 |233 -0.00521 -2.53268e+00 |234  0.00639 -2.00341e+00
235 -0.00466 -1.22218e+00 |236  0.00328 -1.58125e+00 |237  0.00162 -1.46212e+00
238 -0.00465 -1.07517e+00 |239 -0.00702 -7.55850e-01 |240  0.01259 -1.00308e+00
241 -0.00958 -9.51166e-01 |242  0.00325 -5.11291e-01 |243  0.01228 -1.18298e-03
244  0.00527  7.00893e-01 |245 -0.00952  1.12557e+00 |246 -0.01352  9.07300e-01
247  0.01099  6.46088e-01 |248  0.00451  4.41195e-01 |249 -0.00663  4.69446e-01
250 -0.00191  1.04267e+00 |251  0.00381  5.80699e-01 |252 -0.00458  2.93290e-01
253  0.00475 -1.25972e-01 |254 -0.01936  1.53838e-01 |255  0.00886 -4.43933e-02
256 -0.00000 -3.21388e-04 |257 -0.00161 -2.22698e-02 |258  0.00329 -6.11095e-01
259 -0.00269 -1.78287e+00 |260 -0.00151 -3.10235e+00 |261  0.00340 -3.42804e+00
262  0.01778 -5.69139e+00 |263 -0.01699 -6.00985e+00 |264  0.00653 -1.96886e+00
265 -0.00023 -3.64053e+00 |266 -0.02532 -4.10546e+00 |267  0.01223 -2.99689e+00
268 -0.01067 -2.87286e+00 |269  0.00011 -1.38084e+00 |270 -0.00125  2.19949e-01
271  0.00298  2.96895e-01 |272 -0.00210  3.00305e+00 |273  0.00174  2.35378e+00
274  0.00057  4.15698e+00 |275  0.00388  3.63891e+00 |276 -0.00004  2.04942e+00
277 -0.00208 -1.53048e+00 |278  0.00036 -1.92170e+00 |279  0.00164 -1.70803e+00
280  0.00242 -5.98083e+00 |281  0.00559 -5.65850e+00 |282 -0.01398  1.05226e-01
283  0.00748  1.43183e+00 |284 -0.00215  1.48646e+00 |285  0.00012  1.71065e+00
286  0.00399  3.66070e-01 |287 -0.00260  3.88704e-01 |288 -0.00083  1.47203e-01
289 -0.00254  8.14027e-02 |290  0.00733 -4.54487e-02 |291  0.00610 -1.14545e+00
292 -0.00775 -1.45826e+00 |293 -0.00007 -1.18893e+00 |294  0.00230 -1.41514e+00
295  0.00726 -1.91268e+00 |296 -0.00938 -1.85704e+00 |297 -0.00373 -1.98293e+00
298 -0.00104 -2.27382e+00 |299 -0.00142 -2.38178e+00 |300  0.00613 -2.43907e+00
301  0.00162 -2.22330e+00 |302 -0.00639 -1.36160e+00 |303  0.00382 -1.20783e+00
304 -0.00327 -1.03826e+00 |305  0.00444 -2.38044e-01 |306 -0.00141 -1.38533e-01
307  0.00048  6.26162e-01 |308 -0.00390  6.50797e-01 |309  0.00793  2.26671e-01
310 -0.00211  2.88013e-01 |311 -0.00472  6.57807e-01 |312  0.00660  1.40379e+00
313  0.00485  1.98479e+00 |314  0.00243  1.80812e+00 |315 -0.00995  1.73057e+00
316  0.00287  1.09968e+00 |317  0.00080  1.26928e+00 |318  0.00050  2.39400e+00
319  0.00004  1.46359e+00 |320  0.00078  1.66683e+00 |321 -0.00481  1.20555e+00
322  0.01340  7.30381e-01 |323 -0.01928  7.05337e-02 |324 -0.00002 -5.92004e-03
324 variables; iteration 880; function evaluation 938; phase 5
Function value 3.0833224e+03; maximum gradient component mag -1.1164e+01
Var    Value     Gradient |Var    Value     Gradient |Var    Value     Gradient
  1 -0.03451 -2.15154e+00 |  2  0.04367 -1.05588e-02 |  3 -2.13522 -2.46901e-02
  4 -0.03010  1.96042e-01 |  5 -1.92334  4.52602e-02 |  6  0.05517  1.55330e-02
  7 -2.04418 -9.30944e-03 |  8 -1.99944 -9.35621e-03 |  9  0.04975 -9.47317e-02
 10  0.01842  1.09158e-01 | 11  1.78170 -6.19754e-03 | 12 -0.12266 -4.60399e-02
 13 -0.04046 -3.76562e-02 | 14 -0.15713  8.30532e-02 | 15 -0.17631 -1.34354e-01
 16  0.24058 -1.53158e-01 | 17  0.00277  1.03292e-01 | 18 -0.10880  1.92857e-01
 19 -0.04876  1.68427e-02 | 20 -0.01173 -5.22827e-02 | 21 -0.09548 -8.93116e-02
 22  0.03544 -1.08849e-01 | 23 -0.12268  1.61601e-02 | 24 -0.03487 -2.44406e-01
 25  0.01077 -4.30294e-01 | 26  0.02355 -5.06671e-01 | 27 -0.11337  1.41683e-01
 28  0.01490 -1.67211e-01 | 29  0.05396 -2.75567e-01 | 30 -0.08358 -3.45306e-02
 31 -0.18874 -2.10266e-01 | 32  0.03987 -3.13997e-01 | 33  0.05331 -1.44843e-01
 34  0.05954 -3.77146e-01 | 35  0.04446 -2.84364e-01 | 36 -1.95531  1.31289e-01
 37 -0.01634 -5.39600e-02 | 38  0.06257 -2.00213e-01 | 39 -1.93657 -4.04120e-02
 40  0.21512 -4.87874e-01 | 41  0.02263  1.09903e-01 | 42  0.08430 -2.71412e-01
 43 -0.06246 -2.45489e-01 | 44  0.17905  1.77062e-01 | 45 -0.03606  3.36584e-01
 46 -0.03213 -5.15106e-01 | 47 -0.01418  7.80529e-02 | 48 -0.08799  3.25432e-01
 49  0.11582 -1.84521e-01 | 50  0.01267  3.09106e-01 | 51  0.00061 -4.70297e-01
 52  0.01995  3.38834e-01 | 53 -0.03380  3.79132e-02 | 54  0.08528  3.64635e-01
 55  0.00715 -4.84276e-01 | 56 -0.04898  3.55738e-01 | 57 -0.05578  2.93716e-01
 58  0.08478  6.31679e-01 | 59 -0.03169  1.40423e-01 | 60  0.01698  1.47125e-01
 61  0.00807  3.79140e-01 | 62  0.07296 -3.26957e-02 | 63  0.09977  2.13376e-01
 64 -0.05802  2.08329e-01 | 65 -0.01180  1.67105e-01 | 66  0.04114  6.39012e-02
 67  0.01090  1.47300e-01 | 68 -0.04084  6.52982e-01 | 69  0.03753 -3.46708e-01
 70  0.01439  1.98697e-01 | 71  0.15525  2.80174e-01 | 72 -0.06526 -2.16997e-01
 73 -0.02618 -8.28719e-02 | 74 -0.03536  6.55206e-02 | 75  0.02064  3.38838e-01
 76 -0.10487  9.56302e-02 | 77 -0.52321 -7.57417e-02 | 78 -0.66241 -1.62685e-02
 79 -1.19464 -4.32688e-02 | 80 -0.70542 -3.99619e-02 | 81 -0.75340 -1.15728e-02
 82 -1.22945 -2.56485e-02 | 83 -1.17744  3.10350e-02 | 84 -1.15091 -1.58221e-02
 85 -1.17233  4.36834e-02 | 86 -0.74078 -1.87267e-02 | 87 -0.81865 -3.01866e-02
 88 -1.18845  1.00988e-02 | 89 -0.79169 -6.73651e-02 | 90 -1.20216  1.02207e-02
 91 -0.80853 -1.64593e-02 | 92 -0.81008  1.64562e-03 | 93 -0.78582  8.80268e-04
 94 -1.20354 -3.55249e-02 | 95 -0.79096 -6.84593e-02 | 96 -0.84587  2.13612e-02
 97 -0.84620 -2.61524e-02 | 98 -0.86521  6.53339e-02 | 99 -1.10271 -1.10702e-01
100 -0.57075 -1.70902e-06 |101  0.97910  9.04323e-02 |102  0.28229 -1.00655e+00
103  0.20818 -1.31735e+00 |104  0.08999  5.06146e-01 |105 -0.16827 -5.73371e-01
106 -0.20615 -8.76813e-01 |107 -0.17208 -2.45325e-01 |108  0.00055 -5.09547e-01
109  0.16848  8.34072e-01 |110 -0.02560 -1.01643e+00 |111  0.17358 -2.44090e-01
112 -0.06239  5.42592e-02 |113  0.49744  3.01163e-03 |114 -0.05159  2.06910e-01
115 -0.34273  1.87569e-01 |116 -0.20336  2.19274e-01 |117 -1.76558  3.58104e-02
118 -0.27511 -1.19694e-01 |119  1.91782  1.16125e-01 |120 -0.16898  4.05485e-02
121 -0.00203 -9.79379e-01 |122 -0.00158 -7.87683e-01 |123 -0.00265 -9.98595e-01
124 -0.00708 -1.20106e+00 |125 -0.00680 -1.08152e+00 |126 -0.00793 -1.29362e+00
127 -0.00769 -1.15541e+00 |128 -0.00837 -1.15312e+00 |129  0.00853 -1.18086e+00
130 -0.00276 -1.14897e+00 |131 -0.00686 -1.27698e+00 |132 -0.02046 -1.29480e+00
133  0.00182 -1.14380e+00 |134 -0.00999 -8.51838e-01 |135  0.00720 -1.15053e+00
136  0.00637 -1.04875e+00 |137 -0.00396 -1.19240e+00 |138  0.01642 -1.44347e+00
139 -0.01579 -1.62969e+00 |140 -0.01448 -1.39240e+00 |141  0.00891 -1.63791e+00
142  0.02021 -1.86723e+00 |143 -0.00407 -1.76722e+00 |144 -0.02077 -1.65904e+00
145  1.97981 -3.20803e-01 |146 -1.97667 -7.05949e-01 |147  0.02548 -1.16897e+00
148  0.00162 -1.08326e+00 |149  0.00272 -1.22355e+00 |150 -0.00898 -1.22062e+00
151  0.01237 -1.21835e+00 |152  0.02236 -1.07852e+00 |153 -0.02543 -1.01359e+00
154 -0.02056 -9.58322e-01 |155  0.00568 -6.64014e-01 |156  0.00405 -4.53170e-01
157  0.00329 -3.96359e-01 |158 -0.02163 -3.98010e-01 |159 -0.01129 -3.58957e-01
160  0.02751 -3.08576e-01 |161 -0.00960 -2.27191e-01 |162  0.01799 -1.22586e-01
163 -0.00736 -1.21053e-01 |164 -0.01878 -1.71132e-01 |165  0.00816 -3.98636e-02
166  0.00393 -2.43100e-01 |167 -0.00348 -2.46705e-01 |168  0.00528  6.81549e-02
169 -0.01845  1.18578e-01 |170 -0.00152  1.07417e-01 |171  0.02256 -1.40665e-02
172 -0.02919  5.14549e-02 |173  0.01037  1.48604e-01 |174  0.02306  1.35251e-01
175  0.02181  5.08321e-02 |176 -0.00249  2.10301e-02 |177 -0.00626  1.23107e-03
178 -0.02001 -3.78444e-02 |179  0.00286 -1.46166e-01 |180 -0.00205  3.22712e-02
181  0.00261 -1.52688e-01 |182 -0.00445 -2.85143e-01 |183  0.00500 -7.60448e-01
184 -0.00685 -4.18349e-01 |185 -0.01097 -3.42262e-01 |186  0.00221 -5.25636e-01
187 -0.01192 -3.32827e-01 |188 -0.00005 -1.21515e-02 |189 -0.00213 -5.17528e+00
190  0.00237 -5.29654e+00 |191 -0.01053 -6.10157e+00 |192  0.00866 -6.29322e+00
193  0.00651 -5.80273e+00 |194 -0.02464 -5.90296e+00 |195  0.01859 -5.64198e+00
196 -0.00021 -5.67605e+00 |197 -0.02808 -5.18350e+00 |198  0.01809 -4.41844e+00
199 -0.00275 -4.56728e+00 |200 -0.00064 -4.33010e+00 |201 -0.00152 -5.33074e+00
202  0.00831 -5.39027e+00 |203 -0.00997 -5.47847e+00 |204  0.00427 -4.32512e+00
205  0.00284 -4.41389e+00 |206  0.00146 -4.58575e+00 |207 -0.00674 -4.40767e+00
208  0.01021 -3.52282e+00 |209 -0.00974 -3.78495e+00 |210  0.00337 -3.87224e+00
211 -0.00008 -3.47719e+00 |212  0.01035 -2.37002e+00 |213 -0.02436 -2.88655e+00
214  0.01637 -3.45776e+00 |215 -0.00772 -4.68904e+00 |216  0.00385 -4.42209e+00
217 -0.00070 -4.71652e+00 |218  0.00678 -5.36531e+00 |219 -0.00767 -4.02484e+00
220 -0.00027 -4.02902e+00 |221  0.01238 -4.18940e+00 |222 -0.00506 -3.84937e+00
223 -0.00253 -3.76763e+00 |224  0.00087 -3.28210e+00 |225 -0.00052 -3.46525e+00
226  0.00227 -3.85852e+00 |227 -0.01695 -3.65816e+00 |228  0.00874 -3.98006e+00
229  0.00795 -4.01171e+00 |230 -0.00736 -3.84754e+00 |231  0.00735 -3.66628e+00
232 -0.00405 -3.76037e+00 |233 -0.00522 -3.87613e+00 |234  0.00640 -3.03608e+00
235 -0.00467 -2.85696e+00 |236  0.00327 -2.36160e+00 |237  0.00164 -1.62309e+00
238 -0.00465 -1.29285e+00 |239 -0.00702 -1.49848e+00 |240  0.01260 -1.66706e+00
241 -0.00959 -1.82972e+00 |242  0.00327 -1.38496e+00 |243  0.01227 -1.60735e+00
244  0.00526 -1.97080e+00 |245 -0.00953 -1.91766e+00 |246 -0.01353 -1.87183e+00
247  0.01101 -1.58682e+00 |248  0.00451 -1.56899e+00 |249 -0.00663 -1.84715e+00
250 -0.00192 -1.77714e+00 |251  0.00382 -1.75864e+00 |252 -0.00457 -1.30957e+00
253  0.00478 -7.30079e-01 |254 -0.01932 -1.03654e+00 |255  0.00879 -9.00048e-01
256 -0.00000 -8.53089e-04 |257 -0.00111 -6.07385e+00 |258  0.00329 -6.16983e+00
259 -0.00271 -6.96234e+00 |260 -0.00150 -7.09088e+00 |261  0.00340 -6.39202e+00
262  0.01774 -6.97038e+00 |263 -0.01680 -7.02628e+00 |264  0.00630 -7.41952e+00
265 -0.00022 -7.93236e+00 |266 -0.02523 -7.45060e+00 |267  0.01223 -6.65513e+00
268 -0.01074 -7.02166e+00 |269  0.00022 -6.81622e+00 |270 -0.00131 -7.14676e+00
271  0.00310 -7.38569e+00 |272 -0.00223 -8.52598e+00 |273  0.00176 -8.65816e+00
274  0.00060 -7.76972e+00 |275  0.00385 -1.04070e+01 |276 -0.00016 -1.11645e+01
277 -0.00192 -7.64314e+00 |278  0.00038 -8.62260e+00 |279  0.00151 -1.09438e+01
280  0.00249 -9.68071e+00 |281  0.00575 -9.91442e+00 |282 -0.01414 -9.59177e+00
283  0.00749 -8.88049e+00 |284 -0.00219 -8.59949e+00 |285  0.00014 -9.23777e+00
286  0.00400 -9.66455e+00 |287 -0.00264 -9.20781e+00 |288 -0.00080 -8.49498e+00
289 -0.00253 -8.34072e+00 |290  0.00731 -8.06576e+00 |291  0.00615 -7.75573e+00
292 -0.00778 -7.77546e+00 |293 -0.00006 -8.41493e+00 |294  0.00229 -9.22398e+00
295  0.00722 -9.36349e+00 |296 -0.00935 -9.25761e+00 |297 -0.00373 -9.44179e+00
298 -0.00104 -9.08975e+00 |299 -0.00141 -8.66154e+00 |300  0.00613 -8.90977e+00
301  0.00162 -8.81764e+00 |302 -0.00640 -7.93485e+00 |303  0.00382 -7.58630e+00
304 -0.00326 -6.32725e+00 |305  0.00443 -5.81783e+00 |306 -0.00141 -5.64218e+00
307  0.00048 -5.21784e+00 |308 -0.00391 -4.99718e+00 |309  0.00793 -4.77548e+00
310 -0.00212 -4.48076e+00 |311 -0.00470 -3.65480e+00 |312  0.00660 -3.87897e+00
313  0.00484 -3.89378e+00 |314  0.00245 -3.19154e+00 |315 -0.00997 -3.02391e+00
316  0.00287 -3.17498e+00 |317  0.00080 -3.01306e+00 |318  0.00049 -2.11871e+00
319  0.00005 -2.17344e+00 |320  0.00078 -1.60385e+00 |321 -0.00481 -8.39304e-01
322  0.01333 -7.32871e-01 |323 -0.01921 -4.97050e-01 |324  0.00002  4.53904e-03
324 variables; iteration 900; function evaluation 958; phase 5
Function value 3.0833194e+03; maximum gradient component mag 6.5353e+00
Var    Value     Gradient |Var    Value     Gradient |Var    Value     Gradient
  1 -0.03452  1.80128e+00 |  2  0.04373  8.37173e-03 |  3 -2.13533 -1.88447e-02
  4 -0.03050  8.36106e-03 |  5 -1.92352  1.00380e-04 |  6  0.05515  4.71015e-03
  7 -2.04426 -3.43601e-02 |  8 -1.99934 -1.09158e-02 |  9  0.04981  5.39852e-02
 10  0.01839  1.27312e-02 | 11  1.78169 -3.03221e-02 | 12 -0.12261 -2.10729e-02
 13 -0.04044  9.52747e-03 | 14 -0.15737 -9.25114e-03 | 15 -0.17603 -3.35340e-02
 16  0.24062  2.14383e-01 | 17  0.00265  2.81536e-03 | 18 -0.10883 -3.59390e-02
 19 -0.04884 -9.28153e-03 | 20 -0.01170  2.36191e-02 | 21 -0.09559  2.25730e-02
 22  0.03547  3.48454e-02 | 23 -0.12263 -3.34979e-02 | 24 -0.03490  1.12206e-02
 25  0.01071 -1.69643e-02 | 26  0.02384  8.42293e-02 | 27 -0.11375 -6.64503e-02
 28  0.01483  8.99844e-04 | 29  0.05395  1.50877e-02 | 30 -0.08359  2.50397e-02
 31 -0.18869 -2.41422e-02 | 32  0.03998 -2.17641e-02 | 33  0.05330  3.99208e-02
 34  0.05957  7.31863e-02 | 35  0.04448 -5.65752e-03 | 36 -1.95521  3.62721e-03
 37 -0.01626 -1.04179e-02 | 38  0.06259 -6.93206e-05 | 39 -1.93647  3.50998e-02
 40  0.21515  1.98829e-02 | 41  0.02256 -4.69533e-02 | 42  0.08434  6.70475e-02
 43 -0.06243 -2.12769e-02 | 44  0.17905 -1.39898e-02 | 45 -0.03609  4.03951e-02
 46 -0.03206 -1.35017e-02 | 47 -0.01418 -4.94534e-02 | 48 -0.08803  1.11220e-02
 49  0.11583 -1.34765e-01 | 50  0.01265 -2.17013e-02 | 51  0.00067  2.92351e-02
 52  0.01995 -6.55883e-02 | 53 -0.03379 -7.84937e-02 | 54  0.08529  7.70207e-02
 55  0.00719 -7.46909e-03 | 56 -0.04898  8.46968e-03 | 57 -0.05578  6.05670e-03
 58  0.08477 -1.29731e-01 | 59 -0.03168 -8.73923e-02 | 60  0.01699  5.23409e-02
 61  0.00807  7.12362e-02 | 62  0.07297 -3.73834e-02 | 63  0.09977 -5.63178e-02
 64 -0.05802  5.93974e-02 | 65 -0.01179  4.87774e-02 | 66  0.04114 -7.57896e-02
 67  0.01092  8.28833e-02 | 68 -0.04089 -1.70396e-01 | 69  0.03756  9.18290e-02
 70  0.01438 -9.04345e-02 | 71  0.15525  5.92525e-02 | 72 -0.06522  5.13311e-03
 73 -0.02616 -2.41472e-02 | 74 -0.03533  6.74153e-02 | 75  0.02063 -3.18864e-02
 76 -0.10489 -3.00106e-02 | 77 -0.52314 -2.19576e-02 | 78 -0.66243 -1.20198e-03
 79 -1.19461  1.82084e-02 | 80 -0.70540 -7.49563e-04 | 81 -0.75340  1.96164e-02
 82 -1.22941  7.24419e-03 | 83 -1.17743  1.48239e-02 | 84 -1.15089  1.34867e-02
 85 -1.17233  2.57505e-02 | 86 -0.74079 -5.80226e-05 | 87 -0.81865 -1.62568e-02
 88 -1.18842 -1.74306e-03 | 89 -0.79164  4.21028e-03 | 90 -1.20215 -7.24276e-03
 91 -0.80853 -1.68315e-02 | 92 -0.81009 -1.45497e-02 | 93 -0.78582 -1.89310e-02
 94 -1.20354 -4.85412e-03 | 95 -0.79092 -1.03300e-02 | 96 -0.84586  6.95623e-03
 97 -0.84619 -4.24866e-04 | 98 -0.86522  1.32867e-02 | 99 -1.10270  3.10508e-02
100 -0.56401 -1.67238e-06 |101  0.97504  8.97997e-02 |102  0.27015  7.77268e-01
103  0.20477  1.48069e+00 |104  0.08999 -1.23912e-01 |105 -0.16827 -2.94480e-03
106 -0.20615 -3.04259e-01 |107 -0.17208 -2.59997e-01 |108  0.00055 -5.62693e-01
109  0.16847 -1.11182e-01 |110 -0.02559 -1.74713e-02 |111  0.17359  5.38212e-02
112 -0.06252  1.89052e-02 |113  0.49587  2.99079e-03 |114 -0.05159  9.57201e-02
115 -0.34273  3.06728e-01 |116 -0.20335  2.34754e-01 |117 -1.76555 -1.76184e-02
118 -0.27498  1.61641e-02 |119  1.91760 -1.24992e-02 |120 -0.16907  6.06645e-03
121 -0.00202  6.25352e-01 |122 -0.00219  6.66378e-01 |123 -0.00257  6.27554e-01
124 -0.00682  5.08589e-01 |125 -0.00711  4.89294e-01 |126 -0.00750  4.62860e-01
127 -0.00775  4.81560e-01 |128 -0.00836  5.05591e-01 |129  0.00850  4.92397e-01
130 -0.00288  5.54048e-01 |131 -0.00658  5.49705e-01 |132 -0.02033  5.10738e-01
133  0.00184  5.73622e-01 |134 -0.01005  6.31908e-01 |135  0.00718  4.64913e-01
136  0.00633  6.21442e-01 |137 -0.00395  6.61606e-01 |138  0.01640  7.49314e-01
139 -0.01572  7.67125e-01 |140 -0.01448  8.32002e-01 |141  0.00891  8.16046e-01
142  0.02034  7.01971e-01 |143 -0.00391  7.16106e-01 |144 -0.02061  7.04109e-01
145  1.98018 -5.64566e-01 |146 -1.97649 -5.48673e-01 |147  0.02563  7.48213e-01
148  0.00151  6.70529e-01 |149  0.00279  6.46215e-01 |150 -0.00898  6.90972e-01
151  0.01248  6.78587e-01 |152  0.02231  7.11616e-01 |153 -0.02543  7.54078e-01
154 -0.02051  7.73172e-01 |155  0.00577  7.54583e-01 |156  0.00387  7.58298e-01
157  0.00329  7.80477e-01 |158 -0.02165  7.54096e-01 |159 -0.01129  7.54505e-01
160  0.02752  6.62784e-01 |161 -0.00961  6.87326e-01 |162  0.01799  6.36976e-01
163 -0.00737  6.10962e-01 |164 -0.01878  5.78001e-01 |165  0.00812  5.67396e-01
166  0.00395  4.87991e-01 |167 -0.00343  5.11027e-01 |168  0.00524  5.03994e-01
169 -0.01846  5.47092e-01 |170 -0.00151  5.45104e-01 |171  0.02259  4.92851e-01
172 -0.02920  4.72700e-01 |173  0.01036  3.93339e-01 |174  0.02305  3.21707e-01
175  0.02180  3.15610e-01 |176 -0.00254  2.90350e-01 |177 -0.00626  2.91084e-01
178 -0.01995  2.82751e-01 |179  0.00293  2.44844e-01 |180 -0.00225  2.18282e-01
181  0.00274  2.83812e-01 |182 -0.00450  1.77986e-01 |183  0.00512  6.69167e-02
184 -0.00686  8.45345e-02 |185 -0.01104  7.80284e-02 |186  0.00226  6.81452e-02
187 -0.01194  4.58896e-02 |188  0.00000  1.08314e-03 |189  0.00044  3.65634e+00
190  0.00243  3.56038e+00 |191 -0.01052  3.32387e+00 |192  0.00867  3.14600e+00
193  0.00646  3.06833e+00 |194 -0.02442  3.09786e+00 |195  0.01838  3.06189e+00
196  0.00011  3.16138e+00 |197 -0.02834  3.07172e+00 |198  0.01803  3.00587e+00
199 -0.00269  2.97719e+00 |200 -0.00074  2.96097e+00 |201 -0.00145  3.57067e+00
202  0.00828  3.44709e+00 |203 -0.00990  3.44301e+00 |204  0.00423  3.16223e+00
205  0.00280  3.15944e+00 |206  0.00151  3.20427e+00 |207 -0.00670  3.21789e+00
208  0.01007  3.25529e+00 |209 -0.00961  3.18960e+00 |210  0.00336  3.07110e+00
211 -0.00011  2.99979e+00 |212  0.01015  3.48015e+00 |213 -0.02421  3.46494e+00
214  0.01639  2.89309e+00 |215 -0.00769  3.50641e+00 |216  0.00386  3.56754e+00
217 -0.00073  3.39543e+00 |218  0.00685  3.57899e+00 |219 -0.00773  3.27942e+00
220 -0.00027  3.33908e+00 |221  0.01242  3.38321e+00 |222 -0.00509  3.37497e+00
223 -0.00249  3.38805e+00 |224  0.00083  3.29164e+00 |225 -0.00050  3.26736e+00
226  0.00228  2.99339e+00 |227 -0.01698  2.87874e+00 |228  0.00875  2.65403e+00
229  0.00795  2.50634e+00 |230 -0.00735  2.40620e+00 |231  0.00735  2.24236e+00
232 -0.00405  2.19655e+00 |233 -0.00521  2.08292e+00 |234  0.00640  1.94345e+00
235 -0.00468  1.85040e+00 |236  0.00328  1.66005e+00 |237  0.00164  1.67753e+00
238 -0.00467  1.72934e+00 |239 -0.00701  1.63708e+00 |240  0.01260  1.52082e+00
241 -0.00959  1.42002e+00 |242  0.00326  1.42309e+00 |243  0.01228  1.30070e+00
244  0.00527  1.21159e+00 |245 -0.00953  1.12234e+00 |246 -0.01352  1.06312e+00
247  0.01100  9.09787e-01 |248  0.00450  7.65153e-01 |249 -0.00663  7.19374e-01
250 -0.00191  5.28420e-01 |251  0.00381  4.53251e-01 |252 -0.00457  3.97161e-01
253  0.00477  2.80615e-01 |254 -0.01934  2.38257e-01 |255  0.00882  1.11269e-01
256  0.00000  2.40518e-04 |257 -0.00031  6.42096e+00 |258  0.00326  6.28206e+00
259 -0.00269  6.40796e+00 |260 -0.00149  6.35623e+00 |261  0.00338  6.13131e+00
262  0.01760  6.46423e+00 |263 -0.01665  6.53534e+00 |264  0.00620  6.09069e+00
265 -0.00014  5.84779e+00 |266 -0.02519  5.69264e+00 |267  0.01220  6.04510e+00
268 -0.01069  5.81166e+00 |269  0.00018  6.32987e+00 |270 -0.00130  6.02827e+00
271  0.00305  5.82343e+00 |272 -0.00218  5.65859e+00 |273  0.00179  5.63338e+00
274  0.00053  5.49849e+00 |275  0.00386  5.27871e+00 |276 -0.00006  5.24850e+00
277 -0.00207  4.57244e+00 |278  0.00039  4.70390e+00 |279  0.00158  5.38467e+00
280  0.00249  5.57114e+00 |281  0.00580  5.52526e+00 |282 -0.01417  4.79692e+00
283  0.00745  4.69000e+00 |284 -0.00220  4.74602e+00 |285  0.00015  4.70718e+00
286  0.00398  4.72808e+00 |287 -0.00260  4.40670e+00 |288 -0.00083  4.16781e+00
289 -0.00255  4.08575e+00 |290  0.00733  4.00499e+00 |291  0.00613  4.00836e+00
292 -0.00776  3.93288e+00 |293 -0.00008  3.80349e+00 |294  0.00231  3.58671e+00
295  0.00724  3.38185e+00 |296 -0.00936  3.28260e+00 |297 -0.00373  2.99558e+00
298 -0.00104  2.99672e+00 |299 -0.00142  2.94446e+00 |300  0.00613  2.97535e+00
301  0.00163  2.86085e+00 |302 -0.00640  2.79416e+00 |303  0.00383  2.72901e+00
304 -0.00327  2.80429e+00 |305  0.00443  2.80228e+00 |306 -0.00140  2.77206e+00
307  0.00047  2.55871e+00 |308 -0.00392  2.39882e+00 |309  0.00793  2.27624e+00
310 -0.00211  2.05674e+00 |311 -0.00472  1.99386e+00 |312  0.00661  1.90893e+00
313  0.00484  1.69418e+00 |314  0.00243  1.67053e+00 |315 -0.00996  1.59894e+00
316  0.00288  1.37814e+00 |317  0.00081  1.21243e+00 |318  0.00048  9.91221e-01
319  0.00006  8.33211e-01 |320  0.00078  7.55369e-01 |321 -0.00481  5.77354e-01
322  0.01335  2.94605e-01 |323 -0.01924  9.66196e-02 |324 -0.00000 -6.30013e-04
324 variables; iteration 920; function evaluation 978; phase 5
Function value 3.0833192e+03; maximum gradient component mag 7.6287e-01
Var    Value     Gradient |Var    Value     Gradient |Var    Value     Gradient
  1 -0.03452  2.26323e-01 |  2  0.04372 -5.97053e-04 |  3 -2.13533 -4.83733e-03
  4 -0.03050  1.10933e-03 |  5 -1.92353 -1.77668e-03 |  6  0.05515 -4.16054e-03
  7 -2.04425 -1.24233e-03 |  8 -1.99936 -3.11955e-04 |  9  0.04980  3.16136e-03
 10  0.01836 -1.45916e-03 | 11  1.78169 -1.00960e-02 | 12 -0.12259 -3.15726e-04
 13 -0.04047  5.74307e-03 | 14 -0.15737 -1.31750e-03 | 15 -0.17602 -3.75458e-03
 16  0.24061  1.97787e-02 | 17  0.00264 -4.49650e-03 | 18 -0.10880  1.47495e-03
 19 -0.04882  4.56994e-03 | 20 -0.01171  3.62029e-03 | 21 -0.09558 -3.86744e-04
 22  0.03547  9.17991e-03 | 23 -0.12260  1.94565e-03 | 24 -0.03491  2.74672e-03
 25  0.01074  5.13022e-03 | 26  0.02379  4.52713e-03 | 27 -0.11366  5.17287e-03
 28  0.01485  9.70923e-03 | 29  0.05395  9.05500e-03 | 30 -0.08357  6.72684e-04
 31 -0.18870  3.84369e-03 | 32  0.03996  2.37745e-03 | 33  0.05332  7.27043e-03
 34  0.05955  4.49872e-03 | 35  0.04448  5.31940e-03 | 36 -1.95522 -5.49136e-04
 37 -0.01629  3.34411e-03 | 38  0.06258  2.81302e-03 | 39 -1.93649 -3.59033e-03
 40  0.21515  1.80612e-02 | 41  0.02258  3.21541e-03 | 42  0.08433 -2.99998e-03
 43 -0.06243 -3.36096e-03 | 44  0.17905  1.96626e-02 | 45 -0.03610  2.05953e-03
 46 -0.03207  2.50710e-03 | 47 -0.01418  8.58256e-04 | 48 -0.08803 -2.73716e-03
 49  0.11583 -4.37296e-03 | 50  0.01265 -2.03621e-03 | 51  0.00066 -4.16648e-03
 52  0.01995 -2.14063e-02 | 53 -0.03378 -1.26401e-02 | 54  0.08529 -1.63129e-03
 55  0.00719  2.99630e-03 | 56 -0.04899 -1.45457e-02 | 57 -0.05578 -5.43497e-03
 58  0.08477 -1.55177e-02 | 59 -0.03168  1.18653e-02 | 60  0.01699 -1.40485e-02
 61  0.00806 -2.73507e-03 | 62  0.07297 -1.04083e-02 | 63  0.09977 -1.09313e-02
 64 -0.05803 -9.28067e-03 | 65 -0.01180  8.15567e-03 | 66  0.04114 -1.01758e-02
 67  0.01091 -7.14600e-03 | 68 -0.04088 -2.85778e-03 | 69  0.03755  3.87512e-03
 70  0.01438 -5.01182e-03 | 71  0.15525 -1.51219e-04 | 72 -0.06522 -1.89207e-03
 73 -0.02616  3.34486e-03 | 74 -0.03534 -4.44596e-03 | 75  0.02063 -5.03122e-03
 76 -0.10489 -2.53167e-03 | 77 -0.52313 -8.60119e-04 | 78 -0.66243  5.84758e-04
 79 -1.19462  1.57868e-03 | 80 -0.70540  8.19748e-04 | 81 -0.75341  3.06498e-03
 82 -1.22941 -1.62499e-03 | 83 -1.17744  8.30752e-04 | 84 -1.15090  9.50472e-04
 85 -1.17235 -2.62164e-03 | 86 -0.74079  5.52739e-04 | 87 -0.81864 -6.72934e-04
 88 -1.18842 -2.95944e-04 | 89 -0.79164  1.78377e-03 | 90 -1.20215 -3.20119e-04
 91 -0.80852 -9.49827e-04 | 92 -0.81008 -4.35253e-05 | 93 -0.78581 -1.19947e-03
 94 -1.20354  2.12465e-03 | 95 -0.79091 -1.52261e-04 | 96 -0.84586  2.12310e-03
 97 -0.84619  2.08077e-03 | 98 -0.86522  2.32982e-04 | 99 -1.10270  4.60942e-03
100 -0.56385 -1.67153e-06 |101  0.97503  8.83437e-02 |102  0.27022  6.61264e-02
103  0.20423  1.62476e-01 |104  0.08999  9.57785e-03 |105 -0.16827 -4.51774e-03
106 -0.20614 -6.03082e-03 |107 -0.17208 -1.04528e-02 |108  0.00055  7.28540e-02
109  0.16847 -4.44385e-02 |110 -0.02559 -4.05836e-02 |111  0.17359 -2.48826e-02
112 -0.06262  8.48010e-05 |113  0.49582  2.99013e-03 |114 -0.05159 -1.06149e-02
115 -0.34273 -1.96134e-02 |116 -0.20337 -2.33434e-02 |117 -1.76558  1.14836e-03
118 -0.27500 -1.67541e-03 |119  1.91764  2.17014e-03 |120 -0.16906 -1.63600e-03
121 -0.00220  4.27745e-01 |122 -0.00251  4.35095e-01 |123 -0.00276  4.31552e-01
124 -0.00672  4.34960e-01 |125 -0.00695  4.34017e-01 |126 -0.00727  4.27455e-01
127 -0.00757  4.36454e-01 |128 -0.00832  4.23310e-01 |129  0.00860  4.22141e-01
130 -0.00298  4.06714e-01 |131 -0.00665  4.06859e-01 |132 -0.02028  4.06309e-01
133  0.00186  3.73463e-01 |134 -0.01008  3.61311e-01 |135  0.00720  2.81800e-01
136  0.00632  3.80188e-01 |137 -0.00394  3.85023e-01 |138  0.01639  3.73604e-01
139 -0.01569  3.72291e-01 |140 -0.01452  3.71728e-01 |141  0.00891  3.61025e-01
142  0.02036  3.11984e-01 |143 -0.00393  3.10141e-01 |144 -0.02059  3.03930e-01
145  1.98020 -3.63877e-02 |146 -1.97648 -3.97393e-02 |147  0.02561  2.66961e-01
148  0.00153  2.67728e-01 |149  0.00281  2.58154e-01 |150 -0.00899  2.59997e-01
151  0.01251  2.50976e-01 |152  0.02232  2.51414e-01 |153 -0.02545  2.33560e-01
154 -0.02054  2.29727e-01 |155  0.00578  2.12528e-01 |156  0.00386  2.09185e-01
157  0.00326  1.94632e-01 |158 -0.02163  1.94022e-01 |159 -0.01129  1.94239e-01
160  0.02753  1.72197e-01 |161 -0.00962  1.75108e-01 |162  0.01798  1.58102e-01
163 -0.00737  1.54502e-01 |164 -0.01876  1.44125e-01 |165  0.00811  1.36101e-01
166  0.00396  1.25893e-01 |167 -0.00343  1.18273e-01 |168  0.00525  1.12286e-01
169 -0.01847  1.26302e-01 |170 -0.00152  1.09630e-01 |171  0.02258  9.81884e-02
172 -0.02920  9.13356e-02 |173  0.01036  8.28177e-02 |174  0.02305  7.33220e-02
175  0.02177  6.70160e-02 |176 -0.00253  6.21629e-02 |177 -0.00626  6.20481e-02
178 -0.01995  6.06128e-02 |179  0.00293  5.26626e-02 |180 -0.00221  4.72405e-02
181  0.00267  4.37522e-02 |182 -0.00451  3.51606e-02 |183  0.00515  3.99372e-02
184 -0.00686  2.94420e-02 |185 -0.01104  2.74189e-02 |186  0.00226  2.68940e-02
187 -0.01194  1.92188e-02 |188 -0.00000 -7.62947e-05 |189  0.00043  4.00924e-01
190  0.00241  3.97717e-01 |191 -0.01051  3.48148e-01 |192  0.00868  3.52274e-01
193  0.00648  3.90812e-01 |194 -0.02448  3.68184e-01 |195  0.01846  3.78972e-01
196  0.00006  3.55557e-01 |197 -0.02832  3.53848e-01 |198  0.01802  3.88387e-01
199 -0.00268  3.85613e-01 |200 -0.00074  3.89102e-01 |201 -0.00146  3.62018e-01
202  0.00829  3.46508e-01 |203 -0.00991  3.52290e-01 |204  0.00423  3.35687e-01
205  0.00279  3.34790e-01 |206  0.00152  3.28166e-01 |207 -0.00671  3.38091e-01
208  0.01010  4.04603e-01 |209 -0.00964  3.97432e-01 |210  0.00336  3.61973e-01
211 -0.00009  3.94952e-01 |212  0.01013  4.76680e-01 |213 -0.02420  4.69149e-01
214  0.01640  3.65489e-01 |215 -0.00770  3.67000e-01 |216  0.00386  3.75566e-01
217 -0.00073  3.54309e-01 |218  0.00684  3.67873e-01 |219 -0.00772  3.73249e-01
220 -0.00027  3.57793e-01 |221  0.01241  3.49675e-01 |222 -0.00509  3.37650e-01
223 -0.00250  3.30583e-01 |224  0.00084  3.18435e-01 |225 -0.00051  2.76505e-01
226  0.00227  2.86028e-01 |227 -0.01698  2.76329e-01 |228  0.00876  2.43958e-01
229  0.00795  2.34920e-01 |230 -0.00735  2.09255e-01 |231  0.00735  2.04421e-01
232 -0.00405  1.82798e-01 |233 -0.00521  1.46444e-01 |234  0.00640  1.24214e-01
235 -0.00468  1.13645e-01 |236  0.00328  5.08275e-02 |237  0.00164  8.12895e-02
238 -0.00467  7.27227e-02 |239 -0.00702  5.37123e-02 |240  0.01260  4.49201e-02
241 -0.00958  5.47112e-02 |242  0.00325  5.42181e-02 |243  0.01228  3.86263e-02
244  0.00527  3.51700e-02 |245 -0.00954  2.91251e-02 |246 -0.01352  2.39259e-02
247  0.01100  1.07735e-02 |248  0.00450  1.02822e-03 |249 -0.00663 -6.24895e-03
250 -0.00191 -1.98409e-02 |251  0.00381 -1.03496e-02 |252 -0.00457 -2.78558e-02
253  0.00477 -8.57609e-03 |254 -0.01933  8.71077e-03 |255  0.00881  1.32063e-02
256 -0.00000 -1.30557e-04 |257 -0.00019  6.61360e-01 |258  0.00327  6.63860e-01
259 -0.00270  6.98217e-01 |260 -0.00150  6.75017e-01 |261  0.00339  7.01372e-01
262  0.01763  7.50391e-01 |263 -0.01670  7.62871e-01 |264  0.00620  6.87685e-01
265 -0.00014  6.10780e-01 |266 -0.02517  6.29931e-01 |267  0.01218  5.99535e-01
268 -0.01067  6.00523e-01 |269  0.00018  5.32201e-01 |270 -0.00130  5.49386e-01
271  0.00305  5.31623e-01 |272 -0.00218  5.82676e-01 |273  0.00179  5.71376e-01
274  0.00053  5.23323e-01 |275  0.00387  5.25307e-01 |276 -0.00007  5.59115e-01
277 -0.00204  6.25470e-01 |278  0.00039  5.82344e-01 |279  0.00156  5.40416e-01
280  0.00249  5.89560e-01 |281  0.00578  5.70709e-01 |282 -0.01416  4.74297e-01
283  0.00746  4.94753e-01 |284 -0.00220  5.15597e-01 |285  0.00015  5.11585e-01
286  0.00398  5.04930e-01 |287 -0.00260  5.01067e-01 |288 -0.00082  5.31623e-01
289 -0.00255  5.17280e-01 |290  0.00733  4.99310e-01 |291  0.00613  4.88065e-01
292 -0.00776  4.62194e-01 |293 -0.00007  4.34759e-01 |294  0.00230  4.34058e-01
295  0.00724  4.28378e-01 |296 -0.00937  4.06575e-01 |297 -0.00372  3.96663e-01
298 -0.00104  3.78710e-01 |299 -0.00142  3.70076e-01 |300  0.00613  3.52882e-01
301  0.00163  2.88871e-01 |302 -0.00640  2.76864e-01 |303  0.00383  2.64353e-01
304 -0.00327  2.84510e-01 |305  0.00443  2.80887e-01 |306 -0.00140  2.60844e-01
307  0.00047  2.29995e-01 |308 -0.00391  2.20579e-01 |309  0.00793  2.15969e-01
310 -0.00210  1.82296e-01 |311 -0.00472  1.58946e-01 |312  0.00660  1.48795e-01
313  0.00485  1.38331e-01 |314  0.00244  1.31542e-01 |315 -0.00996  1.20472e-01
316  0.00288  1.13227e-01 |317  0.00081  9.30318e-02 |318  0.00048  6.67802e-02
319  0.00006  6.23304e-02 |320  0.00078  4.69420e-02 |321 -0.00481  5.28351e-02
322  0.01335  4.42382e-02 |323 -0.01923  3.75867e-02 |324 -0.00000 -3.76949e-05
324 variables; iteration 940; function evaluation 998; phase 5
Function value 3.0833191e+03; maximum gradient component mag -2.5502e+00
Var    Value     Gradient |Var    Value     Gradient |Var    Value     Gradient
  1 -0.03452 -1.53166e+00 |  2  0.04373 -2.93803e-03 |  3 -2.13532  2.02587e-02
  4 -0.03051 -7.79613e-03 |  5 -1.92353  1.31297e-04 |  6  0.05517  6.31867e-03
  7 -2.04422  4.11910e-02 |  8 -1.99938 -1.78235e-02 |  9  0.04978 -1.42911e-02
 10  0.01840  4.83110e-02 | 11  1.78169  2.23782e-02 | 12 -0.12253  4.33069e-02
 13 -0.04045  2.15402e-02 | 14 -0.15739  8.39671e-03 | 15 -0.17603  5.24246e-03
 16  0.24061 -2.07586e-02 | 17  0.00267  3.03042e-02 | 18 -0.10883  1.52478e-02
 19 -0.04883 -7.36283e-04 | 20 -0.01171  2.15316e-02 | 21 -0.09557  7.68000e-03
 22  0.03546  2.43761e-02 | 23 -0.12259  3.83880e-02 | 24 -0.03491  8.11276e-03
 25  0.01073  8.39407e-03 | 26  0.02379 -2.41611e-03 | 27 -0.11366  3.21241e-02
 28  0.01484 -4.92151e-03 | 29  0.05395 -5.07783e-03 | 30 -0.08359  8.54294e-04
 31 -0.18871  8.31713e-03 | 32  0.03997  2.55480e-02 | 33  0.05331 -3.35040e-02
 34  0.05955 -2.82638e-03 | 35  0.04448 -2.06233e-02 | 36 -1.95521  1.58071e-04
 37 -0.01633 -1.71807e-02 | 38  0.06259  1.33639e-03 | 39 -1.93649 -2.60335e-02
 40  0.21516  2.41898e-02 | 41  0.02257  4.89528e-03 | 42  0.08433 -1.93582e-03
 43 -0.06243 -2.39675e-02 | 44  0.17905  3.50614e-02 | 45 -0.03611 -7.75043e-02
 46 -0.03207 -4.66898e-03 | 47 -0.01418  1.44752e-02 | 48 -0.08803  1.38701e-02
 49  0.11583 -7.91635e-02 | 50  0.01265  5.63945e-03 | 51  0.00066  3.90058e-05
 52  0.01995 -3.48531e-02 | 53 -0.03379 -3.03476e-02 | 54  0.08528 -1.31185e-01
 55  0.00720  1.44903e-01 | 56 -0.04899 -6.46350e-02 | 57 -0.05578  1.88906e-02
 58  0.08477 -1.58596e-01 | 59 -0.03168 -9.58684e-03 | 60  0.01698 -9.57999e-02
 61  0.00806  1.60254e-02 | 62  0.07297 -7.97111e-03 | 63  0.09977 -1.01601e-01
 64 -0.05803 -1.16932e-02 | 65 -0.01180  6.17449e-02 | 66  0.04114  8.62304e-02
 67  0.01091  6.13186e-03 | 68 -0.04089 -1.11356e-01 | 69  0.03755  1.58520e-02
 70  0.01438  6.60750e-02 | 71  0.15525 -5.38083e-03 | 72 -0.06522  2.35900e-02
 73 -0.02616  4.64682e-02 | 74 -0.03534 -3.49478e-02 | 75  0.02063  2.70328e-02
 76 -0.10489  8.41508e-03 | 77 -0.52315  6.64166e-03 | 78 -0.66243  4.42548e-03
 79 -1.19462 -9.16619e-03 | 80 -0.70540  7.85777e-03 | 81 -0.75341  4.99885e-03
 82 -1.22942 -1.58663e-02 | 83 -1.17743  2.12379e-03 | 84 -1.15090 -5.43290e-03
 85 -1.17234  1.42372e-02 | 86 -0.74078  6.51029e-03 | 87 -0.81865 -4.92779e-03
 88 -1.18842 -4.64182e-03 | 89 -0.79166 -1.02732e-02 | 90 -1.20215 -1.45012e-03
 91 -0.80852 -1.83834e-03 | 92 -0.81008  3.88016e-03 | 93 -0.78581  1.09158e-03
 94 -1.20354  9.91361e-03 | 95 -0.79091 -8.95244e-03 | 96 -0.84586 -8.56447e-03
 97 -0.84619  8.96958e-03 | 98 -0.86521  1.00989e-02 | 99 -1.10270 -2.22449e-02
100 -0.55896 -1.64555e-06 |101  0.97405  8.55872e-02 |102  0.27080 -1.29398e-01
103  0.20378 -5.74452e-01 |104  0.08999  1.67054e-01 |105 -0.16827  3.28020e-02
106 -0.20614  6.61937e-03 |107 -0.17208  3.71188e-04 |108  0.00055 -5.02263e-01
109  0.16847  3.10852e-01 |110 -0.02559 -1.16449e-01 |111  0.17360  7.27591e-02
112 -0.06270 -1.31535e-02 |113  0.49392  2.96466e-03 |114 -0.05159  5.64735e-02
115 -0.34273 -5.05107e-02 |116 -0.20337 -4.14098e-02 |117 -1.76559 -1.58717e-02
118 -0.27501 -2.93396e-03 |119  1.91759 -4.81886e-02 |120 -0.16906  3.57674e-03
121 -0.00221  4.06979e-01 |122 -0.00260  3.92606e-01 |123 -0.00267  4.34089e-01
124 -0.00677  4.07905e-01 |125 -0.00698  4.11231e-01 |126 -0.00719  4.31252e-01
127 -0.00756  4.24069e-01 |128 -0.00829  4.18004e-01 |129  0.00863  4.13888e-01
130 -0.00297  3.85828e-01 |131 -0.00664  3.83712e-01 |132 -0.02034  3.49894e-01
133  0.00189  3.92751e-01 |134 -0.01012  2.84386e-01 |135  0.00723  2.87770e-01
136  0.00631  3.14124e-01 |137 -0.00395  2.72433e-01 |138  0.01640  2.73383e-01
139 -0.01569  2.60155e-01 |140 -0.01453  2.54761e-01 |141  0.00891  2.83843e-01
142  0.02039  3.25775e-01 |143 -0.00385  3.17493e-01 |144 -0.02068  2.31977e-01
145  1.98020 -1.44109e-02 |146 -1.97648  1.25437e-03 |147  0.02561  2.39367e-01
148  0.00150  2.47317e-01 |149  0.00286  2.78985e-01 |150 -0.00900  2.48712e-01
151  0.01250  2.20098e-01 |152  0.02231  2.17900e-01 |153 -0.02544  2.13678e-01
154 -0.02056  2.05894e-01 |155  0.00583  2.80440e-01 |156  0.00384  2.40956e-01
157  0.00327  2.01501e-01 |158 -0.02164  1.89636e-01 |159 -0.01129  1.94420e-01
160  0.02754  1.39516e-01 |161 -0.00963  1.14472e-01 |162  0.01798  7.35589e-02
163 -0.00737  6.59595e-02 |164 -0.01876  4.99597e-02 |165  0.00811  2.90537e-02
166  0.00397  5.76248e-02 |167 -0.00345  7.58890e-02 |168  0.00528  1.83552e-01
169 -0.01848  1.63177e-01 |170 -0.00152  1.42678e-01 |171  0.02258  1.10893e-01
172 -0.02920  9.82960e-02 |173  0.01036  1.02259e-01 |174  0.02305  1.10451e-01
175  0.02175  1.25855e-01 |176 -0.00253  1.45460e-01 |177 -0.00625  1.48765e-01
178 -0.01993  1.55540e-01 |179  0.00293  1.53562e-01 |180 -0.00218  1.64324e-01
181  0.00266  1.24935e-01 |182 -0.00451  6.93702e-02 |183  0.00514  4.13233e-02
184 -0.00686  5.22045e-02 |185 -0.01103  4.74098e-02 |186  0.00225  3.06443e-02
187 -0.01194  2.82931e-02 |188 -0.00000 -7.18822e-04 |189  0.00031 -5.22134e-01
190  0.00241 -5.18191e-01 |191 -0.01051 -5.80988e-01 |192  0.00867 -6.20587e-01
193  0.00648 -5.19401e-01 |194 -0.02448 -5.21564e-01 |195  0.01844 -5.10982e-01
196  0.00008 -5.01507e-01 |197 -0.02830 -4.99399e-01 |198  0.01801 -4.73504e-01
199 -0.00268 -5.98355e-01 |200 -0.00074 -6.63095e-01 |201 -0.00147 -5.16927e-01
202  0.00829 -5.72609e-01 |203 -0.00992 -5.40961e-01 |204  0.00424 -5.75008e-01
205  0.00279 -5.99120e-01 |206  0.00151 -6.48148e-01 |207 -0.00671 -6.01613e-01
208  0.01009 -5.41995e-01 |209 -0.00964 -5.05250e-01 |210  0.00336 -3.88496e-01
211 -0.00010 -2.90958e-01 |212  0.01014 -1.11038e-01 |213 -0.02419 -1.19333e-01
214  0.01639 -2.87360e-01 |215 -0.00770 -3.73804e-01 |216  0.00386 -2.47158e-01
217 -0.00073 -1.46451e-01 |218  0.00684  2.71530e-01 |219 -0.00770  4.63570e-01
220 -0.00029  3.14424e-01 |221  0.01241  3.97969e-01 |222 -0.00509  3.61454e-01
223 -0.00250  4.23702e-01 |224  0.00083  3.70970e-01 |225 -0.00050  3.75168e-01
226  0.00227  4.71598e-01 |227 -0.01699  4.74033e-01 |228  0.00877  4.31105e-01
229  0.00795  3.69574e-01 |230 -0.00736  2.15217e-01 |231  0.00735  2.26422e-01
232 -0.00405  9.33922e-02 |233 -0.00521  9.69641e-02 |234  0.00640  6.01875e-02
235 -0.00468  3.35490e-02 |236  0.00328  8.36874e-02 |237  0.00164  2.17899e-01
238 -0.00467  2.37088e-01 |239 -0.00701  2.37322e-01 |240  0.01260  1.09021e-01
241 -0.00958  2.03457e-02 |242  0.00325 -4.57751e-02 |243  0.01228 -9.34944e-02
244  0.00527 -1.10588e-01 |245 -0.00954 -1.64435e-01 |246 -0.01352 -1.71033e-01
247  0.01100 -1.43446e-01 |248  0.00450 -7.63190e-02 |249 -0.00663 -8.24212e-02
250 -0.00191 -9.03543e-02 |251  0.00381 -4.73597e-02 |252 -0.00457 -4.11816e-02
253  0.00477  3.38628e-02 |254 -0.01933  1.01123e-01 |255  0.00881  6.59341e-02
256  0.00001  2.77785e-03 |257 -0.00010 -2.55024e+00 |258  0.00327 -2.38071e+00
259 -0.00270 -2.19545e+00 |260 -0.00150 -2.14568e+00 |261  0.00339 -1.89174e+00
262  0.01763 -1.68277e+00 |263 -0.01669 -1.65746e+00 |264  0.00619 -2.03146e+00
265 -0.00015 -2.10637e+00 |266 -0.02517 -2.01164e+00 |267  0.01219 -1.63719e+00
268 -0.01068 -1.57831e+00 |269  0.00019 -1.12539e+00 |270 -0.00130 -1.00033e+00
271  0.00305 -9.31445e-01 |272 -0.00218 -9.81394e-01 |273  0.00179 -7.79693e-01
274  0.00053 -7.48199e-01 |275  0.00386 -8.18140e-01 |276 -0.00007 -7.26354e-01
277 -0.00205 -8.12882e-01 |278  0.00039 -5.89102e-01 |279  0.00157 -5.93350e-01
280  0.00249 -6.87648e-01 |281  0.00578 -6.87282e-01 |282 -0.01415 -8.10462e-01
283  0.00745 -1.13513e+00 |284 -0.00220 -1.03991e+00 |285  0.00015 -9.32101e-01
286  0.00398 -6.66432e-01 |287 -0.00261 -6.00841e-01 |288 -0.00080 -2.07869e-01
289 -0.00255 -2.98564e-01 |290  0.00733 -3.76695e-01 |291  0.00613 -4.79874e-01
292 -0.00776 -4.91767e-01 |293 -0.00008 -5.32553e-01 |294  0.00231 -3.85823e-01
295  0.00725 -3.37449e-01 |296 -0.00937 -3.87972e-01 |297 -0.00372 -4.23014e-01
298 -0.00104 -6.00648e-01 |299 -0.00142 -5.75733e-01 |300  0.00613 -6.13454e-01
301  0.00162 -6.39358e-01 |302 -0.00640 -5.89257e-01 |303  0.00383 -5.93295e-01
304 -0.00327 -4.55462e-01 |305  0.00443 -4.30910e-01 |306 -0.00140 -3.45461e-01
307  0.00047 -3.26118e-01 |308 -0.00391 -3.24288e-01 |309  0.00793 -2.89078e-01
310 -0.00210 -2.78999e-01 |311 -0.00472 -1.66245e-01 |312  0.00660 -1.25828e-01
313  0.00485 -1.44395e-01 |314  0.00244 -6.48417e-02 |315 -0.00996 -3.77030e-02
316  0.00288  6.58135e-02 |317  0.00081  2.40337e-02 |318  0.00048 -5.30189e-03
319  0.00006  1.81820e-02 |320  0.00077 -1.55245e-02 |321 -0.00481  2.66952e-02
322  0.01335  6.12983e-02 |323 -0.01923  3.44792e-02 |324 -0.00000 -3.36197e-04
324 variables; iteration 960; function evaluation 1018; phase 5
Function value 3.0833161e+03; maximum gradient component mag 4.8908e+00
Var    Value     Gradient |Var    Value     Gradient |Var    Value     Gradient
  1 -0.03451  4.89080e+00 |  2  0.04380  2.84013e-02 |  3 -2.13532 -1.42205e-02
  4 -0.03055 -1.62119e-02 |  5 -1.92356 -1.49827e-02 |  6  0.05514 -2.62934e-02
  7 -2.04423 -7.88395e-03 |  8 -1.99938 -4.97777e-03 |  9  0.04978  2.94551e-02
 10  0.01836 -3.74409e-02 | 11  1.78169 -1.94347e-02 | 12 -0.12259 -3.63589e-02
 13 -0.04048 -2.45223e-02 | 14 -0.15738 -3.36478e-02 | 15 -0.17600 -3.58392e-02
 16  0.24061  6.49389e-02 | 17  0.00262 -1.29908e-02 | 18 -0.10876 -1.67524e-02
 19 -0.04884 -7.76136e-03 | 20 -0.01171  6.63922e-04 | 21 -0.09558 -3.75078e-02
 22  0.03546  1.61689e-02 | 23 -0.12257 -2.28910e-03 | 24 -0.03490  1.88639e-02
 25  0.01073  2.13843e-02 | 26  0.02378 -4.62667e-02 | 27 -0.11365  1.72269e-02
 28  0.01483 -2.63677e-02 | 29  0.05396  9.99355e-02 | 30 -0.08360 -5.53148e-02
 31 -0.18865 -5.07877e-03 | 32  0.03995  8.54062e-02 | 33  0.05332  1.08959e-02
 34  0.05955  1.80855e-02 | 35  0.04447  2.10995e-02 | 36 -1.95526  6.77706e-02
 37 -0.01629 -1.33777e-03 | 38  0.06258  1.03683e-02 | 39 -1.93647  5.97185e-02
 40  0.21514 -2.07948e-02 | 41  0.02259  7.37711e-02 | 42  0.08432 -9.17393e-02
 43 -0.06243 -7.29287e-02 | 44  0.17905  1.65844e-01 | 45 -0.03611 -4.50249e-02
 46 -0.03207 -4.82508e-02 | 47 -0.01418 -1.73591e-02 | 48 -0.08804 -4.93271e-02
 49  0.11583  9.03658e-02 | 50  0.01266  1.12706e-01 | 51  0.00065 -7.07191e-02
 52  0.01995 -1.80177e-02 | 53 -0.03378 -9.68742e-03 | 54  0.08528  7.25774e-02
 55  0.00719  3.11081e-02 | 56 -0.04899 -2.05326e-03 | 57 -0.05579 -5.63539e-02
 58  0.08478  2.80588e-01 | 59 -0.03168  8.03053e-02 | 60  0.01698 -1.18847e-01
 61  0.00806 -7.88653e-02 | 62  0.07297  1.15766e-01 | 63  0.09978  8.04432e-02
 64 -0.05803 -1.59928e-02 | 65 -0.01180 -9.70541e-02 | 66  0.04114 -3.43457e-02
 67  0.01091 -7.63028e-03 | 68 -0.04087  2.79702e-02 | 69  0.03755  9.25164e-03
 70  0.01438 -7.23713e-02 | 71  0.15525 -1.42064e-01 | 72 -0.06523 -5.61798e-02
 73 -0.02616 -5.76585e-03 | 74 -0.03534 -2.26197e-02 | 75  0.02062 -6.71725e-02
 76 -0.10488 -1.21206e-02 | 77 -0.52316 -2.93668e-02 | 78 -0.66243 -1.63810e-02
 79 -1.19462 -7.40615e-03 | 80 -0.70540 -1.80620e-02 | 81 -0.75342 -1.58862e-02
 82 -1.22937  5.86483e-02 | 83 -1.17745 -8.92173e-03 | 84 -1.15090 -1.77714e-02
 85 -1.17236 -4.24446e-02 | 86 -0.74080 -1.40711e-02 | 87 -0.81864  8.77267e-03
 88 -1.18846 -2.84328e-02 | 89 -0.79165 -6.61015e-03 | 90 -1.20217 -2.34248e-02
 91 -0.80854 -2.93586e-02 | 92 -0.81010 -2.99575e-02 | 93 -0.78584 -3.70809e-02
 94 -1.20353  3.18278e-03 | 95 -0.79092 -8.14359e-04 | 96 -0.84586 -4.29943e-04
 97 -0.84620 -1.21411e-02 | 98 -0.86523 -1.20004e-03 | 99 -1.10269  4.67973e-02
100 -0.31251 -2.64460e-07 |101  0.91466 -7.97870e-02 |102  0.27203 -7.44096e-01
103  0.20329 -7.20663e-01 |104  0.08999  1.03561e-01 |105 -0.16827 -5.04554e-02
106 -0.20614  1.67635e-01 |107 -0.17208  2.29493e-01 |108  0.00055  3.15681e-01
109  0.16847  3.93493e-01 |110 -0.02559  7.56191e-02 |111  0.17361  3.00843e-01
112 -0.06275 -1.55767e-02 |113  0.39827 -3.43746e-03 |114 -0.05160 -2.80884e-02
115 -0.34273  1.37110e-01 |116 -0.20335  2.25986e-01 |117 -1.76555  1.15291e-02
118 -0.27499  2.44019e-03 |119  1.91769  3.97939e-02 |120 -0.16907 -2.90769e-02
121 -0.00195 -3.69372e+00 |122 -0.00224 -3.67628e+00 |123 -0.00243 -3.66124e+00
124 -0.00664 -3.68445e+00 |125 -0.00693 -3.69815e+00 |126 -0.00710 -3.66675e+00
127 -0.00758 -3.70158e+00 |128 -0.00821 -3.68388e+00 |129  0.00867 -3.68937e+00
130 -0.00301 -3.73938e+00 |131 -0.00671 -3.74622e+00 |132 -0.02024 -3.70955e+00
133  0.00187 -3.65878e+00 |134 -0.01011 -3.68614e+00 |135  0.00726 -3.52502e+00
136  0.00627 -3.55024e+00 |137 -0.00396 -3.48226e+00 |138  0.01642 -3.24863e+00
139 -0.01568 -3.25053e+00 |140 -0.01453 -3.26463e+00 |141  0.00889 -3.27428e+00
142  0.02034 -3.08973e+00 |143 -0.00399 -3.08251e+00 |144 -0.02057 -3.02349e+00
145  1.98013  2.83189e+00 |146 -1.97650  2.75767e+00 |147  0.02561 -2.67052e+00
148  0.00149 -2.67354e+00 |149  0.00282 -2.63314e+00 |150 -0.00898 -2.61198e+00
151  0.01250 -2.58601e+00 |152  0.02231 -2.57090e+00 |153 -0.02543 -2.55321e+00
154 -0.02053 -2.54774e+00 |155  0.00586 -2.50037e+00 |156  0.00378 -2.58477e+00
157  0.00330 -2.46832e+00 |158 -0.02165 -2.49520e+00 |159 -0.01130 -2.47607e+00
160  0.02751 -2.33474e+00 |161 -0.00960 -2.28143e+00 |162  0.01799 -2.21290e+00
163 -0.00736 -2.22624e+00 |164 -0.01879 -2.27677e+00 |165  0.00811 -2.16611e+00
166  0.00396 -2.08558e+00 |167 -0.00343 -1.95790e+00 |168  0.00525 -1.88811e+00
169 -0.01846 -1.82716e+00 |170 -0.00152 -1.76174e+00 |171  0.02258 -1.23870e+00
172 -0.02920 -1.18599e+00 |173  0.01036 -8.97104e-01 |174  0.02305 -7.17162e-01
175  0.02177 -6.57755e-01 |176 -0.00254 -6.51591e-01 |177 -0.00624 -6.43577e-01
178 -0.01994 -6.43579e-01 |179  0.00295 -5.92721e-01 |180 -0.00221 -6.08252e-01
181  0.00267 -6.07551e-01 |182 -0.00450 -6.03435e-01 |183  0.00514 -6.08520e-01
184 -0.00686 -5.85847e-01 |185 -0.01104 -5.87698e-01 |186  0.00225 -5.73938e-01
187 -0.01194 -4.73361e-01 |188  0.00000  3.03388e-04 |189  0.00006 -3.39939e+00
190  0.00238 -3.56758e+00 |191 -0.01050 -3.48834e+00 |192  0.00868 -3.53698e+00
193  0.00647 -3.60039e+00 |194 -0.02446 -3.59112e+00 |195  0.01845 -3.59643e+00
196  0.00009 -3.60268e+00 |197 -0.02834 -3.66432e+00 |198  0.01800 -3.87481e+00
199 -0.00266 -3.62733e+00 |200 -0.00076 -3.55712e+00 |201 -0.00145 -3.22080e+00
202  0.00829 -3.25083e+00 |203 -0.00991 -3.09087e+00 |204  0.00424 -3.38879e+00
205  0.00279 -3.30932e+00 |206  0.00152 -3.12737e+00 |207 -0.00671 -3.26619e+00
208  0.01010 -3.31131e+00 |209 -0.00963 -3.32303e+00 |210  0.00336 -3.41333e+00
211 -0.00009 -3.44457e+00 |212  0.01016 -3.38083e+00 |213 -0.02422 -3.23765e+00
214  0.01640 -3.37098e+00 |215 -0.00771 -3.81954e+00 |216  0.00386 -3.61352e+00
217 -0.00071 -3.60090e+00 |218  0.00681 -4.32403e+00 |219 -0.00771 -3.90915e+00
220 -0.00027 -3.53531e+00 |221  0.01241 -3.44281e+00 |222 -0.00509 -3.41235e+00
223 -0.00250 -3.18565e+00 |224  0.00084 -3.11314e+00 |225 -0.00050 -3.04030e+00
226  0.00227 -3.08192e+00 |227 -0.01699 -2.98381e+00 |228  0.00877 -2.86579e+00
229  0.00795 -3.01068e+00 |230 -0.00735 -2.99612e+00 |231  0.00735 -2.97838e+00
232 -0.00405 -3.12214e+00 |233 -0.00521 -3.00247e+00 |234  0.00640 -3.01147e+00
235 -0.00468 -2.99135e+00 |236  0.00328 -2.82098e+00 |237  0.00164 -2.57959e+00
238 -0.00466 -2.43925e+00 |239 -0.00702 -2.03600e+00 |240  0.01260 -1.79859e+00
241 -0.00958 -1.43084e+00 |242  0.00325 -1.05530e+00 |243  0.01228 -8.56945e-01
244  0.00527 -6.57124e-01 |245 -0.00954 -8.30924e-01 |246 -0.01351 -8.13800e-01
247  0.01099 -8.52411e-01 |248  0.00450 -7.58623e-01 |249 -0.00663 -6.94308e-01
250 -0.00191 -5.41832e-01 |251  0.00381 -4.66048e-01 |252 -0.00457 -5.07515e-01
253  0.00477 -5.99229e-01 |254 -0.01931 -6.45928e-01 |255  0.00879 -4.08735e-01
256  0.00001  1.68832e-03 |257  0.00001 -3.16397e+00 |258  0.00328 -3.12395e+00
259 -0.00270 -2.95570e+00 |260 -0.00150 -2.70277e+00 |261  0.00340 -2.65171e+00
262  0.01761 -2.55751e+00 |263 -0.01668 -2.51764e+00 |264  0.00620 -2.49832e+00
265 -0.00014 -2.59929e+00 |266 -0.02517 -2.79125e+00 |267  0.01217 -3.19520e+00
268 -0.01066 -3.11018e+00 |269  0.00017 -3.02822e+00 |270 -0.00130 -2.98165e+00
271  0.00305 -2.92976e+00 |272 -0.00218 -3.19518e+00 |273  0.00180 -2.92897e+00
274  0.00052 -2.91760e+00 |275  0.00386 -3.19808e+00 |276 -0.00007 -3.19744e+00
277 -0.00205 -3.44849e+00 |278  0.00039 -3.27528e+00 |279  0.00157 -3.26124e+00
280  0.00249 -3.13662e+00 |281  0.00578 -3.06529e+00 |282 -0.01416 -3.07997e+00
283  0.00746 -3.34083e+00 |284 -0.00220 -3.24696e+00 |285  0.00015 -3.43645e+00
286  0.00399 -3.86037e+00 |287 -0.00262 -3.84758e+00 |288 -0.00082 -3.67995e+00
289 -0.00254 -3.59155e+00 |290  0.00733 -3.60284e+00 |291  0.00613 -3.44930e+00
292 -0.00776 -3.37581e+00 |293 -0.00008 -3.60090e+00 |294  0.00231 -3.48540e+00
295  0.00725 -3.39754e+00 |296 -0.00937 -3.38353e+00 |297 -0.00373 -3.57666e+00
298 -0.00104 -3.67052e+00 |299 -0.00142 -3.65148e+00 |300  0.00613 -3.60141e+00
301  0.00163 -3.43461e+00 |302 -0.00640 -3.42171e+00 |303  0.00384 -3.41939e+00
304 -0.00328 -3.34110e+00 |305  0.00443 -3.16210e+00 |306 -0.00140 -3.04685e+00
307  0.00048 -2.63254e+00 |308 -0.00392 -2.47636e+00 |309  0.00793 -2.26916e+00
310 -0.00210 -2.04457e+00 |311 -0.00472 -1.97569e+00 |312  0.00660 -1.88776e+00
313  0.00485 -1.96574e+00 |314  0.00242 -1.94700e+00 |315 -0.00995 -1.67312e+00
316  0.00288 -1.44266e+00 |317  0.00080 -1.31328e+00 |318  0.00048 -1.05813e+00
319  0.00006 -8.97582e-01 |320  0.00077 -8.80488e-01 |321 -0.00481 -9.08077e-01
322  0.01332 -8.08137e-01 |323 -0.01920 -3.48867e-01 |324  0.00000  4.93205e-04
324 variables; iteration 980; function evaluation 1039; phase 5
Function value 3.0833155e+03; maximum gradient component mag -1.9415e+00
Var    Value     Gradient |Var    Value     Gradient |Var    Value     Gradient
  1 -0.03452 -1.94149e+00 |  2  0.04378  9.75782e-03 |  3 -2.13530  2.79795e-02
  4 -0.03052 -1.76583e-02 |  5 -1.92353  9.69896e-04 |  6  0.05515 -1.45910e-02
  7 -2.04424  1.91367e-02 |  8 -1.99938  1.81486e-04 |  9  0.04980  1.15406e-03
 10  0.01835 -2.75554e-03 | 11  1.78168  1.88458e-02 | 12 -0.12258  1.13157e-02
 13 -0.04046  2.21574e-02 | 14 -0.15740 -1.41631e-03 | 15 -0.17600  1.54591e-02
 16  0.24061 -6.96991e-02 | 17  0.00263 -1.70303e-02 | 18 -0.10880 -4.53405e-03
 19 -0.04882  3.84091e-03 | 20 -0.01170 -1.62437e-04 | 21 -0.09558  1.10029e-03
 22  0.03548 -3.07920e-02 | 23 -0.12262 -1.45495e-02 | 24 -0.03491  4.93104e-03
 25  0.01072 -1.68179e-02 | 26  0.02380  3.13203e-02 | 27 -0.11369 -2.03178e-02
 28  0.01484 -3.66878e-03 | 29  0.05395  2.39555e-03 | 30 -0.08356  1.50612e-02
 31 -0.18868  1.07799e-02 | 32  0.03994  2.01439e-02 | 33  0.05334  1.77286e-02
 34  0.05953 -7.64245e-02 | 35  0.04449 -1.62874e-02 | 36 -1.95521  5.19153e-02
 37 -0.01631 -2.50712e-02 | 38  0.06259 -6.34805e-02 | 39 -1.93648 -6.33470e-03
 40  0.21516  6.97179e-03 | 41  0.02257 -1.95280e-02 | 42  0.08434  1.50947e-02
 43 -0.06242  1.07565e-02 | 44  0.17905 -7.74934e-03 | 45 -0.03610 -3.79968e-02
 46 -0.03207  8.16017e-03 | 47 -0.01417  2.46774e-02 | 48 -0.08804 -4.19288e-02
 49  0.11583 -8.34758e-02 | 50  0.01265 -2.67322e-04 | 51  0.00065 -9.51375e-02
 52  0.01995 -4.98791e-02 | 53 -0.03378  5.08541e-02 | 54  0.08529 -7.97237e-02
 55  0.00719 -1.08200e-01 | 56 -0.04898  5.19156e-02 | 57 -0.05578  2.00643e-02
 58  0.08477 -9.83651e-02 | 59 -0.03167  8.66394e-02 | 60  0.01699  8.31623e-02
 61  0.00807  4.66784e-02 | 62  0.07297 -6.95570e-02 | 63  0.09977 -2.69310e-02
 64 -0.05802  1.49185e-01 | 65 -0.01179  6.64872e-02 | 66  0.04115  4.39290e-02
 67  0.01091 -1.41827e-02 | 68 -0.04087  6.63095e-02 | 69  0.03755 -1.90288e-02
 70  0.01438 -2.09370e-02 | 71  0.15525  1.02008e-01 | 72 -0.06522  2.14982e-02
 73 -0.02616 -2.32755e-02 | 74 -0.03533  6.82031e-02 | 75  0.02063 -2.02152e-02
 76 -0.10488  3.26225e-02 | 77 -0.52314  7.66516e-03 | 78 -0.66243  7.00949e-04
 79 -1.19461  2.98770e-03 | 80 -0.70539  1.42052e-02 | 81 -0.75340  1.37285e-02
 82 -1.22941 -5.54503e-04 | 83 -1.17744 -1.51628e-03 | 84 -1.15090 -6.52228e-05
 85 -1.17234  2.09772e-02 | 86 -0.74079  1.73657e-05 | 87 -0.81865 -1.51681e-02
 88 -1.18843 -7.59705e-03 | 89 -0.79165 -2.17725e-03 | 90 -1.20215 -1.16124e-04
 91 -0.80853 -1.09365e-02 | 92 -0.81009 -1.08158e-02 | 93 -0.78582 -1.15172e-02
 94 -1.20353  3.35553e-03 | 95 -0.79092 -1.51962e-03 | 96 -0.84586 -3.67483e-03
 97 -0.84619 -7.01635e-03 | 98 -0.86522  2.12458e-02 | 99 -1.10269  4.85061e-02
100 -0.21317  4.00413e-06 |101  0.88729  5.59049e-02 |102  0.27139  2.21902e-02
103  0.20326 -3.66909e-01 |104  0.08999  3.04873e-02 |105 -0.16827 -8.18942e-02
106 -0.20614  1.81247e-02 |107 -0.17209 -6.18199e-02 |108  0.00055 -1.13791e+00
109  0.16847 -3.46762e-01 |110 -0.02558  6.10968e-03 |111  0.17359 -1.22523e-01
112 -0.06266 -9.40686e-03 |113  0.36348 -3.05060e-02 |114 -0.05159 -4.23540e-02
115 -0.34273 -2.06843e-02 |116 -0.20338 -4.17926e-02 |117 -1.76559 -2.07901e-02
118 -0.27501  7.45117e-03 |119  1.91768  3.44659e-02 |120 -0.16905 -6.99614e-03
121 -0.00168  4.92402e-01 |122 -0.00206  4.94291e-01 |123 -0.00216  5.34636e-01
124 -0.00660  4.78768e-01 |125 -0.00684  4.79091e-01 |126 -0.00708  4.92512e-01
127 -0.00751  4.72850e-01 |128 -0.00814  4.93017e-01 |129  0.00867  4.97156e-01
130 -0.00301  4.56163e-01 |131 -0.00669  4.56146e-01 |132 -0.02022  4.95160e-01
133  0.00186  4.42106e-01 |134 -0.01008  4.20492e-01 |135  0.00721  3.42478e-01
136  0.00631  4.03333e-01 |137 -0.00394  4.22118e-01 |138  0.01639  4.22787e-01
139 -0.01570  4.17446e-01 |140 -0.01451  4.28070e-01 |141  0.00891  3.66805e-01
142  0.02034  2.83843e-01 |143 -0.00396  2.86588e-01 |144 -0.02058  3.07847e-01
145  1.98016 -2.58214e-01 |146 -1.97649 -2.84059e-01 |147  0.02560  2.73742e-01
148  0.00154  3.00168e-01 |149  0.00280  2.77894e-01 |150 -0.00897  2.93628e-01
151  0.01251  2.32342e-01 |152  0.02229  2.16025e-01 |153 -0.02543  2.32708e-01
154 -0.02053  2.35540e-01 |155  0.00576  2.13411e-01 |156  0.00388  2.28931e-01
157  0.00327  2.10223e-01 |158 -0.02163  2.07453e-01 |159 -0.01129  2.22071e-01
160  0.02754  2.07651e-01 |161 -0.00962  1.99278e-01 |162  0.01797  2.06865e-01
163 -0.00735  2.35014e-01 |164 -0.01878  1.92724e-01 |165  0.00811  1.86401e-01
166  0.00396  1.77779e-01 |167 -0.00344  1.71633e-01 |168  0.00526  1.73173e-01
169 -0.01848  1.47002e-01 |170 -0.00152  1.67883e-01 |171  0.02258  2.58794e-01
172 -0.02919  2.73600e-01 |173  0.01036  1.95191e-01 |174  0.02305  1.44086e-01
175  0.02178  1.39160e-01 |176 -0.00253  1.28835e-01 |177 -0.00625  1.29379e-01
178 -0.01996  1.21090e-01 |179  0.00296  1.19724e-01 |180 -0.00222  4.69872e-02
181  0.00267  3.53982e-02 |182 -0.00453 -4.08248e-03 |183  0.00517  1.07678e-01
184 -0.00686  1.02085e-01 |185 -0.01103  9.47426e-02 |186  0.00225  3.25550e-02
187 -0.01194  4.01303e-02 |188 -0.00000 -9.71886e-04 |189  0.00018  1.39533e-01
190  0.00240  1.30092e-01 |191 -0.01051  7.28170e-02 |192  0.00868  3.94191e-02
193  0.00650  6.98611e-02 |194 -0.02451  2.19492e-02 |195  0.01846  2.63486e-02
196  0.00008  6.22149e-02 |197 -0.02833  7.02685e-02 |198  0.01802  9.84526e-02
199 -0.00267  8.62378e-02 |200 -0.00075  9.81394e-02 |201 -0.00146  4.94257e-02
202  0.00829  3.69292e-02 |203 -0.00991  3.07414e-02 |204  0.00423 -8.70142e-02
205  0.00280  2.15355e-03 |206  0.00151  7.21817e-02 |207 -0.00671  1.79325e-01
208  0.01009  3.16011e-01 |209 -0.00964  2.27425e-01 |210  0.00337  3.63240e-01
211 -0.00009  4.23750e-01 |212  0.01014  5.03284e-01 |213 -0.02421  5.45572e-01
214  0.01641  4.08653e-01 |215 -0.00772 -2.61712e-01 |216  0.00386 -4.81719e-01
217 -0.00073 -5.67796e-01 |218  0.00683 -7.98466e-01 |219 -0.00771 -4.47905e-01
220 -0.00028 -6.37338e-01 |221  0.01242 -6.65876e-01 |222 -0.00510 -6.68165e-01
223 -0.00250 -6.09257e-01 |224  0.00085 -5.39262e-01 |225 -0.00052 -6.70441e-01
226  0.00228 -5.36298e-01 |227 -0.01697 -4.93110e-01 |228  0.00875 -6.71048e-01
229  0.00795 -6.75123e-01 |230 -0.00735 -6.73159e-01 |231  0.00734 -5.49935e-01
232 -0.00405 -4.38641e-01 |233 -0.00521 -3.64965e-01 |234  0.00640 -2.41992e-01
235 -0.00468 -1.80951e-01 |236  0.00328 -2.41759e-01 |237  0.00163 -3.53218e-01
238 -0.00466 -1.06070e-01 |239 -0.00701 -7.54023e-02 |240  0.01260 -5.81792e-02
241 -0.00958 -1.41242e-01 |242  0.00325 -2.33701e-01 |243  0.01228 -2.81108e-01
244  0.00527 -1.73242e-01 |245 -0.00954 -6.52965e-02 |246 -0.01352 -4.78681e-04
247  0.01100  1.01999e-01 |248  0.00450  7.43373e-02 |249 -0.00663  4.48873e-02
250 -0.00191 -4.19021e-03 |251  0.00381  1.38152e-01 |252 -0.00457  1.46972e-01
253  0.00477  1.33064e-01 |254 -0.01933  8.49911e-02 |255  0.00881  1.26154e-01
256  0.00001  2.29785e-03 |257  0.00002 -1.60866e+00 |258  0.00327 -1.55543e+00
259 -0.00270 -1.60877e+00 |260 -0.00150 -1.63709e+00 |261  0.00340 -1.46713e+00
262  0.01764 -1.37703e+00 |263 -0.01671 -1.39129e+00 |264  0.00620 -1.23648e+00
265 -0.00013 -1.28809e+00 |266 -0.02518 -1.28394e+00 |267  0.01218 -1.36245e+00
268 -0.01067 -1.27827e+00 |269  0.00018 -1.48396e+00 |270 -0.00130 -1.55181e+00
271  0.00305 -1.58474e+00 |272 -0.00217 -1.57402e+00 |273  0.00178 -1.64686e+00
274  0.00053 -1.56470e+00 |275  0.00387 -1.24943e+00 |276 -0.00007 -9.87110e-01
277 -0.00205 -1.05981e+00 |278  0.00039 -9.96438e-01 |279  0.00157 -9.38916e-01
280  0.00249 -1.09373e+00 |281  0.00579 -1.08394e+00 |282 -0.01417 -1.24456e+00
283  0.00747 -1.46556e+00 |284 -0.00221 -1.71759e+00 |285  0.00016 -1.70188e+00
286  0.00398 -1.91953e+00 |287 -0.00261 -1.74635e+00 |288 -0.00082 -1.92105e+00
289 -0.00255 -1.94120e+00 |290  0.00733 -1.80513e+00 |291  0.00613 -1.73936e+00
292 -0.00776 -1.72071e+00 |293 -0.00007 -1.75444e+00 |294  0.00230 -1.75840e+00
295  0.00723 -1.77371e+00 |296 -0.00935 -1.69180e+00 |297 -0.00373 -1.69997e+00
298 -0.00104 -1.67355e+00 |299 -0.00142 -1.54471e+00 |300  0.00613 -1.36893e+00
301  0.00162 -1.29856e+00 |302 -0.00640 -1.04354e+00 |303  0.00383 -1.02906e+00
304 -0.00327 -9.63846e-01 |305  0.00443 -9.97508e-01 |306 -0.00140 -7.97344e-01
307  0.00047 -8.86990e-01 |308 -0.00391 -7.72822e-01 |309  0.00793 -7.41213e-01
310 -0.00210 -8.65104e-01 |311 -0.00472 -8.67255e-01 |312  0.00660 -6.89011e-01
313  0.00485 -6.17464e-01 |314  0.00243 -4.55469e-01 |315 -0.00996 -2.56129e-01
316  0.00288 -2.68874e-01 |317  0.00080 -3.05703e-01 |318  0.00048 -3.05556e-01
319  0.00006 -1.99161e-01 |320  0.00077 -2.18332e-01 |321 -0.00481 -1.79734e-01
322  0.01334 -7.65689e-02 |323 -0.01923 -2.64090e-03 |324 -0.00000 -1.30058e-04
324 variables; iteration 1000; function evaluation 1061; phase 5
Function value 3.0833134e+03; maximum gradient component mag 4.2353e+00
Var    Value     Gradient |Var    Value     Gradient |Var    Value     Gradient
  1 -0.03452  4.23535e+00 |  2  0.04369 -1.35943e-03 |  3 -2.13534 -2.53424e-02
  4 -0.03050  9.69073e-03 |  5 -1.92352 -1.44472e-03 |  6  0.05515 -8.74107e-04
  7 -2.04425 -4.67790e-02 |  8 -1.99937  7.90185e-04 |  9  0.04979  9.81974e-03
 10  0.01838 -1.67859e-02 | 11  1.78168 -6.17915e-02 | 12 -0.12258 -3.05344e-02
 13 -0.04047 -3.05205e-02 | 14 -0.15738 -3.11059e-02 | 15 -0.17602 -3.63674e-02
 16  0.24061  6.47004e-02 | 17  0.00264 -2.34513e-02 | 18 -0.10882 -3.43457e-02
 19 -0.04882 -1.86624e-02 | 20 -0.01172 -2.60582e-02 | 21 -0.09556 -2.08345e-02
 22  0.03546 -2.14091e-02 | 23 -0.12260 -4.32488e-02 | 24 -0.03490 -6.22914e-03
 25  0.01072 -2.19505e-02 | 26  0.02379 -1.44680e-02 | 27 -0.11366 -2.85114e-02
 28  0.01484 -6.04423e-03 | 29  0.05395  1.94522e-02 | 30 -0.08359 -4.38570e-02
 31 -0.18870 -5.06801e-02 | 32  0.03996  2.39224e-02 | 33  0.05330  2.06588e-02
 34  0.05957  6.26273e-02 | 35  0.04448  3.21486e-02 | 36 -1.95523 -8.28666e-03
 37 -0.01626  2.70534e-02 | 38  0.06258  5.77776e-02 | 39 -1.93648  3.63172e-02
 40  0.21514  2.08971e-02 | 41  0.02258  1.83148e-02 | 42  0.08432 -1.19854e-02
 43 -0.06243 -2.92635e-02 | 44  0.17904  5.13559e-02 | 45 -0.03609  7.53252e-02
 46 -0.03207 -1.73105e-02 | 47 -0.01418  2.92632e-02 | 48 -0.08803  6.52503e-03
 49  0.11583  1.44414e-01 | 50  0.01265  3.96884e-02 | 51  0.00066  6.00724e-02
 52  0.01995  5.90947e-02 | 53 -0.03378  2.58116e-03 | 54  0.08529  7.55268e-02
 55  0.00719  1.16351e-01 | 56 -0.04899 -8.57056e-03 | 57 -0.05579 -7.65559e-02
 58  0.08478  1.73245e-01 | 59 -0.03168  1.15696e-02 | 60  0.01698 -1.57345e-02
 61  0.00806 -8.69172e-02 | 62  0.07297  4.96050e-02 | 63  0.09978  6.04868e-02
 64 -0.05803 -8.67360e-02 | 65 -0.01180 -9.72774e-02 | 66  0.04114 -1.45180e-01
 67  0.01091 -5.86337e-02 | 68 -0.04087  6.78576e-02 | 69  0.03756 -2.26479e-02
 70  0.01438 -2.00248e-02 | 71  0.15525 -1.60908e-01 | 72 -0.06522 -2.61762e-02
 73 -0.02616 -5.02944e-03 | 74 -0.03533 -3.29457e-03 | 75  0.02063  1.84616e-02
 76 -0.10489 -5.33021e-02 | 77 -0.52314 -8.14780e-03 | 78 -0.66243 -1.33945e-02
 79 -1.19461  1.43332e-02 | 80 -0.70541 -2.44220e-02 | 81 -0.75343 -2.62294e-02
 82 -1.22941  1.36232e-02 | 83 -1.17744 -8.70857e-04 | 84 -1.15090  6.90646e-03
 85 -1.17236 -3.31641e-02 | 86 -0.74080 -6.90706e-03 | 87 -0.81864  7.46048e-03
 88 -1.18842  6.51050e-03 | 89 -0.79164  3.12896e-03 | 90 -1.20215  5.32419e-04
 91 -0.80852  7.50126e-04 | 92 -0.81008  3.60937e-03 | 93 -0.78581 -2.36656e-03
 94 -1.20354  4.44516e-03 | 95 -0.79091  6.09459e-03 | 96 -0.84586  6.15355e-04
 97 -0.84619  1.14426e-02 | 98 -0.86522 -1.49523e-02 | 99 -1.10270 -4.18961e-02
100 -0.12904  2.09259e-05 |101  0.83562 -1.92524e-01 |102  0.27192 -2.30560e-01
103  0.20289 -1.19124e-02 |104  0.08999 -9.28149e-02 |105 -0.16827 -1.04772e-01
106 -0.20615 -1.06377e-02 |107 -0.17208  1.40427e-01 |108  0.00055  5.35877e-01
109  0.16847 -2.35353e-01 |110 -0.02559 -3.02272e-01 |111  0.17359 -9.97252e-02
112 -0.06260  2.50467e-03 |113  0.46418  2.47889e-03 |114 -0.05159 -6.00153e-02
115 -0.34273 -4.11811e-02 |116 -0.20337 -3.24738e-02 |117 -1.76558  1.32736e-02
118 -0.27502 -1.71473e-02 |119  1.91759 -4.70482e-02 |120 -0.16907 -6.04286e-03
121 -0.00105 -3.59428e+00 |122 -0.00145 -3.57891e+00 |123 -0.00185 -3.60449e+00
124 -0.00636 -3.58197e+00 |125 -0.00663 -3.58551e+00 |126 -0.00692 -3.57803e+00
127 -0.00726 -3.57409e+00 |128 -0.00799 -3.57504e+00 |129  0.00861 -3.57028e+00
130 -0.00288 -3.53177e+00 |131 -0.00662 -3.54619e+00 |132 -0.02029 -3.54875e+00
133  0.00186 -3.47709e+00 |134 -0.01008 -3.41725e+00 |135  0.00725 -3.31232e+00
136  0.00629 -3.31167e+00 |137 -0.00395 -3.29207e+00 |138  0.01639 -3.19595e+00
139 -0.01568 -3.17604e+00 |140 -0.01452 -3.16663e+00 |141  0.00890 -3.10250e+00
142  0.02036 -2.95286e+00 |143 -0.00394 -2.95465e+00 |144 -0.02062 -2.95023e+00
145  1.98016  2.88356e+00 |146 -1.97650  2.82870e+00 |147  0.02560 -2.68168e+00
148  0.00151 -2.67530e+00 |149  0.00283 -2.65781e+00 |150 -0.00902 -2.66122e+00
151  0.01252 -2.58773e+00 |152  0.02233 -2.57513e+00 |153 -0.02545 -2.59575e+00
154 -0.02055 -2.59349e+00 |155  0.00577 -2.54371e+00 |156  0.00388 -2.51594e+00
157  0.00326 -2.45084e+00 |158 -0.02161 -2.42801e+00 |159 -0.01130 -2.42895e+00
160  0.02753 -2.19790e+00 |161 -0.00962 -2.16766e+00 |162  0.01798 -2.03712e+00
163 -0.00740 -2.01171e+00 |164 -0.01873 -1.92743e+00 |165  0.00812 -1.79527e+00
166  0.00397 -1.74505e+00 |167 -0.00343 -1.68620e+00 |168  0.00526 -1.70611e+00
169 -0.01849 -1.72575e+00 |170 -0.00151 -1.64156e+00 |171  0.02258 -1.20945e+00
172 -0.02920 -1.17537e+00 |173  0.01036 -9.28437e-01 |174  0.02305 -7.73443e-01
175  0.02177 -7.21519e-01 |176 -0.00253 -7.17105e-01 |177 -0.00626 -7.18926e-01
178 -0.01995 -7.19184e-01 |179  0.00294 -6.88832e-01 |180 -0.00221 -6.75789e-01
181  0.00267 -6.63631e-01 |182 -0.00449 -6.14038e-01 |183  0.00514 -6.34345e-01
184 -0.00687 -6.20143e-01 |185 -0.01104 -5.91186e-01 |186  0.00227 -4.85832e-01
187 -0.01194 -4.15033e-01 |188  0.00001  1.43835e-03 |189  0.00007 -1.04494e+00
190  0.00240 -1.11207e+00 |191 -0.01051 -1.23477e+00 |192  0.00867 -1.19211e+00
193  0.00647 -1.19873e+00 |194 -0.02447 -1.19309e+00 |195  0.01846 -1.16509e+00
196  0.00008 -1.18603e+00 |197 -0.02833 -1.13437e+00 |198  0.01802 -1.16459e+00
199 -0.00268 -1.19804e+00 |200 -0.00073 -1.22804e+00 |201 -0.00147 -1.32640e+00
202  0.00830 -1.29359e+00 |203 -0.00992 -1.22035e+00 |204  0.00424 -1.07420e+00
205  0.00279 -1.10494e+00 |206  0.00151 -1.03548e+00 |207 -0.00671 -9.91472e-01
208  0.01009 -1.04740e+00 |209 -0.00964 -9.83069e-01 |210  0.00337 -1.08336e+00
211 -0.00010 -1.29186e+00 |212  0.01016 -1.07560e+00 |213 -0.02422 -1.03516e+00
214  0.01640 -1.21507e+00 |215 -0.00770 -9.46772e-01 |216  0.00385 -7.85230e-01
217 -0.00072 -8.20828e-01 |218  0.00684 -7.85657e-01 |219 -0.00773 -9.27568e-01
220 -0.00027 -7.14074e-01 |221  0.01241 -7.40718e-01 |222 -0.00509 -7.74092e-01
223 -0.00250 -7.94633e-01 |224  0.00084 -8.14911e-01 |225 -0.00051 -7.55108e-01
226  0.00228 -8.08903e-01 |227 -0.01699 -8.61270e-01 |228  0.00877 -5.61842e-01
229  0.00795 -5.87493e-01 |230 -0.00735 -5.73465e-01 |231  0.00735 -8.44528e-01
232 -0.00405 -9.26503e-01 |233 -0.00521 -9.33407e-01 |234  0.00640 -1.01705e+00
235 -0.00468 -1.04566e+00 |236  0.00328 -1.18576e+00 |237  0.00164 -1.14675e+00
238 -0.00467 -1.16048e+00 |239 -0.00702 -8.45123e-01 |240  0.01260 -7.95654e-01
241 -0.00958 -5.00383e-01 |242  0.00325 -2.74577e-01 |243  0.01228 -1.99839e-01
244  0.00527 -2.35619e-01 |245 -0.00954 -3.01961e-01 |246 -0.01353 -3.35724e-01
247  0.01100 -3.70460e-01 |248  0.00450 -3.85069e-01 |249 -0.00663 -3.18724e-01
250 -0.00191 -2.54408e-01 |251  0.00381 -3.12846e-01 |252 -0.00457 -3.76008e-01
253  0.00477 -4.19046e-01 |254 -0.01934 -3.00066e-01 |255  0.00882 -2.44086e-01
256 -0.00001 -3.09739e-03 |257  0.00011 -2.98918e-02 |258  0.00327 -6.83680e-02
259 -0.00270 -1.90034e-01 |260 -0.00150 -1.49223e-01 |261  0.00339 -1.96509e-01
262  0.01762 -1.04582e-01 |263 -0.01668 -4.54711e-02 |264  0.00619 -2.22968e-01
265 -0.00013 -1.99319e-01 |266 -0.02517 -2.29798e-01 |267  0.01218 -3.24056e-01
268 -0.01068 -4.01383e-01 |269  0.00018 -4.22287e-01 |270 -0.00130 -2.91506e-01
271  0.00305 -2.34621e-01 |272 -0.00218 -1.22804e-01 |273  0.00179 -1.98435e-01
274  0.00053 -2.28119e-01 |275  0.00386 -3.08581e-01 |276 -0.00007 -3.09012e-01
277 -0.00204 -2.38982e-01 |278  0.00039 -4.09500e-01 |279  0.00156 -4.42855e-01
280  0.00249 -1.28497e-01 |281  0.00578 -1.58455e-01 |282 -0.01417 -3.16316e-01
283  0.00746  2.24095e-02 |284 -0.00219  2.41837e-01 |285  0.00015  8.51060e-02
286  0.00398  2.36142e-01 |287 -0.00260  1.77968e-01 |288 -0.00082  4.10907e-01
289 -0.00254  4.87429e-01 |290  0.00733  4.05058e-01 |291  0.00613  3.12149e-01
292 -0.00776  3.26871e-01 |293 -0.00007  3.59905e-01 |294  0.00230  2.43497e-01
295  0.00725  3.42446e-01 |296 -0.00937  5.92050e-01 |297 -0.00372  5.50025e-01
298 -0.00104  4.71032e-01 |299 -0.00142  2.42429e-01 |300  0.00613  7.85276e-02
301  0.00163 -2.59482e-02 |302 -0.00641 -1.96952e-01 |303  0.00384 -2.13092e-01
304 -0.00328 -3.25808e-01 |305  0.00443 -3.11060e-01 |306 -0.00140 -3.92904e-01
307  0.00048 -1.62522e-01 |308 -0.00391 -1.77666e-01 |309  0.00793 -1.94215e-01
310 -0.00210 -2.01452e-02 |311 -0.00472 -3.21113e-02 |312  0.00660 -1.57554e-01
313  0.00485 -2.23519e-01 |314  0.00244 -3.33934e-01 |315 -0.00997 -4.44748e-01
316  0.00288 -4.43473e-01 |317  0.00081 -2.73019e-01 |318  0.00048 -1.98911e-01
319  0.00005 -2.67932e-01 |320  0.00078 -2.11667e-01 |321 -0.00481 -2.29545e-01
322  0.01336 -1.24145e-01 |323 -0.01924 -1.54384e-01 |324  0.00000  4.18834e-04
324 variables; iteration 1020; function evaluation 1083; phase 5
Function value 3.0833123e+03; maximum gradient component mag -6.5618e+00
Var    Value     Gradient |Var    Value     Gradient |Var    Value     Gradient
  1 -0.03452  4.87739e+00 |  2  0.04372  5.26118e-03 |  3 -2.13536 -3.67564e-02
  4 -0.03052  3.11280e-03 |  5 -1.92358 -1.72963e-02 |  6  0.05513 -5.94087e-02
  7 -2.04426 -3.32680e-02 |  8 -1.99941 -6.57385e-02 |  9  0.04980  8.16381e-03
 10  0.01833 -1.13562e-01 | 11  1.78170  6.20852e-02 | 12 -0.12247  2.38817e-02
 13 -0.04046 -1.26799e-02 | 14 -0.15737 -3.75872e-02 | 15 -0.17603 -4.91054e-02
 16  0.24061  4.64432e-03 | 17  0.00260 -1.19060e-01 | 18 -0.10880 -5.13404e-02
 19 -0.04883 -4.89473e-02 | 20 -0.01172 -7.19552e-02 | 21 -0.09557 -2.19440e-02
 22  0.03546 -1.69472e-02 | 23 -0.12259 -4.08509e-02 | 24 -0.03490 -7.03571e-04
 25  0.01072 -7.22570e-02 | 26  0.02378 -5.17357e-02 | 27 -0.11364 -2.73435e-02
 28  0.01485  1.75241e-02 | 29  0.05396  1.16194e-01 | 30 -0.08355 -4.61646e-03
 31 -0.18874 -9.62406e-02 | 32  0.03997  1.30293e-01 | 33  0.05329  3.64772e-02
 34  0.05953 -5.30883e-02 | 35  0.04448  6.07272e-02 | 36 -1.95520  3.94319e-02
 37 -0.01626  6.33811e-02 | 38  0.06259  6.24311e-02 | 39 -1.93649  1.44457e-02
 40  0.21514  3.32289e-02 | 41  0.02259  6.15362e-02 | 42  0.08432 -4.34187e-02
 43 -0.06243 -4.64319e-02 | 44  0.17904 -8.96866e-02 | 45 -0.03607  1.67429e-01
 46 -0.03207 -3.06447e-02 | 47 -0.01418 -6.96099e-02 | 48 -0.08804 -7.44215e-02
 49  0.11583  1.98165e-01 | 50  0.01265 -6.26006e-02 | 51  0.00065 -1.31859e-01
 52  0.01996  2.99375e-01 | 53 -0.03379 -8.03326e-02 | 54  0.08528  2.70716e-02
 55  0.00718 -7.53767e-02 | 56 -0.04898  3.67919e-02 | 57 -0.05578 -4.94314e-02
 58  0.08478  4.96014e-01 | 59 -0.03168  3.49847e-02 | 60  0.01698 -7.34652e-02
 61  0.00806 -1.02159e-01 | 62  0.07297  3.25877e-02 | 63  0.09977  8.18985e-02
 64 -0.05803 -5.78110e-02 | 65 -0.01180 -1.36592e-01 | 66  0.04115  1.70441e-01
 67  0.01091  5.50223e-02 | 68 -0.04087  1.13735e-01 | 69  0.03755 -1.46107e-01
 70  0.01438 -5.00023e-03 | 71  0.15524 -9.78077e-02 | 72 -0.06522 -1.83871e-02
 73 -0.02616 -9.34602e-02 | 74 -0.03535 -1.90478e-01 | 75  0.02063  4.77845e-02
 76 -0.10488 -4.30414e-02 | 77 -0.52313  4.51840e-04 | 78 -0.66240  1.62927e-03
 79 -1.19463 -6.17532e-03 | 80 -0.70539 -1.52476e-02 | 81 -0.75341 -1.41822e-02
 82 -1.22940  3.66075e-02 | 83 -1.17745 -1.70875e-02 | 84 -1.15091 -2.74434e-02
 85 -1.17238 -7.14977e-02 | 86 -0.74080 -1.96416e-02 | 87 -0.81863  2.04127e-02
 88 -1.18844 -5.20758e-03 | 89 -0.79165 -1.39355e-02 | 90 -1.20217 -1.49288e-02
 91 -0.80852  6.12761e-05 | 92 -0.81007  1.14106e-02 | 93 -0.78581 -2.43682e-03
 94 -1.20354  2.28627e-03 | 95 -0.79090  9.07225e-03 | 96 -0.84586 -1.08223e-03
 97 -0.84618  1.73707e-02 | 98 -0.86521  1.39002e-02 | 99 -1.10272 -1.44446e-01
100  0.00952  1.53238e-04 |101  0.77192 -5.45249e-01 |102  0.27199 -8.99967e-01
103  0.20279 -6.00236e-01 |104  0.08998 -6.05664e-01 |105 -0.16827  1.97692e-02
106 -0.20614  1.52954e-01 |107 -0.17208  1.40631e-01 |108  0.00055 -9.03017e-01
109  0.16847  7.81841e-02 |110 -0.02560 -2.10743e-01 |111  0.17361  3.19718e-01
112 -0.06265  4.90707e-03 |113  0.43647  1.59207e-03 |114 -0.05159 -2.65088e-02
115 -0.34274 -2.61928e-01 |116 -0.20337 -4.42053e-02 |117 -1.76559  1.04666e-02
118 -0.27503 -3.10329e-02 |119  1.91760 -4.74589e-02 |120 -0.16906 -6.65134e-03
121  0.00009 -6.55751e+00 |122 -0.00042 -6.53101e+00 |123 -0.00091 -6.56179e+00
124 -0.00601 -6.53782e+00 |125 -0.00636 -6.55555e+00 |126 -0.00662 -6.53493e+00
127 -0.00691 -6.51265e+00 |128 -0.00780 -6.54870e+00 |129  0.00866 -6.52705e+00
130 -0.00280 -6.47382e+00 |131 -0.00669 -6.52563e+00 |132 -0.02027 -6.50185e+00
133  0.00186 -6.35267e+00 |134 -0.01007 -6.27449e+00 |135  0.00723 -6.09319e+00
136  0.00630 -6.02885e+00 |137 -0.00394 -5.97028e+00 |138  0.01634 -5.92634e+00
139 -0.01568 -5.81874e+00 |140 -0.01448 -5.70055e+00 |141  0.00888 -5.71830e+00
142  0.02033 -5.24182e+00 |143 -0.00391 -5.19598e+00 |144 -0.02061 -5.19174e+00
145  1.98015  5.03175e+00 |146 -1.97650  4.94413e+00 |147  0.02564 -4.65234e+00
148  0.00146 -4.76523e+00 |149  0.00284 -4.71400e+00 |150 -0.00901 -4.69994e+00
151  0.01251 -4.62377e+00 |152  0.02231 -4.60856e+00 |153 -0.02546 -4.58718e+00
154 -0.02053 -4.54672e+00 |155  0.00579 -4.43132e+00 |156  0.00389 -4.41304e+00
157  0.00327 -4.39250e+00 |158 -0.02164 -4.39510e+00 |159 -0.01130 -4.38625e+00
160  0.02754 -4.02754e+00 |161 -0.00962 -4.00445e+00 |162  0.01796 -3.75707e+00
163 -0.00740 -3.67967e+00 |164 -0.01871 -3.52937e+00 |165  0.00810 -3.34130e+00
166  0.00398 -3.18982e+00 |167 -0.00342 -3.07342e+00 |168  0.00526 -3.09300e+00
169 -0.01851 -3.11591e+00 |170 -0.00150 -2.86956e+00 |171  0.02258 -2.30853e+00
172 -0.02920 -2.25225e+00 |173  0.01036 -1.80824e+00 |174  0.02305 -1.48875e+00
175  0.02175 -1.40557e+00 |176 -0.00252 -1.38213e+00 |177 -0.00628 -1.38787e+00
178 -0.01991 -1.36290e+00 |179  0.00292 -1.28766e+00 |180 -0.00221 -1.20735e+00
181  0.00268 -1.17741e+00 |182 -0.00449 -1.08602e+00 |183  0.00513 -1.06330e+00
184 -0.00686 -9.49518e-01 |185 -0.01105 -9.21032e-01 |186  0.00227 -7.95881e-01
187 -0.01194 -7.11720e-01 |188 -0.00001 -2.28937e-03 |189  0.00006 -4.11229e+00
190  0.00240 -4.14879e+00 |191 -0.01051 -4.26813e+00 |192  0.00868 -4.21251e+00
193  0.00647 -3.94290e+00 |194 -0.02445 -3.90852e+00 |195  0.01843 -3.91780e+00
196  0.00009 -3.88906e+00 |197 -0.02832 -3.82371e+00 |198  0.01800 -3.72722e+00
199 -0.00268 -3.87251e+00 |200 -0.00074 -3.89141e+00 |201 -0.00146 -3.72284e+00
202  0.00829 -3.69727e+00 |203 -0.00991 -3.40235e+00 |204  0.00423 -3.20378e+00
205  0.00279 -2.88793e+00 |206  0.00152 -2.74703e+00 |207 -0.00671 -2.61217e+00
208  0.01011 -2.35339e+00 |209 -0.00965 -2.52257e+00 |210  0.00337 -2.06432e+00
211 -0.00009 -1.83444e+00 |212  0.01015 -1.63258e+00 |213 -0.02422 -1.53515e+00
214  0.01639 -1.41847e+00 |215 -0.00769 -6.19113e-01 |216  0.00385 -9.16923e-01
217 -0.00072 -7.27350e-01 |218  0.00684 -9.06257e-01 |219 -0.00772 -7.35375e-01
220 -0.00028 -8.98000e-01 |221  0.01241 -8.60527e-01 |222 -0.00509 -8.23230e-01
223 -0.00249 -6.98808e-01 |224  0.00083 -9.96431e-01 |225 -0.00050 -1.00545e+00
226  0.00228 -1.50560e+00 |227 -0.01698 -1.63713e+00 |228  0.00876 -1.38496e+00
229  0.00795 -1.46998e+00 |230 -0.00735 -1.14669e+00 |231  0.00735 -1.08331e+00
232 -0.00406 -9.19515e-01 |233 -0.00521 -6.24344e-01 |234  0.00640 -4.26943e-01
235 -0.00468 -3.81225e-01 |236  0.00328 -8.08699e-01 |237  0.00164 -8.57989e-01
238 -0.00467 -7.83983e-01 |239 -0.00701 -3.17171e-01 |240  0.01260 -5.79854e-01
241 -0.00958 -1.07102e-01 |242  0.00325  6.84655e-02 |243  0.01228 -7.46922e-02
244  0.00527 -7.84707e-02 |245 -0.00953 -7.62077e-02 |246 -0.01352 -1.15194e-01
247  0.01100 -3.80016e-02 |248  0.00451  4.29934e-02 |249 -0.00664 -7.03432e-02
250 -0.00191  6.83785e-02 |251  0.00381 -1.31906e-01 |252 -0.00457 -2.94893e-01
253  0.00477 -4.16222e-01 |254 -0.01936 -3.44276e-01 |255  0.00884 -4.35215e-01
256  0.00000 -7.21091e-04 |257  0.00013 -2.60525e+00 |258  0.00327 -2.61436e+00
259 -0.00270 -2.40940e+00 |260 -0.00150 -2.14028e+00 |261  0.00340 -1.71192e+00
262  0.01761 -1.38382e+00 |263 -0.01668 -1.31754e+00 |264  0.00620 -1.26869e+00
265 -0.00015 -1.27151e+00 |266 -0.02514 -1.08842e+00 |267  0.01217 -1.74202e+00
268 -0.01068 -1.94288e+00 |269  0.00018 -1.75230e+00 |270 -0.00130 -1.44865e+00
271  0.00305 -1.11882e+00 |272 -0.00218 -8.20014e-01 |273  0.00180 -5.96903e-01
274  0.00052 -8.14375e-01 |275  0.00386 -6.81371e-01 |276 -0.00007 -3.62052e-01
277 -0.00204 -4.01801e-01 |278  0.00038 -4.97835e-02 |279  0.00157  2.53995e-01
280  0.00249  1.58881e-01 |281  0.00578  1.99677e-01 |282 -0.01417  2.08498e-01
283  0.00746  8.12069e-01 |284 -0.00220  5.96463e-01 |285  0.00015  5.26621e-01
286  0.00398  3.99135e-01 |287 -0.00260  5.63384e-01 |288 -0.00082  4.24631e-01
289 -0.00255  3.78686e-01 |290  0.00733  5.06716e-01 |291  0.00612  4.74129e-01
292 -0.00776  4.10806e-01 |293 -0.00008  2.94276e-01 |294  0.00230 -6.88803e-02
295  0.00724 -4.17181e-02 |296 -0.00936  3.43642e-01 |297 -0.00372  2.43775e-01
298 -0.00103  3.01801e-01 |299 -0.00142  1.29028e-01 |300  0.00614  1.25858e-01
301  0.00162 -3.78128e-02 |302 -0.00640 -1.94512e-02 |303  0.00383  2.97697e-02
304 -0.00327 -1.58083e-01 |305  0.00443 -3.63026e-01 |306 -0.00140 -3.88920e-01
307  0.00048  2.67902e-02 |308 -0.00391 -1.27812e-01 |309  0.00793  5.78233e-02
310 -0.00210  1.20939e-01 |311 -0.00472 -6.76301e-02 |312  0.00660 -1.59561e-01
313  0.00485 -1.49323e-01 |314  0.00243 -2.23784e-01 |315 -0.00997 -1.46030e-01
316  0.00288  8.08980e-03 |317  0.00080 -1.62682e-02 |318  0.00048  1.65477e-01
319  0.00006 -2.82756e-03 |320  0.00077 -1.46868e-01 |321 -0.00481 -1.68657e-01
322  0.01338  1.77619e-03 |323 -0.01927 -3.87155e-01 |324  0.00001  1.37608e-03
324 variables; iteration 1040; function evaluation 1103; phase 5
Function value 3.0833121e+03; maximum gradient component mag 7.3506e-02
Var    Value     Gradient |Var    Value     Gradient |Var    Value     Gradient
  1 -0.03452 -1.00511e-02 |  2  0.04372  2.30024e-04 |  3 -2.13532 -1.44034e-04
  4 -0.03050  4.20787e-06 |  5 -1.92352 -9.55379e-05 |  6  0.05515 -2.79501e-04
  7 -2.04424 -6.47072e-05 |  8 -1.99938 -4.17223e-04 |  9  0.04978  1.90971e-05
 10  0.01839 -2.36644e-04 | 11  1.78169 -9.41656e-04 | 12 -0.12258  2.00355e-04
 13 -0.04047 -3.21432e-04 | 14 -0.15738  1.00960e-04 | 15 -0.17600  1.03367e-04
 16  0.24061 -6.82077e-04 | 17  0.00264 -6.73425e-04 | 18 -0.10881  6.72246e-05
 19 -0.04882  2.11146e-04 | 20 -0.01171 -5.41473e-04 | 21 -0.09557 -5.35680e-05
 22  0.03546 -3.61871e-04 | 23 -0.12260 -6.27432e-04 | 24 -0.03491  3.02136e-04
 25  0.01074 -1.16317e-03 | 26  0.02379 -2.11500e-04 | 27 -0.11367 -6.04351e-04
 28  0.01484 -6.80933e-05 | 29  0.05395 -8.13513e-04 | 30 -0.08356  3.18524e-04
 31 -0.18868 -2.19298e-04 | 32  0.03995  1.07541e-03 | 33  0.05331  5.17918e-04
 34  0.05955 -5.84521e-04 | 35  0.04448  5.06225e-04 | 36 -1.95522 -4.37442e-04
 37 -0.01629  5.13496e-04 | 38  0.06258  1.10640e-04 | 39 -1.93649 -4.13089e-04
 40  0.21515  5.69061e-05 | 41  0.02257  4.38230e-04 | 42  0.08433  1.29575e-03
 43 -0.06243  1.52722e-04 | 44  0.17905  1.57550e-04 | 45 -0.03610  7.05249e-04
 46 -0.03207  6.31828e-04 | 47 -0.01418  4.72918e-04 | 48 -0.08803 -1.53975e-04
 49  0.11583  1.60059e-04 | 50  0.01265  5.12005e-04 | 51  0.00066 -1.61086e-03
 52  0.01995  1.24586e-03 | 53 -0.03378  4.60996e-05 | 54  0.08529 -1.18245e-03
 55  0.00719  1.17032e-03 | 56 -0.04899  1.06719e-03 | 57 -0.05578 -1.92118e-04
 58  0.08477  8.12434e-04 | 59 -0.03168  8.22157e-04 | 60  0.01699 -1.63781e-03
 61  0.00806 -1.65844e-03 | 62  0.07297 -8.49017e-04 | 63  0.09977 -2.06502e-03
 64 -0.05803  7.72219e-04 | 65 -0.01180 -1.42751e-05 | 66  0.04114  5.10410e-04
 67  0.01091 -1.39851e-03 | 68 -0.04088 -4.06383e-04 | 69  0.03755 -8.94402e-04
 70  0.01438 -1.63172e-04 | 71  0.15525 -1.00303e-03 | 72 -0.06522 -3.87984e-04
 73 -0.02616 -3.88530e-04 | 74 -0.03534  2.08486e-03 | 75  0.02063 -8.44665e-04
 76 -0.10489 -2.21504e-04 | 77 -0.52314 -1.99323e-04 | 78 -0.66243  5.02114e-05
 79 -1.19462  7.24652e-05 | 80 -0.70540  2.08890e-04 | 81 -0.75341 -2.72890e-04
 82 -1.22941  2.91674e-04 | 83 -1.17744 -3.24875e-05 | 84 -1.15090 -5.12030e-05
 85 -1.17235 -5.77997e-04 | 86 -0.74079  9.74714e-05 | 87 -0.81864  4.76809e-04
 88 -1.18842 -1.95143e-04 | 89 -0.79165  4.14531e-05 | 90 -1.20215 -1.24850e-04
 91 -0.80852  1.42534e-05 | 92 -0.81008 -2.26718e-05 | 93 -0.78581 -2.89540e-04
 94 -1.20354  4.98401e-05 | 95 -0.79091 -2.52131e-05 | 96 -0.84586 -1.63190e-04
 97 -0.84619  4.29703e-05 | 98 -0.86522 -9.96251e-05 | 99 -1.10270 -8.20282e-04
100 -0.00943  1.21437e-04 |101  0.76045  3.71011e-03 |102  0.27211  1.41553e-02
103  0.20328  2.16166e-03 |104  0.08999 -2.09048e-03 |105 -0.16827 -1.88787e-03
106 -0.20614 -2.73731e-03 |107 -0.17208 -1.19890e-03 |108  0.00055 -6.22360e-03
109  0.16847 -5.10985e-03 |110 -0.02559 -6.62028e-03 |111  0.17359 -3.44959e-03
112 -0.06262 -5.40438e-05 |113  0.41689  7.89532e-05 |114 -0.05159 -1.96377e-03
115 -0.34273 -7.34556e-04 |116 -0.20337 -1.39966e-03 |117 -1.76558 -9.00872e-05
118 -0.27500 -2.26157e-04 |119  1.91764 -2.39169e-04 |120 -0.16906 -1.95651e-04
121  0.00039  4.69410e-02 |122 -0.00026  4.70826e-02 |123 -0.00065  4.68813e-02
124 -0.00595  4.69301e-02 |125 -0.00623  4.68584e-02 |126 -0.00658  4.71832e-02
127 -0.00696  4.71318e-02 |128 -0.00771  4.69679e-02 |129  0.00871  4.71152e-02
130 -0.00291  4.75714e-02 |131 -0.00661  4.71205e-02 |132 -0.02026  4.70768e-02
133  0.00186  4.67004e-02 |134 -0.01009  4.68375e-02 |135  0.00724  4.45305e-02
136  0.00629  4.43544e-02 |137 -0.00394  4.40235e-02 |138  0.01639  4.26448e-02
139 -0.01569  4.28736e-02 |140 -0.01452  4.28452e-02 |141  0.00890  3.96987e-02
142  0.02035  3.75702e-02 |143 -0.00394  3.76146e-02 |144 -0.02062  3.74725e-02
145  1.98015 -3.61396e-02 |146 -1.97650 -3.64379e-02 |147  0.02560  3.32906e-02
148  0.00152  3.22637e-02 |149  0.00282  3.21667e-02 |150 -0.00900  3.16813e-02
151  0.01251  3.21900e-02 |152  0.02231  3.20905e-02 |153 -0.02544  3.15875e-02
154 -0.02054  3.15176e-02 |155  0.00578  3.15424e-02 |156  0.00387  3.19023e-02
157  0.00327  3.17395e-02 |158 -0.02163  3.14604e-02 |159 -0.01129  3.12018e-02
160  0.02753  2.91800e-02 |161 -0.00962  2.96268e-02 |162  0.01798  2.84423e-02
163 -0.00737  2.84614e-02 |164 -0.01876  3.00498e-02 |165  0.00811  2.82111e-02
166  0.00397  2.71237e-02 |167 -0.00343  2.54366e-02 |168  0.00526  2.22622e-02
169 -0.01848  2.09343e-02 |170 -0.00151  2.08787e-02 |171  0.02258  1.39245e-02
172 -0.02920  1.38902e-02 |173  0.01036  1.10476e-02 |174  0.02305  9.30114e-03
175  0.02177  8.34535e-03 |176 -0.00253  8.39711e-03 |177 -0.00626  8.25852e-03
178 -0.01994  8.28318e-03 |179  0.00293  7.48421e-03 |180 -0.00221  6.76398e-03
181  0.00267  6.44926e-03 |182 -0.00450  6.22084e-03 |183  0.00514  4.86509e-03
184 -0.00686  3.64239e-03 |185 -0.01104  3.60474e-03 |186  0.00226  5.32012e-03
187 -0.01194  4.27727e-03 |188 -0.00000 -6.81262e-06 |189  0.00003  6.52513e-02
190  0.00239  6.52845e-02 |191 -0.01050  6.17855e-02 |192  0.00867  6.30057e-02
193  0.00648  6.52934e-02 |194 -0.02448  6.55473e-02 |195  0.01846  6.65142e-02
196  0.00011  6.66878e-02 |197 -0.02836  6.77387e-02 |198  0.01802  6.70545e-02
199 -0.00268  6.42601e-02 |200 -0.00074  6.47903e-02 |201 -0.00147  6.60875e-02
202  0.00829  6.62277e-02 |203 -0.00992  6.48953e-02 |204  0.00424  6.52364e-02
205  0.00279  6.68423e-02 |206  0.00152  6.62411e-02 |207 -0.00671  6.89017e-02
208  0.01010  7.35064e-02 |209 -0.00964  6.99374e-02 |210  0.00336  6.95549e-02
211 -0.00009  6.75620e-02 |212  0.01015  7.28237e-02 |213 -0.02422  7.28399e-02
214  0.01640  6.94513e-02 |215 -0.00770  7.01546e-02 |216  0.00386  6.63849e-02
217 -0.00073  6.65030e-02 |218  0.00684  6.42685e-02 |219 -0.00772  6.33429e-02
220 -0.00027  6.26790e-02 |221  0.01241  6.07392e-02 |222 -0.00509  6.00089e-02
223 -0.00250  6.00849e-02 |224  0.00084  5.81768e-02 |225 -0.00051  5.80320e-02
226  0.00227  5.59756e-02 |227 -0.01698  5.33567e-02 |228  0.00876  5.15739e-02
229  0.00795  4.97200e-02 |230 -0.00735  4.82647e-02 |231  0.00735  4.79717e-02
232 -0.00405  4.90350e-02 |233 -0.00521  4.64802e-02 |234  0.00640  4.51927e-02
235 -0.00468  4.27987e-02 |236  0.00328  3.82523e-02 |237  0.00164  3.48605e-02
238 -0.00467  3.61845e-02 |239 -0.00702  2.98284e-02 |240  0.01260  2.58444e-02
241 -0.00958  2.36813e-02 |242  0.00325  2.07116e-02 |243  0.01228  1.71402e-02
244  0.00527  1.48139e-02 |245 -0.00954  1.37609e-02 |246 -0.01352  1.40111e-02
247  0.01100  1.35252e-02 |248  0.00450  1.36457e-02 |249 -0.00663  1.38692e-02
250 -0.00191  1.36871e-02 |251  0.00381  9.01159e-03 |252 -0.00457  6.30876e-03
253  0.00477  3.87720e-03 |254 -0.01933  5.83987e-03 |255  0.00881  4.51609e-03
256  0.00000  1.98127e-05 |257  0.00002  1.00231e-02 |258  0.00327  1.08221e-02
259 -0.00270  9.90387e-03 |260 -0.00150  1.26393e-02 |261  0.00339  1.71947e-02
262  0.01763  2.11607e-02 |263 -0.01670  2.21596e-02 |264  0.00619  1.96624e-02
265 -0.00013  1.92248e-02 |266 -0.02517  1.89726e-02 |267  0.01218  1.29489e-02
268 -0.01068  1.26097e-02 |269  0.00018  1.44133e-02 |270 -0.00130  1.78857e-02
271  0.00305  2.01433e-02 |272 -0.00218  2.21936e-02 |273  0.00179  2.35081e-02
274  0.00053  1.91423e-02 |275  0.00387  2.29545e-02 |276 -0.00007  2.77862e-02
277 -0.00204  2.83729e-02 |278  0.00039  2.56298e-02 |279  0.00157  2.81861e-02
280  0.00249  3.35969e-02 |281  0.00579  3.38790e-02 |282 -0.01417  3.08351e-02
283  0.00746  3.70098e-02 |284 -0.00220  3.62143e-02 |285  0.00015  3.52612e-02
286  0.00398  3.48109e-02 |287 -0.00260  3.51002e-02 |288 -0.00082  3.77734e-02
289 -0.00255  3.83641e-02 |290  0.00733  3.79582e-02 |291  0.00613  3.76975e-02
292 -0.00776  3.69803e-02 |293 -0.00007  3.76655e-02 |294  0.00230  3.40753e-02
295  0.00724  3.55700e-02 |296 -0.00937  3.51227e-02 |297 -0.00372  3.29178e-02
298 -0.00104  3.19109e-02 |299 -0.00142  3.06113e-02 |300  0.00613  3.13693e-02
301  0.00163  2.92693e-02 |302 -0.00640  2.78779e-02 |303  0.00384  2.76581e-02
304 -0.00328  2.66536e-02 |305  0.00443  2.67855e-02 |306 -0.00140  2.69569e-02
307  0.00047  2.34955e-02 |308 -0.00391  2.04203e-02 |309  0.00793  1.88685e-02
310 -0.00210  1.45742e-02 |311 -0.00472  9.88513e-03 |312  0.00660  8.36551e-03
313  0.00485  9.03711e-03 |314  0.00244  9.49017e-03 |315 -0.00996  8.81361e-03
316  0.00288  1.05277e-02 |317  0.00081  1.18023e-02 |318  0.00048  1.18825e-02
319  0.00006  6.74489e-03 |320  0.00077  4.71222e-03 |321 -0.00481  3.07764e-03
322  0.01335  4.41161e-03 |323 -0.01923  2.19374e-03 |324  0.00001  4.61323e-06
  ic > imax  in fminim is answer attained ?
Var    Value     Gradient |Var    Value     Gradient |Var    Value     Gradient
  1 -0.03452 -2.16646e-03 |  2  0.04372 -1.89424e-06 |  3 -2.13532 -2.85911e-06
  4 -0.03050 -3.50590e-06 |  5 -1.92352  2.49875e-05 |  6  0.05515  1.36748e-05
  7 -2.04424 -5.13304e-05 |  8 -1.99938 -2.53933e-05 |  9  0.04978 -1.54407e-05
 10  0.01839  2.07505e-05 | 11  1.78169  1.30868e-04 | 12 -0.12259  2.73459e-05
 13 -0.04047  3.07102e-05 | 14 -0.15738  1.54370e-05 | 15 -0.17600  9.97043e-07
 16  0.24061 -7.53325e-05 | 17  0.00264  3.23812e-05 | 18 -0.10881  8.83476e-07
 19 -0.04882 -1.82207e-05 | 20 -0.01171  4.64158e-05 | 21 -0.09557  2.05883e-05
 22  0.03546 -2.46713e-05 | 23 -0.12260  4.23479e-05 | 24 -0.03491 -2.40358e-05
 25  0.01074  3.16524e-05 | 26  0.02379  1.97839e-05 | 27 -0.11367  5.04630e-05
 28  0.01484 -3.44308e-05 | 29  0.05395  1.22026e-05 | 30 -0.08356  1.70584e-05
 31 -0.18868  1.33313e-05 | 32  0.03995 -1.44175e-04 | 33  0.05331 -3.54708e-05
 34  0.05955  3.92498e-06 | 35  0.04448 -9.53196e-05 | 36 -1.95522 -3.37226e-05
 37 -0.01629 -4.98219e-05 | 38  0.06258 -3.73547e-05 | 39 -1.93649  1.96241e-05
 40  0.21515 -1.54993e-04 | 41  0.02257 -2.27281e-05 | 42  0.08433  6.43632e-05
 43 -0.06243 -2.58668e-05 | 44  0.17905 -2.47431e-04 | 45 -0.03610 -6.32434e-05
 46 -0.03207  4.65089e-05 | 47 -0.01418 -4.30069e-05 | 48 -0.08803  8.72580e-05
 49  0.11583 -1.85713e-05 | 50  0.01265 -8.38548e-05 | 51  0.00066  8.54341e-05
 52  0.01995  5.70141e-05 | 53 -0.03378 -5.80341e-05 | 54  0.08529  2.54433e-05
 55  0.00719 -2.71617e-04 | 56 -0.04899 -1.19197e-04 | 57 -0.05578  6.02182e-05
 58  0.08477 -1.52593e-04 | 59 -0.03168 -9.23443e-05 | 60  0.01699  1.41512e-04
 61  0.00806  2.14620e-04 | 62  0.07297  1.95013e-04 | 63  0.09977  1.28966e-04
 64 -0.05803  9.79982e-05 | 65 -0.01180  1.10000e-04 | 66  0.04114  1.30212e-04
 67  0.01091  3.17372e-04 | 68 -0.04088 -1.32546e-04 | 69  0.03755  1.38603e-04
 70  0.01438 -9.65413e-05 | 71  0.15525  2.15400e-04 | 72 -0.06522 -1.44841e-05
 73 -0.02616  5.56910e-05 | 74 -0.03534  9.02782e-06 | 75  0.02063 -3.42106e-05
 76 -0.10489  3.01828e-05 | 77 -0.52314  2.72150e-05 | 78 -0.66243  8.35714e-06
 79 -1.19462  1.59280e-05 | 80 -0.70540 -4.35300e-06 | 81 -0.75341  3.93257e-05
 82 -1.22941 -7.37043e-06 | 83 -1.17744  1.94189e-06 | 84 -1.15090  2.79699e-05
 85 -1.17235  5.30604e-05 | 86 -0.74079 -6.97452e-06 | 87 -0.81864 -4.30386e-05
 88 -1.18842  1.58751e-05 | 89 -0.79165  1.50205e-05 | 90 -1.20215  1.55700e-05
 91 -0.80852  3.35131e-06 | 92 -0.81008 -3.56117e-06 | 93 -0.78581  1.76859e-05
 94 -1.20354  8.10117e-07 | 95 -0.79091  5.48873e-06 | 96 -0.84586  2.71269e-05
 97 -0.84619 -1.88637e-05 | 98 -0.86522  2.08040e-05 | 99 -1.10270  4.49054e-05
100 -0.29688  2.08044e-09 |101  0.76122 -3.00493e-04 |102  0.27212 -9.49411e-04
103  0.20329 -6.80607e-04 |104  0.08999  8.22962e-05 |105 -0.16827  1.70878e-04
106 -0.20614  1.52390e-04 |107 -0.17208 -7.30957e-05 |108  0.00055  4.49557e-04
109  0.16847  1.50203e-04 |110 -0.02559  1.65465e-04 |111  0.17359  5.15531e-05
112 -0.06262  9.32100e-06 |113  0.41623  1.33564e-06 |114 -0.05159 -3.29791e-05
115 -0.34273  1.25353e-04 |116 -0.20337 -5.66361e-05 |117 -1.76558 -2.93649e-06
118 -0.27500  1.13907e-05 |119  1.91764  7.37412e-05 |120 -0.16906 -7.98155e-06
121  0.00037 -3.42951e-03 |122 -0.00027 -3.43726e-03 |123 -0.00066 -3.42271e-03
124 -0.00595 -3.42612e-03 |125 -0.00624 -3.42430e-03 |126 -0.00659 -3.44592e-03
127 -0.00697 -3.44304e-03 |128 -0.00772 -3.44306e-03 |129  0.00871 -3.43545e-03
130 -0.00292 -3.43789e-03 |131 -0.00661 -3.44797e-03 |132 -0.02026 -3.42794e-03
133  0.00186 -3.42320e-03 |134 -0.01009 -3.42487e-03 |135  0.00724 -3.29447e-03
136  0.00629 -3.25504e-03 |137 -0.00394 -3.19434e-03 |138  0.01639 -3.13117e-03
139 -0.01569 -3.12406e-03 |140 -0.01452 -3.10967e-03 |141  0.00890 -2.97949e-03
142  0.02035 -2.68634e-03 |143 -0.00394 -2.67252e-03 |144 -0.02062 -2.69831e-03
145  1.98015  2.68564e-03 |146 -1.97650  2.63994e-03 |147  0.02560 -2.32958e-03
148  0.00152 -2.31272e-03 |149  0.00282 -2.28760e-03 |150 -0.00900 -2.24938e-03
151  0.01251 -2.29176e-03 |152  0.02231 -2.29261e-03 |153 -0.02544 -2.24855e-03
154 -0.02054 -2.23411e-03 |155  0.00578 -2.25549e-03 |156  0.00387 -2.25332e-03
157  0.00327 -2.24237e-03 |158 -0.02163 -2.19148e-03 |159 -0.01129 -2.18373e-03
160  0.02753 -1.95659e-03 |161 -0.00962 -2.02180e-03 |162  0.01798 -1.85316e-03
163 -0.00737 -1.83724e-03 |164 -0.01876 -1.81880e-03 |165  0.00811 -1.71442e-03
166  0.00397 -1.71191e-03 |167 -0.00343 -1.71766e-03 |168  0.00526 -1.61888e-03
169 -0.01848 -1.52179e-03 |170 -0.00151 -1.44883e-03 |171  0.02258 -1.03911e-03
172 -0.02920 -1.07648e-03 |173  0.01036 -8.47616e-04 |174  0.02305 -7.49886e-04
175  0.02177 -6.53485e-04 |176 -0.00253 -6.36858e-04 |177 -0.00626 -6.29662e-04
178 -0.01994 -6.29937e-04 |179  0.00293 -5.74434e-04 |180 -0.00221 -5.43797e-04
181  0.00267 -5.30911e-04 |182 -0.00450 -4.72274e-04 |183  0.00514 -3.89174e-04
184 -0.00686 -2.37461e-04 |185 -0.01104 -2.40508e-04 |186  0.00226 -3.82939e-04
187 -0.01194 -3.69148e-04 |188  0.00000  2.19977e-06 |189  0.00003 -4.35841e-03
190  0.00239 -4.40372e-03 |191 -0.01050 -4.36528e-03 |192  0.00867 -4.40158e-03
193  0.00648 -4.45266e-03 |194 -0.02448 -4.47357e-03 |195  0.01846 -4.54862e-03
196  0.00011 -4.48031e-03 |197 -0.02836 -4.52469e-03 |198  0.01802 -4.33196e-03
199 -0.00268 -4.33799e-03 |200 -0.00074 -4.46752e-03 |201 -0.00147 -4.71534e-03
202  0.00829 -4.50005e-03 |203 -0.00992 -4.36365e-03 |204  0.00424 -4.37766e-03
205  0.00279 -4.44019e-03 |206  0.00152 -4.29877e-03 |207 -0.00671 -4.52161e-03
208  0.01009 -4.59498e-03 |209 -0.00964 -4.41841e-03 |210  0.00336 -4.30004e-03
211 -0.00009 -3.88605e-03 |212  0.01015 -4.14418e-03 |213 -0.02422 -4.22231e-03
214  0.01640 -3.92460e-03 |215 -0.00770 -3.52965e-03 |216  0.00386 -3.45743e-03
217 -0.00073 -3.52168e-03 |218  0.00684 -3.23191e-03 |219 -0.00772 -3.16263e-03
220 -0.00027 -3.09279e-03 |221  0.01241 -3.05474e-03 |222 -0.00509 -2.98242e-03
223 -0.00250 -2.91190e-03 |224  0.00084 -2.74129e-03 |225 -0.00051 -2.79311e-03
226  0.00227 -2.71581e-03 |227 -0.01698 -2.45690e-03 |228  0.00876 -2.27393e-03
229  0.00795 -2.01832e-03 |230 -0.00735 -1.64844e-03 |231  0.00735 -1.64397e-03
232 -0.00405 -1.65134e-03 |233 -0.00521 -1.64123e-03 |234  0.00640 -1.79995e-03
235 -0.00468 -1.83080e-03 |236  0.00328 -2.12870e-03 |237  0.00164 -2.08248e-03
238 -0.00467 -2.26529e-03 |239 -0.00702 -1.90629e-03 |240  0.01260 -1.66673e-03
241 -0.00958 -1.20511e-03 |242  0.00325 -8.99121e-04 |243  0.01228 -7.44534e-04
244  0.00527 -5.96985e-04 |245 -0.00954 -6.09876e-04 |246 -0.01352 -6.71887e-04
247  0.01100 -6.53591e-04 |248  0.00450 -7.43016e-04 |249 -0.00663 -8.44180e-04
250 -0.00191 -8.93015e-04 |251  0.00381 -7.94780e-04 |252 -0.00457 -7.33005e-04
253  0.00477 -5.10772e-04 |254 -0.01933 -6.92160e-04 |255  0.00881 -5.03347e-04
256 -0.00000 -5.49858e-06 |257  0.00002 -2.99659e-03 |258  0.00327 -3.02718e-03
259 -0.00270 -3.02549e-03 |260 -0.00150 -3.32770e-03 |261  0.00339 -3.41954e-03
262  0.01763 -3.86441e-03 |263 -0.01670 -3.92303e-03 |264  0.00619 -3.67418e-03
265 -0.00013 -3.69775e-03 |266 -0.02517 -3.51713e-03 |267  0.01218 -3.18158e-03
268 -0.01068 -3.23659e-03 |269  0.00018 -3.45485e-03 |270 -0.00130 -3.29862e-03
271  0.00305 -3.18809e-03 |272 -0.00218 -3.21540e-03 |273  0.00179 -3.22928e-03
274  0.00053 -2.83735e-03 |275  0.00387 -3.07345e-03 |276 -0.00007 -3.32816e-03
277 -0.00204 -3.19409e-03 |278  0.00039 -2.87797e-03 |279  0.00157 -2.68120e-03
280  0.00249 -3.15265e-03 |281  0.00579 -3.16507e-03 |282 -0.01417 -2.80402e-03
283  0.00746 -3.00987e-03 |284 -0.00220 -2.95760e-03 |285  0.00015 -2.98291e-03
286  0.00398 -2.68012e-03 |287 -0.00260 -2.34573e-03 |288 -0.00082 -2.22861e-03
289 -0.00255 -2.17157e-03 |290  0.00733 -2.19827e-03 |291  0.00613 -1.93683e-03
292 -0.00776 -1.81102e-03 |293 -0.00007 -1.85453e-03 |294  0.00230 -1.70043e-03
295  0.00724 -1.72001e-03 |296 -0.00937 -1.44083e-03 |297 -0.00372 -1.08338e-03
298 -0.00104 -5.86828e-04 |299 -0.00142 -3.96365e-04 |300  0.00613 -3.21242e-04
301  0.00163 -2.00235e-04 |302 -0.00640 -2.79661e-04 |303  0.00384 -3.32532e-04
304 -0.00328 -7.71994e-04 |305  0.00443 -9.05603e-04 |306 -0.00140 -1.12619e-03
307  0.00047 -1.00144e-03 |308 -0.00391 -8.39289e-04 |309  0.00793 -5.98995e-04
310 -0.00210 -2.22322e-04 |311 -0.00472  2.14901e-07 |312  0.00660  1.69502e-04
313  0.00485  1.40399e-04 |314  0.00244  9.94208e-07 |315 -0.00996  3.00580e-05
316  0.00288 -1.41534e-04 |317  0.00081 -3.60747e-04 |318  0.00048 -5.90060e-04
319  0.00006 -4.40450e-04 |320  0.00077 -5.28402e-04 |321 -0.00481 -3.41396e-04
322  0.01335 -5.40014e-04 |323 -0.01923 -3.96796e-04 |324  0.00000 -1.82287e-06
Function minimizer not making progress ... is minimum attained?
Minimprove criterion = 0.0000e+00
Warning: the following parameters had issues
  F_rate[90] is within 1% of lower bound: 0.0000e+00 < 1.4932e-02 < 2.3000e+00


 - final statistics:
324 variables; iteration 1060; function evaluation 1152
Function value 3.0833e+03; maximum gradient component mag -4.7153e-03
Exit code = 1;  converg criter 1.0000e-04
Var    Value     Gradient |Var    Value     Gradient |Var    Value     Gradient
  1 -0.03452 -2.16646e-03 |  2  0.04372 -1.89424e-06 |  3 -2.13532 -2.85911e-06
  4 -0.03050 -3.50590e-06 |  5 -1.92352  2.49875e-05 |  6  0.05515  1.36748e-05
  7 -2.04424 -5.13304e-05 |  8 -1.99938 -2.53933e-05 |  9  0.04978 -1.54407e-05
 10  0.01839  2.07505e-05 | 11  1.78169  1.30868e-04 | 12 -0.12259  2.73459e-05
 13 -0.04047  3.07102e-05 | 14 -0.15738  1.54370e-05 | 15 -0.17600  9.97043e-07
 16  0.24061 -7.53325e-05 | 17  0.00264  3.23812e-05 | 18 -0.10881  8.83476e-07
 19 -0.04882 -1.82207e-05 | 20 -0.01171  4.64158e-05 | 21 -0.09557  2.05883e-05
 22  0.03546 -2.46713e-05 | 23 -0.12260  4.23479e-05 | 24 -0.03491 -2.40358e-05
 25  0.01074  3.16524e-05 | 26  0.02379  1.97839e-05 | 27 -0.11367  5.04630e-05
 28  0.01484 -3.44308e-05 | 29  0.05395  1.22026e-05 | 30 -0.08356  1.70584e-05
 31 -0.18868  1.33313e-05 | 32  0.03995 -1.44175e-04 | 33  0.05331 -3.54708e-05
 34  0.05955  3.92498e-06 | 35  0.04448 -9.53196e-05 | 36 -1.95522 -3.37226e-05
 37 -0.01629 -4.98219e-05 | 38  0.06258 -3.73547e-05 | 39 -1.93649  1.96241e-05
 40  0.21515 -1.54993e-04 | 41  0.02257 -2.27281e-05 | 42  0.08433  6.43632e-05
 43 -0.06243 -2.58668e-05 | 44  0.17905 -2.47431e-04 | 45 -0.03610 -6.32434e-05
 46 -0.03207  4.65089e-05 | 47 -0.01418 -4.30069e-05 | 48 -0.08803  8.72580e-05
 49  0.11583 -1.85713e-05 | 50  0.01265 -8.38548e-05 | 51  0.00066  8.54341e-05
 52  0.01995  5.70141e-05 | 53 -0.03378 -5.80341e-05 | 54  0.08529  2.54433e-05
 55  0.00719 -2.71617e-04 | 56 -0.04899 -1.19197e-04 | 57 -0.05578  6.02182e-05
 58  0.08477 -1.52593e-04 | 59 -0.03168 -9.23443e-05 | 60  0.01699  1.41512e-04
 61  0.00806  2.14620e-04 | 62  0.07297  1.95013e-04 | 63  0.09977  1.28966e-04
 64 -0.05803  9.79982e-05 | 65 -0.01180  1.10000e-04 | 66  0.04114  1.30212e-04
 67  0.01091  3.17372e-04 | 68 -0.04088 -1.32546e-04 | 69  0.03755  1.38603e-04
 70  0.01438 -9.65413e-05 | 71  0.15525  2.15400e-04 | 72 -0.06522 -1.44841e-05
 73 -0.02616  5.56910e-05 | 74 -0.03534  9.02782e-06 | 75  0.02063 -3.42106e-05
 76 -0.10489  3.01828e-05 | 77 -0.52314  2.72150e-05 | 78 -0.66243  8.35714e-06
 79 -1.19462  1.59280e-05 | 80 -0.70540 -4.35300e-06 | 81 -0.75341  3.93257e-05
 82 -1.22941 -7.37043e-06 | 83 -1.17744  1.94189e-06 | 84 -1.15090  2.79699e-05
 85 -1.17235  5.30604e-05 | 86 -0.74079 -6.97452e-06 | 87 -0.81864 -4.30386e-05
 88 -1.18842  1.58751e-05 | 89 -0.79165  1.50205e-05 | 90 -1.20215  1.55700e-05
 91 -0.80852  3.35131e-06 | 92 -0.81008 -3.56117e-06 | 93 -0.78581  1.76859e-05
 94 -1.20354  8.10117e-07 | 95 -0.79091  5.48873e-06 | 96 -0.84586  2.71269e-05
 97 -0.84619 -1.88637e-05 | 98 -0.86522  2.08040e-05 | 99 -1.10270  4.49054e-05
100 -0.29688  2.08044e-09 |101  0.76122 -3.00493e-04 |102  0.27212 -9.49411e-04
103  0.20329 -6.80607e-04 |104  0.08999  8.22962e-05 |105 -0.16827  1.70878e-04
106 -0.20614  1.52390e-04 |107 -0.17208 -7.30957e-05 |108  0.00055  4.49557e-04
109  0.16847  1.50203e-04 |110 -0.02559  1.65465e-04 |111  0.17359  5.15531e-05
112 -0.06262  9.32100e-06 |113  0.41623  1.33564e-06 |114 -0.05159 -3.29791e-05
115 -0.34273  1.25353e-04 |116 -0.20337 -5.66361e-05 |117 -1.76558 -2.93649e-06
118 -0.27500  1.13907e-05 |119  1.91764  7.37412e-05 |120 -0.16906 -7.98155e-06
121  0.00037 -3.42951e-03 |122 -0.00027 -3.43726e-03 |123 -0.00066 -3.42271e-03
124 -0.00595 -3.42612e-03 |125 -0.00624 -3.42430e-03 |126 -0.00659 -3.44592e-03
127 -0.00697 -3.44304e-03 |128 -0.00772 -3.44306e-03 |129  0.00871 -3.43545e-03
130 -0.00292 -3.43789e-03 |131 -0.00661 -3.44797e-03 |132 -0.02026 -3.42794e-03
133  0.00186 -3.42320e-03 |134 -0.01009 -3.42487e-03 |135  0.00724 -3.29447e-03
136  0.00629 -3.25504e-03 |137 -0.00394 -3.19434e-03 |138  0.01639 -3.13117e-03
139 -0.01569 -3.12406e-03 |140 -0.01452 -3.10967e-03 |141  0.00890 -2.97949e-03
142  0.02035 -2.68634e-03 |143 -0.00394 -2.67252e-03 |144 -0.02062 -2.69831e-03
145  1.98015  2.68564e-03 |146 -1.97650  2.63994e-03 |147  0.02560 -2.32958e-03
148  0.00152 -2.31272e-03 |149  0.00282 -2.28760e-03 |150 -0.00900 -2.24938e-03
151  0.01251 -2.29176e-03 |152  0.02231 -2.29261e-03 |153 -0.02544 -2.24855e-03
154 -0.02054 -2.23411e-03 |155  0.00578 -2.25549e-03 |156  0.00387 -2.25332e-03
157  0.00327 -2.24237e-03 |158 -0.02163 -2.19148e-03 |159 -0.01129 -2.18373e-03
160  0.02753 -1.95659e-03 |161 -0.00962 -2.02180e-03 |162  0.01798 -1.85316e-03
163 -0.00737 -1.83724e-03 |164 -0.01876 -1.81880e-03 |165  0.00811 -1.71442e-03
166  0.00397 -1.71191e-03 |167 -0.00343 -1.71766e-03 |168  0.00526 -1.61888e-03
169 -0.01848 -1.52179e-03 |170 -0.00151 -1.44883e-03 |171  0.02258 -1.03911e-03
172 -0.02920 -1.07648e-03 |173  0.01036 -8.47616e-04 |174  0.02305 -7.49886e-04
175  0.02177 -6.53485e-04 |176 -0.00253 -6.36858e-04 |177 -0.00626 -6.29662e-04
178 -0.01994 -6.29937e-04 |179  0.00293 -5.74434e-04 |180 -0.00221 -5.43797e-04
181  0.00267 -5.30911e-04 |182 -0.00450 -4.72274e-04 |183  0.00514 -3.89174e-04
184 -0.00686 -2.37461e-04 |185 -0.01104 -2.40508e-04 |186  0.00226 -3.82939e-04
187 -0.01194 -3.69148e-04 |188  0.00000  2.19977e-06 |189  0.00003 -4.35841e-03
190  0.00239 -4.40372e-03 |191 -0.01050 -4.36528e-03 |192  0.00867 -4.40158e-03
193  0.00648 -4.45266e-03 |194 -0.02448 -4.47357e-03 |195  0.01846 -4.54862e-03
196  0.00011 -4.48031e-03 |197 -0.02836 -4.52469e-03 |198  0.01802 -4.33196e-03
199 -0.00268 -4.33799e-03 |200 -0.00074 -4.46752e-03 |201 -0.00147 -4.71534e-03
202  0.00829 -4.50005e-03 |203 -0.00992 -4.36365e-03 |204  0.00424 -4.37766e-03
205  0.00279 -4.44019e-03 |206  0.00152 -4.29877e-03 |207 -0.00671 -4.52161e-03
208  0.01009 -4.59498e-03 |209 -0.00964 -4.41841e-03 |210  0.00336 -4.30004e-03
211 -0.00009 -3.88605e-03 |212  0.01015 -4.14418e-03 |213 -0.02422 -4.22231e-03
214  0.01640 -3.92460e-03 |215 -0.00770 -3.52965e-03 |216  0.00386 -3.45743e-03
217 -0.00073 -3.52168e-03 |218  0.00684 -3.23191e-03 |219 -0.00772 -3.16263e-03
220 -0.00027 -3.09279e-03 |221  0.01241 -3.05474e-03 |222 -0.00509 -2.98242e-03
223 -0.00250 -2.91190e-03 |224  0.00084 -2.74129e-03 |225 -0.00051 -2.79311e-03
226  0.00227 -2.71581e-03 |227 -0.01698 -2.45690e-03 |228  0.00876 -2.27393e-03
229  0.00795 -2.01832e-03 |230 -0.00735 -1.64844e-03 |231  0.00735 -1.64397e-03
232 -0.00405 -1.65134e-03 |233 -0.00521 -1.64123e-03 |234  0.00640 -1.79995e-03
235 -0.00468 -1.83080e-03 |236  0.00328 -2.12870e-03 |237  0.00164 -2.08248e-03
238 -0.00467 -2.26529e-03 |239 -0.00702 -1.90629e-03 |240  0.01260 -1.66673e-03
241 -0.00958 -1.20511e-03 |242  0.00325 -8.99121e-04 |243  0.01228 -7.44534e-04
244  0.00527 -5.96985e-04 |245 -0.00954 -6.09876e-04 |246 -0.01352 -6.71887e-04
247  0.01100 -6.53591e-04 |248  0.00450 -7.43016e-04 |249 -0.00663 -8.44180e-04
250 -0.00191 -8.93015e-04 |251  0.00381 -7.94780e-04 |252 -0.00457 -7.33005e-04
253  0.00477 -5.10772e-04 |254 -0.01933 -6.92160e-04 |255  0.00881 -5.03347e-04
256 -0.00000 -5.49858e-06 |257  0.00002 -2.99659e-03 |258  0.00327 -3.02718e-03
259 -0.00270 -3.02549e-03 |260 -0.00150 -3.32770e-03 |261  0.00339 -3.41954e-03
262  0.01763 -3.86441e-03 |263 -0.01670 -3.92303e-03 |264  0.00619 -3.67418e-03
265 -0.00013 -3.69775e-03 |266 -0.02517 -3.51713e-03 |267  0.01218 -3.18158e-03
268 -0.01068 -3.23659e-03 |269  0.00018 -3.45485e-03 |270 -0.00130 -3.29862e-03
271  0.00305 -3.18809e-03 |272 -0.00218 -3.21540e-03 |273  0.00179 -3.22928e-03
274  0.00053 -2.83735e-03 |275  0.00387 -3.07345e-03 |276 -0.00007 -3.32816e-03
277 -0.00204 -3.19409e-03 |278  0.00039 -2.87797e-03 |279  0.00157 -2.68120e-03
280  0.00249 -3.15265e-03 |281  0.00579 -3.16507e-03 |282 -0.01417 -2.80402e-03
283  0.00746 -3.00987e-03 |284 -0.00220 -2.95760e-03 |285  0.00015 -2.98291e-03
286  0.00398 -2.68012e-03 |287 -0.00260 -2.34573e-03 |288 -0.00082 -2.22861e-03
289 -0.00255 -2.17157e-03 |290  0.00733 -2.19827e-03 |291  0.00613 -1.93683e-03
292 -0.00776 -1.81102e-03 |293 -0.00007 -1.85453e-03 |294  0.00230 -1.70043e-03
295  0.00724 -1.72001e-03 |296 -0.00937 -1.44083e-03 |297 -0.00372 -1.08338e-03
298 -0.00104 -5.86828e-04 |299 -0.00142 -3.96365e-04 |300  0.00613 -3.21242e-04
301  0.00163 -2.00235e-04 |302 -0.00640 -2.79661e-04 |303  0.00384 -3.32532e-04
304 -0.00328 -7.71994e-04 |305  0.00443 -9.05603e-04 |306 -0.00140 -1.12619e-03
307  0.00047 -1.00144e-03 |308 -0.00391 -8.39289e-04 |309  0.00793 -5.98995e-04
310 -0.00210 -2.22322e-04 |311 -0.00472  2.14901e-07 |312  0.00660  1.69502e-04
313  0.00485  1.40399e-04 |314  0.00244  9.94208e-07 |315 -0.00996  3.00580e-05
316  0.00288 -1.41534e-04 |317  0.00081 -3.60747e-04 |318  0.00048 -5.90060e-04
319  0.00006 -4.40450e-04 |320  0.00077 -5.28402e-04 |321 -0.00481 -3.41396e-04
322  0.01335 -5.40014e-04 |323 -0.01923 -3.96796e-04 |324  0.00000 -1.82287e-06
Estimating row 1 out of 324 for hessian
Estimating row 2 out of 324 for hessian
Estimating row 3 out of 324 for hessian
Estimating row 4 out of 324 for hessian
Estimating row 5 out of 324 for hessian
Estimating row 6 out of 324 for hessian
Estimating row 7 out of 324 for hessian
Estimating row 8 out of 324 for hessian
Estimating row 9 out of 324 for hessian
Estimating row 10 out of 324 for hessian
Estimating row 11 out of 324 for hessian
Estimating row 12 out of 324 for hessian
Estimating row 13 out of 324 for hessian
Estimating row 14 out of 324 for hessian
Estimating row 15 out of 324 for hessian
Estimating row 16 out of 324 for hessian
Estimating row 17 out of 324 for hessian
Estimating row 18 out of 324 for hessian
Estimating row 19 out of 324 for hessian
Estimating row 20 out of 324 for hessian
Estimating row 21 out of 324 for hessian
Estimating row 22 out of 324 for hessian
Estimating row 23 out of 324 for hessian
Estimating row 24 out of 324 for hessian
Estimating row 25 out of 324 for hessian
Estimating row 26 out of 324 for hessian
Estimating row 27 out of 324 for hessian
Estimating row 28 out of 324 for hessian
Estimating row 29 out of 324 for hessian
Estimating row 30 out of 324 for hessian
Estimating row 31 out of 324 for hessian
Estimating row 32 out of 324 for hessian
Estimating row 33 out of 324 for hessian
Estimating row 34 out of 324 for hessian
Estimating row 35 out of 324 for hessian
Estimating row 36 out of 324 for hessian
Estimating row 37 out of 324 for hessian
Estimating row 38 out of 324 for hessian
Estimating row 39 out of 324 for hessian
Estimating row 40 out of 324 for hessian
Estimating row 41 out of 324 for hessian
Estimating row 42 out of 324 for hessian
Estimating row 43 out of 324 for hessian
Estimating row 44 out of 324 for hessian
Estimating row 45 out of 324 for hessian
Estimating row 46 out of 324 for hessian
Estimating row 47 out of 324 for hessian
Estimating row 48 out of 324 for hessian
Estimating row 49 out of 324 for hessian
Estimating row 50 out of 324 for hessian
Estimating row 51 out of 324 for hessian
Estimating row 52 out of 324 for hessian
Estimating row 53 out of 324 for hessian
Estimating row 54 out of 324 for hessian
Estimating row 55 out of 324 for hessian
Estimating row 56 out of 324 for hessian
Estimating row 57 out of 324 for hessian
Estimating row 58 out of 324 for hessian
Estimating row 59 out of 324 for hessian
Estimating row 60 out of 324 for hessian
Estimating row 61 out of 324 for hessian
Estimating row 62 out of 324 for hessian
Estimating row 63 out of 324 for hessian
Estimating row 64 out of 324 for hessian
Estimating row 65 out of 324 for hessian
Estimating row 66 out of 324 for hessian
Estimating row 67 out of 324 for hessian
Estimating row 68 out of 324 for hessian
Estimating row 69 out of 324 for hessian
Estimating row 70 out of 324 for hessian
Estimating row 71 out of 324 for hessian
Estimating row 72 out of 324 for hessian
Estimating row 73 out of 324 for hessian
Estimating row 74 out of 324 for hessian
Estimating row 75 out of 324 for hessian
Estimating row 76 out of 324 for hessian
Estimating row 77 out of 324 for hessian
Estimating row 78 out of 324 for hessian
Estimating row 79 out of 324 for hessian
Estimating row 80 out of 324 for hessian
Estimating row 81 out of 324 for hessian
Estimating row 82 out of 324 for hessian
Estimating row 83 out of 324 for hessian
Estimating row 84 out of 324 for hessian
Estimating row 85 out of 324 for hessian
Estimating row 86 out of 324 for hessian
Estimating row 87 out of 324 for hessian
Estimating row 88 out of 324 for hessian
Estimating row 89 out of 324 for hessian
Estimating row 90 out of 324 for hessian
Estimating row 91 out of 324 for hessian
Estimating row 92 out of 324 for hessian
Estimating row 93 out of 324 for hessian
Estimating row 94 out of 324 for hessian
Estimating row 95 out of 324 for hessian
Estimating row 96 out of 324 for hessian
Estimating row 97 out of 324 for hessian
Estimating row 98 out of 324 for hessian
Estimating row 99 out of 324 for hessian
Estimating row 100 out of 324 for hessian
Estimating row 101 out of 324 for hessian
Estimating row 102 out of 324 for hessian
Estimating row 103 out of 324 for hessian
Estimating row 104 out of 324 for hessian
Estimating row 105 out of 324 for hessian
Estimating row 106 out of 324 for hessian
Estimating row 107 out of 324 for hessian
Estimating row 108 out of 324 for hessian
Estimating row 109 out of 324 for hessian
Estimating row 110 out of 324 for hessian
Estimating row 111 out of 324 for hessian
Estimating row 112 out of 324 for hessian
Estimating row 113 out of 324 for hessian
Estimating row 114 out of 324 for hessian
Estimating row 115 out of 324 for hessian
Estimating row 116 out of 324 for hessian
Estimating row 117 out of 324 for hessian
Estimating row 118 out of 324 for hessian
Estimating row 119 out of 324 for hessian
Estimating row 120 out of 324 for hessian
Estimating row 121 out of 324 for hessian
Estimating row 122 out of 324 for hessian
Estimating row 123 out of 324 for hessian
Estimating row 124 out of 324 for hessian
Estimating row 125 out of 324 for hessian
Estimating row 126 out of 324 for hessian
Estimating row 127 out of 324 for hessian
Estimating row 128 out of 324 for hessian
Estimating row 129 out of 324 for hessian
Estimating row 130 out of 324 for hessian
Estimating row 131 out of 324 for hessian
Estimating row 132 out of 324 for hessian
Estimating row 133 out of 324 for hessian
Estimating row 134 out of 324 for hessian
Estimating row 135 out of 324 for hessian
Estimating row 136 out of 324 for hessian
Estimating row 137 out of 324 for hessian
Estimating row 138 out of 324 for hessian
Estimating row 139 out of 324 for hessian
Estimating row 140 out of 324 for hessian
Estimating row 141 out of 324 for hessian
Estimating row 142 out of 324 for hessian
Estimating row 143 out of 324 for hessian
Estimating row 144 out of 324 for hessian
Estimating row 145 out of 324 for hessian
Estimating row 146 out of 324 for hessian
Estimating row 147 out of 324 for hessian
Estimating row 148 out of 324 for hessian
Estimating row 149 out of 324 for hessian
Estimating row 150 out of 324 for hessian
Estimating row 151 out of 324 for hessian
Estimating row 152 out of 324 for hessian
Estimating row 153 out of 324 for hessian
Estimating row 154 out of 324 for hessian
Estimating row 155 out of 324 for hessian
Estimating row 156 out of 324 for hessian
Estimating row 157 out of 324 for hessian
Estimating row 158 out of 324 for hessian
Estimating row 159 out of 324 for hessian
Estimating row 160 out of 324 for hessian
Estimating row 161 out of 324 for hessian
Estimating row 162 out of 324 for hessian
Estimating row 163 out of 324 for hessian
Estimating row 164 out of 324 for hessian
Estimating row 165 out of 324 for hessian
Estimating row 166 out of 324 for hessian
Estimating row 167 out of 324 for hessian
Estimating row 168 out of 324 for hessian
Estimating row 169 out of 324 for hessian
Estimating row 170 out of 324 for hessian
Estimating row 171 out of 324 for hessian
Estimating row 172 out of 324 for hessian
Estimating row 173 out of 324 for hessian
Estimating row 174 out of 324 for hessian
Estimating row 175 out of 324 for hessian
Estimating row 176 out of 324 for hessian
Estimating row 177 out of 324 for hessian
Estimating row 178 out of 324 for hessian
Estimating row 179 out of 324 for hessian
Estimating row 180 out of 324 for hessian
Estimating row 181 out of 324 for hessian
Estimating row 182 out of 324 for hessian
Estimating row 183 out of 324 for hessian
Estimating row 184 out of 324 for hessian
Estimating row 185 out of 324 for hessian
Estimating row 186 out of 324 for hessian
Estimating row 187 out of 324 for hessian
Estimating row 188 out of 324 for hessian
Estimating row 189 out of 324 for hessian
Estimating row 190 out of 324 for hessian
Estimating row 191 out of 324 for hessian
Estimating row 192 out of 324 for hessian
Estimating row 193 out of 324 for hessian
Estimating row 194 out of 324 for hessian
Estimating row 195 out of 324 for hessian
Estimating row 196 out of 324 for hessian
Estimating row 197 out of 324 for hessian
Estimating row 198 out of 324 for hessian
Estimating row 199 out of 324 for hessian
Estimating row 200 out of 324 for hessian
Estimating row 201 out of 324 for hessian
Estimating row 202 out of 324 for hessian
Estimating row 203 out of 324 for hessian
Estimating row 204 out of 324 for hessian
Estimating row 205 out of 324 for hessian
Estimating row 206 out of 324 for hessian
Estimating row 207 out of 324 for hessian
Estimating row 208 out of 324 for hessian
Estimating row 209 out of 324 for hessian
Estimating row 210 out of 324 for hessian
Estimating row 211 out of 324 for hessian
Estimating row 212 out of 324 for hessian
Estimating row 213 out of 324 for hessian
Estimating row 214 out of 324 for hessian
Estimating row 215 out of 324 for hessian
Estimating row 216 out of 324 for hessian
Estimating row 217 out of 324 for hessian
Estimating row 218 out of 324 for hessian
Estimating row 219 out of 324 for hessian
Estimating row 220 out of 324 for hessian
Estimating row 221 out of 324 for hessian
Estimating row 222 out of 324 for hessian
Estimating row 223 out of 324 for hessian
Estimating row 224 out of 324 for hessian
Estimating row 225 out of 324 for hessian
Estimating row 226 out of 324 for hessian
Estimating row 227 out of 324 for hessian
Estimating row 228 out of 324 for hessian
Estimating row 229 out of 324 for hessian
Estimating row 230 out of 324 for hessian
Estimating row 231 out of 324 for hessian
Estimating row 232 out of 324 for hessian
Estimating row 233 out of 324 for hessian
Estimating row 234 out of 324 for hessian
Estimating row 235 out of 324 for hessian
Estimating row 236 out of 324 for hessian
Estimating row 237 out of 324 for hessian
Estimating row 238 out of 324 for hessian
Estimating row 239 out of 324 for hessian
Estimating row 240 out of 324 for hessian
Estimating row 241 out of 324 for hessian
Estimating row 242 out of 324 for hessian
Estimating row 243 out of 324 for hessian
Estimating row 244 out of 324 for hessian
Estimating row 245 out of 324 for hessian
Estimating row 246 out of 324 for hessian
Estimating row 247 out of 324 for hessian
Estimating row 248 out of 324 for hessian
Estimating row 249 out of 324 for hessian
Estimating row 250 out of 324 for hessian
Estimating row 251 out of 324 for hessian
Estimating row 252 out of 324 for hessian
Estimating row 253 out of 324 for hessian
Estimating row 254 out of 324 for hessian
Estimating row 255 out of 324 for hessian
Estimating row 256 out of 324 for hessian
Estimating row 257 out of 324 for hessian
Estimating row 258 out of 324 for hessian
Estimating row 259 out of 324 for hessian
Estimating row 260 out of 324 for hessian
Estimating row 261 out of 324 for hessian
Estimating row 262 out of 324 for hessian
Estimating row 263 out of 324 for hessian
Estimating row 264 out of 324 for hessian
Estimating row 265 out of 324 for hessian
Estimating row 266 out of 324 for hessian
Estimating row 267 out of 324 for hessian
Estimating row 268 out of 324 for hessian
Estimating row 269 out of 324 for hessian
Estimating row 270 out of 324 for hessian
Estimating row 271 out of 324 for hessian
Estimating row 272 out of 324 for hessian
Estimating row 273 out of 324 for hessian
Estimating row 274 out of 324 for hessian
Estimating row 275 out of 324 for hessian
Estimating row 276 out of 324 for hessian
Estimating row 277 out of 324 for hessian
Estimating row 278 out of 324 for hessian
Estimating row 279 out of 324 for hessian
Estimating row 280 out of 324 for hessian
Estimating row 281 out of 324 for hessian
Estimating row 282 out of 324 for hessian
Estimating row 283 out of 324 for hessian
Estimating row 284 out of 324 for hessian
Estimating row 285 out of 324 for hessian
Estimating row 286 out of 324 for hessian
Estimating row 287 out of 324 for hessian
Estimating row 288 out of 324 for hessian
Estimating row 289 out of 324 for hessian
Estimating row 290 out of 324 for hessian
Estimating row 291 out of 324 for hessian
Estimating row 292 out of 324 for hessian
Estimating row 293 out of 324 for hessian
Estimating row 294 out of 324 for hessian
Estimating row 295 out of 324 for hessian
Estimating row 296 out of 324 for hessian
Estimating row 297 out of 324 for hessian
Estimating row 298 out of 324 for hessian
Estimating row 299 out of 324 for hessian
Estimating row 300 out of 324 for hessian
Estimating row 301 out of 324 for hessian
Estimating row 302 out of 324 for hessian
Estimating row 303 out of 324 for hessian
Estimating row 304 out of 324 for hessian
Estimating row 305 out of 324 for hessian
Estimating row 306 out of 324 for hessian
Estimating row 307 out of 324 for hessian
Estimating row 308 out of 324 for hessian
Estimating row 309 out of 324 for hessian
Estimating row 310 out of 324 for hessian
Estimating row 311 out of 324 for hessian
Estimating row 312 out of 324 for hessian
Estimating row 313 out of 324 for hessian
Estimating row 314 out of 324 for hessian
Estimating row 315 out of 324 for hessian
Estimating row 316 out of 324 for hessian
Estimating row 317 out of 324 for hessian
Estimating row 318 out of 324 for hessian
Estimating row 319 out of 324 for hessian
Estimating row 320 out of 324 for hessian
Estimating row 321 out of 324 for hessian
Estimating row 322 out of 324 for hessian
Estimating row 323 out of 324 for hessian
Estimating row 324 out of 324 for hessian
size of file gradfil1.tmp = 0
size of file gradfil2.tmp = 0
size of file varssave.tmp = 0
size of file cmpdiff.tmp = 0
