
Initial statistics: 25 variables; iteration 0; function evaluation 0; phase 1
Function value 2.1517173e+05; maximum gradient component mag 5.9872e+06
Var    Value     Gradient |Var    Value     Gradient |Var    Value     Gradient
  1  0.15626  5.98718e+06 |  2 -0.41094  7.36640e+02 |  3 -0.81158 -2.90823e+03
  4 -0.81158  3.03320e+05 |  5 -0.81158  2.94000e+04 |  6 -0.81158  1.56711e+05
  7 -0.81158  7.22425e+04 |  8 -0.81158  1.34153e+05 |  9 -0.81158  4.97073e+05
 10 -0.81158  2.66101e+05 | 11 -0.81158  2.44820e+04 | 12 -0.81158  1.21711e+05
 13 -0.81158  1.06801e+04 | 14 -0.81158  2.79426e+04 | 15 -0.81158  4.44660e+04
 16 -0.81158  9.95391e+04 | 17 -0.81158  2.32876e+05 | 18 -0.81158  1.48014e+05
 19 -0.81158  1.54154e+05 | 20 -0.81158  1.76558e+05 | 21 -0.81158  4.24845e+05
 22 -0.81158  3.90876e+05 | 23 -0.81158 -4.47959e-06 | 24 -0.81158 -4.47959e-06
 25 -0.81158 -4.47959e-06 |

Intermediate statistics: 25 variables; iteration 20; function evaluation 63; phase 1
Function value 2.8627876e+04; maximum gradient component mag -1.5060e+06
Var    Value     Gradient |Var    Value     Gradient |Var    Value     Gradient
  1  0.00321 -1.50603e+06 |  2 -18.46934 -4.96553e+02 |  3  0.36836  1.65481e+04
  4  3.94607  2.23646e+04 |  5 -0.03673  2.09205e+04 |  6  2.49978 -1.55686e+04
  7 -1.73001 -2.04054e+04 |  8 -1.10355 -3.54592e+03 |  9  3.66579  1.98709e+04
 10 -4.60303  1.09181e+04 | 11 -1.84264 -1.55218e+04 | 12 -0.99974  6.48363e+00
 13 -0.85526  3.21775e+03 | 14 -1.40283 -7.12240e+03 | 15 -1.57562 -7.35197e+03
 16 -1.45694 -5.10574e+03 | 17 -1.26011 -2.58929e+03 | 18 -5.04784 -3.72038e+02
 19 -5.97393 -2.65858e+03 | 20 -5.78728 -1.90925e+03 | 21  2.02137 -1.27579e+03
 22 -3.22035  1.53379e+02 | 23 -0.92300  1.71158e+01 | 24 -0.91706  1.42704e+01
 25 -0.88077  1.12493e+01 |
25 variables; iteration 40; function evaluation 89; phase 1
Function value 2.0046600e+04; maximum gradient component mag -3.2940e+05
Var    Value     Gradient |Var    Value     Gradient |Var    Value     Gradient
  1 -0.01584 -3.29398e+05 |  2 -17.38210 -4.86570e+02 |  3 -0.29844  2.30329e+03
  4  3.41308  1.78985e+03 |  5 -0.71803  1.19943e+03 |  6  2.43233 -2.33762e+03
  7 -1.51492 -2.23305e+03 |  8 -1.07151 -3.10723e+02 |  9  3.31576  1.76345e+03
 10 -4.63769  1.77346e+03 | 11 -1.67084 -2.29614e+03 | 12 -0.95671  1.69041e+02
 13 -1.18709 -7.38715e+02 | 14 -1.40590 -1.41861e+03 | 15 -1.41815 -1.16890e+03
 16 -1.20015 -4.93097e+02 | 17 -0.94597  1.23463e+02 | 18 -4.77155  4.77228e+02
 19 -5.64248 -5.64001e+02 | 20 -5.66389 -5.58924e+02 | 21  1.90018 -8.26356e+02
 22 -2.44831 -3.45312e+02 | 23 -16.63501  1.26657e+01 | 24 29.73131 -1.20303e+01
 25 -2.92037 -7.62875e-01 |
Maximum number of function evaluations exceeded

 - final statistics:
25 variables; iteration 51; function evaluation 100
Function value 1.8771e+04; maximum gradient component mag -3.3025e+05
Exit code = 3;  converg criter 1.0000e+01
Var    Value     Gradient |Var    Value     Gradient |Var    Value     Gradient
  1 -0.01813 -3.30249e+05 |  2 -17.38232 -7.65004e+02 |  3 -0.41476  1.27788e+03
  4  3.30537  7.98246e+02 |  5 -0.69126  8.72846e+02 |  6  2.51070 -1.11210e+03
  7 -1.28278 -6.39152e+02 |  8 -1.05054 -1.14664e+02 |  9  3.35099  1.27217e+03
 10 -4.74693  6.07991e+02 | 11 -1.60819 -1.04487e+03 | 12 -0.82676  3.35577e+02
 13 -1.07420 -1.51914e+02 | 14 -1.16864 -2.91639e+02 | 15 -1.19861 -2.40206e+02
 16 -1.18328 -1.98549e+02 | 17 -0.79620  2.34994e+02 | 18 -4.91761  8.05970e+01
 19 -5.46470 -8.81741e+00 | 20 -5.16630 -1.11084e+01 | 21  3.47434  1.81852e+02
 22 -4.50792  1.15194e+02 | 23 -24.72232 -6.93712e-06 | 24 42.36661  1.47474e-05
 25 21.81304 -4.34156e-05 |

Initial statistics: 33 variables; iteration 0; function evaluation 0; phase 2
Function value 1.8770659e+04; maximum gradient component mag -3.3025e+05
Var    Value     Gradient |Var    Value     Gradient |Var    Value     Gradient
  1 -0.01813 -3.30249e+05 |  2  0.00000 -2.29398e+02 |  3  0.00000 -3.41807e+02
  4  0.00000 -3.59039e+02 |  5  0.00000 -4.28732e+02 |  6  0.00000 -7.52846e+02
  7  0.00000 -9.12485e+02 |  8  0.00000 -7.50844e+02 |  9  0.00000 -8.45722e+02
 10 -0.61768  7.65004e+02 | 11 -0.41476  1.27788e+03 | 12 -0.69463  7.98246e+02
 13 -0.69126  8.72846e+02 | 14 -0.51070  1.11210e+03 | 15 -0.71722  6.39152e+02
 16 -0.94946  1.14664e+02 | 17 -0.64901  1.27217e+03 | 18 -0.74693  6.07991e+02
 19 -0.39181  1.04487e+03 | 20 -0.82676  3.35577e+02 | 21 -0.92580  1.51914e+02
 22 -0.83136  2.91639e+02 | 23 -0.80139  2.40206e+02 | 24 -0.81672  1.98549e+02
 25 -0.79620  2.34994e+02 | 26 -0.91761  8.05970e+01 | 27 -0.53530  8.81741e+00
 28 -0.83370  1.11084e+01 | 29 -0.52566  1.81852e+02 | 30 -0.50792  1.15194e+02
 31 -0.72232 -6.93712e-06 | 32 -0.36661 -1.47474e-05 | 33  0.18696  4.34156e-05

Intermediate statistics: 33 variables; iteration 20; function evaluation 34; phase 2
Function value 1.8471172e+04; maximum gradient component mag -1.4319e+04
Var    Value     Gradient |Var    Value     Gradient |Var    Value     Gradient
  1 -0.01949 -1.43192e+04 |  2  0.15207  2.71133e+01 |  3  0.15499  1.12941e+00
  4  0.03249  6.85538e+00 |  5 -0.08896 -1.10641e+01 |  6  0.14971  1.08629e+02
  7  0.12346  1.33556e+02 |  8 -0.06328 -7.71069e+01 |  9 -0.02581 -1.41481e+02
 10 -0.63124 -1.08815e+01 | 11 -0.38069  2.34303e+02 | 12 -0.72660  1.53247e+02
 13 -0.85618  1.34284e+02 | 14 -0.58096  1.85338e+02 | 15 -0.74031  1.24735e+02
 16 -0.95634  2.22792e+01 | 17 -0.81090  1.77813e+02 | 18 -0.84995  8.54521e+01
 19 -0.54781  1.61308e+02 | 20 -0.88755  5.92155e+01 | 21 -0.97638  1.90164e+01
 22 -0.92572  4.60609e+01 | 23 -0.85037  4.67127e+01 | 24 -0.89852  3.53934e+01
 25 -0.91567  4.17376e+01 | 26 -0.96346  1.95790e+01 | 27 -0.46018  1.62305e+01
 28 -0.64697  1.94611e+01 | 29 -0.69337  5.75385e+00 | 30 -0.64537 -2.73506e+00
 31 -0.72231 -9.01228e-06 | 32 -0.36659 -2.18690e-05 | 33  0.18690  6.74792e-05
33 variables; iteration 40; function evaluation 65; phase 2
Function value 1.8407731e+04; maximum gradient component mag -3.3939e+04
Var    Value     Gradient |Var    Value     Gradient |Var    Value     Gradient
  1 -0.02026 -3.39387e+04 |  2 -0.03203 -1.68396e+01 |  3  0.25784  1.23778e+00
  4 -0.15788 -4.04942e+01 |  5 -0.24734 -5.33140e+01 |  6  0.15475 -5.28154e+01
  7  0.06632 -9.82028e+01 |  8 -0.01831 -6.59167e+01 |  9  0.00408 -8.44748e+01
 10 -0.61896  6.74943e+01 | 11 -0.51335  9.59510e+01 | 12 -0.81667  6.49825e+01
 13 -0.91613  7.12635e+01 | 14 -0.63713  7.37004e+01 | 15 -0.83503  4.07891e+01
 16 -0.97599  8.60290e+00 | 17 -0.92592  3.57148e+01 | 18 -0.92490  2.33765e+01
 19 -0.66265  3.93505e+01 | 20 -0.97217  9.82877e+00 | 21 -0.98928  7.38859e+00
 22 -0.96349  1.87482e+01 | 23 -0.94396  1.12998e+01 | 24 -0.96735  8.69042e+00
 25 -0.97826  9.62833e+00 | 26 -1.00358 -1.85105e+00 | 27 -0.44901  8.90919e+00
 28 -0.68423  5.87520e+00 | 29 -0.67136  1.71757e+01 | 30 -0.63875 -2.36897e+00
 31 -0.72218 -8.37322e-06 | 32 -0.36625 -1.95836e-05 | 33  0.18586  5.98819e-05
33 variables; iteration 60; function evaluation 87; phase 2
Function value 1.8388102e+04; maximum gradient component mag 2.0659e+03
Var    Value     Gradient |Var    Value     Gradient |Var    Value     Gradient
  1 -0.02040  2.06592e+03 |  2  0.05770 -1.07669e+00 |  3  0.18882 -3.15005e+00
  4 -0.04361 -1.21467e+01 |  5  0.00942  1.95817e+01 |  6  0.11195 -1.89941e+01
  7  0.09105  1.05259e+01 |  8 -0.00228  2.92932e+01 |  9  0.02086  3.61804e+01
 10 -0.64027  3.14552e+00 | 11 -0.52236  9.41993e+00 | 12 -0.83129  2.88315e+01
 13 -0.98522  1.02284e+01 | 14 -0.66485  9.04060e+00 | 15 -0.88598  9.69034e+00
 16 -0.99985  2.99025e-02 | 17 -0.97395  8.52529e+00 | 18 -0.95161  9.52660e+00
 19 -0.67187  1.00594e+01 | 20 -0.99139  2.39114e+00 | 21 -0.99910  5.62876e-01
 22 -0.99038  4.40794e+00 | 23 -0.95351  7.25462e+00 | 24 -0.97825  4.97740e+00
 25 -1.00007 -1.84855e-02 | 26 -1.00143 -7.08466e-01 | 27 -0.44990 -7.81776e-02
 28 -0.68577  1.11333e+00 | 29 -0.69657  9.98954e-01 | 30 -0.62903  4.12936e+00
 31 -0.71920 -7.19364e-06 | 32 -0.35921 -1.55742e-05 | 33  0.16418  4.88241e-05
Maximum number of function evaluations exceeded

 - final statistics:
33 variables; iteration 72; function evaluation 100
Function value 1.8385e+04; maximum gradient component mag -2.0285e+04
Exit code = 3;  converg criter 1.0000e+01
Var    Value     Gradient |Var    Value     Gradient |Var    Value     Gradient
  1 -0.02045 -2.02853e+04 |  2  0.12131 -3.72454e+00 |  3  0.15090 -3.56294e+01
  4  0.03038 -5.40375e+00 |  5 -0.03049 -5.23202e+00 |  6  0.12155 -4.89105e+01
  7  0.08881 -3.99199e+01 |  8 -0.01065 -2.13423e+01 |  9  0.01409 -3.23101e+01
 10 -0.64003  2.77741e+01 | 11 -0.52035  4.59246e+01 | 12 -0.92202  1.47802e+01
 13 -0.99344  4.98432e+00 | 14 -0.67193  2.27264e+01 | 15 -0.90061  1.26241e+01
 16 -0.99336  1.84433e+00 | 17 -0.98664  4.86075e+00 | 18 -0.97535  5.38222e+00
 19 -0.68630  1.39086e+01 | 20 -0.99342  1.97677e+00 | 21 -1.00060 -3.85412e-01
 22 -0.99634  1.74665e+00 | 23 -0.98760  2.09671e+00 | 24 -0.99503  1.20122e+00
 25 -0.99837  6.95052e-01 | 26 -0.99917  4.22523e-01 | 27 -0.44841  2.10266e+00
 28 -0.68873  2.03500e+00 | 29 -0.69789  1.33132e+00 | 30 -0.63294  5.26999e-01
 31 -0.71793 -6.67502e-06 | 32 -0.35631 -1.38038e-05 | 33  0.15517  4.35375e-05

Initial statistics: 98 variables; iteration 0; function evaluation 0; phase 3
Function value 1.8385182e+04; maximum gradient component mag -2.0285e+04
Var    Value     Gradient |Var    Value     Gradient |Var    Value     Gradient
  1 -0.02045 -2.02853e+04 |  2  0.12131 -3.72454e+00 |  3  0.15090 -3.56294e+01
  4  0.03038 -5.40375e+00 |  5 -0.03049 -5.23202e+00 |  6  0.12155 -4.89105e+01
  7  0.08881 -3.99199e+01 |  8 -0.01065 -2.13423e+01 |  9  0.01409 -3.23101e+01
 10  0.00000  5.07293e+02 | 11  0.00000 -2.63716e+02 | 12  0.00000  8.14353e+02
 13  0.00000  9.91751e+02 | 14  0.00000  1.28209e+03 | 15  0.00000  1.19297e+03
 16  0.00000 -6.62569e+02 | 17  0.00000  7.20659e+02 | 18  0.00000  1.25731e+03
 19  0.00000  1.16515e+03 | 20  0.00000  1.08428e+03 | 21  0.00000  1.42236e+03
 22  0.00000  8.14862e+02 | 23  0.00000  1.49399e+03 | 24  0.00000  1.32823e+03
 25  0.00000  1.15737e+03 | 26  0.00000  1.16293e+03 | 27  0.00000  1.77236e+03
 28  0.00000  1.27392e+03 | 29  0.00000  1.13113e+03 | 30  0.00000  1.91320e+03
 31  0.00000  2.26965e+03 | 32  0.00000  1.42816e+03 | 33  0.00000  1.69192e+03
 34  0.00000  1.73897e+03 | 35  0.00000  1.91154e+03 | 36  0.00000  2.40319e+03
 37  0.00000  2.47336e+03 | 38  0.00000  2.38988e+03 | 39  0.00000  2.96102e+03
 40  0.00000  1.43527e+03 | 41  0.00000  2.28190e+03 | 42  0.00000  1.94992e+03
 43  0.00000  2.89739e+03 | 44  0.00000 -4.80274e+03 | 45  0.00000  1.11779e+03
 46  0.00000  7.16985e+02 | 47  0.00000  7.65508e+02 | 48  0.00000  2.06478e+03
 49  0.00000 -5.16672e+03 | 50  0.00000 -8.04291e+02 | 51  0.00000 -9.79452e+02
 52  0.00000 -1.32791e+03 | 53  0.00000  1.26844e+03 | 54  0.00000 -4.61021e+03
 55  0.00000 -3.09879e+03 | 56  0.00000  1.61494e+03 | 57  0.00000  1.57787e+03
 58  0.00000 -7.68089e+03 | 59  0.00000 -1.02167e+03 | 60  0.00000 -1.61850e+03
 61  0.00000 -3.96161e+02 | 62  0.00000 -4.15782e+03 | 63  0.00000 -6.16710e+03
 64  0.00000  8.58574e+02 | 65  0.00000 -9.67985e+02 | 66  0.00000 -3.72650e+03
 67  0.00000 -3.82950e+03 | 68  0.00000 -1.62444e+03 | 69  0.00000 -4.92038e+01
 70  0.00000 -6.25479e+02 | 71  0.00000 -8.46527e+03 | 72  0.00000  1.38684e+03
 73  0.00000  5.88833e+02 | 74  0.00000 -2.32023e+02 | 75 -0.64003  2.77741e+01
 76 -0.52035  4.59246e+01 | 77 -0.92202  1.47802e+01 | 78 -0.99344  4.98432e+00
 79 -0.67193  2.27264e+01 | 80 -0.90061  1.26241e+01 | 81 -0.99336  1.84433e+00
 82 -0.98664  4.86075e+00 | 83 -0.97535  5.38222e+00 | 84 -0.68630  1.39086e+01
 85 -0.99342  1.97677e+00 | 86 -0.99940  3.85412e-01 | 87 -0.99634  1.74665e+00
 88 -0.98760  2.09671e+00 | 89 -0.99503  1.20122e+00 | 90 -0.99837  6.95052e-01
 91 -0.99917  4.22523e-01 | 92 -0.44841  2.10266e+00 | 93 -0.68873  2.03500e+00
 94 -0.69789  1.33132e+00 | 95 -0.63294  5.26999e-01 | 96 -0.71793 -6.67502e-06
 97 -0.35631 -1.38038e-05 | 98  0.15517  4.35375e-05 |

Intermediate statistics: 98 variables; iteration 20; function evaluation 41; phase 3
Function value 1.6088732e+04; maximum gradient component mag 8.2367e+04
Var    Value     Gradient |Var    Value     Gradient |Var    Value     Gradient
  1 -0.02105  8.23672e+04 |  2  0.17231  1.87086e+02 |  3  0.21335  3.06108e+02
  4  0.08057  1.69889e+02 |  5  0.01531  1.26488e+02 |  6  0.16607  4.33379e+02
  7  0.13320  4.39702e+02 |  8  0.04362  2.94150e+02 |  9  0.05850  3.41041e+02
 10  0.02080 -2.03719e+02 | 11  0.13532 -6.51068e+01 | 12 -0.02006  3.67635e+00
 13 -0.02386  7.53712e+01 | 14 -0.04604  2.09604e+02 | 15 -0.04735  2.54110e+02
 16  0.11587  3.27359e+02 | 17  0.00788  4.76159e+02 | 18 -0.02084  6.63727e+02
 19 -0.01132  7.88333e+02 | 20 -0.00279  9.18881e+02 | 21 -0.03005  9.90629e+02
 22  0.00273  1.03750e+03 | 23 -0.04262  1.06554e+03 | 24 -0.02853  1.20968e+03
 25 -0.02397  1.29754e+03 | 26 -0.02245  1.45792e+03 | 27 -0.04990  1.62318e+03
 28 -0.02725  1.73676e+03 | 29 -0.02448  1.88184e+03 | 30 -0.04832  2.17844e+03
 31 -0.05830  2.34489e+03 | 32 -0.02948  2.26114e+03 | 33 -0.03397  2.36798e+03
 34 -0.02952  2.50879e+03 | 35 -0.02456  2.80255e+03 | 36 -0.02162  3.32695e+03
 37 -0.01648  3.04298e+03 | 38 -0.00664  2.91616e+03 | 39  0.01749  3.99668e+03
 40  0.03023  2.48679e+03 | 41  0.02505  2.82946e+03 | 42  0.04519  4.38844e+03
 43  0.03972  5.20724e+03 | 44  0.01387 -3.81002e+03 | 45  0.03977  3.23442e+03
 46  0.00919  2.15939e+03 | 47  0.01213  1.56356e+03 | 48 -0.02258  1.43062e+03
 49  0.04810 -3.41173e+03 | 50  0.02701 -1.16913e+02 | 51 -0.01315 -1.26109e+03
 52 -0.00990 -2.36250e+03 | 53 -0.01878 -6.63365e+02 | 54  0.03621 -4.55436e+03
 55 -0.03396 -4.04440e+03 | 56 -0.00757 -1.09686e+03 | 57 -0.07156 -2.08281e+03
 58  0.06988 -5.43098e+03 | 59 -0.02266 -2.27807e+03 | 60  0.02846 -2.83255e+03
 61 -0.03489 -3.07506e+03 | 62  0.02878 -3.73699e+03 | 63  0.05143 -4.24791e+03
 64 -0.05354 -1.88977e+03 | 65 -0.00588 -2.51665e+03 | 66  0.00276 -3.54828e+03
 67  0.02833 -2.97351e+03 | 68 -0.02043 -2.31876e+03 | 69  0.01249 -1.72168e+03
 70  0.01227 -1.30980e+03 | 71  0.12625 -3.25696e+03 | 72 -0.02711 -7.75117e+02
 73  0.02622 -5.68488e+02 | 74  0.01220 -9.91477e+02 | 75 -0.70799 -4.31287e+02
 76 -0.20608  3.47926e+02 | 77 -0.81720  5.31979e+01 | 78 -0.98750  7.73110e+00
 79 -0.45954  3.32335e+02 | 80 -0.81153  6.94109e+01 | 81 -0.98652  3.31522e+00
 82 -0.96526  3.26875e+00 | 83 -0.94357  1.23887e+01 | 84 -0.39850  2.37581e+02
 85 -0.98348  2.38824e+00 | 86 -0.99863  3.74844e-01 | 87 -0.99237  2.14235e+00
 88 -0.97387  4.10043e+00 | 89 -0.98908  8.43592e-01 | 90 -0.99620  5.02154e-02
 91 -0.99814  1.03237e-01 | 92 -0.49833  5.99871e+01 | 93 -0.46615  3.72534e+01
 94 -0.54875  5.55353e+01 | 95 -0.82320 -9.79291e+01 | 96 -0.71793 -1.56545e-05
 97 -0.35631 -4.36628e-05 | 98  0.15517  1.58704e-04 |
98 variables; iteration 40; function evaluation 70; phase 3
Function value 1.6043048e+04; maximum gradient component mag 4.5044e+04
Var    Value     Gradient |Var    Value     Gradient |Var    Value     Gradient
  1 -0.02061  4.50443e+04 |  2  0.12558  8.62809e+01 |  3  0.11322  5.35430e+01
  4  0.02463  5.37200e+01 |  5 -0.03188  5.67647e+01 |  6  0.15466  3.39019e+02
  7  0.11480  3.14939e+02 |  8  0.01313  1.63623e+02 |  9  0.03596  1.91719e+02
 10  0.00028  6.36282e+01 | 11  0.14064  2.14650e+02 | 12 -0.04067  2.58002e+02
 13 -0.01089  4.53874e+02 | 14 -0.03234  5.99102e+02 | 15 -0.02827  6.59224e+02
 16  0.13001  5.52948e+02 | 17  0.01005  6.71317e+02 | 18 -0.02074  8.37049e+02
 19  0.00158  1.06159e+03 | 20  0.01991  1.29770e+03 | 21 -0.01362  1.28141e+03
 22  0.01463  1.21054e+03 | 23 -0.03423  1.26668e+03 | 24 -0.02124  1.37223e+03
 25 -0.02730  1.28215e+03 | 26 -0.03043  1.35278e+03 | 27 -0.05959  1.56596e+03
 28 -0.04161  1.48944e+03 | 29 -0.03012  1.74951e+03 | 30 -0.06457  1.91069e+03
 31 -0.07553  2.07752e+03 | 32 -0.03728  2.00880e+03 | 33 -0.04274  2.07514e+03
 34 -0.03066  2.32357e+03 | 35 -0.02447  2.58546e+03 | 36 -0.02992  2.83781e+03
 37 -0.02057  2.61448e+03 | 38 -0.00518  2.53752e+03 | 39  0.02306  3.56909e+03
 40  0.03692  1.98914e+03 | 41  0.03053  2.25947e+03 | 42  0.04866  3.69469e+03
 43  0.04697  4.82178e+03 | 44  0.01606 -4.25314e+03 | 45  0.04274  2.70481e+03
 46  0.00802  1.67107e+03 | 47  0.01188  1.13184e+03 | 48 -0.02674  1.18732e+03
 49  0.05275 -3.58935e+03 | 50  0.02496 -4.17474e+02 | 51 -0.02615 -1.57647e+03
 52 -0.01791 -2.60958e+03 | 53 -0.02632 -7.90982e+02 | 54  0.04031 -4.53060e+03
 55 -0.03699 -4.01838e+03 | 56 -0.01504 -1.11569e+03 | 57 -0.07462 -1.96345e+03
 58  0.07328 -5.35944e+03 | 59 -0.03261 -2.18641e+03 | 60  0.02540 -2.81699e+03
 61 -0.03584 -2.84723e+03 | 62  0.02823 -3.50635e+03 | 63  0.05297 -4.05185e+03
 64 -0.05212 -1.61196e+03 | 65 -0.00169 -2.04613e+03 | 66  0.00968 -2.86619e+03
 67  0.02623 -2.81054e+03 | 68 -0.01938 -1.92498e+03 | 69  0.01187 -1.27045e+03
 70  0.00833 -1.17360e+03 | 71  0.12462 -2.95943e+03 | 72 -0.02626 -3.10185e+02
 73  0.02778 -2.52628e+02 | 74  0.02033 -4.63246e+02 | 75 -0.72351 -3.43860e+02
 76 -0.34842  3.04621e+02 | 77 -0.70820  1.52254e+02 | 78 -0.98973  7.58839e+00
 79 -0.56004  2.76036e+02 | 80 -0.68558  1.71808e+02 | 81 -0.95530  1.45270e+01
 82 -0.84240  7.11167e+01 | 83 -0.83514  7.35787e+01 | 84 -0.38206  2.82004e+02
 85 -0.92207  1.60151e+01 | 86 -0.99578  1.39707e+00 | 87 -0.97895  7.50463e+00
 88 -0.86779  2.36647e+01 | 89 -0.92664  6.32524e+00 | 90 -0.96973  7.96476e-01
 91 -0.98541  6.96403e-01 | 92 -0.50985  5.48375e+01 | 93 -0.36625  1.35705e+02
 94 -0.58568  1.91018e+01 | 95 -1.30058  3.59087e+01 | 96 -0.71793 -1.54902e-05
 97 -0.35630 -4.41034e-05 | 98  0.15516  1.67171e-04 |
98 variables; iteration 60; function evaluation 92; phase 3
Function value 1.5721791e+04; maximum gradient component mag 5.8555e+05
Var    Value     Gradient |Var    Value     Gradient |Var    Value     Gradient
  1 -0.01836  5.85546e+05 |  2  0.14109  5.81725e+02 |  3  0.05075  3.19453e+02
  4  0.03692  4.12737e+02 |  5 -0.03445  3.15209e+02 |  6  0.16728  1.90614e+03
  7  0.12903  1.79129e+03 |  8  0.01428  8.68352e+02 |  9  0.01326  9.04878e+02
 10 -0.00506 -5.02670e+03 | 11  0.13681 -2.53969e+03 | 12 -0.03139 -4.64512e+03
 13 -0.00732 -3.98899e+03 | 14 -0.03304 -3.96029e+03 | 15 -0.03575 -3.79265e+03
 16  0.12864  1.05251e+03 | 17  0.01390 -2.19487e+03 | 18 -0.04460 -2.98628e+03
 19 -0.00253 -1.14201e+03 | 20  0.00724 -3.21664e+01 | 21 -0.00048  5.89197e+02
 22 -0.00078  7.10574e+02 | 23 -0.04475 -3.96039e+02 | 24 -0.03449  7.06433e+02
 25 -0.03980  9.96476e+02 | 26 -0.04213  1.56416e+03 | 27 -0.06452  1.35196e+03
 28 -0.03936  3.36082e+03 | 29 -0.03008  5.12073e+03 | 30 -0.07291  2.85381e+03
 31 -0.06828  3.73065e+03 | 32 -0.01642  8.03598e+03 | 33 -0.02758  6.87553e+03
 34 -0.02452  7.51140e+03 | 35 -0.01580  9.33441e+03 | 36 -0.02671  8.64909e+03
 37 -0.02695  7.55110e+03 | 38 -0.01555  8.36557e+03 | 39  0.00089  9.56280e+03
 40  0.00912  7.89477e+03 | 41  0.02380  1.01336e+04 | 42  0.03090  1.16858e+04
 43  0.02695  1.13725e+04 | 44  0.02577  3.09417e+03 | 45  0.03742  9.64816e+03
 46  0.00792  6.96965e+03 | 47  0.00868  4.82432e+03 | 48 -0.01968  2.08361e+03
 49  0.04937  6.81257e+02 | 50  0.01278  9.01081e+02 | 51 -0.03561 -2.25942e+03
 52 -0.00288 -1.79406e+03 | 53 -0.01872 -7.35435e+02 | 54  0.04204 -2.34711e+03
 55 -0.04401 -5.28618e+03 | 56 -0.02261 -2.95711e+03 | 57 -0.07580 -4.66800e+03
 58  0.07110 -5.12378e+03 | 59 -0.01578 -5.54067e+03 | 60  0.04877 -5.20112e+03
 61 -0.01845 -6.49498e+03 | 62  0.03926 -6.26324e+03 | 63  0.06385 -6.21988e+03
 64 -0.08251 -7.12939e+03 | 65  0.00514 -6.33339e+03 | 66  0.00483 -7.21085e+03
 67  0.02892 -7.23347e+03 | 68 -0.03739 -7.29391e+03 | 69  0.03678 -5.64991e+03
 70  0.03101 -6.19830e+03 | 71  0.17066 -6.21350e+03 | 72 -0.03567 -6.36445e+03
 73  0.03921 -5.94771e+03 | 74  0.04218 -5.98483e+03 | 75 -0.79562 -1.18385e+03
 76 -0.32260 -8.43477e+02 | 77 -0.75207 -3.92514e+02 | 78 -0.99650 -4.98110e+00
 79 -0.48642 -2.88476e+02 | 80 -0.65891 -2.14982e+02 | 81 -0.92607 -4.87405e+01
 82 -0.75287 -1.04506e+02 | 83 -0.77936 -9.24659e+01 | 84 -0.34516 -4.06816e+01
 85 -0.72768 -1.33282e+02 | 86 -0.99117 -4.10972e+00 | 87 -0.97106 -1.07445e+01
 88 -0.76132 -5.03312e+01 | 89 -0.65294 -5.12219e+01 | 90 -0.66965 -1.73098e+01
 91 -0.78853 -4.37340e+01 | 92 -0.62486 -5.10921e+01 | 93 -0.26389  2.10647e+02
 94 -0.60598 -1.76732e+01 | 95 -1.37386 -1.84853e+02 | 96 -0.71792 -2.61007e-05
 97 -0.35627 -8.10264e-05 | 98  0.15503  3.40205e-04 |
Maximum number of function evaluations exceeded

 - final statistics:
98 variables; iteration 69; function evaluation 100
Function value 1.5698e+04; maximum gradient component mag 9.3996e+04
Exit code = 3;  converg criter 1.0000e+00
Var    Value     Gradient |Var    Value     Gradient |Var    Value     Gradient
  1 -0.01776  9.39959e+04 |  2  0.10953  1.06389e+02 |  3  0.08444  5.54933e+01
  4  0.01044  5.99872e+01 |  5 -0.03432  7.28327e+01 |  6  0.14957  4.14644e+02
  7  0.11415  4.01917e+02 |  8  0.02196  2.39963e+02 |  9  0.03199  2.33197e+02
 10  0.00116 -4.93074e+02 | 11  0.14479 -1.30187e+02 | 12 -0.03404 -2.71307e+02
 13 -0.00803 -5.78123e+01 | 14 -0.03654  3.87921e+01 | 15 -0.02437  1.68071e+02
 16  0.12772  3.21347e+02 | 17  0.01167  2.60290e+02 | 18 -0.04914  1.55567e+02
 19  0.00145  6.86149e+02 | 20  0.01081  8.78530e+02 | 21  0.00200  1.21561e+03
 22 -0.00543  6.59983e+02 | 23 -0.04993  7.51093e+02 | 24 -0.04182  8.23392e+02
 25 -0.04529  7.74872e+02 | 26 -0.04211  9.55700e+02 | 27 -0.06720  1.19554e+03
 28 -0.03900  1.38116e+03 | 29 -0.02959  1.65852e+03 | 30 -0.06824  1.58260e+03
 31 -0.06745  1.94999e+03 | 32 -0.01340  2.53779e+03 | 33 -0.02528  2.33317e+03
 34 -0.02616  2.32165e+03 | 35 -0.01653  2.87411e+03 | 36 -0.02651  3.03802e+03
 37 -0.02909  2.68005e+03 | 38 -0.01905  2.74508e+03 | 39 -0.00270  3.52723e+03
 40  0.00538  1.86936e+03 | 41  0.02430  3.09223e+03 | 42  0.02981  3.84181e+03
 43  0.02476  4.49315e+03 | 44  0.02730 -3.21328e+03 | 45  0.03813  3.18037e+03
 46  0.00743  1.94824e+03 | 47  0.00701  1.30649e+03 | 48 -0.02071  1.46873e+03
 49  0.05022 -3.10669e+03 | 50  0.01217 -5.43544e+02 | 51 -0.03267 -1.65993e+03
 52 -0.00532 -2.01784e+03 | 53 -0.02339 -4.29507e+02 | 54  0.03918 -3.94645e+03
 55 -0.04662 -4.03822e+03 | 56 -0.01917 -1.16254e+03 | 57 -0.07096 -1.84520e+03
 58  0.07333 -4.71056e+03 | 59 -0.01975 -2.17364e+03 | 60  0.05204 -2.27304e+03
 61 -0.02112 -2.85626e+03 | 62  0.04361 -2.86941e+03 | 63  0.06419 -3.23650e+03
 64 -0.07211 -2.33228e+03 | 65  0.00470 -2.08701e+03 | 66  0.00432 -2.75955e+03
 67  0.02746 -2.78434e+03 | 68 -0.04150 -2.55043e+03 | 69  0.03852 -6.34012e+02
 70  0.03296 -9.12421e+02 | 71  0.17667 -1.36531e+03 | 72 -0.03272 -1.05920e+03
 73  0.03996 -6.43324e+02 | 74  0.04918 -5.15436e+02 | 75 -0.78597 -6.33127e+02
 76 -0.33561  1.23871e+02 | 77 -0.84655  1.42491e+00 | 78 -1.01546 -6.31283e+00
 79 -0.44937  2.88108e+02 | 80 -0.57446  1.79592e+02 | 81 -0.96059  6.44284e+00
 82 -0.76000  1.12498e+02 | 83 -0.71061  1.38937e+02 | 84 -0.29023  2.78078e+02
 85 -0.68352  3.80686e+01 | 86 -0.98855  1.22896e+00 | 87 -0.96360  6.00804e+00
 88 -0.79055  2.10947e+01 | 89 -0.67625  2.03275e+01 | 90 -0.74326  1.85266e+01
 91 -0.72531  8.41725e+00 | 92 -0.67280 -3.92397e+01 | 93 -0.27796  1.78850e+02
 94 -0.66971 -7.41880e+01 | 95 -1.37747 -1.78345e+02 | 96 -0.71792 -2.60639e-05
 97 -0.35627 -8.23997e-05 | 98  0.15502  3.58314e-04 |

Initial statistics: 116 variables; iteration 0; function evaluation 0; phase 4
Function value 1.5697909e+04; maximum gradient component mag 1.9388e+05
Var    Value     Gradient |Var    Value     Gradient |Var    Value     Gradient
  1 -0.01776  9.39959e+04 |  2  0.10953  1.06389e+02 |  3  0.08444  5.54933e+01
  4  0.01044  5.99872e+01 |  5 -0.03432  7.28327e+01 |  6  0.14957  4.14644e+02
  7  0.11415  4.01917e+02 |  8  0.02196  2.39963e+02 |  9  0.03199  2.33197e+02
 10  0.00123 -4.91740e+02 | 11  0.14486 -1.28884e+02 | 12 -0.03397 -2.69976e+02
 13 -0.00796 -5.64787e+01 | 14 -0.03647  4.01239e+01 | 15 -0.02430  1.69405e+02
 16  0.12779  3.22647e+02 | 17  0.01174  2.61623e+02 | 18 -0.04907  1.56898e+02
 19  0.00152  6.87483e+02 | 20  0.01088  8.79862e+02 | 21  0.00207  1.21694e+03
 22 -0.00535  6.61317e+02 | 23 -0.04986  7.52429e+02 | 24 -0.04175  8.24729e+02
 25 -0.04522  7.76209e+02 | 26 -0.04204  9.57038e+02 | 27 -0.06713  1.19688e+03
 28 -0.03893  1.38250e+03 | 29 -0.02952  1.65986e+03 | 30 -0.06817  1.58395e+03
 31 -0.06738  1.95134e+03 | 32 -0.01333  2.53912e+03 | 33 -0.02521  2.33451e+03
 34 -0.02609  2.32299e+03 | 35 -0.01646  2.87546e+03 | 36 -0.02644  3.03937e+03
 37 -0.02902  2.68140e+03 | 38 -0.01898  2.74642e+03 | 39 -0.00263  3.52856e+03
 40  0.00545  1.87069e+03 | 41  0.02437  3.09355e+03 | 42  0.02988  3.84313e+03
 43  0.02483  4.49446e+03 | 44  0.02737 -3.21194e+03 | 45  0.03820  3.18168e+03
 46  0.00750  1.94957e+03 | 47  0.00708  1.30782e+03 | 48 -0.02064  1.47007e+03
 49  0.05030 -3.10533e+03 | 50  0.01224 -5.42209e+02 | 51 -0.03260 -1.65861e+03
 52 -0.00525 -2.01651e+03 | 53 -0.02332 -4.28176e+02 | 54  0.03925 -3.94509e+03
 55 -0.04655 -4.03692e+03 | 56 -0.01910 -1.16121e+03 | 57 -0.07089 -1.84390e+03
 58  0.07340 -4.70918e+03 | 59 -0.01968 -2.17231e+03 | 60  0.05211 -2.27169e+03
 61 -0.02105 -2.85494e+03 | 62  0.04368 -2.86806e+03 | 63  0.06426 -3.23514e+03
 64 -0.07204 -2.33099e+03 | 65  0.00477 -2.08568e+03 | 66  0.00440 -2.75821e+03
 67  0.02753 -2.78299e+03 | 68 -0.04143 -2.54911e+03 | 69  0.03859 -6.32676e+02
 70  0.03303 -9.11084e+02 | 71  0.17674 -1.36398e+03 | 72 -0.03265 -1.05787e+03
 73  0.04003 -6.41988e+02 | 74  0.04925 -5.14102e+02 | 75 -0.78597 -6.33127e+02
 76 -0.33561  1.23871e+02 | 77 -0.84655  1.42491e+00 | 78 -0.98454  6.31283e+00
 79 -0.44937  2.88108e+02 | 80 -0.57446  1.79592e+02 | 81 -0.96059  6.44284e+00
 82 -0.76000  1.12498e+02 | 83 -0.71061  1.38937e+02 | 84 -0.29023  2.78078e+02
 85 -0.68352  3.80686e+01 | 86 -0.98855  1.22896e+00 | 87 -0.96360  6.00804e+00
 88 -0.79055  2.10947e+01 | 89 -0.67625  2.03275e+01 | 90 -0.74326  1.85266e+01
 91 -0.72531  8.41725e+00 | 92 -0.67280 -3.92397e+01 | 93 -0.27796  1.78850e+02
 94 -0.66971 -7.41880e+01 | 95 -0.62253  1.78345e+02 | 96 -0.71792 -2.60639e-05
 97 -0.35627 -8.23997e-05 | 98  0.15502  3.58314e-04 | 99  0.24186 -1.96055e+04
100  0.18288 -3.72422e+04 |101  0.16086 -2.20003e+04 |102  0.02547 -8.38271e+04
103 -0.18256 -1.57827e+04 |104 -0.12819 -6.02121e+03 |105 -0.18256 -4.33036e+03
106  0.02547  1.93876e+05 |107  0.19397  9.00774e+04 |108  0.04247  1.05718e+05
109  0.17736  4.27976e+04 |110  0.16635  2.06870e+04 |111  0.02547 -2.10850e+04
112 -0.12819 -7.24896e+03 |113 -0.26198 -3.15235e+03 |114 -0.15617 -2.04424e+03
115 -0.17499 -2.69703e+03 |116 -0.18446 -3.43794e+03 |

Intermediate statistics: 116 variables; iteration 20; function evaluation 29; phase 4
Function value 9.7331259e+03; maximum gradient component mag 1.3679e+05
Var    Value     Gradient |Var    Value     Gradient |Var    Value     Gradient
  1 -0.01583  9.77412e+04 |  2  0.10636 -1.05391e+01 |  3  0.10483 -6.19007e+01
  4  0.01647 -2.25828e+01 |  5 -0.03586 -8.36927e+00 |  6  0.13258 -3.49093e+01
  7  0.08387  1.46675e+01 |  8  0.00870  3.30613e+01 |  9  0.04942  3.91729e+01
 10  0.08430 -5.37054e+02 | 11  0.24813 -2.05650e+02 | 12 -0.00754 -5.43163e+02
 13  0.00720 -5.21534e+02 | 14 -0.05690 -5.02972e+02 | 15 -0.05283 -4.79785e+02
 16  0.26961  1.33938e+02 | 17  0.05525 -4.17594e+02 | 18 -0.02312 -4.86396e+02
 19  0.02988 -3.90803e+02 | 20  0.06920 -2.75016e+02 | 21  0.00477 -3.18059e+02
 22  0.11068  2.03412e+01 | 23 -0.00868 -2.84241e+02 | 24  0.04265 -8.85954e+01
 25  0.06101  8.68035e+01 | 26  0.06453  2.29653e+02 | 27 -0.02846 -4.36318e+01
 28  0.05389  4.63809e+02 | 29  0.06586  7.82826e+02 | 30 -0.02895  3.02673e+02
 31 -0.07578  2.37539e+02 | 32  0.04600  1.31899e+03 | 33  0.01621  1.16085e+03
 34  0.01470  1.38648e+03 | 35  0.01102  1.76507e+03 | 36 -0.02943  1.49536e+03
 37 -0.03660  1.64390e+03 | 38 -0.00778  2.38999e+03 | 39 -0.04396  2.21029e+03
 40  0.04936  4.25588e+03 | 41 -0.01700  3.03362e+03 | 42 -0.00798  2.61225e+03
 43 -0.12814  3.69782e+02 | 44  0.12133  9.76443e+03 | 45 -0.12274  1.58697e+02
 46 -0.11368  2.37202e+02 | 47 -0.06475  8.21149e+02 | 48 -0.12841  1.71439e+02
 49  0.11180  5.67059e+03 | 50 -0.01502  4.33779e+02 | 51 -0.00341  9.25385e+02
 52  0.00099  1.00135e+03 | 53 -0.12715 -2.06424e+03 | 54  0.05341  9.51179e+02
 55  0.00129  8.78118e+02 | 56 -0.12893 -2.71049e+03 | 57 -0.10156 -1.69195e+03
 58  0.05191 -1.39643e+03 | 59 -0.07931 -1.92526e+03 | 60 -0.02044 -2.85809e+03
 61 -0.03367 -1.90748e+03 | 62  0.03799 -1.94307e+03 | 63  0.05699 -2.88799e+03
 64 -0.05648 -1.43857e+03 | 65 -0.03597 -2.70946e+03 | 66  0.00981 -2.31057e+03
 67 -0.02349 -3.48451e+03 | 68 -0.05787 -2.28680e+03 | 69 -0.01422 -1.99033e+03
 70 -0.00064 -1.59031e+03 | 71  0.13299 -2.16443e+03 | 72 -0.06838 -1.20467e+03
 73 -0.04719 -1.66351e+03 | 74 -0.07070 -1.58283e+03 | 75 -0.62988 -5.57595e+01
 76 -0.38138 -1.41034e+02 | 77 -0.85533 -9.86626e+01 | 78 -0.98416 -8.51174e+00
 79 -0.47459  1.94361e+00 | 80 -0.59187 -4.53156e+00 | 81 -0.96374 -9.67384e+00
 82 -0.73930  2.09368e+01 | 83 -0.69982  2.44067e+01 | 84 -0.32735  5.40516e+01
 85 -0.69936  1.02911e+00 | 86 -0.98897  3.65859e-01 | 87 -0.95951  2.05899e+00
 88 -0.79296 -3.16447e+00 | 89 -0.69222  1.60760e+01 | 90 -0.73573  1.57491e+01
 91 -0.70016  1.22569e+01 | 92 -0.66782 -1.64393e+01 | 93 -0.40280  4.30767e+01
 94 -0.68666 -5.60564e+01 | 95 -0.72076 -6.60616e+01 | 96 -0.71792 -3.12850e-06
 97 -0.35627 -1.50654e-06 | 98  0.15502  9.39462e-06 | 99  0.37988 -8.43272e+02
100  0.21015 -1.23301e+04 |101  0.14074 -1.07409e+04 |102  0.03354 -5.86735e+04
103 -0.15816 -8.88837e+03 |104 -0.20419 -4.92054e+03 |105 -0.15243 -2.10037e+03
106  0.00929  1.36794e+05 |107  0.18689  7.09260e+04 |108  0.02946  8.59086e+04
109  0.18157  4.00111e+04 |110  0.14366  2.07466e+04 |111  0.02697 -9.37411e+03
112 -0.03057 -7.10172e+02 |113 -0.28587  2.59194e+03 |114 -0.26606  1.65775e+03
115 -0.24662  2.23614e+03 |116  0.03375  2.47742e+03 |
116 variables; iteration 40; function evaluation 50; phase 4
Function value 9.3974962e+03; maximum gradient component mag 1.3274e+05
Var    Value     Gradient |Var    Value     Gradient |Var    Value     Gradient
  1 -0.01629  8.37884e+04 |  2  0.17949  7.30694e+01 |  3  0.30492  2.24668e+02
  4  0.08759  7.18164e+01 |  5  0.00246  3.45577e+01 |  6  0.22104  2.21191e+02
  7  0.15853  1.87181e+02 |  8  0.06214  7.83483e+01 |  9  0.07390 -4.69598e+01
 10 -0.05163 -7.29168e+02 | 11  0.24362 -2.99041e+02 | 12 -0.00792 -4.19217e+02
 13  0.00212 -4.21115e+02 | 14 -0.00823 -2.53971e+02 | 15  0.00188 -2.01070e+02
 16  0.26209  8.86956e+01 | 17  0.02274 -4.02825e+02 | 18 -0.04104 -4.03897e+02
 19  0.01264 -3.59351e+02 | 20  0.05719 -2.48216e+02 | 21  0.02400 -8.29857e+01
 22  0.10496  4.37897e+01 | 23 -0.02607 -2.55389e+02 | 24  0.04858  6.05767e+01
 25  0.06473  1.99343e+02 | 26  0.06280  2.65619e+02 | 27  0.00111  2.74822e+02
 28  0.05943  5.76000e+02 | 29  0.07323  9.08123e+02 | 30 -0.02181  4.39001e+02
 31 -0.05595  4.86037e+02 | 32  0.04968  1.37375e+03 | 33  0.01971  1.23621e+03
 34  0.01869  1.47256e+03 | 35  0.01124  1.76433e+03 | 36 -0.03140  1.48016e+03
 37 -0.04036  1.59079e+03 | 38 -0.01552  2.16360e+03 | 39 -0.05550  1.99495e+03
 40  0.04514  3.94012e+03 | 41 -0.03860  2.32002e+03 | 42 -0.00672  2.71436e+03
 43 -0.12761  4.96989e+02 | 44  0.11541  8.64642e+03 | 45 -0.12963  9.32921e+01
 46 -0.11944  1.88692e+02 | 47 -0.06992  4.92833e+02 | 48 -0.13547  6.55411e+01
 49  0.12437  5.74309e+03 | 50 -0.00597  2.83265e+02 | 51  0.01318  8.80669e+02
 52 -0.01251  4.39509e+02 | 53 -0.13456 -2.10741e+03 | 54  0.05441  3.70185e+02
 55  0.01218  8.28538e+02 | 56 -0.12467 -2.58957e+03 | 57 -0.10436 -1.86672e+03
 58  0.05476 -1.79301e+03 | 59 -0.07384 -1.84842e+03 | 60 -0.01671 -2.78387e+03
 61 -0.03718 -2.07670e+03 | 62  0.02668 -2.70484e+03 | 63  0.05948 -2.91996e+03
 64 -0.05479 -1.37550e+03 | 65 -0.03389 -2.68379e+03 | 66  0.01800 -1.69032e+03
 67 -0.01485 -3.13828e+03 | 68 -0.05288 -2.15735e+03 | 69 -0.01567 -1.82537e+03
 70 -0.00713 -1.55936e+03 | 71  0.13485 -1.86424e+03 | 72 -0.05022 -7.08319e+02
 73 -0.02735 -1.28187e+03 | 74 -0.04685 -1.09330e+03 | 75 -0.65086 -1.96406e+02
 76 -0.93185 -3.60989e+01 | 77 -1.00928  9.80836e+00 | 78 -0.94402 -3.50779e+01
 79 -0.57214  1.37926e+02 | 80 -0.63338  7.99815e+01 | 81 -1.00677  1.45619e+00
 82 -0.71820  3.34040e+02 | 83 -0.64977  2.52947e+02 | 84 -0.57474  1.04303e+02
 85 -0.83661  2.34213e+01 | 86 -0.99292  1.83898e+00 | 87 -0.90420  2.84205e+01
 88 -0.80026  3.10034e+01 | 89 -0.86645  9.81361e+00 | 90 -0.72671  1.03582e+02
 91 -0.55068  2.17554e+02 | 92 -0.66060  3.05605e+01 | 93 -1.54256 -1.75777e+02
 94 -0.82780 -8.36218e+01 | 95 -1.38712 -2.81345e+02 | 96 -0.71792 -2.25936e-05
 97 -0.35627 -5.73716e-05 | 98  0.15503  9.84570e-04 | 99  0.38496 -6.13003e+02
100  0.20529 -1.07384e+04 |101  0.14665 -7.48561e+03 |102  0.03507 -5.70800e+04
103 -0.16220 -9.10596e+03 |104 -0.19399 -4.77831e+03 |105 -0.15970 -2.30573e+03
106  0.00999  1.32741e+05 |107  0.18871  6.69577e+04 |108  0.02383  7.79381e+04
109  0.18526  3.68326e+04 |110  0.14026  1.85105e+04 |111  0.03158 -1.11652e+04
112 -0.05492 -2.64966e+03 |113 -0.29613 -1.28646e+03 |114 -0.22714 -2.17401e+03
115 -0.40135 -1.77241e+03 |116  0.08235 -2.13213e+03 |
116 variables; iteration 60; function evaluation 70; phase 4
Function value 8.6721893e+03; maximum gradient component mag 1.1321e+05
Var    Value     Gradient |Var    Value     Gradient |Var    Value     Gradient
  1 -0.01735  8.41675e+03 |  2  0.10462  1.06998e+01 |  3  0.31039  7.42147e+01
  4 -0.06480 -1.41876e+01 |  5  0.04153  1.98704e+01 |  6  0.20445  4.37909e+01
  7  0.14008  8.34056e+01 |  8  0.07839  1.40707e+02 |  9  0.14850  2.33367e+02
 10 -0.11711  3.61524e+01 | 11  0.20239 -1.46759e+02 | 12  0.00449  3.51553e+02
 13  0.01701  3.88274e+02 | 14 -0.00713  5.02538e+02 | 15 -0.00760  4.89957e+02
 16  0.29632  6.44069e+02 | 17  0.08820  4.58951e+02 | 18 -0.02770  3.30942e+02
 19  0.08355  5.79200e+02 | 20  0.06154  2.83672e+02 | 21  0.01993  4.37952e+02
 22  0.13986  6.05060e+02 | 23  0.03039  5.46829e+02 | 24  0.10904  8.86323e+02
 25  0.13762  1.11856e+03 | 26  0.07342  5.54841e+02 | 27 -0.07008  3.64643e+02
 28  0.09449  1.01692e+03 | 29  0.09545  1.03385e+03 | 30 -0.08119  4.12789e+02
 31 -0.06727  7.77498e+02 | 32  0.06502  1.25501e+03 | 33  0.00847  9.17863e+02
 34  0.03102  1.30241e+03 | 35  0.00463  1.21535e+03 | 36 -0.05527  1.00837e+03
 37 -0.05206  1.17155e+03 | 38 -0.00295  1.69797e+03 | 39 -0.05101  1.71494e+03
 40  0.05403  2.33190e+03 | 41 -0.04950  1.35977e+03 | 42  0.00943  2.11429e+03
 43 -0.17547 -1.03441e+02 | 44  0.11985  3.79269e+03 | 45 -0.16833 -4.89648e+02
 46 -0.12430 -2.21561e+02 | 47 -0.06038  3.13427e+02 | 48 -0.13142  3.98370e+01
 49  0.11849  2.63146e+03 | 50  0.03050  1.24454e+03 | 51 -0.01320 -9.25519e+01
 52 -0.01773 -6.51668e+02 | 53 -0.10422 -1.29832e+03 | 54  0.06398  8.32482e+01
 55  0.00847  1.47993e+02 | 56 -0.11666 -1.98140e+03 | 57 -0.10563 -1.33436e+03
 58  0.05642 -2.22414e+03 | 59 -0.08529 -1.57332e+03 | 60 -0.02025 -2.21734e+03
 61 -0.04510 -1.97479e+03 | 62  0.01719 -3.09555e+03 | 63  0.05940 -2.49646e+03
 64 -0.06522 -8.26082e+02 | 65 -0.06543 -3.16574e+03 | 66 -0.00036 -2.57860e+03
 67 -0.02612 -2.52170e+03 | 68 -0.05605 -1.34841e+03 | 69 -0.03592 -2.09198e+03
 70 -0.00703 -9.53914e+02 | 71  0.12318 -1.42264e+03 | 72 -0.05564 -1.40345e+00
 73 -0.05909 -7.88065e+02 | 74 -0.07714 -5.33747e+02 | 75 -0.57083 -2.35938e+01
 76 -1.41017 -5.01407e+01 | 77 -1.04273  2.04709e+01 | 78 -1.20120 -8.29468e+00
 79 -0.57549  2.76864e+02 | 80 -0.96946  5.50542e+00 | 81 -1.03920 -4.39387e+00
 82 -0.98823 -7.84862e-01 | 83 -0.78637  1.18844e+02 | 84 -1.33006 -1.33966e+02
 85 -1.13116 -5.19797e+01 | 86 -1.00260 -1.18366e+00 | 87 -0.99693  1.45955e+00
 88 -1.15650 -8.42944e+01 | 89 -1.17579 -8.10918e+01 | 90 -0.97601  4.89653e+00
 91 -0.96173  6.09914e+00 | 92 -1.34048 -7.12046e+01 | 93 -1.46538 -1.08357e+02
 94 -1.41993 -1.93505e+02 | 95 -1.14443  7.95535e+01 | 96 -0.71794 -4.62057e-06
 97 -0.35632 -7.09752e-06 | 98  0.15525  8.10945e-05 | 99  0.38586 -3.32946e+02
100  0.21198 -9.39673e+03 |101  0.13660 -9.26968e+03 |102  0.03727 -5.13711e+04
103 -0.16221 -7.81004e+03 |104 -0.20432 -3.84946e+03 |105 -0.14377 -1.04797e+03
106  0.00586  1.13206e+05 |107  0.18673  5.98304e+04 |108  0.02330  7.15192e+04
109  0.18389  3.36257e+04 |110  0.13296  1.69554e+04 |111  0.04161 -8.04978e+03
112 -0.06167 -1.84929e+03 |113 -0.32298 -4.24770e+02 |114 -0.11591  4.08282e+01
115 -0.29726  6.63345e+02 |116 -0.17935  4.98333e+02 |
116 variables; iteration 80; function evaluation 93; phase 4
Function value 5.3854382e+03; maximum gradient component mag 3.2436e+04
Var    Value     Gradient |Var    Value     Gradient |Var    Value     Gradient
  1 -0.01800 -2.00073e+04 |  2  0.30230  1.51485e+02 |  3 -0.47032 -6.85952e+01
  4 -0.06386 -4.17914e+01 |  5  0.04559  5.71729e+01 |  6  0.13909  1.19837e+02
  7  0.09440  8.43059e+01 |  8  0.00466 -4.82818e+01 |  9 -0.10490 -2.02818e+02
 10  0.13219  7.42867e+02 | 11  0.13923  7.31849e+01 | 12  0.06097  7.98706e+02
 13  0.02120  7.26466e+02 | 14 -0.09981  5.56665e+02 | 15 -0.08063  6.07137e+02
 16  0.22686  4.72413e+02 | 17  0.01380  5.28827e+02 | 18 -0.03617  5.89185e+02
 19  0.03059  6.93166e+02 | 20  0.09254  9.14053e+02 | 21  0.05278  9.44804e+02
 22  0.08540  5.44174e+02 | 23 -0.00180  6.91085e+02 | 24  0.04775  7.38773e+02
 25  0.08445  8.65603e+02 | 26  0.01756  3.94972e+02 | 27 -0.08039  5.19786e+02
 28  0.07362  8.54529e+02 | 29  0.10265  1.06601e+03 | 30  0.00690  9.55022e+02
 31 -0.06286  8.43599e+02 | 32  0.00529  3.60459e+02 | 33  0.01132  6.83292e+02
 34  0.04496  9.86979e+02 | 35  0.02810  9.62553e+02 | 36 -0.02041  9.48330e+02
 37 -0.02431  9.48853e+02 | 38 -0.00335  8.30242e+02 | 39 -0.07725  8.43786e+02
 40  0.06366  5.16671e+02 | 41 -0.01896  8.41008e+02 | 42  0.01140  6.63030e+02
 43 -0.10169  6.44044e+02 | 44  0.13169  4.53269e+02 | 45 -0.10083  3.41628e+00
 46 -0.11507 -3.84505e+02 | 47 -0.06992 -3.05801e+02 | 48 -0.12753  7.35003e+01
 49  0.09839 -8.40360e+01 | 50 -0.00831 -1.73848e+02 | 51 -0.01712 -1.67735e+02
 52 -0.01203 -4.34881e+02 | 53 -0.05997 -2.31156e+01 | 54  0.06080 -1.32475e+03
 55  0.00206 -6.44069e+02 | 56 -0.06643 -3.49750e+02 | 57 -0.08897 -5.83055e+02
 58  0.06164 -2.86613e+03 | 59 -0.07603 -8.59368e+02 | 60  0.00260 -9.49610e+02
 61 -0.02217 -7.35111e+02 | 62  0.03308 -2.09301e+03 | 63  0.07224 -2.03252e+03
 64 -0.08496 -6.44188e+02 | 65 -0.03938 -1.55957e+03 | 66 -0.00807 -2.39459e+03
 67 -0.02878 -2.04641e+03 | 68 -0.06280 -5.97223e+02 | 69 -0.01568 -5.72439e+02
 70 -0.02114 -4.18481e+02 | 71  0.13410 -1.26231e+03 | 72 -0.11540 -4.48043e+02
 73 -0.02037  7.05171e+02 | 74 -0.06664  3.83050e+02 | 75 -0.63142 -1.22560e+02
 76 -0.88152 -5.11792e+00 | 77 -1.23350 -2.76140e+02 | 78 -1.14942 -7.90763e+01
 79 -0.67878  3.05257e+02 | 80 -0.67678  3.91835e+02 | 81 -1.05915 -3.49410e+01
 82 -0.88048  7.55187e+01 | 83 -0.79761  2.04496e+02 | 84 -0.84320  7.91186e+01
 85 -1.12855 -9.21328e+01 | 86 -1.00168 -1.68088e+00 | 87 -0.83591  1.31045e+02
 88 -0.93172  4.77376e+01 | 89 -1.21086 -2.87421e+02 | 90 -0.97106  1.57635e+01
 91 -0.67860  3.62471e+02 | 92 -1.17799 -2.13945e+01 | 93 -1.30900 -1.15729e+02
 94 -1.21334 -9.02556e+01 | 95 -1.12946  9.46285e+01 | 96 -0.71802 -1.08779e-03
 97 -0.35658 -5.84372e-03 | 98  0.15608  5.13595e-02 | 99  0.34786 -8.19704e+02
100  0.21896 -3.98707e+03 |101  0.15620 -4.72284e+03 |102  0.06072 -1.73351e+04
103 -0.15929 -1.43629e+03 |104 -0.18263 -7.93651e+01 |105 -0.17641 -4.54723e+02
106 -0.00599  1.65388e+04 |107  0.17404  1.90731e+04 |108  0.00718  3.24362e+04
109  0.18985  1.88480e+04 |110  0.14411  1.06496e+04 |111  0.08546 -1.65452e+03
112 -0.04015 -7.24951e+02 |113 -0.34661  1.52531e+03 |114 -0.20794  1.25313e+03
115 -0.17243  1.17977e+03 |116 -0.16328  8.73645e+02 |
Maximum number of function evaluations exceeded

 - final statistics:
116 variables; iteration 87; function evaluation 100
Function value 5.3595e+03; maximum gradient component mag 3.2132e+04
Exit code = 3;  converg criter 1.0000e+00
Var    Value     Gradient |Var    Value     Gradient |Var    Value     Gradient
  1 -0.01799 -1.28367e+04 |  2  0.29015  1.65566e+02 |  3 -0.59908 -6.46064e+01
  4  0.15461  1.32211e+02 |  5 -0.02343  4.12137e+01 |  6  0.15291  1.39654e+02
  7  0.09012  5.84540e+01 |  8  0.00321 -6.79588e+01 |  9 -0.11166 -2.12177e+02
 10  0.12457  6.02623e+02 | 11  0.13274 -6.04422e+01 | 12  0.05067  6.73963e+02
 13  0.02824  6.70360e+02 | 14 -0.09964  4.71475e+02 | 15 -0.08636  5.08024e+02
 16  0.22424  3.63778e+02 | 17  0.01091  4.33697e+02 | 18 -0.02786  5.26715e+02
 19  0.03309  6.20832e+02 | 20  0.08529  7.75703e+02 | 21  0.06205  9.18592e+02
 22  0.08210  4.43335e+02 | 23 -0.00222  6.00512e+02 | 24  0.04001  6.06018e+02
 25  0.09115  8.51298e+02 | 26  0.02997  3.87551e+02 | 27 -0.07493  4.54084e+02
 28  0.07715  8.20941e+02 | 29  0.10228  1.01741e+03 | 30  0.00728  8.92543e+02
 31 -0.07500  7.22407e+02 | 32  0.01135  3.51564e+02 | 33  0.00839  6.20878e+02
 34  0.04084  9.28474e+02 | 35  0.02789  9.44913e+02 | 36 -0.02889  8.54925e+02
 37 -0.02054  9.54922e+02 | 38 -0.00395  8.24944e+02 | 39 -0.06975  8.57870e+02
 40  0.06456  6.16412e+02 | 41 -0.02288  8.09202e+02 | 42  0.01221  7.25498e+02
 43 -0.10993  5.03073e+02 | 44  0.13174  8.09487e+02 | 45 -0.10210 -1.51685e+01
 46 -0.11247 -3.52457e+02 | 47 -0.07058 -2.84561e+02 | 48 -0.13085  1.37445e+01
 49  0.09715  9.92639e+01 | 50 -0.00947 -1.35208e+02 | 51 -0.01857 -1.57927e+02
 52 -0.01308 -3.94097e+02 | 53 -0.05945  1.98051e+01 | 54  0.06078 -1.17869e+03
 55  0.00081 -6.11201e+02 | 56 -0.06629 -3.22288e+02 | 57 -0.09471 -6.63857e+02
 58  0.06153 -2.59350e+03 | 59 -0.07719 -8.57031e+02 | 60  0.00268 -8.62974e+02
 61 -0.02251 -6.70678e+02 | 62  0.03214 -1.97961e+03 | 63  0.07269 -1.84150e+03
 64 -0.08490 -6.54409e+02 | 65 -0.03921 -1.50933e+03 | 66 -0.00808 -2.30861e+03
 67 -0.02883 -1.99151e+03 | 68 -0.06254 -5.89917e+02 | 69 -0.01592 -6.12758e+02
 70 -0.01994 -4.14990e+02 | 71  0.13587 -1.19548e+03 | 72 -0.11273 -5.03965e+02
 73 -0.01978  6.44321e+02 | 74 -0.06505  3.19706e+02 | 75 -0.62175 -1.36960e+02
 76 -0.91370 -1.51356e+01 | 77 -1.22689 -2.24460e+02 | 78 -1.18998 -8.91434e+01
 79 -0.69371  2.42161e+02 | 80 -0.70148  2.99313e+02 | 81 -1.04378 -1.67678e+01
 82 -0.87845  6.30069e+01 | 83 -0.78398  2.28539e+02 | 84 -0.85221  5.96552e+01
 85 -1.09430 -4.31200e+01 | 86 -0.99820  1.50118e+00 | 87 -0.84637  1.02159e+02
 88 -0.92022  4.86281e+01 | 89 -1.20029 -2.44600e+02 | 90 -0.94507  2.58367e+01
 91 -0.66737  3.86054e+02 | 92 -1.18291 -2.21279e+01 | 93 -1.30681 -1.12450e+02
 94 -1.21332 -9.39014e+01 | 95 -1.12979  9.61076e+01 | 96 -0.71801 -1.37438e-03
 97 -0.35653 -6.49180e-03 | 98  0.15554  5.56120e-02 | 99  0.34739 -8.61161e+02
100  0.21910 -4.00560e+03 |101  0.15588 -4.63496e+03 |102  0.06108 -1.70293e+04
103 -0.15965 -1.39964e+03 |104 -0.18167 -1.22971e+01 |105 -0.17766 -4.70168e+02
106 -0.00607  1.60070e+04 |107  0.17416  1.88400e+04 |108  0.00698  3.21324e+04
109  0.18956  1.86547e+04 |110  0.14382  1.05439e+04 |111  0.08631 -1.62515e+03
112 -0.04254 -7.11283e+02 |113 -0.34711  1.32393e+03 |114 -0.20452  1.22724e+03
115 -0.16763  1.16049e+03 |116 -0.17059  8.35560e+02 |

Initial statistics: 322 variables; iteration 0; function evaluation 0; phase 5
Function value 5.3585806e+03; maximum gradient component mag -3.5723e+04
Var    Value     Gradient |Var    Value     Gradient |Var    Value     Gradient
  1 -0.01799 -1.28367e+04 |  2  0.29015  1.65566e+02 |  3 -0.59908 -6.46064e+01
  4  0.15461  1.32211e+02 |  5 -0.02343  4.12137e+01 |  6  0.15291  1.39654e+02
  7  0.09012  5.84540e+01 |  8  0.00321 -6.79588e+01 |  9 -0.11166 -2.12177e+02
 10  0.12330  5.79654e+02 | 11  0.13146 -8.36136e+01 | 12  0.04942  6.50490e+02
 13  0.02699  6.46789e+02 | 14 -0.10090  4.47974e+02 | 15 -0.08762  4.84462e+02
 16  0.22292  3.41843e+02 | 17  0.00966  4.10065e+02 | 18 -0.02911  5.03045e+02
 19  0.03185  5.97275e+02 | 20  0.08404  7.52466e+02 | 21  0.06079  8.95226e+02
 22  0.08084  4.19989e+02 | 23 -0.00346  5.76859e+02 | 24  0.03876  5.82487e+02
 25  0.08990  8.28125e+02 | 26  0.02872  3.63962e+02 | 27 -0.07618  4.30498e+02
 28  0.07590  7.97655e+02 | 29  0.10102  9.94385e+02 | 30  0.00604  8.68914e+02
 31 -0.07625  6.98758e+02 | 32  0.01010  3.27931e+02 | 33  0.00714  5.97246e+02
 34  0.03959  9.04986e+02 | 35  0.02664  9.21364e+02 | 36 -0.03014  8.31225e+02
 37 -0.02178  9.31225e+02 | 38 -0.00520  8.01285e+02 | 39 -0.07100  8.34181e+02
 40  0.06330  5.93002e+02 | 41 -0.02412  7.85512e+02 | 42  0.01096  7.01879e+02
 43 -0.11119  4.79609e+02 | 44  0.13046  7.86671e+02 | 45 -0.10336 -3.85010e+01
 46 -0.11374 -3.75603e+02 | 47 -0.07183 -3.07996e+02 | 48 -0.13212 -9.40227e+00
 49  0.09588  7.59133e+01 | 50 -0.01071 -1.58849e+02 | 51 -0.01982 -1.81554e+02
 52 -0.01432 -4.17723e+02 | 53 -0.06070 -3.73963e+00 | 54  0.05953 -1.20245e+03
 55 -0.00043 -6.34849e+02 | 56 -0.06754 -3.45736e+02 | 57 -0.09597 -6.87039e+02
 58  0.06027 -2.61754e+03 | 59 -0.07845 -8.80292e+02 | 60  0.00143 -8.86627e+02
 61 -0.02376 -6.94262e+02 | 62  0.03089 -2.00342e+03 | 63  0.07144 -1.86541e+03
 64 -0.08615 -6.77666e+02 | 65 -0.04046 -1.53274e+03 | 66 -0.00933 -2.33220e+03
 67 -0.03008 -2.01495e+03 | 68 -0.06379 -6.13331e+02 | 69 -0.01716 -6.36367e+02
 70 -0.02119 -4.38599e+02 | 71  0.13460 -1.21912e+03 | 72 -0.11400 -5.27055e+02
 73 -0.02103  6.20645e+02 | 74 -0.06630  2.96121e+02 | 75 -0.62175 -1.36960e+02
 76 -0.91370 -1.51356e+01 | 77 -0.77311  2.24460e+02 | 78 -0.81002  8.91434e+01
 79 -0.69371  2.42161e+02 | 80 -0.70148  2.99313e+02 | 81 -0.95622  1.67678e+01
 82 -0.87845  6.30069e+01 | 83 -0.78398  2.28539e+02 | 84 -0.85221  5.96552e+01
 85 -0.90570  4.31200e+01 | 86 -0.99820  1.50118e+00 | 87 -0.84637  1.02159e+02
 88 -0.92022  4.86281e+01 | 89 -0.79971  2.44600e+02 | 90 -0.94507  2.58367e+01
 91 -0.66737  3.86054e+02 | 92 -0.81709  2.21279e+01 | 93 -0.69319  1.12450e+02
 94 -0.78668  9.39014e+01 | 95 -0.87021 -9.61076e+01 | 96 -0.71801 -1.37438e-03
 97 -0.35653 -6.49180e-03 | 98  0.15554  5.56120e-02 | 99  0.34739 -8.61161e+02
100  0.21910 -4.00560e+03 |101  0.15588 -4.63496e+03 |102  0.06108 -1.70293e+04
103 -0.15965 -1.39964e+03 |104 -0.18167 -1.22971e+01 |105 -0.17766 -4.70168e+02
106 -0.00607  1.60070e+04 |107  0.17416  1.88400e+04 |108  0.00698  3.21324e+04
109  0.18956  1.86547e+04 |110  0.14382  1.05439e+04 |111  0.08631 -1.62515e+03
112 -0.04254 -7.11283e+02 |113 -0.34711  1.32393e+03 |114 -0.20452  1.22724e+03
115 -0.16763  1.16049e+03 |116 -0.17059  8.35560e+02 |117  1.00000  4.33172e-08
118  1.00000  4.33172e-08 |119  0.00000 -4.19780e+03 |120  0.00000 -4.19658e+03
121  0.00000 -4.05293e+03 |122  0.00000 -3.89483e+03 |123  0.00000 -3.83355e+03
124  0.00000 -3.78396e+03 |125  0.00000 -3.76272e+03 |126  0.00000 -3.73265e+03
127  0.00000 -3.29871e+03 |128  0.00000 -3.24219e+03 |129  0.00000 -3.21305e+03
130  0.00000 -3.14236e+03 |131  0.00000 -3.08674e+03 |132  0.00000 -3.01857e+03
133  0.00000 -3.05826e+03 |134  0.00000 -3.04123e+03 |135  0.00000 -2.99810e+03
136  0.00000 -2.95888e+03 |137  0.00000 -2.89098e+03 |138  0.00000 -2.88582e+03
139  0.00000 -2.90030e+03 |140  0.00000 -2.95247e+03 |141  0.00000 -2.89333e+03
142  0.00000 -2.86356e+03 |143  0.00000 -2.88987e+03 |144  0.00000 -2.86230e+03
145  0.00000 -2.98137e+03 |146  0.00000 -2.90686e+03 |147  0.00000 -2.85361e+03
148  0.00000 -2.79314e+03 |149  0.00000 -2.73850e+03 |150  0.00000 -2.68900e+03
151  0.00000 -2.47896e+03 |152  0.00000 -2.39141e+03 |153  0.00000 -2.30842e+03
154  0.00000 -2.26607e+03 |155  0.00000 -1.86628e+03 |156  0.00000 -1.79416e+03
157  0.00000 -1.76339e+03 |158  0.00000 -1.92529e+03 |159  0.00000 -1.85538e+03
160  0.00000 -1.50818e+03 |161  0.00000 -1.35693e+03 |162  0.00000 -1.25583e+03
163  0.00000 -1.24330e+03 |164  0.00000 -1.20973e+03 |165  0.00000 -9.82207e+02
166  0.00000 -9.07709e+02 |167  0.00000 -8.57729e+02 |168  0.00000 -8.95581e+02
169  0.00000 -1.20267e+03 |170  0.00000 -1.13529e+03 |171  0.00000 -1.39549e+03
172  0.00000 -1.55182e+03 |173  0.00000 -1.35956e+03 |174  0.00000 -1.12284e+03
175  0.00000 -1.08147e+03 |176  0.00000 -9.85652e+02 |177  0.00000 -8.14997e+02
178  0.00000 -7.06104e+02 |179  0.00000 -6.97498e+02 |180  0.00000 -6.33113e+02
181  0.00000 -5.63549e+02 |182  0.00000 -6.64466e+01 |183  0.00000 -2.99446e+01
184  0.00000  7.71796e-02 |185  0.00000  7.73358e-02 |186  0.00000  7.70922e-02
187  0.00000 -1.77296e+04 |188  0.00000 -1.76162e+04 |189  0.00000 -1.73801e+04
190  0.00000 -1.58415e+04 |191  0.00000 -1.51926e+04 |192  0.00000 -1.44583e+04
193  0.00000 -1.38039e+04 |194  0.00000 -1.34888e+04 |195  0.00000 -1.25800e+04
196  0.00000 -1.32757e+04 |197  0.00000 -1.31915e+04 |198  0.00000 -1.28327e+04
199  0.00000 -1.28490e+04 |200  0.00000 -1.30809e+04 |201  0.00000 -1.25925e+04
202  0.00000 -1.41428e+04 |203  0.00000 -1.41517e+04 |204  0.00000 -1.45358e+04
205  0.00000 -1.47913e+04 |206  0.00000 -1.59964e+04 |207  0.00000 -1.59516e+04
208  0.00000 -1.69437e+04 |209  0.00000 -1.75993e+04 |210  0.00000 -1.75693e+04
211  0.00000 -1.73011e+04 |212  0.00000 -2.00734e+04 |213  0.00000 -2.12176e+04
214  0.00000 -2.21705e+04 |215  0.00000 -2.28838e+04 |216  0.00000 -2.32132e+04
217  0.00000 -2.31844e+04 |218  0.00000 -2.47487e+04 |219  0.00000 -2.48778e+04
220  0.00000 -2.55266e+04 |221  0.00000 -2.48567e+04 |222  0.00000 -2.36341e+04
223  0.00000 -2.30341e+04 |224  0.00000 -2.11168e+04 |225  0.00000 -2.06608e+04
226  0.00000 -2.05603e+04 |227  0.00000 -2.00628e+04 |228  0.00000 -1.91877e+04
229  0.00000 -1.87205e+04 |230  0.00000 -1.79755e+04 |231  0.00000 -1.71794e+04
232  0.00000 -1.65503e+04 |233  0.00000 -1.59422e+04 |234  0.00000 -1.51210e+04
235  0.00000 -1.48366e+04 |236  0.00000 -1.43484e+04 |237  0.00000 -1.41845e+04
238  0.00000 -1.44209e+04 |239  0.00000 -1.42768e+04 |240  0.00000 -1.45838e+04
241  0.00000 -1.41124e+04 |242  0.00000 -1.19285e+04 |243  0.00000 -9.55522e+03
244  0.00000 -9.04584e+03 |245  0.00000 -7.49899e+03 |246  0.00000 -5.87218e+03
247  0.00000 -4.47153e+03 |248  0.00000 -4.12372e+03 |249  0.00000 -3.06723e+03
250  0.00000 -1.63058e+03 |251  0.00000 -3.05099e+02 |252  0.00000 -2.90841e-01
253  0.00000 -2.81099e-01 |254  0.00000 -2.80682e-01 |255  0.00000 -1.99061e+04
256  0.00000 -1.77362e+04 |257  0.00000 -1.72055e+04 |258  0.00000 -1.65349e+04
259  0.00000 -1.48217e+04 |260  0.00000 -1.42952e+04 |261  0.00000 -1.25293e+04
262  0.00000 -1.12272e+04 |263  0.00000 -9.88964e+03 |264  0.00000 -1.01325e+04
265  0.00000 -1.10275e+04 |266  0.00000 -1.05094e+04 |267  0.00000 -1.04253e+04
268  0.00000 -1.06376e+04 |269  0.00000 -1.06314e+04 |270  0.00000 -1.14944e+04
271  0.00000 -1.28517e+04 |272  0.00000 -1.33693e+04 |273  0.00000 -1.44418e+04
274  0.00000 -1.58399e+04 |275  0.00000 -1.71260e+04 |276  0.00000 -1.84787e+04
277  0.00000 -1.96582e+04 |278  0.00000 -2.06819e+04 |279  0.00000 -2.06204e+04
280  0.00000 -2.29211e+04 |281  0.00000 -2.58763e+04 |282  0.00000 -2.78049e+04
283  0.00000 -2.91694e+04 |284  0.00000 -3.05132e+04 |285  0.00000 -3.09446e+04
286  0.00000 -3.29540e+04 |287  0.00000 -3.48151e+04 |288  0.00000 -3.57232e+04
289  0.00000 -3.55169e+04 |290  0.00000 -3.39919e+04 |291  0.00000 -3.32208e+04
292  0.00000 -3.16308e+04 |293  0.00000 -3.03587e+04 |294  0.00000 -2.96323e+04
295  0.00000 -2.89880e+04 |296  0.00000 -2.81239e+04 |297  0.00000 -2.77904e+04
298  0.00000 -2.76042e+04 |299  0.00000 -2.64350e+04 |300  0.00000 -2.52675e+04
301  0.00000 -2.45360e+04 |302  0.00000 -2.37206e+04 |303  0.00000 -2.31338e+04
304  0.00000 -2.23749e+04 |305  0.00000 -2.20545e+04 |306  0.00000 -2.20745e+04
307  0.00000 -2.18020e+04 |308  0.00000 -2.15516e+04 |309  0.00000 -2.09233e+04
310  0.00000 -1.95263e+04 |311  0.00000 -1.71978e+04 |312  0.00000 -1.48081e+04
313  0.00000 -1.29753e+04 |314  0.00000 -1.04651e+04 |315  0.00000 -7.93324e+03
316  0.00000 -6.24735e+03 |317  0.00000 -4.91991e+03 |318  0.00000 -2.83439e+03
319  0.00000 -1.07686e+03 |320  0.00000 -1.16027e-01 |321  0.00000 -1.04301e-01
322  0.00000 -8.68623e-02 |

Intermediate statistics: 322 variables; iteration 20; function evaluation 24; phase 5
Function value 4.5310052e+03; maximum gradient component mag -3.4243e+04
Var    Value     Gradient |Var    Value     Gradient |Var    Value     Gradient
  1 -0.02044  1.03177e+04 |  2  0.27897  1.01555e+02 |  3 -0.59561 -6.49561e+01
  4  0.14550  9.20185e+01 |  5 -0.02644  3.09490e+01 |  6  0.14107  7.85155e+01
  7  0.08329 -1.65772e+00 |  8  0.00568 -9.98139e+01 |  9 -0.10081 -2.15277e+02
 10  0.11256  3.00778e+01 | 11  0.15355 -3.96409e+02 | 12  0.03826  2.05138e+02
 13  0.01984  1.91736e+02 | 14 -0.10415  8.26619e+01 | 15 -0.09303  1.21733e+02
 16  0.23664  4.15146e+01 | 17  0.00771  5.20093e+01 | 18 -0.03527  1.44487e+02
 19  0.02490  2.91567e+02 | 20  0.07485  4.65529e+02 | 21  0.04362  4.56529e+02
 22  0.08169  3.77660e+02 | 23 -0.01230  3.03134e+02 | 24  0.03351  3.37155e+02
 25  0.07804  5.00504e+02 | 26  0.03137  2.40104e+02 | 27 -0.08016  1.78577e+02
 28  0.06636  5.90698e+02 | 29  0.09489  7.50670e+02 | 30 -0.00529  4.52899e+02
 31 -0.09050  3.18550e+02 | 32  0.01450  2.30181e+02 | 33  0.00281  3.87119e+02
 34  0.03008  6.54756e+02 | 35  0.01935  7.36651e+02 | 36 -0.03946  5.45896e+02
 37 -0.03500  6.16737e+02 | 38 -0.00916  7.10243e+02 | 39 -0.07987  5.43753e+02
 40  0.09874  1.15107e+03 | 41 -0.02228  6.23244e+02 | 42  0.01684  6.79750e+02
 43 -0.11234  1.77399e+02 | 44  0.14300  2.27569e+03 | 45 -0.08753  8.98559e+01
 46 -0.08707 -3.52586e+01 | 47 -0.05677  1.40731e+02 | 48 -0.12384 -5.95032e+01
 49  0.09860  6.89503e+02 | 50 -0.00717  7.80711e+01 | 51 -0.02157 -2.21532e+01
 52 -0.01270 -2.09493e+02 | 53 -0.06605 -1.87953e+02 | 54  0.06342 -4.01201e+02
 55 -0.01265 -6.42992e+02 | 56 -0.07413 -4.16707e+02 | 57 -0.09268 -5.78334e+02
 58  0.06387 -1.52864e+03 | 59 -0.06824 -6.06838e+02 | 60 -0.00073 -7.75232e+02
 61 -0.02134 -5.57061e+02 | 62  0.04591 -7.92238e+02 | 63  0.06564 -1.46014e+03
 64 -0.07904 -5.46697e+02 | 65 -0.02786 -8.32073e+02 | 66  0.00408 -1.25094e+03
 67 -0.01874 -1.26332e+03 | 68 -0.07640 -1.02420e+03 | 69 -0.01723 -8.59677e+02
 70 -0.01376 -5.96607e+02 | 71  0.13833 -7.94109e+02 | 72 -0.09116 -3.59567e+02
 73 -0.05315 -1.83739e+02 | 74 -0.07067 -1.86818e+02 | 75 -0.61198 -8.14839e+01
 76 -0.91112 -4.44943e+01 | 77 -0.77593  9.39033e+01 | 78 -0.80619 -2.90979e+00
 79 -0.69598  1.08701e+02 | 80 -0.70501  1.49216e+02 | 81 -0.95433 -1.18111e+01
 82 -0.87523 -1.44499e+00 | 83 -0.78737  1.23178e+02 | 84 -0.85060 -4.93717e+00
 85 -0.90319 -1.74193e+01 | 86 -0.99818  4.03478e-01 | 87 -0.84525  2.97398e+01
 88 -0.91927  6.71503e+00 | 89 -0.80229  1.03246e+02 | 90 -0.94337 -8.16394e+00
 91 -0.67926  2.39524e+02 | 92 -0.81532  4.57654e+00 | 93 -0.70015  1.29296e+02
 94 -0.79557  9.36647e+01 | 95 -0.86474 -9.87758e+01 | 96 -0.71801  6.26102e-04
 97 -0.35653 -1.49031e-03 | 98  0.15554  2.40918e-02 | 99  0.34762 -1.39666e+03
100  0.21931 -3.74021e+03 |101  0.15645 -7.97157e+03 |102  0.07257 -8.13142e+03
103 -0.16103 -1.85469e+02 |104 -0.20167  3.27354e+02 |105 -0.15019  8.97173e+02
106  0.00048  2.97313e+04 |107  0.17022  1.49838e+04 |108 -0.00627  2.03121e+04
109  0.17804  1.18759e+04 |110  0.14787  7.40484e+03 |111  0.12759 -3.20286e+02
112 -0.03664 -1.74876e+01 |113 -0.34515  3.91801e+02 |114 -0.21930  3.64463e+02
115 -0.18923  4.88700e+02 |116 -0.18668  3.99363e+02 |117  0.99979  3.41804e-02
118  0.99979  3.94660e-02 |119  0.00118 -6.80934e+03 |120  0.00134 -6.80333e+03
121 -0.00043 -6.73803e+03 |122 -0.00177 -6.61792e+03 |123 -0.00203 -6.56747e+03
124 -0.00184 -6.51167e+03 |125 -0.00142 -6.48121e+03 |126 -0.00075 -6.43018e+03
127  0.00193 -5.71358e+03 |128  0.00050 -5.61225e+03 |129 -0.00022 -5.57485e+03
130 -0.00114 -5.48223e+03 |131 -0.00044 -5.20743e+03 |132 -0.00183 -4.96496e+03
133  0.00289 -4.87597e+03 |134  0.00140 -4.74970e+03 |135 -0.00022 -4.65416e+03
136  0.00001 -4.53968e+03 |137 -0.00216 -4.43193e+03 |138 -0.00248 -4.37272e+03
139 -0.00105 -4.37003e+03 |140  0.00275 -4.30642e+03 |141  0.00123 -4.25072e+03
142  0.00055 -4.24358e+03 |143  0.00323 -4.33940e+03 |144 -0.00040 -4.28506e+03
145  0.00522 -4.43273e+03 |146  0.00278 -4.41800e+03 |147  0.00181 -4.40349e+03
148  0.00092 -4.39126e+03 |149  0.00145 -4.41346e+03 |150  0.00001 -4.38108e+03
151 -0.00604 -4.27931e+03 |152 -0.00705 -4.24198e+03 |153 -0.00422 -4.22785e+03
154 -0.00338 -4.20005e+03 |155 -0.00156 -3.57251e+03 |156 -0.00295 -3.46700e+03
157 -0.00258 -3.41017e+03 |158  0.00650 -3.22640e+03 |159  0.00394 -3.06800e+03
160  0.00266 -2.73803e+03 |161 -0.00094 -2.53042e+03 |162 -0.00203 -2.43131e+03
163  0.00175 -2.30335e+03 |164  0.00205 -2.23618e+03 |165 -0.00112 -2.06074e+03
166 -0.00202 -1.98483e+03 |167 -0.00456 -1.91430e+03 |168 -0.00262 -1.90389e+03
169  0.00323 -1.68156e+03 |170 -0.00374 -1.49396e+03 |171  0.00622 -1.67497e+03
172  0.00873 -1.79055e+03 |173  0.00294 -1.68093e+03 |174 -0.00091 -1.55507e+03
175 -0.00124 -1.53829e+03 |176 -0.00145 -1.48170e+03 |177  0.00058 -1.32270e+03
178  0.00106 -1.19935e+03 |179 -0.00013 -1.15409e+03 |180 -0.00246 -9.66468e+02
181 -0.00294 -7.87566e+02 |182 -0.00134 -1.48933e+02 |183 -0.00119 -8.13370e+01
184  0.00001  7.26333e-02 |185  0.00001  7.18737e-02 |186  0.00001  7.05020e-02
187  0.00117 -1.65567e+04 |188  0.00336 -1.63867e+04 |189  0.00511 -1.63386e+04
190 -0.01197 -1.53767e+04 |191  0.00347 -1.46193e+04 |192 -0.00538 -1.39033e+04
193 -0.00012 -1.31868e+04 |194  0.00208 -1.27783e+04 |195 -0.00411 -1.16294e+04
196  0.00721 -1.02710e+04 |197  0.00198 -1.01400e+04 |198 -0.00869 -9.74750e+03
199 -0.00111 -8.58623e+03 |200  0.00821 -7.23894e+03 |201 -0.01220 -6.52479e+03
202  0.01384 -6.20237e+03 |203 -0.00196 -5.95220e+03 |204  0.00139 -5.91502e+03
205 -0.00908 -5.98232e+03 |206  0.01671 -6.31148e+03 |207 -0.00100 -6.39938e+03
208  0.00312 -7.51950e+03 |209  0.01268 -8.75932e+03 |210 -0.00159 -9.15705e+03
211 -0.02809 -9.35025e+03 |212  0.01587 -1.17571e+04 |213  0.00249 -1.32129e+04
214 -0.00300 -1.47307e+04 |215  0.00122 -1.57920e+04 |216  0.00081 -1.63457e+04
217 -0.01525 -1.68998e+04 |218  0.01214 -1.75371e+04 |219  0.00118 -1.78553e+04
220  0.00292 -1.88994e+04 |221 -0.00316 -1.89567e+04 |222 -0.00327 -1.87793e+04
223  0.00346 -1.81517e+04 |224 -0.00136 -1.78922e+04 |225 -0.00755 -1.77916e+04
226  0.00487 -1.74901e+04 |227  0.00371 -1.73245e+04 |228 -0.00614 -1.69545e+04
229  0.00264 -1.62581e+04 |230 -0.00448 -1.60397e+04 |231 -0.00091 -1.54936e+04
232  0.00405 -1.52635e+04 |233 -0.00046 -1.51907e+04 |234 -0.00060 -1.52534e+04
235  0.00266 -1.53078e+04 |236 -0.00319 -1.52566e+04 |237 -0.00374 -1.49234e+04
238  0.00603 -1.49346e+04 |239 -0.00579 -1.51741e+04 |240  0.00114 -1.58255e+04
241  0.00438 -1.59384e+04 |242  0.00212 -1.51315e+04 |243 -0.00694 -1.44384e+04
244 -0.00528 -1.42223e+04 |245  0.00028 -1.26715e+04 |246  0.00252 -1.06563e+04
247 -0.00361 -8.98754e+03 |248 -0.00184 -7.49053e+03 |249  0.00374 -4.40083e+03
250 -0.00328 -2.52553e+03 |251  0.00383 -5.05167e+02 |252  0.00001 -1.41940e-01
253  0.00001 -1.43390e-01 |254  0.00001 -1.50254e-01 |255  0.00223 -3.42430e+04
256  0.00114 -3.40614e+04 |257 -0.00867 -3.38365e+04 |258  0.01149 -3.33691e+04
259 -0.01167 -3.21596e+04 |260  0.00883 -3.07320e+04 |261 -0.00101 -2.92469e+04
262  0.00054 -2.80874e+04 |263 -0.01323 -2.66554e+04 |264 -0.01560 -2.49690e+04
265  0.02017 -2.44533e+04 |266 -0.00263 -2.36329e+04 |267 -0.00185 -2.21903e+04
268  0.00335 -2.07208e+04 |269  0.00105 -2.00962e+04 |270 -0.00800 -1.94133e+04
271  0.00724 -1.91638e+04 |272  0.00012 -1.89344e+04 |273  0.00295 -1.92826e+04
274 -0.00251 -1.98446e+04 |275 -0.00232 -2.05973e+04 |276  0.00052 -2.15762e+04
277  0.00285 -2.22868e+04 |278  0.01532 -2.29926e+04 |279 -0.00788 -2.38546e+04
280 -0.01106 -2.59424e+04 |281 -0.00016 -2.80643e+04 |282 -0.00049 -2.95048e+04
283 -0.00194 -3.01679e+04 |284  0.00890 -3.04973e+04 |285 -0.00564 -3.11506e+04
286 -0.00242 -3.18131e+04 |287  0.00559 -3.26681e+04 |288  0.00290 -3.35450e+04
289  0.00495 -3.30532e+04 |290 -0.00731 -3.23936e+04 |291  0.00336 -3.08936e+04
292  0.00519 -3.06006e+04 |293 -0.00487 -2.99385e+04 |294 -0.00365 -2.90858e+04
295  0.00053 -2.83323e+04 |296 -0.00440 -2.73089e+04 |297  0.00258 -2.64528e+04
298  0.00557 -2.59082e+04 |299  0.00224 -2.49219e+04 |300 -0.00191 -2.41944e+04
301  0.00042 -2.37144e+04 |302 -0.00271 -2.34369e+04 |303  0.00169 -2.27792e+04
304 -0.00295 -2.21288e+04 |305 -0.00001 -2.14461e+04 |306  0.00383 -2.10464e+04
307  0.00451 -2.08263e+04 |308 -0.00110 -2.12268e+04 |309 -0.00241 -2.12972e+04
310  0.00803 -2.07565e+04 |311 -0.00146 -2.00827e+04 |312 -0.00551 -1.89485e+04
313 -0.00282 -1.72757e+04 |314 -0.00055 -1.47875e+04 |315 -0.00585 -1.20674e+04
316 -0.00137 -9.10951e+03 |317  0.00825 -5.71592e+03 |318  0.00064 -3.47098e+03
319 -0.00915 -1.47833e+03 |320  0.00006 -9.15247e-02 |321  0.00006 -9.27754e-02
322  0.00006 -9.80787e-02 |
322 variables; iteration 40; function evaluation 46; phase 5
Function value 4.1784707e+03; maximum gradient component mag -3.5276e+04
Var    Value     Gradient |Var    Value     Gradient |Var    Value     Gradient
  1 -0.03364  7.28027e+03 |  2  0.17543 -1.54640e+01 |  3 -0.55368 -6.80517e+01
  4  0.05804 -2.60295e+00 |  5 -0.05726  1.14042e+01 |  6  0.03456 -6.26220e+01
  7  0.02638 -4.89409e+01 |  8  0.02939 -1.21308e+01 |  9 -0.00307 -2.31594e+01
 10  0.05414  6.60241e+01 | 11  0.28600  6.64554e+02 | 12 -0.05555  1.03897e+02
 13 -0.03637  1.26181e+02 | 14 -0.12372  7.85187e+01 | 15 -0.13032  9.03751e+01
 16  0.27093  9.95216e+02 | 17 -0.00241  1.83362e+02 | 18 -0.07342  1.74645e+02
 19 -0.03970  1.96479e+02 | 20 -0.01812  2.29813e+02 | 21 -0.04786  3.09957e+02
 22  0.03290  4.53800e+02 | 23 -0.07551  2.53033e+02 | 24 -0.02415  4.60849e+02
 25  0.02574  6.68856e+02 | 26  0.02401  6.57969e+02 | 27 -0.10788  1.99430e+02
 28  0.00874  5.08352e+02 | 29  0.05330  8.79417e+02 | 30 -0.06501  4.93121e+02
 31 -0.17148  1.75027e+02 | 32  0.03997  8.69413e+02 | 33  0.01290  6.03195e+02
 34  0.03040  7.91477e+02 | 35  0.01331  7.55955e+02 | 36 -0.06731  4.93936e+02
 37 -0.03911  5.41170e+02 | 38  0.01479  5.60427e+02 | 39 -0.09950  2.01754e+02
 40  0.18947  1.41748e+03 | 41  0.03812  6.04303e+02 | 42  0.09037  7.75152e+02
 43 -0.07756  1.83410e+02 | 44  0.16738  6.93972e+02 | 45 -0.04428  1.72768e+02
 46 -0.04381  3.79694e+01 | 47 -0.03975 -2.73202e+02 | 48 -0.07972  1.17473e+02
 49  0.11138 -4.26327e+02 | 50  0.01461 -2.11338e+02 | 51 -0.00461 -2.81487e+02
 52  0.00811 -3.29218e+02 | 53 -0.04127 -1.95044e+02 | 54  0.07498 -1.08575e+03
 55  0.01798 -3.55676e+02 | 56 -0.05179 -4.07597e+02 | 57 -0.07130 -5.25120e+02
 58  0.08272 -1.61321e+03 | 59 -0.05114 -6.29247e+02 | 60  0.02389 -5.04695e+02
 61 -0.00142 -5.23719e+02 | 62  0.05052 -1.49200e+03 | 63  0.09280 -6.95008e+02
 64 -0.05977 -4.66400e+02 | 65 -0.01488 -1.06242e+03 | 66  0.01451 -1.42572e+03
 67 -0.00758 -1.35996e+03 | 68 -0.04935 -5.67830e+02 | 69 -0.00146 -7.77383e+02
 70  0.00576 -4.74963e+02 | 71  0.15341 -6.51938e+02 | 72 -0.05887 -1.10264e+02
 73 -0.04058 -1.88697e+02 | 74 -0.05994 -2.44713e+02 | 75 -0.52007  1.17998e+01
 76 -0.88026 -3.68354e+01 | 77 -0.78747  5.75037e+01 | 78 -0.76861  3.90218e+01
 79 -0.71538  1.06590e+02 | 80 -0.73322  1.20885e+02 | 81 -0.93044 -7.70717e+00
 82 -0.84229  7.68013e+01 | 83 -0.80991  6.13483e+01 | 84 -0.82543  1.85189e+01
 85 -0.86888  3.28954e+00 | 86 -0.99780  2.46568e-01 | 87 -0.82967  3.95359e+01
 88 -0.90486  1.02653e+01 | 89 -0.81224  9.17993e+01 | 90 -0.92044 -7.30697e+00
 91 -0.77399  5.80912e+01 | 92 -0.79284  4.37929e-01 | 93 -0.77512 -1.15257e-01
 94 -0.85936 -8.28555e+01 | 95 -0.81189  4.33816e+01 | 96 -0.71801 -3.52319e-04
 97 -0.35653 -3.39258e-03 | 98  0.15556  2.12759e-02 | 99  0.34787 -1.38996e+03
100  0.22143 -4.22149e+03 |101  0.15731 -8.21019e+03 |102  0.07300 -8.06420e+03
103 -0.16407 -7.26290e+02 |104 -0.19412 -6.71122e+01 |105 -0.14164  1.36276e+02
106 -0.00105  2.56927e+04 |107  0.17453  1.53276e+04 |108 -0.00701  1.89462e+04
109  0.18371  1.08643e+04 |110  0.15409  6.35551e+03 |111  0.11366 -6.36580e+02
112 -0.06743 -6.60060e+02 |113 -0.32298  4.22814e+01 |114 -0.19319  5.37168e+02
115 -0.20998  3.74605e+02 |116 -0.19882  2.52678e+02 |117  0.99774  2.80894e-01
118  0.99773  3.37244e-01 |119  0.00354 -6.77761e+03 |120  0.00217 -6.76561e+03
121  0.00648 -6.73020e+03 |122 -0.00864 -6.60516e+03 |123 -0.00408 -6.59673e+03
124  0.00214 -6.58637e+03 |125  0.00304 -6.56580e+03 |126  0.00412 -6.55361e+03
127  0.00711 -6.19232e+03 |128 -0.00555 -6.18218e+03 |129 -0.00904 -6.16752e+03
130 -0.00093 -6.06851e+03 |131  0.00605 -5.98135e+03 |132 -0.01234 -5.93646e+03
133  0.01423 -5.68806e+03 |134 -0.00346 -5.66711e+03 |135 -0.00086 -5.61396e+03
136  0.00987 -5.48358e+03 |137 -0.00986 -5.43771e+03 |138 -0.02333 -5.42109e+03
139  0.01935 -5.45969e+03 |140  0.01018 -5.41397e+03 |141 -0.01607 -5.39811e+03
142 -0.01601 -5.43227e+03 |143  0.04123 -5.48521e+03 |144 -0.02959 -5.52451e+03
145  0.02184 -5.47924e+03 |146  0.00059 -5.44271e+03 |147 -0.00507 -5.42110e+03
148 -0.00859 -5.36334e+03 |149  0.01438 -5.26328e+03 |150  0.00640 -5.24740e+03
151 -0.01876 -5.12710e+03 |152 -0.01939 -5.07347e+03 |153  0.00775 -4.85255e+03
154  0.01279 -4.80530e+03 |155  0.00311 -4.50292e+03 |156 -0.01068 -4.46943e+03
157 -0.00314 -4.46025e+03 |158  0.01933 -4.53462e+03 |159 -0.01959 -4.53391e+03
160  0.01106 -4.10770e+03 |161 -0.00953 -3.99969e+03 |162 -0.00811 -3.89144e+03
163  0.00431 -3.66201e+03 |164  0.00166 -3.55639e+03 |165  0.00073 -3.25711e+03
166  0.00875 -3.10640e+03 |167 -0.01560 -3.07508e+03 |168  0.00449 -2.95461e+03
169  0.02588 -2.84144e+03 |170 -0.05559 -2.85701e+03 |171  0.02558 -2.78723e+03
172  0.01783 -2.73654e+03 |173 -0.00713 -2.64037e+03 |174 -0.00393 -2.42802e+03
175  0.00041 -2.37162e+03 |176 -0.00152 -2.22247e+03 |177  0.00325 -1.92856e+03
178  0.01045 -1.75981e+03 |179 -0.00476 -1.74023e+03 |180  0.00019 -1.51808e+03
181 -0.00820 -1.34526e+03 |182  0.00399 -1.96850e+02 |183 -0.00882 -1.22172e+02
184  0.00012  8.88935e-02 |185  0.00012  8.81098e-02 |186  0.00012  8.78544e-02
187  0.01299 -1.87029e+04 |188 -0.02006 -1.85898e+04 |189  0.01759 -1.83151e+04
190 -0.00115 -1.79282e+04 |191 -0.00342 -1.71817e+04 |192 -0.00723 -1.71218e+04
193  0.01191 -1.66671e+04 |194 -0.01283 -1.64816e+04 |195 -0.02100 -1.57098e+04
196  0.01551 -1.53689e+04 |197 -0.00091 -1.50471e+04 |198  0.00170 -1.42934e+04
199  0.00246 -1.36965e+04 |200  0.00705 -1.33336e+04 |201 -0.01590 -1.21761e+04
202  0.01158 -1.13794e+04 |203 -0.00983 -1.09931e+04 |204  0.01238 -9.94776e+03
205 -0.00475 -9.47970e+03 |206  0.03123 -9.61652e+03 |207 -0.03529 -9.84978e+03
208  0.00901 -1.01211e+04 |209  0.11735 -1.05065e+04 |210  0.02579 -1.07363e+04
211 -0.17422 -1.04663e+04 |212  0.03562 -1.18034e+04 |213 -0.00865 -1.25452e+04
214 -0.00042 -1.25965e+04 |215  0.00183 -1.26068e+04 |216  0.01436 -1.26933e+04
217 -0.01731 -1.27175e+04 |218  0.00830 -1.31201e+04 |219  0.01071 -1.33612e+04
220 -0.00493 -1.42650e+04 |221 -0.00472 -1.40807e+04 |222 -0.00665 -1.38374e+04
223  0.01311 -1.34404e+04 |224 -0.00192 -1.25111e+04 |225 -0.00965 -1.24867e+04
226  0.01001 -1.25503e+04 |227 -0.00152 -1.29124e+04 |228 -0.00615 -1.24082e+04
229  0.00409 -1.23382e+04 |230 -0.00149 -1.22246e+04 |231  0.00064 -1.19804e+04
232  0.00168 -1.23233e+04 |233 -0.00329 -1.23111e+04 |234 -0.00187 -1.24586e+04
235  0.00088 -1.26503e+04 |236  0.00053 -1.23569e+04 |237 -0.00276 -1.21969e+04
238  0.01511 -1.28950e+04 |239 -0.01573 -1.31820e+04 |240  0.00198 -1.35676e+04
241  0.00500 -1.36883e+04 |242 -0.00252 -1.30434e+04 |243 -0.00412 -1.19346e+04
244  0.00151 -1.15811e+04 |245 -0.00032 -1.06628e+04 |246 -0.00316 -9.69460e+03
247 -0.00386 -8.30012e+03 |248 -0.00088 -7.22509e+03 |249  0.00113 -4.80248e+03
250 -0.00505 -2.36387e+03 |251  0.01077 -3.54211e+02 |252  0.00002 -2.92408e-02
253  0.00003 -3.10852e-02 |254  0.00003 -3.48609e-02 |255  0.00793 -3.52761e+04
256  0.01391 -3.49882e+04 |257 -0.02364 -3.48858e+04 |258  0.01227 -3.38881e+04
259  0.00392 -3.31609e+04 |260 -0.01860 -3.27179e+04 |261 -0.00568 -3.18171e+04
262  0.00982 -3.05537e+04 |263  0.02139 -2.94760e+04 |264 -0.07042 -2.90130e+04
265  0.04124 -2.84403e+04 |266 -0.00150 -2.75017e+04 |267 -0.00389 -2.68387e+04
268 -0.01016 -2.62846e+04 |269  0.01865 -2.47472e+04 |270 -0.00494 -2.41818e+04
271  0.00866 -2.42027e+04 |272 -0.00839 -2.35895e+04 |273  0.00805 -2.33336e+04
274 -0.00300 -2.37886e+04 |275  0.00925 -2.40511e+04 |276 -0.00037 -2.46549e+04
277 -0.00685 -2.58748e+04 |278 -0.00239 -2.63402e+04 |279  0.03285 -2.58932e+04
280 -0.03399 -2.70051e+04 |281  0.00236 -2.76653e+04 |282  0.00409 -2.77626e+04
283 -0.00095 -2.79809e+04 |284 -0.00504 -2.82781e+04 |285  0.01259 -2.77766e+04
286 -0.00489 -2.84371e+04 |287  0.00340 -2.87849e+04 |288 -0.00855 -2.96776e+04
289  0.01112 -2.89819e+04 |290 -0.00388 -2.86239e+04 |291 -0.01220 -2.81090e+04
292  0.00502 -2.70683e+04 |293  0.00357 -2.57273e+04 |294 -0.00524 -2.51937e+04
295  0.00202 -2.48139e+04 |296  0.00135 -2.37897e+04 |297 -0.00098 -2.35807e+04
298  0.00299 -2.32276e+04 |299  0.00012 -2.24150e+04 |300 -0.00174 -2.19452e+04
301  0.00266 -2.14015e+04 |302 -0.00112 -2.13176e+04 |303 -0.00131 -2.10243e+04
304 -0.00297 -2.03618e+04 |305  0.00256 -1.98464e+04 |306 -0.00253 -2.01722e+04
307  0.00500 -1.98241e+04 |308 -0.00058 -1.98172e+04 |309  0.00012 -1.96939e+04
310  0.00423 -1.92617e+04 |311 -0.00186 -1.79963e+04 |312 -0.00187 -1.62988e+04
313 -0.00153 -1.50923e+04 |314 -0.00041 -1.31405e+04 |315 -0.00221 -1.07608e+04
316 -0.00115 -8.47993e+03 |317 -0.00118 -5.81933e+03 |318  0.01285 -3.10180e+03
319 -0.01301 -1.36611e+03 |320  0.00066  1.14245e-01 |321  0.00066  1.11390e-01
322  0.00067  1.03813e-01 |
322 variables; iteration 60; function evaluation 66; phase 5
Function value 4.1028454e+03; maximum gradient component mag -2.9884e+04
Var    Value     Gradient |Var    Value     Gradient |Var    Value     Gradient
  1 -0.03600 -1.64031e+04 |  2  0.10724 -1.01442e+02 |  3 -0.40578 -7.25984e+01
  4  0.00226 -8.64505e+01 |  5 -0.07472 -2.33428e+01 |  6 -0.00338 -1.32092e+02
  7  0.01347 -8.39808e+01 |  8  0.02687  5.94889e+01 |  9  0.11217  1.78194e+02
 10 -0.05606  2.26022e+02 | 11  0.26941  5.71472e+02 | 12 -0.19765  2.79082e+02
 13 -0.02782  3.51310e+02 | 14 -0.10555  3.34194e+02 | 15 -0.13803  2.98274e+02
 16  0.25289  7.00009e+02 | 17  0.01356  3.68899e+02 | 18 -0.08805  3.52622e+02
 19 -0.03020  4.15567e+02 | 20 -0.00090  4.69197e+02 | 21 -0.07547  4.48425e+02
 22  0.03932  5.62653e+02 | 23 -0.09669  3.94902e+02 | 24 -0.01782  5.93583e+02
 25  0.02219  6.86622e+02 | 26  0.02580  6.58159e+02 | 27 -0.09170  3.97595e+02
 28  0.01731  5.62459e+02 | 29  0.05842  7.44921e+02 | 30 -0.06022  6.20050e+02
 31 -0.15542  3.63906e+02 | 32  0.04765  6.63317e+02 | 33  0.03917  5.78645e+02
 34  0.04951  6.38134e+02 | 35  0.03656  6.14346e+02 | 36 -0.05365  5.24305e+02
 37 -0.01990  4.94713e+02 | 38  0.01613  3.53389e+02 | 39 -0.13750  2.25538e+02
 40  0.18919  8.29941e+02 | 41  0.03347  4.66159e+02 | 42  0.07995  3.45274e+02
 43 -0.07400  2.42101e+02 | 44  0.16957 -4.44023e+02 | 45 -0.04007  1.48763e+02
 46 -0.03479  6.41121e+01 | 47 -0.03231 -3.08296e+02 | 48 -0.07747  1.04001e+02
 49  0.11541 -9.71726e+02 | 50  0.01623 -3.94724e+02 | 51 -0.00388 -4.43633e+02
 52  0.01647 -4.12235e+02 | 53 -0.03417 -1.95843e+02 | 54  0.08322 -1.30850e+03
 55  0.02482 -4.09763e+02 | 56 -0.04598 -3.25530e+02 | 57 -0.06651 -4.57455e+02
 58  0.08953 -1.92370e+03 | 59 -0.04738 -5.06380e+02 | 60  0.02979 -4.96573e+02
 61  0.00547 -4.94453e+02 | 62  0.05794 -1.51577e+03 | 63  0.09443 -9.49631e+02
 64 -0.05173 -2.28579e+02 | 65 -0.00805 -8.39990e+02 | 66  0.01787 -1.42380e+03
 67 -0.00260 -1.23408e+03 | 68 -0.04430 -3.40170e+02 | 69  0.00200 -5.68642e+02
 70  0.01062 -2.31672e+02 | 71  0.15583 -4.31202e+02 | 72 -0.05408  9.89989e+01
 73 -0.04041 -4.87369e+01 | 74 -0.05312  3.51758e+01 | 75 -0.48649  1.02575e+02
 76 -0.78574  1.76455e+01 | 77 -0.77388  1.69495e+02 | 78 -0.71403  1.73853e+02
 79 -0.71180  1.68956e+02 | 80 -0.72732  1.84289e+02 | 81 -0.86963  4.86978e+01
 82 -0.84594  9.79344e+01 | 83 -0.80322  1.18856e+02 | 84 -0.76668  8.54476e+01
 85 -0.80728  1.09718e+02 | 86 -0.99670  1.30903e+00 | 87 -0.80025  1.00250e+02
 88 -0.86443  4.32579e+01 | 89 -0.80058  1.35180e+02 | 90 -0.85278  3.91060e+01
 91 -0.81354  2.67911e+01 | 92 -0.74463  6.94661e+01 | 93 -0.83341 -4.36865e+01
 94 -0.89951 -1.04811e+02 | 95 -0.82544 -4.38501e+00 | 96 -0.71801 -1.09346e-03
 97 -0.35653 -5.05247e-03 | 98  0.15561  2.65984e-02 | 99  0.34747 -1.13450e+03
100  0.21845 -2.88290e+03 |101  0.15704 -6.95675e+03 |102  0.07277 -8.34383e+03
103 -0.16437 -8.94059e+02 |104 -0.19299 -1.93104e+02 |105 -0.13931 -5.69913e+01
106 -0.00101  2.52764e+04 |107  0.17529  1.52436e+04 |108 -0.00754  1.82427e+04
109  0.18506  1.03421e+04 |110  0.15461  5.93098e+03 |111  0.11246 -6.72391e+02
112 -0.06599 -7.84937e+02 |113 -0.32396 -7.80898e+02 |114 -0.19130  7.36576e+02
115 -0.21277  4.75420e+02 |116 -0.18642  3.21959e+02 |117  0.99192  4.47000e-01
118  0.99177  6.34232e-01 |119  0.00368 -5.52965e+03 |120 -0.01797 -5.49790e+03
121  0.04243 -5.45448e+03 |122 -0.03308 -5.41399e+03 |123  0.00249 -5.40838e+03
124  0.00764 -5.38945e+03 |125 -0.00425 -5.37927e+03 |126  0.00540 -5.36238e+03
127  0.01344 -5.08895e+03 |128 -0.00653 -5.08294e+03 |129 -0.00661 -5.07408e+03
130 -0.00405 -5.00075e+03 |131 -0.00151 -4.92895e+03 |132 -0.00072 -4.86619e+03
133  0.00095 -4.65679e+03 |134  0.00536 -4.60157e+03 |135 -0.00368 -4.53626e+03
136  0.01349 -4.40587e+03 |137  0.00350 -4.36643e+03 |138 -0.02528 -4.38334e+03
139  0.00935 -4.41350e+03 |140  0.00222 -4.41181e+03 |141 -0.09904 -4.34953e+03
142 -0.04407 -4.37659e+03 |143  0.15048 -4.31440e+03 |144 -0.02072 -4.45783e+03
145  0.01710 -4.47719e+03 |146 -0.00760 -4.42563e+03 |147  0.00897 -4.37459e+03
148 -0.01229 -4.34433e+03 |149  0.00639 -4.28232e+03 |150  0.01869 -4.25274e+03
151 -0.02554 -4.17497e+03 |152 -0.01251 -4.10685e+03 |153  0.00489 -3.97681e+03
154  0.01387 -3.92622e+03 |155  0.00636 -3.76669e+03 |156 -0.02069 -3.74940e+03
157 -0.00121 -3.76393e+03 |158  0.05379 -3.81333e+03 |159 -0.05057 -3.85457e+03
160  0.01331 -3.61450e+03 |161 -0.01107 -3.54849e+03 |162 -0.00915 -3.48529e+03
163  0.00446 -3.35151e+03 |164  0.00038 -3.27228e+03 |165  0.00098 -3.01599e+03
166  0.01677 -2.90107e+03 |167 -0.02570 -2.90938e+03 |168  0.00447 -2.80338e+03
169  0.04630 -2.62113e+03 |170 -0.13027 -2.64277e+03 |171  0.07629 -2.64395e+03
172  0.02146 -2.47299e+03 |173 -0.00704 -2.32079e+03 |174 -0.00432 -2.07175e+03
175  0.00149 -2.01958e+03 |176 -0.00284 -1.90206e+03 |177  0.00323 -1.64175e+03
178  0.01510 -1.44383e+03 |179 -0.00869 -1.44039e+03 |180  0.00109 -1.22420e+03
181 -0.00706 -1.07202e+03 |182  0.00303 -1.58324e+02 |183 -0.00919 -8.72998e+01
184  0.00046  1.60904e-01 |185  0.00046  1.60770e-01 |186  0.00045  1.60049e-01
187  0.01426 -1.27490e+04 |188 -0.00166 -1.25907e+04 |189 -0.02385 -1.24964e+04
190  0.03335 -1.22871e+04 |191 -0.01902 -1.20262e+04 |192  0.02394 -1.19898e+04
193 -0.01694 -1.16514e+04 |194 -0.00944 -1.14408e+04 |195 -0.04092 -1.08925e+04
196  0.03652 -1.08830e+04 |197 -0.01000 -1.06067e+04 |198  0.00825 -9.94707e+03
199  0.00080 -9.33996e+03 |200  0.00089 -8.76321e+03 |201 -0.00509 -7.45639e+03
202  0.00415 -6.59647e+03 |203 -0.00127 -6.11781e+03 |204  0.00680 -5.15360e+03
205 -0.00321 -4.58739e+03 |206  0.01530 -4.66473e+03 |207 -0.02006 -4.74402e+03
208  0.00741 -4.71800e+03 |209  0.12616 -4.86652e+03 |210  0.08882 -4.92284e+03
211 -0.23092 -4.81219e+03 |212  0.02093 -6.17783e+03 |213 -0.01062 -7.00831e+03
214  0.00318 -7.16338e+03 |215 -0.00030 -7.48908e+03 |216  0.01661 -7.77694e+03
217 -0.01893 -7.96024e+03 |218  0.00668 -8.72674e+03 |219  0.01569 -9.10546e+03
220 -0.00950 -9.96817e+03 |221 -0.00573 -9.88590e+03 |222 -0.00291 -9.50679e+03
223  0.00999 -9.35999e+03 |224  0.01125 -8.54467e+03 |225 -0.02474 -8.67701e+03
226  0.01033 -8.82753e+03 |227  0.00225 -9.20198e+03 |228 -0.00644 -9.03200e+03
229  0.00523 -9.45812e+03 |230 -0.00275 -9.56467e+03 |231 -0.00017 -9.50914e+03
232  0.00244 -9.92252e+03 |233 -0.00254 -1.00293e+04 |234 -0.00274 -1.06639e+04
235  0.00050 -1.10850e+04 |236 -0.00141 -1.09475e+04 |237 -0.00356 -1.07996e+04
238  0.07356 -1.11553e+04 |239 -0.07486 -1.12315e+04 |240  0.00096 -1.13608e+04
241  0.00603 -1.10659e+04 |242 -0.00070 -1.01291e+04 |243 -0.00332 -9.15647e+03
244  0.00188 -8.95834e+03 |245 -0.00235 -8.52792e+03 |246 -0.00197 -7.56427e+03
247 -0.00253 -6.27552e+03 |248  0.00027 -5.45802e+03 |249  0.00264 -3.57286e+03
250 -0.00371 -1.77033e+03 |251  0.00950 -2.02062e+02 |252  0.00006 -3.67206e-02
253  0.00008 -3.37483e-02 |254  0.00010 -3.42209e-02 |255  0.01074 -2.98844e+04
256  0.01176 -2.93456e+04 |257 -0.00632 -2.93561e+04 |258 -0.01723 -2.88905e+04
259  0.01505 -2.85317e+04 |260 -0.04044 -2.81783e+04 |261  0.02181 -2.74499e+04
262  0.01065 -2.63095e+04 |263  0.03738 -2.54321e+04 |264 -0.06543 -2.53827e+04
265  0.02269 -2.49895e+04 |266 -0.00744 -2.42708e+04 |267 -0.00283 -2.36796e+04
268 -0.00790 -2.29806e+04 |269  0.01191 -2.14689e+04 |270 -0.00054 -2.08090e+04
271  0.00350 -2.07654e+04 |272 -0.00457 -2.00958e+04 |273  0.00652 -1.96494e+04
274 -0.00130 -1.98403e+04 |275  0.00644 -1.98988e+04 |276  0.00053 -2.01068e+04
277 -0.00688 -2.08999e+04 |278 -0.00491 -2.11174e+04 |279  0.02149 -2.03786e+04
280 -0.01672 -2.14678e+04 |281  0.00248 -2.21914e+04 |282  0.00215 -2.23792e+04
283 -0.00137 -2.28186e+04 |284 -0.00845 -2.32051e+04 |285  0.01329 -2.26643e+04
286 -0.00650 -2.34874e+04 |287 -0.00105 -2.37805e+04 |288  0.00334 -2.45377e+04
289  0.00458 -2.40294e+04 |290 -0.00060 -2.34021e+04 |291 -0.01287 -2.31619e+04
292  0.00517 -2.22502e+04 |293  0.00556 -2.10850e+04 |294 -0.00619 -2.08052e+04
295  0.00231 -2.06590e+04 |296  0.00056 -2.00384e+04 |297 -0.00140 -2.02167e+04
298  0.00194 -2.00329e+04 |299 -0.00066 -1.92536e+04 |300 -0.00144 -1.86979e+04
301  0.00418 -1.81390e+04 |302 -0.00191 -1.84578e+04 |303 -0.00105 -1.83549e+04
304 -0.00155 -1.79282e+04 |305  0.00068 -1.76177e+04 |306 -0.00196 -1.78130e+04
307  0.00441 -1.75672e+04 |308 -0.00047 -1.73170e+04 |309 -0.00022 -1.68865e+04
310  0.00642 -1.62142e+04 |311  0.00033 -1.51927e+04 |312 -0.00218 -1.41214e+04
313 -0.00321 -1.36035e+04 |314 -0.00174 -1.20537e+04 |315 -0.00192 -9.87296e+03
316 -0.00142 -7.86625e+03 |317 -0.00139 -5.63519e+03 |318  0.00824 -3.14430e+03
319 -0.01078 -1.45820e+03 |320  0.00224  4.81641e-01 |321  0.00227  4.84705e-01
322  0.00230  4.82343e-01 |
322 variables; iteration 80; function evaluation 86; phase 5
Function value 4.0572019e+03; maximum gradient component mag -2.7447e+04
Var    Value     Gradient |Var    Value     Gradient |Var    Value     Gradient
  1 -0.03710 -2.74472e+04 |  2  0.06974  1.07702e+01 |  3  0.13603  1.66036e+01
  4 -0.00418  1.43885e+01 |  5 -0.07794 -1.29784e+01 |  6  0.01474 -1.03173e+02
  7  0.05309 -3.62865e+01 |  8 -0.00104  5.51044e+01 |  9  0.12753  1.85169e+02
 10 -0.15764  3.35967e+02 | 11  0.26255  5.82046e+02 | 12 -0.28048  3.35082e+02
 13 -0.01725  4.61752e+02 | 14 -0.10368  4.64773e+02 | 15 -0.11031  4.62425e+02
 16  0.25421  6.64433e+02 | 17  0.02308  4.78570e+02 | 18 -0.08057  4.68787e+02
 19 -0.02647  4.93546e+02 | 20  0.00618  5.52266e+02 | 21 -0.06192  5.63704e+02
 22  0.04210  5.54424e+02 | 23 -0.08681  5.03188e+02 | 24 -0.01444  6.59258e+02
 25  0.02528  7.45214e+02 | 26  0.02554  6.93049e+02 | 27 -0.08432  5.19661e+02
 28  0.01687  6.14802e+02 | 29  0.05968  7.31469e+02 | 30 -0.06188  7.06391e+02
 31 -0.14846  4.83271e+02 | 32  0.04062  6.35421e+02 | 33  0.04509  6.25577e+02
 34  0.04912  6.60436e+02 | 35  0.04490  6.60840e+02 | 36 -0.05732  5.63220e+02
 37 -0.00982  5.70117e+02 | 38  0.01848  3.50626e+02 | 39 -0.14459  3.30459e+02
 40  0.19087  6.66831e+02 | 41  0.02906  4.38763e+02 | 42  0.08704  4.49006e+02
 43 -0.07273  2.93146e+02 | 44  0.17360 -6.32631e+02 | 45 -0.04193  1.48293e+02
 46 -0.03866 -2.17141e+01 | 47 -0.03019 -3.37910e+02 | 48 -0.07683  1.17917e+02
 49  0.11707 -1.29118e+03 | 50  0.02065 -3.87756e+02 | 51  0.00073 -4.14767e+02
 52  0.01787 -6.00642e+02 | 53 -0.03005 -2.08282e+02 | 54  0.08440 -1.58248e+03
 55  0.02338 -6.69408e+02 | 56 -0.04311 -3.16863e+02 | 57 -0.06232 -4.57147e+02
 58  0.08832 -2.64222e+03 | 59 -0.04957 -6.15220e+02 | 60  0.03380 -5.77161e+02
 61  0.00676 -6.14937e+02 | 62  0.05888 -1.75009e+03 | 63  0.09741 -1.07815e+03
 64 -0.04860 -1.82217e+02 | 65 -0.00584 -8.68173e+02 | 66  0.02137 -1.40795e+03
 67  0.00001 -1.18740e+03 | 68 -0.04111 -2.66459e+02 | 69  0.00489 -4.26166e+02
 70  0.00978 -1.46981e+02 | 71  0.15760 -3.80911e+02 | 72 -0.05322  1.87555e+02
 73 -0.03219  1.41219e+02 | 74 -0.04968  1.68944e+02 | 75 -0.52309 -1.35885e+01
 76 -0.71145  1.13844e+02 | 77 -0.76845  2.37248e+02 | 78 -0.73839  2.05255e+02
 79 -0.69508  2.32702e+02 | 80 -0.70887  2.56163e+02 | 81 -0.87800  7.35097e+01
 82 -0.84129  1.43184e+02 | 83 -0.79634  1.63248e+02 | 84 -0.75331  1.34353e+02
 85 -0.83665  9.78784e+01 | 86 -0.99575  2.49721e+00 | 87 -0.80641  1.22348e+02
 88 -0.83639  8.17579e+01 | 89 -0.79875  1.60596e+02 | 90 -0.84493  6.29517e+01
 91 -0.75656  1.09453e+02 | 92 -0.74946  6.61624e+01 | 93 -0.84188 -4.39932e+01
 94 -0.92647 -9.06303e+01 | 95 -0.82514 -7.89817e+00 | 96 -0.71800 -1.10006e-03
 97 -0.35653 -2.77577e-03 | 98  0.15579  8.26805e-03 | 99  0.35084 -2.78578e+02
100  0.21827 -2.52092e+03 |101  0.15667 -5.34732e+03 |102  0.07308 -8.13546e+03
103 -0.16433 -9.81620e+02 |104 -0.19098 -2.42664e+02 |105 -0.14526 -3.17880e+02
106 -0.00138  2.53015e+04 |107  0.17664  1.57349e+04 |108 -0.00659  1.86282e+04
109  0.18331  1.00243e+04 |110  0.15129  5.56492e+03 |111  0.11176 -6.72803e+02
112 -0.06038 -7.96992e+02 |113 -0.32465 -1.43051e+03 |114 -0.20011  8.62926e+02
115 -0.20442  5.79141e+02 |116 -0.18570  3.82616e+02 |117  0.97015  9.68238e-01
118  0.96861  1.74117e+00 |119  0.03062 -1.35335e+03 |120 -0.07150 -1.36394e+03
121  0.08169 -1.26754e+03 |122 -0.08168 -1.25255e+03 |123  0.04624 -1.19799e+03
124  0.01085 -1.19152e+03 |125 -0.01187 -1.19456e+03 |126 -0.00006 -1.18050e+03
127  0.01542 -9.24077e+02 |128 -0.01679 -9.20978e+02 |129  0.00247 -8.98985e+02
130 -0.00587 -8.32007e+02 |131  0.00069 -7.32012e+02 |132 -0.00087 -6.61270e+02
133  0.00250 -4.81111e+02 |134  0.00238 -4.38814e+02 |135 -0.00102 -3.59631e+02
136  0.01369 -2.40117e+02 |137 -0.00445 -2.01541e+02 |138 -0.01763 -2.03172e+02
139  0.01048 -2.01415e+02 |140  0.13038 -1.84331e+02 |141 -0.32428 -2.60110e+02
142 -0.03613 -1.18623e+02 |143  0.23708 -1.24184e+02 |144 -0.02459 -2.09679e+02
145  0.01483 -2.78109e+02 |146 -0.00621 -2.32570e+02 |147  0.01310 -2.00571e+02
148 -0.01178 -1.94792e+02 |149 -0.00032 -1.84956e+02 |150  0.02564 -1.64447e+02
151 -0.02939 -1.19044e+02 |152 -0.01310 -7.14441e+01 |153  0.00683  3.78136e+01
154  0.02161  6.45337e+01 |155  0.00770  7.48122e+01 |156 -0.04249  6.68307e+01
157  0.00463  4.01612e+01 |158  0.10100 -5.99684e-01 |159 -0.08748 -7.98805e+01
160  0.01872 -7.32857e+00 |161 -0.01007 -6.35764e+00 |162 -0.01544 -5.91552e+00
163  0.00694 -5.96476e+01 |164  0.00360 -7.97788e+01 |165  0.00046 -5.89642e+01
166  0.01023 -7.14745e+01 |167 -0.02391 -8.95490e+01 |168  0.00281 -9.94901e+01
169  0.12169 -1.18710e+02 |170 -0.32242 -2.07124e+02 |171  0.19121 -2.59160e+02
172  0.01863 -3.60850e+02 |173 -0.00409 -3.32957e+02 |174 -0.00441 -2.56014e+02
175  0.00314 -2.39979e+02 |176 -0.00215 -2.11602e+02 |177  0.00149 -1.98037e+02
178  0.02359 -1.60388e+02 |179 -0.01616 -1.83011e+02 |180  0.00504 -1.63361e+02
181 -0.01323 -1.89491e+02 |182  0.00772  4.49332e+01 |183 -0.00817  3.87108e+01
184  0.00128  3.17594e-01 |185  0.00129  3.18906e-01 |186  0.00128  3.16576e-01
187  0.00151 -1.11526e+04 |188  0.01965 -1.09437e+04 |189 -0.04650 -1.08199e+04
190  0.06131 -1.05011e+04 |191 -0.04252 -1.04742e+04 |192  0.04835 -1.04247e+04
193 -0.03431 -1.03184e+04 |194 -0.00576 -1.01416e+04 |195 -0.00898 -9.61616e+03
196  0.00408 -9.95295e+03 |197 -0.01346 -9.68678e+03 |198  0.00874 -9.06567e+03
199  0.00004 -8.43378e+03 |200  0.00251 -7.74147e+03 |201 -0.00499 -6.48389e+03
202  0.00444 -5.82787e+03 |203 -0.00117 -5.29405e+03 |204  0.00553 -4.20065e+03
205 -0.00265 -3.29603e+03 |206  0.01227 -3.07987e+03 |207 -0.01577 -2.98096e+03
208  0.00772 -2.82219e+03 |209  0.16446 -2.91705e+03 |210  0.08330 -2.90040e+03
211 -0.26731 -2.82204e+03 |212  0.02276 -4.11895e+03 |213 -0.01156 -4.88092e+03
214  0.00599 -5.03804e+03 |215 -0.00051 -5.45282e+03 |216  0.01571 -5.87061e+03
217 -0.01629 -6.10550e+03 |218 -0.00024 -7.22376e+03 |219  0.02187 -7.54584e+03
220 -0.01433 -8.42084e+03 |221 -0.00233 -8.29818e+03 |222 -0.00429 -8.07271e+03
223  0.00953 -8.06362e+03 |224  0.04778 -7.35585e+03 |225 -0.06120 -7.42647e+03
226  0.00870 -7.57295e+03 |227  0.00184 -7.81059e+03 |228 -0.00374 -7.74162e+03
229  0.00523 -8.47568e+03 |230 -0.00192 -8.67544e+03 |231 -0.00171 -8.97768e+03
232 -0.00086 -9.54450e+03 |233 -0.00290 -9.68221e+03 |234 -0.00260 -9.93389e+03
235  0.00134 -1.01720e+04 |236 -0.00173 -1.00721e+04 |237 -0.00167 -9.57355e+03
238  0.17751 -8.78471e+03 |239 -0.18710 -8.98113e+03 |240  0.00896 -8.96462e+03
241  0.00442 -8.39482e+03 |242 -0.00008 -7.14902e+03 |243 -0.00273 -6.13426e+03
244  0.00272 -6.04707e+03 |245 -0.00199 -5.91389e+03 |246 -0.00084 -5.12935e+03
247 -0.00177 -4.08159e+03 |248  0.00117 -3.65274e+03 |249  0.00183 -2.28582e+03
250 -0.00241 -1.18705e+03 |251  0.01109  1.92491e+01 |252  0.00005 -1.53532e-02
253  0.00011 -6.98032e-04 |254  0.00013  4.16320e-03 |255  0.01333 -2.29643e+04
256 -0.00169 -2.28864e+04 |257  0.00538 -2.26694e+04 |258 -0.03089 -2.22875e+04
259  0.03169 -2.20848e+04 |260 -0.04844 -2.23660e+04 |261  0.03071 -2.22017e+04
262  0.00689 -2.13678e+04 |263  0.00479 -2.05806e+04 |264 -0.01833 -2.07756e+04
265  0.01221 -2.07830e+04 |266 -0.00934 -2.02184e+04 |267 -0.00190 -1.96829e+04
268 -0.00637 -1.91741e+04 |269  0.00976 -1.81174e+04 |270 -0.00215 -1.77069e+04
271  0.00101 -1.78386e+04 |272 -0.00530 -1.70216e+04 |273  0.00591 -1.63326e+04
274  0.00034 -1.62560e+04 |275  0.00544 -1.62571e+04 |276  0.00081 -1.63054e+04
277 -0.00576 -1.70327e+04 |278 -0.00699 -1.72131e+04 |279  0.02471 -1.63015e+04
280 -0.01859 -1.74150e+04 |281  0.00522 -1.81137e+04 |282 -0.00040 -1.83814e+04
283 -0.00067 -1.88229e+04 |284 -0.00830 -1.92137e+04 |285  0.01256 -1.87699e+04
286 -0.00626 -1.97218e+04 |287 -0.00422 -1.99576e+04 |288  0.00852 -2.06688e+04
289  0.00391 -2.02553e+04 |290 -0.00184 -1.98314e+04 |291 -0.01119 -1.96682e+04
292  0.00553 -1.89402e+04 |293  0.00424 -1.80127e+04 |294 -0.00641 -1.77366e+04
295  0.00310 -1.75142e+04 |296  0.00135 -1.70971e+04 |297 -0.00198 -1.75812e+04
298  0.00375 -1.75801e+04 |299 -0.00160 -1.73354e+04 |300 -0.00163 -1.71272e+04
301  0.00262 -1.68062e+04 |302 -0.00008 -1.69267e+04 |303 -0.00061 -1.70167e+04
304 -0.00570 -1.69093e+04 |305 -0.00260 -1.62623e+04 |306 -0.00186 -1.56043e+04
307  0.01283 -1.49156e+04 |308 -0.00686 -1.45517e+04 |309  0.00179 -1.36934e+04
310  0.00948 -1.28000e+04 |311  0.00093 -1.20420e+04 |312 -0.00349 -1.14891e+04
313 -0.00418 -1.13528e+04 |314 -0.00084 -1.00815e+04 |315 -0.00198 -8.33796e+03
316 -0.00295 -6.77324e+03 |317  0.00017 -4.93944e+03 |318  0.00558 -2.81104e+03
319 -0.00712 -1.27361e+03 |320  0.00584  1.36885e+00 |321  0.00589  1.38179e+00
322  0.00597  1.39799e+00 |
322 variables; iteration 100; function evaluation 106; phase 5
Function value 4.0393667e+03; maximum gradient component mag -2.6436e+04
Var    Value     Gradient |Var    Value     Gradient |Var    Value     Gradient
  1 -0.03647 -2.64357e+04 |  2 -0.03040 -7.04682e+00 |  3  0.17386  6.64996e+01
  4 -0.06453 -8.81124e-01 |  5 -0.05605  1.67435e+00 |  6  0.01961 -8.79210e+01
  7  0.04009 -6.06171e+01 |  8 -0.00669  4.62863e+01 |  9  0.11389  1.48510e+02
 10 -0.11540  3.43326e+02 | 11  0.25685  5.67253e+02 | 12 -0.28756  3.21482e+02
 13 -0.01096  4.81980e+02 | 14 -0.10716  4.52934e+02 | 15 -0.10793  4.61699e+02
 16  0.25480  7.34375e+02 | 17  0.02136  4.91327e+02 | 18 -0.07509  4.72616e+02
 19 -0.02582  5.07737e+02 | 20  0.00273  5.53186e+02 | 21 -0.05713  5.62538e+02
 22  0.04255  5.73095e+02 | 23 -0.08186  5.16048e+02 | 24 -0.01232  6.94510e+02
 25  0.02473  7.67455e+02 | 26  0.02452  7.07687e+02 | 27 -0.08436  5.40610e+02
 28  0.01469  6.34794e+02 | 29  0.05403  7.43795e+02 | 30 -0.06408  7.06446e+02
 31 -0.15440  4.84117e+02 | 32  0.03546  6.41886e+02 | 33  0.04704  6.76096e+02
 34  0.04832  6.91901e+02 | 35  0.04520  6.87565e+02 | 36 -0.06140  5.71283e+02
 37 -0.00782  6.03276e+02 | 38  0.02103  3.92433e+02 | 39 -0.14499  3.33978e+02
 40  0.19208  8.13476e+02 | 41  0.02712  4.63991e+02 | 42  0.08556  4.65921e+02
 43 -0.07435  2.94178e+02 | 44  0.17336 -4.66825e+02 | 45 -0.04525  1.28780e+02
 46 -0.04436 -8.46847e+01 | 47 -0.02985 -2.99414e+02 | 48 -0.07812  1.15452e+02
 49  0.11641 -1.25235e+03 | 50  0.02036 -3.63535e+02 | 51  0.00021 -4.04428e+02
 52  0.01742 -6.06560e+02 | 53 -0.03017 -2.13955e+02 | 54  0.08306 -1.65528e+03
 55  0.02100 -7.29690e+02 | 56 -0.04223 -2.91454e+02 | 57 -0.06343 -5.20472e+02
 58  0.08701 -2.84517e+03 | 59 -0.05045 -6.42683e+02 | 60  0.03164 -6.44700e+02
 61  0.00417 -7.00834e+02 | 62  0.05858 -1.76788e+03 | 63  0.09594 -1.18879e+03
 64 -0.04910 -2.10418e+02 | 65 -0.00584 -8.69094e+02 | 66  0.02155 -1.39459e+03
 67 -0.00065 -1.23705e+03 | 68 -0.04251 -3.37741e+02 | 69  0.00611 -4.04864e+02
 70  0.01193 -1.25900e+02 | 71  0.15995 -3.89821e+02 | 72 -0.05362  1.90505e+02
 73 -0.03003  1.70437e+02 | 74 -0.05084  1.48758e+02 | 75 -0.54409 -4.33472e+01
 76 -0.69455  1.33529e+02 | 77 -0.76701  2.46105e+02 | 78 -0.75467  1.86938e+02
 79 -0.68959  2.48137e+02 | 80 -0.70347  2.77229e+02 | 81 -0.88430  7.22583e+01
 82 -0.84397  1.40559e+02 | 83 -0.79235  1.82747e+02 | 84 -0.75504  1.36981e+02
 85 -0.85560  7.65598e+01 | 86 -0.99554  2.74964e+00 | 87 -0.81193  1.20822e+02
 88 -0.83122  8.79744e+01 | 89 -0.79811  1.61645e+02 | 90 -0.84589  6.41341e+01
 91 -0.74651  1.32774e+02 | 92 -0.76053  5.54275e+01 | 93 -0.76847  1.29840e+01
 94 -0.84240 -5.71594e+01 | 95 -0.82764 -1.79665e+01 | 96 -0.71799 -6.22220e-04
 97 -0.35655 -1.24646e-03 | 98  0.15631  2.42263e-03 | 99  0.36028 -2.31202e+02
100  0.22034 -2.39057e+03 |101  0.15649 -5.05636e+03 |102  0.07340 -7.95668e+03
103 -0.16452 -1.02798e+03 |104 -0.19238 -2.84470e+02 |105 -0.14433 -2.57875e+02
106 -0.00142  2.53939e+04 |107  0.17707  1.58821e+04 |108 -0.00713  1.86054e+04
109  0.18427  1.00535e+04 |110  0.14943  5.48959e+03 |111  0.11157 -6.75494e+02
112 -0.06025 -8.26137e+02 |113 -0.32407 -1.45767e+03 |114 -0.19875  9.25652e+02
115 -0.20469  5.81691e+02 |116 -0.19218  3.64915e+02 |117  0.90642  2.86379e+00
118  0.89616  5.78734e+00 |119  0.06183 -1.12075e+03 |120 -0.10558 -1.15072e+03
121  0.07719 -1.03614e+03 |122 -0.07527 -1.01935e+03 |123  0.05285 -9.67583e+02
124  0.01063 -9.69156e+02 |125 -0.01357 -9.73693e+02 |126 -0.00302 -9.63549e+02
127  0.01206 -7.53384e+02 |128 -0.01489 -7.48567e+02 |129  0.00177 -7.26617e+02
130 -0.00558 -6.71304e+02 |131  0.00225 -5.85381e+02 |132 -0.00435 -5.30252e+02
133  0.00164 -3.75815e+02 |134  0.00032 -3.17895e+02 |135  0.00684 -2.01095e+02
136  0.01514 -1.39921e+02 |137 -0.01086 -1.22776e+02 |138 -0.01360 -1.20165e+02
139  0.00435 -1.39973e+02 |140  0.15058 -7.53212e+01 |141 -0.32951 -1.67147e+02
142 -0.06150 -3.51372e+01 |143  0.25825 -1.37603e+01 |144 -0.03351 -1.16372e+02
145  0.01616 -1.56581e+02 |146 -0.00369 -1.05557e+02 |147  0.00944 -8.09448e+01
148 -0.00787 -6.43745e+01 |149  0.00428 -6.45113e+01 |150  0.01943 -5.64146e+01
151 -0.02645 -1.60200e+00 |152 -0.01625  3.48417e+01 |153  0.01012  1.47207e+02
154  0.01522  1.64337e+02 |155 -0.00108  1.96156e+02 |156 -0.07077  1.93928e+02
157  0.04468  1.97667e+02 |158  0.10685  1.66929e+02 |159 -0.09565  8.54547e+01
160  0.01383  2.16473e+02 |161 -0.00362  2.41748e+02 |162 -0.01499  2.42616e+02
163  0.00718  1.91033e+02 |164  0.00332  1.74268e+02 |165 -0.00055  1.99050e+02
166  0.00138  1.94563e+02 |167 -0.01429  1.97122e+02 |168  0.00193  2.06153e+02
169  0.18922  3.14782e+02 |170 -0.40386  1.53062e+02 |171  0.20282  1.16762e+02
172  0.01311 -4.32463e+01 |173  0.00256 -2.02303e+01 |174 -0.00104  2.04357e+01
175  0.00079  2.64927e+01 |176 -0.00118  3.99652e+01 |177 -0.00287  1.42956e+01
178  0.03825  3.59109e+01 |179 -0.02771  3.76696e+00 |180  0.01378  2.54369e-01
181 -0.02565 -5.82240e+01 |182  0.01077  7.31006e+01 |183  0.00195  5.93978e+01
184  0.00203  4.99786e-01 |185  0.00203  5.01469e-01 |186  0.00202  4.98028e-01
187  0.00118 -1.05883e+04 |188  0.02187 -1.04218e+04 |189 -0.04379 -1.03263e+04
190  0.05264 -1.00445e+04 |191 -0.04028 -1.01576e+04 |192  0.04943 -1.01083e+04
193 -0.03488 -1.00005e+04 |194 -0.00678 -9.81782e+03 |195 -0.00832 -9.32238e+03
196  0.00401 -9.57054e+03 |197 -0.00930 -9.25494e+03 |198  0.00565 -8.71356e+03
199  0.00037 -8.07130e+03 |200  0.00479 -7.44373e+03 |201 -0.00817 -6.38401e+03
202  0.00532 -5.69493e+03 |203 -0.00227 -5.15103e+03 |204  0.00630 -4.05372e+03
205 -0.00204 -3.14328e+03 |206  0.01026 -2.95622e+03 |207 -0.01321 -2.82471e+03
208  0.00669 -2.65797e+03 |209  0.15375 -2.81322e+03 |210  0.09803 -2.78305e+03
211 -0.26809 -2.70276e+03 |212  0.02020 -4.08245e+03 |213 -0.01190 -4.84876e+03
214  0.00553 -5.07496e+03 |215 -0.00271 -5.51201e+03 |216  0.01985 -5.86974e+03
217 -0.01801 -6.17918e+03 |218 -0.00184 -7.29138e+03 |219  0.02244 -7.54642e+03
220 -0.01355 -8.29693e+03 |221 -0.00162 -8.17748e+03 |222 -0.00546 -7.97485e+03
223  0.01024 -7.95001e+03 |224  0.06496 -7.28642e+03 |225 -0.08031 -7.33188e+03
226  0.01028 -7.42512e+03 |227  0.00137 -7.61358e+03 |228 -0.00404 -7.48589e+03
229  0.00570 -8.22935e+03 |230 -0.00191 -8.42913e+03 |231 -0.00198 -8.75681e+03
232  0.00006 -9.26905e+03 |233 -0.00308 -9.41380e+03 |234 -0.00195 -9.63784e+03
235 -0.00006 -9.92430e+03 |236 -0.00249 -9.74202e+03 |237 -0.00136 -9.01026e+03
238  0.18735 -7.97430e+03 |239 -0.19631 -8.22786e+03 |240  0.00972 -8.29096e+03
241  0.00412 -7.73181e+03 |242  0.00055 -6.55377e+03 |243 -0.00314 -5.62272e+03
244  0.00088 -5.57431e+03 |245 -0.00059 -5.38963e+03 |246 -0.00096 -4.65587e+03
247 -0.00083 -3.59066e+03 |248  0.00088 -3.21545e+03 |249  0.00206 -2.00875e+03
250 -0.00329 -1.10654e+03 |251  0.01295  6.56668e+01 |252 -0.00027 -7.30829e-02
253 -0.00018 -5.04348e-02 |254 -0.00016 -4.58623e-02 |255  0.01312 -2.17133e+04
256 -0.00287 -2.18185e+04 |257  0.00716 -2.15802e+04 |258 -0.02547 -2.13417e+04
259  0.02533 -2.12655e+04 |260 -0.04700 -2.14454e+04 |261  0.03035 -2.12026e+04
262  0.00851 -2.03280e+04 |263  0.00376 -1.96321e+04 |264 -0.01948 -1.97495e+04
265  0.01122 -1.97398e+04 |266 -0.00827 -1.92208e+04 |267 -0.00187 -1.86556e+04
268 -0.00596 -1.81923e+04 |269  0.01003 -1.73012e+04 |270 -0.00183 -1.68660e+04
271  0.00062 -1.71031e+04 |272 -0.00653 -1.62965e+04 |273  0.00572 -1.55758e+04
274  0.00116 -1.54897e+04 |275  0.00392 -1.55189e+04 |276  0.00215 -1.55118e+04
277 -0.00549 -1.62864e+04 |278 -0.00595 -1.65480e+04 |279  0.02012 -1.57435e+04
280 -0.01513 -1.68790e+04 |281  0.00553 -1.76031e+04 |282 -0.00023 -1.78938e+04
283  0.00010 -1.83836e+04 |284 -0.01019 -1.88537e+04 |285  0.01269 -1.84636e+04
286 -0.00677 -1.93440e+04 |287 -0.00373 -1.94550e+04 |288  0.00897 -2.00763e+04
289  0.00320 -1.96720e+04 |290 -0.00031 -1.92352e+04 |291 -0.01189 -1.91725e+04
292  0.00540 -1.85026e+04 |293  0.00525 -1.75774e+04 |294 -0.00820 -1.72840e+04
295  0.00426 -1.69602e+04 |296  0.00207 -1.65570e+04 |297 -0.00178 -1.71033e+04
298  0.00366 -1.72126e+04 |299 -0.00267 -1.70961e+04 |300 -0.00203 -1.68751e+04
301  0.00228 -1.65340e+04 |302  0.00060 -1.65958e+04 |303 -0.00128 -1.67102e+04
304 -0.00485 -1.64899e+04 |305 -0.00381 -1.57036e+04 |306  0.00031 -1.48491e+04
307  0.01200 -1.41994e+04 |308 -0.00808 -1.39188e+04 |309  0.00283 -1.30043e+04
310  0.00893 -1.21770e+04 |311  0.00188 -1.14405e+04 |312 -0.00377 -1.09978e+04
313 -0.00408 -1.08347e+04 |314 -0.00088 -9.65974e+03 |315 -0.00297 -7.97424e+03
316 -0.00189 -6.35963e+03 |317  0.00097 -4.66326e+03 |318  0.00508 -2.71621e+03
319 -0.00746 -1.24998e+03 |320  0.00912  2.23284e+00 |321  0.00920  2.25245e+00
322  0.00931  2.27795e+00 |
322 variables; iteration 120; function evaluation 136; phase 5
Function value 3.4608974e+03; maximum gradient component mag -1.3207e+04
Var    Value     Gradient |Var    Value     Gradient |Var    Value     Gradient
  1 -0.03449 -6.19959e+03 |  2 -0.39636 -6.48451e+01 |  3  0.08107  1.33732e+01
  4  0.09925  1.90918e+02 |  5 -0.01542  8.08667e+01 |  6  0.02274 -3.33944e+01
  7  0.05973 -4.17494e+00 |  8 -0.07313 -4.47220e+01 |  9  0.03229 -8.15256e+01
 10  0.04708  1.55732e+02 | 11  0.21871  6.45754e+01 | 12 -0.20331  1.58350e+02
 13 -0.00714  2.45503e+02 | 14 -0.10402  1.47240e+02 | 15 -0.10124  1.75520e+02
 16  0.25278  5.27636e+02 | 17  0.00380  1.77975e+02 | 18 -0.09051  1.55919e+02
 19 -0.03100  2.31383e+02 | 20 -0.02407  1.32983e+02 | 21 -0.06611  2.34680e+02
 22  0.04050  2.81223e+02 | 23 -0.09813  1.67797e+02 | 24 -0.02170  3.10457e+02
 25  0.02112  3.19445e+02 | 26  0.01705  2.13747e+02 | 27 -0.09927  2.70439e+02
 28  0.00269  2.00709e+02 | 29  0.06664  3.60409e+02 | 30 -0.09565  1.40935e+02
 31 -0.11250  1.96366e+02 | 32  0.05820  3.48377e+02 | 33  0.04391  2.08477e+02
 34  0.01398  1.54662e+02 | 35  0.07278  3.03140e+02 | 36 -0.10384  8.27847e+01
 37  0.00696  2.96735e+02 | 38  0.04326  3.23423e+01 | 39 -0.17305 -3.51391e+00
 40  0.19298  2.24311e+02 | 41  0.04036  3.08850e+02 | 42  0.05504 -9.51929e+01
 43 -0.07695  8.35278e+01 | 44  0.17112 -3.07739e+01 | 45 -0.04498  3.20592e+01
 46 -0.05631 -7.84498e+01 | 47 -0.04576 -3.46448e+02 | 48 -0.09220  6.72119e+01
 49  0.11595 -1.34174e+02 | 50  0.02377  8.41895e+01 | 51  0.01951  1.68672e+02
 52  0.00208 -4.24822e+02 | 53 -0.03602 -5.23290e+01 | 54  0.09027 -1.32998e+02
 55  0.00913 -2.09985e+02 | 56 -0.04930 -2.35287e+02 | 57 -0.07532 -4.53159e+02
 58  0.09032 -3.17967e+02 | 59 -0.04260 -3.09131e+02 | 60  0.01873 -4.96596e+02
 61  0.00352 -2.02472e+02 | 62  0.06654 -4.49270e+02 | 63  0.09212 -7.88326e+02
 64 -0.07184 -2.50828e+02 | 65 -0.00748 -1.17552e+02 | 66  0.02743 -7.44195e+02
 67 -0.00677 -6.18043e+02 | 68 -0.04826 -1.67455e+02 | 69  0.01624 -6.99740e+02
 70  0.00547 -1.94265e+02 | 71  0.15804 -7.42737e+01 | 72 -0.05665 -1.20593e+02
 73 -0.03391 -1.49239e+02 | 74 -0.03783  2.81098e+02 | 75 -0.66715 -2.47653e+02
 76 -0.70100  2.76684e+00 | 77 -0.77847  9.17189e+01 | 78 -0.73292  4.23489e+01
 79 -0.71449  1.16381e+02 | 80 -0.72696  1.20242e+02 | 81 -0.87112 -1.81447e+01
 82 -0.85655  1.59009e+01 | 83 -0.80005  9.90413e+01 | 84 -0.74775  4.45433e+01
 85 -0.82034  3.15939e+01 | 86 -0.99329  1.11389e-01 | 87 -0.79297  6.56654e+01
 88 -0.80929  4.15026e+01 | 89 -0.79463  8.24756e+01 | 90 -0.83486  1.81957e+00
 91 -0.73982  1.04721e+02 | 92 -0.77755  2.65991e+01 | 93 -0.79728 -1.64004e+01
 94 -0.87272 -9.76653e+01 | 95 -0.84341 -7.72251e+00 | 96 -0.71774 -1.88134e-05
 97 -0.35700 -3.00896e-05 | 98  0.17168  8.51369e-05 | 99  0.59815  4.32846e+01
100  0.21841 -1.81705e+03 |101  0.15622 -2.83281e+03 |102  0.08042 -2.74801e+03
103 -0.16880 -4.94890e+01 |104 -0.19620  6.15582e+02 |105 -0.14176  5.83227e+02
106 -0.00089  1.36263e+03 |107  0.17013  1.98529e+03 |108 -0.01110  3.40699e+03
109  0.17289  2.01936e+03 |110  0.14870  1.46938e+03 |111  0.13344 -2.80347e+02
112 -0.06082 -3.57114e+02 |113 -0.32340  2.72357e+01 |114 -0.21306  4.09764e+02
115 -0.21475  2.74819e+02 |116 -0.21812  1.71746e+02 |117  0.06064  4.52972e+01
118 -0.20018  2.50338e+02 |119  0.48725  2.98841e+02 |120 -0.53238  1.26682e+02
121  0.01749  3.14908e+02 |122 -0.05604  3.14752e+02 |123  0.06812  3.61394e+02
124  0.02369  3.61120e+02 |125 -0.05004  3.42251e+02 |126 -0.02971  3.50920e+02
127  0.03394  5.62325e+02 |128 -0.00005  5.65982e+02 |129 -0.00495  5.69259e+02
130  0.00737  5.95944e+02 |131  0.00459  5.47327e+02 |132 -0.00627  5.23443e+02
133 -0.01131  4.18830e+02 |134 -0.00127  4.23684e+02 |135 -0.00227  4.32822e+02
136  0.01294  4.67835e+02 |137  0.00675  4.92681e+02 |138 -0.01692  4.65688e+02
139  0.00045  3.89230e+02 |140  0.12304  3.53078e+02 |141 -0.25292  2.46817e+02
142  0.02838  4.19494e+02 |143  0.10436  3.32004e+02 |144 -0.01994  3.07876e+02
145  0.03813  2.50903e+02 |146 -0.00845  2.33430e+02 |147  0.00706  2.26251e+02
148 -0.01685  2.16449e+02 |149 -0.01445  2.04731e+02 |150  0.04350  2.33971e+02
151 -0.03968  2.43810e+02 |152  0.00020  2.97886e+02 |153 -0.00158  3.29274e+02
154  0.00901  3.38532e+02 |155  0.05085  3.99895e+02 |156 -0.25364  2.98055e+02
157  0.19400  7.68770e+02 |158  0.01256  5.81087e+02 |159 -0.01110  5.76004e+02
160  0.03020  5.19366e+02 |161 -0.00891  4.96282e+02 |162 -0.01969  4.78007e+02
163  0.00872  3.62476e+02 |164 -0.01065  2.96536e+02 |165  0.00150  2.79927e+02
166  0.00368  2.37776e+02 |167 -0.01576  2.27016e+02 |168  0.00404  1.53913e+02
169  0.13563 -2.10774e+02 |170 -0.22794 -2.86464e+02 |171  0.08260 -3.22276e+02
172  0.02076 -4.16057e+02 |173 -0.00482 -4.18729e+02 |174  0.01819 -3.62319e+02
175 -0.03089 -3.72399e+02 |176 -0.00978 -3.23177e+02 |177  0.00683 -1.39802e+02
178  0.15809 -1.73157e+01 |179 -0.14429 -9.05781e+01 |180  0.02189  1.29002e+01
181 -0.02008 -4.39333e+01 |182 -0.01569  2.97648e+00 |183  0.01586  4.84252e+01
184  0.00989  2.44041e+00 |185  0.00992  2.44658e+00 |186  0.00986  2.43185e+00
187 -0.00633 -8.04072e+03 |188  0.03148 -8.05579e+03 |189 -0.02652 -8.13595e+03
190  0.01305 -7.90649e+03 |191 -0.04235 -8.12467e+03 |192  0.05885 -7.74287e+03
193 -0.01454 -7.35940e+03 |194 -0.00300 -7.26885e+03 |195 -0.01733 -7.04376e+03
196  0.00441 -6.77842e+03 |197 -0.00425 -6.63836e+03 |198  0.00142 -6.30747e+03
199  0.00357 -6.01357e+03 |200  0.00225 -6.06909e+03 |201 -0.01070 -5.39155e+03
202  0.01339 -5.05148e+03 |203 -0.00222 -5.14911e+03 |204  0.00395 -4.98448e+03
205 -0.00570 -4.62192e+03 |206  0.00423 -5.02504e+03 |207  0.00321 -4.95402e+03
208 -0.00049 -5.24181e+03 |209  0.10355 -5.55465e+03 |210  0.03940 -5.55085e+03
211 -0.19878 -5.44489e+03 |212  0.04851 -6.18921e+03 |213 -0.01240 -6.25279e+03
214  0.02350 -5.97061e+03 |215 -0.01617 -6.68925e+03 |216  0.01946 -7.09761e+03
217 -0.01277 -7.06278e+03 |218 -0.01309 -7.73659e+03 |219  0.02750 -7.84514e+03
220 -0.02267 -7.60239e+03 |221  0.01064 -6.81613e+03 |222 -0.00856 -6.77279e+03
223  0.00359 -6.53670e+03 |224  0.15653 -5.34078e+03 |225 -0.17830 -5.01045e+03
226  0.02112 -4.38960e+03 |227  0.00091 -4.10032e+03 |228  0.00136 -4.09611e+03
229  0.00303 -4.29730e+03 |230 -0.00691 -4.32807e+03 |231  0.00503 -4.16939e+03
232  0.00120 -4.59987e+03 |233 -0.00254 -4.65730e+03 |234 -0.00194 -4.59770e+03
235  0.00617 -4.64390e+03 |236 -0.00729 -4.78006e+03 |237 -0.00192 -4.68256e+03
238  0.08001 -4.99802e+03 |239 -0.07869 -5.15367e+03 |240 -0.00489 -5.15377e+03
241  0.01584 -4.68400e+03 |242 -0.00101 -4.44531e+03 |243 -0.00634 -4.03405e+03
244 -0.00560 -3.89892e+03 |245  0.00481 -3.69706e+03 |246 -0.00311 -3.16025e+03
247 -0.00675 -2.53694e+03 |248  0.00344 -1.66985e+03 |249  0.00128 -9.16004e+02
250  0.00543 -4.68092e+02 |251 -0.00171 -1.40841e+02 |252 -0.00443 -1.09281e+00
253 -0.00401 -9.89419e-01 |254 -0.00402 -9.92946e-01 |255  0.01034 -1.21637e+04
256 -0.00529 -1.25848e+04 |257  0.01070 -1.26029e+04 |258 -0.00053 -1.29090e+04
259 -0.00066 -1.32072e+04 |260 -0.03993 -1.31714e+04 |261  0.02962 -1.24592e+04
262  0.01936 -1.17828e+04 |263 -0.01558 -1.15640e+04 |264 -0.01371 -1.10973e+04
265  0.00634 -1.11203e+04 |266 -0.00429 -1.06640e+04 |267 -0.00416 -1.04251e+04
268 -0.00452 -1.01798e+04 |269  0.01389 -9.42503e+03 |270 -0.00551 -9.34834e+03
271  0.00027 -9.61754e+03 |272 -0.00800 -9.40565e+03 |273  0.01336 -8.61392e+03
274 -0.00173 -9.03132e+03 |275 -0.01258 -9.12475e+03 |276  0.01208 -8.68406e+03
277  0.00087 -9.08124e+03 |278  0.00144 -9.18725e+03 |279  0.04711 -9.27103e+03
280 -0.05563 -9.89998e+03 |281  0.01016 -9.93067e+03 |282 -0.00516 -1.01043e+04
283  0.00698 -1.07359e+04 |284 -0.01352 -1.10303e+04 |285  0.00731 -1.07183e+04
286  0.00519 -1.08316e+04 |287 -0.01379 -1.13233e+04 |288  0.01470 -1.12121e+04
289  0.00410 -1.08892e+04 |290 -0.00125 -1.06000e+04 |291 -0.00518 -1.07204e+04
292 -0.00174 -9.81043e+03 |293  0.01049 -8.88793e+03 |294 -0.01088 -8.08099e+03
295  0.00991 -7.60351e+03 |296 -0.01152 -8.26824e+03 |297  0.00402 -8.23029e+03
298  0.00363 -8.37787e+03 |299 -0.00433 -8.20810e+03 |300 -0.00224 -7.93768e+03
301 -0.00023 -7.68020e+03 |302  0.00748 -7.28058e+03 |303 -0.00413 -7.67096e+03
304 -0.00517 -7.47739e+03 |305  0.00263 -6.88072e+03 |306 -0.00311 -6.89753e+03
307  0.00391 -6.70750e+03 |308  0.00462 -6.28831e+03 |309 -0.00625 -5.93762e+03
310  0.01047 -5.54631e+03 |311  0.00015 -5.35102e+03 |312  0.00034 -4.77265e+03
313 -0.00918 -4.49515e+03 |314  0.00578 -3.57948e+03 |315 -0.00218 -2.89518e+03
316  0.00251 -1.90334e+03 |317  0.00744 -1.18835e+03 |318 -0.00984 -1.18466e+03
319  0.00036 -4.25658e+02 |320  0.04407  1.08388e+01 |321  0.04443  1.09259e+01
322  0.04485  1.10287e+01 |
322 variables; iteration 140; function evaluation 156; phase 5
Function value 3.2295979e+03; maximum gradient component mag -1.0530e+04
Var    Value     Gradient |Var    Value     Gradient |Var    Value     Gradient
  1 -0.03624 -3.68102e+03 |  2 -0.06040 -1.52499e+01 |  3  0.11332 -2.87836e+01
  4 -0.27234 -5.31498e+01 |  5  0.01345  7.22840e+01 |  6  0.04837  4.20160e+01
  7  0.06732  1.05911e+02 |  8  0.02816  5.16101e+01 |  9 -0.00856 -1.14040e+02
 10  0.07572  1.33451e+02 | 11  0.21502  1.04961e+02 | 12 -0.17599  1.33050e+02
 13 -0.01927  1.47423e+02 | 14 -0.13921  7.71381e+01 | 15 -0.13009  1.09171e+02
 16  0.24904  5.06144e+02 | 17  0.00073  1.49280e+02 | 18 -0.08433  1.25585e+02
 19 -0.04151  1.43258e+02 | 20 -0.01733  1.24954e+02 | 21 -0.07001  1.75657e+02
 22  0.04954  3.01041e+02 | 23 -0.10145  1.32190e+02 | 24 -0.03337  9.01007e+01
 25  0.01181  1.30253e+02 | 26  0.03997  2.30171e+02 | 27 -0.09183  1.63333e+02
 28 -0.00859  5.89286e+01 | 29  0.05696  1.65241e+02 | 30 -0.08364  4.90405e+01
 31 -0.24367  2.83777e+01 | 32  0.07388  3.05490e+02 | 33  0.05307  1.18497e+02
 34  0.07233  1.82069e+02 | 35  0.01953 -5.13722e+01 | 36 -0.07962  6.68030e+00
 37 -0.00324  1.26860e+02 | 38  0.07884  1.21421e+02 | 39 -0.14660 -1.09894e+01
 40  0.20715  6.62571e+01 | 41 -0.00044 -1.95771e+01 | 42  0.06851 -9.80214e+01
 43 -0.07311  3.84079e+00 | 44  0.17797 -3.96739e+01 | 45 -0.04874 -7.36894e+01
 46 -0.03670 -9.01006e+01 | 47 -0.02400 -1.53286e+02 | 48 -0.10658 -1.34402e+02
 49  0.11569 -3.36111e+02 | 50  0.00360 -2.47536e+02 | 51  0.00809 -1.36766e+02
 52  0.01518 -2.31434e+02 | 53 -0.03810 -6.26368e+01 | 54  0.08520 -3.08620e+02
 55  0.00158 -3.32238e+02 | 56 -0.04649 -1.55872e+02 | 57 -0.06594 -3.10451e+02
 58  0.09354  2.58192e+02 | 59 -0.02891 -7.38756e+01 | 60  0.01471 -4.16916e+02
 61  0.01191  1.45207e+02 | 62  0.07413  9.59327e+01 | 63  0.09354 -3.73625e+02
 64 -0.06286 -6.53866e+01 | 65 -0.01116 -1.80847e+01 | 66  0.03052 -3.17897e+02
 67  0.00809 -1.20604e+02 | 68 -0.05264 -1.06701e+02 | 69  0.02530 -3.81868e+02
 70  0.01254 -1.10416e+01 | 71  0.15738 -8.84296e+01 | 72 -0.05981 -1.44791e+02
 73 -0.03475 -1.91406e+02 | 74 -0.04170  2.04717e+02 | 75 -0.64324 -1.75790e+02
 76 -0.74765 -4.64319e+01 | 77 -0.77287  5.77885e+01 | 78 -0.76682 -8.03936e+00
 79 -0.70599  7.70065e+01 | 80 -0.72205  7.00208e+01 | 81 -0.85962 -4.41656e+01
 82 -0.84843 -5.60193e-01 | 83 -0.79920  4.21789e+01 | 84 -0.76944 -1.82462e+01
 85 -0.82188 -1.90999e+01 | 86 -0.97377 -7.34422e+00 | 87 -0.82838 -9.19365e+00
 88 -0.82565 -7.11573e+00 | 89 -0.78698  4.34755e+01 | 90 -0.82648 -2.21374e+01
 91 -0.73695  7.31571e+01 | 92 -0.77118  1.16364e+01 | 93 -0.73393  8.81551e+01
 94 -0.81830  3.88559e+01 | 95 -0.83534  1.96090e+01 | 96 -0.71754 -7.80879e-06
 97 -0.35738 -1.38647e-05 | 98  0.18440  5.94378e-05 | 99  0.65634 -2.11937e+02
100  0.21793 -1.38757e+03 |101  0.15824 -2.32402e+03 |102  0.08521 -1.41457e+03
103 -0.16390  4.21943e+02 |104 -0.20550  6.32933e+02 |105 -0.14137  8.79476e+02
106 -0.00093 -9.02033e+02 |107  0.16685  4.72078e+02 |108 -0.01711  1.80831e+03
109  0.17321  1.24388e+03 |110  0.13430  9.48178e+02 |111  0.15488 -1.15301e+02
112 -0.05255  2.93800e+01 |113 -0.32147  4.57794e+02 |114 -0.23208  8.12939e+01
115 -0.20578  1.58126e+02 |116 -0.22391  1.20387e+02 |117  0.17474  5.10592e+01
118 -0.17347  1.53387e+02 |119  0.34404 -1.40399e+03 |120 -0.43551 -1.40846e+03
121  0.04213 -1.61982e+03 |122 -0.01018 -1.60499e+03 |123  0.01033 -1.59789e+03
124 -0.02080 -1.58133e+03 |125  0.00872 -1.55688e+03 |126 -0.00099 -1.55271e+03
127  0.00417 -1.48552e+03 |128  0.01575 -1.45732e+03 |129 -0.00306 -1.45953e+03
130 -0.01524 -1.45376e+03 |131 -0.00542 -1.46770e+03 |132  0.00395 -1.42924e+03
133  0.03240 -1.48760e+03 |134 -0.01030 -1.53838e+03 |135 -0.01855 -1.57006e+03
136  0.02414 -1.57839e+03 |137 -0.02459 -1.59427e+03 |138 -0.01529 -1.59685e+03
139  0.01232 -1.61954e+03 |140  0.08481 -1.63463e+03 |141 -0.11112 -1.68112e+03
142  0.05085 -1.56320e+03 |143 -0.02201 -1.64663e+03 |144 -0.01433 -1.57056e+03
145  0.02395 -1.58721e+03 |146  0.01365 -1.58075e+03 |147 -0.00751 -1.59546e+03
148 -0.01094 -1.58758e+03 |149  0.02912 -1.56205e+03 |150 -0.00798 -1.58288e+03
151 -0.03378 -1.50206e+03 |152 -0.00760 -1.44385e+03 |153  0.02961 -1.34993e+03
154 -0.01764 -1.36780e+03 |155 -0.01709 -1.22716e+03 |156 -0.00161 -1.11176e+03
157  0.00267 -1.08145e+03 |158  0.01455 -1.17662e+03 |159 -0.00476 -1.13555e+03
160  0.00728 -1.13945e+03 |161  0.00999 -1.07862e+03 |162 -0.02109 -1.08452e+03
163  0.00922 -1.06125e+03 |164  0.00324 -1.05769e+03 |165 -0.00750 -1.07172e+03
166 -0.00145 -1.03598e+03 |167 -0.01029 -9.60211e+02 |168  0.00113 -9.17334e+02
169  0.10182 -9.61832e+02 |170 -0.11597 -1.04180e+03 |171  0.01937 -7.20596e+02
172  0.01243 -7.67957e+02 |173 -0.00110 -7.34304e+02 |174 -0.00434 -6.54729e+02
175  0.00172 -6.37810e+02 |176 -0.00495 -5.97283e+02 |177 -0.00036 -4.70136e+02
178 -0.00618 -3.65221e+02 |179  0.01601 -3.09208e+02 |180 -0.00827 -2.26050e+02
181  0.00432 -1.35495e+02 |182 -0.00482 -3.47965e+01 |183 -0.00396 -1.18392e+01
184  0.00131  3.23481e-01 |185  0.00131  3.24249e-01 |186  0.00131  3.22276e-01
187  0.00476 -6.13636e+03 |188  0.00611 -5.97805e+03 |189 -0.00526 -6.03416e+03
190 -0.00236 -5.89420e+03 |191 -0.02186 -5.72433e+03 |192  0.04626 -5.48181e+03
193 -0.02166 -5.09770e+03 |194 -0.00330 -4.99295e+03 |195 -0.01026 -4.87102e+03
196  0.00687 -4.44114e+03 |197  0.00106 -4.32889e+03 |198 -0.00024 -4.15385e+03
199  0.00092 -4.28583e+03 |200  0.00815 -4.47430e+03 |201 -0.00994 -4.49214e+03
202  0.00241 -4.91199e+03 |203  0.00103 -4.94708e+03 |204  0.00311 -5.09638e+03
205 -0.00286 -5.51449e+03 |206  0.00588 -5.93124e+03 |207 -0.00532 -5.95132e+03
208  0.00721 -6.57404e+03 |209 -0.01153 -7.12601e+03 |210  0.11096 -6.64823e+03
211 -0.13052 -6.72760e+03 |212  0.02548 -6.61839e+03 |213 -0.00949 -7.11942e+03
214  0.00463 -6.96214e+03 |215 -0.00246 -7.24036e+03 |216  0.01334 -7.37573e+03
217 -0.01141 -7.23570e+03 |218 -0.01209 -7.18126e+03 |219  0.02985 -7.07107e+03
220 -0.01469 -6.55134e+03 |221  0.00624 -6.36623e+03 |222 -0.00704 -6.50308e+03
223 -0.00043 -6.23788e+03 |224  0.00741 -5.61782e+03 |225 -0.01298 -5.63447e+03
226  0.00029 -5.79485e+03 |227  0.01477 -5.28357e+03 |228 -0.01011 -5.50629e+03
229  0.00254 -5.44378e+03 |230 -0.00100 -5.38015e+03 |231 -0.00464 -5.16646e+03
232  0.00875 -4.75101e+03 |233 -0.00716 -4.89635e+03 |234 -0.00326 -4.66714e+03
235  0.00635 -4.06447e+03 |236  0.00003 -3.91770e+03 |237 -0.00362 -3.99130e+03
238  0.00104 -4.39755e+03 |239 -0.00427 -3.91774e+03 |240  0.00870 -3.96420e+03
241  0.00789 -4.25373e+03 |242 -0.00117 -4.12809e+03 |243 -0.01143 -3.90019e+03
244 -0.01233 -3.72014e+03 |245  0.00833 -2.98231e+03 |246  0.01083 -2.12980e+03
247 -0.01529 -1.89107e+03 |248 -0.00199 -1.10554e+03 |249  0.01110 -4.34984e+02
250 -0.00981 -2.72693e+02 |251  0.00661 -1.77949e+02 |252 -0.00106 -2.62188e-01
253 -0.00099 -2.45595e-01 |254 -0.00100 -2.46771e-01 |255  0.00864 -9.98738e+03
256  0.01443 -9.92921e+03 |257 -0.01160 -1.02004e+04 |258  0.00611 -1.04856e+04
259 -0.00820 -1.05302e+04 |260 -0.03448 -1.01346e+04 |261  0.03280 -9.28199e+03
262  0.01602 -8.90447e+03 |263 -0.01596 -8.81471e+03 |264 -0.02230 -8.24875e+03
265  0.01329 -7.92174e+03 |266 -0.00200 -7.53029e+03 |267 -0.00395 -7.64564e+03
268 -0.00142 -7.55539e+03 |269  0.00626 -7.41200e+03 |270 -0.00304 -7.65729e+03
271  0.00408 -7.59767e+03 |272  0.00235 -7.76718e+03 |273 -0.00076 -8.46191e+03
274  0.00007 -8.70663e+03 |275 -0.00616 -8.59069e+03 |276 -0.00135 -8.73399e+03
277  0.00638 -8.69203e+03 |278  0.01290 -8.29019e+03 |279  0.00685 -8.85695e+03
280 -0.01987 -8.76243e+03 |281  0.00190 -9.03103e+03 |282 -0.00016 -9.01177e+03
283  0.00034 -9.17554e+03 |284 -0.00362 -9.47765e+03 |285  0.00366 -9.17687e+03
286  0.00284 -9.00804e+03 |287 -0.01686 -9.07250e+03 |288  0.01891 -8.64179e+03
289  0.00325 -8.44688e+03 |290 -0.00807 -8.44719e+03 |291  0.00275 -7.79686e+03
292  0.00157 -7.26975e+03 |293  0.00280 -6.97140e+03 |294 -0.00562 -6.95108e+03
295  0.00110 -6.39769e+03 |296 -0.00440 -6.60379e+03 |297  0.00459 -6.44312e+03
298 -0.00166 -6.61139e+03 |299 -0.00054 -6.11496e+03 |300 -0.00277 -5.27833e+03
301  0.00453 -4.94762e+03 |302 -0.00190 -4.67974e+03 |303  0.00158 -4.26332e+03
304 -0.00341 -3.94110e+03 |305 -0.00243 -3.68592e+03 |306  0.00299 -3.56095e+03
307  0.00584 -3.35279e+03 |308 -0.00439 -3.30589e+03 |309 -0.00454 -3.16748e+03
310  0.01358 -2.62294e+03 |311  0.00143 -2.61845e+03 |312  0.00196 -2.26084e+03
313 -0.00801 -1.57489e+03 |314 -0.00127 -8.81067e+02 |315  0.00215 -2.29918e+02
316  0.00944  5.81758e+02 |317 -0.00056  8.83424e+02 |318  0.00779  6.13624e+02
319 -0.01097  3.29129e+02 |320  0.00605  1.49158e+00 |321  0.00611  1.50698e+00
322  0.00618  1.52414e+00 |
322 variables; iteration 160; function evaluation 176; phase 5
Function value 3.2161329e+03; maximum gradient component mag -1.0459e+04
Var    Value     Gradient |Var    Value     Gradient |Var    Value     Gradient
  1 -0.03586 -7.57943e+03 |  2 -0.09321 -2.46946e+01 |  3  0.09684 -5.24689e+01
  4 -0.23630 -4.96092e+01 |  5  0.00916  6.46357e+01 |  6  0.04423  2.74664e+01
  7  0.06299  8.84325e+01 |  8  0.02818  4.18648e+01 |  9 -0.01381 -1.23382e+02
 10  0.08179  1.97519e+02 | 11  0.21613  1.28615e+02 | 12 -0.17078  1.75338e+02
 13 -0.01996  1.75058e+02 | 14 -0.13998  1.14265e+02 | 15 -0.12668  1.49748e+02
 16  0.24714  4.72984e+02 | 17 -0.00105  1.73658e+02 | 18 -0.08401  1.57176e+02
 19 -0.04653  1.59968e+02 | 20 -0.01905  1.39737e+02 | 21 -0.06941  2.01766e+02
 22  0.05099  3.20499e+02 | 23 -0.10182  1.58975e+02 | 24 -0.03692  1.01822e+02
 25  0.01428  1.55621e+02 | 26  0.04202  2.51970e+02 | 27 -0.09365  1.76174e+02
 28 -0.01596  6.04761e+01 | 29  0.05750  1.67626e+02 | 30 -0.08860  5.59535e+01
 31 -0.22890  6.82729e+01 | 32  0.07438  2.95799e+02 | 33  0.05901  1.31496e+02
 34  0.06952  1.76876e+02 | 35  0.02083 -4.93716e+01 | 36 -0.07439  3.16643e+01
 37 -0.02577  6.71048e+01 | 38  0.08545  1.42262e+02 | 39 -0.14132  2.45767e+01
 40  0.20637 -2.90753e+01 | 41  0.00168 -1.01864e+01 | 42  0.06757 -1.05966e+02
 43 -0.07198  3.34811e+01 | 44  0.17666 -1.93378e+02 | 45 -0.05066 -7.62582e+01
 46 -0.03620 -7.46060e+01 | 47 -0.02028 -1.02558e+02 | 48 -0.10515 -1.06268e+02
 49  0.11501 -4.23615e+02 | 50  0.00119 -2.90966e+02 | 51  0.00457 -1.93836e+02
 52  0.01610 -2.36295e+02 | 53 -0.03909 -6.71579e+01 | 54  0.08580 -3.38699e+02
 55 -0.00158 -4.08639e+02 | 56 -0.04738 -1.61005e+02 | 57 -0.06595 -2.95248e+02
 58  0.09252  1.50729e+02 | 59 -0.02921 -7.14204e+01 | 60  0.01376 -4.39712e+02
 61  0.01100  1.21209e+02 | 62  0.07524  5.84650e+01 | 63  0.09478 -4.53368e+02
 64 -0.06198 -3.91932e+01 | 65 -0.01348 -4.84264e+01 | 66  0.02820 -4.06438e+02
 67  0.00915 -8.93593e+01 | 68 -0.05345 -1.00282e+02 | 69  0.02723 -2.96625e+02
 70  0.01289  3.60769e+01 | 71  0.15732 -8.20407e+01 | 72 -0.06208 -1.20980e+02
 73 -0.02994 -1.00773e+02 | 74 -0.03864  2.63444e+02 | 75 -0.65409 -1.88540e+02
 76 -0.74023 -3.41481e+01 | 77 -0.77947  5.13262e+01 | 78 -0.77198  1.94504e+00
 79 -0.70435  8.84400e+01 | 80 -0.72092  8.11963e+01 | 81 -0.87267 -4.34584e+01
 82 -0.84510  1.66511e+01 | 83 -0.80185  4.43452e+01 | 84 -0.77967 -1.38622e+01
 85 -0.83738 -2.30116e+01 | 86 -0.83444  1.09531e+01 | 87 -0.82791  1.48896e+00
 88 -0.81971  4.93771e+00 | 89 -0.78792  5.04026e+01 | 90 -0.82868 -1.88744e+01
 91 -0.72495  1.03232e+02 | 92 -0.76852  1.65007e+01 | 93 -0.73126  9.26466e+01
 94 -0.81746  3.89114e+01 | 95 -0.82937  4.35345e+01 | 96 -0.71752  1.05765e-04
 97 -0.35738 -2.24482e-04 | 98  0.18509  2.15912e-03 | 99  0.41042 -4.66267e+02
100  0.21895 -1.42186e+03 |101  0.15862 -2.35863e+03 |102  0.08555 -1.34622e+03
103 -0.16430  3.23774e+02 |104 -0.20483  5.63858e+02 |105 -0.14321  7.78503e+02
106 -0.00091 -1.04339e+03 |107  0.16683  3.89161e+02 |108 -0.01727  1.72486e+03
109  0.17281  1.19602e+03 |110  0.13308  9.14751e+02 |111  0.15892 -9.90280e+01
112 -0.05245  7.11754e+00 |113 -0.32135  3.53066e+02 |114 -0.23227  1.20110e+02
115 -0.20467  1.74870e+02 |116 -0.22530  1.26045e+02 |117  0.17866  4.29913e+01
118 -0.16928  1.63269e+02 |119  0.17154 -2.30264e+03 |120 -0.23622 -2.31831e+03
121  0.05979 -2.18910e+03 |122 -0.01099 -2.15450e+03 |123  0.01651 -2.14295e+03
124 -0.01228 -2.12317e+03 |125  0.00430 -2.10888e+03 |126  0.00169 -2.10185e+03
127 -0.00086 -2.05036e+03 |128  0.02019 -2.01666e+03 |129 -0.01632 -2.02393e+03
130 -0.00600 -2.00615e+03 |131 -0.00515 -2.01624e+03 |132  0.00199 -1.97608e+03
133  0.02334 -2.02202e+03 |134  0.00140 -2.06225e+03 |135 -0.02079 -2.09797e+03
136  0.02195 -2.09086e+03 |137 -0.02534 -2.10205e+03 |138 -0.01604 -2.09490e+03
139  0.02006 -2.08523e+03 |140  0.09639 -2.09812e+03 |141 -0.12334 -2.14240e+03
142  0.03718 -2.05091e+03 |143 -0.01079 -2.13825e+03 |144 -0.01231 -2.04839e+03
145  0.01423 -2.10084e+03 |146  0.01342 -2.05000e+03 |147 -0.00415 -2.05937e+03
148 -0.00400 -2.04487e+03 |149  0.01671 -2.02510e+03 |150  0.00037 -2.03721e+03
151 -0.02959 -1.94222e+03 |152 -0.00737 -1.88962e+03 |153  0.01998 -1.82720e+03
154 -0.01504 -1.83951e+03 |155 -0.00368 -1.59280e+03 |156 -0.01258 -1.53710e+03
157  0.00530 -1.50065e+03 |158  0.02159 -1.58529e+03 |159 -0.01108 -1.57659e+03
160  0.00395 -1.55067e+03 |161  0.00667 -1.46908e+03 |162 -0.01383 -1.46467e+03
163  0.00376 -1.46476e+03 |164  0.00808 -1.42620e+03 |165 -0.00959 -1.44226e+03
166 -0.00191 -1.39269e+03 |167 -0.00889 -1.29813e+03 |168 -0.00160 -1.24465e+03
169  0.11583 -1.16034e+03 |170 -0.13096 -1.23596e+03 |171  0.02637 -8.45125e+02
172  0.00219 -9.25248e+02 |173 -0.00015 -8.16692e+02 |174 -0.00228 -6.87041e+02
175  0.00352 -6.65073e+02 |176 -0.00220 -6.16406e+02 |177  0.00078 -4.89263e+02
178  0.00092 -3.96985e+02 |179  0.00573 -3.80317e+02 |180 -0.00409 -2.62000e+02
181 -0.00074 -2.05618e+02 |182 -0.00263 -4.70820e+01 |183 -0.00382 -2.64179e+01
184 -0.00094 -2.27320e-01 |185 -0.00094 -2.27899e-01 |186 -0.00093 -2.26211e-01
187  0.00488 -6.29155e+03 |188  0.02250 -6.11995e+03 |189 -0.02240 -6.06684e+03
190 -0.00220 -5.85207e+03 |191 -0.02093 -5.64986e+03 |192  0.04625 -5.41208e+03
193 -0.02484 -5.06933e+03 |194 -0.00518 -4.93150e+03 |195 -0.00677 -4.80838e+03
196  0.00872 -4.31510e+03 |197  0.00165 -4.23740e+03 |198 -0.00265 -4.09003e+03
199  0.00202 -4.19080e+03 |200  0.00849 -4.39969e+03 |201 -0.01077 -4.42846e+03
202  0.00323 -4.83850e+03 |203  0.00048 -4.91318e+03 |204  0.00368 -5.06364e+03
205 -0.00315 -5.46154e+03 |206  0.00765 -5.89369e+03 |207 -0.00946 -5.93353e+03
208  0.00967 -6.43999e+03 |209 -0.01030 -6.98494e+03 |210  0.10739 -6.61353e+03
211 -0.13264 -6.69242e+03 |212  0.03006 -6.56050e+03 |213 -0.01110 -7.12067e+03
214  0.00814 -6.90687e+03 |215 -0.00442 -7.32454e+03 |216  0.01123 -7.45238e+03
217 -0.00826 -7.39992e+03 |218 -0.01388 -7.24519e+03 |219  0.02785 -7.09562e+03
220 -0.01109 -6.49834e+03 |221  0.00594 -6.38368e+03 |222 -0.00859 -6.57095e+03
223 -0.00011 -6.19611e+03 |224  0.00904 -5.59763e+03 |225 -0.01264 -5.64528e+03
226  0.00056 -5.77206e+03 |227  0.00941 -5.41394e+03 |228 -0.00938 -5.51242e+03
229  0.00707 -5.32660e+03 |230 -0.00253 -5.39876e+03 |231 -0.00566 -5.20714e+03
232  0.00817 -4.72341e+03 |233 -0.00631 -4.82340e+03 |234 -0.00346 -4.61737e+03
235  0.00596 -3.94436e+03 |236  0.00116 -3.75157e+03 |237 -0.00346 -3.79090e+03
238  0.00340 -4.17255e+03 |239 -0.00830 -3.78317e+03 |240  0.01024 -3.74939e+03
241  0.00829 -4.01653e+03 |242 -0.00150 -3.86270e+03 |243 -0.01195 -3.66919e+03
244 -0.01321 -3.49268e+03 |245  0.00890 -2.71660e+03 |246  0.01229 -1.88158e+03
247 -0.01706 -1.75322e+03 |248 -0.00135 -8.49701e+02 |249  0.01100 -3.73014e+02
250 -0.00943 -1.02985e+02 |251  0.00549 -2.40318e+02 |252  0.00014  2.08754e-02
253  0.00012  1.43723e-02 |254  0.00012  1.40184e-02 |255  0.00866 -1.01377e+04
256  0.01195 -1.00794e+04 |257 -0.00898 -1.02310e+04 |258  0.00607 -1.04591e+04
259 -0.00785 -1.04473e+04 |260 -0.03483 -1.01086e+04 |261  0.03222 -9.27149e+03
262  0.01917 -8.83843e+03 |263 -0.01853 -8.76201e+03 |264 -0.02278 -8.13745e+03
265  0.01357 -7.80522e+03 |266 -0.00179 -7.43576e+03 |267 -0.00396 -7.51739e+03
268 -0.00128 -7.47765e+03 |269  0.00652 -7.36102e+03 |270 -0.00320 -7.61527e+03
271  0.00339 -7.58498e+03 |272  0.00195 -7.73341e+03 |273 -0.00004 -8.38060e+03
274 -0.00042 -8.60783e+03 |275 -0.00531 -8.43835e+03 |276 -0.00198 -8.52935e+03
277  0.00586 -8.52879e+03 |278  0.01416 -8.07067e+03 |279  0.01054 -8.65771e+03
280 -0.02368 -8.54074e+03 |281  0.00149 -8.84523e+03 |282 -0.00203 -8.76930e+03
283  0.00193 -8.91352e+03 |284 -0.00267 -9.18041e+03 |285  0.00118 -8.94157e+03
286  0.00547 -8.75558e+03 |287 -0.01625 -8.76900e+03 |288  0.01742 -8.29763e+03
289  0.00357 -8.12140e+03 |290 -0.00828 -8.16400e+03 |291  0.00264 -7.46554e+03
292  0.00322 -6.95528e+03 |293 -0.00176 -6.86834e+03 |294 -0.00375 -6.70387e+03
295  0.00262 -6.20644e+03 |296 -0.00258 -6.34401e+03 |297  0.00298 -6.19442e+03
298 -0.00311 -6.46520e+03 |299  0.00058 -5.91303e+03 |300 -0.00238 -5.06893e+03
301  0.00441 -4.79428e+03 |302 -0.00274 -4.58900e+03 |303  0.00213 -4.14261e+03
304 -0.00311 -3.82376e+03 |305 -0.00414 -3.60337e+03 |306  0.00392 -3.40058e+03
307  0.00611 -3.20889e+03 |308 -0.00425 -3.10331e+03 |309 -0.00578 -2.98376e+03
310  0.01487 -2.32705e+03 |311  0.00178 -2.35749e+03 |312  0.00193 -2.07089e+03
313 -0.00798 -1.36720e+03 |314 -0.00168 -7.41291e+02 |315  0.00115 -1.93385e+02
316  0.01189  7.58026e+02 |317 -0.00286  8.48690e+02 |318  0.01026  7.17307e+02
319 -0.01370  2.01380e+02 |320 -0.00357 -9.10775e-01 |321 -0.00359 -9.15635e-01
322 -0.00361 -9.21764e-01 |
322 variables; iteration 180; function evaluation 196; phase 5
Function value 3.1760219e+03; maximum gradient component mag -9.0941e+03
Var    Value     Gradient |Var    Value     Gradient |Var    Value     Gradient
  1 -0.03576 -8.69099e+03 |  2 -0.12695 -3.73774e+01 |  3  0.05852 -9.48216e+01
  4 -0.15500 -4.19726e+01 |  5  0.00639  5.72607e+01 |  6  0.02835 -3.47533e+00
  7  0.06361  8.71327e+01 |  8  0.01628  1.60879e+01 |  9 -0.01486 -1.15749e+02
 10  0.08815  2.25679e+02 | 11  0.22160  1.71853e+02 | 12 -0.16507  1.84948e+02
 13 -0.01916  1.87006e+02 | 14 -0.14955  1.16911e+02 | 15 -0.13045  1.48369e+02
 16  0.24663  4.58122e+02 | 17  0.00483  1.82793e+02 | 18 -0.08504  1.61434e+02
 19 -0.04549  1.67308e+02 | 20 -0.01650  1.58062e+02 | 21 -0.08095  1.80627e+02
 22  0.04998  2.92480e+02 | 23 -0.10386  1.76710e+02 | 24 -0.04333  8.96273e+01
 25  0.01326  1.55590e+02 | 26  0.03974  2.23276e+02 | 27 -0.08677  1.60820e+02
 28 -0.01223  7.93039e+01 | 29  0.05783  1.92493e+02 | 30 -0.07783  7.13082e+01
 31 -0.26689  6.02194e+01 | 32  0.06337  2.31348e+02 | 33  0.06712  1.76527e+02
 34  0.06820  1.83618e+02 | 35  0.02521 -2.62473e+01 | 36 -0.08424  3.19614e+01
 37 -0.02149  6.55686e+01 | 38  0.08730  1.83372e+02 | 39 -0.13084  3.87656e+01
 40  0.21016 -2.20212e+01 | 41 -0.00711 -3.00477e+01 | 42  0.07159 -5.51286e+01
 43 -0.06444  7.00865e+01 | 44  0.17434 -3.02649e+02 | 45 -0.04400 -5.25525e+01
 46 -0.03856 -1.15824e+02 | 47 -0.01799 -1.01904e+02 | 48 -0.10588 -1.16162e+02
 49  0.11463 -4.93805e+02 | 50 -0.00172 -3.23616e+02 | 51  0.00475 -2.31178e+02
 52  0.01650 -2.46120e+02 | 53 -0.03746 -4.53581e+01 | 54  0.08474 -4.20428e+02
 55  0.00005 -3.84775e+02 | 56 -0.04636 -1.33972e+02 | 57 -0.06487 -2.84151e+02
 58  0.08958  5.60093e+01 | 59 -0.02783 -4.60785e+01 | 60  0.01444 -4.07160e+02
 61  0.00898  4.85316e+01 | 62  0.07433 -1.92877e+01 | 63  0.09604 -3.91371e+02
 64 -0.05900  2.13535e+00 | 65 -0.01288 -5.14742e+01 | 66  0.02778 -3.89543e+02
 67  0.00840 -1.03343e+02 | 68 -0.05439 -7.89395e+01 | 69  0.03026 -2.79036e+02
 70  0.01326  4.84550e+01 | 71  0.16010  3.73080e+01 | 72 -0.05672 -8.05095e+01
 73 -0.02536 -6.46333e+01 | 74 -0.04196  2.52429e+02 | 75 -0.63374 -1.26256e+02
 76 -0.73726 -2.97645e+01 | 77 -0.77687  6.23596e+01 | 78 -0.76899  8.23806e+00
 79 -0.70634  8.68351e+01 | 80 -0.72014  8.18141e+01 | 81 -0.97554 -1.66824e+01
 82 -0.84586  1.70127e+01 | 83 -0.80415  3.98756e+01 | 84 -0.76235 -1.33460e+00
 85 -0.80854  1.52234e+01 | 86 -0.86049 -1.86406e-01 | 87 -0.81929  7.09721e+00
 88 -0.79769  1.87950e+01 | 89 -0.79162  4.26124e+01 | 90 -0.81400 -3.63168e+00
 91 -0.73491  7.59004e+01 | 92 -0.76113  2.93644e+01 | 93 -0.73783  7.78692e+01
 94 -0.82739  4.83819e+00 | 95 -0.83998  6.67358e+00 | 96 -0.71738 -6.09487e-06
 97 -0.35707 -8.26903e-06 | 98  0.18598  3.13234e-05 | 99  0.39125 -3.61135e+02
100  0.21987 -1.31418e+03 |101  0.15870 -2.11588e+03 |102  0.08636 -1.05105e+03
103 -0.16305  4.48286e+02 |104 -0.20664  4.69203e+02 |105 -0.14514  7.16384e+02
106 -0.00077 -1.18110e+03 |107  0.16643  2.20248e+02 |108 -0.01714  1.40211e+03
109  0.17023  9.35711e+02 |110  0.13262  7.65331e+02 |111  0.17055 -6.27927e+01
112 -0.05192  5.39695e+01 |113 -0.32061  3.69522e+02 |114 -0.23435  9.47860e+01
115 -0.20475  1.57874e+02 |116 -0.22808  1.12764e+02 |117  0.22750  4.02480e+01
118 -0.18916  1.07276e+02 |119  0.09861 -1.79574e+03 |120 -0.15989 -1.82178e+03
121  0.05919 -1.62109e+03 |122  0.00352 -1.56121e+03 |123 -0.00570 -1.56159e+03
124 -0.00681 -1.51767e+03 |125  0.00607 -1.49997e+03 |126 -0.00050 -1.49142e+03
127  0.00809 -1.40716e+03 |128  0.00927 -1.38476e+03 |129 -0.00738 -1.38549e+03
130 -0.00743 -1.37033e+03 |131 -0.00408 -1.38058e+03 |132 -0.00112 -1.35204e+03
133  0.00623 -1.38823e+03 |134  0.01205 -1.39461e+03 |135 -0.01095 -1.41820e+03
136  0.01217 -1.42628e+03 |137 -0.01881 -1.42000e+03 |138 -0.01814 -1.40507e+03
139  0.02216 -1.37303e+03 |140  0.20679 -1.26542e+03 |141 -0.24384 -1.33944e+03
142 -0.07628 -1.27365e+03 |143  0.11068 -1.28575e+03 |144 -0.01356 -1.18435e+03
145  0.01454 -1.16928e+03 |146 -0.00708 -1.09881e+03 |147  0.01614 -1.04647e+03
148 -0.00436 -1.02355e+03 |149  0.03037 -9.79013e+02 |150 -0.00988 -9.99498e+02
151 -0.02179 -9.03735e+02 |152 -0.01258 -8.80915e+02 |153  0.02145 -8.26291e+02
154 -0.01727 -8.40041e+02 |155  0.00397 -6.37299e+02 |156 -0.01824 -6.14247e+02
157  0.00672 -5.93362e+02 |158  0.03558 -7.32124e+02 |159 -0.02725 -7.55545e+02
160  0.00392 -7.52231e+02 |161  0.00860 -6.86872e+02 |162 -0.01629 -6.89055e+02
163  0.00499 -7.12737e+02 |164  0.00700 -6.95352e+02 |165 -0.01035 -7.31476e+02
166 -0.00254 -6.97345e+02 |167 -0.00985 -6.20373e+02 |168  0.00214 -5.76868e+02
169  0.03832 -6.91367e+02 |170 -0.05273 -7.35560e+02 |171  0.02691 -5.79890e+02
172  0.00407 -7.01327e+02 |173 -0.00208 -6.62272e+02 |174 -0.00236 -5.76271e+02
175  0.00015 -5.59904e+02 |176 -0.00429 -5.15764e+02 |177  0.01140 -3.88800e+02
178 -0.01984 -3.66758e+02 |179  0.02136 -3.04410e+02 |180 -0.01038 -2.35910e+02
181  0.00224 -1.60330e+02 |182  0.00126 -1.83434e+01 |183 -0.00789 -1.18086e+01
184  0.00200  4.92245e-01 |185  0.00200  4.92814e-01 |186  0.00198  4.89676e-01
187  0.00692 -5.81735e+03 |188  0.02705 -5.69766e+03 |189 -0.02679 -5.64660e+03
190 -0.00474 -5.37735e+03 |191 -0.01689 -5.10866e+03 |192  0.04262 -4.91916e+03
193 -0.02538 -4.57429e+03 |194 -0.00007 -4.43912e+03 |195 -0.01550 -4.29533e+03
196  0.01363 -3.82061e+03 |197 -0.00130 -3.76406e+03 |198 -0.00115 -3.59837e+03
199  0.00244 -3.72463e+03 |200  0.00911 -3.92555e+03 |201 -0.00952 -4.00851e+03
202 -0.00137 -4.45324e+03 |203  0.00420 -4.40871e+03 |204  0.00334 -4.64342e+03
205 -0.00388 -4.99846e+03 |206  0.00976 -5.41369e+03 |207 -0.01685 -5.46774e+03
208  0.01195 -5.60878e+03 |209 -0.00394 -5.92492e+03 |210  0.11928 -5.62634e+03
211 -0.14193 -5.71417e+03 |212  0.02402 -5.50466e+03 |213 -0.01126 -5.83482e+03
214  0.00808 -5.67900e+03 |215 -0.00513 -5.94940e+03 |216  0.01359 -6.05731e+03
217 -0.01111 -5.97601e+03 |218 -0.01062 -5.80295e+03 |219  0.02504 -5.67763e+03
220 -0.01097 -5.14972e+03 |221  0.00575 -5.04038e+03 |222 -0.00682 -5.20145e+03
223 -0.00404 -4.87131e+03 |224  0.01278 -4.30833e+03 |225 -0.01463 -4.37920e+03
226  0.00212 -4.53843e+03 |227  0.00863 -4.18146e+03 |228 -0.01031 -4.26421e+03
229  0.00669 -3.98904e+03 |230 -0.00024 -3.95473e+03 |231 -0.00784 -3.75855e+03
232  0.01028 -3.17605e+03 |233 -0.00630 -3.32393e+03 |234 -0.00225 -3.17339e+03
235  0.00552 -2.68633e+03 |236 -0.00040 -2.58640e+03 |237 -0.00324 -2.74780e+03
238  0.00569 -3.31775e+03 |239 -0.00978 -3.25742e+03 |240  0.00942 -3.28257e+03
241  0.00955 -3.63323e+03 |242 -0.00319 -3.62478e+03 |243 -0.01059 -3.35851e+03
244 -0.01141 -3.19575e+03 |245  0.00593 -2.58096e+03 |246  0.01428 -1.77477e+03
247 -0.01903 -1.68557e+03 |248  0.00165 -8.50091e+02 |249  0.00845 -3.55532e+02
250 -0.01026 -1.02460e+02 |251  0.00859 -1.65107e+02 |252 -0.00110 -2.71463e-01
253 -0.00102 -2.51687e-01 |254 -0.00105 -2.58353e-01 |255  0.00925 -9.09412e+03
256  0.00913 -8.91986e+03 |257 -0.00887 -9.02004e+03 |258  0.00856 -9.07214e+03
259 -0.00698 -8.95715e+03 |260 -0.03645 -8.71899e+03 |261  0.03229 -7.85442e+03
262  0.01513 -7.41476e+03 |263 -0.00966 -7.30111e+03 |264 -0.02493 -6.75651e+03
265  0.01242 -6.50008e+03 |266 -0.00210 -6.14027e+03 |267 -0.00504 -6.28621e+03
268 -0.00155 -6.22286e+03 |269  0.00530 -6.07238e+03 |270 -0.00077 -6.31494e+03
271  0.00193 -6.29645e+03 |272  0.00156 -6.48522e+03 |273  0.00151 -7.03623e+03
274  0.00082 -7.26124e+03 |275 -0.00306 -7.24449e+03 |276 -0.00447 -7.22448e+03
277  0.00358 -7.23334e+03 |278  0.01499 -6.76905e+03 |279  0.00283 -7.33372e+03
280 -0.01635 -7.13096e+03 |281  0.00335 -7.40039e+03 |282 -0.00448 -7.34987e+03
283  0.00306 -7.35049e+03 |284 -0.00364 -7.59390e+03 |285  0.00475 -7.34972e+03
286  0.00117 -7.28630e+03 |287 -0.01293 -7.17210e+03 |288  0.01589 -6.77783e+03
289  0.00369 -6.62122e+03 |290 -0.00878 -6.68939e+03 |291  0.00644 -6.00987e+03
292 -0.00077 -5.61160e+03 |293 -0.00036 -5.51969e+03 |294 -0.00525 -5.41645e+03
295  0.00224 -4.90826e+03 |296 -0.00063 -4.96857e+03 |297  0.00165 -4.80018e+03
298 -0.00368 -5.02664e+03 |299  0.00288 -4.43327e+03 |300 -0.00357 -3.64177e+03
301  0.00391 -3.45719e+03 |302 -0.00291 -3.28679e+03 |303  0.00257 -2.88422e+03
304 -0.00286 -2.67405e+03 |305 -0.00221 -2.59007e+03 |306  0.00296 -2.66199e+03
307  0.00444 -2.70772e+03 |308 -0.00294 -2.63695e+03 |309 -0.00629 -2.66663e+03
310  0.01375 -2.14480e+03 |311  0.00196 -2.09490e+03 |312  0.00146 -1.77834e+03
313 -0.00673 -1.20521e+03 |314 -0.00219 -6.35373e+02 |315  0.00275 -1.32797e+02
316  0.00777  6.51586e+02 |317 -0.00008  8.15514e+02 |318  0.01034  6.70542e+02
319 -0.01434  2.10969e+02 |320  0.00851  2.09825e+00 |321  0.00857  2.11376e+00
322  0.00863  2.12962e+00 |
322 variables; iteration 200; function evaluation 216; phase 5
Function value 3.0928068e+03; maximum gradient component mag -1.7100e+04
Var    Value     Gradient |Var    Value     Gradient |Var    Value     Gradient
  1 -0.03800 -1.71004e+04 |  2 -0.10426 -3.29677e+01 |  3  0.11868 -4.39693e+01
  4 -0.00918  1.07080e+00 |  5 -0.09051 -9.52283e+00 |  6  0.05539 -1.72371e+01
  7  0.04721  1.91173e+01 |  8  0.01255  1.54867e+01 |  9  0.05883 -3.02150e+01
 10  0.00215  2.11064e+02 | 11  0.24319  3.99064e+02 | 12 -0.26574  1.79287e+02
 13 -0.01603  2.48020e+02 | 14 -0.11371  2.28030e+02 | 15 -0.13339  2.25853e+02
 16  0.25530  5.39818e+02 | 17  0.00586  2.38121e+02 | 18 -0.09231  2.34113e+02
 19 -0.04467  1.93101e+02 | 20 -0.01373  1.99652e+02 | 21 -0.08207  2.31370e+02
 22  0.03943  2.63370e+02 | 23 -0.11026  2.26629e+02 | 24 -0.03782  1.27699e+02
 25  0.00257  1.64611e+02 | 26  0.04921  2.65189e+02 | 27 -0.10721  1.73712e+02
 28  0.00995  1.59575e+02 | 29  0.06907  2.49268e+02 | 30 -0.06025  1.31675e+02
 31 -0.26981  1.32961e+02 | 32  0.06616  2.26037e+02 | 33  0.04438  1.39239e+02
 34  0.08769  2.06879e+02 | 35  0.00879  2.11333e+01 | 36 -0.03052  1.06661e+02
 37 -0.06592  7.23849e+01 | 38  0.11300  2.65950e+02 | 39 -0.15911  1.29524e+02
 40  0.22247 -9.02899e+01 | 41 -0.01615  7.91886e-01 | 42  0.07725 -2.39102e+01
 43 -0.05789  1.39879e+02 | 44  0.17738 -5.33988e+02 | 45 -0.04038 -9.47773e+00
 46 -0.03400 -7.71338e+01 | 47 -0.01767 -1.68453e+02 | 48 -0.09686 -2.37831e+01
 49  0.12173 -5.03468e+02 | 50  0.00690 -2.51824e+02 | 51  0.01684 -1.08135e+02
 52  0.02007 -3.31045e+02 | 53 -0.03147 -7.66785e+01 | 54  0.09279 -5.31000e+02
 55  0.00652 -4.52591e+02 | 56 -0.04256 -1.50611e+02 | 57 -0.05884 -2.78884e+02
 58  0.08782 -6.17427e+02 | 59 -0.02309 -9.13281e+01 | 60  0.01613 -4.67970e+02
 61  0.01063 -1.11181e+02 | 62  0.07497 -3.01436e+02 | 63  0.09854 -6.19016e+02
 64 -0.06247 -7.01333e+01 | 65 -0.00431  5.09680e+01 | 66  0.03357 -3.62091e+02
 67  0.01423 -7.12906e+01 | 68 -0.05041 -3.04011e+01 | 69  0.03684 -1.60576e+02
 70  0.01400  6.05842e+01 | 71  0.16118  3.79490e+01 | 72 -0.05628 -6.88156e+00
 73 -0.01666  1.10043e+02 | 74 -0.04958  2.75375e+02 | 75 -0.55540 -1.06909e+01
 76 -0.65037  8.54805e+01 | 77 -0.78386  9.45648e+01 | 78 -0.70505  1.20040e+02
 79 -0.72675  9.89143e+01 | 80 -0.73897  9.35400e+01 | 81 -1.07112  2.52684e+01
 82 -0.83998  6.76680e+01 | 83 -0.81268  5.49302e+01 | 84 -0.72415  6.04676e+01
 85 -0.81942  2.84980e+01 | 86 -0.83276  4.57257e+01 | 87 -0.81079  4.13534e+01
 88 -0.83342  1.33112e+01 | 89 -0.78772  5.86504e+01 | 90 -0.79406  3.92819e+01
 91 -0.76541  3.12143e+01 | 92 -0.75757  4.38486e+01 | 93 -0.79169 -2.08874e+01
 94 -0.85014 -5.59194e+01 | 95 -0.84057  1.08477e+01 | 96 -0.71692 -3.57970e-06
 97 -0.35605 -2.84002e-06 | 98  0.18867  6.72646e-06 | 99  0.40744 -2.62464e+02
100  0.19648 -2.21256e+02 |101  0.16060 -7.03055e+02 |102  0.08963 -1.02632e+01
103 -0.16342  3.47920e+02 |104 -0.20710  1.63196e+02 |105 -0.15009  3.42794e+02
106 -0.00035 -1.29889e+03 |107  0.16496 -9.69794e+01 |108 -0.01948  9.20857e+02
109  0.17281  7.19280e+02 |110  0.12528  6.05684e+02 |111  0.17872 -4.64958e+01
112 -0.05531 -6.97567e+01 |113 -0.31971  1.31802e+02 |114 -0.22248  1.61664e+02
115 -0.23379  7.38383e+01 |116 -0.23573  4.80017e+01 |117  0.22713  3.73922e+01
118 -0.19235  9.83239e+01 |119 -0.01243 -1.36625e+03 |120 -0.06746 -1.34993e+03
121  0.09058 -1.22185e+03 |122 -0.02990 -1.21306e+03 |123  0.03234 -1.19388e+03
124 -0.02183 -1.19136e+03 |125 -0.00492 -1.17983e+03 |126  0.00484 -1.16957e+03
127  0.02677 -1.08884e+03 |128  0.00419 -1.08999e+03 |129 -0.00493 -1.09155e+03
130 -0.02558 -1.09162e+03 |131  0.00210 -1.08806e+03 |132 -0.00857 -1.07215e+03
133  0.02127 -1.07966e+03 |134 -0.00347 -1.11144e+03 |135 -0.01045 -1.12600e+03
136  0.01626 -1.11816e+03 |137 -0.01942 -1.10360e+03 |138 -0.01867 -1.08916e+03
139  0.02147 -1.04629e+03 |140  0.14435 -9.58182e+02 |141 -0.16940 -1.02305e+03
142 -0.07351 -9.93962e+02 |143  0.10980 -9.76100e+02 |144 -0.01667 -1.00001e+03
145  0.01645 -1.00228e+03 |146 -0.00031 -1.00062e+03 |147 -0.01118 -9.80716e+02
148 -0.00032 -9.36562e+02 |149  0.01034 -7.34519e+02 |150  0.02239 -7.31422e+02
151 -0.03412 -6.46024e+02 |152  0.00427 -5.98310e+02 |153  0.00815 -6.04293e+02
154 -0.01244 -6.11138e+02 |155  0.00825 -4.60616e+02 |156 -0.00505 -4.46976e+02
157 -0.01578 -4.58887e+02 |158  0.01557 -5.72894e+02 |159 -0.00328 -5.46699e+02
160  0.01167 -5.39379e+02 |161 -0.00522 -5.15229e+02 |162 -0.01125 -4.93205e+02
163  0.00777 -4.98994e+02 |164 -0.00072 -4.93896e+02 |165 -0.00344 -4.75850e+02
166  0.01608 -4.51905e+02 |167 -0.02686 -4.70450e+02 |168 -0.00278 -4.57119e+02
169  0.00083 -5.56749e+02 |170 -0.00845 -3.57600e+02 |171  0.01833 -4.30914e+02
172  0.00941 -5.35331e+02 |173  0.00469 -5.07361e+02 |174 -0.00769 -4.70052e+02
175  0.00516 -4.55874e+02 |176 -0.00936 -4.40895e+02 |177  0.00293 -3.72411e+02
178 -0.00185 -3.28377e+02 |179  0.00825 -3.16207e+02 |180 -0.00133 -2.67745e+02
181 -0.01014 -2.63087e+02 |182  0.00301 -2.84585e+01 |183 -0.00545 -1.03810e+01
184  0.00172  4.25052e-01 |185  0.00173  4.27357e-01 |186  0.00172  4.24609e-01
187  0.02018 -9.62163e+02 |188  0.04508 -9.36541e+02 |189 -0.06349 -9.39087e+02
190  0.01838 -7.83386e+02 |191 -0.03564 -4.22191e+02 |192  0.05811 -2.94456e+02
193 -0.02765 -1.39276e+02 |194 -0.00915 -7.16224e+01 |195 -0.02270  4.06510e+01
196  0.03060  3.83957e+02 |197 -0.01038  2.63620e+02 |198  0.00387  3.49332e+02
199 -0.00576  1.21607e+02 |200  0.01313  3.30675e+01 |201 -0.01067 -1.01924e+02
202  0.00613 -4.49899e+02 |203  0.00249 -6.11023e+02 |204 -0.00502 -9.15566e+02
205  0.00042 -1.09190e+03 |206  0.01217 -1.36797e+03 |207 -0.02062 -1.47613e+03
208  0.00894 -1.45961e+03 |209  0.00617 -1.44898e+03 |210  0.09634 -1.56702e+03
211 -0.13726 -1.63908e+03 |212  0.03244 -1.41128e+03 |213 -0.00048 -1.52704e+03
214 -0.00485 -1.71824e+03 |215  0.00776 -1.63113e+03 |216 -0.00523 -1.68775e+03
217  0.00694 -1.43827e+03 |218 -0.02285 -1.26025e+03 |219  0.04056 -1.11056e+03
220 -0.01836 -7.87955e+02 |221  0.00251 -8.19618e+02 |222 -0.00504 -9.14051e+02
223 -0.00087 -7.17411e+02 |224 -0.00278 -4.11576e+02 |225 -0.00395 -2.91876e+02
226  0.00509 -5.60875e+02 |227  0.00669 -3.81632e+02 |228 -0.00836 -4.68753e+02
229  0.00442 -2.38606e+02 |230 -0.00181 -1.12504e+02 |231 -0.00913  1.32958e+02
232  0.01405  6.24100e+02 |233 -0.00498  4.48813e+02 |234  0.00012  3.52080e+02
235  0.00025  3.66238e+02 |236  0.00199  4.24453e+02 |237 -0.00591  1.04034e+02
238  0.01177 -5.20700e+02 |239 -0.01220 -8.45683e+02 |240  0.00490 -1.12072e+03
241  0.01317 -1.52051e+03 |242 -0.00173 -1.76452e+03 |243 -0.01029 -1.63725e+03
244 -0.01442 -1.60223e+03 |245  0.01116 -1.35499e+03 |246  0.00856 -1.07446e+03
247 -0.01447 -1.08734e+03 |248  0.00378 -7.31075e+02 |249  0.00182 -4.86250e+02
250 -0.00681 -2.16935e+02 |251  0.00806 -1.06888e+02 |252  0.00015  3.68658e-02
253  0.00023  5.72739e-02 |254  0.00026  6.48251e-02 |255  0.00795 -3.02295e+03
256  0.00249 -2.84171e+03 |257  0.00280 -2.74388e+03 |258 -0.01057 -2.74722e+03
259  0.00784 -2.20843e+03 |260 -0.03760 -1.73206e+03 |261  0.03694 -1.37070e+03
262  0.01711 -1.18365e+03 |263 -0.00404 -1.10340e+03 |264 -0.03428 -7.72011e+02
265  0.01469 -5.87994e+02 |266 -0.00773 -4.57449e+02 |267  0.00161 -6.62427e+02
268 -0.00317 -8.92058e+02 |269  0.00164 -1.13224e+03 |270 -0.00306 -1.29535e+03
271  0.00252 -1.20811e+03 |272  0.00679 -1.32091e+03 |273 -0.00095 -1.88550e+03
274  0.00198 -2.12680e+03 |275 -0.00112 -2.13152e+03 |276 -0.00447 -2.22607e+03
277  0.00295 -2.21157e+03 |278  0.00925 -2.15618e+03 |279  0.01760 -2.50380e+03
280 -0.03140 -2.36080e+03 |281  0.00329 -2.38589e+03 |282 -0.00057 -2.46380e+03
283 -0.00100 -2.09702e+03 |284  0.00906 -2.19546e+03 |285 -0.00952 -2.07315e+03
286  0.01012 -2.00910e+03 |287 -0.02616 -1.97784e+03 |288  0.02442 -1.66434e+03
289  0.00391 -1.53672e+03 |290 -0.00519 -1.57358e+03 |291  0.00052 -1.35356e+03
292  0.00453 -1.09472e+03 |293  0.00108 -1.26645e+03 |294 -0.00956 -1.41639e+03
295  0.00291 -1.02897e+03 |296 -0.00419 -1.18937e+03 |297  0.00170 -9.49055e+02
298  0.00152 -9.60050e+02 |299  0.00567 -5.44848e+02 |300 -0.00784 -1.81924e+02
301  0.00221 -1.92616e+02 |302 -0.00372 -1.59907e+02 |303  0.00525  1.69931e+02
304 -0.00278  2.13595e+02 |305  0.00017  7.43136e+01 |306 -0.00053 -2.65971e+02
307  0.00454 -4.62238e+02 |308  0.00042 -6.03652e+02 |309 -0.00790 -1.00256e+03
310  0.00949 -8.22615e+02 |311  0.00507 -6.24122e+02 |312  0.00374 -4.81096e+02
313 -0.01153 -3.17108e+02 |314  0.00163 -7.33658e+00 |315  0.00316  9.86343e+01
316  0.00007  3.30103e+02 |317  0.00629  4.65183e+02 |318  0.00286  2.44431e+02
319 -0.01054  7.96635e+01 |320  0.00940  2.31862e+00 |321  0.00947  2.33576e+00
322  0.00958  2.36252e+00 |
322 variables; iteration 220; function evaluation 236; phase 5
Function value 3.0467873e+03; maximum gradient component mag -2.0142e+04
Var    Value     Gradient |Var    Value     Gradient |Var    Value     Gradient
  1 -0.03741 -2.01417e+04 |  2 -0.07222 -2.42947e+01 |  3  0.16829  1.80670e+00
  4 -0.04570 -7.29117e+00 |  5 -0.09453 -1.32888e+01 |  6  0.06263 -1.45343e+01
  7  0.03042 -1.75136e+01 |  8  0.02825  1.48099e+01 |  9  0.05950 -6.84827e+00
 10  0.03642  2.67143e+02 | 11  0.23457  2.84137e+02 | 12 -0.21063  2.52060e+02
 13 -0.03100  2.26474e+02 | 14 -0.15419  2.21098e+02 | 15 -0.14460  2.46760e+02
 16  0.25284  3.39347e+02 | 17  0.00534  2.34537e+02 | 18 -0.09244  2.42831e+02
 19 -0.04093  2.21938e+02 | 20 -0.00400  2.26282e+02 | 21 -0.08328  2.25341e+02
 22  0.03410  1.68787e+02 | 23 -0.11792  2.25022e+02 | 24 -0.02643  1.66341e+02
 25  0.01072  1.53534e+02 | 26  0.04989  2.03962e+02 | 27 -0.09878  1.94526e+02
 28  0.01448  1.47200e+02 | 29  0.08135  1.35015e+02 | 30 -0.09097  9.82380e+01
 31 -0.26881  1.45794e+02 | 32  0.06705  9.74394e+01 | 33  0.02586  1.36210e+01
 34  0.07520  5.80539e+01 | 35  0.01431 -4.52567e+01 | 36 -0.02247  6.69620e+01
 37 -0.05095  4.93207e+01 | 38  0.09402  3.51727e+01 | 39 -0.15230  1.24729e+02
 40  0.22312 -3.96555e+02 | 41 -0.03101 -4.61191e+01 | 42  0.08393 -9.57824e+01
 43 -0.06294  9.18156e+01 | 44  0.17709 -8.00354e+02 | 45 -0.03609 -9.26988e+00
 46 -0.03291 -8.53651e+01 | 47 -0.01528 -1.52508e+02 | 48 -0.09842 -1.27166e+01
 49  0.12204 -5.05727e+02 | 50  0.00897 -2.10869e+02 | 51  0.01235 -1.42331e+02
 52  0.02273 -2.37823e+02 | 53 -0.03323 -4.62903e+01 | 54  0.09111 -4.90588e+02
 55  0.00597 -3.76179e+02 | 56 -0.04829 -1.57264e+02 | 57 -0.05459 -1.19010e+02
 58  0.08670 -4.81028e+02 | 59 -0.02157  6.40488e+00 | 60  0.01911 -3.06771e+02
 61  0.01109 -2.36183e+01 | 62  0.07667 -1.46851e+02 | 63  0.09951 -4.25975e+02
 64 -0.05763  5.10637e+01 | 65 -0.01186 -1.87731e+01 | 66  0.03883 -6.40634e+01
 67  0.01484  7.31027e+01 | 68 -0.04726  7.48321e+01 | 69  0.03837 -4.92519e+01
 70  0.01439  1.35035e+02 | 71  0.15890  1.07052e+02 | 72 -0.04377  1.63384e+02
 73 -0.01341  1.97570e+02 | 74 -0.05521  2.78873e+02 | 75 -0.51554  1.82809e+01
 76 -0.66874  6.37783e+01 | 77 -0.77391  1.20423e+02 | 78 -0.70630  1.12301e+02
 79 -0.72881  9.03810e+01 | 80 -0.74565  7.66660e+01 | 81 -1.02942  1.50244e+01
 82 -0.84452  4.55144e+01 | 83 -0.81373  4.74637e+01 | 84 -0.73909  4.04190e+01
 85 -0.80643  4.28962e+01 | 86 -0.83230  3.39234e+01 | 87 -0.78648  5.75634e+01
 88 -0.79929  3.22307e+01 | 89 -0.79850  3.38097e+01 | 90 -0.80255  1.64761e+01
 91 -0.78841 -7.12689e+00 | 92 -0.77553  1.07367e+01 | 93 -0.78089  4.25430e-01
 94 -0.84289 -3.09597e+01 | 95 -0.84486  4.51209e+00 | 96 -0.71692 -3.66247e-06
 97 -0.35490 -4.68659e-06 | 98  0.18158  1.41957e-05 | 99  0.28542 -1.02546e+02
100  0.24912 -1.03996e+01 |101  0.15818 -7.58810e+01 |102  0.09078  2.88364e+02
103 -0.16327  1.76544e+02 |104 -0.20898 -2.12082e+02 |105 -0.15197  2.95218e+01
106 -0.00009 -1.23384e+03 |107  0.16501 -2.57534e+02 |108 -0.02081  5.57459e+02
109  0.17085  5.02412e+02 |110  0.12556  4.93137e+02 |111  0.18289 -4.02068e+01
112 -0.05757 -1.07750e+02 |113 -0.32013  2.28134e+02 |114 -0.22032  1.69752e+02
115 -0.23016  6.16706e+01 |116 -0.24685  2.85057e+01 |117  0.22829  3.58017e+01
118 -0.20418  6.34233e+01 |119  0.11088 -4.40157e+02 |120 -0.14247 -4.96326e+02
121  0.05997 -3.81196e+02 |122 -0.02585 -3.56931e+02 |123  0.01803 -3.39955e+02
124  0.02246 -3.05465e+02 |125 -0.03252 -3.18086e+02 |126  0.00899 -3.01416e+02
127  0.02265 -2.39911e+02 |128  0.00421 -2.39348e+02 |129  0.00010 -2.39474e+02
130 -0.02704 -2.43376e+02 |131 -0.00247 -2.45236e+02 |132 -0.00905 -2.28225e+02
133  0.01437 -2.07844e+02 |134  0.01949 -2.16994e+02 |135 -0.02991 -2.57355e+02
136  0.03017 -1.90381e+02 |137 -0.01106 -1.96493e+02 |138 -0.02342 -2.14476e+02
139  0.01393 -2.52578e+02 |140  0.04667 -2.66062e+02 |141 -0.07492 -2.97906e+02
142 -0.04119 -2.53981e+02 |143  0.06811 -3.22633e+02 |144 -0.01080 -2.78314e+02
145  0.03388 -2.42640e+02 |146 -0.00403 -2.70199e+02 |147 -0.01695 -2.73421e+02
148  0.00083 -2.43372e+02 |149 -0.00837 -1.88854e+02 |150  0.04686 -1.55945e+02
151 -0.04154 -1.47576e+02 |152 -0.00218 -1.20006e+02 |153 -0.00826 -1.22362e+02
154  0.00589 -1.04582e+02 |155  0.01347  1.99150e+01 |156 -0.01563  2.25520e+01
157 -0.01132  1.15698e+01 |158  0.02727 -8.52811e+01 |159 -0.01183 -9.11251e+01
160  0.00752 -1.05954e+02 |161 -0.00359 -7.63672e+01 |162 -0.01175 -5.85644e+01
163  0.01309 -5.68257e+01 |164 -0.00659 -8.86404e+01 |165 -0.00171 -4.62633e+01
166  0.01394 -3.35922e+01 |167 -0.02561 -5.01995e+01 |168 -0.00135 -5.25546e+01
169  0.03093 -2.25745e+02 |170 -0.03678 -2.53898e+02 |171  0.01349 -3.23662e+02
172  0.01676 -4.07394e+02 |173  0.00096 -4.09939e+02 |174  0.00452 -3.70106e+02
175  0.00050 -3.67632e+02 |176 -0.01751 -3.64945e+02 |177  0.00327 -3.15680e+02
178 -0.00787 -2.90215e+02 |179  0.01901 -2.63323e+02 |180 -0.01500 -2.67259e+02
181 -0.00110 -2.21397e+02 |182  0.00329 -4.25789e+01 |183 -0.01314 -2.85417e+01
184  0.00140  3.45792e-01 |185  0.00141  3.47513e-01 |186  0.00140  3.44862e-01
187  0.01543 -4.30613e+01 |188  0.01377 -9.35010e+01 |189 -0.03170 -1.69222e+02
190  0.00874 -1.52334e+02 |191 -0.02686  4.69093e+01 |192  0.04929  1.73401e+02
193 -0.02669  3.23943e+02 |194 -0.00113  3.61706e+02 |195 -0.01955  4.58933e+02
196  0.01677  6.40103e+02 |197 -0.00702  5.82182e+02 |198  0.00145  6.37562e+02
199 -0.00132  5.37284e+02 |200  0.00993  4.07258e+02 |201 -0.01152  3.60090e+02
202  0.00423  7.93385e+01 |203  0.00687  7.25464e+01 |204 -0.00435 -1.43083e+02
205 -0.00380 -2.55084e+02 |206  0.01038 -2.89042e+02 |207 -0.01533 -4.06663e+02
208  0.01002 -2.62929e+02 |209  0.00183 -2.69895e+02 |210  0.09409 -4.52057e+02
211 -0.11780 -5.96187e+02 |212  0.01752 -4.35405e+02 |213  0.00080 -5.92654e+02
214 -0.00268 -7.87136e+02 |215  0.00489 -7.91953e+02 |216 -0.00459 -7.55795e+02
217  0.00594 -7.22825e+02 |218 -0.01756 -6.75217e+02 |219  0.03343 -6.57529e+02
220 -0.01621 -4.07528e+02 |221  0.00595 -4.49164e+02 |222 -0.00838 -5.16167e+02
223  0.00076 -3.68973e+02 |224  0.00254 -4.66732e+01 |225 -0.01717 -8.05460e+01
226  0.01125 -2.94439e+02 |227  0.00619 -8.79038e+01 |228 -0.00591 -1.29212e+02
229  0.00371  2.63796e+01 |230 -0.00459  1.35373e+02 |231 -0.00571  4.02894e+02
232  0.01039  6.62593e+02 |233 -0.00347  6.12217e+02 |234  0.00093  4.87675e+02
235  0.00166  4.85043e+02 |236  0.00093  4.67239e+02 |237 -0.01073  2.81556e+01
238  0.01296 -2.54744e+02 |239 -0.00690 -4.63306e+02 |240  0.00196 -7.24279e+02
241  0.01034 -1.02446e+03 |242  0.00273 -1.08638e+03 |243 -0.00794 -1.01517e+03
244 -0.01515 -1.03587e+03 |245  0.00982 -8.77752e+02 |246  0.00694 -7.99441e+02
247 -0.01074 -7.99645e+02 |248  0.00227 -6.39119e+02 |249  0.00206 -5.62076e+02
250 -0.00690 -3.49102e+02 |251  0.01064 -7.09224e+01 |252 -0.00090 -2.22696e-01
253 -0.00084 -2.07281e-01 |254 -0.00083 -2.05789e-01 |255  0.00775 -3.24254e+02
256  0.00909 -2.35445e+02 |257 -0.00428 -3.67550e+02 |258 -0.00625 -4.00770e+02
259  0.00501  1.02384e+01 |260 -0.03673  3.01672e+02 |261  0.03816  8.10032e+02
262  0.00646  8.15896e+02 |263 -0.00436  9.05663e+02 |264 -0.02287  1.12970e+03
265  0.01421  1.23331e+03 |266 -0.00883  1.27936e+03 |267 -0.00009  1.15888e+03
268 -0.00282  9.62476e+02 |269  0.00430  9.24201e+02 |270 -0.00507  6.80858e+02
271  0.00276  7.77429e+02 |272  0.00464  6.37197e+02 |273  0.00220  3.52539e+02
274  0.00155  1.54598e+02 |275 -0.00417 -3.25337e+01 |276 -0.00267  4.80012e+01
277  0.00590  2.11680e+01 |278  0.00123 -1.71990e+02 |279  0.00931 -5.24559e+02
280 -0.01761 -5.16716e+02 |281  0.00204 -5.76912e+02 |282 -0.00025 -7.11332e+02
283  0.00005 -3.74636e+02 |284  0.01212 -3.47918e+02 |285 -0.01355 -5.44600e+02
286  0.00835 -4.40275e+02 |287 -0.01862 -4.22731e+02 |288  0.02078 -2.20131e+02
289 -0.00067 -1.49069e+02 |290 -0.00012 -1.03850e+02 |291 -0.00313 -9.60535e+01
292  0.00445  2.10252e+02 |293  0.00891  1.25654e+02 |294 -0.01544 -1.15965e+02
295  0.00190  2.54631e+02 |296 -0.00452  2.02260e+02 |297  0.00228  4.23667e+02
298  0.00466  4.26848e+02 |299  0.00369  6.58926e+02 |300 -0.00705  7.83181e+02
301  0.00220  6.87805e+02 |302 -0.00385  5.95351e+02 |303  0.00395  7.83263e+02
304 -0.00205  7.56915e+02 |305  0.00177  4.50971e+02 |306 -0.00213  1.97980e+02
307  0.00158 -4.57299e+01 |308  0.00231 -4.06129e+01 |309 -0.00427 -3.40585e+02
310  0.00700 -3.94422e+02 |311  0.00419 -3.35648e+02 |312  0.00229 -2.50549e+02
313 -0.00863 -1.42578e+02 |314  0.00138 -1.51109e+02 |315  0.00172 -2.29249e+02
316  0.00073 -1.31449e+02 |317  0.00292 -1.46339e+02 |318  0.00133 -1.75423e+02
319 -0.00873 -7.45908e+01 |320  0.00517  1.27452e+00 |321  0.00521  1.28520e+00
322  0.00525  1.29536e+00 |
322 variables; iteration 240; function evaluation 258; phase 5
Function value 3.0253622e+03; maximum gradient component mag -1.5787e+04
Var    Value     Gradient |Var    Value     Gradient |Var    Value     Gradient
  1 -0.03684 -1.57869e+04 |  2 -0.08197 -2.78415e+01 |  3  0.17039 -9.68776e+00
  4 -0.03524 -3.50275e+00 |  5 -0.07219 -1.02829e+00 |  6  0.06895  5.32874e+00
  7  0.03016 -2.26569e+01 |  8  0.00646 -1.99003e+01 |  9  0.04974 -9.14576e+00
 10  0.03681  1.98069e+02 | 11  0.22733  1.58914e+02 | 12 -0.18895  2.14797e+02
 13 -0.03123  1.81043e+02 | 14 -0.14449  1.76246e+02 | 15 -0.15823  1.78908e+02
 16  0.25303  2.74704e+02 | 17  0.00119  1.75770e+02 | 18 -0.09684  1.78457e+02
 19 -0.03098  1.97169e+02 | 20 -0.00610  1.66684e+02 | 21 -0.09425  1.58679e+02
 22  0.04214  1.73247e+02 | 23 -0.10290  1.77458e+02 | 24 -0.03201  1.31693e+02
 25  0.01958  1.35898e+02 | 26  0.03655  1.22283e+02 | 27 -0.10581  1.54096e+02
 28  0.01423  1.22298e+02 | 29  0.06805  7.51214e+01 | 30 -0.09149  6.63178e+01
 31 -0.25735  1.03833e+02 | 32  0.07734  9.19179e+01 | 33  0.01173 -1.81421e-01
 34  0.08757  5.24516e+01 | 35  0.01607 -4.20174e+01 | 36 -0.01224  4.24045e+01
 37 -0.07310 -2.09259e+00 | 38  0.08671 -1.14134e+01 | 39 -0.14484  7.80694e+01
 40  0.22123 -4.09645e+02 | 41 -0.03550 -9.99450e+01 | 42  0.08463 -1.05870e+02
 43 -0.06657  2.97277e+01 | 44  0.17457 -7.87220e+02 | 45 -0.03484 -2.85779e+01
 46 -0.03308 -1.01435e+02 | 47 -0.01455 -1.27594e+02 | 48 -0.09101  1.14322e+01
 49  0.11967 -4.64961e+02 | 50  0.00643 -2.15372e+02 | 51  0.01168 -1.16731e+02
 52  0.02125 -2.21238e+02 | 53 -0.03725 -8.13846e+01 | 54  0.08894 -3.94353e+02
 55  0.00577 -2.83321e+02 | 56 -0.04896 -1.38860e+02 | 57 -0.05352 -5.42550e+01
 58  0.08465 -3.87342e+02 | 59 -0.02469 -1.11276e+01 | 60  0.02162 -1.53830e+02
 61  0.00935 -1.01415e+01 | 62  0.07656 -3.30311e+01 | 63  0.09940 -2.47517e+02
 64 -0.05879  5.48386e+01 | 65 -0.01359 -2.01365e+00 | 66  0.03878  3.96868e+01
 67  0.01237  6.71014e+01 | 68 -0.05029  4.22705e+01 | 69  0.03986 -1.14758e+01
 70  0.01600  1.66231e+02 | 71  0.16080  1.83955e+02 | 72 -0.04038  1.53423e+02
 73 -0.01078  1.76404e+02 | 74 -0.06133  2.04324e+02 | 75 -0.49532  4.32332e+01
 76 -0.67419  3.81051e+01 | 77 -0.78641  6.30685e+01 | 78 -0.71809  6.90335e+01
 79 -0.73383  6.26740e+01 | 80 -0.74398  6.07704e+01 | 81 -1.08522  3.79637e+01
 82 -0.85589 -1.26486e+00 | 83 -0.81137  3.87369e+01 | 84 -0.74732  1.72635e+01
 85 -0.80016  3.70646e+01 | 86 -0.85416  1.58142e+00 | 87 -0.79874  2.69767e+01
 88 -0.80450  1.31574e+01 | 89 -0.79401  2.66194e+01 | 90 -0.80227  7.50242e+00
 91 -0.78113 -3.65455e+00 | 92 -0.76788  2.66368e+01 | 93 -0.76449  3.71444e+01
 94 -0.84371 -2.90138e+01 | 95 -0.85269 -1.79566e+01 | 96 -0.71668  1.38215e-05
 97 -0.35409 -6.53739e-05 | 98  0.17979  3.68173e-04 | 99  0.26886 -9.05869e+01
100  0.28247 -1.53544e+02 |101  0.18250 -2.46422e+01 |102  0.09093  3.29628e+02
103 -0.16405  1.38341e+02 |104 -0.20783 -1.39306e+02 |105 -0.15280  3.14857e+01
106  0.00007 -1.19454e+03 |107  0.16543 -2.65072e+02 |108 -0.02193  3.77316e+02
109  0.17168  3.85920e+02 |110  0.12238  4.10016e+02 |111  0.18999 -3.09093e+01
112 -0.05853 -1.18207e+02 |113 -0.32051  4.31429e+02 |114 -0.22315  9.88371e+01
115 -0.22471  6.90739e+01 |116 -0.24012  4.25210e+01 |117  0.23603  3.34194e+01
118 -0.21958  1.94561e+01 |119  0.02841 -4.06399e+02 |120 -0.06758 -4.21900e+02
121  0.07171 -2.93522e+02 |122 -0.01841 -2.66812e+02 |123  0.01111 -2.55360e+02
124 -0.00635 -2.38981e+02 |125  0.01123 -2.26997e+02 |126 -0.01077 -2.31191e+02
127  0.03748 -1.58165e+02 |128  0.02476 -1.59237e+02 |129 -0.03428 -1.73575e+02
130 -0.02032 -1.67121e+02 |131 -0.00752 -1.85407e+02 |132 -0.00566 -1.60687e+02
133  0.01070 -1.34053e+02 |134  0.01645 -1.32941e+02 |135 -0.01803 -1.66960e+02
136  0.00932 -1.50241e+02 |137 -0.00488 -1.20070e+02 |138 -0.01174 -1.25245e+02
139  0.01266 -1.53388e+02 |140  0.03619 -2.13146e+02 |141 -0.06348 -2.38860e+02
142 -0.04796 -1.99440e+02 |143  0.06974 -2.37416e+02 |144 -0.00580 -2.01253e+02
145  0.02893 -1.61209e+02 |146 -0.00893 -1.87865e+02 |147 -0.00593 -1.76009e+02
148 -0.00031 -1.64932e+02 |149  0.00472 -1.27995e+02 |150  0.02317 -1.25141e+02
151 -0.01802 -8.89050e+01 |152 -0.01848 -9.16340e+01 |153  0.00359 -8.43313e+01
154 -0.00448 -8.34652e+01 |155  0.01267  1.80774e+01 |156 -0.01585  2.00535e+01
157 -0.01182  8.70838e+00 |158  0.02705 -7.40172e+01 |159 -0.01524 -8.04348e+01
160  0.01505 -5.66007e+01 |161 -0.00504 -4.38733e+01 |162 -0.01559 -3.32917e+01
163  0.01151 -2.16419e+01 |164 -0.00139 -4.37058e+01 |165 -0.00184 -1.65111e+01
166  0.01807 -1.57678e+01 |167 -0.03202 -4.21274e+01 |168 -0.00033 -4.12593e+01
169  0.02420 -1.95739e+02 |170 -0.02291 -2.03269e+02 |171  0.00121 -3.36706e+02
172  0.01869 -3.47341e+02 |173  0.01118 -3.29485e+02 |174  0.00531 -3.08595e+02
175 -0.00726 -3.10011e+02 |176 -0.01624 -3.04113e+02 |177  0.00413 -2.76134e+02
178 -0.00729 -2.63357e+02 |179  0.01339 -2.48248e+02 |180 -0.01283 -2.47325e+02
181 -0.00069 -2.05341e+02 |182 -0.00086 -3.97296e+01 |183 -0.00629 -1.03312e+01
184 -0.00083 -2.05037e-01 |185 -0.00085 -2.09685e-01 |186 -0.00084 -2.07917e-01
187  0.00584 -7.06897e+02 |188  0.02870 -7.38130e+02 |189 -0.04362 -7.66506e+02
190  0.00478 -6.73906e+02 |191 -0.01868 -5.21133e+02 |192  0.04231 -4.33363e+02
193 -0.01926 -2.57195e+02 |194 -0.00099 -2.45315e+02 |195 -0.02618 -1.69541e+02
196  0.01448 -2.88331e+00 |197 -0.00227  7.85375e+00 |198 -0.00020  2.80970e+01
199 -0.00262  1.17844e+01 |200  0.00987 -4.35948e+01 |201 -0.00959 -5.59575e+01
202  0.00514 -1.57227e+02 |203  0.00032 -1.79793e+02 |204  0.00278 -3.20749e+02
205 -0.00676 -3.61234e+02 |206  0.00642 -3.76851e+02 |207 -0.00911 -3.55937e+02
208  0.00722 -1.23487e+02 |209  0.00211 -5.35642e+01 |210  0.08424 -1.89592e+02
211 -0.10096 -3.02292e+02 |212  0.00764 -1.92107e+02 |213  0.00821 -1.55068e+02
214 -0.00751 -3.55643e+02 |215  0.00708 -3.31470e+02 |216 -0.00715 -2.42189e+02
217  0.01048 -2.94246e+02 |218 -0.01735 -3.73299e+02 |219  0.03126 -4.06336e+02
220 -0.01745 -3.38994e+02 |221  0.00054 -3.61706e+02 |222 -0.00165 -2.98735e+02
223  0.00112 -1.88660e+02 |224  0.00199  8.19856e+01 |225 -0.01791  5.54003e+01
226  0.01235 -1.05811e+02 |227  0.00708  6.94060e+00 |228 -0.00752 -3.24457e+01
229  0.00397  1.20973e+01 |230 -0.00372  1.02357e+02 |231 -0.00508  2.75404e+02
232  0.00690  3.36868e+02 |233 -0.00208  3.55293e+02 |234  0.00147  3.00083e+02
235  0.00289  2.51186e+02 |236 -0.00161  2.11096e+02 |237 -0.01011 -1.41281e+02
238  0.00999 -2.33416e+02 |239 -0.00499 -2.94077e+02 |240  0.00312 -4.52526e+02
241  0.00972 -6.68771e+02 |242  0.00509 -6.63751e+02 |243 -0.01169 -6.58651e+02
244 -0.01260 -6.30102e+02 |245  0.00982 -5.66010e+02 |246  0.00810 -5.44396e+02
247 -0.00986 -6.06290e+02 |248  0.00165 -5.34437e+02 |249  0.00131 -5.07378e+02
250 -0.00574 -3.12931e+02 |251  0.00794 -7.57510e+01 |252 -0.00005 -1.51887e-02
253 -0.00012 -3.25711e-02 |254 -0.00019 -5.05491e-02 |255  0.00174 -1.06618e+02
256  0.00561  6.07457e+01 |257 -0.00276  1.87976e+01 |258  0.00086  1.78908e+02
259  0.00232  3.15742e+02 |260 -0.03748  3.41222e+02 |261  0.03714  9.54881e+02
262  0.00516  9.44252e+02 |263 -0.00143  1.04864e+03 |264 -0.02350  1.23806e+03
265  0.01322  1.31388e+03 |266 -0.00926  1.31687e+03 |267  0.00099  1.26287e+03
268 -0.00367  1.12509e+03 |269  0.00324  1.09418e+03 |270 -0.00303  9.78133e+02
271  0.00512  1.02233e+03 |272 -0.00175  8.39981e+02 |273  0.00423  7.31797e+02
274  0.00149  6.55111e+02 |275 -0.00516  4.68990e+02 |276 -0.00044  6.62911e+02
277  0.00528  6.90153e+02 |278  0.00080  4.70536e+02 |279  0.00673  2.06094e+02
280 -0.01189  1.87924e+02 |281 -0.00294  1.45202e+02 |282  0.00520  3.21196e+01
283 -0.00392  2.53248e+02 |284  0.01412  3.55392e+02 |285 -0.01714  4.51759e+01
286  0.01058  7.78894e+01 |287 -0.01711  6.30074e+01 |288  0.02038  1.50255e+02
289  0.00278  1.97275e+02 |290 -0.00437  2.42502e+02 |291 -0.00352  2.48123e+02
292  0.00382  5.28258e+02 |293  0.00978  5.79580e+02 |294 -0.01463  3.83145e+02
295  0.00124  6.43261e+02 |296 -0.00322  6.25537e+02 |297  0.00134  7.42872e+02
298  0.00500  7.26365e+02 |299  0.00339  8.38040e+02 |300 -0.00609  8.08601e+02
301  0.00098  6.55119e+02 |302 -0.00216  6.06035e+02 |303  0.00170  6.18821e+02
304 -0.00070  6.31981e+02 |305  0.00063  3.48777e+02 |306 -0.00255  2.66923e+02
307  0.00408  1.84019e+02 |308  0.00038  1.59287e+02 |309 -0.00341 -3.90230e+01
310  0.00653 -1.13472e+02 |311  0.00438 -1.08747e+02 |312  0.00317 -2.96432e+01
313 -0.00886 -1.58651e+01 |314  0.00082 -1.46182e+02 |315  0.00091 -2.93155e+02
316 -0.00004 -2.22389e+02 |317  0.00317 -2.23125e+02 |318  0.00022 -1.83679e+02
319 -0.00616 -2.48281e+01 |320 -0.00225 -5.60956e-01 |321 -0.00227 -5.64448e-01
322 -0.00234 -5.82122e-01 |
322 variables; iteration 260; function evaluation 279; phase 5
Function value 3.0070692e+03; maximum gradient component mag -1.5849e+04
Var    Value     Gradient |Var    Value     Gradient |Var    Value     Gradient
  1 -0.03690 -1.58486e+04 |  2  0.00331 -1.56429e+01 |  3  0.17192 -1.51672e+01
  4 -0.07294 -1.99836e+01 |  5 -0.06505 -4.81722e+00 |  6  0.06788 -6.31653e+00
  7  0.04023 -3.01999e+01 |  8 -0.01611 -6.24717e+01 |  9  0.05118 -3.19604e+01
 10  0.02162  1.40317e+02 | 11  0.22685  5.68218e+01 | 12 -0.23065  1.52248e+02
 13 -0.02145  1.63815e+02 | 14 -0.14008  1.57539e+02 | 15 -0.18552  1.40131e+02
 16  0.24776  2.94874e+00 | 17  0.01871  1.39707e+02 | 18 -0.09378  1.41162e+02
 19 -0.04229  1.25854e+02 | 20 -0.01113  8.41042e+01 | 21 -0.08172  1.30868e+02
 22  0.03830  8.15624e+01 | 23 -0.10882  1.16316e+02 | 24 -0.03059  1.03037e+02
 25  0.01915  7.50604e+01 | 26  0.03447  5.49429e+01 | 27 -0.09129  1.29325e+02
 28  0.01259  3.36442e+01 | 29  0.07373 -2.35882e+01 | 30 -0.10484  5.23302e+01
 31 -0.21536  1.09151e+02 | 32  0.07070 -1.22279e+01 | 33  0.02081 -4.96974e+01
 34  0.07066 -5.39233e+01 | 35  0.02630 -7.54341e+01 | 36 -0.00844  2.74142e+01
 37 -0.08466 -4.95417e+01 | 38  0.08783 -5.28231e+01 | 39 -0.17919  4.81865e+01
 40  0.22302 -4.90890e+02 | 41 -0.03407 -1.11203e+02 | 42  0.08489 -1.32658e+02
 43 -0.06197  2.85996e+01 | 44  0.17168 -8.82470e+02 | 45 -0.03494 -4.20110e+01
 46 -0.03078 -7.61396e+01 | 47 -0.01581 -1.20191e+02 | 48 -0.09035  1.87786e+01
 49  0.11837 -4.05527e+02 | 50  0.01233 -1.12164e+02 | 51  0.01087 -7.72089e+01
 52  0.02035 -1.77384e+02 | 53 -0.03858 -6.80680e+01 | 54  0.08918 -2.72322e+02
 55  0.00783 -1.56789e+02 | 56 -0.04219  5.29450e+00 | 57 -0.05339 -1.00608e+01
 58  0.08322 -3.50547e+02 | 59 -0.02548  1.01280e+01 | 60  0.02572  1.71865e+01
 61  0.00960  2.05648e+01 | 62  0.07557 -1.82331e+01 | 63  0.10030 -1.20896e+02
 64 -0.05896  6.75379e+01 | 65 -0.01311  3.19541e+01 | 66  0.03852  6.66163e+01
 67  0.01117  5.63344e+01 | 68 -0.05044  2.66784e+01 | 69  0.04130  8.45976e+01
 70  0.01472  1.42574e+02 | 71  0.15922  1.24046e+02 | 72 -0.03233  2.20374e+02
 73 -0.00899  1.89641e+02 | 74 -0.06453  1.75934e+02 | 75 -0.49241  4.68790e+01
 76 -0.65591  3.97077e+01 | 77 -0.78728  4.61955e+01 | 78 -0.72467  3.91783e+01
 79 -0.73546  4.40656e+01 | 80 -0.74426  4.66620e+01 | 81 -1.11025  4.22727e+01
 82 -0.83931  3.96182e+01 | 83 -0.81199  3.06752e+01 | 84 -0.73932  1.29804e+01
 85 -0.80051  2.68441e+01 | 86 -0.86905 -1.32013e+01 | 87 -0.79113  2.35765e+01
 88 -0.80386  5.84723e+00 | 89 -0.80327  6.53146e+00 | 90 -0.79752  1.37692e+01
 91 -0.77791 -6.36700e-01 | 92 -0.77733  4.95077e+00 | 93 -0.77378  1.58821e+01
 94 -0.84004 -1.31981e+01 | 95 -0.85838 -3.52982e+01 | 96 -0.71636 -2.13463e-05
 97 -0.35319 -1.33612e-03 | 98  0.18014  4.38710e-03 | 99  0.23483 -9.08154e+01
100  0.23233  8.43190e+01 |101  0.13350 -2.20955e+02 |102  0.09058  2.30084e+02
103 -0.16412  2.19585e+02 |104 -0.20596  2.57792e+01 |105 -0.15093  1.35920e+02
106  0.00055 -7.19204e+02 |107  0.16538 -2.36801e+02 |108 -0.02294  2.32488e+02
109  0.17450  2.97452e+02 |110  0.11420  3.27152e+02 |111  0.19807 -2.25724e+01
112 -0.05780 -9.16280e+01 |113 -0.32120  4.93816e+02 |114 -0.21968  5.08294e+01
115 -0.22723  1.98740e+01 |116 -0.25792  3.02703e+00 |117  0.19298  2.71378e+01
118 -0.22558  8.14636e+00 |119  0.03190 -3.97326e+02 |120 -0.05661 -4.09322e+02
121  0.06936 -2.71667e+02 |122 -0.01941 -2.57622e+02 |123  0.01037 -2.48088e+02
124  0.00609 -2.32034e+02 |125 -0.00914 -2.34469e+02 |126  0.00117 -2.30276e+02
127  0.02355 -1.84187e+02 |128  0.01722 -1.81505e+02 |129 -0.02901 -1.92529e+02
130 -0.00869 -1.83858e+02 |131 -0.00571 -2.08202e+02 |132 -0.01305 -1.95297e+02
133  0.02907 -1.15649e+02 |134 -0.00110 -1.50764e+02 |135 -0.01685 -1.75520e+02
136  0.01472 -1.37702e+02 |137 -0.00764 -1.22202e+02 |138 -0.01728 -1.26885e+02
139  0.01171 -1.31193e+02 |140  0.04981 -1.27656e+02 |141 -0.06829 -1.59628e+02
142 -0.07651 -1.15969e+02 |143  0.09701 -1.04652e+02 |144 -0.01031 -8.85313e+01
145  0.02437 -4.21323e+01 |146 -0.00088 -5.07703e+01 |147 -0.00475 -4.30753e+01
148  0.00527 -3.59369e+01 |149  0.02223 -2.92180e+01 |150  0.00633 -4.42623e+01
151 -0.04086 -2.58565e+01 |152  0.00043 -5.36059e+00 |153  0.00527 -1.04940e+01
154 -0.00766 -1.44652e+01 |155  0.00692  4.70415e+01 |156 -0.01864  5.17799e+01
157 -0.00806  5.36436e+01 |158  0.03848  1.71662e+01 |159 -0.02218 -4.56069e+00
160  0.01337 -3.34600e+00 |161 -0.00709  6.86710e+00 |162 -0.01559  1.84100e+01
163  0.00923  2.91470e+01 |164  0.00161  1.77416e+01 |165  0.00047  5.13866e+01
166  0.00720  3.62193e+01 |167 -0.01659  2.58710e+01 |168 -0.00567 -2.81423e+01
169  0.03097 -1.37973e+02 |170 -0.03400 -1.68031e+02 |171  0.00569 -2.88090e+02
172  0.01889 -3.09756e+02 |173  0.01022 -2.94884e+02 |174 -0.00260 -2.76344e+02
175 -0.00085 -2.73270e+02 |176 -0.01970 -2.70104e+02 |177  0.01530 -2.18362e+02
178 -0.01199 -2.30764e+02 |179  0.00779 -2.20186e+02 |180 -0.00635 -2.11723e+02
181 -0.00306 -1.90743e+02 |182  0.00239 -4.55326e+01 |183 -0.01635 -3.29449e+01
184 -0.00508 -1.20339e+00 |185 -0.00516 -1.22284e+00 |186 -0.00513 -1.21528e+00
187  0.01614  3.79952e+02 |188  0.02007  3.30156e+02 |189 -0.03367  2.79853e+02
190  0.00571  3.37955e+02 |191 -0.01929  4.20850e+02 |192  0.04859  4.84342e+02
193 -0.02750  5.36494e+02 |194 -0.00564  5.58034e+02 |195 -0.01690  6.17566e+02
196  0.01382  5.20301e+02 |197  0.00090  4.93743e+02 |198 -0.00881  4.42340e+02
199  0.00076  4.93032e+02 |200  0.00950  4.70317e+02 |201 -0.01266  5.57229e+02
202  0.00745  6.82664e+02 |203 -0.00099  6.81846e+02 |204  0.00489  6.64612e+02
205 -0.00728  6.68571e+02 |206  0.00865  7.08222e+02 |207 -0.01122  7.39654e+02
208  0.00816  7.36381e+02 |209 -0.00260  7.65371e+02 |210  0.10858  6.83189e+02
211 -0.11411  5.96637e+02 |212  0.00108  5.45275e+02 |213  0.00422  6.46938e+02
214 -0.00388  6.25747e+02 |215  0.00547  7.25655e+02 |216 -0.00639  8.55573e+02
217  0.01012  8.09432e+02 |218 -0.02000  8.65249e+02 |219  0.04132  8.07608e+02
220 -0.02699  5.86655e+02 |221  0.00159  6.43822e+02 |222  0.00137  7.27995e+02
223 -0.00041  8.09050e+02 |224  0.00355  9.28185e+02 |225 -0.01903  8.99541e+02
226  0.01208  8.39148e+02 |227  0.00622  7.93892e+02 |228 -0.00697  8.04410e+02
229  0.00572  8.22325e+02 |230 -0.00376  8.69085e+02 |231 -0.00404  9.34034e+02
232  0.00498  7.68348e+02 |233 -0.00213  8.13669e+02 |234  0.00214  7.96199e+02
235  0.00263  6.72906e+02 |236 -0.00526  5.75281e+02 |237 -0.00585  4.53183e+02
238  0.01168  2.92312e+02 |239 -0.00985  1.06758e+02 |240  0.00438 -1.42172e+01
241  0.01001 -7.99040e+01 |242  0.00752 -4.89449e+01 |243 -0.01196 -1.28436e+02
244 -0.01393 -1.22021e+02 |245  0.01173 -1.83094e+02 |246  0.00631 -2.88991e+02
247 -0.00777 -3.60262e+02 |248 -0.00187 -3.86748e+02 |249  0.00342 -3.18262e+02
250 -0.00552 -1.70347e+02 |251  0.00958 -3.85083e+01 |252  0.00033  8.74427e-02
253  0.00000  4.67239e-03 |254 -0.00030 -7.10923e-02 |255  0.01374 -9.37661e+02
256  0.00441 -7.35691e+02 |257 -0.00349 -8.26945e+02 |258  0.00177 -5.65186e+02
259  0.00244 -5.19237e+02 |260 -0.03607 -4.18786e+02 |261  0.03597 -5.74141e+01
262  0.00827 -7.77289e+00 |263 -0.00625  6.14063e+01 |264 -0.01968 -1.04397e-01
265  0.01135 -1.56216e+01 |266 -0.00853 -3.02453e+01 |267 -0.00136 -1.84732e+01
268 -0.00238 -6.45677e+01 |269  0.00437 -6.53170e+00 |270 -0.00383  8.95443e+01
271  0.00618  1.36793e+02 |272 -0.00426 -8.39370e+00 |273  0.00483  8.62846e+01
274  0.00207  1.35165e+02 |275 -0.00242 -9.35254e+00 |276 -0.00343 -2.37482e+01
277  0.00593  3.89187e+01 |278 -0.00482 -1.05001e+02 |279  0.00470 -1.35788e+02
280 -0.00524 -1.76006e+02 |281 -0.00185 -1.82578e+02 |282  0.00544 -1.27864e+02
283 -0.00324 -2.80907e+01 |284  0.01156  1.02442e+02 |285 -0.01516 -4.29396e+01
286  0.01124 -3.22293e+01 |287 -0.02234 -1.14646e+02 |288  0.02514 -3.01252e+02
289  0.00321 -2.94797e+02 |290 -0.00730 -2.51575e+02 |291 -0.00025 -1.03684e+02
292  0.00071  7.17143e+00 |293  0.00997  2.14279e+02 |294 -0.01121  1.22607e+02
295 -0.00145  1.26066e+02 |296 -0.00159  2.17458e+02 |297 -0.00080  2.75846e+02
298  0.00630  3.19458e+02 |299  0.00276  3.43560e+02 |300 -0.00686  1.67799e+02
301  0.00133  1.44251e+02 |302 -0.00107  1.58077e+02 |303  0.00096  8.17880e+01
304  0.00050  8.79206e+01 |305 -0.00124 -5.98585e+01 |306 -0.00250 -1.20561e+02
307  0.00693 -1.44668e+02 |308 -0.00296 -2.46428e+02 |309 -0.00192 -1.96172e+02
310  0.00577 -2.59850e+02 |311  0.00443 -2.30525e+02 |312  0.00543 -9.93899e+01
313 -0.01179 -2.23379e+02 |314  0.00163 -3.31647e+02 |315  0.00083 -4.08373e+02
316  0.00083 -3.55801e+02 |317  0.00098 -3.31255e+02 |318  0.00077 -1.47584e+02
319 -0.00493 -5.56219e+00 |320 -0.01630 -4.02714e+00 |321 -0.01640 -4.05221e+00
322 -0.01671 -4.12997e+00 |
322 variables; iteration 280; function evaluation 303; phase 5
Function value 2.9936101e+03; maximum gradient component mag -1.6197e+04
Var    Value     Gradient |Var    Value     Gradient |Var    Value     Gradient
  1 -0.03684 -1.61967e+04 |  2  0.02292 -7.68526e+00 |  3  0.18104  1.75513e+01
  4 -0.04839 -6.67554e+00 |  5 -0.06036  5.13779e-01 |  6  0.06381 -1.20932e+01
  7  0.04456 -2.27457e+01 |  8 -0.01029 -4.60040e+01 |  9  0.05864 -2.49692e+01
 10  0.00484  1.22691e+02 | 11  0.22621  5.00704e+01 | 12 -0.23994  1.42577e+02
 13 -0.02563  1.58490e+02 | 14 -0.14481  1.54132e+02 | 15 -0.13917  1.60714e+02
 16  0.24481 -1.52275e+01 | 17  0.02689  1.47377e+02 | 18 -0.09258  1.50180e+02
 19 -0.04377  1.20037e+02 | 20 -0.00355  1.03857e+02 | 21 -0.09378  1.24493e+02
 22  0.04246  8.08466e+01 | 23 -0.10693  1.12768e+02 | 24 -0.03625  9.66662e+01
 25  0.01647  5.25445e+01 | 26  0.03033  4.35721e+01 | 27 -0.11187  1.20128e+02
 28  0.01805  3.36478e+01 | 29  0.07473 -3.65854e+01 | 30 -0.10539  6.40309e+01
 31 -0.23439  9.19314e+01 | 32  0.06619 -1.14959e+01 | 33  0.03339 -5.27452e+01
 34  0.06016 -7.89667e+01 | 35  0.03248 -8.39677e+01 | 36  0.00007  4.54519e+01
 37 -0.08640 -5.11131e+01 | 38  0.08835 -5.46198e+01 | 39 -0.14590  6.06527e+01
 40  0.22511 -4.85587e+02 | 41 -0.04208 -1.18812e+02 | 42  0.08093 -1.81042e+02
 43 -0.06147  2.36163e+01 | 44  0.17029 -9.94360e+02 | 45 -0.03581 -5.99197e+01
 46 -0.02930 -7.58358e+01 | 47 -0.01692 -1.59172e+02 | 48 -0.09186  3.36829e+00
 49  0.11645 -5.13020e+02 | 50  0.01037 -1.55925e+02 | 51  0.00992 -8.40504e+01
 52  0.02164 -1.27469e+02 | 53 -0.03942 -6.69577e+01 | 54  0.08829 -2.92281e+02
 55  0.00875 -1.12547e+02 | 56 -0.03991  7.28872e+01 | 57 -0.05334  8.49048e+00
 58  0.08254 -3.27929e+02 | 59 -0.02562  2.64585e+01 | 60  0.02389  8.03499e+00
 61  0.01004  3.92948e+01 | 62  0.07511 -1.03321e+01 | 63  0.10132 -5.53112e+01
 64 -0.05869  7.98463e+01 | 65 -0.01287  5.08646e+01 | 66  0.04009  1.10323e+02
 67  0.01168  7.42397e+01 | 68 -0.04846  4.97642e+01 | 69  0.04259  1.39429e+02
 70  0.01394  1.34755e+02 | 71  0.15532  2.07354e+01 | 72 -0.03550  2.02199e+02
 73 -0.01082  1.92858e+02 | 74 -0.07042  1.52326e+02 | 75 -0.49286  3.00701e+01
 76 -0.67800  1.61201e+01 | 77 -0.78554  5.16532e+01 | 78 -0.72096  3.99363e+01
 79 -0.73972  3.82989e+01 | 80 -0.74926  3.92190e+01 | 81 -1.11787  4.22782e+01
 82 -0.84725  1.38619e+01 | 83 -0.81543  2.38769e+01 | 84 -0.73172  2.01170e+01
 85 -0.79849  3.23277e+01 | 86 -0.86211 -1.21101e+01 | 87 -0.77978  3.54028e+01
 88 -0.80372  6.04983e+00 | 89 -0.79843  1.28277e+01 | 90 -0.79989  1.28102e+01
 91 -0.78900 -1.31339e+01 | 92 -0.78483 -6.69076e+00 | 93 -0.78762 -8.69678e+00
 94 -0.83574  6.46849e+00 | 95 -0.85422 -1.95653e+01 | 96 -0.71618 -3.35063e-06
 97 -0.35282 -2.86395e-06 | 98  0.18076  6.14545e-06 | 99  0.22253 -4.86164e+00
100  0.18339  3.14225e+02 |101  0.17472 -5.71849e+01 |102  0.09023  8.16915e+01
103 -0.16480  8.91093e+01 |104 -0.20415 -3.52926e+01 |105 -0.15534 -2.83233e+01
106  0.00090 -4.11080e+02 |107  0.16592 -1.95045e+02 |108 -0.02435  1.10709e+02
109  0.17606  2.20279e+02 |110  0.10545  2.62113e+02 |111  0.20150 -1.98733e+01
112 -0.05861 -9.27142e+01 |113 -0.32167  5.27485e+02 |114 -0.21716  3.85500e+01
115 -0.23801 -5.40555e+00 |116 -0.25328 -5.24554e+00 |117  0.16170  1.61422e+01
118 -0.23036 -4.65791e+00 |119  0.05778 -7.29967e+00 |120 -0.07142 -3.70612e+01
121  0.06328  1.30666e+02 |122 -0.00466  1.44713e+02 |123 -0.00478  1.45229e+02
124  0.00096  1.57590e+02 |125  0.01243  1.61994e+02 |126 -0.02761  1.52441e+02
127  0.04659  2.08170e+02 |128  0.01021  2.01503e+02 |129 -0.00159  1.98789e+02
130 -0.04841  1.87014e+02 |131  0.00382  2.08323e+02 |132 -0.01204  2.05476e+02
133  0.02413  2.54880e+02 |134 -0.00250  2.21755e+02 |135 -0.00736  2.01154e+02
136  0.00916  1.90878e+02 |137 -0.01143  2.02788e+02 |138 -0.01423  2.01356e+02
139  0.01212  2.16250e+02 |140  0.00635  1.78556e+02 |141 -0.01815  1.84019e+02
142 -0.06137  1.99011e+02 |143  0.07867  1.82666e+02 |144 -0.01518  1.84875e+02
145  0.02686  1.88189e+02 |146 -0.00393  1.76951e+02 |147  0.00817  1.89068e+02
148 -0.00203  1.78994e+02 |149  0.00855  1.69890e+02 |150  0.01388  1.62675e+02
151 -0.01109  1.83075e+02 |152 -0.03099  1.69586e+02 |153  0.01348  1.81824e+02
154 -0.00740  1.73353e+02 |155 -0.00161  1.86836e+02 |156 -0.01213  1.98444e+02
157 -0.01256  1.92882e+02 |158  0.03211  1.70274e+02 |159 -0.01246  1.58671e+02
160  0.01227  1.30825e+02 |161 -0.00101  1.39089e+02 |162 -0.02283  1.31455e+02
163  0.00776  1.25190e+02 |164  0.00622  1.23773e+02 |165 -0.00468  1.25320e+02
166  0.00548  1.25338e+02 |167 -0.01376  1.22983e+02 |168 -0.00419  7.28555e+01
169  0.02234 -2.56167e+01 |170 -0.02294 -3.17941e+01 |171  0.00649 -1.63593e+02
172  0.01315 -2.22704e+02 |173  0.01766 -1.88987e+02 |174 -0.00232 -1.80161e+02
175 -0.01167 -1.80779e+02 |176 -0.00901 -1.69054e+02 |177  0.00986 -1.58086e+02
178 -0.00158 -1.66987e+02 |179  0.00106 -1.72790e+02 |180 -0.00971 -1.78501e+02
181 -0.00096 -1.63761e+02 |182  0.00149 -7.09750e+01 |183 -0.02246 -6.59885e+01
184  0.00317  7.81457e-01 |185  0.00336  8.28065e-01 |186  0.00334  8.24376e-01
187  0.02380  1.37045e+03 |188  0.00832  1.33469e+03 |189 -0.01955  1.34476e+03
190  0.00826  1.31921e+03 |191 -0.01719  1.35206e+03 |192  0.04405  1.39306e+03
193 -0.02227  1.44151e+03 |194  0.00308  1.45034e+03 |195 -0.04180  1.47810e+03
196  0.02501  1.44214e+03 |197 -0.00119  1.46103e+03 |198 -0.00448  1.41560e+03
199 -0.00038  1.44481e+03 |200  0.00668  1.44702e+03 |201 -0.00789  1.53423e+03
202  0.00587  1.59652e+03 |203 -0.00395  1.55181e+03 |204  0.00748  1.63018e+03
205 -0.00764  1.62592e+03 |206  0.00763  1.66930e+03 |207 -0.00591  1.72101e+03
208  0.00458  1.58239e+03 |209 -0.00580  1.48054e+03 |210  0.09237  1.45600e+03
211 -0.09828  1.35605e+03 |212  0.00648  1.33834e+03 |213 -0.00047  1.31177e+03
214  0.00062  1.29692e+03 |215  0.00404  1.25967e+03 |216 -0.00717  1.32323e+03
217  0.01035  1.27964e+03 |218 -0.01683  1.26081e+03 |219  0.03340  1.19445e+03
220 -0.02172  9.73449e+02 |221  0.00243  9.88230e+02 |222 -0.00011  1.02248e+03
223  0.00103  1.05071e+03 |224 -0.00019  1.06558e+03 |225 -0.01464  1.07012e+03
226  0.00885  1.02399e+03 |227  0.00623  9.45979e+02 |228 -0.00553  9.48327e+02
229  0.00551  8.62206e+02 |230 -0.00241  8.70314e+02 |231 -0.00518  8.03209e+02
232  0.00384  6.40881e+02 |233 -0.00226  7.03447e+02 |234  0.00276  7.08348e+02
235  0.00279  5.86327e+02 |236 -0.00678  4.75454e+02 |237 -0.00466  4.62322e+02
238  0.00970  4.16791e+02 |239 -0.00969  3.46602e+02 |240  0.00600  3.18996e+02
241  0.01062  3.14683e+02 |242  0.00727  3.36676e+02 |243 -0.01179  2.39761e+02
244 -0.01194  2.44461e+02 |245  0.00996  1.53532e+02 |246  0.00637  5.11826e+01
247 -0.00771 -4.36420e+01 |248 -0.00081 -8.96792e+01 |249  0.00252 -1.17906e+02
250 -0.00608 -5.30012e+01 |251  0.01037 -5.30053e+01 |252  0.00615  1.51667e+00
253  0.00663  1.63697e+00 |254  0.00756  1.86418e+00 |255  0.00452 -2.46416e+02
256  0.00600 -1.05682e+02 |257 -0.00379 -1.84866e+02 |258 -0.00118 -1.14368e+02
259  0.00380 -1.41111e+02 |260 -0.03480 -7.13132e+01 |261  0.03374  2.71327e+02
262  0.00707  3.34018e+02 |263  0.00744  3.98933e+02 |264 -0.03250  3.41763e+02
265  0.01466  3.74600e+02 |266 -0.01183  3.17275e+02 |267 -0.00037  3.61282e+02
268 -0.00155  3.30715e+02 |269  0.00181  3.84940e+02 |270 -0.00151  4.58826e+02
271  0.00582  4.76165e+02 |272 -0.00502  4.13474e+02 |273  0.00497  4.83567e+02
274  0.00130  5.68698e+02 |275 -0.00390  5.45859e+02 |276  0.00056  4.71564e+02
277  0.00465  4.73928e+02 |278 -0.00595  4.03242e+02 |279  0.00873  4.16957e+02
280 -0.00800  3.17778e+02 |281 -0.00022  2.58627e+02 |282  0.00325  3.31841e+02
283 -0.00205  3.15931e+02 |284  0.00989  4.25154e+02 |285 -0.01409  4.40231e+02
286  0.00969  3.64740e+02 |287 -0.01686  3.67042e+02 |288  0.02023  2.15074e+02
289  0.00289  2.52417e+02 |290 -0.00577  2.64182e+02 |291 -0.00170  3.23520e+02
292  0.00252  3.94665e+02 |293  0.00688  5.36663e+02 |294 -0.00722  5.14274e+02
295 -0.00256  4.10836e+02 |296 -0.00207  4.35026e+02 |297 -0.00093  4.13602e+02
298  0.00610  4.50263e+02 |299  0.00222  3.99207e+02 |300 -0.00607  2.71454e+02
301  0.00197  2.53282e+02 |302 -0.00139  2.45722e+02 |303  0.00110  1.19373e+02
304  0.00046  7.43808e+01 |305 -0.00226  1.15764e-01 |306 -0.00200  5.79809e+01
307  0.00828  8.47958e+01 |308 -0.00423  8.34344e+00 |309 -0.00221  1.11084e+02
310  0.00676  7.26666e+01 |311  0.00421  5.51693e+00 |312  0.00261  6.83884e+01
313 -0.00978 -4.34882e+01 |314  0.00186 -1.32844e+02 |315  0.00067 -2.03975e+02
316  0.00035 -1.45035e+02 |317  0.00144 -1.53334e+02 |318  0.00176  5.73396e+00
319 -0.00602  2.99390e+00 |320  0.00378  9.33088e-01 |321  0.00376  9.26752e-01
322  0.00433  1.06711e+00 |
322 variables; iteration 300; function evaluation 328; phase 5
Function value 2.9810601e+03; maximum gradient component mag -1.6585e+04
Var    Value     Gradient |Var    Value     Gradient |Var    Value     Gradient
  1 -0.03675 -1.65846e+04 |  2  0.03207 -8.57860e+00 |  3  0.17057 -2.40530e-02
  4 -0.04250 -9.51080e+00 |  5 -0.07720 -8.62979e+00 |  6  0.06840 -1.05950e+01
  7  0.04569 -2.18327e+01 |  8  0.00393 -2.06373e+01 |  9  0.06097 -2.88482e+01
 10  0.00857  1.33693e+02 | 11  0.22590  2.31557e+01 | 12 -0.22951  1.51879e+02
 13 -0.02128  1.64353e+02 | 14 -0.14056  1.60405e+02 | 15 -0.15504  1.57783e+02
 16  0.24505 -6.81847e+01 | 17  0.02542  1.36658e+02 | 18 -0.10190  1.51280e+02
 19 -0.04085  1.19342e+02 | 20  0.00170  1.17197e+02 | 21 -0.09730  1.22285e+02
 22  0.04505  5.80690e+01 | 23 -0.11258  1.18818e+02 | 24 -0.02998  9.57221e+01
 25  0.02176  4.70560e+01 | 26  0.02498  2.42686e+01 | 27 -0.11935  1.12018e+02
 28  0.02175  3.27704e+01 | 29  0.07473 -4.67750e+01 | 30 -0.10930  7.09843e+01
 31 -0.20991  1.08504e+02 | 32  0.05352 -2.04331e+01 | 33  0.04764 -4.77668e+01
 34  0.04978 -8.28008e+01 | 35  0.03797 -7.87211e+01 | 36  0.00218  5.25801e+01
 37 -0.08544 -3.32984e+01 | 38  0.09100 -4.87358e+01 | 39 -0.16072  6.69894e+01
 40  0.22691 -4.34018e+02 | 41 -0.04451 -9.90324e+01 | 42  0.08406 -1.40858e+02
 43 -0.06218  3.72255e+01 | 44  0.17120 -9.55406e+02 | 45 -0.03622 -4.68688e+01
 46 -0.03199 -7.60340e+01 | 47 -0.01510 -1.19984e+02 | 48 -0.08941  2.86363e+01
 49  0.11589 -5.23981e+02 | 50  0.01098 -1.48245e+02 | 51  0.00864 -7.53680e+01
 52  0.02214 -1.05394e+02 | 53 -0.03611 -2.46268e+01 | 54  0.08906 -2.65084e+02
 55  0.01010 -7.94655e+01 | 56 -0.04132  5.74026e+01 | 57 -0.05183  3.27593e+01
 58  0.08321 -3.18877e+02 | 59 -0.02438  4.55989e+01 | 60  0.02334  4.46116e+00
 61  0.01103  5.26335e+01 | 62  0.07474 -4.34565e+01 | 63  0.10297 -2.78464e+01
 64 -0.05824  9.16748e+01 | 65 -0.01268  5.46949e+01 | 66  0.04177  1.10370e+02
 67  0.01251  8.39237e+01 | 68 -0.04529  7.47484e+01 | 69  0.04432  1.83081e+02
 70  0.01519  1.49450e+02 | 71  0.15456  3.50529e+00 | 72 -0.03599  2.14279e+02
 73 -0.01213  1.91318e+02 | 74 -0.07228  1.50612e+02 | 75 -0.49839  3.27876e+01
 76 -0.66355  3.24101e+01 | 77 -0.78877  4.64028e+01 | 78 -0.71187  4.94225e+01
 79 -0.74169  3.59994e+01 | 80 -0.74886  4.14424e+01 | 81 -1.14227  2.96285e+01
 82 -0.85146  2.63759e+00 | 83 -0.81762  1.88394e+01 | 84 -0.72998  2.36694e+01
 85 -0.80087  3.22922e+01 | 86 -0.82922  5.74979e+00 | 87 -0.78120  3.44432e+01
 88 -0.79895  9.38294e+00 | 89 -0.79886  1.45496e+01 | 90 -0.80471  7.61243e+00
 91 -0.78026  3.62327e+00 | 92 -0.78209  3.99568e+00 | 93 -0.78780 -4.71385e+00
 94 -0.83314  2.07700e+01 | 95 -0.85436 -2.07004e+01 | 96 -0.71628  5.14764e-06
 97 -0.35086 -1.52429e-05 | 98  0.17081  1.37823e-04 | 99  0.15637 -6.97507e+01
100  0.17959 -2.19048e+02 |101  0.21795 -8.52959e+02 |102  0.08978 -7.91520e+01
103 -0.16475  4.38879e+01 |104 -0.20350 -7.38579e+01 |105 -0.15769 -7.43782e+01
106  0.00119 -4.99005e+01 |107  0.16669 -1.12716e+02 |108 -0.02517  8.95189e+01
109  0.17900  2.05471e+02 |110  0.09164  2.06943e+02 |111  0.20640 -1.64538e+01
112 -0.05684 -8.88139e+01 |113 -0.32291  3.48954e+02 |114 -0.22135  2.36483e+00
115 -0.23438  5.36334e+00 |116 -0.24995  7.86148e+00 |117  0.12521 -7.96986e-01
118 -0.22851 -3.94103e+00 |119  0.06403 -2.82417e+02 |120 -0.05302 -3.07293e+02
121  0.05417 -1.93998e+02 |122  0.01872 -1.71492e+02 |123 -0.02239 -1.81505e+02
124 -0.02843 -1.78567e+02 |125  0.06459 -1.46799e+02 |126 -0.04783 -1.74743e+02
127  0.02060 -1.35241e+02 |128  0.00146 -1.33045e+02 |129  0.02860 -1.25024e+02
130 -0.05396 -1.44718e+02 |131  0.00640 -1.14064e+02 |132 -0.01027 -1.20319e+02
133  0.00565 -1.01450e+02 |134  0.00832 -9.69874e+01 |135 -0.00198 -1.04848e+02
136  0.00776 -1.19133e+02 |137 -0.01484 -1.06534e+02 |138 -0.01073 -9.52279e+01
139  0.01154 -6.39163e+01 |140  0.01527 -7.72083e+01 |141 -0.01812 -8.01905e+01
142 -0.07253 -7.21892e+01 |143  0.08424 -2.95269e+01 |144 -0.01829 -2.40400e+01
145  0.02167 -3.48938e+01 |146  0.01017 -2.07614e+01 |147 -0.00508 -2.60939e+01
148  0.00559 -2.80886e+01 |149  0.02162 -3.87183e+01 |150  0.00749 -5.44358e+01
151 -0.03435 -4.83141e+01 |152 -0.01218 -4.62313e+01 |153  0.00243 -5.83024e+01
154  0.00190 -5.86634e+01 |155 -0.00147 -6.35364e+01 |156 -0.01401 -5.59668e+01
157 -0.01393 -6.57622e+01 |158  0.02848 -9.13326e+01 |159 -0.00871 -9.59158e+01
160  0.01118 -1.27399e+02 |161  0.00543 -1.13235e+02 |162 -0.02925 -1.30728e+02
163  0.00925 -1.16411e+02 |164  0.00725 -1.13857e+02 |165 -0.00717 -1.23843e+02
166  0.00343 -1.12935e+02 |167 -0.01190 -1.03750e+02 |168 -0.00570 -1.37665e+02
169  0.02525 -1.00016e+02 |170 -0.02729 -1.06935e+02 |171  0.00839 -1.89576e+02
172  0.01648 -2.14480e+02 |173  0.01846 -1.86337e+02 |174  0.00974 -1.76304e+02
175 -0.00973 -1.80505e+02 |176 -0.02468 -1.80516e+02 |177  0.00985 -1.62136e+02
178  0.00175 -1.69685e+02 |179 -0.00066 -1.78461e+02 |180 -0.01590 -1.90040e+02
181  0.00445 -1.41543e+02 |182 -0.00488 -6.00226e+01 |183 -0.01198 -3.22739e+01
184 -0.00575 -1.41744e+00 |185 -0.00601 -1.48227e+00 |186 -0.00600 -1.47924e+00
187  0.02229 -9.44190e+02 |188  0.00781 -9.40126e+02 |189 -0.01901 -9.41342e+02
190  0.01116 -9.22829e+02 |191 -0.01143 -8.93918e+02 |192  0.03842 -8.67457e+02
193 -0.02018 -8.40708e+02 |194 -0.00625 -8.41901e+02 |195 -0.03561 -8.15251e+02
196  0.02601 -7.65874e+02 |197 -0.00381 -7.66435e+02 |198  0.00019 -8.00130e+02
199 -0.00336 -7.88873e+02 |200  0.00588 -7.11757e+02 |201 -0.00622 -6.20259e+02
202  0.00429 -5.59708e+02 |203 -0.00094 -5.81155e+02 |204  0.00412 -4.58976e+02
205 -0.00785 -3.53433e+02 |206  0.01008 -2.59580e+02 |207 -0.00652 -1.97174e+02
208  0.00286 -1.81936e+02 |209 -0.00673 -1.47360e+02 |210  0.08898 -4.86190e+01
211 -0.09471 -9.26813e+01 |212  0.01091  3.50433e+01 |213 -0.00529  5.07450e+01
214  0.00436  7.80825e+01 |215  0.00342  4.88560e+01 |216 -0.00857  6.90015e+01
217  0.01122  9.38161e+01 |218 -0.02022  1.70727e+02 |219  0.03721  2.06985e+02
220 -0.02092  2.13364e+02 |221  0.00230  1.73180e+02 |222 -0.00087  2.40034e+02
223  0.00107  2.46331e+02 |224 -0.00008  2.67254e+02 |225 -0.01336  2.54608e+02
226  0.00714  1.87834e+02 |227  0.00641  1.29851e+02 |228 -0.00605  1.19023e+02
229  0.00644  7.74839e+01 |230 -0.00287  5.10738e+01 |231 -0.00589  7.22454e+00
232  0.00436 -4.08008e+01 |233 -0.00234  3.66737e+01 |234  0.00213  6.12442e+01
235  0.00196  2.63516e+01 |236 -0.00464 -1.33275e+01 |237 -0.00630  7.87242e+01
238  0.01217  1.24616e+02 |239 -0.00972  3.59485e+01 |240  0.00429  4.79253e+01
241  0.01136  5.93799e+01 |242  0.00601  9.82728e+01 |243 -0.01238  4.75911e+01
244 -0.00904  6.86596e+01 |245  0.00876  1.14882e+01 |246  0.00569 -5.36922e+01
247 -0.00723 -1.24170e+02 |248 -0.00070 -1.73297e+02 |249  0.00189 -1.71601e+02
250 -0.00531 -8.84905e+01 |251  0.00930 -5.17655e+01 |252 -0.01187 -2.92826e+00
253 -0.01261 -3.11109e+00 |254 -0.01405 -3.46684e+00 |255 -0.00458 -3.77399e+03
256  0.00434 -3.63221e+03 |257 -0.00180 -3.63605e+03 |258 -0.00333 -3.62511e+03
259  0.00402 -3.60789e+03 |260 -0.03192 -3.48160e+03 |261  0.03160 -3.13379e+03
262  0.00937 -3.06297e+03 |263  0.00460 -3.02714e+03 |264 -0.03267 -2.99616e+03
265  0.01547 -2.92933e+03 |266 -0.01419 -2.97763e+03 |267  0.00172 -2.89505e+03
268 -0.00142 -2.83268e+03 |269  0.00154 -2.72463e+03 |270 -0.00151 -2.65820e+03
271  0.00370 -2.57750e+03 |272 -0.00166 -2.52474e+03 |273  0.00441 -2.43379e+03
274 -0.00157 -2.33197e+03 |275 -0.00254 -2.19826e+03 |276  0.00166 -2.14152e+03
277  0.00323 -2.04193e+03 |278 -0.00524 -1.94178e+03 |279  0.00899 -1.89878e+03
280 -0.00923 -1.80558e+03 |281  0.00403 -1.83996e+03 |282 -0.00070 -1.76666e+03
283 -0.00020 -1.74537e+03 |284  0.00909 -1.63932e+03 |285 -0.01466 -1.50800e+03
286  0.01065 -1.48031e+03 |287 -0.01890 -1.42664e+03 |288  0.02116 -1.42369e+03
289  0.00228 -1.34642e+03 |290 -0.00439 -1.27631e+03 |291 -0.00190 -1.18329e+03
292  0.00383 -1.08756e+03 |293  0.00470 -1.03603e+03 |294 -0.00610 -1.03386e+03
295 -0.00232 -1.09722e+03 |296 -0.00234 -1.08116e+03 |297 -0.00112 -1.05759e+03
298  0.00606 -1.00054e+03 |299  0.00201 -9.88236e+02 |300 -0.00576 -9.83665e+02
301  0.00230 -9.63600e+02 |302 -0.00199 -9.41962e+02 |303  0.00260 -9.75651e+02
304 -0.00107 -1.01327e+03 |305 -0.00090 -9.49110e+02 |306 -0.00359 -8.48983e+02
307  0.00760 -7.39086e+02 |308 -0.00235 -6.88238e+02 |309 -0.00360 -5.75469e+02
310  0.00753 -4.86897e+02 |311  0.00485 -4.88990e+02 |312  0.00016 -4.46143e+02
313 -0.00832 -4.78816e+02 |314  0.00220 -4.78384e+02 |315  0.00102 -4.61612e+02
316  0.00002 -4.04301e+02 |317  0.00171 -3.60865e+02 |318  0.00069 -1.90248e+02
319 -0.00631 -1.14508e+02 |320  0.00475  1.17033e+00 |321  0.00494  1.21753e+00
322  0.00429  1.05741e+00 |
322 variables; iteration 320; function evaluation 357; phase 5
Function value 2.9659319e+03; maximum gradient component mag -1.3823e+04
Var    Value     Gradient |Var    Value     Gradient |Var    Value     Gradient
  1 -0.03610 -1.38230e+04 |  2  0.01863 -9.99689e+00 |  3  0.16062 -5.31447e+00
  4 -0.05706 -1.40414e+01 |  5 -0.08324 -8.36841e+00 |  6  0.06728  2.33266e+00
  7  0.03772 -3.39411e+01 |  8  0.00278 -1.82679e+01 |  9  0.05547 -1.65202e+01
 10  0.01132  1.23182e+02 | 11  0.22630  5.53989e+01 | 12 -0.20928  1.30779e+02
 13 -0.02093  1.51233e+02 | 14 -0.12500  1.52704e+02 | 15 -0.15079  1.42038e+02
 16  0.24541  4.14590e+00 | 17  0.00761  1.18054e+02 | 18 -0.10116  1.29216e+02
 19 -0.04384  1.16349e+02 | 20 -0.00330  1.11738e+02 | 21 -0.08895  1.20949e+02
 22  0.04646  8.78004e+01 | 23 -0.13283  1.06607e+02 | 24 -0.03674  7.61756e+01
 25  0.02331  7.29682e+01 | 26  0.02789  5.52391e+01 | 27 -0.10995  9.51016e+01
 28  0.02153  5.43055e+01 | 29  0.07070 -1.56176e+01 | 30 -0.11827  6.15175e+01
 31 -0.17698  8.69538e+01 | 32  0.03325 -2.54170e+01 | 33  0.07146 -3.10701e+00
 34  0.04387 -6.39682e+01 | 35  0.03897 -7.18413e+01 | 36  0.00399  4.54869e+01
 37 -0.08496 -4.58386e+01 | 38  0.08817 -5.35379e+01 | 39 -0.17666  4.44792e+01
 40  0.22443 -3.98529e+02 | 41 -0.03992 -1.03062e+02 | 42  0.08452 -1.31197e+02
 43 -0.06204  2.18631e+01 | 44  0.17158 -8.38716e+02 | 45 -0.03434 -3.11235e+01
 46 -0.03144 -5.87104e+01 | 47 -0.01373 -9.31797e+01 | 48 -0.09179  4.41559e+00
 49  0.11501 -5.05734e+02 | 50  0.00982 -1.50878e+02 | 51  0.00541 -1.13205e+02
 52  0.02140 -1.14900e+02 | 53 -0.03543 -2.26539e+01 | 54  0.08866 -2.47501e+02
 55  0.00959 -7.78515e+01 | 56 -0.04291  3.07230e+01 | 57 -0.05105  3.83256e+01
 58  0.08452 -2.51137e+02 | 59 -0.02300  5.48856e+01 | 60  0.02375  1.45979e+01
 61  0.01034  3.27187e+01 | 62  0.07459 -3.56359e+01 | 63  0.10229 -1.01978e+01
 64 -0.05746  9.44900e+01 | 65 -0.01368  5.19817e+01 | 66  0.04104  1.08866e+02
 67  0.01202  7.47399e+01 | 68 -0.04376  9.92847e+01 | 69  0.04430  1.60489e+02
 70  0.01614  1.47849e+02 | 71  0.15499  2.22220e+01 | 72 -0.03965  1.64096e+02
 73 -0.01499  1.42626e+02 | 74 -0.07051  1.34397e+02 | 75 -0.50358  2.68823e+01
 76 -0.66744  2.68638e+01 | 77 -0.79360  3.79333e+01 | 78 -0.70694  5.18046e+01
 79 -0.72264  6.31553e+01 | 80 -0.75526  3.44136e+01 | 81 -1.17182 -1.51061e+00
 82 -0.84567  2.17449e+01 | 83 -0.81399  3.07681e+01 | 84 -0.72208  3.02258e+01
 85 -0.81289  1.09304e+01 | 86 -0.83267 -1.37970e+00 | 87 -0.78208  2.79053e+01
 88 -0.81588 -6.47696e+00 | 89 -0.80484  4.63035e+00 | 90 -0.80190  1.30782e+01
 91 -0.78239  6.95236e-01 | 92 -0.77705  2.31621e+01 | 93 -0.78870 -2.01603e+00
 94 -0.84177 -4.02139e+00 | 95 -0.84903  1.04952e+01 | 96 -0.71576  1.31390e-04
 97 -0.34501 -5.93172e-04 | 98  0.14468  3.44274e-03 | 99  0.13507  5.67264e+01
100  0.18066  4.93019e+02 |101  0.11618 -4.32771e+01 |102  0.08975 -1.16494e+02
103 -0.16511 -3.48811e+01 |104 -0.20433 -1.57681e+02 |105 -0.15843 -1.38557e+02
106  0.00153  3.36824e+02 |107  0.16813  6.93989e+01 |108 -0.02606  9.03060e+01
109  0.18209  1.64171e+02 |110  0.07323  1.23995e+02 |111  0.21871 -1.02934e+01
112 -0.05511 -5.65775e+01 |113 -0.32497  2.57748e+02 |114 -0.22150  4.83135e+00
115 -0.23063  1.34441e+01 |116 -0.25256  9.97491e+00 |117  0.12906  1.31665e+00
118 -0.23421 -3.77542e+01 |119  0.05554  2.54495e+02 |120 -0.02826  2.45991e+02
121  0.04957  3.13677e+02 |122  0.01307  3.24573e+02 |123 -0.00757  3.19619e+02
124 -0.01810  3.17584e+02 |125 -0.00102  3.22847e+02 |126  0.00342  3.24460e+02
127  0.00597  3.27358e+02 |128  0.01833  3.37751e+02 |129 -0.00113  3.33541e+02
130 -0.03442  3.25773e+02 |131  0.00050  3.26903e+02 |132 -0.00818  3.29253e+02
133 -0.00076  3.18872e+02 |134  0.01570  3.41986e+02 |135 -0.00428  3.34193e+02
136  0.01190  3.27549e+02 |137  0.00511  3.36257e+02 |138 -0.03710  3.03642e+02
139  0.01416  3.37826e+02 |140  0.01358  3.31767e+02 |141 -0.00724  3.33020e+02
142 -0.02809  3.41708e+02 |143  0.03595  2.97738e+02 |144 -0.02531  3.10787e+02
145  0.02532  2.91477e+02 |146  0.01381  3.00859e+02 |147 -0.00797  2.90165e+02
148  0.00202  2.86071e+02 |149  0.03427  2.80095e+02 |150 -0.00121  2.55707e+02
151 -0.02875  2.63079e+02 |152 -0.02319  2.58117e+02 |153  0.00493  2.54913e+02
154  0.00531  2.54356e+02 |155 -0.00012  2.30812e+02 |156 -0.01660  2.33452e+02
157 -0.01372  2.16867e+02 |158  0.02214  1.62152e+02 |159 -0.00321  1.69094e+02
160  0.01525  1.22900e+02 |161 -0.00529  1.21725e+02 |162 -0.01947  1.15632e+02
163  0.00674  8.17318e+01 |164  0.00616  7.58998e+01 |165 -0.00630  5.33671e+01
166  0.00930  5.37114e+01 |167 -0.02318  4.20485e+01 |168 -0.00106  4.32260e+01
169  0.02425  2.71627e+01 |170 -0.02990  2.09281e+01 |171  0.01083 -1.68523e+01
172  0.02113 -3.87250e+01 |173  0.01825 -3.74734e+01 |174  0.03978 -2.37319e+01
175 -0.03255 -4.15201e+01 |176 -0.03214 -4.00478e+01 |177  0.01066 -3.49112e+01
178 -0.01271 -5.29393e+01 |179  0.00541 -4.79518e+01 |180 -0.00074 -4.80393e+01
181 -0.00422 -6.47581e+01 |182 -0.00336 -1.47001e+01 |183 -0.01140 -2.62484e+00
184  0.00873  2.19353e+00 |185 -0.01601 -3.90775e+00 |186 -0.00850 -2.05839e+00
187  0.02201  2.14398e+03 |188  0.00396  2.14346e+03 |189 -0.01452  2.14565e+03
190  0.01172  2.16390e+03 |191 -0.00480  2.13968e+03 |192  0.02882  2.14950e+03
193 -0.01526  2.14692e+03 |194 -0.01083  2.13888e+03 |195 -0.03401  2.14423e+03
196  0.02449  2.13839e+03 |197 -0.00074  2.13744e+03 |198 -0.00305  2.11395e+03
199 -0.00065  2.08810e+03 |200  0.00773  2.06534e+03 |201 -0.00917  2.05465e+03
202  0.00157  2.03014e+03 |203  0.00594  2.02621e+03 |204  0.00168  2.02293e+03
205 -0.00907  2.00107e+03 |206  0.01308  2.00177e+03 |207 -0.01215  1.97962e+03
208  0.00524  1.98275e+03 |209 -0.00670  1.91709e+03 |210  0.04525  1.94877e+03
211 -0.06155  1.79325e+03 |212  0.02658  1.88008e+03 |213 -0.01243  1.78393e+03
214  0.00705  1.67680e+03 |215  0.00361  1.59123e+03 |216 -0.00954  1.54917e+03
217  0.01127  1.49159e+03 |218 -0.02093  1.48633e+03 |219  0.04196  1.46905e+03
220 -0.02398  1.43099e+03 |221  0.00506  1.36829e+03 |222 -0.00336  1.34793e+03
223 -0.00209  1.29517e+03 |224  0.00404  1.26699e+03 |225 -0.01780  1.20030e+03
226  0.00977  1.11485e+03 |227  0.00593  1.07014e+03 |228 -0.00646  1.02817e+03
229  0.00690  8.98516e+02 |230 -0.00349  8.50548e+02 |231 -0.00595  7.92580e+02
232  0.00600  7.30798e+02 |233 -0.00398  7.12063e+02 |234  0.00279  6.61679e+02
235  0.00185  5.87501e+02 |236 -0.00422  5.44821e+02 |237 -0.00725  5.29754e+02
238  0.01311  5.25488e+02 |239 -0.00944  4.37117e+02 |240  0.00315  3.93934e+02
241  0.01221  3.34372e+02 |242  0.00463  2.95389e+02 |243 -0.01065  2.80734e+02
244 -0.01180  2.77467e+02 |245  0.00972  2.46696e+02 |246  0.00670  2.06958e+02
247 -0.00669  1.27737e+02 |248 -0.00142  4.43696e+01 |249  0.00218 -2.04186e+01
250 -0.00564 -2.63991e-01 |251  0.00909 -1.27236e+01 |252  0.02490  6.13402e+00
253  0.00857  2.10980e+00 |254 -0.04716 -1.15966e+01 |255  0.02022 -1.78292e+02
256  0.00366 -1.73459e+02 |257 -0.00281 -1.82059e+02 |258 -0.00305 -1.42112e+02
259  0.00505 -1.31693e+02 |260 -0.02750 -9.66874e+01 |261  0.02760  2.20962e+02
262  0.00935  2.33258e+02 |263  0.00346  2.55385e+02 |264 -0.03310  2.30502e+02
265  0.01346  3.07878e+02 |266 -0.00998  2.95783e+02 |267 -0.00071  2.78053e+02
268 -0.00125  3.01448e+02 |269  0.00292  3.62913e+02 |270 -0.00211  3.67451e+02
271 -0.00045  4.42138e+02 |272  0.00223  4.72607e+02 |273  0.00514  4.58219e+02
274 -0.00153  4.91013e+02 |275 -0.00094  5.29672e+02 |276 -0.00054  5.10740e+02
277  0.00272  5.23469e+02 |278 -0.00533  5.81766e+02 |279  0.01895  5.65923e+02
280 -0.02173  5.18297e+02 |281  0.01075  5.02392e+02 |282 -0.00598  4.83723e+02
283  0.00132  4.96256e+02 |284  0.01026  5.27595e+02 |285 -0.01621  5.24170e+02
286  0.00997  5.12010e+02 |287 -0.02230  5.83740e+02 |288  0.02625  5.82193e+02
289 -0.00112  5.91379e+02 |290 -0.00142  6.58848e+02 |291 -0.00004  6.76759e+02
292  0.00173  6.54962e+02 |293  0.00670  6.49430e+02 |294 -0.00917  5.80549e+02
295 -0.00152  5.90453e+02 |296 -0.00120  5.91379e+02 |297 -0.00128  5.02556e+02
298  0.00517  4.81330e+02 |299  0.00273  4.88824e+02 |300 -0.00652  4.31461e+02
301  0.00354  4.05562e+02 |302 -0.00290  3.19012e+02 |303  0.00316  2.38426e+02
304 -0.00157  1.35091e+02 |305 -0.00029  1.04070e+02 |306 -0.00387  1.23592e+02
307  0.00678  1.63997e+02 |308 -0.00096  1.83028e+02 |309 -0.00434  1.49606e+02
310  0.00730  1.44674e+02 |311  0.00507  1.34717e+02 |312  0.00119  1.04643e+02
313 -0.00896  6.76740e+01 |314  0.00193  5.31610e+00 |315  0.00114 -4.42690e+01
316 -0.00032 -7.36351e+01 |317  0.00186 -9.29324e+01 |318  0.00075 -2.11445e+01
319 -0.00607 -1.19912e+01 |320  0.00226  5.40375e-01 |321  0.00814  1.99163e+00
322 -0.03938 -9.70907e+00 |
322 variables; iteration 340; function evaluation 386; phase 5
Function value 2.9373407e+03; maximum gradient component mag -1.1885e+04
Var    Value     Gradient |Var    Value     Gradient |Var    Value     Gradient
  1 -0.03595 -1.18851e+04 |  2  0.01484 -9.57408e+00 |  3  0.15601  1.46164e+00
  4 -0.03265 -2.13761e+00 |  5 -0.07045 -3.90072e+00 |  6  0.05034 -3.04318e+01
  7  0.05057 -1.52633e+01 |  8 -0.00536 -2.02332e+01 |  9  0.06163 -3.63367e+00
 10  0.01678  1.00099e+02 | 11  0.22508  4.59061e+01 | 12 -0.11595  1.24086e+02
 13 -0.03546  1.00357e+02 | 14 -0.14344  1.14375e+02 | 15 -0.15963  1.14235e+02
 16  0.24570 -6.83258e+01 | 17  0.00650  8.70597e+01 | 18 -0.09848  1.06498e+02
 19 -0.04337  8.02437e+01 | 20 -0.00362  6.16440e+01 | 21 -0.10654  6.66432e+01
 22  0.04376  1.27697e+01 | 23 -0.12217  7.91494e+01 | 24 -0.02960  4.86696e+01
 25  0.01413  2.33264e+00 | 26  0.03264  7.48381e-01 | 27 -0.09523  8.30314e+01
 28  0.01223 -3.47255e+01 | 29  0.06321 -1.06566e+02 | 30 -0.10562  1.02202e+01
 31 -0.22968  6.29327e+01 | 32  0.04137 -7.83682e+01 | 33  0.07026 -6.15853e+01
 34  0.04353 -9.61364e+01 | 35  0.05775 -1.09154e+02 | 36 -0.09988 -3.19141e+01
 37 -0.00898 -4.79599e+01 | 38  0.07621 -9.99729e+01 | 39 -0.19333  5.82959e+00
 40  0.21857 -3.61987e+02 | 41  0.00783 -5.53154e+01 | 42  0.08186 -1.44057e+02
 43 -0.06437  1.36109e+01 | 44  0.17432 -6.33461e+02 | 45 -0.03904 -3.85814e+01
 46 -0.03253 -5.22896e+01 | 47 -0.01574 -8.12265e+01 | 48 -0.09042  1.20856e+01
 49  0.11607 -3.20727e+02 | 50  0.01305 -5.40233e+01 | 51  0.00535 -4.42683e+01
 52  0.02079 -6.17984e+01 | 53 -0.03459  2.11682e+01 | 54  0.08785 -1.12402e+02
 55  0.00721 -4.83294e+01 | 56 -0.04537  4.84310e+01 | 57 -0.05378  5.19888e+01
 58  0.08625 -4.33467e+01 | 59 -0.02722  5.87449e+01 | 60  0.01982  1.54760e+01
 61  0.00984  7.54758e+01 | 62  0.07513  5.90487e+01 | 63  0.10116  2.63422e+01
 64 -0.05798  9.13669e+01 | 65 -0.01200  8.30759e+01 | 66  0.03958  7.55396e+01
 67  0.01126  6.77463e+01 | 68 -0.04303  1.00832e+02 | 69  0.04259  1.36600e+02
 70  0.01601  1.07751e+02 | 71  0.15753  9.55946e+01 | 72 -0.04533  1.21200e+02
 73 -0.01758  1.28774e+02 | 74 -0.06530  1.19086e+02 | 75 -0.51284  1.60957e+01
 76 -0.68752 -2.07850e+00 | 77 -0.80242  2.46324e+01 | 78 -0.72692  1.40195e+01
 79 -0.76969  1.61747e+00 | 80 -0.77606  7.50206e+00 | 81 -1.16222  1.55299e+01
 82 -0.85248  5.36163e+00 | 83 -0.83203 -1.72436e+00 | 84 -0.74410  8.63623e+00
 85 -0.82308 -7.30924e-01 | 86 -0.82583 -5.56115e-01 | 87 -0.81093 -1.61204e+00
 88 -0.80098  7.60878e+00 | 89 -0.81128  3.45876e+00 | 90 -0.81774 -7.57050e+00
 91 -0.78755  4.08967e+00 | 92 -0.80454 -1.50312e+01 | 93 -0.79798 -5.14721e+00
 94 -0.84923 -1.27112e+00 | 95 -0.85695 -6.79057e+00 | 96 -0.71034 -3.06100e-06
 97 -0.32696 -1.72624e-06 | 98  0.10349  3.34558e-06 | 99 -0.06544  5.02731e+01
100  0.19381  6.97103e+01 |101 -0.08271 -7.51770e+01 |102  0.08990 -9.75438e+01
103 -0.16604 -7.57974e+01 |104 -0.20447 -1.17640e+02 |105 -0.15990 -1.24285e+02
106  0.00130  1.06108e+03 |107  0.17001  4.51110e+02 |108 -0.02433  3.03255e+02
109  0.18054  1.57261e+02 |110  0.02248  3.03078e+01 |111  0.24756 -3.50714e+00
112 -0.05276 -3.08611e+00 |113 -0.33369  2.74493e+02 |114 -0.20773  1.33960e+00
115 -0.23802 -4.99283e+00 |116 -0.25919 -5.68909e+00 |117  0.13677 -7.19867e-01
118 -0.20301 -2.25276e+00 |119  0.10380  2.32951e+02 |120  0.01909  2.29531e+02
121  0.01954  2.31208e+02 |122 -0.00764  2.29100e+02 |123  0.00129  2.31595e+02
124  0.00774  2.33186e+02 |125 -0.00323  2.30536e+02 |126 -0.00126  2.31125e+02
127 -0.00467  2.20225e+02 |128 -0.01176  2.20935e+02 |129 -0.00617  2.24037e+02
130 -0.01320  2.28151e+02 |131 -0.00070  2.24483e+02 |132 -0.00781  2.26900e+02
133  0.01015  2.42763e+02 |134 -0.00117  2.29697e+02 |135  0.00061  2.52887e+02
136  0.01714  2.50300e+02 |137 -0.01801  2.49023e+02 |138 -0.01423  2.55131e+02
139  0.01029  2.49416e+02 |140  0.02011  2.62235e+02 |141  0.01585  2.65705e+02
142 -0.03897  2.51428e+02 |143  0.02023  2.72102e+02 |144 -0.02848  2.67603e+02
145  0.02907  2.69757e+02 |146  0.00143  2.75307e+02 |147  0.00591  2.70620e+02
148 -0.01417  2.70729e+02 |149  0.00230  2.77322e+02 |150  0.05146  2.85264e+02
151 -0.03773  2.71815e+02 |152 -0.02069  2.71873e+02 |153  0.00433  2.59084e+02
154  0.00555  2.58146e+02 |155  0.00019  2.37055e+02 |156 -0.01670  2.37857e+02
157 -0.01855  2.20916e+02 |158  0.03711  2.04479e+02 |159 -0.01783  1.87830e+02
160  0.02166  1.76840e+02 |161 -0.00870  1.67817e+02 |162 -0.02011  1.62358e+02
163  0.00768  1.38006e+02 |164  0.00349  1.28629e+02 |165 -0.00366  1.19706e+02
166  0.00640  1.14129e+02 |167 -0.01972  1.09614e+02 |168 -0.00262  9.88348e+01
169  0.02526  9.50522e+01 |170 -0.03208  8.59527e+01 |171  0.01199  9.85145e+01
172  0.02444  8.00802e+01 |173  0.05108  7.60650e+01 |174 -0.02443  5.70034e+01
175 -0.00613  6.19800e+01 |176 -0.02329  5.90298e+01 |177 -0.00292  3.54505e+01
178  0.00577  3.78755e+01 |179 -0.00011  2.82618e+01 |180 -0.00776  1.39502e+01
181  0.00333  5.17260e+00 |182 -0.00504 -2.03897e+00 |183 -0.01702 -4.20095e+00
184  0.01400  3.45288e+00 |185  0.01473  3.63441e+00 |186 -0.03193 -7.86513e+00
187  0.01640  3.08401e+02 |188  0.00335  3.30815e+02 |189 -0.01146  3.47860e+02
190  0.01057  3.40480e+02 |191  0.03011  3.37207e+02 |192 -0.02162  3.24334e+02
193 -0.00861  2.98014e+02 |194 -0.00190  3.07560e+02 |195 -0.02967  3.05706e+02
196  0.02074  3.00653e+02 |197 -0.00230  3.05613e+02 |198 -0.00142  3.23308e+02
199 -0.00095  3.18913e+02 |200  0.00705  3.25271e+02 |201 -0.00652  3.22782e+02
202  0.00148  3.20662e+02 |203  0.00379  3.44802e+02 |204  0.00086  3.58151e+02
205 -0.00553  3.82108e+02 |206  0.00984  3.86538e+02 |207 -0.01224  3.91421e+02
208  0.00599  4.13452e+02 |209 -0.00213  4.81102e+02 |210  0.00929  4.48196e+02
211 -0.01541  4.58353e+02 |212  0.01147  4.43566e+02 |213 -0.01200  4.37850e+02
214  0.00930  4.50075e+02 |215 -0.00893  4.91222e+02 |216  0.01862  4.78673e+02
217 -0.01306  4.81010e+02 |218 -0.01554  5.22004e+02 |219  0.04596  5.59924e+02
220 -0.02452  5.96088e+02 |221 -0.00293  5.83076e+02 |222  0.00087  5.85871e+02
223  0.00093  5.88716e+02 |224  0.00075  5.68461e+02 |225 -0.01319  5.49157e+02
226  0.00659  4.33001e+02 |227  0.00756  4.17993e+02 |228 -0.00776  3.97700e+02
229  0.00754  3.75905e+02 |230 -0.00390  3.60330e+02 |231 -0.00551  3.41460e+02
232  0.00677  3.30192e+02 |233 -0.00435  2.91402e+02 |234  0.00232  2.83111e+02
235  0.00227  2.86035e+02 |236 -0.00430  2.39616e+02 |237 -0.00765  1.94903e+02
238  0.01237  1.66972e+02 |239 -0.00907  1.73015e+02 |240  0.00353  1.16853e+02
241  0.01216  7.56985e+01 |242  0.00475  6.64376e+01 |243 -0.00755  6.75103e+01
244 -0.01632  2.34006e+01 |245  0.01148  2.67051e+01 |246  0.00449  7.41724e+00
247 -0.00643  2.65818e+01 |248 -0.00147  6.62738e+00 |249  0.00403  2.15119e+01
250 -0.00622 -1.43776e+01 |251  0.00962  1.71435e+00 |252 -0.03424 -8.43246e+00
253  0.01900  4.68444e+00 |254  0.02343  5.77703e+00 |255  0.06819 -2.97391e+02
256  0.00335 -2.33010e+02 |257 -0.00164 -2.48141e+02 |258 -0.00337 -2.85537e+02
259  0.00391 -2.86221e+02 |260 -0.00578 -2.82321e+02 |261  0.00638 -1.54204e+02
262  0.00787 -1.49188e+02 |263  0.00149 -1.56433e+02 |264 -0.02797 -1.71396e+02
265  0.01127 -1.83995e+02 |266 -0.00937 -1.53537e+02 |267 -0.00026 -1.60606e+02
268 -0.00166 -1.75051e+02 |269  0.00099 -1.51664e+02 |270 -0.00003 -1.30039e+02
271  0.00097 -9.86833e+01 |272  0.00083 -7.83645e+01 |273  0.00322 -4.50251e+01
274  0.00099  1.69051e+01 |275 -0.00136  3.58458e+01 |276 -0.00208  6.90701e+01
277  0.00286  1.34041e+02 |278  0.00075  2.08007e+02 |279  0.00060  1.69841e+02
280 -0.00775  1.97032e+02 |281  0.00895  2.47352e+02 |282 -0.00597  3.29503e+02
283  0.00424  4.21161e+02 |284 -0.00357  5.02181e+02 |285  0.00499  5.32081e+02
286  0.00008  5.77050e+02 |287 -0.02393  6.53854e+02 |288  0.02774  6.83015e+02
289  0.00616  7.01441e+02 |290 -0.00846  6.87984e+02 |291 -0.00067  7.10578e+02
292  0.00321  6.99279e+02 |293  0.00541  6.21836e+02 |294 -0.00765  5.37428e+02
295 -0.00241  5.16820e+02 |296 -0.00089  5.10141e+02 |297 -0.00186  4.84811e+02
298  0.00572  4.78220e+02 |299  0.00224  4.85154e+02 |300 -0.00647  4.63932e+02
301  0.00294  4.35792e+02 |302 -0.00323  4.26858e+02 |303  0.00418  4.64679e+02
304 -0.00121  3.82992e+02 |305  0.00048  3.10188e+02 |306 -0.00381  2.57794e+02
307  0.00709  2.30095e+02 |308 -0.00217  1.81513e+02 |309 -0.00448  1.48692e+02
310  0.00722  1.54889e+02 |311  0.00497  1.49454e+02 |312  0.00260  9.08832e+01
313 -0.01044  6.65865e+01 |314  0.00225  4.48939e+01 |315  0.00145  5.17309e+01
316  0.00050  3.82159e+01 |317  0.00071  2.51713e+01 |318  0.00127  1.28581e+01
319 -0.00668 -3.81532e+00 |320  0.01811  4.46505e+00 |321  0.00772  1.90487e+00
322 -0.01130 -2.78649e+00 |
322 variables; iteration 360; function evaluation 407; phase 5
Function value 2.9131344e+03; maximum gradient component mag -3.1890e+03
Var    Value     Gradient |Var    Value     Gradient |Var    Value     Gradient
  1 -0.03381 -3.18900e+03 |  2  0.03401 -2.58100e+00 |  3  0.13913  1.14691e-01
  4 -0.03928 -3.46406e+00 |  5 -0.07557 -3.26102e-01 |  6  0.05276 -2.91915e+00
  7  0.04528 -3.97771e+00 |  8 -0.00182 -5.06919e+00 |  9  0.04868 -2.49476e+00
 10  0.01801  2.82888e+01 | 11  0.21700  1.07550e+01 | 12 -0.12000  3.07877e+01
 13 -0.04023  2.83429e+01 | 14 -0.15549  3.16004e+01 | 15 -0.17442  3.00194e+01
 16  0.23922 -1.49873e+01 | 17  0.00438  2.62851e+01 | 18 -0.10919  2.87688e+01
 19 -0.04974  2.33727e+01 | 20 -0.01023  2.63484e+01 | 21 -0.09919  2.05062e+01
 22  0.03599  1.32648e+01 | 23 -0.12378  2.32708e+01 | 24 -0.03479  1.93193e+01
 25  0.01036  8.57167e+00 | 26  0.02319  6.19220e+00 | 27 -0.11390  2.22353e+01
 28  0.01471  4.85234e+00 | 29  0.05492 -1.38600e+01 | 30 -0.08677  1.41342e+01
 31 -0.18975  2.10420e+01 | 32  0.03751 -1.31563e+01 | 33  0.05130 -9.14812e+00
 34  0.05369 -1.82720e+01 | 35  0.04195 -1.67050e+01 | 36 -0.05175  2.40670e+00
 37 -0.02063 -4.62484e+00 | 38  0.05974 -8.71735e+00 | 39 -0.06548  1.88605e+01
 40  0.21372 -5.60886e+01 | 41  0.01545 -1.69484e+01 | 42  0.08298 -1.62926e+01
 43 -0.06537  7.91945e+00 | 44  0.17487 -1.42352e+02 | 45 -0.03847 -2.36073e+00
 46 -0.03299 -5.14283e+00 | 47 -0.01682 -1.01557e+01 | 48 -0.09111  5.64442e+00
 49  0.11365 -8.42128e+01 | 50  0.01011 -1.97334e+01 | 51  0.00173 -1.83787e+01
 52  0.01913 -2.26839e+01 | 53 -0.03611 -9.86980e-01 | 54  0.08451 -5.98889e+01
 55  0.00575 -3.79212e+01 | 56 -0.04862  3.69679e+00 | 57 -0.05655  4.73572e+00
 58  0.08305 -7.63436e+01 | 59 -0.03044  8.21260e+00 | 60  0.01746 -4.37625e+00
 61  0.00729  4.79404e+00 | 62  0.07240 -1.80097e+01 | 63  0.09937 -2.10382e+01
 64 -0.05855  2.07696e+01 | 65 -0.01345  3.44835e+00 | 66  0.03836  3.82414e-01
 67  0.01051  1.32914e+01 | 68 -0.04330  2.19323e+01 | 69  0.03939  2.11743e+01
 70  0.01550  2.25713e+01 | 71  0.15643  3.31429e+01 | 72 -0.04822  3.67046e+01
 73 -0.02214  2.74484e+01 | 74 -0.06821  2.66631e+01 | 75 -0.51919  5.63860e+00
 76 -0.65970  5.24441e+00 | 77 -0.80276  9.75447e+00 | 78 -0.70411  1.03442e+01
 79 -0.74926  9.57126e+00 | 80 -0.76656  7.94774e+00 | 81 -1.16996  1.03325e+01
 82 -0.84756  4.37920e+00 | 83 -0.82600  4.75677e+00 | 84 -0.73714  5.47581e+00
 85 -0.81693  4.52307e+00 | 86 -0.81678 -3.57971e-01 | 87 -0.78855  6.66513e+00
 88 -0.80022  3.01084e+00 | 89 -0.80716  3.82275e+00 | 90 -0.80934  2.68216e+00
 91 -0.78539  2.66418e+00 | 92 -0.79804  1.68828e+00 | 93 -0.79469 -1.77320e-01
 94 -0.84906  1.97367e+00 | 95 -0.85254 -1.05293e+00 | 96 -0.69739 -2.66308e-06
 97 -0.27559 -5.53307e-07 | 98 -0.11340  9.95005e-09 | 99 -0.05169  1.73534e+01
100  0.34154 -9.42561e+01 |101  0.12607 -1.39014e+02 |102  0.09050  6.32784e+01
103 -0.16641 -2.22697e+01 |104 -0.20511 -2.78691e+01 |105 -0.16365 -1.28113e+01
106  0.00056  2.35278e+02 |107  0.16856  1.23087e+02 |108 -0.02279  2.10575e+02
109  0.17836  5.26429e+01 |110 -0.08119 -3.47398e+00 |111  0.30673 -3.71597e-01
112 -0.04909 -1.61700e+01 |113 -0.34303 -9.38872e+01 |114 -0.19940  2.03612e+01
115 -0.24171  8.51471e+00 |116 -0.25871  4.98894e+00 |117  0.12657  2.68021e-01
118 -0.18808 -5.82436e+00 |119  0.09496  9.48246e+01 |120  0.04367  9.99779e+01
121  0.00949  9.21377e+01 |122 -0.00087  9.16852e+01 |123  0.00577  9.34029e+01
124  0.00053  9.21510e+01 |125 -0.01660  8.78980e+01 |126 -0.00523  9.08367e+01
127 -0.00114  8.27120e+01 |128 -0.00063  8.55783e+01 |129 -0.00565  8.50293e+01
130 -0.02382  8.28162e+01 |131 -0.00021  8.12174e+01 |132 -0.00867  8.53491e+01
133  0.00774  8.97618e+01 |134  0.00539  8.77372e+01 |135 -0.00336  8.99455e+01
136  0.01533  8.91417e+01 |137 -0.01520  9.11965e+01 |138 -0.01459  9.22446e+01
139  0.00973  9.61754e+01 |140  0.02227  9.29409e+01 |141 -0.00918  8.95346e+01
142 -0.01770  9.30612e+01 |143  0.01893  8.90723e+01 |144 -0.02298  9.55452e+01
145  0.02568  9.90813e+01 |146  0.00136  1.00779e+02 |147  0.00720  1.01978e+02
148 -0.01019  9.64868e+01 |149  0.01138  8.90874e+01 |150  0.01622  8.69993e+01
151 -0.01967  9.56337e+01 |152 -0.02076  9.31399e+01 |153  0.00865  9.10319e+01
154  0.00012  8.72728e+01 |155  0.00059  8.58722e+01 |156 -0.01717  8.99322e+01
157 -0.01333  8.48050e+01 |158  0.02793  8.86480e+01 |159 -0.00927  8.83897e+01
160  0.01888  8.02691e+01 |161 -0.00701  7.72374e+01 |162 -0.02048  7.41180e+01
163  0.00742  7.36448e+01 |164  0.00447  7.71950e+01 |165 -0.00368  8.01474e+01
166  0.00530  8.33386e+01 |167 -0.01766  8.43621e+01 |168 -0.00203  7.91441e+01
169  0.02277  7.54092e+01 |170 -0.02986  7.43894e+01 |171  0.01149  7.90394e+01
172  0.02463  6.84065e+01 |173  0.03908  6.26524e+01 |174 -0.00596  5.21578e+01
175 -0.01102  5.11660e+01 |176 -0.02936  4.80191e+01 |177  0.00345  4.19670e+01
178  0.00178  3.79563e+01 |179 -0.00103  3.01515e+01 |180 -0.00625  2.35891e+01
181  0.00667  2.11082e+01 |182 -0.00598  3.30422e+00 |183 -0.01685 -8.22457e-01
184  0.00033  8.05989e-02 |185  0.00663  1.63511e+00 |186 -0.00191 -4.70304e-01
187 -0.01422 -4.60331e+02 |188  0.00188 -4.56129e+02 |189 -0.01016 -4.58635e+02
190  0.00803 -4.63068e+02 |191  0.00492 -4.40551e+02 |192 -0.03715 -4.39370e+02
193  0.03116 -4.48034e+02 |194  0.00232 -4.45776e+02 |195 -0.03004 -4.52727e+02
196  0.01956 -4.27021e+02 |197 -0.00266 -4.27921e+02 |198 -0.00099 -4.35617e+02
199 -0.00147 -4.31330e+02 |200  0.00787 -4.08839e+02 |201 -0.00934 -4.02651e+02
202  0.00390 -3.79078e+02 |203  0.00278 -3.74049e+02 |204  0.00148 -3.53009e+02
205 -0.00660 -3.35343e+02 |206  0.01038 -3.17708e+02 |207 -0.00991 -3.16222e+02
208  0.00347 -3.05853e+02 |209 -0.00072 -3.00299e+02 |210  0.01149 -2.89156e+02
211 -0.02560 -2.94772e+02 |212  0.01692 -2.63040e+02 |213 -0.00789 -2.44930e+02
214  0.00429 -2.28827e+02 |215 -0.00141 -2.06656e+02 |216  0.00772 -1.99844e+02
217 -0.00792 -1.98405e+02 |218 -0.00039 -1.76211e+02 |219  0.01225 -1.56243e+02
220 -0.00499 -1.31345e+02 |221 -0.00219 -1.41604e+02 |222  0.00066 -1.44894e+02
223 -0.00057 -1.50556e+02 |224  0.00204 -1.30671e+02 |225 -0.01605 -1.31921e+02
226  0.00833 -1.42658e+02 |227  0.00786 -1.37986e+02 |228 -0.00743 -1.44912e+02
229  0.00719 -1.42960e+02 |230 -0.00374 -1.38326e+02 |231 -0.00537 -1.29387e+02
232  0.00624 -1.10288e+02 |233 -0.00440 -1.01687e+02 |234  0.00305 -6.65025e+01
235  0.00188 -5.79114e+01 |236 -0.00469 -6.49392e+01 |237 -0.00706 -6.01980e+01
238  0.01260 -4.84596e+01 |239 -0.00993 -4.95877e+01 |240  0.00350 -6.25026e+01
241  0.01239 -6.45341e+01 |242  0.00490 -5.30854e+01 |243 -0.00965 -3.41228e+01
244 -0.01351 -3.21673e+01 |245  0.01091 -2.57127e+01 |246  0.00522 -1.55308e+01
247 -0.00725 -2.21196e+01 |248 -0.00145 -2.40829e+01 |249  0.00391 -4.50248e+00
250 -0.00573 -2.15123e+01 |251  0.00844 -8.19967e+00 |252  0.00376  9.26541e-01
253 -0.00291 -7.17057e-01 |254  0.00014  3.53773e-02 |255  0.01882 -5.85874e+02
256  0.00249 -6.20129e+02 |257 -0.00303 -6.26109e+02 |258 -0.00135 -6.16763e+02
259  0.00334 -5.93015e+02 |260  0.03450 -5.77169e+02 |261 -0.03292 -6.14337e+02
262  0.00595 -6.18710e+02 |263  0.00057 -6.24807e+02 |264 -0.02630 -6.04021e+02
265  0.01254 -6.00238e+02 |266 -0.01112 -6.08391e+02 |267  0.00023 -5.92872e+02
268 -0.00125 -5.69060e+02 |269  0.00273 -5.40555e+02 |270 -0.00189 -5.19758e+02
271  0.00175 -5.03973e+02 |272  0.00053 -4.86721e+02 |273  0.00366 -4.71180e+02
274 -0.00004 -4.42551e+02 |275 -0.00189 -4.26044e+02 |276  0.00034 -4.13553e+02
277  0.00163 -4.02347e+02 |278  0.00163 -3.82967e+02 |279  0.00674 -3.61223e+02
280 -0.01469 -3.39974e+02 |281  0.00763 -3.23927e+02 |282 -0.00228 -2.96966e+02
283  0.00065 -2.69242e+02 |284  0.00331 -2.51901e+02 |285 -0.00213 -2.32138e+02
286 -0.00064 -2.01896e+02 |287 -0.00207 -1.62553e+02 |288  0.00754 -1.49824e+02
289  0.00543 -1.57582e+02 |290 -0.00750 -1.61336e+02 |291 -0.00044 -1.64710e+02
292  0.00230 -1.50050e+02 |293  0.00700 -1.56227e+02 |294 -0.00878 -1.65144e+02
295 -0.00328 -1.66017e+02 |296 -0.00100 -1.65118e+02 |297 -0.00149 -1.60363e+02
298  0.00594 -1.59445e+02 |299  0.00177 -1.44532e+02 |300 -0.00638 -1.17267e+02
301  0.00353 -9.92387e+01 |302 -0.00323 -7.37002e+01 |303  0.00400 -3.84112e+01
304 -0.00112 -3.61674e+01 |305  0.00037 -4.59623e+01 |306 -0.00376 -4.26432e+01
307  0.00793 -4.24817e+01 |308 -0.00235 -6.14446e+01 |309 -0.00473 -7.17780e+01
310  0.00688 -5.82676e+01 |311  0.00482 -3.90859e+01 |312  0.00264 -3.25643e+01
313 -0.01022 -3.62802e+01 |314  0.00247 -2.30414e+01 |315  0.00145 -1.94858e+01
316  0.00014 -2.49457e+01 |317  0.00031 -9.12464e+00 |318  0.00124 -7.53294e+00
319 -0.00632 -8.19404e+00 |320  0.00298  7.34482e-01 |321  0.00197  4.86745e-01
322  0.00148  3.65166e-01 |
322 variables; iteration 380; function evaluation 429; phase 5
Function value 2.9099437e+03; maximum gradient component mag -3.3745e+02
Var    Value     Gradient |Var    Value     Gradient |Var    Value     Gradient
  1 -0.03370 -3.37447e+02 |  2  0.03797 -6.55696e-01 |  3  0.13473  5.74922e-01
  4 -0.03434 -9.99452e-01 |  5 -0.07754 -7.76413e-02 |  6  0.05384  2.74862e-01
  7  0.04219 -2.28175e-02 |  8 -0.00140 -1.56401e-01 |  9  0.04822  5.36929e-01
 10  0.01700  3.42313e+00 | 11  0.21696  4.31795e+00 | 12 -0.12353  2.84709e+00
 13 -0.04100  4.95457e+00 | 14 -0.15809  3.80376e+00 | 15 -0.17662  3.27920e+00
 16  0.23890  2.40907e+00 | 17  0.00205  3.72064e+00 | 18 -0.11045  2.38504e+00
 19 -0.05014  3.24498e+00 | 20 -0.01311  2.29999e+00 | 21 -0.09716  2.75136e+00
 22  0.03452  3.51941e+00 | 23 -0.12409  2.76755e+00 | 24 -0.03627  1.49030e+00
 25  0.00944  6.43763e-01 | 26  0.02284  1.54925e+00 | 27 -0.11507  1.74484e+00
 28  0.01335 -2.78708e-01 | 29  0.05257 -3.23114e+00 | 30 -0.08595 -4.90942e-01
 31 -0.19129  1.44554e+00 | 32  0.03837 -2.61542e+00 | 33  0.05206 -1.09923e+00
 34  0.05761 -3.25641e+00 | 35  0.04199 -5.09607e+00 | 36 -0.04699 -2.04057e-02
 37 -0.02012 -3.42867e+00 | 38  0.05981 -3.05253e+00 | 39 -0.06714 -5.97239e-01
 40  0.21283 -1.27796e+01 | 41  0.02050 -3.67414e+00 | 42  0.08348 -6.30991e+00
 43 -0.06390  7.65642e-01 | 44  0.17603 -2.36495e+01 | 45 -0.03776 -1.58844e+00
 46 -0.03286 -1.76623e+00 | 47 -0.01655 -2.91097e+00 | 48 -0.09034 -1.57700e-01
 49  0.11377 -1.01493e+01 | 50  0.01028 -3.51172e+00 | 51  0.00154 -9.03017e-01
 52  0.01924 -2.28339e+00 | 53 -0.03550  1.33923e+00 | 54  0.08466 -7.10281e-01
 55  0.00651 -1.36804e+00 | 56 -0.04858  1.60410e+00 | 57 -0.05649  2.06068e+00
 58  0.08381  1.16337e+00 | 59 -0.03120  1.81166e+00 | 60  0.01703  2.83835e-01
 61  0.00752  1.35981e+00 | 62  0.07290  3.37691e+00 | 63  0.09962 -1.81278e+00
 64 -0.05833  1.03924e+00 | 65 -0.01249  1.87004e+00 | 66  0.03910  3.95681e+00
 67  0.01097  2.89734e+00 | 68 -0.04252  1.13915e+00 | 69  0.03956  5.25982e+00
 70  0.01636  3.92152e+00 | 71  0.15611 -3.29708e-01 | 72 -0.04890  3.10023e+00
 73 -0.02250  2.59658e+00 | 74 -0.06594  3.84266e+00 | 75 -0.52492 -1.15115e-01
 76 -0.65914  3.65631e-02 | 77 -0.80411  9.28659e-01 | 78 -0.70455  8.21764e-01
 79 -0.75297  8.08985e-01 | 80 -0.76892  8.34781e-01 | 81 -1.17793 -5.79051e-02
 82 -0.84978  2.48541e-01 | 83 -0.82749  8.07086e-01 | 84 -0.73915  2.62647e-01
 85 -0.81795  5.72956e-01 | 86 -0.81231 -1.55990e-01 | 87 -0.79345  6.09632e-01
 88 -0.79979  3.23348e-01 | 89 -0.80935  3.48171e-01 | 90 -0.81224  4.74047e-01
 91 -0.78980 -3.15891e-01 | 92 -0.80101  3.60631e-01 | 93 -0.79807  6.41344e-01
 94 -0.85148  4.54425e-01 | 95 -0.85544 -5.49888e-02 | 96 -0.69590 -2.64704e-06
 97 -0.26750 -3.55999e-07 | 98 -0.15455  4.93842e-08 | 99  0.39169 -4.95050e+00
100  0.37008 -4.65953e-01 |101  0.24550  4.43442e+00 |102  0.09030  1.66441e+01
103 -0.16642  7.97372e+00 |104 -0.20496  5.88425e+00 |105 -0.16508  4.01843e+00
106  0.00040  1.34944e+00 |107  0.16887  7.55108e+00 |108 -0.02478 -1.47253e+01
109  0.17831 -6.72901e+00 |110 -0.10813 -7.47175e+00 |111  0.31009 -3.23621e-01
112 -0.05054 -1.60553e+00 |113 -0.33951  1.66259e+01 |114 -0.20388  1.14812e+00
115 -0.24028  1.25576e+00 |116 -0.26219  1.08403e+00 |117  0.12329 -2.94305e-01
118 -0.18099 -1.63337e+00 |119  0.01403 -2.18039e+01 |120 -0.00142 -2.20069e+01
121  0.02602 -1.26718e+01 |122  0.00264 -1.43019e+01 |123 -0.00019 -1.48814e+01
124 -0.00165 -1.51462e+01 |125 -0.00370 -1.55925e+01 |126 -0.00611 -1.60877e+01
127  0.00463 -2.22264e+01 |128 -0.00413 -2.25206e+01 |129 -0.00827 -2.28979e+01
130 -0.02267 -2.38122e+01 |131  0.00189 -2.46404e+01 |132 -0.01024 -2.55666e+01
133  0.00693 -2.62764e+01 |134  0.00639 -2.58580e+01 |135 -0.00414 -2.56933e+01
136  0.01649 -2.40200e+01 |137 -0.01551 -2.37733e+01 |138 -0.01472 -2.40221e+01
139  0.00904 -2.29210e+01 |140  0.02049 -2.22497e+01 |141  0.00199 -2.09841e+01
142 -0.02651 -2.58459e+01 |143  0.01988 -2.47102e+01 |144 -0.02387 -2.57836e+01
145  0.02547 -2.37507e+01 |146  0.00147 -2.30242e+01 |147  0.00256 -2.26994e+01
148 -0.00882 -2.19361e+01 |149  0.01262 -2.03103e+01 |150  0.02223 -2.01961e+01
151 -0.02509 -1.95726e+01 |152 -0.02037 -1.95736e+01 |153  0.00569 -2.00253e+01
154  0.00362 -2.00327e+01 |155  0.00305 -1.90219e+01 |156 -0.02105 -1.83586e+01
157 -0.01126 -1.80236e+01 |158  0.02770 -1.67288e+01 |159 -0.01009 -1.72299e+01
160  0.01744 -1.53338e+01 |161 -0.00655 -1.36502e+01 |162 -0.01885 -1.33794e+01
163  0.00803 -1.35021e+01 |164  0.00411 -1.33402e+01 |165 -0.00366 -1.27116e+01
166  0.00538 -1.12761e+01 |167 -0.01846 -1.08444e+01 |168 -0.00164 -8.93505e+00
169  0.02276 -2.52334e+00 |170 -0.02931 -2.40794e+00 |171  0.01042 -3.40856e-01
172  0.02240  2.09432e+00 |173  0.01874  5.39586e+00 |174 -0.00111  8.83560e+00
175 -0.00425  9.16581e+00 |176 -0.01909  8.99035e+00 |177  0.00337  5.42962e+00
178 -0.00286  3.32404e+00 |179  0.00274  2.87223e+00 |180 -0.00484  2.48890e+00
181  0.00511  2.69088e+00 |182 -0.00548 -2.62669e-01 |183 -0.01529 -8.85280e-01
184  0.00023  5.72714e-02 |185 -0.00121 -2.98012e-01 |186  0.00108  2.67309e-01
187 -0.01965 -7.17884e+00 |188  0.00170 -8.05091e+00 |189 -0.01058 -9.23884e+00
190  0.00857 -9.80878e+00 |191  0.00565 -8.21956e+00 |192 -0.03067 -8.41594e+00
193  0.02530 -7.20556e+00 |194  0.00113 -7.95175e+00 |195 -0.02923 -1.51582e+01
196  0.01811 -1.50868e+01 |197 -0.00240 -1.49852e+01 |198 -0.00113 -2.29302e+01
199 -0.00147 -2.21074e+01 |200  0.00822 -1.94827e+01 |201 -0.00977 -1.69061e+01
202  0.00411 -1.53835e+01 |203  0.00292 -1.38327e+01 |204  0.00152 -1.56141e+01
205 -0.00674 -1.77121e+01 |206  0.01011 -1.78979e+01 |207 -0.00972 -1.81056e+01
208  0.00346 -1.69935e+01 |209 -0.00018 -1.91338e+01 |210  0.01014 -2.31252e+01
211 -0.02389 -2.30784e+01 |212  0.01612 -2.45545e+01 |213 -0.00776 -2.18224e+01
214  0.00393 -2.16601e+01 |215 -0.00068 -2.43038e+01 |216  0.00673 -2.32443e+01
217 -0.00751 -2.39801e+01 |218 -0.00046 -2.47203e+01 |219  0.01269 -2.49133e+01
220 -0.00520 -2.92176e+01 |221 -0.00237 -3.20082e+01 |222  0.00060 -3.33087e+01
223 -0.00039 -3.28719e+01 |224  0.00227 -3.20500e+01 |225 -0.01661 -3.33515e+01
226  0.00853 -3.46259e+01 |227  0.00791 -3.65932e+01 |228 -0.00746 -3.65834e+01
229  0.00730 -3.79125e+01 |230 -0.00374 -3.90052e+01 |231 -0.00556 -3.97387e+01
232  0.00634 -3.75255e+01 |233 -0.00434 -3.80693e+01 |234  0.00295 -3.72628e+01
235  0.00182 -3.57854e+01 |236 -0.00446 -3.41462e+01 |237 -0.00714 -3.11294e+01
238  0.01238 -3.10982e+01 |239 -0.00964 -2.68280e+01 |240  0.00348 -2.34913e+01
241  0.01227 -2.17035e+01 |242  0.00509 -1.76146e+01 |243 -0.00958 -1.28681e+01
244 -0.01325 -1.23757e+01 |245  0.01046 -1.36121e+01 |246  0.00510 -1.34414e+01
247 -0.00716 -1.71167e+01 |248 -0.00154 -1.32808e+01 |249  0.00379 -5.43690e+00
250 -0.00549 -5.63684e+00 |251  0.00855 -2.15013e+00 |252 -0.00028 -6.82285e-02
253  0.00052  1.27172e-01 |254 -0.00027 -6.63920e-02 |255 -0.00965  1.75526e+01
256  0.00345  2.19081e+01 |257 -0.00277  2.20103e+01 |258 -0.00149  2.41295e+01
259  0.00345  2.68293e+01 |260  0.02492  2.74000e+01 |261 -0.02401  1.30050e+01
262  0.00613  1.77529e+01 |263 -0.00011  1.22657e+01 |264 -0.02516  1.25949e+01
265  0.01238  1.23462e+01 |266 -0.01083  2.06158e+00 |267  0.00016  2.65250e+00
268 -0.00129  5.18534e+00 |269  0.00300  4.06422e+00 |270 -0.00211  5.52310e+00
271  0.00170  4.73698e+00 |272  0.00052  3.79998e+00 |273  0.00393  4.03491e+00
274 -0.00007  2.42836e+00 |275 -0.00202  2.69362e+00 |276  0.00033  1.54347e+00
277  0.00164  9.80784e-01 |278  0.00237 -2.34533e+00 |279  0.00559 -2.87677e+00
280 -0.01381 -1.30790e+00 |281  0.00746 -3.88701e+00 |282 -0.00229 -5.63172e+00
283  0.00013 -6.35492e+00 |284  0.00410 -2.16242e+00 |285 -0.00264 -1.93028e+00
286 -0.00055 -2.28779e+00 |287 -0.00270 -5.46273e+00 |288  0.00768 -5.57760e+00
289  0.00561 -5.75655e+00 |290 -0.00756 -2.58524e+00 |291 -0.00037 -3.68630e+00
292  0.00230 -2.71902e+00 |293  0.00703 -4.25966e+00 |294 -0.00889 -4.66836e+00
295 -0.00340 -9.33751e+00 |296 -0.00095 -8.34375e+00 |297 -0.00146 -8.03372e+00
298  0.00591 -1.19495e+01 |299  0.00193 -9.22480e+00 |300 -0.00648 -7.25803e+00
301  0.00360 -9.69175e+00 |302 -0.00306 -1.16323e+01 |303  0.00389 -1.21962e+01
304 -0.00140 -1.22832e+01 |305  0.00055 -1.13788e+01 |306 -0.00374 -1.25578e+01
307  0.00774 -1.34013e+01 |308 -0.00224 -9.83917e+00 |309 -0.00453 -7.55578e+00
310  0.00678 -8.20667e+00 |311  0.00475 -4.74888e+00 |312  0.00225 -2.37726e+00
313 -0.00971 -3.23390e+00 |314  0.00252 -5.49800e+00 |315  0.00122 -1.01190e+01
316  0.00023 -9.05493e+00 |317  0.00017 -2.77052e+00 |318  0.00102 -2.03789e+00
319 -0.00620 -5.24518e-02 |320 -0.00021 -5.25219e-02 |321  0.00011  2.65940e-02
322  0.00010  2.44566e-02 |
322 variables; iteration 400; function evaluation 449; phase 5
Function value 2.9095261e+03; maximum gradient component mag -2.3106e+02
Var    Value     Gradient |Var    Value     Gradient |Var    Value     Gradient
  1 -0.03369 -2.31057e+02 |  2  0.03958 -5.80245e-01 |  3  0.13395 -2.13757e-01
  4 -0.03255 -4.49896e-01 |  5 -0.07766 -1.75797e-01 |  6  0.05363 -7.14092e-01
  7  0.04229 -1.11643e+00 |  8 -0.00146 -4.06371e-01 |  9  0.04825 -3.83628e-01
 10  0.01731  1.54362e+00 | 11  0.21685 -1.06089e+00 | 12 -0.12341  2.31028e+00
 13 -0.04175  2.06519e+00 | 14 -0.15829  2.22936e+00 | 15 -0.17694  2.01357e+00
 16  0.23899 -3.43986e+00 | 17  0.00151  1.22550e+00 | 18 -0.11005  1.68193e+00
 19 -0.05021  1.07575e+00 | 20 -0.01303  6.44372e-01 | 21 -0.09732  6.38885e-01
 22  0.03429 -6.65792e-01 | 23 -0.12425  7.34327e-01 | 24 -0.03616 -3.87552e-02
 25  0.00939 -1.52878e+00 | 26  0.02273 -1.07973e+00 | 27 -0.11486  8.32452e-01
 28  0.01327 -2.82803e+00 | 29  0.05279 -3.65900e+00 | 30 -0.08599 -9.44601e-01
 31 -0.19099  4.39323e-02 | 32  0.03806 -3.63488e+00 | 33  0.05189 -2.43614e+00
 34  0.05743 -3.65620e+00 | 35  0.04237 -3.60959e+00 | 36 -0.04830 -2.21552e+00
 37 -0.01950 -1.99495e+00 | 38  0.05969 -1.17700e+00 | 39 -0.06597 -2.66835e-02
 40  0.21276 -9.41063e+00 | 41  0.02088 -1.94210e+00 | 42  0.08372 -2.38926e+00
 43 -0.06392  9.22929e-01 | 44  0.17634 -6.26511e+00 | 45 -0.03775 -4.25599e-01
 46 -0.03290 -1.40143e+00 | 47 -0.01641  5.44778e-01 | 48 -0.09030  3.29127e-01
 49  0.11379 -5.18005e+00 | 50  0.01038 -6.72251e-01 | 51  0.00148  6.89837e-02
 52  0.01926 -1.06605e+00 | 53 -0.03558  2.25968e-01 | 54  0.08457 -7.41429e-01
 55  0.00651 -3.03949e-01 | 56 -0.04871  8.44453e-01 | 57 -0.05658  1.23367e+00
 58  0.08373  2.17122e-01 | 59 -0.03128  1.93665e+00 | 60  0.01700  2.34802e+00
 61  0.00756  2.89417e+00 | 62  0.07288  2.88107e+00 | 63  0.09976  4.01239e+00
 64 -0.05815  3.04002e+00 | 65 -0.01243  2.61838e+00 | 66  0.03910  2.96911e+00
 67  0.01096  2.75809e+00 | 68 -0.04235  3.36178e+00 | 69  0.03949  1.97757e+00
 70  0.01640  2.12035e+00 | 71  0.15625  4.56215e+00 | 72 -0.04894  2.39654e+00
 73 -0.02253  2.20397e+00 | 74 -0.06593  2.57735e+00 | 75 -0.52414  8.84177e-01
 76 -0.65851 -1.83124e-01 | 77 -0.80417  1.83917e-01 | 78 -0.70394  2.83125e-01
 79 -0.75277  2.48079e-01 | 80 -0.76910 -5.88144e-02 | 81 -1.17803  2.36391e-01
 82 -0.84945  1.63328e-01 | 83 -0.82760 -1.74880e-01 | 84 -0.73877 -8.35019e-02
 85 -0.81804 -1.57112e-01 | 86 -0.81155 -1.44677e-01 | 87 -0.79332 -2.44099e-01
 88 -0.79977 -1.62730e-01 | 89 -0.80933 -1.32354e-01 | 90 -0.81217 -5.99770e-02
 91 -0.78947 -2.61463e-01 | 92 -0.80119 -9.44481e-02 | 93 -0.79827 -1.57409e-01
 94 -0.85158  5.13525e-02 | 95 -0.85526 -1.74711e-01 | 96 -0.69719 -2.65998e-06
 97 -0.26948 -3.81515e-07 | 98 -0.16181 -3.83524e-08 | 99  0.53021 -1.96165e+00
100  0.36139  1.66950e+00 |101  0.20907 -2.69668e+01 |102  0.09025  3.17988e+00
103 -0.16648  2.54325e+00 |104 -0.20496  5.16973e+00 |105 -0.16523  4.65064e+00
106  0.00039 -9.59258e+00 |107  0.16875 -3.88057e+00 |108 -0.02460 -1.04906e+01
109  0.17777 -9.11908e+00 |110 -0.09545 -5.55173e+00 |111  0.31516 -2.62796e-01
112 -0.05033 -5.63091e-02 |113 -0.34009 -1.30045e+01 |114 -0.20315  1.25866e+00
115 -0.24047  7.77824e-01 |116 -0.26272  4.68703e-01 |117  0.12319  5.44116e-02
118 -0.18027 -4.67543e-02 |119  0.01030 -9.62849e+00 |120  0.00757 -9.59664e+00
121  0.00622 -9.68958e+00 |122 -0.00503 -1.06237e+01 |123 -0.00661 -1.09189e+01
124 -0.00596 -1.06319e+01 |125 -0.00617 -1.05550e+01 |126 -0.00636 -1.03781e+01
127  0.00966 -9.50477e+00 |128 -0.00252 -9.58997e+00 |129 -0.00658 -9.70256e+00
130 -0.02045 -9.82434e+00 |131  0.00189 -1.00677e+01 |132 -0.01015 -1.04112e+01
133  0.00723 -1.00729e+01 |134  0.00629 -1.02301e+01 |135 -0.00400 -1.01754e+01
136  0.01645 -9.73570e+00 |137 -0.01588 -9.79004e+00 |138 -0.01443 -9.34856e+00
139  0.00899 -8.96967e+00 |140  0.02015 -8.16298e+00 |141 -0.00397 -8.05608e+00
142 -0.02049 -7.89949e+00 |143  0.01993 -7.44217e+00 |144 -0.02357 -7.01737e+00
145  0.02576 -6.28988e+00 |146  0.00130 -6.50323e+00 |147  0.00291 -6.37567e+00
148 -0.00914 -6.28955e+00 |149  0.01303 -5.27126e+00 |150  0.02300 -5.39298e+00
151 -0.02608 -6.67142e+00 |152 -0.02073 -6.74508e+00 |153  0.00598 -6.93518e+00
154  0.00406 -7.11615e+00 |155  0.00349 -9.85625e+00 |156 -0.02207 -1.04667e+01
157 -0.01138 -1.02752e+01 |158  0.02754 -9.97113e+00 |159 -0.00981 -1.02144e+01
160  0.01826 -1.07759e+01 |161 -0.00725 -1.15233e+01 |162 -0.01916 -1.17917e+01
163  0.00807 -1.17815e+01 |164  0.00413 -1.20399e+01 |165 -0.00355 -1.20410e+01
166  0.00539 -1.19289e+01 |167 -0.01847 -1.20523e+01 |168 -0.00170 -1.21144e+01
169  0.02247 -1.11842e+01 |170 -0.02909 -1.03390e+01 |171  0.01050 -1.03963e+01
172  0.02327 -1.03230e+01 |173  0.02281 -1.11768e+01 |174 -0.00346 -1.23722e+01
175 -0.00699 -1.23535e+01 |176 -0.02017 -1.20961e+01 |177  0.00348 -1.04035e+01
178 -0.00273 -1.01679e+01 |179  0.00324 -9.47407e+00 |180 -0.00457 -9.01784e+00
181  0.00383 -8.95320e+00 |182 -0.00498 -2.16222e+00 |183 -0.01450 -1.04088e+00
184 -0.00010 -2.40285e-02 |185  0.00064  1.57383e-01 |186 -0.00044 -1.08816e-01
187 -0.01829  3.72721e+00 |188  0.00185  4.53636e+00 |189 -0.01037  4.73622e+00
190  0.00857  3.13978e+00 |191  0.00589  3.75581e+00 |192 -0.02232  5.30849e+00
193  0.01711  7.58052e+00 |194 -0.00015  7.76044e+00 |195 -0.02839  9.97357e+00
196  0.01821  1.34070e+01 |197 -0.00266  1.10826e+01 |198 -0.00084  1.05215e+01
199 -0.00149  9.93695e+00 |200  0.00826  1.03208e+01 |201 -0.00981  1.08633e+01
202  0.00413  1.08898e+01 |203  0.00287  1.08454e+01 |204  0.00148  1.16575e+01
205 -0.00668  1.13972e+01 |206  0.01009  1.00513e+01 |207 -0.00969  9.84259e+00
208  0.00342  1.06427e+01 |209 -0.00027  1.08274e+01 |210  0.01047  1.21794e+01
211 -0.02442  1.14234e+01 |212  0.01647  1.45550e+01 |213 -0.00781  1.42042e+01
214  0.00394  1.49615e+01 |215 -0.00084  1.64800e+01 |216  0.00703  1.55947e+01
217 -0.00774  1.63696e+01 |218 -0.00027  1.59001e+01 |219  0.01235  1.42542e+01
220 -0.00506  1.39851e+01 |221 -0.00243  1.39600e+01 |222  0.00070  1.30301e+01
223 -0.00033  1.06044e+01 |224  0.00217  8.71041e+00 |225 -0.01661  8.76706e+00
226  0.00864  8.31614e+00 |227  0.00783  7.35466e+00 |228 -0.00743  6.27605e+00
229  0.00734  6.08637e+00 |230 -0.00379  4.52144e+00 |231 -0.00550  5.15705e+00
232  0.00631  5.29380e+00 |233 -0.00431  4.70464e+00 |234  0.00296  6.02143e+00
235  0.00181  4.71172e+00 |236 -0.00449  3.48428e+00 |237 -0.00713  2.31115e+00
238  0.01243 -6.02622e-01 |239 -0.00967 -1.17482e+00 |240  0.00343 -4.77636e+00
241  0.01234 -7.86839e+00 |242  0.00510 -1.12770e+01 |243 -0.00967 -1.01405e+01
244 -0.01321 -9.12831e+00 |245  0.01053 -6.08864e+00 |246  0.00497 -6.94916e+00
247 -0.00697 -5.99014e+00 |248 -0.00161 -6.06248e+00 |249  0.00377 -5.65273e+00
250 -0.00551 -1.29602e+00 |251  0.00854 -1.52300e+00 |252  0.00035  8.55587e-02
253 -0.00028 -6.94763e-02 |254 -0.00006 -1.40255e-02 |255 -0.00138 -1.19051e+02
256  0.00340 -1.16293e+02 |257 -0.00277 -1.16167e+02 |258 -0.00149 -1.16818e+02
259  0.00336 -1.14919e+02 |260  0.01571 -1.10884e+02 |261 -0.01485 -1.03185e+02
262  0.00599 -1.00004e+02 |263  0.00021 -9.48027e+01 |264 -0.02525 -9.15214e+01
265  0.01215 -8.95695e+01 |266 -0.01061 -8.68507e+01 |267  0.00018 -8.54926e+01
268 -0.00131 -8.24757e+01 |269  0.00300 -7.77813e+01 |270 -0.00211 -7.47821e+01
271  0.00173 -7.17246e+01 |272  0.00056 -6.88793e+01 |273  0.00385 -6.60314e+01
274 -0.00005 -6.27997e+01 |275 -0.00204 -5.85925e+01 |276  0.00037 -5.60490e+01
277  0.00160 -5.42092e+01 |278  0.00229 -4.90738e+01 |279  0.00596 -4.34496e+01
280 -0.01422 -4.18300e+01 |281  0.00755 -3.65840e+01 |282 -0.00227 -3.20692e+01
283  0.00024 -2.73782e+01 |284  0.00390 -2.46152e+01 |285 -0.00240 -2.13431e+01
286 -0.00069 -2.03050e+01 |287 -0.00245 -1.94104e+01 |288  0.00748 -2.01710e+01
289  0.00575 -2.07431e+01 |290 -0.00772 -2.17903e+01 |291 -0.00036 -2.17339e+01
292  0.00229 -2.34822e+01 |293  0.00708 -2.24346e+01 |294 -0.00899 -2.27848e+01
295 -0.00334 -2.36763e+01 |296 -0.00096 -2.36726e+01 |297 -0.00153 -2.27787e+01
298  0.00601 -2.04351e+01 |299  0.00188 -1.77392e+01 |300 -0.00650 -1.50130e+01
301  0.00358 -1.19371e+01 |302 -0.00300 -9.28666e+00 |303  0.00390 -8.44092e+00
304 -0.00141 -8.04587e+00 |305  0.00058 -8.08410e+00 |306 -0.00377 -1.06800e+01
307  0.00781 -9.20996e+00 |308 -0.00223 -1.21857e+01 |309 -0.00458 -1.50712e+01
310  0.00681 -1.76692e+01 |311  0.00476 -1.68789e+01 |312  0.00222 -1.46786e+01
313 -0.00975 -1.10070e+01 |314  0.00255 -8.53858e+00 |315  0.00121 -6.29144e+00
316  0.00026 -5.30904e+00 |317  0.00016 -3.89409e+00 |318  0.00103 -7.86488e-01
319 -0.00621 -1.39002e+00 |320  0.00012  2.92581e-02 |321  0.00003  6.69076e-03
322 -0.00001 -3.35688e-03 |
322 variables; iteration 420; function evaluation 470; phase 5
Function value 2.9093709e+03; maximum gradient component mag 7.4503e+01
Var    Value     Gradient |Var    Value     Gradient |Var    Value     Gradient
  1 -0.03368  7.45033e+01 |  2  0.04152  2.41516e-01 |  3  0.13297  3.37784e-01
  4 -0.03151  2.49538e-01 |  5 -0.07781  1.51956e-01 |  6  0.05368  5.83776e-01
  7  0.04228  7.68830e-01 |  8 -0.00188  7.17573e-01 |  9  0.04814  9.88152e-01
 10  0.01675 -9.78955e-02 | 11  0.21674  3.56543e+00 | 12 -0.12359 -3.56740e-01
 13 -0.04178  4.25040e-01 | 14 -0.15851 -1.01075e-01 | 15 -0.17680 -1.08742e-01
 16  0.23882  7.64441e+00 | 17  0.00132  1.11431e+00 | 18 -0.11000  3.19858e-01
 19 -0.05037  9.86146e-01 | 20 -0.01338  1.49913e+00 | 21 -0.09688  8.97804e-01
 22  0.03387  3.12340e+00 | 23 -0.12374  6.55983e-01 | 24 -0.03624  1.74944e+00
 25  0.00936  2.96638e+00 | 26  0.02252  3.54298e+00 | 27 -0.11467  1.02041e+00
 28  0.01336  2.92902e+00 | 29  0.05248  5.58151e+00 | 30 -0.08510  1.13543e+00
 31 -0.19015  2.90702e-01 | 32  0.03867  4.98720e+00 | 33  0.05170  3.80055e+00
 34  0.05787  3.25270e+00 | 35  0.04238  3.27433e+00 | 36 -0.04709  1.40382e+00
 37 -0.01972  8.40510e-01 | 38  0.05975  1.75612e+00 | 39 -0.06722 -1.49172e+00
 40  0.21309  6.33970e+00 | 41  0.02053 -1.37496e+00 | 42  0.08373 -1.94198e-01
 43 -0.06404 -5.35631e-01 | 44  0.17616 -4.83548e+00 | 45 -0.03767 -5.73182e-01
 46 -0.03276 -3.51254e-01 | 47 -0.01648 -1.77519e+00 | 48 -0.09026 -9.90919e-01
 49  0.11373 -5.02387e+00 | 50  0.01031 -2.02506e+00 | 51  0.00146 -1.76616e+00
 52  0.01925 -2.84778e+00 | 53 -0.03560 -1.89718e+00 | 54  0.08454 -3.66819e+00
 55  0.00648 -2.88337e+00 | 56 -0.04869 -1.49343e+00 | 57 -0.05654 -1.78843e+00
 58  0.08366 -5.47912e+00 | 59 -0.03129 -1.71298e+00 | 60  0.01696 -1.94796e+00
 61  0.00749 -1.97605e+00 | 62  0.07281 -2.89265e+00 | 63  0.09970 -2.99326e+00
 64 -0.05827 -1.41684e+00 | 65 -0.01247 -1.39937e+00 | 66  0.03908 -1.60748e+00
 67  0.01095 -1.46991e+00 | 68 -0.04246 -1.52893e+00 | 69  0.03957 -1.47734e+00
 70  0.01636 -1.18691e+00 | 71  0.15618 -1.40359e+00 | 72 -0.04884 -7.72750e-01
 73 -0.02240 -5.64692e-01 | 74 -0.06602 -3.05085e-01 | 75 -0.52465 -3.98902e-01
 76 -0.65885 -9.49395e-02 | 77 -0.80421  4.97634e-01 | 78 -0.70453  2.85160e-01
 79 -0.75303  3.77529e-01 | 80 -0.76904  4.66206e-01 | 81 -1.17791  8.95952e-02
 82 -0.84978  7.22109e-02 | 83 -0.82762  3.16737e-01 | 84 -0.73904  1.31159e-01
 85 -0.81814  1.16361e-01 | 86 -0.81199 -3.73042e-02 | 87 -0.79349  2.44001e-01
 88 -0.79994 -4.18144e-02 | 89 -0.80938  2.08847e-01 | 90 -0.81240  2.10818e-02
 91 -0.78960  8.33546e-02 | 92 -0.80126  8.41236e-02 | 93 -0.79849 -2.73659e-02
 94 -0.85170 -2.84809e-02 | 95 -0.85551 -1.84514e-02 | 96 -0.69663 -2.65542e-06
 97 -0.26993 -3.66236e-07 | 98 -0.17063 -1.01358e-07 | 99  0.65946  7.78828e-01
100  0.29341  7.16037e+00 |101  0.16745  1.02353e+01 |102  0.09023 -1.42786e+00
103 -0.16648  1.53759e+00 |104 -0.20500  3.89369e+00 |105 -0.16533  3.72708e+00
106  0.00040 -1.17319e+01 |107  0.16871 -5.84653e+00 |108 -0.02465 -8.35876e+00
109  0.17770 -4.20953e+00 |110 -0.07381 -2.40052e+00 |111  0.33110 -1.32311e-01
112 -0.05050 -2.68019e-01 |113 -0.33961  9.62182e+00 |114 -0.20377  2.94977e-01
115 -0.24025  1.88727e-01 |116 -0.26306  1.42045e-02 |117  0.12332  1.85383e-01
118 -0.18127  1.12128e-01 |119  0.00803  8.30416e+00 |120  0.00732  8.32810e+00
121 -0.00253  5.96234e+00 |122 -0.00664  6.00631e+00 |123 -0.00698  5.98416e+00
124 -0.00744  5.95026e+00 |125 -0.00761  5.99863e+00 |126 -0.00836  6.00434e+00
127  0.00897  6.83156e+00 |128 -0.00270  6.97629e+00 |129 -0.00637  7.01091e+00
130 -0.02014  7.03229e+00 |131  0.00189  7.23743e+00 |132 -0.01002  7.44734e+00
133  0.00728  6.68854e+00 |134  0.00626  6.61083e+00 |135 -0.00392  6.39118e+00
136  0.01630  5.93339e+00 |137 -0.01566  6.01014e+00 |138 -0.01452  6.07614e+00
139  0.00892  5.70935e+00 |140  0.02017  5.40071e+00 |141 -0.00393  5.56342e+00
142 -0.02039  5.68040e+00 |143  0.01979  5.54936e+00 |144 -0.02350  5.19857e+00
145  0.02553  4.63269e+00 |146  0.00145  4.71202e+00 |147  0.00286  4.84354e+00
148 -0.00900  4.81078e+00 |149  0.01248  5.27318e+00 |150  0.02213  5.24248e+00
151 -0.02536  5.74598e+00 |152 -0.02043  5.89674e+00 |153  0.00581  6.42435e+00
154  0.00399  6.52397e+00 |155  0.00316  6.16312e+00 |156 -0.02123  6.42114e+00
157 -0.01135  6.36029e+00 |158  0.02741  5.75492e+00 |159 -0.00974  5.71260e+00
160  0.01794  5.15863e+00 |161 -0.00702  5.17379e+00 |162 -0.01907  5.09503e+00
163  0.00805  4.88539e+00 |164  0.00419  4.71484e+00 |165 -0.00357  4.40147e+00
166  0.00545  4.30961e+00 |167 -0.01853  3.97700e+00 |168 -0.00165  3.84816e+00
169  0.02261  1.69805e+00 |170 -0.02929  1.70823e+00 |171  0.01053  1.50483e+00
172  0.02311  1.06349e+00 |173  0.02197  6.55402e-01 |174 -0.00234  4.44083e-01
175 -0.00640  3.17609e-01 |176 -0.02042  1.44281e-01 |177  0.00329 -6.31215e-01
178 -0.00251 -1.10325e+00 |179  0.00291 -1.15566e+00 |180 -0.00472 -1.25443e+00
181  0.00456 -1.29580e+00 |182 -0.00532 -2.61192e-01 |183 -0.01475 -3.85430e-03
184 -0.00009 -2.25584e-02 |185  0.00002  4.69251e-03 |186 -0.00007 -1.82417e-02
187 -0.00429  3.22448e+01 |188  0.00214  3.15076e+01 |189 -0.01057  3.07262e+01
190  0.00873  3.08140e+01 |191  0.00595  2.95476e+01 |192 -0.02552  3.00727e+01
193  0.01988  3.01535e+01 |194  0.00018  3.03306e+01 |195 -0.02838  3.11796e+01
196  0.01812  2.92594e+01 |197 -0.00270  2.89556e+01 |198 -0.00075  2.93307e+01
199 -0.00147  2.81500e+01 |200  0.00834  2.69757e+01 |201 -0.00999  2.59342e+01
202  0.00433  2.43519e+01 |203  0.00270  2.30489e+01 |204  0.00155  2.19215e+01
205 -0.00672  2.08721e+01 |206  0.01013  2.03122e+01 |207 -0.00969  1.99154e+01
208  0.00339  1.80877e+01 |209 -0.00010  1.77097e+01 |210  0.01011  1.77387e+01
211 -0.02409  1.81556e+01 |212  0.01627  1.53930e+01 |213 -0.00767  1.52750e+01
214  0.00387  1.52298e+01 |215 -0.00072  1.41823e+01 |216  0.00678  1.42069e+01
217 -0.00755  1.42686e+01 |218 -0.00043  1.29556e+01 |219  0.01267  1.29665e+01
220 -0.00527  1.19287e+01 |221 -0.00238  1.23596e+01 |222  0.00068  1.15077e+01
223 -0.00034  1.09951e+01 |224  0.00217  1.01958e+01 |225 -0.01662  1.00850e+01
226  0.00864  1.01466e+01 |227  0.00781  8.67688e+00 |228 -0.00742  7.95906e+00
229  0.00731  7.04551e+00 |230 -0.00376  6.68460e+00 |231 -0.00552  6.04808e+00
232  0.00630  4.64262e+00 |233 -0.00428  4.14259e+00 |234  0.00293  1.95760e+00
235  0.00181  1.45644e+00 |236 -0.00451  8.40842e-01 |237 -0.00713 -5.86322e-01
238  0.01245  3.49182e-01 |239 -0.00969  1.48406e-01 |240  0.00343 -1.79606e-01
241  0.01234  3.77627e-01 |242  0.00515  3.76990e-01 |243 -0.00967  2.63685e-01
244 -0.01324  1.19791e-01 |245  0.01051 -1.77728e+00 |246  0.00496 -3.61475e+00
247 -0.00700 -2.68820e+00 |248 -0.00157 -1.80990e+00 |249  0.00375 -8.42458e-01
250 -0.00546  4.55453e-01 |251  0.00858 -2.08536e-01 |252  0.00001  2.91239e-03
253 -0.00007 -1.61770e-02 |254  0.00000  4.38064e-04 |255  0.00810  4.61585e+01
256  0.00341  4.88551e+01 |257 -0.00271  4.89050e+01 |258 -0.00151  4.93293e+01
259  0.00343  4.84673e+01 |260  0.01925  4.82034e+01 |261 -0.01831  4.44340e+01
262  0.00618  4.52955e+01 |263 -0.00008  4.64945e+01 |264 -0.02524  4.45923e+01
265  0.01219  4.38663e+01 |266 -0.01064  4.46590e+01 |267  0.00017  4.35266e+01
268 -0.00131  4.20761e+01 |269  0.00310  4.01036e+01 |270 -0.00223  3.80838e+01
271  0.00184  3.64978e+01 |272  0.00048  3.48861e+01 |273  0.00386  3.35532e+01
274 -0.00007  3.21262e+01 |275 -0.00202  3.07753e+01 |276  0.00037  2.97667e+01
277  0.00157  2.82911e+01 |278  0.00250  2.72834e+01 |279  0.00573  2.64656e+01
280 -0.01408  2.47539e+01 |281  0.00741  2.33248e+01 |282 -0.00220  2.20490e+01
283  0.00017  2.09071e+01 |284  0.00402  1.94404e+01 |285 -0.00261  1.85538e+01
286 -0.00063  1.77502e+01 |287 -0.00263  1.70261e+01 |288  0.00768  1.65140e+01
289  0.00569  1.66685e+01 |290 -0.00768  1.58417e+01 |291 -0.00036  1.54412e+01
292  0.00232  1.51035e+01 |293  0.00704  1.56930e+01 |294 -0.00898  1.57259e+01
295 -0.00334  1.50856e+01 |296 -0.00095  1.36083e+01 |297 -0.00150  1.29650e+01
298  0.00599  1.27100e+01 |299  0.00190  1.16969e+01 |300 -0.00650  1.04316e+01
301  0.00357  9.23026e+00 |302 -0.00299  7.73935e+00 |303  0.00388  6.46032e+00
304 -0.00141  5.71042e+00 |305  0.00057  4.57303e+00 |306 -0.00377  4.88685e+00
307  0.00778  5.59415e+00 |308 -0.00223  5.71885e+00 |309 -0.00458  6.53047e+00
310  0.00682  6.98868e+00 |311  0.00478  7.01258e+00 |312  0.00224  6.77441e+00
313 -0.00975  4.73998e+00 |314  0.00253  2.82648e+00 |315  0.00121  2.29527e+00
316  0.00026  1.94239e+00 |317  0.00017  1.95254e+00 |318  0.00099  1.42653e+00
319 -0.00619  6.74760e-01 |320 -0.00002 -3.73177e-03 |321  0.00002  4.56950e-03
322  0.00006  1.55117e-02 |
322 variables; iteration 440; function evaluation 490; phase 5
Function value 2.9093214e+03; maximum gradient component mag -3.2613e+01
Var    Value     Gradient |Var    Value     Gradient |Var    Value     Gradient
  1 -0.03368 -2.56322e+01 |  2  0.04098 -2.89683e-02 |  3  0.13316  6.88924e-02
  4 -0.03185  6.00119e-03 |  5 -0.07786 -1.51509e-02 |  6  0.05343 -2.62870e-02
  7  0.04280 -3.80860e-02 |  8 -0.00219 -7.59829e-03 |  9  0.04815  1.14053e-01
 10  0.01708  2.67958e-01 | 11  0.21673  7.69953e-01 | 12 -0.12355  2.44087e-01
 13 -0.04182  1.84334e-01 | 14 -0.15857  1.98258e-01 | 15 -0.17699  2.40838e-01
 16  0.23887  5.70529e-01 | 17  0.00131  3.41683e-01 | 18 -0.11007  2.97976e-01
 19 -0.05035  2.99440e-01 | 20 -0.01327  1.93909e-01 | 21 -0.09707  1.07938e-01
 22  0.03402  4.46808e-01 | 23 -0.12393  1.74346e-01 | 24 -0.03626  1.80979e-01
 25  0.00935  1.00557e-01 | 26  0.02252  3.35927e-01 | 27 -0.11489  1.80388e-01
 28  0.01337  7.77759e-02 | 29  0.05245  1.03095e-01 | 30 -0.08521 -1.45464e-01
 31 -0.19033  2.95975e-02 | 32  0.03835  2.38213e-01 | 33  0.05166  1.99586e-01
 34  0.05777 -7.93892e-02 | 35  0.04228 -1.96919e-01 | 36 -0.04741  4.39164e-02
 37 -0.01958 -3.49823e-01 | 38  0.05960  1.63839e-02 | 39 -0.06634 -3.27997e-01
 40  0.21293 -2.28569e-01 | 41  0.02089 -3.76292e-01 | 42  0.08376 -4.45085e-01
 43 -0.06401  4.63128e-02 | 44  0.17626 -1.85320e+00 | 45 -0.03771  2.66504e-02
 46 -0.03276  3.75766e-02 | 47 -0.01644 -2.46409e-01 | 48 -0.09028  3.96741e-02
 49  0.11379 -8.12181e-01 | 50  0.01029 -2.62806e-01 | 51  0.00149 -1.42516e-01
 52  0.01929 -1.44752e-01 | 53 -0.03558  1.21325e-01 | 54  0.08455 -5.57720e-01
 55  0.00649 -3.49333e-01 | 56 -0.04868  2.55773e-01 | 57 -0.05652  4.70400e-02
 58  0.08367 -1.26835e+00 | 59 -0.03128  5.14927e-02 | 60  0.01696  2.98068e-01
 61  0.00751  1.87273e-01 | 62  0.07282 -3.23299e-01 | 63  0.09972 -4.37135e-01
 64 -0.05829  8.33368e-02 | 65 -0.01249  1.67978e-01 | 66  0.03907 -2.62715e-01
 67  0.01095 -4.35822e-01 | 68 -0.04246  1.04138e-01 | 69  0.03963  2.32138e-01
 70  0.01637  1.99284e-01 | 71  0.15619  2.49118e-01 | 72 -0.04884  2.20355e-01
 73 -0.02237  4.04965e-01 | 74 -0.06610  2.34311e-01 | 75 -0.52423  9.10068e-02
 76 -0.65847 -1.21388e-01 | 77 -0.80421  1.18501e-01 | 78 -0.70424  2.55258e-02
 79 -0.75299  7.55496e-02 | 80 -0.76904  1.33757e-01 | 81 -1.17805  7.33149e-02
 82 -0.84963  8.48064e-02 | 83 -0.82761  8.43048e-02 | 84 -0.73888 -2.60574e-02
 85 -0.81805  3.74418e-02 | 86 -0.81171 -3.28439e-02 | 87 -0.79338  2.89243e-02
 88 -0.79977 -4.14418e-02 | 89 -0.80933  5.15624e-02 | 90 -0.81227  1.41158e-02
 91 -0.78951  2.48757e-03 | 92 -0.80123  3.45205e-02 | 93 -0.79835  3.54655e-02
 94 -0.85165  4.27680e-02 | 95 -0.85538  2.26838e-02 | 96 -0.69550 -2.64322e-06
 97 -0.27026 -3.75372e-07 | 98 -0.16774 -7.48112e-08 | 99  0.68694 -4.95970e-01
100  0.25753 -4.86622e+00 |101  0.20524 -6.75520e+00 |102  0.09023 -1.58695e+00
103 -0.16647 -9.27926e-01 |104 -0.20501  1.61405e-01 |105 -0.16535  8.58459e-01
106  0.00042 -2.05086e+00 |107  0.16870 -3.65139e+00 |108 -0.02464 -5.75985e+00
109  0.17757 -1.88105e+00 |110 -0.06362 -7.66684e-01 |111  0.33667 -1.02794e-01
112 -0.05042 -2.67611e-01 |113 -0.33984 -1.50400e+00 |114 -0.20348  7.53854e-01
115 -0.24037  5.28462e-01 |116 -0.26283  3.19767e-01 |117  0.12352  2.91713e-02
118 -0.18171 -3.36140e-02 |119  0.00279 -3.74003e+00 |120  0.00189 -3.72400e+00
121  0.00038 -3.97499e+00 |122 -0.00534 -3.88068e+00 |123 -0.00591 -3.94229e+00
124 -0.00626 -3.93477e+00 |125 -0.00688 -3.99008e+00 |126 -0.00769 -3.99847e+00
127  0.00891 -3.73595e+00 |128 -0.00283 -3.68951e+00 |129 -0.00653 -3.67760e+00
130 -0.02016 -3.62917e+00 |131  0.00186 -3.55399e+00 |132 -0.01011 -3.47304e+00
133  0.00727 -3.04567e+00 |134  0.00629 -2.98683e+00 |135 -0.00394 -2.99706e+00
136  0.01639 -2.95874e+00 |137 -0.01567 -2.95755e+00 |138 -0.01457 -2.99814e+00
139  0.00893 -2.96231e+00 |140  0.02039 -2.86209e+00 |141 -0.00387 -2.88619e+00
142 -0.02071 -2.96814e+00 |143  0.01980 -2.86503e+00 |144 -0.02351 -2.78043e+00
145  0.02560 -2.41435e+00 |146  0.00152 -2.39127e+00 |147  0.00283 -2.38783e+00
148 -0.00897 -2.41087e+00 |149  0.01252 -2.30442e+00 |150  0.02240 -2.29318e+00
151 -0.02544 -2.36429e+00 |152 -0.02058 -2.41698e+00 |153  0.00573 -2.44849e+00
154  0.00376 -2.42730e+00 |155  0.00334 -1.87257e+00 |156 -0.02130 -1.69475e+00
157 -0.01136 -1.66871e+00 |158  0.02746 -1.37327e+00 |159 -0.00977 -1.41803e+00
160  0.01801 -1.45118e+00 |161 -0.00706 -1.55105e+00 |162 -0.01908 -1.60249e+00
163  0.00804 -1.48722e+00 |164  0.00417 -1.47440e+00 |165 -0.00356 -1.42028e+00
166  0.00539 -1.31843e+00 |167 -0.01847 -1.40452e+00 |168 -0.00169 -1.26104e+00
169  0.02272 -5.88685e-01 |170 -0.02934 -8.26135e-01 |171  0.01050 -8.74814e-01
172  0.02305 -9.12351e-01 |173  0.02170 -9.61929e-01 |174 -0.00261 -9.84860e-01
175 -0.00633 -9.84227e-01 |176 -0.02008 -9.42168e-01 |177  0.00328 -7.05466e-01
178 -0.00233 -5.05653e-01 |179  0.00289 -5.47342e-01 |180 -0.00470 -4.13287e-01
181  0.00473 -2.66122e-01 |182 -0.00535 -1.61518e-01 |183 -0.01486 -8.89310e-02
184 -0.00003 -7.44958e-03 |185 -0.00005 -1.13832e-02 |186 -0.00006 -1.43543e-02
187  0.00317 -2.12797e+01 |188  0.00244 -2.13548e+01 |189 -0.01045 -2.12980e+01
190  0.00861 -2.16512e+01 |191  0.00661 -2.09585e+01 |192 -0.02473 -2.10940e+01
193  0.01867 -2.16956e+01 |194  0.00011 -2.19901e+01 |195 -0.02850 -2.20393e+01
196  0.01810 -2.15009e+01 |197 -0.00270 -2.12687e+01 |198 -0.00074 -2.08407e+01
199 -0.00146 -2.06230e+01 |200  0.00831 -2.03371e+01 |201 -0.00994 -1.99073e+01
202  0.00426 -1.92408e+01 |203  0.00276 -1.89715e+01 |204  0.00154 -1.84984e+01
205 -0.00671 -1.84690e+01 |206  0.01011 -1.85140e+01 |207 -0.00968 -1.85136e+01
208  0.00339 -1.76905e+01 |209 -0.00011 -1.72250e+01 |210  0.01015 -1.72285e+01
211 -0.02417 -1.68269e+01 |212  0.01635 -1.65983e+01 |213 -0.00770 -1.58778e+01
214  0.00386 -1.48768e+01 |215 -0.00073 -1.41845e+01 |216  0.00686 -1.36835e+01
217 -0.00764 -1.31541e+01 |218 -0.00031 -1.26526e+01 |219  0.01249 -1.26657e+01
220 -0.00515 -1.16962e+01 |221 -0.00240 -1.18627e+01 |222  0.00067 -1.17261e+01
223 -0.00032 -1.11471e+01 |224  0.00218 -1.02002e+01 |225 -0.01657 -1.04539e+01
226  0.00858 -1.03047e+01 |227  0.00783 -1.00203e+01 |228 -0.00741 -1.01302e+01
229  0.00729 -9.88585e+00 |230 -0.00374 -9.63863e+00 |231 -0.00552 -9.13676e+00
232  0.00630 -8.44106e+00 |233 -0.00429 -8.28442e+00 |234  0.00294 -7.49658e+00
235  0.00181 -7.43965e+00 |236 -0.00450 -7.22729e+00 |237 -0.00712 -6.52749e+00
238  0.01244 -6.59203e+00 |239 -0.00968 -6.74188e+00 |240  0.00344 -7.48263e+00
241  0.01233 -7.35572e+00 |242  0.00515 -6.65323e+00 |243 -0.00966 -6.04256e+00
244 -0.01325 -5.96344e+00 |245  0.01049 -4.87988e+00 |246  0.00499 -3.24532e+00
247 -0.00698 -1.72780e+00 |248 -0.00156 -8.36987e-01 |249  0.00373 -8.12187e-01
250 -0.00548 -7.66520e-01 |251  0.00860 -5.30989e-03 |252 -0.00003 -6.90754e-03
253  0.00003  7.19984e-03 |254  0.00002  6.05348e-03 |255 -0.00038 -2.97735e+01
256  0.00321 -3.08092e+01 |257 -0.00272 -3.09660e+01 |258 -0.00147 -3.07729e+01
259  0.00338 -3.02609e+01 |260  0.01790 -3.00470e+01 |261 -0.01691 -3.12224e+01
262  0.00621 -3.23075e+01 |263 -0.00015 -3.26129e+01 |264 -0.02523 -3.20900e+01
265  0.01221 -3.19471e+01 |266 -0.01067 -3.16106e+01 |267  0.00016 -3.14325e+01
268 -0.00131 -3.08711e+01 |269  0.00307 -3.03061e+01 |270 -0.00219 -2.98760e+01
271  0.00181 -2.97296e+01 |272  0.00050 -2.96455e+01 |273  0.00387 -2.94042e+01
274 -0.00007 -2.92267e+01 |275 -0.00202 -2.85684e+01 |276  0.00036 -2.78991e+01
277  0.00158 -2.73917e+01 |278  0.00247 -2.73096e+01 |279  0.00577 -2.67527e+01
280 -0.01413 -2.59990e+01 |281  0.00745 -2.50646e+01 |282 -0.00220 -2.36872e+01
283  0.00017 -2.27582e+01 |284  0.00400 -2.21498e+01 |285 -0.00254 -2.12425e+01
286 -0.00068 -2.05741e+01 |287 -0.00253 -2.00973e+01 |288  0.00758 -1.91262e+01
289  0.00569 -1.88740e+01 |290 -0.00766 -1.83613e+01 |291 -0.00038 -1.77195e+01
292  0.00233 -1.68034e+01 |293  0.00699 -1.62037e+01 |294 -0.00893 -1.54478e+01
295 -0.00335 -1.51010e+01 |296 -0.00096 -1.51089e+01 |297 -0.00149 -1.47866e+01
298  0.00597 -1.44852e+01 |299  0.00191 -1.36106e+01 |300 -0.00650 -1.25366e+01
301  0.00357 -1.18408e+01 |302 -0.00299 -1.09412e+01 |303  0.00388 -1.01157e+01
304 -0.00140 -9.27174e+00 |305  0.00057 -8.63067e+00 |306 -0.00375 -8.47987e+00
307  0.00778 -8.68070e+00 |308 -0.00223 -9.44078e+00 |309 -0.00458 -9.55151e+00
310  0.00681 -9.17719e+00 |311  0.00478 -8.18542e+00 |312  0.00223 -7.39771e+00
313 -0.00975 -6.30024e+00 |314  0.00252 -4.80985e+00 |315  0.00120 -2.67084e+00
316  0.00026 -1.13218e+00 |317  0.00018 -9.18620e-01 |318  0.00099 -6.47723e-01
319 -0.00620 -1.18257e-01 |320 -0.00002 -3.74996e-03 |321 -0.00002 -3.74331e-03
322 -0.00002 -4.49136e-03 |
322 variables; iteration 460; function evaluation 510; phase 5
Function value 2.9093160e+03; maximum gradient component mag 9.7626e+00
Var    Value     Gradient |Var    Value     Gradient |Var    Value     Gradient
  1 -0.03367  9.76260e+00 |  2  0.04111  5.58745e-03 |  3  0.13305 -8.00763e-03
  4 -0.03182  2.15883e-03 |  5 -0.07784 -1.62714e-03 |  6  0.05347 -2.30092e-05
  7  0.04269 -3.15493e-03 |  8 -0.00212 -1.17748e-02 |  9  0.04808 -1.69775e-02
 10  0.01707 -1.04778e-01 | 11  0.21666 -1.16694e-01 | 12 -0.12359 -9.50708e-02
 13 -0.04187 -1.09348e-01 | 14 -0.15858 -1.08074e-01 | 15 -0.17703 -1.02825e-01
 16  0.23883 -1.39927e-01 | 17  0.00127 -1.08166e-01 | 18 -0.11010 -1.09835e-01
 19 -0.05039 -1.02838e-01 | 20 -0.01329 -1.00697e-01 | 21 -0.09700 -9.69929e-02
 22  0.03395 -1.07150e-01 | 23 -0.12390 -9.74380e-02 | 24 -0.03627 -8.34498e-02
 25  0.00933 -7.05817e-02 | 26  0.02245 -7.48178e-02 | 27 -0.11491 -8.15879e-02
 28  0.01337 -5.22153e-02 | 29  0.05236 -2.42099e-02 | 30 -0.08503 -4.82530e-02
 31 -0.19001 -6.50947e-02 | 32  0.03826 -4.21360e-03 | 33  0.05160 -5.35120e-03
 34  0.05779  2.65383e-02 | 35  0.04228  3.59995e-02 | 36 -0.04744 -3.39715e-02
 37 -0.01941  4.47849e-02 | 38  0.05953  8.77316e-02 | 39 -0.06603 -1.37062e-02
 40  0.21288  3.47968e-01 | 41  0.02097  1.08487e-01 | 42  0.08378  1.20358e-01
 43 -0.06403  9.63591e-03 | 44  0.17628  6.30537e-01 | 45 -0.03774  3.09175e-02
 46 -0.03278  3.10368e-02 | 47 -0.01643  8.35631e-02 | 48 -0.09030 -8.29329e-04
 49  0.11379  2.86965e-01 | 50  0.01028  8.87698e-02 | 51  0.00148  7.44708e-02
 52  0.01928  1.02689e-01 | 53 -0.03560  4.26349e-03 | 54  0.08454  1.38176e-01
 55  0.00648  8.09982e-02 | 56 -0.04869  1.08418e-02 | 57 -0.05653 -5.11440e-04
 58  0.08368  1.56520e-01 | 59 -0.03128 -3.02767e-04 | 60  0.01694  2.40643e-02
 61  0.00749 -3.86990e-03 | 62  0.07282  3.47870e-02 | 63  0.09973  1.15331e-01
 64 -0.05830 -6.10877e-02 | 65 -0.01250 -9.81738e-03 | 66  0.03908  5.29903e-02
 67  0.01096 -7.23523e-02 | 68 -0.04246 -4.42339e-02 | 69  0.03965 -2.26799e-02
 70  0.01637 -7.04847e-02 | 71  0.15618 -3.96884e-02 | 72 -0.04882 -8.88228e-02
 73 -0.02237 -7.83266e-02 | 74 -0.06611 -9.94062e-02 | 75 -0.52440  4.45660e-03
 76 -0.65831 -1.06640e-02 | 77 -0.80423 -2.73580e-02 | 78 -0.70417 -2.52837e-02
 79 -0.75302 -2.85267e-02 | 80 -0.76911 -2.96767e-02 | 81 -1.17814 -1.94365e-02
 82 -0.84966 -1.91786e-02 | 83 -0.82763 -1.65179e-02 | 84 -0.73879 -1.03042e-02
 85 -0.81805 -1.55856e-02 | 86 -0.81159 -8.28600e-04 | 87 -0.79336 -1.65323e-02
 88 -0.79967 -1.27703e-02 | 89 -0.80934 -1.67406e-02 | 90 -0.81227 -7.41837e-03
 91 -0.78953 -1.16454e-02 | 92 -0.80127 -3.39090e-03 | 93 -0.79840  2.67456e-04
 94 -0.85167 -7.73888e-03 | 95 -0.85543  3.43286e-03 | 96 -0.69452 -2.63346e-06
 97 -0.27045 -3.76923e-07 | 98 -0.16952 -9.14850e-08 | 99  0.70239 -5.29811e-02
100  0.27238 -8.12766e-01 |101  0.20143 -7.95680e-01 |102  0.09024  5.89694e-02
103 -0.16647  1.44197e-02 |104 -0.20500  1.31636e-01 |105 -0.16538  1.24144e-01
106  0.00041 -5.77474e-01 |107  0.16871  4.24971e-01 |108 -0.02459  2.03263e-01
109  0.17746  2.97995e-01 |110 -0.05836  1.73292e-01 |111  0.34264 -7.77337e-02
112 -0.05043 -3.30833e-04 |113 -0.33980 -4.30079e-01 |114 -0.20355 -5.26256e-02
115 -0.24039 -2.17989e-02 |116 -0.26295 -9.78827e-03 |117  0.12355  9.41577e-03
118 -0.18189  1.22966e-02 |119  0.00185 -9.17517e-02 |120  0.00105 -6.40597e-02
121  0.00039 -1.04122e-01 |122 -0.00561 -7.23307e-02 |123 -0.00593 -7.11387e-02
124 -0.00617 -3.43605e-02 |125 -0.00657 -3.18859e-02 |126 -0.00737 -3.62731e-02
127  0.00879 -8.99005e-02 |128 -0.00290 -9.48867e-02 |129 -0.00660 -9.60978e-02
130 -0.02027 -1.03430e-01 |131  0.00188 -9.64044e-02 |132 -0.01012 -9.20050e-02
133  0.00727 -1.10088e-01 |134  0.00626 -1.05510e-01 |135 -0.00393 -1.00118e-01
136  0.01638 -1.14089e-01 |137 -0.01567 -1.09774e-01 |138 -0.01455 -1.08093e-01
139  0.00892 -1.20883e-01 |140  0.02035 -1.43988e-01 |141 -0.00396 -1.38481e-01
142 -0.02062 -1.19015e-01 |143  0.01986 -1.34619e-01 |144 -0.02351 -1.72258e-01
145  0.02559 -1.97749e-01 |146  0.00151 -2.18162e-01 |147  0.00283 -2.26590e-01
148 -0.00897 -2.29473e-01 |149  0.01253 -1.74295e-01 |150  0.02231 -1.68795e-01
151 -0.02541 -1.35518e-01 |152 -0.02051 -1.25972e-01 |153  0.00576 -1.30153e-01
154  0.00383 -1.24565e-01 |155  0.00342 -7.71329e-02 |156 -0.02145 -1.04360e-01
157 -0.01138 -9.17544e-02 |158  0.02741 -8.35131e-02 |159 -0.00974 -6.58796e-02
160  0.01796 -4.63335e-02 |161 -0.00704 -3.22377e-02 |162 -0.01905 -2.54039e-02
163  0.00803 -4.64111e-02 |164  0.00418 -6.20406e-02 |165 -0.00355 -4.79805e-02
166  0.00535 -3.02971e-02 |167 -0.01842 -2.18345e-02 |168 -0.00170 -2.52481e-02
169  0.02265 -2.72998e-02 |170 -0.02928 -2.60143e-02 |171  0.01050 -7.06665e-02
172  0.02303 -6.13037e-02 |173  0.02165 -3.97154e-02 |174 -0.00256  2.03684e-03
175 -0.00627  8.17898e-03 |176 -0.02008  3.02297e-02 |177  0.00330  8.36517e-02
178 -0.00241  1.24180e-01 |179  0.00295  1.34833e-01 |180 -0.00469  1.46514e-01
181  0.00472  1.30863e-01 |182 -0.00533  4.79230e-02 |183 -0.01489  1.39963e-02
184 -0.00000 -2.91355e-04 |185 -0.00000 -4.63936e-04 |186  0.00001  1.26429e-03
187 -0.00000 -3.72964e+00 |188  0.00235 -3.69277e+00 |189 -0.01046 -3.65059e+00
190  0.00863 -3.60014e+00 |191  0.00646 -3.55042e+00 |192 -0.02445 -3.41865e+00
193  0.01850 -3.37217e+00 |194  0.00010 -3.39121e+00 |195 -0.02845 -3.43740e+00
196  0.01810 -3.39711e+00 |197 -0.00268 -3.36824e+00 |198 -0.00077 -3.45566e+00
199 -0.00146 -3.44408e+00 |200  0.00832 -3.36791e+00 |201 -0.00995 -3.43183e+00
202  0.00428 -3.38975e+00 |203  0.00275 -3.37933e+00 |204  0.00153 -3.31614e+00
205 -0.00671 -3.24224e+00 |206  0.01012 -3.19777e+00 |207 -0.00967 -3.19137e+00
208  0.00338 -3.14007e+00 |209 -0.00008 -3.05857e+00 |210  0.01016 -2.96338e+00
211 -0.02427 -2.92375e+00 |212  0.01642 -2.88087e+00 |213 -0.00770 -2.83526e+00
214  0.00385 -2.78046e+00 |215 -0.00073 -2.73030e+00 |216  0.00687 -2.69379e+00
217 -0.00768 -2.59408e+00 |218 -0.00026 -2.49399e+00 |219  0.01243 -2.41968e+00
220 -0.00513 -2.31605e+00 |221 -0.00241 -2.35176e+00 |222  0.00067 -2.22723e+00
223 -0.00031 -2.14109e+00 |224  0.00214 -2.10393e+00 |225 -0.01657 -2.04264e+00
226  0.00861 -1.95493e+00 |227  0.00782 -1.86172e+00 |228 -0.00740 -1.80533e+00
229  0.00729 -1.66592e+00 |230 -0.00374 -1.64984e+00 |231 -0.00553 -1.63543e+00
232  0.00630 -1.56885e+00 |233 -0.00428 -1.53128e+00 |234  0.00294 -1.37846e+00
235  0.00181 -1.33098e+00 |236 -0.00450 -1.28075e+00 |237 -0.00713 -1.26221e+00
238  0.01244 -1.13685e+00 |239 -0.00968 -1.10376e+00 |240  0.00344 -1.03490e+00
241  0.01234 -9.83871e-01 |242  0.00515 -8.91275e-01 |243 -0.00967 -8.17535e-01
244 -0.01324 -7.78251e-01 |245  0.01050 -6.59108e-01 |246  0.00500 -4.80399e-01
247 -0.00699 -2.42904e-01 |248 -0.00157 -1.16596e-01 |249  0.00373 -2.88437e-02
250 -0.00548 -7.73884e-02 |251  0.00859 -3.26233e-02 |252  0.00000  4.42216e-04
253 -0.00000 -7.93892e-04 |254 -0.00000 -6.79435e-04 |255  0.00045 -3.38154e+00
256  0.00325 -3.47749e+00 |257 -0.00272 -3.46324e+00 |258 -0.00147 -3.42129e+00
259  0.00338 -3.40370e+00 |260  0.01766 -3.32352e+00 |261 -0.01670 -3.24447e+00
262  0.00621 -3.35211e+00 |263 -0.00013 -3.42900e+00 |264 -0.02523 -3.40243e+00
265  0.01221 -3.37758e+00 |266 -0.01067 -3.45354e+00 |267  0.00017 -3.40914e+00
268 -0.00131 -3.33511e+00 |269  0.00307 -3.35832e+00 |270 -0.00220 -3.27813e+00
271  0.00181 -3.24221e+00 |272  0.00051 -3.18663e+00 |273  0.00387 -3.14075e+00
274 -0.00007 -3.04761e+00 |275 -0.00202 -3.07282e+00 |276  0.00037 -3.03101e+00
277  0.00156 -2.98886e+00 |278  0.00251 -2.87267e+00 |279  0.00581 -2.81787e+00
280 -0.01420 -2.71778e+00 |281  0.00746 -2.69309e+00 |282 -0.00220 -2.65197e+00
283  0.00016 -2.62995e+00 |284  0.00401 -2.60470e+00 |285 -0.00251 -2.53383e+00
286 -0.00071 -2.48658e+00 |287 -0.00250 -2.48354e+00 |288  0.00755 -2.42049e+00
289  0.00569 -2.41211e+00 |290 -0.00766 -2.31946e+00 |291 -0.00039 -2.26382e+00
292  0.00234 -2.18951e+00 |293  0.00701 -2.08712e+00 |294 -0.00896 -1.97885e+00
295 -0.00334 -1.86866e+00 |296 -0.00096 -1.79116e+00 |297 -0.00148 -1.69195e+00
298  0.00597 -1.60251e+00 |299  0.00191 -1.57988e+00 |300 -0.00650 -1.49358e+00
301  0.00357 -1.43680e+00 |302 -0.00299 -1.26908e+00 |303  0.00388 -1.19528e+00
304 -0.00140 -1.11818e+00 |305  0.00058 -1.13689e+00 |306 -0.00376 -1.08562e+00
307  0.00777 -1.05737e+00 |308 -0.00223 -9.83295e-01 |309 -0.00458 -9.16967e-01
310  0.00681 -8.49465e-01 |311  0.00478 -7.90225e-01 |312  0.00222 -7.91345e-01
313 -0.00974 -6.97583e-01 |314  0.00253 -5.78401e-01 |315  0.00120 -3.98124e-01
316  0.00025 -2.41907e-01 |317  0.00018 -1.51993e-01 |318  0.00098 -6.73351e-02
319 -0.00620 -3.63340e-02 |320 -0.00000 -5.07533e-04 |321 -0.00000 -1.02354e-04
322  0.00000  8.01050e-04 |
322 variables; iteration 480; function evaluation 530; phase 5
Function value 2.9093155e+03; maximum gradient component mag 1.0328e+01
Var    Value     Gradient |Var    Value     Gradient |Var    Value     Gradient
  1 -0.03367  1.03284e+01 |  2  0.04110  1.15160e-02 |  3  0.13306  2.38873e-02
  4 -0.03183  7.92751e-03 |  5 -0.07785  5.03371e-03 |  6  0.05347  4.05502e-02
  7  0.04270  3.76073e-02 |  8 -0.00212  2.01704e-02 |  9  0.04809  3.17877e-02
 10  0.01706 -7.56837e-02 | 11  0.21667  8.83656e-02 | 12 -0.12356 -9.08271e-02
 13 -0.04186 -7.12155e-02 | 14 -0.15857 -7.87829e-02 | 15 -0.17702 -8.15373e-02
 16  0.23882  1.69748e-01 | 17  0.00128 -3.25230e-02 | 18 -0.11010 -7.64246e-02
 19 -0.05039 -4.83214e-02 | 20 -0.01328 -6.21748e-03 | 21 -0.09700 -5.27803e-02
 22  0.03395  3.27930e-02 | 23 -0.12390 -5.77762e-02 | 24 -0.03627 -1.89600e-02
 25  0.00933  3.06259e-02 | 26  0.02245  4.92787e-02 | 27 -0.11492 -5.33901e-02
 28  0.01337  2.76194e-02 | 29  0.05237  1.41490e-01 | 30 -0.08505 -3.48810e-02
 31 -0.19002 -5.67028e-02 | 32  0.03825  5.48934e-02 | 33  0.05161  1.02503e-01
 34  0.05779  7.61438e-02 | 35  0.04228  1.07557e-01 | 36 -0.04744 -8.70942e-03
 37 -0.01943  3.01775e-02 | 38  0.05955  1.26762e-01 | 39 -0.06607 -5.57312e-02
 40  0.21289  4.00843e-01 | 41  0.02094  2.27751e-02 | 42  0.08378  9.63769e-02
 43 -0.06403 -1.19017e-02 | 44  0.17628  4.79834e-01 | 45 -0.03775 -7.14429e-03
 46 -0.03278 -9.13925e-04 | 47 -0.01643  2.24874e-02 | 48 -0.09031 -4.66764e-02
 49  0.11379  2.15769e-01 | 50  0.01028  2.25146e-02 | 51  0.00148  1.99549e-02
 52  0.01928  4.02254e-02 | 53 -0.03560 -4.32931e-02 | 54  0.08454  5.72545e-02
 55  0.00648 -3.16904e-02 | 56 -0.04869 -3.81311e-02 | 57 -0.05652 -5.13850e-02
 58  0.08368  1.89059e-03 | 59 -0.03128 -5.58165e-02 | 60  0.01694 -2.90576e-02
 61  0.00749 -8.49093e-02 | 62  0.07282 -7.97295e-02 | 63  0.09973 -3.23822e-02
 64 -0.05830 -1.04711e-01 | 65 -0.01250 -8.58678e-02 | 66  0.03907 -6.90714e-02
 67  0.01096 -1.02509e-01 | 68 -0.04246 -1.16260e-01 | 69  0.03965 -8.14412e-02
 70  0.01636 -1.28684e-01 | 71  0.15618 -9.48157e-02 | 72 -0.04882 -1.07787e-01
 73 -0.02236 -9.01415e-02 | 74 -0.06612 -1.00330e-01 | 75 -0.52438 -4.03910e-03
 76 -0.65833 -2.15087e-02 | 77 -0.80424 -2.85895e-02 | 78 -0.70420 -2.69906e-02
 79 -0.75303 -1.51402e-02 | 80 -0.76911 -1.44215e-02 | 81 -1.17813  1.65557e-03
 82 -0.84966 -1.04150e-02 | 83 -0.82763 -8.26720e-03 | 84 -0.73881 -1.14883e-02
 85 -0.81805 -7.47188e-03 | 86 -0.81161 -3.06603e-03 | 87 -0.79337 -2.33899e-03
 88 -0.79968 -7.53407e-03 | 89 -0.80934 -8.88257e-03 | 90 -0.81228  1.61424e-03
 91 -0.78953 -9.77311e-03 | 92 -0.80126  2.46584e-04 | 93 -0.79840  4.20836e-03
 94 -0.85167 -3.13150e-03 | 95 -0.85543 -4.06213e-03 | 96 -0.69165 -2.60505e-06
 97 -0.26977 -3.72442e-07 | 98 -0.16868 -8.65113e-08 | 99  0.70596 -1.00794e-01
100  0.27410  4.63180e-01 |101  0.20774  7.31406e-01 |102  0.09024  2.59076e-01
103 -0.16647  2.63637e-01 |104 -0.20500  2.78556e-01 |105 -0.16537  2.51718e-01
106  0.00042  1.27818e+00 |107  0.16871  7.05077e-01 |108 -0.02458  9.96727e-01
109  0.17746  5.21465e-01 |110 -0.05818  2.02521e-01 |111  0.35205 -4.91292e-02
112 -0.05043  4.76503e-02 |113 -0.33979  1.67734e-01 |114 -0.20356 -6.73164e-02
115 -0.24038 -4.35625e-02 |116 -0.26295 -2.31967e-02 |117  0.12356  7.29705e-03
118 -0.18193 -1.15993e-02 |119  0.00211 -4.80812e-01 |120  0.00130 -4.68851e-01
121  0.00012 -6.46257e-01 |122 -0.00571 -6.42938e-01 |123 -0.00596 -6.27621e-01
124 -0.00635 -6.33020e-01 |125 -0.00675 -6.32933e-01 |126 -0.00752 -6.33091e-01
127  0.00879 -6.21945e-01 |128 -0.00291 -6.20422e-01 |129 -0.00660 -6.16758e-01
130 -0.02024 -6.08563e-01 |131  0.00188 -5.86414e-01 |132 -0.01012 -5.85712e-01
133  0.00727 -6.05534e-01 |134  0.00627 -5.92267e-01 |135 -0.00393 -5.89219e-01
136  0.01639 -5.84622e-01 |137 -0.01567 -5.84075e-01 |138 -0.01455 -5.86548e-01
139  0.00892 -5.94204e-01 |140  0.02035 -5.86939e-01 |141 -0.00392 -5.72225e-01
142 -0.02066 -5.86383e-01 |143  0.01986 -5.63536e-01 |144 -0.02351 -5.71566e-01
145  0.02558 -5.61307e-01 |146  0.00151 -5.53102e-01 |147  0.00283 -5.47432e-01
148 -0.00895 -5.31441e-01 |149  0.01253 -5.22994e-01 |150  0.02234 -5.23745e-01
151 -0.02543 -5.50761e-01 |152 -0.02054 -5.68183e-01 |153  0.00577 -5.77241e-01
154  0.00382 -5.79359e-01 |155  0.00342 -5.27729e-01 |156 -0.02145 -5.50341e-01
157 -0.01138 -5.34915e-01 |158  0.02741 -4.73912e-01 |159 -0.00974 -4.52615e-01
160  0.01796 -4.23236e-01 |161 -0.00704 -4.17317e-01 |162 -0.01905 -4.17636e-01
163  0.00803 -4.22638e-01 |164  0.00418 -4.12447e-01 |165 -0.00355 -4.11011e-01
166  0.00535 -4.00436e-01 |167 -0.01843 -4.02798e-01 |168 -0.00169 -3.68498e-01
169  0.02264 -2.95017e-01 |170 -0.02928 -2.44624e-01 |171  0.01050 -2.41660e-01
172  0.02303 -2.08328e-01 |173  0.02167 -1.78984e-01 |174 -0.00255 -1.52329e-01
175 -0.00626 -1.50334e-01 |176 -0.02012 -1.55510e-01 |177  0.00329 -1.37530e-01
178 -0.00242 -1.07882e-01 |179  0.00294 -9.40405e-02 |180 -0.00469 -5.16283e-02
181  0.00471 -3.91431e-02 |182 -0.00533 -3.90345e-03 |183 -0.01487  5.54310e-03
184 -0.00000 -2.60242e-04 |185  0.00000  3.94840e-04 |186 -0.00001 -1.25836e-03
187 -0.00037  2.02521e+00 |188  0.00235  1.98498e+00 |189 -0.01047  1.93225e+00
190  0.00863  1.91879e+00 |191  0.00654  1.84683e+00 |192 -0.02466  1.80391e+00
193  0.01862  1.76680e+00 |194  0.00010  1.74316e+00 |195 -0.02844  1.76112e+00
196  0.01810  1.58970e+00 |197 -0.00268  1.58342e+00 |198 -0.00077  1.52829e+00
199 -0.00146  1.44920e+00 |200  0.00832  1.44140e+00 |201 -0.00995  1.38834e+00
202  0.00428  1.28590e+00 |203  0.00276  1.26394e+00 |204  0.00153  1.20577e+00
205 -0.00671  1.15273e+00 |206  0.01012  1.10723e+00 |207 -0.00967  1.05518e+00
208  0.00338  9.52280e-01 |209 -0.00008  8.50953e-01 |210  0.01016  8.39308e-01
211 -0.02427  8.81354e-01 |212  0.01642  7.25110e-01 |213 -0.00770  6.77792e-01
214  0.00385  5.99242e-01 |215 -0.00073  5.41709e-01 |216  0.00687  5.36741e-01
217 -0.00767  4.85426e-01 |218 -0.00027  3.80953e-01 |219  0.01244  2.88776e-01
220 -0.00514  1.72165e-01 |221 -0.00240  1.27595e-01 |222  0.00067  1.20806e-01
223 -0.00031  1.77070e-01 |224  0.00214  1.07325e-01 |225 -0.01658  1.39188e-01
226  0.00861  1.57690e-01 |227  0.00781  9.72529e-02 |228 -0.00740  1.19916e-01
229  0.00729  4.09771e-02 |230 -0.00374  1.20468e-03 |231 -0.00553 -2.72741e-02
232  0.00630 -7.21827e-02 |233 -0.00428 -1.16882e-01 |234  0.00294 -1.93899e-01
235  0.00181 -2.05371e-01 |236 -0.00449 -1.84934e-01 |237 -0.00713 -1.41201e-01
238  0.01244 -4.99363e-02 |239 -0.00968 -2.24432e-02 |240  0.00344  2.38758e-02
241  0.01234  3.41173e-02 |242  0.00515  4.66106e-02 |243 -0.00967 -2.34260e-02
244 -0.01324 -5.14496e-02 |245  0.01050 -1.46610e-01 |246  0.00500 -1.18056e-01
247 -0.00700 -2.54543e-02 |248 -0.00157  9.98939e-02 |249  0.00373  1.80414e-01
250 -0.00548  1.32262e-01 |251  0.00860  5.14219e-02 |252  0.00000  1.04604e-03
253  0.00000  2.84241e-04 |254 -0.00000 -4.22526e-04 |255 -0.00098  2.97041e+00
256  0.00325  2.85854e+00 |257 -0.00272  2.79424e+00 |258 -0.00147  2.78050e+00
259  0.00338  2.75195e+00 |260  0.01780  2.72082e+00 |261 -0.01685  2.32726e+00
262  0.00621  2.26199e+00 |263 -0.00012  2.29182e+00 |264 -0.02523  2.10861e+00
265  0.01221  2.07883e+00 |266 -0.01067  2.00893e+00 |267  0.00017  1.93987e+00
268 -0.00131  1.88240e+00 |269  0.00307  1.79051e+00 |270 -0.00220  1.71423e+00
271  0.00181  1.69581e+00 |272  0.00051  1.65575e+00 |273  0.00387  1.58728e+00
274 -0.00007  1.58334e+00 |275 -0.00202  1.50652e+00 |276  0.00037  1.42313e+00
277  0.00157  1.36264e+00 |278  0.00250  1.37440e+00 |279  0.00581  1.36735e+00
280 -0.01419  1.27030e+00 |281  0.00746  1.15314e+00 |282 -0.00220  1.07092e+00
283  0.00016  9.96700e-01 |284  0.00401  9.64657e-01 |285 -0.00252  8.36609e-01
286 -0.00071  6.98888e-01 |287 -0.00251  5.64458e-01 |288  0.00756  4.66609e-01
289  0.00569  4.15965e-01 |290 -0.00766  3.60926e-01 |291 -0.00039  3.47945e-01
292  0.00235  3.16205e-01 |293  0.00701  3.28758e-01 |294 -0.00896  2.72167e-01
295 -0.00334  2.57438e-01 |296 -0.00096  2.57585e-01 |297 -0.00148  1.83093e-01
298  0.00597  1.62612e-01 |299  0.00191  1.27258e-01 |300 -0.00650  7.55618e-02
301  0.00357  2.52802e-02 |302 -0.00299 -1.69336e-02 |303  0.00388  4.20373e-02
304 -0.00141  4.74459e-02 |305  0.00058  7.81299e-02 |306 -0.00376  9.39744e-02
307  0.00777  1.07342e-01 |308 -0.00223  1.60615e-01 |309 -0.00458  2.30388e-01
310  0.00681  2.75184e-01 |311  0.00478  2.76335e-01 |312  0.00222  1.86556e-01
313 -0.00974  4.56085e-02 |314  0.00253 -3.12462e-02 |315  0.00121 -3.72405e-03
316  0.00025  3.71547e-02 |317  0.00018  7.19450e-02 |318  0.00098  6.67340e-02
319 -0.00620 -6.24601e-04 |320  0.00001  1.37870e-03 |321  0.00001  1.69283e-03
322  0.00000  1.03617e-03 |
322 variables; iteration 500; function evaluation 551; phase 5
Function value 2.9093134e+03; maximum gradient component mag -1.6695e+00
Var    Value     Gradient |Var    Value     Gradient |Var    Value     Gradient
  1 -0.03367 -6.94851e-01 |  2  0.04105 -7.67021e-03 |  3  0.13308  9.34327e-03
  4 -0.03185 -5.35158e-03 |  5 -0.07784 -1.67857e-03 |  6  0.05348  3.37252e-03
  7  0.04270 -7.74927e-03 |  8 -0.00213 -1.11140e-02 |  9  0.04810 -5.15653e-03
 10  0.01706 -4.69696e-03 | 11  0.21667 -3.93295e-02 | 12 -0.12358  3.06470e-03
 13 -0.04187  2.06845e-03 | 14 -0.15856  6.92627e-03 | 15 -0.17703  2.11124e-03
 16  0.23883 -9.23862e-02 | 17  0.00128  2.22850e-03 | 18 -0.11010 -4.16081e-03
 19 -0.05039 -1.11443e-02 | 20 -0.01328  1.76643e-03 | 21 -0.09700 -2.43707e-03
 22  0.03396 -2.38468e-02 | 23 -0.12390 -1.22142e-02 | 24 -0.03627 -1.88799e-02
 25  0.00934 -3.50673e-02 | 26  0.02245 -4.47730e-02 | 27 -0.11492 -1.55415e-02
 28  0.01338 -4.34640e-02 | 29  0.05237 -7.05905e-02 | 30 -0.08504 -2.58157e-02
 31 -0.19000 -9.88715e-03 | 32  0.03825 -1.11232e-01 | 33  0.05161 -4.66889e-02
 34  0.05778 -6.68067e-02 | 35  0.04228 -4.71927e-02 | 36 -0.04744 -3.12426e-02
 37 -0.01942 -3.17728e-02 | 38  0.05953 -1.72825e-02 | 39 -0.06602  1.34990e-02
 40  0.21287 -4.70555e-02 | 41  0.02095 -3.95369e-03 | 42  0.08377  3.98683e-03
 43 -0.06403  8.55353e-03 | 44  0.17627  7.99247e-02 | 45 -0.03775  2.15455e-03
 46 -0.03278 -2.90926e-03 | 47 -0.01643  3.07266e-02 | 48 -0.09030  4.42557e-03
 49  0.11379  7.35546e-02 | 50  0.01028  8.66539e-03 | 51  0.00148  1.68260e-02
 52  0.01928  3.97103e-02 | 53 -0.03560  1.20298e-02 | 54  0.08454  6.50097e-02
 55  0.00648  2.69414e-02 | 56 -0.04869  2.67785e-02 | 57 -0.05653  1.75362e-02
 58  0.08368 -1.13472e-02 | 59 -0.03128  2.95821e-02 | 60  0.01694  5.94016e-02
 61  0.00749  2.72022e-02 | 62  0.07282  4.07858e-02 | 63  0.09972  5.01560e-02
 64 -0.05830  2.16084e-02 | 65 -0.01250  4.85255e-02 | 66  0.03907  4.95846e-02
 67  0.01096  3.37397e-02 | 68 -0.04246  1.34215e-02 | 69  0.03964  2.74390e-04
 70  0.01636  1.78205e-03 | 71  0.15618  4.73279e-02 | 72 -0.04883  7.36524e-03
 73 -0.02237 -1.46926e-03 | 74 -0.06611  1.90124e-03 | 75 -0.52440  8.08385e-03
 76 -0.65833 -8.29727e-03 | 77 -0.80424 -1.17191e-02 | 78 -0.70419 -8.90912e-03
 79 -0.75302 -7.39666e-03 | 80 -0.76910 -4.92103e-03 | 81 -1.17812  1.10360e-02
 82 -0.84966 -4.53854e-03 | 83 -0.82763 -4.37469e-03 | 84 -0.73880 -5.98919e-03
 85 -0.81805 -4.75245e-03 | 86 -0.81161 -6.68530e-03 | 87 -0.79337 -3.02257e-03
 88 -0.79968 -5.39512e-03 | 89 -0.80934 -9.19571e-03 | 90 -0.81228 -1.85915e-03
 91 -0.78953 -6.15814e-03 | 92 -0.80126  6.48285e-04 | 93 -0.79840  9.48737e-04
 94 -0.85167  3.30960e-03 | 95 -0.85543 -9.53340e-04 | 96 -0.65575 -2.28525e-06
 97 -0.26399 -3.40514e-07 | 98 -0.15811 -1.32906e-09 | 99  0.74359 -1.66483e-01
100  0.27222 -3.63004e-01 |101  0.20328 -2.39718e-03 |102  0.09024  1.10387e-01
103 -0.16647  8.41776e-02 |104 -0.20500  1.64329e-01 |105 -0.16537  1.38266e-01
106  0.00042  8.83154e-01 |107  0.16871 -5.98993e-02 |108 -0.02459  1.57626e-02
109  0.17747 -3.92153e-02 |110 -0.05932 -4.12291e-03 |111  0.46337  2.51292e-03
112 -0.05043  1.84708e-02 |113 -0.33979 -1.07339e-01 |114 -0.20355 -3.11898e-02
115 -0.24039 -2.50821e-02 |116 -0.26295 -1.52331e-02 |117  0.12355  2.52534e-03
118 -0.18187 -1.67241e-03 |119  0.00072 -1.66945e+00 |120  0.00013 -1.64120e+00
121 -0.00036 -1.65862e+00 |122 -0.00585 -1.65336e+00 |123 -0.00611 -1.64480e+00
124 -0.00649 -1.65168e+00 |125 -0.00688 -1.64997e+00 |126 -0.00765 -1.65445e+00
127  0.00875 -1.65123e+00 |128 -0.00292 -1.65171e+00 |129 -0.00660 -1.64804e+00
130 -0.02025 -1.64437e+00 |131  0.00188 -1.62245e+00 |132 -0.01011 -1.61680e+00
133  0.00727 -1.60660e+00 |134  0.00626 -1.59461e+00 |135 -0.00393 -1.57595e+00
136  0.01639 -1.55651e+00 |137 -0.01567 -1.55861e+00 |138 -0.01455 -1.55785e+00
139  0.00892 -1.51430e+00 |140  0.02035 -1.44697e+00 |141 -0.00394 -1.43600e+00
142 -0.02065 -1.43628e+00 |143  0.01987 -1.40426e+00 |144 -0.02350 -1.36651e+00
145  0.02558 -1.29899e+00 |146  0.00151 -1.28136e+00 |147  0.00283 -1.27457e+00
148 -0.00896 -1.25496e+00 |149  0.01253 -1.21343e+00 |150  0.02231 -1.20722e+00
151 -0.02541 -1.18242e+00 |152 -0.02052 -1.17166e+00 |153  0.00577 -1.13997e+00
154  0.00383 -1.13140e+00 |155  0.00338 -1.07933e+00 |156 -0.02141 -1.04835e+00
157 -0.01138 -1.02879e+00 |158  0.02741 -9.19516e-01 |159 -0.00974 -9.01216e-01
160  0.01797 -8.27630e-01 |161 -0.00704 -8.25642e-01 |162 -0.01905 -8.21983e-01
163  0.00803 -7.78126e-01 |164  0.00418 -7.50482e-01 |165 -0.00355 -7.14169e-01
166  0.00535 -6.87133e-01 |167 -0.01843 -6.73014e-01 |168 -0.00169 -6.24006e-01
169  0.02265 -3.71113e-01 |170 -0.02928 -3.39571e-01 |171  0.01050 -3.10890e-01
172  0.02304 -2.55381e-01 |173  0.02172 -2.51650e-01 |174 -0.00255 -2.73595e-01
175 -0.00629 -2.79977e-01 |176 -0.02015 -2.94090e-01 |177  0.00329 -2.84956e-01
178 -0.00242 -2.53196e-01 |179  0.00294 -2.41074e-01 |180 -0.00469 -1.83446e-01
181  0.00471 -1.36399e-01 |182 -0.00533 -4.69306e-02 |183 -0.01487 -2.57092e-02
184  0.00000  8.08128e-04 |185  0.00000  9.02672e-04 |186  0.00000  1.71211e-04
187  0.00002 -1.66283e+00 |188  0.00236 -1.62901e+00 |189 -0.01047 -1.62718e+00
190  0.00863 -1.63168e+00 |191  0.00655 -1.62933e+00 |192 -0.02454 -1.65774e+00
193  0.01850 -1.63495e+00 |194  0.00008 -1.64952e+00 |195 -0.02843 -1.61853e+00
196  0.01810 -1.56868e+00 |197 -0.00268 -1.54379e+00 |198 -0.00077 -1.54180e+00
199 -0.00146 -1.52932e+00 |200  0.00831 -1.46094e+00 |201 -0.00995 -1.37210e+00
202  0.00427 -1.35156e+00 |203  0.00276 -1.31959e+00 |204  0.00153 -1.29736e+00
205 -0.00671 -1.29684e+00 |206  0.01012 -1.30385e+00 |207 -0.00967 -1.27746e+00
208  0.00338 -1.27306e+00 |209 -0.00008 -1.29728e+00 |210  0.01017 -1.26870e+00
211 -0.02428 -1.28540e+00 |212  0.01643 -1.23760e+00 |213 -0.00770 -1.19945e+00
214  0.00385 -1.20355e+00 |215 -0.00073 -1.18065e+00 |216  0.00687 -1.18873e+00
217 -0.00768 -1.17700e+00 |218 -0.00026 -1.19505e+00 |219  0.01243 -1.17527e+00
220 -0.00513 -1.14363e+00 |221 -0.00240 -1.12153e+00 |222  0.00067 -1.09457e+00
223 -0.00031 -1.05069e+00 |224  0.00215 -1.03603e+00 |225 -0.01658 -1.02201e+00
226  0.00861 -9.30576e-01 |227  0.00782 -9.40710e-01 |228 -0.00740 -8.81842e-01
229  0.00729 -9.08744e-01 |230 -0.00374 -9.13425e-01 |231 -0.00552 -8.67318e-01
232  0.00630 -8.77545e-01 |233 -0.00428 -8.24196e-01 |234  0.00294 -7.94152e-01
235  0.00181 -7.60849e-01 |236 -0.00449 -6.85277e-01 |237 -0.00713 -4.66811e-01
238  0.01244 -4.27408e-01 |239 -0.00968 -4.08054e-01 |240  0.00344 -4.09750e-01
241  0.01234 -4.34823e-01 |242  0.00515 -4.58935e-01 |243 -0.00967 -4.94278e-01
244 -0.01324 -5.22277e-01 |245  0.01050 -5.61619e-01 |246  0.00500 -4.90823e-01
247 -0.00700 -3.68976e-01 |248 -0.00157 -1.71479e-01 |249  0.00373 -9.57566e-02
250 -0.00548 -4.44739e-02 |251  0.00859 -2.95738e-02 |252  0.00000  7.87039e-05
253  0.00000  2.03044e-04 |254 -0.00000 -6.32913e-05 |255  0.00003 -7.14475e-03
256  0.00325 -7.78962e-02 |257 -0.00272 -9.96514e-02 |258 -0.00147 -1.00596e-01
259  0.00338 -1.06803e-01 |260  0.01767 -1.35322e-01 |261 -0.01671 -1.17059e-01
262  0.00621 -1.31936e-01 |263 -0.00012 -6.54812e-02 |264 -0.02523 -2.62246e-02
265  0.01221 -3.47026e-05 |266 -0.01067  2.46814e-02 |267  0.00017  4.14325e-02
268 -0.00131  7.39287e-02 |269  0.00307  1.28041e-01 |270 -0.00220  1.41150e-01
271  0.00181  1.65784e-01 |272  0.00051  1.85314e-01 |273  0.00387  1.84477e-01
274 -0.00007  1.81404e-01 |275 -0.00202  2.20563e-01 |276  0.00037  2.23906e-01
277  0.00157  1.99307e-01 |278  0.00250  1.73598e-01 |279  0.00582  1.92935e-01
280 -0.01420  1.77916e-01 |281  0.00746  1.41769e-01 |282 -0.00220  1.18662e-01
283  0.00016  9.41628e-02 |284  0.00401  1.04390e-01 |285 -0.00252  8.86311e-02
286 -0.00071  3.93490e-02 |287 -0.00249 -1.37374e-02 |288  0.00755 -3.44458e-03
289  0.00569 -5.65707e-02 |290 -0.00767 -8.27519e-02 |291 -0.00039 -9.40885e-02
292  0.00234 -7.68229e-02 |293  0.00702 -9.62639e-02 |294 -0.00896 -7.58509e-02
295 -0.00334 -1.15449e-01 |296 -0.00096 -1.01542e-01 |297 -0.00148 -1.17086e-01
298  0.00597 -1.09918e-01 |299  0.00191 -7.79173e-02 |300 -0.00650 -8.67821e-02
301  0.00357 -7.44168e-02 |302 -0.00299 -5.70143e-02 |303  0.00388 -7.39914e-02
304 -0.00141 -4.07914e-02 |305  0.00058  1.23480e-01 |306 -0.00376  1.45385e-01
307  0.00778  1.68752e-01 |308 -0.00223  1.24710e-01 |309 -0.00458  8.93581e-02
310  0.00681  3.73452e-02 |311  0.00478 -6.55923e-03 |312  0.00222 -7.82546e-02
313 -0.00974 -1.38141e-01 |314  0.00253 -1.78119e-01 |315  0.00121 -1.49964e-01
316  0.00025 -4.39728e-02 |317  0.00018  8.74204e-03 |318  0.00098  2.10086e-02
319 -0.00620  1.78695e-02 |320  0.00000  8.70964e-04 |321  0.00000  8.29441e-04
322  0.00000  2.24321e-04 |
322 variables; iteration 520; function evaluation 571; phase 5
Function value 2.9093134e+03; maximum gradient component mag 2.0359e+00
Var    Value     Gradient |Var    Value     Gradient |Var    Value     Gradient
  1 -0.03367  2.03589e+00 |  2  0.04109  2.00537e-03 |  3  0.13305 -4.09934e-03
  4 -0.03182  2.71555e-03 |  5 -0.07784 -1.44190e-03 |  6  0.05347 -3.16265e-03
  7  0.04269  8.95486e-03 |  8 -0.00212  3.62026e-03 |  9  0.04809 -4.49915e-03
 10  0.01707 -1.59646e-02 | 11  0.21667 -2.47371e-02 | 12 -0.12358 -1.88605e-02
 13 -0.04187 -2.18869e-02 | 14 -0.15857 -2.05867e-02 | 15 -0.17703 -2.02973e-02
 16  0.23883  4.98451e-03 | 17  0.00127 -2.41285e-02 | 18 -0.11009 -2.18030e-02
 19 -0.05039 -1.57251e-02 | 20 -0.01328 -1.54706e-02 | 21 -0.09700 -1.67988e-02
 22  0.03395 -3.30873e-04 | 23 -0.12390 -1.60382e-02 | 24 -0.03627 -1.03010e-02
 25  0.00934 -2.12752e-03 | 26  0.02245 -5.99201e-03 | 27 -0.11492 -1.31842e-02
 28  0.01338  5.54351e-03 | 29  0.05237  1.77181e-02 | 30 -0.08503 -9.97997e-04
 31 -0.19000 -8.54807e-03 | 32  0.03826  1.17959e-02 | 33  0.05161  2.03884e-02
 34  0.05778 -8.93021e-03 | 35  0.04228  2.38537e-02 | 36 -0.04744 -5.82343e-03
 37 -0.01941  7.02170e-03 | 38  0.05952 -6.19170e-03 | 39 -0.06603 -1.16129e-02
 40  0.21288  1.48949e-01 | 41  0.02095  2.12232e-02 | 42  0.08377  5.64202e-03
 43 -0.06403 -1.64651e-02 | 44  0.17627  7.26331e-02 | 45 -0.03774  1.70112e-03
 46 -0.03277  1.90358e-02 | 47 -0.01643  3.06675e-03 | 48 -0.09030 -1.01241e-02
 49  0.11379 -1.80457e-02 | 50  0.01028 -1.14157e-02 | 51  0.00148 -1.68848e-02
 52  0.01928 -1.74817e-02 | 53 -0.03560 -2.82105e-02 | 54  0.08454 -6.31091e-03
 55  0.00648 -2.55585e-03 | 56 -0.04869 -2.95528e-02 | 57 -0.05653 -1.33902e-03
 58  0.08368  1.15007e-01 | 59 -0.03128 -3.59888e-03 | 60  0.01694 -8.70701e-03
 61  0.00749  1.13226e-02 | 62  0.07282  5.06020e-02 | 63  0.09972  2.43135e-02
 64 -0.05830 -6.74668e-03 | 65 -0.01250 -6.50315e-03 | 66  0.03907 -8.98275e-03
 67  0.01096  1.80589e-02 | 68 -0.04246 -2.99536e-03 | 69  0.03964 -2.97984e-02
 70  0.01637 -1.22365e-02 | 71  0.15618  2.82415e-02 | 72 -0.04883 -1.71060e-02
 73 -0.02238 -3.61513e-02 | 74 -0.06611 -3.44057e-02 | 75 -0.52441  3.60921e-03
 76 -0.65833 -6.00458e-04 | 77 -0.80423 -4.26962e-03 | 78 -0.70419 -4.24555e-03
 79 -0.75302 -1.92108e-03 | 80 -0.76910 -6.01258e-03 | 81 -1.17813 -2.80739e-03
 82 -0.84966 -5.16411e-03 | 83 -0.82763 -6.67131e-03 | 84 -0.73881 -7.65397e-03
 85 -0.81805 -5.44574e-03 | 86 -0.81161 -9.99298e-04 | 87 -0.79337 -7.64952e-03
 88 -0.79968 -3.65723e-03 | 89 -0.80934 -3.26642e-03 | 90 -0.81228 -3.38823e-03
 91 -0.78953 -3.83425e-03 | 92 -0.80127 -1.10859e-03 | 93 -0.79840 -2.55077e-04
 94 -0.85167 -1.38833e-03 | 95 -0.85543  2.16772e-03 | 96 -0.64526 -2.20326e-06
 97 -0.26236 -3.28780e-07 | 98 -0.15754  4.91284e-09 | 99  0.74790 -1.45382e-02
100  0.27228  9.20753e-02 |101  0.20331 -2.61244e-02 |102  0.09024  9.16936e-02
103 -0.16647 -9.87922e-03 |104 -0.20500 -3.35405e-02 |105 -0.16538 -2.96820e-02
106  0.00042  3.45409e-01 |107  0.16871  3.36883e-01 |108 -0.02459  1.10896e-01
109  0.17746 -4.83860e-02 |110 -0.05924  8.97767e-03 |111  0.47168  2.66268e-03
112 -0.05043  1.60736e-02 |113 -0.33979 -3.13562e-03 |114 -0.20355 -3.22801e-03
115 -0.24038  3.19576e-03 |116 -0.26295  4.96404e-04 |117  0.12354  5.76132e-04
118 -0.18186  4.01549e-03 |119  0.00071 -6.35453e-02 |120 -0.00005 -8.00470e-02
121 -0.00042 -7.13053e-02 |122 -0.00587 -7.28715e-02 |123 -0.00620 -7.99649e-02
124 -0.00654 -7.62639e-02 |125 -0.00689 -6.67943e-02 |126 -0.00763 -6.40812e-02
127  0.00876 -7.16633e-02 |128 -0.00290 -7.30919e-02 |129 -0.00660 -7.60699e-02
130 -0.02028 -8.82948e-02 |131  0.00188 -1.06384e-01 |132 -0.01012 -1.23995e-01
133  0.00727 -1.29766e-01 |134  0.00627 -1.32029e-01 |135 -0.00393 -1.43477e-01
136  0.01639 -1.52546e-01 |137 -0.01568 -1.57535e-01 |138 -0.01455 -1.49686e-01
139  0.00892 -1.42949e-01 |140  0.02036 -1.52809e-01 |141 -0.00395 -1.55348e-01
142 -0.02065 -1.55487e-01 |143  0.01987 -1.53178e-01 |144 -0.02350 -1.58734e-01
145  0.02558 -1.73924e-01 |146  0.00151 -1.74338e-01 |147  0.00283 -1.76735e-01
148 -0.00895 -1.76127e-01 |149  0.01252 -1.96757e-01 |150  0.02231 -1.90451e-01
151 -0.02542 -1.73058e-01 |152 -0.02052 -1.62731e-01 |153  0.00576 -1.49572e-01
154  0.00383 -1.37782e-01 |155  0.00342 -2.61746e-02 |156 -0.02143 -3.75936e-02
157 -0.01138 -3.12355e-02 |158  0.02742 -2.44530e-02 |159 -0.00974 -1.88660e-02
160  0.01796 -1.99454e-02 |161 -0.00704 -1.07007e-02 |162 -0.01905 -6.99806e-03
163  0.00803  4.58954e-03 |164  0.00418  1.28603e-02 |165 -0.00355  1.23484e-02
166  0.00535  1.09558e-02 |167 -0.01843  4.68449e-03 |168 -0.00169 -4.72350e-03
169  0.02265 -3.28560e-02 |170 -0.02929 -3.11096e-02 |171  0.01051 -1.34388e-02
172  0.02303  5.21991e-03 |173  0.02169  1.46305e-02 |174 -0.00257  1.41604e-02
175 -0.00629  1.47213e-02 |176 -0.02010  2.37104e-02 |177  0.00330  3.88746e-02
178 -0.00242  3.61710e-02 |179  0.00295  3.79302e-02 |180 -0.00469  2.69451e-02
181  0.00471  1.42419e-02 |182 -0.00534  5.08164e-03 |183 -0.01487  8.33177e-03
184 -0.00000 -7.87118e-04 |185 -0.00000 -7.58008e-04 |186 -0.00000 -4.91946e-04
187  0.00002  4.19683e-01 |188  0.00235  4.00809e-01 |189 -0.01046  3.93266e-01
190  0.00863  3.82832e-01 |191  0.00654  3.76030e-01 |192 -0.02453  3.60765e-01
193  0.01850  3.63655e-01 |194  0.00009  3.77083e-01 |195 -0.02843  3.60472e-01
196  0.01809  3.55605e-01 |197 -0.00268  3.32133e-01 |198 -0.00077  2.85750e-01
199 -0.00146  2.84168e-01 |200  0.00832  2.92612e-01 |201 -0.00995  2.66233e-01
202  0.00428  2.52216e-01 |203  0.00276  2.26571e-01 |204  0.00153  2.04966e-01
205 -0.00671  1.98416e-01 |206  0.01012  1.93680e-01 |207 -0.00967  1.95502e-01
208  0.00338  1.79196e-01 |209 -0.00008  1.66017e-01 |210  0.01016  1.60487e-01
211 -0.02428  1.43562e-01 |212  0.01643  1.64630e-01 |213 -0.00770  1.41519e-01
214  0.00385  1.17755e-01 |215 -0.00073  1.26733e-01 |216  0.00687  1.44804e-01
217 -0.00768  1.28469e-01 |218 -0.00026  1.29739e-01 |219  0.01243  1.60334e-01
220 -0.00513  1.78777e-01 |221 -0.00240  2.03110e-01 |222  0.00067  2.28910e-01
223 -0.00031  3.33679e-01 |224  0.00215  3.45248e-01 |225 -0.01657  3.47500e-01
226  0.00861  3.72144e-01 |227  0.00782  4.09743e-01 |228 -0.00740  4.12486e-01
229  0.00729  4.30380e-01 |230 -0.00374  4.27466e-01 |231 -0.00553  4.32302e-01
232  0.00630  4.18601e-01 |233 -0.00428  4.13050e-01 |234  0.00294  4.07901e-01
235  0.00181  3.68239e-01 |236 -0.00450  3.16404e-01 |237 -0.00713  2.47672e-01
238  0.01244  1.58525e-01 |239 -0.00969  1.41580e-01 |240  0.00344  1.59396e-01
241  0.01234  1.31350e-01 |242  0.00515  1.18496e-01 |243 -0.00967  1.08154e-01
244 -0.01324  1.35320e-01 |245  0.01050  1.60177e-01 |246  0.00500  1.59326e-01
247 -0.00700  6.70231e-02 |248 -0.00157  2.29111e-03 |249  0.00373  2.84848e-02
250 -0.00547  4.34768e-02 |251  0.00859  8.70728e-03 |252 -0.00000 -1.52045e-04
253 -0.00000 -2.03086e-04 |254 -0.00000 -3.78982e-04 |255  0.00002 -1.13883e-01
256  0.00325 -5.57520e-02 |257 -0.00272 -6.67717e-02 |258 -0.00147 -7.40674e-02
259  0.00338 -7.91549e-02 |260  0.01767 -9.49973e-02 |261 -0.01671 -9.92434e-02
262  0.00621 -5.70193e-02 |263 -0.00012 -5.23993e-02 |264 -0.02522 -4.56448e-02
265  0.01221 -2.49798e-02 |266 -0.01067 -8.16623e-02 |267  0.00017 -7.37555e-02
268 -0.00131 -5.26711e-02 |269  0.00307 -5.95722e-02 |270 -0.00220 -6.14716e-02
271  0.00181 -4.81451e-02 |272  0.00051 -5.92777e-02 |273  0.00387 -6.54823e-02
274 -0.00007 -7.29337e-02 |275 -0.00202 -8.75257e-02 |276  0.00037 -9.90283e-02
277  0.00157 -9.79897e-02 |278  0.00250 -1.02659e-01 |279  0.00581 -8.41755e-02
280 -0.01420 -9.30924e-02 |281  0.00746 -1.10610e-01 |282 -0.00220 -1.44015e-01
283  0.00016 -1.34500e-01 |284  0.00401 -1.25121e-01 |285 -0.00252 -1.42575e-01
286 -0.00071 -1.49715e-01 |287 -0.00250 -1.35455e-01 |288  0.00755 -1.24447e-01
289  0.00569 -1.30351e-01 |290 -0.00766 -1.06770e-01 |291 -0.00039 -3.38802e-02
292  0.00234 -2.01332e-02 |293  0.00701  1.67202e-02 |294 -0.00896  8.94731e-02
295 -0.00334  1.76816e-01 |296 -0.00096  2.10198e-01 |297 -0.00148  2.43609e-01
298  0.00597  2.68926e-01 |299  0.00191  2.70431e-01 |300 -0.00650  2.68542e-01
301  0.00357  2.84583e-01 |302 -0.00299  3.05178e-01 |303  0.00388  3.16475e-01
304 -0.00141  2.80105e-01 |305  0.00058  2.14580e-01 |306 -0.00376  1.33138e-01
307  0.00777  8.89775e-02 |308 -0.00223  8.20913e-02 |309 -0.00458  4.52991e-02
310  0.00681  2.03689e-02 |311  0.00478  2.34475e-02 |312  0.00222  5.47429e-02
313 -0.00974  8.94505e-02 |314  0.00253  1.10906e-01 |315  0.00121  4.82263e-02
316  0.00025 -1.19039e-02 |317  0.00018  2.36509e-03 |318  0.00098  4.22883e-03
319 -0.00620 -1.31990e-02 |320 -0.00000 -1.18151e-03 |321 -0.00000 -8.73927e-04
322 -0.00000 -8.04996e-04 |
322 variables; iteration 540; function evaluation 591; phase 5
Function value 2.9093132e+03; maximum gradient component mag 2.0518e-02
Var    Value     Gradient |Var    Value     Gradient |Var    Value     Gradient
  1 -0.03367  2.05176e-02 |  2  0.04108  4.35927e-05 |  3  0.13306  7.49921e-05
  4 -0.03183  4.63122e-05 |  5 -0.07784  1.50350e-05 |  6  0.05347  7.56620e-05
  7  0.04269  1.52741e-05 |  8 -0.00212 -3.73119e-05 |  9  0.04809  5.53208e-06
 10  0.01706 -1.85002e-04 | 11  0.21667 -1.99789e-04 | 12 -0.12359 -2.14646e-04
 13 -0.04187 -1.83980e-04 | 14 -0.15857 -2.06097e-04 | 15 -0.17703 -1.85090e-04
 16  0.23883  4.32132e-05 | 17  0.00127 -1.27558e-04 | 18 -0.11009 -1.86698e-04
 19 -0.05039 -1.38093e-04 | 20 -0.01328 -8.82883e-05 | 21 -0.09700 -1.52151e-04
 22  0.03395 -2.89242e-05 | 23 -0.12390 -1.68066e-04 | 24 -0.03627 -1.37662e-04
 25  0.00934 -5.04673e-05 | 26  0.02245 -9.88937e-05 | 27 -0.11492 -1.50192e-04
 28  0.01338 -7.75078e-06 | 29  0.05237 -6.99273e-06 | 30 -0.08503 -1.66067e-04
 31 -0.19001 -1.14774e-04 | 32  0.03826 -1.49509e-04 | 33  0.05160  6.91859e-05
 34  0.05779 -1.15695e-04 | 35  0.04228  1.29100e-04 | 36 -0.04743 -1.03168e-04
 37 -0.01941  5.07287e-05 | 38  0.05952  7.86665e-05 | 39 -0.06603 -1.07825e-04
 40  0.21287  6.13436e-04 | 41  0.02095  1.46617e-04 | 42  0.08377  9.79772e-05
 43 -0.06403 -6.72065e-05 | 44  0.17627  1.53581e-03 | 45 -0.03774  2.64462e-05
 46 -0.03278 -2.45111e-06 | 47 -0.01643  1.83823e-04 | 48 -0.09030 -2.47070e-05
 49  0.11379  7.95823e-04 | 50  0.01028  2.42112e-04 | 51  0.00148  3.16679e-04
 52  0.01928  1.61054e-04 | 53 -0.03560  3.58873e-05 | 54  0.08454  5.08842e-04
 55  0.00648  1.32351e-04 | 56 -0.04869  7.32556e-06 | 57 -0.05653 -7.09839e-05
 58  0.08368 -7.14733e-06 | 59 -0.03128 -3.35753e-05 | 60  0.01694  8.69076e-05
 61  0.00749 -9.85788e-05 | 62  0.07282  9.96129e-05 | 63  0.09972 -1.63965e-04
 64 -0.05830 -1.26657e-04 | 65 -0.01250 -1.75976e-04 | 66  0.03907 -1.33503e-04
 67  0.01096 -1.47572e-04 | 68 -0.04246 -1.46802e-04 | 69  0.03964 -1.68790e-04
 70  0.01637 -1.48566e-04 | 71  0.15618 -1.34356e-04 | 72 -0.04883 -2.12440e-04
 73 -0.02237 -2.05205e-04 | 74 -0.06611 -1.63184e-04 | 75 -0.52441 -3.75670e-06
 76 -0.65833 -6.76313e-05 | 77 -0.80423 -9.03848e-05 | 78 -0.70419 -8.11951e-05
 79 -0.75302 -5.87545e-05 | 80 -0.76910 -3.02145e-05 | 81 -1.17812  2.91892e-05
 82 -0.84966 -3.44175e-05 | 83 -0.82763 -2.25162e-05 | 84 -0.73880 -3.94425e-05
 85 -0.81805 -2.65936e-05 | 86 -0.81161 -3.50466e-05 | 87 -0.79337 -7.86935e-06
 88 -0.79968 -2.05294e-05 | 89 -0.80934 -9.48179e-06 | 90 -0.81228 -5.87004e-06
 91 -0.78952  1.36481e-06 | 92 -0.80126 -2.56068e-05 | 93 -0.79840 -1.25557e-05
 94 -0.85167  1.23043e-05 | 95 -0.85543 -4.09785e-05 | 96 -0.47941 -1.30210e-06
 97 -0.23724 -1.51914e-07 | 98 -0.16666 -6.93422e-08 | 99  0.76104 -1.52277e-04
100  0.27223 -6.78419e-04 |101  0.20333  3.79338e-04 |102  0.09024 -1.15005e-03
103 -0.16647  1.26909e-04 |104 -0.20500  4.26660e-04 |105 -0.16538  4.91690e-04
106  0.00042 -2.06434e-03 |107  0.16871  9.37926e-04 |108 -0.02459 -5.91311e-04
109  0.17747 -2.38595e-04 |110 -0.05930  4.79940e-05 |111  0.41359 -1.74227e-06
112 -0.05043  1.84839e-04 |113 -0.33979 -1.08172e-04 |114 -0.20355  1.54344e-04
115 -0.24038  1.93240e-04 |116 -0.26295  1.37237e-04 |117  0.12354  5.75790e-05
118 -0.18186  5.76436e-05 |119  0.00037 -1.80285e-03 |120 -0.00028 -1.75545e-03
121 -0.00067 -1.79245e-03 |122 -0.00595 -1.74327e-03 |123 -0.00624 -1.72334e-03
124 -0.00659 -1.77449e-03 |125 -0.00697 -1.79141e-03 |126 -0.00772 -1.80718e-03
127  0.00874 -1.79794e-03 |128 -0.00291 -1.80287e-03 |129 -0.00661 -1.80493e-03
130 -0.02026 -1.80566e-03 |131  0.00188 -1.75570e-03 |132 -0.01012 -1.71549e-03
133  0.00727 -1.60831e-03 |134  0.00626 -1.59274e-03 |135 -0.00393 -1.59395e-03
136  0.01639 -1.53066e-03 |137 -0.01567 -1.48754e-03 |138 -0.01455 -1.48092e-03
139  0.00892 -1.45967e-03 |140  0.02036 -1.47909e-03 |141 -0.00394 -1.48495e-03
142 -0.02065 -1.47794e-03 |143  0.01986 -1.43454e-03 |144 -0.02350 -1.45767e-03
145  0.02558 -1.45787e-03 |146  0.00151 -1.48343e-03 |147  0.00283 -1.53390e-03
148 -0.00896 -1.60089e-03 |149  0.01253 -1.85379e-03 |150  0.02232 -1.86613e-03
151 -0.02542 -1.91089e-03 |152 -0.02053 -1.95130e-03 |153  0.00577 -2.05450e-03
154  0.00383 -2.07596e-03 |155  0.00340 -1.91999e-03 |156 -0.02143 -1.82475e-03
157 -0.01138 -1.71608e-03 |158  0.02742 -1.51448e-03 |159 -0.00975 -1.46810e-03
160  0.01796 -1.20673e-03 |161 -0.00704 -1.08646e-03 |162 -0.01905 -1.02993e-03
163  0.00803 -8.92254e-04 |164  0.00418 -8.20139e-04 |165 -0.00355 -7.05488e-04
166  0.00535 -5.75382e-04 |167 -0.01843 -5.32630e-04 |168 -0.00169 -3.98783e-04
169  0.02265 -8.27044e-05 |170 -0.02929 -2.80580e-05 |171  0.01051 -7.99229e-05
172  0.02303 -1.34059e-04 |173  0.02169 -5.50890e-05 |174 -0.00256 -4.95220e-05
175 -0.00628 -6.54593e-05 |176 -0.02012 -8.85375e-05 |177  0.00330 -1.60536e-04
178 -0.00242 -2.60094e-04 |179  0.00294 -2.81421e-04 |180 -0.00469 -4.72583e-04
181  0.00471 -4.03329e-04 |182 -0.00533 -1.06391e-04 |183 -0.01488 -7.70720e-05
184 -0.00000 -5.19620e-06 |185 -0.00000 -6.69603e-06 |186 -0.00000 -4.88046e-07
187  0.00003 -3.08965e-03 |188  0.00236 -3.23667e-03 |189 -0.01047 -3.32014e-03
190  0.00864 -3.38831e-03 |191  0.00653 -3.51304e-03 |192 -0.02452 -3.47972e-03
193  0.01849 -3.78609e-03 |194  0.00008 -3.84871e-03 |195 -0.02842 -3.83837e-03
196  0.01810 -3.69855e-03 |197 -0.00268 -3.59301e-03 |198 -0.00077 -3.50117e-03
199 -0.00146 -3.37641e-03 |200  0.00832 -3.26993e-03 |201 -0.00995 -3.27795e-03
202  0.00428 -3.41215e-03 |203  0.00276 -3.36297e-03 |204  0.00153 -3.40675e-03
205 -0.00671 -3.36997e-03 |206  0.01012 -3.45105e-03 |207 -0.00967 -3.38142e-03
208  0.00338 -3.34692e-03 |209 -0.00008 -3.41228e-03 |210  0.01016 -3.39143e-03
211 -0.02427 -3.35281e-03 |212  0.01643 -3.38167e-03 |213 -0.00770 -3.35443e-03
214  0.00385 -3.38335e-03 |215 -0.00073 -3.46422e-03 |216  0.00687 -3.47108e-03
217 -0.00768 -3.58312e-03 |218 -0.00026 -3.52890e-03 |219  0.01243 -3.60972e-03
220 -0.00513 -3.49814e-03 |221 -0.00240 -3.60150e-03 |222  0.00067 -3.72426e-03
223 -0.00031 -3.51239e-03 |224  0.00215 -3.18506e-03 |225 -0.01658 -2.97625e-03
226  0.00861 -2.69134e-03 |227  0.00782 -2.50326e-03 |228 -0.00740 -2.26550e-03
229  0.00729 -2.12976e-03 |230 -0.00374 -2.14966e-03 |231 -0.00553 -1.95894e-03
232  0.00630 -1.67635e-03 |233 -0.00428 -1.42191e-03 |234  0.00294 -1.06753e-03
235  0.00181 -7.35961e-04 |236 -0.00449 -4.39442e-04 |237 -0.00713 -5.51134e-05
238  0.01244  6.56664e-04 |239 -0.00968  6.59238e-04 |240  0.00344  6.66928e-04
241  0.01234  7.41186e-04 |242  0.00515  9.17966e-04 |243 -0.00967  9.08343e-04
244 -0.01324  9.78558e-04 |245  0.01050  1.27241e-03 |246  0.00500  1.21892e-03
247 -0.00700  9.34984e-04 |248 -0.00157  5.46088e-04 |249  0.00373  2.13597e-04
250 -0.00548  2.20113e-04 |251  0.00859  1.08285e-05 |252  0.00000  1.09941e-06
253  0.00000  2.27645e-06 |254  0.00000 -2.17030e-07 |255  0.00002  1.69997e-03
256  0.00325  8.52667e-04 |257 -0.00272  6.46577e-04 |258 -0.00147  5.66156e-04
259  0.00338  3.77327e-04 |260  0.01767  3.18294e-04 |261 -0.01671  1.39669e-04
262  0.00621 -1.18497e-04 |263 -0.00012 -1.95782e-04 |264 -0.02522 -8.75748e-05
265  0.01221 -2.04323e-04 |266 -0.01066 -1.80894e-04 |267  0.00017 -1.82321e-04
268 -0.00131 -2.80144e-04 |269  0.00307 -4.96690e-04 |270 -0.00220 -5.98923e-04
271  0.00181 -6.20915e-04 |272  0.00051 -7.09320e-04 |273  0.00387 -7.80690e-04
274 -0.00007 -8.45831e-04 |275 -0.00202 -8.50665e-04 |276  0.00037 -8.49783e-04
277  0.00157 -8.92220e-04 |278  0.00250 -1.19867e-03 |279  0.00581 -1.22866e-03
280 -0.01420 -1.26964e-03 |281  0.00746 -1.52225e-03 |282 -0.00220 -1.68041e-03
283  0.00016 -1.81537e-03 |284  0.00401 -1.88158e-03 |285 -0.00252 -1.98682e-03
286 -0.00071 -2.15521e-03 |287 -0.00249 -2.38843e-03 |288  0.00755 -2.32498e-03
289  0.00569 -2.45146e-03 |290 -0.00766 -2.66348e-03 |291 -0.00039 -2.64125e-03
292  0.00234 -2.44174e-03 |293  0.00701 -2.50508e-03 |294 -0.00896 -2.49795e-03
295 -0.00334 -2.40893e-03 |296 -0.00096 -2.46454e-03 |297 -0.00148 -2.35275e-03
298  0.00597 -2.23463e-03 |299  0.00191 -2.23716e-03 |300 -0.00650 -2.16554e-03
301  0.00357 -2.04372e-03 |302 -0.00299 -1.78468e-03 |303  0.00388 -1.65555e-03
304 -0.00141 -1.24639e-03 |305  0.00058 -8.52005e-04 |306 -0.00376 -1.99634e-04
307  0.00777 -1.47387e-05 |308 -0.00223 -2.55963e-05 |309 -0.00458  4.78754e-05
310  0.00681  2.04325e-04 |311  0.00478  1.77433e-04 |312  0.00222  1.78895e-04
313 -0.00974  5.30122e-04 |314  0.00253  6.75752e-04 |315  0.00121  7.02318e-04
316  0.00025  5.96685e-04 |317  0.00018  3.99566e-04 |318  0.00098  3.73481e-04
319 -0.00620  1.93019e-04 |320  0.00000 -2.44271e-06 |321  0.00000  5.61601e-07
322  0.00000  2.90247e-06 |
  ic > imax  in fminim is answer attained ?
Var    Value     Gradient |Var    Value     Gradient |Var    Value     Gradient
  1 -0.03367  2.05176e-02 |  2  0.04108  4.35927e-05 |  3  0.13306  7.49921e-05
  4 -0.03183  4.63122e-05 |  5 -0.07784  1.50350e-05 |  6  0.05347  7.56620e-05
  7  0.04269  1.52741e-05 |  8 -0.00212 -3.73119e-05 |  9  0.04809  5.53208e-06
 10  0.01706 -1.85002e-04 | 11  0.21667 -1.99789e-04 | 12 -0.12359 -2.14646e-04
 13 -0.04187 -1.83980e-04 | 14 -0.15857 -2.06097e-04 | 15 -0.17703 -1.85090e-04
 16  0.23883  4.32132e-05 | 17  0.00127 -1.27558e-04 | 18 -0.11009 -1.86698e-04
 19 -0.05039 -1.38093e-04 | 20 -0.01328 -8.82883e-05 | 21 -0.09700 -1.52151e-04
 22  0.03395 -2.89242e-05 | 23 -0.12390 -1.68066e-04 | 24 -0.03627 -1.37662e-04
 25  0.00934 -5.04673e-05 | 26  0.02245 -9.88937e-05 | 27 -0.11492 -1.50192e-04
 28  0.01338 -7.75078e-06 | 29  0.05237 -6.99273e-06 | 30 -0.08503 -1.66067e-04
 31 -0.19001 -1.14774e-04 | 32  0.03826 -1.49509e-04 | 33  0.05160  6.91859e-05
 34  0.05779 -1.15695e-04 | 35  0.04228  1.29100e-04 | 36 -0.04743 -1.03168e-04
 37 -0.01941  5.07287e-05 | 38  0.05952  7.86665e-05 | 39 -0.06603 -1.07825e-04
 40  0.21287  6.13436e-04 | 41  0.02095  1.46617e-04 | 42  0.08377  9.79772e-05
 43 -0.06403 -6.72065e-05 | 44  0.17627  1.53581e-03 | 45 -0.03774  2.64462e-05
 46 -0.03278 -2.45111e-06 | 47 -0.01643  1.83823e-04 | 48 -0.09030 -2.47070e-05
 49  0.11379  7.95823e-04 | 50  0.01028  2.42112e-04 | 51  0.00148  3.16679e-04
 52  0.01928  1.61054e-04 | 53 -0.03560  3.58873e-05 | 54  0.08454  5.08842e-04
 55  0.00648  1.32351e-04 | 56 -0.04869  7.32556e-06 | 57 -0.05653 -7.09839e-05
 58  0.08368 -7.14733e-06 | 59 -0.03128 -3.35753e-05 | 60  0.01694  8.69076e-05
 61  0.00749 -9.85788e-05 | 62  0.07282  9.96129e-05 | 63  0.09972 -1.63965e-04
 64 -0.05830 -1.26657e-04 | 65 -0.01250 -1.75976e-04 | 66  0.03907 -1.33503e-04
 67  0.01096 -1.47572e-04 | 68 -0.04246 -1.46802e-04 | 69  0.03964 -1.68790e-04
 70  0.01637 -1.48566e-04 | 71  0.15618 -1.34356e-04 | 72 -0.04883 -2.12440e-04
 73 -0.02237 -2.05205e-04 | 74 -0.06611 -1.63184e-04 | 75 -0.52441 -3.75670e-06
 76 -0.65833 -6.76313e-05 | 77 -0.80423 -9.03848e-05 | 78 -0.70419 -8.11951e-05
 79 -0.75302 -5.87545e-05 | 80 -0.76910 -3.02145e-05 | 81 -1.17812  2.91892e-05
 82 -0.84966 -3.44175e-05 | 83 -0.82763 -2.25162e-05 | 84 -0.73880 -3.94425e-05
 85 -0.81805 -2.65936e-05 | 86 -0.81161 -3.50466e-05 | 87 -0.79337 -7.86935e-06
 88 -0.79968 -2.05294e-05 | 89 -0.80934 -9.48179e-06 | 90 -0.81228 -5.87004e-06
 91 -0.78952  1.36481e-06 | 92 -0.80126 -2.56068e-05 | 93 -0.79840 -1.25557e-05
 94 -0.85167  1.23043e-05 | 95 -0.85543 -4.09785e-05 | 96 -0.47941 -1.30210e-06
 97 -0.23724 -1.51914e-07 | 98 -0.16666 -6.93422e-08 | 99  0.76104 -1.52277e-04
100  0.27223 -6.78419e-04 |101  0.20333  3.79338e-04 |102  0.09024 -1.15005e-03
103 -0.16647  1.26909e-04 |104 -0.20500  4.26660e-04 |105 -0.16538  4.91690e-04
106  0.00042 -2.06434e-03 |107  0.16871  9.37926e-04 |108 -0.02459 -5.91311e-04
109  0.17747 -2.38595e-04 |110 -0.05930  4.79940e-05 |111  0.41359 -1.74227e-06
112 -0.05043  1.84839e-04 |113 -0.33979 -1.08172e-04 |114 -0.20355  1.54344e-04
115 -0.24038  1.93240e-04 |116 -0.26295  1.37237e-04 |117  0.12354  5.75790e-05
118 -0.18186  5.76436e-05 |119  0.00037 -1.80285e-03 |120 -0.00028 -1.75545e-03
121 -0.00067 -1.79245e-03 |122 -0.00595 -1.74327e-03 |123 -0.00624 -1.72334e-03
124 -0.00659 -1.77449e-03 |125 -0.00697 -1.79141e-03 |126 -0.00772 -1.80718e-03
127  0.00874 -1.79794e-03 |128 -0.00291 -1.80287e-03 |129 -0.00661 -1.80493e-03
130 -0.02026 -1.80566e-03 |131  0.00188 -1.75570e-03 |132 -0.01012 -1.71549e-03
133  0.00727 -1.60831e-03 |134  0.00626 -1.59274e-03 |135 -0.00393 -1.59395e-03
136  0.01639 -1.53066e-03 |137 -0.01567 -1.48754e-03 |138 -0.01455 -1.48092e-03
139  0.00892 -1.45967e-03 |140  0.02036 -1.47909e-03 |141 -0.00394 -1.48495e-03
142 -0.02065 -1.47794e-03 |143  0.01986 -1.43454e-03 |144 -0.02350 -1.45767e-03
145  0.02558 -1.45787e-03 |146  0.00151 -1.48343e-03 |147  0.00283 -1.53390e-03
148 -0.00896 -1.60089e-03 |149  0.01253 -1.85379e-03 |150  0.02232 -1.86613e-03
151 -0.02542 -1.91089e-03 |152 -0.02053 -1.95130e-03 |153  0.00577 -2.05450e-03
154  0.00383 -2.07596e-03 |155  0.00340 -1.91999e-03 |156 -0.02143 -1.82475e-03
157 -0.01138 -1.71608e-03 |158  0.02742 -1.51448e-03 |159 -0.00975 -1.46810e-03
160  0.01796 -1.20673e-03 |161 -0.00704 -1.08646e-03 |162 -0.01905 -1.02993e-03
163  0.00803 -8.92254e-04 |164  0.00418 -8.20139e-04 |165 -0.00355 -7.05488e-04
166  0.00535 -5.75382e-04 |167 -0.01843 -5.32630e-04 |168 -0.00169 -3.98783e-04
169  0.02265 -8.27044e-05 |170 -0.02929 -2.80580e-05 |171  0.01051 -7.99229e-05
172  0.02303 -1.34059e-04 |173  0.02169 -5.50890e-05 |174 -0.00256 -4.95220e-05
175 -0.00628 -6.54593e-05 |176 -0.02012 -8.85375e-05 |177  0.00330 -1.60536e-04
178 -0.00242 -2.60094e-04 |179  0.00294 -2.81421e-04 |180 -0.00469 -4.72583e-04
181  0.00471 -4.03329e-04 |182 -0.00533 -1.06391e-04 |183 -0.01488 -7.70720e-05
184 -0.00000 -5.19620e-06 |185 -0.00000 -6.69603e-06 |186 -0.00000 -4.88046e-07
187  0.00003 -3.08965e-03 |188  0.00236 -3.23667e-03 |189 -0.01047 -3.32014e-03
190  0.00864 -3.38831e-03 |191  0.00653 -3.51304e-03 |192 -0.02452 -3.47972e-03
193  0.01849 -3.78609e-03 |194  0.00008 -3.84871e-03 |195 -0.02842 -3.83837e-03
196  0.01810 -3.69855e-03 |197 -0.00268 -3.59301e-03 |198 -0.00077 -3.50117e-03
199 -0.00146 -3.37641e-03 |200  0.00832 -3.26993e-03 |201 -0.00995 -3.27795e-03
202  0.00428 -3.41215e-03 |203  0.00276 -3.36297e-03 |204  0.00153 -3.40675e-03
205 -0.00671 -3.36997e-03 |206  0.01012 -3.45105e-03 |207 -0.00967 -3.38142e-03
208  0.00338 -3.34692e-03 |209 -0.00008 -3.41228e-03 |210  0.01016 -3.39143e-03
211 -0.02427 -3.35281e-03 |212  0.01643 -3.38167e-03 |213 -0.00770 -3.35443e-03
214  0.00385 -3.38335e-03 |215 -0.00073 -3.46422e-03 |216  0.00687 -3.47108e-03
217 -0.00768 -3.58312e-03 |218 -0.00026 -3.52890e-03 |219  0.01243 -3.60972e-03
220 -0.00513 -3.49814e-03 |221 -0.00240 -3.60150e-03 |222  0.00067 -3.72426e-03
223 -0.00031 -3.51239e-03 |224  0.00215 -3.18506e-03 |225 -0.01658 -2.97625e-03
226  0.00861 -2.69134e-03 |227  0.00782 -2.50326e-03 |228 -0.00740 -2.26550e-03
229  0.00729 -2.12976e-03 |230 -0.00374 -2.14966e-03 |231 -0.00553 -1.95894e-03
232  0.00630 -1.67635e-03 |233 -0.00428 -1.42191e-03 |234  0.00294 -1.06753e-03
235  0.00181 -7.35961e-04 |236 -0.00449 -4.39442e-04 |237 -0.00713 -5.51134e-05
238  0.01244  6.56664e-04 |239 -0.00968  6.59238e-04 |240  0.00344  6.66928e-04
241  0.01234  7.41186e-04 |242  0.00515  9.17966e-04 |243 -0.00967  9.08343e-04
244 -0.01324  9.78558e-04 |245  0.01050  1.27241e-03 |246  0.00500  1.21892e-03
247 -0.00700  9.34984e-04 |248 -0.00157  5.46088e-04 |249  0.00373  2.13597e-04
250 -0.00548  2.20113e-04 |251  0.00859  1.08285e-05 |252  0.00000  1.09941e-06
253  0.00000  2.27645e-06 |254  0.00000 -2.17030e-07 |255  0.00002  1.69997e-03
256  0.00325  8.52667e-04 |257 -0.00272  6.46577e-04 |258 -0.00147  5.66156e-04
259  0.00338  3.77327e-04 |260  0.01767  3.18294e-04 |261 -0.01671  1.39669e-04
262  0.00621 -1.18497e-04 |263 -0.00012 -1.95782e-04 |264 -0.02522 -8.75748e-05
265  0.01221 -2.04323e-04 |266 -0.01066 -1.80894e-04 |267  0.00017 -1.82321e-04
268 -0.00131 -2.80144e-04 |269  0.00307 -4.96690e-04 |270 -0.00220 -5.98923e-04
271  0.00181 -6.20915e-04 |272  0.00051 -7.09320e-04 |273  0.00387 -7.80690e-04
274 -0.00007 -8.45831e-04 |275 -0.00202 -8.50665e-04 |276  0.00037 -8.49783e-04
277  0.00157 -8.92220e-04 |278  0.00250 -1.19867e-03 |279  0.00581 -1.22866e-03
280 -0.01420 -1.26964e-03 |281  0.00746 -1.52225e-03 |282 -0.00220 -1.68041e-03
283  0.00016 -1.81537e-03 |284  0.00401 -1.88158e-03 |285 -0.00252 -1.98682e-03
286 -0.00071 -2.15521e-03 |287 -0.00249 -2.38843e-03 |288  0.00755 -2.32498e-03
289  0.00569 -2.45146e-03 |290 -0.00766 -2.66348e-03 |291 -0.00039 -2.64125e-03
292  0.00234 -2.44174e-03 |293  0.00701 -2.50508e-03 |294 -0.00896 -2.49795e-03
295 -0.00334 -2.40893e-03 |296 -0.00096 -2.46454e-03 |297 -0.00148 -2.35275e-03
298  0.00597 -2.23463e-03 |299  0.00191 -2.23716e-03 |300 -0.00650 -2.16554e-03
301  0.00357 -2.04372e-03 |302 -0.00299 -1.78468e-03 |303  0.00388 -1.65555e-03
304 -0.00141 -1.24639e-03 |305  0.00058 -8.52005e-04 |306 -0.00376 -1.99634e-04
307  0.00777 -1.47387e-05 |308 -0.00223 -2.55963e-05 |309 -0.00458  4.78754e-05
310  0.00681  2.04325e-04 |311  0.00478  1.77433e-04 |312  0.00222  1.78895e-04
313 -0.00974  5.30122e-04 |314  0.00253  6.75752e-04 |315  0.00121  7.02318e-04
316  0.00025  5.96685e-04 |317  0.00018  3.99566e-04 |318  0.00098  3.73481e-04
319 -0.00620  1.93019e-04 |320  0.00000 -2.44271e-06 |321  0.00000  5.61601e-07
322  0.00000  2.90247e-06 |
Function minimizer not making progress ... is minimum attained?
Minimprove criterion = 0.0000e+00

 - final statistics:
322 variables; iteration 541; function evaluation 621
Function value 2.9093e+03; maximum gradient component mag 2.0518e-02
Exit code = 1;  converg criter 1.0000e-04
Var    Value     Gradient |Var    Value     Gradient |Var    Value     Gradient
  1 -0.03367  2.05176e-02 |  2  0.04108  4.35927e-05 |  3  0.13306  7.49921e-05
  4 -0.03183  4.63122e-05 |  5 -0.07784  1.50350e-05 |  6  0.05347  7.56620e-05
  7  0.04269  1.52741e-05 |  8 -0.00212 -3.73119e-05 |  9  0.04809  5.53208e-06
 10  0.01706 -1.85002e-04 | 11  0.21667 -1.99789e-04 | 12 -0.12359 -2.14646e-04
 13 -0.04187 -1.83980e-04 | 14 -0.15857 -2.06097e-04 | 15 -0.17703 -1.85090e-04
 16  0.23883  4.32132e-05 | 17  0.00127 -1.27558e-04 | 18 -0.11009 -1.86698e-04
 19 -0.05039 -1.38093e-04 | 20 -0.01328 -8.82883e-05 | 21 -0.09700 -1.52151e-04
 22  0.03395 -2.89242e-05 | 23 -0.12390 -1.68066e-04 | 24 -0.03627 -1.37662e-04
 25  0.00934 -5.04673e-05 | 26  0.02245 -9.88937e-05 | 27 -0.11492 -1.50192e-04
 28  0.01338 -7.75078e-06 | 29  0.05237 -6.99273e-06 | 30 -0.08503 -1.66067e-04
 31 -0.19001 -1.14774e-04 | 32  0.03826 -1.49509e-04 | 33  0.05160  6.91859e-05
 34  0.05779 -1.15695e-04 | 35  0.04228  1.29100e-04 | 36 -0.04743 -1.03168e-04
 37 -0.01941  5.07287e-05 | 38  0.05952  7.86665e-05 | 39 -0.06603 -1.07825e-04
 40  0.21287  6.13436e-04 | 41  0.02095  1.46617e-04 | 42  0.08377  9.79772e-05
 43 -0.06403 -6.72065e-05 | 44  0.17627  1.53581e-03 | 45 -0.03774  2.64462e-05
 46 -0.03278 -2.45111e-06 | 47 -0.01643  1.83823e-04 | 48 -0.09030 -2.47070e-05
 49  0.11379  7.95823e-04 | 50  0.01028  2.42112e-04 | 51  0.00148  3.16679e-04
 52  0.01928  1.61054e-04 | 53 -0.03560  3.58873e-05 | 54  0.08454  5.08842e-04
 55  0.00648  1.32351e-04 | 56 -0.04869  7.32556e-06 | 57 -0.05653 -7.09839e-05
 58  0.08368 -7.14733e-06 | 59 -0.03128 -3.35753e-05 | 60  0.01694  8.69076e-05
 61  0.00749 -9.85788e-05 | 62  0.07282  9.96129e-05 | 63  0.09972 -1.63965e-04
 64 -0.05830 -1.26657e-04 | 65 -0.01250 -1.75976e-04 | 66  0.03907 -1.33503e-04
 67  0.01096 -1.47572e-04 | 68 -0.04246 -1.46802e-04 | 69  0.03964 -1.68790e-04
 70  0.01637 -1.48566e-04 | 71  0.15618 -1.34356e-04 | 72 -0.04883 -2.12440e-04
 73 -0.02237 -2.05205e-04 | 74 -0.06611 -1.63184e-04 | 75 -0.52441 -3.75670e-06
 76 -0.65833 -6.76313e-05 | 77 -0.80423 -9.03848e-05 | 78 -0.70419 -8.11951e-05
 79 -0.75302 -5.87545e-05 | 80 -0.76910 -3.02145e-05 | 81 -1.17812  2.91892e-05
 82 -0.84966 -3.44175e-05 | 83 -0.82763 -2.25162e-05 | 84 -0.73880 -3.94425e-05
 85 -0.81805 -2.65936e-05 | 86 -0.81161 -3.50466e-05 | 87 -0.79337 -7.86935e-06
 88 -0.79968 -2.05294e-05 | 89 -0.80934 -9.48179e-06 | 90 -0.81228 -5.87004e-06
 91 -0.78952  1.36481e-06 | 92 -0.80126 -2.56068e-05 | 93 -0.79840 -1.25557e-05
 94 -0.85167  1.23043e-05 | 95 -0.85543 -4.09785e-05 | 96 -0.47941 -1.30210e-06
 97 -0.23724 -1.51914e-07 | 98 -0.16666 -6.93422e-08 | 99  0.76104 -1.52277e-04
100  0.27223 -6.78419e-04 |101  0.20333  3.79338e-04 |102  0.09024 -1.15005e-03
103 -0.16647  1.26909e-04 |104 -0.20500  4.26660e-04 |105 -0.16538  4.91690e-04
106  0.00042 -2.06434e-03 |107  0.16871  9.37926e-04 |108 -0.02459 -5.91311e-04
109  0.17747 -2.38595e-04 |110 -0.05930  4.79940e-05 |111  0.41359 -1.74227e-06
112 -0.05043  1.84839e-04 |113 -0.33979 -1.08172e-04 |114 -0.20355  1.54344e-04
115 -0.24038  1.93240e-04 |116 -0.26295  1.37237e-04 |117  0.12354  5.75790e-05
118 -0.18186  5.76436e-05 |119  0.00037 -1.80285e-03 |120 -0.00028 -1.75545e-03
121 -0.00067 -1.79245e-03 |122 -0.00595 -1.74327e-03 |123 -0.00624 -1.72334e-03
124 -0.00659 -1.77449e-03 |125 -0.00697 -1.79141e-03 |126 -0.00772 -1.80718e-03
127  0.00874 -1.79794e-03 |128 -0.00291 -1.80287e-03 |129 -0.00661 -1.80493e-03
130 -0.02026 -1.80566e-03 |131  0.00188 -1.75570e-03 |132 -0.01012 -1.71549e-03
133  0.00727 -1.60831e-03 |134  0.00626 -1.59274e-03 |135 -0.00393 -1.59395e-03
136  0.01639 -1.53066e-03 |137 -0.01567 -1.48754e-03 |138 -0.01455 -1.48092e-03
139  0.00892 -1.45967e-03 |140  0.02036 -1.47909e-03 |141 -0.00394 -1.48495e-03
142 -0.02065 -1.47794e-03 |143  0.01986 -1.43454e-03 |144 -0.02350 -1.45767e-03
145  0.02558 -1.45787e-03 |146  0.00151 -1.48343e-03 |147  0.00283 -1.53390e-03
148 -0.00896 -1.60089e-03 |149  0.01253 -1.85379e-03 |150  0.02232 -1.86613e-03
151 -0.02542 -1.91089e-03 |152 -0.02053 -1.95130e-03 |153  0.00577 -2.05450e-03
154  0.00383 -2.07596e-03 |155  0.00340 -1.91999e-03 |156 -0.02143 -1.82475e-03
157 -0.01138 -1.71608e-03 |158  0.02742 -1.51448e-03 |159 -0.00975 -1.46810e-03
160  0.01796 -1.20673e-03 |161 -0.00704 -1.08646e-03 |162 -0.01905 -1.02993e-03
163  0.00803 -8.92254e-04 |164  0.00418 -8.20139e-04 |165 -0.00355 -7.05488e-04
166  0.00535 -5.75382e-04 |167 -0.01843 -5.32630e-04 |168 -0.00169 -3.98783e-04
169  0.02265 -8.27044e-05 |170 -0.02929 -2.80580e-05 |171  0.01051 -7.99229e-05
172  0.02303 -1.34059e-04 |173  0.02169 -5.50890e-05 |174 -0.00256 -4.95220e-05
175 -0.00628 -6.54593e-05 |176 -0.02012 -8.85375e-05 |177  0.00330 -1.60536e-04
178 -0.00242 -2.60094e-04 |179  0.00294 -2.81421e-04 |180 -0.00469 -4.72583e-04
181  0.00471 -4.03329e-04 |182 -0.00533 -1.06391e-04 |183 -0.01488 -7.70720e-05
184 -0.00000 -5.19620e-06 |185 -0.00000 -6.69603e-06 |186 -0.00000 -4.88046e-07
187  0.00003 -3.08965e-03 |188  0.00236 -3.23667e-03 |189 -0.01047 -3.32014e-03
190  0.00864 -3.38831e-03 |191  0.00653 -3.51304e-03 |192 -0.02452 -3.47972e-03
193  0.01849 -3.78609e-03 |194  0.00008 -3.84871e-03 |195 -0.02842 -3.83837e-03
196  0.01810 -3.69855e-03 |197 -0.00268 -3.59301e-03 |198 -0.00077 -3.50117e-03
199 -0.00146 -3.37641e-03 |200  0.00832 -3.26993e-03 |201 -0.00995 -3.27795e-03
202  0.00428 -3.41215e-03 |203  0.00276 -3.36297e-03 |204  0.00153 -3.40675e-03
205 -0.00671 -3.36997e-03 |206  0.01012 -3.45105e-03 |207 -0.00967 -3.38142e-03
208  0.00338 -3.34692e-03 |209 -0.00008 -3.41228e-03 |210  0.01016 -3.39143e-03
211 -0.02427 -3.35281e-03 |212  0.01643 -3.38167e-03 |213 -0.00770 -3.35443e-03
214  0.00385 -3.38335e-03 |215 -0.00073 -3.46422e-03 |216  0.00687 -3.47108e-03
217 -0.00768 -3.58312e-03 |218 -0.00026 -3.52890e-03 |219  0.01243 -3.60972e-03
220 -0.00513 -3.49814e-03 |221 -0.00240 -3.60150e-03 |222  0.00067 -3.72426e-03
223 -0.00031 -3.51239e-03 |224  0.00215 -3.18506e-03 |225 -0.01658 -2.97625e-03
226  0.00861 -2.69134e-03 |227  0.00782 -2.50326e-03 |228 -0.00740 -2.26550e-03
229  0.00729 -2.12976e-03 |230 -0.00374 -2.14966e-03 |231 -0.00553 -1.95894e-03
232  0.00630 -1.67635e-03 |233 -0.00428 -1.42191e-03 |234  0.00294 -1.06753e-03
235  0.00181 -7.35961e-04 |236 -0.00449 -4.39442e-04 |237 -0.00713 -5.51134e-05
238  0.01244  6.56664e-04 |239 -0.00968  6.59238e-04 |240  0.00344  6.66928e-04
241  0.01234  7.41186e-04 |242  0.00515  9.17966e-04 |243 -0.00967  9.08343e-04
244 -0.01324  9.78558e-04 |245  0.01050  1.27241e-03 |246  0.00500  1.21892e-03
247 -0.00700  9.34984e-04 |248 -0.00157  5.46088e-04 |249  0.00373  2.13597e-04
250 -0.00548  2.20113e-04 |251  0.00859  1.08285e-05 |252  0.00000  1.09941e-06
253  0.00000  2.27645e-06 |254  0.00000 -2.17030e-07 |255  0.00002  1.69997e-03
256  0.00325  8.52667e-04 |257 -0.00272  6.46577e-04 |258 -0.00147  5.66156e-04
259  0.00338  3.77327e-04 |260  0.01767  3.18294e-04 |261 -0.01671  1.39669e-04
262  0.00621 -1.18497e-04 |263 -0.00012 -1.95782e-04 |264 -0.02522 -8.75748e-05
265  0.01221 -2.04323e-04 |266 -0.01066 -1.80894e-04 |267  0.00017 -1.82321e-04
268 -0.00131 -2.80144e-04 |269  0.00307 -4.96690e-04 |270 -0.00220 -5.98923e-04
271  0.00181 -6.20915e-04 |272  0.00051 -7.09320e-04 |273  0.00387 -7.80690e-04
274 -0.00007 -8.45831e-04 |275 -0.00202 -8.50665e-04 |276  0.00037 -8.49783e-04
277  0.00157 -8.92220e-04 |278  0.00250 -1.19867e-03 |279  0.00581 -1.22866e-03
280 -0.01420 -1.26964e-03 |281  0.00746 -1.52225e-03 |282 -0.00220 -1.68041e-03
283  0.00016 -1.81537e-03 |284  0.00401 -1.88158e-03 |285 -0.00252 -1.98682e-03
286 -0.00071 -2.15521e-03 |287 -0.00249 -2.38843e-03 |288  0.00755 -2.32498e-03
289  0.00569 -2.45146e-03 |290 -0.00766 -2.66348e-03 |291 -0.00039 -2.64125e-03
292  0.00234 -2.44174e-03 |293  0.00701 -2.50508e-03 |294 -0.00896 -2.49795e-03
295 -0.00334 -2.40893e-03 |296 -0.00096 -2.46454e-03 |297 -0.00148 -2.35275e-03
298  0.00597 -2.23463e-03 |299  0.00191 -2.23716e-03 |300 -0.00650 -2.16554e-03
301  0.00357 -2.04372e-03 |302 -0.00299 -1.78468e-03 |303  0.00388 -1.65555e-03
304 -0.00141 -1.24639e-03 |305  0.00058 -8.52005e-04 |306 -0.00376 -1.99634e-04
307  0.00777 -1.47387e-05 |308 -0.00223 -2.55963e-05 |309 -0.00458  4.78754e-05
310  0.00681  2.04325e-04 |311  0.00478  1.77433e-04 |312  0.00222  1.78895e-04
313 -0.00974  5.30122e-04 |314  0.00253  6.75752e-04 |315  0.00121  7.02318e-04
316  0.00025  5.96685e-04 |317  0.00018  3.99566e-04 |318  0.00098  3.73481e-04
319 -0.00620  1.93019e-04 |320  0.00000 -2.44271e-06 |321  0.00000  5.61601e-07
322  0.00000  2.90247e-06 |
Estimating row 1 out of 322 for hessian
Estimating row 2 out of 322 for hessian
Estimating row 3 out of 322 for hessian
Estimating row 4 out of 322 for hessian
Estimating row 5 out of 322 for hessian
Estimating row 6 out of 322 for hessian
Estimating row 7 out of 322 for hessian
Estimating row 8 out of 322 for hessian
Estimating row 9 out of 322 for hessian
Estimating row 10 out of 322 for hessian
Estimating row 11 out of 322 for hessian
Estimating row 12 out of 322 for hessian
Estimating row 13 out of 322 for hessian
Estimating row 14 out of 322 for hessian
Estimating row 15 out of 322 for hessian
Estimating row 16 out of 322 for hessian
Estimating row 17 out of 322 for hessian
Estimating row 18 out of 322 for hessian
Estimating row 19 out of 322 for hessian
Estimating row 20 out of 322 for hessian
Estimating row 21 out of 322 for hessian
Estimating row 22 out of 322 for hessian
Estimating row 23 out of 322 for hessian
Estimating row 24 out of 322 for hessian
Estimating row 25 out of 322 for hessian
Estimating row 26 out of 322 for hessian
Estimating row 27 out of 322 for hessian
Estimating row 28 out of 322 for hessian
Estimating row 29 out of 322 for hessian
Estimating row 30 out of 322 for hessian
Estimating row 31 out of 322 for hessian
Estimating row 32 out of 322 for hessian
Estimating row 33 out of 322 for hessian
Estimating row 34 out of 322 for hessian
Estimating row 35 out of 322 for hessian
Estimating row 36 out of 322 for hessian
Estimating row 37 out of 322 for hessian
Estimating row 38 out of 322 for hessian
Estimating row 39 out of 322 for hessian
Estimating row 40 out of 322 for hessian
Estimating row 41 out of 322 for hessian
Estimating row 42 out of 322 for hessian
Estimating row 43 out of 322 for hessian
Estimating row 44 out of 322 for hessian
Estimating row 45 out of 322 for hessian
Estimating row 46 out of 322 for hessian
Estimating row 47 out of 322 for hessian
Estimating row 48 out of 322 for hessian
Estimating row 49 out of 322 for hessian
Estimating row 50 out of 322 for hessian
Estimating row 51 out of 322 for hessian
Estimating row 52 out of 322 for hessian
Estimating row 53 out of 322 for hessian
Estimating row 54 out of 322 for hessian
Estimating row 55 out of 322 for hessian
Estimating row 56 out of 322 for hessian
Estimating row 57 out of 322 for hessian
Estimating row 58 out of 322 for hessian
Estimating row 59 out of 322 for hessian
Estimating row 60 out of 322 for hessian
Estimating row 61 out of 322 for hessian
Estimating row 62 out of 322 for hessian
Estimating row 63 out of 322 for hessian
Estimating row 64 out of 322 for hessian
Estimating row 65 out of 322 for hessian
Estimating row 66 out of 322 for hessian
Estimating row 67 out of 322 for hessian
Estimating row 68 out of 322 for hessian
Estimating row 69 out of 322 for hessian
Estimating row 70 out of 322 for hessian
Estimating row 71 out of 322 for hessian
Estimating row 72 out of 322 for hessian
Estimating row 73 out of 322 for hessian
Estimating row 74 out of 322 for hessian
Estimating row 75 out of 322 for hessian
Estimating row 76 out of 322 for hessian
Estimating row 77 out of 322 for hessian
Estimating row 78 out of 322 for hessian
Estimating row 79 out of 322 for hessian
Estimating row 80 out of 322 for hessian
Estimating row 81 out of 322 for hessian
Estimating row 82 out of 322 for hessian
Estimating row 83 out of 322 for hessian
Estimating row 84 out of 322 for hessian
Estimating row 85 out of 322 for hessian
Estimating row 86 out of 322 for hessian
Estimating row 87 out of 322 for hessian
Estimating row 88 out of 322 for hessian
Estimating row 89 out of 322 for hessian
Estimating row 90 out of 322 for hessian
Estimating row 91 out of 322 for hessian
Estimating row 92 out of 322 for hessian
Estimating row 93 out of 322 for hessian
Estimating row 94 out of 322 for hessian
Estimating row 95 out of 322 for hessian
Estimating row 96 out of 322 for hessian
Estimating row 97 out of 322 for hessian
Estimating row 98 out of 322 for hessian
Estimating row 99 out of 322 for hessian
Estimating row 100 out of 322 for hessian
Estimating row 101 out of 322 for hessian
Estimating row 102 out of 322 for hessian
Estimating row 103 out of 322 for hessian
Estimating row 104 out of 322 for hessian
Estimating row 105 out of 322 for hessian
Estimating row 106 out of 322 for hessian
Estimating row 107 out of 322 for hessian
Estimating row 108 out of 322 for hessian
Estimating row 109 out of 322 for hessian
Estimating row 110 out of 322 for hessian
Estimating row 111 out of 322 for hessian
Estimating row 112 out of 322 for hessian
Estimating row 113 out of 322 for hessian
Estimating row 114 out of 322 for hessian
Estimating row 115 out of 322 for hessian
Estimating row 116 out of 322 for hessian
Estimating row 117 out of 322 for hessian
Estimating row 118 out of 322 for hessian
Estimating row 119 out of 322 for hessian
Estimating row 120 out of 322 for hessian
Estimating row 121 out of 322 for hessian
Estimating row 122 out of 322 for hessian
Estimating row 123 out of 322 for hessian
Estimating row 124 out of 322 for hessian
Estimating row 125 out of 322 for hessian
Estimating row 126 out of 322 for hessian
Estimating row 127 out of 322 for hessian
Estimating row 128 out of 322 for hessian
Estimating row 129 out of 322 for hessian
Estimating row 130 out of 322 for hessian
Estimating row 131 out of 322 for hessian
Estimating row 132 out of 322 for hessian
Estimating row 133 out of 322 for hessian
Estimating row 134 out of 322 for hessian
Estimating row 135 out of 322 for hessian
Estimating row 136 out of 322 for hessian
Estimating row 137 out of 322 for hessian
Estimating row 138 out of 322 for hessian
Estimating row 139 out of 322 for hessian
Estimating row 140 out of 322 for hessian
Estimating row 141 out of 322 for hessian
Estimating row 142 out of 322 for hessian
Estimating row 143 out of 322 for hessian
Estimating row 144 out of 322 for hessian
Estimating row 145 out of 322 for hessian
Estimating row 146 out of 322 for hessian
Estimating row 147 out of 322 for hessian
Estimating row 148 out of 322 for hessian
Estimating row 149 out of 322 for hessian
Estimating row 150 out of 322 for hessian
Estimating row 151 out of 322 for hessian
Estimating row 152 out of 322 for hessian
Estimating row 153 out of 322 for hessian
Estimating row 154 out of 322 for hessian
Estimating row 155 out of 322 for hessian
Estimating row 156 out of 322 for hessian
Estimating row 157 out of 322 for hessian
Estimating row 158 out of 322 for hessian
Estimating row 159 out of 322 for hessian
Estimating row 160 out of 322 for hessian
Estimating row 161 out of 322 for hessian
Estimating row 162 out of 322 for hessian
Estimating row 163 out of 322 for hessian
Estimating row 164 out of 322 for hessian
Estimating row 165 out of 322 for hessian
Estimating row 166 out of 322 for hessian
Estimating row 167 out of 322 for hessian
Estimating row 168 out of 322 for hessian
Estimating row 169 out of 322 for hessian
Estimating row 170 out of 322 for hessian
Estimating row 171 out of 322 for hessian
Estimating row 172 out of 322 for hessian
Estimating row 173 out of 322 for hessian
Estimating row 174 out of 322 for hessian
Estimating row 175 out of 322 for hessian
Estimating row 176 out of 322 for hessian
Estimating row 177 out of 322 for hessian
Estimating row 178 out of 322 for hessian
Estimating row 179 out of 322 for hessian
Estimating row 180 out of 322 for hessian
Estimating row 181 out of 322 for hessian
Estimating row 182 out of 322 for hessian
Estimating row 183 out of 322 for hessian
Estimating row 184 out of 322 for hessian
Estimating row 185 out of 322 for hessian
Estimating row 186 out of 322 for hessian
Estimating row 187 out of 322 for hessian
Estimating row 188 out of 322 for hessian
Estimating row 189 out of 322 for hessian
Estimating row 190 out of 322 for hessian
Estimating row 191 out of 322 for hessian
Estimating row 192 out of 322 for hessian
Estimating row 193 out of 322 for hessian
Estimating row 194 out of 322 for hessian
Estimating row 195 out of 322 for hessian
Estimating row 196 out of 322 for hessian
Estimating row 197 out of 322 for hessian
Estimating row 198 out of 322 for hessian
Estimating row 199 out of 322 for hessian
Estimating row 200 out of 322 for hessian
Estimating row 201 out of 322 for hessian
Estimating row 202 out of 322 for hessian
Estimating row 203 out of 322 for hessian
Estimating row 204 out of 322 for hessian
Estimating row 205 out of 322 for hessian
Estimating row 206 out of 322 for hessian
Estimating row 207 out of 322 for hessian
Estimating row 208 out of 322 for hessian
Estimating row 209 out of 322 for hessian
Estimating row 210 out of 322 for hessian
Estimating row 211 out of 322 for hessian
Estimating row 212 out of 322 for hessian
Estimating row 213 out of 322 for hessian
Estimating row 214 out of 322 for hessian
Estimating row 215 out of 322 for hessian
Estimating row 216 out of 322 for hessian
Estimating row 217 out of 322 for hessian
Estimating row 218 out of 322 for hessian
Estimating row 219 out of 322 for hessian
Estimating row 220 out of 322 for hessian
Estimating row 221 out of 322 for hessian
Estimating row 222 out of 322 for hessian
Estimating row 223 out of 322 for hessian
Estimating row 224 out of 322 for hessian
Estimating row 225 out of 322 for hessian
Estimating row 226 out of 322 for hessian
Estimating row 227 out of 322 for hessian
Estimating row 228 out of 322 for hessian
Estimating row 229 out of 322 for hessian
Estimating row 230 out of 322 for hessian
Estimating row 231 out of 322 for hessian
Estimating row 232 out of 322 for hessian
Estimating row 233 out of 322 for hessian
Estimating row 234 out of 322 for hessian
Estimating row 235 out of 322 for hessian
Estimating row 236 out of 322 for hessian
Estimating row 237 out of 322 for hessian
Estimating row 238 out of 322 for hessian
Estimating row 239 out of 322 for hessian
Estimating row 240 out of 322 for hessian
Estimating row 241 out of 322 for hessian
Estimating row 242 out of 322 for hessian
Estimating row 243 out of 322 for hessian
Estimating row 244 out of 322 for hessian
Estimating row 245 out of 322 for hessian
Estimating row 246 out of 322 for hessian
Estimating row 247 out of 322 for hessian
Estimating row 248 out of 322 for hessian
Estimating row 249 out of 322 for hessian
Estimating row 250 out of 322 for hessian
Estimating row 251 out of 322 for hessian
Estimating row 252 out of 322 for hessian
Estimating row 253 out of 322 for hessian
Estimating row 254 out of 322 for hessian
Estimating row 255 out of 322 for hessian
Estimating row 256 out of 322 for hessian
Estimating row 257 out of 322 for hessian
Estimating row 258 out of 322 for hessian
Estimating row 259 out of 322 for hessian
Estimating row 260 out of 322 for hessian
Estimating row 261 out of 322 for hessian
Estimating row 262 out of 322 for hessian
Estimating row 263 out of 322 for hessian
Estimating row 264 out of 322 for hessian
Estimating row 265 out of 322 for hessian
Estimating row 266 out of 322 for hessian
Estimating row 267 out of 322 for hessian
Estimating row 268 out of 322 for hessian
Estimating row 269 out of 322 for hessian
Estimating row 270 out of 322 for hessian
Estimating row 271 out of 322 for hessian
Estimating row 272 out of 322 for hessian
Estimating row 273 out of 322 for hessian
Estimating row 274 out of 322 for hessian
Estimating row 275 out of 322 for hessian
Estimating row 276 out of 322 for hessian
Estimating row 277 out of 322 for hessian
Estimating row 278 out of 322 for hessian
Estimating row 279 out of 322 for hessian
Estimating row 280 out of 322 for hessian
Estimating row 281 out of 322 for hessian
Estimating row 282 out of 322 for hessian
Estimating row 283 out of 322 for hessian
Estimating row 284 out of 322 for hessian
Estimating row 285 out of 322 for hessian
Estimating row 286 out of 322 for hessian
Estimating row 287 out of 322 for hessian
Estimating row 288 out of 322 for hessian
Estimating row 289 out of 322 for hessian
Estimating row 290 out of 322 for hessian
Estimating row 291 out of 322 for hessian
Estimating row 292 out of 322 for hessian
Estimating row 293 out of 322 for hessian
Estimating row 294 out of 322 for hessian
Estimating row 295 out of 322 for hessian
Estimating row 296 out of 322 for hessian
Estimating row 297 out of 322 for hessian
Estimating row 298 out of 322 for hessian
Estimating row 299 out of 322 for hessian
Estimating row 300 out of 322 for hessian
Estimating row 301 out of 322 for hessian
Estimating row 302 out of 322 for hessian
Estimating row 303 out of 322 for hessian
Estimating row 304 out of 322 for hessian
Estimating row 305 out of 322 for hessian
Estimating row 306 out of 322 for hessian
Estimating row 307 out of 322 for hessian
Estimating row 308 out of 322 for hessian
Estimating row 309 out of 322 for hessian
Estimating row 310 out of 322 for hessian
Estimating row 311 out of 322 for hessian
Estimating row 312 out of 322 for hessian
Estimating row 313 out of 322 for hessian
Estimating row 314 out of 322 for hessian
Estimating row 315 out of 322 for hessian
Estimating row 316 out of 322 for hessian
Estimating row 317 out of 322 for hessian
Estimating row 318 out of 322 for hessian
Estimating row 319 out of 322 for hessian
Estimating row 320 out of 322 for hessian
Estimating row 321 out of 322 for hessian
Estimating row 322 out of 322 for hessian
size of file gradfil1.tmp = 0
size of file gradfil2.tmp = 0
size of file varssave.tmp = 0
size of file cmpdiff.tmp = 0
