
Initial statistics: 25 variables; iteration 0; function evaluation 0; phase 1
Function value 1.1828379e+04; maximum gradient component mag -4.7029e+05
Var    Value     Gradient |Var    Value     Gradient |Var    Value     Gradient
  1 -0.01997 -4.70289e+05 |  2 -0.52112  3.29113e+03 |  3 -0.81158  4.93445e+01
  4 -0.81158  1.96372e+02 |  5 -0.81158  2.80726e+02 |  6 -0.81158  1.95267e+02
  7 -0.81158  2.79596e+02 |  8 -0.81158  3.01075e+02 |  9 -0.81158  4.31672e+02
 10 -0.81158  4.37289e+02 | 11 -0.81158  3.29121e+02 | 12 -0.81158  5.21602e+02
 13 -0.81158  6.11072e+02 | 14 -0.81158  4.86562e+02 | 15 -0.81158  5.49622e+02
 16 -0.81158  5.18037e+02 | 17 -0.81158  4.65913e+02 | 18 -0.81158  5.80136e+02
 19 -0.81158  3.22832e+02 | 20 -0.81158  2.44103e+02 | 21 -0.81158  3.39945e+02
 22 -0.81158  3.00533e+02 | 23 -0.81158  3.82835e+01 | 24 -0.81158 -3.47210e+00
 25 -0.81158 -9.19513e+00 |

Intermediate statistics: 25 variables; iteration 20; function evaluation 33; phase 1
Function value 1.1176112e+04; maximum gradient component mag -2.1446e+05
Var    Value     Gradient |Var    Value     Gradient |Var    Value     Gradient
  1 -0.02059 -2.14462e+05 |  2 -0.65787  1.45385e+03 |  3 -1.14955 -8.67124e+00
  4 -0.99662  1.08519e+00 |  5 -0.97615  2.54825e+01 |  6 -0.98335  1.33774e+01
  7 -0.96106  2.58225e+01 |  8 -0.91947  4.18936e+01 |  9 -0.88864  9.81030e+01
 10 -0.92690  7.04268e+01 | 11 -0.93475  4.08951e+01 | 12 -0.91226  1.31091e+02
 13 -1.00456 -9.72224e+00 | 14 -0.93822  9.12234e+01 | 15 -0.97750  3.78685e+01
 16 -0.97893  3.35627e+01 | 17 -0.93326  9.70624e+01 | 18 -1.00071 -1.36248e+00
 19 -0.93946  3.29698e+01 | 20 -0.89196  5.83111e+01 | 21 -0.97817  2.14645e+01
 22 -0.92275  3.20125e+01 | 23 -0.78708 -3.43374e+01 | 24 -0.83689 -4.49632e+01
 25 -0.83440 -2.09704e+01 |
25 variables; iteration 40; function evaluation 70; phase 1
Function value 8.8011372e+03; maximum gradient component mag -2.3795e+06
Var    Value     Gradient |Var    Value     Gradient |Var    Value     Gradient
  1 -0.01519 -2.37947e+06 |  2 -0.46165  6.66354e+03 |  3 -1.34575 -5.87947e+03
  4 -1.08572 -1.49303e+03 |  5 -0.97816  3.72672e+02 |  6 -0.92300  1.12668e+03
  7 -0.98884  1.54817e+02 |  8 -1.30656 -4.45552e+03 |  9 -1.30950 -5.41988e+03
 10 -1.23148 -3.08834e+03 | 11 -1.56879 -6.29993e+03 | 12 -1.11244 -1.35689e+03
 13 -1.06103 -7.19193e+02 | 14 -1.40915 -3.89033e+03 | 15 -1.54231 -3.73433e+03
 16 -1.01329 -6.33590e+01 | 17 -0.92415  4.65513e+02 | 18 -0.99330  3.52603e+01
 19 -1.07942 -1.80631e+02 | 20 -1.13421 -2.58449e+02 | 21 -1.07804 -1.20169e+02
 22 -1.11803 -2.10297e+00 | 23 -0.79108 -9.11598e+00 | 24 -0.87425 -7.30489e+01
 25 -0.89423 -1.09414e+02 |
25 variables; iteration 60; function evaluation 92; phase 1
Function value 6.9831125e+03; maximum gradient component mag -2.8847e+04
Var    Value     Gradient |Var    Value     Gradient |Var    Value     Gradient
  1 -0.01350 -2.88472e+04 |  2 -0.57932  1.85898e+02 |  3 -1.44578 -4.12047e+01
  4 -1.08323  6.36776e+01 |  5 -0.99121 -5.33129e+00 |  6 -0.69368  7.15216e+01
  7 -1.25502 -9.50829e+00 |  8 -1.15212  4.21528e+01 |  9 -1.09498  1.13802e+02
 10 -1.17375 -1.78798e+00 | 11 -1.35227 -2.82594e+01 | 12 -1.16593  1.70404e+01
 13 -0.94302 -4.66631e+00 | 14 -1.22661  5.59590e+01 | 15 -1.24608  4.82168e+00
 16 -1.19987 -2.19205e+00 | 17 -1.20534 -1.87965e+01 | 18 -1.21714 -5.75593e+00
 19 -1.25790 -6.16220e+01 | 20 -0.76431 -1.82685e+01 | 21 -0.82876  2.80871e+00
 22 -1.16895  1.16584e+01 | 23 -0.87422 -7.84661e+01 | 24 -0.90751 -3.57750e+01
 25 -0.90913  8.17944e-01 |
Maximum number of function evaluations exceeded

 - final statistics:
25 variables; iteration 69; function evaluation 100
Function value 6.9525e+03; maximum gradient component mag -3.3810e+03
Exit code = 3;  converg criter 1.0000e+01
Var    Value     Gradient |Var    Value     Gradient |Var    Value     Gradient
  1 -0.01282 -3.38103e+03 |  2 -0.60591  4.96805e+01 |  3 -1.42813  1.27277e+01
  4 -1.22444 -2.41050e+01 |  5 -0.92746 -5.06407e+01 |  6 -0.70102  4.84345e+01
  7 -1.25613 -5.46768e+00 |  8 -1.19312 -8.02125e+00 |  9 -1.14824 -1.03719e+01
 10 -1.16278  3.58526e+01 | 11 -1.33084  9.31947e+00 | 12 -1.17222  1.59313e+01
 13 -0.85721  4.20870e+00 | 14 -1.26118  1.74610e+01 | 15 -1.23266  2.67893e+01
 16 -1.20004 -7.72161e-01 | 17 -1.19512  4.83283e+00 | 18 -1.21413 -3.53705e+00
 19 -1.23927 -7.54538e+00 | 20 -0.76052  1.53415e+00 | 21 -0.83012  5.29139e+00
 22 -1.16610  1.06265e+01 | 23 -0.86391 -1.53746e+00 | 24 -0.90609 -3.44839e+00
 25 -0.90976  9.21118e+00 |

Initial statistics: 33 variables; iteration 0; function evaluation 0; phase 2
Function value 6.9525303e+03; maximum gradient component mag -3.3810e+03
Var    Value     Gradient |Var    Value     Gradient |Var    Value     Gradient
  1 -0.01282 -3.38103e+03 |  2  0.00000 -8.01154e+01 |  3  0.00000 -1.38973e+02
  4  0.00000 -8.34044e+01 |  5  0.00000 -4.75652e+01 |  6  0.00000 -2.31494e+02
  7  0.00000 -2.76089e+02 |  8  0.00000 -1.45234e+02 |  9  0.00000 -2.22312e+02
 10 -0.60591  4.96805e+01 | 11 -0.57187 -1.27277e+01 | 12 -0.77556  2.41050e+01
 13 -0.92746 -5.06407e+01 | 14 -0.70102  4.84345e+01 | 15 -0.74387  5.46768e+00
 16 -0.80688  8.02125e+00 | 17 -0.85176  1.03719e+01 | 18 -0.83722 -3.58526e+01
 19 -0.66916 -9.31947e+00 | 20 -0.82778 -1.59313e+01 | 21 -0.85721  4.20870e+00
 22 -0.73882 -1.74610e+01 | 23 -0.76734 -2.67893e+01 | 24 -0.79996  7.72161e-01
 25 -0.80488 -4.83283e+00 | 26 -0.78587  3.53705e+00 | 27 -0.76073  7.54538e+00
 28 -0.76052  1.53415e+00 | 29 -0.83012  5.29139e+00 | 30 -0.83390 -1.06265e+01
 31 -0.86391 -1.53746e+00 | 32 -0.90609 -3.44839e+00 | 33 -0.90976  9.21118e+00

Intermediate statistics: 33 variables; iteration 20; function evaluation 29; phase 2
Function value 6.9131662e+03; maximum gradient component mag -1.8061e+03
Var    Value     Gradient |Var    Value     Gradient |Var    Value     Gradient
  1 -0.01283 -1.80612e+03 |  2  0.07721  2.11865e+00 |  3  0.16100  5.49923e+00
  4 -0.02372 -2.98470e+00 |  5 -0.07191 -4.08554e+00 |  6  0.06165 -5.88974e+00
  7  0.03807 -1.38933e+01 |  8 -0.03987 -3.82334e+01 |  9  0.00729 -2.13452e+01
 10 -0.54674 -4.26121e+00 | 11 -0.59099  6.76836e+00 | 12 -0.79734  1.20636e+01
 13 -0.71987  6.31031e+00 | 14 -0.71348  2.43945e+01 | 15 -0.75678 -6.32752e+00
 16 -0.81964 -1.86099e+00 | 17 -0.85276  1.51464e+01 | 18 -0.83167 -7.00604e+00
 19 -0.67173  3.35182e+00 | 20 -0.82065  3.27806e+00 | 21 -0.88650  2.61839e+00
 22 -0.73193  7.21907e+00 | 23 -0.75265  8.64837e+00 | 24 -0.79764  1.39615e+01
 25 -0.80452  2.30251e+00 | 26 -0.78996 -2.87309e+00 | 27 -0.76818 -1.97741e+01
 28 -0.75767  1.00858e+01 | 29 -0.83263 -5.11352e-01 | 30 -0.83869 -3.19777e+01
 31 -0.86557 -1.45230e+01 | 32 -0.90886 -3.68996e+01 | 33 -0.91379 -4.08571e+01

 - final statistics:
33 variables; iteration 40; function evaluation 60
Function value 6.9123e+03; maximum gradient component mag 5.8062e+00
Exit code = 1;  converg criter 1.0000e+01
Var    Value     Gradient |Var    Value     Gradient |Var    Value     Gradient
  1 -0.01284  5.80621e+00 |  2  0.07337 -1.84285e-02 |  3  0.15420 -6.64980e-02
  4 -0.01712 -2.34589e-02 |  5 -0.06726  1.49856e-02 |  6  0.06085 -7.81226e-02
  7  0.03681 -6.88405e-02 |  8 -0.02481 -7.52736e-03 |  9  0.00809 -4.56197e-02
 10 -0.54328  2.81015e-02 | 11 -0.59054 -4.29219e-02 | 12 -0.80119 -5.04378e-02
 13 -0.72022 -8.69429e-03 | 14 -0.72012 -5.50584e-02 | 15 -0.75192 -4.61998e-03
 16 -0.81660 -3.45954e-02 | 17 -0.85567 -5.36332e-02 | 18 -0.82904 -1.32982e-02
 19 -0.67066 -1.92586e-02 | 20 -0.82064 -1.02895e-02 | 21 -0.88861 -8.03154e-02
 22 -0.73362 -8.60310e-03 | 23 -0.75533 -1.87088e-02 | 24 -0.80402 -9.27711e-03
 25 -0.80451  1.34423e-02 | 26 -0.78815 -4.32197e-02 | 27 -0.76255  6.08658e-02
 28 -0.76125 -9.63014e-03 | 29 -0.83210 -3.74143e-03 | 30 -0.83132  7.87707e-02
 31 -0.86339  1.89027e-02 | 32 -0.90563 -7.19507e-02 | 33 -0.91033 -6.54026e-02

Initial statistics: 101 variables; iteration 0; function evaluation 0; phase 3
Function value 6.9122684e+03; maximum gradient component mag -3.7483e+03
Var    Value     Gradient |Var    Value     Gradient |Var    Value     Gradient
  1 -0.01284  5.80621e+00 |  2  0.07337 -1.84285e-02 |  3  0.15420 -6.64980e-02
  4 -0.01712 -2.34589e-02 |  5 -0.06726  1.49856e-02 |  6  0.06085 -7.81226e-02
  7  0.03681 -6.88405e-02 |  8 -0.02481 -7.52736e-03 |  9  0.00809 -4.56197e-02
 10  0.00000 -2.11825e+02 | 11  0.00000 -9.86472e+02 | 12  0.00000  5.83169e+01
 13  0.00000  3.04641e+02 | 14  0.00000  6.07534e+02 | 15  0.00000  3.45146e+02
 16  0.00000 -1.42978e+03 | 17  0.00000 -9.88051e+01 | 18  0.00000  5.90103e+02
 19  0.00000  5.98129e+02 | 20  0.00000  5.23637e+02 | 21  0.00000  7.08718e+02
 22  0.00000  9.40826e+01 | 23  0.00000  6.52689e+02 | 24  0.00000  3.96854e+02
 25  0.00000  1.47686e+02 | 26  0.00000  9.79039e+01 | 27  0.00000  5.57683e+02
 28  0.00000 -2.77802e+01 | 29  0.00000 -2.48119e+02 | 30  0.00000  3.77758e+02
 31  0.00000  5.46557e+02 | 32  0.00000 -3.54954e+02 | 33  0.00000 -2.37126e+02
 34  0.00000 -3.44616e+02 | 35  0.00000 -3.96901e+02 | 36  0.00000 -1.26857e+02
 37  0.00000 -3.18753e+02 | 38  0.00000 -7.24215e+02 | 39  0.00000 -4.34920e+02
 40  0.00000 -1.83992e+03 | 41  0.00000 -7.82612e+02 | 42  0.00000 -9.42234e+02
 43  0.00000 -1.82524e+02 | 44  0.00000 -3.73535e+03 | 45  0.00000 -3.15544e+02
 46  0.00000  4.89752e+02 | 47  0.00000  7.99807e+02 | 48  0.00000  1.23966e+03
 49  0.00000 -2.33664e+03 | 50  0.00000  3.92335e+01 | 51  0.00000  5.85962e+02
 52  0.00000  4.31219e+02 | 53  0.00000  1.41050e+03 | 54  0.00000 -1.79042e+03
 55  0.00000  2.10620e+02 | 56  0.00000  2.27691e+03 | 57  0.00000  1.68057e+03
 58  0.00000 -2.23295e+03 | 59  0.00000  1.21972e+03 | 60  0.00000  3.77293e+02
 61  0.00000  7.68192e+02 | 62  0.00000 -1.17507e+03 | 63  0.00000 -2.05633e+03
 64  0.00000  1.96047e+03 | 65  0.00000  1.03670e+03 | 66  0.00000 -8.66734e+02
 67  0.00000  2.88292e+02 | 68  0.00000  1.46036e+03 | 69  0.00000  3.75241e+02
 70  0.00000  5.31162e+02 | 71  0.00000 -3.74827e+03 | 72  0.00000  1.44713e+03
 73  0.00000  1.32807e+03 | 74  0.00000  6.88111e+02 | 75  0.00000 -3.29438e+02
 76  0.00000  9.83814e+02 | 77  0.00000  3.89250e+01 | 78 -0.54328  2.81015e-02
 79 -0.59054 -4.29219e-02 | 80 -0.80119 -5.04378e-02 | 81 -0.72022 -8.69429e-03
 82 -0.72012 -5.50584e-02 | 83 -0.75192 -4.61998e-03 | 84 -0.81660 -3.45954e-02
 85 -0.85567 -5.36332e-02 | 86 -0.82904 -1.32982e-02 | 87 -0.67066 -1.92586e-02
 88 -0.82064 -1.02895e-02 | 89 -0.88861 -8.03154e-02 | 90 -0.73362 -8.60310e-03
 91 -0.75533 -1.87088e-02 | 92 -0.80402 -9.27711e-03 | 93 -0.80451  1.34423e-02
 94 -0.78815 -4.32197e-02 | 95 -0.76255  6.08658e-02 | 96 -0.76125 -9.63014e-03
 97 -0.83210 -3.74143e-03 | 98 -0.83132  7.87707e-02 | 99 -0.86339  1.89027e-02
100 -0.90563 -7.19507e-02 |101 -0.91033 -6.54026e-02 |

Intermediate statistics: 101 variables; iteration 20; function evaluation 28; phase 3
Function value 4.7917970e+03; maximum gradient component mag 5.6110e+04
Var    Value     Gradient |Var    Value     Gradient |Var    Value     Gradient
  1 -0.02029  5.61105e+04 |  2  0.14332  1.09136e+02 |  3  0.12407  1.06824e+02
  4  0.00733  8.65235e+01 |  5 -0.03847  1.09853e+02 |  6  0.07319  4.08768e+02
  7  0.05606  5.32919e+02 |  8 -0.02360  3.34946e+02 |  9  0.02710  5.77517e+02
 10  0.03146  3.35624e+01 | 11  0.11195  3.63994e+01 | 12  0.00355  2.36552e+02
 13 -0.00191  3.90412e+02 | 14 -0.01650  5.42831e+02 | 15 -0.02331  3.73872e+02
 16  0.12904  5.62684e+02 | 17  0.01256  4.39633e+02 | 18 -0.02030  5.90664e+02
 19 -0.03258  4.72460e+02 | 20 -0.03604  3.87988e+02 | 21 -0.05757  4.37946e+02
 22 -0.03163  1.55447e+02 | 23 -0.09279  1.57895e+02 | 24 -0.05556  2.03505e+02
 25 -0.04524  1.03576e+02 | 26 -0.02564  1.79454e+02 | 27 -0.08187  1.69072e+02
 28 -0.01657  1.83544e+02 | 29 -0.02223 -6.81384e+01 | 30 -0.06441  1.74666e+02
 31 -0.06299  3.40945e+02 | 32  0.02758  8.06320e+01 | 33  0.05415  2.34430e+02
 34  0.05594  1.18587e+02 | 35  0.03798  7.87147e+01 | 36 -0.02591 -7.51931e+01
 37 -0.02331 -2.07778e+02 | 38  0.02964 -3.17303e+02 | 39  0.02674  1.44592e+01
 40  0.14814 -3.93468e+02 | 41  0.01796 -2.36459e+02 | 42  0.04386 -3.57919e+02
 43 -0.12104 -6.41135e+02 | 44  0.14251 -1.87906e+02 | 45 -0.05168 -2.65617e+02
 46 -0.04673 -2.20491e+02 | 47 -0.02191  1.01618e+02 | 48 -0.06220  1.55989e+02
 49  0.08426 -3.58512e+02 | 50  0.00023 -4.97881e+01 | 51 -0.01423 -1.12400e+02
 52 -0.01367 -3.20599e+02 | 53 -0.03349  2.23000e+02 | 54  0.03544 -1.24545e+03
 55 -0.00368 -1.57836e+02 | 56 -0.00700  1.42692e+03 | 57 -0.03009  5.53494e+02
 58  0.03587 -1.55676e+03 | 59 -0.01158  6.18691e+02 | 60  0.00737  4.02514e+01
 61 -0.00448  1.49888e+01 | 62  0.03883 -5.53282e+02 | 63  0.06006 -9.35858e+02
 64 -0.01107  9.80812e+02 | 65 -0.00447  3.80403e+02 | 66  0.01792 -7.19646e+02
 67 -0.00395 -2.54045e+02 | 68 -0.01578  6.12250e+02 | 69  0.02075  3.69304e+00
 70 -0.00963 -3.89493e+02 | 71  0.11355 -1.09092e+03 | 72 -0.05096 -4.53689e+01
 73 -0.01301  1.35066e+02 | 74 -0.03066 -3.66416e+02 | 75  0.01335 -5.63949e+02
 76 -0.02482  3.68373e+00 | 77  0.01079 -4.81280e+02 | 78 -0.43756 -1.04121e+02
 79 -1.23318  1.91288e+02 | 80 -0.79217 -2.28925e+01 | 81 -0.67623 -4.86826e+01
 82 -0.71813 -3.80367e+01 | 83 -0.75104 -4.16271e+01 | 84 -0.81194 -3.48374e+01
 85 -0.85911 -6.32353e+01 | 86 -0.83597 -6.66485e+01 | 87 -0.74549 -1.14538e+02
 88 -0.84646 -8.46205e+01 | 89 -0.71516  9.76374e+01 | 90 -0.79336 -9.41998e+01
 91 -0.76497 -4.23038e+01 | 92 -0.79738 -2.74714e+01 | 93 -0.79119  8.34414e+00
 94 -0.76290  3.27715e+01 | 95 -0.77016  3.85566e+01 | 96 -0.73961  1.21391e+02
 97 -0.83732  4.80420e+00 | 98 -0.83192  5.63395e+01 | 99 -0.86039  4.52391e+01
100 -0.90867 -5.49545e+01 |101 -0.91109 -2.87214e+01 |
101 variables; iteration 40; function evaluation 50; phase 3
Function value 4.5477559e+03; maximum gradient component mag 4.4018e+04
Var    Value     Gradient |Var    Value     Gradient |Var    Value     Gradient
  1 -0.02232  4.40181e+04 |  2  0.22863  5.94067e+01 |  3  0.22847  9.95013e+01
  4 -0.05199  3.59690e+00 |  5 -0.03346  5.44903e+01 |  6  0.07002  2.53563e+02
  7  0.02875  2.78085e+02 |  8 -0.04454  1.91184e+02 |  9  0.02139  4.09762e+02
 10  0.02243 -3.60400e+01 | 11  0.15059  3.30969e+02 | 12 -0.03483  2.44399e+01
 13 -0.03225  1.35312e+02 | 14 -0.05808  2.42030e+02 | 15 -0.06975  1.03170e+02
 16  0.15484  4.83210e+02 | 17  0.01319  2.49137e+02 | 18 -0.01788  4.20245e+02
 19 -0.02703  3.91748e+02 | 20 -0.02710  3.16772e+02 | 21 -0.07439  2.06898e+02
 22 -0.01450  1.44948e+02 | 23 -0.11573 -2.90155e+01 | 24 -0.05871  3.01851e+01
 25 -0.03734  2.70908e+01 | 26 -0.00235  1.95239e+02 | 27 -0.09303  1.58121e+01
 28 -0.00047  1.48963e+02 | 29 -0.00360 -9.46570e+00 | 30 -0.07834  5.26685e+01
 31 -0.09510  1.75633e+02 | 32  0.02917  7.05723e+01 | 33  0.04430  9.50334e+01
 34  0.06139  1.16094e+02 | 35  0.02894  8.62406e+01 | 36 -0.05648 -1.14273e+02
 37 -0.04339 -1.60239e+02 | 38  0.04820 -1.59158e+01 | 39  0.04532  2.24316e+02
 40  0.17367 -7.91809e+01 | 41  0.04686  1.09283e+02 | 42  0.06787  1.38953e+02
 43 -0.07983 -2.52222e+02 | 44  0.15299  4.94586e+02 | 45 -0.04848 -7.01308e+01
 46 -0.03115  1.30755e+02 | 47 -0.02172  1.99744e+02 | 48 -0.05390  3.66741e+02
 49  0.09437  1.78201e+02 | 50  0.00084  8.03753e+01 | 51 -0.01524 -4.99901e+01
 52 -0.01293 -3.32106e+02 | 53 -0.02324  4.37142e+02 | 54  0.04836 -7.30199e+02
 55 -0.01082 -2.58113e+02 | 56 -0.02752  7.44768e+02 | 57 -0.03890  4.02760e+02
 58  0.04950 -1.04362e+03 | 59 -0.04110 -8.25365e+01 | 60  0.00307 -1.33547e+02
 61 -0.00171  3.28403e+01 | 62  0.03895 -6.93113e+02 | 63  0.06796 -8.86274e+02
 64 -0.03170  3.97375e+02 | 65 -0.00626  1.54590e+02 | 66  0.03116 -4.55773e+02
 67 -0.00434 -4.18139e+02 | 68 -0.01355  4.98910e+02 | 69  0.01495 -3.31871e+02
 70 -0.00134 -2.91164e+02 | 71  0.11785 -1.06375e+03 | 72 -0.04678  3.10755e+00
 73 -0.02258 -1.10812e+02 | 74 -0.01500 -5.37561e+00 | 75  0.01567 -4.88484e+02
 76 -0.04245 -1.62456e+02 | 77  0.01277 -3.91700e+02 | 78 -0.21035  2.26410e+01
 79 -1.22188  1.88404e+02 | 80 -0.80685 -5.56382e+01 | 81 -0.71811 -8.98721e+01
 82 -0.76748 -9.49351e+01 | 83 -0.77573 -6.49037e+01 | 84 -0.82898 -4.97726e+01
 85 -0.85747 -4.07867e+01 | 86 -0.84352 -6.53361e+01 | 87 -0.77951 -9.75580e+01
 88 -0.74345  2.08594e+02 | 89 -0.76185  4.65938e+01 | 90 -0.71661  5.71755e+01
 91 -0.76443 -6.22608e+00 | 92 -0.78569  2.41574e+01 | 93 -0.79610  9.42537e+00
 94 -0.77461  9.28529e+00 | 95 -0.78696 -1.13706e+01 | 96 -0.75154  8.35767e+01
 97 -0.85646 -6.70890e+01 | 98 -0.84698 -2.53255e+01 | 99 -0.85954  5.17920e+01
100 -0.90943 -5.44738e+01 |101 -0.92282 -1.34957e+02 |
101 variables; iteration 60; function evaluation 72; phase 3
Function value 4.4402644e+03; maximum gradient component mag 4.9504e+04
Var    Value     Gradient |Var    Value     Gradient |Var    Value     Gradient
  1 -0.02408  4.95038e+04 |  2  0.07374  5.98774e+01 |  3  0.01548 -3.03337e+00
  4  0.00188  6.16478e+01 |  5 -0.12868  1.96900e+01 |  6  0.05559  2.87219e+02
  7  0.03681  3.71752e+02 |  8 -0.04421  2.21953e+02 |  9  0.02193  4.42808e+02
 10  0.02811  2.35465e+00 | 11  0.16284  6.46217e+02 | 12 -0.03111  3.88705e+01
 13 -0.04023  7.85648e+01 | 14 -0.07320  1.38165e+02 | 15 -0.08680  1.51957e+01
 16  0.16331  8.52049e+02 | 17  0.01571  3.08513e+02 | 18 -0.02662  3.59606e+02
 19 -0.03256  3.65351e+02 | 20 -0.02566  3.68017e+02 | 21 -0.08459  1.55063e+02
 22 -0.01059  2.44869e+02 | 23 -0.11640 -2.86711e+01 | 24 -0.05093  1.16401e+02
 25 -0.02923  1.42434e+02 | 26  0.00034  2.66759e+02 | 27 -0.08944  2.57273e+01
 28  0.00746  2.81906e+02 | 29  0.00873  2.05494e+02 | 30 -0.07540  7.80226e+01
 31 -0.11569  6.63523e+01 | 32  0.02999  1.52261e+02 | 33  0.03968  1.20033e+02
 34  0.05877  1.47930e+02 | 35  0.02982  1.71712e+02 | 36 -0.05024 -3.70915e+01
 37 -0.03214 -4.16268e+00 | 38  0.05591  1.26369e+02 | 39  0.03302  1.82949e+02
 40  0.18951  3.44572e+02 | 41  0.05043  2.20444e+02 | 42  0.07812  3.57544e+02
 43 -0.06152 -8.81841e+01 | 44  0.15690  8.87506e+02 | 45 -0.03746  7.26036e+01
 46 -0.02013  3.40050e+02 | 47 -0.01222  3.85766e+02 | 48 -0.05945  2.67368e+02
 49  0.09958  4.33235e+02 | 50 -0.00237  2.58030e+01 | 51 -0.01952 -1.32695e+02
 52 -0.00745 -2.87392e+02 | 53 -0.02496  2.98678e+02 | 54  0.05499 -4.94793e+02
 55 -0.00296 -7.20201e+01 | 56 -0.04706  1.48214e+02 | 57 -0.04345  1.99668e+02
 58  0.06061 -6.71527e+02 | 59 -0.04497 -2.26857e+02 | 60  0.00727 -1.27012e+02
 61 -0.01787 -4.16388e+02 | 62  0.03805 -8.23970e+02 | 63  0.07003 -9.28298e+02
 64 -0.04390  8.74137e+01 | 65 -0.00508  7.65790e+01 | 66  0.02687 -6.71572e+02
 67 -0.00613 -5.34630e+02 | 68 -0.02797  6.62994e+01 | 69  0.01423 -4.87570e+02
 70  0.00547 -2.27032e+02 | 71  0.11882 -1.27915e+03 | 72 -0.05774 -2.44373e+02
 73 -0.02499 -2.43317e+02 | 74 -0.02133 -2.19569e+02 | 75  0.01811 -5.31296e+02
 76 -0.05092 -3.26701e+02 | 77  0.01649 -4.36474e+02 | 78 -0.55934 -1.56639e+02
 79 -1.22039  1.86497e+02 | 80 -0.80695 -6.40083e+01 | 81 -0.73555 -1.20369e+02
 82 -0.73494 -3.03699e+01 | 83 -0.76025 -2.98181e+01 | 84 -0.82491 -3.54876e+01
 85 -0.85818 -4.35973e+01 | 86 -0.83535 -4.78193e+01 | 87 -0.93123 -5.46857e+01
 88 -0.85025 -6.70373e+01 | 89 -0.79230  1.40736e+00 | 90 -0.80586 -5.27592e+01
 91 -0.77422 -1.07498e+01 | 92 -0.79550  7.73222e+00 | 93 -0.79273  2.68549e+01
 94 -0.76272  5.10053e+01 | 95 -0.78777 -7.34671e+00 | 96 -0.76011  5.71594e+01
 97 -0.84285 -1.42259e+01 | 98 -0.84939 -4.45650e+01 | 99 -0.86474 -5.24684e+00
100 -0.90414 -2.44734e+01 |101 -0.91562 -9.19231e+01 |
101 variables; iteration 80; function evaluation 95; phase 3
Function value 4.3504365e+03; maximum gradient component mag 3.3899e+04
Var    Value     Gradient |Var    Value     Gradient |Var    Value     Gradient
  1 -0.02606  3.38985e+04 |  2  0.11563  1.76400e+00 |  3  0.08884 -2.40155e+01
  4  0.03293  3.41897e+01 |  5 -0.06328  2.41705e+01 |  6  0.03926  7.89963e+01
  7  0.05213  2.58318e+02 |  8 -0.03297  1.43096e+02 |  9  0.01722  2.33471e+02
 10  0.04052 -8.54460e+00 | 11  0.16400  2.11893e+02 | 12 -0.03581 -2.36622e+00
 13 -0.06561 -5.81808e+01 | 14 -0.07170  1.34781e+02 | 15 -0.09564  2.32181e+00
 16  0.17897  3.30141e+02 | 17  0.01619  1.29474e+02 | 18 -0.03349  1.85185e+02
 19 -0.03939  1.46621e+02 | 20 -0.03370  8.20827e+01 | 21 -0.08123  8.10313e+01
 22 -0.00353  4.42304e+01 | 23 -0.11251 -5.31478e+01 | 24 -0.04771  5.82675e-01
 25 -0.02127  4.52395e+01 | 26  0.00952  1.72849e+02 | 27 -0.11095 -6.53532e+01
 28  0.00140  8.47944e+01 | 29  0.00706  7.75288e+01 | 30 -0.06958  1.46663e+02
 31 -0.11067  1.57957e+02 | 32  0.03803  2.48195e+02 | 33  0.05631  3.01601e+02
 34  0.05946  1.51970e+02 | 35  0.02890  2.14515e+02 | 36 -0.02517  2.62537e+02
 37 -0.00909  2.84121e+02 | 38  0.06593  3.03110e+02 | 39  0.04563  3.91572e+02
 40  0.19191  5.89041e+02 | 41  0.04476  3.17776e+02 | 42  0.07400  4.54816e+02
 43 -0.04830  1.61527e+02 | 44  0.16235  1.20088e+03 | 45 -0.01856  4.13549e+02
 46 -0.03682  1.67129e+02 | 47 -0.02237  1.61090e+02 | 48 -0.08715  1.22972e+01
 49  0.10365  4.59938e+02 | 50 -0.00038  5.15509e+01 | 51 -0.01976 -1.28284e+02
 52 -0.00176 -2.66162e+02 | 53 -0.04676 -1.63041e+02 | 54  0.07084 -5.80656e+01
 55 -0.00380 -1.04877e+02 | 56 -0.05515 -1.04932e+02 | 57 -0.06086 -1.88100e+02
 58  0.07570 -1.18856e+02 | 59 -0.04349 -1.92610e+02 | 60  0.00652 -3.68738e+02
 61 -0.01911 -5.94484e+02 | 62  0.05438 -3.75217e+02 | 63  0.09025 -2.55476e+02
 64 -0.06369 -2.18219e+02 | 65 -0.02701 -4.15196e+02 | 66  0.02743 -4.97971e+02
 67 -0.00820 -5.11945e+02 | 68 -0.04664 -2.28804e+02 | 69  0.01842 -3.92338e+02
 70 -0.00326 -3.60119e+02 | 71  0.13935 -3.61640e+02 | 72 -0.08549 -4.05852e+02
 73 -0.03778 -4.06076e+02 | 74 -0.03943 -3.90906e+02 | 75  0.01933 -3.46142e+02
 76 -0.05558 -2.49262e+02 | 77  0.01921 -3.02144e+02 | 78 -0.41842  4.01583e+01
 79 -1.24258  1.36549e+02 | 80 -0.81645 -6.09204e+01 | 81 -0.69951 -4.84260e+01
 82 -0.68463  1.19605e+02 | 83 -0.74907  2.62524e+01 | 84 -0.81970 -3.60003e+00
 85 -0.86304 -5.06597e+01 | 86 -0.80916  5.43038e+01 | 87 -1.22472  3.80381e+01
 88 -0.86794 -6.89154e+01 | 89 -0.83182 -3.42166e+01 | 90 -0.74506  3.72766e+01
 91 -0.84410 -4.19034e+01 | 92 -0.85128 -5.58788e+01 | 93 -0.78948  3.55389e+01
 94 -0.75788  4.57261e+01 | 95 -0.77830  2.42085e+01 | 96 -0.76862  2.32506e+01
 97 -0.81301  1.29215e+02 | 98 -0.83266  1.13427e+01 | 99 -0.86209 -2.38278e+01
100 -0.89372  2.51058e+01 |101 -0.90876 -6.25633e+01 |
Maximum number of function evaluations exceeded

 - final statistics:
101 variables; iteration 85; function evaluation 100
Function value 4.3500e+03; maximum gradient component mag 3.5299e+04
Exit code = 3;  converg criter 1.0000e+00
Var    Value     Gradient |Var    Value     Gradient |Var    Value     Gradient
  1 -0.02608  3.52995e+04 |  2  0.12438  6.95755e+00 |  3  0.08005 -2.39590e+01
  4  0.03159  3.46297e+01 |  5 -0.06418  2.78423e+01 |  6  0.04602  1.11123e+02
  7  0.05185  2.76081e+02 |  8 -0.03179  1.57537e+02 |  9  0.02096  2.67630e+02
 10  0.03998 -2.23074e+00 | 11  0.16360  2.50078e+02 | 12 -0.03537  1.29881e+00
 13 -0.06666 -6.14496e+01 | 14 -0.07098  1.36748e+02 | 15 -0.09505  2.00171e+00
 16  0.17927  4.13264e+02 | 17  0.01396  1.34539e+02 | 18 -0.03398  1.91378e+02
 19 -0.04226  1.40016e+02 | 20 -0.03359  9.76041e+01 | 21 -0.08181  8.60223e+01
 22 -0.00313  7.23293e+01 | 23 -0.11100 -4.23666e+01 | 24 -0.04666  1.76172e+01
 25 -0.02384  4.15216e+01 | 26  0.01018  1.97697e+02 | 27 -0.11078 -6.45405e+01
 28  0.00252  1.08463e+02 | 29  0.00874  1.08322e+02 | 30 -0.07035  1.40861e+02
 31 -0.10943  1.58901e+02 | 32  0.03667  2.39766e+02 | 33  0.05425  2.84725e+02
 34  0.05917  1.54266e+02 | 35  0.03008  2.23203e+02 | 36 -0.02447  2.60781e+02
 37 -0.00692  2.90075e+02 | 38  0.06459  2.84418e+02 | 39  0.04735  3.97184e+02
 40  0.19102  5.80083e+02 | 41  0.04562  3.16771e+02 | 42  0.07424  4.52886e+02
 43 -0.04988  1.35505e+02 | 44  0.16237  1.19027e+03 | 45 -0.01962  3.88647e+02
 46 -0.03605  1.66083e+02 | 47 -0.02258  1.46429e+02 | 48 -0.08657  6.59785e+00
 49  0.10368  4.51664e+02 | 50 -0.00053  3.86368e+01 | 51 -0.01958 -1.35511e+02
 52 -0.00174 -2.77684e+02 | 53 -0.04666 -1.75193e+02 | 54  0.07135 -5.26043e+01
 55 -0.00290 -1.03032e+02 | 56 -0.05526 -1.22215e+02 | 57 -0.06075 -1.94767e+02
 58  0.07656 -9.27826e+01 | 59 -0.04348 -2.03982e+02 | 60  0.00692 -3.74404e+02
 61 -0.01906 -5.99583e+02 | 62  0.05456 -3.70570e+02 | 63  0.09032 -2.38490e+02
 64 -0.06424 -2.28371e+02 | 65 -0.02712 -4.20143e+02 | 66  0.02731 -4.88309e+02
 67 -0.00827 -5.12462e+02 | 68 -0.04690 -2.41233e+02 | 69  0.01802 -4.09064e+02
 70 -0.00362 -3.76611e+02 | 71  0.13943 -3.69343e+02 | 72 -0.08579 -4.20551e+02
 73 -0.03765 -4.18874e+02 | 74 -0.03921 -3.99441e+02 | 75  0.01921 -3.54352e+02
 76 -0.05824 -2.84529e+02 | 77  0.02277 -2.84631e+02 | 78 -0.41870  3.32686e+01
 79 -1.24303  1.36532e+02 | 80 -0.81171 -4.71826e+01 | 81 -0.68379 -2.65410e+01
 82 -0.68922  1.06081e+02 | 83 -0.74688  2.96664e+01 | 84 -0.81966 -4.84507e+00
 85 -0.86162 -4.74311e+01 | 86 -0.81683  2.46139e+01 | 87 -1.22174  4.18529e+01
 88 -0.86059 -6.58693e+01 | 89 -0.83933 -4.15010e+01 | 90 -0.74654  3.23889e+01
 91 -0.84355 -4.35457e+01 | 92 -0.87008 -6.61297e+01 | 93 -0.78760  4.03920e+01
 94 -0.75407  5.57325e+01 | 95 -0.78078  1.75949e+01 | 96 -0.76395  3.67615e+01
 97 -0.81430  1.21548e+02 | 98 -0.83404  5.26996e+00 | 99 -0.86197 -2.23961e+01
100 -0.89830 -1.88004e+01 |101 -0.90265 -6.44123e+00 |

Initial statistics: 119 variables; iteration 0; function evaluation 0; phase 4
Function value 4.3499995e+03; maximum gradient component mag 3.5299e+04
Var    Value     Gradient |Var    Value     Gradient |Var    Value     Gradient
  1 -0.02608  3.52995e+04 |  2  0.12438  6.95755e+00 |  3  0.08005 -2.39590e+01
  4  0.03159  3.46297e+01 |  5 -0.06418  2.78423e+01 |  6  0.04602  1.11123e+02
  7  0.05185  2.76081e+02 |  8 -0.03179  1.57537e+02 |  9  0.02096  2.67630e+02
 10  0.03992 -3.30645e+00 | 11  0.16353  2.49041e+02 | 12 -0.03543  2.22657e-01
 13 -0.06672 -6.25209e+01 | 14 -0.07104  1.35675e+02 | 15 -0.09511  9.35864e-01
 16  0.17921  4.12241e+02 | 17  0.01390  1.33462e+02 | 18 -0.03404  1.90300e+02
 19 -0.04232  1.38940e+02 | 20 -0.03365  9.65273e+01 | 21 -0.08187  8.49523e+01
 22 -0.00319  7.12514e+01 | 23 -0.11106 -4.34274e+01 | 24 -0.04672  1.65421e+01
 25 -0.02390  4.04444e+01 | 26  0.01012  1.96619e+02 | 27 -0.11084 -6.56009e+01
 28  0.00246  1.07386e+02 | 29  0.00868  1.07244e+02 | 30 -0.07041  1.39788e+02
 31 -0.10949  1.57836e+02 | 32  0.03661  2.38691e+02 | 33  0.05419  2.83653e+02
 34  0.05911  1.53194e+02 | 35  0.03002  2.22127e+02 | 36 -0.02453  2.59703e+02
 37 -0.00698  2.88997e+02 | 38  0.06453  2.83349e+02 | 39  0.04729  3.96112e+02
 40  0.19096  5.79071e+02 | 41  0.04556  3.15698e+02 | 42  0.07418  4.51821e+02
 43 -0.04994  1.34429e+02 | 44  0.16230  1.18926e+03 | 45 -0.01968  3.87569e+02
 46 -0.03611  1.65006e+02 | 47 -0.02264  1.45352e+02 | 48 -0.08663  5.52991e+00
 49  0.10362  4.50607e+02 | 50 -0.00059  3.75590e+01 | 51 -0.01964 -1.36588e+02
 52 -0.00180 -2.78762e+02 | 53 -0.04672 -1.76267e+02 | 54  0.07129 -5.36759e+01
 55 -0.00296 -1.04110e+02 | 56 -0.05532 -1.23288e+02 | 57 -0.06081 -1.95839e+02
 58  0.07650 -9.38537e+01 | 59 -0.04354 -2.05056e+02 | 60  0.00686 -3.75482e+02
 61 -0.01912 -6.00659e+02 | 62  0.05450 -3.71646e+02 | 63  0.09026 -2.39560e+02
 64 -0.06430 -2.29441e+02 | 65 -0.02718 -4.21218e+02 | 66  0.02725 -4.89387e+02
 67 -0.00833 -5.13539e+02 | 68 -0.04696 -2.42306e+02 | 69  0.01796 -4.10142e+02
 70 -0.00368 -3.77688e+02 | 71  0.13937 -3.70403e+02 | 72 -0.08585 -4.21614e+02
 73 -0.03770 -4.19947e+02 | 74 -0.03927 -4.00515e+02 | 75  0.01915 -3.55431e+02
 76 -0.05830 -2.85600e+02 | 77  0.02272 -2.85709e+02 | 78 -0.41870  3.32686e+01
 79 -0.75697 -1.36532e+02 | 80 -0.81171 -4.71826e+01 | 81 -0.68379 -2.65410e+01
 82 -0.68922  1.06081e+02 | 83 -0.74688  2.96664e+01 | 84 -0.81966 -4.84507e+00
 85 -0.86162 -4.74311e+01 | 86 -0.81683  2.46139e+01 | 87 -0.77826 -4.18529e+01
 88 -0.86059 -6.58693e+01 | 89 -0.83933 -4.15010e+01 | 90 -0.74654  3.23889e+01
 91 -0.84355 -4.35457e+01 | 92 -0.87008 -6.61297e+01 | 93 -0.78760  4.03920e+01
 94 -0.75407  5.57325e+01 | 95 -0.78078  1.75949e+01 | 96 -0.76395  3.67615e+01
 97 -0.81430  1.21548e+02 | 98 -0.83404  5.26996e+00 | 99 -0.86197 -2.23961e+01
100 -0.89830 -1.88004e+01 |101 -0.90265 -6.44123e+00 |102  0.76746  3.12123e+02
103  0.27255  1.25622e+04 |104  0.19994  1.45546e+04 |105  0.08878  2.03814e+02
106 -0.16831  6.53998e+02 |107 -0.20551  3.87076e+02 |108 -0.17335 -6.00690e+00
109  0.00070  9.27303e+02 |110  0.16852  5.66399e+02 |111 -0.02571  3.27932e+02
112  0.17438  1.33618e+02 |113 -0.08638 -2.71956e+00 |114  0.41898  3.41936e-04
115 -0.05240  1.32699e+02 |116 -0.34501  8.13778e+01 |117 -0.20710 -3.71891e+01
118 -0.23125 -8.18731e+01 |119 -0.30669 -4.82132e+01 |

Intermediate statistics: 119 variables; iteration 20; function evaluation 29; phase 4
Function value 3.5977133e+03; maximum gradient component mag 4.5220e+04
Var    Value     Gradient |Var    Value     Gradient |Var    Value     Gradient
  1 -0.03344  4.52200e+04 |  2  0.20463  1.51762e+02 |  3  0.19314  1.73163e+02
  4  0.09538  1.46869e+02 |  5 -0.01301  8.32274e+01 |  6  0.15657  4.38704e+02
  7  0.12333  4.70353e+02 |  8  0.02303  2.39783e+02 |  9  0.06761  3.50977e+02
 10  0.04219 -5.41094e+01 | 11  0.20020  7.14995e+02 | 12 -0.09791 -2.11330e+02
 13 -0.06311 -1.73848e+02 | 14 -0.19312 -2.77997e+02 | 15 -0.23166 -2.95967e+02
 16  0.19356  1.07266e+03 | 17 -0.01283  5.11153e+01 | 18 -0.10252 -1.08983e+02
 19 -0.04582  9.66758e+01 | 20  0.00007  3.81313e+02 | 21 -0.10200 -1.45929e+01
 22  0.04086  6.24615e+02 | 23 -0.10791 -4.07529e+01 | 24 -0.02046  2.23133e+02
 25  0.00348  3.77474e+02 | 26  0.02680  4.56301e+02 | 27 -0.12917 -1.41230e+02
 28  0.02714  4.33398e+02 | 29  0.04858  6.72999e+02 | 30 -0.07228  5.77465e+01
 31 -0.20919 -2.12757e+02 | 32  0.05590  4.95895e+02 | 33  0.03860  2.50385e+02
 34  0.06483  3.01784e+02 | 35  0.05810  4.29266e+02 | 36 -0.01486  1.02999e+02
 37 -0.00441  1.28895e+02 | 38  0.08498  3.72597e+02 | 39 -0.03865 -1.14656e+02
 40  0.20113  8.64296e+02 | 41  0.01873  7.00790e+01 | 42  0.09576  5.94749e+02
 43 -0.06474 -1.39726e+02 | 44  0.17405  1.02019e+03 | 45 -0.02921  6.63509e+01
 46 -0.02141  1.69335e+02 | 47 -0.00370  1.68436e+02 | 48 -0.09413 -2.09551e+02
 49  0.11784  5.58684e+02 | 50  0.01261  9.39890e+01 | 51 -0.00291 -1.30430e+01
 52  0.01055 -2.87469e+02 | 53 -0.03130 -1.42134e+02 | 54  0.08201  9.69879e+01
 55  0.00500 -6.35466e+01 | 56 -0.04651 -1.40624e+02 | 57 -0.05073 -2.05258e+02
 58  0.08865  6.86562e+00 | 59 -0.03334 -2.02085e+02 | 60  0.01465 -3.87655e+02
 61 -0.00632 -6.39011e+02 | 62  0.06661 -3.70202e+02 | 63  0.10124 -1.69819e+02
 64 -0.06421 -3.78014e+02 | 65 -0.01425 -4.72356e+02 | 66  0.03996 -5.73678e+02
 67  0.00214 -6.06439e+02 | 68 -0.03733 -3.16864e+02 | 69  0.03045 -4.67544e+02
 70  0.00777 -4.22110e+02 | 71  0.14707 -4.03826e+02 | 72 -0.07086 -3.53154e+02
 73 -0.03090 -4.17306e+02 | 74 -0.03054 -4.35149e+02 | 75  0.02915 -4.18387e+02
 76 -0.06159 -5.07104e+02 | 77  0.01964 -4.97840e+02 | 78 -0.59400 -2.81679e+02
 79 -0.66497 -7.29519e+01 | 80 -0.80336 -3.58156e+01 | 81 -0.71226 -8.42994e+01
 82 -0.77146 -6.09023e+01 | 83 -0.78045 -4.26937e+01 | 84 -0.82717 -3.73667e+01
 85 -0.84553  3.41658e+01 | 86 -0.83382 -1.83861e+01 | 87 -0.74621 -1.30156e+01
 88 -0.81083  1.14242e+01 | 89 -0.81521 -2.43846e+01 | 90 -0.79245 -1.13244e+01
 91 -0.80771 -1.99418e+01 | 92 -0.80627  3.48431e+00 | 93 -0.82066 -2.07789e+01
 94 -0.79612 -1.99903e+01 | 95 -0.79806 -9.25859e+00 | 96 -0.79088 -8.53960e+00
 97 -0.84913 -3.65902e+01 | 98 -0.83478  5.66735e+01 | 99 -0.85203  7.38153e+01
100 -0.89154  8.87489e+01 |101 -0.89576  1.04149e+02 |102  0.35878 -2.40084e+01
103  0.23369  5.43210e+03 |104  0.18904  8.54041e+03 |105  0.09515  1.79038e+03
106 -0.16047  1.95368e+03 |107 -0.20429  1.28766e+03 |108 -0.17952  7.24504e+02
109  0.00145  5.39279e+03 |110  0.17762  2.97813e+03 |111 -0.02585  1.47714e+03
112  0.17365  5.31014e+02 |113 -0.08625  8.02902e+00 |114  0.41898  1.08815e-03
115 -0.05337  3.50390e+02 |116 -0.33575  3.81920e+02 |117 -0.21173  1.02999e+02
118 -0.22474  4.39136e+01 |119 -0.29710  1.22020e+01 |
119 variables; iteration 40; function evaluation 49; phase 4
Function value 3.4899433e+03; maximum gradient component mag 3.1172e+04
Var    Value     Gradient |Var    Value     Gradient |Var    Value     Gradient
  1 -0.03386  3.11715e+04 |  2  0.24050  1.25918e+02 |  3  0.20441  1.25952e+02
  4  0.10887  1.16719e+02 |  5 -0.03371  4.07810e+01 |  6  0.14958  2.77134e+02
  7  0.11472  3.15327e+02 |  8  0.00350  1.21824e+02 |  9  0.04636  1.67818e+02
 10  0.04092 -2.94547e+01 | 11  0.19570  4.53601e+02 | 12 -0.09564 -1.30007e+02
 13 -0.06400 -1.13595e+02 | 14 -0.18737 -1.82461e+02 | 15 -0.30906 -2.47738e+02
 16  0.21029  8.97248e+02 | 17  0.00937  1.21045e+02 | 18 -0.09681 -6.66755e+01
 19 -0.03722  9.56878e+01 | 20  0.01456  3.70709e+02 | 21 -0.08760  3.95179e+01
 22  0.04340  3.85184e+02 | 23 -0.10850 -4.31884e+01 | 24 -0.01822  1.68223e+02
 25  0.00562  2.53510e+02 | 26  0.01795  2.13533e+02 | 27 -0.11532 -5.78108e+01
 28  0.03225  3.67046e+02 | 29  0.04422  3.72143e+02 | 30 -0.09410 -4.62440e+01
 31 -0.19122 -1.04746e+02 | 32  0.05729  3.66718e+02 | 33  0.02271  5.27928e+01
 34  0.06559  2.27006e+02 | 35  0.06004  3.45169e+02 | 36 -0.02090  5.69254e+01
 37 -0.00946  8.44594e+01 | 38  0.08295  2.74856e+02 | 39 -0.05211 -1.18440e+02
 40  0.19880  5.49868e+02 | 41  0.02947  1.30256e+02 | 42  0.08790  3.84795e+02
 43 -0.05095  5.26342e+00 | 44  0.17487  6.90528e+02 | 45 -0.02521  9.70612e+01
 46 -0.02693  7.91645e+01 | 47 -0.00254  1.55684e+02 | 48 -0.09543 -1.61043e+02
 49  0.11685  3.24201e+02 | 50  0.01097  2.74233e+01 | 51 -0.00629 -7.96071e+01
 52  0.01629 -1.62922e+02 | 53 -0.02870 -3.60153e+01 | 54  0.08292  5.54080e+01
 55  0.00023 -1.90882e+02 | 56 -0.04993 -1.28538e+02 | 57 -0.05259 -1.40457e+02
 58  0.08918  3.53166e+01 | 59 -0.03619 -1.80165e+02 | 60  0.01603 -2.91417e+02
 61 -0.00325 -4.38474e+02 | 62  0.06627 -2.76022e+02 | 63  0.09888 -1.72313e+02
 64 -0.06019 -2.06210e+02 | 65 -0.01426 -3.21709e+02 | 66  0.04126 -4.01262e+02
 67  0.00184 -4.94266e+02 | 68 -0.04291 -2.83792e+02 | 69  0.03052 -3.11111e+02
 70  0.00759 -2.74275e+02 | 71  0.14533 -3.45365e+02 | 72 -0.06876 -2.15881e+02
 73 -0.02969 -2.46796e+02 | 74 -0.03036 -2.66450e+02 | 75  0.02877 -2.46360e+02
 76 -0.06190 -3.57790e+02 | 77  0.02646 -3.01419e+02 | 78 -0.52343 -1.56993e+02
 79 -0.68041 -6.48214e+01 | 80 -0.79354  1.63039e+01 | 81 -0.69458 -2.85569e+01
 82 -0.76427 -3.50521e+01 | 83 -0.79016 -4.25162e+01 | 84 -0.82503 -2.15173e+01
 85 -0.84966  6.26722e+00 | 86 -0.82722  6.02797e-01 | 87 -0.76906 -2.98824e+01
 88 -0.81763 -8.67463e-01 | 89 -0.82523 -2.44301e+01 | 90 -0.81296 -2.58185e+01
 91 -0.83474 -3.47480e+01 | 92 -0.79513  2.57857e+01 | 93 -0.82304 -2.28831e+01
 94 -0.80606 -3.41450e+01 | 95 -0.79573 -4.77576e+00 | 96 -0.78978 -7.69221e+00
 97 -0.83944  3.08532e+00 | 98 -0.82540  9.13159e+01 | 99 -0.85154  5.31821e+01
100 -0.89156  5.81168e+01 |101 -0.89534  8.13572e+01 |102  0.37160  1.82581e+01
103  0.22570  2.64992e+03 |104  0.18217  4.71306e+03 |105  0.09243  1.13090e+03
106 -0.16515  1.17715e+03 |107 -0.20177  9.29363e+02 |108 -0.18391  4.73825e+02
109  0.00119  3.16324e+03 |110  0.17349  1.73107e+03 |111 -0.02623  9.69112e+02
112  0.17834  4.53132e+02 |113 -0.21037 -2.21156e+01 |114  0.41895  3.84744e-04
115 -0.05408  1.79048e+02 |116 -0.33931  1.16904e+02 |117 -0.21225 -3.94072e+01
118 -0.23386 -3.46811e+01 |119 -0.29905 -1.12964e+01 |
119 variables; iteration 60; function evaluation 70; phase 4
Function value 3.4407233e+03; maximum gradient component mag 1.2665e+04
Var    Value     Gradient |Var    Value     Gradient |Var    Value     Gradient
  1 -0.03431  1.26647e+04 |  2  0.15408  2.60844e+01 |  3  0.21808  5.09581e+01
  4  0.04428  3.05908e+01 |  5  0.00656  4.18569e+01 |  6  0.15049  1.51166e+02
  7  0.09859  1.22632e+02 |  8  0.01658  9.23473e+01 |  9  0.06713  1.63230e+02
 10  0.03864  1.69733e+01 | 11  0.20316  2.62580e+02 | 12 -0.09876 -2.86142e+01
 13 -0.06416 -3.73766e+01 | 14 -0.17086 -4.06926e+01 | 15 -0.18945 -3.61667e+01
 16  0.20940  2.65276e+02 | 17 -0.01999  8.84593e+00 | 18 -0.09228  1.41615e+01
 19 -0.03610  9.40314e+01 | 20 -0.00093  1.34507e+02 | 21 -0.10833  1.85190e+00
 22  0.04672  2.32965e+02 | 23 -0.10128  2.79981e+01 | 24 -0.02060  8.81344e+01
 25  0.00816  1.58921e+02 | 26  0.04021  2.68700e+02 | 27 -0.12688 -2.30215e+01
 28  0.02528  1.34713e+02 | 29  0.05412  2.44269e+02 | 30 -0.07183  6.48456e+01
 31 -0.21996 -5.18076e+01 | 32  0.05074  1.04364e+02 | 33  0.05038  1.62746e+02
 34  0.06405  9.69611e+01 | 35  0.04061  4.21083e+01 | 36 -0.04146 -1.87759e+01
 37 -0.03060 -1.33479e+01 | 38  0.07259  9.63628e+01 | 39 -0.03782 -1.05716e+01
 40  0.19642  4.77334e+01 | 41  0.01154 -1.82966e+01 | 42  0.08999  2.70703e+02
 43 -0.06933 -5.57551e+01 | 44  0.17649  2.42737e+02 | 45 -0.03725  6.01918e+00
 46 -0.02645  7.07184e+01 | 47 -0.01324  1.47234e+01 | 48 -0.09468 -5.39667e+01
 49  0.11614  1.31787e+02 | 50  0.01026  8.95079e+00 | 51  0.00309  6.54306e+01
 52  0.02107  4.09985e-01 | 53 -0.03436 -2.65674e+01 | 54  0.08341  2.74523e+01
 55 -0.00469 -2.35577e+02 | 56 -0.04515  4.52730e+01 | 57 -0.04608  1.12313e+02
 58  0.08933  1.60353e+01 | 59 -0.03704 -8.76057e+01 | 60  0.02301 -7.22126e+01
 61 -0.00347 -3.25222e+02 | 62  0.06756 -1.59322e+02 | 63  0.09997 -1.09378e+02
 64 -0.06605 -1.61717e+02 | 65 -0.01491 -2.10441e+02 | 66  0.04212 -2.38885e+02
 67  0.00539 -2.69685e+02 | 68 -0.03923 -8.97328e+01 | 69  0.02997 -1.43277e+02
 70  0.00363 -1.67089e+02 | 71  0.14406 -2.41745e+02 | 72 -0.07480 -1.24835e+02
 73 -0.03357 -1.70378e+02 | 74 -0.03236 -9.19555e+01 | 75  0.03614  1.70737e+02
 76 -0.05853 -1.35822e+02 | 77  0.02375 -1.23746e+02 | 78 -0.56784 -9.87705e+01
 79 -0.63624  3.93595e+00 | 80 -0.80616 -2.27636e+01 | 81 -0.73409 -4.24831e+01
 82 -0.78057 -4.31839e+01 | 83 -0.77169 -1.18403e+01 | 84 -0.82166 -1.88974e+00
 85 -0.83453  5.04102e+01 | 86 -0.82845 -4.58140e+00 | 87 -0.72723  2.41229e+01
 88 -0.80372  3.68556e+01 | 89 -0.80438  1.46590e+01 | 90 -0.78248  1.28011e+01
 91 -0.78125  2.20986e+01 | 92 -0.82732 -1.65895e+01 | 93 -0.80162  1.64886e+01
 94 -0.76987  2.36664e+01 | 95 -0.78162  1.72792e+01 | 96 -0.76985  1.74649e+01
 97 -0.84062 -3.06400e+01 | 98 -0.83437 -2.38994e+01 | 99 -0.85144  5.40945e+00
100 -0.89091  2.87089e+01 |101 -0.89416  6.91012e+01 |102  0.38832  8.58657e+01
103  0.21712 -1.19797e+03 |104  0.17621 -4.15587e+02 |105  0.08923  1.89795e+02
106 -0.16879  3.13772e+02 |107 -0.20586  4.73959e+02 |108 -0.16639  6.17380e+02
109  0.00101  6.96106e+02 |110  0.16838  2.83204e+02 |111 -0.02292  4.06982e+02
112  0.17505  2.35445e+02 |113 -0.02997  2.84609e+01 |114  0.41893  4.87661e-05
115 -0.05126 -3.59368e+01 |116 -0.34762 -2.08000e+02 |117 -0.20631  1.31047e+01
118 -0.21976  4.53361e+01 |119 -0.29836  1.81788e+01 |
119 variables; iteration 80; function evaluation 93; phase 4
Function value 3.4180997e+03; maximum gradient component mag 9.5723e+03
Var    Value     Gradient |Var    Value     Gradient |Var    Value     Gradient
  1 -0.03463  9.57231e+03 |  2  0.19632  3.29890e+01 |  3  0.21216  4.46153e+01
  4  0.07919  4.38108e+01 |  5 -0.02184  2.05483e+01 |  6  0.14398  1.10894e+02
  7  0.09568  1.11318e+02 |  8  0.00509  6.26875e+01 |  9  0.05523  1.15941e+02
 10  0.03724  3.59531e+01 | 11  0.20050  2.51333e+02 | 12 -0.10962 -1.64530e+01
 13 -0.06403 -9.49151e+00 | 14 -0.17628 -2.11793e+01 | 15 -0.22394 -4.46748e+01
 16  0.22035  4.24560e+02 | 17 -0.00244  7.75796e+01 | 18 -0.08802  3.85065e+01
 19 -0.03537  1.02051e+02 | 20  0.00317  1.58954e+02 | 21 -0.09445  5.28378e+01
 22  0.04812  2.08287e+02 | 23 -0.10264  2.96766e+01 | 24 -0.01438  1.20918e+02
 25  0.00793  1.34194e+02 | 26  0.03118  1.68536e+02 | 27 -0.12714 -1.27550e+01
 28  0.02129  8.51590e+01 | 29  0.04956  1.39226e+02 | 30 -0.07738  4.03534e+01
 31 -0.21002 -2.36237e+01 | 32  0.05578  9.14802e+01 | 33  0.04409  6.80692e+01
 34  0.06685  5.19001e+01 | 35  0.04636  2.68976e+01 | 36 -0.04214 -3.74680e+01
 37 -0.03265 -4.49215e+01 | 38  0.07348  1.69631e+01 | 39 -0.05050 -6.07758e+01
 40  0.20421  5.57319e+00 | 41  0.01368 -4.06158e+01 | 42  0.08086  5.74782e+01
 43 -0.06587 -5.99734e+01 | 44  0.17771  7.48373e+01 | 45 -0.03631 -2.10296e+01
 46 -0.02814  7.51945e+00 | 47 -0.01239 -3.50139e+01 | 48 -0.08916 -2.72112e+01
 49  0.11697  4.30185e+01 | 50  0.01190 -9.60867e+00 | 51 -0.00195 -3.89696e+01
 52  0.01912 -7.80760e+01 | 53 -0.03281 -2.33232e+01 | 54  0.08428  8.39399e-01
 55  0.00514 -4.37519e+01 | 56 -0.05177 -5.85536e+01 | 57 -0.05440 -3.69973e+01
 58  0.08750 -9.95730e+00 | 59 -0.03598 -4.38166e+01 | 60  0.02301 -5.56519e+01
 61  0.00340 -1.19516e+02 | 62  0.06768 -8.84406e+01 | 63  0.09931 -6.25238e+01
 64 -0.06293 -7.19208e+01 | 65 -0.01215 -8.87776e+01 | 66  0.04374 -1.26215e+02
 67  0.00805 -1.31100e+02 | 68 -0.04082 -5.66152e+01 | 69  0.02999 -1.11232e+02
 70  0.00467 -1.08967e+02 | 71  0.14582 -1.24020e+02 | 72 -0.07144 -6.57731e+01
 73 -0.03127 -7.19121e+01 | 74 -0.03375 -7.66231e+01 | 75  0.02452 -6.31407e+01
 76 -0.05789 -8.55510e+01 | 77  0.02385 -8.80621e+01 | 78 -0.52388 -4.98294e+01
 79 -0.67100 -1.82679e+01 | 80 -0.80326 -2.08838e+00 | 81 -0.70264 -7.08663e+00
 82 -0.77668 -3.14074e+01 | 83 -0.77315 -6.52596e+00 | 84 -0.82477 -6.41091e+00
 85 -0.84759  5.17854e+00 | 86 -0.82894 -4.17938e+00 | 87 -0.74647 -1.67866e+00
 88 -0.82135 -2.48576e+00 | 89 -0.81667 -2.60949e+00 | 90 -0.81380 -1.52513e+01
 91 -0.78015  1.95931e+01 | 92 -0.80797  5.62725e+00 | 93 -0.81181 -2.41454e+00
 94 -0.78123  6.24391e+00 | 95 -0.79676 -1.07857e+01 | 96 -0.78813 -1.11889e+01
 97 -0.83606  3.73226e+00 | 98 -0.83324  6.86813e+00 | 99 -0.85306  1.29041e+01
100 -0.89150  2.04347e+01 |101 -0.89543  3.85523e+01 |102  0.38115  2.66706e+01
103  0.22125 -2.23611e+02 |104  0.17460 -1.24307e+02 |105  0.08887  1.42316e+01
106 -0.17027 -1.34937e+01 |107 -0.20493  1.22154e+02 |108 -0.17472  1.84368e+02
109  0.00081 -1.09897e+02 |110  0.16736 -9.41514e+01 |111 -0.02380  7.59443e+01
112  0.17387  5.69145e+01 |113 -0.09684 -1.15358e+00 |114  0.41892 -1.61287e-04
115 -0.05355 -1.33059e+01 |116 -0.34424 -1.33694e+02 |117 -0.20895 -5.09848e+01
118 -0.23296 -1.34677e+01 |119 -0.28934  7.11117e+00 |
Maximum number of function evaluations exceeded

 - final statistics:
119 variables; iteration 88; function evaluation 100
Function value 3.4180e+03; maximum gradient component mag 9.5479e+03
Exit code = 3;  converg criter 1.0000e+00
Var    Value     Gradient |Var    Value     Gradient |Var    Value     Gradient
  1 -0.03464  9.54785e+03 |  2  0.18873  2.91111e+01 |  3  0.20678  3.92668e+01
  4  0.08302  4.52366e+01 |  5 -0.03327  1.50536e+01 |  6  0.14382  1.10812e+02
  7  0.09606  1.14909e+02 |  8  0.00464  6.24605e+01 |  9  0.05441  1.13689e+02
 10  0.03746  3.64208e+01 | 11  0.19982  2.44544e+02 | 12 -0.10892 -1.58860e+01
 13 -0.06473 -1.04479e+01 | 14 -0.17563 -2.01871e+01 | 15 -0.22769 -4.76993e+01
 16  0.22048  4.25479e+02 | 17 -0.00117  8.09420e+01 | 18 -0.08640  4.17276e+01
 19 -0.03525  1.02949e+02 | 20  0.00421  1.66653e+02 | 21 -0.09274  5.85212e+01
 22  0.04832  2.11089e+02 | 23 -0.10273  2.95869e+01 | 24 -0.01509  1.17638e+02
 25  0.00786  1.34632e+02 | 26  0.03100  1.68607e+02 | 27 -0.12667 -1.15949e+01
 28  0.02146  8.73082e+01 | 29  0.04957  1.41251e+02 | 30 -0.07764  3.96779e+01
 31 -0.21421 -2.88591e+01 | 32  0.05592  9.46038e+01 | 33  0.04453  7.13025e+01
 34  0.06645  4.94455e+01 | 35  0.04714  3.17655e+01 | 36 -0.04174 -3.55429e+01
 37 -0.03203 -4.29699e+01 | 38  0.07326  1.52253e+01 | 39 -0.04977 -5.92426e+01
 40  0.20408  6.79254e+00 | 41  0.01396 -3.95183e+01 | 42  0.08043  5.27027e+01
 43 -0.06631 -6.31208e+01 | 44  0.17771  7.38591e+01 | 45 -0.03655 -2.30828e+01
 46 -0.02786  1.01524e+01 | 47 -0.01240 -3.53899e+01 | 48 -0.08916 -2.76399e+01
 49  0.11698  4.20150e+01 | 50  0.01189 -1.04838e+01 | 51 -0.00202 -4.07675e+01
 52  0.01920 -7.73671e+01 | 53 -0.03284 -2.42491e+01 | 54  0.08426 -4.48940e-01
 55  0.00515 -4.23996e+01 | 56 -0.05178 -6.01580e+01 | 57 -0.05436 -3.88179e+01
 58  0.08745 -1.15630e+01 | 59 -0.03595 -4.37912e+01 | 60  0.02314 -5.48722e+01
 61  0.00360 -1.17554e+02 | 62  0.06782 -8.82514e+01 | 63  0.09942 -6.29843e+01
 64 -0.06249 -6.69644e+01 | 65 -0.01207 -8.75346e+01 | 66  0.04386 -1.26020e+02
 67  0.00826 -1.28292e+02 | 68 -0.04095 -5.97610e+01 | 69  0.03010 -1.10230e+02
 70  0.00461 -1.10819e+02 | 71  0.14598 -1.23504e+02 | 72 -0.07269 -7.94920e+01
 73 -0.03095 -6.80429e+01 | 74 -0.03373 -7.70360e+01 | 75  0.02468 -6.22518e+01
 76 -0.05849 -9.20475e+01 | 77  0.02372 -8.96476e+01 | 78 -0.52983 -5.19219e+01
 79 -0.67028 -1.76717e+01 | 80 -0.80168  2.09025e+00 | 81 -0.70711 -1.20546e+01
 82 -0.77227 -2.75310e+01 | 83 -0.77249 -5.72997e+00 | 84 -0.82463 -6.07713e+00
 85 -0.84644  9.00888e+00 | 86 -0.82851 -3.29011e+00 | 87 -0.74251  2.26073e+00
 88 -0.82112 -1.94616e+00 | 89 -0.81242  1.48798e+00 | 90 -0.81705 -1.72495e+01
 91 -0.78279  1.64673e+01 | 92 -0.80749  6.37073e+00 | 93 -0.80941  2.32573e+00
 94 -0.77914  1.00732e+01 | 95 -0.79699 -1.11991e+01 | 96 -0.78652 -8.19937e+00
 97 -0.83676  2.80434e-01 | 98 -0.83266  8.67343e+00 | 99 -0.85337  9.86385e+00
100 -0.89141  2.08144e+01 |101 -0.89609  3.04169e+01 |102  0.38122  2.78257e+01
103  0.22129 -2.12319e+02 |104  0.17461 -1.22694e+02 |105  0.08887  1.44498e+01
106 -0.17025 -1.53636e+01 |107 -0.20496  1.18832e+02 |108 -0.17467  1.82487e+02
109  0.00082 -1.16189e+02 |110  0.16735 -9.70112e+01 |111 -0.02379  7.39310e+01
112  0.17388  5.54461e+01 |113 -0.09848 -1.52231e+00 |114  0.41892 -1.24067e-04
115 -0.05332 -1.22857e+01 |116 -0.34437 -1.32302e+02 |117 -0.20937 -5.36567e+01
118 -0.23175 -1.23283e+01 |119 -0.29103  6.11663e+00 |

Initial statistics: 325 variables; iteration 0; function evaluation 0; phase 5
Function value 3.4179939e+03; maximum gradient component mag 9.5479e+03
Var    Value     Gradient |Var    Value     Gradient |Var    Value     Gradient
  1 -0.03464  9.54785e+03 |  2  0.18873  2.91111e+01 |  3  0.20678  3.92668e+01
  4  0.08302  4.52366e+01 |  5 -0.03327  1.50536e+01 |  6  0.14382  1.10812e+02
  7  0.09606  1.14909e+02 |  8  0.00464  6.24605e+01 |  9  0.05441  1.13689e+02
 10  0.03734  3.41905e+01 | 11  0.19969  2.42434e+02 | 12 -0.10905 -1.80872e+01
 13 -0.06485 -1.26707e+01 | 14 -0.17576 -2.23359e+01 | 15 -0.22782 -4.97886e+01
 16  0.22035  4.23408e+02 | 17 -0.00129  7.87075e+01 | 18 -0.08653  3.95125e+01
 19 -0.03537  1.00717e+02 | 20  0.00408  1.64419e+02 | 21 -0.09286  5.63087e+01
 22  0.04820  2.08864e+02 | 23 -0.10285  2.73805e+01 | 24 -0.01521  1.15404e+02
 25  0.00773  1.32398e+02 | 26  0.03087  1.66377e+02 | 27 -0.12680 -1.37848e+01
 28  0.02133  8.50755e+01 | 29  0.04945  1.39026e+02 | 30 -0.07777  3.74590e+01
 31 -0.21434 -3.09661e+01 | 32  0.05580  9.23795e+01 | 33  0.04440  6.90744e+01
 34  0.06633  4.72241e+01 | 35  0.04702  2.95375e+01 | 36 -0.04186 -3.77721e+01
 37 -0.03216 -4.52011e+01 | 38  0.07313  1.30058e+01 | 39 -0.04989 -6.14693e+01
 40  0.20395  4.67216e+00 | 41  0.01383 -4.17525e+01 | 42  0.08031  5.04872e+01
 43 -0.06643 -6.53419e+01 | 44  0.17758  7.17152e+01 | 45 -0.03668 -2.53134e+01
 46 -0.02798  7.91992e+00 | 47 -0.01252 -3.76239e+01 | 48 -0.08929 -2.98517e+01
 49  0.11685  3.98195e+01 | 50  0.01177 -1.27180e+01 | 51 -0.00214 -4.30019e+01
 52  0.01908 -7.96011e+01 | 53 -0.03296 -2.64803e+01 | 54  0.08414 -2.66399e+00
 55  0.00503 -4.46341e+01 | 56 -0.05191 -6.23841e+01 | 57 -0.05449 -4.10436e+01
 58  0.08732 -1.37769e+01 | 59 -0.03607 -4.60217e+01 | 60  0.02302 -5.71057e+01
 61  0.00348 -1.19788e+02 | 62  0.06770 -9.04751e+01 | 63  0.09929 -6.51937e+01
 64 -0.06261 -6.91869e+01 | 65 -0.01220 -8.97684e+01 | 66  0.04373 -1.28251e+02
 67  0.00814 -1.30527e+02 | 68 -0.04107 -6.19901e+01 | 69  0.02998 -1.12463e+02
 70  0.00449 -1.13054e+02 | 71  0.14586 -1.25686e+02 | 72 -0.07281 -8.17102e+01
 73 -0.03107 -7.02741e+01 | 74 -0.03385 -7.92666e+01 | 75  0.02456 -6.44851e+01
 76 -0.05862 -9.42709e+01 | 77  0.02359 -9.18813e+01 | 78 -0.52983 -5.19219e+01
 79 -0.67028 -1.76717e+01 | 80 -0.80168  2.09025e+00 | 81 -0.70711 -1.20546e+01
 82 -0.77227 -2.75310e+01 | 83 -0.77249 -5.72997e+00 | 84 -0.82463 -6.07713e+00
 85 -0.84644  9.00888e+00 | 86 -0.82851 -3.29011e+00 | 87 -0.74251  2.26073e+00
 88 -0.82112 -1.94616e+00 | 89 -0.81242  1.48798e+00 | 90 -0.81705 -1.72495e+01
 91 -0.78279  1.64673e+01 | 92 -0.80749  6.37073e+00 | 93 -0.80941  2.32573e+00
 94 -0.77914  1.00732e+01 | 95 -0.79699 -1.11991e+01 | 96 -0.78652 -8.19937e+00
 97 -0.83676  2.80434e-01 | 98 -0.83266  8.67343e+00 | 99 -0.85337  9.86385e+00
100 -0.89141  2.08144e+01 |101 -0.89609  3.04169e+01 |102  0.38122  2.78257e+01
103  0.22129 -2.12319e+02 |104  0.17461 -1.22694e+02 |105  0.08887  1.44498e+01
106 -0.17025 -1.53636e+01 |107 -0.20496  1.18832e+02 |108 -0.17467  1.82487e+02
109  0.00082 -1.16189e+02 |110  0.16735 -9.70112e+01 |111 -0.02379  7.39310e+01
112  0.17388  5.54461e+01 |113 -0.09848 -1.52231e+00 |114  0.41892 -1.24067e-04
115 -0.05332 -1.22857e+01 |116 -0.34437 -1.32302e+02 |117 -0.20937 -5.36567e+01
118 -0.23175 -1.23283e+01 |119 -0.29103  6.11663e+00 |120  0.05825  2.68867e+01
121 -0.16620  1.72417e+01 |122  0.00000  1.40352e+02 |123  0.00000  1.64546e+02
124  0.00000  2.03014e+02 |125  0.00000  3.41520e+02 |126  0.00000  3.51264e+02
127  0.00000  3.64261e+02 |128  0.00000  3.70937e+02 |129  0.00000  3.77352e+02
130  0.00000  6.77921e+02 |131  0.00000  7.12032e+02 |132  0.00000  7.23729e+02
133  0.00000  7.49784e+02 |134  0.00000  7.30186e+02 |135  0.00000  7.25862e+02
136  0.00000  6.68202e+02 |137  0.00000  6.57879e+02 |138  0.00000  6.79686e+02
139  0.00000  6.70668e+02 |140  0.00000  7.56951e+02 |141  0.00000  7.54479e+02
142  0.00000  7.04864e+02 |143  0.00000  6.16424e+02 |144  0.00000  6.49475e+02
145  0.00000  6.60406e+02 |146  0.00000  7.06307e+02 |147  0.00000  7.74748e+02
148  0.00000  6.50582e+02 |149  0.00000  7.11814e+02 |150  0.00000  7.43627e+02
151  0.00000  7.84544e+02 |152  0.00000  8.82840e+02 |153  0.00000  9.19117e+02
154  0.00000  1.21608e+03 |155  0.00000  1.25376e+03 |156  0.00000  1.26509e+03
157  0.00000  1.28046e+03 |158  0.00000  1.39777e+03 |159  0.00000  1.42332e+03
160  0.00000  1.41309e+03 |161  0.00000  1.16912e+03 |162  0.00000  1.19069e+03
163  0.00000  1.19310e+03 |164  0.00000  1.24253e+03 |165  0.00000  1.27653e+03
166  0.00000  1.18041e+03 |167  0.00000  1.15807e+03 |168  0.00000  1.17509e+03
169  0.00000  1.14887e+03 |170  0.00000  1.16185e+03 |171  0.00000  1.07759e+03
172  0.00000  5.60518e+02 |173  0.00000  5.76499e+02 |174  0.00000  3.35143e+02
175  0.00000  1.83188e+02 |176  0.00000  2.40537e+02 |177  0.00000  3.63112e+02
178  0.00000  3.87704e+02 |179  0.00000  4.29152e+02 |180  0.00000  4.46252e+02
181  0.00000  4.76439e+02 |182  0.00000  4.95759e+02 |183  0.00000  5.41764e+02
184  0.00000  5.55084e+02 |185  0.00000  6.74321e+02 |186  0.00000  6.76452e+02
187  0.00000  6.46191e+02 |188  0.00000  5.97352e+02 |189  0.00000  7.44466e+01
190  0.00000 -9.40945e+02 |191  0.00000 -8.32953e+02 |192  0.00000 -5.19463e+01
193  0.00000  4.56186e+02 |194  0.00000  1.80654e+03 |195  0.00000  1.95720e+03
196  0.00000  2.22526e+03 |197  0.00000  2.38148e+03 |198  0.00000  2.86168e+03
199  0.00000  2.59806e+03 |200  0.00000  2.65491e+03 |201  0.00000  2.77386e+03
202  0.00000  2.38611e+03 |203  0.00000  1.81804e+03 |204  0.00000  1.78298e+03
205  0.00000  8.25973e+02 |206  0.00000  7.26844e+02 |207  0.00000  6.14892e+02
208  0.00000  5.90887e+02 |209  0.00000  2.06806e+02 |210  0.00000  3.25218e+02
211  0.00000 -3.19313e+02 |212  0.00000 -4.59844e+02 |213  0.00000 -4.46228e+02
214  0.00000 -2.39747e+02 |215  0.00000 -1.04104e+03 |216  0.00000 -1.21568e+03
217  0.00000 -1.61148e+03 |218  0.00000 -1.80075e+03 |219  0.00000 -1.97405e+03
220  0.00000 -1.57123e+03 |221  0.00000 -1.80643e+03 |222  0.00000 -1.68113e+03
223  0.00000 -1.01602e+03 |224  0.00000 -7.94954e+02 |225  0.00000 -4.06617e+01
226  0.00000  2.04325e+02 |227  0.00000  7.80718e+02 |228  0.00000  9.57904e+02
229  0.00000  6.52714e+02 |230  0.00000  5.31564e+02 |231  0.00000  7.14870e+02
232  0.00000  4.94303e+01 |233  0.00000  3.06977e+02 |234  0.00000  3.33348e+02
235  0.00000  7.57680e+01 |236  0.00000  1.08557e+02 |237  0.00000 -2.56206e+02
238  0.00000 -2.86225e+02 |239  0.00000 -1.64251e+02 |240  0.00000 -7.67899e+02
241  0.00000 -2.06694e+03 |242  0.00000 -2.16964e+03 |243  0.00000 -2.51711e+03
244  0.00000 -2.58214e+03 |245  0.00000 -1.63204e+03 |246  0.00000 -1.85523e+02
247  0.00000  1.15549e+02 |248  0.00000  2.73915e+02 |249  0.00000  6.72748e+02
250  0.00000  1.30827e+03 |251  0.00000  1.54888e+03 |252  0.00000  1.81642e+03
253  0.00000  2.30617e+03 |254  0.00000  2.57911e+03 |255  0.00000  2.61633e+03
256  0.00000  2.43891e+03 |257  0.00000  1.20652e+03 |258  0.00000 -5.31077e+02
259  0.00000 -3.42717e+02 |260  0.00000  6.45946e+02 |261  0.00000  1.34997e+03
262  0.00000  2.70408e+03 |263  0.00000  3.47695e+03 |264  0.00000  3.96324e+03
265  0.00000  4.43164e+03 |266  0.00000  5.10569e+03 |267  0.00000  4.95711e+03
268  0.00000  4.25673e+03 |269  0.00000  4.47556e+03 |270  0.00000  3.92168e+03
271  0.00000  3.05122e+03 |272  0.00000  2.41055e+03 |273  0.00000  1.38463e+03
274  0.00000  6.32056e+02 |275  0.00000  3.17134e+02 |276  0.00000 -1.41189e+02
277  0.00000 -6.78751e+02 |278  0.00000 -8.40986e+02 |279  0.00000 -1.60987e+03
280  0.00000 -1.94651e+03 |281  0.00000 -2.27573e+03 |282  0.00000 -2.13019e+03
283  0.00000 -2.79850e+03 |284  0.00000 -3.30388e+03 |285  0.00000 -3.70882e+03
286  0.00000 -3.96907e+03 |287  0.00000 -4.35185e+03 |288  0.00000 -4.03864e+03
289  0.00000 -4.49999e+03 |290  0.00000 -4.60026e+03 |291  0.00000 -4.23352e+03
292  0.00000 -4.05141e+03 |293  0.00000 -3.08218e+03 |294  0.00000 -2.78616e+03
295  0.00000 -2.25519e+03 |296  0.00000 -1.77551e+03 |297  0.00000 -1.69448e+03
298  0.00000 -1.68562e+03 |299  0.00000 -1.76306e+03 |300  0.00000 -2.40621e+03
301  0.00000 -2.70855e+03 |302  0.00000 -2.61881e+03 |303  0.00000 -2.60568e+03
304  0.00000 -2.91438e+03 |305  0.00000 -3.14686e+03 |306  0.00000 -3.46688e+03
307  0.00000 -3.25332e+03 |308  0.00000 -3.68895e+03 |309  0.00000 -4.55238e+03
310  0.00000 -4.88763e+03 |311  0.00000 -4.90564e+03 |312  0.00000 -4.71009e+03
313  0.00000 -4.30834e+03 |314  0.00000 -3.24039e+03 |315  0.00000 -2.09010e+03
316  0.00000 -1.53164e+03 |317  0.00000 -1.08474e+03 |318  0.00000 -1.83050e+02
319  0.00000  4.37804e+02 |320  0.00000  9.93080e+02 |321  0.00000  1.79521e+03
322  0.00000  2.35847e+03 |323  0.00000  2.55140e+03 |324  0.00000  2.71630e+03
325  0.00000  1.52064e+03 |

Intermediate statistics: 325 variables; iteration 20; function evaluation 26; phase 5
Function value 3.2854523e+03; maximum gradient component mag -1.0200e+04
Var    Value     Gradient |Var    Value     Gradient |Var    Value     Gradient
  1 -0.03565 -1.01999e+04 |  2  0.18689  8.59637e+00 |  3  0.20412  8.39479e+00
  4  0.08009  2.70369e+01 |  5 -0.03437  4.75659e+00 |  6  0.13611  4.24281e+01
  7  0.08917  4.91692e+01 |  8  0.00329 -7.72271e+00 |  9  0.05322 -1.34320e+01
 10  0.03613  1.00865e+02 | 11  0.20479 -6.13639e+00 | 12 -0.10986  1.01168e+02
 13 -0.06270  5.34470e+01 | 14 -0.17592  8.57076e+01 | 15 -0.22759  7.91770e+01
 16  0.23172 -1.05173e+02 | 17 -0.00205  7.32863e+01 | 18 -0.08899  1.06096e+02
 19 -0.03845  1.03432e+02 | 20  0.00047  7.96903e+01 | 21 -0.09584  9.04107e+01
 22  0.04398  2.52349e+01 | 23 -0.10522  8.79041e+01 | 24 -0.01919  5.93855e+01
 25  0.00620 -1.33395e+01 | 26  0.02839 -4.35381e+01 | 27 -0.12767  4.85173e+01
 28  0.01932 -6.19022e+01 | 29  0.05029 -1.57897e+02 | 30 -0.07920  6.29126e+00
 31 -0.21551  6.50104e+01 | 32  0.05383 -9.50072e+01 | 33  0.04265 -7.29441e+01
 34  0.06549 -1.11197e+02 | 35  0.04622 -1.03937e+02 | 36 -0.04152 -2.33289e+01
 37 -0.03060 -7.37391e+01 | 38  0.07055 -9.15017e+01 | 39 -0.04975  2.50286e+01
 40  0.21134 -3.99602e+02 | 41  0.01569 -4.37872e+01 | 42  0.08092 -7.63518e+01
 43 -0.06502  1.53826e+01 | 44  0.18096 -3.71569e+02 | 45 -0.03707 -3.79841e+00
 46 -0.02922 -1.13049e+01 | 47 -0.01144 -4.27755e+01 | 48 -0.09006  2.95749e+01
 49  0.11724 -2.41042e+02 | 50  0.01240 -6.78132e+01 | 51 -0.00094 -4.53061e+01
 52  0.02105 -4.47445e+01 | 53 -0.03389  6.27571e+00 | 54  0.08427 -1.56562e+02
 55  0.00518 -4.84007e+01 | 56 -0.05200  1.54854e+01 | 57 -0.05584  1.76799e+01
 58  0.08610 -1.31069e+02 | 59 -0.03688  5.47931e+00 | 60  0.02200 -2.44154e+01
 61  0.00414  3.50747e+01 | 62  0.06797  4.75618e+00 | 63  0.09975 -1.44460e+01
 64 -0.06305  7.17911e+01 | 65 -0.01157  8.10034e+01 | 66  0.04550  8.21691e+01
 67  0.01020  8.06573e+01 | 68 -0.04126  1.06693e+02 | 69  0.03251  1.14511e+02
 70  0.00803  9.40850e+01 | 71  0.15165  1.87589e+02 | 72 -0.07096  8.41961e+01
 73 -0.03065  9.44971e+01 | 74 -0.03812  1.05524e+02 | 75  0.01795  6.66971e+01
 76 -0.05900  1.01973e+02 | 77  0.02396  8.47773e+01 | 78 -0.52600 -1.91216e+01
 79 -0.66992  2.33914e+01 | 80 -0.80219  2.89993e+01 | 81 -0.70707  3.30796e+01
 82 -0.77096 -2.56408e+00 | 83 -0.77231  1.36884e+01 | 84 -0.82440  1.17144e+01
 85 -0.84681  1.11780e+01 | 86 -0.82824  2.30612e+00 | 87 -0.74254  1.33892e+01
 88 -0.82089  5.08863e+00 | 89 -0.81242  1.33262e+01 | 90 -0.81594 -8.01117e+00
 91 -0.78374  1.91293e+01 | 92 -0.80776  4.59361e+00 | 93 -0.80946 -2.71563e+00
 94 -0.77971  2.17354e+00 | 95 -0.79642 -1.34777e+01 | 96 -0.78635 -1.06734e+01
 97 -0.83747 -1.69313e+00 | 98 -0.83404  7.40244e+00 | 99 -0.85452  4.82807e+00
100 -0.89228 -4.03356e+00 |101 -0.89696 -5.84583e+00 |102  0.38174 -2.38720e+02
103  0.22171 -1.46942e+03 |104  0.17457 -1.32295e+03 |105  0.08898 -4.34055e+01
106 -0.16970 -2.56446e+02 |107 -0.20619 -2.38967e+02 |108 -0.17554 -1.10531e+02
109  0.00140  6.70901e+02 |110  0.16818  5.61455e+01 |111 -0.02511 -2.75684e+01
112  0.17311 -1.52646e+01 |113 -0.09824 -3.55891e+00 |114  0.41892 -3.63814e-04
115 -0.05369 -9.49552e+01 |116 -0.34486 -3.69591e+00 |117 -0.20858 -1.22022e+01
118 -0.23140  5.64307e+00 |119 -0.29109  7.93594e+00 |120  0.05849  6.70049e+00
121 -0.16642  1.82168e+01 |122  0.00264 -1.20422e+03 |123  0.00186 -1.18525e+03
124  0.00137 -1.17190e+03 |125 -0.00030 -1.09778e+03 |126 -0.00041 -1.09321e+03
127 -0.00047 -1.08707e+03 |128 -0.00045 -1.08453e+03 |129 -0.00043 -1.08186e+03
130 -0.00057 -9.55476e+02 |131 -0.00156 -9.29127e+02 |132 -0.00190 -9.19705e+02
133 -0.00276 -9.02694e+02 |134 -0.00162 -8.82564e+02 |135 -0.00155 -8.59665e+02
136  0.00153 -8.59566e+02 |137  0.00173 -8.44718e+02 |138  0.00049 -8.04890e+02
139  0.00134 -8.01959e+02 |140 -0.00292 -7.20633e+02 |141 -0.00289 -7.12231e+02
142 -0.00005 -7.47848e+02 |143  0.00257 -7.29678e+02 |144  0.00068 -6.84686e+02
145  0.00018 -6.71598e+02 |146  0.00059 -6.53038e+02 |147 -0.00290 -5.25867e+02
148  0.00522 -5.76926e+02 |149  0.00293 -4.98121e+02 |150  0.00220 -4.71498e+02
151  0.00146 -4.36018e+02 |152  0.00197 -4.14971e+02 |153  0.00155 -3.97484e+02
154 -0.00351 -2.25936e+02 |155 -0.00389 -2.09105e+02 |156 -0.00206 -2.09731e+02
157 -0.00193 -2.00648e+02 |158 -0.00353 -5.82627e+01 |159 -0.00481 -1.90854e+01
160 -0.00450 -6.86255e-01 |161  0.00739 -8.71414e+01 |162  0.00521 -2.73772e+01
163  0.00379 -2.72371e+00 |164 -0.00032  5.28670e+01 |165 -0.00252  7.61819e+01
166  0.00203 -5.61595e-01 |167  0.00200 -1.22120e+01 |168 -0.00250 -1.53372e+01
169 -0.00391 -3.81585e+01 |170 -0.00668 -1.70054e+01 |171 -0.00487 -7.04495e+01
172  0.00339 -2.09139e+02 |173 -0.00383 -8.74690e+01 |174  0.00502 -2.03228e+02
175  0.01028 -2.34199e+02 |176  0.00579 -1.39917e+02 |177  0.00099 -6.44567e+01
178  0.00032 -5.47262e+01 |179 -0.00063 -3.52920e+01 |180  0.00066 -3.84859e+01
181  0.00023 -3.35355e+01 |182 -0.00006 -3.55539e+01 |183 -0.00093 -3.08611e+01
184 -0.00091 -4.54218e+01 |185 -0.00649 -2.86019e+01 |186 -0.00703 -2.77219e+01
187 -0.00702 -4.01866e+01 |188 -0.00830 -3.36412e+01 |189  0.00446 -7.70014e+01
190  0.00192 -6.51309e+03 |191  0.00352 -6.36603e+03 |192 -0.00396 -6.09653e+03
193  0.00096 -5.80057e+03 |194 -0.00007 -5.01935e+03 |195 -0.00186 -4.92478e+03
196  0.00016 -4.81207e+03 |197 -0.00035 -4.73249e+03 |198 -0.00393 -4.51645e+03
199  0.00358 -4.24785e+03 |200  0.00110 -4.18608e+03 |201 -0.00479 -4.16712e+03
202  0.00052 -4.16118e+03 |203  0.00442 -4.18062e+03 |204 -0.00379 -4.15100e+03
205  0.00306 -4.44432e+03 |206  0.00209 -4.47231e+03 |207 -0.00021 -4.65916e+03
208 -0.00321 -4.79565e+03 |209  0.00461 -5.02173e+03 |210 -0.00337 -5.05457e+03
211  0.00056 -5.41767e+03 |212  0.00076 -5.54517e+03 |213  0.00086 -5.56915e+03
214 -0.00695 -5.50155e+03 |215  0.00334 -5.63034e+03 |216 -0.00192 -5.54731e+03
217  0.00055 -5.58359e+03 |218 -0.00073 -5.52762e+03 |219  0.00426 -5.42824e+03
220 -0.00354 -5.35307e+03 |221 -0.00003 -5.24506e+03 |222  0.00463 -5.08587e+03
223 -0.00256 -4.74240e+03 |224 -0.00036 -4.55206e+03 |225 -0.00025 -4.20276e+03
226  0.00011 -3.93115e+03 |227 -0.00035 -3.42430e+03 |228 -0.00770 -3.25617e+03
229  0.00416 -3.17226e+03 |230  0.00616 -2.94372e+03 |231 -0.00388 -2.76330e+03
232  0.00431 -2.49189e+03 |233 -0.00479 -2.26917e+03 |234 -0.00316 -2.01277e+03
235  0.00581 -1.66167e+03 |236 -0.00120 -1.51841e+03 |237  0.00281 -1.54957e+03
238  0.00145 -1.59293e+03 |239 -0.00428 -1.65466e+03 |240 -0.00424 -1.83308e+03
241  0.00591 -2.11627e+03 |242 -0.00588 -2.05985e+03 |243  0.00099 -1.90842e+03
244  0.00796 -1.48103e+03 |245  0.00285 -5.86761e+02 |246 -0.00641  1.57542e+02
247 -0.00555  3.46655e+02 |248  0.00591  7.58191e+02 |249  0.00433  1.15554e+03
250 -0.00400  1.36187e+03 |251 -0.00139  1.47542e+03 |252  0.00377  1.67731e+03
253 -0.00216  1.72775e+03 |254  0.00145  1.61825e+03 |255 -0.00324  1.60973e+03
256 -0.00298  1.26044e+03 |257  0.00520  8.00356e+02 |258 -0.00010 -5.72627e+03
259  0.00548 -5.33961e+03 |260 -0.00322 -5.04313e+03 |261  0.00165 -4.61925e+03
262  0.00039 -3.89581e+03 |263  0.00320 -3.54826e+03 |264 -0.00047 -3.31940e+03
265  0.00091 -3.20080e+03 |266 -0.00740 -2.94346e+03 |267 -0.00681 -2.59833e+03
268  0.00945 -2.72873e+03 |269 -0.00675 -2.70708e+03 |270 -0.00086 -2.76672e+03
271  0.00104 -2.91222e+03 |272 -0.00069 -3.24104e+03 |273  0.00022 -3.54456e+03
274  0.00175 -3.87559e+03 |275  0.00057 -4.14013e+03 |276  0.00137 -4.45543e+03
277  0.00253 -4.76113e+03 |278 -0.00496 -5.12663e+03 |279  0.00124 -5.52418e+03
280  0.00090 -5.68900e+03 |281  0.00485 -5.82787e+03 |282 -0.00437 -5.94689e+03
283 -0.00272 -5.98599e+03 |284  0.00272 -6.15360e+03 |285  0.00101 -6.30011e+03
286 -0.00106 -6.44786e+03 |287  0.00475 -6.55362e+03 |288 -0.00457 -6.67787e+03
289  0.00098 -6.78820e+03 |290  0.00049 -6.86664e+03 |291  0.00188 -6.76959e+03
292  0.00304 -6.79460e+03 |293 -0.00542 -6.41281e+03 |294  0.00039 -6.18333e+03
295  0.00234 -5.76673e+03 |296  0.00043 -5.71855e+03 |297 -0.00290 -5.46248e+03
298 -0.00318 -5.27362e+03 |299 -0.00409 -5.17148e+03 |300  0.00078 -4.87768e+03
301  0.00564 -4.78491e+03 |302  0.00102 -4.51918e+03 |303 -0.00408 -4.18226e+03
304  0.00131 -4.17772e+03 |305 -0.00254 -4.10355e+03 |306  0.00465 -4.02294e+03
307 -0.00082 -3.99594e+03 |308 -0.00167 -4.10406e+03 |309 -0.00159 -4.18919e+03
310  0.00434 -4.15670e+03 |311 -0.00149 -3.85628e+03 |312 -0.00502 -3.33458e+03
313  0.00608 -2.56649e+03 |314  0.00488 -1.84422e+03 |315 -0.00254 -1.32141e+03
316 -0.00359 -6.93481e+02 |317  0.00270 -2.08380e+02 |318 -0.00034  2.25974e+02
319  0.00065  6.29877e+02 |320  0.00169  9.78188e+02 |321 -0.00017  1.19414e+03
322 -0.00227  1.29860e+03 |323  0.00454  1.36730e+03 |324 -0.00821  1.17552e+03
325 -0.00476  7.24724e+02 |
325 variables; iteration 40; function evaluation 46; phase 5
Function value 3.2627601e+03; maximum gradient component mag -6.9867e+03
Var    Value     Gradient |Var    Value     Gradient |Var    Value     Gradient
  1 -0.03514 -5.15672e+03 |  2  0.16868  7.32574e-01 |  3  0.17927 -8.58210e+00
  4  0.05117  1.25333e+01 |  5 -0.04330 -3.96192e+00 |  6  0.08829 -4.91963e+01
  7  0.04642 -4.85198e+01 |  8 -0.00245 -2.46210e+01 |  9  0.05055 -1.04067e+01
 10  0.02269  4.77219e+01 | 11  0.21770  5.18420e+01 | 12 -0.11564  5.13091e+01
 13 -0.04299  5.59110e+01 | 14 -0.16908  4.16456e+01 | 15 -0.21759  3.10670e+01
 16  0.24068  1.39227e+02 | 17 -0.00445  5.48802e+01 | 18 -0.10007  5.67080e+01
 19 -0.05029  4.29881e+01 | 20 -0.01081  4.08009e+01 | 21 -0.09854  4.19405e+01
 22  0.03742  2.60170e+01 | 23 -0.11719  3.57591e+01 | 24 -0.03461  8.64557e+00
 25  0.01480  1.70139e+01 | 26  0.02805 -1.58554e+01 | 27 -0.12282  1.10819e+01
 28  0.01885 -4.08154e+01 | 29  0.06151 -6.66338e+01 | 30 -0.07827 -4.24094e+00
 31 -0.21324  9.65779e+00 | 32  0.04181 -8.32097e+01 | 33  0.05118 -5.74632e+01
 34  0.06233 -6.67173e+01 | 35  0.04287 -9.26322e+01 | 36 -0.04032 -2.39750e+01
 37 -0.01536 -4.67796e+01 | 38  0.06091 -9.37976e+01 | 39 -0.06052  3.07253e+00
 40  0.21180 -2.45357e+02 | 41  0.02351 -2.37719e+01 | 42  0.08189 -3.71916e+01
 43 -0.06189  8.05459e+00 | 44  0.17983 -2.25222e+02 | 45 -0.03431  4.41787e-01
 46 -0.03061 -2.00446e+01 | 47 -0.01142 -4.05987e+01 | 48 -0.08745  1.60652e+01
 49  0.11618 -1.67263e+02 | 50  0.01247 -4.67570e+01 | 51 -0.00039 -2.56621e+01
 52  0.02053 -2.31670e+01 | 53 -0.03333  7.58169e+00 | 54  0.08399 -5.66544e+01
 55  0.00510 -1.46790e+01 | 56 -0.05220  3.10891e+00 | 57 -0.05522  9.86016e+00
 58  0.08551 -6.56295e+01 | 59 -0.03620  1.09863e+00 | 60  0.02085 -2.75364e+01
 61  0.00404  1.75966e+01 | 62  0.06748 -1.17049e+01 | 63  0.09969  2.24120e+00
 64 -0.06175  4.99407e+01 | 65 -0.01232  3.87935e+01 | 66  0.04512  4.62168e+01
 67  0.01021  3.99780e+01 | 68 -0.04117  6.03771e+01 | 69  0.03336  8.94535e+01
 70  0.00922  6.94062e+01 | 71  0.15092  1.21456e+02 | 72 -0.06551  7.30268e+01
 73 -0.03018  6.62434e+01 | 74 -0.03652  5.97929e+01 | 75  0.01602 -3.50521e+01
 76 -0.05732  5.04201e+01 | 77  0.02566  4.39728e+01 | 78 -0.49553  1.37560e+01
 79 -0.66713  1.10049e+01 | 80 -0.80570  6.82886e+00 | 81 -0.70632  1.39129e+01
 82 -0.75901 -2.21761e-01 | 83 -0.77109  6.60496e+00 | 84 -0.82261  6.67079e+00
 85 -0.84868  2.00957e+00 | 86 -0.82657  3.16165e+00 | 87 -0.74192  6.71477e+00
 88 -0.81845  4.48440e+00 | 89 -0.81107  6.74360e+00 | 90 -0.80365 -6.38897e+00
 91 -0.79052  7.35338e+00 | 92 -0.80779  6.34502e-01 | 93 -0.80832 -1.40231e+00
 94 -0.78329 -2.99420e+00 | 95 -0.79340 -5.04391e+00 | 96 -0.78701 -8.37267e+00
 97 -0.84358 -1.92056e+01 | 98 -0.84332 -2.32846e+01 | 99 -0.86098 -1.77566e+01
100 -0.89375 -6.01536e+00 |101 -0.89745 -2.33162e+00 |102  0.38276 -2.20900e+02
103  0.22276 -1.43489e+03 |104  0.17492 -1.15616e+03 |105  0.08887 -2.96412e+01
106 -0.16952 -1.18562e+02 |107 -0.20601 -6.38679e+01 |108 -0.17633  2.73692e+01
109  0.00167  1.04285e+03 |110  0.16800  1.61365e+02 |111 -0.02523  5.76918e+01
112  0.17351  1.89413e+01 |113 -0.09590 -1.58799e+00 |114  0.41892 -3.51783e-04
115 -0.05345 -5.15728e+01 |116 -0.34484 -2.56824e+01 |117 -0.20742 -6.43897e+00
118 -0.23393  2.64446e+00 |119 -0.29312  5.32853e+00 |120  0.05773  1.44776e+01
121 -0.17097  2.01766e+01 |122  0.00762 -1.11420e+03 |123  0.00126 -1.10526e+03
124  0.00232 -1.09717e+03 |125 -0.00278 -1.04080e+03 |126 -0.00262 -1.03790e+03
127 -0.00206 -1.03279e+03 |128 -0.00141 -1.02941e+03 |129 -0.00122 -1.02646e+03
130  0.00823 -8.69665e+02 |131  0.00048 -8.55775e+02 |132 -0.00222 -8.51454e+02
133 -0.00639 -8.41268e+02 |134 -0.00125 -8.47463e+02 |135 -0.00859 -8.41942e+02
136  0.00723 -8.34331e+02 |137  0.00426 -8.34417e+02 |138 -0.00322 -8.27404e+02
139  0.01228 -8.20377e+02 |140 -0.01197 -8.06853e+02 |141 -0.01264 -8.06473e+02
142  0.01063 -8.00440e+02 |143  0.01165 -8.36034e+02 |144 -0.00574 -8.27865e+02
145 -0.01083 -8.20979e+02 |146  0.01438 -7.99358e+02 |147 -0.01913 -7.67272e+02
148  0.02126 -7.36651e+02 |149  0.00121 -7.20714e+02 |150 -0.00225 -7.13619e+02
151 -0.00891 -6.92615e+02 |152  0.00847 -6.42960e+02 |153  0.00862 -6.27783e+02
154 -0.01251 -5.22022e+02 |155 -0.01175 -5.00560e+02 |156  0.00406 -4.62584e+02
157  0.00566 -4.47150e+02 |158  0.00222 -3.75151e+02 |159 -0.01114 -3.61611e+02
160 -0.01145 -3.62775e+02 |161  0.02016 -4.06462e+02 |162 -0.00878 -3.93892e+02
163  0.01532 -2.91578e+02 |164 -0.00542 -2.71522e+02 |165 -0.01409 -2.53483e+02
166  0.00761 -2.09039e+02 |167  0.00224 -1.91680e+02 |168 -0.00241 -1.40292e+02
169  0.00259 -1.29749e+02 |170 -0.01590 -1.18518e+02 |171 -0.00110 -1.13104e+02
172  0.02610 -1.77285e+02 |173 -0.03195 -1.91411e+02 |174  0.00935 -1.91124e+02
175  0.01603 -1.51814e+02 |176  0.00527 -7.81977e+01 |177 -0.00162 -1.45828e+01
178 -0.00175 -3.89095e+00 |179 -0.00511  1.89884e+01 |180  0.00283  6.33906e+01
181  0.00021  8.69007e+01 |182  0.00160  9.45212e+01 |183 -0.00283  1.17747e+02
184  0.00356  1.31054e+02 |185 -0.00652  1.62152e+02 |186 -0.00822  1.66653e+02
187  0.00006  1.49717e+02 |188 -0.01404  1.36458e+02 |189  0.01777  3.98773e+01
190  0.00807 -6.36184e+03 |191 -0.00099 -6.26142e+03 |192 -0.00761 -6.02531e+03
193  0.00656 -5.76068e+03 |194 -0.00111 -5.17870e+03 |195 -0.01165 -5.11926e+03
196  0.00993 -4.95487e+03 |197 -0.00422 -4.88815e+03 |198 -0.01413 -4.64358e+03
199  0.01351 -4.09739e+03 |200 -0.00189 -4.01601e+03 |201 -0.00021 -3.96349e+03
202 -0.00031 -3.98237e+03 |203  0.00794 -4.06894e+03 |204 -0.00873 -4.10236e+03
205  0.00430 -4.38889e+03 |206  0.00142 -4.43887e+03 |207  0.00243 -4.60892e+03
208 -0.00641 -4.74804e+03 |209  0.00843 -4.92052e+03 |210 -0.00750 -4.95560e+03
211  0.00238 -5.27601e+03 |212 -0.00169 -5.36332e+03 |213  0.00589 -5.32710e+03
214 -0.01816 -5.29401e+03 |215  0.01503 -5.37809e+03 |216 -0.00639 -5.27578e+03
217  0.00237 -5.23748e+03 |218  0.00148 -5.18737e+03 |219  0.00546 -5.20422e+03
220 -0.00686 -5.12157e+03 |221  0.00027 -5.17274e+03 |222  0.00965 -5.04990e+03
223 -0.00496 -4.76230e+03 |224 -0.00404 -4.62495e+03 |225  0.00239 -4.25828e+03
226 -0.00151 -4.08327e+03 |227  0.00171 -3.57773e+03 |228 -0.01408 -3.47653e+03
229  0.00914 -3.45761e+03 |230  0.00566 -3.37536e+03 |231 -0.00628 -3.17007e+03
232  0.00569 -2.89047e+03 |233 -0.00420 -2.62707e+03 |234 -0.00410 -2.25771e+03
235  0.00651 -1.78964e+03 |236 -0.00268 -1.51269e+03 |237  0.00339 -1.34072e+03
238  0.00167 -1.31631e+03 |239 -0.00266 -1.32283e+03 |240 -0.00651 -1.55655e+03
241  0.01021 -1.86404e+03 |242 -0.00920 -1.84223e+03 |243  0.00147 -1.60158e+03
244  0.00909 -1.16277e+03 |245  0.00239 -4.07296e+02 |246 -0.00553  2.92063e+02
247 -0.00852  4.62807e+02 |248  0.00782  8.51105e+02 |249  0.00301  1.25128e+03
250 -0.00386  1.53634e+03 |251 -0.00116  1.70891e+03 |252  0.00413  1.96018e+03
253 -0.00222  2.07843e+03 |254  0.00656  2.00618e+03 |255 -0.01593  1.92129e+03
256  0.00832  1.65842e+03 |257  0.00215  9.31984e+02 |258  0.00177 -5.00462e+03
259  0.00577 -4.70644e+03 |260 -0.00175 -4.40962e+03 |261 -0.00114 -4.05451e+03
262  0.00191 -3.49687e+03 |263  0.00666 -3.15937e+03 |264 -0.00701 -2.93915e+03
265  0.00423 -2.73690e+03 |266  0.00065 -2.45758e+03 |267 -0.01796 -1.92145e+03
268  0.01077 -2.02070e+03 |269 -0.00863 -2.00692e+03 |270  0.00073 -2.10409e+03
271 -0.00100 -2.41550e+03 |272  0.00313 -2.74667e+03 |273 -0.00157 -3.14811e+03
274  0.00213 -3.56765e+03 |275  0.00022 -3.89010e+03 |276  0.00402 -4.31737e+03
277 -0.00024 -4.72320e+03 |278 -0.00308 -5.11403e+03 |279  0.00127 -5.54214e+03
280  0.00115 -5.88968e+03 |281  0.00227 -6.18467e+03 |282  0.00333 -6.34502e+03
283 -0.01267 -6.47722e+03 |284  0.00625 -6.60542e+03 |285 -0.00118 -6.71630e+03
286 -0.00143 -6.84352e+03 |287  0.00357 -6.96262e+03 |288 -0.00287 -6.92337e+03
289 -0.00212 -6.98671e+03 |290 -0.00149 -6.89367e+03 |291  0.00561 -6.68176e+03
292  0.00562 -6.55729e+03 |293 -0.00712 -6.16495e+03 |294  0.00118 -5.90108e+03
295  0.00218 -5.46537e+03 |296  0.00752 -5.38077e+03 |297 -0.00915 -5.35458e+03
298 -0.00272 -5.29364e+03 |299 -0.00239 -5.26647e+03 |300 -0.00140 -5.06039e+03
301  0.00520 -4.99136e+03 |302  0.00117 -4.65722e+03 |303 -0.00580 -4.24644e+03
304  0.00358 -4.04756e+03 |305 -0.00183 -3.87638e+03 |306  0.00490 -3.91049e+03
307 -0.00134 -3.97397e+03 |308 -0.00056 -4.19345e+03 |309 -0.00453 -4.39391e+03
310  0.00572 -4.30918e+03 |311 -0.00217 -3.95464e+03 |312 -0.00480 -3.41129e+03
313  0.00590 -2.72511e+03 |314  0.00413 -2.01641e+03 |315  0.00086 -1.41861e+03
316 -0.00646 -8.99236e+02 |317  0.00290 -3.84874e+02 |318 -0.00006  1.09410e+02
319  0.00071  5.30729e+02 |320  0.00029  9.03101e+02 |321  0.00067  1.25336e+03
322 -0.00352  1.39295e+03 |323  0.01191  1.57325e+03 |324 -0.01499  1.35456e+03
325 -0.00433  7.66800e+02 |
325 variables; iteration 60; function evaluation 66; phase 5
Function value 3.2598221e+03; maximum gradient component mag -6.7531e+03
Var    Value     Gradient |Var    Value     Gradient |Var    Value     Gradient
  1 -0.03421 -3.74689e+03 |  2  0.14663 -8.72891e+00 |  3  0.17036 -3.00197e+01
  4  0.00938 -9.01385e+00 |  5 -0.04904 -8.65249e+00 |  6  0.08102 -3.52666e+01
  7  0.05636 -2.25971e+01 |  8  0.00570 -4.44995e-01 |  9  0.05046  4.06046e+00
 10  0.01784  3.73573e+01 | 11  0.21608  6.37149e+01 | 12 -0.11763  4.10777e+01
 13 -0.04236  5.55267e+01 | 14 -0.15118  4.60158e+01 | 15 -0.18191  3.88705e+01
 16  0.23708  1.84568e+02 | 17  0.00326  6.48063e+01 | 18 -0.10513  5.01584e+01
 19 -0.04731  5.04053e+01 | 20 -0.01273  4.34406e+01 | 21 -0.09508  4.46489e+01
 22  0.03505  3.88239e+01 | 23 -0.12026  3.08592e+01 | 24 -0.03330  1.43988e+01
 25  0.00940  7.71511e+00 | 26  0.02285 -2.08861e+01 | 27 -0.10819  1.84243e+01
 28  0.01476 -4.52551e+01 | 29  0.05591 -6.89170e+01 | 30 -0.08098 -8.60388e+00
 31 -0.18646  1.31224e+01 | 32  0.03515 -8.04922e+01 | 33  0.05749 -3.98733e+01
 34  0.05274 -7.00990e+01 | 35  0.04684 -7.49584e+01 | 36 -0.04821 -2.41830e+01
 37 -0.00717 -2.72063e+01 | 38  0.05984 -7.79962e+01 | 39 -0.06819 -1.11553e+01
 40  0.21181 -1.87759e+02 | 41  0.02054 -2.40616e+01 | 42  0.08110 -3.03376e+01
 43 -0.06332  5.60222e+00 | 44  0.17836 -1.85160e+02 | 45 -0.03622 -5.57399e+00
 46 -0.03180 -2.18524e+01 | 47 -0.01360 -4.69999e+01 | 48 -0.08925  5.79806e+00
 49  0.11488 -1.43743e+02 | 50  0.01177 -3.56518e+01 | 51 -0.00191 -2.80385e+01
 52  0.01909 -2.70879e+01 | 53 -0.03430  7.49674e+00 | 54  0.08275 -4.50803e+01
 55  0.00398 -1.45036e+01 | 56 -0.05268  6.33110e+00 | 57 -0.05622  7.55742e+00
 58  0.08454 -5.54921e+01 | 59 -0.03685  1.49979e+00 | 60  0.02039 -2.56609e+01
 61  0.00313  1.05413e+01 | 62  0.06673 -1.29714e+01 | 63  0.09880 -9.47256e+00
 64 -0.06283  3.39772e+01 | 65 -0.01324  2.91742e+01 | 66  0.04392  3.23910e+01
 67  0.00940  2.56544e+01 | 68 -0.04194  4.96476e+01 | 69  0.03216  7.52635e+01
 70  0.00826  5.77409e+01 | 71  0.14982  9.94364e+01 | 72 -0.06725  5.46441e+01
 73 -0.03121  4.96816e+01 | 74 -0.03879  2.60938e+01 | 75  0.01557 -3.04555e+01
 76 -0.05889  3.29741e+01 | 77  0.02420  2.71080e+01 | 78 -0.48551  2.78183e+01
 79 -0.66337  1.16592e+01 | 80 -0.80484  6.75945e+00 | 81 -0.70394  1.27850e+01
 82 -0.74794  1.02166e+01 | 83 -0.76959  6.32330e+00 | 84 -0.82217  6.01579e+00
 85 -0.84746  4.19453e+00 | 86 -0.82624  2.67314e+00 | 87 -0.73961  7.66832e+00
 88 -0.81761  5.53260e+00 | 89 -0.80871  9.03002e+00 | 90 -0.78371  9.29074e+00
 91 -0.79596  1.76453e+00 | 92 -0.80638  2.32169e+00 | 93 -0.80721  1.50535e-01
 94 -0.78289 -3.29273e+00 | 95 -0.79328 -5.57725e+00 | 96 -0.78669 -8.89709e+00
 97 -0.84195 -1.32651e+01 | 98 -0.84047 -1.37074e+01 | 99 -0.85918 -1.15007e+01
100 -0.89308 -3.58625e+00 |101 -0.89693  6.29874e-01 |102  0.38304 -2.23018e+02
103  0.22162 -1.41684e+03 |104  0.17527 -1.05739e+03 |105  0.08866 -7.44612e+01
106 -0.16933 -9.87279e+01 |107 -0.20611 -4.70898e+01 |108 -0.17646  4.43714e+01
109  0.00165  1.06452e+03 |110  0.16809  1.68087e+02 |111 -0.02541  5.16432e+01
112  0.17354  2.10749e+01 |113 -0.08989 -3.02590e-01 |114  0.41892 -3.09164e-04
115 -0.05267 -5.00293e+01 |116 -0.34573 -4.09843e+01 |117 -0.20814 -1.77718e+01
118 -0.23367 -5.65311e-01 |119 -0.29301  5.25851e+00 |120  0.05748  1.73347e+01
121 -0.17009  2.26162e+01 |122  0.00861 -1.12497e+03 |123 -0.00261 -1.11901e+03
124  0.00639 -1.10731e+03 |125 -0.00488 -1.05615e+03 |126 -0.00340 -1.05276e+03
127 -0.00261 -1.04702e+03 |128 -0.00228 -1.04273e+03 |129 -0.00289 -1.03832e+03
130  0.01518 -8.70136e+02 |131  0.00052 -8.59391e+02 |132 -0.00255 -8.56346e+02
133 -0.01040 -8.48115e+02 |134  0.00321 -8.46561e+02 |135 -0.01136 -8.49395e+02
136  0.00757 -8.42042e+02 |137  0.00494 -8.41000e+02 |138 -0.00388 -8.34070e+02
139  0.01283 -8.31437e+02 |140 -0.01157 -8.19339e+02 |141 -0.01455 -8.16925e+02
142  0.01010 -8.21041e+02 |143  0.01908 -8.35816e+02 |144 -0.00647 -8.35229e+02
145 -0.02069 -8.31914e+02 |146  0.02167 -7.97652e+02 |147 -0.02262 -7.77644e+02
148  0.02110 -7.53395e+02 |149 -0.00035 -7.28066e+02 |150  0.00309 -7.16868e+02
151 -0.01285 -7.01131e+02 |152  0.00900 -6.47753e+02 |153  0.00881 -6.32244e+02
154 -0.01063 -5.18457e+02 |155 -0.01136 -5.01126e+02 |156  0.00430 -4.70835e+02
157  0.00295 -4.59179e+02 |158  0.00537 -3.71068e+02 |159 -0.01628 -3.62953e+02
160 -0.01065 -3.54274e+02 |161  0.02545 -3.69939e+02 |162 -0.01188 -3.67023e+02
163  0.01359 -2.71564e+02 |164 -0.00612 -2.46204e+02 |165 -0.01218 -2.20728e+02
166  0.00670 -1.74451e+02 |167  0.00310 -1.49989e+02 |168 -0.00256 -9.44698e+01
169  0.00591 -7.84920e+01 |170 -0.01783 -7.56604e+01 |171 -0.00118 -8.06644e+01
172  0.02146 -1.68632e+02 |173 -0.02742 -1.69218e+02 |174  0.00922 -1.80251e+02
175  0.01619 -1.44740e+02 |176  0.00539 -7.67433e+01 |177 -0.00185 -1.67361e+01
178 -0.00030 -6.11456e+00 |179 -0.00652  1.23931e+01 |180  0.00244  5.06160e+01
181 -0.00160  7.10346e+01 |182  0.00305  8.09074e+01 |183 -0.00306  1.02182e+02
184  0.00405  1.17287e+02 |185 -0.00535  1.50060e+02 |186 -0.01251  1.50147e+02
187  0.00364  1.45834e+02 |188 -0.01435  1.25045e+02 |189  0.01650  3.33865e+01
190  0.00778 -6.27783e+03 |191 -0.00190 -6.18833e+03 |192 -0.00688 -5.94731e+03
193  0.00763 -5.68506e+03 |194 -0.00109 -5.11341e+03 |195 -0.01202 -5.05614e+03
196  0.01088 -4.90160e+03 |197 -0.00278 -4.82583e+03 |198 -0.02356 -4.57524e+03
199  0.02168 -4.00476e+03 |200 -0.00362 -3.93287e+03 |201  0.00174 -3.88292e+03
202 -0.00135 -3.95069e+03 |203  0.00806 -4.10139e+03 |204 -0.01007 -4.13388e+03
205  0.00477 -4.34893e+03 |206  0.00251 -4.38897e+03 |207  0.00105 -4.56907e+03
208 -0.00609 -4.71526e+03 |209  0.01074 -4.86277e+03 |210 -0.01103 -4.91760e+03
211  0.00352 -5.23721e+03 |212 -0.00075 -5.29515e+03 |213  0.00929 -5.26910e+03
214 -0.02523 -5.23730e+03 |215  0.01927 -5.30461e+03 |216 -0.00899 -5.19343e+03
217  0.00569 -5.15168e+03 |218 -0.00116 -5.16944e+03 |219  0.00801 -5.17369e+03
220 -0.00944 -5.10228e+03 |221  0.00096 -5.13000e+03 |222  0.01055 -5.03404e+03
223 -0.00627 -4.76720e+03 |224 -0.00409 -4.62030e+03 |225  0.00221 -4.24078e+03
226 -0.00078 -4.03126e+03 |227  0.00197 -3.50635e+03 |228 -0.01324 -3.40155e+03
229  0.00765 -3.38695e+03 |230  0.00647 -3.29281e+03 |231 -0.00632 -3.09845e+03
232  0.00576 -2.85789e+03 |233 -0.00418 -2.60725e+03 |234 -0.00388 -2.24988e+03
235  0.00600 -1.84320e+03 |236 -0.00318 -1.55939e+03 |237  0.00340 -1.36557e+03
238  0.00234 -1.30688e+03 |239 -0.00347 -1.33220e+03 |240 -0.00600 -1.55699e+03
241  0.00986 -1.91111e+03 |242 -0.00922 -1.88675e+03 |243  0.00148 -1.59538e+03
244  0.00903 -1.12457e+03 |245  0.00271 -3.41684e+02 |246 -0.00539  3.65184e+02
247 -0.00789  5.32100e+02 |248  0.00793  9.01910e+02 |249  0.00323  1.25206e+03
250 -0.00427  1.48540e+03 |251 -0.00129  1.63716e+03 |252  0.00350  1.89041e+03
253 -0.00207  2.04522e+03 |254  0.00668  1.95547e+03 |255 -0.01462  1.87680e+03
256  0.00604  1.59352e+03 |257  0.00279  8.99800e+02 |258  0.00496 -4.57686e+03
259  0.00422 -4.35372e+03 |260 -0.00324 -4.06789e+03 |261 -0.00172 -3.72095e+03
262  0.00237 -3.17807e+03 |263  0.00726 -2.85516e+03 |264 -0.00770 -2.64978e+03
265  0.00563 -2.43618e+03 |266  0.00579 -2.14080e+03 |267 -0.02498 -1.59459e+03
268  0.01169 -1.69690e+03 |269 -0.00949 -1.68472e+03 |270  0.00114 -1.82336e+03
271 -0.00134 -2.16898e+03 |272  0.00349 -2.49252e+03 |273 -0.00178 -2.83035e+03
274  0.00175 -3.27165e+03 |275  0.00111 -3.59911e+03 |276  0.00341 -4.05306e+03
277  0.00008 -4.46682e+03 |278 -0.00151 -4.91650e+03 |279 -0.00080 -5.34507e+03
280  0.00122 -5.66822e+03 |281  0.00239 -5.97119e+03 |282  0.00647 -6.11857e+03
283 -0.01593 -6.23418e+03 |284  0.00815 -6.37604e+03 |285 -0.00386 -6.51730e+03
286 -0.00013 -6.66637e+03 |287  0.00272 -6.73960e+03 |288 -0.00120 -6.70652e+03
289 -0.00306 -6.75312e+03 |290 -0.00196 -6.69617e+03 |291  0.00653 -6.51281e+03
292  0.00566 -6.41563e+03 |293 -0.00726 -6.03435e+03 |294  0.00076 -5.79691e+03
295  0.00236 -5.34343e+03 |296  0.00692 -5.27234e+03 |297 -0.00847 -5.24154e+03
298 -0.00339 -5.18220e+03 |299 -0.00193 -5.13965e+03 |300 -0.00176 -4.96557e+03
301  0.00522 -4.87839e+03 |302  0.00134 -4.53174e+03 |303 -0.00588 -4.15698e+03
304  0.00422 -3.93527e+03 |305 -0.00234 -3.77192e+03 |306  0.00497 -3.78599e+03
307 -0.00103 -3.85920e+03 |308 -0.00024 -4.08707e+03 |309 -0.00457 -4.34935e+03
310  0.00504 -4.31281e+03 |311 -0.00187 -3.91250e+03 |312 -0.00451 -3.36263e+03
313  0.00563 -2.70048e+03 |314  0.00400 -2.00791e+03 |315  0.00026 -1.41937e+03
316 -0.00633 -8.98961e+02 |317  0.00307 -3.77805e+02 |318 -0.00011  1.14633e+02
319  0.00041  5.49995e+02 |320  0.00046  9.60236e+02 |321  0.00139  1.36588e+03
322 -0.00339  1.47226e+03 |323  0.01038  1.60440e+03 |324 -0.01331  1.38266e+03
325 -0.00475  7.71953e+02 |
325 variables; iteration 80; function evaluation 86; phase 5
Function value 3.2588013e+03; maximum gradient component mag -6.6481e+03
Var    Value     Gradient |Var    Value     Gradient |Var    Value     Gradient
  1 -0.03395 -2.91474e+03 |  2  0.10170 -6.82871e+00 |  3  0.20230 -1.14040e+01
  4 -0.02959 -1.28669e+01 |  5 -0.03895 -3.63743e+00 |  6  0.08573 -2.22411e+01
  7  0.05167 -2.41948e+01 |  8  0.00007 -6.10043e+00 |  9  0.05137  8.27098e+00
 10  0.01980  3.56005e+01 | 11  0.21437  6.55225e+01 | 12 -0.11811  3.47359e+01
 13 -0.04332  5.25408e+01 | 14 -0.15116  4.12999e+01 | 15 -0.16506  4.23426e+01
 16  0.23621  2.08744e+02 | 17 -0.00011  5.85879e+01 | 18 -0.10494  4.61908e+01
 19 -0.04832  5.06306e+01 | 20 -0.01188  5.22887e+01 | 21 -0.09756  4.29754e+01
 22  0.03601  5.56548e+01 | 23 -0.11979  2.97897e+01 | 24 -0.03419  1.52926e+01
 25  0.01002  1.80070e+01 | 26  0.02365 -7.99685e+00 | 27 -0.11468  1.08725e+01
 28  0.01462 -3.74410e+01 | 29  0.05510 -5.77114e+01 | 30 -0.08464 -9.41314e+00
 31 -0.16801  1.85466e+01 | 32  0.03472 -7.63120e+01 | 33  0.05437 -3.40927e+01
 34  0.05463 -5.74315e+01 | 35  0.04395 -7.05382e+01 | 36 -0.04522 -2.39975e+01
 37 -0.01064 -2.96629e+01 | 38  0.05923 -7.65456e+01 | 39 -0.06476 -7.92361e+00
 40  0.21216 -1.67422e+02 | 41  0.02046 -2.27931e+01 | 42  0.08054 -2.84921e+01
 43 -0.06405  2.22228e-01 | 44  0.17795 -1.64522e+02 | 45 -0.03703 -1.03442e+01
 46 -0.03216 -2.26478e+01 | 47 -0.01369 -4.28033e+01 | 48 -0.08973  1.78959e+00
 49  0.11425 -1.43693e+02 | 50  0.01155 -3.10241e+01 | 51 -0.00195 -2.45817e+01
 52  0.01863 -2.88301e+01 | 53 -0.03453  7.55144e+00 | 54  0.08219 -4.67961e+01
 55  0.00363 -1.45481e+01 | 56 -0.05342 -8.02326e-01 | 57 -0.05625  9.25018e+00
 58  0.08414 -5.41426e+01 | 59 -0.03740 -6.63034e+00 | 60  0.02005 -2.44488e+01
 61  0.00239 -9.23493e-01 | 62  0.06619 -1.97325e+01 | 63  0.09832 -1.33111e+01
 64 -0.06345  2.60893e+01 | 65 -0.01349  2.65046e+01 | 66  0.04359  2.66257e+01
 67  0.00885  1.73943e+01 | 68 -0.04225  4.49302e+01 | 69  0.03176  6.34229e+01
 70  0.00760  4.38082e+01 | 71  0.14969  9.88640e+01 | 72 -0.06721  5.03325e+01
 73 -0.03132  4.71359e+01 | 74 -0.03931  1.47153e+01 | 75  0.01489 -4.58120e+01
 76 -0.05989  2.07413e+01 | 77  0.02376  1.90160e+01 | 78 -0.49773  1.47187e+01
 79 -0.66486  9.35526e+00 | 80 -0.80502  5.92591e+00 | 81 -0.70471  1.12048e+01
 82 -0.75304  3.83113e+00 | 83 -0.77018  5.39811e+00 | 84 -0.82213  5.98456e+00
 85 -0.84778  4.03906e+00 | 86 -0.82649  2.59133e+00 | 87 -0.74026  7.09367e+00
 88 -0.81772  5.27128e+00 | 89 -0.81019  7.22628e+00 | 90 -0.78967  3.96875e+00
 91 -0.79378  3.63832e+00 | 92 -0.80705  1.54621e+00 | 93 -0.80763 -2.56825e-01
 94 -0.78359 -3.89205e+00 | 95 -0.79347 -5.14524e+00 | 96 -0.78731 -8.98839e+00
 97 -0.84223 -1.27938e+01 | 98 -0.84107 -1.36305e+01 | 99 -0.85948 -1.05033e+01
100 -0.89313 -1.78379e+00 |101 -0.89669  4.04081e+00 |102  0.38355 -2.18786e+02
103  0.22197 -1.36483e+03 |104  0.17467 -9.60971e+02 |105  0.08880 -5.07967e+01
106 -0.16975 -1.34196e+02 |107 -0.20625 -5.38654e+01 |108 -0.17633  4.95854e+01
109  0.00165  1.06149e+03 |110  0.16806  1.72882e+02 |111 -0.02542  5.75449e+01
112  0.17330  2.27048e+01 |113 -0.07778  2.38135e+00 |114  0.41892 -2.95419e-04
115 -0.05301 -4.38221e+01 |116 -0.34527 -1.95631e+01 |117 -0.20786 -4.43642e+00
118 -0.23355  4.64245e+00 |119 -0.29345  6.64398e+00 |120  0.05803  1.89615e+01
121 -0.17090  2.21466e+01 |122  0.01022 -1.10376e+03 |123 -0.00516 -1.09969e+03
124  0.00667 -1.08690e+03 |125 -0.00453 -1.03574e+03 |126 -0.00127 -1.03186e+03
127 -0.00019 -1.02673e+03 |128 -0.00267 -1.02424e+03 |129 -0.00929 -1.02177e+03
130  0.01698 -8.50561e+02 |131 -0.00138 -8.40343e+02 |132 -0.00081 -8.35568e+02
133 -0.00967 -8.27376e+02 |134  0.00192 -8.25227e+02 |135 -0.00880 -8.24460e+02
136  0.00712 -8.28682e+02 |137  0.00404 -8.30186e+02 |138 -0.00375 -8.22482e+02
139  0.01195 -8.20339e+02 |140 -0.00992 -8.05308e+02 |141 -0.01494 -8.06571e+02
142  0.01051 -8.05870e+02 |143  0.01507 -8.34411e+02 |144 -0.00057 -8.28671e+02
145 -0.02570 -8.28008e+02 |146  0.02294 -7.95531e+02 |147 -0.02094 -7.70542e+02
148  0.02080 -7.48182e+02 |149 -0.00078 -7.26642e+02 |150  0.00295 -7.14107e+02
151 -0.01224 -6.99338e+02 |152  0.00855 -6.46846e+02 |153  0.00903 -6.30287e+02
154 -0.01088 -5.19414e+02 |155 -0.01131 -5.02091e+02 |156  0.00375 -4.69988e+02
157  0.00334 -4.56911e+02 |158  0.00435 -3.69304e+02 |159 -0.01459 -3.59051e+02
160 -0.01067 -3.53696e+02 |161  0.02336 -3.76907e+02 |162 -0.01025 -3.69350e+02
163  0.01362 -2.75373e+02 |164 -0.00572 -2.49969e+02 |165 -0.01234 -2.25578e+02
166  0.00657 -1.85383e+02 |167  0.00266 -1.62408e+02 |168 -0.00247 -1.02289e+02
169  0.00488 -8.47530e+01 |170 -0.01682 -7.85941e+01 |171 -0.00106 -7.83703e+01
172  0.02360 -1.68052e+02 |173 -0.02998 -1.76056e+02 |174  0.00991 -1.80462e+02
175  0.01601 -1.43751e+02 |176  0.00525 -7.55895e+01 |177 -0.00253 -1.55198e+01
178 -0.00020 -4.08279e+00 |179 -0.00621  1.58418e+01 |180  0.00263  5.78019e+01
181 -0.00067  7.89490e+01 |182  0.00269  8.74483e+01 |183 -0.00292  1.06875e+02
184  0.00420  1.19174e+02 |185 -0.00648  1.46312e+02 |186 -0.01076  1.48318e+02
187  0.00302  1.38828e+02 |188 -0.01500  1.16147e+02 |189  0.01528  2.58162e+01
190  0.00783 -6.04852e+03 |191 -0.00097 -5.97245e+03 |192 -0.00780 -5.74641e+03
193  0.00700 -5.49559e+03 |194 -0.00081 -4.93700e+03 |195 -0.01321 -4.87907e+03
196  0.01175 -4.71866e+03 |197  0.00019 -4.63687e+03 |198 -0.03016 -4.39147e+03
199  0.02602 -3.83065e+03 |200 -0.00302 -3.77272e+03 |201  0.00094 -3.72955e+03
202 -0.00095 -3.79994e+03 |203  0.00750 -3.95801e+03 |204 -0.00937 -4.00142e+03
205  0.00403 -4.21169e+03 |206  0.00253 -4.24507e+03 |207  0.00152 -4.44562e+03
208 -0.00643 -4.59287e+03 |209  0.00991 -4.73894e+03 |210 -0.00948 -4.78277e+03
211  0.00291 -5.11744e+03 |212 -0.00130 -5.17272e+03 |213  0.01296 -5.13813e+03
214 -0.02982 -5.12097e+03 |215  0.02034 -5.20630e+03 |216 -0.00786 -5.09179e+03
217  0.00454 -5.06104e+03 |218 -0.00020 -5.07358e+03 |219  0.00654 -5.08613e+03
220 -0.00838 -5.01117e+03 |221  0.00101 -5.04200e+03 |222  0.01051 -4.94230e+03
223 -0.00678 -4.70629e+03 |224 -0.00382 -4.54382e+03 |225  0.00262 -4.14953e+03
226 -0.00089 -3.94994e+03 |227  0.00216 -3.44663e+03 |228 -0.01343 -3.35664e+03
229  0.00753 -3.34327e+03 |230  0.00632 -3.24623e+03 |231 -0.00637 -3.05647e+03
232  0.00565 -2.81895e+03 |233 -0.00383 -2.55918e+03 |234 -0.00395 -2.21724e+03
235  0.00588 -1.82428e+03 |236 -0.00295 -1.53681e+03 |237  0.00353 -1.34765e+03
238  0.00156 -1.30875e+03 |239 -0.00267 -1.31495e+03 |240 -0.00706 -1.55766e+03
241  0.01099 -1.88622e+03 |242 -0.01020 -1.87253e+03 |243  0.00204 -1.55044e+03
244  0.00925 -1.08439e+03 |245  0.00264 -3.29047e+02 |246 -0.00564  3.64742e+02
247 -0.00789  5.34747e+02 |248  0.00815  9.10154e+02 |249  0.00312  1.24289e+03
250 -0.00405  1.48112e+03 |251 -0.00168  1.62566e+03 |252  0.00356  1.87131e+03
253 -0.00209  2.01931e+03 |254  0.00660  1.94881e+03 |255 -0.01470  1.86750e+03
256  0.00653  1.59790e+03 |257  0.00263  9.06729e+02 |258  0.00406 -4.15855e+03
259  0.00466 -3.97831e+03 |260 -0.00219 -3.71295e+03 |261 -0.00162 -3.40402e+03
262  0.00177 -2.88748e+03 |263  0.00839 -2.57840e+03 |264 -0.00882 -2.37405e+03
265  0.00562 -2.15454e+03 |266  0.01017 -1.86082e+03 |267 -0.02928 -1.33366e+03
268  0.01138 -1.44655e+03 |269 -0.00914 -1.43987e+03 |270  0.00089 -1.58164e+03
271 -0.00112 -1.92559e+03 |272  0.00296 -2.24746e+03 |273 -0.00090 -2.56975e+03
274  0.00179 -3.03769e+03 |275  0.00044 -3.39811e+03 |276  0.00385 -3.84405e+03
277 -0.00008 -4.27249e+03 |278 -0.00220 -4.71800e+03 |279 -0.00015 -5.15952e+03
280  0.00138 -5.47981e+03 |281  0.00174 -5.79707e+03 |282  0.00867 -5.95068e+03
283 -0.01780 -6.08301e+03 |284  0.00755 -6.22622e+03 |285 -0.00280 -6.35532e+03
286 -0.00049 -6.49919e+03 |287  0.00359 -6.59434e+03 |288 -0.00212 -6.58509e+03
289 -0.00276 -6.64810e+03 |290 -0.00210 -6.60306e+03 |291  0.00648 -6.42764e+03
292  0.00550 -6.32692e+03 |293 -0.00720 -5.92899e+03 |294  0.00082 -5.69140e+03
295  0.00246 -5.25433e+03 |296  0.00654 -5.19287e+03 |297 -0.00823 -5.15688e+03
298 -0.00316 -5.09078e+03 |299 -0.00192 -5.06277e+03 |300 -0.00163 -4.89686e+03
301  0.00492 -4.82783e+03 |302  0.00137 -4.49095e+03 |303 -0.00582 -4.12432e+03
304  0.00393 -3.90723e+03 |305 -0.00225 -3.73380e+03 |306  0.00535 -3.74069e+03
307 -0.00142 -3.81749e+03 |308  0.00065 -4.05002e+03 |309 -0.00560 -4.32902e+03
310  0.00572 -4.27036e+03 |311 -0.00220 -3.86600e+03 |312 -0.00456 -3.32307e+03
313  0.00564 -2.67607e+03 |314  0.00408 -1.98979e+03 |315  0.00027 -1.40826e+03
316 -0.00632 -8.86029e+02 |317  0.00279 -3.85659e+02 |318 -0.00008  1.29336e+02
319  0.00086  5.72584e+02 |320  0.00035  9.59509e+02 |321  0.00120  1.34284e+03
322 -0.00323  1.46025e+03 |323  0.01015  1.57517e+03 |324 -0.01358  1.36763e+03
325 -0.00436  7.85297e+02 |
325 variables; iteration 100; function evaluation 106; phase 5
Function value 3.2560226e+03; maximum gradient component mag -6.3307e+03
Var    Value     Gradient |Var    Value     Gradient |Var    Value     Gradient
  1 -0.03389 -1.58824e+03 |  2 -0.00697 -1.68672e+01 |  3  0.21677  6.32884e+00
  4 -0.03935 -8.35743e+00 |  5 -0.03640  3.26111e+00 |  6  0.08564 -4.40423e+00
  7  0.05287 -1.55793e+01 |  8 -0.01152 -1.78401e+01 |  9  0.04802  9.40295e+00
 10  0.02938  4.22161e+01 | 11  0.21411  9.66006e+01 | 12 -0.11466  2.87069e+01
 13 -0.04624  4.29129e+01 | 14 -0.14622  3.56246e+01 | 15 -0.17638  2.97352e+01
 16  0.23675  2.73340e+02 | 17  0.00081  6.24381e+01 | 18 -0.10656  3.96239e+01
 19 -0.04779  5.49334e+01 | 20 -0.01152  5.91235e+01 | 21 -0.09780  3.98019e+01
 22  0.03423  7.03697e+01 | 23 -0.11914  2.89966e+01 | 24 -0.03390  2.49722e+01
 25  0.01060  3.59859e+01 | 26  0.02460  1.60899e+01 | 27 -0.10812  1.61657e+01
 28  0.01295 -2.71575e+01 | 29  0.05471 -2.46470e+01 | 30 -0.07896 -2.17100e+00
 31 -0.18853  3.41232e+00 | 32  0.03970 -4.66794e+01 | 33  0.04722 -3.41971e+01
 34  0.05745 -3.28895e+01 | 35  0.04493 -4.59661e+01 | 36 -0.04978 -2.54749e+01
 37 -0.01248 -2.50900e+01 | 38  0.06315 -4.93482e+01 | 39 -0.06309 -6.59990e+00
 40  0.21186 -1.35397e+02 | 41  0.02120 -1.73565e+01 | 42  0.08091 -9.57976e+00
 43 -0.06337  1.49242e+00 | 44  0.17753 -1.51183e+02 | 45 -0.03626 -7.73986e+00
 46 -0.03161 -2.01152e+01 | 47 -0.01371 -4.72642e+01 | 48 -0.08956 -3.97449e+00
 49  0.11451 -1.22342e+02 | 50  0.01122 -4.02715e+01 | 51 -0.00247 -3.59859e+01
 52  0.01900 -2.40684e+01 | 53 -0.03479 -4.12439e+00 | 54  0.08174 -6.63978e+01
 55  0.00371 -2.08591e+01 | 56 -0.05311 -4.23771e+00 | 57 -0.05602  1.33124e+00
 58  0.08445 -5.09747e+01 | 59 -0.03726 -1.56390e+01 | 60  0.01986 -3.76653e+01
 61  0.00253 -1.19237e+01 | 62  0.06576 -5.15082e+01 | 63  0.09857 -2.95811e+01
 64 -0.06310  1.40173e+01 | 65 -0.01304  1.40094e+01 | 66  0.04341 -1.91550e+00
 67  0.00930  1.86538e+00 | 68 -0.04180  3.18870e+01 | 69  0.03211  5.05677e+01
 70  0.00764  2.07226e+01 | 71  0.14959  6.40965e+01 | 72 -0.06671  3.78931e+01
 73 -0.03157  2.56762e+01 | 74 -0.03968 -5.45720e+00 | 75  0.01509 -5.16975e+01
 76 -0.05977  8.54046e+00 | 77  0.02339  3.55590e+00 | 78 -0.51950 -1.03754e+01
 79 -0.66221  1.09913e+01 | 80 -0.80486  5.65592e+00 | 81 -0.70232  1.25427e+01
 82 -0.75285  3.23163e+00 | 83 -0.76902  6.11354e+00 | 84 -0.82204  5.87835e+00
 85 -0.84772  4.12062e+00 | 86 -0.82608  3.60386e+00 | 87 -0.73743  9.85324e+00
 88 -0.81823  5.01845e+00 | 89 -0.80891  9.53783e+00 | 90 -0.77580  1.75609e+01
 91 -0.79478  3.41255e+00 | 92 -0.80668  2.76271e+00 | 93 -0.80725  1.28749e+00
 94 -0.78189 -1.41669e-01 | 95 -0.79296 -3.30656e+00 | 96 -0.78627 -5.81617e+00
 97 -0.84372 -1.76224e+01 | 98 -0.84200 -1.72501e+01 | 99 -0.85973 -1.20839e+01
100 -0.89357 -7.24497e+00 |101 -0.89693  8.16473e-01 |102  0.38302 -2.19928e+02
103  0.22106 -1.26879e+03 |104  0.17521 -7.69296e+02 |105  0.08880 -4.53712e+01
106 -0.16982 -1.25577e+02 |107 -0.20607 -3.70958e+01 |108 -0.17679  5.89714e+01
109  0.00160  1.01450e+03 |110  0.16802  1.64293e+02 |111 -0.02519  6.45622e+01
112  0.17270  1.80154e+01 |113 -0.06985  4.36578e+00 |114  0.41893 -2.28795e-04
115 -0.05234 -2.76430e+01 |116 -0.34554 -2.16645e+01 |117 -0.20806 -1.52332e+01
118 -0.23437 -4.36338e+00 |119 -0.29510  2.67231e+00 |120  0.05700  1.83031e+01
121 -0.17129  2.06382e+01 |122  0.00570 -1.11011e+03 |123 -0.00133 -1.10073e+03
124  0.00879 -1.08715e+03 |125 -0.00477 -1.04769e+03 |126 -0.00392 -1.04457e+03
127 -0.00317 -1.03902e+03 |128 -0.00052 -1.03387e+03 |129 -0.00359 -1.03055e+03
130  0.01413 -8.77356e+02 |131  0.00026 -8.66554e+02 |132 -0.00129 -8.63089e+02
133 -0.01047 -8.56066e+02 |134  0.00230 -8.56179e+02 |135 -0.01096 -8.59489e+02
136  0.00683 -8.53547e+02 |137  0.00490 -8.49582e+02 |138 -0.00301 -8.39335e+02
139  0.01231 -8.39424e+02 |140 -0.00757 -8.25611e+02 |141 -0.01837 -8.33040e+02
142  0.00980 -8.33484e+02 |143  0.01738 -8.43404e+02 |144 -0.00461 -8.39802e+02
145 -0.01860 -8.36639e+02 |146  0.01724 -8.15887e+02 |147 -0.01956 -7.86529e+02
148  0.02269 -7.48297e+02 |149 -0.00435 -7.35766e+02 |150  0.00672 -7.18761e+02
151 -0.01324 -7.08815e+02 |152  0.00660 -6.61159e+02 |153  0.01052 -6.42162e+02
154 -0.01184 -5.37231e+02 |155 -0.01099 -5.18484e+02 |156  0.00504 -4.88488e+02
157  0.00283 -4.77300e+02 |158  0.00523 -4.01013e+02 |159 -0.01762 -3.93911e+02
160 -0.00950 -3.80517e+02 |161  0.02005 -4.04293e+02 |162 -0.00634 -3.85412e+02
163  0.01358 -3.00186e+02 |164 -0.00582 -2.76016e+02 |165 -0.01329 -2.52994e+02
166  0.00700 -2.00982e+02 |167  0.00362 -1.74972e+02 |168 -0.00265 -1.25647e+02
169  0.00267 -1.11751e+02 |170 -0.01460 -9.95667e+01 |171 -0.00187 -1.04300e+02
172  0.02598 -1.76408e+02 |173 -0.03194 -1.90962e+02 |174  0.00937 -1.92128e+02
175  0.01712 -1.49612e+02 |176  0.00556 -8.82589e+01 |177 -0.00299 -3.34991e+01
178 -0.00100 -2.27047e+01 |179 -0.00635 -1.55868e+00 |180  0.00286  3.95310e+01
181 -0.00152  6.18990e+01 |182  0.00340  7.17321e+01 |183 -0.00259  9.24994e+01
184  0.00362  1.05377e+02 |185 -0.00437  1.36788e+02 |186 -0.01187  1.35167e+02
187  0.00178  1.24590e+02 |188 -0.01419  1.08967e+02 |189  0.01562  2.53864e+01
190  0.00730 -5.62003e+03 |191  0.00054 -5.58014e+03 |192 -0.00676 -5.37892e+03
193  0.00402 -5.17324e+03 |194  0.00016 -4.62293e+03 |195 -0.01352 -4.56392e+03
196  0.01339 -4.41277e+03 |197 -0.00459 -4.33845e+03 |198 -0.01930 -4.10019e+03
199  0.01902 -3.60815e+03 |200 -0.00341 -3.55098e+03 |201  0.00111 -3.51041e+03
202 -0.00091 -3.56068e+03 |203  0.00727 -3.73610e+03 |204 -0.00965 -3.77133e+03
205  0.00465 -3.97585e+03 |206  0.00230 -3.99641e+03 |207  0.00173 -4.20194e+03
208 -0.00654 -4.35375e+03 |209  0.01029 -4.50684e+03 |210 -0.01051 -4.54906e+03
211  0.00366 -4.87710e+03 |212 -0.00054 -4.93217e+03 |213  0.00854 -4.91080e+03
214 -0.02414 -4.88959e+03 |215  0.01735 -4.99346e+03 |216 -0.00626 -4.88556e+03
217  0.00378 -4.85680e+03 |218 -0.00096 -4.87256e+03 |219  0.00798 -4.86992e+03
220 -0.00835 -4.81857e+03 |221 -0.00018 -4.85045e+03 |222  0.01075 -4.74823e+03
223 -0.00591 -4.51764e+03 |224 -0.00454 -4.38145e+03 |225  0.00270 -3.96268e+03
226 -0.00011 -3.78582e+03 |227  0.00097 -3.31884e+03 |228 -0.01142 -3.20769e+03
229  0.00586 -3.20699e+03 |230  0.00642 -3.12427e+03 |231 -0.00644 -2.94642e+03
232  0.00593 -2.72501e+03 |233 -0.00414 -2.48082e+03 |234 -0.00402 -2.14454e+03
235  0.00607 -1.74716e+03 |236 -0.00297 -1.48397e+03 |237  0.00382 -1.29246e+03
238  0.00124 -1.26678e+03 |239 -0.00268 -1.27748e+03 |240 -0.00712 -1.50631e+03
241  0.01082 -1.81417e+03 |242 -0.00964 -1.78709e+03 |243  0.00172 -1.49090e+03
244  0.00934 -1.03204e+03 |245  0.00275 -3.16555e+02 |246 -0.00628  3.53584e+02
247 -0.00664  5.34160e+02 |248  0.00719  8.47895e+02 |249  0.00386  1.19993e+03
250 -0.00480  1.40032e+03 |251 -0.00193  1.54439e+03 |252  0.00409  1.80894e+03
253 -0.00230  1.94468e+03 |254  0.00666  1.86212e+03 |255 -0.01635  1.78320e+03
256  0.00798  1.53372e+03 |257  0.00256  8.56949e+02 |258  0.00423 -3.32964e+03
259  0.00402 -3.28525e+03 |260 -0.00173 -3.07671e+03 |261 -0.00020 -2.83165e+03
262  0.00076 -2.34454e+03 |263  0.00878 -2.11068e+03 |264 -0.00974 -1.91966e+03
265  0.00733 -1.71408e+03 |266  0.00161 -1.44987e+03 |267 -0.02242 -9.65734e+02
268  0.01153 -1.08135e+03 |269 -0.00958 -1.07904e+03 |270  0.00140 -1.19998e+03
271 -0.00102 -1.57782e+03 |272  0.00298 -1.92768e+03 |273 -0.00172 -2.26249e+03
274  0.00252 -2.69748e+03 |275  0.00012 -3.07270e+03 |276  0.00398 -3.51204e+03
277 -0.00017 -3.95176e+03 |278 -0.00173 -4.39667e+03 |279 -0.00099 -4.82978e+03
280  0.00162 -5.14367e+03 |281  0.00257 -5.46733e+03 |282  0.00621 -5.62411e+03
283 -0.01558 -5.77476e+03 |284  0.00627 -5.91356e+03 |285 -0.00161 -6.04627e+03
286 -0.00081 -6.19211e+03 |287  0.00283 -6.27289e+03 |288 -0.00167 -6.27602e+03
289 -0.00167 -6.33074e+03 |290 -0.00285 -6.31510e+03 |291  0.00638 -6.14503e+03
292  0.00535 -6.05589e+03 |293 -0.00644 -5.63013e+03 |294 -0.00039 -5.46635e+03
295  0.00309 -5.03704e+03 |296  0.00516 -4.96452e+03 |297 -0.00652 -4.90941e+03
298 -0.00349 -4.87152e+03 |299 -0.00177 -4.85704e+03 |300 -0.00210 -4.71179e+03
301  0.00555 -4.62796e+03 |302  0.00120 -4.32195e+03 |303 -0.00581 -3.96655e+03
304  0.00363 -3.78153e+03 |305 -0.00235 -3.60102e+03 |306  0.00564 -3.59258e+03
307 -0.00147 -3.67674e+03 |308  0.00053 -3.89874e+03 |309 -0.00534 -4.15690e+03
310  0.00558 -4.10906e+03 |311 -0.00215 -3.72458e+03 |312 -0.00426 -3.18915e+03
313  0.00543 -2.59074e+03 |314  0.00417 -1.93084e+03 |315 -0.00009 -1.36781e+03
316 -0.00624 -8.95783e+02 |317  0.00293 -3.75707e+02 |318  0.00015  1.06102e+02
319  0.00085  5.21305e+02 |320  0.00015  9.04300e+02 |321  0.00127  1.26685e+03
322 -0.00382  1.36324e+03 |323  0.01198  1.52154e+03 |324 -0.01496  1.31175e+03
325 -0.00470  7.33065e+02 |
325 variables; iteration 120; function evaluation 126; phase 5
Function value 3.2202785e+03; maximum gradient component mag -2.1463e+03
Var    Value     Gradient |Var    Value     Gradient |Var    Value     Gradient
  1 -0.03342  1.24318e+03 |  2 -0.01316 -1.92834e+01 |  3  0.20195  1.44945e+01
  4  0.05831  3.65310e+01 |  5 -0.13282 -2.32381e+01 |  6  0.09157  1.21593e+01
  7  0.04669 -2.23873e+01 |  8 -0.01225 -2.46821e+01 |  9  0.02961 -1.66371e+01
 10  0.04228  3.04298e+01 | 11  0.21250  4.30136e+01 | 12 -0.12015 -3.31229e+00
 13 -0.04105  1.76557e+01 | 14 -0.17626 -1.19092e+01 | 15 -0.15411  5.30472e+00
 16  0.24072  2.03539e+02 | 17  0.00058  1.71570e+01 | 18 -0.10962  1.35539e-01
 19 -0.05022  5.02967e+00 | 20 -0.01095  4.80449e+01 | 21 -0.09448  1.34761e+01
 22  0.02964  2.32555e+01 | 23 -0.11943  1.50852e+01 | 24 -0.02782  3.04052e+01
 25  0.00380  1.16340e+01 | 26  0.02508  2.98815e+01 | 27 -0.11311  7.62522e+00
 28  0.01778  1.78940e+01 | 29  0.05605  4.31206e+01 | 30 -0.07740  1.53706e+00
 31 -0.16207  1.32405e+01 | 32  0.03244 -2.55556e+01 | 33  0.04629 -4.36538e-01
 34  0.05231 -7.16643e+00 | 35  0.04105 -7.45059e-01 | 36 -0.04363 -5.99983e+00
 37 -0.01623 -1.36365e+01 | 38  0.05942 -2.13974e+01 | 39 -0.06659 -2.77814e+01
 40  0.21423  2.73835e+01 | 41  0.02518  8.10065e+00 | 42  0.07898 -2.06612e+01
 43 -0.06238  1.93505e+00 | 44  0.17710 -9.23089e+00 | 45 -0.03565  5.63563e+00
 46 -0.03227 -9.86540e-01 | 47 -0.01324 -7.02710e+00 | 48 -0.08986 -3.31589e+00
 49  0.11404 -3.41638e+01 | 50  0.00915 -3.96399e+01 | 51 -0.00052  7.49556e+00
 52  0.01766 -2.99439e+01 | 53 -0.03504 -1.26459e+01 | 54  0.08204 -3.56311e+00
 55  0.00299 -2.74885e+01 | 56 -0.05303 -1.05151e+01 | 57 -0.05575  9.10262e+00
 58  0.08315 -5.51654e+01 | 59 -0.03789 -2.17880e+01 | 60  0.01915 -3.23679e+01
 61  0.00299 -2.24093e+00 | 62  0.06610 -2.73583e+01 | 63  0.09849 -2.85742e+01
 64 -0.06593 -3.50399e+01 | 65 -0.01459 -3.24865e+01 | 66  0.04340 -7.90376e+00
 67  0.00979  5.01514e+00 | 68 -0.04256 -5.94254e+00 | 69  0.03185  1.17038e+01
 70  0.00846  1.04770e+00 | 71  0.14971 -7.46822e+00 | 72 -0.06744 -1.18810e+00
 73 -0.03179  8.28547e-01 | 74 -0.04149 -3.09876e+01 | 75  0.01369 -4.46492e+01
 76 -0.05977 -7.48567e+00 | 77  0.02422 -1.01445e+01 | 78 -0.50233 -4.38918e+00
 79 -0.66101  4.22075e+00 | 80 -0.80488  1.22653e+00 | 81 -0.70442  1.66141e+00
 82 -0.74603  6.48340e+00 | 83 -0.76886  1.91688e+00 | 84 -0.82282 -2.45238e-01
 85 -0.84812 -4.79785e-01 | 86 -0.82633  2.30290e-01 | 87 -0.73921  2.28885e+00
 88 -0.81837  4.96421e-01 | 89 -0.80258  9.40455e+00 | 90 -0.79268 -2.88583e+00
 91 -0.79230  2.73618e+00 | 92 -0.80645  7.71859e-01 | 93 -0.80759  2.40391e-02
 94 -0.78269 -7.95951e-01 | 95 -0.79446 -3.96850e+00 | 96 -0.78650 -1.26920e+00
 97 -0.83923  1.10434e+01 | 98 -0.84019 -9.28995e-01 | 99 -0.85733  6.49411e+00
100 -0.89246  3.77367e+00 |101 -0.89547  1.26109e+01 |102  0.38418 -1.37126e+02
103  0.22339 -4.80616e+02 |104  0.17655 -1.82583e+02 |105  0.08894  2.95281e-01
106 -0.17047 -6.98589e+01 |107 -0.20504  6.98514e+01 |108 -0.17715  6.80954e+01
109  0.00108  2.85267e+02 |110  0.16780  3.90871e+01 |111 -0.02548  2.76077e+01
112  0.17379  1.21305e+01 |113 -0.13068 -8.67321e+00 |114  0.41903 -1.28692e-04
115 -0.05236 -8.15400e+00 |116 -0.34573 -2.39623e+01 |117 -0.20883 -1.32438e+01
118 -0.23311 -1.80218e+00 |119 -0.29474  2.11507e+00 |120  0.05663  6.25210e+00
121 -0.16858  1.48263e+01 |122  0.00973 -6.91459e+02 |123 -0.01106 -6.91333e+02
124  0.01000 -6.70221e+02 |125  0.00900 -6.23797e+02 |126  0.00379 -6.24046e+02
127 -0.00320 -6.24620e+02 |128 -0.01729 -6.27313e+02 |129 -0.00715 -6.20261e+02
130  0.02777 -5.38313e+02 |131 -0.00348 -5.40805e+02 |132 -0.01038 -5.40563e+02
133 -0.01279 -5.31824e+02 |134  0.00952 -5.00885e+02 |135 -0.01132 -5.07700e+02
136  0.00760 -5.23424e+02 |137  0.00654 -5.26595e+02 |138 -0.00932 -5.30802e+02
139  0.01574 -5.14987e+02 |140 -0.02168 -5.07131e+02 |141 -0.00068 -4.68380e+02
142  0.00338 -4.90387e+02 |143  0.03020 -4.63309e+02 |144  0.00622 -4.67687e+02
145 -0.04210 -4.78234e+02 |146  0.02169 -4.49097e+02 |147 -0.02231 -4.40579e+02
148  0.02080 -4.22239e+02 |149  0.00648 -4.02709e+02 |150 -0.00707 -4.05636e+02
151 -0.00058 -3.81176e+02 |152  0.00575 -3.81018e+02 |153  0.00553 -3.75202e+02
154 -0.01134 -2.93530e+02 |155 -0.01250 -2.81746e+02 |156  0.00426 -2.72794e+02
157  0.00406 -2.66396e+02 |158 -0.00046 -2.24815e+02 |159 -0.01332 -2.12337e+02
160 -0.00926 -2.08544e+02 |161  0.01674 -2.41993e+02 |162 -0.00151 -2.13899e+02
163  0.01262 -2.07828e+02 |164 -0.00705 -1.91083e+02 |165 -0.01433 -1.74988e+02
166  0.00669 -1.61004e+02 |167  0.00552 -1.34852e+02 |168 -0.00279 -1.19642e+02
169 -0.00077 -1.16088e+02 |170 -0.01289 -9.58764e+01 |171 -0.00094 -8.74568e+01
172  0.02491 -1.14295e+02 |173 -0.03242 -1.23162e+02 |174  0.01133 -1.01758e+02
175  0.02125 -8.69663e+01 |176  0.00656 -7.43345e+01 |177 -0.00483 -4.70108e+01
178 -0.00084 -4.06613e+01 |179 -0.00999 -2.95474e+01 |180  0.00367 -3.89191e+00
181 -0.00152  7.55162e+00 |182  0.00430  1.32376e+01 |183 -0.00214  2.27530e+01
184  0.00056  1.55103e+01 |185 -0.00415  4.99718e+01 |186 -0.01141  4.89989e+01
187  0.00512  6.05839e+01 |188 -0.01377  4.38472e+01 |189  0.01123 -1.52212e+01
190  0.00869 -2.13018e+03 |191  0.00088 -2.14632e+03 |192 -0.00398 -2.05071e+03
193  0.00089 -1.92849e+03 |194  0.00041 -1.69631e+03 |195 -0.01250 -1.66174e+03
196  0.00927 -1.60952e+03 |197  0.01132 -1.55299e+03 |198 -0.04358 -1.46095e+03
199  0.03040 -1.30793e+03 |200 -0.00320 -1.31890e+03 |201 -0.00004 -1.31376e+03
202 -0.00327 -1.34534e+03 |203  0.00901 -1.31091e+03 |204 -0.01018 -1.31393e+03
205  0.00563 -1.41602e+03 |206  0.00377 -1.42087e+03 |207 -0.00138 -1.46973e+03
208 -0.00481 -1.57641e+03 |209  0.00739 -1.57195e+03 |210 -0.00743 -1.54373e+03
211  0.00292 -1.65427e+03 |212  0.00080 -1.68110e+03 |213  0.00789 -1.69098e+03
214 -0.02512 -1.63273e+03 |215  0.01836 -1.72344e+03 |216 -0.00667 -1.65377e+03
217  0.00321 -1.64615e+03 |218  0.00067 -1.68207e+03 |219  0.00578 -1.67788e+03
220 -0.00919 -1.68329e+03 |221  0.00253 -1.64549e+03 |222  0.00966 -1.63084e+03
223 -0.00360 -1.50557e+03 |224 -0.00336 -1.48615e+03 |225  0.00007 -1.34571e+03
226 -0.00038 -1.24205e+03 |227  0.00189 -1.10168e+03 |228 -0.01751 -1.04451e+03
229  0.01121 -1.03193e+03 |230  0.00713 -9.85032e+02 |231 -0.00646 -9.76088e+02
232  0.00650 -9.20419e+02 |233 -0.00296 -8.64063e+02 |234 -0.00694 -8.42561e+02
235  0.00685 -6.67191e+02 |236 -0.00447 -6.12240e+02 |237  0.00488 -5.36229e+02
238  0.00060 -5.81797e+02 |239 -0.00439 -5.61588e+02 |240 -0.00690 -6.61355e+02
241  0.01266 -7.25290e+02 |242 -0.01024 -7.21329e+02 |243  0.00272 -6.16848e+02
244  0.01029 -4.50185e+02 |245  0.00530 -1.71821e+02 |246 -0.00953  4.08794e+01
247 -0.00811  1.27263e+02 |248  0.00777  2.18149e+02 |249  0.00431  3.01340e+02
250 -0.00718  3.89180e+02 |251  0.00072  4.84249e+02 |252  0.00268  4.54470e+02
253 -0.00380  5.53442e+02 |254  0.00267  4.53423e+02 |255 -0.01371  4.84369e+02
256  0.00566  4.45591e+02 |257  0.00336  2.34893e+02 |258  0.00574 -7.89539e+02
259  0.00240 -9.34239e+02 |260 -0.00356 -8.21901e+02 |261  0.00357 -6.27928e+02
262  0.00034 -4.24469e+02 |263  0.01081 -3.95560e+02 |264 -0.01217 -3.18923e+02
265  0.00308 -1.65504e+02 |266  0.01750 -1.93730e+01 |267 -0.03688  8.77916e+01
268  0.01240  6.59033e+01 |269 -0.01060  4.87641e+01 |270  0.00132 -8.32545e+00
271 -0.00193 -1.28990e+02 |272  0.00352 -2.48510e+02 |273 -0.00358 -3.99975e+02
274  0.00191 -4.89337e+02 |275  0.00328 -5.35054e+02 |276  0.00094 -7.87518e+02
277  0.00135 -8.72546e+02 |278 -0.00201 -1.00847e+03 |279  0.00004 -1.16852e+03
280  0.00061 -1.28118e+03 |281  0.00393 -1.35275e+03 |282  0.00621 -1.40994e+03
283 -0.01651 -1.49487e+03 |284  0.00733 -1.56115e+03 |285 -0.00091 -1.59770e+03
286 -0.00177 -1.69731e+03 |287  0.00536 -1.64990e+03 |288 -0.00174 -1.67753e+03
289 -0.00303 -1.75106e+03 |290 -0.00099 -1.73641e+03 |291  0.00575 -1.67900e+03
292  0.00487 -1.64292e+03 |293 -0.00616 -1.44488e+03 |294  0.00099 -1.36984e+03
295  0.00124 -1.26126e+03 |296  0.00953 -1.18272e+03 |297 -0.01165 -1.19700e+03
298 -0.00253 -1.13402e+03 |299 -0.00288 -1.23223e+03 |300 -0.00082 -1.16328e+03
301  0.00572 -1.14309e+03 |302  0.00229 -1.08595e+03 |303 -0.00575 -9.63540e+02
304  0.00324 -1.02839e+03 |305 -0.00360 -9.81473e+02 |306  0.00484 -9.88975e+02
307 -0.00036 -9.69734e+02 |308 -0.00041 -1.10636e+03 |309 -0.00406 -1.15220e+03
310  0.00728 -1.15927e+03 |311 -0.00228 -1.03595e+03 |312 -0.00356 -8.49232e+02
313  0.00490 -7.13410e+02 |314  0.00497 -4.84161e+02 |315 -0.00015 -3.09265e+02
316 -0.00601 -1.29999e+02 |317  0.00151 -8.67253e+01 |318  0.00155  1.24126e+02
319 -0.00054  2.28735e+02 |320 -0.00026  2.82351e+02 |321  0.00246  4.97137e+02
322 -0.00454  4.32655e+02 |323  0.00908  4.34398e+02 |324 -0.01436  4.39098e+02
325 -0.00588  2.32500e+02 |
325 variables; iteration 140; function evaluation 146; phase 5
Function value 3.2068416e+03; maximum gradient component mag -1.1475e+03
Var    Value     Gradient |Var    Value     Gradient |Var    Value     Gradient
  1 -0.03392 -8.15292e+02 |  2  0.12058 -1.48965e+00 |  3  0.18906 -7.10743e+00
  4 -0.01617 -6.91678e+00 |  5 -0.02967  5.00614e+00 |  6  0.08059 -1.45034e+01
  7  0.05363 -9.07063e+00 |  8  0.00397  2.99454e+00 |  9  0.05480  1.11578e+01
 10  0.01189 -2.74513e+00 | 11  0.21770 -1.57635e+01 | 12 -0.11706  6.19306e+00
 13 -0.04596 -1.09431e+00 | 14 -0.13754  1.85888e+01 | 15 -0.17745  4.69746e+00
 16  0.23795 -6.54555e+01 | 17  0.00487 -1.29276e-01 | 18 -0.10551  3.77044e+00
 19 -0.04816 -9.84005e-01 | 20 -0.01277 -7.73205e+00 | 21 -0.09528 -4.17482e-01
 22  0.03633 -9.54032e+00 | 23 -0.12068  1.38356e+00 | 24 -0.03882 -3.18528e+00
 25  0.01207 -4.37998e+00 | 26  0.01984 -1.04286e+01 | 27 -0.11171  1.59961e+00
 28  0.01274 -9.05267e+00 | 29  0.05375 -1.34835e+01 | 30 -0.08316  4.67459e+00
 31 -0.19319  4.47048e-01 | 32  0.03924 -9.15229e+00 | 33  0.05282  4.31254e+00
 34  0.05787 -9.60247e+00 | 35  0.04609 -5.07613e+00 | 36 -0.04591 -3.79969e-01
 37 -0.01603 -2.43541e+00 | 38  0.06298 -7.39693e+00 | 39 -0.06204  4.06919e+00
 40  0.21526 -4.69167e+00 | 41  0.02158 -2.26141e+00 | 42  0.08080 -1.20079e+01
 43 -0.06348 -5.79861e-01 | 44  0.17835 -2.37995e+01 | 45 -0.03649  3.77573e+00
 46 -0.03176  6.36735e-01 | 47 -0.01320  8.04986e-01 | 48 -0.08993  3.06594e-01
 49  0.11592  4.19149e+01 | 50  0.01255  7.15923e+00 | 51 -0.00159 -9.51142e-01
 52  0.01935  4.43028e+00 | 53 -0.03474 -3.68269e-01 | 54  0.08139 -5.04989e+01
 55  0.00392 -4.05963e+00 | 56 -0.05253  7.99467e+00 | 57 -0.05642 -1.30127e+00
 58  0.08416 -9.66741e+00 | 59 -0.03718  3.96379e+00 | 60  0.02022  9.98823e-01
 61  0.00255  6.47135e-01 | 62  0.06752  1.87735e+01 | 63  0.09895 -9.20737e+00
 64 -0.06342  2.40201e+00 | 65 -0.01290  1.28940e+01 | 66  0.04475  3.10323e+01
 67  0.00907 -1.44146e+00 | 68 -0.04163  1.16819e+01 | 69  0.03186 -3.63133e+00
 70  0.00885 -2.29937e+00 | 71  0.15154  4.16338e+01 | 72 -0.06661  7.30129e+00
 73 -0.03101  4.55925e+00 | 74 -0.04008  1.59035e+01 | 75  0.01465  2.60465e+01
 76 -0.05937  7.61481e+00 | 77  0.02315  1.45991e+00 | 78 -0.50049  2.14104e+00
 79 -0.66494 -4.47699e-01 | 80 -0.80523  7.80561e-01 | 81 -0.70427  1.69638e+00
 82 -0.75142 -6.08741e-02 | 83 -0.77007  1.22191e-01 | 84 -0.82196  5.87781e-01
 85 -0.84781 -8.87595e-01 | 86 -0.82637 -5.10125e-01 | 87 -0.74009 -9.57780e-01
 88 -0.81804 -4.38903e-01 | 89 -0.81285 -2.79046e+00 | 90 -0.79006 -2.14451e+00
 91 -0.79394 -4.04181e-01 | 92 -0.80692 -7.42264e-01 | 93 -0.80808 -1.39284e+00
 94 -0.78321 -1.20358e+00 | 95 -0.79400 -2.65848e-01 | 96 -0.78776 -8.90018e-01
 97 -0.84279  2.61223e-03 | 98 -0.84092  1.61860e+00 | 99 -0.85941  2.07208e+00
100 -0.89414 -7.21329e+00 |101 -0.89790 -8.66610e+00 |102  0.38743 -9.74051e+01
103  0.22395 -2.59103e+02 |104  0.17706 -2.23435e+02 |105  0.08882 -1.85675e+00
106 -0.16906  1.36575e+01 |107 -0.20678 -2.65278e+01 |108 -0.17696 -1.67135e+01
109  0.00075 -1.76106e+02 |110  0.16790 -5.51537e+01 |111 -0.02579 -2.84824e+01
112  0.17361 -5.58428e+00 |113 -0.09844 -3.44171e+00 |114  0.41909 -8.13855e-05
115 -0.05240  1.17697e+01 |116 -0.34595 -1.58817e+01 |117 -0.20752 -9.80863e-02
118 -0.23386 -7.37891e-01 |119 -0.29459 -9.54645e-01 |120  0.05498  4.32859e-01
121 -0.17057 -3.80407e+00 |122  0.01691 -4.90331e+02 |123  0.00949 -4.88641e+02
124  0.00100 -4.89741e+02 |125 -0.01025 -4.79766e+02 |126 -0.00857 -4.78394e+02
127 -0.00391 -4.75671e+02 |128 -0.00129 -4.73274e+02 |129 -0.00381 -4.72308e+02
130  0.01269 -4.11775e+02 |131  0.00288 -4.02954e+02 |132 -0.00018 -4.01382e+02
133 -0.01571 -3.99874e+02 |134  0.00135 -3.98964e+02 |135 -0.00927 -3.95044e+02
136  0.00714 -3.88022e+02 |137  0.00539 -3.86830e+02 |138 -0.00234 -3.83926e+02
139  0.01272 -3.80910e+02 |140 -0.00900 -3.73270e+02 |141 -0.01938 -3.81348e+02
142  0.01032 -3.64100e+02 |143  0.01539 -3.59712e+02 |144 -0.00947 -3.55919e+02
145 -0.01092 -3.45822e+02 |146  0.01916 -3.32788e+02 |147 -0.02153 -3.24559e+02
148  0.02362 -3.31527e+02 |149 -0.00348 -3.28277e+02 |150  0.00600 -3.17863e+02
151 -0.01167 -3.13889e+02 |152  0.01057 -2.88751e+02 |153  0.01179 -2.83566e+02
154 -0.01555 -2.37895e+02 |155 -0.01468 -2.30762e+02 |156  0.00510 -2.22048e+02
157  0.00321 -2.19032e+02 |158  0.00551 -1.94397e+02 |159 -0.02136 -1.93363e+02
160 -0.01060 -1.88901e+02 |161  0.02953 -1.68708e+02 |162 -0.01177 -1.72331e+02
163  0.01721 -1.65566e+02 |164 -0.00771 -1.62016e+02 |165 -0.01720 -1.58719e+02
166  0.00849 -1.55347e+02 |167  0.00171 -1.57164e+02 |168 -0.00286 -1.32004e+02
169  0.00597 -1.20120e+02 |170 -0.01847 -1.17770e+02 |171 -0.00116 -1.12398e+02
172  0.02090 -8.77023e+01 |173 -0.02637 -7.69977e+01 |174  0.00976 -7.30262e+01
175  0.01938 -7.96307e+01 |176  0.01080 -5.89225e+01 |177 -0.00283 -4.13288e+01
178 -0.00163 -3.76543e+01 |179 -0.01031 -3.14065e+01 |180  0.00187 -2.86400e+01
181 -0.00266 -2.47620e+01 |182  0.00193 -2.11674e+01 |183 -0.00350 -1.30449e+01
184  0.00426 -4.97260e+00 |185 -0.00534  1.81454e+01 |186 -0.00879  2.03382e+01
187  0.00132  2.02524e+01 |188 -0.01045  2.81046e+01 |189  0.01499  1.10815e+01
190  0.00982 -1.14747e+03 |191  0.00145 -1.12883e+03 |192 -0.01092 -1.07194e+03
193  0.01052 -1.00666e+03 |194  0.00315 -9.05262e+02 |195 -0.02199 -8.95066e+02
196  0.01838 -8.61930e+02 |197 -0.00570 -8.45407e+02 |198 -0.02056 -7.55781e+02
199  0.01735 -8.36262e+02 |200 -0.00305 -8.26591e+02 |201 -0.00142 -8.08904e+02
202 -0.00040 -8.08532e+02 |203  0.00791 -7.83418e+02 |204 -0.00979 -7.51233e+02
205  0.00470 -7.21962e+02 |206  0.00192 -7.23388e+02 |207  0.00298 -6.53804e+02
208 -0.00802 -6.46364e+02 |209  0.01087 -6.23787e+02 |210 -0.01077 -5.92911e+02
211  0.00451 -5.30736e+02 |212 -0.00040 -5.66873e+02 |213  0.00964 -5.47536e+02
214 -0.02256 -5.22757e+02 |215  0.01513 -5.76948e+02 |216 -0.00727 -5.48976e+02
217  0.00379 -5.59666e+02 |218 -0.00108 -5.85429e+02 |219  0.00690 -5.70116e+02
220 -0.00806 -5.22840e+02 |221  0.00018 -5.03294e+02 |222  0.01190 -4.53870e+02
223 -0.00485 -4.23543e+02 |224 -0.00272 -4.03930e+02 |225  0.00145 -3.61819e+02
226 -0.00071 -3.39063e+02 |227  0.00203 -3.19677e+02 |228 -0.01647 -3.10399e+02
229  0.00842 -2.76099e+02 |230  0.00868 -2.88672e+02 |231 -0.00787 -3.10468e+02
232  0.00764 -3.48598e+02 |233 -0.00485 -3.71532e+02 |234 -0.00450 -3.83499e+02
235  0.00575 -4.32405e+02 |236 -0.00438 -4.07565e+02 |237  0.00337 -4.64467e+02
238  0.00202 -4.58837e+02 |239 -0.00493 -4.78479e+02 |240 -0.00751 -4.70779e+02
241  0.01222 -4.67586e+02 |242 -0.00862 -4.29512e+02 |243  0.00249 -4.82624e+02
244  0.01239 -4.39439e+02 |245  0.00406 -4.42395e+02 |246 -0.00935 -3.50134e+02
247 -0.01268 -3.22355e+02 |248  0.01179 -3.11021e+02 |249  0.00372 -3.42100e+02
250 -0.00507 -3.15517e+02 |251 -0.00288 -3.48285e+02 |252  0.00414 -3.92607e+02
253 -0.00511 -3.75776e+02 |254  0.00378 -3.89714e+02 |255 -0.01812 -3.71969e+02
256  0.00724 -3.02112e+02 |257  0.00324 -1.61806e+02 |258  0.00412 -9.67149e+02
259  0.00530 -9.07683e+02 |260 -0.00242 -8.32812e+02 |261 -0.00268 -7.31031e+02
262  0.00454 -6.27617e+02 |263  0.01430 -6.37617e+02 |264 -0.01467 -5.94965e+02
265  0.00755 -5.54285e+02 |266 -0.00088 -4.59040e+02 |267 -0.02489 -5.29980e+02
268  0.01203 -5.27920e+02 |269 -0.00931 -4.97750e+02 |270 -0.00132 -5.21154e+02
271 -0.00111 -4.71939e+02 |272  0.00325 -4.37142e+02 |273 -0.00249 -4.12920e+02
274  0.00146 -3.84828e+02 |275  0.00012 -2.93039e+02 |276  0.00464 -2.41943e+02
277 -0.00073 -1.92287e+02 |278 -0.00083 -1.29044e+02 |279  0.00018 -8.19378e+01
280  0.00075 -1.19302e+02 |281  0.00251 -3.98833e+01 |282  0.00582  2.03689e+01
283 -0.01392 -2.45794e+01 |284  0.00749  1.62146e+01 |285 -0.00161  3.84220e+01
286 -0.00037  9.16927e+00 |287  0.00389  4.85124e+01 |288 -0.00200  9.30706e+01
289 -0.00130  8.46023e+01 |290 -0.00229  1.00475e+02 |291  0.00629  1.24898e+02
292  0.00664  1.74231e+02 |293 -0.00743  2.24801e+02 |294 -0.00003  2.38166e+02
295  0.00277  2.65399e+02 |296  0.00633  2.31504e+02 |297 -0.00878  2.78526e+02
298 -0.00418  2.65630e+02 |299 -0.00079  2.64182e+02 |300 -0.00149  2.28555e+02
301  0.00674  2.10118e+02 |302  0.00096  1.60387e+02 |303 -0.00593  1.15774e+02
304  0.00376  7.09223e+01 |305 -0.00386  1.24686e+01 |306  0.00491  2.42613e+01
307 -0.00165  1.01473e+01 |308  0.00095  3.48330e+01 |309 -0.00409  2.73543e+01
310  0.00835  1.82343e+01 |311 -0.00224 -4.67556e+01 |312 -0.00433 -3.49160e+01
313  0.00568 -1.07110e+02 |314  0.00532 -5.90476e+01 |315  0.00256 -8.82205e+01
316 -0.00988 -8.21758e+01 |317  0.00244 -1.62192e+02 |318  0.00064 -1.38536e+02
319  0.00090 -1.68331e+02 |320 -0.00088 -2.21794e+02 |321  0.00187 -1.80023e+02
322 -0.00518 -2.21495e+02 |323  0.01205 -2.20705e+02 |324 -0.01802 -1.48167e+02
325 -0.00600 -5.74233e+01 |
325 variables; iteration 160; function evaluation 166; phase 5
Function value 3.2067065e+03; maximum gradient component mag -1.1555e+03
Var    Value     Gradient |Var    Value     Gradient |Var    Value     Gradient
  1 -0.03398 -8.67340e+02 |  2  0.12356 -1.78464e+00 |  3  0.18652 -9.09208e+00
  4 -0.01168 -6.20448e+00 |  5 -0.03196  3.80419e+00 |  6  0.08048 -1.52694e+01
  7  0.05452 -8.53239e+00 |  8  0.00361  2.16274e+00 |  9  0.05416  8.46898e+00
 10  0.01169 -4.48808e+00 | 11  0.21780 -1.78149e+01 | 12 -0.11772  5.84837e+00
 13 -0.04554 -1.55793e+00 | 14 -0.14104  1.62154e+01 | 15 -0.17594  5.81949e+00
 16  0.23849 -6.60250e+01 | 17  0.00384 -2.27633e+00 | 18 -0.10696  2.24994e+00
 19 -0.04772 -1.57763e+00 | 20 -0.01291 -9.18275e+00 | 21 -0.09506  1.47166e-01
 22  0.03662 -9.78798e+00 | 23 -0.12128 -7.36859e-02 | 24 -0.03879 -3.74622e+00
 25  0.01220 -5.43635e+00 | 26  0.02041 -9.61487e+00 | 27 -0.11173  1.84063e+00
 28  0.01302 -9.17854e+00 | 29  0.05348 -1.69030e+01 | 30 -0.08370  3.99122e+00
 31 -0.19341  6.43128e-01 | 32  0.03897 -1.07775e+01 | 33  0.05355  4.62003e+00
 34  0.05816 -9.68970e+00 | 35  0.04646 -4.23070e+00 | 36 -0.04606 -1.84521e+00
 37 -0.01671 -3.36446e+00 | 38  0.06366 -7.43537e+00 | 39 -0.06266  4.67391e+00
 40  0.21533 -7.62361e+00 | 41  0.02183 -8.33773e-01 | 42  0.08055 -1.62914e+01
 43 -0.06328 -5.36784e-02 | 44  0.17852 -2.05679e+01 | 45 -0.03601  7.42677e+00
 46 -0.03193 -1.04160e+00 | 47 -0.01303  2.21933e+00 | 48 -0.08982  5.95743e-01
 49  0.11583  3.53773e+01 | 50  0.01264  7.86281e+00 | 51 -0.00147  1.95376e-01
 52  0.01942  4.67183e+00 | 53 -0.03453  2.53447e+00 | 54  0.08149 -4.99770e+01
 55  0.00401 -2.58297e+00 | 56 -0.05223  1.26524e+01 | 57 -0.05646 -3.14898e+00
 58  0.08416 -1.19156e+01 | 59 -0.03705  5.33246e+00 | 60  0.02044  4.91428e+00
 61  0.00273  3.78662e+00 | 62  0.06775  2.33175e+01 | 63  0.09899 -1.15706e+01
 64 -0.06316  5.67738e+00 | 65 -0.01304  1.04109e+01 | 66  0.04465  2.55254e+01
 67  0.00930  2.99763e+00 | 68 -0.04171  1.00860e+01 | 69  0.03208 -2.23460e+00
 70  0.00898 -4.30351e-02 | 71  0.15170  4.44818e+01 | 72 -0.06666  7.03124e+00
 73 -0.03094  3.29048e+00 | 74 -0.03998  1.71538e+01 | 75  0.01496  3.17054e+01
 76 -0.05944  6.58531e+00 | 77  0.02335  3.09137e+00 | 78 -0.49956  3.33180e+00
 79 -0.66477 -6.41281e-01 | 80 -0.80511  8.92630e-01 | 81 -0.70419  1.47631e+00
 82 -0.75204 -1.14212e+00 | 83 -0.77014 -2.35592e-01 | 84 -0.82188  6.17384e-01
 85 -0.84768 -6.62307e-01 | 86 -0.82637 -6.24755e-01 | 87 -0.73974 -8.79695e-01
 88 -0.81817 -7.62066e-01 | 89 -0.81265 -2.60430e+00 | 90 -0.78826 -6.66076e-01
 91 -0.79425 -6.88634e-01 | 92 -0.80706 -1.13113e+00 | 93 -0.80804 -1.53047e+00
 94 -0.78313 -1.33354e+00 | 95 -0.79382 -5.05168e-02 | 96 -0.78773 -1.12003e+00
 97 -0.84277 -7.13213e-02 | 98 -0.84096  1.21504e+00 | 99 -0.85963  6.55303e-01
100 -0.89404 -6.36941e+00 |101 -0.89791 -8.57382e+00 |102  0.38924 -9.79122e+01
103  0.22420 -2.60850e+02 |104  0.17747 -2.28853e+02 |105  0.08882 -2.40922e+00
106 -0.16907  1.31721e+01 |107 -0.20671 -2.65050e+01 |108 -0.17696 -1.91895e+01
109  0.00076 -1.71360e+02 |110  0.16794 -5.00524e+01 |111 -0.02578 -2.74557e+01
112  0.17304 -4.18031e+00 |113 -0.06511  3.52846e+00 |114  0.41909 -6.39276e-05
115 -0.05229  1.58111e+01 |116 -0.34597 -1.79131e+01 |117 -0.20760 -2.07015e+00
118 -0.23378 -8.70018e-01 |119 -0.29444 -9.23544e-01 |120  0.05469 -5.47742e-01
121 -0.17160 -4.41760e+00 |122  0.01587 -4.94172e+02 |123  0.01148 -4.91490e+02
124 -0.00126 -4.93765e+02 |125 -0.00747 -4.81679e+02 |126 -0.00814 -4.80999e+02
127 -0.00717 -4.79445e+02 |128 -0.00193 -4.76329e+02 |129 -0.00250 -4.74609e+02
130  0.01369 -4.14039e+02 |131  0.00325 -4.06088e+02 |132 -0.00118 -4.05051e+02
133 -0.01574 -4.03276e+02 |134  0.00098 -4.02876e+02 |135 -0.00884 -3.97551e+02
136  0.00716 -3.90722e+02 |137  0.00518 -3.90148e+02 |138 -0.00180 -3.86451e+02
139  0.01258 -3.86424e+02 |140 -0.00927 -3.79295e+02 |141 -0.01936 -3.87394e+02
142  0.01015 -3.70821e+02 |143  0.01577 -3.64643e+02 |144 -0.00964 -3.61256e+02
145 -0.01093 -3.51158e+02 |146  0.01935 -3.37675e+02 |147 -0.02173 -3.30372e+02
148  0.02256 -3.38938e+02 |149 -0.00234 -3.31836e+02 |150  0.00642 -3.21771e+02
151 -0.01212 -3.19152e+02 |152  0.00988 -2.93641e+02 |153  0.01272 -2.87493e+02
154 -0.01544 -2.42802e+02 |155 -0.01442 -2.36177e+02 |156  0.00472 -2.30142e+02
157  0.00272 -2.27438e+02 |158  0.00538 -2.02075e+02 |159 -0.02101 -2.00638e+02
160 -0.01069 -1.96601e+02 |161  0.02941 -1.75015e+02 |162 -0.01182 -1.78345e+02
163  0.01745 -1.69201e+02 |164 -0.00739 -1.65649e+02 |165 -0.01739 -1.63091e+02
166  0.00824 -1.61984e+02 |167  0.00182 -1.63101e+02 |168 -0.00280 -1.37834e+02
169  0.00617 -1.26493e+02 |170 -0.01881 -1.25015e+02 |171 -0.00119 -1.18253e+02
172  0.02157 -9.01921e+01 |173 -0.02703 -8.22394e+01 |174  0.00970 -7.65879e+01
175  0.01956 -8.06386e+01 |176  0.01085 -6.02516e+01 |177 -0.00290 -4.28787e+01
178 -0.00150 -3.91663e+01 |179 -0.01044 -3.31156e+01 |180  0.00178 -3.03238e+01
181 -0.00268 -2.62636e+01 |182  0.00229 -2.25428e+01 |183 -0.00392 -1.52197e+01
184  0.00434 -6.35915e+00 |185 -0.00489  1.74596e+01 |186 -0.00881  1.87324e+01
187  0.00128  1.74814e+01 |188 -0.01083  2.26430e+01 |189  0.01460  7.86383e+00
190  0.00957 -1.15546e+03 |191  0.00160 -1.13562e+03 |192 -0.01069 -1.07823e+03
193  0.01030 -1.01625e+03 |194  0.00345 -9.13220e+02 |195 -0.02208 -9.03991e+02
196  0.01776 -8.70434e+02 |197 -0.00461 -8.53593e+02 |198 -0.02057 -7.65229e+02
199  0.01662 -8.41649e+02 |200 -0.00297 -8.32429e+02 |201 -0.00110 -8.15868e+02
202 -0.00081 -8.16135e+02 |203  0.00797 -7.87141e+02 |204 -0.00967 -7.52211e+02
205  0.00459 -7.24959e+02 |206  0.00193 -7.25435e+02 |207  0.00302 -6.55317e+02
208 -0.00802 -6.46093e+02 |209  0.01087 -6.20849e+02 |210 -0.01068 -5.92342e+02
211  0.00439 -5.29366e+02 |212 -0.00042 -5.65017e+02 |213  0.00968 -5.46556e+02
214 -0.02251 -5.20042e+02 |215  0.01519 -5.72684e+02 |216 -0.00741 -5.46692e+02
217  0.00381 -5.57113e+02 |218 -0.00096 -5.78085e+02 |219  0.00670 -5.71587e+02
220 -0.00777 -5.21550e+02 |221 -0.00027 -5.04419e+02 |222  0.01230 -4.51222e+02
223 -0.00505 -4.23835e+02 |224 -0.00256 -4.03945e+02 |225  0.00143 -3.64066e+02
226 -0.00074 -3.43181e+02 |227  0.00202 -3.21294e+02 |228 -0.01647 -3.13365e+02
229  0.00849 -2.79576e+02 |230  0.00862 -2.92860e+02 |231 -0.00803 -3.15028e+02
232  0.00772 -3.51250e+02 |233 -0.00480 -3.72954e+02 |234 -0.00450 -3.88329e+02
235  0.00570 -4.38314e+02 |236 -0.00438 -4.12314e+02 |237  0.00338 -4.67981e+02
238  0.00194 -4.64505e+02 |239 -0.00485 -4.79488e+02 |240 -0.00748 -4.72054e+02
241  0.01219 -4.63977e+02 |242 -0.00862 -4.26472e+02 |243  0.00251 -4.75800e+02
244  0.01240 -4.34819e+02 |245  0.00401 -4.40087e+02 |246 -0.00928 -3.48913e+02
247 -0.01298 -3.22394e+02 |248  0.01208 -3.09489e+02 |249  0.00376 -3.41930e+02
250 -0.00530 -3.18718e+02 |251 -0.00277 -3.47378e+02 |252  0.00416 -3.91958e+02
253 -0.00504 -3.74162e+02 |254  0.00358 -3.90253e+02 |255 -0.01774 -3.70985e+02
256  0.00700 -3.02850e+02 |257  0.00329 -1.61788e+02 |258  0.00418 -9.90794e+02
259  0.00510 -9.28573e+02 |260 -0.00246 -8.51534e+02 |261 -0.00252 -7.49604e+02
262  0.00445 -6.48234e+02 |263  0.01414 -6.52484e+02 |264 -0.01428 -6.08827e+02
265  0.00708 -5.74420e+02 |266 -0.00121 -4.80353e+02 |267 -0.02432 -5.43288e+02
268  0.01199 -5.38026e+02 |269 -0.00951 -5.09652e+02 |270 -0.00096 -5.29733e+02
271 -0.00120 -4.81100e+02 |272  0.00320 -4.46462e+02 |273 -0.00248 -4.21155e+02
274  0.00151 -3.86879e+02 |275  0.00009 -2.99497e+02 |276  0.00467 -2.46414e+02
277 -0.00073 -1.96663e+02 |278 -0.00098 -1.33558e+02 |279  0.00026 -8.17574e+01
280  0.00081 -1.15597e+02 |281  0.00236 -4.15634e+01 |282  0.00589  2.45817e+01
283 -0.01382 -1.83141e+01 |284  0.00758  1.93831e+01 |285 -0.00179  3.93827e+01
286 -0.00035  1.54692e+01 |287  0.00390  5.26281e+01 |288 -0.00212  9.93933e+01
289 -0.00097  9.36589e+01 |290 -0.00267  1.03732e+02 |291  0.00643  1.28476e+02
292  0.00659  1.81193e+02 |293 -0.00731  2.32177e+02 |294 -0.00013  2.39899e+02
295  0.00288  2.71121e+02 |296  0.00626  2.33311e+02 |297 -0.00884  2.80065e+02
298 -0.00405  2.71228e+02 |299 -0.00068  2.68376e+02 |300 -0.00164  2.28875e+02
301  0.00675  2.13353e+02 |302  0.00096  1.61823e+02 |303 -0.00591  1.18289e+02
304  0.00376  7.41214e+01 |305 -0.00383  1.62296e+01 |306  0.00488  2.49950e+01
307 -0.00162  1.30486e+01 |308  0.00081  3.59372e+01 |309 -0.00391  3.72225e+01
310  0.00825  2.11512e+01 |311 -0.00222 -4.00379e+01 |312 -0.00435 -2.85696e+01
313  0.00575 -1.00210e+02 |314  0.00526 -5.69432e+01 |315  0.00278 -8.53885e+01
316 -0.01015 -8.23268e+01 |317  0.00246 -1.58867e+02 |318  0.00071 -1.34187e+02
319  0.00092 -1.63535e+02 |320 -0.00092 -2.21259e+02 |321  0.00180 -1.79043e+02
322 -0.00508 -2.18883e+02 |323  0.01174 -2.21764e+02 |324 -0.01774 -1.48540e+02
325 -0.00604 -5.89773e+01 |
325 variables; iteration 180; function evaluation 186; phase 5
Function value 3.2043534e+03; maximum gradient component mag -5.1752e+02
Var    Value     Gradient |Var    Value     Gradient |Var    Value     Gradient
  1 -0.03390 -3.34000e+02 |  2  0.11603 -3.66775e+00 |  3  0.18459 -9.36253e+00
  4 -0.00164 -3.03783e+00 |  5 -0.04588 -1.18266e+00 |  6  0.08067 -1.13491e+01
  7  0.05389 -4.57328e+00 |  8 -0.00087 -4.59221e+00 |  9  0.04954 -1.63317e+00
 10  0.01808 -6.81716e+00 | 11  0.21828 -1.07517e+01 | 12 -0.11880  3.57815e-01
 13 -0.04048 -3.99554e-01 | 14 -0.16012 -1.13509e+00 | 15 -0.17076  9.11955e-01
 16  0.23925 -3.10891e+01 | 17  0.00095 -8.25922e+00 | 18 -0.11192 -4.95686e+00
 19 -0.04759 -3.29984e+00 | 20 -0.01303 -4.45865e+00 | 21 -0.09327  2.01051e+00
 22  0.03435 -1.57500e+01 | 23 -0.12228 -4.84096e+00 | 24 -0.03732 -3.39033e+00
 25  0.00970 -1.01026e+01 | 26  0.02113 -7.49000e+00 | 27 -0.10854  1.17782e+00
 28  0.01391 -4.64421e+00 | 29  0.05377 -5.06688e+00 | 30 -0.08354 -7.33354e+00
 31 -0.18357  6.89943e-01 | 32  0.03846 -5.09479e+00 | 33  0.04999 -7.93271e+00
 34  0.05912 -1.59986e+00 | 35  0.04501 -2.08243e+00 | 36 -0.04272  1.46021e+00
 37 -0.01391  3.31217e+00 | 38  0.06250 -5.31100e+00 | 39 -0.06412  4.91762e-01
 40  0.21445 -4.20744e+00 | 41  0.02207 -1.87521e+00 | 42  0.08159 -1.36401e+00
 43 -0.06361 -3.06540e+00 | 44  0.17867  2.76061e+00 | 45 -0.03599  6.69195e+00
 46 -0.03168  5.37583e-01 | 47 -0.01277  6.78306e+00 | 48 -0.08968  2.86147e+00
 49  0.11494  2.86293e+00 | 50  0.01181  2.44233e-01 | 51 -0.00192 -8.83300e+00
 52  0.01881 -4.49399e+00 | 53 -0.03408  6.18898e+00 | 54  0.08254  9.43168e+00
 55  0.00374 -1.31731e+00 | 56 -0.05323 -8.12835e+00 | 57 -0.05657 -4.46191e-01
 58  0.08431  1.30489e+01 | 59 -0.03711  4.63483e+00 | 60  0.02057  1.10696e+01
 61  0.00290  1.12579e+01 | 62  0.06727  1.03803e+01 | 63  0.09937  9.65025e+00
 64 -0.06298  6.74438e+00 | 65 -0.01322  4.78766e+00 | 66  0.04384 -1.65681e+00
 67  0.00957  5.69823e+00 | 68 -0.04159  9.33528e+00 | 69  0.03267  1.43636e+01
 70  0.00884 -2.53569e+00 | 71  0.15057  2.05745e+00 | 72 -0.06620  7.96919e+00
 73 -0.03161 -6.52374e+00 | 74 -0.04015  7.12089e+00 | 75  0.01444 -3.43526e+00
 76 -0.06001 -2.90981e+00 | 77  0.02426  2.97451e+00 | 78 -0.49721  5.76463e+00
 79 -0.66367 -1.41118e-02 | 80 -0.80511 -5.98862e-01 | 81 -0.70610 -2.97806e+00
 82 -0.74939  1.65013e+00 | 83 -0.77069 -1.64191e+00 | 84 -0.82192 -5.00772e-01
 85 -0.84776 -4.20917e-01 | 86 -0.82633 -4.63921e-01 | 87 -0.73992 -1.43969e+00
 88 -0.81771 -9.55007e-04 | 89 -0.81154 -2.40468e+00 | 90 -0.79031 -3.06915e+00
 91 -0.79394 -3.59323e-01 | 92 -0.80694 -3.69218e-01 | 93 -0.80775  1.58925e-01
 94 -0.78279  8.78604e-01 | 95 -0.79387  4.58287e-01 | 96 -0.78728  8.82393e-01
 97 -0.84265  2.94583e-01 | 98 -0.84166 -1.96225e+00 | 99 -0.85939  1.71828e+00
100 -0.89351 -1.13099e+00 |101 -0.89697  7.16190e-01 |102  0.43285 -6.67991e+01
103  0.22701 -8.40416e+01 |104  0.18581 -1.19088e+02 |105  0.08884  6.02886e-02
106 -0.16942  1.15263e+00 |107 -0.20625  6.06613e-01 |108 -0.17702  2.12600e+00
109  0.00081 -5.11672e+01 |110  0.16799 -1.20807e+01 |111 -0.02558 -7.47687e+00
112  0.17293 -6.41182e+00 |113 -0.07943  3.14588e-01 |114  0.41921 -1.15955e-04
115 -0.05291 -2.96892e+00 |116 -0.34552  2.34079e+00 |117 -0.20747  6.77117e+00
118 -0.23402  8.73408e-01 |119 -0.29495 -5.32068e-01 |120  0.05560  1.01804e+00
121 -0.17123 -2.06913e+00 |122  0.01446 -3.54279e+02 |123 -0.01032 -3.58269e+02
124  0.01753 -3.48320e+02 |125 -0.01558 -3.47637e+02 |126 -0.00692 -3.44496e+02
127  0.00894 -3.39151e+02 |128 -0.00369 -3.41803e+02 |129 -0.01255 -3.43055e+02
130  0.01653 -3.03451e+02 |131 -0.00033 -3.00126e+02 |132 -0.00093 -2.98332e+02
133 -0.01727 -2.97437e+02 |134  0.00186 -2.92746e+02 |135 -0.01006 -2.88393e+02
136  0.00839 -2.78556e+02 |137  0.00458 -2.79132e+02 |138 -0.00153 -2.72039e+02
139  0.01468 -2.75987e+02 |140 -0.01354 -2.73706e+02 |141 -0.01720 -2.75564e+02
142  0.01016 -2.67354e+02 |143  0.01955 -2.62437e+02 |144 -0.00531 -2.61800e+02
145 -0.01978 -2.60131e+02 |146  0.02027 -2.46648e+02 |147 -0.02187 -2.40129e+02
148  0.02351 -2.42798e+02 |149 -0.00105 -2.38854e+02 |150  0.00590 -2.31725e+02
151 -0.01067 -2.31307e+02 |152  0.00802 -2.23122e+02 |153  0.01657 -2.16991e+02
154 -0.01994 -1.91890e+02 |155 -0.01609 -1.85333e+02 |156  0.00598 -1.75802e+02
157  0.00377 -1.73638e+02 |158  0.00307 -1.57045e+02 |159 -0.01957 -1.53814e+02
160 -0.01052 -1.52407e+02 |161  0.02511 -1.50631e+02 |162 -0.00717 -1.44199e+02
163  0.01723 -1.39842e+02 |164 -0.00858 -1.37951e+02 |165 -0.01726 -1.32648e+02
166  0.00883 -1.28703e+02 |167  0.00295 -1.28419e+02 |168 -0.00298 -1.21018e+02
169  0.00463 -1.17011e+02 |170 -0.01723 -1.13571e+02 |171 -0.00173 -1.14887e+02
172  0.02019 -1.00677e+02 |173 -0.02652 -8.87515e+01 |174  0.00949 -8.67125e+01
175  0.02153 -7.74158e+01 |176  0.01367 -6.76460e+01 |177 -0.00228 -5.66835e+01
178 -0.00283 -5.46902e+01 |179 -0.01317 -5.13505e+01 |180  0.00100 -5.26956e+01
181 -0.00285 -4.80130e+01 |182  0.00331 -4.44810e+01 |183 -0.00403 -3.93853e+01
184  0.00501 -3.30178e+01 |185 -0.00655 -2.22580e+01 |186 -0.00986 -2.00455e+01
187  0.00200 -1.72321e+01 |188 -0.01204 -1.59654e+01 |189  0.01313 -1.09091e+01
190  0.00882 -3.71474e+02 |191  0.00242 -3.57880e+02 |192 -0.00966 -3.27853e+02
193  0.00852 -3.06600e+02 |194  0.00618 -2.71550e+02 |195 -0.02430 -2.68208e+02
196  0.01522 -2.49924e+02 |197  0.00352 -2.34111e+02 |198 -0.02914 -1.89987e+02
199  0.01929 -1.74955e+02 |200 -0.00277 -1.77836e+02 |201 -0.00039 -1.73521e+02
202 -0.00187 -1.67945e+02 |203  0.00872 -1.63296e+02 |204 -0.01024 -1.52705e+02
205  0.00424 -1.56868e+02 |206  0.00237 -1.44116e+02 |207  0.00232 -1.27013e+02
208 -0.00733 -1.27579e+02 |209  0.01143 -1.19532e+02 |210 -0.01160 -1.17149e+02
211  0.00420 -1.06189e+02 |212  0.00080 -9.22225e+01 |213  0.00902 -1.20065e+02
214 -0.02503 -9.89921e+01 |215  0.01737 -8.86974e+01 |216 -0.00710 -8.76604e+01
217  0.00319 -9.30879e+01 |218 -0.00019 -8.76338e+01 |219  0.00640 -9.25966e+01
220 -0.00811 -7.58853e+01 |221  0.00034 -6.78815e+01 |222  0.01244 -4.91152e+01
223 -0.00518 -5.21031e+01 |224 -0.00328 -4.60396e+01 |225  0.00177 -3.09277e+01
226 -0.00100 -1.73517e+01 |227  0.00288 -2.11697e+01 |228 -0.01729 -2.42552e+01
229  0.00857 -2.50756e+01 |230  0.00792 -2.84795e+01 |231 -0.00685 -2.18050e+01
232  0.00673 -4.90010e+01 |233 -0.00328 -3.35376e+01 |234 -0.00595 -6.09927e+01
235  0.00698 -6.30161e+01 |236 -0.00523 -7.70558e+01 |237  0.00349 -7.51578e+01
238  0.00165 -7.07568e+01 |239 -0.00515 -6.95744e+01 |240 -0.00692 -4.24895e+01
241  0.01281 -2.97236e+01 |242 -0.00905 -2.00045e+01 |243  0.00268 -2.70264e+01
244  0.01216 -2.80072e+01 |245  0.00496 -5.42994e+00 |246 -0.00936  2.38809e+01
247 -0.01394  3.50901e+01 |248  0.01209  3.84119e+01 |249  0.00412  3.19409e+01
250 -0.00614  3.22091e+01 |251 -0.00258  2.38229e+01 |252  0.00421  2.26516e+01
253 -0.00470  3.05906e+01 |254  0.00405  4.40309e+01 |255 -0.01789  5.76898e+01
256  0.00844  4.92208e+01 |257  0.00336  3.20545e+01 |258  0.00241 -5.17519e+02
259  0.00544 -4.55772e+02 |260 -0.00277 -4.33409e+02 |261 -0.00139 -3.93157e+02
262  0.00296 -3.72686e+02 |263  0.01581 -3.45812e+02 |264 -0.01482 -3.21605e+02
265  0.00438 -3.10313e+02 |266  0.00270 -2.50366e+02 |267 -0.02634 -2.40018e+02
268  0.01180 -2.41550e+02 |269 -0.01058 -2.29686e+02 |270  0.00047 -2.21165e+02
271 -0.00152 -2.12506e+02 |272  0.00303 -1.89475e+02 |273 -0.00220 -1.67013e+02
274  0.00209 -1.51883e+02 |275 -0.00011 -1.42628e+02 |276  0.00439 -1.06887e+02
277 -0.00053 -9.59203e+01 |278 -0.00073 -6.62066e+01 |279 -0.00077 -6.54219e+01
280  0.00150 -4.55169e+01 |281  0.00309 -2.84480e+01 |282  0.00662 -2.09122e+01
283 -0.01551 -2.11818e+01 |284  0.00733 -8.85792e+00 |285 -0.00160  1.92050e+00
286 -0.00025  6.48021e+00 |287  0.00430  1.33452e+01 |288 -0.00267  2.74123e+01
289 -0.00147  3.22059e+01 |290 -0.00254  4.47853e+01 |291  0.00755  5.84676e+01
292  0.00681  5.66749e+01 |293 -0.00836  5.82390e+01 |294  0.00047  7.75202e+01
295  0.00195  6.91810e+01 |296  0.00729  7.49286e+01 |297 -0.00934  7.81773e+01
298 -0.00409  7.35985e+01 |299 -0.00137  8.17886e+01 |300 -0.00089  7.38514e+01
301  0.00574  5.81124e+01 |302  0.00205  6.00909e+01 |303 -0.00673  4.01752e+01
304  0.00401  3.36208e+01 |305 -0.00338  3.70895e+01 |306  0.00461  3.31899e+01
307 -0.00111  4.66256e+01 |308  0.00051  5.80493e+01 |309 -0.00424  6.01257e+01
310  0.00793  6.18616e+01 |311 -0.00159  6.49046e+01 |312 -0.00511  4.47284e+01
313  0.00657  5.60469e+01 |314  0.00486  5.44577e+01 |315  0.00321  4.97646e+01
316 -0.01070  4.25543e+01 |317  0.00309  2.39612e+01 |318  0.00052  1.30229e+01
319  0.00078  2.35521e+00 |320 -0.00048 -1.24253e+01 |321  0.00095 -4.34757e+00
322 -0.00475  6.10995e+00 |323  0.01272  1.52612e+01 |324 -0.01874  8.03578e+00
325 -0.00639  1.82349e+00 |
325 variables; iteration 200; function evaluation 206; phase 5
Function value 3.2039344e+03; maximum gradient component mag -4.4484e+02
Var    Value     Gradient |Var    Value     Gradient |Var    Value     Gradient
  1 -0.03378 -4.44839e+02 |  2  0.11618 -2.46767e+00 |  3  0.19049 -4.13001e+00
  4 -0.00370 -3.21341e+00 |  5 -0.05217 -3.70337e+00 |  6  0.08314 -7.85825e+00
  7  0.05193 -6.30030e+00 |  8 -0.00042 -4.77297e+00 |  9  0.04628 -7.94331e+00
 10  0.02315 -2.65807e+00 | 11  0.21638 -2.20049e+01 | 12 -0.12042 -1.68792e-01
 13 -0.04129 -3.65937e-01 | 14 -0.15707 -2.53907e-01 | 15 -0.16923  2.81857e+00
 16  0.23891 -3.18858e+01 | 17  0.00276 -5.23814e+00 | 18 -0.10907 -2.00287e+00
 19 -0.04903 -4.87552e+00 | 20 -0.01351 -4.61301e+00 | 21 -0.09512 -3.24587e+00
 22  0.03410 -1.57519e+01 | 23 -0.12159 -8.09124e-01 | 24 -0.03615 -4.10994e+00
 25  0.00858 -1.19724e+01 | 26  0.02221 -7.61537e+00 | 27 -0.11378 -1.76644e+00
 28  0.01444 -6.01586e+00 | 29  0.05347 -8.63468e+00 | 30 -0.08294 -4.61115e+00
 31 -0.18153  1.62107e+00 | 32  0.03719 -7.20845e+00 | 33  0.05211 -5.19480e+00
 34  0.05675 -6.85590e+00 | 35  0.04513 -3.48351e+00 | 36 -0.04354  4.89271e-01
 37 -0.01489  3.50745e-01 | 38  0.06263 -1.99878e+00 | 39 -0.06349  1.89291e-01
 40  0.21397 -1.01600e+01 | 41  0.02265  1.61470e+00 | 42  0.08170  2.31356e+00
 43 -0.06308  3.36176e+00 | 44  0.17851  7.01708e-01 | 45 -0.03661  3.50324e+00
 46 -0.03195 -8.91205e-01 | 47 -0.01335  3.15517e+00 | 48 -0.08965  2.49475e+00
 49  0.11438 -1.14125e+01 | 50  0.01214  6.56188e+00 | 51 -0.00215 -7.91401e+00
 52  0.01850 -7.90082e+00 | 53 -0.03419  7.11829e+00 | 54  0.08261  1.76572e+01
 55  0.00370  3.58306e-01 | 56 -0.05333 -7.63512e+00 | 57 -0.05700 -3.42959e+00
 58  0.08421  1.38489e+01 | 59 -0.03755 -1.18316e+00 | 60  0.02052  1.18934e+01
 61  0.00327  2.19959e+01 | 62  0.06695  3.05698e+00 | 63  0.09954  1.36311e+01
 64 -0.06273  1.11363e+01 | 65 -0.01308  9.16651e+00 | 66  0.04367 -4.10410e+00
 67  0.00938  2.90816e+00 | 68 -0.04196  4.23136e+00 | 69  0.03221  7.38590e+00
 70  0.00879  9.50873e-01 | 71  0.15008 -9.49049e+00 | 72 -0.06689  2.09220e+00
 73 -0.03186 -7.80157e+00 | 74 -0.04015  1.23677e+01 | 75  0.01404 -1.20405e+01
 76 -0.05986 -6.12854e-02 | 77  0.02444  6.34196e+00 | 78 -0.49369  7.32844e+00
 79 -0.66361  4.18492e-01 | 80 -0.80516 -3.76143e-01 | 81 -0.70342  1.34948e-01
 82 -0.75102 -6.08818e-02 | 83 -0.76940  2.87008e-01 | 84 -0.82200 -5.27600e-01
 85 -0.84782 -4.60437e-01 | 86 -0.82638 -3.84953e-01 | 87 -0.73907 -2.81389e-01
 88 -0.81821 -5.10401e-01 | 89 -0.80819  1.42765e+00 | 90 -0.78797 -5.46044e-01
 91 -0.79388  1.17143e-01 | 92 -0.80719 -2.75631e-01 | 93 -0.80788  3.27134e-01
 94 -0.78344  1.46060e-01 | 95 -0.79407  1.13192e-01 | 96 -0.78753  2.39410e-01
 97 -0.84274 -5.43861e-01 | 98 -0.84148 -1.90151e+00 | 99 -0.85952  7.46525e-01
100 -0.89317  2.08819e+00 |101 -0.89688  1.65299e+00 |102  0.39746 -4.40000e+01
103  0.23175 -4.38582e+01 |104  0.18082 -9.15596e+01 |105  0.08885 -1.44151e+00
106 -0.16949 -7.78400e+00 |107 -0.20610  3.52481e-01 |108 -0.17695  6.90217e-03
109  0.00083 -2.26872e+01 |110  0.16801 -4.96502e+00 |111 -0.02548 -2.97742e+00
112  0.17286 -1.00230e+01 |113 -0.08755 -1.39114e+00 |114  0.41924 -1.30222e-04
115 -0.05303 -8.85371e+00 |116 -0.34555  8.67224e+00 |117 -0.20717  1.33616e+01
118 -0.23373  5.40432e+00 |119 -0.29440  1.52279e+00 |120  0.05481 -2.38421e-01
121 -0.17104 -3.73320e+00 |122  0.01430 -2.22389e+02 |123  0.00759 -2.20563e+02
124  0.00447 -2.20042e+02 |125 -0.00157 -2.11814e+02 |126 -0.00420 -2.12039e+02
127 -0.00812 -2.12481e+02 |128 -0.00578 -2.11327e+02 |129 -0.00638 -2.10411e+02
130  0.01910 -1.76509e+02 |131 -0.00081 -1.75962e+02 |132 -0.00512 -1.75539e+02
133 -0.01727 -1.73825e+02 |134  0.00292 -1.65837e+02 |135 -0.01022 -1.64069e+02
136  0.00750 -1.61549e+02 |137  0.00652 -1.59688e+02 |138 -0.00386 -1.58610e+02
139  0.01598 -1.59171e+02 |140 -0.01596 -1.58246e+02 |141 -0.01374 -1.55832e+02
142  0.00875 -1.57798e+02 |143  0.02004 -1.56706e+02 |144  0.00008 -1.55234e+02
145 -0.02618 -1.58614e+02 |146  0.02178 -1.50349e+02 |147 -0.02363 -1.48869e+02
148  0.02423 -1.47676e+02 |149  0.00283 -1.42393e+02 |150  0.00086 -1.42633e+02
151 -0.00937 -1.39071e+02 |152  0.00980 -1.31769e+02 |153  0.01593 -1.28256e+02
154 -0.01936 -1.06841e+02 |155 -0.01734 -1.02759e+02 |156  0.00541 -9.56131e+01
157  0.00411 -9.34534e+01 |158  0.00330 -7.87899e+01 |159 -0.02009 -7.64682e+01
160 -0.01061 -7.45236e+01 |161  0.02733 -7.84791e+01 |162 -0.00965 -7.76446e+01
163  0.01706 -7.21040e+01 |164 -0.00715 -6.87842e+01 |165 -0.01765 -6.61122e+01
166  0.00816 -6.98673e+01 |167  0.00341 -6.92002e+01 |168 -0.00315 -6.66346e+01
169  0.00539 -6.41740e+01 |170 -0.01825 -6.39349e+01 |171 -0.00135 -6.44457e+01
172  0.02128 -6.52205e+01 |173 -0.02802 -6.03199e+01 |174  0.00979 -6.22347e+01
175  0.02152 -5.58101e+01 |176  0.01526 -4.83119e+01 |177 -0.00250 -3.97839e+01
178 -0.00339 -3.81683e+01 |179 -0.01519 -3.57732e+01 |180  0.00236 -3.23351e+01
181 -0.00236 -2.88879e+01 |182  0.00281 -2.70211e+01 |183 -0.00331 -2.24243e+01
184  0.00464 -2.11852e+01 |185 -0.00650 -1.60853e+01 |186 -0.01127 -1.57321e+01
187  0.00239 -1.10354e+01 |188 -0.01219 -1.01047e+01 |189  0.01420 -2.26307e+00
190  0.00822 -1.93519e+02 |191  0.00233 -1.82604e+02 |192 -0.00919 -1.61988e+02
193  0.00718 -1.50244e+02 |194  0.00501 -1.30580e+02 |195 -0.02236 -1.24999e+02
196  0.01744 -1.11786e+02 |197 -0.00048 -1.04790e+02 |198 -0.02727 -6.30698e+01
199  0.01889 -3.36044e+01 |200 -0.00223 -3.07290e+01 |201 -0.00127 -3.41606e+01
202 -0.00137 -2.36257e+01 |203  0.00883 -2.56503e+01 |204 -0.01071 -3.17918e+01
205  0.00440 -2.46470e+01 |206  0.00295 -1.11554e+01 |207  0.00146 -1.84541e+01
208 -0.00680 -1.38474e+01 |209  0.01042 -6.46910e+00 |210 -0.00996 -8.23952e+00
211  0.00333 -1.40183e+01 |212  0.00046  8.38992e+00 |213  0.01061 -7.41312e+00
214 -0.02624 -6.16473e+00 |215  0.01776  2.12550e+01 |216 -0.00799  1.83127e+01
217  0.00385  1.94120e+01 |218 -0.00043  3.26829e+01 |219  0.00667  2.88709e+01
220 -0.00821  3.28219e+01 |221  0.00043  4.34991e+01 |222  0.01194  5.53462e+01
223 -0.00487  5.29485e+01 |224 -0.00274  5.76317e+01 |225  0.00101  6.05418e+01
226 -0.00056  7.75191e+01 |227  0.00241  5.93169e+01 |228 -0.01704  6.25281e+01
229  0.00844  4.47378e+01 |230  0.00830  4.82110e+01 |231 -0.00734  5.09921e+01
232  0.00695  3.70767e+01 |233 -0.00332  5.70945e+01 |234 -0.00578  3.09439e+01
235  0.00693  3.12061e+01 |236 -0.00528  1.33061e+01 |237  0.00357  2.76308e+01
238  0.00149  2.66366e+01 |239 -0.00525  3.38061e+01 |240 -0.00674  5.86025e+01
241  0.01307  7.05342e+01 |242 -0.00943  6.61225e+01 |243  0.00314  6.96688e+01
244  0.01157  5.06377e+01 |245  0.00556  9.12740e+01 |246 -0.00943  1.05421e+02
247 -0.01388  1.11964e+02 |248  0.01172  1.11811e+02 |249  0.00431  1.12835e+02
250 -0.00661  1.04177e+02 |251 -0.00235  1.07391e+02 |252  0.00431  1.14709e+02
253 -0.00476  1.19343e+02 |254  0.00447  1.43893e+02 |255 -0.01787  1.50992e+02
256  0.00830  1.25934e+02 |257  0.00354  7.88634e+01 |258  0.00341 -3.96579e+02
259  0.00531 -3.43432e+02 |260 -0.00249 -3.17776e+02 |261 -0.00072 -3.07527e+02
262  0.00213 -3.05857e+02 |263  0.01635 -2.73712e+02 |264 -0.01547 -2.56126e+02
265  0.00613 -2.40071e+02 |266  0.00078 -1.93841e+02 |267 -0.02601 -1.64454e+02
268  0.01222 -1.58719e+02 |269 -0.01064 -1.58535e+02 |270  0.00013 -1.42970e+02
271 -0.00154 -1.39837e+02 |272  0.00345 -1.14514e+02 |273 -0.00243 -1.03369e+02
274  0.00192 -9.16041e+01 |275  0.00028 -9.09135e+01 |276  0.00409 -6.06108e+01
277 -0.00023 -5.78407e+01 |278 -0.00175 -4.09830e+01 |279 -0.00004 -4.26381e+01
280  0.00177 -7.37592e+00 |281  0.00277 -7.84520e+00 |282  0.00640 -9.91907e+00
283 -0.01528  1.39374e+01 |284  0.00782  1.89363e+01 |285 -0.00238  2.44966e+01
286  0.00028  3.89759e+01 |287  0.00408  3.63298e+01 |288 -0.00267  4.58094e+01
289 -0.00141  5.33482e+01 |290 -0.00217  6.89639e+01 |291  0.00729  7.27356e+01
292  0.00639  5.84221e+01 |293 -0.00794  5.91899e+01 |294  0.00022  6.98140e+01
295  0.00200  5.42467e+01 |296  0.00762  7.10099e+01 |297 -0.00959  5.41560e+01
298 -0.00423  5.53932e+01 |299 -0.00102  6.98322e+01 |300 -0.00117  6.40341e+01
301  0.00574  5.27161e+01 |302  0.00196  6.19227e+01 |303 -0.00662  5.29279e+01
304  0.00395  4.75039e+01 |305 -0.00332  6.49852e+01 |306  0.00464  6.12543e+01
307 -0.00099  7.85592e+01 |308  0.00041  8.16683e+01 |309 -0.00436  8.13468e+01
310  0.00803  8.70929e+01 |311 -0.00176  9.78100e+01 |312 -0.00486  7.68823e+01
313  0.00637  9.41449e+01 |314  0.00495  9.31944e+01 |315  0.00299  8.78482e+01
316 -0.01051  8.13359e+01 |317  0.00318  7.26078e+01 |318  0.00055  5.14095e+01
319  0.00067  4.30685e+01 |320 -0.00044  3.64480e+01 |321  0.00091  3.98213e+01
322 -0.00477  6.14462e+01 |323  0.01269  7.14372e+01 |324 -0.01849  4.88235e+01
325 -0.00674  9.92051e+00 |
325 variables; iteration 220; function evaluation 227; phase 5
Function value 3.2037853e+03; maximum gradient component mag -6.9068e+02
Var    Value     Gradient |Var    Value     Gradient |Var    Value     Gradient
  1 -0.03379 -4.38765e+02 |  2  0.11758 -2.06818e+00 |  3  0.18954 -4.21511e+00
  4 -0.00332 -3.12362e+00 |  5 -0.05217 -3.58505e+00 |  6  0.08331 -7.55709e+00
  7  0.05160 -6.77384e+00 |  8  0.00106 -3.15303e+00 |  9  0.04601 -8.13545e+00
 10  0.02352 -1.14526e+00 | 11  0.21617 -2.41393e+01 | 12 -0.12002  4.77433e-01
 13 -0.04151 -4.18129e-01 | 14 -0.15610  1.00055e+00 | 15 -0.16994  2.63237e+00
 16  0.23917 -3.27207e+01 | 17  0.00159 -5.64313e+00 | 18 -0.10831 -1.23030e+00
 19 -0.04856 -3.41415e+00 | 20 -0.01342 -4.40731e+00 | 21 -0.09551 -3.40991e+00
 22  0.03410 -1.55765e+01 | 23 -0.12127 -2.08734e-01 | 24 -0.03571 -3.13543e+00
 25  0.00887 -1.02687e+01 | 26  0.02205 -8.10194e+00 | 27 -0.11424 -1.61181e+00
 28  0.01475 -5.02891e+00 | 29  0.05311 -9.77840e+00 | 30 -0.08281 -3.82209e+00
 31 -0.18337  1.59093e+00 | 32  0.03738 -6.51385e+00 | 33  0.05243 -3.86395e+00
 34  0.05695 -5.13764e+00 | 35  0.04557 -1.61139e+00 | 36 -0.04344  1.60506e+00
 37 -0.01468  8.28462e-01 | 38  0.06264 -1.15545e+00 | 39 -0.06365  3.75662e-01
 40  0.21408 -6.88154e+00 | 41  0.02217  2.69526e-01 | 42  0.08145 -5.62694e-01
 43 -0.06286  4.23227e+00 | 44  0.17857  5.93126e-01 | 45 -0.03668  2.96190e+00
 46 -0.03166  1.92076e+00 | 47 -0.01329  3.25223e+00 | 48 -0.08976  2.35111e+00
 49  0.11444 -1.00431e+01 | 50  0.01222  7.16181e+00 | 51 -0.00195 -3.78179e+00
 52  0.01873 -3.07160e+00 | 53 -0.03436  5.28094e+00 | 54  0.08262  1.79083e+01
 55  0.00373  1.44897e+00 | 56 -0.05314 -4.50262e+00 | 57 -0.05688 -1.56525e+00
 58  0.08427  1.52821e+01 | 59 -0.03747  4.01362e-01 | 60  0.02043  1.07554e+01
 61  0.00312  1.79295e+01 | 62  0.06702  4.54772e+00 | 63  0.09958  1.41138e+01
 64 -0.06267  1.10911e+01 | 65 -0.01315  6.74684e+00 | 66  0.04381 -1.14280e+00
 67  0.00947  3.93337e+00 | 68 -0.04173  7.53211e+00 | 69  0.03220  6.00777e+00
 70  0.00878  8.91543e-01 | 71  0.15019 -8.37830e+00 | 72 -0.06658  5.07485e+00
 73 -0.03151 -2.39235e+00 | 74 -0.04010  1.13372e+01 | 75  0.01424 -6.14977e+00
 76 -0.05954  3.06859e+00 | 77  0.02431  5.58741e+00 | 78 -0.49469  6.09271e+00
 79 -0.66339  4.85039e-01 | 80 -0.80518 -5.81129e-01 | 81 -0.70382 -4.51317e-01
 82 -0.75051  4.40704e-01 | 83 -0.76940  2.17322e-01 | 84 -0.82203 -6.17002e-01
 85 -0.84772 -1.94387e-01 | 86 -0.82630 -2.58961e-01 | 87 -0.73891 -3.34793e-02
 88 -0.81814 -3.34158e-01 | 89 -0.80901  5.97486e-01 | 90 -0.78563  1.64439e+00
 91 -0.79455 -5.06576e-01 | 92 -0.80698  6.79668e-02 | 93 -0.80782  3.83852e-01
 94 -0.78326  3.72816e-01 | 95 -0.79388  4.45229e-01 | 96 -0.78739  4.56084e-01
 97 -0.84237  1.20313e+00 | 98 -0.84117 -2.88626e-01 | 99 -0.86015 -2.49337e+00
100 -0.89342  1.16203e-01 |101 -0.89703  6.70184e-01 |102  0.39222 -4.43325e+01
103  0.26142 -1.52076e+02 |104  0.17400 -1.53125e+02 |105  0.08885 -6.20654e-01
106 -0.16947 -6.20548e+00 |107 -0.20609  5.51068e+00 |108 -0.17697  5.91962e+00
109  0.00082 -1.88124e+01 |110  0.16801 -5.01099e+00 |111 -0.02548 -1.37110e+00
112  0.17288 -7.87632e+00 |113 -0.08580 -9.49319e-01 |114  0.41927 -1.28777e-04
115 -0.05297 -8.53693e+00 |116 -0.34558  7.71066e+00 |117 -0.20726  1.18581e+01
118 -0.23374  5.74450e+00 |119 -0.29398  2.29518e+00 |120  0.05463 -8.67098e-02
121 -0.17092 -2.16100e+00 |122  0.01532 -2.22500e+02 |123  0.00813 -2.20852e+02
124  0.00491 -2.20403e+02 |125 -0.00345 -2.13504e+02 |126 -0.00313 -2.12973e+02
127  0.00098 -2.11456e+02 |128 -0.01290 -2.14557e+02 |129 -0.00794 -2.12463e+02
130  0.01900 -1.80806e+02 |131 -0.00032 -1.80384e+02 |132 -0.00602 -1.80379e+02
133 -0.01729 -1.78513e+02 |134  0.00292 -1.70835e+02 |135 -0.01018 -1.69246e+02
136  0.00694 -1.66788e+02 |137  0.00724 -1.62858e+02 |138 -0.00432 -1.63037e+02
139  0.01617 -1.61818e+02 |140 -0.01585 -1.60889e+02 |141 -0.01357 -1.58670e+02
142  0.00830 -1.61978e+02 |143  0.02129 -1.58188e+02 |144 -0.00244 -1.58377e+02
145 -0.02390 -1.60143e+02 |146  0.02070 -1.55382e+02 |147 -0.02333 -1.52033e+02
148  0.02435 -1.51417e+02 |149  0.00191 -1.46706e+02 |150  0.00197 -1.45589e+02
151 -0.00950 -1.42795e+02 |152  0.01045 -1.36081e+02 |153  0.01618 -1.33481e+02
154 -0.02035 -1.14882e+02 |155 -0.01750 -1.10785e+02 |156  0.00566 -1.03400e+02
157  0.00398 -1.01465e+02 |158  0.00385 -8.74075e+01 |159 -0.02054 -8.58467e+01
160 -0.01073 -8.46421e+01 |161  0.02629 -8.84791e+01 |162 -0.00868 -8.52036e+01
163  0.01748 -7.87699e+01 |164 -0.00693 -7.64326e+01 |165 -0.01833 -7.52950e+01
166  0.00790 -7.68041e+01 |167  0.00397 -7.41672e+01 |168 -0.00334 -7.33018e+01
169  0.00548 -7.12866e+01 |170 -0.01849 -7.14354e+01 |171 -0.00143 -7.07416e+01
172  0.02194 -6.47404e+01 |173 -0.02871 -6.21607e+01 |174  0.01002 -5.93874e+01
175  0.02197 -5.24400e+01 |176  0.01554 -4.72050e+01 |177 -0.00304 -3.97040e+01
178 -0.00311 -3.79243e+01 |179 -0.01570 -3.59302e+01 |180  0.00253 -3.20836e+01
181 -0.00234 -2.90378e+01 |182  0.00239 -2.73839e+01 |183 -0.00303 -2.17656e+01
184  0.00468 -2.06632e+01 |185 -0.00613 -1.54373e+01 |186 -0.01127 -1.60106e+01
187  0.00208 -1.30505e+01 |188 -0.01228 -1.21183e+01 |189  0.01432 -1.95704e+00
190  0.00174 -6.90675e+02 |191  0.00202 -6.78019e+02 |192 -0.00899 -6.57083e+02
193  0.00724 -6.45860e+02 |194  0.00488 -6.25963e+02 |195 -0.02239 -6.19962e+02
196  0.01731 -6.08484e+02 |197  0.00019 -6.00941e+02 |198 -0.02814 -5.62929e+02
199  0.01902 -5.27702e+02 |200 -0.00163 -5.20389e+02 |201 -0.00167 -5.24622e+02
202 -0.00142 -5.08932e+02 |203  0.00878 -5.00097e+02 |204 -0.01058 -5.00732e+02
205  0.00449 -4.80065e+02 |206  0.00282 -4.66571e+02 |207  0.00141 -4.63193e+02
208 -0.00677 -4.48067e+02 |209  0.01039 -4.29212e+02 |210 -0.00978 -4.29092e+02
211  0.00314 -4.22576e+02 |212  0.00048 -3.90203e+02 |213  0.01024 -3.98264e+02
214 -0.02552 -3.94911e+02 |215  0.01747 -3.59014e+02 |216 -0.00808 -3.51127e+02
217  0.00398 -3.37433e+02 |218 -0.00053 -3.15574e+02 |219  0.00671 -3.11486e+02
220 -0.00826 -3.01447e+02 |221  0.00050 -2.76862e+02 |222  0.01191 -2.61395e+02
223 -0.00482 -2.48459e+02 |224 -0.00276 -2.41941e+02 |225  0.00110 -2.35139e+02
226 -0.00076 -2.17734e+02 |227  0.00265 -2.17300e+02 |228 -0.01717 -2.15853e+02
229  0.00839 -2.24537e+02 |230  0.00827 -2.11476e+02 |231 -0.00723 -2.02681e+02
232  0.00697 -2.00536e+02 |233 -0.00355 -1.78081e+02 |234 -0.00553 -1.89100e+02
235  0.00674 -1.77569e+02 |236 -0.00516 -1.83616e+02 |237  0.00357 -1.55989e+02
238  0.00147 -1.49061e+02 |239 -0.00518 -1.36349e+02 |240 -0.00668 -1.04214e+02
241  0.01299 -8.06146e+01 |242 -0.00959 -7.75168e+01 |243  0.00326 -6.07749e+01
244  0.01167 -6.79625e+01 |245  0.00557 -2.37532e+01 |246 -0.00948 -9.01418e+00
247 -0.01385 -1.85342e+00 |248  0.01167  4.94488e+00 |249  0.00423  1.48921e+01
250 -0.00646  1.34856e+01 |251 -0.00239  1.93825e+01 |252  0.00417  3.62856e+01
253 -0.00455  4.99975e+01 |254  0.00427  7.97309e+01 |255 -0.01812  8.89905e+01
256  0.00855  7.75727e+01 |257  0.00344  4.92626e+01 |258  0.00499 -6.61371e+02
259  0.00545 -6.15663e+02 |260 -0.00266 -5.91148e+02 |261 -0.00082 -5.83294e+02
262  0.00228 -5.74737e+02 |263  0.01656 -5.48701e+02 |264 -0.01559 -5.33170e+02
265  0.00584 -5.21301e+02 |266  0.00136 -4.76317e+02 |267 -0.02639 -4.43553e+02
268  0.01199 -4.37360e+02 |269 -0.01036 -4.34932e+02 |270  0.00012 -4.15313e+02
271 -0.00154 -4.05850e+02 |272  0.00337 -3.83515e+02 |273 -0.00240 -3.63089e+02
274  0.00199 -3.51997e+02 |275  0.00033 -3.44949e+02 |276  0.00397 -3.16539e+02
277 -0.00023 -3.08070e+02 |278 -0.00183 -2.94907e+02 |279  0.00014 -2.86228e+02
280  0.00168 -2.51323e+02 |281  0.00278 -2.52319e+02 |282  0.00614 -2.53383e+02
283 -0.01499 -2.20477e+02 |284  0.00788 -2.12709e+02 |285 -0.00252 -2.07275e+02
286  0.00033 -1.87833e+02 |287  0.00404 -1.87705e+02 |288 -0.00263 -1.75728e+02
289 -0.00149 -1.64097e+02 |290 -0.00209 -1.45529e+02 |291  0.00726 -1.33560e+02
292  0.00640 -1.46050e+02 |293 -0.00796 -1.42567e+02 |294  0.00031 -1.31080e+02
295  0.00194 -1.32861e+02 |296  0.00753 -1.18681e+02 |297 -0.00945 -1.25806e+02
298 -0.00424 -1.20108e+02 |299 -0.00115 -1.07913e+02 |300 -0.00113 -9.98672e+01
301  0.00590 -1.07614e+02 |302  0.00176 -9.62647e+01 |303 -0.00652 -9.23061e+01
304  0.00394 -9.35342e+01 |305 -0.00333 -6.81070e+01 |306  0.00469 -6.77444e+01
307 -0.00102 -4.96636e+01 |308  0.00026 -4.21434e+01 |309 -0.00421 -2.79868e+01
310  0.00812 -2.09867e+01 |311 -0.00193 -4.33769e+00 |312 -0.00484 -1.23616e+01
313  0.00640  9.31151e+00 |314  0.00496  1.05231e+01 |315  0.00291  5.79937e+00
316 -0.01047  7.29998e+00 |317  0.00322  7.89430e+00 |318  0.00050 -8.03383e+00
319  0.00065 -1.07967e+01 |320 -0.00030 -5.79457e+00 |321  0.00074 -4.75817e+00
322 -0.00463  2.55074e+01 |323  0.01288  3.33460e+01 |324 -0.01873  2.19464e+01
325 -0.00665 -4.71121e-01 |
325 variables; iteration 240; function evaluation 249; phase 5
Function value 3.2032966e+03; maximum gradient component mag -2.6565e+02
Var    Value     Gradient |Var    Value     Gradient |Var    Value     Gradient
  1 -0.03382  3.81016e+01 |  2  0.12285  9.05241e-01 |  3  0.18585 -3.89538e-01
  4  0.00125  2.04258e-01 |  5 -0.04943 -2.08103e-01 |  6  0.08301  1.72142e-02
  7  0.05320 -1.57245e+00 |  8 -0.00172 -1.82025e+00 |  9  0.04718 -2.91068e+00
 10  0.02100  4.64102e-01 | 11  0.21649 -4.32816e+00 | 12 -0.11872  6.60654e-01
 13 -0.04018  3.45641e+00 | 14 -0.15552  1.56279e-01 | 15 -0.17327 -1.54140e-01
 16  0.23927  6.12506e+00 | 17  0.00331  1.26563e+00 | 18 -0.10797  9.62303e-01
 19 -0.04919 -1.17635e+00 | 20 -0.01334  1.42496e+00 | 21 -0.09478  1.69073e+00
 22  0.03437  1.07891e-02 | 23 -0.12150 -3.27148e-01 | 24 -0.03541  1.23171e+00
 25  0.00887  1.01620e+00 | 26  0.02252  1.70787e+00 | 27 -0.11265  2.38402e+00
 28  0.01446  1.75925e+00 | 29  0.05365  2.06416e+00 | 30 -0.08233  1.49660e+00
 31 -0.18411  1.23714e+00 | 32  0.03811 -3.85763e-01 | 33  0.05144  1.60096e+00
 34  0.05746  2.85121e+00 | 35  0.04469 -1.50425e-01 | 36 -0.04453  2.98335e-01
 37 -0.01582  2.20331e+00 | 38  0.06311 -2.17070e-01 | 39 -0.06317 -2.21892e-01
 40  0.21480  5.58777e+00 | 41  0.02246  1.40769e+00 | 42  0.08169  2.88931e-01
 43 -0.06306  1.11074e+00 | 44  0.17862  2.19481e+00 | 45 -0.03688 -6.23713e-01
 46 -0.03170 -4.77391e-01 | 47 -0.01332 -2.22914e+00 | 48 -0.08957  1.21992e+00
 49  0.11462 -7.63561e+00 | 50  0.01195 -1.98759e+00 | 51 -0.00085  1.10745e+01
 52  0.01916  3.78736e+00 | 53 -0.03483 -5.94089e+00 | 54  0.08244  4.02891e+00
 55  0.00413  4.77462e+00 | 56 -0.05251  3.03427e+00 | 57 -0.05596  6.89228e+00
 58  0.08435  5.51162e+00 | 59 -0.03696  4.30072e+00 | 60  0.02001 -3.20197e+00
 61  0.00211 -1.18605e+01 | 62  0.06711 -1.05236e+00 | 63  0.09949  3.75139e+00
 64 -0.06343 -4.38742e+00 | 65 -0.01327 -3.81040e+00 | 66  0.04414  2.21268e+00
 67  0.00971  3.35821e+00 | 68 -0.04212 -3.22241e+00 | 69  0.03219 -2.75733e+00
 70  0.00928  5.86926e+00 | 71  0.15064 -4.28086e+00 | 72 -0.06667  1.90679e-01
 73 -0.03083  5.82078e+00 | 74 -0.04078 -8.39382e+00 | 75  0.01476  5.72820e+00
 76 -0.05898  3.96866e+00 | 77  0.02399 -1.11045e+00 | 78 -0.49559 -8.15799e-02
 79 -0.66360  1.75262e-01 | 80 -0.80499  4.60191e-03 | 81 -0.70416 -3.01160e-01
 82 -0.75078  9.65437e-02 | 83 -0.76961  2.59191e-01 | 84 -0.82215 -3.36945e-01
 85 -0.84775  5.48122e-01 | 86 -0.82625  1.71340e-01 | 87 -0.73913  5.97928e-01
 88 -0.81788  6.35695e-01 | 89 -0.81045 -2.31613e-01 | 90 -0.78697  1.12404e+00
 91 -0.79433 -5.08747e-02 | 92 -0.80709 -1.96141e-01 | 93 -0.80785  1.93058e-01
 94 -0.78343 -2.97653e-01 | 95 -0.79410 -3.85698e-01 | 96 -0.78750  1.37899e-01
 97 -0.84264  4.39235e-01 | 98 -0.84115  8.37213e-01 | 99 -0.85978 -7.56935e-01
100 -0.89347 -1.08713e+00 |101 -0.89752 -3.82923e+00 |102  0.41556 -1.98456e+01
103  0.24875 -5.91646e+01 |104  0.16879 -3.85566e+01 |105  0.08884  1.42034e-02
106 -0.16942 -1.48633e-01 |107 -0.20616  4.51865e+00 |108 -0.17704  5.58076e+00
109  0.00084  2.21659e+01 |110  0.16799  7.40795e+00 |111 -0.02563  5.92349e+00
112  0.17333  5.28323e+00 |113 -0.08174  1.46600e-01 |114  0.41941 -9.07787e-05
115 -0.05289 -4.14123e+00 |116 -0.34529  3.56660e+00 |117 -0.20818 -4.64046e+00
118 -0.23394 -2.12411e+00 |119 -0.29431 -6.40806e-01 |120  0.05513 -1.81688e-01
121 -0.17090  2.37186e+00 |122  0.01448 -1.00505e+02 |123  0.00557 -1.00073e+02
124  0.01005 -9.78934e+01 |125 -0.00692 -9.65519e+01 |126 -0.00512 -9.57505e+01
127 -0.00047 -9.42180e+01 |128 -0.00773 -9.57276e+01 |129 -0.00924 -9.55294e+01
130  0.01582 -7.44198e+01 |131 -0.00040 -7.31425e+01 |132 -0.00430 -7.27330e+01
133 -0.01768 -7.18113e+01 |134  0.00195 -7.14086e+01 |135 -0.01035 -7.03966e+01
136  0.00745 -6.96599e+01 |137  0.00578 -6.85703e+01 |138 -0.00397 -6.64700e+01
139  0.01659 -6.23742e+01 |140 -0.01609 -6.14513e+01 |141 -0.01357 -5.84040e+01
142  0.00907 -6.11621e+01 |143  0.02023 -6.45505e+01 |144 -0.00258 -6.41346e+01
145 -0.02238 -6.52584e+01 |146  0.02000 -6.54734e+01 |147 -0.02347 -6.39944e+01
148  0.02525 -6.04142e+01 |149  0.00140 -5.90481e+01 |150  0.00314 -5.80806e+01
151 -0.00958 -5.77738e+01 |152  0.01048 -5.56418e+01 |153  0.01855 -5.38108e+01
154 -0.02183 -4.35360e+01 |155 -0.01810 -4.14741e+01 |156  0.00559 -4.04413e+01
157  0.00352 -3.99796e+01 |158  0.00318 -3.39789e+01 |159 -0.02152 -3.29901e+01
160 -0.01048 -3.07251e+01 |161  0.02703 -2.99554e+01 |162 -0.00888 -2.81697e+01
163  0.01757 -2.61664e+01 |164 -0.00744 -2.49079e+01 |165 -0.01794 -2.40886e+01
166  0.00843 -2.64447e+01 |167  0.00351 -2.96063e+01 |168 -0.00351 -3.15773e+01
169  0.00495 -3.16111e+01 |170 -0.01864 -3.12270e+01 |171 -0.00126 -2.58835e+01
172  0.02266 -2.28304e+01 |173 -0.02916 -2.24562e+01 |174  0.01004 -2.07451e+01
175  0.02246 -1.56419e+01 |176  0.01895 -1.15283e+01 |177 -0.00239 -8.37478e+00
178 -0.00474 -7.72695e+00 |179 -0.01787 -7.00178e+00 |180  0.00286 -6.31004e+00
181 -0.00205 -6.16727e+00 |182  0.00256 -6.26229e+00 |183 -0.00479 -6.09525e+00
184  0.00478 -4.02906e+00 |185 -0.00698  9.19416e-01 |186 -0.01046  2.22638e+00
187  0.00262  4.69704e+00 |188 -0.01199  4.08150e+00 |189  0.01450  1.92798e+00
190  0.00392 -2.65648e+02 |191  0.00362 -2.61220e+02 |192 -0.01015 -2.53395e+02
193  0.00825 -2.51628e+02 |194  0.00665 -2.56310e+02 |195 -0.02536 -2.55658e+02
196  0.01860 -2.50288e+02 |197 -0.00058 -2.47238e+02 |198 -0.02736 -2.23571e+02
199  0.01853 -2.18839e+02 |200 -0.00287 -2.19074e+02 |201 -0.00085 -2.15532e+02
202 -0.00140 -2.17517e+02 |203  0.00868 -2.13102e+02 |204 -0.01045 -2.16481e+02
205  0.00478 -2.12213e+02 |206  0.00248 -2.17554e+02 |207  0.00124 -2.16559e+02
208 -0.00643 -2.09500e+02 |209  0.01031 -2.03359e+02 |210 -0.00994 -2.06397e+02
211  0.00337 -2.09172e+02 |212 -0.00001 -1.99268e+02 |213  0.01043 -1.95881e+02
214 -0.02494 -1.96000e+02 |215  0.01686 -1.86678e+02 |216 -0.00767 -1.81919e+02
217  0.00376 -1.79423e+02 |218 -0.00065 -1.75466e+02 |219  0.00677 -1.70056e+02
220 -0.00784 -1.65943e+02 |221  0.00004 -1.64733e+02 |222  0.01191 -1.54806e+02
223 -0.00467 -1.48941e+02 |224 -0.00242 -1.50818e+02 |225  0.00077 -1.56365e+02
226 -0.00080 -1.50269e+02 |227  0.00274 -1.49506e+02 |228 -0.01736 -1.51258e+02
229  0.00866 -1.55262e+02 |230  0.00791 -1.52139e+02 |231 -0.00722 -1.44293e+02
232  0.00757 -1.37936e+02 |233 -0.00456 -1.41989e+02 |234 -0.00496 -1.30416e+02
235  0.00660 -1.24920e+02 |236 -0.00502 -1.25882e+02 |237  0.00368 -1.13587e+02
238  0.00120 -1.15474e+02 |239 -0.00450 -1.00903e+02 |240 -0.00696 -1.02426e+02
241  0.01276 -9.92773e+01 |242 -0.00973 -9.94365e+01 |243  0.00313 -8.83534e+01
244  0.01251 -8.36949e+01 |245  0.00524 -7.79651e+01 |246 -0.00951 -7.83267e+01
247 -0.01383 -7.66842e+01 |248  0.01145 -7.42300e+01 |249  0.00427 -6.72915e+01
250 -0.00676 -7.11951e+01 |251 -0.00175 -6.25239e+01 |252  0.00384 -5.95843e+01
253 -0.00459 -5.35759e+01 |254  0.00440 -4.71308e+01 |255 -0.01828 -4.47771e+01
256  0.00802 -3.48588e+01 |257  0.00313 -2.88889e+01 |258  0.00666 -1.64822e+02
259  0.00468 -1.72241e+02 |260 -0.00220 -1.59215e+02 |261 -0.00156 -1.66533e+02
262  0.00307 -1.60837e+02 |263  0.01773 -1.60080e+02 |264 -0.01683 -1.54640e+02
265  0.00648 -1.48305e+02 |266 -0.00018 -1.23813e+02 |267 -0.02559 -1.18166e+02
268  0.01223 -1.18335e+02 |269 -0.01057 -1.13646e+02 |270  0.00006 -1.13715e+02
271 -0.00135 -1.16546e+02 |272  0.00319 -1.20917e+02 |273 -0.00235 -1.13805e+02
274  0.00199 -1.22593e+02 |275  0.00058 -1.23132e+02 |276  0.00355 -1.28871e+02
277  0.00008 -1.26183e+02 |278 -0.00204 -1.36320e+02 |279  0.00026 -1.30133e+02
280  0.00168 -1.23159e+02 |281  0.00253 -1.31849e+02 |282  0.00597 -1.32273e+02
283 -0.01452 -1.21322e+02 |284  0.00749 -1.25175e+02 |285 -0.00216 -1.23756e+02
286  0.00018 -1.19048e+02 |287  0.00405 -1.22992e+02 |288 -0.00277 -1.23745e+02
289 -0.00107 -1.19383e+02 |290 -0.00217 -1.14367e+02 |291  0.00696 -1.13055e+02
292  0.00627 -1.19439e+02 |293 -0.00769 -1.19941e+02 |294  0.00022 -1.18857e+02
295  0.00210 -1.18649e+02 |296  0.00747 -1.15141e+02 |297 -0.00962 -1.18695e+02
298 -0.00395 -1.13249e+02 |299 -0.00117 -1.16226e+02 |300 -0.00150 -1.10677e+02
301  0.00649 -1.06343e+02 |302  0.00138 -1.05307e+02 |303 -0.00655 -1.01215e+02
304  0.00409 -9.35010e+01 |305 -0.00350 -8.56625e+01 |306  0.00500 -7.99910e+01
307 -0.00148 -7.88837e+01 |308  0.00027 -8.15040e+01 |309 -0.00395 -7.03550e+01
310  0.00827 -6.78860e+01 |311 -0.00208 -6.28507e+01 |312 -0.00524 -6.45046e+01
313  0.00676 -3.67031e+01 |314  0.00495 -3.59798e+01 |315  0.00265 -3.90270e+01
316 -0.01025 -3.60293e+01 |317  0.00316 -3.10447e+01 |318  0.00065 -3.39505e+01
319  0.00027 -3.50254e+01 |320  0.00015 -2.41349e+01 |321  0.00083 -3.38732e+01
322 -0.00471 -2.68355e+01 |323  0.01238 -2.95649e+01 |324 -0.01837 -1.69888e+01
325 -0.00625 -8.76638e+00 |
325 variables; iteration 260; function evaluation 269; phase 5
Function value 3.2032446e+03; maximum gradient component mag -3.5274e+02
Var    Value     Gradient |Var    Value     Gradient |Var    Value     Gradient
  1 -0.03384 -3.01176e+01 |  2  0.12188  3.64486e-01 |  3  0.18559 -1.41439e+00
  4  0.00099 -1.21128e-01 |  5 -0.04928 -3.15322e-01 |  6  0.08296 -6.46724e-01
  7  0.05305 -1.93184e+00 |  8 -0.00156 -2.29141e+00 |  9  0.04746 -2.95528e+00
 10  0.02090  5.68288e-01 | 11  0.21657 -6.27228e+00 | 12 -0.11972  3.32650e-01
 13 -0.04033  2.89065e+00 | 14 -0.15497  6.99764e-01 | 15 -0.17309  4.65134e-02
 16  0.23938  1.38280e+00 | 17  0.00322  6.75413e-01 | 18 -0.10795  8.22594e-01
 19 -0.04907 -1.17489e+00 | 20 -0.01322  7.35761e-01 | 21 -0.09505  8.50952e-01
 22  0.03434 -1.99901e+00 | 23 -0.12154 -6.41253e-01 | 24 -0.03566  1.82246e-01
 25  0.00910  3.07805e-01 | 26  0.02234  4.88603e-02 | 27 -0.11268  1.91493e+00
 28  0.01432  4.38805e-01 | 29  0.05363  1.78481e-01 | 30 -0.08237  1.38720e+00
 31 -0.18424  1.37715e+00 | 32  0.03844  5.59905e-02 | 33  0.05151  1.01813e+00
 34  0.05747  1.96488e+00 | 35  0.04472 -6.21404e-01 | 36 -0.04445  2.40050e-01
 37 -0.01607  1.96689e+00 | 38  0.06321 -4.43691e-01 | 39 -0.06318  2.53691e-01
 40  0.21485  4.94160e+00 | 41  0.02254  1.63715e+00 | 42  0.08171  3.04530e-01
 43 -0.06298  1.85133e+00 | 44  0.17866  1.46138e+00 | 45 -0.03696 -1.20836e+00
 46 -0.03177 -8.30716e-01 | 47 -0.01314 -1.26219e-02 | 48 -0.08976  4.44040e-01
 49  0.11470 -5.70851e+00 | 50  0.01192 -2.41648e+00 | 51 -0.00092  1.02101e+01
 52  0.01921  4.66359e+00 | 53 -0.03478 -4.54744e+00 | 54  0.08246  3.92532e+00
 55  0.00415  5.37002e+00 | 56 -0.05247  4.18698e+00 | 57 -0.05596  7.13764e+00
 58  0.08435  5.73667e+00 | 59 -0.03699  4.23557e+00 | 60  0.02002 -2.57141e+00
 61  0.00216 -1.03731e+01 | 62  0.06715 -4.47192e-02 | 63  0.09950  3.79585e+00
 64 -0.06338 -3.50778e+00 | 65 -0.01323 -2.73967e+00 | 66  0.04418  2.84944e+00
 67  0.00971  3.33817e+00 | 68 -0.04207 -2.26551e+00 | 69  0.03222 -1.80873e+00
 70  0.00927  5.70731e+00 | 71  0.15069 -2.38445e+00 | 72 -0.06672  2.87266e-02
 73 -0.03080  6.90338e+00 | 74 -0.04075 -7.03474e+00 | 75  0.01474  6.13715e+00
 76 -0.05903  4.04058e+00 | 77  0.02399 -7.31724e-01 | 78 -0.49597  3.42914e-01
 79 -0.66358  1.26879e-01 | 80 -0.80499  1.10538e-02 | 81 -0.70402 -1.77725e-01
 82 -0.75068  1.72542e-01 | 83 -0.76964  1.62760e-01 | 84 -0.82207 -1.98801e-01
 85 -0.84771  5.45025e-01 | 86 -0.82626  1.09132e-01 | 87 -0.73906  6.05728e-01
 88 -0.81786  6.53004e-01 | 89 -0.80990  3.21135e-01 | 90 -0.78719  8.98268e-01
 91 -0.79414  1.04314e-01 | 92 -0.80696 -8.61296e-03 | 93 -0.80786  1.56522e-01
 94 -0.78339 -2.50142e-01 | 95 -0.79402 -1.76485e-01 | 96 -0.78754 -3.05370e-04
 97 -0.84258  7.52045e-01 | 98 -0.84120  5.62428e-01 | 99 -0.85966 -1.49790e-01
100 -0.89355 -1.92015e+00 |101 -0.89722 -1.12005e+00 |102  0.41409 -1.71562e+01
103  0.25204 -7.82968e+01 |104  0.19638 -7.38894e+01 |105  0.08884 -8.19300e-02
106 -0.16941 -2.15629e-01 |107 -0.20616  4.74080e+00 |108 -0.17706  6.54449e+00
109  0.00084  1.75421e+01 |110  0.16799  5.27735e+00 |111 -0.02563  4.33989e+00
112  0.17332  4.82541e+00 |113 -0.08159  1.83222e-01 |114  0.41944 -8.32887e-05
115 -0.05285 -3.44350e+00 |116 -0.34533  3.48534e+00 |117 -0.20815 -3.99800e+00
118 -0.23398 -1.92024e+00 |119 -0.29432 -4.69834e-01 |120  0.05498 -1.23428e-01
121 -0.17083  2.38758e+00 |122  0.01466 -8.61995e+01 |123  0.00608 -8.56917e+01
124  0.01002 -8.36881e+01 |125 -0.00640 -8.23581e+01 |126 -0.00461 -8.15869e+01
127 -0.00141 -8.04471e+01 |128 -0.00602 -8.13180e+01 |129 -0.01080 -8.20100e+01
130  0.01517 -6.23496e+01 |131  0.00024 -6.07468e+01 |132 -0.00422 -6.05346e+01
133 -0.01837 -6.00348e+01 |134  0.00216 -5.93162e+01 |135 -0.01057 -5.91164e+01
136  0.00744 -5.78370e+01 |137  0.00580 -5.66883e+01 |138 -0.00379 -5.46535e+01
139  0.01633 -5.15493e+01 |140 -0.01554 -5.03706e+01 |141 -0.01400 -4.86741e+01
142  0.00897 -5.15304e+01 |143  0.02035 -5.36843e+01 |144 -0.00311 -5.34865e+01
145 -0.02181 -5.41677e+01 |146  0.01989 -5.48715e+01 |147 -0.02343 -5.34651e+01
148  0.02541 -5.06122e+01 |149  0.00170 -4.97345e+01 |150  0.00239 -4.95728e+01
151 -0.00908 -4.86678e+01 |152  0.00989 -4.74660e+01 |153  0.01971 -4.49425e+01
154 -0.02178 -3.62422e+01 |155 -0.01893 -3.51032e+01 |156  0.00579 -3.39368e+01
157  0.00345 -3.36830e+01 |158  0.00258 -2.86300e+01 |159 -0.02077 -2.69535e+01
160 -0.01073 -2.56609e+01 |161  0.02705 -2.48521e+01 |162 -0.00889 -2.32721e+01
163  0.01774 -2.13720e+01 |164 -0.00746 -2.06444e+01 |165 -0.01808 -2.02564e+01
166  0.00798 -2.32341e+01 |167  0.00397 -2.40095e+01 |168 -0.00360 -2.65942e+01
169  0.00508 -2.65623e+01 |170 -0.01859 -2.64464e+01 |171 -0.00147 -2.29174e+01
172  0.02271 -1.86617e+01 |173 -0.02918 -1.84050e+01 |174  0.01015 -1.64084e+01
175  0.02247 -1.31024e+01 |176  0.01945 -9.43576e+00 |177 -0.00258 -6.91474e+00
178 -0.00496 -6.31517e+00 |179 -0.01806 -5.67920e+00 |180  0.00290 -4.88902e+00
181 -0.00211 -4.89571e+00 |182  0.00260 -4.91241e+00 |183 -0.00478 -4.96661e+00
184  0.00485 -3.08286e+00 |185 -0.00693  1.11267e+00 |186 -0.01055  2.01977e+00
187  0.00256  4.05067e+00 |188 -0.01200  3.39152e+00 |189  0.01440  1.20152e+00
190  0.00344 -3.52740e+02 |191  0.00346 -3.50412e+02 |192 -0.01030 -3.43584e+02
193  0.00834 -3.41069e+02 |194  0.00648 -3.45840e+02 |195 -0.02477 -3.44929e+02
196  0.01811 -3.41283e+02 |197 -0.00041 -3.37836e+02 |198 -0.02769 -3.16480e+02
199  0.01867 -3.09572e+02 |200 -0.00277 -3.08748e+02 |201 -0.00093 -3.05725e+02
202 -0.00136 -3.05214e+02 |203  0.00861 -2.98954e+02 |204 -0.01039 -3.00504e+02
205  0.00478 -2.92710e+02 |206  0.00243 -2.97583e+02 |207  0.00133 -2.93453e+02
208 -0.00650 -2.84816e+02 |209  0.01031 -2.78093e+02 |210 -0.00998 -2.79766e+02
211  0.00345 -2.78085e+02 |212 -0.00006 -2.68521e+02 |213  0.01045 -2.63635e+02
214 -0.02490 -2.63679e+02 |215  0.01679 -2.52102e+02 |216 -0.00766 -2.46255e+02
217  0.00379 -2.40900e+02 |218 -0.00064 -2.35719e+02 |219  0.00669 -2.29643e+02
220 -0.00772 -2.23250e+02 |221 -0.00004 -2.20619e+02 |222  0.01194 -2.09776e+02
223 -0.00466 -1.99942e+02 |224 -0.00244 -2.01499e+02 |225  0.00080 -2.05656e+02
226 -0.00076 -1.99725e+02 |227  0.00264 -1.95385e+02 |228 -0.01733 -1.96370e+02
229  0.00873 -1.97380e+02 |230  0.00780 -1.93115e+02 |231 -0.00712 -1.83648e+02
232  0.00752 -1.74250e+02 |233 -0.00458 -1.77473e+02 |234 -0.00489 -1.63739e+02
235  0.00650 -1.56536e+02 |236 -0.00494 -1.54238e+02 |237  0.00362 -1.41073e+02
238  0.00124 -1.40262e+02 |239 -0.00449 -1.26384e+02 |240 -0.00699 -1.26455e+02
241  0.01275 -1.19739e+02 |242 -0.00968 -1.18231e+02 |243  0.00308 -1.06820e+02
244  0.01254 -9.88037e+01 |245  0.00523 -9.39372e+01 |246 -0.00939 -9.35129e+01
247 -0.01396 -9.34365e+01 |248  0.01147 -8.82542e+01 |249  0.00423 -7.99362e+01
250 -0.00667 -8.13655e+01 |251 -0.00183 -7.35169e+01 |252  0.00386 -6.78300e+01
253 -0.00456 -6.04343e+01 |254  0.00440 -5.22891e+01 |255 -0.01831 -5.03630e+01
256  0.00803 -3.90142e+01 |257  0.00316 -2.98860e+01 |258  0.00024 -3.23069e+02
259  0.00474 -3.25242e+02 |260 -0.00218 -3.12105e+02 |261 -0.00162 -3.17866e+02
262  0.00311 -3.10990e+02 |263  0.01744 -3.09460e+02 |264 -0.01655 -3.04975e+02
265  0.00657 -2.98812e+02 |266 -0.00007 -2.76796e+02 |267 -0.02580 -2.69793e+02
268  0.01222 -2.68095e+02 |269 -0.01053 -2.63074e+02 |270  0.00002 -2.60947e+02
271 -0.00133 -2.59094e+02 |272  0.00316 -2.60560e+02 |273 -0.00235 -2.50272e+02
274  0.00200 -2.55452e+02 |275  0.00055 -2.52447e+02 |276  0.00359 -2.55764e+02
277  0.00003 -2.49910e+02 |278 -0.00196 -2.56328e+02 |279  0.00020 -2.48178e+02
280  0.00169 -2.39897e+02 |281  0.00252 -2.45046e+02 |282  0.00598 -2.43480e+02
283 -0.01450 -2.30323e+02 |284  0.00745 -2.32217e+02 |285 -0.00216 -2.28249e+02
286  0.00017 -2.21668e+02 |287  0.00408 -2.22266e+02 |288 -0.00284 -2.20645e+02
289 -0.00099 -2.13350e+02 |290 -0.00221 -2.07095e+02 |291  0.00695 -2.01957e+02
292  0.00631 -2.05477e+02 |293 -0.00771 -2.04542e+02 |294  0.00018 -2.01194e+02
295  0.00216 -1.95847e+02 |296  0.00744 -1.91471e+02 |297 -0.00965 -1.91656e+02
298 -0.00389 -1.82792e+02 |299 -0.00125 -1.84667e+02 |300 -0.00146 -1.74897e+02
301  0.00650 -1.68723e+02 |302  0.00134 -1.65744e+02 |303 -0.00649 -1.57779e+02
304  0.00404 -1.49146e+02 |305 -0.00346 -1.38272e+02 |306  0.00497 -1.30828e+02
307 -0.00147 -1.27248e+02 |308  0.00030 -1.27096e+02 |309 -0.00396 -1.13305e+02
310  0.00822 -1.09313e+02 |311 -0.00203 -1.01211e+02 |312 -0.00523 -9.92985e+01
313  0.00675 -7.21937e+01 |314  0.00492 -6.98701e+01 |315  0.00267 -6.95816e+01
316 -0.01025 -6.36587e+01 |317  0.00316 -5.57235e+01 |318  0.00062 -5.43775e+01
319  0.00032 -5.22635e+01 |320  0.00012 -3.91465e+01 |321  0.00083 -4.53951e+01
322 -0.00469 -3.56465e+01 |323  0.01241 -3.63335e+01 |324 -0.01839 -2.25357e+01
325 -0.00626 -1.12368e+01 |
325 variables; iteration 280; function evaluation 294; phase 5
Function value 3.2030192e+03; maximum gradient component mag 1.6919e+02
Var    Value     Gradient |Var    Value     Gradient |Var    Value     Gradient
  1 -0.03384  1.69192e+02 |  2  0.11784  2.18773e-01 |  3  0.18685  2.80303e-01
  4  0.00029  3.64919e-01 |  5 -0.04930  1.22593e-01 |  6  0.08293  1.30632e+00
  7  0.05301  1.29977e+00 |  8 -0.00022  8.04744e-01 |  9  0.04836  1.96858e+00
 10  0.02070 -1.36184e+00 | 11  0.21691  2.57478e+00 | 12 -0.12087 -2.09894e+00
 13 -0.04191 -2.06158e+00 | 14 -0.15407 -1.22213e+00 | 15 -0.17180 -1.46241e+00
 16  0.23909  3.77266e+00 | 17  0.00274 -7.08091e-01 | 18 -0.10774 -8.23328e-01
 19 -0.04835  7.45818e-01 | 20 -0.01324  5.78321e-02 | 21 -0.09601 -9.91353e-01
 22  0.03502  2.91862e+00 | 23 -0.12144 -1.02581e+00 | 24 -0.03604  3.11210e-01
 25  0.00954  2.02546e+00 | 26  0.02201  4.53258e-01 | 27 -0.11351 -1.14577e+00
 28  0.01428  1.44149e+00 | 29  0.05319  1.70652e+00 | 30 -0.08220  3.61998e-01
 31 -0.18518 -9.80730e-01 | 32  0.03875  2.41467e+00 | 33  0.05130  6.18739e-01
 34  0.05743  1.55087e+00 | 35  0.04508  1.95455e+00 | 36 -0.04422 -6.14323e-02
 37 -0.01639  3.24927e-02 | 38  0.06359  1.16026e+00 | 39 -0.06316 -1.32065e+00
 40  0.21474  4.49922e+00 | 41  0.02240 -3.00484e-01 | 42  0.08157 -1.05885e+00
 43 -0.06320 -1.33767e+00 | 44  0.17865  4.76542e+00 | 45 -0.03673 -2.62563e-01
 46 -0.03151  9.20573e-01 | 47 -0.01302  2.66910e+00 | 48 -0.08936  6.80617e-01
 49  0.11487  4.19507e+00 | 50  0.01191 -2.40692e+00 | 51 -0.00161 -1.66108e+00
 52  0.01909  6.20851e-01 | 53 -0.03439  1.12728e+00 | 54  0.08238  4.77672e-02
 55  0.00396  1.88661e-01 | 56 -0.05262  7.10953e-01 | 57 -0.05634 -8.14583e-01
 58  0.08419  6.43066e-01 | 59 -0.03723 -1.51107e+00 | 60  0.02011 -6.75516e-01
 61  0.00267 -3.53228e-01 | 62  0.06719 -7.84098e-04 | 63  0.09946 -4.32232e-01
 64 -0.06320 -2.26760e+00 | 65 -0.01316 -1.22794e+00 | 66  0.04413 -8.36502e-01
 67  0.00955 -1.59357e+00 | 68 -0.04192 -1.39484e+00 | 69  0.03229 -1.25466e+00
 70  0.00902 -2.38272e+00 | 71  0.15072 -3.97810e-01 | 72 -0.06660 -1.35140e+00
 73 -0.03097 -5.26584e-02 | 74 -0.04038 -1.01636e+00 | 75  0.01451 -1.82285e+00
 76 -0.05950 -2.41228e+00 | 77  0.02415 -1.48875e+00 | 78 -0.49678 -1.08322e+00
 79 -0.66356 -1.84749e-01 | 80 -0.80503 -1.27242e-01 | 81 -0.70432 -8.15801e-01
 82 -0.75099 -3.68889e-01 | 83 -0.76972 -1.88426e-01 | 84 -0.82173  2.99177e-01
 85 -0.84787 -4.24502e-01 | 86 -0.82596  7.05910e-01 | 87 -0.73910  3.42941e-02
 88 -0.81818 -2.51508e-01 | 89 -0.80905  8.88535e-01 | 90 -0.78813 -3.42528e-01
 91 -0.79367  3.10226e-01 | 92 -0.80643  7.28645e-01 | 93 -0.80792 -1.48153e-01
 94 -0.78314  6.03847e-03 | 95 -0.79389  1.07289e-01 | 96 -0.78745  6.71242e-02
 97 -0.84266  2.27491e-01 | 98 -0.84123  1.23236e-01 | 99 -0.85960  4.49687e-01
100 -0.89315  1.91656e+00 |101 -0.89692  1.35659e+00 |102  0.43967 -8.07695e+00
103  0.25467 -8.27961e+00 |104  0.19354 -3.76942e+00 |105  0.08884  1.22666e+00
106 -0.16939  2.95821e+00 |107 -0.20617  4.44174e+00 |108 -0.17718  3.53500e+00
109  0.00084 -4.58364e-01 |110  0.16798  2.61042e-01 |111 -0.02563  3.93105e-01
112  0.17319  6.83086e-01 |113 -0.08171  4.79235e-02 |114  0.41970 -3.56807e-05
115 -0.05273  1.38831e+00 |116 -0.34552 -2.12317e+00 |117 -0.20783 -2.46055e-01
118 -0.23400 -1.61221e-01 |119 -0.29425  1.03511e-01 |120  0.05496  1.54352e-01
121 -0.17114 -1.29540e-02 |122  0.01484 -4.00002e+01 |123  0.00978 -3.95147e+01
124  0.00674 -3.97740e+01 |125 -0.00493 -3.91555e+01 |126 -0.00584 -3.91900e+01
127 -0.00585 -3.89773e+01 |128 -0.00395 -3.82841e+01 |129 -0.00819 -3.89889e+01
130  0.01138 -3.12403e+01 |131  0.00112 -2.93031e+01 |132 -0.00534 -2.98507e+01
133 -0.02063 -3.02319e+01 |134  0.00254 -2.70161e+01 |135 -0.01030 -2.72204e+01
136  0.00727 -2.59499e+01 |137  0.00614 -2.51920e+01 |138 -0.00347 -2.45438e+01
139  0.01593 -2.61786e+01 |140 -0.01502 -2.55824e+01 |141 -0.01522 -2.63815e+01
142  0.00900 -2.45471e+01 |143  0.02066 -2.21929e+01 |144 -0.00452 -2.23924e+01
145 -0.02032 -2.18808e+01 |146  0.02004 -2.23801e+01 |147 -0.02344 -2.26303e+01
148  0.02537 -2.32386e+01 |149  0.00189 -2.26429e+01 |150  0.00217 -2.29969e+01
151 -0.00830 -2.21322e+01 |152  0.01128 -2.36276e+01 |153  0.02282 -2.24469e+01
154 -0.02478 -2.21789e+01 |155 -0.02094 -2.25913e+01 |156  0.00620 -2.19707e+01
157  0.00359 -2.22800e+01 |158  0.00254 -2.22275e+01 |159 -0.02067 -2.12533e+01
160 -0.01174 -2.27529e+01 |161  0.02769 -2.03092e+01 |162 -0.00974 -2.02889e+01
163  0.01826 -1.86025e+01 |164 -0.00764 -1.87648e+01 |165 -0.01856 -1.86434e+01
166  0.00791 -1.85832e+01 |167  0.00409 -1.68516e+01 |168 -0.00344 -1.67791e+01
169  0.00490 -1.63445e+01 |170 -0.01811 -1.52122e+01 |171 -0.00166 -1.58548e+01
172  0.02309 -7.80045e+00 |173 -0.02950 -8.92842e+00 |174  0.01020 -6.61964e+00
175  0.02361 -4.47420e+00 |176  0.02227 -6.44901e+00 |177 -0.00321 -7.18822e+00
178 -0.00644 -7.08382e+00 |179 -0.01991 -7.08913e+00 |180  0.00299 -6.30716e+00
181 -0.00218 -6.91408e+00 |182  0.00236 -6.97843e+00 |183 -0.00439 -7.02187e+00
184  0.00528 -6.33894e+00 |185 -0.00692 -6.84832e+00 |186 -0.01078 -7.26471e+00
187  0.00172 -8.20092e+00 |188 -0.01190 -6.59602e+00 |189  0.01421 -1.36643e+00
190  0.00333 -3.66404e+01 |191  0.00333 -3.98244e+01 |192 -0.01053 -4.30746e+01
193  0.00804 -4.63153e+01 |194  0.00699 -5.15154e+01 |195 -0.02415 -5.14852e+01
196  0.01838 -5.48277e+01 |197 -0.00102 -5.54767e+01 |198 -0.02874 -4.71174e+01
199  0.01905 -5.07866e+01 |200 -0.00247 -4.85963e+01 |201 -0.00122 -4.90489e+01
202 -0.00120 -4.71166e+01 |203  0.00830 -4.85452e+01 |204 -0.01004 -4.44592e+01
205  0.00452 -4.43498e+01 |206  0.00247 -4.63358e+01 |207  0.00161 -4.27628e+01
208 -0.00669 -4.23936e+01 |209  0.01030 -4.49188e+01 |210 -0.01003 -4.23176e+01
211  0.00355 -3.90050e+01 |212  0.00011 -4.17348e+01 |213  0.01011 -4.07941e+01
214 -0.02480 -3.99727e+01 |215  0.01684 -4.07780e+01 |216 -0.00765 -4.06794e+01
217  0.00383 -3.85733e+01 |218 -0.00063 -4.02106e+01 |219  0.00664 -3.91858e+01
220 -0.00772 -3.87745e+01 |221 -0.00006 -3.87599e+01 |222  0.01196 -3.71155e+01
223 -0.00475 -3.48994e+01 |224 -0.00260 -3.51367e+01 |225  0.00096 -3.71124e+01
226 -0.00074 -3.47660e+01 |227  0.00252 -3.20100e+01 |228 -0.01734 -3.27560e+01
229  0.00878 -2.74815e+01 |230  0.00821 -2.49011e+01 |231 -0.00750 -2.61363e+01
232  0.00750 -2.26658e+01 |233 -0.00430 -2.19804e+01 |234 -0.00501 -1.73492e+01
235  0.00641 -1.49629e+01 |236 -0.00481 -1.12587e+01 |237  0.00347 -1.31196e+01
238  0.00166 -9.41212e+00 |239 -0.00489 -1.21836e+01 |240 -0.00707 -7.13553e+00
241  0.01286 -4.80038e+00 |242 -0.00957 -2.69148e+00 |243  0.00312  5.33163e-01
244  0.01226  1.81769e+00 |245  0.00554 -6.93481e-01 |246 -0.00948 -8.64192e+00
247 -0.01394 -9.95032e+00 |248  0.01148 -8.88675e+00 |249  0.00405 -8.48797e+00
250 -0.00630 -5.94807e+00 |251 -0.00220 -8.03023e+00 |252  0.00401 -6.68089e+00
253 -0.00463 -4.59410e+00 |254  0.00455 -4.55443e+00 |255 -0.01873 -8.13466e+00
256  0.00837 -6.12943e+00 |257  0.00331 -8.68480e-01 |258  0.00083 -1.62608e+01
259  0.00508 -2.48850e+01 |260 -0.00252 -2.79628e+01 |261 -0.00133 -2.85420e+01
262  0.00292 -3.73976e+01 |263  0.01730 -4.28937e+01 |264 -0.01648 -4.53548e+01
265  0.00689 -4.73913e+01 |266  0.00014 -4.07103e+01 |267 -0.02631 -4.65016e+01
268  0.01224 -4.62826e+01 |269 -0.01042 -4.61605e+01 |270 -0.00014 -4.67572e+01
271 -0.00128 -4.47752e+01 |272  0.00313 -4.48531e+01 |273 -0.00231 -4.54010e+01
274  0.00195 -4.63837e+01 |275  0.00044 -4.38225e+01 |276  0.00375 -4.71885e+01
277 -0.00009 -4.54916e+01 |278 -0.00173 -4.51848e+01 |279  0.00015 -4.52537e+01
280  0.00149 -4.73138e+01 |281  0.00271 -4.57718e+01 |282  0.00611 -4.47848e+01
283 -0.01472 -4.72534e+01 |284  0.00749 -4.63305e+01 |285 -0.00213 -4.65318e+01
286  0.00012 -4.72368e+01 |287  0.00406 -4.76562e+01 |288 -0.00277 -4.75388e+01
289 -0.00097 -4.79293e+01 |290 -0.00230 -4.79170e+01 |291  0.00688 -4.73806e+01
292  0.00658 -4.46021e+01 |293 -0.00789 -4.73486e+01 |294  0.00022 -4.57274e+01
295  0.00215 -4.29886e+01 |296  0.00749 -4.12780e+01 |297 -0.00961 -3.69364e+01
298 -0.00410 -3.53835e+01 |299 -0.00101 -3.47539e+01 |300 -0.00154 -3.43032e+01
301  0.00635 -3.28748e+01 |302  0.00141 -3.10291e+01 |303 -0.00638 -2.80531e+01
304  0.00393 -2.96574e+01 |305 -0.00338 -2.80522e+01 |306  0.00476 -2.74415e+01
307 -0.00132 -2.52984e+01 |308  0.00050 -2.17461e+01 |309 -0.00416 -2.11220e+01
310  0.00819 -1.93636e+01 |311 -0.00213 -1.78097e+01 |312 -0.00477 -1.20045e+01
313  0.00637 -1.77320e+01 |314  0.00494 -1.78149e+01 |315  0.00265 -1.91313e+01
316 -0.01022 -1.63075e+01 |317  0.00317 -1.32631e+01 |318  0.00053 -1.02578e+01
319  0.00055 -8.89876e+00 |320 -0.00014 -5.93631e+00 |321  0.00102 -4.07323e+00
322 -0.00480 -5.86861e+00 |323  0.01288 -4.87132e+00 |324 -0.01879 -3.88798e+00
325 -0.00636 -5.29559e-01 |
325 variables; iteration 300; function evaluation 321; phase 5
Function value 3.2029733e+03; maximum gradient component mag 9.9932e+01
Var    Value     Gradient |Var    Value     Gradient |Var    Value     Gradient
  1 -0.03382  9.99319e+01 |  2  0.11684 -4.69390e-02 |  3  0.18815  7.96263e-01
  4 -0.00003  3.06200e-01 |  5 -0.04972 -1.49177e-01 |  6  0.08312  1.22616e+00
  7  0.05277  7.06146e-01 |  8 -0.00011  3.46152e-01 |  9  0.04770  1.50884e-01
 10  0.02079 -8.87286e-01 | 11  0.21661  1.30230e+00 | 12 -0.11906 -5.81345e-01
 13 -0.04183 -9.55264e-01 | 14 -0.15464 -8.75780e-01 | 15 -0.17113 -4.60563e-01
 16  0.23911  4.43965e+00 | 17  0.00350  3.29920e-01 | 18 -0.10859 -8.19656e-01
 19 -0.04844  3.14410e-01 | 20 -0.01330  4.98079e-01 | 21 -0.09552 -4.31726e-01
 22  0.03477  1.67554e+00 | 23 -0.12093  9.97402e-02 | 24 -0.03614  1.34430e-01
 25  0.00928  5.48795e-01 | 26  0.02185 -1.83687e-01 | 27 -0.11388 -1.30966e+00
 28  0.01419  6.54099e-01 | 29  0.05334  2.01323e+00 | 30 -0.08227  1.97385e-01
 31 -0.18514 -5.99826e-01 | 32  0.03852  1.00392e+00 | 33  0.05134  4.99214e-01
 34  0.05730  7.31635e-01 | 35  0.04496  1.24726e+00 | 36 -0.04422  7.49529e-02
 37 -0.01646 -4.01473e-01 | 38  0.06358  1.68985e+00 | 39 -0.06229  2.15830e-01
 40  0.21465  1.52410e+00 | 41  0.02241 -1.50987e-01 | 42  0.08156 -1.32267e-01
 43 -0.06329 -1.17072e+00 | 44  0.17858  2.43074e+00 | 45 -0.03683 -4.62905e-01
 46 -0.03162  2.31812e-02 | 47 -0.01322 -2.96843e-01 | 48 -0.08967 -6.38598e-01
 49  0.11481  2.29666e+00 | 50  0.01205  4.37121e-01 | 51 -0.00155 -8.92266e-01
 52  0.01899 -4.99362e-01 | 53 -0.03447  1.97401e-03 | 54  0.08235 -1.36196e-01
 55  0.00391 -5.54020e-01 | 56 -0.05276 -9.45678e-01 | 57 -0.05643 -1.28595e+00
 58  0.08416  8.07256e-02 | 59 -0.03721 -6.28161e-01 | 60  0.02016  1.46094e-01
 61  0.00263  3.85501e-01 | 62  0.06713 -2.51452e-01 | 63  0.09937 -5.82686e-01
 64 -0.06314 -3.97709e-01 | 65 -0.01319 -5.66669e-01 | 66  0.04402 -1.31832e+00
 67  0.00948 -1.36107e+00 | 68 -0.04197 -8.10009e-01 | 69  0.03222 -8.59280e-01
 70  0.00899 -1.25780e+00 | 71  0.15063 -1.33197e+00 | 72 -0.06670 -1.27850e+00
 73 -0.03114 -1.92888e+00 | 74 -0.04040 -3.80729e-01 | 75  0.01450 -1.11761e+00
 76 -0.05941 -7.00626e-01 | 77  0.02411 -7.60405e-01 | 78 -0.49575  1.86101e-02
 79 -0.66391 -3.29589e-01 | 80 -0.80463  1.17165e+00 | 81 -0.70397 -1.36274e-01
 82 -0.75101 -2.06989e-01 | 83 -0.77018 -6.71787e-01 | 84 -0.82223 -6.51408e-01
 85 -0.84793 -5.09924e-01 | 86 -0.82625  6.20761e-02 | 87 -0.73914  1.68545e-02
 88 -0.81791  2.85398e-01 | 89 -0.81013 -1.53468e-01 | 90 -0.78792 -1.28180e-01
 91 -0.79401  3.53350e-02 | 92 -0.80720 -5.17319e-01 | 93 -0.80796 -1.87881e-01
 94 -0.78313  1.11453e-01 | 95 -0.79354  9.10029e-01 | 96 -0.78745  5.00153e-02
 97 -0.84274 -2.73365e-01 | 98 -0.84114  4.00045e-01 | 99 -0.85981 -7.27414e-01
100 -0.89335  3.41052e-02 |101 -0.89700  7.55693e-01 |102  0.45942 -6.52207e+00
103  0.25690  5.64120e+00 |104  0.19308  1.93921e+01 |105  0.08884  4.86505e-01
106 -0.16940  8.69742e-01 |107 -0.20619  1.71005e+00 |108 -0.17710  1.24915e+00
109  0.00084 -4.99553e-01 |110  0.16799  7.29896e-01 |111 -0.02562  2.43525e-01
112  0.17319 -4.55461e-02 |113 -0.08199 -5.43366e-02 |114  0.41987 -2.13445e-05
115 -0.05279  9.30845e-01 |116 -0.34549 -3.75224e-01 |117 -0.20768  8.94723e-01
118 -0.23419 -5.06312e-01 |119 -0.29409 -3.16968e-03 |120  0.05514  1.36661e-01
121 -0.17121 -6.30775e-01 |122  0.01414 -3.27177e+01 |123  0.01010 -3.23373e+01
124  0.00583 -3.30075e+01 |125 -0.00419 -3.25597e+01 |126 -0.00476 -3.25464e+01
127 -0.00590 -3.26797e+01 |128 -0.00431 -3.21240e+01 |129 -0.00829 -3.28421e+01
130  0.00926 -2.93943e+01 |131  0.00030 -2.76036e+01 |132 -0.00534 -2.80175e+01
133 -0.02092 -2.86118e+01 |134  0.00208 -2.75096e+01 |135 -0.01048 -2.72675e+01
136  0.00782 -2.47209e+01 |137  0.00604 -2.49134e+01 |138 -0.00406 -2.50274e+01
139  0.01657 -2.39483e+01 |140 -0.01559 -2.40684e+01 |141 -0.01499 -2.39864e+01
142  0.00911 -2.18151e+01 |143  0.02092 -1.95871e+01 |144 -0.00477 -2.01085e+01
145 -0.02055 -1.96145e+01 |146  0.01999 -1.91338e+01 |147 -0.02329 -1.79148e+01
148  0.02567 -1.73328e+01 |149  0.00121 -1.76016e+01 |150  0.00340 -1.69510e+01
151 -0.00945 -1.77048e+01 |152  0.01328 -1.72740e+01 |153  0.02301 -1.75418e+01
154 -0.02629 -1.94734e+01 |155 -0.02125 -1.97844e+01 |156  0.00589 -1.90168e+01
157  0.00398 -1.89262e+01 |158  0.00321 -1.92981e+01 |159 -0.02184 -1.93343e+01
160 -0.01134 -1.91098e+01 |161  0.02758 -1.70484e+01 |162 -0.00948 -1.67207e+01
163  0.01795 -1.57594e+01 |164 -0.00756 -1.54275e+01 |165 -0.01869 -1.51278e+01
166  0.00833 -1.26232e+01 |167  0.00374 -1.21505e+01 |168 -0.00331 -1.06086e+01
169  0.00525 -9.78519e+00 |170 -0.01862 -9.69828e+00 |171 -0.00139 -8.15992e+00
172  0.02274 -4.26084e+00 |173 -0.02920 -4.30286e+00 |174  0.01023 -2.74912e+00
175  0.02348 -2.08170e+00 |176  0.02255 -3.72987e+00 |177 -0.00200 -4.35473e+00
178 -0.00579 -4.47980e+00 |179 -0.02184 -5.60405e+00 |180  0.00256 -5.18108e+00
181 -0.00159 -4.86064e+00 |182  0.00172 -5.62310e+00 |183 -0.00368 -4.23539e+00
184  0.00476 -5.50891e+00 |185 -0.00687 -5.25050e+00 |186 -0.01105 -5.61408e+00
187  0.00230 -4.20250e+00 |188 -0.01210 -4.42302e+00 |189  0.01431 -4.37536e-01
190  0.00281  2.62443e+01 |191  0.00318  2.42966e+01 |192 -0.01035  2.21993e+01
193  0.00803  1.98559e+01 |194  0.00745  1.74025e+01 |195 -0.02515  1.66689e+01
196  0.01857  1.48070e+01 |197 -0.00038  1.49982e+01 |198 -0.02870  1.89292e+01
199  0.01885  1.58225e+01 |200 -0.00284  1.62990e+01 |201 -0.00086  1.66603e+01
202 -0.00137  1.63150e+01 |203  0.00850  1.56584e+01 |204 -0.01026  1.66389e+01
205  0.00459  1.54837e+01 |206  0.00248  1.62657e+01 |207  0.00163  1.64538e+01
208 -0.00674  1.51637e+01 |209  0.01041  1.52645e+01 |210 -0.01004  1.60301e+01
211  0.00348  1.68130e+01 |212  0.00012  1.59652e+01 |213  0.01014  1.54101e+01
214 -0.02480  1.63284e+01 |215  0.01683  1.41196e+01 |216 -0.00768  1.39153e+01
217  0.00382  1.40442e+01 |218 -0.00059  1.30158e+01 |219  0.00664  1.22251e+01
220 -0.00774  1.13136e+01 |221  0.00003  1.04055e+01 |222  0.01183  9.67258e+00
223 -0.00472  8.24115e+00 |224 -0.00261  8.51481e+00 |225  0.00102  8.43636e+00
226 -0.00075  9.29846e+00 |227  0.00245  7.78852e+00 |228 -0.01718  9.07448e+00
229  0.00872  1.06856e+01 |230  0.00809  1.00439e+01 |231 -0.00735  1.06126e+01
232  0.00741  9.15574e+00 |233 -0.00420  1.03153e+01 |234 -0.00513  1.10185e+01
235  0.00651  1.08571e+01 |236 -0.00493  1.17069e+01 |237  0.00355  9.70376e+00
238  0.00158  1.00888e+01 |239 -0.00484  9.19173e+00 |240 -0.00707  1.09431e+01
241  0.01284  1.05407e+01 |242 -0.00953  1.18047e+01 |243  0.00307  1.16147e+01
244  0.01230  1.07275e+01 |245  0.00539  6.97927e+00 |246 -0.00942  4.60365e+00
247 -0.01389  3.98307e+00 |248  0.01149  3.83234e+00 |249  0.00411  3.53167e+00
250 -0.00636  3.21298e+00 |251 -0.00221  1.80593e+00 |252  0.00409  1.51800e+00
253 -0.00465  1.22392e+00 |254  0.00441 -6.83966e-01 |255 -0.01850 -1.07567e-01
256  0.00828 -7.15019e-01 |257  0.00330  1.50949e+00 |258  0.00091  8.48850e+01
259  0.00517  7.96204e+01 |260 -0.00262  7.53426e+01 |261 -0.00133  7.39447e+01
262  0.00293  7.03824e+01 |263  0.01773  6.74567e+01 |264 -0.01680  6.55883e+01
265  0.00676  6.33827e+01 |266 -0.00012  6.62932e+01 |267 -0.02596  6.30436e+01
268  0.01233  6.20723e+01 |269 -0.01065  6.17146e+01 |270  0.00003  6.08031e+01
271 -0.00135  5.89742e+01 |272  0.00322  5.81615e+01 |273 -0.00239  5.59568e+01
274  0.00202  5.42431e+01 |275  0.00034  5.35864e+01 |276  0.00384  5.21751e+01
277 -0.00014  5.03244e+01 |278 -0.00176  5.01131e+01 |279  0.00022  4.90617e+01
280  0.00150  4.65612e+01 |281  0.00271  4.63282e+01 |282  0.00604  4.56974e+01
283 -0.01466  4.28272e+01 |284  0.00750  4.24869e+01 |285 -0.00213  4.15752e+01
286  0.00011  3.96923e+01 |287  0.00408  3.78073e+01 |288 -0.00278  3.65295e+01
289 -0.00097  3.51855e+01 |290 -0.00226  3.27038e+01 |291  0.00685  3.20868e+01
292  0.00654  3.17051e+01 |293 -0.00789  3.05241e+01 |294  0.00022  3.06678e+01
295  0.00217  2.92224e+01 |296  0.00742  2.80083e+01 |297 -0.00956  2.96635e+01
298 -0.00408  2.84723e+01 |299 -0.00107  2.85333e+01 |300 -0.00145  2.70591e+01
301  0.00631  2.60948e+01 |302  0.00147  2.63229e+01 |303 -0.00646  2.46065e+01
304  0.00403  2.38944e+01 |305 -0.00345  2.15422e+01 |306  0.00482  2.12698e+01
307 -0.00138  2.01322e+01 |308  0.00053  2.16236e+01 |309 -0.00415  1.93273e+01
310  0.00814  1.80431e+01 |311 -0.00205  1.76138e+01 |312 -0.00485  1.72398e+01
313  0.00643  1.22206e+01 |314  0.00490  1.02917e+01 |315  0.00268  8.64294e+00
316 -0.01022  9.56523e+00 |317  0.00315  8.68630e+00 |318  0.00055  7.60323e+00
319  0.00055  6.18497e+00 |320 -0.00018  5.48613e+00 |321  0.00101  5.43287e+00
322 -0.00475  3.25348e+00 |323  0.01273  1.86445e+00 |324 -0.01866  1.39790e+00
325 -0.00636  1.30970e+00 |
325 variables; iteration 320; function evaluation 352; phase 5
Function value 3.2029448e+03; maximum gradient component mag -4.6646e+01
Var    Value     Gradient |Var    Value     Gradient |Var    Value     Gradient
  1 -0.03382 -2.29351e+01 |  2  0.11817 -4.62471e-02 |  3  0.18771 -7.42970e-02
  4 -0.00050 -1.63265e-01 |  5 -0.04877 -7.66383e-02 |  6  0.08278 -4.71558e-01
  7  0.05286 -1.05619e-01 |  8 -0.00027 -2.14227e-01 |  9  0.04781 -4.70869e-01
 10  0.02102  3.49237e-01 | 11  0.21656 -1.30126e+00 | 12 -0.11920  1.55882e-01
 13 -0.04178  5.44077e-02 | 14 -0.15460 -3.65584e-03 | 15 -0.17114  3.24057e-01
 16  0.23914 -5.79562e-01 | 17  0.00325 -9.30783e-02 | 18 -0.10781  3.20260e-01
 19 -0.04896 -7.72632e-01 | 20 -0.01345 -4.33650e-01 | 21 -0.09505  2.57754e-01
 22  0.03455 -8.89010e-01 | 23 -0.12094  2.98575e-01 | 24 -0.03632 -4.62362e-01
 25  0.00935 -5.74275e-01 | 26  0.02210 -2.64431e-01 | 27 -0.11320  1.87410e-01
 28  0.01414 -5.53844e-01 | 29  0.05343 -1.50758e-01 | 30 -0.08283 -4.66513e-01
 31 -0.18514 -3.54011e-02 | 32  0.03840 -5.33805e-01 | 33  0.05143 -2.85401e-01
 34  0.05744  1.50180e-01 | 35  0.04481 -5.46780e-01 | 36 -0.04434 -1.04733e-01
 37 -0.01603  1.56247e-01 | 38  0.06323 -7.09219e-02 | 39 -0.06254  2.19260e-01
 40  0.21462 -1.19601e+00 | 41  0.02237 -1.13470e-01 | 42  0.08167  3.28476e-01
 43 -0.06316  1.40479e-01 | 44  0.17856 -9.63947e-01 | 45 -0.03679 -7.47556e-02
 46 -0.03168 -3.78775e-01 | 47 -0.01326 -8.35496e-01 | 48 -0.08973 -3.76112e-01
 49  0.11477 -1.24217e-01 | 50  0.01208  1.08174e+00 | 51 -0.00148  4.20086e-01
 52  0.01899 -2.03908e-01 | 53 -0.03451 -2.21602e-01 | 54  0.08235  4.87185e-01
 55  0.00390 -5.75616e-02 | 56 -0.05277 -5.00096e-01 | 57 -0.05640 -2.04276e-02
 58  0.08418  8.92580e-01 | 59 -0.03719  5.69325e-01 | 60  0.02017  8.95580e-01
 61  0.00260  7.10355e-01 | 62  0.06712  2.90071e-01 | 63  0.09937  6.77348e-01
 64 -0.06312  7.99031e-01 | 65 -0.01322  1.81685e-01 | 66  0.04401 -4.64196e-02
 67  0.00950  2.85382e-01 | 68 -0.04199  1.36886e-01 | 69  0.03221  8.42195e-02
 70  0.00901  5.21662e-01 | 71  0.15061 -4.44768e-01 | 72 -0.06672  1.28724e-01
 73 -0.03116 -7.33753e-01 | 74 -0.04045  2.53021e-02 | 75  0.01450  3.79565e-01
 76 -0.05944  3.20753e-01 | 77  0.02407  1.93861e-01 | 78 -0.49586  4.73818e-01
 79 -0.66351  4.01282e-01 | 80 -0.80516 -2.19910e-01 | 81 -0.70401 -1.51256e-02
 82 -0.75121 -3.66926e-01 | 83 -0.76967  1.42280e-01 | 84 -0.82182  2.99512e-01
 85 -0.84784 -1.26162e-01 | 86 -0.82655 -7.51577e-01 | 87 -0.73929 -3.93982e-02
 88 -0.81801  1.51459e-01 | 89 -0.81029 -2.65501e-01 | 90 -0.78758  2.37669e-01
 91 -0.79435 -2.66646e-01 | 92 -0.80725 -5.35691e-01 | 93 -0.80754  7.54421e-01
 94 -0.78356 -6.43805e-01 | 95 -0.79409 -3.07037e-01 | 96 -0.78800 -1.07359e+00
 97 -0.84273 -1.16552e-01 | 98 -0.84130 -1.64605e-01 | 99 -0.85973 -2.77553e-01
100 -0.89345 -5.84557e-01 |101 -0.89712 -3.51565e-01 |102  0.48791 -8.46995e+00
103  0.26183 -9.77391e+00 |104  0.19733 -7.94125e+00 |105  0.08884 -1.28060e-01
106 -0.16940 -8.04714e-02 |107 -0.20619  5.01956e-01 |108 -0.17709  6.23612e-01
109  0.00084 -1.37100e-01 |110  0.16799 -8.35493e-03 |111 -0.02561  1.37999e-01
112  0.17319 -1.20659e-01 |113 -0.08209 -6.75835e-02 |114  0.42009  1.24603e-07
115 -0.05283 -1.73791e-01 |116 -0.34544  4.10603e-01 |117 -0.20782  4.07980e-01
118 -0.23383  2.20598e-01 |119 -0.29442 -2.80132e-03 |120  0.05512  1.24570e-01
121 -0.17120 -5.27294e-01 |122  0.01297 -4.57954e+01 |123  0.00763 -4.60849e+01
124  0.00700 -4.58907e+01 |125 -0.00439 -4.62985e+01 |126 -0.00343 -4.59373e+01
127 -0.00595 -4.64417e+01 |128 -0.00677 -4.65183e+01 |129 -0.00543 -4.59498e+01
130  0.00870 -4.65390e+01 |131 -0.00224 -4.62031e+01 |132 -0.00774 -4.66463e+01
133 -0.01920 -4.58730e+01 |134  0.00186 -4.64032e+01 |135 -0.01050 -4.60446e+01
136  0.00758 -4.46020e+01 |137  0.00601 -4.39733e+01 |138 -0.00372 -4.32261e+01
139  0.01620 -4.28522e+01 |140 -0.01573 -4.24295e+01 |141 -0.01443 -4.11863e+01
142  0.00898 -4.08154e+01 |143  0.02011 -3.87682e+01 |144 -0.00375 -3.83212e+01
145 -0.02094 -3.82399e+01 |146  0.02023 -3.68334e+01 |147 -0.02348 -3.59879e+01
148  0.02569 -3.32922e+01 |149  0.00153 -3.33286e+01 |150  0.00289 -3.31394e+01
151 -0.00919 -3.32693e+01 |152  0.01348 -3.30133e+01 |153  0.02306 -3.34138e+01
154 -0.02675 -3.56703e+01 |155 -0.02081 -3.56146e+01 |156  0.00524 -3.57378e+01
157  0.00423 -3.51316e+01 |158  0.00361 -3.47704e+01 |159 -0.02219 -3.51242e+01
160 -0.01126 -3.44504e+01 |161  0.02760 -3.11939e+01 |162 -0.00951 -3.08174e+01
163  0.01801 -2.82827e+01 |164 -0.00744 -2.79038e+01 |165 -0.01885 -2.78743e+01
166  0.00830 -2.48417e+01 |167  0.00378 -2.38836e+01 |168 -0.00327 -2.20598e+01
169  0.00513 -2.11943e+01 |170 -0.01845 -2.07593e+01 |171 -0.00145 -1.92005e+01
172  0.02252 -1.40464e+01 |173 -0.02900 -1.31178e+01 |174  0.01021 -1.09402e+01
175  0.02321 -9.43103e+00 |176  0.02151 -9.78600e+00 |177 -0.00187 -9.40078e+00
178 -0.00502 -9.27740e+00 |179 -0.02138 -1.03546e+01 |180  0.00236 -9.96317e+00
181 -0.00180 -9.09703e+00 |182  0.00247 -9.16218e+00 |183 -0.00446 -9.02618e+00
184  0.00515 -8.07186e+00 |185 -0.00734 -7.55462e+00 |186 -0.01021 -6.58886e+00
187  0.00187 -6.35854e+00 |188 -0.01199 -5.51036e+00 |189  0.01433 -4.27555e-01
190  0.00158 -4.40469e+01 |191  0.00324 -4.32048e+01 |192 -0.01038 -4.27935e+01
193  0.00812 -4.13127e+01 |194  0.00680 -4.04301e+01 |195 -0.02493 -4.00943e+01
196  0.01916 -3.92630e+01 |197 -0.00008 -3.92652e+01 |198 -0.02898 -3.93950e+01
199  0.01871 -3.80901e+01 |200 -0.00270 -3.84710e+01 |201 -0.00112 -3.84899e+01
202 -0.00125 -3.80176e+01 |203  0.00857 -3.71099e+01 |204 -0.01040 -3.71638e+01
205  0.00468 -3.65057e+01 |206  0.00243 -3.53522e+01 |207  0.00167 -3.52635e+01
208 -0.00677 -3.57272e+01 |209  0.01038 -3.42460e+01 |210 -0.01005 -3.35671e+01
211  0.00353 -3.28255e+01 |212  0.00004 -3.18837e+01 |213  0.01032 -3.21392e+01
214 -0.02487 -3.11800e+01 |215  0.01680 -2.99288e+01 |216 -0.00768 -2.84815e+01
217  0.00377 -2.83991e+01 |218 -0.00055 -2.76825e+01 |219  0.00669 -2.79406e+01
220 -0.00788 -2.81701e+01 |221  0.00014 -2.81347e+01 |222  0.01184 -3.03358e+01
223 -0.00479 -3.12963e+01 |224 -0.00256 -3.07906e+01 |225  0.00106 -2.95695e+01
226 -0.00083 -2.92816e+01 |227  0.00251 -2.93888e+01 |228 -0.01722 -2.82312e+01
229  0.00873 -2.65463e+01 |230  0.00805 -2.70172e+01 |231 -0.00731 -2.38375e+01
232  0.00741 -2.45076e+01 |233 -0.00418 -2.37244e+01 |234 -0.00515 -2.33236e+01
235  0.00653 -2.34052e+01 |236 -0.00498 -2.30066e+01 |237  0.00358 -2.18106e+01
238  0.00149 -2.21116e+01 |239 -0.00478 -1.99190e+01 |240 -0.00704 -1.58130e+01
241  0.01282 -1.53216e+01 |242 -0.00953 -1.32713e+01 |243  0.00306 -1.17141e+01
244  0.01230 -1.22203e+01 |245  0.00529 -1.28901e+01 |246 -0.00940 -9.98316e+00
247 -0.01391 -9.17276e+00 |248  0.01157 -8.12753e+00 |249  0.00413 -7.67855e+00
250 -0.00646 -8.30718e+00 |251 -0.00212 -6.84077e+00 |252  0.00407 -6.55622e+00
253 -0.00465 -5.98190e+00 |254  0.00429 -5.48635e+00 |255 -0.01833 -2.94535e+00
256  0.00824 -3.07044e+00 |257  0.00329  1.40227e-02 |258 -0.00010 -3.47724e+01
259  0.00516 -3.18842e+01 |260 -0.00255 -3.22980e+01 |261 -0.00138 -3.07851e+01
262  0.00292 -2.85911e+01 |263  0.01785 -2.67173e+01 |264 -0.01698 -2.62022e+01
265  0.00671 -2.53668e+01 |266 -0.00017 -2.52426e+01 |267 -0.02580 -2.32077e+01
268  0.01231 -2.31016e+01 |269 -0.01056 -2.33918e+01 |270 -0.00006 -2.22921e+01
271 -0.00134 -2.24867e+01 |272  0.00329 -2.10282e+01 |273 -0.00246 -2.07335e+01
274  0.00205 -2.00926e+01 |275  0.00031 -2.01704e+01 |276  0.00388 -1.86180e+01
277 -0.00014 -1.88923e+01 |278 -0.00178 -1.78892e+01 |279  0.00016 -1.66004e+01
280  0.00156 -1.60224e+01 |281  0.00262 -1.56448e+01 |282  0.00603 -1.53072e+01
283 -0.01459 -1.38184e+01 |284  0.00750 -1.36127e+01 |285 -0.00213 -1.30424e+01
286  0.00007 -1.30452e+01 |287  0.00409 -1.26690e+01 |288 -0.00271 -1.22688e+01
289 -0.00108 -1.24605e+01 |290 -0.00223 -1.34747e+01 |291  0.00690 -1.29686e+01
292  0.00649 -1.34495e+01 |293 -0.00785 -1.24314e+01 |294  0.00024 -1.18581e+01
295  0.00213 -1.22364e+01 |296  0.00746 -1.15755e+01 |297 -0.00960 -1.01736e+01
298 -0.00407 -1.01700e+01 |299 -0.00110 -8.12027e+00 |300 -0.00143 -7.92363e+00
301  0.00631 -8.41005e+00 |302  0.00147 -7.42559e+00 |303 -0.00648 -8.41301e+00
304  0.00406 -6.57140e+00 |305 -0.00347 -7.15578e+00 |306  0.00484 -6.49689e+00
307 -0.00140 -6.44243e+00 |308  0.00050 -3.17707e+00 |309 -0.00412 -3.36586e+00
310  0.00813 -3.17220e+00 |311 -0.00201 -1.57285e+00 |312 -0.00491 -3.21953e+00
313  0.00648 -2.66931e+00 |314  0.00489 -2.27231e+00 |315  0.00276 -1.92240e+00
316 -0.01030 -1.43607e+00 |317  0.00315 -1.90385e+00 |318  0.00056 -2.79897e+00
319  0.00055 -2.51230e+00 |320 -0.00018 -3.11426e+00 |321  0.00098 -2.76786e+00
322 -0.00474 -2.16420e+00 |323  0.01270 -2.13362e+00 |324 -0.01863 -1.82732e+00
325 -0.00636 -3.83431e-01 |
325 variables; iteration 340; function evaluation 382; phase 5
Function value 3.2029197e+03; maximum gradient component mag 2.4503e+01
Var    Value     Gradient |Var    Value     Gradient |Var    Value     Gradient
  1 -0.03383  2.45029e+01 |  2  0.11788 -1.98605e-03 |  3  0.18739  1.03496e-02
  4 -0.00013  6.05176e-02 |  5 -0.04896  2.05327e-02 |  6  0.08291  2.37057e-01
  7  0.05276  9.14090e-02 |  8 -0.00031  6.73965e-02 |  9  0.04798  1.58127e-01
 10  0.02088 -5.79552e-02 | 11  0.21669  4.64561e-01 | 12 -0.11939 -1.86179e-01
 13 -0.04171 -2.41242e-01 | 14 -0.15445 -2.39890e-01 | 15 -0.17145 -2.19183e-01
 16  0.23906  1.40218e-01 | 17  0.00330 -1.05200e-01 | 18 -0.10821 -1.92684e-01
 19 -0.04863  6.56101e-02 | 20 -0.01330  2.47841e-02 | 21 -0.09553 -1.56213e-01
 22  0.03472  2.16030e-01 | 23 -0.12134 -2.09801e-01 | 24 -0.03604  4.62039e-02
 25  0.00928  1.31222e-01 | 26  0.02212  3.74570e-02 | 27 -0.11339 -2.68891e-01
 28  0.01422  1.77062e-01 | 29  0.05337  2.19753e-01 | 30 -0.08251  8.57349e-02
 31 -0.18496 -6.71951e-02 | 32  0.03846  1.85226e-01 | 33  0.05145  1.26245e-01
 34  0.05735  1.53668e-01 | 35  0.04492  2.35079e-01 | 36 -0.04431 -8.38718e-02
 37 -0.01618  1.15323e-02 | 38  0.06329  5.97716e-02 | 39 -0.06265 -8.34781e-02
 40  0.21465  6.26767e-01 | 41  0.02241  7.11184e-03 | 42  0.08163 -4.39635e-02
 43 -0.06317 -1.31496e-01 | 44  0.17858  6.14000e-01 | 45 -0.03678 -2.09093e-02
 46 -0.03165  4.48980e-02 | 47 -0.01319  1.56710e-01 | 48 -0.08963 -5.40047e-02
 49  0.11479  4.94450e-01 | 50  0.01203 -9.12028e-02 | 51 -0.00151 -1.16307e-02
 52  0.01903  1.62632e-01 | 53 -0.03449  5.59296e-02 | 54  0.08237  2.90941e-01
 55  0.00394  1.43611e-01 | 56 -0.05271  1.11173e-01 | 57 -0.05638  1.43987e-03
 58  0.08418  4.38077e-02 | 59 -0.03721 -7.50442e-02 | 60  0.02015  6.77285e-02
 61  0.00260 -1.45609e-01 | 62  0.06714  1.76191e-01 | 63  0.09938 -1.14002e-01
 64 -0.06315 -2.13884e-01 | 65 -0.01319 -6.75420e-02 | 66  0.04405 -1.17628e-01
 67  0.00951 -1.59555e-01 | 68 -0.04197 -1.48835e-01 | 69  0.03221 -2.66287e-01
 70  0.00900 -3.79868e-01 | 71  0.15065  4.39178e-02 | 72 -0.06668 -2.26776e-01
 73 -0.03110 -9.97090e-02 | 74 -0.04043 -1.98290e-01 | 75  0.01453 -8.34796e-02
 76 -0.05944 -1.79196e-01 | 77  0.02409 -2.53649e-01 | 78 -0.49628 -7.06361e-02
 79 -0.66372 -2.99161e-02 | 80 -0.80505  2.75528e-02 | 81 -0.70400 -9.43319e-02
 82 -0.75079  7.55963e-02 | 83 -0.76981 -1.25730e-01 | 84 -0.82201 -1.33543e-01
 85 -0.84778 -1.09438e-02 | 86 -0.82622  9.81598e-02 | 87 -0.73929 -6.01575e-02
 88 -0.81807  1.26404e-03 | 89 -0.81012 -1.01582e-01 | 90 -0.78790 -7.89848e-02
 91 -0.79394  1.05644e-01 | 92 -0.80685  7.44912e-02 | 93 -0.80793 -1.40320e-01
 94 -0.78307  1.83817e-01 | 95 -0.79387  1.03521e-01 | 96 -0.78738  1.88765e-01
 97 -0.84267  2.70015e-02 | 98 -0.84120  9.88451e-02 | 99 -0.85963  7.87772e-02
100 -0.89334  1.18194e-01 |101 -0.89707  7.09413e-02 |102  0.52331 -2.42344e+00
103  0.26558 -2.38864e+00 |104  0.19446 -5.59772e-01 |105  0.08884  8.36659e-02
106 -0.16939  4.93255e-01 |107 -0.20619  6.07181e-01 |108 -0.17710  5.92665e-01
109  0.00084 -2.08151e-01 |110  0.16799  1.02612e-01 |111 -0.02562  1.87439e-01
112  0.17318  1.43184e-01 |113 -0.08180  8.63350e-03 |114  0.42016  1.19895e-05
115 -0.05278  2.41665e-01 |116 -0.34548 -2.84441e-01 |117 -0.20783 -1.37497e-02
118 -0.23392 -5.93382e-02 |119 -0.29424  8.24204e-02 |120  0.05511  4.01271e-02
121 -0.17102  2.93606e-02 |122  0.00986 -1.24187e+01 |123  0.00686 -1.23343e+01
124  0.00541 -1.23976e+01 |125 -0.00381 -1.23644e+01 |126 -0.00452 -1.24237e+01
127 -0.00476 -1.23671e+01 |128 -0.00517 -1.23582e+01 |129 -0.00658 -1.25152e+01
130  0.00828 -1.39617e+01 |131 -0.00320 -1.40263e+01 |132 -0.00671 -1.40005e+01
133 -0.02056 -1.41467e+01 |134  0.00201 -1.38659e+01 |135 -0.01036 -1.38586e+01
136  0.00752 -1.36329e+01 |137  0.00612 -1.35644e+01 |138 -0.00397 -1.35802e+01
139  0.01641 -1.32810e+01 |140 -0.01540 -1.31550e+01 |141 -0.01495 -1.33501e+01
142  0.00907 -1.29432e+01 |143  0.02034 -1.28121e+01 |144 -0.00400 -1.27030e+01
145 -0.02083 -1.25841e+01 |146  0.02014 -1.25578e+01 |147 -0.02347 -1.23482e+01
148  0.02549 -1.20055e+01 |149  0.00161 -1.17149e+01 |150  0.00270 -1.16025e+01
151 -0.00912 -1.14514e+01 |152  0.01244 -1.10129e+01 |153  0.02151 -1.08249e+01
154 -0.02464 -9.56208e+00 |155 -0.02041 -9.51408e+00 |156  0.00598 -9.00965e+00
157  0.00368 -9.08492e+00 |158  0.00322 -8.63755e+00 |159 -0.02172 -8.51696e+00
160 -0.01119 -8.30504e+00 |161  0.02759 -8.04512e+00 |162 -0.00955 -7.91914e+00
163  0.01806 -7.49531e+00 |164 -0.00766 -7.48953e+00 |165 -0.01854 -7.24900e+00
166  0.00819 -7.19205e+00 |167  0.00380 -7.06854e+00 |168 -0.00335 -6.75243e+00
169  0.00519 -6.49957e+00 |170 -0.01848 -6.43353e+00 |171 -0.00148 -6.21409e+00
172  0.02266 -5.04296e+00 |173 -0.02916 -5.02600e+00 |174  0.01019 -4.28660e+00
175  0.02299 -3.69621e+00 |176  0.02156 -3.11587e+00 |177 -0.00255 -2.82782e+00
178 -0.00640 -2.82527e+00 |179 -0.01928 -2.51533e+00 |180  0.00272 -2.23165e+00
181 -0.00214 -2.22604e+00 |182  0.00252 -2.10751e+00 |183 -0.00426 -1.96443e+00
184  0.00501 -1.85221e+00 |185 -0.00693 -1.41606e+00 |186 -0.01074 -1.50722e+00
187  0.00204 -1.23734e+00 |188 -0.01197 -1.04982e+00 |189  0.01423 -3.60783e-01
190  0.00080 -1.06956e+01 |191  0.00326 -1.09970e+01 |192 -0.01042 -1.11931e+01
193  0.00811 -1.15987e+01 |194  0.00705 -1.18138e+01 |195 -0.02483 -1.19121e+01
196  0.01884 -1.26280e+01 |197 -0.00007 -1.28238e+01 |198 -0.02913 -1.45492e+01
199  0.01880 -1.50239e+01 |200 -0.00274 -1.51249e+01 |201 -0.00103 -1.52195e+01
202 -0.00129 -1.49810e+01 |203  0.00845 -1.49842e+01 |204 -0.01022 -1.43351e+01
205  0.00457 -1.43784e+01 |206  0.00254 -1.43418e+01 |207  0.00156 -1.40139e+01
208 -0.00669 -1.37690e+01 |209  0.01035 -1.38579e+01 |210 -0.01004 -1.34971e+01
211  0.00352 -1.31533e+01 |212  0.00007 -1.32421e+01 |213  0.01024 -1.32013e+01
214 -0.02485 -1.28555e+01 |215  0.01683 -1.29425e+01 |216 -0.00768 -1.25003e+01
217  0.00380 -1.24912e+01 |218 -0.00059 -1.23276e+01 |219  0.00667 -1.20440e+01
220 -0.00782 -1.17209e+01 |221  0.00008 -1.14877e+01 |222  0.01185 -1.00255e+01
223 -0.00474 -9.56349e+00 |224 -0.00258 -9.37561e+00 |225  0.00103 -9.35887e+00
226 -0.00081 -8.92665e+00 |227  0.00253 -8.71999e+00 |228 -0.01728 -8.74898e+00
229  0.00874 -7.88996e+00 |230  0.00809 -7.72894e+00 |231 -0.00736 -7.67581e+00
232  0.00745 -7.39641e+00 |233 -0.00425 -7.38617e+00 |234 -0.00510 -6.86000e+00
235  0.00649 -6.38115e+00 |236 -0.00492 -5.95061e+00 |237  0.00355 -5.78538e+00
238  0.00155 -5.46150e+00 |239 -0.00482 -5.39600e+00 |240 -0.00702 -4.31202e+00
241  0.01281 -4.30918e+00 |242 -0.00953 -3.53351e+00 |243  0.00307 -3.26381e+00
244  0.01227 -2.53166e+00 |245  0.00538 -1.84541e+00 |246 -0.00939 -2.27129e+00
247 -0.01394 -2.26109e+00 |248  0.01152 -2.20245e+00 |249  0.00411 -2.10246e+00
250 -0.00640 -1.80942e+00 |251 -0.00215 -1.87892e+00 |252  0.00407 -1.67530e+00
253 -0.00465 -1.46838e+00 |254  0.00442 -1.04963e+00 |255 -0.01850 -1.25341e+00
256  0.00829 -9.88193e-01 |257  0.00329 -6.94854e-02 |258  0.00056 -2.31171e+00
259  0.00514 -3.45107e+00 |260 -0.00251 -3.58846e+00 |261 -0.00139 -3.95999e+00
262  0.00293 -4.37333e+00 |263  0.01767 -5.01630e+00 |264 -0.01679 -5.63548e+00
265  0.00675 -6.34423e+00 |266 -0.00015 -8.26065e+00 |267 -0.02589 -8.67396e+00
268  0.01230 -8.70236e+00 |269 -0.01058 -8.71048e+00 |270 -0.00003 -8.59594e+00
271 -0.00132 -8.51043e+00 |272  0.00320 -8.63710e+00 |273 -0.00238 -8.76536e+00
274  0.00198 -8.74150e+00 |275  0.00041 -8.46587e+00 |276  0.00380 -8.57281e+00
277 -0.00010 -8.59590e+00 |278 -0.00178 -8.53402e+00 |279  0.00017 -8.46007e+00
280  0.00154 -8.60776e+00 |281  0.00265 -8.57698e+00 |282  0.00606 -8.22716e+00
283 -0.01464 -8.39548e+00 |284  0.00752 -8.20278e+00 |285 -0.00215 -8.42341e+00
286  0.00010 -8.30027e+00 |287  0.00408 -8.26511e+00 |288 -0.00274 -8.21407e+00
289 -0.00105 -8.22375e+00 |290 -0.00221 -7.64737e+00 |291  0.00686 -7.64899e+00
292  0.00650 -7.33510e+00 |293 -0.00785 -7.26429e+00 |294  0.00022 -6.95266e+00
295  0.00215 -6.56553e+00 |296  0.00744 -6.60110e+00 |297 -0.00958 -5.71992e+00
298 -0.00407 -5.70223e+00 |299 -0.00108 -5.80008e+00 |300 -0.00146 -5.74839e+00
301  0.00633 -5.62749e+00 |302  0.00144 -5.45799e+00 |303 -0.00643 -5.01084e+00
304  0.00400 -5.44500e+00 |305 -0.00343 -5.10415e+00 |306  0.00481 -5.21865e+00
307 -0.00137 -4.55740e+00 |308  0.00047 -3.77289e+00 |309 -0.00411 -3.54562e+00
310  0.00815 -3.32652e+00 |311 -0.00205 -3.23573e+00 |312 -0.00488 -2.46222e+00
313  0.00645 -2.38487e+00 |314  0.00490 -2.45295e+00 |315  0.00274 -2.20471e+00
316 -0.01028 -2.00659e+00 |317  0.00315 -1.87009e+00 |318  0.00055 -1.73600e+00
319  0.00054 -1.71879e+00 |320 -0.00016 -1.33039e+00 |321  0.00099 -1.09905e+00
322 -0.00475 -8.22275e-01 |323  0.01274 -9.43287e-01 |324 -0.01868 -5.83181e-01
325 -0.00634  2.45260e-01 |
325 variables; iteration 360; function evaluation 403; phase 5
Function value 3.2028841e+03; maximum gradient component mag -1.2683e+01
Var    Value     Gradient |Var    Value     Gradient |Var    Value     Gradient
  1 -0.03383  6.39945e+00 |  2  0.11805  2.68008e-02 |  3  0.18746  3.21160e-02
  4 -0.00022  1.32270e-02 |  5 -0.04888  9.64190e-03 |  6  0.08288  3.04487e-02
  7  0.05279  6.58140e-03 |  8 -0.00035  6.04724e-03 |  9  0.04803 -6.17046e-03
 10  0.02076 -1.02076e-01 | 11  0.21670 -3.36751e-02 | 12 -0.11934 -3.86746e-02
 13 -0.04170 -5.53045e-02 | 14 -0.15442 -4.83792e-02 | 15 -0.17149 -4.04284e-02
 16  0.23909  9.50298e-02 | 17  0.00329 -1.80892e-02 | 18 -0.10817 -5.45694e-02
 19 -0.04869 -3.33517e-02 | 20 -0.01332 -2.12590e-02 | 21 -0.09546 -3.09906e-02
 22  0.03470  5.60478e-02 | 23 -0.12125 -4.32905e-02 | 24 -0.03609 -1.73448e-02
 25  0.00930 -8.18982e-03 | 26  0.02212 -2.72121e-02 | 27 -0.11329 -7.09831e-02
 28  0.01419  1.34382e-02 | 29  0.05339  7.55801e-02 | 30 -0.08261 -3.43720e-02
 31 -0.18505 -5.72908e-02 | 32  0.03846  5.31996e-02 | 33  0.05146  2.74453e-02
 34  0.05735  5.79302e-02 | 35  0.04491  4.56626e-02 | 36 -0.04428 -1.17693e-03
 37 -0.01619  1.81386e-02 | 38  0.06329  4.82669e-02 | 39 -0.06264 -1.42499e-02
 40  0.21466  1.21456e-01 | 41  0.02240 -1.74918e-02 | 42  0.08165  7.04959e-02
 43 -0.06316 -4.37001e-02 | 44  0.17858  7.30664e-02 | 45 -0.03678 -4.62296e-02
 46 -0.03165 -1.01473e-02 | 47 -0.01320 -9.32349e-03 | 48 -0.08964 -3.13453e-02
 49  0.11479  1.10307e-01 | 50  0.01204  2.78023e-02 | 51 -0.00151 -2.85816e-02
 52  0.01903  5.36884e-02 | 53 -0.03449  8.53168e-03 | 54  0.08237  1.03695e-01
 55  0.00394  5.62728e-02 | 56 -0.05272  1.70754e-03 | 57 -0.05638  1.87855e-03
 58  0.08418  1.88390e-01 | 59 -0.03720  1.19867e-02 | 60  0.02015  9.74389e-02
 61  0.00260  2.34359e-02 | 62  0.06713  4.72094e-02 | 63  0.09939  5.33785e-02
 64 -0.06315 -6.42517e-03 | 65 -0.01319  5.60705e-03 | 66  0.04405 -2.17092e-02
 67  0.00951 -4.53539e-02 | 68 -0.04197 -3.34090e-02 | 69  0.03222 -3.71266e-02
 70  0.00901 -8.63676e-02 | 71  0.15065 -5.40610e-02 | 72 -0.06668 -7.98086e-02
 73 -0.03111 -8.53816e-02 | 74 -0.04043 -9.43717e-02 | 75  0.01452  2.91586e-02
 76 -0.05944 -5.14528e-02 | 77  0.02409 -5.43920e-02 | 78 -0.49623 -1.95725e-02
 79 -0.66379 -5.67670e-02 | 80 -0.80507 -4.12728e-03 | 81 -0.70400 -4.43497e-02
 82 -0.75089 -1.55288e-02 | 83 -0.76976 -1.99289e-02 | 84 -0.82197 -2.35992e-02
 85 -0.84779 -1.74463e-02 | 86 -0.82626 -2.45403e-03 | 87 -0.73925  1.41640e-02
 88 -0.81809 -5.72025e-03 | 89 -0.81006 -1.85965e-02 | 90 -0.78784 -3.60350e-03
 91 -0.79405  1.20540e-02 | 92 -0.80691 -7.08793e-03 | 93 -0.80787 -1.04861e-03
 94 -0.78317  8.67853e-03 | 95 -0.79392  2.81176e-03 | 96 -0.78747 -3.82938e-03
 97 -0.84268 -5.73950e-03 | 98 -0.84123  8.76733e-03 | 99 -0.85965 -1.34349e-02
100 -0.89336  9.50013e-03 |101 -0.89707  1.05331e-02 |102  0.68908 -1.28002e+00
103  0.26754 -2.58628e+00 |104  0.19672 -1.08928e+00 |105  0.08884  2.32609e-02
106 -0.16940  1.66421e-01 |107 -0.20619  3.11634e-01 |108 -0.17710  3.11222e-01
109  0.00084 -1.01198e-02 |110  0.16799  4.72792e-02 |111 -0.02561  1.13230e-01
112  0.17318  4.43303e-02 |113 -0.08181  2.74533e-03 |114  0.42010  3.93062e-06
115 -0.05279  6.00609e-02 |116 -0.34547 -6.21868e-02 |117 -0.20784 -3.45135e-03
118 -0.23385  1.19587e-02 |119 -0.29437 -2.64685e-02 |120  0.05507 -6.81247e-03
121 -0.17102 -4.75080e-03 |122  0.00253 -1.07947e+01 |123  0.00151 -1.08062e+01
124  0.00089 -1.08290e+01 |125 -0.00564 -1.09739e+01 |126 -0.00598 -1.09746e+01
127 -0.00641 -1.09867e+01 |128 -0.00678 -1.09739e+01 |129 -0.00767 -1.09915e+01
130  0.00916 -1.07007e+01 |131 -0.00278 -1.06611e+01 |132 -0.00657 -1.06663e+01
133 -0.02016 -1.06486e+01 |134  0.00200 -1.05283e+01 |135 -0.01038 -1.04883e+01
136  0.00755 -1.01341e+01 |137  0.00609 -1.00580e+01 |138 -0.00392 -1.00081e+01
139  0.01642 -9.83713e+00 |140 -0.01550 -9.80237e+00 |141 -0.01488 -9.77572e+00
142  0.00906 -9.43705e+00 |143  0.02048 -9.00670e+00 |144 -0.00398 -9.01216e+00
145 -0.02100 -8.99998e+00 |146  0.02018 -8.81114e+00 |147 -0.02348 -8.67071e+00
148  0.02558 -8.27380e+00 |149  0.00163 -8.21641e+00 |150  0.00271 -8.21191e+00
151 -0.00912 -8.21374e+00 |152  0.01271 -8.07547e+00 |153  0.02209 -8.06660e+00
154 -0.02532 -8.11204e+00 |155 -0.02056 -8.12835e+00 |156  0.00583 -8.02956e+00
157  0.00376 -8.04012e+00 |158  0.00326 -7.97283e+00 |159 -0.02178 -7.95360e+00
160 -0.01125 -7.83888e+00 |161  0.02764 -7.29392e+00 |162 -0.00956 -7.23536e+00
163  0.01804 -6.93476e+00 |164 -0.00756 -6.89304e+00 |165 -0.01866 -6.87174e+00
166  0.00821 -6.47082e+00 |167  0.00381 -6.30350e+00 |168 -0.00334 -6.03267e+00
169  0.00516 -5.86337e+00 |170 -0.01845 -5.72962e+00 |171 -0.00149 -5.51860e+00
172  0.02265 -4.14335e+00 |173 -0.02914 -4.05311e+00 |174  0.01020 -3.41142e+00
175  0.02306 -2.92081e+00 |176  0.02179 -2.69834e+00 |177 -0.00250 -2.63176e+00
178 -0.00626 -2.63067e+00 |179 -0.01974 -2.60578e+00 |180  0.00265 -2.44603e+00
181 -0.00209 -2.36634e+00 |182  0.00249 -2.30715e+00 |183 -0.00427 -2.18128e+00
184  0.00504 -2.04115e+00 |185 -0.00702 -1.86252e+00 |186 -0.01066 -1.81618e+00
187  0.00200 -1.66683e+00 |188 -0.01198 -1.45946e+00 |189  0.01426 -2.29265e-01
190  0.00032 -1.17298e+01 |191  0.00330 -1.18556e+01 |192 -0.01046 -1.20476e+01
193  0.00816 -1.25337e+01 |194  0.00695 -1.26833e+01 |195 -0.02486 -1.26712e+01
196  0.01889 -1.26143e+01 |197 -0.00025 -1.25839e+01 |198 -0.02890 -1.22031e+01
199  0.01880 -1.21326e+01 |200 -0.00273 -1.20896e+01 |201 -0.00103 -1.20605e+01
202 -0.00129 -1.18850e+01 |203  0.00847 -1.17683e+01 |204 -0.01025 -1.14136e+01
205  0.00459 -1.12938e+01 |206  0.00252 -1.11349e+01 |207  0.00158 -1.09188e+01
208 -0.00670 -1.08547e+01 |209  0.01036 -1.07476e+01 |210 -0.01006 -1.04578e+01
211  0.00353 -1.01754e+01 |212  0.00006 -1.00740e+01 |213  0.01028 -1.00124e+01
214 -0.02486 -9.86056e+00 |215  0.01682 -9.71268e+00 |216 -0.00769 -9.36672e+00
217  0.00380 -9.14724e+00 |218 -0.00058 -9.04742e+00 |219  0.00666 -8.94824e+00
220 -0.00782 -8.80246e+00 |221  0.00009 -8.74792e+00 |222  0.01185 -8.74014e+00
223 -0.00476 -8.64237e+00 |224 -0.00257 -8.53466e+00 |225  0.00103 -8.50943e+00
226 -0.00081 -8.43451e+00 |227  0.00253 -8.26610e+00 |228 -0.01727 -8.21381e+00
229  0.00874 -7.60321e+00 |230  0.00808 -7.51434e+00 |231 -0.00735 -7.13717e+00
232  0.00744 -6.98138e+00 |233 -0.00424 -6.87143e+00 |234 -0.00510 -6.46188e+00
235  0.00650 -6.23664e+00 |236 -0.00493 -5.95179e+00 |237  0.00355 -5.75682e+00
238  0.00153 -5.66098e+00 |239 -0.00481 -5.33955e+00 |240 -0.00703 -4.19425e+00
241  0.01282 -3.96463e+00 |242 -0.00953 -3.38141e+00 |243  0.00307 -2.94657e+00
244  0.01228 -2.66381e+00 |245  0.00536 -2.49044e+00 |246 -0.00939 -2.43981e+00
247 -0.01394 -2.44954e+00 |248  0.01154 -2.19782e+00 |249  0.00412 -2.10156e+00
250 -0.00641 -2.03366e+00 |251 -0.00215 -1.95158e+00 |252  0.00406 -1.76453e+00
253 -0.00465 -1.51226e+00 |254  0.00440 -1.42914e+00 |255 -0.01850 -1.33414e+00
256  0.00830 -1.12287e+00 |257  0.00329 -1.93382e-01 |258  0.00004 -4.75845e+00
259  0.00514 -5.17032e+00 |260 -0.00250 -5.39170e+00 |261 -0.00141 -5.98498e+00
262  0.00294 -6.16422e+00 |263  0.01768 -6.29503e+00 |264 -0.01681 -6.16745e+00
265  0.00674 -6.09376e+00 |266 -0.00011 -5.74000e+00 |267 -0.02590 -5.66851e+00
268  0.01230 -5.79565e+00 |269 -0.01058 -5.77735e+00 |270 -0.00003 -5.65748e+00
271 -0.00133 -5.54230e+00 |272  0.00321 -5.44002e+00 |273 -0.00239 -5.33070e+00
274  0.00200 -5.30843e+00 |275  0.00039 -5.21209e+00 |276  0.00381 -5.23238e+00
277 -0.00010 -5.25328e+00 |278 -0.00178 -5.13049e+00 |279  0.00016 -4.95703e+00
280  0.00155 -4.95836e+00 |281  0.00264 -5.08285e+00 |282  0.00605 -4.91212e+00
283 -0.01462 -4.80580e+00 |284  0.00751 -4.77304e+00 |285 -0.00215 -4.73200e+00
286  0.00010 -4.71733e+00 |287  0.00409 -4.75137e+00 |288 -0.00274 -4.67171e+00
289 -0.00104 -4.65550e+00 |290 -0.00222 -4.77162e+00 |291  0.00687 -4.71784e+00
292  0.00650 -4.68509e+00 |293 -0.00785 -4.71334e+00 |294  0.00023 -4.68577e+00
295  0.00215 -4.57529e+00 |296  0.00745 -4.56950e+00 |297 -0.00959 -4.03617e+00
298 -0.00407 -3.98632e+00 |299 -0.00108 -3.86134e+00 |300 -0.00146 -3.79259e+00
301  0.00633 -3.76140e+00 |302  0.00145 -3.59631e+00 |303 -0.00644 -3.47068e+00
304  0.00401 -3.40911e+00 |305 -0.00344 -3.26843e+00 |306  0.00482 -3.22403e+00
307 -0.00137 -3.07133e+00 |308  0.00048 -2.30075e+00 |309 -0.00412 -2.15185e+00
310  0.00814 -1.96425e+00 |311 -0.00204 -1.59623e+00 |312 -0.00488 -1.40542e+00
313  0.00646 -1.32673e+00 |314  0.00490 -1.35393e+00 |315  0.00275 -1.35438e+00
316 -0.01029 -1.20480e+00 |317  0.00315 -1.11990e+00 |318  0.00055 -1.06980e+00
319  0.00055 -1.00698e+00 |320 -0.00016 -9.38126e-01 |321  0.00099 -8.64761e-01
322 -0.00475 -8.47025e-01 |323  0.01276 -8.64331e-01 |324 -0.01869 -6.80295e-01
325 -0.00635 -7.55032e-02 |
325 variables; iteration 380; function evaluation 423; phase 5
Function value 3.2028820e+03; maximum gradient component mag 4.0242e+00
Var    Value     Gradient |Var    Value     Gradient |Var    Value     Gradient
  1 -0.03383  4.02421e+00 |  2  0.11796  4.77074e-03 |  3  0.18747  2.00741e-02
  4 -0.00022  1.18591e-02 |  5 -0.04889  6.41334e-03 |  6  0.08288  3.75216e-02
  7  0.05278  2.06670e-02 |  8 -0.00035  1.72049e-02 |  9  0.04803  2.42065e-02
 10  0.02075 -1.15798e-02 | 11  0.21670  7.89350e-02 | 12 -0.11936 -2.17570e-02
 13 -0.04170 -2.60810e-02 | 14 -0.15442 -2.81050e-02 | 15 -0.17149 -2.57120e-02
 16  0.23909  1.61192e-01 | 17  0.00328  8.82536e-03 | 18 -0.10816 -1.58319e-02
 19 -0.04869  6.01501e-03 | 20 -0.01333  2.34005e-02 | 21 -0.09546 -5.90725e-03
 22  0.03470  5.98582e-02 | 23 -0.12124 -8.82703e-03 | 24 -0.03609  1.67436e-02
 25  0.00930  3.64350e-02 | 26  0.02212  3.57153e-02 | 27 -0.11328 -2.29682e-02
 28  0.01420  3.65559e-02 | 29  0.05339  6.63747e-02 | 30 -0.08260 -5.03344e-04
 31 -0.18503 -1.97826e-02 | 32  0.03845  3.60351e-02 | 33  0.05146  3.05952e-02
 34  0.05736  3.41433e-02 | 35  0.04490  2.87525e-02 | 36 -0.04428 -5.80716e-03
 37 -0.01619  1.34551e-04 | 38  0.06329  1.14968e-02 | 39 -0.06265 -2.00300e-02
 40  0.21466  6.78155e-02 | 41  0.02240 -3.39278e-03 | 42  0.08165  4.81298e-04
 43 -0.06316 -2.34344e-02 | 44  0.17858  8.23211e-02 | 45 -0.03678 -8.15689e-03
 46 -0.03165 -8.31824e-03 | 47 -0.01320 -7.44897e-03 | 48 -0.08964 -2.03495e-02
 49  0.11479  3.70892e-02 | 50  0.01204 -4.81410e-04 | 51 -0.00151 -1.17588e-02
 52  0.01902 -7.09675e-03 | 53 -0.03449 -1.58798e-02 | 54  0.08237  7.71432e-03
 55  0.00394 -9.94634e-03 | 56 -0.05272 -1.69255e-02 | 57 -0.05638 -2.00558e-02
 58  0.08419  9.06827e-03 | 59 -0.03720 -2.17260e-02 | 60  0.02015 -4.00041e-03
 61  0.00260 -2.65091e-02 | 62  0.06714 -6.00060e-03 | 63  0.09939 -6.98125e-03
 64 -0.06315 -2.91318e-02 | 65 -0.01319 -1.77812e-02 | 66  0.04405 -2.74840e-02
 67  0.00951 -2.15901e-02 | 68 -0.04197 -2.65097e-02 | 69  0.03222 -3.60817e-02
 70  0.00901 -4.84095e-02 | 71  0.15065 -3.76003e-02 | 72 -0.06668 -3.77547e-02
 73 -0.03111 -4.08892e-02 | 74 -0.04043 -4.68206e-02 | 75  0.01452 -3.97080e-02
 76 -0.05944 -2.95721e-02 | 77  0.02409 -3.70991e-02 | 78 -0.49625 -1.63152e-02
 79 -0.66377 -1.02543e-02 | 80 -0.80507  4.98905e-04 | 81 -0.70399 -1.19236e-02
 82 -0.75089 -1.16429e-03 | 83 -0.76976 -5.80211e-03 | 84 -0.82197 -6.97431e-03
 85 -0.84779 -3.24812e-03 | 86 -0.82626 -4.08733e-04 | 87 -0.73927 -2.71162e-03
 88 -0.81809  9.20536e-04 | 89 -0.81006 -1.06397e-02 | 90 -0.78785 -4.79450e-03
 91 -0.79406  4.81682e-03 | 92 -0.80691 -1.56197e-03 | 93 -0.80787 -3.04409e-03
 94 -0.78317  6.64676e-03 | 95 -0.79392  3.72362e-03 | 96 -0.78747  2.17056e-03
 97 -0.84268  8.34896e-05 | 98 -0.84123  1.42807e-03 | 99 -0.85965  4.91845e-05
100 -0.89336  1.89470e-03 |101 -0.89707 -3.68353e-04 |102  0.75019 -1.10319e-01
103  0.26953  3.82755e-01 |104  0.19793  8.43761e-01 |105  0.08884  1.19486e-02
106 -0.16940  4.33334e-02 |107 -0.20619  4.99905e-02 |108 -0.17710  3.34348e-02
109  0.00084  1.43988e-02 |110  0.16799  3.36346e-02 |111 -0.02561  3.64477e-02
112  0.17318  1.12406e-02 |113 -0.08181  3.89672e-04 |114  0.41998 -9.83607e-06
115 -0.05279  1.57673e-02 |116 -0.34547 -3.04908e-02 |117 -0.20784 -3.50480e-03
118 -0.23387 -4.72987e-03 |119 -0.29434 -4.64053e-03 |120  0.05510 -2.97225e-03
121 -0.17102 -2.66339e-03 |122  0.00058 -1.14116e+00 |123 -0.00010 -1.13935e+00
124 -0.00053 -1.14186e+00 |125 -0.00589 -1.13495e+00 |126 -0.00620 -1.13476e+00
127 -0.00656 -1.13504e+00 |128 -0.00695 -1.13332e+00 |129 -0.00775 -1.13655e+00
130  0.00898 -1.13483e+00 |131 -0.00288 -1.12610e+00 |132 -0.00662 -1.12756e+00
133 -0.02020 -1.12789e+00 |134  0.00199 -1.10848e+00 |135 -0.01037 -1.10505e+00
136  0.00754 -1.07156e+00 |137  0.00608 -1.06274e+00 |138 -0.00391 -1.06259e+00
139  0.01642 -1.03938e+00 |140 -0.01550 -1.03362e+00 |141 -0.01487 -1.04001e+00
142  0.00906 -1.00515e+00 |143  0.02046 -9.81206e-01 |144 -0.00397 -9.82055e-01
145 -0.02098 -9.75865e-01 |146  0.02018 -9.64807e-01 |147 -0.02348 -9.54714e-01
148  0.02557 -9.34928e-01 |149  0.00162 -9.28500e-01 |150  0.00271 -9.28891e-01
151 -0.00909 -9.30285e-01 |152  0.01268 -9.15444e-01 |153  0.02205 -9.16379e-01
154 -0.02530 -9.16808e-01 |155 -0.02053 -9.22320e-01 |156  0.00581 -8.96111e-01
157  0.00377 -9.00153e-01 |158  0.00327 -8.84203e-01 |159 -0.02176 -8.79927e-01
160 -0.01127 -8.67313e-01 |161  0.02764 -8.49982e-01 |162 -0.00958 -8.43069e-01
163  0.01804 -8.07775e-01 |164 -0.00757 -8.05944e-01 |165 -0.01864 -8.01962e-01
166  0.00821 -7.83237e-01 |167  0.00381 -7.77473e-01 |168 -0.00334 -7.41260e-01
169  0.00518 -7.23034e-01 |170 -0.01848 -7.04446e-01 |171 -0.00148 -6.86041e-01
172  0.02265 -5.61634e-01 |173 -0.02913 -5.56519e-01 |174  0.01020 -4.89957e-01
175  0.02306 -4.28901e-01 |176  0.02180 -3.57252e-01 |177 -0.00251 -3.16737e-01
178 -0.00625 -3.12376e-01 |179 -0.01974 -2.96394e-01 |180  0.00265 -2.60937e-01
181 -0.00208 -2.49579e-01 |182  0.00249 -2.38937e-01 |183 -0.00428 -2.21174e-01
184  0.00504 -2.03682e-01 |185 -0.00701 -1.60393e-01 |186 -0.01065 -1.56346e-01
187  0.00200 -1.35293e-01 |188 -0.01198 -1.17811e-01 |189  0.01426 -2.83068e-02
190 -0.00011  1.71567e+00 |191  0.00329  1.65707e+00 |192 -0.01046  1.61856e+00
193  0.00817  1.56281e+00 |194  0.00695  1.46226e+00 |195 -0.02486  1.45345e+00
196  0.01891  1.40387e+00 |197 -0.00022  1.38460e+00 |198 -0.02893  1.37540e+00
199  0.01880  1.25607e+00 |200 -0.00273  1.24983e+00 |201 -0.00103  1.24511e+00
202 -0.00129  1.21782e+00 |203  0.00847  1.16861e+00 |204 -0.01025  1.18104e+00
205  0.00459  1.10320e+00 |206  0.00251  1.09723e+00 |207  0.00158  1.07281e+00
208 -0.00670  1.01759e+00 |209  0.01036  9.68324e-01 |210 -0.01006  9.75213e-01
211  0.00353  9.24758e-01 |212  0.00006  8.68353e-01 |213  0.01027  8.57268e-01
214 -0.02486  8.60355e-01 |215  0.01682  7.68233e-01 |216 -0.00769  7.55895e-01
217  0.00380  7.12395e-01 |218 -0.00058  6.71778e-01 |219  0.00666  6.48779e-01
220 -0.00782  6.12479e-01 |221  0.00009  5.49782e-01 |222  0.01185  5.18869e-01
223 -0.00476  4.59407e-01 |224 -0.00257  4.65944e-01 |225  0.00103  4.31749e-01
226 -0.00081  4.44535e-01 |227  0.00252  3.66337e-01 |228 -0.01726  3.60550e-01
229  0.00874  3.77567e-01 |230  0.00809  3.31465e-01 |231 -0.00735  3.24976e-01
232  0.00744  2.36706e-01 |233 -0.00423  2.39726e-01 |234 -0.00510  2.41678e-01
235  0.00650  2.07632e-01 |236 -0.00493  2.05544e-01 |237  0.00355  1.37360e-01
238  0.00153  1.24150e-01 |239 -0.00481  1.17034e-01 |240 -0.00702  1.91104e-01
241  0.01281  1.17776e-01 |242 -0.00953  1.65594e-01 |243  0.00307  1.46501e-01
244  0.01228  1.61746e-01 |245  0.00536  2.10987e-01 |246 -0.00939  2.23490e-01
247 -0.01394  2.33634e-01 |248  0.01153  2.12736e-01 |249  0.00412  1.79462e-01
250 -0.00641  1.46431e-01 |251 -0.00214  1.27410e-01 |252  0.00406  8.70682e-02
253 -0.00465  9.51032e-02 |254  0.00440  2.49271e-02 |255 -0.01849  2.57922e-02
256  0.00830  2.06633e-02 |257  0.00329  4.42283e-02 |258 -0.00024  3.62981e+00
259  0.00514  3.41577e+00 |260 -0.00250  3.35167e+00 |261 -0.00141  3.25944e+00
262  0.00295  3.14775e+00 |263  0.01770  3.03037e+00 |264 -0.01683  2.98515e+00
265  0.00674  2.90372e+00 |266 -0.00011  2.88409e+00 |267 -0.02590  2.76735e+00
268  0.01230  2.72196e+00 |269 -0.01058  2.70786e+00 |270 -0.00003  2.66083e+00
271 -0.00133  2.58523e+00 |272  0.00321  2.52764e+00 |273 -0.00239  2.44851e+00
274  0.00200  2.37439e+00 |275  0.00039  2.33222e+00 |276  0.00381  2.25523e+00
277 -0.00010  2.17267e+00 |278 -0.00178  2.11746e+00 |279  0.00016  2.04881e+00
280  0.00155  1.98312e+00 |281  0.00264  1.91580e+00 |282  0.00605  1.90276e+00
283 -0.01463  1.80553e+00 |284  0.00751  1.76495e+00 |285 -0.00215  1.71032e+00
286  0.00010  1.64597e+00 |287  0.00409  1.58656e+00 |288 -0.00274  1.52162e+00
289 -0.00104  1.44282e+00 |290 -0.00222  1.39395e+00 |291  0.00687  1.31528e+00
292  0.00650  1.30419e+00 |293 -0.00785  1.26078e+00 |294  0.00023  1.22309e+00
295  0.00215  1.14654e+00 |296  0.00745  1.11542e+00 |297 -0.00959  1.12242e+00
298 -0.00407  1.05246e+00 |299 -0.00108  1.00222e+00 |300 -0.00146  9.26800e-01
301  0.00632  8.90139e-01 |302  0.00145  8.61845e-01 |303 -0.00644  8.09300e-01
304  0.00402  7.44236e-01 |305 -0.00344  6.91256e-01 |306  0.00482  6.48351e-01
307 -0.00137  6.35177e-01 |308  0.00048  6.54285e-01 |309 -0.00412  6.07309e-01
310  0.00814  5.88427e-01 |311 -0.00204  5.63171e-01 |312 -0.00488  5.38293e-01
313  0.00646  5.33470e-01 |314  0.00490  5.08235e-01 |315  0.00274  4.63406e-01
316 -0.01028  4.36220e-01 |317  0.00315  3.73968e-01 |318  0.00055  3.20301e-01
319  0.00054  2.82540e-01 |320 -0.00016  2.25027e-01 |321  0.00099  2.01667e-01
322 -0.00475  1.41106e-01 |323  0.01276  9.17768e-02 |324 -0.01869  8.67067e-02
325 -0.00635  7.75224e-02 |
  ic > imax  in fminim is answer attained ?
Var    Value     Gradient |Var    Value     Gradient |Var    Value     Gradient
  1 -0.03383 -1.42265e-03 |  2  0.11798 -1.01051e-06 |  3  0.18747 -4.24830e-06
  4 -0.00023 -4.38291e-06 |  5 -0.04888 -2.35444e-06 |  6  0.08288 -1.14426e-05
  7  0.05279 -3.09536e-06 |  8 -0.00035 -3.02356e-06 |  9  0.04803 -4.81079e-06
 10  0.02075  8.99371e-06 | 11  0.21670 -2.52127e-05 | 12 -0.11937  5.07375e-06
 13 -0.04170  8.92189e-06 | 14 -0.15442  8.37203e-06 | 15 -0.17150  7.77666e-06
 16  0.23909 -4.51460e-05 | 17  0.00328 -3.58624e-06 | 18 -0.10816  8.07650e-06
 19 -0.04869 -6.02153e-06 | 20 -0.01333 -9.85549e-06 | 21 -0.09546  5.25950e-06
 22  0.03469 -2.11248e-05 | 23 -0.12124  1.00949e-05 | 24 -0.03609 -6.07842e-06
 25  0.00930 -7.66601e-06 | 26  0.02212 -9.76813e-06 | 27 -0.11327  1.64017e-05
 28  0.01420 -1.14193e-05 | 29  0.05339 -1.92895e-05 | 30 -0.08260  2.81065e-07
 31 -0.18503  6.54209e-06 | 32  0.03845 -1.49442e-05 | 33  0.05146 -8.94850e-06
 34  0.05736 -9.63097e-06 | 35  0.04490 -1.35576e-05 | 36 -0.04428  1.73322e-06
 37 -0.01619 -7.95935e-06 | 38  0.06329 -4.11370e-06 | 39 -0.06265  5.15685e-06
 40  0.21466 -3.55785e-05 | 41  0.02240 -3.21292e-06 | 42  0.08165 -3.37991e-06
 43 -0.06316  6.47316e-06 | 44  0.17858 -2.61356e-05 | 45 -0.03678  1.88673e-06
 46 -0.03165  2.58363e-06 | 47 -0.01320 -5.50747e-08 | 48 -0.08964  6.37500e-06
 49  0.11479 -9.69329e-06 | 50  0.01204  1.63867e-06 | 51 -0.00151  7.17287e-06
 52  0.01903 -4.44940e-06 | 53 -0.03449 -1.21706e-06 | 54  0.08237 -2.80078e-06
 55  0.00394 -3.53914e-06 | 56 -0.05272  3.42402e-06 | 57 -0.05638  7.38759e-06
 58  0.08419  1.72520e-06 | 59 -0.03720  9.42719e-06 | 60  0.02015  1.78171e-06
 61  0.00260  4.19467e-06 | 62  0.06714  5.96544e-06 | 63  0.09939  1.04835e-05
 64 -0.06315  7.76723e-06 | 65 -0.01319  7.89816e-06 | 66  0.04405  9.28282e-06
 67  0.00951  1.87092e-05 | 68 -0.04197  9.60440e-06 | 69  0.03222  4.40001e-06
 70  0.00901  1.92768e-05 | 71  0.15065  3.88244e-06 | 72 -0.06668  1.21698e-05
 73 -0.03111  1.07553e-05 | 74 -0.04043  1.09345e-05 | 75  0.01452  8.66022e-06
 76 -0.05944  1.31420e-05 | 77  0.02409  1.44328e-05 | 78 -0.49626  3.56234e-06
 79 -0.66376  7.62946e-06 | 80 -0.80507 -2.05260e-06 | 81 -0.70399  7.76602e-06
 82 -0.75089 -5.03616e-06 | 83 -0.76976  4.98554e-06 | 84 -0.82197  7.96101e-06
 85 -0.84779  5.95946e-07 | 86 -0.82626 -5.61192e-06 | 87 -0.73927  1.21507e-06
 88 -0.81809 -6.24250e-07 | 89 -0.81005  9.01758e-06 | 90 -0.78785  2.21156e-06
 91 -0.79407 -8.83571e-06 | 92 -0.80691 -4.01240e-06 | 93 -0.80787  8.12275e-06
 94 -0.78317 -1.01842e-05 | 95 -0.79392 -3.80753e-06 | 96 -0.78747 -9.20658e-06
 97 -0.84268 -1.43301e-07 | 98 -0.84123 -3.05487e-06 | 99 -0.85965 -2.09189e-06
100 -0.89336 -3.34540e-06 |101 -0.89707 -2.30191e-06 |102  0.75992  3.33994e-05
103  0.26888 -8.58990e-05 |104  0.19681 -2.57688e-04 |105  0.08884 -2.97759e-06
106 -0.16940 -1.53140e-05 |107 -0.20619 -1.97540e-05 |108 -0.17710 -1.48573e-05
109  0.00084 -8.53943e-06 |110  0.16799 -1.34538e-05 |111 -0.02561 -1.18988e-05
112  0.17318 -6.04451e-06 |113 -0.08181 -5.63747e-07 |114  0.42007  3.79578e-08
115 -0.05279 -1.25540e-05 |116 -0.34547  1.17773e-05 |117 -0.20784  3.29665e-06
118 -0.23387  2.06088e-06 |119 -0.29434  1.94405e-06 |120  0.05510  5.28757e-06
121 -0.17102 -1.71120e-06 |122  0.00036  3.72196e-04 |123 -0.00029  3.68998e-04
124 -0.00070  3.72162e-04 |125 -0.00596  3.70137e-04 |126 -0.00626  3.73936e-04
127 -0.00661  3.69910e-04 |128 -0.00701  3.68418e-04 |129 -0.00779  3.74192e-04
130  0.00898  3.66919e-04 |131 -0.00289  3.69253e-04 |132 -0.00663  3.65732e-04
133 -0.02020  3.69537e-04 |134  0.00199  3.62083e-04 |135 -0.01037  3.66763e-04
136  0.00754  3.58743e-04 |137  0.00608  3.54921e-04 |138 -0.00391  3.64838e-04
139  0.01642  3.54239e-04 |140 -0.01551  3.50384e-04 |141 -0.01486  3.66445e-04
142  0.00905  3.44688e-04 |143  0.02046  3.40589e-04 |144 -0.00397  3.40384e-04
145 -0.02099  3.35712e-04 |146  0.02018  3.35665e-04 |147 -0.02348  3.35563e-04
148  0.02557  3.27693e-04 |149  0.00161  3.15556e-04 |150  0.00271  3.17762e-04
151 -0.00908  3.20459e-04 |152  0.01268  2.97789e-04 |153  0.02205  2.95266e-04
154 -0.02530  2.67199e-04 |155 -0.02052  2.73907e-04 |156  0.00580  2.58175e-04
157  0.00377  2.71220e-04 |158  0.00327  3.04597e-04 |159 -0.02176  3.04809e-04
160 -0.01127  2.91338e-04 |161  0.02765  2.96024e-04 |162 -0.00958  2.91847e-04
163  0.01804  3.00536e-04 |164 -0.00757  3.07059e-04 |165 -0.01864  3.03302e-04
166  0.00821  2.92723e-04 |167  0.00382  2.90598e-04 |168 -0.00334  2.80343e-04
169  0.00518  2.79361e-04 |170 -0.01848  2.66105e-04 |171 -0.00148  2.64603e-04
172  0.02264  2.15084e-04 |173 -0.02913  2.21722e-04 |174  0.01020  1.86237e-04
175  0.02308  1.58551e-04 |176  0.02184  1.35564e-04 |177 -0.00252  1.25401e-04
178 -0.00626  1.28717e-04 |179 -0.01977  1.13736e-04 |180  0.00265  1.01279e-04
181 -0.00207  1.07173e-04 |182  0.00249  9.91600e-05 |183 -0.00428  9.20924e-05
184  0.00504  8.40533e-05 |185 -0.00702  7.00637e-05 |186 -0.01065  7.48780e-05
187  0.00200  6.05409e-05 |188 -0.01198  5.31412e-05 |189  0.01426  1.55515e-05
190  0.00003 -4.00026e-04 |191  0.00329 -3.74687e-04 |192 -0.01046 -3.59575e-04
193  0.00817 -3.19744e-04 |194  0.00694 -3.27704e-04 |195 -0.02487 -3.37106e-04
196  0.01892 -3.51318e-04 |197 -0.00022 -3.71191e-04 |198 -0.02893 -3.90708e-04
199  0.01880 -3.53910e-04 |200 -0.00273 -3.48027e-04 |201 -0.00103 -3.46089e-04
202 -0.00129 -3.44644e-04 |203  0.00847 -3.27883e-04 |204 -0.01025 -3.46568e-04
205  0.00459 -3.22535e-04 |206  0.00251 -3.20619e-04 |207  0.00158 -3.15165e-04
208 -0.00670 -2.97275e-04 |209  0.01036 -2.76131e-04 |210 -0.01006 -2.88947e-04
211  0.00353 -2.70358e-04 |212  0.00006 -2.53581e-04 |213  0.01027 -2.49866e-04
214 -0.02486 -2.49773e-04 |215  0.01682 -2.25717e-04 |216 -0.00769 -2.23469e-04
217  0.00380 -2.17676e-04 |218 -0.00058 -2.15460e-04 |219  0.00666 -2.14920e-04
220 -0.00782 -2.15054e-04 |221  0.00009 -2.05923e-04 |222  0.01185 -2.28912e-04
223 -0.00476 -2.29843e-04 |224 -0.00257 -2.19847e-04 |225  0.00103 -2.02251e-04
226 -0.00081 -1.55558e-04 |227  0.00252 -1.37115e-04 |228 -0.01726 -1.23057e-04
229  0.00874 -1.44593e-04 |230  0.00809 -1.35539e-04 |231 -0.00735 -1.17431e-04
232  0.00744 -1.05295e-04 |233 -0.00423 -9.59408e-05 |234 -0.00510 -1.12088e-04
235  0.00650 -1.09824e-04 |236 -0.00493 -1.15775e-04 |237  0.00355 -9.56381e-05
238  0.00153 -8.21975e-05 |239 -0.00481 -8.70036e-05 |240 -0.00703 -1.17859e-04
241  0.01281 -1.04473e-04 |242 -0.00953 -1.22049e-04 |243  0.00307 -1.16508e-04
244  0.01228 -1.30515e-04 |245  0.00536 -1.39781e-04 |246 -0.00939 -8.60553e-05
247 -0.01394 -6.61554e-05 |248  0.01153 -5.19890e-05 |249  0.00412 -3.87861e-05
250 -0.00641 -3.85026e-05 |251 -0.00214 -1.52877e-05 |252  0.00406 -9.53460e-06
253 -0.00465 -1.47402e-05 |254  0.00439  3.28360e-06 |255 -0.01849  1.60323e-05
256  0.00830  1.23775e-05 |257  0.00329 -1.16759e-05 |258  0.00002 -1.10678e-03
259  0.00514 -1.01397e-03 |260 -0.00250 -9.85907e-04 |261 -0.00141 -9.07165e-04
262  0.00295 -8.76890e-04 |263  0.01771 -8.39125e-04 |264 -0.01684 -8.72322e-04
265  0.00674 -8.77107e-04 |266 -0.00011 -8.87459e-04 |267 -0.02590 -8.51649e-04
268  0.01230 -8.10066e-04 |269 -0.01058 -8.07228e-04 |270 -0.00003 -7.91075e-04
271 -0.00133 -7.73372e-04 |272  0.00321 -7.51342e-04 |273 -0.00239 -7.22653e-04
274  0.00200 -7.03949e-04 |275  0.00039 -6.94849e-04 |276  0.00381 -6.54410e-04
277 -0.00010 -6.24639e-04 |278 -0.00177 -6.18374e-04 |279  0.00016 -5.90448e-04
280  0.00155 -5.64079e-04 |281  0.00264 -5.45475e-04 |282  0.00605 -5.44875e-04
283 -0.01463 -5.15413e-04 |284  0.00751 -5.09021e-04 |285 -0.00215 -4.88207e-04
286  0.00010 -4.76670e-04 |287  0.00409 -4.52165e-04 |288 -0.00274 -4.41129e-04
289 -0.00104 -4.26700e-04 |290 -0.00222 -4.18395e-04 |291  0.00687 -4.03374e-04
292  0.00650 -3.96130e-04 |293 -0.00785 -3.74231e-04 |294  0.00023 -3.24350e-04
295  0.00215 -3.17022e-04 |296  0.00745 -2.85618e-04 |297 -0.00959 -3.03833e-04
298 -0.00407 -2.82186e-04 |299 -0.00108 -2.53938e-04 |300 -0.00146 -2.30265e-04
301  0.00632 -2.25072e-04 |302  0.00145 -2.16093e-04 |303 -0.00644 -2.02344e-04
304  0.00402 -1.79182e-04 |305 -0.00344 -1.70786e-04 |306  0.00482 -1.47707e-04
307 -0.00137 -1.55606e-04 |308  0.00048 -1.56653e-04 |309 -0.00412 -1.41967e-04
310  0.00814 -1.42689e-04 |311 -0.00204 -1.39205e-04 |312 -0.00488 -1.52163e-04
313  0.00646 -1.40207e-04 |314  0.00490 -1.07870e-04 |315  0.00274 -9.84974e-05
316 -0.01028 -9.62653e-05 |317  0.00315 -8.96877e-05 |318  0.00055 -8.55529e-05
319  0.00054 -6.61063e-05 |320 -0.00016 -5.99168e-05 |321  0.00099 -5.28121e-05
322 -0.00475 -2.43442e-05 |323  0.01276 -1.35941e-05 |324 -0.01869 -1.58725e-05
325 -0.00635 -2.13185e-05 |
Function minimizer not making progress ... is minimum attained?
Minimprove criterion = 0.0000e+00
Warning: the following parameters had issues
  F_rate[90] is within 1% of lower bound: 0.0000e+00 < 1.6096e-02 < 2.3000e+00
  F_rate[91] is within 1% of lower bound: 0.0000e+00 < 1.4997e-02 < 2.3000e+00


 - final statistics:
325 variables; iteration 395; function evaluation 467
Function value 3.2029e+03; maximum gradient component mag -1.4227e-03
Exit code = 1;  converg criter 1.0000e-04
Var    Value     Gradient |Var    Value     Gradient |Var    Value     Gradient
  1 -0.03383 -1.42265e-03 |  2  0.11798 -1.01051e-06 |  3  0.18747 -4.24830e-06
  4 -0.00023 -4.38291e-06 |  5 -0.04888 -2.35444e-06 |  6  0.08288 -1.14426e-05
  7  0.05279 -3.09536e-06 |  8 -0.00035 -3.02356e-06 |  9  0.04803 -4.81079e-06
 10  0.02075  8.99371e-06 | 11  0.21670 -2.52127e-05 | 12 -0.11937  5.07375e-06
 13 -0.04170  8.92189e-06 | 14 -0.15442  8.37203e-06 | 15 -0.17150  7.77666e-06
 16  0.23909 -4.51460e-05 | 17  0.00328 -3.58624e-06 | 18 -0.10816  8.07650e-06
 19 -0.04869 -6.02153e-06 | 20 -0.01333 -9.85549e-06 | 21 -0.09546  5.25950e-06
 22  0.03469 -2.11248e-05 | 23 -0.12124  1.00949e-05 | 24 -0.03609 -6.07842e-06
 25  0.00930 -7.66601e-06 | 26  0.02212 -9.76813e-06 | 27 -0.11327  1.64017e-05
 28  0.01420 -1.14193e-05 | 29  0.05339 -1.92895e-05 | 30 -0.08260  2.81065e-07
 31 -0.18503  6.54209e-06 | 32  0.03845 -1.49442e-05 | 33  0.05146 -8.94850e-06
 34  0.05736 -9.63097e-06 | 35  0.04490 -1.35576e-05 | 36 -0.04428  1.73322e-06
 37 -0.01619 -7.95935e-06 | 38  0.06329 -4.11370e-06 | 39 -0.06265  5.15685e-06
 40  0.21466 -3.55785e-05 | 41  0.02240 -3.21292e-06 | 42  0.08165 -3.37991e-06
 43 -0.06316  6.47316e-06 | 44  0.17858 -2.61356e-05 | 45 -0.03678  1.88673e-06
 46 -0.03165  2.58363e-06 | 47 -0.01320 -5.50747e-08 | 48 -0.08964  6.37500e-06
 49  0.11479 -9.69329e-06 | 50  0.01204  1.63867e-06 | 51 -0.00151  7.17287e-06
 52  0.01903 -4.44940e-06 | 53 -0.03449 -1.21706e-06 | 54  0.08237 -2.80078e-06
 55  0.00394 -3.53914e-06 | 56 -0.05272  3.42402e-06 | 57 -0.05638  7.38759e-06
 58  0.08419  1.72520e-06 | 59 -0.03720  9.42719e-06 | 60  0.02015  1.78171e-06
 61  0.00260  4.19467e-06 | 62  0.06714  5.96544e-06 | 63  0.09939  1.04835e-05
 64 -0.06315  7.76723e-06 | 65 -0.01319  7.89816e-06 | 66  0.04405  9.28282e-06
 67  0.00951  1.87092e-05 | 68 -0.04197  9.60440e-06 | 69  0.03222  4.40001e-06
 70  0.00901  1.92768e-05 | 71  0.15065  3.88244e-06 | 72 -0.06668  1.21698e-05
 73 -0.03111  1.07553e-05 | 74 -0.04043  1.09345e-05 | 75  0.01452  8.66022e-06
 76 -0.05944  1.31420e-05 | 77  0.02409  1.44328e-05 | 78 -0.49626  3.56234e-06
 79 -0.66376  7.62946e-06 | 80 -0.80507 -2.05260e-06 | 81 -0.70399  7.76602e-06
 82 -0.75089 -5.03616e-06 | 83 -0.76976  4.98554e-06 | 84 -0.82197  7.96101e-06
 85 -0.84779  5.95946e-07 | 86 -0.82626 -5.61192e-06 | 87 -0.73927  1.21507e-06
 88 -0.81809 -6.24250e-07 | 89 -0.81005  9.01758e-06 | 90 -0.78785  2.21156e-06
 91 -0.79407 -8.83571e-06 | 92 -0.80691 -4.01240e-06 | 93 -0.80787  8.12275e-06
 94 -0.78317 -1.01842e-05 | 95 -0.79392 -3.80753e-06 | 96 -0.78747 -9.20658e-06
 97 -0.84268 -1.43301e-07 | 98 -0.84123 -3.05487e-06 | 99 -0.85965 -2.09189e-06
100 -0.89336 -3.34540e-06 |101 -0.89707 -2.30191e-06 |102  0.75992  3.33994e-05
103  0.26888 -8.58990e-05 |104  0.19681 -2.57688e-04 |105  0.08884 -2.97759e-06
106 -0.16940 -1.53140e-05 |107 -0.20619 -1.97540e-05 |108 -0.17710 -1.48573e-05
109  0.00084 -8.53943e-06 |110  0.16799 -1.34538e-05 |111 -0.02561 -1.18988e-05
112  0.17318 -6.04451e-06 |113 -0.08181 -5.63747e-07 |114  0.42007  3.79578e-08
115 -0.05279 -1.25540e-05 |116 -0.34547  1.17773e-05 |117 -0.20784  3.29665e-06
118 -0.23387  2.06088e-06 |119 -0.29434  1.94405e-06 |120  0.05510  5.28757e-06
121 -0.17102 -1.71120e-06 |122  0.00036  3.72196e-04 |123 -0.00029  3.68998e-04
124 -0.00070  3.72162e-04 |125 -0.00596  3.70137e-04 |126 -0.00626  3.73936e-04
127 -0.00661  3.69910e-04 |128 -0.00701  3.68418e-04 |129 -0.00779  3.74192e-04
130  0.00898  3.66919e-04 |131 -0.00289  3.69253e-04 |132 -0.00663  3.65732e-04
133 -0.02020  3.69537e-04 |134  0.00199  3.62083e-04 |135 -0.01037  3.66763e-04
136  0.00754  3.58743e-04 |137  0.00608  3.54921e-04 |138 -0.00391  3.64838e-04
139  0.01642  3.54239e-04 |140 -0.01551  3.50384e-04 |141 -0.01486  3.66445e-04
142  0.00905  3.44688e-04 |143  0.02046  3.40589e-04 |144 -0.00397  3.40384e-04
145 -0.02099  3.35712e-04 |146  0.02018  3.35665e-04 |147 -0.02348  3.35563e-04
148  0.02557  3.27693e-04 |149  0.00161  3.15556e-04 |150  0.00271  3.17762e-04
151 -0.00908  3.20459e-04 |152  0.01268  2.97789e-04 |153  0.02205  2.95266e-04
154 -0.02530  2.67199e-04 |155 -0.02052  2.73907e-04 |156  0.00580  2.58175e-04
157  0.00377  2.71220e-04 |158  0.00327  3.04597e-04 |159 -0.02176  3.04809e-04
160 -0.01127  2.91338e-04 |161  0.02765  2.96024e-04 |162 -0.00958  2.91847e-04
163  0.01804  3.00536e-04 |164 -0.00757  3.07059e-04 |165 -0.01864  3.03302e-04
166  0.00821  2.92723e-04 |167  0.00382  2.90598e-04 |168 -0.00334  2.80343e-04
169  0.00518  2.79361e-04 |170 -0.01848  2.66105e-04 |171 -0.00148  2.64603e-04
172  0.02264  2.15084e-04 |173 -0.02913  2.21722e-04 |174  0.01020  1.86237e-04
175  0.02308  1.58551e-04 |176  0.02184  1.35564e-04 |177 -0.00252  1.25401e-04
178 -0.00626  1.28717e-04 |179 -0.01977  1.13736e-04 |180  0.00265  1.01279e-04
181 -0.00207  1.07173e-04 |182  0.00249  9.91600e-05 |183 -0.00428  9.20924e-05
184  0.00504  8.40533e-05 |185 -0.00702  7.00637e-05 |186 -0.01065  7.48780e-05
187  0.00200  6.05409e-05 |188 -0.01198  5.31412e-05 |189  0.01426  1.55515e-05
190  0.00003 -4.00026e-04 |191  0.00329 -3.74687e-04 |192 -0.01046 -3.59575e-04
193  0.00817 -3.19744e-04 |194  0.00694 -3.27704e-04 |195 -0.02487 -3.37106e-04
196  0.01892 -3.51318e-04 |197 -0.00022 -3.71191e-04 |198 -0.02893 -3.90708e-04
199  0.01880 -3.53910e-04 |200 -0.00273 -3.48027e-04 |201 -0.00103 -3.46089e-04
202 -0.00129 -3.44644e-04 |203  0.00847 -3.27883e-04 |204 -0.01025 -3.46568e-04
205  0.00459 -3.22535e-04 |206  0.00251 -3.20619e-04 |207  0.00158 -3.15165e-04
208 -0.00670 -2.97275e-04 |209  0.01036 -2.76131e-04 |210 -0.01006 -2.88947e-04
211  0.00353 -2.70358e-04 |212  0.00006 -2.53581e-04 |213  0.01027 -2.49866e-04
214 -0.02486 -2.49773e-04 |215  0.01682 -2.25717e-04 |216 -0.00769 -2.23469e-04
217  0.00380 -2.17676e-04 |218 -0.00058 -2.15460e-04 |219  0.00666 -2.14920e-04
220 -0.00782 -2.15054e-04 |221  0.00009 -2.05923e-04 |222  0.01185 -2.28912e-04
223 -0.00476 -2.29843e-04 |224 -0.00257 -2.19847e-04 |225  0.00103 -2.02251e-04
226 -0.00081 -1.55558e-04 |227  0.00252 -1.37115e-04 |228 -0.01726 -1.23057e-04
229  0.00874 -1.44593e-04 |230  0.00809 -1.35539e-04 |231 -0.00735 -1.17431e-04
232  0.00744 -1.05295e-04 |233 -0.00423 -9.59408e-05 |234 -0.00510 -1.12088e-04
235  0.00650 -1.09824e-04 |236 -0.00493 -1.15775e-04 |237  0.00355 -9.56381e-05
238  0.00153 -8.21975e-05 |239 -0.00481 -8.70036e-05 |240 -0.00703 -1.17859e-04
241  0.01281 -1.04473e-04 |242 -0.00953 -1.22049e-04 |243  0.00307 -1.16508e-04
244  0.01228 -1.30515e-04 |245  0.00536 -1.39781e-04 |246 -0.00939 -8.60553e-05
247 -0.01394 -6.61554e-05 |248  0.01153 -5.19890e-05 |249  0.00412 -3.87861e-05
250 -0.00641 -3.85026e-05 |251 -0.00214 -1.52877e-05 |252  0.00406 -9.53460e-06
253 -0.00465 -1.47402e-05 |254  0.00439  3.28360e-06 |255 -0.01849  1.60323e-05
256  0.00830  1.23775e-05 |257  0.00329 -1.16759e-05 |258  0.00002 -1.10678e-03
259  0.00514 -1.01397e-03 |260 -0.00250 -9.85907e-04 |261 -0.00141 -9.07165e-04
262  0.00295 -8.76890e-04 |263  0.01771 -8.39125e-04 |264 -0.01684 -8.72322e-04
265  0.00674 -8.77107e-04 |266 -0.00011 -8.87459e-04 |267 -0.02590 -8.51649e-04
268  0.01230 -8.10066e-04 |269 -0.01058 -8.07228e-04 |270 -0.00003 -7.91075e-04
271 -0.00133 -7.73372e-04 |272  0.00321 -7.51342e-04 |273 -0.00239 -7.22653e-04
274  0.00200 -7.03949e-04 |275  0.00039 -6.94849e-04 |276  0.00381 -6.54410e-04
277 -0.00010 -6.24639e-04 |278 -0.00177 -6.18374e-04 |279  0.00016 -5.90448e-04
280  0.00155 -5.64079e-04 |281  0.00264 -5.45475e-04 |282  0.00605 -5.44875e-04
283 -0.01463 -5.15413e-04 |284  0.00751 -5.09021e-04 |285 -0.00215 -4.88207e-04
286  0.00010 -4.76670e-04 |287  0.00409 -4.52165e-04 |288 -0.00274 -4.41129e-04
289 -0.00104 -4.26700e-04 |290 -0.00222 -4.18395e-04 |291  0.00687 -4.03374e-04
292  0.00650 -3.96130e-04 |293 -0.00785 -3.74231e-04 |294  0.00023 -3.24350e-04
295  0.00215 -3.17022e-04 |296  0.00745 -2.85618e-04 |297 -0.00959 -3.03833e-04
298 -0.00407 -2.82186e-04 |299 -0.00108 -2.53938e-04 |300 -0.00146 -2.30265e-04
301  0.00632 -2.25072e-04 |302  0.00145 -2.16093e-04 |303 -0.00644 -2.02344e-04
304  0.00402 -1.79182e-04 |305 -0.00344 -1.70786e-04 |306  0.00482 -1.47707e-04
307 -0.00137 -1.55606e-04 |308  0.00048 -1.56653e-04 |309 -0.00412 -1.41967e-04
310  0.00814 -1.42689e-04 |311 -0.00204 -1.39205e-04 |312 -0.00488 -1.52163e-04
313  0.00646 -1.40207e-04 |314  0.00490 -1.07870e-04 |315  0.00274 -9.84974e-05
316 -0.01028 -9.62653e-05 |317  0.00315 -8.96877e-05 |318  0.00055 -8.55529e-05
319  0.00054 -6.61063e-05 |320 -0.00016 -5.99168e-05 |321  0.00099 -5.28121e-05
322 -0.00475 -2.43442e-05 |323  0.01276 -1.35941e-05 |324 -0.01869 -1.58725e-05
325 -0.00635 -2.13185e-05 |
Estimating row 1 out of 325 for hessian
Estimating row 2 out of 325 for hessian
Estimating row 3 out of 325 for hessian
Estimating row 4 out of 325 for hessian
Estimating row 5 out of 325 for hessian
Estimating row 6 out of 325 for hessian
Estimating row 7 out of 325 for hessian
Estimating row 8 out of 325 for hessian
Estimating row 9 out of 325 for hessian
Estimating row 10 out of 325 for hessian
Estimating row 11 out of 325 for hessian
Estimating row 12 out of 325 for hessian
Estimating row 13 out of 325 for hessian
Estimating row 14 out of 325 for hessian
Estimating row 15 out of 325 for hessian
Estimating row 16 out of 325 for hessian
Estimating row 17 out of 325 for hessian
Estimating row 18 out of 325 for hessian
Estimating row 19 out of 325 for hessian
Estimating row 20 out of 325 for hessian
Estimating row 21 out of 325 for hessian
Estimating row 22 out of 325 for hessian
Estimating row 23 out of 325 for hessian
Estimating row 24 out of 325 for hessian
Estimating row 25 out of 325 for hessian
Estimating row 26 out of 325 for hessian
Estimating row 27 out of 325 for hessian
Estimating row 28 out of 325 for hessian
Estimating row 29 out of 325 for hessian
Estimating row 30 out of 325 for hessian
Estimating row 31 out of 325 for hessian
Estimating row 32 out of 325 for hessian
Estimating row 33 out of 325 for hessian
Estimating row 34 out of 325 for hessian
Estimating row 35 out of 325 for hessian
Estimating row 36 out of 325 for hessian
Estimating row 37 out of 325 for hessian
Estimating row 38 out of 325 for hessian
Estimating row 39 out of 325 for hessian
Estimating row 40 out of 325 for hessian
Estimating row 41 out of 325 for hessian
Estimating row 42 out of 325 for hessian
Estimating row 43 out of 325 for hessian
Estimating row 44 out of 325 for hessian
Estimating row 45 out of 325 for hessian
Estimating row 46 out of 325 for hessian
Estimating row 47 out of 325 for hessian
Estimating row 48 out of 325 for hessian
Estimating row 49 out of 325 for hessian
Estimating row 50 out of 325 for hessian
Estimating row 51 out of 325 for hessian
Estimating row 52 out of 325 for hessian
Estimating row 53 out of 325 for hessian
Estimating row 54 out of 325 for hessian
Estimating row 55 out of 325 for hessian
Estimating row 56 out of 325 for hessian
Estimating row 57 out of 325 for hessian
Estimating row 58 out of 325 for hessian
Estimating row 59 out of 325 for hessian
Estimating row 60 out of 325 for hessian
Estimating row 61 out of 325 for hessian
Estimating row 62 out of 325 for hessian
Estimating row 63 out of 325 for hessian
Estimating row 64 out of 325 for hessian
Estimating row 65 out of 325 for hessian
Estimating row 66 out of 325 for hessian
Estimating row 67 out of 325 for hessian
Estimating row 68 out of 325 for hessian
Estimating row 69 out of 325 for hessian
Estimating row 70 out of 325 for hessian
Estimating row 71 out of 325 for hessian
Estimating row 72 out of 325 for hessian
Estimating row 73 out of 325 for hessian
Estimating row 74 out of 325 for hessian
Estimating row 75 out of 325 for hessian
Estimating row 76 out of 325 for hessian
Estimating row 77 out of 325 for hessian
Estimating row 78 out of 325 for hessian
Estimating row 79 out of 325 for hessian
Estimating row 80 out of 325 for hessian
Estimating row 81 out of 325 for hessian
Estimating row 82 out of 325 for hessian
Estimating row 83 out of 325 for hessian
Estimating row 84 out of 325 for hessian
Estimating row 85 out of 325 for hessian
Estimating row 86 out of 325 for hessian
Estimating row 87 out of 325 for hessian
Estimating row 88 out of 325 for hessian
Estimating row 89 out of 325 for hessian
Estimating row 90 out of 325 for hessian
Estimating row 91 out of 325 for hessian
Estimating row 92 out of 325 for hessian
Estimating row 93 out of 325 for hessian
Estimating row 94 out of 325 for hessian
Estimating row 95 out of 325 for hessian
Estimating row 96 out of 325 for hessian
Estimating row 97 out of 325 for hessian
Estimating row 98 out of 325 for hessian
Estimating row 99 out of 325 for hessian
Estimating row 100 out of 325 for hessian
Estimating row 101 out of 325 for hessian
Estimating row 102 out of 325 for hessian
Estimating row 103 out of 325 for hessian
Estimating row 104 out of 325 for hessian
Estimating row 105 out of 325 for hessian
Estimating row 106 out of 325 for hessian
Estimating row 107 out of 325 for hessian
Estimating row 108 out of 325 for hessian
Estimating row 109 out of 325 for hessian
Estimating row 110 out of 325 for hessian
Estimating row 111 out of 325 for hessian
Estimating row 112 out of 325 for hessian
Estimating row 113 out of 325 for hessian
Estimating row 114 out of 325 for hessian
Estimating row 115 out of 325 for hessian
Estimating row 116 out of 325 for hessian
Estimating row 117 out of 325 for hessian
Estimating row 118 out of 325 for hessian
Estimating row 119 out of 325 for hessian
Estimating row 120 out of 325 for hessian
Estimating row 121 out of 325 for hessian
Estimating row 122 out of 325 for hessian
Estimating row 123 out of 325 for hessian
Estimating row 124 out of 325 for hessian
Estimating row 125 out of 325 for hessian
Estimating row 126 out of 325 for hessian
Estimating row 127 out of 325 for hessian
Estimating row 128 out of 325 for hessian
Estimating row 129 out of 325 for hessian
Estimating row 130 out of 325 for hessian
Estimating row 131 out of 325 for hessian
Estimating row 132 out of 325 for hessian
Estimating row 133 out of 325 for hessian
Estimating row 134 out of 325 for hessian
Estimating row 135 out of 325 for hessian
Estimating row 136 out of 325 for hessian
Estimating row 137 out of 325 for hessian
Estimating row 138 out of 325 for hessian
Estimating row 139 out of 325 for hessian
Estimating row 140 out of 325 for hessian
Estimating row 141 out of 325 for hessian
Estimating row 142 out of 325 for hessian
Estimating row 143 out of 325 for hessian
Estimating row 144 out of 325 for hessian
Estimating row 145 out of 325 for hessian
Estimating row 146 out of 325 for hessian
Estimating row 147 out of 325 for hessian
Estimating row 148 out of 325 for hessian
Estimating row 149 out of 325 for hessian
Estimating row 150 out of 325 for hessian
Estimating row 151 out of 325 for hessian
Estimating row 152 out of 325 for hessian
Estimating row 153 out of 325 for hessian
Estimating row 154 out of 325 for hessian
Estimating row 155 out of 325 for hessian
Estimating row 156 out of 325 for hessian
Estimating row 157 out of 325 for hessian
Estimating row 158 out of 325 for hessian
Estimating row 159 out of 325 for hessian
Estimating row 160 out of 325 for hessian
Estimating row 161 out of 325 for hessian
Estimating row 162 out of 325 for hessian
Estimating row 163 out of 325 for hessian
Estimating row 164 out of 325 for hessian
Estimating row 165 out of 325 for hessian
Estimating row 166 out of 325 for hessian
Estimating row 167 out of 325 for hessian
Estimating row 168 out of 325 for hessian
Estimating row 169 out of 325 for hessian
Estimating row 170 out of 325 for hessian
Estimating row 171 out of 325 for hessian
Estimating row 172 out of 325 for hessian
Estimating row 173 out of 325 for hessian
Estimating row 174 out of 325 for hessian
Estimating row 175 out of 325 for hessian
Estimating row 176 out of 325 for hessian
Estimating row 177 out of 325 for hessian
Estimating row 178 out of 325 for hessian
Estimating row 179 out of 325 for hessian
Estimating row 180 out of 325 for hessian
Estimating row 181 out of 325 for hessian
Estimating row 182 out of 325 for hessian
Estimating row 183 out of 325 for hessian
Estimating row 184 out of 325 for hessian
Estimating row 185 out of 325 for hessian
Estimating row 186 out of 325 for hessian
Estimating row 187 out of 325 for hessian
Estimating row 188 out of 325 for hessian
Estimating row 189 out of 325 for hessian
Estimating row 190 out of 325 for hessian
Estimating row 191 out of 325 for hessian
Estimating row 192 out of 325 for hessian
Estimating row 193 out of 325 for hessian
Estimating row 194 out of 325 for hessian
Estimating row 195 out of 325 for hessian
Estimating row 196 out of 325 for hessian
Estimating row 197 out of 325 for hessian
Estimating row 198 out of 325 for hessian
Estimating row 199 out of 325 for hessian
Estimating row 200 out of 325 for hessian
Estimating row 201 out of 325 for hessian
Estimating row 202 out of 325 for hessian
Estimating row 203 out of 325 for hessian
Estimating row 204 out of 325 for hessian
Estimating row 205 out of 325 for hessian
Estimating row 206 out of 325 for hessian
Estimating row 207 out of 325 for hessian
Estimating row 208 out of 325 for hessian
Estimating row 209 out of 325 for hessian
Estimating row 210 out of 325 for hessian
Estimating row 211 out of 325 for hessian
Estimating row 212 out of 325 for hessian
Estimating row 213 out of 325 for hessian
Estimating row 214 out of 325 for hessian
Estimating row 215 out of 325 for hessian
Estimating row 216 out of 325 for hessian
Estimating row 217 out of 325 for hessian
Estimating row 218 out of 325 for hessian
Estimating row 219 out of 325 for hessian
Estimating row 220 out of 325 for hessian
Estimating row 221 out of 325 for hessian
Estimating row 222 out of 325 for hessian
Estimating row 223 out of 325 for hessian
Estimating row 224 out of 325 for hessian
Estimating row 225 out of 325 for hessian
Estimating row 226 out of 325 for hessian
Estimating row 227 out of 325 for hessian
Estimating row 228 out of 325 for hessian
Estimating row 229 out of 325 for hessian
Estimating row 230 out of 325 for hessian
Estimating row 231 out of 325 for hessian
Estimating row 232 out of 325 for hessian
Estimating row 233 out of 325 for hessian
Estimating row 234 out of 325 for hessian
Estimating row 235 out of 325 for hessian
Estimating row 236 out of 325 for hessian
Estimating row 237 out of 325 for hessian
Estimating row 238 out of 325 for hessian
Estimating row 239 out of 325 for hessian
Estimating row 240 out of 325 for hessian
Estimating row 241 out of 325 for hessian
Estimating row 242 out of 325 for hessian
Estimating row 243 out of 325 for hessian
Estimating row 244 out of 325 for hessian
Estimating row 245 out of 325 for hessian
Estimating row 246 out of 325 for hessian
Estimating row 247 out of 325 for hessian
Estimating row 248 out of 325 for hessian
Estimating row 249 out of 325 for hessian
Estimating row 250 out of 325 for hessian
Estimating row 251 out of 325 for hessian
Estimating row 252 out of 325 for hessian
Estimating row 253 out of 325 for hessian
Estimating row 254 out of 325 for hessian
Estimating row 255 out of 325 for hessian
Estimating row 256 out of 325 for hessian
Estimating row 257 out of 325 for hessian
Estimating row 258 out of 325 for hessian
Estimating row 259 out of 325 for hessian
Estimating row 260 out of 325 for hessian
Estimating row 261 out of 325 for hessian
Estimating row 262 out of 325 for hessian
Estimating row 263 out of 325 for hessian
Estimating row 264 out of 325 for hessian
Estimating row 265 out of 325 for hessian
Estimating row 266 out of 325 for hessian
Estimating row 267 out of 325 for hessian
Estimating row 268 out of 325 for hessian
Estimating row 269 out of 325 for hessian
Estimating row 270 out of 325 for hessian
Estimating row 271 out of 325 for hessian
Estimating row 272 out of 325 for hessian
Estimating row 273 out of 325 for hessian
Estimating row 274 out of 325 for hessian
Estimating row 275 out of 325 for hessian
Estimating row 276 out of 325 for hessian
Estimating row 277 out of 325 for hessian
Estimating row 278 out of 325 for hessian
Estimating row 279 out of 325 for hessian
Estimating row 280 out of 325 for hessian
Estimating row 281 out of 325 for hessian
Estimating row 282 out of 325 for hessian
Estimating row 283 out of 325 for hessian
Estimating row 284 out of 325 for hessian
Estimating row 285 out of 325 for hessian
Estimating row 286 out of 325 for hessian
Estimating row 287 out of 325 for hessian
Estimating row 288 out of 325 for hessian
Estimating row 289 out of 325 for hessian
Estimating row 290 out of 325 for hessian
Estimating row 291 out of 325 for hessian
Estimating row 292 out of 325 for hessian
Estimating row 293 out of 325 for hessian
Estimating row 294 out of 325 for hessian
Estimating row 295 out of 325 for hessian
Estimating row 296 out of 325 for hessian
Estimating row 297 out of 325 for hessian
Estimating row 298 out of 325 for hessian
Estimating row 299 out of 325 for hessian
Estimating row 300 out of 325 for hessian
Estimating row 301 out of 325 for hessian
Estimating row 302 out of 325 for hessian
Estimating row 303 out of 325 for hessian
Estimating row 304 out of 325 for hessian
Estimating row 305 out of 325 for hessian
Estimating row 306 out of 325 for hessian
Estimating row 307 out of 325 for hessian
Estimating row 308 out of 325 for hessian
Estimating row 309 out of 325 for hessian
Estimating row 310 out of 325 for hessian
Estimating row 311 out of 325 for hessian
Estimating row 312 out of 325 for hessian
Estimating row 313 out of 325 for hessian
Estimating row 314 out of 325 for hessian
Estimating row 315 out of 325 for hessian
Estimating row 316 out of 325 for hessian
Estimating row 317 out of 325 for hessian
Estimating row 318 out of 325 for hessian
Estimating row 319 out of 325 for hessian
Estimating row 320 out of 325 for hessian
Estimating row 321 out of 325 for hessian
Estimating row 322 out of 325 for hessian
Estimating row 323 out of 325 for hessian
Estimating row 324 out of 325 for hessian
Estimating row 325 out of 325 for hessian
size of file gradfil1.tmp = 0
size of file gradfil2.tmp = 0
size of file varssave.tmp = 0
size of file cmpdiff.tmp = 0
