
Initial statistics: 25 variables; iteration 0; function evaluation 0; phase 1
Function value 1.9694703e+05; maximum gradient component mag 5.4275e+06
Var    Value     Gradient |Var    Value     Gradient |Var    Value     Gradient
  1  0.15626  5.42753e+06 |  2 -0.41094  7.37638e+02 |  3 -0.81158 -2.42039e+03
  4 -0.81158  3.04599e+05 |  5 -0.81158  3.02746e+04 |  6 -0.81158  1.58634e+05
  7 -0.81158  7.36344e+04 |  8 -0.81158  1.35959e+05 |  9 -0.81158  4.99494e+05
 10 -0.81158  2.69086e+05 | 11 -0.81158  2.66919e+04 | 12 -0.81158  1.24983e+05
 13 -0.81158  1.38009e+04 | 14 -0.81158  3.19126e+04 | 15 -0.81158  4.94346e+04
 16 -0.81158  1.05791e+05 | 17 -0.81158  2.41112e+05 | 18 -0.81158  1.56699e+05
 19 -0.81158  1.64731e+05 | 20 -0.81158  1.89749e+05 | 21 -0.81158  4.42949e+05
 22 -0.81158 -4.47959e-06 | 23 -0.81158 -4.47959e-06 | 24 -0.81158 -4.47959e-06
 25 -0.81158 -4.47959e-06 |

Intermediate statistics: 25 variables; iteration 20; function evaluation 71; phase 1
Function value 3.7214596e+04; maximum gradient component mag 6.8678e+05
Var    Value     Gradient |Var    Value     Gradient |Var    Value     Gradient
  1  0.02536  6.86782e+05 |  2 -0.26234  5.34862e+02 |  3 -0.06811 -4.61788e+03
  4  2.31066 -7.50304e+03 |  5 -3.02999  7.67513e+01 |  6  4.01957  1.02567e+03
  7 -0.41754 -5.28627e+02 |  8 -1.01333  4.85238e+01 |  9  2.52497 -3.35334e+03
 10 -5.10719  2.29336e+02 | 11 -1.78417 -4.49272e+02 | 12 -0.33379  1.43814e+03
 13 -1.81255 -1.09944e+03 | 14 -1.72456 -8.63313e+02 | 15 -2.03865 -1.47180e+03
 16 -4.38260  7.68016e+02 | 17 -1.70725 -1.11150e+03 | 18 -0.50284  5.28945e+02
 19  0.37082  9.82139e+02 | 20 -0.56159  1.15048e+02 | 21 -3.42363  3.95937e+02
 22 -3.94132  3.19056e+00 | 23 -2.96059 -1.17637e-01 | 24 -2.29051 -1.25244e+00
 25 -1.48693 -5.15229e-01 |
Maximum number of function evaluations exceeded

 - final statistics:
25 variables; iteration 38; function evaluation 100
Function value 1.9461e+04; maximum gradient component mag 3.8014e+05
Exit code = 3;  converg criter 1.0000e+01
Var    Value     Gradient |Var    Value     Gradient |Var    Value     Gradient
  1 -0.01791  3.80143e+05 |  2 -0.64486 -4.11535e+02 |  3 -0.92338 -3.42294e+02
  4  2.89511  3.48892e+02 |  5 -4.85233 -4.12224e+02 |  6  3.43740 -4.96433e+02
  7 -0.49482 -8.15412e+01 |  8 -0.51738  9.86698e+01 |  9  2.61224 -6.77552e+02
 10 -4.96924  1.17799e+01 | 11 -1.93266 -6.00941e+02 | 12 -0.89252  4.29540e+01
 13 -1.46420 -3.89419e+02 | 14 -1.24596 -1.18931e+02 | 15 -1.24154 -4.64494e+01
 16 -4.80319  2.27667e+01 | 17 -1.39802 -2.49886e+02 | 18 -0.85459  4.19092e+01
 19 -1.18235  1.48659e+02 | 20 -0.52958 -1.88332e+02 | 21 -2.63497 -4.28682e+02
 22 -26.01766 -6.57429e+01 | 23 -28.05606 -1.24165e+01 | 24 -27.96464  1.99825e+01
 25 22.38456 -4.39837e+00 |

Initial statistics: 33 variables; iteration 0; function evaluation 0; phase 2
Function value 1.9461454e+04; maximum gradient component mag 3.7161e+05
Var    Value     Gradient |Var    Value     Gradient |Var    Value     Gradient
  1 -0.01791  3.71612e+05 |  2  0.00000  1.33326e+02 |  3  0.00000  1.28083e+02
  4  0.00000  2.66640e+02 |  5  0.00000  3.71144e+02 |  6  0.00000  2.89008e+02
  7  0.00000  4.47316e+02 |  8  0.00000  8.94897e+02 |  9  0.00000  1.07804e+03
 10 -0.64486 -4.91810e+02 | 11 -0.92338 -2.15734e+02 | 12 -0.89511 -2.73145e+02
 13 -0.85233 -2.45111e+02 | 14 -0.56260 -3.78906e+02 | 15 -0.49482 -5.98048e+01
 16 -0.51738  1.63198e+02 | 17 -0.61224  7.54700e+02 | 18 -0.96924 -9.00872e+00
 19 -0.06734  5.68840e+02 | 20 -0.89252  5.67640e+01 | 21 -0.53580  4.25309e+02
 22 -0.75404  1.56796e+02 | 23 -0.75846  6.35243e+01 | 24 -0.80319  4.69731e+01
 25 -0.60198  2.47986e+02 | 26 -0.85459  5.49382e+01 | 27 -0.81765 -1.38383e+02
 28 -0.52958 -1.43371e+02 | 29  0.63497  2.91956e+02 | 30  0.01766  5.53434e-06
 31 -0.05606  3.45997e-06 | 32  0.03536  2.48969e-06 | 33 -0.38456 -5.23793e-08

Intermediate statistics: 33 variables; iteration 20; function evaluation 33; phase 2
Function value 1.8300471e+04; maximum gradient component mag -2.6218e+05
Var    Value     Gradient |Var    Value     Gradient |Var    Value     Gradient
  1 -0.02062 -2.62178e+05 |  2  0.13309  2.56952e+01 |  3  0.33665  1.32079e+02
  4 -0.02121 -7.32831e+00 |  5 -0.28025 -5.48556e+01 |  6  0.21225 -5.80928e+01
  7  0.12800 -2.92494e+02 |  8 -0.29288 -1.23007e+02 |  9  0.07195 -2.36749e+02
 10 -0.75240 -3.36265e+02 | 11 -0.96720  4.25046e+01 | 12 -0.83452  2.56106e+02
 13 -0.78232  4.52849e+02 | 14 -0.51955  8.08006e+02 | 15 -0.58063  7.72859e+02
 16 -0.64181  6.86056e+02 | 17 -0.78814  4.39261e+02 | 18 -0.96562  5.18207e+01
 19 -0.52649  6.11350e+02 | 20 -0.91049  1.36196e+02 | 21 -0.73067  4.83287e+02
 22 -0.78320  3.15582e+02 | 23 -0.74440  2.73760e+02 | 24 -0.79752  2.07982e+02
 25 -0.76632  2.49375e+02 | 26 -0.89639  9.47136e+01 | 27 -0.43948  1.88499e+02
 28 -0.43338  2.00469e+02 | 29 -1.36332 -2.51082e+01 | 30 -2.53034 -2.88743e-06
 31 -1.36261  2.13294e-06 | 32 -0.62420 -2.03865e-06 | 33 -0.72452 -2.95703e-06
33 variables; iteration 40; function evaluation 63; phase 2
Function value 1.8071455e+04; maximum gradient component mag 1.2022e+05
Var    Value     Gradient |Var    Value     Gradient |Var    Value     Gradient
  1 -0.02028  1.20223e+05 |  2  0.32746  3.76090e+02 |  3  0.17761  8.91409e+01
  4 -0.46461 -6.90707e+01 |  5 -0.54715 -6.76354e+01 |  6  0.13373  1.23629e+02
  7  0.08055  1.93620e+02 |  8  0.02303  2.61585e+02 |  9  0.01162  2.19789e+02
 10 -0.53124 -1.46786e+02 | 11 -0.68720 -2.01092e+02 | 12 -0.78414 -7.15128e+01
 13 -0.86662  2.91714e+01 | 14 -0.57189 -3.22327e+01 | 15 -0.66328  3.49734e+01
 16 -0.72343  5.20212e+01 | 17 -0.84240  5.65550e+01 | 18 -0.98341  1.52519e+00
 19 -0.54818  2.36000e+01 | 20 -0.93647  1.49786e+01 | 21 -0.85604  8.49852e+01
 22 -0.85764  5.35032e+01 | 23 -0.77338  3.56979e+01 | 24 -0.91058  1.70532e+01
 25 -0.90534  3.14260e+01 | 26 -0.99844  6.25989e-01 | 27 -0.50270 -3.09188e+00
 28 -0.66841 -1.52655e+01 | 29 -1.37860 -1.92781e+01 | 30  3.51484 -1.65331e-06
 31 -2.00162 -1.25095e-06 | 32 -0.64930 -2.22347e-06 | 33 -4.60876 -1.93545e-06
33 variables; iteration 60; function evaluation 87; phase 2
Function value 1.7943296e+04; maximum gradient component mag -1.0050e+05
Var    Value     Gradient |Var    Value     Gradient |Var    Value     Gradient
  1 -0.02077 -1.00497e+05 |  2  0.25144 -1.32231e+02 |  3 -0.21462 -5.75632e+01
  4  0.07259 -9.17031e+01 |  5 -0.02721 -4.17479e+01 |  6  0.11742 -2.11074e+02
  7  0.09287 -2.00873e+02 |  8 -0.00574 -1.14160e+02 |  9  0.02045 -1.63673e+02
 10 -0.63768  1.31181e+02 | 11 -0.61194  1.19637e+02 | 12 -0.96729  1.40939e+01
 13 -0.99107  8.76674e+00 | 14 -0.63411  1.10811e+02 | 15 -0.85336  5.31934e+01
 16 -0.90353  3.75101e+01 | 17 -0.96731  1.60747e+01 | 18 -0.98517  5.76404e+00
 19 -0.63657  5.85442e+01 | 20 -0.97830  8.91167e+00 | 21 -0.99453  4.03420e+00
 22 -0.99824  8.24289e-01 | 23 -0.96218  6.76678e+00 | 24 -0.96271  9.70050e+00
 25 -0.97330  1.06824e+01 | 26 -1.00536 -2.57590e+00 | 27 -0.49986  5.97045e+00
 28 -0.63097  7.97154e+00 | 29 -1.35838 -2.02822e+00 | 30 12.91190  1.32550e-05
 31 11.50713 -1.87734e-05 | 32 10.89591  1.47201e-05 | 33  1.76900 -8.95274e-05
Maximum number of function evaluations exceeded

 - final statistics:
33 variables; iteration 74; function evaluation 100
Function value 1.7937e+04; maximum gradient component mag 5.8607e+03
Exit code = 3;  converg criter 1.0000e+01
Var    Value     Gradient |Var    Value     Gradient |Var    Value     Gradient
  1 -0.02061  5.86067e+03 |  2  0.18627  1.43815e+00 |  3 -0.04034 -3.76129e+01
  4  0.12638  4.93741e+01 |  5 -0.03869  1.36946e+01 |  6  0.12353  1.02322e+01
  7  0.09110  2.35382e+01 |  8 -0.00295  2.27815e+01 |  9  0.01245  1.03415e+01
 10 -0.63071  1.84702e+00 | 11 -0.58180 -2.32007e+01 | 12 -0.82885  2.25209e+01
 13 -0.96693  2.14201e+01 | 14 -0.63436  1.50017e+01 | 15 -0.82370  2.32954e+01
 16 -0.88522  1.97667e+01 | 17 -0.97606  6.82998e+00 | 18 -1.00106 -2.23352e-01
 19 -0.63894  4.88882e+00 | 20 -0.97714  6.03318e+00 | 21 -0.97849  1.30127e+01
 22 -0.99562  1.55304e+00 | 23 -0.94799  4.31864e+00 | 24 -0.96988  5.35678e+00
 25 -0.98345  5.46000e+00 | 26 -0.98995  4.29959e+00 | 27 -0.49787  4.33885e-01
 28 -0.63484  8.08192e-02 | 29 -1.35118  2.24772e+00 | 30 12.63205  1.83161e-05
 31 12.09577  2.15375e-07 | 32 11.17024 -4.98568e-06 | 33  2.47910  1.27906e-06

Initial statistics: 97 variables; iteration 0; function evaluation 0; phase 3
Function value 1.7937047e+04; maximum gradient component mag -7.6764e+03
Var    Value     Gradient |Var    Value     Gradient |Var    Value     Gradient
  1 -0.02061  5.86067e+03 |  2  0.18627  1.43815e+00 |  3 -0.04034 -3.76129e+01
  4  0.12638  4.93741e+01 |  5 -0.03869  1.36946e+01 |  6  0.12353  1.02322e+01
  7  0.09110  2.35382e+01 |  8 -0.00295  2.27815e+01 |  9  0.01245  1.03415e+01
 10  0.00000  2.65305e+02 | 11  0.00000 -4.97585e+02 | 12  0.00000  5.88958e+02
 13  0.00000  7.78264e+02 | 14  0.00000  1.08759e+03 | 15  0.00000  9.79583e+02
 16  0.00000 -8.55597e+02 | 17  0.00000  5.38389e+02 | 18  0.00000  1.08944e+03
 19  0.00000  1.00614e+03 | 20  0.00000  9.22265e+02 | 21  0.00000  1.26535e+03
 22  0.00000  6.62236e+02 | 23  0.00000  1.34240e+03 | 24  0.00000  1.18871e+03
 25  0.00000  1.04128e+03 | 26  0.00000  1.05552e+03 | 27  0.00000  1.67889e+03
 28  0.00000  1.19407e+03 | 29  0.00000  1.08398e+03 | 30  0.00000  1.88850e+03
 31  0.00000  2.22847e+03 | 32  0.00000  1.45295e+03 | 33  0.00000  1.72106e+03
 34  0.00000  1.80904e+03 | 35  0.00000  2.01212e+03 | 36  0.00000  2.51781e+03
 37  0.00000  2.65803e+03 | 38  0.00000  2.58558e+03 | 39  0.00000  3.22549e+03
 40  0.00000  1.65148e+03 | 41  0.00000  2.61445e+03 | 42  0.00000  2.30829e+03
 43  0.00000  3.36767e+03 | 44  0.00000 -4.38137e+03 | 45  0.00000  1.52724e+03
 46  0.00000  1.10219e+03 | 47  0.00000  1.03149e+03 | 48  0.00000  2.37427e+03
 49  0.00000 -4.96194e+03 | 50  0.00000 -6.35552e+02 | 51  0.00000 -7.64947e+02
 52  0.00000 -1.10223e+03 | 53  0.00000  1.42013e+03 | 54  0.00000 -4.66211e+03
 55  0.00000 -2.98313e+03 | 56  0.00000  1.75362e+03 | 57  0.00000  1.28433e+03
 58  0.00000 -7.67636e+03 | 59  0.00000 -9.42255e+02 | 60  0.00000 -2.34432e+03
 61  0.00000 -2.24664e+02 | 62  0.00000 -3.92372e+03 | 63  0.00000 -6.30689e+03
 64  0.00000  1.10047e+03 | 65  0.00000 -1.01027e+03 | 66  0.00000 -4.09591e+03
 67  0.00000 -3.85823e+03 | 68  0.00000 -1.77112e+03 | 69  0.00000 -5.42467e+02
 70  0.00000 -6.77511e+02 | 71  0.00000 -7.58856e+03 | 72  0.00000  4.53922e+02
 73  0.00000 -5.02384e+01 | 74 -0.63071  1.84702e+00 | 75 -0.58180 -2.32007e+01
 76 -0.82885  2.25209e+01 | 77 -0.96693  2.14201e+01 | 78 -0.63436  1.50017e+01
 79 -0.82370  2.32954e+01 | 80 -0.88522  1.97667e+01 | 81 -0.97606  6.82998e+00
 82 -0.99894  2.23352e-01 | 83 -0.63894  4.88882e+00 | 84 -0.97714  6.03318e+00
 85 -0.97849  1.30127e+01 | 86 -0.99562  1.55304e+00 | 87 -0.94799  4.31864e+00
 88 -0.96988  5.35678e+00 | 89 -0.98345  5.46000e+00 | 90 -0.98995  4.29959e+00
 91 -0.49787  4.33885e-01 | 92 -0.63484  8.08192e-02 | 93 -0.64882 -2.24772e+00
 94  0.63205  1.83161e-05 | 95  0.09577  2.15375e-07 | 96 -0.82976 -4.98568e-06
 97 -0.47910 -1.27906e-06 |

Intermediate statistics: 97 variables; iteration 20; function evaluation 36; phase 3
Function value 1.5801963e+04; maximum gradient component mag -8.1881e+04
Var    Value     Gradient |Var    Value     Gradient |Var    Value     Gradient
  1 -0.02253 -8.18808e+04 |  2  0.23742 -2.33661e+01 |  3  0.02889 -3.56907e+01
  4  0.15693  1.70075e+01 |  5 -0.00379  8.46650e-01 |  6  0.14893 -9.42725e+01
  7  0.11592 -9.33806e+01 |  8  0.03088 -4.22538e+01 |  9  0.03806 -1.08652e+02
 10  0.01476  1.10625e+03 | 11  0.08595  3.58833e+02 | 12 -0.00763  1.34487e+03
 13 -0.01589  1.37604e+03 | 14 -0.03153  1.54227e+03 | 15 -0.03056  1.51868e+03
 16  0.09962 -1.53080e+02 | 17 -0.00091  1.12268e+03 | 18 -0.02644  1.39528e+03
 19 -0.02132  1.24664e+03 | 20 -0.01654  1.07373e+03 | 21 -0.03873  1.32855e+03
 22 -0.01079  7.77244e+02 | 23 -0.04725  1.33208e+03 | 24 -0.03615  1.13387e+03
 25 -0.02982  9.70979e+02 | 26 -0.02568  9.26672e+02 | 27 -0.04791  1.41655e+03
 28 -0.02541  9.26354e+02 | 29 -0.02258  6.84211e+02 | 30 -0.03577  1.34685e+03
 31 -0.04434  1.64738e+03 | 32 -0.01877  8.34891e+02 | 33 -0.01463  1.02868e+03
 34 -0.00627  9.72312e+02 | 35 -0.00685  1.02486e+03 | 36 -0.01146  1.43189e+03
 37 -0.00861  1.42302e+03 | 38  0.00516  1.26340e+03 | 39  0.01313  1.93537e+03
 40  0.03733  4.27820e+02 | 41  0.03183  1.06037e+03 | 42  0.03618  1.42526e+03
 43  0.04748  2.96142e+03 | 44  0.01184 -5.64111e+03 | 45  0.03941  9.55478e+02
 46  0.01738  4.52844e+02 | 47 -0.01027 -4.29067e+02 | 48 -0.03725  9.49324e+02
 49  0.05328 -4.53342e+03 | 50  0.00551 -1.02424e+03 | 51 -0.00584 -1.16638e+03
 52 -0.01763 -2.20964e+03 | 53 -0.02350  1.61098e+02 | 54  0.05175 -3.26424e+03
 55 -0.02033 -2.84581e+03 | 56 -0.00993  4.20311e+02 | 57 -0.02810  8.41208e+02
 58  0.07212 -4.60579e+03 | 59 -0.03284 -1.06588e+03 | 60  0.03852 -8.83990e+02
 61 -0.03237 -1.28120e+03 | 62 -0.00180 -3.66427e+03 | 63  0.05363 -3.07028e+03
 64 -0.03104  3.23787e+02 | 65 -0.01070 -1.39322e+03 | 66  0.01407 -2.25160e+03
 67  0.00249 -2.98609e+03 | 68 -0.00605 -7.19623e+02 | 69  0.01773  7.70353e+02
 70 -0.01544 -7.41147e+02 | 71  0.10253 -3.24007e+03 | 72  0.00152  1.28547e+03
 73  0.02047  8.59374e+02 | 74 -0.65981 -7.10450e+00 | 75 -0.42601  2.77130e+02
 76 -0.70214  1.65900e+02 | 77 -0.95578  3.79181e+01 | 78 -0.60481  1.97305e+02
 79 -0.73397  1.03306e+02 | 80 -0.78065  9.20462e+01 | 81 -0.94824  1.42454e+01
 82 -0.99794  4.73781e-01 | 83 -0.39526  2.99126e+02 | 84 -0.94704  2.21474e+01
 85 -0.95529  2.29153e+01 | 86 -0.99252  3.64873e+00 | 87 -0.90206  2.04483e+01
 88 -0.93984  1.47621e+01 | 89 -0.96698  1.14071e+01 | 90 -0.98156  4.15877e+00
 91 -0.52642  3.33025e+01 | 92 -0.49675  7.18709e+01 | 93 -0.66240 -6.40758e+00
 94  0.63204  2.34760e-04 | 95  0.09577  3.13440e-07 | 96 -0.82976 -4.98568e-06
 97 -0.47910 -1.27899e-06 |
97 variables; iteration 40; function evaluation 57; phase 3
Function value 1.5718423e+04; maximum gradient component mag 1.5313e+05
Var    Value     Gradient |Var    Value     Gradient |Var    Value     Gradient
  1 -0.02172  1.53126e+05 |  2  0.21831  4.26065e+02 |  3  0.13521  2.91173e+02
  4  0.14919  5.08603e+02 |  5  0.00452  2.13853e+02 |  6  0.16618  8.58480e+02
  7  0.11167  7.05071e+02 |  8  0.02534  4.76936e+02 |  9  0.03629  5.77533e+02
 10  0.00948 -7.05665e+02 | 11  0.10014 -4.26254e+02 | 12 -0.00522 -2.95127e+02
 13 -0.01106 -1.18111e+02 | 14 -0.02913  6.43582e+01 | 15 -0.04906 -6.80294e+01
 16  0.09591  7.56276e+02 | 17 -0.02736  7.50729e+01 | 18 -0.02856  6.24600e+02
 19 -0.02327  8.43967e+02 | 20 -0.00904  1.28689e+03 | 21 -0.03086  1.28452e+03
 22 -0.01012  1.31756e+03 | 23 -0.04301  1.28728e+03 | 24 -0.02876  1.60312e+03
 25 -0.02751  1.66258e+03 | 26 -0.02495  1.86681e+03 | 27 -0.04377  2.07505e+03
 28 -0.03338  2.02525e+03 | 29 -0.02938  2.24196e+03 | 30 -0.03785  2.83529e+03
 31 -0.04157  2.91960e+03 | 32 -0.02295  2.76121e+03 | 33 -0.01661  3.09215e+03
 34 -0.00852  3.52737e+03 | 35 -0.01438  3.44354e+03 | 36 -0.02183  3.50971e+03
 37 -0.01490  3.45472e+03 | 38  0.00314  3.61212e+03 | 39  0.00876  3.99240e+03
 40  0.03494  3.05335e+03 | 41  0.03340  3.60245e+03 | 42  0.03514  4.26691e+03
 43  0.05099  6.60857e+03 | 44  0.01437 -3.55367e+03 | 45  0.04236  3.95199e+03
 46  0.01027  2.77473e+03 | 47 -0.01159  5.73654e+02 | 48 -0.04096  8.32477e+02
 49  0.05851 -2.46689e+03 | 50  0.01402 -4.53733e+02 | 51 -0.00776 -1.17447e+03
 52 -0.02400 -2.64723e+03 | 53 -0.02866 -5.87705e+02 | 54  0.04689 -3.12354e+03
 55 -0.01512 -3.58235e+03 | 56 -0.00276 -6.36624e+02 | 57 -0.02880 -7.39745e+02
 58  0.07107 -5.59218e+03 | 59 -0.03700 -2.98488e+03 | 60  0.03862 -2.56105e+03
 61 -0.03083 -3.27035e+03 | 62  0.00515 -5.39539e+03 | 63  0.05648 -4.89379e+03
 64 -0.04244 -2.26216e+03 | 65 -0.00771 -3.72400e+03 | 66  0.01250 -4.79628e+03
 67  0.00036 -5.26619e+03 | 68 -0.00807 -3.14191e+03 | 69  0.00759 -2.19667e+03
 70 -0.01436 -3.18246e+03 | 71  0.10994 -5.48528e+03 | 72  0.02400 -9.98236e+02
 73  0.04993 -1.41298e+03 | 74 -0.65526 -5.98434e+02 | 75 -0.40603 -3.80685e+01
 76 -0.70850 -1.03574e+01 | 77 -0.95998  7.98269e+00 | 78 -0.60187  4.11875e+01
 79 -0.67407  2.61472e+01 | 80 -0.74451  4.05880e+01 | 81 -0.83616  3.12250e+01
 82 -0.98820 -5.47697e-01 | 83 -0.41523  2.00008e+02 | 84 -0.87018  2.78283e+01
 85 -0.92609  2.59435e+01 | 86 -0.98781  4.60257e+00 | 87 -0.62038  1.32472e+02
 88 -0.76850  7.80515e+01 | 89 -0.89258  3.36042e+01 | 90 -0.91169  1.79233e+01
 91 -0.54965  1.06223e+01 | 92 -0.46650  9.60870e+01 | 93 -0.67775 -8.57346e+00
 94  0.63203  2.85185e-04 | 95  0.09577  5.15303e-07 | 96 -0.82976 -4.98568e-06
 97 -0.47910 -1.27891e-06 |
97 variables; iteration 60; function evaluation 82; phase 3
Function value 1.5149168e+04; maximum gradient component mag 3.6243e+05
Var    Value     Gradient |Var    Value     Gradient |Var    Value     Gradient
  1 -0.01908  3.62434e+05 |  2  0.44879  7.49887e+02 |  3  0.29955  5.37195e+02
  4  0.21523  5.16208e+02 |  5 -0.10756  3.83095e+01 |  6  0.21083  1.13877e+03
  7  0.15965  1.34689e+03 |  8  0.06851  1.06633e+03 |  9  0.07870  1.33443e+03
 10  0.02399 -2.52789e+03 | 11  0.20370  1.38216e+03 | 12 -0.03568 -2.49044e+03
 13 -0.03822 -2.33162e+03 | 14 -0.05757 -2.12037e+03 | 15 -0.05789 -1.95131e+03
 16  0.11127  1.28874e+03 | 17  0.00159 -6.21290e+02 | 18  0.00614  4.75474e+02
 19 -0.01234  3.41548e+02 | 20 -0.00450  1.19942e+03 | 21 -0.02955  1.07917e+03
 22 -0.01237  1.83531e+03 | 23 -0.05549  1.03177e+03 | 24 -0.06195  1.09236e+03
 25 -0.05636  1.74240e+03 | 26 -0.04372  2.84410e+03 | 27 -0.07899  2.07678e+03
 28 -0.04815  3.62944e+03 | 29 -0.05694  3.63083e+03 | 30 -0.05483  4.78328e+03
 31 -0.06739  3.99944e+03 | 32 -0.03527  5.31181e+03 | 33 -0.02076  6.19079e+03
 34 -0.02159  6.24231e+03 | 35 -0.01656  6.58798e+03 | 36 -0.03526  5.26678e+03
 37 -0.00724  6.28948e+03 | 38  0.00605  5.80889e+03 | 39  0.00496  5.17795e+03
 40  0.04246  5.79444e+03 | 41  0.02310  4.68948e+03 | 42  0.01805  4.96074e+03
 43  0.05131  9.24510e+03 | 44  0.01684 -2.78723e+03 | 45  0.05125  5.63090e+03
 46  0.02356  4.99017e+03 | 47 -0.02159 -1.73431e+02 | 48 -0.06468 -9.16505e+02
 49  0.07612 -7.13217e+02 | 50  0.01982 -9.26861e+02 | 51  0.00578 -1.85306e+03
 52 -0.02811 -3.89400e+03 | 53 -0.01653 -1.58871e+03 | 54  0.05553 -3.10984e+03
 55  0.00081 -3.72115e+03 | 56 -0.00150 -2.70254e+03 | 57 -0.06402 -3.71147e+03
 58  0.07551 -4.93792e+03 | 59 -0.02815 -4.58771e+03 | 60  0.05198 -4.38949e+03
 61 -0.02396 -4.57242e+03 | 62  0.02014 -5.64749e+03 | 63  0.05954 -5.68359e+03
 64 -0.06831 -4.61400e+03 | 65  0.00280 -4.50812e+03 | 66  0.01950 -5.44636e+03
 67  0.02142 -6.10909e+03 | 68 -0.01288 -4.59604e+03 | 69  0.01963 -3.84787e+03
 70  0.00345 -4.87955e+03 | 71  0.17308 -4.88755e+03 | 72  0.02648 -3.43491e+03
 73  0.07125 -3.39555e+03 | 74 -0.31099 -1.09847e+03 | 75 -0.12525 -4.60801e+01
 76 -0.81787 -8.84917e+01 | 77 -0.87959 -3.88642e+01 | 78 -0.36319  1.46577e+02
 79 -0.75989 -3.59234e+01 | 80 -0.77559 -2.97068e+01 | 81 -0.92386 -3.02251e+01
 82 -0.86600 -2.27283e+01 | 83 -0.35780  9.67077e+01 | 84 -0.72200 -2.54458e+01
 85 -0.91763 -1.97342e+00 | 86 -0.98869  1.54470e-01 | 87 -0.80208 -1.89475e+01
 88 -0.77845 -6.87781e+00 | 89 -0.80936 -2.12792e-01 | 90 -0.69463  3.61067e+00
 91 -0.61395 -3.00720e+01 | 92 -0.56004 -4.39243e-01 | 93 -0.75777 -5.60910e+01
 94  0.63185  1.81018e-03 | 95  0.09577  1.88255e-06 | 96 -0.82976 -4.98564e-06
 97 -0.47910 -1.27849e-06 |
Maximum number of function evaluations exceeded

 - final statistics:
97 variables; iteration 78; function evaluation 100
Function value 1.5096e+04; maximum gradient component mag 1.1314e+05
Exit code = 3;  converg criter 1.0000e+00
Var    Value     Gradient |Var    Value     Gradient |Var    Value     Gradient
  1 -0.01866  1.13139e+05 |  2  0.37723  3.54403e+02 |  3  0.21428  1.79900e+02
  4  0.16850  2.15404e+02 |  5 -0.03493  5.00021e+01 |  6  0.20634  5.28228e+02
  7  0.14333  5.10591e+02 |  8  0.07450  5.09041e+02 |  9  0.08145  5.77357e+02
 10  0.01931 -4.87204e+02 | 11  0.20255  1.01776e+03 | 12 -0.03407 -3.52657e+02
 13 -0.03669 -3.16609e+02 | 14 -0.06154 -1.74497e+02 | 15 -0.05036 -3.14569e+01
 16  0.11121  3.80220e+02 | 17 -0.00909  1.93306e+02 | 18  0.00210  8.86118e+02
 19 -0.02184  6.17351e+02 | 20  0.00315  1.13672e+03 | 21 -0.03816  9.27557e+02
 22 -0.00832  1.10060e+03 | 23 -0.05612  9.96698e+02 | 24 -0.05349  1.00941e+03
 25 -0.06152  9.18547e+02 | 26 -0.03910  1.55378e+03 | 27 -0.06970  1.59888e+03
 28 -0.05686  1.51457e+03 | 29 -0.05574  1.60159e+03 | 30 -0.05913  2.32383e+03
 31 -0.06014  2.47420e+03 | 32 -0.02947  2.49364e+03 | 33 -0.01810  2.87941e+03
 34 -0.01706  2.94404e+03 | 35 -0.01844  2.96874e+03 | 36 -0.03433  2.76552e+03
 37 -0.01416  3.03898e+03 | 38  0.00628  3.05230e+03 | 39  0.00217  3.09666e+03
 40  0.03981  2.45683e+03 | 41  0.02055  2.28729e+03 | 42  0.02108  2.87265e+03
 43  0.05051  5.82430e+03 | 44  0.01752 -4.23786e+03 | 45  0.04602  3.11735e+03
 46  0.02046  2.76659e+03 | 47 -0.01731 -1.00761e+02 | 48 -0.06013  1.68629e+02
 49  0.08283 -1.54682e+03 | 50  0.01962 -4.86962e+02 | 51  0.00254 -1.17076e+03
 52 -0.03242 -2.81626e+03 | 53 -0.01543 -4.45634e+02 | 54  0.05375 -2.90733e+03
 55  0.00721 -2.53807e+03 | 56  0.00001 -1.15367e+03 | 57 -0.05674 -1.81926e+03
 58  0.07747 -4.17940e+03 | 59 -0.02918 -2.57810e+03 | 60  0.05129 -2.64424e+03
 61 -0.02893 -2.76521e+03 | 62  0.02496 -3.77893e+03 | 63  0.06078 -3.93278e+03
 64 -0.06197 -2.11135e+03 | 65 -0.00378 -2.57968e+03 | 66  0.02421 -3.10724e+03
 67  0.01483 -3.93852e+03 | 68 -0.01358 -2.14910e+03 | 69  0.01338 -1.61222e+03
 70  0.01851 -1.81667e+03 | 71  0.18462 -2.14866e+03 | 72  0.03360 -7.64699e+02
 73  0.08341 -5.71747e+02 | 74 -0.43488 -3.02824e+02 | 75 -0.15358  2.38071e+02
 76 -0.82001 -4.19185e+00 | 77 -0.88243  2.58122e+01 | 78 -0.31630  4.40362e+02
 79 -0.68819  9.12516e+01 | 80 -0.74485  5.38325e+01 | 81 -0.79541  6.66267e+01
 82 -0.87925  1.39236e+01 | 83 -0.38891  2.05553e+02 | 84 -0.63026  9.42336e+01
 85 -0.81899  4.09010e+01 | 86 -0.96820  7.69840e+00 | 87 -0.98627  1.27172e-01
 88 -0.72520  4.07798e+01 | 89 -0.71093  5.50555e+01 | 90 -0.66198  5.11732e+01
 91 -0.63633 -1.91576e+01 | 92 -0.53287  2.35260e+01 | 93 -0.75412 -5.16341e+01
 94  0.63174  1.71426e-03 | 95  0.09577  1.82957e-06 | 96 -0.82976 -4.98563e-06
 97 -0.47910 -1.27841e-06 |

Initial statistics: 115 variables; iteration 0; function evaluation 0; phase 4
Function value 1.5095307e+04; maximum gradient component mag 1.8433e+05
Var    Value     Gradient |Var    Value     Gradient |Var    Value     Gradient
  1 -0.01866  1.13139e+05 |  2  0.37723  3.54403e+02 |  3  0.21428  1.79900e+02
  4  0.16850  2.15404e+02 |  5 -0.03493  5.00021e+01 |  6  0.20634  5.28228e+02
  7  0.14333  5.10591e+02 |  8  0.07450  5.09041e+02 |  9  0.08145  5.77357e+02
 10  0.01796 -5.13270e+02 | 11  0.20113  9.93749e+02 | 12 -0.03543 -3.78622e+02
 13 -0.03805 -3.42569e+02 | 14 -0.06290 -2.00380e+02 | 15 -0.05172 -5.74115e+01
 16  0.10984  3.54705e+02 | 17 -0.01044  1.67257e+02 | 18  0.00075  8.60076e+02
 19 -0.02319  5.91276e+02 | 20  0.00180  1.11069e+03 | 21 -0.03951  9.01441e+02
 22 -0.00968  1.07453e+03 | 23 -0.05748  9.70568e+02 | 24 -0.05485  9.83278e+02
 25 -0.06287  8.92436e+02 | 26 -0.04045  1.52758e+03 | 27 -0.07106  1.57262e+03
 28 -0.05822  1.48834e+03 | 29 -0.05710  1.57535e+03 | 30 -0.06049  2.29744e+03
 31 -0.06149  2.44777e+03 | 32 -0.03082  2.46737e+03 | 33 -0.01945  2.85319e+03
 34 -0.01841  2.91783e+03 | 35 -0.01980  2.94252e+03 | 36 -0.03568  2.73919e+03
 37 -0.01551  3.01280e+03 | 38  0.00493  3.02631e+03 | 39  0.00081  3.07063e+03
 40  0.03845  2.43116e+03 | 41  0.01920  2.26141e+03 | 42  0.01973  2.84681e+03
 43  0.04916  5.79930e+03 | 44  0.01617 -4.26414e+03 | 45  0.04466  3.09184e+03
 46  0.01911  2.74074e+03 | 47 -0.01866 -1.26790e+02 | 48 -0.06149  1.42670e+02
 49  0.08146 -1.57308e+03 | 50  0.01826 -5.13028e+02 | 51  0.00119 -1.19681e+03
 52 -0.03377 -2.84196e+03 | 53 -0.01678 -4.71646e+02 | 54  0.05239 -2.93380e+03
 55  0.00586 -2.56417e+03 | 56 -0.00134 -1.17971e+03 | 57 -0.05810 -1.84484e+03
 58  0.07611 -4.20634e+03 | 59 -0.03053 -2.60386e+03 | 60  0.04994 -2.67065e+03
 61 -0.03028 -2.79095e+03 | 62  0.02361 -3.80527e+03 | 63  0.05942 -3.95950e+03
 64 -0.06333 -2.13682e+03 | 65 -0.00513 -2.60569e+03 | 66  0.02285 -3.13351e+03
 67  0.01348 -3.96474e+03 | 68 -0.01493 -2.17504e+03 | 69  0.01203 -1.63833e+03
 70  0.01716 -1.84281e+03 | 71  0.18321 -2.17505e+03 | 72  0.03224 -7.90796e+02
 73  0.08204 -5.97737e+02 | 74 -0.43488 -3.02824e+02 | 75 -0.15358  2.38071e+02
 76 -0.82001 -4.19185e+00 | 77 -0.88243  2.58122e+01 | 78 -0.31630  4.40362e+02
 79 -0.68819  9.12516e+01 | 80 -0.74485  5.38325e+01 | 81 -0.79541  6.66267e+01
 82 -0.87925  1.39236e+01 | 83 -0.38891  2.05553e+02 | 84 -0.63026  9.42336e+01
 85 -0.81899  4.09010e+01 | 86 -0.96820  7.69840e+00 | 87 -0.98627  1.27172e-01
 88 -0.72520  4.07798e+01 | 89 -0.71093  5.50555e+01 | 90 -0.66198  5.11732e+01
 91 -0.63633 -1.91576e+01 | 92 -0.53287  2.35260e+01 | 93 -0.75412 -5.16341e+01
 94  0.63174  1.71426e-03 | 95  0.09577  1.82957e-06 | 96 -0.82976 -4.98563e-06
 97 -0.47910 -1.27841e-06 | 98  0.24186 -2.02876e+04 | 99  0.18288 -3.72564e+04
100  0.16086 -2.11707e+04 |101  0.02547 -8.19001e+04 |102 -0.18256 -1.56379e+04
103 -0.12819 -6.18939e+03 |104 -0.18256 -4.56163e+03 |105  0.02547  1.84326e+05
106  0.19397  8.53726e+04 |107  0.04247  9.90869e+04 |108  0.17736  4.02314e+04
109  0.16635  1.89383e+04 |110  0.02547 -2.03340e+04 |111 -0.12819 -7.00256e+03
112 -0.26198 -3.11364e+03 |113 -0.15617 -2.22210e+03 |114 -0.17499 -2.91865e+03
115 -0.18446 -3.53243e+03 |

Intermediate statistics: 115 variables; iteration 20; function evaluation 31; phase 4
Function value 7.0504589e+03; maximum gradient component mag 1.1658e+05
Var    Value     Gradient |Var    Value     Gradient |Var    Value     Gradient
  1 -0.02131  2.83664e+03 |  2  0.32453  2.98215e+01 |  3  0.19490 -8.72142e+00
  4  0.14570  3.47388e+00 |  5 -0.03225 -1.77571e+01 |  6  0.21552 -1.27974e+02
  7  0.11289 -4.30337e+01 |  8  0.05432  2.33039e+01 |  9  0.08910  2.86054e+01
 10  0.07114  1.09994e+02 | 11  0.25862  2.18433e+02 | 12 -0.03251  1.65038e+02
 13 -0.02109  1.45663e+02 | 14 -0.08002  1.93573e+02 | 15 -0.08081  2.14990e+02
 16  0.26004  1.56826e+02 | 17  0.02059  1.49122e+02 | 18 -0.02556  2.28364e+02
 19  0.00446  1.73390e+02 | 20  0.05167  1.83111e+02 | 21 -0.02761  2.03337e+02
 22  0.09431  2.08501e+02 | 23 -0.04182  1.89011e+02 | 24  0.01630  1.84371e+02
 25  0.03582  1.79305e+02 | 26  0.04494  1.90887e+02 | 27 -0.07315  2.03887e+02
 28  0.03683  2.25349e+02 | 29  0.05965  2.65258e+02 | 30 -0.06471  2.42884e+02
 31 -0.14021  2.71002e+02 | 32  0.02972  2.48661e+02 | 33  0.00560  2.69229e+02
 34  0.01044  2.63626e+02 | 35 -0.00120  2.89606e+02 | 36 -0.03635  4.60009e+02
 37 -0.04674  4.33419e+02 | 38  0.01207  4.80252e+02 | 39 -0.07039  4.65890e+02
 40  0.08413  7.02017e+02 | 41 -0.01141  7.24288e+02 | 42  0.01770  6.43430e+02
 43 -0.08012  4.26743e+02 | 44  0.13603  1.48593e+03 | 45 -0.06083  3.22239e+02
 46 -0.06662  4.83536e+00 | 47 -0.04411 -1.16062e+01 | 48 -0.09180  4.85550e+02
 49  0.08715 -3.87954e+01 | 50 -0.01153 -9.14805e+00 | 51 -0.02071  6.46632e+01
 52  0.00405  9.92638e+01 | 53 -0.06085 -4.29120e+02 | 54  0.06411  4.39706e+02
 55 -0.01454 -1.04730e+02 | 56 -0.05970 -4.32614e+02 | 57 -0.07116 -1.84924e+02
 58  0.07433 -1.23285e+02 | 59 -0.05724 -5.26046e+02 | 60  0.00812 -1.04436e+03
 61 -0.02067 -5.78550e+02 | 62  0.03958 -7.56911e+02 | 63  0.06435 -1.22117e+03
 64 -0.07542 -4.37921e+02 | 65 -0.01683 -6.34566e+02 | 66  0.01492 -1.04147e+03
 67 -0.00737 -1.31715e+03 | 68 -0.05508 -7.02147e+02 | 69 -0.00883 -6.81527e+02
 70 -0.01064 -6.67344e+02 | 71  0.14169 -4.41775e+02 | 72 -0.05922 -3.55561e+02
 73 -0.07925 -7.86472e+02 | 74 -0.46070  3.07448e+01 | 75 -0.23904  9.03293e+01
 76 -0.80537 -6.39366e+01 | 77 -0.87453 -1.67344e+01 | 78 -0.40900  1.30120e+02
 79 -0.68824  2.07003e+01 | 80 -0.74911 -1.47871e+01 | 81 -0.77345  5.26872e+00
 82 -0.85395 -2.80961e+01 | 83 -0.43250  1.42014e+02 | 84 -0.63671  5.90237e+01
 85 -0.81036  1.97324e+01 | 86 -0.96318  4.46213e-01 | 87 -0.98471 -6.79374e-01
 88 -0.72684  5.15647e+01 | 89 -0.70046  3.45100e+01 | 90 -0.65223  2.93819e+01
 91 -0.64661  3.24689e+01 | 92 -0.59770  3.33812e+01 | 93 -0.76354 -4.50377e+01
 94  0.63174  3.58558e-04 | 95  0.09577  2.26361e-07 | 96 -0.82976 -4.98562e-06
 97 -0.47910 -1.27905e-06 | 98  0.25637 -8.23308e+03 | 99  0.22816 -1.19714e+04
100  0.10855 -1.71736e+04 |101  0.06150 -1.92017e+04 |102 -0.16589 -4.62404e+03
103 -0.18281 -2.82378e+03 |104 -0.18815 -1.66986e+03 |105  0.01414  1.16582e+05
106  0.18679  4.86135e+04 |107  0.02322  4.43963e+04 |108  0.14324  1.06333e+04
109  0.07902  3.20783e+03 |110  0.04169 -8.55064e+03 |111 -0.05959 -2.22581e+03
112 -0.31864 -7.33520e+02 |113 -0.27041 -1.76084e+02 |114 -0.02997 -3.29932e+01
115 -0.37054  2.91788e+02 |
115 variables; iteration 40; function evaluation 53; phase 4
Function value 6.8385296e+03; maximum gradient component mag 1.1589e+05
Var    Value     Gradient |Var    Value     Gradient |Var    Value     Gradient
  1 -0.02105  6.92954e+02 |  2  0.01439 -1.42199e+01 |  3  0.29274 -2.46595e+01
  4  0.00555 -1.16363e+01 |  5 -0.00598 -1.37326e+01 |  6  0.20911 -1.00022e+02
  7  0.09295 -6.22009e+01 |  8  0.04210  1.76790e+00 |  9  0.08070  2.50612e+01
 10  0.09812  2.02884e+02 | 11  0.24941  1.87677e+02 | 12 -0.01124  2.12010e+02
 13 -0.00396  2.05278e+02 | 14 -0.07000  2.29241e+02 | 15 -0.07399  2.40768e+02
 16  0.26055  2.05774e+02 | 17  0.03493  1.98242e+02 | 18 -0.02699  2.38564e+02
 19  0.01813  2.35575e+02 | 20  0.05449  2.12844e+02 | 21 -0.02073  2.35750e+02
 22  0.09212  2.05533e+02 | 23 -0.03228  2.31756e+02 | 24  0.02056  2.20031e+02
 25  0.03451  1.85383e+02 | 26  0.04218  1.90224e+02 | 27 -0.07695  2.07513e+02
 28  0.03328  2.17605e+02 | 29  0.05459  2.41611e+02 | 30 -0.07222  2.26248e+02
 31 -0.16845  2.15829e+02 | 32  0.02845  2.37730e+02 | 33  0.00493  2.62477e+02
 34  0.01308  2.69026e+02 | 35  0.00243  2.95419e+02 | 36 -0.02787  4.91132e+02
 37 -0.03881  4.50844e+02 | 38  0.01897  4.91255e+02 | 39 -0.05457  5.31745e+02
 40  0.08842  6.99549e+02 | 41 -0.02289  5.36805e+02 | 42  0.01762  5.79509e+02
 43 -0.09394  1.93976e+02 | 44  0.14059  1.60689e+03 | 45 -0.05416  4.38798e+02
 46 -0.06018  1.27778e+02 | 47 -0.03623  1.96114e+02 | 48 -0.08871  5.35387e+02
 49  0.08499 -1.71296e+02 | 50 -0.01379 -4.30753e+01 | 51 -0.02346  1.49298e+02
 52  0.00491  3.56123e+02 | 53 -0.07645 -5.91129e+02 | 54  0.06290  2.77027e+02
 55 -0.01486 -5.06104e+02 | 56 -0.07634 -4.93995e+02 | 57 -0.08145 -1.97361e+02
 58  0.07288 -4.10095e+02 | 59 -0.06950 -6.16111e+02 | 60 -0.00453 -1.15814e+03
 61 -0.02782 -6.49336e+02 | 62  0.03505 -7.47720e+02 | 63  0.06187 -1.46178e+03
 64 -0.08688 -5.69488e+02 | 65 -0.02013 -3.41686e+02 | 66  0.01086 -8.37836e+02
 67 -0.01933 -1.71708e+03 | 68 -0.05745 -5.92997e+02 | 69 -0.00069  3.85034e+01
 70 -0.01775 -7.46618e+02 | 71  0.13598 -5.81992e+02 | 72 -0.06175 -2.89722e+02
 73 -0.06601 -6.26816e+02 | 74 -0.54727 -2.30016e+01 | 75 -1.06556  3.96067e+01
 76 -0.80276 -8.64901e+00 | 77 -0.60019  2.28847e+02 | 78 -0.78465  2.84615e+01
 79 -0.75321  6.79270e+01 | 80 -0.83291 -4.84836e+00 | 81 -0.86072  2.91720e-01
 82 -0.85658 -1.07391e+01 | 83 -0.78630  6.28220e+00 | 84 -0.82227  1.13234e+01
 85 -0.82788  7.03977e+01 | 86 -0.87816  2.01047e+01 | 87 -0.94193 -8.73206e+00
 88 -0.84961  1.00760e+01 | 89 -0.85543  5.17781e+00 | 90 -0.82385 -1.79296e+01
 91 -0.80881 -3.51493e+01 | 92 -1.05947  5.34175e+01 | 93 -0.85836 -7.66412e+01
 94  0.63147  1.50725e-01 | 95  0.09577  3.11147e-07 | 96 -0.82976 -4.98835e-06
 97 -0.47910 -1.21373e-06 | 98  0.26047 -7.51813e+03 | 99  0.22511 -1.10557e+04
100  0.11404 -1.56012e+04 |101  0.06235 -1.85455e+04 |102 -0.17011 -4.71042e+03
103 -0.18325 -2.52451e+03 |104 -0.19904 -1.54237e+03 |105  0.01358  1.15888e+05
106  0.18679  4.91951e+04 |107  0.02146  4.57323e+04 |108  0.13993  1.12444e+04
109  0.08555  3.91306e+03 |110  0.04593 -8.25705e+03 |111 -0.06755 -2.60893e+03
112 -0.33445 -8.11295e+02 |113 -0.20024  1.12967e+02 |114 -0.17925  2.41115e+02
115 -0.36680  1.01035e+01 |
115 variables; iteration 60; function evaluation 74; phase 4
Function value 6.6687032e+03; maximum gradient component mag 1.1148e+05
Var    Value     Gradient |Var    Value     Gradient |Var    Value     Gradient
  1 -0.01942 -6.07977e+03 |  2 -0.51895 -6.79583e+01 |  3  0.30902 -3.97446e+01
  4 -0.24940 -5.00056e+01 |  5  0.09175 -1.79413e+01 |  6  0.12536 -1.49833e+02
  7  0.16455  7.79951e+01 |  8  0.06289  7.84299e+01 |  9  0.10199  8.99619e+01
 10  0.07599  2.31286e+02 | 11  0.25371  3.20948e+02 | 12 -0.00302  3.16022e+02
 13 -0.00787  2.79861e+02 | 14 -0.05022  3.58576e+02 | 15 -0.04653  3.86421e+02
 16  0.25077  1.95199e+02 | 17  0.01770  2.48611e+02 | 18 -0.02457  3.38323e+02
 19  0.00020  2.62302e+02 | 20  0.05276  2.95621e+02 | 21 -0.03303  2.90757e+02
 22  0.09996  3.58854e+02 | 23 -0.05672  2.42208e+02 | 24  0.00471  2.20170e+02
 25  0.05741  3.99931e+02 | 26  0.04701  2.90527e+02 | 27 -0.08901  2.47679e+02
 28  0.03703  2.96450e+02 | 29  0.07386  4.36429e+02 | 30 -0.07391  2.86554e+02
 31 -0.11978  4.04797e+02 | 32  0.03495  3.23438e+02 | 33  0.00267  3.00471e+02
 34  0.00075  2.52864e+02 | 35  0.00501  3.68156e+02 | 36 -0.04950  4.27067e+02
 37 -0.04598  4.61924e+02 | 38  0.01740  5.18340e+02 | 39 -0.06359  5.43376e+02
 40  0.08452  6.03657e+02 | 41 -0.03116  4.79805e+02 | 42  0.01506  5.53056e+02
 43 -0.08217  4.41371e+02 | 44  0.13938  1.36061e+03 | 45 -0.05486  4.51434e+02
 46 -0.06586  4.23241e+01 | 47 -0.03615  1.91344e+02 | 48 -0.08521  6.11770e+02
 49  0.08349 -4.41201e+02 | 50 -0.01755 -1.63665e+02 | 51 -0.02778  7.67430e+00
 52 -0.00147 -1.15670e+02 | 53 -0.07097 -5.22285e+02 | 54  0.06108 -4.47971e+00
 55 -0.02441 -9.57112e+02 | 56 -0.07371 -5.12988e+02 | 57 -0.07016  1.09690e+02
 58  0.06940 -7.26099e+02 | 59 -0.06161 -4.65969e+02 | 60 -0.00639 -1.36873e+03
 61 -0.02655 -6.96635e+02 | 62  0.04427 -4.24367e+02 | 63  0.06262 -1.60682e+03
 64 -0.07559 -3.78742e+02 | 65 -0.01596 -4.67300e+02 | 66  0.00552 -1.41491e+03
 67 -0.01323 -1.39868e+03 | 68 -0.06530 -8.88722e+02 | 69 -0.00043 -4.85819e+01
 70 -0.00389 -3.17089e+02 | 71  0.13236 -9.79651e+02 | 72 -0.06581 -2.64538e+02
 73 -0.07098 -5.62494e+02 | 74 -0.55897 -1.76056e+01 | 75 -1.32336  9.64475e+00
 76 -0.79413  3.22612e+00 | 77 -0.55514  2.29573e+02 | 78 -0.63069  2.19217e+02
 79 -0.73654  5.92025e+01 | 80 -0.84255 -2.28468e+01 | 81 -0.86806 -3.13983e+01
 82 -1.06080  2.24573e+01 | 83 -0.68795  5.84586e+01 | 84 -0.79398  2.94618e+01
 85 -0.83420  5.73384e+01 | 86 -0.80129  5.32827e+01 | 87 -0.73730  1.22771e+02
 88 -0.74452  1.21075e+02 | 89 -0.73197  1.55104e+02 | 90 -1.06416  1.27398e+01
 91 -0.74473  2.98647e+01 | 92 -1.28313 -9.67570e+00 | 93 -0.83056 -4.81102e+01
 94  0.62938  9.06539e-03 | 95  0.09577  2.70057e-06 | 96 -0.82976 -4.98563e-06
 97 -0.47910 -1.27779e-06 | 98  0.26289 -6.53600e+03 | 99  0.22725 -8.99295e+03
100  0.11795 -1.36164e+04 |101  0.06244 -1.81606e+04 |102 -0.16810 -4.47122e+03
103 -0.18385 -2.42723e+03 |104 -0.19744 -1.57191e+03 |105  0.01274  1.11483e+05
106  0.18685  4.79631e+04 |107  0.02074  4.49797e+04 |108  0.14198  1.13313e+04
109  0.08990  4.10939e+03 |110  0.04571 -7.60219e+03 |111 -0.05003 -2.09041e+03
112 -0.35384 -2.13988e+03 |113 -0.13956 -8.40463e+02 |114 -0.23632  3.27334e+02
115 -0.35914  1.17892e+01 |
115 variables; iteration 80; function evaluation 97; phase 4
Function value 4.6735226e+03; maximum gradient component mag 1.9924e+04
Var    Value     Gradient |Var    Value     Gradient |Var    Value     Gradient
  1 -0.02640  1.01503e+03 |  2 -1.07070  1.49459e+01 |  3  0.19301 -3.06466e+01
  4  0.10718  7.16162e+01 |  5  0.00874  6.28320e+01 |  6  0.21224  3.27948e+02
  7  0.03812 -1.98906e+01 |  8  0.00531 -7.72581e+00 |  9  0.03864 -3.61811e+00
 10  0.00808  2.44381e+02 | 11  0.16155 -5.10540e+01 | 12 -0.06893  3.66013e+02
 13 -0.05247  3.72829e+02 | 14 -0.10516  4.47492e+02 | 15 -0.10224  4.70908e+02
 16  0.22844  4.89890e+02 | 17 -0.00934  3.64087e+02 | 18 -0.06844  4.07113e+02
 19  0.00002  5.28271e+02 | 20  0.05906  7.20049e+02 | 21 -0.04669  4.82738e+02
 22  0.08288  6.07089e+02 | 23 -0.02968  5.51725e+02 | 24 -0.01256  3.22567e+02
 25  0.01968  3.77066e+02 | 26  0.13964  1.39750e+03 | 27 -0.04007  5.57468e+02
 28  0.02072  2.88443e+02 | 29  0.05392  3.98819e+02 | 30  0.00702  7.79988e+02
 31 -0.07827  6.36286e+02 | 32  0.06868  6.39944e+02 | 33  0.04484  6.16920e+02
 34  0.02058  4.04885e+02 | 35  0.06301  7.70995e+02 | 36  0.03478  9.33878e+02
 37  0.07341  1.28871e+03 | 38  0.06977  8.90980e+02 | 39 -0.00567  8.54852e+02
 40  0.13757  1.01556e+03 | 41  0.01898  8.07443e+02 | 42  0.06507  1.16864e+03
 43 -0.07423  5.46345e+02 | 44  0.15893  9.61509e+02 | 45 -0.03792  6.99022e+02
 46 -0.07092  4.16174e+01 | 47 -0.01786  4.86234e+02 | 48 -0.08541  4.16905e+02
 49  0.11266  4.34225e+02 | 50 -0.00002  6.61298e+01 | 51 -0.02645 -8.98872e+01
 52  0.00322 -2.82769e+02 | 53 -0.04914 -3.29619e+01 | 54  0.06672 -6.65523e+02
 55  0.00420 -2.59905e+02 | 56 -0.07729 -5.37987e+02 | 57 -0.07172 -3.52598e+02
 58  0.08477 -1.53968e+03 | 59 -0.05275 -3.72638e+02 | 60  0.02937 -4.44967e+02
 61  0.00950 -6.53333e+01 | 62  0.06373 -9.11238e+02 | 63  0.08606 -1.33468e+03
 64 -0.06028 -2.75387e+02 | 65 -0.00418 -4.58337e+02 | 66  0.03994 -2.77191e+02
 67 -0.00161 -1.03334e+03 | 68 -0.04377 -1.23203e+02 | 69  0.01029  2.15206e+02
 70  0.00876 -2.19363e+00 | 71  0.15231 -4.67900e+02 | 72 -0.01810  6.85488e+02
 73 -0.10784 -3.20943e+02 | 74 -0.52462  1.65081e+01 | 75 -1.04046  1.75189e+01
 76 -0.75892  2.75384e+02 | 77 -0.86586  5.24341e+00 | 78 -0.61129  5.60379e+02
 79 -0.69050  3.56266e+02 | 80 -0.81358  1.57588e+02 | 81 -0.86981  4.87561e+01
 82 -0.92909 -3.07995e+01 | 83 -0.58342  4.77726e+02 | 84 -0.78969  1.76688e+02
 85 -0.90441  5.50120e+01 | 86 -0.87842  5.17523e+01 | 87 -0.99887  5.53308e-02
 88 -0.79686  1.26859e+02 | 89 -0.96037 -1.30142e+01 | 90 -0.92910 -3.00413e+01
 91 -0.75365  1.18706e+02 | 92 -0.96703 -2.64707e+01 | 93 -0.89608 -1.04951e+02
 94  0.58808  2.81731e-01 | 95  0.09576  2.65081e-06 | 96 -0.82976 -4.98946e-06
 97 -0.47910 -1.17754e-06 | 98  0.28218 -3.77923e+03 | 99  0.23099 -3.49311e+03
100  0.14757 -5.53757e+03 |101  0.06927 -1.09569e+04 |102 -0.16609 -1.71666e+03
103 -0.19357 -5.70023e+02 |104 -0.19139 -2.81109e+02 |105 -0.00406  1.26423e+04
106  0.17389  1.32339e+04 |107  0.00578  1.99241e+04 |108  0.16009  7.89025e+03
109  0.09853  3.45669e+03 |110  0.06379 -4.23535e+03 |111 -0.06765 -2.12614e+03
112 -0.32979 -2.68133e+03 |113 -0.18623  1.47246e+03 |114 -0.19811  7.68558e+02
115 -0.30405  1.95708e+02 |
Maximum number of function evaluations exceeded

 - final statistics:
115 variables; iteration 82; function evaluation 100
Function value 4.6581e+03; maximum gradient component mag 1.9733e+04
Exit code = 3;  converg criter 1.0000e+00
Var    Value     Gradient |Var    Value     Gradient |Var    Value     Gradient
  1 -0.02633  1.69637e+03 |  2 -1.01041  2.21851e+00 |  3  0.20290 -1.46678e+01
  4  0.06791  4.60939e+01 |  5 -0.00004  5.64815e+01 |  6  0.21427  3.59848e+02
  7  0.04505 -8.62365e+00 |  8 -0.01255 -4.94091e+01 |  9  0.02510 -5.13449e+01
 10  0.02376  2.61297e+02 | 11  0.16334 -3.71650e+01 | 12 -0.06408  3.61788e+02
 13 -0.04878  3.68829e+02 | 14 -0.10976  4.24689e+02 | 15 -0.10918  4.43760e+02
 16  0.22961  4.90319e+02 | 17 -0.00615  3.54875e+02 | 18 -0.08775  3.53725e+02
 19  0.01415  5.80549e+02 | 20  0.06470  7.37738e+02 | 21 -0.05795  4.28936e+02
 22  0.08936  6.42455e+02 | 23 -0.02967  5.36059e+02 | 24 -0.01668  2.91816e+02
 25  0.01971  3.67855e+02 | 26  0.13458  1.33636e+03 | 27 -0.04799  5.21401e+02
 28  0.01707  2.58616e+02 | 29  0.04705  3.32565e+02 | 30  0.00586  7.57410e+02
 31 -0.05956  6.92971e+02 | 32  0.07103  6.47130e+02 | 33  0.05793  6.80060e+02
 34  0.00755  3.22957e+02 | 35  0.08893  1.02307e+03 | 36  0.02744  8.79638e+02
 37  0.04798  1.03829e+03 | 38  0.06562  8.57212e+02 | 39 -0.01263  8.12736e+02
 40  0.13808  1.03779e+03 | 41  0.02114  8.31287e+02 | 42  0.06488  1.15103e+03
 43 -0.07473  5.33945e+02 | 44  0.15922  9.97297e+02 | 45 -0.03705  7.13846e+02
 46 -0.07107  3.51939e+01 | 47 -0.01756  5.01940e+02 | 48 -0.08426  4.34949e+02
 49  0.11300  4.78438e+02 | 50 -0.00045  6.03761e+01 | 51 -0.02487 -4.77265e+01
 52  0.00386 -2.46656e+02 | 53 -0.05135 -8.61938e+01 | 54  0.06621 -6.57036e+02
 55  0.00285 -2.68640e+02 | 56 -0.07809 -5.50108e+02 | 57 -0.07330 -3.66962e+02
 58  0.08418 -1.49929e+03 | 59 -0.05408 -3.67954e+02 | 60  0.02743 -4.28886e+02
 61  0.00895 -6.60851e+01 | 62  0.06362 -8.90535e+02 | 63  0.08541 -1.32499e+03
 64 -0.06157 -3.02650e+02 | 65 -0.00398 -4.62937e+02 | 66  0.04050 -2.75177e+02
 67 -0.00168 -1.04688e+03 | 68 -0.04326 -9.78088e+01 | 69  0.01075  2.26583e+02
 70  0.00866 -2.05795e+01 | 71  0.15276 -4.68342e+02 | 72 -0.01727  6.78941e+02
 73 -0.10170 -2.84116e+02 | 74 -0.55236 -1.55767e+01 | 75 -1.05953  2.58719e+01
 76 -0.77482  1.94417e+02 | 77 -0.86977 -3.20334e-01 | 78 -0.62419  5.07549e+02
 79 -0.70956  2.96889e+02 | 80 -0.80532  1.77422e+02 | 81 -0.87632  2.98489e+01
 82 -0.93284 -3.26629e+01 | 83 -0.57738  5.03047e+02 | 84 -0.77667  2.14821e+02
 85 -0.91731  4.58522e+01 | 86 -0.88967  4.43861e+01 | 87 -0.98808  5.85768e-01
 88 -0.77826  1.73914e+02 | 89 -0.96258 -1.21107e+01 | 90 -0.93122 -2.99981e+01
 91 -0.73858  1.69483e+02 | 92 -0.95552 -3.44578e+01 | 93 -0.88682 -9.48159e+01
 94  0.58746  2.83847e-01 | 95  0.09576  2.98738e-06 | 96 -0.82976 -4.98946e-06
 97 -0.47910 -1.17928e-06 | 98  0.28252 -3.78648e+03 | 99  0.23066 -3.57917e+03
100  0.14753 -5.64064e+03 |101  0.06950 -1.08116e+04 |102 -0.16640 -1.70487e+03
103 -0.19317 -5.18601e+02 |104 -0.19134 -2.57676e+02 |105 -0.00428  1.14135e+04
106  0.17392  1.29096e+04 |107  0.00579  1.97328e+04 |108  0.16006  7.84721e+03
109  0.09924  3.46684e+03 |110  0.06414 -4.23267e+03 |111 -0.06898 -2.16663e+03
112 -0.33024 -2.69247e+03 |113 -0.18554  1.40331e+03 |114 -0.19899  7.48320e+02
115 -0.30419  1.85194e+02 |

Initial statistics: 321 variables; iteration 0; function evaluation 0; phase 5
Function value 4.5688788e+03; maximum gradient component mag -2.4148e+04
Var    Value     Gradient |Var    Value     Gradient |Var    Value     Gradient
  1 -0.02633  1.69637e+03 |  2 -0.98959 -2.21851e+00 |  3  0.20290 -1.46678e+01
  4  0.06791  4.60939e+01 |  5 -0.00004  5.64815e+01 |  6  0.21427  3.59848e+02
  7  0.04505 -8.62365e+00 |  8 -0.01255 -4.94091e+01 |  9  0.02510 -5.13449e+01
 10  0.01173  2.96739e+01 | 11  0.15094 -2.62664e+02 | 12 -0.07617  1.30885e+02
 13 -0.06085  1.37483e+02 | 14 -0.12199  1.95632e+02 | 15 -0.12140  2.14603e+02
 16  0.21680  2.75450e+02 | 17 -0.01817  1.23040e+02 | 18 -0.09991  1.23772e+02
 19  0.00213  3.48889e+02 | 20  0.05262  5.08023e+02 | 21 -0.07003  1.97716e+02
 22  0.07724  4.13971e+02 | 23 -0.04172  3.04186e+02 | 24 -0.02871  6.00542e+01
 25  0.00768  1.36220e+02 | 26  0.12230  1.11410e+03 | 27 -0.06005  2.89791e+02
 28  0.00505  2.69073e+01 | 29  0.03500  1.01521e+02 | 30 -0.00616  5.25617e+02
 31 -0.07165  4.61277e+02 | 32  0.05894  4.17582e+02 | 33  0.04586  4.49914e+02
 34 -0.00447  9.11766e+01 | 35  0.07680  7.95504e+02 | 36  0.01541  6.48465e+02
 37  0.03593  8.08152e+02 | 38  0.05355  6.27759e+02 | 39 -0.02466  5.80659e+02
 40  0.12580  8.14716e+02 | 41  0.00912  5.99884e+02 | 42  0.05280  9.22053e+02
 43 -0.08685  3.03003e+02 | 44  0.14684  7.76401e+02 | 45 -0.04910  4.81820e+02
 46 -0.08319 -1.94712e+02 | 47 -0.02959  2.70038e+02 | 48 -0.09640  2.04617e+02
 49  0.10081  2.51093e+02 | 50 -0.01247 -1.71392e+02 | 51 -0.03691 -2.79094e+02
 52 -0.00817 -4.78422e+02 | 53 -0.06342 -3.16697e+02 | 54  0.05414 -8.89182e+02
 55 -0.00917 -5.00392e+02 | 56 -0.09022 -7.78193e+02 | 57 -0.08542 -5.95804e+02
 58  0.07206 -1.73313e+03 | 59 -0.06616 -5.97844e+02 | 60  0.01540 -6.60891e+02
 61 -0.00307 -2.97889e+02 | 62  0.05155 -1.12311e+03 | 63  0.07329 -1.55842e+03
 64 -0.07366 -5.32288e+02 | 65 -0.01601 -6.94527e+02 | 66  0.02846 -5.07028e+02
 67 -0.01370 -1.27839e+03 | 68 -0.05533 -3.28591e+02 | 69 -0.00128 -5.18568e+00
 70 -0.00337 -2.52379e+02 | 71  0.14041 -6.96663e+02 | 72 -0.02930  4.46916e+02
 73 -0.11390 -5.11287e+02 | 74 -0.55236 -1.55767e+01 | 75 -0.94047 -2.58719e+01
 76 -0.77482  1.94417e+02 | 77 -0.86977 -3.20334e-01 | 78 -0.62419  5.07549e+02
 79 -0.70956  2.96889e+02 | 80 -0.80532  1.77422e+02 | 81 -0.87632  2.98489e+01
 82 -0.93284 -3.26629e+01 | 83 -0.57738  5.03047e+02 | 84 -0.77667  2.14821e+02
 85 -0.91731  4.58522e+01 | 86 -0.88967  4.43861e+01 | 87 -0.98808  5.85768e-01
 88 -0.77826  1.73914e+02 | 89 -0.96258 -1.21107e+01 | 90 -0.93122 -2.99981e+01
 91 -0.73858  1.69483e+02 | 92 -0.95552 -3.44578e+01 | 93 -0.88682 -9.48159e+01
 94  0.58746  2.83847e-01 | 95  0.09576  2.98738e-06 | 96 -0.82976 -4.98946e-06
 97 -0.47910 -1.17928e-06 | 98  0.28252 -3.78648e+03 | 99  0.23066 -3.57917e+03
100  0.14753 -5.64064e+03 |101  0.06950 -1.08116e+04 |102 -0.16640 -1.70487e+03
103 -0.19317 -5.18601e+02 |104 -0.19134 -2.57676e+02 |105 -0.00428  1.14135e+04
106  0.17392  1.29096e+04 |107  0.00579  1.97328e+04 |108  0.16006  7.84721e+03
109  0.09924  3.46684e+03 |110  0.06414 -4.23267e+03 |111 -0.06898 -2.16663e+03
112 -0.33024 -2.69247e+03 |113 -0.18554  1.40331e+03 |114 -0.19899  7.48320e+02
115 -0.30419  1.85194e+02 |116  1.00000  4.33172e-08 |117  1.00000  4.33172e-08
118  0.00000 -1.74691e+04 |119  0.00000 -1.73579e+04 |120  0.00000 -1.71902e+04
121  0.00000 -1.66767e+04 |122  0.00000 -1.66009e+04 |123  0.00000 -1.65272e+04
124  0.00000 -1.64641e+04 |125  0.00000 -1.63781e+04 |126  0.00000 -1.48907e+04
127  0.00000 -1.47347e+04 |128  0.00000 -1.46862e+04 |129  0.00000 -1.44937e+04
130  0.00000 -1.41867e+04 |131  0.00000 -1.40712e+04 |132  0.00000 -1.37606e+04
133  0.00000 -1.36073e+04 |134  0.00000 -1.34401e+04 |135  0.00000 -1.32054e+04
136  0.00000 -1.25017e+04 |137  0.00000 -1.23902e+04 |138  0.00000 -1.23115e+04
139  0.00000 -1.21657e+04 |140  0.00000 -1.19419e+04 |141  0.00000 -1.18174e+04
142  0.00000 -1.14754e+04 |143  0.00000 -1.11311e+04 |144  0.00000 -1.11223e+04
145  0.00000 -1.07200e+04 |146  0.00000 -1.04579e+04 |147  0.00000 -1.01873e+04
148  0.00000 -9.86100e+03 |149  0.00000 -9.68556e+03 |150  0.00000 -9.05187e+03
151  0.00000 -8.82443e+03 |152  0.00000 -8.59439e+03 |153  0.00000 -8.49410e+03
154  0.00000 -7.69663e+03 |155  0.00000 -7.52770e+03 |156  0.00000 -7.42517e+03
157  0.00000 -7.43091e+03 |158  0.00000 -7.24862e+03 |159  0.00000 -6.46306e+03
160  0.00000 -6.11917e+03 |161  0.00000 -5.89407e+03 |162  0.00000 -5.63969e+03
163  0.00000 -5.45821e+03 |164  0.00000 -4.91398e+03 |165  0.00000 -4.63702e+03
166  0.00000 -4.46298e+03 |167  0.00000 -4.36879e+03 |168  0.00000 -4.18728e+03
169  0.00000 -3.96341e+03 |170  0.00000 -4.11445e+03 |171  0.00000 -4.12112e+03
172  0.00000 -3.59674e+03 |173  0.00000 -3.01870e+03 |174  0.00000 -2.92525e+03
175  0.00000 -2.75396e+03 |176  0.00000 -2.33820e+03 |177  0.00000 -2.00939e+03
178  0.00000 -1.88174e+03 |179  0.00000 -1.52419e+03 |180  0.00000 -1.17558e+03
181  0.00000 -1.61939e+02 |182  0.00000  3.16036e-01 |183  0.00000 -3.61255e-05
184  0.00000  2.88842e-09 |185  0.00000  7.13610e-09 |186  0.00000 -1.59486e+04
187  0.00000 -1.57333e+04 |188  0.00000 -1.49835e+04 |189  0.00000 -1.42023e+04
190  0.00000 -1.30550e+04 |191  0.00000 -1.27532e+04 |192  0.00000 -1.23043e+04
193  0.00000 -1.19167e+04 |194  0.00000 -1.00088e+04 |195  0.00000 -1.00918e+04
196  0.00000 -1.00756e+04 |197  0.00000 -9.75459e+03 |198  0.00000 -9.54663e+03
199  0.00000 -9.69630e+03 |200  0.00000 -9.41737e+03 |201  0.00000 -1.02057e+04
202  0.00000 -1.00897e+04 |203  0.00000 -1.03522e+04 |204  0.00000 -1.02158e+04
205  0.00000 -9.96227e+03 |206  0.00000 -9.76498e+03 |207  0.00000 -1.09999e+04
208  0.00000 -1.16763e+04 |209  0.00000 -1.13866e+04 |210  0.00000 -1.06112e+04
211  0.00000 -1.23064e+04 |212  0.00000 -1.29740e+04 |213  0.00000 -1.38943e+04
214  0.00000 -1.38866e+04 |215  0.00000 -1.38375e+04 |216  0.00000 -1.32945e+04
217  0.00000 -1.45253e+04 |218  0.00000 -1.42488e+04 |219  0.00000 -1.48745e+04
220  0.00000 -1.43924e+04 |221  0.00000 -1.35004e+04 |222  0.00000 -1.27017e+04
223  0.00000 -1.18023e+04 |224  0.00000 -1.14841e+04 |225  0.00000 -1.15345e+04
226  0.00000 -1.14595e+04 |227  0.00000 -1.05510e+04 |228  0.00000 -1.09084e+04
229  0.00000 -1.05360e+04 |230  0.00000 -1.01179e+04 |231  0.00000 -1.00932e+04
232  0.00000 -9.66152e+03 |233  0.00000 -9.68588e+03 |234  0.00000 -9.67122e+03
235  0.00000 -9.32209e+03 |236  0.00000 -9.20795e+03 |237  0.00000 -1.00601e+04
238  0.00000 -1.00582e+04 |239  0.00000 -1.03972e+04 |240  0.00000 -9.99946e+03
241  0.00000 -8.36353e+03 |242  0.00000 -6.64303e+03 |243  0.00000 -6.36003e+03
244  0.00000 -5.38744e+03 |245  0.00000 -4.53593e+03 |246  0.00000 -3.46983e+03
247  0.00000 -2.91374e+03 |248  0.00000 -2.20368e+03 |249  0.00000 -8.71701e+02
250  0.00000 -1.28340e+00 |251  0.00000 -7.43615e-05 |252  0.00000 -1.22072e-07
253  0.00000 -1.37966e-07 |254  0.00000 -2.41482e+04 |255  0.00000 -2.38212e+04
256  0.00000 -2.28154e+04 |257  0.00000 -2.18975e+04 |258  0.00000 -2.05208e+04
259  0.00000 -1.93606e+04 |260  0.00000 -1.83305e+04 |261  0.00000 -1.71875e+04
262  0.00000 -1.47632e+04 |263  0.00000 -1.43866e+04 |264  0.00000 -1.46943e+04
265  0.00000 -1.40822e+04 |266  0.00000 -1.39247e+04 |267  0.00000 -1.38508e+04
268  0.00000 -1.35227e+04 |269  0.00000 -1.42047e+04 |270  0.00000 -1.44910e+04
271  0.00000 -1.45431e+04 |272  0.00000 -1.50647e+04 |273  0.00000 -1.53707e+04
274  0.00000 -1.46795e+04 |275  0.00000 -1.57705e+04 |276  0.00000 -1.69800e+04
277  0.00000 -1.76078e+04 |278  0.00000 -1.65974e+04 |279  0.00000 -1.74995e+04
280  0.00000 -1.88689e+04 |281  0.00000 -1.98574e+04 |282  0.00000 -2.05759e+04
283  0.00000 -2.07323e+04 |284  0.00000 -2.01221e+04 |285  0.00000 -2.11653e+04
286  0.00000 -2.20554e+04 |287  0.00000 -2.27283e+04 |288  0.00000 -2.28784e+04
289  0.00000 -2.16020e+04 |290  0.00000 -2.07923e+04 |291  0.00000 -2.00557e+04
292  0.00000 -1.91795e+04 |293  0.00000 -1.86361e+04 |294  0.00000 -1.84395e+04
295  0.00000 -1.78255e+04 |296  0.00000 -1.81742e+04 |297  0.00000 -1.82614e+04
298  0.00000 -1.76465e+04 |299  0.00000 -1.71399e+04 |300  0.00000 -1.68564e+04
301  0.00000 -1.67460e+04 |302  0.00000 -1.66892e+04 |303  0.00000 -1.60679e+04
304  0.00000 -1.58643e+04 |305  0.00000 -1.62846e+04 |306  0.00000 -1.60941e+04
307  0.00000 -1.58916e+04 |308  0.00000 -1.52046e+04 |309  0.00000 -1.41562e+04
310  0.00000 -1.23493e+04 |311  0.00000 -1.02845e+04 |312  0.00000 -9.05418e+03
313  0.00000 -7.56338e+03 |314  0.00000 -5.76650e+03 |315  0.00000 -4.17604e+03
316  0.00000 -2.90958e+03 |317  0.00000 -1.31935e+03 |318  0.00000 -3.73599e+00
319  0.00000 -1.26566e-05 |320  0.00000 -6.74308e-09 |321  0.00000 -2.39995e-08

Intermediate statistics: 321 variables; iteration 20; function evaluation 24; phase 5
Function value 3.7577621e+03; maximum gradient component mag -2.2355e+04
Var    Value     Gradient |Var    Value     Gradient |Var    Value     Gradient
  1 -0.03106 -9.70832e+03 |  2 -0.98949 -2.23866e+00 |  3  0.20074  2.86686e+01
  4  0.06428  6.98564e+01 |  5 -0.00393  7.40048e+01 |  6  0.18932  4.09966e+02
  7  0.04197  3.58481e+01 |  8 -0.01179 -3.52886e+01 |  9  0.02629 -4.73964e+01
 10  0.01104  1.08143e+02 | 11  0.16174 -1.26798e+02 | 12 -0.07970  1.85925e+02
 13 -0.06266  1.58423e+02 | 14 -0.12646  2.06153e+02 | 15 -0.12708  2.43899e+02
 16  0.21729  3.86621e+02 | 17 -0.02067  2.10585e+02 | 18 -0.10308  2.17343e+02
 19 -0.00818  4.67645e+02 | 20  0.03790  6.45963e+02 | 21 -0.07583  3.32127e+02
 22  0.06468  6.55974e+02 | 23 -0.05236  4.25126e+02 | 24 -0.03075  2.86931e+02
 25  0.00518  3.63363e+02 | 26  0.09453  8.58483e+02 | 27 -0.06901  3.45620e+02
 28  0.00524  2.27009e+02 | 29  0.03622  2.14697e+02 | 30 -0.01976  3.68835e+02
 31 -0.08571  3.55391e+02 | 32  0.05045  2.48154e+02 | 33  0.03324  2.72854e+02
 34 -0.00386  5.08672e+01 | 35  0.05820  3.10718e+02 | 36  0.00039  2.84191e+02
 37  0.01696  2.57739e+02 | 38  0.04053  1.25371e+02 | 39 -0.03817  2.41652e+02
 40  0.13332 -4.53971e+02 | 41  0.00303 -5.13845e+01 | 42  0.04228 -1.31816e+02
 43 -0.09061 -1.29751e+01 | 44  0.16340 -3.84396e+02 | 45 -0.05668 -3.70273e+01
 46 -0.06935 -3.28922e+02 | 47 -0.03185 -1.58132e+02 | 48 -0.09890 -1.86998e+01
 49  0.11282 -2.78618e+02 | 50  0.00046 -3.22054e+02 | 51 -0.02225 -3.57630e+02
 52  0.00404 -2.87489e+02 | 53 -0.05224 -1.95613e+02 | 54  0.07414 -4.10943e+02
 55 -0.00042 -3.97668e+02 | 56 -0.06757 -2.91676e+02 | 57 -0.07368 -2.60650e+02
 58  0.08575 -9.16060e+02 | 59 -0.05396 -2.48775e+02 | 60  0.02456 -1.51065e+02
 61 -0.00230 -2.53372e+02 | 62  0.06243 -5.61398e+02 | 63  0.08453 -6.55134e+02
 64 -0.06475 -1.80636e+02 | 65 -0.00802 -2.98151e+02 | 66  0.02657 -5.65444e+02
 67 -0.00155 -4.01658e+02 | 68 -0.05658 -1.59592e+02 | 69 -0.00272 -1.43487e+02
 70  0.00250 -4.33462e+01 | 71  0.14873  3.05175e+01 | 72 -0.04663  2.44172e+02
 73 -0.09359 -2.83937e+02 | 74 -0.55056 -2.94246e+01 | 75 -0.93934 -2.10470e+01
 76 -0.77795  1.18250e+02 | 77 -0.86836 -8.01806e+00 | 78 -0.63732  2.71036e+02
 79 -0.71517  1.59690e+02 | 80 -0.80786  1.20700e+02 | 81 -0.87509 -2.74830e+00
 82 -0.93055 -4.75849e+01 | 83 -0.59115  3.36056e+02 | 84 -0.78098  1.51464e+02
 85 -0.91724  2.29723e+01 | 86 -0.88946  1.27054e+01 | 87 -0.98791 -6.79078e-01
 88 -0.78182  1.32538e+02 | 89 -0.96134 -1.53453e+01 | 90 -0.92900 -3.02965e+01
 91 -0.74405  1.20697e+02 | 92 -0.95386 -3.10864e+01 | 93 -0.88247 -9.14622e+01
 94  0.58746  8.91038e-02 | 95  0.09576  1.43938e-06 | 96 -0.82976 -4.98883e-06
 97 -0.47910 -1.14311e-06 | 98  0.28327 -3.27099e+03 | 99  0.23114 -3.49823e+03
100  0.14803 -3.45981e+03 |101  0.08362 -2.25340e+03 |102 -0.16286  6.96198e+02
103 -0.19050  1.37956e+03 |104 -0.16598  1.01745e+03 |105  0.00071  7.21773e+03
106  0.16285 -7.83425e+01 |107 -0.01338  2.91710e+03 |108  0.16072  1.62060e+03
109  0.08782  9.22658e+02 |110  0.10768 -7.70309e+02 |111 -0.05358 -9.00753e+02
112 -0.33310 -2.24250e+03 |113 -0.22834  7.44205e+00 |114 -0.21578  3.91092e+01
115 -0.30572 -2.41316e+01 |116  0.99997  1.11154e-02 |117  0.99997  1.12880e-02
118  0.00380 -1.50982e+04 |119  0.00164 -1.50345e+04 |120  0.00045 -1.49875e+04
121 -0.00243 -1.47729e+04 |122 -0.00270 -1.47390e+04 |123 -0.00273 -1.47012e+04
124 -0.00203 -1.46710e+04 |125 -0.00105 -1.46185e+04 |126  0.00404 -1.35917e+04
127  0.00207 -1.34158e+04 |128  0.00109 -1.33732e+04 |129  0.00024 -1.32445e+04
130  0.00018 -1.29323e+04 |131  0.00013 -1.28028e+04 |132  0.00147 -1.25462e+04
133  0.00042 -1.24003e+04 |134  0.00002 -1.22981e+04 |135  0.00067 -1.21550e+04
136 -0.00355 -1.17569e+04 |137 -0.00237 -1.16983e+04 |138  0.00215 -1.17072e+04
139  0.00087 -1.15053e+04 |140 -0.00236 -1.13733e+04 |141 -0.00242 -1.13415e+04
142  0.00273 -1.13758e+04 |143 -0.00115 -1.10166e+04 |144  0.00336 -1.09722e+04
145 -0.00368 -1.05922e+04 |146 -0.00307 -1.03805e+04 |147 -0.00103 -1.00385e+04
148  0.00457 -9.73075e+03 |149  0.00286 -9.44147e+03 |150 -0.00366 -8.75931e+03
151 -0.00420 -8.52809e+03 |152 -0.00077 -8.25577e+03 |153  0.00120 -8.18269e+03
154  0.00013 -7.27642e+03 |155 -0.00155 -7.06974e+03 |156 -0.00257 -6.90929e+03
157  0.00338 -6.60881e+03 |158  0.00123 -6.28244e+03 |159  0.00180 -4.88058e+03
160 -0.00123 -4.29194e+03 |161 -0.00140 -3.88834e+03 |162  0.00327 -3.22743e+03
163  0.00374 -2.90413e+03 |164  0.00095 -2.26878e+03 |165  0.00081 -2.02587e+03
166 -0.00166 -1.88613e+03 |167  0.00037 -1.85292e+03 |168  0.00443 -1.72947e+03
169 -0.00160 -1.60091e+03 |170  0.00436 -1.82246e+03 |171  0.00397 -1.93545e+03
172 -0.00040 -1.80771e+03 |173 -0.00125 -1.64813e+03 |174 -0.00147 -1.62731e+03
175 -0.00220 -1.56013e+03 |176  0.00055 -1.32949e+03 |177  0.00062 -1.18575e+03
178  0.00010 -1.13890e+03 |179 -0.00084 -9.13680e+02 |180 -0.00034 -6.87764e+02
181 -0.00053 -8.57827e+01 |182  0.00001  1.08527e-01 |183 -0.00000 -6.77677e-06
184 -0.00000  2.43575e-08 |185 -0.00000  2.39373e-08 |186  0.00233 -1.55918e+04
187  0.00445 -1.55235e+04 |188 -0.00206 -1.53555e+04 |189 -0.00027 -1.51617e+04
190  0.00066 -1.48605e+04 |191 -0.00278 -1.47205e+04 |192 -0.00127 -1.45903e+04
193 -0.00185 -1.44161e+04 |194 -0.00501 -1.32120e+04 |195  0.00642 -1.28781e+04
196  0.00239 -1.28617e+04 |197 -0.00280 -1.26639e+04 |198 -0.00186 -1.22076e+04
199  0.00174 -1.19661e+04 |200 -0.00229 -1.16570e+04 |201  0.00489 -1.18163e+04
202 -0.00232 -1.18115e+04 |203  0.00384 -1.21541e+04 |204  0.00355 -1.22880e+04
205 -0.00321 -1.29394e+04 |206 -0.00845 -1.30556e+04 |207  0.01042 -1.39358e+04
208  0.01136 -1.50022e+04 |209 -0.00440 -1.53855e+04 |210 -0.02297 -1.54994e+04
211  0.00885 -1.69594e+04 |212 -0.00334 -1.75910e+04 |213  0.00843 -1.82309e+04
214 -0.00535 -1.86973e+04 |215 -0.00163 -1.86307e+04 |216 -0.00908 -1.85759e+04
217  0.00968 -1.88307e+04 |218  0.00057 -1.84161e+04 |219  0.00231 -1.90082e+04
220 -0.00080 -1.86177e+04 |221 -0.00198 -1.85507e+04 |222 -0.00024 -1.77418e+04
223 -0.00079 -1.73840e+04 |224 -0.00742 -1.71023e+04 |225  0.00290 -1.67822e+04
226  0.00371 -1.61331e+04 |227 -0.00412 -1.45074e+04 |228  0.00326 -1.33580e+04
229 -0.00375 -1.23876e+04 |230 -0.00162 -1.11479e+04 |231  0.00475 -1.01807e+04
232  0.00034 -9.35678e+03 |233  0.00182 -8.85896e+03 |234  0.00330 -8.68521e+03
235 -0.00196 -8.55161e+03 |236 -0.00209 -8.38173e+03 |237  0.00649 -8.77868e+03
238 -0.00382 -9.07791e+03 |239  0.00108 -9.74702e+03 |240  0.00465 -9.78911e+03
241  0.00174 -9.05769e+03 |242 -0.00534 -8.45956e+03 |243 -0.00440 -8.34295e+03
244  0.00141 -7.23233e+03 |245  0.00250 -6.21678e+03 |246 -0.00382 -5.41503e+03
247 -0.00202 -4.68631e+03 |248  0.00257 -3.00888e+03 |249 -0.00454 -1.70025e+03
250  0.00000 -6.45119e-01 |251 -0.00000 -2.98839e-05 |252 -0.00000 -1.37530e-07
253  0.00000 -1.82172e-07 |254  0.00231 -1.48139e+04 |255  0.00479 -1.45839e+04
256 -0.00251 -1.44074e+04 |257  0.00177 -1.41737e+04 |258  0.00078 -1.38061e+04
259  0.00426 -1.33964e+04 |260  0.00029 -1.30477e+04 |261  0.00251 -1.27308e+04
262 -0.00993 -1.14196e+04 |263 -0.01164 -1.08021e+04 |264  0.00650 -1.06410e+04
265 -0.00414 -1.00755e+04 |266  0.00114 -9.50743e+03 |267  0.00264 -8.95556e+03
268 -0.00189 -8.55193e+03 |269  0.00215 -8.54081e+03 |270  0.00323 -8.71296e+03
271 -0.00504 -8.89896e+03 |272  0.00394 -9.11937e+03 |273  0.01175 -9.74699e+03
274 -0.00904 -1.04567e+04 |275 -0.00321 -1.13118e+04 |276  0.00323 -1.24899e+04
277  0.01637 -1.34570e+04 |278 -0.00839 -1.41887e+04 |279 -0.00798 -1.53523e+04
280  0.00052 -1.67459e+04 |281 -0.00135 -1.76844e+04 |282  0.00481 -1.85975e+04
283  0.00782 -1.91111e+04 |284 -0.00675 -1.95918e+04 |285 -0.00481 -2.03637e+04
286  0.00414 -2.11141e+04 |287  0.00257 -2.19225e+04 |288  0.00587 -2.23550e+04
289 -0.00649 -2.23354e+04 |290 -0.00109 -2.20726e+04 |291  0.00261 -2.19504e+04
292 -0.00120 -2.21159e+04 |293 -0.00454 -2.16764e+04 |294 -0.00190 -2.11972e+04
295 -0.00369 -2.02036e+04 |296  0.00227 -1.93507e+04 |297  0.00426 -1.91090e+04
298  0.00104 -1.81468e+04 |299 -0.00305 -1.73461e+04 |300 -0.00082 -1.70073e+04
301 -0.00331 -1.65907e+04 |302  0.00253 -1.62379e+04 |303 -0.00249 -1.58921e+04
304 -0.00057 -1.56069e+04 |305  0.00331 -1.56657e+04 |306  0.00193 -1.57473e+04
307 -0.00259 -1.61176e+04 |308 -0.00383 -1.58584e+04 |309  0.00653 -1.50382e+04
310  0.00111 -1.40480e+04 |311 -0.00558 -1.28015e+04 |312 -0.00134 -1.14003e+04
313  0.00095 -9.59999e+03 |314 -0.00320 -7.67743e+03 |315 -0.00170 -5.63602e+03
316  0.00272 -3.39894e+03 |317  0.00145 -1.70699e+03 |318  0.00031 -3.01401e+00
319  0.00000 -1.27763e-05 |320  0.00000 -1.21098e-07 |321  0.00000 -1.61799e-07
321 variables; iteration 40; function evaluation 44; phase 5
Function value 3.5290867e+03; maximum gradient component mag -2.6707e+04
Var    Value     Gradient |Var    Value     Gradient |Var    Value     Gradient
  1 -0.03475  1.61893e+04 |  2 -0.98811 -2.53112e+00 |  3  0.17759  6.02646e+01
  4  0.02407  5.41992e+01 |  5 -0.03838  1.89425e+01 |  6  0.03959 -7.57406e+01
  7  0.02709  2.82381e+01 |  8  0.00435  3.59354e+01 |  9  0.05287  9.09555e+01
 10  0.02064 -2.91536e+01 | 11  0.22269  4.07703e+02 | 12 -0.09831 -6.98231e+01
 13 -0.05187 -4.88123e+01 | 14 -0.14201 -7.64884e+01 | 15 -0.15487 -6.68453e+01
 16  0.23611  9.08377e+02 | 17 -0.01460  1.31668e+01 | 18 -0.11231 -5.42502e+01
 19 -0.04548  7.20097e+01 | 20 -0.00795  2.06492e+02 | 21 -0.10099  5.65718e+00
 22  0.03358  3.61748e+02 | 23 -0.10159  5.34127e+01 | 24 -0.04135  9.49405e+01
 25 -0.00191  2.11981e+02 | 26  0.03569  4.43636e+02 | 27 -0.10932  2.28598e+00
 28  0.01137  2.39314e+02 | 29  0.06792  5.59573e+02 | 30 -0.05928  1.24619e+02
 31 -0.14957 -2.03945e+00 | 32  0.05670  4.12028e+02 | 33  0.04892  3.01000e+02
 34  0.05642  3.33998e+02 | 35  0.04111  3.26760e+02 | 36 -0.04504  1.22062e+02
 37 -0.02610  1.13545e+02 | 38  0.04187  1.27726e+02 | 39 -0.07695 -4.50821e+01
 40  0.20050  5.31282e+02 | 41  0.03692  1.03153e+02 | 42  0.08295  2.24818e+02
 43 -0.07211 -7.02923e+01 | 44  0.17855  8.24455e+02 | 45 -0.04542 -2.26872e+01
 46 -0.04823 -1.23190e+02 | 47 -0.01927  6.70604e+01 | 48 -0.08663 -2.18243e+01
 49  0.11765  5.03669e+02 | 50  0.01194  8.65925e+01 | 51 -0.00973  3.77984e+01
 52  0.01159 -6.03036e+01 | 53 -0.04115 -7.13711e+01 | 54  0.07737 -2.38400e+01
 55  0.00410 -2.45329e+02 | 56 -0.05614 -5.02141e+01 | 57 -0.06723 -2.56324e+02
 58  0.08664 -8.02609e+02 | 59 -0.05098 -1.92513e+02 | 60  0.01816 -1.60057e+02
 61  0.00099 -3.58082e+02 | 62  0.06150 -7.45272e+02 | 63  0.08558 -8.52520e+02
 64 -0.06039 -2.79729e+02 | 65 -0.00511 -4.64471e+02 | 66  0.03239 -7.07554e+02
 67  0.00390 -6.38644e+02 | 68 -0.05086 -4.39071e+02 | 69  0.00708 -2.95227e+02
 70  0.01131 -2.40007e+02 | 71  0.15819 -6.45123e+01 | 72 -0.04252 -6.43922e+01
 73 -0.04564 -1.66048e+02 | 74 -0.54195 -3.88170e+01 | 75 -0.91057 -6.77381e+01
 76 -0.78377  3.59799e+01 | 77 -0.82133 -7.85560e+01 | 78 -0.70236  5.21354e+01
 79 -0.73607  6.75723e+01 | 80 -0.81519  5.01799e+01 | 81 -0.84758  2.42981e+01
 82 -0.88521 -7.39046e+01 | 83 -0.68582  9.84880e+01 | 84 -0.80554  6.39366e+01
 85 -0.90481  5.26216e+00 | 86 -0.86908 -6.32692e+00 | 87 -0.98429 -3.70551e+00
 88 -0.80406  7.16353e+01 | 89 -0.93954 -3.08855e+01 | 90 -0.89333 -4.66252e+01
 91 -0.79563  2.43576e+01 | 92 -0.92526 -5.70804e+01 | 93 -0.84386  2.90607e+01
 94  0.58751  6.35355e-02 | 95  0.09576  2.18428e-05 | 96 -0.82976 -4.98622e-06
 97 -0.47910 -1.23431e-06 | 98  0.28363 -3.81732e+03 | 99  0.23228 -5.99004e+03
100  0.14724 -5.38880e+03 |101  0.08120 -3.56478e+03 |102 -0.16770 -3.52014e+01
103 -0.20076  1.15786e+03 |104 -0.16307  1.40415e+03 |105  0.00063  7.33983e+03
106  0.16504  6.89623e+02 |107 -0.01946  2.39052e+03 |108  0.16170  1.57616e+03
109  0.08286  8.73802e+02 |110  0.09995 -1.05382e+03 |111 -0.05802 -8.36465e+02
112 -0.34477 -5.94219e+02 |113 -0.21977 -8.74902e+01 |114 -0.20319  1.14263e+02
115 -0.27164  6.28111e+01 |116  0.99967  5.03705e-02 |117  0.99967  5.27745e-02
118  0.01378 -1.76185e+04 |119 -0.00236 -1.75979e+04 |120  0.00524 -1.75576e+04
121 -0.01000 -1.72944e+04 |122 -0.00573 -1.72712e+04 |123 -0.00159 -1.72214e+04
124  0.00186 -1.71717e+04 |125  0.00215 -1.71352e+04 |126  0.01574 -1.64912e+04
127 -0.00211 -1.64645e+04 |128 -0.01009 -1.64489e+04 |129  0.00180 -1.63786e+04
130  0.00469 -1.62419e+04 |131 -0.00787 -1.61873e+04 |132  0.00920 -1.60391e+04
133 -0.00339 -1.60022e+04 |134  0.00009 -1.59081e+04 |135 -0.00575 -1.58035e+04
136 -0.00100 -1.54639e+04 |137 -0.00874 -1.53664e+04 |138  0.01654 -1.52919e+04
139 -0.01133 -1.51660e+04 |140 -0.03829 -1.50062e+04 |141 -0.01928 -1.50123e+04
142  0.06826 -1.48645e+04 |143 -0.01143 -1.46982e+04 |144  0.00972 -1.44940e+04
145 -0.01201 -1.42770e+04 |146  0.00503 -1.40051e+04 |147 -0.00693 -1.37469e+04
148  0.00641 -1.33386e+04 |149  0.00788 -1.31824e+04 |150 -0.01789 -1.25281e+04
151 -0.00618 -1.22437e+04 |152  0.00143 -1.18645e+04 |153  0.00731 -1.17423e+04
154 -0.00741 -1.07545e+04 |155 -0.00680 -1.04634e+04 |156 -0.00052 -1.00987e+04
157  0.00572 -8.73621e+03 |158 -0.00177 -8.05774e+03 |159  0.00892 -5.58912e+03
160 -0.00190 -4.80768e+03 |161 -0.00059 -4.25289e+03 |162  0.00577 -3.34761e+03
163  0.00395 -2.95868e+03 |164  0.00225 -2.25290e+03 |165  0.00369 -1.97914e+03
166 -0.00636 -1.85407e+03 |167  0.00296 -1.75823e+03 |168  0.01664 -1.64407e+03
169 -0.02672 -1.61925e+03 |170  0.02036 -1.65230e+03 |171  0.00428 -1.74373e+03
172 -0.00527 -1.63568e+03 |173  0.00433 -1.44807e+03 |174  0.00200 -1.43165e+03
175 -0.01103 -1.40104e+03 |176  0.00011 -1.20821e+03 |177  0.00473 -1.06061e+03
178 -0.00138 -1.02526e+03 |179 -0.00333 -8.52170e+02 |180  0.00171 -6.23522e+02
181 -0.00261 -9.27752e+01 |182  0.00015  1.28975e-01 |183 -0.00000 -1.97700e-05
184 -0.00000  8.75895e-09 |185 -0.00000  8.32244e-09 |186  0.01412 -2.67071e+04
187 -0.01050 -2.66277e+04 |188 -0.00937 -2.62638e+04 |189  0.00892 -2.55751e+04
190 -0.00448 -2.45029e+04 |191 -0.00852 -2.43475e+04 |192  0.00958 -2.39972e+04
193 -0.00697 -2.38215e+04 |194 -0.02120 -2.30257e+04 |195  0.02425 -2.25853e+04
196 -0.00203 -2.24843e+04 |197  0.00011 -2.23633e+04 |198 -0.00301 -2.20902e+04
199  0.00974 -2.17240e+04 |200 -0.01288 -2.15369e+04 |201  0.00974 -2.13657e+04
202 -0.00170 -2.12479e+04 |203  0.00463 -2.12186e+04 |204 -0.00559 -2.09951e+04
205  0.01602 -2.08209e+04 |206 -0.02042 -2.08902e+04 |207  0.01262 -2.09547e+04
208  0.06196 -2.12301e+04 |209  0.00465 -2.13764e+04 |210 -0.10762 -2.10610e+04
211  0.03609 -2.12483e+04 |212 -0.00614 -2.13427e+04 |213  0.00492 -2.12424e+04
214 -0.00065 -2.12147e+04 |215  0.00806 -2.09950e+04 |216 -0.00849 -2.08437e+04
217  0.00275 -2.13519e+04 |218  0.01029 -2.10244e+04 |219 -0.00373 -2.18847e+04
220 -0.01401 -2.15885e+04 |221  0.00486 -2.14769e+04 |222  0.00846 -2.05673e+04
223 -0.00289 -2.05715e+04 |224 -0.02235 -2.01784e+04 |225  0.01419 -1.87313e+04
226  0.00653 -1.79088e+04 |227 -0.00889 -1.55165e+04 |228  0.00620 -1.43910e+04
229 -0.00407 -1.35133e+04 |230 -0.00337 -1.22642e+04 |231  0.00557 -1.13646e+04
232 -0.00420 -1.04955e+04 |233  0.00270 -9.69046e+03 |234  0.00335 -9.23933e+03
235 -0.00089 -9.00606e+03 |236 -0.00525 -8.93396e+03 |237  0.01093 -8.91768e+03
238 -0.01088 -9.05306e+03 |239  0.00372 -9.12569e+03 |240  0.00811 -8.91929e+03
241  0.00197 -8.19213e+03 |242 -0.00391 -7.54923e+03 |243 -0.00478 -7.46007e+03
244  0.00236 -6.71790e+03 |245  0.00167 -5.90574e+03 |246 -0.00330 -5.14109e+03
247 -0.00220 -4.50744e+03 |248  0.00294 -3.03002e+03 |249 -0.00585 -1.78068e+03
250 -0.00030 -4.95572e-01 |251  0.00000 -3.19907e-04 |252  0.00000 -7.90956e-08
253  0.00000 -8.74434e-08 |254  0.00116 -2.30672e+04 |255  0.01099 -2.15975e+04
256 -0.00267 -2.10724e+04 |257 -0.00282 -2.02079e+04 |258  0.00494 -1.90732e+04
259  0.00174 -1.85545e+04 |260 -0.00472 -1.80898e+04 |261  0.01136 -1.76783e+04
262  0.00838 -1.69179e+04 |263 -0.03139 -1.64946e+04 |264  0.01286 -1.65823e+04
265 -0.01003 -1.65278e+04 |266  0.00109 -1.63578e+04 |267 -0.00103 -1.62965e+04
268  0.00629 -1.64861e+04 |269 -0.00457 -1.66446e+04 |270  0.00439 -1.70282e+04
271 -0.00422 -1.72175e+04 |272  0.00473 -1.72892e+04 |273  0.00190 -1.75324e+04
274  0.00133 -1.78896e+04 |275 -0.00345 -1.81911e+04 |276  0.00023 -1.87678e+04
277  0.00623 -1.92137e+04 |278  0.02396 -1.94599e+04 |279 -0.03036 -1.94991e+04
280  0.00058 -2.01908e+04 |281 -0.00259 -2.04462e+04 |282 -0.00148 -2.06202e+04
283  0.00518 -2.06451e+04 |284  0.00115 -2.07273e+04 |285 -0.00179 -2.14781e+04
286  0.00292 -2.18078e+04 |287  0.00632 -2.27667e+04 |288  0.00958 -2.31578e+04
289 -0.01448 -2.32481e+04 |290 -0.00682 -2.30253e+04 |291  0.00521 -2.30756e+04
292  0.00858 -2.29218e+04 |293 -0.01359 -2.16053e+04 |294 -0.00286 -2.09085e+04
295  0.00041 -1.93954e+04 |296 -0.00049 -1.86156e+04 |297  0.00429 -1.83562e+04
298  0.00188 -1.74369e+04 |299 -0.00529 -1.67486e+04 |300  0.00330 -1.62676e+04
301 -0.00356 -1.56862e+04 |302  0.00418 -1.53355e+04 |303 -0.00276 -1.51249e+04
304  0.00117 -1.50701e+04 |305  0.00025 -1.50177e+04 |306  0.00320 -1.50696e+04
307 -0.00201 -1.50507e+04 |308 -0.00434 -1.48106e+04 |309  0.00602 -1.41776e+04
310  0.00048 -1.33391e+04 |311 -0.00409 -1.22706e+04 |312 -0.00363 -1.12489e+04
313  0.00043 -9.66491e+03 |314 -0.00365 -7.79722e+03 |315 -0.00197 -5.82542e+03
316 -0.00082 -3.69910e+03 |317  0.00220 -1.81660e+03 |318  0.00309 -8.89614e-01
319  0.00000 -1.41080e-04 |320  0.00000  1.09875e-08 |321  0.00000  4.08705e-09
321 variables; iteration 60; function evaluation 66; phase 5
Function value 3.4598443e+03; maximum gradient component mag -1.3720e+04
Var    Value     Gradient |Var    Value     Gradient |Var    Value     Gradient
  1 -0.03432 -3.49527e+03 |  2 -0.98268 -3.68941e+00 |  3  0.14661 -2.78164e+01
  4 -0.05536 -1.37632e+01 |  5 -0.07793 -2.96086e+01 |  6 -0.00141 -1.50354e+02
  7  0.02727  2.10686e+00 |  8  0.02812  6.21938e+01 |  9  0.06624  1.10494e+02
 10  0.02461  1.28581e+02 | 11  0.21008  2.14973e+02 | 12 -0.11686  9.57126e+01
 13 -0.03025  1.73329e+02 | 14 -0.14711  1.11276e+02 | 15 -0.17181  9.30602e+01
 16  0.23626  6.52505e+02 | 17  0.00889  1.86567e+02 | 18 -0.10778  1.14407e+02
 19 -0.03362  2.37437e+02 | 20  0.00471  3.39196e+02 | 21 -0.09480  1.60510e+02
 22  0.03929  3.41236e+02 | 23 -0.12062  1.48914e+02 | 24 -0.04273  1.44024e+02
 25  0.00079  2.66108e+02 | 26  0.04544  5.93175e+02 | 27 -0.11720  1.60317e+02
 28  0.00118  2.76792e+02 | 29  0.03229  3.68249e+02 | 30 -0.06215  2.79634e+02
 31 -0.17350  1.73174e+02 | 32  0.05017  5.04420e+02 | 33  0.05779  4.59797e+02
 34  0.06081  3.64217e+02 | 35  0.06017  5.12707e+02 | 36 -0.03765  2.80883e+02
 37 -0.00836  3.11769e+02 | 38  0.05908  2.54555e+02 | 39 -0.08175  1.25710e+02
 40  0.19149  2.34570e+02 | 41  0.03442  1.67192e+02 | 42  0.07589  1.87088e+02
 43 -0.07159  7.27249e+01 | 44  0.18089  6.03438e+02 | 45 -0.04426  8.04441e+01
 46 -0.04631 -3.08377e+01 | 47 -0.02076  1.23299e+01 | 48 -0.08923  7.36929e+00
 49  0.11841  7.86768e+01 | 50  0.00671 -1.85255e+02 | 51 -0.01437 -1.92621e+02
 52  0.01286 -2.87491e+02 | 53 -0.03873 -2.10107e+02 | 54  0.08084 -6.13059e+02
 55  0.00952 -4.29773e+02 | 56 -0.05936 -2.74304e+02 | 57 -0.07031 -3.68971e+02
 58  0.08606 -1.54655e+03 | 59 -0.05193 -3.12230e+02 | 60  0.02123 -3.18595e+02
 61 -0.00231 -5.12375e+02 | 62  0.06294 -8.27307e+02 | 63  0.08968 -1.10039e+03
 64 -0.06177 -3.25445e+02 | 65 -0.00369 -3.58842e+02 | 66  0.03393 -5.91874e+02
 67  0.00331 -7.42699e+02 | 68 -0.04502 -2.01153e+02 | 69  0.00805 -7.06644e+01
 70  0.01123 -8.25788e+01 | 71  0.15776 -1.21508e+02 | 72 -0.04699  9.87020e+01
 73 -0.06181 -1.23527e+02 | 74 -0.57487 -2.16762e+00 | 75 -0.78155 -3.52674e+01
 76 -0.78821  1.52216e+02 | 77 -0.69798  1.35954e+02 | 78 -0.73228  1.14070e+02
 79 -0.74868  1.49558e+02 | 80 -0.81363  1.38977e+02 | 81 -0.83757  1.25399e+02
 82 -0.81475  1.17201e+02 | 83 -0.75860  7.43080e+01 | 84 -0.81257  1.03808e+02
 85 -0.86543  6.12556e+01 | 86 -0.80953  7.39405e+01 | 87 -0.96999 -1.70250e+00
 88 -0.81949  8.02274e+01 | 89 -0.85764  8.28798e+00 | 90 -0.78753  5.71729e+01
 91 -0.84784 -3.55612e+01 | 92 -0.80865 -1.93751e+00 | 93 -0.83735  5.88335e+01
 94  0.58775  6.15306e-02 | 95  0.09576  2.51647e-06 | 96 -0.82976 -4.98602e-06
 97 -0.47910 -1.26531e-06 | 98  0.28124 -2.62793e+03 | 99  0.22930 -2.19957e+03
100  0.14685 -3.20605e+03 |101  0.08136 -3.61511e+03 |102 -0.16800 -3.43458e+02
103 -0.19894  4.80330e+02 |104 -0.16473  5.25757e+02 |105  0.00044  6.50233e+03
106  0.16448  2.89031e+02 |107 -0.01864  1.66942e+03 |108  0.16137  1.03262e+03
109  0.07933  6.01990e+02 |110  0.09062 -1.58357e+03 |111 -0.06774 -1.31026e+03
112 -0.34404  2.94602e+02 |113 -0.19167  3.83342e+02 |114 -0.22011  2.53842e+02
115 -0.24605  1.34681e+02 |116  0.99944  8.46275e-02 |117  0.99943  8.96417e-02
118  0.01162 -1.21077e+04 |119 -0.00840 -1.20917e+04 |120  0.01806 -1.20156e+04
121 -0.01912 -1.18849e+04 |122  0.00278 -1.18583e+04 |123 -0.00230 -1.18057e+04
124 -0.00113 -1.17793e+04 |125  0.00497 -1.17393e+04 |126  0.01598 -1.12247e+04
127  0.00114 -1.11989e+04 |128 -0.01555 -1.11921e+04 |129  0.00664 -1.11230e+04
130  0.00962 -1.10510e+04 |131 -0.01714 -1.10486e+04 |132  0.00824 -1.09027e+04
133 -0.00010 -1.08840e+04 |134 -0.00088 -1.07839e+04 |135 -0.00898 -1.07015e+04
136  0.01363 -1.02742e+04 |137 -0.01494 -1.02614e+04 |138  0.01050 -1.01414e+04
139  0.01118 -1.00562e+04 |140 -0.14941 -9.78620e+03 |141 -0.01516 -9.81058e+03
142  0.14606 -9.38885e+03 |143 -0.00078 -9.18561e+03 |144  0.00035 -9.13895e+03
145 -0.00685 -8.88381e+03 |146  0.00667 -8.68473e+03 |147 -0.00539 -8.49936e+03
148 -0.00730 -8.20455e+03 |149  0.02128 -7.99078e+03 |150 -0.02012 -7.61210e+03
151 -0.00585 -7.41416e+03 |152  0.00293 -7.18448e+03 |153  0.00602 -7.13719e+03
154 -0.00531 -6.67378e+03 |155 -0.01435 -6.52266e+03 |156  0.00547 -6.29359e+03
157  0.00635 -5.56891e+03 |158 -0.00317 -5.18708e+03 |159  0.00590 -3.41989e+03
160 -0.00115 -2.75479e+03 |161  0.00031 -2.32341e+03 |162  0.00681 -1.77680e+03
163  0.00368 -1.55601e+03 |164  0.00120 -1.17916e+03 |165  0.00319 -1.01503e+03
166 -0.00674 -9.44781e+02 |167  0.00268 -9.28106e+02 |168  0.02595 -1.01705e+03
169 -0.04147 -1.04250e+03 |170  0.03072 -1.16231e+03 |171 -0.00093 -1.34339e+03
172 -0.00451 -1.27914e+03 |173  0.01477 -1.13048e+03 |174  0.00884 -1.12657e+03
175 -0.02712 -1.12931e+03 |176 -0.00082 -1.02219e+03 |177  0.00722 -9.14102e+02
178 -0.00628 -9.03661e+02 |179 -0.00263 -7.65438e+02 |180 -0.00107 -5.78758e+02
181 -0.00182 -9.32678e+01 |182  0.00064  1.97208e-01 |183 -0.00000 -6.15492e-05
184 -0.00000 -5.89044e-09 |185 -0.00000 -3.72634e-09 |186  0.02257 -9.78161e+03
187 -0.01930 -9.77654e+03 |188 -0.00765 -9.41200e+03 |189  0.00957 -9.02543e+03
190 -0.00786 -8.38470e+03 |191 -0.00144 -8.21364e+03 |192  0.00138 -7.96000e+03
193  0.00249 -7.75808e+03 |194 -0.03748 -7.11752e+03 |195  0.03695 -6.79769e+03
196 -0.00429 -6.74325e+03 |197 -0.00059 -6.63615e+03 |198 -0.00340 -6.36864e+03
199  0.00753 -5.93673e+03 |200 -0.00787 -5.69656e+03 |201  0.00102 -5.67225e+03
202  0.00586 -5.37412e+03 |203  0.00028 -5.23228e+03 |204 -0.00553 -4.65588e+03
205  0.00783 -3.90586e+03 |206 -0.00813 -3.65140e+03 |207  0.00449 -3.28075e+03
208  0.11867 -2.88392e+03 |209  0.03604 -2.73613e+03 |210 -0.24623 -2.47856e+03
211  0.09098 -2.22016e+03 |212 -0.00387 -2.36110e+03 |213  0.00424 -2.71327e+03
214 -0.00165 -2.93122e+03 |215  0.00707 -2.91732e+03 |216 -0.00370 -2.80619e+03
217 -0.00446 -3.77620e+03 |218  0.01786 -3.81227e+03 |219 -0.00660 -5.21617e+03
220 -0.00363 -5.12979e+03 |221 -0.00143 -5.38691e+03 |222  0.00345 -5.09782e+03
223  0.00199 -5.82915e+03 |224 -0.02344 -5.69656e+03 |225  0.00957 -5.00574e+03
226  0.00559 -4.72029e+03 |227 -0.00694 -3.06368e+03 |228  0.00492 -2.74051e+03
229 -0.00236 -2.14631e+03 |230 -0.00233 -1.54792e+03 |231  0.00519 -1.39205e+03
232 -0.00257 -1.16258e+03 |233  0.00153 -1.28920e+03 |234  0.00411 -1.34603e+03
235 -0.00173 -1.41049e+03 |236 -0.00314 -1.79328e+03 |237  0.01312 -2.73073e+03
238 -0.01426 -3.21682e+03 |239  0.00208 -4.00531e+03 |240  0.00735 -4.27987e+03
241  0.00220 -3.95455e+03 |242 -0.00207 -3.57819e+03 |243 -0.00557 -3.60859e+03
244  0.00173 -3.38273e+03 |245  0.00190 -3.01874e+03 |246 -0.00284 -2.57576e+03
247 -0.00159 -2.27332e+03 |248  0.00434 -1.51203e+03 |249 -0.00539 -8.70672e+02
250 -0.00135 -6.38982e-01 |251  0.00000  4.87807e-05 |252 -0.00000 -3.83255e-08
253  0.00000 -2.66845e-08 |254  0.00485 -1.37204e+04 |255  0.01240 -1.28626e+04
256 -0.00356 -1.23706e+04 |257 -0.00514 -1.18654e+04 |258  0.00248 -1.11296e+04
259  0.00229 -1.05895e+04 |260 -0.00264 -1.02294e+04 |261  0.00413 -9.77148e+03
262  0.02569 -9.02741e+03 |263 -0.04242 -8.74645e+03 |264  0.01192 -8.83245e+03
265 -0.00986 -8.73946e+03 |266  0.00143 -8.56137e+03 |267  0.00043 -8.41852e+03
268  0.00288 -8.65932e+03 |269 -0.00120 -8.86666e+03 |270 -0.00113 -9.32810e+03
271 -0.00024 -9.36755e+03 |272  0.00025 -9.29626e+03 |273  0.00229 -8.97037e+03
274 -0.00247 -8.83045e+03 |275 -0.00039 -8.58997e+03 |276 -0.00299 -8.51762e+03
277  0.00942 -8.33258e+03 |278  0.08134 -8.00676e+03 |279 -0.08444 -7.69591e+03
280  0.00387 -8.24488e+03 |281 -0.00489 -8.70275e+03 |282 -0.00250 -8.90482e+03
283  0.00432 -8.76381e+03 |284  0.00202 -8.70113e+03 |285  0.00285 -9.59349e+03
286 -0.00620 -1.03358e+04 |287  0.00969 -1.15749e+04 |288  0.00481 -1.19082e+04
289 -0.00873 -1.22379e+04 |290 -0.00280 -1.23199e+04 |291  0.00267 -1.30964e+04
292  0.00457 -1.31514e+04 |293 -0.00858 -1.24942e+04 |294 -0.00232 -1.23030e+04
295  0.00125 -1.13726e+04 |296 -0.00193 -1.12630e+04 |297  0.00403 -1.12204e+04
298  0.00164 -1.07740e+04 |299 -0.00355 -1.06398e+04 |300  0.00113 -1.06728e+04
301 -0.00332 -1.07459e+04 |302  0.00133 -1.06016e+04 |303 -0.00142 -1.03943e+04
304  0.00054 -1.06019e+04 |305  0.00184 -1.11680e+04 |306  0.00507 -1.14267e+04
307 -0.00288 -1.21466e+04 |308 -0.00459 -1.24026e+04 |309  0.00495 -1.20727e+04
310 -0.00007 -1.13065e+04 |311 -0.00240 -1.01461e+04 |312 -0.00412 -9.61933e+03
313  0.00026 -8.31786e+03 |314 -0.00308 -6.60686e+03 |315 -0.00138 -4.79945e+03
316 -0.00094 -3.14227e+03 |317  0.00201 -1.44041e+03 |318  0.01036  6.39935e-01
319  0.00000  1.68205e-04 |320  0.00000  1.57444e-07 |321  0.00000  1.70180e-07
321 variables; iteration 80; function evaluation 86; phase 5
Function value 3.4457491e+03; maximum gradient component mag -1.5536e+04
Var    Value     Gradient |Var    Value     Gradient |Var    Value     Gradient
  1 -0.03441 -1.22560e+04 |  2 -0.96540 -7.35925e+00 |  3  0.14104 -7.31684e+01
  4 -0.14920 -4.54448e+01 |  5 -0.10855 -5.08342e+01 |  6  0.00560 -1.59058e+02
  7  0.02640 -1.22154e+01 |  8  0.02447  4.49335e+01 |  9  0.07140  1.04717e+02
 10  0.02326  1.90716e+02 | 11  0.21141  1.84963e+02 | 12 -0.13572  1.66468e+02
 13 -0.02640  2.57507e+02 | 14 -0.14933  1.93103e+02 | 15 -0.17320  1.73983e+02
 16  0.24625  5.75970e+02 | 17  0.00987  2.31552e+02 | 18 -0.10798  1.73245e+02
 19 -0.03243  2.57777e+02 | 20  0.00842  3.36561e+02 | 21 -0.09341  2.10016e+02
 22  0.04196  2.75294e+02 | 23 -0.13184  1.78301e+02 | 24 -0.04052  1.53223e+02
 25  0.00468  2.47661e+02 | 26  0.05179  6.00814e+02 | 27 -0.11693  2.38966e+02
 28 -0.00542  2.66748e+02 | 29  0.02633  2.86679e+02 | 30 -0.04815  3.56404e+02
 31 -0.19033  2.55420e+02 | 32  0.05841  5.69846e+02 | 33  0.05040  4.90072e+02
 34  0.04792  3.34792e+02 | 35  0.06811  6.08244e+02 | 36 -0.04622  3.27819e+02
 37 -0.01014  3.77510e+02 | 38  0.06334  3.01265e+02 | 39 -0.08689  1.95642e+02
 40  0.18955  1.07382e+02 | 41  0.03109  1.72654e+02 | 42  0.08027  3.10289e+02
 43 -0.07076  1.36050e+02 | 44  0.17918  2.25470e+02 | 45 -0.04055  1.57880e+02
 46 -0.05038 -8.15293e+01 | 47 -0.01838  5.36486e+01 | 48 -0.08711  5.76639e+01
 49  0.11849 -2.90476e+02 | 50  0.00644 -2.95484e+02 | 51 -0.01547 -3.11564e+02
 52  0.01578 -3.65684e+02 | 53 -0.03586 -2.44390e+02 | 54  0.08234 -8.76225e+02
 55  0.00896 -5.46554e+02 | 56 -0.05952 -3.73553e+02 | 57 -0.06884 -3.82719e+02
 58  0.08777 -1.65428e+03 | 59 -0.05066 -3.42223e+02 | 60  0.02378 -4.01392e+02
 61  0.00125 -3.95125e+02 | 62  0.06332 -8.93002e+02 | 63  0.09019 -1.18507e+03
 64 -0.06058 -2.83276e+02 | 65 -0.00299 -3.46134e+02 | 66  0.03673 -4.38852e+02
 67  0.00610 -6.30404e+02 | 68 -0.04355 -1.32637e+02 | 69  0.00828  1.96340e+01
 70  0.01155 -2.43941e+00 | 71  0.15936 -5.35379e+01 | 72 -0.04536  1.97985e+02
 73 -0.06151 -4.11937e+01 | 74 -0.58016  9.46836e+00 | 75 -0.66512  1.35987e+02
 76 -0.78962  1.78603e+02 | 77 -0.73018  1.38926e+02 | 78 -0.72320  1.66625e+02
 79 -0.74278  1.86370e+02 | 80 -0.81530  1.54754e+02 | 81 -0.82962  1.75252e+02
 82 -0.81861  1.17662e+02 | 83 -0.74243  1.09735e+02 | 84 -0.81193  1.17391e+02
 85 -0.85128  8.81539e+01 | 86 -0.79324  1.07927e+02 | 87 -0.93960  2.76756e+00
 88 -0.81735  8.93630e+01 | 89 -0.82068  6.87830e+01 | 90 -0.78520  6.12354e+01
 91 -0.87542 -5.01327e+01 | 92 -0.77921  5.46791e+01 | 93 -0.83357  7.20805e+01
 94  0.58850  2.44390e-02 | 95  0.09576  2.17268e-07 | 96 -0.82976 -4.98522e-06
 97 -0.47910 -1.27809e-06 | 98  0.28017 -1.34077e+03 | 99  0.22882 -2.75406e+03
100  0.14641 -3.63094e+03 |101  0.08143 -3.59744e+03 |102 -0.16819 -4.59626e+02
103 -0.19528  4.84711e+02 |104 -0.16625  3.69907e+02 |105  0.00021  5.65459e+03
106  0.16525  2.02944e+01 |107 -0.01822  1.30188e+03 |108  0.15870  8.01606e+02
109  0.08532  6.06834e+02 |110  0.08855 -1.67148e+03 |111 -0.06340 -1.34378e+03
112 -0.34381  8.64175e+02 |113 -0.18955  6.24552e+02 |114 -0.21088  3.67751e+02
115 -0.25156  1.69913e+02 |116  0.99972  4.32852e-02 |117  0.99970  4.87649e-02
118  0.01130 -6.17118e+03 |119 -0.00847 -6.15096e+03 |120  0.01771 -6.07192e+03
121 -0.02418 -5.94615e+03 |122  0.01408 -5.90718e+03 |123 -0.00623 -5.87406e+03
124 -0.00101 -5.84835e+03 |125  0.00454 -5.80662e+03 |126  0.01355 -5.25547e+03
127  0.00512 -5.22614e+03 |128 -0.01892 -5.22375e+03 |129  0.00928 -5.15414e+03
130  0.00989 -5.10942e+03 |131 -0.01897 -5.11466e+03 |132  0.00452 -4.94395e+03
133  0.00271 -4.91160e+03 |134 -0.00198 -4.78712e+03 |135 -0.00971 -4.67147e+03
136  0.01489 -4.11817e+03 |137 -0.01183 -4.09898e+03 |138  0.01241 -3.92998e+03
139  0.09364 -3.82307e+03 |140 -0.32489 -3.46528e+03 |141  0.08047 -3.26098e+03
142  0.13112 -3.03098e+03 |143  0.00650 -2.79956e+03 |144 -0.00896 -2.88924e+03
145 -0.00460 -2.61506e+03 |146  0.01046 -2.46969e+03 |147  0.00371 -2.36103e+03
148 -0.01765 -2.29223e+03 |149  0.03032 -2.17055e+03 |150 -0.02317 -2.04939e+03
151  0.00107 -1.97308e+03 |152  0.00139 -1.93722e+03 |153  0.00505 -1.92261e+03
154 -0.01074 -1.80015e+03 |155 -0.00472 -1.72914e+03 |156 -0.00444 -1.67579e+03
157  0.00653 -1.53088e+03 |158 -0.00044 -1.37591e+03 |159  0.00309 -6.64615e+02
160 -0.00146 -3.72675e+02 |161 -0.00034 -1.87255e+02 |162  0.00617 -2.30974e+01
163  0.00479  3.73992e+01 |164  0.00073  1.48057e+02 |165  0.00443  1.77390e+02
166 -0.00632  1.92929e+02 |167 -0.00157  1.29449e+02 |168  0.05174 -1.78868e+02
169 -0.05714 -2.39054e+02 |170  0.03631 -4.46492e+02 |171 -0.01288 -6.64452e+02
172  0.00505 -6.64481e+02 |173  0.03482 -6.26089e+02 |174  0.01789 -6.30699e+02
175 -0.06773 -6.48218e+02 |176 -0.00215 -6.07229e+02 |177  0.00923 -5.55930e+02
178 -0.01218 -5.61921e+02 |179 -0.00143 -4.57414e+02 |180 -0.00034 -3.42016e+02
181 -0.00167 -4.81962e+01 |182  0.00160  3.99468e-01 |183 -0.00000 -1.13246e-04
184 -0.00000 -1.01511e-08 |185 -0.00000 -5.87768e-09 |186  0.02174 -1.22461e+04
187 -0.01851 -1.22298e+04 |188 -0.00679 -1.18138e+04 |189  0.01013 -1.15238e+04
190 -0.01025 -1.10664e+04 |191  0.00145 -1.09192e+04 |192 -0.00184 -1.06353e+04
193  0.00276 -1.03924e+04 |194 -0.04326 -9.69274e+03 |195  0.04267 -9.64364e+03
196 -0.00462 -9.60400e+03 |197  0.00071 -9.52074e+03 |198 -0.00392 -9.34932e+03
199  0.00599 -8.83291e+03 |200 -0.00521 -8.50060e+03 |201 -0.00161 -8.41834e+03
202  0.00879 -8.05995e+03 |203 -0.00175 -7.82469e+03 |204 -0.00638 -6.97268e+03
205  0.00484 -5.87258e+03 |206 -0.00308 -5.34250e+03 |207  0.00296 -4.52384e+03
208  0.18390 -3.59198e+03 |209 -0.04635 -3.20733e+03 |210 -0.24414 -2.86071e+03
211  0.10441 -2.49997e+03 |212  0.00109 -2.22262e+03 |213  0.00415 -2.42119e+03
214 -0.00455 -2.41674e+03 |215  0.00839 -2.38094e+03 |216  0.00003 -2.26811e+03
217 -0.00899 -3.31146e+03 |218  0.02019 -3.51024e+03 |219 -0.01047 -4.90773e+03
220 -0.01564 -4.90349e+03 |221  0.01122 -4.94932e+03 |222  0.00517 -4.92690e+03
223 -0.00425 -5.44039e+03 |224 -0.02014 -5.36581e+03 |225  0.01525 -5.20688e+03
226  0.00194 -5.01866e+03 |227 -0.00504 -4.15410e+03 |228  0.00452 -3.75814e+03
229 -0.00172 -3.26386e+03 |230 -0.00117 -2.92784e+03 |231  0.00348 -2.88660e+03
232 -0.00209 -2.78625e+03 |233  0.00113 -2.75218e+03 |234  0.00202 -2.75354e+03
235 -0.00102 -2.71573e+03 |236 -0.00094 -3.11993e+03 |237  0.00504 -4.14612e+03
238 -0.00706 -4.48654e+03 |239  0.00191 -5.15705e+03 |240  0.00680 -5.31980e+03
241  0.00183 -4.84622e+03 |242 -0.00419 -4.24378e+03 |243 -0.00298 -4.19822e+03
244  0.00140 -3.79297e+03 |245  0.00151 -3.31083e+03 |246 -0.00215 -2.70884e+03
247 -0.00108 -2.32927e+03 |248  0.00528 -1.39863e+03 |249 -0.00401 -8.47981e+02
250 -0.00379 -1.09490e+00 |251  0.00000  1.83815e-04 |252 -0.00000 -4.98926e-08
253 -0.00000 -3.16319e-08 |254  0.00577 -1.55360e+04 |255  0.01150 -1.46398e+04
256 -0.00183 -1.40919e+04 |257 -0.00585 -1.37147e+04 |258  0.00166 -1.31717e+04
259 -0.00077 -1.26247e+04 |260 -0.00074 -1.22217e+04 |261  0.00542 -1.16502e+04
262  0.03560 -1.08533e+04 |263 -0.04875 -1.08413e+04 |264  0.01052 -1.11142e+04
265 -0.01136 -1.11004e+04 |266  0.00035 -1.10471e+04 |267  0.00104 -1.08323e+04
268  0.00116 -1.10812e+04 |269  0.00019 -1.12091e+04 |270 -0.00326 -1.16846e+04
271  0.00083 -1.16355e+04 |272 -0.00011 -1.13643e+04 |273  0.00123 -1.08062e+04
274 -0.00628 -1.03510e+04 |275  0.00149 -9.57081e+03 |276  0.00005 -9.08351e+03
277  0.01013 -8.70017e+03 |278  0.09865 -8.16273e+03 |279 -0.10380 -7.74148e+03
280  0.00218 -8.01058e+03 |281 -0.00253 -8.23569e+03 |282  0.00111 -8.27722e+03
283  0.00044 -8.20120e+03 |284  0.00218 -8.08739e+03 |285  0.00575 -8.94302e+03
286 -0.00795 -9.82613e+03 |287  0.01119 -1.10683e+04 |288  0.01519 -1.14876e+04
289 -0.01987 -1.17446e+04 |290 -0.00307 -1.19776e+04 |291  0.00369 -1.25506e+04
292  0.00910 -1.26710e+04 |293 -0.01566 -1.25726e+04 |294 -0.00043 -1.23649e+04
295  0.00021 -1.18911e+04 |296 -0.00036 -1.16886e+04 |297  0.00355 -1.17241e+04
298  0.00145 -1.14483e+04 |299 -0.00302 -1.13739e+04 |300 -0.00001 -1.14635e+04
301 -0.00388 -1.13867e+04 |302  0.00223 -1.11074e+04 |303 -0.00047 -1.08032e+04
304  0.00076 -1.10756e+04 |305  0.00193 -1.17864e+04 |306  0.00261 -1.21226e+04
307 -0.00197 -1.26717e+04 |308 -0.00371 -1.28107e+04 |309  0.00448 -1.24215e+04
310 -0.00006 -1.15209e+04 |311 -0.00315 -1.02603e+04 |312 -0.00191 -9.54855e+03
313  0.00049 -8.32172e+03 |314 -0.00399 -6.73510e+03 |315 -0.00189 -4.95659e+03
316 -0.00130 -3.20299e+03 |317  0.00150 -1.48256e+03 |318  0.01960  3.75201e+00
319  0.00000  4.47680e-04 |320  0.00000  6.05289e-07 |321  0.00000  6.30945e-07
321 variables; iteration 100; function evaluation 106; phase 5
Function value 3.4324538e+03; maximum gradient component mag -1.4700e+04
Var    Value     Gradient |Var    Value     Gradient |Var    Value     Gradient
  1 -0.03386 -1.28787e+04 |  2 -0.76252 -4.60476e+01 |  3  0.17213 -4.29478e+01
  4 -0.39520 -6.67955e+01 |  5 -0.12971 -4.94737e+01 |  6  0.03613 -1.15732e+02
  7  0.00876 -2.35530e+01 |  8  0.03100  5.61108e+01 |  9  0.06831  1.04400e+02
 10  0.01978  2.05585e+02 | 11  0.21371  2.56692e+02 | 12 -0.13674  1.77070e+02
 13 -0.02907  2.67780e+02 | 14 -0.14575  2.05284e+02 | 15 -0.16305  1.91239e+02
 16  0.24473  6.02908e+02 | 17  0.00703  2.46424e+02 | 18 -0.10904  1.85353e+02
 19 -0.03297  2.69886e+02 | 20  0.00917  3.47989e+02 | 21 -0.09220  2.22696e+02
 22  0.04278  3.11530e+02 | 23 -0.11996  2.01260e+02 | 24 -0.04416  1.61870e+02
 25  0.00701  2.73487e+02 | 26  0.05129  6.09583e+02 | 27 -0.11577  2.50048e+02
 28 -0.00259  3.05789e+02 | 29  0.03177  3.29732e+02 | 30 -0.05049  3.69947e+02
 31 -0.17102  2.88998e+02 | 32  0.04879  5.19447e+02 | 33  0.04509  4.82752e+02
 34  0.04913  3.75632e+02 | 35  0.06070  5.75864e+02 | 36 -0.05097  3.27259e+02
 37 -0.00738  3.91692e+02 | 38  0.05902  2.86649e+02 | 39 -0.08593  2.07550e+02
 40  0.19397  1.60393e+02 | 41  0.02742  1.75847e+02 | 42  0.07870  2.95148e+02
 43 -0.07054  1.59239e+02 | 44  0.17687  1.10272e+02 | 45 -0.04228  1.41885e+02
 46 -0.05269 -1.02983e+02 | 47 -0.01797  8.57749e+01 | 48 -0.08784  6.04896e+01
 49  0.11663 -4.20446e+02 | 50  0.00586 -3.13086e+02 | 51 -0.01603 -3.27382e+02
 52  0.01642 -3.52335e+02 | 53 -0.03593 -2.42689e+02 | 54  0.08148 -9.52878e+02
 55  0.00723 -6.06834e+02 | 56 -0.06081 -3.93551e+02 | 57 -0.06947 -3.84801e+02
 58  0.08733 -1.69289e+03 | 59 -0.05238 -3.82870e+02 | 60  0.02420 -3.97287e+02
 61  0.00082 -4.41743e+02 | 62  0.06404 -8.77112e+02 | 63  0.09011 -1.16491e+03
 64 -0.06076 -2.98025e+02 | 65 -0.00276 -3.73112e+02 | 66  0.03685 -4.46050e+02
 67  0.00529 -6.10387e+02 | 68 -0.04259 -9.05416e+01 | 69  0.00746 -2.03961e+01
 70  0.01302  7.04231e+01 | 71  0.15882 -7.56945e+01 | 72 -0.04375  2.20077e+02
 73 -0.05807  7.90340e+00 | 74 -0.56356  1.71795e+01 | 75 -0.65781  1.52587e+02
 76 -0.78881  1.86995e+02 | 77 -0.73373  1.42585e+02 | 78 -0.71749  1.81342e+02
 79 -0.74003  1.90563e+02 | 80 -0.81599  1.55489e+02 | 81 -0.83089  1.68428e+02
 82 -0.81507  1.31513e+02 | 83 -0.72015  1.45267e+02 | 84 -0.81162  1.19757e+02
 85 -0.85802  8.30337e+01 | 86 -0.80429  9.76205e+01 | 87 -0.85627  3.74025e+01
 88 -0.81414  9.58641e+01 | 89 -0.82497  5.91315e+01 | 90 -0.79444  4.41725e+01
 91 -0.83930 -2.83022e+01 | 92 -0.79035  2.60455e+01 | 93 -0.83727  5.48894e+01
 94  0.59335  1.11185e-02 | 95  0.09576  2.22889e-07 | 96 -0.82976 -4.98496e-06
 97 -0.47910 -1.27009e-06 | 98  0.28281 -1.31753e+03 | 99  0.23040 -2.52215e+03
100  0.14741 -3.43422e+03 |101  0.08153 -3.55349e+03 |102 -0.16792 -4.48236e+02
103 -0.19619  4.67154e+02 |104 -0.16483  4.10025e+02 |105  0.00007  4.97276e+03
106  0.16558 -6.28781e+00 |107 -0.01814  1.27754e+03 |108  0.15805  7.61601e+02
109  0.08644  6.14525e+02 |110  0.08922 -1.60769e+03 |111 -0.06086 -1.26630e+03
112 -0.34349  9.25809e+02 |113 -0.19023  6.19609e+02 |114 -0.21447  3.39126e+02
115 -0.25317  1.51014e+02 |116  1.00259 -3.01939e-01 |117  1.00245 -3.08819e-01
118  0.01030 -6.07649e+03 |119 -0.00848 -6.05886e+03 |120  0.01795 -5.98780e+03
121 -0.02351 -5.86283e+03 |122  0.01170 -5.82832e+03 |123 -0.00628 -5.79707e+03
124  0.00061 -5.76663e+03 |125  0.00122 -5.72904e+03 |126  0.01534 -5.21217e+03
127  0.00023 -5.18068e+03 |128 -0.01399 -5.17179e+03 |129  0.01048 -5.09822e+03
130  0.00851 -5.05254e+03 |131 -0.01745 -5.05241e+03 |132  0.00617 -4.86473e+03
133 -0.00219 -4.83236e+03 |134  0.00060 -4.68324e+03 |135 -0.00889 -4.53904e+03
136  0.01532 -3.97618e+03 |137 -0.01203 -3.95771e+03 |138  0.01434 -3.78135e+03
139  0.11125 -3.67914e+03 |140 -0.33911 -3.31400e+03 |141  0.05640 -3.15561e+03
142  0.15111 -2.86730e+03 |143 -0.00019 -2.71612e+03 |144 -0.00348 -2.73981e+03
145 -0.00688 -2.51354e+03 |146  0.01501 -2.34881e+03 |147  0.00008 -2.26165e+03
148 -0.01493 -2.19992e+03 |149  0.02779 -2.09539e+03 |150 -0.01709 -1.97486e+03
151 -0.00310 -1.93399e+03 |152 -0.00665 -1.91897e+03 |153  0.01190 -1.88343e+03
154 -0.00692 -1.77196e+03 |155 -0.00609 -1.72158e+03 |156 -0.00731 -1.69621e+03
157  0.00477 -1.59084e+03 |158  0.00253 -1.42014e+03 |159  0.00396 -8.08871e+02
160 -0.00254 -5.76725e+02 |161 -0.00141 -4.15151e+02 |162  0.00642 -2.81355e+02
163  0.00463 -2.32841e+02 |164 -0.00030 -1.37705e+02 |165  0.00219 -1.03398e+02
166 -0.00359 -7.86584e+01 |167 -0.00337 -1.48427e+02 |168  0.10437 -3.82416e+02
169 -0.10748 -4.57712e+02 |170 -0.00020 -6.69863e+02 |171  0.03153 -7.53820e+02
172 -0.01264 -7.95738e+02 |173  0.08391 -7.02006e+02 |174  0.05730 -7.11774e+02
175 -0.15354 -7.44126e+02 |176 -0.00035 -6.48297e+02 |177 -0.00236 -5.68819e+02
178  0.00344 -5.34376e+02 |179 -0.00191 -4.45356e+02 |180  0.00003 -3.34107e+02
181 -0.00158 -4.68920e+01 |182  0.00339  8.36578e-01 |183 -0.00000 -2.63689e-04
184 -0.00000 -1.67708e-08 |185 -0.00000 -4.53093e-09 |186  0.02364 -1.12233e+04
187 -0.01991 -1.12268e+04 |188 -0.00682 -1.09043e+04 |189  0.01105 -1.06545e+04
190 -0.00931 -1.02951e+04 |191 -0.00206 -1.01775e+04 |192  0.00143 -9.90465e+03
193  0.00353 -9.69800e+03 |194 -0.05400 -9.06588e+03 |195  0.04942 -9.07286e+03
196 -0.00413 -9.01829e+03 |197  0.00105 -8.94952e+03 |198 -0.00380 -8.82739e+03
199  0.00504 -8.35240e+03 |200 -0.00649 -7.98594e+03 |201  0.00210 -7.82523e+03
202  0.00484 -7.48694e+03 |203  0.00065 -7.22695e+03 |204 -0.00678 -6.35278e+03
205  0.00482 -5.28742e+03 |206 -0.00385 -4.74136e+03 |207  0.00401 -3.85681e+03
208  0.17819 -2.96209e+03 |209 -0.02483 -2.54435e+03 |210 -0.23810 -2.23649e+03
211  0.08286 -1.86461e+03 |212  0.00173 -1.58107e+03 |213  0.00165 -1.80552e+03
214 -0.00367 -1.74850e+03 |215  0.00987 -1.67693e+03 |216 -0.00209 -1.59807e+03
217 -0.00656 -2.61044e+03 |218  0.02018 -2.83943e+03 |219 -0.00980 -4.25637e+03
220 -0.04879 -4.32098e+03 |221  0.04402 -4.27330e+03 |222  0.00241 -4.26771e+03
223 -0.00125 -4.68363e+03 |224 -0.02021 -4.66204e+03 |225  0.01438 -4.58624e+03
226  0.00154 -4.42064e+03 |227 -0.00437 -3.64401e+03 |228  0.00365 -3.39354e+03
229 -0.00028 -2.93639e+03 |230 -0.00177 -2.70343e+03 |231  0.00312 -2.76063e+03
232 -0.00249 -2.71378e+03 |233  0.00188 -2.68685e+03 |234  0.00183 -2.74385e+03
235 -0.00164 -2.77219e+03 |236 -0.00106 -3.12809e+03 |237  0.00478 -4.16687e+03
238 -0.00587 -4.49684e+03 |239 -0.00048 -5.10529e+03 |240  0.00757 -5.19238e+03
241  0.00282 -4.67478e+03 |242 -0.00361 -4.10453e+03 |243 -0.00451 -4.07582e+03
244  0.00111 -3.60724e+03 |245  0.00241 -3.01668e+03 |246 -0.00138 -2.40673e+03
247 -0.00107 -2.11100e+03 |248  0.00468 -1.32103e+03 |249 -0.00399 -7.94915e+02
250 -0.00987 -2.54618e+00 |251  0.00000  2.51587e-04 |252 -0.00000 -1.98594e-07
253 -0.00000 -9.84959e-08 |254  0.00480 -1.47000e+04 |255  0.01330 -1.39918e+04
256 -0.00345 -1.35732e+04 |257 -0.00599 -1.32222e+04 |258  0.00233 -1.27441e+04
259  0.00046 -1.21916e+04 |260 -0.00213 -1.18141e+04 |261  0.00668 -1.12841e+04
262  0.04205 -1.05695e+04 |263 -0.05582 -1.06100e+04 |264  0.01161 -1.09365e+04
265 -0.01231 -1.09669e+04 |266  0.00008 -1.09762e+04 |267  0.00137 -1.08152e+04
268  0.00212 -1.10957e+04 |269 -0.00157 -1.12252e+04 |270 -0.00133 -1.17268e+04
271 -0.00140 -1.16929e+04 |272  0.00102 -1.14360e+04 |273  0.00058 -1.09500e+04
274 -0.00591 -1.05201e+04 |275  0.00100 -9.72005e+03 |276  0.00043 -9.26747e+03
277  0.00803 -8.95390e+03 |278  0.07715 -8.39493e+03 |279 -0.08071 -7.99011e+03
280  0.00143 -8.32653e+03 |281 -0.00054 -8.52509e+03 |282 -0.00034 -8.57691e+03
283  0.00119 -8.50284e+03 |284  0.00271 -8.46539e+03 |285  0.00419 -9.31199e+03
286 -0.00805 -1.01778e+04 |287  0.01021 -1.13884e+04 |288  0.04730 -1.16033e+04
289 -0.05279 -1.16351e+04 |290  0.00017 -1.16499e+04 |291  0.00228 -1.21462e+04
292  0.00909 -1.21658e+04 |293 -0.01534 -1.21367e+04 |294 -0.00054 -1.19192e+04
295  0.00059 -1.14361e+04 |296  0.00021 -1.13276e+04 |297  0.00235 -1.13966e+04
298  0.00197 -1.11250e+04 |299 -0.00280 -1.10954e+04 |300 -0.00003 -1.12010e+04
301 -0.00472 -1.11217e+04 |302  0.00356 -1.07616e+04 |303 -0.00110 -1.05348e+04
304  0.00091 -1.07556e+04 |305  0.00206 -1.14683e+04 |306  0.00201 -1.18037e+04
307 -0.00080 -1.22712e+04 |308 -0.00345 -1.24059e+04 |309  0.00356 -1.20711e+04
310 -0.00011 -1.11822e+04 |311 -0.00248 -9.91914e+03 |312 -0.00223 -9.17994e+03
313  0.00067 -7.91629e+03 |314 -0.00347 -6.37849e+03 |315 -0.00216 -4.74320e+03
316 -0.00125 -3.11599e+03 |317  0.00123 -1.45319e+03 |318  0.02387  5.29798e+00
319  0.00000  7.34040e-04 |320  0.00000  8.52625e-07 |321  0.00000  9.34748e-07
321 variables; iteration 120; function evaluation 126; phase 5
Function value 3.3816152e+03; maximum gradient component mag 1.2453e+04
Var    Value     Gradient |Var    Value     Gradient |Var    Value     Gradient
  1 -0.03188  1.24534e+04 |  2  0.15584  9.69795e+01 |  3  0.16039  6.71728e+01
  4 -1.26289  4.98456e+01 |  5 -0.00506  4.76546e+01 |  6  0.05606  3.11835e+01
  7  0.00935  3.30080e+01 |  8  0.02071  8.45261e+01 |  9  0.04525  8.90192e+01
 10  0.02103  3.49289e+00 | 11  0.21318  3.22900e+02 | 12 -0.08345 -1.06386e+00
 13 -0.04620  3.63544e+01 | 14 -0.13892 -1.63736e+01 | 15 -0.14866 -2.06910e+01
 16  0.25530  9.68386e+02 | 17 -0.00158  8.34767e+01 | 18 -0.10493 -1.29650e+01
 19 -0.02599  1.35407e+02 | 20  0.00954  2.19938e+02 | 21 -0.08680  3.44124e+01
 22  0.04800  2.98901e+02 | 23 -0.08532  9.66965e+01 | 24 -0.03385  7.76511e+01
 25  0.00516  1.93901e+02 | 26  0.04176  5.33728e+02 | 27 -0.10862  8.76964e+01
 28 -0.00171  2.86120e+02 | 29  0.05574  5.48945e+02 | 30 -0.05733  2.85739e+02
 31 -0.16548  1.14887e+02 | 32  0.03043  4.73059e+02 | 33  0.02710  4.73987e+02
 34  0.03231  4.22135e+02 | 35  0.03252  5.71270e+02 | 36 -0.03953  3.35294e+02
 37 -0.01585  3.68159e+02 | 38  0.04320  3.24722e+02 | 39 -0.06671  1.13754e+02
 40  0.19870  9.10054e+02 | 41  0.02855  2.34022e+02 | 42  0.07861  4.18082e+02
 43 -0.07287  6.67061e+01 | 44  0.17377  8.91873e+02 | 45 -0.04362  1.39285e+02
 46 -0.05670 -1.49931e+02 | 47 -0.02476  1.86524e+01 | 48 -0.08747  2.16929e+01
 49  0.11441  1.74149e+02 | 50  0.00592 -1.31477e+02 | 51 -0.01551 -1.86684e+02
 52  0.01033 -3.03250e+02 | 53 -0.03771 -1.63862e+02 | 54  0.07352 -7.45123e+02
 55  0.00103 -5.49700e+02 | 56 -0.05866 -2.22567e+02 | 57 -0.07100 -3.82439e+02
 58  0.08606 -1.16009e+03 | 59 -0.05620 -4.17474e+02 | 60  0.01783 -4.06108e+02
 61 -0.00279 -5.16443e+02 | 62  0.06213 -7.66343e+02 | 63  0.08790 -9.05807e+02
 64 -0.06069 -3.48553e+02 | 65 -0.00580 -5.44847e+02 | 66  0.03389 -5.70295e+02
 67  0.00378 -6.11272e+02 | 68 -0.04686 -2.95588e+02 | 69  0.00664 -2.14767e+02
 70  0.01142 -1.68402e+02 | 71  0.15847 -1.74412e+02 | 72 -0.04093 -5.45731e+00
 73 -0.04580 -1.14261e+02 | 74 -0.52465 -5.64907e+01 | 75 -0.70741 -2.03348e+01
 76 -0.78623  1.13447e+02 | 77 -0.74578  2.43062e+01 | 78 -0.71697  1.02670e+02
 79 -0.74168  1.12520e+02 | 80 -0.81469  9.27753e+01 | 81 -0.84742  5.58168e+01
 82 -0.83290  3.13481e+01 | 83 -0.70504  1.11822e+02 | 84 -0.81069  7.67494e+01
 85 -0.88500  2.11156e+01 | 86 -0.83590  2.44531e+01 | 87 -0.84466  1.70697e+01
 88 -0.81152  7.02864e+01 | 89 -0.84886 -1.20207e+00 | 90 -0.81810 -8.67837e+00
 91 -0.73761  1.94641e+02 | 92 -0.80756 -6.10719e+00 | 93 -0.84337  4.08883e+01
 94  0.61907  1.84771e-01 | 95  0.09575  1.70173e-04 | 96 -0.82976 -4.98686e-06
 97 -0.47910 -1.18944e-06 | 98  0.28767 -1.42661e+03 | 99  0.23608 -2.30446e+03
100  0.15023 -1.60606e+03 |101  0.08211 -3.13702e+03 |102 -0.16851 -2.19475e+01
103 -0.19630  1.15500e+03 |104 -0.16445  1.07041e+03 |105 -0.00042  4.59366e+03
106  0.16764  9.90062e+02 |107 -0.02017  1.66312e+03 |108  0.15973  1.07388e+03
109  0.08373  7.07291e+02 |110  0.09533 -1.24520e+03 |111 -0.05839 -8.98481e+02
112 -0.34342  2.48123e+02 |113 -0.19550  3.65930e+02 |114 -0.21688  2.38231e+02
115 -0.25805  1.05524e+02 |116  1.02338 -7.72770e-01 |117  1.02290 -9.03132e-01
118  0.00688 -6.60530e+03 |119 -0.00276 -6.60407e+03 |120  0.01405 -6.55722e+03
121 -0.00265 -6.46402e+03 |122 -0.02000 -6.45758e+03 |123  0.01188 -6.42646e+03
124  0.00303 -6.41076e+03 |125 -0.01139 -6.40000e+03 |126  0.02065 -6.02807e+03
127 -0.00653 -6.01141e+03 |128 -0.00445 -5.99592e+03 |129  0.00151 -5.94564e+03
130  0.00281 -5.85659e+03 |131 -0.01072 -5.81665e+03 |132  0.00763 -5.64509e+03
133 -0.00088 -5.58324e+03 |134 -0.00053 -5.45588e+03 |135 -0.00640 -5.30992e+03
136  0.00458 -4.83235e+03 |137 -0.00453 -4.74362e+03 |138  0.01852 -4.60070e+03
139  0.12766 -4.47121e+03 |140 -0.33132 -4.05439e+03 |141  0.00695 -3.99686e+03
142  0.17505 -3.66968e+03 |143 -0.00597 -3.55691e+03 |144  0.00312 -3.41898e+03
145 -0.00179 -3.19881e+03 |146  0.00781 -3.01306e+03 |147 -0.00323 -2.89841e+03
148  0.00090 -2.78369e+03 |149  0.02031 -2.71272e+03 |150 -0.01348 -2.62088e+03
151 -0.01368 -2.59641e+03 |152 -0.00870 -2.57509e+03 |153  0.01551 -2.50744e+03
154 -0.00056 -2.27119e+03 |155 -0.00543 -2.23277e+03 |156 -0.01522 -2.23318e+03
157  0.01038 -1.96958e+03 |158 -0.00073 -1.79821e+03 |159  0.00572 -1.09659e+03
160 -0.00506 -8.64237e+02 |161 -0.00121 -6.59031e+02 |162  0.00774 -4.48163e+02
163  0.00752 -3.72158e+02 |164  0.00098 -2.92635e+02 |165  0.01482 -2.75361e+02
166 -0.01604 -2.92081e+02 |167 -0.00232 -3.61470e+02 |168 -0.00087 -7.17918e+02
169  0.00533 -6.44102e+02 |170 -0.01616 -9.08102e+02 |171  0.05681 -8.72621e+02
172 -0.02168 -9.49397e+02 |173  0.01603 -9.12481e+02 |174  0.09832 -8.81066e+02
175 -0.14467 -9.26779e+02 |176  0.01094 -7.28640e+02 |177 -0.01720 -6.85055e+02
178  0.01703 -5.85206e+02 |179 -0.00580 -5.40373e+02 |180 -0.00214 -4.33351e+02
181 -0.00451 -8.19589e+01 |182  0.00304  1.17528e+00 |183 -0.00000 -1.70529e-06
184 -0.00000 -1.21924e-08 |185 -0.00000  1.47802e-08 |186  0.04351 -1.02675e+04
187 -0.03873 -1.03669e+04 |188 -0.00430 -1.02348e+04 |189  0.00722 -1.01872e+04
190  0.00332 -1.00828e+04 |191 -0.02774 -1.00288e+04 |192  0.01909 -9.79472e+03
193  0.00344 -9.68677e+03 |194 -0.04984 -9.26397e+03 |195  0.04114 -9.57637e+03
196 -0.03018 -9.58961e+03 |197  0.02374 -9.53501e+03 |198 -0.00111 -9.38205e+03
199  0.00836 -9.18953e+03 |200 -0.01272 -9.05044e+03 |201  0.00567 -8.97011e+03
202 -0.00087 -8.63963e+03 |203  0.00386 -8.45179e+03 |204 -0.00609 -7.79868e+03
205  0.00889 -7.01084e+03 |206 -0.00910 -6.65979e+03 |207  0.00956 -6.01937e+03
208  0.14518 -5.52796e+03 |209  0.02894 -5.10191e+03 |210 -0.21107 -4.74870e+03
211  0.03082 -4.69426e+03 |212  0.00032 -4.34224e+03 |213 -0.00239 -4.51279e+03
214  0.00264 -4.11479e+03 |215  0.00739 -3.85479e+03 |216 -0.00530 -3.79934e+03
217  0.00251 -4.56222e+03 |218  0.01162 -4.82609e+03 |219 -0.00060 -5.93073e+03
220 -0.07429 -6.05971e+03 |221  0.06177 -5.94422e+03 |222  0.00859 -5.76283e+03
223 -0.00069 -6.05605e+03 |224 -0.01830 -6.09463e+03 |225  0.00921 -5.90078e+03
226  0.00223 -5.70196e+03 |227 -0.00466 -4.87960e+03 |228  0.00511 -4.68618e+03
229 -0.00336 -4.27241e+03 |230 -0.00178 -4.00389e+03 |231  0.00381 -3.92042e+03
232 -0.00240 -3.83655e+03 |233  0.00269 -3.67690e+03 |234  0.00046 -3.72158e+03
235 -0.00049 -3.69739e+03 |236 -0.00286 -4.14618e+03 |237  0.00599 -4.69966e+03
238 -0.00492 -5.00963e+03 |239 -0.00208 -5.39631e+03 |240  0.00746 -5.21803e+03
241  0.00557 -4.55128e+03 |242 -0.00788 -4.13686e+03 |243 -0.00177 -4.05272e+03
244 -0.00024 -3.42444e+03 |245  0.00483 -2.74427e+03 |246 -0.00240 -2.21197e+03
247 -0.00134 -2.02482e+03 |248  0.00475 -1.38998e+03 |249 -0.00527 -8.31641e+02
250 -0.01077 -3.66810e+00 |251  0.00001 -2.87836e-04 |252 -0.00000 -4.82816e-07
253  0.00000 -5.65716e-08 |254  0.00255 -6.88197e+03 |255  0.01386 -6.83215e+03
256 -0.00282 -6.68815e+03 |257 -0.00339 -6.74672e+03 |258  0.00263 -6.60254e+03
259  0.01016 -6.42818e+03 |260 -0.01475 -6.14955e+03 |261  0.00988 -5.78211e+03
262  0.03144 -5.34729e+03 |263 -0.04900 -5.69244e+03 |264  0.03755 -5.98292e+03
265 -0.03576 -6.02270e+03 |266 -0.00062 -6.06624e+03 |267 -0.00033 -6.25060e+03
268  0.00491 -6.77575e+03 |269 -0.00337 -7.09274e+03 |270  0.00273 -7.81272e+03
271 -0.00568 -7.98678e+03 |272  0.00242 -8.03639e+03 |273 -0.00119 -8.02435e+03
274 -0.00320 -7.96445e+03 |275 -0.00174 -7.47938e+03 |276  0.00450 -7.39637e+03
277  0.00051 -7.57061e+03 |278  0.02617 -7.20302e+03 |279 -0.02636 -7.06516e+03
280  0.00363 -7.67938e+03 |281  0.00008 -8.19478e+03 |282 -0.00218 -8.34031e+03
283  0.00495 -8.49870e+03 |284  0.00111 -8.66871e+03 |285  0.00012 -9.61545e+03
286 -0.00252 -1.05738e+04 |287  0.00690 -1.16030e+04 |288  0.06706 -1.18790e+04
289 -0.07303 -1.18150e+04 |290 -0.00430 -1.18050e+04 |291  0.00697 -1.20410e+04
292  0.00439 -1.21100e+04 |293 -0.01148 -1.19085e+04 |294  0.00036 -1.16347e+04
295  0.00041 -1.12352e+04 |296 -0.00258 -1.11926e+04 |297  0.00730 -1.10912e+04
298 -0.00036 -1.10168e+04 |299 -0.00328 -1.09203e+04 |300 -0.00038 -1.10371e+04
301 -0.00381 -1.08072e+04 |302  0.00427 -1.04240e+04 |303 -0.00160 -1.02255e+04
304  0.00000 -1.05178e+04 |305  0.00281 -1.08244e+04 |306  0.00088 -1.10908e+04
307 -0.00155 -1.12703e+04 |308 -0.00212 -1.10008e+04 |309  0.00466 -1.05304e+04
310  0.00190 -9.80401e+03 |311 -0.00594 -8.91428e+03 |312 -0.00064 -7.97150e+03
313  0.00063 -6.74193e+03 |314 -0.00139 -5.35298e+03 |315 -0.00287 -4.15220e+03
316 -0.00192 -2.81400e+03 |317  0.00245 -1.30905e+03 |318 -0.00174 -3.16494e+00
319  0.00001  1.48201e-03 |320 -0.00000 -1.64907e-07 |321  0.00000  1.14766e-07
321 variables; iteration 140; function evaluation 149; phase 5
Function value 3.3425699e+03; maximum gradient component mag 1.5437e+04
Var    Value     Gradient |Var    Value     Gradient |Var    Value     Gradient
  1 -0.03165  1.54373e+04 |  2  0.12732  8.89096e+01 |  3  0.16825  9.83869e+01
  4 -1.48614  6.75188e+01 |  5  0.02118  8.22129e+01 |  6  0.05566  4.68460e+01
  7  0.05053  1.23044e+02 |  8  0.02031  5.90230e+01 |  9  0.04444  6.85324e+01
 10  0.03018 -2.55658e+01 | 11  0.22292  3.79008e+02 | 12 -0.04574 -1.70787e+00
 13 -0.05110 -3.02033e+01 | 14 -0.12973 -4.47630e+01 | 15 -0.16702 -4.61541e+01
 16  0.24581  8.78382e+02 | 17 -0.00725  4.38937e+01 | 18 -0.10662 -2.29215e+01
 19 -0.03371  8.83723e+01 | 20  0.00520  1.91740e+02 | 21 -0.08498  1.55924e+01
 22  0.04452  2.84449e+02 | 23 -0.07998  6.75801e+01 | 24 -0.03501  6.38504e+01
 25  0.00532  1.87364e+02 | 26  0.03629  4.58258e+02 | 27 -0.11107  3.70092e+01
 28 -0.00358  2.76996e+02 | 29  0.05001  4.95975e+02 | 30 -0.06317  2.13377e+02
 31 -0.15154  1.02570e+02 | 32  0.03465  4.77219e+02 | 33  0.02902  4.51970e+02
 34  0.02857  3.71538e+02 | 35  0.02522  4.65781e+02 | 36 -0.03958  2.83441e+02
 37 -0.02073  2.94981e+02 | 38  0.04106  2.81324e+02 | 39 -0.07035  6.27856e+01
 40  0.20172  9.05838e+02 | 41  0.02945  1.98177e+02 | 42  0.08011  3.82061e+02
 43 -0.07400  2.05310e+01 | 44  0.17297  8.75453e+02 | 45 -0.04510  9.31059e+01
 46 -0.05928 -2.23663e+02 | 47 -0.02366  7.66885e+01 | 48 -0.08700  2.02930e+01
 49  0.11197  1.07527e+02 | 50  0.00508 -1.23037e+02 | 51 -0.01164 -6.00800e+01
 52  0.00867 -3.14943e+02 | 53 -0.03671 -1.20515e+02 | 54  0.07399 -5.68239e+02
 55  0.00107 -4.69005e+02 | 56 -0.05997 -2.20270e+02 | 57 -0.07222 -3.88518e+02
 58  0.08682 -9.32745e+02 | 59 -0.05163 -2.68004e+02 | 60  0.01879 -3.45668e+02
 61 -0.00084 -3.90468e+02 | 62  0.06147 -6.82130e+02 | 63  0.08642 -8.18679e+02
 64 -0.06250 -3.42001e+02 | 65 -0.00613 -4.87169e+02 | 66  0.03307 -5.15377e+02
 67  0.00519 -4.61919e+02 | 68 -0.05349 -4.83955e+02 | 69  0.00444 -2.83934e+02
 70  0.00893 -2.35837e+02 | 71  0.15692 -1.96436e+02 | 72 -0.04450 -7.94834e+01
 73 -0.04352 -1.12918e+02 | 74 -0.57958 -1.21497e+02 | 75 -0.71664 -4.77038e+01
 76 -0.78666  8.84727e+01 | 77 -0.74155  1.67185e+00 | 78 -0.69799  1.15217e+02
 79 -0.73495  1.07132e+02 | 80 -0.81428  7.50305e+01 | 81 -0.85425  2.03084e+01
 82 -0.84115 -3.31876e+00 | 83 -0.69049  1.13525e+02 | 84 -0.80300  7.80151e+01
 85 -0.89990  5.74371e+00 | 86 -0.83856  9.79353e+00 | 87 -0.91525 -1.37501e+01
 88 -0.80535  6.83733e+01 | 89 -0.86262 -2.47256e+01 | 90 -0.83038 -2.64121e+01
 91 -0.74872  1.52575e+02 | 92 -0.83522 -4.43260e+01 | 93 -0.84961  1.51854e+01
 94  0.64093  2.28753e-01 | 95  0.09559  9.55722e-02 | 96 -0.82976 -4.98674e-06
 97 -0.47910 -1.23475e-06 | 98  0.28938 -1.50723e+03 | 99  0.26026 -2.10058e+03
100  0.14599 -1.85528e+03 |101  0.08323 -2.72269e+03 |102 -0.16885 -1.67939e+02
103 -0.20038  8.57057e+02 |104 -0.16169  1.02003e+03 |105 -0.00054  4.31455e+03
106  0.16779  1.13170e+03 |107 -0.02019  1.76760e+03 |108  0.16009  1.05425e+03
109  0.07961  6.42799e+02 |110  0.09892 -1.08255e+03 |111 -0.05763 -8.09811e+02
112 -0.34414 -4.01140e-01 |113 -0.20078  2.30783e+02 |114 -0.21274  1.94518e+02
115 -0.26304  8.17866e+01 |116  1.05514 -1.62483e+00 |117  1.05552 -2.00342e+00
118 -0.01802 -6.99159e+03 |119  0.03494 -6.97077e+03 |120  0.00887 -6.96318e+03
121  0.03418 -6.87669e+03 |122 -0.08619 -6.85261e+03 |123  0.02764 -6.84210e+03
124  0.00219 -6.82135e+03 |125  0.00555 -6.80218e+03 |126  0.01033 -6.43126e+03
127 -0.01765 -6.40994e+03 |128  0.01044 -6.37908e+03 |129 -0.00320 -6.34562e+03
130  0.00272 -6.23657e+03 |131 -0.00886 -6.19060e+03 |132  0.00890 -6.08704e+03
133 -0.00782 -6.03864e+03 |134  0.00301 -5.88145e+03 |135 -0.00170 -5.73329e+03
136 -0.00499 -5.41142e+03 |137 -0.00438 -5.26434e+03 |138  0.02229 -5.08705e+03
139  0.13014 -4.91182e+03 |140 -0.31016 -4.52673e+03 |141 -0.00628 -4.49058e+03
142  0.16906 -4.19450e+03 |143 -0.00745 -4.10427e+03 |144  0.00360 -3.95983e+03
145  0.00118 -3.71752e+03 |146  0.00517 -3.56525e+03 |147 -0.00853 -3.45874e+03
148  0.01994 -3.27231e+03 |149  0.00548 -3.25815e+03 |150 -0.02204 -3.12775e+03
151 -0.00584 -3.05739e+03 |152 -0.00722 -3.02067e+03 |153  0.01536 -2.95744e+03
154 -0.00196 -2.72409e+03 |155 -0.01115 -2.67761e+03 |156 -0.00607 -2.62346e+03
157  0.01157 -2.34971e+03 |158 -0.00663 -2.20570e+03 |159  0.01122 -1.36437e+03
160 -0.00887 -1.17484e+03 |161 -0.00307 -9.57477e+02 |162  0.01037 -6.38322e+02
163  0.00783 -5.52248e+02 |164  0.00469 -4.67875e+02 |165  0.01604 -4.63915e+02
166 -0.02616 -4.86360e+02 |167  0.00313 -5.24689e+02 |168 -0.00817 -8.32836e+02
169  0.00164 -6.69723e+02 |170 -0.00279 -8.75411e+02 |171  0.03691 -8.84742e+02
172  0.04927 -9.08522e+02 |173 -0.10000 -9.37079e+02 |174  0.00783 -8.15758e+02
175  0.01717 -6.75593e+02 |176 -0.00063 -6.17415e+02 |177 -0.01320 -5.44732e+02
178  0.01713 -4.67174e+02 |179 -0.00549 -4.17366e+02 |180 -0.00055 -3.21760e+02
181 -0.00273 -4.84996e+01 |182 -0.00706  6.10611e+00 |183 -0.00034  7.69629e+00
184  0.00000  1.36383e-08 |185  0.00000  1.12995e-08 |186  0.11484 -9.35597e+03
187 -0.13005 -9.37157e+03 |188  0.00637 -9.25004e+03 |189  0.00603 -9.08058e+03
190  0.02233 -8.69059e+03 |191 -0.04992 -8.64253e+03 |192  0.02493 -8.37802e+03
193 -0.00966 -8.26216e+03 |194  0.00353 -7.76058e+03 |195  0.00825 -8.02503e+03
196 -0.05210 -8.07964e+03 |197  0.04439 -8.00954e+03 |198 -0.00428 -7.79274e+03
199  0.01011 -7.64395e+03 |200 -0.01419 -7.63145e+03 |201  0.00794 -7.57107e+03
202 -0.00621 -7.33625e+03 |203  0.00730 -7.26857e+03 |204 -0.00586 -6.86091e+03
205  0.01203 -6.28638e+03 |206 -0.01600 -6.06549e+03 |207  0.01189 -5.34040e+03
208  0.12838 -4.96929e+03 |209  0.04032 -4.52496e+03 |210 -0.20096 -4.26968e+03
211  0.02694 -4.24889e+03 |212 -0.00113 -4.00262e+03 |213 -0.00054 -4.10719e+03
214  0.00238 -3.87315e+03 |215  0.00722 -3.70243e+03 |216 -0.00751 -3.70775e+03
217  0.00252 -4.27478e+03 |218  0.01356 -4.43130e+03 |219 -0.00131 -5.42738e+03
220 -0.06579 -5.54032e+03 |221  0.05450 -5.52751e+03 |222  0.00814 -5.37035e+03
223 -0.00400 -5.67028e+03 |224 -0.01480 -5.61704e+03 |225  0.00629 -5.32828e+03
226  0.00715 -5.15387e+03 |227 -0.00540 -4.29959e+03 |228  0.00471 -4.28215e+03
229 -0.00376 -3.99713e+03 |230 -0.00269 -3.69335e+03 |231  0.00526 -3.70246e+03
232 -0.00762 -3.67349e+03 |233  0.00497 -3.21878e+03 |234  0.00387 -3.16906e+03
235 -0.00449 -3.21634e+03 |236  0.00069 -3.51139e+03 |237  0.00449 -4.08064e+03
238 -0.00411 -4.35575e+03 |239 -0.00485 -4.83331e+03 |240  0.00895 -4.50819e+03
241  0.00781 -3.80945e+03 |242 -0.00561 -3.49826e+03 |243 -0.00438 -3.37379e+03
244 -0.00271 -2.97866e+03 |245  0.00947 -2.35334e+03 |246 -0.00750 -2.12662e+03
247 -0.00116 -1.87360e+03 |248  0.00571 -1.34600e+03 |249 -0.00751 -8.99568e+02
250  0.01115  1.64852e+01 |251 -0.00778  1.30041e+01 |252  0.00000  1.44666e-07
253  0.00000  3.67288e-07 |254  0.00335 -7.93721e+03 |255  0.02175 -5.71289e+03
256 -0.01146 -5.71165e+03 |257 -0.00064 -5.74979e+03 |258  0.00084 -5.50532e+03
259  0.01586 -5.40444e+03 |260 -0.01989 -5.10377e+03 |261  0.01053 -4.82940e+03
262 -0.01225 -4.37078e+03 |263 -0.01218 -4.48834e+03 |264  0.05864 -4.54501e+03
265 -0.05722 -4.54662e+03 |266  0.00457 -4.32833e+03 |267 -0.00043 -4.55041e+03
268  0.00440 -5.11755e+03 |269 -0.00277 -5.40019e+03 |270  0.00739 -6.10733e+03
271 -0.00982 -6.48920e+03 |272  0.00253 -6.66608e+03 |273 -0.00134 -6.75421e+03
274 -0.00061 -6.75241e+03 |275 -0.00366 -6.28139e+03 |276  0.00413 -6.24662e+03
277  0.00387 -6.43203e+03 |278  0.01941 -6.36848e+03 |279 -0.02267 -6.30459e+03
280  0.00286 -6.92888e+03 |281  0.00031 -7.35437e+03 |282 -0.00059 -7.58841e+03
283  0.00516 -7.90377e+03 |284 -0.00090 -8.15077e+03 |285  0.00020 -8.90352e+03
286 -0.00276 -9.72650e+03 |287  0.00665 -1.06387e+04 |288  0.06153 -1.08118e+04
289 -0.06635 -1.08565e+04 |290 -0.00516 -1.08628e+04 |291  0.00831 -1.10766e+04
292  0.00120 -1.11903e+04 |293 -0.00634 -1.08395e+04 |294 -0.00359 -1.07465e+04
295  0.00048 -1.01865e+04 |296 -0.00019 -1.02078e+04 |297  0.00579 -1.02029e+04
298  0.00060 -1.00784e+04 |299 -0.00564 -1.00701e+04 |300  0.00353 -1.00297e+04
301 -0.00557 -9.70505e+03 |302  0.00360 -9.32118e+03 |303 -0.00061 -9.12505e+03
304 -0.00294 -9.34032e+03 |305  0.00456 -9.50563e+03 |306  0.00133 -9.71322e+03
307 -0.00079 -9.95341e+03 |308 -0.00339 -9.63554e+03 |309  0.00630 -9.10086e+03
310  0.00071 -8.54417e+03 |311 -0.00649 -7.64438e+03 |312  0.00205 -6.86131e+03
313 -0.00112 -5.90319e+03 |314 -0.00133 -4.72381e+03 |315 -0.00063 -3.53592e+03
316 -0.00293 -2.48600e+03 |317  0.00349 -1.18933e+03 |318 -0.06594 -1.68871e+01
319  0.00973  1.63770e+00 |320 -0.00000 -2.57507e-06 |321 -0.00000 -2.47153e-06
321 variables; iteration 160; function evaluation 169; phase 5
Function value 3.2329137e+03; maximum gradient component mag -4.6910e+03
Var    Value     Gradient |Var    Value     Gradient |Var    Value     Gradient
  1 -0.03396  3.53419e+03 |  2 -0.24100 -4.61732e+01 |  3  0.22538  1.34936e+02
  4 -0.58298 -6.52935e+01 |  5 -0.02058  3.73006e+01 |  6  0.08642  6.96510e+01
  7  0.02285  2.13450e+01 |  8  0.00575  6.26740e+01 |  9  0.07277  1.13408e+02
 10  0.01605  8.14050e+01 | 11  0.20495  2.92189e+02 | 12 -0.10316  4.72492e+01
 13 -0.04037  8.65198e+01 | 14 -0.18212  2.36332e+01 | 15 -0.11146  9.52510e+01
 16  0.23581  7.11303e+02 | 17 -0.00048  1.66642e+02 | 18 -0.11508  3.23624e+01
 19 -0.04474  1.41086e+02 | 20 -0.00749  2.36943e+02 | 21 -0.10470  8.67761e+01
 22  0.02606  2.60799e+02 | 23 -0.11945  9.84017e+01 | 24 -0.05333  1.33354e+02
 25 -0.00727  1.61601e+02 | 26  0.02462  3.26189e+02 | 27 -0.13060  9.65079e+01
 28  0.01152  3.09437e+02 | 29  0.05122  4.22062e+02 | 30 -0.06124  1.92795e+02
 31 -0.13329  1.47319e+02 | 32  0.05252  4.77961e+02 | 33  0.06341  3.77126e+02
 34  0.05114  2.77409e+02 | 35  0.06147  4.49074e+02 | 36 -0.03675  2.21472e+02
 37  0.00535  3.11178e+02 | 38  0.06622  2.76180e+02 | 39 -0.13768  1.33881e+01
 40  0.19821  4.69799e+02 | 41  0.03398  1.79041e+02 | 42  0.08093  2.64211e+02
 43 -0.06996  6.95375e+01 | 44  0.17789  5.05293e+02 | 45 -0.04197  8.43338e+01
 46 -0.04727 -5.59508e+01 | 47 -0.01139  3.05250e+02 | 48 -0.08888 -3.45421e+01
 49  0.11491 -1.89238e+02 | 50  0.00613 -2.21017e+02 | 51 -0.01382 -2.11057e+02
 52  0.01724 -1.90196e+02 | 53 -0.03941 -2.73645e+02 | 54  0.08043 -5.62082e+02
 55  0.00554 -4.49411e+02 | 56 -0.06036 -2.99439e+02 | 57 -0.06788 -2.93546e+02
 58  0.09052 -9.98846e+02 | 59 -0.04821 -2.25925e+02 | 60  0.02215 -3.38499e+02
 61  0.00409 -2.79082e+02 | 62  0.06572 -6.89935e+02 | 63  0.09483 -7.85946e+02
 64 -0.05732 -2.72347e+02 | 65 -0.00020 -4.19786e+02 | 66  0.03870 -4.08393e+02
 67  0.00654 -4.01617e+02 | 68 -0.04168 -1.89923e+02 | 69  0.00688 -3.04450e+02
 70  0.01704 -2.91068e+01 | 71  0.16162 -1.68163e+02 | 72 -0.04943 -6.65692e+01
 73 -0.05759 -1.64057e+02 | 74 -0.56146 -5.21983e+01 | 75 -0.69496  3.42246e+00
 76 -0.78818  9.94984e+01 | 77 -0.73217  4.05995e+01 | 78 -0.70468  1.11794e+02
 79 -0.73449  1.11091e+02 | 80 -0.81603  8.14210e+01 | 81 -0.83656  8.62245e+01
 82 -0.80703  9.41690e+01 | 83 -0.74647  5.23949e+01 | 84 -0.80898  8.03474e+01
 85 -0.83502  6.22123e+01 | 86 -0.80571  5.38427e+01 | 87 -0.70089  2.54004e+02
 88 -0.82419  4.92506e+01 | 89 -0.83264  1.39587e+01 | 90 -0.78558  3.04422e+01
 91 -0.82235 -2.06152e+01 | 92 -0.80084 -3.47089e+00 | 93 -0.84955  7.86627e+00
 94  0.71640  4.03645e-01 | 95  0.09359  3.02580e-01 | 96 -0.82975 -4.98700e-06
 97 -0.47910 -1.18944e-06 | 98  0.29946 -1.83053e+02 | 99  0.22789 -7.54121e+02
100  0.15283 -6.04843e+02 |101  0.08529 -1.87767e+03 |102 -0.16640 -2.22695e+02
103 -0.20416  1.72937e+02 |104 -0.16145  4.11449e+02 |105 -0.00117  1.57477e+03
106  0.16795  4.19332e+02 |107 -0.01945  1.24906e+03 |108  0.16211  6.68289e+02
109  0.06081  3.14648e+02 |110  0.10396 -8.54509e+02 |111 -0.05071 -6.25873e+02
112 -0.34517  3.99287e+02 |113 -0.20415  3.14251e+02 |114 -0.21115  1.75687e+02
115 -0.26343  6.92469e+01 |116  1.24758 -7.27237e+00 |117  1.26719 -1.06115e+01
118  0.03203 -8.46689e+02 |119  0.00994 -8.38627e+02 |120 -0.01992 -8.45092e+02
121  0.32669 -5.65242e+02 |122 -0.41164 -6.54918e+02 |123  0.04590 -5.91450e+02
124  0.01935 -5.88558e+02 |125 -0.01583 -5.82223e+02 |126  0.03576 -3.81896e+02
127  0.02377 -3.78275e+02 |128 -0.04826 -3.94877e+02 |129  0.00421 -3.60137e+02
130  0.00878 -3.52097e+02 |131 -0.01543 -3.66595e+02 |132  0.05968 -3.43061e+02
133 -0.03495 -4.10373e+02 |134 -0.00843 -4.29198e+02 |135 -0.00888 -4.69742e+02
136  0.00428 -3.82951e+02 |137 -0.01469 -3.89908e+02 |138  0.01630 -3.97230e+02
139  0.09486 -4.59764e+02 |140 -0.24943 -5.12515e+02 |141  0.07541 -3.60648e+02
142  0.07502 -4.27379e+02 |143 -0.01562 -3.95564e+02 |144  0.01310 -4.63718e+02
145 -0.00360 -4.09234e+02 |146  0.02102 -3.70110e+02 |147 -0.01683 -3.78285e+02
148 -0.01861 -3.57274e+02 |149  0.04783 -2.84789e+02 |150 -0.04826 -2.66780e+02
151  0.01584 -1.39967e+02 |152  0.01451 -1.52712e+02 |153 -0.01556 -1.64966e+02
154 -0.00955 -1.23506e+02 |155 -0.01072 -8.31673e+01 |156  0.00624 -5.72820e+01
157  0.01709 -1.58153e+02 |158 -0.01232 -1.48891e+02 |159 -0.00270 -1.54158e+00
160  0.00060  1.73764e+02 |161  0.00350  2.52182e+02 |162  0.00364  2.04999e+02
163  0.00613  2.00587e+02 |164  0.01857  2.00589e+02 |165  0.02442  1.23545e+02
166 -0.04761  7.91189e+01 |167 -0.01173 -8.94891e+00 |168  0.04893 -2.16975e+02
169 -0.05922 -2.74026e+02 |170  0.00309 -3.07842e+02 |171  0.09739 -2.19204e+02
172 -0.03509 -3.15169e+02 |173 -0.03044 -3.11400e+02 |174 -0.03959 -3.09281e+02
175  0.03837 -1.47171e+02 |176 -0.01387 -1.85525e+02 |177 -0.00137 -1.39379e+02
178  0.01821 -1.24061e+02 |179 -0.01186 -1.40359e+02 |180  0.00226 -1.20167e+02
181 -0.01985 -8.17842e+01 |182  0.01626  6.32616e+00 |183  0.01954  7.07314e+00
184  0.00000  8.82614e-09 |185 -0.00000 -2.09413e-08 |186  0.00130 -3.35451e+03
187  0.01482 -2.96971e+03 |188 -0.02449 -3.06852e+03 |189  0.00909 -2.57682e+03
190  0.03526 -1.76560e+03 |191 -0.02859 -1.66090e+03 |192 -0.01532 -1.60443e+03
193  0.02232 -1.45454e+03 |194 -0.02831 -1.22664e+03 |195  0.01542 -1.41007e+03
196  0.00871 -1.44043e+03 |197 -0.02046 -1.43967e+03 |198  0.00237 -1.43893e+03
199  0.00915 -1.33973e+03 |200 -0.00939 -1.31860e+03 |201  0.00613 -1.35200e+03
202  0.00142 -1.37717e+03 |203  0.00640 -1.43390e+03 |204 -0.01208 -1.59689e+03
205  0.01112 -1.29570e+03 |206 -0.00351 -1.35972e+03 |207  0.00174 -1.25018e+03
208  0.12310 -1.41772e+03 |209 -0.04432 -1.37014e+03 |210 -0.19192 -1.41375e+03
211  0.11248 -1.38031e+03 |212 -0.00970 -1.66349e+03 |213  0.00648 -1.87890e+03
214 -0.00376 -1.90835e+03 |215  0.00643 -1.92991e+03 |216 -0.00721 -1.70660e+03
217 -0.00748 -2.14955e+03 |218  0.03213 -2.24521e+03 |219 -0.01730 -2.73434e+03
220 -0.01399 -2.66418e+03 |221  0.01464 -2.64913e+03 |222  0.00522 -2.73533e+03
223 -0.00291 -3.06125e+03 |224 -0.02190 -3.08743e+03 |225  0.01471 -3.08551e+03
226  0.00312 -3.00679e+03 |227 -0.00565 -2.78901e+03 |228  0.00558 -2.89641e+03
229 -0.00312 -2.75630e+03 |230 -0.00193 -2.78594e+03 |231 -0.00006 -2.80417e+03
232 -0.00709 -2.71530e+03 |233  0.00673 -2.19570e+03 |234  0.00621 -2.08820e+03
235 -0.00126 -2.27644e+03 |236 -0.00750 -2.75134e+03 |237  0.00346 -3.01861e+03
238 -0.00313 -2.90793e+03 |239 -0.00286 -3.16590e+03 |240  0.01300 -2.69849e+03
241  0.00532 -2.23387e+03 |242 -0.00300 -1.97309e+03 |243 -0.01015 -1.91872e+03
244  0.00145 -1.53811e+03 |245  0.00640 -1.27901e+03 |246 -0.00829 -1.17238e+03
247 -0.00058 -9.14731e+02 |248  0.00637 -5.68736e+02 |249 -0.00792 -4.52416e+02
250  0.00019  2.30930e+01 |251 -0.00321  2.46312e+01 |252  0.00000  2.36006e-07
253 -0.00000 -1.83326e-07 |254  0.00195 -2.59409e+03 |255  0.01730 -2.16953e+03
256 -0.00645 -2.49041e+03 |257 -0.00313 -2.05531e+03 |258  0.00176 -1.40685e+03
259 -0.00039 -1.28509e+03 |260  0.00333 -1.08431e+03 |261 -0.00061 -9.42256e+02
262  0.00436 -6.69880e+02 |263 -0.02206 -7.69116e+02 |264  0.00119 -8.74210e+02
265  0.00935 -4.10789e+02 |266 -0.00491 -7.10242e+02 |267 -0.00258 -9.52870e+02
268  0.00248 -1.26179e+03 |269 -0.00185 -1.45364e+03 |270  0.00022 -1.87511e+03
271 -0.00268 -1.95912e+03 |272  0.00854 -1.99589e+03 |273  0.00117 -2.10727e+03
274 -0.01360 -2.40692e+03 |275  0.00697 -2.01343e+03 |276  0.00083 -2.01067e+03
277  0.00934 -2.01015e+03 |278  0.09823 -2.10650e+03 |279 -0.11079 -2.14675e+03
280  0.00832 -2.30831e+03 |281 -0.00626 -2.55743e+03 |282  0.00351 -2.54510e+03
283  0.00121 -2.65811e+03 |284  0.00421 -2.46859e+03 |285 -0.00313 -3.10662e+03
286 -0.01606 -3.55610e+03 |287  0.02048 -3.88779e+03 |288  0.01719 -4.01322e+03
289 -0.02063 -4.20694e+03 |290 -0.00653 -4.31799e+03 |291  0.00955 -4.50565e+03
292  0.00497 -4.69103e+03 |293 -0.01456 -4.68636e+03 |294  0.00141 -4.39443e+03
295  0.00179 -4.19170e+03 |296 -0.00141 -4.37948e+03 |297  0.00420 -4.46768e+03
298 -0.00099 -4.47125e+03 |299  0.00035 -4.27236e+03 |300  0.00345 -4.49599e+03
301 -0.00834 -4.28254e+03 |302  0.00392 -3.96581e+03 |303 -0.00303 -3.95633e+03
304  0.00025 -4.22916e+03 |305  0.00341 -4.32420e+03 |306  0.00295 -4.47952e+03
307 -0.00226 -4.67003e+03 |308 -0.00425 -4.33301e+03 |309  0.00617 -3.91402e+03
310  0.00667 -3.35990e+03 |311 -0.00872 -3.16709e+03 |312  0.00162 -2.56641e+03
313  0.00211 -2.17298e+03 |314 -0.00336 -1.90235e+03 |315  0.00164 -1.16703e+03
316  0.00086 -6.70661e+02 |317  0.00352 -4.42804e+02 |318 -0.02254 -1.66188e+01
319 -0.02106 -1.47569e+01 |320 -0.00000 -1.38653e-08 |321 -0.00000 -2.90632e-07
321 variables; iteration 180; function evaluation 197; phase 5
Function value 3.1316741e+03; maximum gradient component mag -4.7827e+03
Var    Value     Gradient |Var    Value     Gradient |Var    Value     Gradient
  1 -0.03371  2.91585e+02 |  2 -0.28810 -5.31919e+01 |  3  0.23284  1.39080e+02
  4 -0.52274 -6.73549e+01 |  5 -0.02462  2.27732e+01 |  6  0.07004  1.67764e+00
  7  0.02162  3.63982e+00 |  8  0.04819  8.49897e+01 |  9  0.08753  1.39018e+02
 10  0.01834  7.82401e+01 | 11  0.19691  1.17551e+02 | 12 -0.10747  3.93554e+01
 13 -0.03042  8.87146e+01 | 14 -0.18479  3.08531e+01 | 15 -0.08467  1.14647e+02
 16  0.24012  4.70823e+02 | 17 -0.01001  1.30771e+02 | 18 -0.13050  3.27882e+00
 19 -0.05278  6.97499e+01 | 20 -0.01946  1.03655e+02 | 21 -0.10597  7.72275e+01
 22  0.01828  5.60100e+01 | 23 -0.11989  5.60716e+01 | 24 -0.04632  9.63281e+01
 25  0.00834  1.90206e+02 | 26  0.02108  1.35649e+02 | 27 -0.12924  4.87794e+01
 28  0.01002  1.48546e+02 | 29  0.05696  2.69302e+02 | 30 -0.05642  1.41537e+02
 31 -0.15084  9.11743e+01 | 32  0.04236  2.68967e+02 | 33  0.05996  1.99154e+02
 34  0.04349  1.11636e+02 | 35  0.06411  2.96157e+02 | 36 -0.04992  1.04652e+02
 37 -0.00953  1.32144e+02 | 38  0.06626  1.45154e+02 | 39 -0.11055  8.07394e+00
 40  0.20081  8.75389e+01 | 41  0.03209  1.30990e+02 | 42  0.07952  1.17171e+02
 43 -0.06497  7.80143e+01 | 44  0.17877  2.17227e+02 | 45 -0.04243 -1.01527e+01
 46 -0.05284 -1.80057e+02 | 47 -0.01656 -4.02988e+01 | 48 -0.08833  2.75930e+01
 49  0.11469 -1.02221e+02 | 50  0.00703 -1.36062e+02 | 51 -0.01146 -2.44499e+02
 52  0.01759 -2.09869e+02 | 53 -0.03632 -8.04351e+01 | 54  0.08157 -3.15072e+02
 55  0.00638 -1.83522e+02 | 56 -0.06270 -3.37303e+02 | 57 -0.06621 -3.13667e+02
 58  0.09036 -8.56314e+01 | 59 -0.04756 -3.21483e+02 | 60  0.02087 -3.41579e+02
 61  0.00804  4.32944e+01 | 62  0.06879 -1.71327e+02 | 63  0.09579 -5.06643e+02
 64 -0.05821 -4.19833e+01 | 65 -0.00521 -2.94302e+00 | 66  0.03803 -3.33042e+02
 67  0.01068 -7.09839e+01 | 68 -0.03587  8.54709e+01 | 69  0.01360 -6.96700e+02
 70  0.02116  1.11521e+02 | 71  0.16188  9.48931e+01 | 72 -0.03905 -1.09416e+02
 73 -0.06603 -1.86702e+02 | 74 -0.55889 -4.52901e+01 | 75 -0.68701  5.85421e+00
 76 -0.79672  5.71797e+01 | 77 -0.71412  3.89821e+01 | 78 -0.68867  1.49333e+02
 79 -0.72640  1.06412e+02 | 80 -0.82245  3.11485e+01 | 81 -0.83226  7.47177e+01
 82 -0.81276  6.19253e+01 | 83 -0.71846  5.22922e+01 | 84 -0.81510  3.32593e+01
 85 -0.82570  3.06048e+01 | 86 -0.79257  2.83364e+01 | 87 -0.73821  1.19348e+02
 88 -0.82763  5.38858e+00 | 89 -0.82208 -1.17593e+01 | 90 -0.78281  1.73924e+01
 91 -0.81528 -1.75922e+01 | 92 -0.77687  5.03943e+01 | 93 -0.84736  2.54090e+01
 94  0.75295 -2.15752e-06 | 95  0.09526  4.00898e-05 | 96 -0.82975 -4.98666e-06
 97 -0.47910 -1.20784e-06 | 98  0.26525 -2.25012e+02 | 99  0.17090 -1.10915e+03
100  0.18919 -5.90171e+02 |101  0.08626 -1.33834e+03 |102 -0.16500 -1.48801e+02
103 -0.20754 -9.88867e+01 |104 -0.15914  2.40298e+02 |105 -0.00141 -2.24910e+03
106  0.16845 -3.98409e+02 |107 -0.01965  3.06106e+02 |108  0.16536  1.43494e+02
109  0.04889  1.05793e+02 |110  0.10793 -7.16874e+02 |111 -0.04829 -4.74222e+02
112 -0.34540  2.63613e+02 |113 -0.19877  2.21444e+02 |114 -0.22865  8.70385e+01
115 -0.26604  3.02536e+01 |116  1.82651 -7.56868e+01 |117  2.12883 -1.62144e+00
118  0.03711 -1.01439e+03 |119  0.07841 -9.90112e+02 |120 -0.09887 -1.02874e+03
121  0.27269 -6.02091e+02 |122 -0.37761 -6.75736e+02 |123  0.06630 -6.32553e+02
124  0.04502 -6.09460e+02 |125 -0.03226 -6.22602e+02 |126  0.03197 -4.37723e+02
127  0.06001 -4.18309e+02 |128 -0.08310 -4.51486e+02 |129  0.01480 -4.12288e+02
130  0.00172 -4.28587e+02 |131 -0.00646 -4.33707e+02 |132  0.04068 -4.60919e+02
133 -0.03818 -5.20506e+02 |134  0.01002 -4.95361e+02 |135  0.00319 -5.46772e+02
136 -0.01764 -5.32105e+02 |137 -0.01031 -5.18406e+02 |138  0.01076 -4.89300e+02
139  0.11481 -4.46072e+02 |140 -0.26016 -5.02241e+02 |141  0.06075 -3.92552e+02
142  0.09074 -4.62229e+02 |143 -0.01952 -4.54149e+02 |144  0.01495 -5.11336e+02
145 -0.00358 -4.57953e+02 |146  0.02522 -4.24423e+02 |147 -0.02242 -4.39167e+02
148 -0.01120 -4.03504e+02 |149  0.04221 -3.50199e+02 |150 -0.04264 -3.36140e+02
151  0.00940 -2.58922e+02 |152  0.00451 -2.73410e+02 |153 -0.00176 -2.75146e+02
154 -0.01222 -2.54407e+02 |155 -0.02136 -2.24949e+02 |156  0.02143 -9.84748e+01
157  0.00555 -2.62182e+02 |158 -0.00561 -2.34241e+02 |159 -0.00132 -1.34232e+02
160 -0.00021 -3.54042e+00 |161  0.00833  6.41054e+01 |162 -0.00484 -2.28728e+01
163  0.00896 -1.42917e+01 |164  0.00984 -3.41575e+01 |165  0.03641 -9.26895e+01
166 -0.05341 -1.42263e+02 |167 -0.00593 -2.22429e+02 |168  0.04978 -5.56433e+02
169 -0.06661 -6.15600e+02 |170 -0.00260 -4.55163e+02 |171  0.07840 -1.53563e+02
172  0.00489 -2.31402e+02 |173 -0.04116 -2.41814e+02 |174 -0.04073 -2.38570e+02
175  0.04237 -1.00382e+02 |176 -0.00859 -1.50558e+02 |177  0.01637 -1.42028e+02
178 -0.01043 -1.60798e+02 |179 -0.00825 -1.73745e+02 |180 -0.00250 -1.68178e+02
181 -0.02305 -1.32931e+02 |182  0.05851  1.43551e+01 |183 -0.02101 -5.18126e+00
184 -0.00000 -5.06246e-07 |185 -0.00000 -2.23445e-07 |186  0.02615 -4.78267e+03
187 -0.01441 -4.62423e+03 |188 -0.01004 -4.60383e+03 |189  0.01223 -3.93900e+03
190  0.07661 -3.19849e+03 |191 -0.07721 -3.16148e+03 |192 -0.01087 -3.07166e+03
193  0.02872 -2.93267e+03 |194 -0.04083 -2.73863e+03 |195  0.01499 -2.81543e+03
196  0.02530 -2.56295e+03 |197 -0.02630 -2.63378e+03 |198  0.00004 -2.49068e+03
199  0.00754 -2.39129e+03 |200 -0.00451 -2.23656e+03 |201  0.00428 -2.33458e+03
202  0.00057 -2.35899e+03 |203  0.00314 -2.39739e+03 |204 -0.00617 -2.21236e+03
205  0.00633 -2.17501e+03 |206 -0.00486 -2.15792e+03 |207  0.00268 -2.12309e+03
208  0.12665 -2.03283e+03 |209 -0.02793 -2.03459e+03 |210 -0.18737 -2.06342e+03
211  0.09141 -2.00982e+03 |212 -0.01181 -2.25108e+03 |213  0.00648 -2.40080e+03
214 -0.00495 -2.34755e+03 |215  0.00709 -2.24694e+03 |216 -0.00502 -1.97671e+03
217 -0.00617 -2.31516e+03 |218  0.02147 -2.27005e+03 |219 -0.00891 -2.48202e+03
220 -0.01998 -2.43341e+03 |221  0.01944 -2.38948e+03 |222  0.00757 -2.39952e+03
223 -0.00639 -2.81368e+03 |224 -0.02058 -2.68959e+03 |225  0.01915 -2.63515e+03
226  0.00037 -2.60900e+03 |227 -0.00375 -2.43133e+03 |228  0.00371 -2.57314e+03
229 -0.00603 -2.48837e+03 |230  0.00317 -2.30897e+03 |231 -0.00066 -2.48303e+03
232 -0.00719 -2.46682e+03 |233  0.00379 -2.05875e+03 |234  0.00861 -1.75208e+03
235 -0.00179 -1.91423e+03 |236 -0.00959 -2.33934e+03 |237  0.00332 -2.53848e+03
238 -0.00132 -2.11018e+03 |239 -0.00132 -2.22225e+03 |240  0.00983 -1.78738e+03
241  0.01026 -1.28152e+03 |242 -0.00424 -1.23014e+03 |243 -0.01668 -1.19293e+03
244  0.00277 -9.36309e+02 |245  0.00797 -7.56265e+02 |246 -0.00465 -6.28210e+02
247 -0.00286 -5.68502e+02 |248  0.00603 -2.02778e+02 |249 -0.00808 -1.88551e+02
250 -0.15738 -3.72694e+01 |251  0.15624  3.70200e+01 |252 -0.00000 -3.74188e-06
253 -0.00000 -2.05940e-06 |254 -0.00653 -2.57325e+03 |255  0.02914 -2.18988e+03
256 -0.01632 -2.53254e+03 |257 -0.00625 -2.03785e+03 |258  0.00024 -1.45920e+03
259  0.00857 -1.19236e+03 |260 -0.00012 -1.02171e+03 |261 -0.00252 -9.54729e+02
262  0.01164 -7.23230e+02 |263 -0.03218 -7.83867e+02 |264  0.00299 -7.48819e+02
265  0.00464 -4.61699e+02 |266 -0.00038 -5.39780e+02 |267 -0.00416 -8.03057e+02
268  0.00157 -9.41006e+02 |269  0.00184 -1.04573e+03 |270  0.00013 -1.55220e+03
271 -0.00299 -1.62641e+03 |272  0.00615 -1.44975e+03 |273  0.00438 -1.48508e+03
274 -0.00875 -1.91372e+03 |275  0.00213 -1.85459e+03 |276 -0.00043 -1.85452e+03
277  0.00693 -1.86302e+03 |278  0.07629 -1.84013e+03 |279 -0.08858 -1.82230e+03
280  0.01209 -1.89398e+03 |281 -0.00581 -2.18237e+03 |282  0.00122 -2.27759e+03
283  0.00207 -2.23231e+03 |284  0.00281 -2.12061e+03 |285 -0.00335 -2.70155e+03
286 -0.00651 -2.89537e+03 |287  0.01164 -3.17814e+03 |288  0.02338 -3.27842e+03
289 -0.02732 -3.42664e+03 |290 -0.00538 -3.40885e+03 |291  0.00785 -3.57217e+03
292  0.00670 -3.49149e+03 |293 -0.01669 -3.42254e+03 |294  0.00394 -2.99393e+03
295 -0.00175 -2.83517e+03 |296  0.00170 -2.87603e+03 |297  0.00365 -2.98154e+03
298 -0.00239 -2.79675e+03 |299  0.00106 -2.57609e+03 |300  0.00325 -2.77048e+03
301 -0.00521 -2.58116e+03 |302  0.00109 -2.43015e+03 |303 -0.00435 -2.26481e+03
304  0.00315 -2.17915e+03 |305  0.00064 -2.18010e+03 |306  0.00768 -2.12960e+03
307 -0.00659 -2.30071e+03 |308 -0.00111 -1.77335e+03 |309  0.00383 -1.48071e+03
310  0.00606 -1.10878e+03 |311 -0.00251 -8.81140e+02 |312  0.00104 -4.99725e+02
313 -0.00245 -7.12295e+02 |314 -0.00021 -5.76947e+02 |315 -0.00123 -3.47834e+02
316  0.00451  1.68967e+02 |317  0.00337 -4.59706e+01 |318  0.38759  7.36931e+01
319 -0.42103 -7.61349e+01 |320  0.00000  2.46077e-05 |321  0.00000  2.62053e-05
321 variables; iteration 200; function evaluation 217; phase 5
Function value 3.0645904e+03; maximum gradient component mag 4.7778e+03
Var    Value     Gradient |Var    Value     Gradient |Var    Value     Gradient
  1 -0.03313  4.77783e+03 |  2 -0.20573 -4.14203e+01 |  3  0.19675  6.13725e+01
  4 -0.81035 -3.80351e+01 |  5 -0.05115  1.24873e+01 |  6  0.07897  4.28406e+01
  7 -0.01902 -5.42738e+01 |  8  0.04028  3.99388e+01 |  9  0.06713  9.68023e+01
 10  0.01886  2.80710e+01 | 11  0.19429 -1.44081e+01 | 12 -0.10763 -2.22160e+01
 13 -0.04282  1.99967e+01 | 14 -0.16682 -2.36160e+01 | 15 -0.12580  9.74724e+00
 16  0.24597  4.69461e+02 | 17 -0.00087  3.26201e+01 | 18 -0.15185 -6.26372e+01
 19 -0.05031  1.04151e+01 | 20 -0.01808  4.16477e+01 | 21 -0.10304  1.75678e+01
 22  0.02335  5.59360e+01 | 23 -0.11590  3.45447e+00 | 24 -0.03516  6.65445e+01
 25  0.00626  1.49704e+02 | 26  0.01762  5.19991e+01 | 27 -0.11922 -1.77545e+01
 28  0.00825  4.58191e+01 | 29  0.05968  1.93157e+02 | 30 -0.05920  7.58924e+01
 31 -0.16278  1.42529e+01 | 32  0.04691  1.59857e+02 | 33  0.04537  7.76963e+01
 34  0.04991  7.12029e+01 | 35  0.05568  1.70999e+02 | 36 -0.07239 -3.60993e+01
 37 -0.02314  2.88242e+00 | 38  0.05399  3.37939e+01 | 39 -0.06993 -2.02233e+01
 40  0.20648  1.40207e+02 | 41  0.03254  4.94296e+01 | 42  0.07476 -4.20679e+01
 43 -0.06087  4.25364e+01 | 44  0.17766  1.82266e+02 | 45 -0.04241 -4.34549e+01
 46 -0.05152 -1.84299e+02 | 47 -0.01870 -7.81009e+01 | 48 -0.09172 -3.81450e+01
 49  0.11458  7.06638e+00 | 50  0.00331 -1.79650e+02 | 51 -0.00894 -1.61557e+02
 52  0.01289 -2.04152e+02 | 53 -0.02892  4.16298e+01 | 54  0.08137 -1.05823e+02
 55  0.01299  1.06701e+02 | 56 -0.06017 -2.58591e+02 | 57 -0.05940 -1.05678e+02
 58  0.09098  1.80102e+02 | 59 -0.04678 -2.25209e+02 | 60  0.01961 -2.28727e+02
 61  0.00963  1.45417e+02 | 62  0.07198  9.53103e+01 | 63  0.09828 -2.00888e+02
 64 -0.06309 -1.00403e+02 | 65 -0.00833 -2.05999e+01 | 66  0.03515 -3.09439e+02
 67  0.01162  2.10763e+01 | 68 -0.03721  4.80882e+01 | 69  0.01840 -4.88414e+02
 70  0.02790  1.74622e+02 | 71  0.16950  2.26875e+02 | 72 -0.04013 -1.50656e+02
 73 -0.05200 -1.68895e+02 | 74 -0.56013 -3.00015e+01 | 75 -0.63195  3.22338e+01
 76 -0.79834  1.24968e+01 | 77 -0.70211 -5.00385e+00 | 78 -0.71754  5.48050e+01
 79 -0.75144  2.15575e+01 | 80 -0.81755  5.83693e+00 | 81 -0.84003  1.81879e+01
 82 -0.82774 -1.12580e+00 | 83 -0.69741  4.60776e+01 | 84 -0.81214  1.00165e+01
 85 -0.79963  1.97928e+01 | 86 -0.76900  2.20973e+01 | 87 -0.81202 -5.63390e+00
 88 -0.79670  2.54613e+01 | 89 -0.79700  2.28617e+01 | 90 -0.77106  2.39791e+01
 91 -0.80305 -4.88450e+00 | 92 -0.77652  5.16404e+01 | 93 -0.85324  1.88259e+01
 94  0.84095  1.52571e-05 | 95  0.10365  7.70465e-06 | 96 -0.82975 -4.98635e-06
 97 -0.47910 -1.22688e-06 | 98  0.28991 -3.06413e+02 | 99  0.20325 -5.50809e+02
100  0.23379  2.36581e+02 |101  0.08825 -7.23588e+02 |102 -0.16514 -1.16261e+02
103 -0.20498 -1.78332e+02 |104 -0.16194 -2.13909e+01 |105 -0.00189 -2.35211e+03
106  0.16996 -4.98519e+01 |107 -0.02010  4.84749e+02 |108  0.16713  2.28595e+02
109  0.03332  8.92200e+01 |110  0.11551 -5.09973e+02 |111 -0.04237 -1.52843e+02
112 -0.34706 -1.88344e+01 |113 -0.19235  1.12845e+02 |114 -0.24234  3.64916e+01
115 -0.25611  1.54153e+01 |116  1.88337 -2.85128e+01 |117  2.09550 -9.03097e+01
118  0.08080 -1.39044e+03 |119  0.03384 -1.41116e+03 |120 -0.10063 -1.42822e+03
121  0.15960 -1.12972e+03 |122 -0.29318 -1.14212e+03 |123  0.09951 -1.05722e+03
124  0.04315 -1.02738e+03 |125 -0.03105 -1.04386e+03 |126  0.02877 -8.48867e+02
127 -0.00077 -8.43512e+02 |128 -0.01388 -8.42758e+02 |129  0.00311 -8.27099e+02
130 -0.00219 -8.14308e+02 |131 -0.00599 -7.90067e+02 |132  0.05530 -7.19848e+02
133 -0.04821 -7.87355e+02 |134  0.00734 -7.41164e+02 |135  0.00470 -7.70869e+02
136 -0.01957 -7.39400e+02 |137 -0.00715 -6.93877e+02 |138  0.01239 -6.55305e+02
139  0.15467 -5.61481e+02 |140 -0.30334 -6.11842e+02 |141  0.04052 -5.12861e+02
142  0.10414 -5.64773e+02 |143 -0.01352 -4.89562e+02 |144  0.01997 -4.59169e+02
145 -0.01125 -4.22957e+02 |146  0.01541 -3.72617e+02 |147 -0.00929 -3.56616e+02
148  0.01667 -3.01755e+02 |149  0.01178 -3.01159e+02 |150 -0.02956 -2.68666e+02
151 -0.01044 -2.30412e+02 |152  0.05075 -1.79737e+02 |153 -0.04134 -2.12341e+02
154 -0.00174 -1.25903e+02 |155 -0.01520 -1.05989e+02 |156  0.00339 -6.74584e+01
157  0.00842 -1.62777e+02 |158 -0.00778 -1.25268e+02 |159  0.00993  3.67389e+01
160 -0.00365  1.14665e+02 |161  0.00000  1.69326e+02 |162 -0.00159  1.39968e+02
163  0.01025  1.81725e+02 |164  0.00496  1.62907e+02 |165  0.03218  1.24897e+02
166 -0.03424  8.42458e+01 |167 -0.01272 -1.21929e+01 |168  0.03724 -3.23375e+02
169 -0.05570 -3.72643e+02 |170  0.00715 -2.06117e+02 |171  0.03857 -8.40657e+01
172  0.05174 -1.10203e+02 |173 -0.05007 -1.36320e+02 |174 -0.02465 -1.28813e+02
175  0.01001 -9.35458e+01 |176  0.01636 -1.08809e+02 |177  0.01008 -1.32132e+02
178 -0.04053 -1.59808e+02 |179  0.00710 -9.85601e+01 |180  0.00204 -7.66150e+01
181 -0.01626 -5.24750e+01 |182  0.03127  7.70309e+00 |183 -0.00753 -1.85813e+00
184 -0.00000 -2.53229e-07 |185 -0.00000 -1.06320e-07 |186  0.02636 -2.40863e+03
187 -0.02092 -2.38911e+03 |188 -0.00821 -2.41068e+03 |189  0.01523 -1.87155e+03
190  0.09471 -1.56015e+03 |191 -0.12743 -1.49130e+03 |192  0.02167 -1.25585e+03
193  0.01004 -1.18215e+03 |194 -0.02864 -9.83000e+02 |195  0.02015 -1.00831e+03
196  0.01192 -9.22951e+02 |197 -0.01120 -1.01850e+03 |198 -0.00541 -8.68546e+02
199  0.00761 -8.44057e+02 |200 -0.00655 -6.77893e+02 |201  0.00660 -7.53187e+02
202  0.00011 -7.91038e+02 |203 -0.00019 -9.07455e+02 |204 -0.00189 -6.80489e+02
205  0.00740 -8.33621e+02 |206 -0.01363 -8.53547e+02 |207  0.00690 -9.50488e+02
208  0.12584 -9.24669e+02 |209 -0.00482 -8.82946e+02 |210 -0.17192 -9.61786e+02
211  0.05166 -9.13371e+02 |212 -0.00738 -1.00707e+03 |213  0.00375 -1.04003e+03
214 -0.00360 -9.56664e+02 |215  0.00730 -9.40033e+02 |216 -0.00908 -6.77768e+02
217  0.00200 -5.24486e+02 |218  0.01075 -4.06971e+02 |219 -0.00185 -3.23627e+02
220 -0.01428 -2.47709e+02 |221  0.01177 -1.80938e+02 |222  0.00392 -1.07370e+02
223 -0.00229 -2.59542e+02 |224 -0.01622 -1.73487e+02 |225  0.01601 -1.87606e+02
226  0.00385 -2.89061e+02 |227 -0.00675 -2.51113e+02 |228  0.00396 -3.82578e+02
229 -0.00622 -3.43795e+02 |230  0.00037 -1.98255e+02 |231  0.00440 -3.35464e+02
232 -0.00736 -4.48703e+02 |233  0.00136 -2.57394e+02 |234  0.00438 -4.84817e+01
235 -0.00030 -1.34233e+01 |236 -0.00796 -2.76676e+02 |237  0.00599 -3.08454e+02
238 -0.00743  4.03590e+01 |239  0.00553  6.89659e+01 |240  0.00985  1.86546e+02
241  0.00868  4.81087e+02 |242 -0.00959  4.25320e+02 |243 -0.01930  4.33090e+02
244  0.00967  5.34284e+02 |245  0.01135  5.59461e+02 |246 -0.00528  5.21013e+02
247 -0.00702  3.90283e+02 |248  0.00653  4.75813e+02 |249 -0.00626  3.53226e+02
250 -0.08712 -2.12295e+01 |251  0.08895  2.16620e+01 |252 -0.00000 -1.93191e-06
253 -0.00000 -9.32165e-07 |254 -0.01673  1.05168e+03 |255  0.03040  1.70516e+03
256 -0.01807  1.27161e+03 |257 -0.00634  1.69847e+03 |258  0.00371  2.03597e+03
259  0.02471  2.12840e+03 |260 -0.01860  2.35981e+03 |261  0.00895  2.37797e+03
262  0.00084  2.54903e+03 |263 -0.03361  2.51468e+03 |264  0.01236  2.61157e+03
265 -0.01170  2.54806e+03 |266  0.00615  2.65643e+03 |267 -0.00370  2.40928e+03
268  0.00195  2.36458e+03 |269 -0.00085  2.29335e+03 |270  0.00295  2.08826e+03
271 -0.00247  1.95444e+03 |272  0.00301  2.16145e+03 |273  0.00619  2.15582e+03
274 -0.00029  1.71619e+03 |275 -0.00335  1.41403e+03 |276 -0.00309  1.19811e+03
277  0.00547  1.21788e+03 |278  0.04210  1.28275e+03 |279 -0.05048  1.24270e+03
280  0.00688  1.12288e+03 |281 -0.00101  9.64425e+02 |282 -0.00007  8.22748e+02
283  0.00162  7.70006e+02 |284  0.00289  8.03471e+02 |285 -0.00384  5.24876e+02
286 -0.00009  3.93991e+02 |287  0.00516  3.02012e+02 |288  0.01640  2.19871e+02
289 -0.01845  9.58663e+01 |290 -0.00324 -5.81919e+00 |291  0.00268 -8.16492e+01
292  0.00719  1.71597e+02 |293 -0.01374  1.92971e+02 |294  0.00327  4.19083e+02
295 -0.00393  3.89186e+02 |296  0.00160  3.93768e+02 |297  0.00541  3.75792e+02
298 -0.00033  4.66223e+02 |299 -0.00296  5.01992e+02 |300  0.00285  3.58304e+02
301 -0.00170  4.99427e+02 |302 -0.00077  3.89373e+02 |303 -0.00337  6.92059e+02
304  0.00209  7.95511e+02 |305 -0.00086  9.09015e+02 |306  0.01061  1.08087e+03
307 -0.00711  9.90954e+02 |308 -0.00344  1.25067e+03 |309  0.00715  1.55908e+03
310  0.00411  1.67072e+03 |311  0.00754  1.86912e+03 |312 -0.00679  1.89253e+03
313 -0.00464  1.41917e+03 |314  0.00457  1.47731e+03 |315 -0.00045  1.16995e+03
316  0.00417  1.19278e+03 |317  0.00248  5.08109e+02 |318  0.25727  5.67892e+01
319 -0.30071 -6.36431e+01 |320  0.00000  1.13374e-05 |321  0.00000  1.22229e-05
321 variables; iteration 220; function evaluation 237; phase 5
Function value 3.0473447e+03; maximum gradient component mag 2.7924e+03
Var    Value     Gradient |Var    Value     Gradient |Var    Value     Gradient
  1 -0.03346  2.79244e+03 |  2 -0.20816 -4.23030e+01 |  3  0.19910  4.59116e+01
  4 -0.74857 -4.81801e+01 |  5 -0.06807 -2.83929e+00 |  6  0.08215  3.51401e+01
  7 -0.00483 -2.81276e+01 |  8  0.04034  3.56327e+01 |  9  0.06963  7.87224e+01
 10  0.00471  1.16667e+00 | 11  0.20092 -3.32307e+01 | 12 -0.10756 -1.76854e+01
 13 -0.03805  1.35277e+01 | 14 -0.16261 -1.76334e+01 | 15 -0.13752  3.72495e+00
 16  0.24447  3.15936e+02 | 17 -0.00343  2.11717e+01 | 18 -0.15290 -5.94170e+01
 19 -0.05160 -2.26018e+00 | 20 -0.01618  3.15031e+01 | 21 -0.10270  3.85734e+00
 22  0.01824 -1.37881e+01 | 23 -0.11581 -8.34482e+00 | 24 -0.04136  4.20206e+01
 25  0.01280  1.38673e+02 | 26  0.01825  1.60357e+01 | 27 -0.12173 -2.35546e+01
 28  0.00942  1.69131e+01 | 29  0.06174  1.39443e+02 | 30 -0.06154  5.19395e+01
 31 -0.18869 -9.28561e+00 | 32  0.04035  8.68308e+01 | 33  0.04827  4.82559e+01
 34  0.04713  7.87938e+00 | 35  0.05953  1.55843e+02 | 36 -0.06727 -3.74404e+01
 37 -0.03600 -4.47328e+01 | 38  0.05924  2.19871e+01 | 39 -0.06749 -2.12617e+01
 40  0.20913  8.70986e+01 | 41  0.03264  3.15019e+01 | 42  0.07419 -7.89502e+01
 43 -0.06175  2.68098e+01 | 44  0.17778  1.26362e+02 | 45 -0.04240 -4.79052e+01
 46 -0.04923 -1.69186e+02 | 47 -0.02012 -1.09298e+02 | 48 -0.08882 -1.26782e+01
 49  0.11475 -7.74224e+00 | 50  0.00525 -1.49780e+02 | 51 -0.00567 -1.09292e+02
 52  0.01489 -1.66703e+02 | 53 -0.02968  2.94625e+01 | 54  0.08239 -8.05503e+01
 55  0.01221  8.07538e+01 | 56 -0.06001 -2.52563e+02 | 57 -0.06166 -1.40676e+02
 58  0.09168  1.78216e+02 | 59 -0.04609 -2.09806e+02 | 60  0.02119 -1.95348e+02
 61  0.00984  1.54159e+02 | 62  0.07225  1.06601e+02 | 63  0.09890 -1.37665e+02
 64 -0.06083 -5.81165e+01 | 65 -0.00799 -5.04840e+00 | 66  0.03587 -2.55115e+02
 67  0.01237  6.36604e+01 | 68 -0.03607  9.23230e+01 | 69  0.02026 -4.13627e+02
 70  0.02715  1.75175e+02 | 71  0.16878  2.22427e+02 | 72 -0.03628 -1.07267e+02
 73 -0.05101 -1.53242e+02 | 74 -0.56014 -2.21556e+01 | 75 -0.62335  4.52311e+01
 76 -0.78796  4.68838e+01 | 77 -0.68318  1.97429e+01 | 78 -0.71470  5.75817e+01
 79 -0.74803  2.47133e+01 | 80 -0.81857  2.78810e+00 | 81 -0.83762  2.27408e+01
 82 -0.83075 -1.20412e+01 | 83 -0.68675  5.65712e+01 | 84 -0.81362  3.97850e+00
 85 -0.80455  9.89699e+00 | 86 -0.77121  1.47618e+01 | 87 -0.80284 -1.84232e+00
 88 -0.80026  1.44087e+01 | 89 -0.79685  2.00069e+01 | 90 -0.77268  1.63834e+01
 91 -0.80274 -7.18326e+00 | 92 -0.77541  5.18514e+01 | 93 -0.85134  2.68668e+01
 94  0.87253  2.64259e-05 | 95  0.10865  1.14666e-05 | 96 -0.82975 -4.98647e-06
 97 -0.47910 -1.19826e-06 | 98  0.29689 -3.21220e+02 | 99  0.19042 -5.69457e+02
100  0.23112  1.82764e+02 |101  0.08866 -6.21985e+02 |102 -0.16479 -1.13302e+02
103 -0.20445 -2.18951e+02 |104 -0.16332 -1.06925e+02 |105 -0.00190 -2.29300e+03
106  0.17026 -2.33567e+01 |107 -0.02039  4.55735e+02 |108  0.16735  2.23103e+02
109  0.03162  8.51399e+01 |110  0.11951 -4.33983e+02 |111 -0.04079 -1.19556e+02
112 -0.34737 -1.16789e+01 |113 -0.19417  7.80098e+01 |114 -0.24436  1.81474e+01
115 -0.25628  6.77598e+00 |116  1.87351 -2.72407e+01 |117  2.08979 -1.04702e+02
118  0.06121 -1.47651e+03 |119  0.03983 -1.48532e+03 |120 -0.08191 -1.50567e+03
121  0.13923 -1.29307e+03 |122 -0.27382 -1.29449e+03 |123  0.09268 -1.22283e+03
124  0.01833 -1.19935e+03 |125 -0.00370 -1.18469e+03 |126  0.02747 -1.00581e+03
127  0.09871 -9.62408e+02 |128 -0.13046 -1.00876e+03 |129  0.02145 -9.57448e+02
130 -0.00319 -9.51312e+02 |131 -0.00782 -9.23994e+02 |132  0.05399 -8.39949e+02
133 -0.04752 -9.05931e+02 |134  0.01287 -8.40836e+02 |135  0.00222 -8.77921e+02
136 -0.02243 -8.48656e+02 |137 -0.00347 -7.89682e+02 |138  0.01173 -7.53177e+02
139  0.14961 -6.68277e+02 |140 -0.29757 -7.09578e+02 |141  0.03927 -6.29139e+02
142  0.10467 -6.71020e+02 |143 -0.01158 -5.83821e+02 |144  0.01630 -5.94144e+02
145 -0.00724 -5.42368e+02 |146  0.01304 -4.99847e+02 |147 -0.00412 -4.85124e+02
148  0.00116 -4.55999e+02 |149  0.01940 -4.33970e+02 |150 -0.02726 -3.94349e+02
151 -0.00861 -3.53073e+02 |152  0.04430 -3.08410e+02 |153 -0.03604 -3.36887e+02
154  0.00211 -2.47539e+02 |155 -0.02399 -2.36472e+02 |156  0.00845 -1.67826e+02
157  0.00330 -2.61699e+02 |158 -0.00150 -1.95879e+02 |159  0.00742 -4.65487e+01
160 -0.00056  4.74119e+01 |161 -0.00425  9.22023e+01 |162  0.00001  9.41339e+01
163  0.01232  1.43731e+02 |164  0.00388  1.17060e+02 |165  0.02280  7.57065e+01
166 -0.03035  4.12459e+01 |167 -0.00765 -3.77474e+01 |168  0.03345 -3.30864e+02
169 -0.05010 -3.75059e+02 |170  0.00404 -2.30459e+02 |171  0.04044 -5.67071e+01
172  0.04221 -8.71616e+01 |173 -0.04323 -1.08570e+02 |174 -0.01669 -1.00311e+02
175  0.00698 -7.79200e+01 |176  0.00245 -1.04249e+02 |177  0.02292 -1.08908e+02
178 -0.03842 -1.39641e+02 |179  0.00104 -1.01181e+02 |180  0.00460 -6.20186e+01
181 -0.01313 -3.69663e+01 |182  0.05576  1.36880e+01 |183 -0.03161 -7.78691e+00
184 -0.00000 -6.14464e-07 |185 -0.00000 -2.69664e-07 |186  0.03006 -2.47281e+03
187 -0.02011 -2.47039e+03 |188 -0.01002 -2.47789e+03 |189  0.01756 -2.07606e+03
190  0.08958 -1.79924e+03 |191 -0.12293 -1.73649e+03 |192  0.02022 -1.55315e+03
193  0.01059 -1.47002e+03 |194 -0.03037 -1.28837e+03 |195  0.01803 -1.18497e+03
196  0.01845 -9.81535e+02 |197 -0.01364 -1.06532e+03 |198 -0.00565 -9.08249e+02
199  0.00858 -8.50799e+02 |200 -0.00846 -7.27604e+02 |201  0.00720 -7.55527e+02
202 -0.00133 -7.52041e+02 |203  0.00268 -8.38076e+02 |204 -0.00375 -6.00379e+02
205  0.00680 -7.99559e+02 |206 -0.01165 -8.10256e+02 |207  0.00623 -9.81982e+02
208  0.12317 -9.66388e+02 |209 -0.00530 -9.32766e+02 |210 -0.16988 -1.00219e+03
211  0.05341 -9.93061e+02 |212 -0.00845 -1.11114e+03 |213  0.00339 -1.16334e+03
214 -0.00268 -1.03495e+03 |215  0.00514 -1.01413e+03 |216 -0.00602 -7.59991e+02
217  0.00146 -6.03096e+02 |218  0.00971 -5.26793e+02 |219 -0.00205 -3.97497e+02
220 -0.01034 -3.05824e+02 |221  0.00858 -2.61109e+02 |222  0.00181 -1.77080e+02
223  0.00051 -2.47054e+02 |224 -0.01810 -1.63595e+02 |225  0.01712 -1.49533e+02
226  0.00280 -2.86606e+02 |227 -0.00757 -2.18165e+02 |228  0.00531 -2.41912e+02
229 -0.00566 -1.95089e+02 |230 -0.00019 -3.77681e+01 |231  0.00428 -1.54737e+02
232 -0.00629 -2.58370e+02 |233  0.00137 -1.17803e+02 |234  0.00214 -7.39106e+00
235  0.00065  6.58401e+01 |236 -0.00716 -1.44697e+02 |237  0.00438 -1.32893e+02
238 -0.00663  2.66838e+02 |239  0.00680  3.51944e+02 |240  0.00918  4.20452e+02
241  0.00815  6.59661e+02 |242 -0.00844  6.10252e+02 |243 -0.02110  5.96862e+02
244  0.01124  6.86786e+02 |245  0.01040  6.50010e+02 |246 -0.00574  6.24872e+02
247 -0.00552  4.76121e+02 |248  0.00520  5.42030e+02 |249 -0.00584  4.23309e+02
250 -0.15627 -3.70283e+01 |251  0.15337  3.63957e+01 |252 -0.00000 -4.01563e-06
253 -0.00000 -2.11094e-06 |254 -0.01622  8.10341e+02 |255  0.02788  1.45724e+03
256 -0.01549  1.08116e+03 |257 -0.00762  1.39532e+03 |258  0.00562  1.69506e+03
259  0.02530  1.77349e+03 |260 -0.01873  1.95584e+03 |261  0.00739  1.95451e+03
262  0.00101  2.11117e+03 |263 -0.03346  2.19672e+03 |264  0.01298  2.31313e+03
265 -0.01334  2.23205e+03 |266  0.00638  2.39299e+03 |267 -0.00336  2.23539e+03
268  0.00223  2.24931e+03 |269 -0.00129  2.24907e+03 |270  0.00436  2.12213e+03
271 -0.00436  1.99777e+03 |272  0.00576  2.28926e+03 |273  0.00472  2.22724e+03
274 -0.00089  1.81461e+03 |275 -0.00315  1.46024e+03 |276 -0.00186  1.28465e+03
277  0.00458  1.24614e+03 |278  0.04261  1.30494e+03 |279 -0.05179  1.23200e+03
280  0.00826  1.16620e+03 |281 -0.00104  1.04607e+03 |282 -0.00085  9.00077e+02
283  0.00251  9.17744e+02 |284  0.00155  9.64998e+02 |285 -0.00288  6.81970e+02
286 -0.00051  6.20295e+02 |287  0.00462  5.88152e+02 |288  0.01358  5.67361e+02
289 -0.01591  4.50318e+02 |290 -0.00105  4.60758e+02 |291  0.00148  4.06275e+02
292  0.00761  6.52930e+02 |293 -0.01384  6.89754e+02 |294  0.00285  8.70619e+02
295 -0.00271  8.74561e+02 |296  0.00017  9.12582e+02 |297  0.00547  9.19035e+02
298 -0.00011  1.03372e+03 |299 -0.00321  1.09081e+03 |300  0.00240  9.75867e+02
301 -0.00044  1.11069e+03 |302  0.00016  9.16370e+02 |303 -0.00479  1.10316e+03
304  0.00100  1.23873e+03 |305  0.00084  1.42784e+03 |306  0.01017  1.56257e+03
307 -0.00784  1.50964e+03 |308 -0.00214  1.77793e+03 |309  0.00699  1.98178e+03
310  0.00336  2.03211e+03 |311  0.00889  2.22868e+03 |312 -0.00770  2.22821e+03
313 -0.00466  1.68697e+03 |314  0.00536  1.71765e+03 |315 -0.00184  1.31813e+03
316  0.00521  1.34042e+03 |317  0.00254  6.06036e+02 |318  0.16494  3.88997e+01
319 -0.21820 -4.97208e+01 |320  0.00000  3.16973e-05 |321  0.00000  3.35810e-05
321 variables; iteration 240; function evaluation 259; phase 5
Function value 3.0060577e+03; maximum gradient component mag -7.6340e+03
Var    Value     Gradient |Var    Value     Gradient |Var    Value     Gradient
  1 -0.03327 -7.63396e+03 |  2 -0.24258 -4.98524e+01 |  3  0.19074 -4.48077e+01
  4 -0.41651 -6.73719e+01 |  5 -0.09018 -4.15065e+01 |  6  0.04953 -1.07993e+02
  7  0.02830  1.18063e+01 |  8  0.03338  1.66358e+01 |  9  0.06963  7.95463e+00
 10  0.00377  2.95185e+01 | 11  0.20146 -2.38046e+02 | 12 -0.15373  3.59446e+01
 13 -0.02322  6.38471e+01 | 14 -0.18313  5.13376e+01 | 15 -0.12292  7.95281e+01
 16  0.23904 -2.69917e+02 | 17  0.01374  2.81469e+01 | 18 -0.12776  2.73701e+01
 19 -0.05307  9.22194e+00 | 20 -0.02142 -2.32632e+01 | 21 -0.08583  4.64298e+01
 22  0.01935 -1.56791e+02 | 23 -0.12629  2.94002e+01 | 24 -0.03676  7.13522e+00
 25  0.02011  4.84907e+01 | 26  0.02655 -8.79502e+01 | 27 -0.13128 -1.51075e+00
 28  0.00922 -7.68305e+01 | 29  0.06588 -1.43531e+02 | 30 -0.07683  2.33760e+00
 31 -0.19839  3.29087e+01 | 32  0.02695 -1.15424e+02 | 33  0.04274 -1.16319e+02
 34  0.04562 -1.17103e+02 | 35  0.05869 -6.02153e+01 | 36 -0.09319 -5.25618e+01
 37 -0.01115 -4.39506e+01 | 38  0.05700 -6.07795e+01 | 39 -0.04698  4.13712e+01
 40  0.20037 -2.60581e+02 | 41  0.03665  3.59642e+01 | 42  0.07409 -9.95964e+01
 43 -0.05998  8.61240e+01 | 44  0.17749 -8.72877e+01 | 45 -0.04193  5.25114e+00
 46 -0.04331 -9.67612e+01 | 47 -0.02676 -1.74491e+02 | 48 -0.08738  6.70946e+01
 49  0.11364 -7.50171e+01 | 50  0.01363  4.43516e+01 | 51 -0.00152 -1.39671e+00
 52  0.01882 -3.53001e+01 | 53 -0.03177  7.74787e+01 | 54  0.08564  7.41738e+01
 55  0.01137  1.15545e+02 | 56 -0.05790 -1.52983e+02 | 57 -0.06096 -2.93703e+01
 58  0.09197  2.17639e+02 | 59 -0.04313 -8.86089e+01 | 60  0.02238 -9.74121e+01
 61  0.00799  2.08290e+02 | 62  0.07155  1.75014e+02 | 63  0.10139  6.27356e+01
 64 -0.05467  1.36667e+02 | 65 -0.00733  1.07419e+02 | 66  0.03904  2.54031e+01
 67  0.01407  2.20673e+02 | 68 -0.03512  2.33164e+02 | 69  0.02395 -1.57175e+02
 70  0.02053  1.75115e+02 | 71  0.16495  2.09403e+02 | 72 -0.03299  3.31868e+01
 73 -0.04321 -2.00395e+01 | 74 -0.55592  3.77843e+01 | 75 -0.60769  6.88062e+01
 76 -0.79309  3.43045e+01 | 77 -0.65393  6.64711e+01 | 78 -0.69552  8.90925e+01
 79 -0.73447  4.19964e+01 | 80 -0.82633 -1.23699e+01 | 81 -0.83339  3.03091e+01
 82 -0.82200  2.02025e+00 | 83 -0.69988  3.18203e+01 | 84 -0.82017 -1.16941e+01
 85 -0.79533  1.41264e+01 | 86 -0.76878  1.23954e+01 | 87 -0.77103  2.76414e+01
 88 -0.82142 -2.26613e+01 | 89 -0.79858  1.29247e+01 | 90 -0.76132  3.39626e+01
 91 -0.81895 -4.17938e+01 | 92 -0.75660  9.45093e+01 | 93 -0.85015  2.02189e+01
 94  0.98617  6.33590e-05 | 95  0.12881  2.16662e-05 | 96 -0.82974 -4.98618e-06
 97 -0.47910 -1.21975e-06 | 98  0.32128 -2.49262e+02 | 99  0.14608 -8.60971e+02
100  0.20188 -2.16186e+02 |101  0.09031 -1.71373e+02 |102 -0.16364 -1.11708e+02
103 -0.20598 -4.03061e+02 |104 -0.16101 -2.42514e+02 |105 -0.00178 -2.00618e+03
106  0.17049 -1.44955e+00 |107 -0.02083  4.23572e+02 |108  0.17044  2.58585e+02
109  0.02043  6.42025e+01 |110  0.12873 -2.94080e+02 |111 -0.03635  3.01968e+00
112 -0.34804  1.68133e+02 |113 -0.19337  1.08752e+02 |114 -0.24832 -1.82641e+00
115 -0.25861 -8.38485e+00 |116  1.81620 -3.93967e+01 |117  2.08055 -1.34912e+02
118  0.04432 -1.17274e+03 |119  0.04758 -1.17040e+03 |120 -0.07966 -1.19559e+03
121  0.16969 -9.90702e+02 |122 -0.27337 -1.03081e+03 |123  0.05636 -1.01607e+03
124  0.03182 -9.85816e+02 |125 -0.00566 -9.84639e+02 |126  0.02738 -8.51575e+02
127  0.04344 -8.33139e+02 |128 -0.06249 -8.56901e+02 |129  0.00917 -8.25742e+02
130 -0.00039 -8.38413e+02 |131 -0.00920 -8.30239e+02 |132 -0.00215 -8.57495e+02
133  0.01548 -8.08883e+02 |134 -0.00387 -8.08825e+02 |135  0.01122 -8.08310e+02
136 -0.01281 -7.92394e+02 |137 -0.01443 -7.96118e+02 |138  0.01513 -7.79915e+02
139  0.13414 -7.85247e+02 |140 -0.28648 -8.14658e+02 |141  0.03834 -7.48630e+02
142  0.11110 -7.53629e+02 |143 -0.01711 -7.37859e+02 |144  0.01362 -7.59490e+02
145  0.00132 -6.91750e+02 |146  0.00571 -6.82171e+02 |147 -0.00121 -6.42752e+02
148 -0.01251 -6.43410e+02 |149  0.02410 -5.69824e+02 |150 -0.00423 -5.01082e+02
151 -0.01666 -4.98250e+02 |152 -0.01614 -5.02695e+02 |153  0.01656 -4.55334e+02
154 -0.00058 -3.91280e+02 |155 -0.02549 -3.75487e+02 |156  0.01195 -2.50438e+02
157  0.01122 -3.26629e+02 |158 -0.00691 -2.95164e+02 |159  0.00690 -1.44798e+02
160 -0.00608 -5.94643e+01 |161  0.00036  1.83291e+01 |162  0.00172  2.12046e+01
163  0.01113  4.30756e+01 |164 -0.00106  1.42709e+01 |165  0.01335 -1.85301e+01
166 -0.02927 -4.25773e+01 |167  0.00097 -6.56495e+01 |168  0.02903 -2.18742e+02
169 -0.04039 -2.50053e+02 |170  0.00113 -1.67823e+02 |171  0.05272  1.61612e+01
172 -0.01137 -4.93028e+01 |173  0.00055 -2.74386e+01 |174 -0.01404 -2.93989e+01
175  0.01105 -1.01073e+01 |176 -0.01557 -5.95722e+01 |177  0.02330 -3.92653e+01
178 -0.01653 -6.21654e+01 |179 -0.00966 -7.15159e+01 |180  0.00577 -4.64307e+01
181 -0.01556 -3.71200e+01 |182  0.02471  6.09041e+00 |183 -0.00216 -5.32441e-01
184 -0.00000 -1.81162e-07 |185 -0.00000 -7.32745e-08 |186  0.03901 -3.66742e+03
187 -0.00779 -3.63055e+03 |188 -0.01653 -3.64169e+03 |189  0.01337 -3.46033e+03
190  0.07517 -3.27931e+03 |191 -0.10051 -3.26996e+03 |192  0.01412 -3.22849e+03
193  0.01766 -3.18526e+03 |194 -0.05522 -3.03914e+03 |195  0.03292 -2.88079e+03
196  0.00640 -2.58487e+03 |197 -0.00193 -2.65584e+03 |198 -0.00206 -2.53287e+03
199  0.01022 -2.45849e+03 |200 -0.01064 -2.46515e+03 |201  0.00251 -2.46276e+03
202  0.00459 -2.41611e+03 |203 -0.00101 -2.44708e+03 |204 -0.00332 -2.14321e+03
205  0.00519 -2.38182e+03 |206 -0.00939 -2.40540e+03 |207  0.00678 -2.57905e+03
208  0.11972 -2.52259e+03 |209 -0.01085 -2.52316e+03 |210 -0.16041 -2.51153e+03
211  0.05294 -2.46343e+03 |212 -0.00880 -2.57401e+03 |213  0.00452 -2.56026e+03
214 -0.00905 -2.55061e+03 |215  0.01478 -2.35405e+03 |216 -0.01105 -2.15831e+03
217  0.00280 -2.03064e+03 |218  0.00359 -1.84766e+03 |219  0.00262 -1.30221e+03
220 -0.00131 -1.20727e+03 |221  0.00097 -1.11236e+03 |222  0.00045 -1.05101e+03
223 -0.00132 -1.11465e+03 |224 -0.02120 -9.47669e+02 |225  0.01878 -8.23387e+02
226  0.00446 -8.53752e+02 |227 -0.00699 -6.57664e+02 |228  0.00543 -4.90285e+02
229 -0.00530 -3.18225e+02 |230  0.00093 -6.51406e+01 |231  0.00304 -2.16216e+02
232 -0.00415 -2.29091e+02 |233  0.00046 -3.54172e+02 |234  0.00296 -2.91577e+02
235 -0.00190 -3.05213e+02 |236 -0.01126 -2.64141e+02 |237  0.00951  9.29727e+01
238 -0.00312  4.71528e+02 |239  0.00384  4.84807e+02 |240  0.00779  4.61589e+02
241  0.00975  6.69691e+02 |242 -0.01053  5.81608e+02 |243 -0.02189  5.80337e+02
244  0.01469  7.10201e+02 |245  0.00707  5.67747e+02 |246 -0.00683  6.20154e+02
247 -0.00328  4.94980e+02 |248  0.00548  5.36526e+02 |249 -0.00544  4.77089e+02
250 -0.04945 -1.21518e+01 |251  0.04987  1.22543e+01 |252 -0.00000 -1.62023e-06
253 -0.00000 -9.54786e-07 |254 -0.00982 -9.50358e+02 |255  0.01696 -5.57032e+02
256 -0.00409 -5.65827e+02 |257 -0.00645 -4.16030e+02 |258  0.00531 -2.50303e+02
259  0.02578 -2.82942e+02 |260 -0.01896 -2.32165e+02 |261 -0.00351 -2.91888e+02
262  0.02626 -9.13800e+01 |263 -0.04839  1.39671e+01 |264  0.01794  1.40184e+02
265 -0.01847 -1.14094e+01 |266  0.00131  1.96629e+02 |267 -0.00152  4.25926e+02
268  0.00241  6.31860e+02 |269  0.00039  9.10729e+02 |270  0.00167  9.57480e+02
271  0.00018  1.00458e+03 |272  0.00559  1.33191e+03 |273  0.00381  1.27414e+03
274 -0.00264  9.23796e+02 |275 -0.00294  5.89142e+02 |276  0.00183  5.23923e+02
277  0.00066  3.63078e+02 |278  0.04102  4.65428e+02 |279 -0.05094  4.61907e+02
280  0.00977  5.30145e+02 |281 -0.00009  5.71578e+02 |282  0.00074  4.35540e+02
283 -0.00038  5.39232e+02 |284  0.00384  5.22773e+02 |285 -0.00552  4.18170e+02
286  0.00295  5.60381e+02 |287  0.00197  8.39037e+02 |288  0.00497  9.06455e+02
289 -0.00729  1.07427e+03 |290 -0.00005  1.21923e+03 |291  0.00186  1.14834e+03
292  0.01132  1.33461e+03 |293 -0.01558  1.40173e+03 |294 -0.00005  1.52508e+03
295 -0.00191  1.65869e+03 |296 -0.00005  1.84266e+03 |297  0.00519  1.89048e+03
298  0.00006  2.12037e+03 |299 -0.00422  2.17728e+03 |300  0.00459  2.24718e+03
301 -0.00157  2.11773e+03 |302  0.00160  1.90522e+03 |303 -0.00648  1.87282e+03
304  0.00582  2.17829e+03 |305 -0.00373  2.36558e+03 |306  0.00709  2.49586e+03
307 -0.00398  2.50637e+03 |308  0.00004  2.62748e+03 |309  0.00495  2.54099e+03
310  0.00315  2.47997e+03 |311  0.01011  2.60887e+03 |312 -0.00938  2.62708e+03
313 -0.00355  1.98288e+03 |314  0.00602  1.88931e+03 |315 -0.00220  1.38434e+03
316  0.00236  1.29970e+03 |317  0.00438  7.09744e+02 |318  0.12933  3.10399e+01
319 -0.18227 -4.25554e+01 |320  0.00000  9.89134e-06 |321  0.00000  1.05212e-05
321 variables; iteration 260; function evaluation 279; phase 5
Function value 2.9742397e+03; maximum gradient component mag -4.3331e+03
Var    Value     Gradient |Var    Value     Gradient |Var    Value     Gradient
  1 -0.03430 -4.33311e+03 |  2 -0.23364 -4.72904e+01 |  3  0.20435  3.19068e+01
  4 -0.13979 -3.38015e+01 |  5 -0.16302 -4.10385e+01 |  6  0.07669 -5.78651e+01
  7 -0.00217 -4.06434e+01 |  8  0.05737  3.93255e+01 |  9  0.06400  2.96286e+01
 10  0.01976  2.34275e+01 | 11  0.21861 -1.09509e+02 | 12 -0.18934 -5.59368e+00
 13 -0.02574  1.12103e+01 | 14 -0.15276  2.18119e+01 | 15 -0.14090  4.15978e+01
 16  0.23700 -2.58884e+02 | 17  0.01375  1.20874e+00 | 18 -0.11463  6.74375e+00
 19 -0.06333 -5.23249e+01 | 20 -0.03490 -6.71191e+01 | 21 -0.08365  2.10013e+01
 22  0.02653 -1.43059e+02 | 23 -0.14542 -2.88829e+01 | 24 -0.02717 -8.20861e+00
 25  0.02643  5.14022e+01 | 26  0.02565 -1.10060e+02 | 27 -0.13911 -3.29921e+01
 28  0.02109 -8.05736e+01 | 29  0.06015 -1.56402e+02 | 30 -0.10666 -3.24754e+01
 31 -0.22181 -1.39135e+01 | 32  0.02168 -1.53059e+02 | 33  0.05505 -1.35207e+02
 34  0.04189 -1.23282e+02 | 35  0.07416 -4.61389e+01 | 36 -0.08627 -6.98250e+01
 37 -0.01020 -4.63024e+01 | 38  0.06172 -4.58279e+01 | 39 -0.08244 -2.09660e+01
 40  0.20302 -2.28107e+02 | 41  0.03910  3.38751e+01 | 42  0.07822 -7.79616e+01
 43 -0.06101  3.60468e+01 | 44  0.17728 -7.47904e+01 | 45 -0.03667  2.58393e+01
 46 -0.04188 -1.25238e+02 | 47 -0.02650 -1.98451e+02 | 48 -0.08981  8.44761e+00
 49  0.11303 -9.42031e+01 | 50  0.01761  1.16862e+02 | 51  0.00140  1.28678e+01
 52  0.02380  7.56340e+01 | 53 -0.03258  5.28485e+01 | 54  0.08706  1.47775e+02
 55  0.01029  1.04887e+02 | 56 -0.05556 -1.34799e+02 | 57 -0.06060 -4.30579e+01
 58  0.09309  3.04612e+02 | 59 -0.03980 -4.52859e+01 | 60  0.02350 -1.59076e+01
 61  0.00508  1.13904e+02 | 62  0.07137  1.86088e+02 | 63  0.10412  1.98812e+02
 64 -0.05300  1.42876e+02 | 65 -0.00344  1.67893e+02 | 66  0.04277  1.30551e+02
 67  0.01696  2.13037e+02 | 68 -0.03253  2.29154e+02 | 69  0.02938 -9.47300e+01
 70  0.01750  7.31123e+01 | 71  0.16072  7.21737e+01 | 72 -0.03123  1.05026e+01
 73 -0.04248 -6.18091e+01 | 74 -0.55833  2.12322e+00 | 75 -0.61948  3.37024e+01
 76 -0.80828 -2.15836e+01 | 77 -0.65664  3.92705e+01 | 78 -0.70293  6.50779e+01
 79 -0.74125  2.27326e+01 | 80 -0.81908 -7.99354e+00 | 81 -0.83300  2.52828e+01
 82 -0.81428  1.43640e+01 | 83 -0.72883 -8.35577e+00 | 84 -0.81520 -1.35021e+01
 85 -0.81043 -1.52369e+01 | 86 -0.76855  2.95245e+00 | 87 -0.77453  1.64694e+01
 88 -0.82719 -3.51626e+01 | 89 -0.80478  3.24401e+00 | 90 -0.77193  2.20302e+01
 91 -0.80638 -1.50044e+01 | 92 -0.76592  7.58986e+01 | 93 -0.85466 -6.29348e-02
 94  1.18515 -1.52855e-03 | 95  0.17740  1.01590e-04 | 96 -0.82974 -4.98612e-06
 97 -0.47910 -1.18625e-06 | 98  0.24868 -3.58124e+02 | 99  0.19722 -7.98870e+02
100  0.16979 -1.72292e+02 |101  0.09139  2.37642e+02 |102 -0.16282  1.59895e+02
103 -0.20749 -1.93142e+02 |104 -0.15782 -1.24283e+01 |105 -0.00157 -1.55126e+03
106  0.17046  7.66724e+01 |107 -0.02087  4.51805e+02 |108  0.17097  2.38625e+02
109  0.01090  4.62586e+01 |110  0.14025 -1.89904e+02 |111 -0.03904  3.04753e+01
112 -0.34785 -5.16570e+00 |113 -0.18966  8.71090e+01 |114 -0.25436 -2.09365e+01
115 -0.25476 -1.53250e+01 |116  1.77348 -4.37410e+01 |117  2.09186 -1.30053e+02
118  0.01774 -1.60875e+03 |119  0.07240 -1.57391e+03 |120 -0.05179 -1.60934e+03
121  0.17595 -1.45063e+03 |122 -0.27354 -1.46925e+03 |123  0.05386 -1.51151e+03
124 -0.00554 -1.52364e+03 |125  0.02785 -1.48063e+03 |126  0.01216 -1.40606e+03
127  0.00627 -1.38656e+03 |128 -0.02113 -1.38860e+03 |129  0.00145 -1.36521e+03
130  0.00817 -1.32160e+03 |131 -0.00091 -1.30637e+03 |132 -0.00403 -1.38020e+03
133  0.00896 -1.37189e+03 |134 -0.00524 -1.35737e+03 |135  0.01517 -1.33881e+03
136  0.00097 -1.32821e+03 |137 -0.03103 -1.35588e+03 |138  0.01097 -1.29740e+03
139  0.14625 -1.23778e+03 |140 -0.27160 -1.24922e+03 |141  0.00807 -1.24065e+03
142  0.12235 -1.24840e+03 |143 -0.02119 -1.24649e+03 |144  0.01978 -1.24478e+03
145 -0.00703 -1.19180e+03 |146  0.01684 -1.16876e+03 |147 -0.00917 -1.15655e+03
148 -0.00424 -1.14376e+03 |149  0.02048 -1.11274e+03 |150 -0.01933 -1.04014e+03
151 -0.00156 -1.00641e+03 |152 -0.00937 -1.02088e+03 |153  0.00414 -1.00029e+03
154  0.00428 -9.03301e+02 |155 -0.02552 -8.92265e+02 |156  0.00647 -7.50797e+02
157  0.01175 -8.02105e+02 |158 -0.00271 -7.52057e+02 |159  0.00822 -6.43648e+02
160 -0.00783 -5.73326e+02 |161  0.00006 -4.97837e+02 |162  0.00724 -4.91727e+02
163  0.00520 -5.07267e+02 |164 -0.00579 -5.33712e+02 |165 -0.00196 -5.48772e+02
166 -0.01617 -5.18804e+02 |167  0.00179 -4.97139e+02 |168  0.05202 -3.63256e+02
169 -0.05966 -4.19409e+02 |170  0.00206 -3.17591e+02 |171  0.02969 -7.22587e+01
172  0.01290 -6.32356e+01 |173  0.00039 -4.78438e+01 |174 -0.01204 -4.92660e+01
175  0.00722 -2.51035e+01 |176  0.00532 -6.62569e+01 |177 -0.00898 -8.99850e+01
178  0.00035 -9.43504e+01 |179 -0.01109 -1.15748e+02 |180  0.00245 -1.03070e+02
181 -0.01895 -7.79270e+01 |182  0.04394  1.08071e+01 |183 -0.01158 -2.85813e+00
184 -0.00000 -3.01097e-07 |185 -0.00000 -1.35740e-07 |186  0.03853 -3.47913e+03
187 -0.02453 -3.54935e+03 |188 -0.00800 -3.53463e+03 |189  0.01310 -3.43808e+03
190  0.06213 -3.45790e+03 |191 -0.07201 -3.46468e+03 |192  0.00592 -3.50923e+03
193 -0.00290 -3.47220e+03 |194 -0.04837 -3.34974e+03 |195  0.03845 -3.16578e+03
196  0.00490 -2.93770e+03 |197 -0.00309 -2.99638e+03 |198 -0.00234 -2.86972e+03
199  0.01196 -2.77721e+03 |200 -0.01166 -2.71383e+03 |201  0.00084 -2.72248e+03
202  0.00709 -2.64816e+03 |203 -0.00196 -2.62055e+03 |204 -0.00306 -2.37760e+03
205  0.00480 -2.60363e+03 |206 -0.00538 -2.57839e+03 |207 -0.00019 -2.73050e+03
208  0.10353 -2.47001e+03 |209  0.02687 -2.45743e+03 |210 -0.14929 -2.49179e+03
211  0.02542 -2.53280e+03 |212 -0.01263 -2.60915e+03 |213  0.01051 -2.64342e+03
214 -0.01350 -2.72845e+03 |215  0.01478 -2.55950e+03 |216 -0.00855 -2.38566e+03
217 -0.00185 -2.27862e+03 |218  0.01041 -2.05862e+03 |219 -0.00129 -1.64104e+03
220 -0.00868 -1.54821e+03 |221  0.00887 -1.39315e+03 |222  0.00156 -1.32284e+03
223 -0.00641 -1.48325e+03 |224 -0.01665 -1.21035e+03 |225  0.01618 -1.22657e+03
226  0.00721 -1.18169e+03 |227 -0.00910 -1.05899e+03 |228  0.00620 -7.71127e+02
229 -0.00436 -6.03475e+02 |230 -0.00073 -3.16764e+02 |231  0.00372 -4.29565e+02
232 -0.00187 -4.38483e+02 |233 -0.00177 -7.69721e+02 |234  0.00684 -6.22876e+02
235 -0.00771 -7.07750e+02 |236 -0.00748 -5.09444e+02 |237  0.01013 -1.98816e+02
238 -0.00768  4.41787e+01 |239  0.00776  1.42885e+02 |240  0.00701 -1.31341e+01
241  0.00959  9.02469e+01 |242 -0.01904 -2.33000e+01 |243 -0.01393  1.39069e+02
244  0.01563  1.84484e+02 |245  0.00496  9.74533e+01 |246 -0.00575  1.90443e+02
247 -0.00308  5.17642e+01 |248  0.00624  1.31476e+02 |249 -0.00619  1.32765e+02
250 -0.10843 -2.63966e+01 |251  0.10394  2.51927e+01 |252 -0.00000 -1.65089e-06
253 -0.00000 -6.96938e-07 |254 -0.00201 -7.44689e+02 |255  0.01995 -3.84475e+02
256 -0.00970 -4.79279e+02 |257 -0.00380 -3.30222e+02 |258  0.00398 -3.09937e+02
259  0.01747 -1.70285e+02 |260 -0.01258 -2.06118e+02 |261  0.00374 -2.36185e+02
262  0.02363 -1.06225e+02 |263 -0.05126  2.63428e+01 |264  0.01839  1.57499e+02
265 -0.01736  2.12182e+01 |266  0.00044  2.64502e+02 |267 -0.00475  4.67492e+02
268  0.00740  9.05686e+02 |269 -0.00081  1.09915e+03 |270  0.00176  1.20300e+03
271  0.00209  1.16368e+03 |272  0.00198  1.33942e+03 |273  0.00387  1.40744e+03
274 -0.00397  1.12886e+03 |275  0.00148  8.58171e+02 |276 -0.00074  8.33729e+02
277 -0.00170  6.34333e+02 |278  0.01582  6.83915e+02 |279 -0.02096  5.66046e+02
280  0.01238  5.76720e+02 |281 -0.00713  4.63752e+02 |282  0.00582  4.00227e+02
283 -0.00212  3.95703e+02 |284  0.00020  3.57435e+02 |285 -0.00431  3.95634e+02
286  0.00233  7.20259e+02 |287  0.00549  8.83135e+02 |288  0.01107  9.20084e+02
289 -0.01436  9.33504e+02 |290 -0.00108  1.07965e+03 |291  0.00412  9.64462e+02
292  0.01209  1.03940e+03 |293 -0.01638  9.51108e+02 |294 -0.00183  1.07389e+03
295 -0.00080  1.22508e+03 |296  0.00090  1.48050e+03 |297  0.00255  1.43454e+03
298  0.00221  1.78848e+03 |299 -0.00483  1.81858e+03 |300  0.00386  1.88248e+03
301 -0.00147  1.63063e+03 |302  0.00066  1.49291e+03 |303 -0.00116  1.51205e+03
304 -0.00004  1.65030e+03 |305 -0.00140  1.88727e+03 |306  0.00893  1.93137e+03
307 -0.00599  1.91448e+03 |308 -0.00001  1.91132e+03 |309  0.00462  1.72837e+03
310  0.00507  1.65312e+03 |311  0.00929  1.69535e+03 |312 -0.01312  1.63808e+03
313 -0.00001  1.23310e+03 |314  0.00528  1.07635e+03 |315 -0.00360  5.61575e+02
316 -0.00050  5.57610e+02 |317  0.00365  3.06889e+02 |318  0.08736  2.11304e+01
319 -0.13205 -3.16535e+01 |320  0.00000  1.37283e-05 |321  0.00000  1.46302e-05
321 variables; iteration 280; function evaluation 302; phase 5
Function value 2.9489302e+03; maximum gradient component mag -3.4613e+03
Var    Value     Gradient |Var    Value     Gradient |Var    Value     Gradient
  1 -0.03345 -1.56183e+03 |  2 -0.18841 -4.03502e+01 |  3  0.19641  2.12466e+01
  4 -0.19206 -4.37218e+01 |  5 -0.15777 -4.05731e+01 |  6  0.07420 -5.22566e+01
  7 -0.00878 -5.10661e+01 |  8  0.03669  1.04894e+01 |  9  0.05559  3.68603e+01
 10  0.01012 -2.19894e+01 | 11  0.21535 -1.02731e+02 | 12 -0.13606 -7.43286e+00
 13 -0.03075  7.17181e+00 | 14 -0.11930  1.65186e+01 | 15 -0.18479 -1.64422e+00
 16  0.24036 -1.39001e+02 | 17  0.00174 -4.49389e+00 | 18 -0.09485 -9.48351e+00
 19 -0.06741 -5.12344e+01 | 20 -0.03335 -7.92775e+01 | 21 -0.08809  3.88032e+00
 22  0.03026 -9.36029e+01 | 23 -0.14429 -4.45339e+01 | 24 -0.03747 -4.04713e+01
 25  0.03539  9.28296e+01 | 26  0.01800 -8.38992e+01 | 27 -0.09822 -1.60980e+01
 28  0.00910 -8.61425e+01 | 29  0.05808 -1.21963e+02 | 30 -0.11324 -4.05619e+01
 31 -0.21729 -2.49107e+01 | 32  0.02575 -1.25799e+02 | 33  0.05596 -1.02127e+02
 34  0.04576 -9.24673e+01 | 35  0.06569 -5.04885e+01 | 36 -0.08053 -8.13854e+01
 37 -0.02144 -5.67258e+01 | 38  0.06313 -4.94702e+01 | 39 -0.07643 -8.72284e+00
 40  0.20384 -2.26082e+02 | 41  0.02608 -3.60911e+01 | 42  0.08032 -6.83767e+01
 43 -0.06559 -1.26162e+01 | 44  0.17560 -1.09883e+02 | 45 -0.03988 -2.61557e+01
 46 -0.04168 -1.40323e+02 | 47 -0.02610 -1.97522e+02 | 48 -0.08700  2.76258e+01
 49  0.11178 -6.15344e+01 | 50  0.01713  1.29588e+02 | 51 -0.00135 -2.66203e+01
 52  0.02273  9.60009e+01 | 53 -0.03214  8.49415e+01 | 54  0.08483  1.57544e+02
 55  0.00788  1.11938e+02 | 56 -0.05548 -1.01844e+02 | 57 -0.06150 -5.01586e+01
 58  0.09150  3.97729e+02 | 59 -0.04189 -5.20480e+01 | 60  0.02007 -2.21271e+01
 61  0.00398  1.25783e+02 | 62  0.07056  2.31373e+02 | 63  0.10221  2.19142e+02
 64 -0.05517  1.28974e+02 | 65 -0.00572  1.71298e+02 | 66  0.04226  1.41325e+02
 67  0.01687  2.06218e+02 | 68 -0.03390  2.01238e+02 | 69  0.02997 -1.26518e+02
 70  0.01461  3.17736e+01 | 71  0.15820  8.30717e+01 | 72 -0.02533  3.61415e+01
 73 -0.04266 -8.30480e+01 | 74 -0.56001  2.90377e+00 | 75 -0.62698  1.54288e+01
 76 -0.81548 -4.65661e+01 | 77 -0.66821  9.36899e+00 | 78 -0.73545  9.44670e+00
 79 -0.74860  7.10766e+00 | 80 -0.82468 -2.68976e+01 | 81 -0.84011  3.58865e-01
 82 -0.81911 -1.05349e-01 | 83 -0.71572 -1.02509e+00 | 84 -0.81289 -1.33905e+01
 85 -0.81035 -2.23912e+01 | 86 -0.77894 -1.37853e+01 | 87 -0.81644 -3.01489e+01
 88 -0.82968 -4.21371e+01 | 89 -0.82151 -3.05520e+01 | 90 -0.78688 -2.57660e+00
 91 -0.80866 -1.29169e+01 | 92 -0.79165  1.68340e+01 | 93 -0.86003 -1.73342e+01
 94  1.21331  1.84730e-05 | 95  0.18226  1.38935e-04 | 96 -0.82973 -4.98586e-06
 97 -0.47910 -1.21164e-06 | 98  0.26317 -3.84083e+02 | 99  0.22615 -7.55862e+02
100  0.20574 -4.66141e+02 |101  0.09191  4.09600e+02 |102 -0.16269  2.72036e+02
103 -0.20716 -8.04496e+01 |104 -0.16034  5.75367e+01 |105 -0.00137 -1.48576e+03
106  0.17015 -1.62868e+01 |107 -0.02124  3.63625e+02 |108  0.17170  1.92375e+02
109 -0.00124  3.11242e+01 |110  0.14874 -1.40197e+02 |111 -0.04295 -5.00482e+00
112 -0.34742 -3.27690e+02 |113 -0.19113 -2.48749e+01 |114 -0.25651 -4.53913e+01
115 -0.25307 -2.26182e+01 |116  1.78081 -4.36419e+01 |117  2.11414 -8.86003e+01
118  0.04702 -1.73123e+03 |119  0.06242 -1.72305e+03 |120 -0.07456 -1.75301e+03
121  0.16104 -1.61042e+03 |122 -0.25657 -1.62292e+03 |123  0.05259 -1.67272e+03
124 -0.01280 -1.68516e+03 |125  0.03990 -1.65044e+03 |126  0.00372 -1.59264e+03
127  0.05060 -1.55011e+03 |128 -0.07013 -1.57494e+03 |129  0.00923 -1.52982e+03
130  0.01103 -1.46996e+03 |131 -0.00151 -1.46547e+03 |132 -0.00371 -1.54147e+03
133  0.00501 -1.53967e+03 |134 -0.00304 -1.51988e+03 |135  0.01831 -1.48757e+03
136  0.00037 -1.48668e+03 |137 -0.03772 -1.51377e+03 |138  0.01370 -1.46549e+03
139  0.15204 -1.35708e+03 |140 -0.26781 -1.36759e+03 |141  0.00034 -1.38695e+03
142  0.12181 -1.38195e+03 |143 -0.02108 -1.38166e+03 |144  0.02425 -1.36322e+03
145 -0.01043 -1.33770e+03 |146  0.01780 -1.31187e+03 |147 -0.01019 -1.30710e+03
148 -0.00485 -1.29365e+03 |149  0.01883 -1.26339e+03 |150 -0.00933 -1.17642e+03
151 -0.01781 -1.17004e+03 |152 -0.00501 -1.15530e+03 |153  0.01136 -1.13142e+03
154 -0.00109 -1.04853e+03 |155 -0.02419 -1.03275e+03 |156  0.00441 -9.13938e+02
157  0.01696 -9.28112e+02 |158 -0.00600 -8.89734e+02 |159  0.00995 -7.62342e+02
160 -0.00350 -7.00224e+02 |161 -0.00664 -6.59323e+02 |162  0.00626 -6.37925e+02
163  0.00603 -6.38682e+02 |164 -0.00971 -6.60825e+02 |165  0.00232 -6.31104e+02
166 -0.01190 -5.99384e+02 |167 -0.00260 -5.94238e+02 |168  0.04659 -4.46661e+02
169 -0.05571 -4.96956e+02 |170  0.00491 -3.50351e+02 |171  0.02340 -1.09682e+02
172  0.01862 -4.81320e+01 |173  0.00368 -3.29972e+01 |174 -0.00829 -3.44591e+01
175 -0.00978 -2.77664e+01 |176  0.01269 -3.59499e+01 |177 -0.00978 -5.89098e+01
178  0.00329 -5.85778e+01 |179 -0.00547 -7.79715e+01 |180 -0.00114 -8.81287e+01
181 -0.01704 -6.74886e+01 |182  0.05647  1.38609e+01 |183 -0.03019 -7.43925e+00
184  0.00000  2.64483e-06 |185  0.00000  8.48780e-07 |186  0.03324 -3.34640e+03
187 -0.02795 -3.43891e+03 |188 -0.00192 -3.33411e+03 |189  0.00946 -3.33863e+03
190  0.06809 -3.39275e+03 |191 -0.07656 -3.41179e+03 |192  0.01838 -3.46086e+03
193 -0.02728 -3.46135e+03 |194 -0.04117 -3.35520e+03 |195  0.04054 -3.10833e+03
196  0.00828 -2.91331e+03 |197 -0.01121 -2.93938e+03 |198  0.00435 -2.77544e+03
199  0.00896 -2.70319e+03 |200 -0.01074 -2.61042e+03 |201  0.00222 -2.57006e+03
202  0.00607 -2.51851e+03 |203  0.00007 -2.50708e+03 |204 -0.00530 -2.25143e+03
205  0.01148 -2.51457e+03 |206 -0.01495 -2.50903e+03 |207  0.00457 -2.58692e+03
208  0.09969 -2.33269e+03 |209  0.02888 -2.33229e+03 |210 -0.14114 -2.36753e+03
211  0.01803 -2.46648e+03 |212 -0.01293 -2.50974e+03 |213  0.01001 -2.43088e+03
214 -0.01094 -2.50095e+03 |215  0.01285 -2.32051e+03 |216 -0.00504 -2.19076e+03
217 -0.00505 -2.19132e+03 |218  0.01518 -1.95346e+03 |219 -0.00447 -1.76018e+03
220 -0.00319 -1.72660e+03 |221 -0.00150 -1.68824e+03 |222  0.00482 -1.54274e+03
223 -0.00384 -1.67906e+03 |224 -0.01464 -1.49528e+03 |225  0.01076 -1.52087e+03
226  0.00725 -1.39921e+03 |227 -0.00701 -1.23714e+03 |228  0.00489 -9.92899e+02
229 -0.00443 -8.37657e+02 |230 -0.00111 -5.65025e+02 |231  0.00538 -6.26769e+02
232 -0.00390 -6.78320e+02 |233  0.00041 -9.20296e+02 |234  0.00351 -8.36732e+02
235 -0.00371 -8.46637e+02 |236 -0.00951 -7.20477e+02 |237  0.01211 -5.75517e+02
238 -0.00981 -3.79211e+02 |239  0.00728 -2.59445e+02 |240  0.00861 -3.22018e+02
241  0.00638 -2.28741e+02 |242 -0.00965 -2.49481e+02 |243 -0.02173 -2.48063e+02
244  0.01715 -2.24346e+02 |245  0.00391 -2.94935e+02 |246 -0.00435 -1.50168e+02
247 -0.00350 -2.80187e+02 |248  0.00504 -1.36077e+02 |249 -0.00464 -8.75549e+01
250 -0.02448 -6.03770e+00 |251  0.02345  5.77758e+00 |252  0.00000  4.91858e-05
253  0.00000  4.05409e-05 |254 -0.01031 -2.05058e+03 |255  0.01772 -1.71387e+03
256 -0.00879 -1.68989e+03 |257 -0.00138 -1.50767e+03 |258  0.00385 -1.57128e+03
259  0.01728 -1.48324e+03 |260 -0.01659 -1.52232e+03 |261  0.01539 -1.44502e+03
262  0.01834 -1.36456e+03 |263 -0.05162 -1.15823e+03 |264  0.01313 -1.14807e+03
265 -0.00930 -1.21401e+03 |266 -0.00564 -1.09185e+03 |267 -0.00225 -9.04337e+02
268  0.00680 -6.26357e+02 |269 -0.00188 -5.07166e+02 |270  0.00137 -4.35800e+02
271  0.00151 -4.79731e+02 |272  0.00250 -3.45169e+02 |273  0.00066 -2.16396e+02
274  0.00151 -3.24065e+02 |275 -0.00276 -4.83404e+02 |276  0.00030 -4.68797e+02
277 -0.00148 -5.80856e+02 |278  0.00980 -5.10036e+02 |279 -0.01483 -6.01290e+02
280  0.01219 -5.31407e+02 |281 -0.00604 -5.71139e+02 |282  0.00352 -6.29519e+02
283 -0.00018 -5.29398e+02 |284 -0.00312 -5.75488e+02 |285 -0.00027 -4.39777e+02
286 -0.00265 -1.33052e+02 |287  0.00998  3.21415e+01 |288  0.00577  5.49078e+01
289 -0.00827  9.14868e+01 |290 -0.00188  2.36705e+02 |291  0.00429  1.41593e+02
292  0.00817  1.61152e+02 |293 -0.01232  1.09275e+02 |294 -0.00114  2.84518e+02
295 -0.00325  3.57635e+02 |296  0.00237  6.47108e+02 |297  0.00336  5.87848e+02
298  0.00168  8.64641e+02 |299 -0.00572  9.04261e+02 |300  0.00513  9.90493e+02
301 -0.00297  7.69605e+02 |302  0.00198  6.85927e+02 |303 -0.00288  7.15314e+02
304  0.00321  8.92159e+02 |305 -0.00407  9.39116e+02 |306  0.01000  1.01842e+03
307 -0.00605  1.01198e+03 |308 -0.00152  1.05185e+03 |309  0.00682  9.60881e+02
310  0.00303  8.09744e+02 |311  0.01173  8.37701e+02 |312 -0.01570  7.51009e+02
313  0.00042  4.44765e+02 |314  0.00432  3.92372e+02 |315 -0.00407 -1.99109e+01
316  0.00010  1.20459e+02 |317  0.00060 -2.38574e+01 |318  0.10941  2.64692e+01
319 -0.14544 -3.46486e+01 |320 -0.00000 -2.03071e-04 |321 -0.00000 -2.12767e-04
321 variables; iteration 300; function evaluation 328; phase 5
Function value 2.9132666e+03; maximum gradient component mag 3.2340e+03
Var    Value     Gradient |Var    Value     Gradient |Var    Value     Gradient
  1 -0.03447  3.23402e+03 |  2 -0.11337 -2.89971e+01 |  3  0.17633  8.72499e+00
  4 -0.09099 -2.30140e+01 |  5 -0.12375 -2.64378e+01 |  6  0.07378 -2.04622e+01
  7  0.00313 -1.79803e+01 |  8  0.03238  2.45250e+01 |  9  0.04786  4.29258e+01
 10  0.03394 -1.80008e+01 | 11  0.21577 -6.45337e+01 | 12 -0.16946 -5.64760e+01
 13 -0.01161  7.76723e+00 | 14 -0.17420 -4.46334e+01 | 15 -0.19180 -4.25706e+01
 16  0.24639  6.96133e+01 | 17  0.00006 -2.53919e+01 | 18 -0.14763 -7.57886e+01
 19 -0.04293 -2.41061e+01 | 20 -0.02682 -8.83270e+01 | 21 -0.09873 -2.85373e+01
 22  0.04158 -3.42174e+01 | 23 -0.13848 -4.41532e+01 | 24 -0.02905 -2.47964e+01
 25  0.02454  4.99863e+01 | 26  0.01541 -8.46773e+01 | 27 -0.14001 -5.36895e+01
 28  0.01778 -3.32120e+01 | 29  0.07015  3.63024e+01 | 30 -0.09525 -3.31365e+01
 31 -0.23513 -5.36205e+01 | 32  0.03845 -3.13632e+01 | 33  0.04995 -2.25010e+01
 34  0.05534 -3.35232e+01 | 35  0.03834 -4.05954e+01 | 36 -0.05343 -5.72907e+01
 37 -0.03382 -6.10702e+01 | 38  0.06919  2.27656e+01 | 39 -0.05832  2.69903e-01
 40  0.21325 -6.95768e+01 | 41  0.02036 -5.25771e+01 | 42  0.08499 -1.97264e+01
 43 -0.06306 -3.00371e+01 | 44  0.17736 -2.83996e+01 | 45 -0.04099 -7.60870e+01
 46 -0.03461 -9.80472e+01 | 47 -0.02097 -1.79372e+02 | 48 -0.08184  4.54305e+01
 49  0.11620  1.04162e+02 | 50  0.01507  8.17185e+01 | 51 -0.00019 -4.80102e+01
 52  0.02256  5.30445e+01 | 53 -0.03130  6.69149e+01 | 54  0.08464  1.31098e+02
 55  0.00897  1.10149e+02 | 56 -0.04915 -3.80340e+00 | 57 -0.05709 -2.92325e+01
 58  0.09098  3.75287e+02 | 59 -0.04281 -1.16505e+02 | 60  0.01986 -5.93597e+00
 61  0.00544  1.10299e+02 | 62  0.07179  1.96512e+02 | 63  0.10235  1.58065e+02
 64 -0.05692  6.71348e+01 | 65 -0.00768  1.04023e+02 | 66  0.04230  3.51284e+01
 67  0.01789  1.21158e+02 | 68 -0.03784  6.80531e+01 | 69  0.03589 -1.17634e+02
 70  0.01607  1.43699e+01 | 71  0.15891  5.21204e+01 | 72 -0.01945  5.93972e+00
 73 -0.02421 -5.58152e+01 | 74 -0.55168  6.82559e+00 | 75 -0.64593 -1.53753e+01
 76 -0.81639 -5.29051e+01 | 77 -0.68876 -2.14494e+01 | 78 -0.73619  2.12483e+00
 79 -0.76614 -1.96280e+01 | 80 -0.82624 -3.23896e+01 | 81 -0.84793 -2.04100e+01
 82 -0.82338 -9.54699e+00 | 83 -0.72360 -1.11568e+01 | 84 -0.82768 -3.77940e+01
 85 -0.81109 -2.39268e+01 | 86 -0.78750 -2.08631e+01 | 87 -0.86216 -4.82734e+01
 88 -0.80775 -1.12929e+01 | 89 -0.81711 -1.83238e+01 | 90 -0.79741 -1.72445e+01
 91 -0.81257 -1.82169e+01 | 92 -0.81009 -2.05357e+01 | 93 -0.85306  1.67348e+01
 94  1.23993 -1.42561e-06 | 95  0.15190  3.60878e-05 | 96 -0.82972 -4.98534e-06
 97 -0.47909 -1.22929e-06 | 98  0.37866 -3.59861e+02 | 99  0.22650 -6.07474e+02
100  0.09820 -7.52775e+02 |101  0.09209  4.35024e+02 |102 -0.16465  1.80531e+02
103 -0.20424  7.10594e+01 |104 -0.16713  8.95392e+01 |105 -0.00074 -1.29195e+03
106  0.16955 -1.17353e+02 |107 -0.02248  1.38430e+02 |108  0.17315  9.15720e+01
109 -0.02692  1.23349e+01 |110  0.16499 -7.62102e+01 |111 -0.04568 -7.22409e+00
112 -0.34572 -4.60487e+02 |113 -0.19647 -1.14184e+02 |114 -0.25606 -7.97629e+01
115 -0.26762 -4.07522e+01 |116  1.78121 -3.67022e+01 |117  2.15045 -2.58501e+01
118  0.02541 -1.80263e+03 |119  0.04326 -1.79501e+03 |120 -0.04861 -1.81645e+03
121  0.11273 -1.73656e+03 |122 -0.18373 -1.76057e+03 |123  0.00112 -1.78941e+03
124  0.02150 -1.76401e+03 |125  0.02193 -1.75826e+03 |126  0.00461 -1.70773e+03
127  0.00286 -1.67595e+03 |128 -0.00547 -1.67089e+03 |129  0.00096 -1.64450e+03
130 -0.00089 -1.63667e+03 |131  0.00560 -1.60752e+03 |132 -0.01298 -1.67259e+03
133  0.01644 -1.62852e+03 |134 -0.00366 -1.61132e+03 |135  0.02007 -1.60568e+03
136 -0.02861 -1.61560e+03 |137  0.00065 -1.59215e+03 |138  0.00063 -1.60641e+03
139  0.15238 -1.47301e+03 |140 -0.27455 -1.47105e+03 |141  0.00882 -1.52101e+03
142  0.12006 -1.43784e+03 |143 -0.02014 -1.45571e+03 |144  0.02919 -1.42492e+03
145 -0.01523 -1.43655e+03 |146  0.01527 -1.39915e+03 |147 -0.01238 -1.40133e+03
148  0.00909 -1.36657e+03 |149  0.00481 -1.36179e+03 |150 -0.01148 -1.25879e+03
151 -0.01315 -1.24669e+03 |152 -0.00642 -1.22929e+03 |153  0.01518 -1.20325e+03
154 -0.00554 -1.13766e+03 |155 -0.01987 -1.11502e+03 |156  0.00053 -1.03906e+03
157  0.01364 -9.76091e+02 |158 -0.00045 -9.11751e+02 |159  0.00952 -7.85115e+02
160  0.00682 -7.25517e+02 |161 -0.02047 -7.25869e+02 |162  0.00293 -6.71215e+02
163  0.00427 -6.20035e+02 |164 -0.00225 -5.54003e+02 |165  0.00396 -5.02605e+02
166 -0.01261 -4.75138e+02 |167 -0.00126 -4.45287e+02 |168  0.02310 -3.91722e+02
169 -0.03312 -3.90552e+02 |170  0.00971 -3.22830e+02 |171  0.01690 -2.10721e+02
172  0.00216 -1.27205e+02 |173  0.02030 -4.59160e+01 |174  0.01712 -4.48738e+01
175 -0.04044 -5.82375e+01 |176  0.00438 -2.58618e+01 |177  0.00416 -1.24894e+01
178  0.00150 -1.55312e+01 |179 -0.00265 -2.39299e+01 |180 -0.00124 -3.57088e+01
181 -0.00595 -1.74163e+01 |182  0.02793  6.88137e+00 |183 -0.02390 -5.89066e+00
184  0.00000  1.64558e-06 |185  0.00000  5.37585e-07 |186  0.03515 -2.68748e+03
187 -0.02882 -2.78796e+03 |188 -0.00031 -2.70684e+03 |189  0.00552 -2.73144e+03
190  0.06155 -2.85345e+03 |191 -0.06588 -2.88064e+03 |192  0.01456 -2.92587e+03
193 -0.02126 -2.94358e+03 |194 -0.01764 -2.88223e+03 |195  0.01362 -2.71067e+03
196 -0.00013 -2.58346e+03 |197  0.00076 -2.58693e+03 |198 -0.00253 -2.47986e+03
199  0.00663 -2.40414e+03 |200 -0.00667 -2.27515e+03 |201 -0.00156 -2.22161e+03
202  0.00959 -2.04343e+03 |203 -0.00046 -2.03157e+03 |204 -0.00541 -1.88218e+03
205  0.00484 -1.97932e+03 |206 -0.00134 -1.90274e+03 |207 -0.00059 -1.88126e+03
208  0.10775 -1.64247e+03 |209  0.00566 -1.66235e+03 |210 -0.12110 -1.63365e+03
211  0.00989 -1.61911e+03 |212 -0.00805 -1.55530e+03 |213  0.00281 -1.44212e+03
214  0.00160 -1.36813e+03 |215  0.00480 -1.34592e+03 |216 -0.00404 -1.28034e+03
217 -0.00375 -1.23984e+03 |218  0.01442 -1.03287e+03 |219 -0.00572 -1.15841e+03
220  0.00061 -1.13213e+03 |221 -0.00576 -1.16721e+03 |222  0.00547 -1.00485e+03
223 -0.00078 -1.07870e+03 |224 -0.01834 -9.91431e+02 |225  0.01280 -8.74506e+02
226  0.00527 -8.45113e+02 |227 -0.00418 -6.70453e+02 |228  0.00377 -6.44104e+02
229 -0.00418 -5.84362e+02 |230 -0.00132 -4.40164e+02 |231  0.00579 -5.51449e+02
232 -0.00680 -6.21636e+02 |233  0.00291 -6.37421e+02 |234  0.00053 -5.90873e+02
235  0.00022 -4.89507e+02 |236 -0.01057 -4.74199e+02 |237  0.01426 -4.71874e+02
238 -0.01270 -4.92841e+02 |239  0.00574 -4.00248e+02 |240  0.01150 -3.63942e+02
241  0.00365 -2.97964e+02 |242 -0.00273 -2.47806e+02 |243 -0.02967 -3.17540e+02
244  0.01966 -2.52056e+02 |245  0.00499 -2.43412e+02 |246 -0.00495 -1.24167e+02
247 -0.00295 -1.90644e+02 |248  0.00488 -4.42656e+01 |249 -0.00480 -5.70748e+01
250 -0.03249 -8.00548e+00 |251  0.03577  8.80652e+00 |252  0.00000  3.00027e-05
253  0.00000  2.48131e-05 |254  0.01499 -3.16967e+03 |255  0.01633 -2.79211e+03
256 -0.00820 -2.75168e+03 |257  0.00162 -2.60420e+03 |258  0.00126 -2.72361e+03
259  0.02035 -2.64579e+03 |260 -0.01713 -2.69569e+03 |261  0.01516 -2.68169e+03
262 -0.01138 -2.65301e+03 |263 -0.02284 -2.48580e+03 |264  0.01162 -2.54010e+03
265 -0.01199 -2.57357e+03 |266  0.00029 -2.57793e+03 |267 -0.00152 -2.46971e+03
268  0.00427 -2.49056e+03 |269 -0.00096 -2.50670e+03 |270 -0.00081 -2.54261e+03
271  0.00154 -2.61047e+03 |272  0.00172 -2.53379e+03 |273  0.00074 -2.37988e+03
274 -0.00442 -2.37222e+03 |275  0.00391 -2.33900e+03 |276  0.00017 -2.23931e+03
277 -0.00024 -2.26901e+03 |278  0.00227 -2.15945e+03 |279 -0.00782 -2.10382e+03
280  0.00788 -2.03802e+03 |281 -0.00017 -1.95999e+03 |282 -0.00339 -2.01743e+03
283  0.00611 -1.84041e+03 |284 -0.00452 -1.81169e+03 |285  0.00095 -1.71497e+03
286 -0.00212 -1.48649e+03 |287  0.00721 -1.54046e+03 |288  0.00434 -1.45991e+03
289 -0.00582 -1.43177e+03 |290 -0.00236 -1.27601e+03 |291  0.00373 -1.28501e+03
292  0.00875 -1.17149e+03 |293 -0.01218 -1.08646e+03 |294 -0.00065 -9.57900e+02
295 -0.00490 -9.17989e+02 |296  0.00233 -7.27824e+02 |297  0.00565 -7.23279e+02
298 -0.00009 -6.32074e+02 |299 -0.00537 -5.65194e+02 |300  0.00514 -4.81044e+02
301 -0.00422 -5.20272e+02 |302  0.00399 -4.62656e+02 |303 -0.00533 -3.81929e+02
304  0.00550 -1.13870e+02 |305 -0.00402 -1.54309e+02 |306  0.00887 -1.67077e+02
307 -0.00444 -1.49411e+02 |308 -0.00380 -8.27720e+01 |309  0.00807 -4.53608e+01
310  0.00182 -1.37695e+02 |311  0.01529 -4.17131e+00 |312 -0.01908 -5.49360e+01
313  0.00015 -1.90578e+02 |314  0.00285 -9.61451e+01 |315 -0.00265 -2.37989e+02
316  0.00063 -3.19776e+01 |317 -0.00034 -9.48952e+01 |318  0.07137  1.74631e+01
319 -0.10322 -2.50244e+01 |320 -0.00000 -1.26898e-04 |321 -0.00000 -1.32815e-04
321 variables; iteration 320; function evaluation 358; phase 5
Function value 2.8883297e+03; maximum gradient component mag -2.8400e+03
Var    Value     Gradient |Var    Value     Gradient |Var    Value     Gradient
  1 -0.03448 -2.84001e+03 |  2  0.00859 -1.00983e+01 |  3  0.15365  2.62685e+00
  4 -0.00543  7.82938e+00 |  5 -0.08816 -1.18768e+01 |  6  0.06281 -4.38756e+01
  7  0.01939  4.03100e+00 |  8  0.02562  2.77409e+00 |  9  0.03627 -2.62021e+01
 10  0.00602 -8.44180e+00 | 11  0.21241 -8.34417e+01 | 12 -0.15724  2.02570e-01
 13 -0.05070 -2.46365e+01 | 14 -0.21885 -1.78321e+01 | 15 -0.16954  1.68327e+01
 16  0.24774 -8.27279e+01 | 17 -0.00237 -4.68537e+00 | 18 -0.10423  7.32993e+00
 19 -0.04328  8.07256e+00 | 20 -0.01100 -3.52397e+01 | 21 -0.10144 -7.15884e+00
 22  0.04117 -5.94271e+01 | 23 -0.13141 -8.55601e+00 | 24 -0.03319 -2.14153e+01
 25  0.01627 -2.58997e+01 | 26  0.02234 -6.87954e+01 | 27 -0.13533 -3.48187e+01
 28  0.00314 -8.54045e+01 | 29  0.06995 -7.02338e+01 | 30 -0.11903 -3.05620e+01
 31 -0.19350  3.41066e+00 | 32  0.04030 -6.06237e+01 | 33  0.05057 -5.39221e+01
 34  0.06565 -5.35950e+01 | 35  0.03237 -8.44850e+01 | 36 -0.04122 -2.76731e+01
 37 -0.03609 -5.85868e+01 | 38  0.06211 -3.86404e+01 | 39 -0.05408  1.78329e+01
 40  0.21513 -1.43705e+02 | 41  0.02194 -3.08756e+01 | 42  0.08322 -5.02812e+01
 43 -0.06134  1.18400e+01 | 44  0.17670 -1.39118e+02 | 45 -0.03872 -2.58407e+01
 46 -0.02990 -1.09419e+01 | 47 -0.01640 -7.16665e+01 | 48 -0.08855  2.00470e+01
 49  0.11647  4.44310e+01 | 50  0.01027  2.74236e+00 | 51  0.00027 -3.37988e+01
 52  0.02145  4.66493e+01 | 53 -0.03266  7.20307e+01 | 54  0.08390  4.08067e+01
 55  0.00783  7.56214e+01 | 56 -0.04874  4.61052e+01 | 57 -0.05605  1.74150e+01
 58  0.08882  2.00860e+02 | 59 -0.03888 -3.60206e+01 | 60  0.02232  3.46326e+01
 61  0.00496  1.02467e+02 | 62  0.07054  1.36864e+02 | 63  0.10012  5.93141e+01
 64 -0.06055  6.36607e+01 | 65 -0.01011  9.97906e+01 | 66  0.04191  2.47572e+01
 67  0.01614  1.16327e+02 | 68 -0.04034  7.18068e+01 | 69  0.03721 -7.78291e+00
 70  0.01703  9.01860e+01 | 71  0.15781  6.53384e+01 | 72 -0.02179  3.42065e+01
 73 -0.01470  3.99707e+01 | 74 -0.54645  1.06303e+01 | 75 -0.66892 -2.42925e+01
 76 -0.80103  1.39003e+00 | 77 -0.68879  4.70342e+00 | 78 -0.75211 -4.71633e+00
 79 -0.76287 -4.39094e+00 | 80 -0.84288 -4.53441e+01 | 81 -0.84889 -9.24437e+00
 82 -0.82368  3.34617e+00 | 83 -0.71858  8.32119e+00 | 84 -0.81901 -1.08988e+01
 85 -0.79190  1.33305e+01 | 86 -0.81427 -2.58781e+01 | 87 -0.86785 -4.14422e+01
 88 -0.78629  3.41885e+01 | 89 -0.81264 -3.75096e+00 | 90 -0.81926 -4.70586e+01
 91 -0.78908  3.60103e+01 | 92 -0.79519  8.65897e+00 | 93 -0.85616 -2.42250e+00
 94  1.22880 -1.18162e-03 | 95  0.11305  8.20014e-06 | 96 -0.82969 -4.98438e-06
 97 -0.47908 -1.24740e-06 | 98  0.35259 -1.96778e+02 | 99  0.23349  1.08797e+02
100  0.01881 -2.56769e+02 |101  0.09092 -4.45920e+00 |102 -0.16598 -1.62583e+02
103 -0.20347 -2.05466e+02 |104 -0.16854 -1.80898e+02 |105 -0.00003 -9.83938e+02
106  0.16897 -1.95424e+02 |107 -0.02360 -9.57452e+01 |108  0.17354 -2.58324e+01
109 -0.04755  1.40524e+00 |110  0.18378 -3.67027e+01 |111 -0.04501  3.54500e+01
112 -0.34275 -1.72128e+02 |113 -0.19774 -6.76819e+01 |114 -0.27330 -5.64071e+01
115 -0.23411 -1.53954e+01 |116  1.81871 -1.79694e+01 |117  2.16525 -4.84032e+00
118  0.02889 -9.55917e+02 |119  0.03426 -9.53508e+02 |120 -0.02694 -9.69009e+02
121  0.03010 -9.44494e+02 |122 -0.11554 -9.65194e+02 |123  0.01130 -9.49610e+02
124  0.02252 -9.29731e+02 |125  0.02657 -9.24854e+02 |126  0.01220 -9.04900e+02
127 -0.00970 -9.03467e+02 |128  0.00024 -8.96577e+02 |129 -0.00733 -8.90891e+02
130  0.00465 -8.95243e+02 |131 -0.01275 -9.06942e+02 |132  0.01341 -8.91229e+02
133 -0.00131 -9.14495e+02 |134 -0.00239 -9.02008e+02 |135  0.02828 -9.02182e+02
136 -0.03179 -9.22788e+02 |137 -0.01054 -9.15093e+02 |138  0.01028 -9.26186e+02
139  0.15226 -8.57978e+02 |140 -0.27480 -8.95703e+02 |141  0.04123 -8.89637e+02
142  0.08407 -8.79014e+02 |143 -0.01877 -8.75713e+02 |144  0.03023 -8.67400e+02
145 -0.01285 -8.87596e+02 |146  0.01085 -8.63464e+02 |147 -0.01568 -8.68659e+02
148  0.02129 -8.21699e+02 |149  0.00029 -8.29613e+02 |150 -0.01071 -7.71592e+02
151 -0.01864 -7.69137e+02 |152 -0.00461 -7.53329e+02 |153  0.01078 -7.34888e+02
154  0.01048 -6.71219e+02 |155 -0.03108 -6.73831e+02 |156 -0.00281 -6.32820e+02
157  0.01764 -5.72498e+02 |158 -0.00449 -5.36341e+02 |159  0.01822 -4.25803e+02
160 -0.00221 -4.09540e+02 |161 -0.02055 -4.10095e+02 |162  0.00864 -3.70320e+02
163 -0.00132 -3.59202e+02 |164  0.00154 -2.79268e+02 |165  0.00377 -2.57314e+02
166 -0.01575 -2.42836e+02 |167  0.00001 -2.27327e+02 |168  0.02368 -2.35531e+02
169 -0.03106 -2.40617e+02 |170  0.00706 -2.38324e+02 |171  0.02490 -1.62835e+02
172  0.00485 -1.53930e+02 |173  0.01390 -1.21388e+02 |174  0.02383 -1.17768e+02
175 -0.05594 -1.36710e+02 |176  0.00919 -7.61999e+01 |177  0.00050 -6.86406e+01
178 -0.01222 -7.32281e+01 |179  0.01801  2.91644e+00 |180 -0.00948 -3.06244e+01
181  0.01360  1.50701e+01 |182  0.03509  8.64021e+00 |183 -0.05281 -1.29708e+01
184 -0.00020 -4.92281e-02 |185 -0.00011 -2.63343e-02 |186  0.02978  4.92422e+02
187 -0.02473  4.07716e+02 |188 -0.00511  4.64831e+02 |189  0.01136  4.85213e+02
190  0.08237  3.92236e+02 |191 -0.10087  3.46498e+02 |192  0.02991  3.41270e+02
193 -0.02527  3.13486e+02 |194 -0.02901  3.57982e+02 |195  0.02941  3.34275e+02
196  0.00209  3.41283e+02 |197 -0.00497  3.13600e+02 |198 -0.00031  3.35143e+02
199  0.00582  2.77212e+02 |200 -0.00701  3.22895e+02 |201  0.00058  2.93058e+02
202  0.00669  3.50875e+02 |203  0.00062  3.30091e+02 |204 -0.00690  3.68032e+02
205  0.00953  3.56523e+02 |206 -0.00983  3.20809e+02 |207  0.00631  3.56486e+02
208  0.11151  4.40364e+02 |209 -0.03098  4.29742e+02 |210 -0.09445  4.00249e+02
211  0.01383  4.58580e+02 |212 -0.00672  4.82736e+02 |213  0.00040  5.18422e+02
214  0.00500  5.98318e+02 |215  0.00213  5.47607e+02 |216 -0.00419  5.82775e+02
217 -0.00054  5.65159e+02 |218  0.01060  6.17972e+02 |219 -0.00474  5.20647e+02
220  0.00010  5.46339e+02 |221 -0.00252  4.49489e+02 |222  0.00138  5.23872e+02
223  0.00327  5.13300e+02 |224 -0.01794  5.16477e+02 |225  0.01020  5.93430e+02
226  0.00661  5.15318e+02 |227 -0.00689  5.85613e+02 |228  0.00700  5.21877e+02
229 -0.00428  4.40867e+02 |230 -0.00487  4.32192e+02 |231  0.00720  3.52266e+02
232 -0.00635  2.82585e+02 |233  0.00259  2.98548e+02 |234  0.00223  3.14141e+02
235 -0.00283  3.10402e+02 |236 -0.00798  2.60512e+02 |237  0.01211  1.50338e+02
238 -0.01034  1.19482e+02 |239  0.00341  1.22099e+02 |240  0.01247  1.35636e+02
241  0.00491  1.69770e+02 |242 -0.00431  1.56810e+02 |243 -0.02046  8.39745e+01
244  0.01089  1.24721e+02 |245  0.00657  1.53099e+02 |246 -0.00452  1.76786e+02
247 -0.00461  1.21952e+02 |248  0.00643  1.68300e+02 |249 -0.00654  7.07993e+01
250 -0.01916 -4.77170e+00 |251  0.02560  6.31137e+00 |252  0.00158  3.90414e-01
253  0.00202  4.99172e-01 |254  0.03378 -1.06051e+03 |255  0.01584 -5.08461e+02
256 -0.00689 -4.94300e+02 |257 -0.00084 -4.56753e+02 |258  0.00464 -5.72944e+02
259  0.02454 -6.24315e+02 |260 -0.02345 -6.69597e+02 |261  0.01596 -7.12599e+02
262  0.00473 -7.09565e+02 |263 -0.04005 -7.79406e+02 |264  0.01064 -7.43307e+02
265 -0.00879 -7.52851e+02 |266 -0.00026 -7.56941e+02 |267 -0.00053 -7.94982e+02
268  0.00182 -8.54600e+02 |269 -0.00047 -9.01625e+02 |270 -0.00083 -9.81761e+02
271  0.00098 -1.00941e+03 |272  0.00399 -9.39635e+02 |273  0.00004 -8.81533e+02
274 -0.00201 -9.00517e+02 |275 -0.00098 -9.40673e+02 |276  0.00204 -8.57649e+02
277 -0.00128 -7.86343e+02 |278  0.00856 -7.33668e+02 |279 -0.01241 -6.73408e+02
280  0.00746 -6.14314e+02 |281  0.00011 -5.87375e+02 |282 -0.00436 -6.14128e+02
283  0.00761 -5.03988e+02 |284 -0.00497 -4.70354e+02 |285  0.00068 -4.56940e+02
286 -0.00081 -3.52932e+02 |287  0.00561 -4.12516e+02 |288  0.00609 -3.60686e+02
289 -0.00726 -4.50728e+02 |290 -0.00188 -4.25941e+02 |291  0.00220 -4.07630e+02
292  0.00679 -2.84678e+02 |293 -0.00882 -1.92695e+02 |294 -0.00202 -1.93433e+02
295 -0.00222 -1.38161e+02 |296 -0.00022 -1.23101e+02 |297  0.00579 -1.31754e+02
298  0.00139 -1.30048e+02 |299 -0.00621 -1.31469e+02 |300  0.00354 -1.08725e+02
301 -0.00277 -6.35275e+01 |302  0.00368 -4.12968e+01 |303 -0.00320 -4.20012e+01
304  0.00225  4.83381e+01 |305 -0.00361 -1.69311e+01 |306  0.00853  1.02469e+01
307 -0.00282 -4.94260e+00 |308 -0.00484  5.87182e+00 |309  0.00772  6.22395e+01
310  0.00344  1.42980e+01 |311  0.00543  4.34205e+01 |312 -0.01067  3.62166e+01
313  0.00047 -4.21265e+01 |314  0.00212  2.53130e+01 |315 -0.00094 -2.28966e+01
316 -0.00013  7.20042e+01 |317  0.00086  2.10335e+01 |318  0.01695  4.05454e+00
319 -0.05050 -1.24099e+01 |320  0.00760  1.87524e+00 |321  0.00804  1.98387e+00
321 variables; iteration 340; function evaluation 389; phase 5
Function value 2.8552443e+03; maximum gradient component mag 3.1933e+03
Var    Value     Gradient |Var    Value     Gradient |Var    Value     Gradient
  1 -0.03220  3.19327e+03 |  2  0.06828  1.17267e+01 |  3  0.13121  7.30787e+00
  4 -0.02173  5.45963e+00 |  5 -0.06969  7.39359e+00 |  6  0.07387  2.73772e+01
  7  0.01875  1.01362e+01 |  8 -0.00264  5.70555e+00 |  9  0.04140  5.48164e+00
 10  0.01637 -1.49079e+01 | 11  0.21450  5.81117e+01 | 12 -0.11594 -1.19200e+01
 13 -0.04529 -1.25580e+01 | 14 -0.13843 -4.82263e+00 | 15 -0.16806 -1.68723e+01
 16  0.23194  9.03474e+01 | 17  0.00224  1.55678e+00 | 18 -0.11824 -1.77540e+01
 19 -0.05360 -2.85240e+00 | 20 -0.01851  7.10631e+00 | 21 -0.10695 -1.28773e+01
 22  0.03281  5.61996e+01 | 23 -0.12248 -6.31913e+00 | 24 -0.04187  6.68798e+00
 25  0.00808  2.95588e+01 | 26  0.01626  1.07349e+01 | 27 -0.10591  3.61574e+00
 28  0.01123  3.22309e+01 | 29  0.05763  4.47624e+01 | 30 -0.09222 -3.54717e+00
 31 -0.16875 -1.41028e+01 | 32  0.03317  9.66738e+00 | 33  0.04956  1.15686e+01
 34  0.04964  4.60811e+00 | 35  0.04051  4.23731e+00 | 36 -0.04698 -2.59436e+00
 37 -0.02322 -7.63950e+00 | 38  0.05863  2.52610e+00 | 39 -0.07555 -2.72689e+01
 40  0.21258  7.19692e+01 | 41  0.01677 -1.30351e+01 | 42  0.08033 -7.92404e+00
 43 -0.06890 -2.80932e+01 | 44  0.17392  8.97827e+01 | 45 -0.04332 -2.35445e+01
 46 -0.03315 -5.61302e+00 | 47 -0.01797 -1.37538e+00 | 48 -0.09260 -7.51619e+00
 49  0.11129  2.55652e+01 | 50  0.00896  3.17618e+01 | 51  0.00131  3.99341e+01
 52  0.01651 -7.42220e+00 | 53 -0.03893 -1.80252e+01 | 54  0.08101  4.21286e+01
 55  0.00213 -7.67451e+00 | 56 -0.05120 -1.86025e+00 | 57 -0.05600  2.20421e+00
 58  0.08337 -4.49380e+00 | 59 -0.03454  1.15874e+01 | 60  0.02048 -1.12998e+01
 61  0.00008 -3.76099e+01 | 62  0.06544 -2.59724e+01 | 63  0.09857 -2.81017e+00
 64 -0.06481 -2.52599e+01 | 65 -0.01366 -2.66850e+01 | 66  0.04120 -3.05820e+01
 67  0.01050 -2.92937e+01 | 68 -0.04332 -4.49056e+01 | 69  0.03743 -4.03974e+01
 70  0.01058 -4.57334e+01 | 71  0.15601  7.49224e-01 | 72 -0.02449 -3.10916e+01
 73 -0.01380 -1.15624e+01 | 74 -0.54780 -1.10913e+01 | 75 -0.65608 -1.04579e+01
 76 -0.80400 -7.78653e+00 | 77 -0.70114 -7.13761e+00 | 78 -0.74788 -1.40698e+00
 79 -0.76601 -2.79417e+00 | 80 -0.81524  9.37196e+00 | 81 -0.85225 -1.24813e+01
 82 -0.82970 -1.13468e+01 | 83 -0.74244 -9.59250e+00 | 84 -0.81365  3.69583e+00
 85 -0.81691 -9.63169e+00 | 86 -0.79402 -4.20952e+00 | 87 -0.79192  5.19149e+00
 88 -0.81828 -1.37913e+01 | 89 -0.81931 -1.17472e+01 | 90 -0.78600  1.27641e+01
 91 -0.80791 -6.44619e+00 | 92 -0.80635 -8.91612e+00 | 93 -0.85710 -3.94419e+00
 94  2.78262  3.84355e-06 | 95 -1.18898  4.46544e-06 | 96 -1.47621  1.47200e-06
 97 -1.04375  1.98436e-05 | 98  0.21637 -3.62557e+01 | 99  0.32977  1.79502e+02
100  0.01237  1.69565e+02 |101  0.09082 -1.11470e+01 |102 -0.16561  6.65016e+01
103 -0.20427  7.09141e+01 |104 -0.16375  1.18371e+02 |105  0.00126  3.15922e+02
106  0.16868  6.94922e+01 |107 -0.02472 -1.50061e+01 |108  0.17784  1.86323e+01
109 -0.09116 -5.69430e+00 |110  0.22311 -8.36627e+00 |111 -0.04761 -8.68943e+00
112 -0.33922 -5.28810e+01 |113 -0.20777 -4.74204e+01 |114 -0.23504 -1.44126e+01
115 -0.26705 -9.05918e+00 |116  1.87374 -1.13730e+00 |117  2.18673  4.58624e+00
118  0.03735 -1.50765e+02 |119  0.02557 -1.41908e+02 |120  0.03119 -1.39551e+02
121  0.01873 -1.41724e+02 |122 -0.05235 -1.58766e+02 |123  0.01489 -1.41624e+02
124 -0.00835 -1.47303e+02 |125 -0.01552 -1.48865e+02 |126  0.02590 -1.42195e+02
127  0.00901 -1.45212e+02 |128 -0.01056 -1.49901e+02 |129 -0.03937 -1.55975e+02
130 -0.00401 -1.54531e+02 |131 -0.00064 -1.34693e+02 |132  0.00406 -1.73453e+02
133  0.01172 -1.73038e+02 |134 -0.00694 -1.95570e+02 |135  0.04288 -2.07890e+02
136 -0.04368 -2.42117e+02 |137 -0.01668 -2.38724e+02 |138  0.01315 -2.58911e+02
139  0.08002 -2.92112e+02 |140 -0.12647 -3.46576e+02 |141  0.01530 -3.15633e+02
142  0.04287 -3.51997e+02 |143 -0.02440 -3.61029e+02 |144  0.02945 -3.70515e+02
145  0.00395 -3.79365e+02 |146 -0.01096 -3.88649e+02 |147 -0.00396 -3.71029e+02
148  0.00995 -3.63946e+02 |149  0.01724 -3.60650e+02 |150 -0.02994 -3.42119e+02
151 -0.01094 -3.20096e+02 |152  0.01778 -2.98730e+02 |153 -0.00934 -3.08499e+02
154 -0.00654 -2.54457e+02 |155 -0.00815 -2.25038e+02 |156 -0.01048 -2.15759e+02
157  0.02151 -1.72281e+02 |158 -0.00783 -1.45679e+02 |159  0.01353 -3.56429e+01
160 -0.00687  3.45090e-01 |161 -0.01100  3.59468e+01 |162  0.00787  7.39175e+01
163  0.00684  9.45712e+01 |164 -0.00298  1.00076e+02 |165  0.00408  9.66391e+01
166 -0.01706  9.99901e+01 |167 -0.00139  9.37867e+01 |168  0.01827  6.40428e+01
169 -0.02485  8.24108e+01 |170  0.01358  6.03322e+01 |171  0.01941  4.25428e+00
172  0.02363  3.47655e+00 |173 -0.00345  1.56420e+00 |174  0.00469  4.37529e+00
175 -0.02993 -2.83176e+00 |176 -0.00020 -1.25848e+01 |177  0.00092 -9.61177e+00
178  0.00936 -1.10569e+01 |179 -0.01385 -3.63106e+01 |180  0.00498 -3.31999e+01
181 -0.01029 -2.49245e+01 |182 -0.01375 -3.39122e+00 |183  0.01011  2.49467e+00
184 -0.00070 -1.72102e-01 |185 -0.00929 -2.29184e+00 |186 -0.00736  8.58978e+02
187 -0.00036  8.93825e+02 |188 -0.01193  8.82884e+02 |189  0.00776  8.88455e+02
190 -0.00697  9.19462e+02 |191 -0.00782  9.73349e+02 |192  0.01603  9.64782e+02
193  0.00399  9.75876e+02 |194 -0.03384  9.64671e+02 |195  0.01992  9.99933e+02
196 -0.00379  9.98409e+02 |197 -0.00007  9.99061e+02 |198 -0.00134  1.00198e+03
199  0.00775  9.63874e+02 |200 -0.00895  9.25159e+02 |201  0.00503  8.78946e+02
202  0.00074  8.01166e+02 |203  0.00321  7.30460e+02 |204 -0.00748  6.02763e+02
205  0.01236  4.45523e+02 |206 -0.01309  3.79142e+02 |207  0.00601  2.47073e+02
208  0.06314  6.82105e+01 |209 -0.02719  1.01047e+01 |210 -0.05738 -1.03752e+02
211  0.02267 -2.06722e+02 |212 -0.00918 -3.16807e+02 |213  0.00554 -3.56102e+02
214 -0.00169 -4.70626e+02 |215  0.00657 -4.76992e+02 |216 -0.00799 -5.11196e+02
217 -0.00061 -5.00459e+02 |218  0.01356 -4.78113e+02 |219 -0.00542 -4.50624e+02
220 -0.00172 -4.47491e+02 |221 -0.00125 -4.68685e+02 |222  0.00148 -3.99079e+02
223  0.00092 -4.24238e+02 |224 -0.01498 -4.06957e+02 |225  0.00603 -3.90570e+02
226  0.00986 -3.15285e+02 |227 -0.00830 -2.31487e+02 |228  0.00730 -1.93124e+02
229 -0.00348 -1.46184e+02 |230 -0.00589 -1.03901e+02 |231  0.00620 -7.84941e+01
232 -0.00419 -4.14961e+01 |233  0.00308 -3.94233e+01 |234  0.00218 -1.75300e+01
235 -0.00532 -3.42592e+01 |236 -0.00701 -3.27602e+01 |237  0.01329  2.75244e+01
238 -0.01022 -3.11851e+00 |239  0.00381 -3.75127e+01 |240  0.01245 -5.76784e+01
241  0.00533 -8.94747e+01 |242 -0.01068 -1.09385e+02 |243 -0.01159 -1.05367e+02
244  0.01026 -1.33131e+02 |245  0.00379 -1.81142e+02 |246 -0.00669 -1.72122e+02
247 -0.00214 -1.75838e+02 |248  0.00249 -1.51739e+02 |249 -0.00349 -6.30699e+01
250  0.01866  4.60199e+00 |251 -0.00107 -2.65062e-01 |252  0.02422  5.97130e+00
253  0.02691  6.63193e+00 |254  0.03669  7.14515e+02 |255  0.00950  1.07680e+03
256 -0.00154  1.13463e+03 |257 -0.00073  1.17037e+03 |258  0.00354  1.21334e+03
259  0.01492  1.25300e+03 |260 -0.01520  1.25709e+03 |261  0.00718  1.30067e+03
262 -0.00013  1.30940e+03 |263 -0.02654  1.34690e+03 |264  0.01366  1.39152e+03
265 -0.01118  1.40351e+03 |266  0.00053  1.41895e+03 |267 -0.00159  1.39762e+03
268  0.00305  1.42030e+03 |269 -0.00179  1.38328e+03 |270  0.00284  1.38458e+03
271 -0.00028  1.31390e+03 |272  0.00479  1.22088e+03 |273 -0.00079  1.08940e+03
274 -0.00072  1.00861e+03 |275 -0.00081  8.97505e+02 |276  0.00046  7.63531e+02
277  0.00337  6.32111e+02 |278  0.01174  5.23394e+02 |279 -0.02022  3.68022e+02
280  0.00800  2.92807e+02 |281 -0.00315  2.39901e+02 |282  0.00108  1.78431e+02
283  0.00406  1.30844e+02 |284 -0.00288  9.65246e+01 |285 -0.00115  7.66236e+01
286 -0.00286  9.45608e+01 |287  0.00866  1.10982e+02 |288  0.00451  7.98387e+01
289 -0.00672  7.75430e+01 |290 -0.00125  8.79777e+01 |291  0.00344  8.18643e+01
292  0.00589  2.35868e+01 |293 -0.00738  5.04547e+01 |294 -0.00449  5.90884e+01
295 -0.00060  1.12647e+02 |296 -0.00148  1.35738e+02 |297  0.00583  1.31719e+02
298  0.00219  1.51021e+02 |299 -0.00689  1.51684e+02 |300  0.00419  1.65858e+02
301 -0.00341  1.32289e+02 |302  0.00398  1.27108e+02 |303 -0.00109  9.40159e+01
304  0.00031  5.87583e+01 |305 -0.00416  8.96171e+01 |306  0.00811  8.78893e+01
307 -0.00239  5.13894e+01 |308 -0.00457  3.17333e+01 |309  0.00668  2.00811e+00
310  0.00527 -7.74848e+00 |311  0.00087 -5.21835e+01 |312 -0.00918 -5.77291e+01
313  0.00318 -5.89933e+01 |314  0.00059 -7.82210e+01 |315  0.00077 -5.16263e+01
316 -0.00005 -3.94702e+01 |317 -0.00016 -3.89902e+01 |318 -0.00516 -1.27204e+00
319 -0.00718 -1.77221e+00 |320  0.06949  1.70110e+01 |321  0.06836  1.67376e+01
321 variables; iteration 360; function evaluation 420; phase 5
Function value 2.8248495e+03; maximum gradient component mag -1.6636e+02
Var    Value     Gradient |Var    Value     Gradient |Var    Value     Gradient
  1 -0.03276 -1.66361e+02 |  2  0.04391  1.49604e+00 |  3  0.13402  9.91007e-01
  4 -0.02866  7.51058e-01 |  5 -0.07693  1.20747e-01 |  6  0.06143  1.10854e+00
  7  0.02696  1.16446e+00 |  8  0.00177 -2.21932e-01 |  9  0.04527  7.91144e-01
 10  0.01593  3.37716e+00 | 11  0.21339  4.52855e+00 | 12 -0.12606  2.08351e+00
 13 -0.04390  2.72039e+00 | 14 -0.16001  2.54366e+00 | 15 -0.17730  2.62022e+00
 16  0.23692  5.81170e+00 | 17 -0.00006  3.46352e+00 | 18 -0.11229  2.55028e+00
 19 -0.05128  3.03484e+00 | 20 -0.01534  3.64368e+00 | 21 -0.09861  2.70119e+00
 22  0.03302  3.55965e+00 | 23 -0.12492  2.61915e+00 | 24 -0.03813  2.39597e+00
 25  0.00723  4.87996e+00 | 26  0.02106  6.66680e+00 | 27 -0.11663  3.19625e+00
 28  0.01251  3.94812e+00 | 29  0.05132  3.66275e+00 | 30 -0.08373  5.71999e+00
 31 -0.19337  1.72986e+00 | 32  0.03662  4.55863e+00 | 33  0.04950  6.15037e+00
 34  0.05484  4.46452e+00 | 35  0.04223  7.32144e+00 | 36 -0.04930  4.34734e+00
 37 -0.02144  4.57847e+00 | 38  0.05888  4.90429e+00 | 39 -0.06791  3.15169e+00
 40  0.21162  5.59302e+00 | 41  0.01999  3.29557e+00 | 42  0.08094  3.07466e+00
 43 -0.06615  2.07185e+00 | 44  0.17422  4.30717e+00 | 45 -0.04018  2.13483e+00
 46 -0.03302  2.38756e+00 | 47 -0.01668 -9.95886e-02 | 48 -0.09292  6.57438e-01
 49  0.11276 -1.30527e+00 | 50  0.00820 -1.22514e+00 | 51 -0.00013 -1.97016e-01
 52  0.01794  4.22014e-01 | 53 -0.03772 -3.01771e+00 | 54  0.08146 -4.70984e+00
 55  0.00351 -8.68751e-03 | 56 -0.05126 -3.19934e+00 | 57 -0.05639 -1.76490e+00
 58  0.08450 -9.59537e+00 | 59 -0.03556 -2.60267e+00 | 60  0.02159 -8.19087e-01
 61  0.00144 -6.19317e+00 | 62  0.06661 -9.91402e+00 | 63  0.09918 -1.27540e+01
 64 -0.06375 -3.55553e+00 | 65 -0.01285 -6.01046e+00 | 66  0.04203 -1.25320e+01
 67  0.01151 -1.02384e+01 | 68 -0.04164 -5.88544e+00 | 69  0.03771 -1.44857e+01
 70  0.01250 -8.64466e+00 | 71  0.15603 -1.89197e+01 | 72 -0.02350 -8.47749e-01
 73 -0.01746 -2.10443e+00 | 74 -0.53845 -1.58916e+00 | 75 -0.65320  7.17316e-01
 76 -0.80283  1.21384e+00 | 77 -0.70042  1.15150e+00 | 78 -0.75049  5.20243e-01
 79 -0.76628  3.07627e-01 | 80 -0.82074  9.70706e-01 | 81 -0.84826  1.58814e+00
 82 -0.82643  5.59484e-01 | 83 -0.73620  3.49167e-01 | 84 -0.81658  1.15980e+00
 85 -0.80986  1.68939e+00 | 86 -0.79120  1.88619e+00 | 87 -0.79959  9.94418e-01
 88 -0.80975  1.55429e+00 | 89 -0.81352  2.24805e+00 | 90 -0.79183  2.32455e+00
 91 -0.80479  1.36613e+00 | 92 -0.80154  2.07197e+00 | 93 -0.85581  2.56516e+00
 94  2.33894 -5.81399e+00 | 95  0.79289  1.61849e+00 | 96 -0.56404  2.25643e+00
 97 -0.19465  8.96255e-01 | 98  0.38144 -2.25577e+00 | 99  0.38477 -6.88054e+00
100  0.17928 -2.02014e+01 |101  0.09090  1.70003e+00 |102 -0.16579  1.13722e+01
103 -0.20307  1.48358e+01 |104 -0.16564  1.16770e+01 |105  0.00091  3.04786e+01
106  0.16862  3.96055e+00 |107 -0.02354  1.89775e+00 |108  0.17516 -2.58607e+00
109 -0.06524 -2.25195e+00 |110  0.24730 -3.37745e+00 |111 -0.04671 -7.94493e+00
112 -0.34053  1.07438e+02 |113 -0.20387  5.80395e+01 |114 -0.23898  2.23325e+01
115 -0.26059  1.06686e+01 |116  1.86999 -4.91548e-01 |117  2.18056  3.69105e-01
118  0.02409 -5.44501e+00 |119  0.01087 -6.93237e+00 |120  0.01174 -6.18939e+00
121 -0.00687 -8.18931e+00 |122 -0.01131 -9.12671e+00 |123 -0.00176 -6.46251e+00
124 -0.00007 -5.83928e+00 |125 -0.00177 -6.02138e+00 |126  0.00694 -9.89743e+00
127 -0.00221 -9.52941e+00 |128 -0.00671 -9.85176e+00 |129 -0.02155 -1.06069e+01
130  0.00185 -1.24747e+01 |131 -0.01052 -1.37645e+01 |132  0.00728 -1.48439e+01
133  0.00650 -1.51144e+01 |134 -0.00447 -1.58154e+01 |135  0.01305 -1.54144e+01
136 -0.01268 -6.61242e+00 |137 -0.01416 -5.96394e+00 |138  0.00909 -4.66804e+00
139  0.02201 -5.07586e+00 |140  0.00226 -4.90732e+00 |141 -0.02723 -1.04921e+01
142  0.01811 -1.34077e+01 |143 -0.02315 -1.00166e+01 |144  0.02456 -8.22926e+00
145  0.00105 -4.53700e+00 |146  0.00300 -2.44581e+00 |147 -0.00845 -2.88692e-01
148  0.01229  2.73453e+00 |149  0.02312  3.84854e+00 |150 -0.02466  4.12587e+00
151 -0.02050  3.72105e+00 |152  0.00631  2.74056e+00 |153  0.00249  1.70239e+00
154  0.00356  4.47660e+00 |155 -0.02111  4.71305e+00 |156 -0.01143  4.52072e+00
157  0.02768  5.13215e+00 |158 -0.00985  4.68496e+00 |159  0.01693  2.69509e+00
160 -0.00675  4.76623e+00 |161 -0.01848  6.13337e+00 |162  0.00834  7.29679e+00
163  0.00421  5.37618e+00 |164 -0.00368  3.00601e+00 |165  0.00549  1.86402e+00
166 -0.01872  1.06089e+00 |167 -0.00158  1.35455e+00 |168  0.02256 -1.90879e+00
169 -0.02924 -2.06329e+00 |170  0.01059 -5.24551e+00 |171  0.02255 -7.94850e+00
172  0.02106 -6.55303e+00 |173 -0.00644 -6.85067e+00 |174 -0.00338 -4.75404e+00
175 -0.01847 -4.47732e+00 |176  0.00343 -3.95230e+00 |177 -0.00212 -3.54534e+00
178  0.00242 -4.00206e+00 |179 -0.00470 -3.48760e+00 |180  0.00502 -2.75992e+00
181 -0.00193 -6.04577e-01 |182  0.00323  1.16189e+00 |183  0.00395  1.29036e+00
184  0.00006  3.04520e-01 |185 -0.00030  1.18919e-01 |186 -0.01776 -3.92175e+01
187 -0.00341 -4.22595e+01 |188 -0.01045 -4.10769e+01 |189  0.00860 -3.71467e+01
190  0.00563 -3.41825e+01 |191 -0.02442 -3.25080e+01 |192  0.01927 -3.38447e+01
193  0.00079 -3.43318e+01 |194 -0.02927 -3.78035e+01 |195  0.01842 -4.27972e+01
196 -0.00254 -4.39686e+01 |197 -0.00101 -4.52983e+01 |198 -0.00138 -4.40502e+01
199  0.00832 -4.40664e+01 |200 -0.01005 -4.49429e+01 |201  0.00419 -4.50730e+01
202  0.00298 -3.96647e+01 |203  0.00134 -4.13239e+01 |204 -0.00655 -2.67567e+01
205  0.01008 -2.31181e+01 |206 -0.00972 -2.26903e+01 |207  0.00333 -2.51309e+01
208  0.00000 -2.18426e+01 |209  0.00926 -1.68383e+01 |210 -0.02289 -1.51055e+01
211  0.01591 -1.38149e+01 |212 -0.00774 -7.33227e+00 |213  0.00389 -3.04444e+00
214 -0.00074  8.14763e+00 |215  0.00687  1.07116e+01 |216 -0.00776  1.72337e+01
217 -0.00010  2.08815e+01 |218  0.01222  2.18893e+01 |219 -0.00496  2.08018e+01
220 -0.00237  2.03486e+01 |221  0.00057  1.98198e+01 |222 -0.00019  2.23508e+01
223  0.00212  2.23221e+01 |224 -0.01650  2.22416e+01 |225  0.00850  2.08920e+01
226  0.00784  2.69042e+01 |227 -0.00736  2.60167e+01 |228  0.00720  2.83814e+01
229 -0.00367  3.02461e+01 |230 -0.00553  3.52604e+01 |231  0.00617  3.75373e+01
232 -0.00412  3.98452e+01 |233  0.00285  3.85931e+01 |234  0.00184  3.99125e+01
235 -0.00452  4.08335e+01 |236 -0.00706  4.23494e+01 |237  0.01244  4.40397e+01
238 -0.00972  3.86860e+01 |239  0.00349  3.73576e+01 |240  0.01233  3.70648e+01
241  0.00505  3.50022e+01 |242 -0.00973  3.90275e+01 |243 -0.01301  4.05608e+01
244  0.01035  3.93562e+01 |245  0.00509  4.13146e+01 |246 -0.00698  3.88446e+01
247 -0.00202  3.95468e+01 |248  0.00378  3.96526e+01 |249 -0.00475  3.99351e+01
250  0.00325  3.00269e+01 |251  0.00320  2.82039e+01 |252  0.00062  2.72165e+01
253 -0.00162  2.23125e+01 |254  0.00021 -8.75751e+01 |255  0.00876  1.65519e+02
256 -0.00289  1.64247e+02 |257 -0.00142  1.63556e+02 |258  0.00340  1.63155e+02
259  0.01874  1.51135e+02 |260 -0.01761  1.47339e+02 |261  0.00589  1.38668e+02
262  0.00022  1.36575e+02 |263 -0.02548  1.30338e+02 |264  0.01205  1.27163e+02
265 -0.01057  1.29683e+02 |266  0.00015  1.32657e+02 |267 -0.00128  1.32249e+02
268  0.00315  1.31795e+02 |269 -0.00227  1.29499e+02 |270  0.00180  1.30677e+02
271  0.00052  1.27076e+02 |272  0.00379  1.36976e+02 |273  0.00007  1.41086e+02
274 -0.00204  1.36789e+02 |275  0.00033  1.33705e+02 |276  0.00156  1.34795e+02
277  0.00275  1.32626e+02 |278  0.00506  1.29373e+02 |279 -0.01360  1.35105e+02
280  0.00742  1.33877e+02 |281 -0.00231  1.34843e+02 |282  0.00030  1.41798e+02
283  0.00394  1.36672e+02 |284 -0.00239  1.40444e+02 |285 -0.00079  1.34102e+02
286 -0.00237  1.26415e+02 |287  0.00747  1.21696e+02 |288  0.00562  1.14574e+02
289 -0.00760  1.11940e+02 |290 -0.00056  1.05610e+02 |291  0.00238  1.05435e+02
292  0.00695  1.01101e+02 |293 -0.00888  9.99819e+01 |294 -0.00328  1.02021e+02
295 -0.00099  9.92191e+01 |296 -0.00146  9.95651e+01 |297  0.00587  9.72327e+01
298  0.00198  9.95038e+01 |299 -0.00644  1.00396e+02 |300  0.00347  9.74932e+01
301 -0.00292  9.56316e+01 |302  0.00377  9.10864e+01 |303 -0.00138  9.15113e+01
304  0.00056  9.01006e+01 |305 -0.00372  9.02203e+01 |306  0.00772  8.86390e+01
307 -0.00223  8.79930e+01 |308 -0.00456  8.90506e+01 |309  0.00684  8.91242e+01
310  0.00482  9.05512e+01 |311  0.00211  8.78630e+01 |312 -0.00964  8.64225e+01
313  0.00256  9.04387e+01 |314  0.00116  8.72628e+01 |315  0.00038  9.40239e+01
316 -0.00045  9.51880e+01 |317  0.00049  8.94735e+01 |318  0.01134  7.84289e+01
319  0.01261  6.75771e+01 |320  0.00823  6.56992e+01 |321  0.00174  5.96699e+01
321 variables; iteration 380; function evaluation 440; phase 5
Function value 2.8238272e+03; maximum gradient component mag 4.5021e+01
Var    Value     Gradient |Var    Value     Gradient |Var    Value     Gradient
  1 -0.03276  4.50206e+01 |  2  0.03837 -6.51398e-02 |  3  0.13070 -1.59969e-01
  4 -0.03313 -1.88559e-02 |  5 -0.07929 -4.18839e-02 |  6  0.05159 -3.73492e-01
  7  0.04080  2.56720e-01 |  8 -0.00325 -2.30444e-01 |  9  0.04606 -9.17473e-02
 10  0.01567 -5.63368e-01 | 11  0.21348 -1.33621e+00 | 12 -0.12518 -4.10673e-01
 13 -0.04424 -6.90610e-01 | 14 -0.16013 -5.82628e-01 | 15 -0.17846 -5.20650e-01
 16  0.23700  5.81148e-02 | 17 -0.00027 -3.76658e-01 | 18 -0.11204 -3.37951e-01
 19 -0.05113 -3.12785e-01 | 20 -0.01539 -3.52673e-01 | 21 -0.09859 -3.13268e-01
 22  0.03310 -4.47785e-01 | 23 -0.12465 -4.35416e-01 | 24 -0.03801 -1.83379e-01
 25  0.00745 -2.59117e-01 | 26  0.02086  1.71770e-01 | 27 -0.11679 -6.47683e-01
 28  0.01240 -8.32016e-01 | 29  0.05168 -5.38768e-01 | 30 -0.08547 -5.32327e-01
 31 -0.19059 -2.77219e-01 | 32  0.03651  7.64554e-02 | 33  0.04917 -3.65214e-02
 34  0.05511  1.63519e-01 | 35  0.04183  7.69172e-01 | 36 -0.04938 -1.79755e-02
 37 -0.02187  3.57031e-01 | 38  0.05902  8.09810e-01 | 39 -0.06841  1.73623e-01
 40  0.21179  2.40150e+00 | 41  0.01984  4.43046e-01 | 42  0.08103  9.57290e-01
 43 -0.06620 -1.04999e-01 | 44  0.17415  3.21297e+00 | 45 -0.04015  8.26779e-01
 46 -0.03317  5.09726e-02 | 47 -0.01666 -2.96434e-03 | 48 -0.09288 -6.34976e-02
 49  0.11273  1.30212e+00 | 50  0.00829  3.90942e-01 | 51 -0.00008  1.73565e-01
 52  0.01784  5.58510e-02 | 53 -0.03751  6.55525e-01 | 54  0.08147  3.20133e-01
 55  0.00342  2.82763e-01 | 56 -0.05110 -9.54434e-02 | 57 -0.05636 -1.45200e-01
 58  0.08450 -5.22775e-01 | 59 -0.03548  2.45740e-01 | 60  0.02153 -3.69878e-02
 61  0.00155  9.83001e-03 | 62  0.06663 -3.19304e-01 | 63  0.09921 -4.44450e-01
 64 -0.06364 -1.94866e-01 | 65 -0.01292 -1.34405e+00 | 66  0.04200 -7.17827e-01
 67  0.01152 -7.48161e-02 | 68 -0.04172 -4.52622e-01 | 69  0.03774 -4.43154e-01
 70  0.01254  5.11019e-01 | 71  0.15606 -1.24912e+00 | 72 -0.02346 -5.97099e-01
 73 -0.01756 -2.97051e-01 | 74 -0.52542  4.98407e-01 | 75 -0.65294 -1.49807e-01
 76 -0.80294 -7.74187e-02 | 77 -0.70062 -3.82778e-01 | 78 -0.75036 -1.35082e-01
 79 -0.76595 -1.81890e-01 | 80 -0.82073 -1.43060e-01 | 81 -0.84841  8.91626e-02
 82 -0.82638 -1.91703e-01 | 83 -0.73507  2.05138e-01 | 84 -0.81651 -1.01505e-01
 85 -0.80973  3.25553e-02 | 86 -0.79155 -7.27058e-02 | 87 -0.79954 -4.82496e-01
 88 -0.80939  1.49252e-01 | 89 -0.81365  3.05766e-02 | 90 -0.79210 -3.36713e-01
 91 -0.80434  2.85027e-01 | 92 -0.80140 -7.14523e-02 | 93 -0.85587  1.48246e-01
 94  1.57659 -1.18242e-02 | 95  0.44319  2.38419e-05 | 96 -1.45321  6.80285e-06
 97 -0.13451  1.28574e-05 | 98  0.50550 -3.09650e+00 | 99  0.35339 -5.10724e+00
100  0.17513 -7.65643e+00 |101  0.09090 -2.34794e+00 |102 -0.16580  1.27366e+00
103 -0.20308  2.92267e+00 |104 -0.16552  2.62276e+00 |105  0.00087  7.11623e+00
106  0.16871  1.21301e+01 |107 -0.02343  1.24359e+01 |108  0.17468  1.71127e+00
109 -0.04431  1.07705e+00 |110  0.26976 -1.46263e+00 |111 -0.04667  6.29640e-01
112 -0.34051 -4.96119e+00 |113 -0.20360  1.35379e+00 |114 -0.23960  5.60039e-01
115 -0.25993  3.33483e-01 |116  1.86992  1.17425e-02 |117  2.18084 -2.68891e-01
118  0.01207 -1.54432e+01 |119  0.00760 -1.57122e+01 |120  0.00683 -1.56105e+01
121 -0.00237 -1.57827e+01 |122 -0.00272 -1.57783e+01 |123 -0.00773 -1.69388e+01
124 -0.00706 -1.66776e+01 |125 -0.00970 -1.71399e+01 |126  0.00898 -1.48844e+01
127 -0.00239 -1.43295e+01 |128 -0.00609 -1.42182e+01 |129 -0.01948 -1.39109e+01
130  0.00199 -1.32332e+01 |131 -0.01017 -1.30787e+01 |132  0.00734 -1.23141e+01
133  0.00632 -1.22724e+01 |134 -0.00400 -1.22737e+01 |135  0.01662 -1.20735e+01
136 -0.01580 -1.24589e+01 |137 -0.01465 -1.25745e+01 |138  0.00887 -1.23421e+01
139  0.01980 -1.09832e+01 |140 -0.00250 -1.00195e+01 |141 -0.02136 -1.08657e+01
142  0.01964 -1.04217e+01 |143 -0.02339 -9.54996e+00 |144  0.02526 -8.62705e+00
145  0.00154 -7.53833e+00 |146  0.00299 -7.12079e+00 |147 -0.00896 -6.95117e+00
148  0.01230 -6.38922e+00 |149  0.02112 -6.35091e+00 |150 -0.02406 -4.05014e+00
151 -0.02030 -4.14345e+00 |152  0.00574 -3.91075e+00 |153  0.00395 -3.84523e+00
154  0.00394 -3.96280e+00 |155 -0.02169 -4.57425e+00 |156 -0.01168 -5.43050e+00
157  0.02717 -4.10228e+00 |158 -0.00952 -3.51722e+00 |159  0.01833 -3.15291e+00
160 -0.00743 -4.16157e+00 |161 -0.01910 -3.88212e+00 |162  0.00801 -2.60212e+00
163  0.00420 -2.17429e+00 |164 -0.00353 -1.29588e+00 |165  0.00534 -7.78688e-01
166 -0.01834 -5.54913e-01 |167 -0.00169 -2.39126e-01 |168  0.02252  4.73574e-01
169 -0.02921  9.31890e-01 |170  0.01054  1.99725e+00 |171  0.02310  2.51020e+00
172  0.02225  2.38721e+00 |173 -0.00325  1.75431e+00 |174 -0.00613  1.96607e+00
175 -0.02023  1.88809e+00 |176  0.00344  1.95327e+00 |177 -0.00259  1.68936e+00
178  0.00283  1.78886e+00 |179 -0.00469  1.65497e+00 |180  0.00526  1.78910e+00
181 -0.00099  1.47893e+00 |182  0.00634  1.56426e+00 |183  0.00617  1.52228e+00
184  0.00005  1.26750e-02 |185  0.00010  2.52434e-02 |186 -0.01658 -2.91314e+01
187  0.00169 -2.97367e+01 |188 -0.01030 -2.88739e+01 |189  0.00858 -2.93497e+01
190  0.00704 -3.04050e+01 |191 -0.02530 -3.11941e+01 |192  0.01881 -3.00095e+01
193 -0.00027 -3.04523e+01 |194 -0.02813 -2.77589e+01 |195  0.01811 -2.75873e+01
196 -0.00262 -2.74101e+01 |197 -0.00090 -2.73623e+01 |198 -0.00140 -2.60560e+01
199  0.00835 -2.54023e+01 |200 -0.01000 -2.48465e+01 |201  0.00428 -2.55579e+01
202  0.00281 -2.57135e+01 |203  0.00146 -2.53882e+01 |204 -0.00667 -2.62509e+01
205  0.01010 -2.73230e+01 |206 -0.00971 -2.72238e+01 |207  0.00340 -2.53807e+01
208 -0.00004 -2.47843e+01 |209  0.01004 -2.62103e+01 |210 -0.02409 -2.47508e+01
211  0.01633 -2.51637e+01 |212 -0.00768 -2.38708e+01 |213  0.00381 -2.25831e+01
214 -0.00069 -2.16432e+01 |215  0.00684 -2.17733e+01 |216 -0.00765 -2.12193e+01
217 -0.00028 -1.98488e+01 |218  0.01239 -1.75017e+01 |219 -0.00510 -1.65796e+01
220 -0.00229 -1.56437e+01 |221  0.00054 -1.55405e+01 |222 -0.00022 -1.60767e+01
223  0.00209 -1.64736e+01 |224 -0.01649 -1.68911e+01 |225  0.00865 -1.57040e+01
226  0.00771 -1.42810e+01 |227 -0.00735 -1.36684e+01 |228  0.00718 -1.26069e+01
229 -0.00361 -1.17087e+01 |230 -0.00557 -1.04879e+01 |231  0.00623 -9.23213e+00
232 -0.00420 -8.43668e+00 |233  0.00288 -6.85763e+00 |234  0.00184 -6.49812e+00
235 -0.00447 -5.83475e+00 |236 -0.00710 -5.09869e+00 |237  0.01233 -4.93742e+00
238 -0.00965 -3.17958e+00 |239  0.00346 -3.20219e+00 |240  0.01232 -2.50911e+00
241  0.00516 -1.70904e+00 |242 -0.00972 -1.24705e+00 |243 -0.01315 -1.43434e+00
244  0.01038 -6.01107e-01 |245  0.00506  6.69892e-01 |246 -0.00697  1.74327e+00
247 -0.00200  6.22513e-01 |248  0.00385  2.11480e+00 |249 -0.00479  1.15769e+00
250  0.00246  5.51699e-01 |251  0.00226  5.56651e-01 |252  0.00095  2.34933e-01
253  0.00116  2.87156e-01 |254  0.00640 -3.15707e+01 |255  0.00338 -3.09567e+01
256 -0.00280 -3.05488e+01 |257 -0.00144 -3.18092e+01 |258  0.00338 -3.28355e+01
259  0.01782 -3.47143e+01 |260 -0.01683 -3.39441e+01 |261  0.00620 -3.47066e+01
262 -0.00014 -3.24463e+01 |263 -0.02525 -3.21627e+01 |264  0.01223 -3.05228e+01
265 -0.01061 -2.99835e+01 |266  0.00011 -2.85004e+01 |267 -0.00131 -2.84513e+01
268  0.00310 -2.79132e+01 |269 -0.00222 -2.77402e+01 |270  0.00179 -2.76717e+01
271  0.00056 -2.67777e+01 |272  0.00383 -2.64525e+01 |273 -0.00004 -2.67642e+01
274 -0.00202 -2.78199e+01 |275  0.00035 -2.69448e+01 |276  0.00155 -2.69632e+01
277  0.00253 -2.54297e+01 |278  0.00576 -2.42526e+01 |279 -0.01411 -2.36403e+01
280  0.00744 -2.31292e+01 |281 -0.00217 -2.22505e+01 |282  0.00013 -2.27518e+01
283  0.00403 -2.30334e+01 |284 -0.00255 -2.24266e+01 |285 -0.00067 -1.99024e+01
286 -0.00248 -1.81792e+01 |287  0.00755 -1.82418e+01 |288  0.00560 -1.79614e+01
289 -0.00756 -1.81549e+01 |290 -0.00053 -1.90099e+01 |291  0.00237 -1.96040e+01
292  0.00693 -1.86228e+01 |293 -0.00891 -1.72669e+01 |294 -0.00318 -1.51543e+01
295 -0.00103 -1.44516e+01 |296 -0.00145 -1.36754e+01 |297  0.00586 -1.27016e+01
298  0.00201 -1.16392e+01 |299 -0.00647 -1.08187e+01 |300  0.00349 -1.06533e+01
301 -0.00295 -9.39260e+00 |302  0.00377 -9.34394e+00 |303 -0.00139 -7.15608e+00
304  0.00057 -6.94941e+00 |305 -0.00370 -6.35232e+00 |306  0.00774 -4.58430e+00
307 -0.00223 -4.93353e+00 |308 -0.00455 -3.96826e+00 |309  0.00682 -2.83002e+00
310  0.00479 -1.53871e+00 |311  0.00217 -6.22322e-01 |312 -0.00963 -8.54660e-01
313  0.00251 -1.63897e-01 |314  0.00127  1.44444e+00 |315  0.00030 -5.86352e-01
316 -0.00049  6.61276e-01 |317  0.00051  1.11570e-01 |318  0.00174  6.36885e-02
319 -0.00013 -3.37893e-02 |320  0.00106  2.61460e-01 |321  0.00214  5.27060e-01
321 variables; iteration 400; function evaluation 460; phase 5
Function value 2.8237471e+03; maximum gradient component mag 6.0054e+01
Var    Value     Gradient |Var    Value     Gradient |Var    Value     Gradient
  1 -0.03277 -8.06476e+00 |  2  0.03924  3.61533e-01 |  3  0.13013  1.41657e-01
  4 -0.03297  2.16536e-01 |  5 -0.07955  8.00036e-02 |  6  0.05137  3.23559e-01
  7  0.04152  1.74271e-01 |  8 -0.00366  1.31127e-01 |  9  0.04621  1.48638e-01
 10  0.01565  3.93927e-01 | 11  0.21362  1.49182e+00 | 12 -0.12558  2.57924e-01
 13 -0.04412  3.45071e-01 | 14 -0.16000  3.28771e-01 | 15 -0.17830  1.81619e-01
 16  0.23693  1.38762e+00 | 17 -0.00020  5.36384e-01 | 18 -0.11226  2.46292e-01
 19 -0.05115  6.13877e-01 | 20 -0.01529  7.12524e-01 | 21 -0.09867  2.35230e-01
 22  0.03316  8.80379e-01 | 23 -0.12463  2.69937e-01 | 24 -0.03807  3.24274e-01
 25  0.00744  6.03507e-02 | 26  0.02059  3.47398e-01 | 27 -0.11657  3.31704e-01
 28  0.01261  6.07553e-01 | 29  0.05196  4.50448e-01 | 30 -0.08529  3.63888e-01
 31 -0.19023  2.53818e-01 | 32  0.03646  8.70093e-02 | 33  0.04927  3.82625e-01
 34  0.05501 -3.39050e-02 | 35  0.04161 -6.23747e-01 | 36 -0.04929  9.84334e-02
 37 -0.02181 -6.59701e-03 | 38  0.05891 -4.58033e-01 | 39 -0.06867 -6.52857e-02
 40  0.21177 -2.61129e-01 | 41  0.01985 -5.52141e-02 | 42  0.08094 -8.15933e-01
 43 -0.06614 -4.38506e-02 | 44  0.17414 -6.57532e-01 | 45 -0.04023 -1.30085e-01
 46 -0.03312  8.07033e-02 | 47 -0.01663 -8.38570e-02 | 48 -0.09286  8.80036e-02
 49  0.11272 -9.30785e-01 | 50  0.00831  5.62452e-02 | 51 -0.00004  4.42310e-01
 52  0.01787 -9.86564e-02 | 53 -0.03759 -7.97986e-01 | 54  0.08150 -2.68962e-01
 55  0.00339 -1.20402e+00 | 56 -0.05110 -2.43190e-02 | 57 -0.05632  6.00874e-01
 58  0.08449 -2.07972e+00 | 59 -0.03550  1.25779e-01 | 60  0.02153  5.88638e-02
 61  0.00152 -8.49274e-01 | 62  0.06664 -6.91277e-01 | 63  0.09923  1.07710e-01
 64 -0.06368 -5.39966e-01 | 65 -0.01292 -1.36236e+00 | 66  0.04203  6.59187e-01
 67  0.01148 -4.85310e-01 | 68 -0.04176 -6.43727e-01 | 69  0.03777  1.20942e+00
 70  0.01244 -6.96613e-01 | 71  0.15609  1.92957e-01 | 72 -0.02339  7.93994e-01
 73 -0.01765 -6.31601e-02 | 74 -0.52540 -4.68605e-01 | 75 -0.65332 -1.77198e-01
 76 -0.80300  8.35438e-02 | 77 -0.70059  1.89152e-01 | 78 -0.75041  3.91561e-02
 79 -0.76597  3.81629e-02 | 80 -0.82067  2.30399e-01 | 81 -0.84852 -3.15352e-03
 82 -0.82639 -1.17793e-01 | 83 -0.73550  1.17527e-02 | 84 -0.81652  8.80088e-02
 85 -0.81000 -2.99269e-02 | 86 -0.79160  1.22919e-01 | 87 -0.79900  1.60428e-01
 88 -0.80966 -1.22393e-01 | 89 -0.81373 -2.84189e-03 | 90 -0.79191  1.01114e-01
 91 -0.80450 -7.02701e-02 | 92 -0.80142 -5.00304e-03 | 93 -0.85592 -7.40988e-02
 94  1.95312 -8.24060e-04 | 95  0.24346  2.53941e-04 | 96 -0.41073 -1.36113e-04
 97  0.09873  2.74860e-04 | 98  0.54082 -4.36230e-01 | 99  0.30118  1.12465e+01
100  0.22702  1.37909e+01 |101  0.09091  2.93856e-01 |102 -0.16580 -6.51864e-01
103 -0.20311 -1.26219e+00 |104 -0.16555 -1.23223e+00 |105  0.00087 -8.64469e+00
106  0.16868 -7.53179e-01 |107 -0.02361 -3.20355e+00 |108  0.17511 -5.47718e-01
109 -0.05234 -3.71675e-01 |110  0.28320 -8.83738e-01 |111 -0.04674 -1.10527e+00
112 -0.34041 -2.67912e+00 |113 -0.20389 -1.09473e+00 |114 -0.23940 -3.51823e-01
115 -0.26026 -2.12939e-01 |116  1.86989  1.03340e-01 |117  2.18078  1.61869e-01
118  0.00800 -8.01626e-01 |119  0.00547 -6.75524e-01 |120  0.00475 -5.53283e-01
121 -0.00439 -2.48661e-01 |122 -0.00491 -2.50324e-01 |123 -0.00406  9.99158e-02
124 -0.00503 -1.59382e-02 |125 -0.00668 -2.16122e-01 |126  0.00870 -4.20714e-01
127 -0.00288 -3.36508e-01 |128 -0.00677 -3.64783e-01 |129 -0.01990 -1.49525e-01
130  0.00195 -2.47717e-02 |131 -0.01016 -1.86062e-01 |132  0.00731 -7.88070e-01
133  0.00633 -9.92525e-01 |134 -0.00406 -1.34835e+00 |135  0.01658 -1.43556e+00
136 -0.01576 -1.85767e+00 |137 -0.01464 -1.97837e+00 |138  0.00895 -2.63051e+00
139  0.02028 -3.53180e+00 |140 -0.00414 -3.54948e+00 |141 -0.02046 -3.33899e+00
142  0.01973 -3.57506e+00 |143 -0.02335 -2.44967e+00 |144  0.02558 -2.14366e+00
145  0.00124 -2.21859e+00 |146  0.00270 -1.81598e+00 |147 -0.00887 -1.21578e+00
148  0.01179 -3.57560e-01 |149  0.02166  3.84205e-01 |150 -0.02461  2.58508e+00
151 -0.01966  3.26560e+00 |152  0.00627  3.49643e+00 |153  0.00329  2.96082e+00
154  0.00323  3.74583e+00 |155 -0.02099  4.11211e+00 |156 -0.01146  3.55289e+00
157  0.02702  3.60993e+00 |158 -0.00951  4.42792e+00 |159  0.01780  5.86321e+00
160 -0.00687  6.40260e+00 |161 -0.01895  6.69666e+00 |162  0.00801  6.94622e+00
163  0.00426  6.90612e+00 |164 -0.00357  6.58511e+00 |165  0.00548  6.37261e+00
166 -0.01855  5.92655e+00 |167 -0.00169  5.75457e+00 |168  0.02256  4.77684e+00
169 -0.02921  4.97932e+00 |170  0.01057  3.88926e+00 |171  0.02299  2.87240e+00
172  0.02255  2.87529e+00 |173 -0.00163  2.41581e+00 |174 -0.00677  1.93770e+00
175 -0.02137  1.41445e+00 |176  0.00330  1.11825e+00 |177 -0.00248  8.96415e-01
178  0.00272  8.01661e-01 |179 -0.00468  9.14936e-01 |180  0.00524  9.87725e-01
181 -0.00121  1.00625e+00 |182  0.00152  3.75553e-01 |183  0.00159  3.92359e-01
184  0.00001  2.48670e-03 |185 -0.00005 -1.20834e-02 |186 -0.00625  5.10899e+01
187  0.00239  5.08896e+01 |188 -0.01042  5.00861e+01 |189  0.00859  4.98390e+01
190  0.00632  4.83767e+01 |191 -0.02426  4.88231e+01 |192  0.01841  4.90381e+01
193  0.00024  4.93026e+01 |194 -0.02859  4.90043e+01 |195  0.01817  4.70703e+01
196 -0.00266  4.67877e+01 |197 -0.00087  4.65825e+01 |198 -0.00137  4.62135e+01
199  0.00831  4.44959e+01 |200 -0.01001  4.28638e+01 |201  0.00429  4.16203e+01
202  0.00280  4.12775e+01 |203  0.00148  4.02631e+01 |204 -0.00672  3.86134e+01
205  0.01023  3.75730e+01 |206 -0.00976  3.57982e+01 |207  0.00339  3.22206e+01
208 -0.00015  3.00865e+01 |209  0.01028  3.14722e+01 |210 -0.02434  3.04142e+01
211  0.01645  2.99951e+01 |212 -0.00771  2.81834e+01 |213  0.00382  2.70401e+01
214 -0.00066  2.71441e+01 |215  0.00682  2.70687e+01 |216 -0.00768  2.67263e+01
217 -0.00026  2.71851e+01 |218  0.01245  2.87602e+01 |219 -0.00512  2.74335e+01
220 -0.00232  2.74358e+01 |221  0.00055  2.62068e+01 |222 -0.00022  2.66594e+01
223  0.00212  2.55119e+01 |224 -0.01655  2.45308e+01 |225  0.00867  2.39640e+01
226  0.00774  2.34397e+01 |227 -0.00736  2.39671e+01 |228  0.00718  2.26424e+01
229 -0.00361  2.25008e+01 |230 -0.00557  2.20311e+01 |231  0.00622  2.09091e+01
232 -0.00418  2.06216e+01 |233  0.00287  1.79880e+01 |234  0.00183  1.70285e+01
235 -0.00446  1.58110e+01 |236 -0.00712  1.44506e+01 |237  0.01238  1.36292e+01
238 -0.00968  1.14304e+01 |239  0.00347  9.86164e+00 |240  0.01233  8.42532e+00
241  0.00515  6.35950e+00 |242 -0.00972  5.65571e+00 |243 -0.01310  4.85759e+00
244  0.01035  3.68530e+00 |245  0.00506  2.51796e+00 |246 -0.00702  1.35820e+00
247 -0.00195  2.37989e+00 |248  0.00380  1.27467e+00 |249 -0.00475  1.48831e+00
250  0.00346  8.48065e-01 |251  0.00326  7.98439e-01 |252  0.00010  2.19483e-02
253 -0.00011 -3.02700e-02 |254 -0.00510  6.00544e+01 |255  0.00299  4.64856e+01
256 -0.00276  4.60855e+01 |257 -0.00144  4.54299e+01 |258  0.00338  4.41128e+01
259  0.01759  4.37534e+01 |260 -0.01665  4.42881e+01 |261  0.00618  4.53884e+01
262 -0.00006  4.54158e+01 |263 -0.02526  4.33045e+01 |264  0.01223  4.36443e+01
265 -0.01062  4.37883e+01 |266  0.00010  4.33906e+01 |267 -0.00128  4.27904e+01
268  0.00310  4.17966e+01 |269 -0.00224  4.03417e+01 |270  0.00181  4.06655e+01
271  0.00054  3.93084e+01 |272  0.00385  3.80311e+01 |273 -0.00011  3.61900e+01
274 -0.00196  3.63596e+01 |275  0.00035  3.39442e+01 |276  0.00159  3.31173e+01
277  0.00248  3.13217e+01 |278  0.00581  2.94745e+01 |279 -0.01419  2.91082e+01
280  0.00746  2.77138e+01 |281 -0.00220  2.72736e+01 |282  0.00014  2.78078e+01
283  0.00406  2.75376e+01 |284 -0.00255  2.67440e+01 |285 -0.00070  2.73215e+01
286 -0.00251  2.75558e+01 |287  0.00760  2.70100e+01 |288  0.00560  2.62087e+01
289 -0.00758  2.49210e+01 |290 -0.00051  2.47408e+01 |291  0.00238  2.38144e+01
292  0.00696  2.19299e+01 |293 -0.00892  2.10567e+01 |294 -0.00321  1.99885e+01
295 -0.00103  2.01373e+01 |296 -0.00144  1.93513e+01 |297  0.00586  1.85359e+01
298  0.00201  1.85758e+01 |299 -0.00648  1.75179e+01 |300  0.00350  1.74161e+01
301 -0.00296  1.52727e+01 |302  0.00381  1.46345e+01 |303 -0.00142  1.22649e+01
304  0.00058  1.08029e+01 |305 -0.00370  9.92594e+00 |306  0.00773  9.12261e+00
307 -0.00222  7.56722e+00 |308 -0.00456  6.12659e+00 |309  0.00682  4.77532e+00
310  0.00479  4.68566e+00 |311  0.00211  3.23734e+00 |312 -0.00959  2.25987e+00
313  0.00253  1.60574e+00 |314  0.00122 -2.35385e-01 |315  0.00034  1.44109e+00
316 -0.00049  1.15257e-01 |317  0.00049  3.53254e-01 |318  0.00062  1.31000e-01
319  0.00090  2.11489e-01 |320  0.00111  2.66445e-01 |321  0.00023  4.78634e-02
321 variables; iteration 420; function evaluation 480; phase 5
Function value 2.8237143e+03; maximum gradient component mag 2.6787e+01
Var    Value     Gradient |Var    Value     Gradient |Var    Value     Gradient
  1 -0.03277 -6.98237e+00 |  2  0.03820  4.36679e-03 |  3  0.13067  9.02129e-02
  4 -0.03332  1.33476e-02 |  5 -0.07930  3.89847e-02 |  6  0.05144 -1.61133e-01
  7  0.04137 -1.16296e-02 |  8 -0.00367  3.16873e-02 |  9  0.04625  2.21335e-02
 10  0.01563  1.07752e-01 | 11  0.21354 -1.44534e-01 | 12 -0.12554  4.87306e-02
 13 -0.04408  9.60796e-02 | 14 -0.16010  8.41774e-02 | 15 -0.17822  8.88681e-02
 16  0.23698 -3.25069e-02 | 17 -0.00029  3.44860e-02 | 18 -0.11220  7.28836e-02
 19 -0.05118  3.43602e-02 | 20 -0.01535  6.02217e-02 | 21 -0.09865  7.47881e-02
 22  0.03313 -7.95829e-02 | 23 -0.12460  4.20067e-02 | 24 -0.03803  1.08370e-01
 25  0.00749 -1.80697e-02 | 26  0.02071 -3.07299e-03 | 27 -0.11665 -1.55446e-02
 28  0.01254 -3.85109e-02 | 29  0.05186 -1.24212e-01 | 30 -0.08542 -7.13260e-02
 31 -0.19050  5.64492e-02 | 32  0.03644 -8.76880e-02 | 33  0.04923  1.30915e-02
 34  0.05506 -8.44598e-02 | 35  0.04178  3.15458e-02 | 36 -0.04936  1.00605e-01
 37 -0.02188 -4.67046e-02 | 38  0.05895 -1.41828e-02 | 39 -0.06847  2.14784e-02
 40  0.21177 -1.99868e-01 | 41  0.01986 -4.67426e-02 | 42  0.08100  1.77911e-01
 43 -0.06614  2.28539e-02 | 44  0.17413 -2.64613e-01 | 45 -0.04021  8.46743e-02
 46 -0.03313  3.31620e-02 | 47 -0.01664 -2.30920e-01 | 48 -0.09286  7.14296e-02
 49  0.11274 -8.47129e-02 | 50  0.00829  1.60162e-01 | 51 -0.00006  1.31934e-01
 52  0.01786  4.40317e-02 | 53 -0.03754  1.49237e-01 | 54  0.08150  1.33917e-01
 55  0.00344  1.45126e-01 | 56 -0.05111 -1.56361e-01 | 57 -0.05637 -1.35002e-01
 58  0.08453  1.52603e-01 | 59 -0.03553 -2.86736e-01 | 60  0.02152 -1.36746e-01
 61  0.00154  5.69418e-02 | 62  0.06664 -2.67861e-02 | 63  0.09922 -2.15607e-01
 64 -0.06365 -5.58497e-02 | 65 -0.01284  4.30934e-01 | 66  0.04198 -6.91188e-01
 67  0.01150 -1.80979e-02 | 68 -0.04173 -8.41094e-02 | 69  0.03774  4.94069e-01
 70  0.01248 -1.01741e-01 | 71  0.15607 -7.86658e-01 | 72 -0.02346  4.13947e-01
 73 -0.01759  2.43947e-02 | 74 -0.52547  9.03546e-04 | 75 -0.65320 -1.35672e-01
 76 -0.80298  4.38346e-02 | 77 -0.70055  5.31023e-02 | 78 -0.75034  1.03029e-01
 79 -0.76590  5.00898e-02 | 80 -0.82073 -3.99021e-03 | 81 -0.84848  6.51845e-02
 82 -0.82633  3.29456e-02 | 83 -0.73536  5.13437e-02 | 84 -0.81653  4.32858e-04
 85 -0.80991  8.50821e-03 | 86 -0.79166 -2.32912e-02 | 87 -0.79928 -1.66040e-01
 88 -0.80955  1.30334e-02 | 89 -0.81372 -1.80758e-03 | 90 -0.79198 -1.44299e-02
 91 -0.80449 -6.15900e-02 | 92 -0.80139  4.43724e-02 | 93 -0.85590  4.17818e-02
 94  2.36785  3.51829e-03 | 95  0.40775  7.05720e-03 | 96  0.64227  3.19830e-04
 97  0.24681  2.97994e-05 | 98  0.56760 -7.47668e-01 | 99  0.25107  5.47293e+00
100  0.20860  2.90721e+00 |101  0.09091  1.74787e+00 |102 -0.16579  9.98750e-01
103 -0.20309  1.90785e-01 |104 -0.16555 -1.52462e-01 |105  0.00089  6.22474e+00
106  0.16864 -1.21230e+00 |107 -0.02357  1.06666e-01 |108  0.17510  4.68516e-01
109 -0.05240 -3.37916e-01 |110  0.29796 -5.01703e-01 |111 -0.04672 -3.36981e-02
112 -0.34043 -1.64709e+00 |113 -0.20377  4.15482e-01 |114 -0.23955  8.46771e-02
115 -0.26007  7.66608e-02 |116  1.86975  2.79917e-02 |117  2.18066 -6.80944e-02
118  0.00758 -3.11359e+00 |119  0.00507 -3.16741e+00 |120  0.00350 -3.32501e+00
121 -0.00447 -3.11270e+00 |122 -0.00464 -3.04572e+00 |123 -0.00511 -3.04410e+00
124 -0.00596 -3.14233e+00 |125 -0.00671 -3.12582e+00 |126  0.00902 -3.34975e+00
127 -0.00310 -3.53172e+00 |128 -0.00679 -3.53802e+00 |129 -0.02022 -3.47925e+00
130  0.00189 -3.39676e+00 |131 -0.01014 -3.36542e+00 |132  0.00729 -3.35851e+00
133  0.00636 -3.34777e+00 |134 -0.00401 -3.58856e+00 |135  0.01636 -3.79311e+00
136 -0.01558 -3.74956e+00 |137 -0.01466 -3.91142e+00 |138  0.00894 -3.85941e+00
139  0.02018 -3.80670e+00 |140 -0.00364 -3.57161e+00 |141 -0.02076 -3.72234e+00
142  0.01981 -3.54197e+00 |143 -0.02345 -3.18660e+00 |144  0.02566 -3.11506e+00
145  0.00136 -3.43287e+00 |146  0.00284 -3.29355e+00 |147 -0.00886 -3.19991e+00
148  0.01268 -3.27257e+00 |149  0.02229 -3.41392e+00 |150 -0.02533 -3.57228e+00
151 -0.02065 -3.76556e+00 |152  0.00586 -3.92923e+00 |153  0.00377 -4.08883e+00
154  0.00337 -4.63652e+00 |155 -0.02142 -4.67692e+00 |156 -0.01138 -4.90974e+00
157  0.02729 -5.11838e+00 |158 -0.00982 -5.01065e+00 |159  0.01771 -3.15588e+00
160 -0.00695 -2.42631e+00 |161 -0.01881 -1.73359e+00 |162  0.00799 -1.04985e+00
163  0.00422 -7.04468e-01 |164 -0.00355 -1.15806e-01 |165  0.00535  2.70768e-01
166 -0.01837  4.13847e-01 |167 -0.00167  5.67029e-01 |168  0.02261  5.22858e-01
169 -0.02930  5.41392e-01 |170  0.01054  9.22152e-01 |171  0.02302  1.14780e+00
172  0.02201  1.22435e+00 |173 -0.00206  1.09907e+00 |174 -0.00640  8.83977e-01
175 -0.02086  5.55690e-01 |176  0.00337  7.07363e-01 |177 -0.00244  6.44170e-01
178  0.00276  5.80199e-01 |179 -0.00465  4.47347e-01 |180  0.00516  2.26955e-01
181 -0.00167  1.06636e-01 |182 -0.00037 -8.89263e-02 |183 -0.00042 -1.02653e-01
184  0.00001  1.94364e-03 |185  0.00002  6.13330e-03 |186  0.00457  2.58210e+01
187  0.00244  2.54391e+01 |188 -0.01041  2.53229e+01 |189  0.00860  2.58466e+01
190  0.00652  2.60162e+01 |191 -0.02458  2.61216e+01 |192  0.01847  2.63933e+01
193  0.00020  2.66931e+01 |194 -0.02849  2.65878e+01 |195  0.01814  2.64920e+01
196 -0.00265  2.67313e+01 |197 -0.00084  2.67874e+01 |198 -0.00139  2.66498e+01
199  0.00832  2.62105e+01 |200 -0.00999  2.61928e+01 |201  0.00429  2.54554e+01
202  0.00280  2.48911e+01 |203  0.00148  2.46900e+01 |204 -0.00669  2.42595e+01
205  0.01015  2.31624e+01 |206 -0.00973  2.29200e+01 |207  0.00340  2.25800e+01
208 -0.00008  2.18570e+01 |209  0.01016  2.12859e+01 |210 -0.02424  2.14612e+01
211  0.01640  2.09952e+01 |212 -0.00770  2.04801e+01 |213  0.00383  1.95543e+01
214 -0.00070  1.90751e+01 |215  0.00684  1.88720e+01 |216 -0.00766  1.82657e+01
217 -0.00025  1.72815e+01 |218  0.01237  1.68300e+01 |219 -0.00507  1.62659e+01
220 -0.00231  1.57147e+01 |221  0.00053  1.49027e+01 |222 -0.00022  1.41231e+01
223  0.00210  1.29955e+01 |224 -0.01654  1.26424e+01 |225  0.00868  1.23136e+01
226  0.00772  1.15045e+01 |227 -0.00735  1.29732e+01 |228  0.00719  1.22863e+01
229 -0.00362  1.25748e+01 |230 -0.00557  1.27394e+01 |231  0.00623  1.21435e+01
232 -0.00420  1.19571e+01 |233  0.00288  1.10620e+01 |234  0.00184  1.06898e+01
235 -0.00446  1.02271e+01 |236 -0.00711  9.70680e+00 |237  0.01235  8.40269e+00
238 -0.00966  8.46720e+00 |239  0.00347  7.76257e+00 |240  0.01232  7.27461e+00
241  0.00517  6.74009e+00 |242 -0.00973  5.53418e+00 |243 -0.01311  5.07186e+00
244  0.01034  4.76225e+00 |245  0.00507  4.42790e+00 |246 -0.00699  4.13913e+00
247 -0.00198  3.11140e+00 |248  0.00382  2.33458e+00 |249 -0.00477  1.60500e+00
250  0.00106  1.94401e-01 |251  0.00128  2.44972e-01 |252  0.00011  1.20524e-03
253  0.00002  2.88340e-03 |254 -0.00103  1.25346e+01 |255  0.00310  6.62305e+00
256 -0.00276  6.32095e+00 |257 -0.00145  6.59270e+00 |258  0.00337  6.57360e+00
259  0.01774  6.88250e+00 |260 -0.01675  7.10339e+00 |261  0.00618  7.33911e+00
262 -0.00009  7.33387e+00 |263 -0.02526  7.14733e+00 |264  0.01223  7.46491e+00
265 -0.01064  7.47342e+00 |266  0.00012  7.59624e+00 |267 -0.00130  7.25954e+00
268  0.00310  7.78378e+00 |269 -0.00222  7.53213e+00 |270  0.00180  7.24547e+00
271  0.00054  7.30214e+00 |272  0.00384  7.57159e+00 |273 -0.00007  7.30671e+00
274 -0.00199  7.01058e+00 |275  0.00035  6.60242e+00 |276  0.00156  6.34909e+00
277  0.00250  6.95088e+00 |278  0.00580  7.43978e+00 |279 -0.01417  7.28787e+00
280  0.00747  7.49996e+00 |281 -0.00219  7.07481e+00 |282  0.00014  6.80807e+00
283  0.00403  6.90557e+00 |284 -0.00252  6.71761e+00 |285 -0.00070  6.28693e+00
286 -0.00247  6.43628e+00 |287  0.00754  5.61992e+00 |288  0.00560  5.43131e+00
289 -0.00757  4.88139e+00 |290 -0.00052  4.52082e+00 |291  0.00237  3.73639e+00
292  0.00696  4.06173e+00 |293 -0.00892  3.74809e+00 |294 -0.00319  3.22405e+00
295 -0.00103  4.29914e+00 |296 -0.00145  3.88188e+00 |297  0.00587  4.19889e+00
298  0.00200  4.50085e+00 |299 -0.00647  4.16956e+00 |300  0.00349  4.18870e+00
301 -0.00296  3.70933e+00 |302  0.00379  3.65604e+00 |303 -0.00141  3.77662e+00
304  0.00058  3.81636e+00 |305 -0.00369  3.18856e+00 |306  0.00773  3.71014e+00
307 -0.00223  3.01255e+00 |308 -0.00455  2.90976e+00 |309  0.00683  2.80231e+00
310  0.00478  2.73273e+00 |311  0.00213  2.85453e+00 |312 -0.00959  2.41941e+00
313  0.00250  1.54252e+00 |314  0.00125  2.09587e+00 |315  0.00031  1.45190e+00
316 -0.00048  1.19261e+00 |317  0.00050  5.44891e-01 |318 -0.00086 -3.03717e-01
319 -0.00097 -3.58760e-01 |320 -0.00000 -3.23003e-02 |321  0.00005  9.83656e-03
321 variables; iteration 440; function evaluation 500; phase 5
Function value 2.8237045e+03; maximum gradient component mag 3.5552e+01
Var    Value     Gradient |Var    Value     Gradient |Var    Value     Gradient
  1 -0.03277  3.55522e+01 |  2  0.03845  4.75499e-02 |  3  0.13063 -1.39552e-02
  4 -0.03310  4.54359e-02 |  5 -0.07931  3.47051e-02 |  6  0.05181  1.62037e-01
  7  0.04095  4.45147e-02 |  8 -0.00357  6.37225e-02 |  9  0.04623  9.65206e-02
 10  0.01559 -2.56046e-01 | 11  0.21356  9.19412e-02 | 12 -0.12551 -3.32064e-01
 13 -0.04409 -3.17996e-01 | 14 -0.16008 -3.17515e-01 | 15 -0.17826 -2.90600e-01
 16  0.23697  5.81756e-01 | 17 -0.00028 -2.25042e-01 | 18 -0.11220 -2.75678e-01
 19 -0.05119 -2.16308e-01 | 20 -0.01535 -3.83477e-02 | 21 -0.09866 -2.21867e-01
 22  0.03313  1.53223e-01 | 23 -0.12462 -2.28635e-01 | 24 -0.03804 -1.28489e-01
 25  0.00751  5.58499e-02 | 26  0.02068  2.07659e-01 | 27 -0.11661 -1.67409e-01
 28  0.01252  6.03404e-02 | 29  0.05185  4.55763e-01 | 30 -0.08529 -9.90622e-02
 31 -0.19068 -2.61244e-01 | 32  0.03647  1.96260e-01 | 33  0.04922  2.41555e-01
 34  0.05504  1.68422e-01 | 35  0.04178  3.72364e-01 | 36 -0.04941 -6.06681e-02
 37 -0.02185  8.25968e-02 | 38  0.05899  2.54237e-01 | 39 -0.06858 -8.46203e-02
 40  0.21180  9.58135e-01 | 41  0.01984  7.74227e-02 | 42  0.08102  4.11722e-01
 43 -0.06617 -2.25915e-01 | 44  0.17413  8.18472e-01 | 45 -0.04019  1.97613e-01
 46 -0.03312  7.29228e-02 | 47 -0.01661  2.71518e-01 | 48 -0.09290 -2.40800e-01
 49  0.11274  7.00493e-01 | 50  0.00827  2.09331e-02 | 51 -0.00004  3.12135e-01
 52  0.01787  1.06526e-01 | 53 -0.03756 -1.92503e-01 | 54  0.08150  3.03522e-01
 55  0.00342 -1.15511e-01 | 56 -0.05108  1.59689e-03 | 57 -0.05633  5.41505e-02
 58  0.08450 -5.46741e-01 | 59 -0.03547  4.15230e-01 | 60  0.02155  2.80681e-01
 61  0.00154 -2.56448e-01 | 62  0.06664 -1.67633e-01 | 63  0.09924  3.13922e-01
 64 -0.06367 -4.33625e-01 | 65 -0.01290 -8.69559e-01 | 66  0.04203  2.15795e-01
 67  0.01150 -5.79240e-01 | 68 -0.04173 -4.53380e-01 | 69  0.03779  4.04704e-01
 70  0.01248 -4.59008e-01 | 71  0.15608 -4.90998e-01 | 72 -0.02344 -7.00734e-02
 73 -0.01755 -3.31116e-01 | 74 -0.52585 -5.22761e-02 | 75 -0.65303 -9.84815e-03
 76 -0.80300 -8.86282e-02 | 77 -0.70064 -1.27967e-01 | 78 -0.75042 -9.60349e-02
 79 -0.76594 -5.99553e-02 | 80 -0.82072 -3.26192e-02 | 81 -0.84852 -3.10259e-02
 82 -0.82637 -1.22949e-01 | 83 -0.73539 -2.66836e-02 | 84 -0.81652 -3.36450e-02
 85 -0.80990 -6.09725e-02 | 86 -0.79164 -2.45958e-02 | 87 -0.79911 -3.91000e-02
 88 -0.80955 -5.35728e-03 | 89 -0.81372  8.53218e-03 | 90 -0.79198  7.85322e-03
 91 -0.80449 -2.00101e-03 | 92 -0.80146 -3.23646e-02 | 93 -0.85592  2.31365e-02
 94  2.41867  2.48988e-03 | 95  0.35692  5.81466e-03 | 96  0.74203  2.41702e-04
 97  0.29196  8.78468e-06 | 98  0.58184 -7.45877e-01 | 99  0.26574 -5.78618e+00
100  0.19963 -1.48803e+00 |101  0.09091 -3.73459e-01 |102 -0.16580  3.97778e-01
103 -0.20309  9.20808e-01 |104 -0.16553  1.05833e+00 |105  0.00089  2.62401e+00
106  0.16864  1.43142e-01 |107 -0.02355  3.02331e+00 |108  0.17498  2.32883e+00
109 -0.04588  8.04265e-01 |110  0.30665 -3.56030e-01 |111 -0.04673 -1.95303e-03
112 -0.34038 -7.04179e-01 |113 -0.20387 -1.27430e-01 |114 -0.23941  7.96797e-02
115 -0.26016  3.09036e-02 |116  1.86987  6.02898e-02 |117  2.18103 -2.01071e-02
118  0.00683 -3.43134e+00 |119  0.00486 -3.41041e+00 |120  0.00388 -3.44153e+00
121 -0.00454 -3.58680e+00 |122 -0.00499 -3.60292e+00 |123 -0.00604 -3.75888e+00
124 -0.00638 -3.73292e+00 |125 -0.00716 -3.72101e+00 |126  0.00915 -3.35572e+00
127 -0.00295 -3.40601e+00 |128 -0.00659 -3.36716e+00 |129 -0.02003 -3.25650e+00
130  0.00191 -3.07434e+00 |131 -0.01014 -3.02458e+00 |132  0.00728 -2.99154e+00
133  0.00629 -2.95838e+00 |134 -0.00398 -2.90199e+00 |135  0.01635 -2.84049e+00
136 -0.01561 -2.71564e+00 |137 -0.01457 -2.66155e+00 |138  0.00894 -2.66550e+00
139  0.02018 -2.70628e+00 |140 -0.00342 -2.40425e+00 |141 -0.02092 -2.75376e+00
142  0.01980 -2.55748e+00 |143 -0.02350 -2.55904e+00 |144  0.02552 -2.57131e+00
145  0.00165 -2.39826e+00 |146  0.00284 -2.49296e+00 |147 -0.00898 -2.62727e+00
148  0.01260 -2.78032e+00 |149  0.02241 -2.85592e+00 |150 -0.02540 -3.11446e+00
151 -0.02067 -3.30458e+00 |152  0.00572 -3.42259e+00 |153  0.00382 -3.43664e+00
154  0.00343 -3.37554e+00 |155 -0.02140 -3.38959e+00 |156 -0.01139 -3.51723e+00
157  0.02724 -3.00557e+00 |158 -0.00969 -2.68922e+00 |159  0.01786 -1.43533e+00
160 -0.00691 -1.13444e+00 |161 -0.01899 -9.14882e-01 |162  0.00800 -7.60869e-01
163  0.00424 -7.50210e-01 |164 -0.00355 -8.26650e-01 |165  0.00533 -9.70703e-01
166 -0.01839 -9.48279e-01 |167 -0.00171 -9.42890e-01 |168  0.02260 -7.89121e-01
169 -0.02926 -7.09535e-01 |170  0.01055 -7.92397e-01 |171  0.02296 -1.00424e+00
172  0.02163 -8.44331e-01 |173 -0.00261 -7.96378e-01 |174 -0.00611 -7.32206e-01
175 -0.02018 -7.83635e-01 |176  0.00332 -7.83164e-01 |177 -0.00246 -7.33724e-01
178  0.00276 -7.13422e-01 |179 -0.00467 -5.31469e-01 |180  0.00521 -3.10989e-01
181 -0.00169 -2.87619e-02 |182 -0.00051 -1.24593e-01 |183 -0.00039 -9.45728e-02
184 -0.00000 -8.77188e-04 |185 -0.00001 -3.20420e-03 |186  0.00149 -2.60135e+01
187  0.00229 -2.56723e+01 |188 -0.01042 -2.57517e+01 |189  0.00861 -2.55233e+01
190  0.00677 -2.52219e+01 |191 -0.02474 -2.54953e+01 |192  0.01847 -2.56793e+01
193  0.00008 -2.57284e+01 |194 -0.02842 -2.52685e+01 |195  0.01812 -2.52351e+01
196 -0.00267 -2.53990e+01 |197 -0.00085 -2.52462e+01 |198 -0.00139 -2.49316e+01
199  0.00832 -2.43723e+01 |200 -0.00999 -2.40544e+01 |201  0.00429 -2.36804e+01
202  0.00281 -2.34399e+01 |203  0.00147 -2.33932e+01 |204 -0.00671 -2.30213e+01
205  0.01017 -2.23395e+01 |206 -0.00973 -2.22476e+01 |207  0.00339 -2.18343e+01
208 -0.00007 -2.09472e+01 |209  0.01006 -2.12229e+01 |210 -0.02412 -2.03502e+01
211  0.01637 -2.06736e+01 |212 -0.00770 -2.00888e+01 |213  0.00383 -1.94350e+01
214 -0.00070 -1.90524e+01 |215  0.00685 -1.89079e+01 |216 -0.00767 -1.88700e+01
217 -0.00027 -1.80642e+01 |218  0.01243 -1.78642e+01 |219 -0.00511 -1.75285e+01
220 -0.00231 -1.75588e+01 |221  0.00053 -1.72683e+01 |222 -0.00022 -1.71367e+01
223  0.00210 -1.64708e+01 |224 -0.01651 -1.64034e+01 |225  0.00865 -1.59985e+01
226  0.00772 -1.50214e+01 |227 -0.00734 -1.35056e+01 |228  0.00718 -1.22145e+01
229 -0.00361 -1.15888e+01 |230 -0.00558 -1.13608e+01 |231  0.00623 -1.06178e+01
232 -0.00419 -1.00997e+01 |233  0.00288 -9.42337e+00 |234  0.00182 -8.96901e+00
235 -0.00446 -8.48382e+00 |236 -0.00712 -7.81998e+00 |237  0.01236 -6.75313e+00
238 -0.00967 -6.78202e+00 |239  0.00347 -6.28321e+00 |240  0.01233 -5.52117e+00
241  0.00515 -5.02164e+00 |242 -0.00974 -4.37241e+00 |243 -0.01308 -4.15395e+00
244  0.01035 -3.51997e+00 |245  0.00505 -3.00146e+00 |246 -0.00700 -2.75119e+00
247 -0.00197 -2.12616e+00 |248  0.00382 -1.38024e+00 |249 -0.00477 -6.50169e-01
250  0.00131  2.74523e-01 |251  0.00124  2.54275e-01 |252  0.00011  4.93387e-03
253  0.00002  4.70688e-03 |254  0.00084 -6.31541e+00 |255  0.00327 -5.06074e+00
256 -0.00276 -5.14825e+00 |257 -0.00145 -5.06114e+00 |258  0.00339 -4.87004e+00
259  0.01771 -5.43033e+00 |260 -0.01673 -5.62592e+00 |261  0.00620 -5.76623e+00
262 -0.00015 -5.47110e+00 |263 -0.02521 -5.28872e+00 |264  0.01223 -5.36549e+00
265 -0.01063 -5.32772e+00 |266  0.00011 -5.00291e+00 |267 -0.00129 -4.67746e+00
268  0.00310 -4.55629e+00 |269 -0.00223 -4.49227e+00 |270  0.00181 -4.49632e+00
271  0.00055 -4.70161e+00 |272  0.00384 -4.92716e+00 |273 -0.00009 -5.13215e+00
274 -0.00198 -5.15961e+00 |275  0.00035 -4.77994e+00 |276  0.00157 -4.75846e+00
277  0.00252 -5.29267e+00 |278  0.00574 -5.52658e+00 |279 -0.01413 -5.42799e+00
280  0.00746 -5.53273e+00 |281 -0.00219 -5.58108e+00 |282  0.00015 -5.86929e+00
283  0.00403 -6.54020e+00 |284 -0.00252 -6.77016e+00 |285 -0.00069 -6.40270e+00
286 -0.00252 -6.91998e+00 |287  0.00759 -6.91651e+00 |288  0.00559 -7.46505e+00
289 -0.00756 -7.38095e+00 |290 -0.00052 -7.97329e+00 |291  0.00238 -7.68325e+00
292  0.00694 -8.10991e+00 |293 -0.00891 -7.79589e+00 |294 -0.00319 -7.33728e+00
295 -0.00103 -6.64633e+00 |296 -0.00144 -5.97527e+00 |297  0.00586 -6.00460e+00
298  0.00201 -5.88066e+00 |299 -0.00648 -5.75768e+00 |300  0.00349 -5.67580e+00
301 -0.00295 -5.21092e+00 |302  0.00379 -5.08878e+00 |303 -0.00140 -4.89864e+00
304  0.00059 -4.80084e+00 |305 -0.00370 -4.30726e+00 |306  0.00772 -4.16114e+00
307 -0.00222 -3.93209e+00 |308 -0.00456 -3.75221e+00 |309  0.00683 -3.48634e+00
310  0.00479 -2.99368e+00 |311  0.00211 -2.99682e+00 |312 -0.00959 -2.35617e+00
313  0.00253 -1.42175e+00 |314  0.00124 -1.28340e+00 |315  0.00032 -1.02135e+00
316 -0.00049 -7.60051e-01 |317  0.00050 -5.59181e-01 |318 -0.00038 -1.59480e-01
319 -0.00010 -1.12381e-01 |320  0.00020  2.10843e-02 |321  0.00002  2.82452e-03
321 variables; iteration 460; function evaluation 520; phase 5
Function value 2.8236848e+03; maximum gradient component mag 1.5923e+01
Var    Value     Gradient |Var    Value     Gradient |Var    Value     Gradient
  1 -0.03277 -1.08874e+01 |  2  0.03829 -2.31646e-02 |  3  0.13055 -1.20961e-01
  4 -0.03311  2.89146e-02 |  5 -0.07939 -8.74151e-03 |  6  0.05166  3.20716e-02
  7  0.04113  5.57143e-02 |  8 -0.00360 -2.07860e-03 |  9  0.04619 -9.53293e-02
 10  0.01557  5.67030e-02 | 11  0.21358  1.78858e-01 | 12 -0.12551  1.56192e-01
 13 -0.04411  1.09268e-01 | 14 -0.16006  1.68016e-01 | 15 -0.17830  1.18671e-01
 16  0.23696  1.10619e-01 | 17 -0.00026  1.45195e-01 | 18 -0.11218  1.72221e-01
 19 -0.05117  1.76586e-01 | 20 -0.01534  2.00988e-01 | 21 -0.09863  1.38284e-01
 22  0.03314  3.09695e-01 | 23 -0.12458  1.80027e-01 | 24 -0.03806  1.72170e-01
 25  0.00750  8.40861e-02 | 26  0.02068  2.18869e-01 | 27 -0.11661  1.64894e-01
 28  0.01252  1.03986e-01 | 29  0.05186  1.22261e-01 | 30 -0.08538  1.14730e-01
 31 -0.19038  1.91006e-01 | 32  0.03648  1.60457e-01 | 33  0.04919  7.54541e-02
 34  0.05510  2.21864e-01 | 35  0.04174  7.45751e-02 | 36 -0.04940  9.29330e-02
 37 -0.02185  1.24535e-01 | 38  0.05898  1.23166e-01 | 39 -0.06855  1.44946e-01
 40  0.21179  1.43872e-01 | 41  0.01984  8.83269e-02 | 42  0.08097 -7.56737e-02
 43 -0.06614  1.82876e-01 | 44  0.17413 -3.00761e-01 | 45 -0.04023  3.26925e-02
 46 -0.03313  1.08807e-01 | 47 -0.01662  6.37134e-02 | 48 -0.09288 -1.08965e-02
 49  0.11274 -4.77319e-01 | 50  0.00828 -1.90043e-01 | 51 -0.00006 -6.24088e-02
 52  0.01786 -2.25988e-01 | 53 -0.03756 -1.90226e-01 | 54  0.08149 -5.45700e-01
 55  0.00342 -4.00373e-01 | 56 -0.05109  6.72077e-02 | 57 -0.05635 -4.78506e-02
 58  0.08451 -9.30315e-01 | 59 -0.03551 -3.07736e-02 | 60  0.02152 -3.25674e-01
 61  0.00154 -9.60695e-02 | 62  0.06664 -5.06027e-01 | 63  0.09923 -1.98991e-01
 64 -0.06365 -5.73292e-02 | 65 -0.01289 -6.17330e-01 | 66  0.04201 -1.09807e-01
 67  0.01150  6.51868e-02 | 68 -0.04173 -1.40318e-01 | 69  0.03776  5.56813e-01
 70  0.01248 -1.04648e-01 | 71  0.15608 -2.47265e-01 | 72 -0.02346  3.27883e-01
 73 -0.01759  6.22846e-02 | 74 -0.52569  3.65389e-02 | 75 -0.65312 -2.42568e-02
 76 -0.80296  1.12135e-01 | 77 -0.70058  6.24428e-02 | 78 -0.75038  4.17255e-02
 79 -0.76590  6.52784e-02 | 80 -0.82071  6.79302e-02 | 81 -0.84850 -3.89967e-02
 82 -0.82633  1.20572e-02 | 83 -0.73537  6.51583e-02 | 84 -0.81650  6.26688e-02
 85 -0.80990  2.85807e-02 | 86 -0.79162  2.24938e-02 | 87 -0.79906  6.75161e-02
 88 -0.80951  6.69260e-02 | 89 -0.81370  9.33928e-03 | 90 -0.79195 -7.80431e-03
 91 -0.80445  1.36818e-02 | 92 -0.80142 -5.79805e-02 | 93 -0.85591 -4.84477e-02
 94  3.11495  2.04448e-04 | 95  0.12124  2.95011e-03 | 96  2.45733  1.12921e-03
 97  0.76581  9.41016e-04 | 98  0.65519  3.80447e-01 | 99  0.27459  3.30789e+00
100  0.20154  9.39428e-01 |101  0.09091  2.74701e-01 |102 -0.16579  3.33486e-01
103 -0.20309  8.96510e-02 |104 -0.16554 -2.41069e-01 |105  0.00088  6.47947e-01
106  0.16865  4.26055e-01 |107 -0.02354  1.86057e+00 |108  0.17497  4.17619e-01
109 -0.04878  2.43493e-01 |110  0.36364 -2.59777e-02 |111 -0.04671 -2.94585e-01
112 -0.34046 -3.27636e+00 |113 -0.20378  7.69294e-05 |114 -0.23946  4.05990e-02
115 -0.26015  8.11405e-03 |116  1.86983  5.48892e-02 |117  2.18082  4.45880e-02
118  0.00298  3.76762e+00 |119  0.00166  3.75697e+00 |120  0.00143  3.86579e+00
121 -0.00627  3.83300e+00 |122 -0.00644  3.90012e+00 |123 -0.00497  4.39583e+00
124 -0.00559  4.36868e+00 |125 -0.00657  4.34646e+00 |126  0.00929  4.79408e+00
127 -0.00285  4.77284e+00 |128 -0.00649  4.81249e+00 |129 -0.02004  4.88680e+00
130  0.00190  4.93346e+00 |131 -0.01016  4.91452e+00 |132  0.00730  4.80524e+00
133  0.00629  4.76473e+00 |134 -0.00397  4.69664e+00 |135  0.01641  4.58102e+00
136 -0.01566  4.52971e+00 |137 -0.01459  4.53137e+00 |138  0.00895  4.39353e+00
139  0.02029  4.10220e+00 |140 -0.00416  4.10030e+00 |141 -0.02037  4.32957e+00
142  0.01991  4.23122e+00 |143 -0.02354  3.87263e+00 |144  0.02553  3.67275e+00
145  0.00156  3.71936e+00 |146  0.00280  3.69763e+00 |147 -0.00894  3.71595e+00
148  0.01249  3.72102e+00 |149  0.02244  3.79529e+00 |150 -0.02547  3.64136e+00
151 -0.02050  3.66096e+00 |152  0.00565  3.62596e+00 |153  0.00392  3.72393e+00
154  0.00327  3.75451e+00 |155 -0.02130  3.92456e+00 |156 -0.01130  3.97874e+00
157  0.02729  4.13018e+00 |158 -0.00970  4.32039e+00 |159  0.01802  4.76426e+00
160 -0.00688  4.61380e+00 |161 -0.01918  4.29788e+00 |162  0.00799  3.72534e+00
163  0.00423  3.45056e+00 |164 -0.00357  2.96217e+00 |165  0.00537  2.71356e+00
166 -0.01843  2.56771e+00 |167 -0.00170  2.34284e+00 |168  0.02265  1.38394e+00
169 -0.02930  1.19670e+00 |170  0.01055  6.61468e-01 |171  0.02300  1.42969e-01
172  0.02168  2.83086e-02 |173 -0.00285 -4.95715e-02 |174 -0.00610  8.44548e-02
175 -0.02005  9.44317e-02 |176  0.00336  5.76222e-02 |177 -0.00244  1.04793e-02
178  0.00277 -3.76902e-02 |179 -0.00467 -1.07413e-01 |180  0.00521 -1.96082e-01
181 -0.00202 -5.43521e-01 |182 -0.00242 -5.95162e-01 |183 -0.00240 -5.91667e-01
184 -0.00001 -6.86416e-04 |185 -0.00000  4.58098e-04 |186 -0.00047  1.50509e+01
187  0.00229  1.51082e+01 |188 -0.01040  1.52803e+01 |189  0.00861  1.52194e+01
190  0.00632  1.50423e+01 |191 -0.02429  1.55265e+01 |192  0.01848  1.54006e+01
193  0.00014  1.54123e+01 |194 -0.02848  1.59235e+01 |195  0.01812  1.56014e+01
196 -0.00267  1.53250e+01 |197 -0.00085  1.54955e+01 |198 -0.00139  1.53283e+01
199  0.00833  1.51045e+01 |200 -0.01000  1.47454e+01 |201  0.00430  1.48064e+01
202  0.00279  1.43989e+01 |203  0.00148  1.40987e+01 |204 -0.00671  1.32745e+01
205  0.01017  1.30101e+01 |206 -0.00973  1.27344e+01 |207  0.00340  1.21214e+01
208 -0.00010  1.14275e+01 |209  0.01018  1.16158e+01 |210 -0.02427  1.14285e+01
211  0.01641  1.07959e+01 |212 -0.00768  1.05103e+01 |213  0.00381  1.04322e+01
214 -0.00069  1.02289e+01 |215  0.00684  1.01127e+01 |216 -0.00767  1.01084e+01
217 -0.00026  9.98946e+00 |218  0.01241  9.56083e+00 |219 -0.00510  9.01864e+00
220 -0.00231  8.87217e+00 |221  0.00054  8.83008e+00 |222 -0.00023  8.77148e+00
223  0.00211  9.00756e+00 |224 -0.01652  8.94120e+00 |225  0.00865  8.92595e+00
226  0.00772  9.05724e+00 |227 -0.00734  9.46358e+00 |228  0.00719  9.11422e+00
229 -0.00362  8.48183e+00 |230 -0.00557  7.57214e+00 |231  0.00623  7.19841e+00
232 -0.00419  6.44832e+00 |233  0.00288  5.70659e+00 |234  0.00182  5.13337e+00
235 -0.00445  4.74200e+00 |236 -0.00712  3.49153e+00 |237  0.01235  2.76935e+00
238 -0.00966  2.20434e+00 |239  0.00347  1.52798e+00 |240  0.01232  9.87447e-01
241  0.00515  9.54504e-01 |242 -0.00973  9.99954e-01 |243 -0.01309  1.04828e+00
244  0.01036  1.27683e+00 |245  0.00506  1.16680e+00 |246 -0.00700  1.06824e+00
247 -0.00197  9.47609e-01 |248  0.00382  5.81168e-01 |249 -0.00478  8.65984e-02
250 -0.00057 -2.09371e-01 |251 -0.00067 -2.34941e-01 |252  0.00025 -4.32303e-03
253  0.00024 -1.15611e-02 |254  0.00047  4.23079e+00 |255  0.00320  2.26776e+00
256 -0.00276  2.68103e+00 |257 -0.00145  2.56321e+00 |258  0.00339  2.41293e+00
259  0.01768  2.68283e+00 |260 -0.01671  2.68749e+00 |261  0.00617  2.88057e+00
262 -0.00011  3.65185e+00 |263 -0.02522  3.42760e+00 |264  0.01222  3.73790e+00
265 -0.01062  4.20980e+00 |266  0.00011  4.23465e+00 |267 -0.00129  4.34005e+00
268  0.00310  4.35007e+00 |269 -0.00223  4.45725e+00 |270  0.00180  4.45950e+00
271  0.00054  4.49205e+00 |272  0.00385  4.26615e+00 |273 -0.00009  3.96965e+00
274 -0.00198  3.91597e+00 |275  0.00035  3.44865e+00 |276  0.00157  3.08406e+00
277  0.00250  3.36952e+00 |278  0.00581  2.98666e+00 |279 -0.01419  2.44288e+00
280  0.00745  2.32204e+00 |281 -0.00218  2.49234e+00 |282  0.00013  2.34972e+00
283  0.00403  2.34219e+00 |284 -0.00252  2.43892e+00 |285 -0.00070  2.39606e+00
286 -0.00251  2.29460e+00 |287  0.00758  2.09328e+00 |288  0.00559  2.01159e+00
289 -0.00756  2.14372e+00 |290 -0.00051  2.25379e+00 |291  0.00237  2.30303e+00
292  0.00694  2.49941e+00 |293 -0.00890  2.67119e+00 |294 -0.00319  2.68455e+00
295 -0.00103  3.04247e+00 |296 -0.00145  2.66886e+00 |297  0.00587  2.70321e+00
298  0.00200  2.15336e+00 |299 -0.00647  2.07954e+00 |300  0.00349  1.82262e+00
301 -0.00295  1.59732e+00 |302  0.00380  1.58096e+00 |303 -0.00141  1.20357e+00
304  0.00058  4.29920e-01 |305 -0.00369 -2.47179e-02 |306  0.00771 -2.83301e-01
307 -0.00222 -6.17230e-01 |308 -0.00455 -9.67399e-01 |309  0.00683 -7.98419e-01
310  0.00479 -5.62908e-01 |311  0.00212 -4.35806e-01 |312 -0.00960 -3.30267e-01
313  0.00252  6.73962e-02 |314  0.00124  3.16703e-01 |315  0.00032  3.10726e-01
316 -0.00049 -6.66158e-02 |317  0.00051  2.68409e-02 |318  0.00016 -8.45724e-02
319  0.00042 -2.66738e-02 |320  0.00047 -4.49780e-03 |321  0.00047 -1.08285e-02
321 variables; iteration 480; function evaluation 540; phase 5
Function value 2.8236810e+03; maximum gradient component mag -1.4012e+01
Var    Value     Gradient |Var    Value     Gradient |Var    Value     Gradient
  1 -0.03277 -1.40119e+01 |  2  0.03824 -3.21906e-02 |  3  0.13070 -5.55728e-02
  4 -0.03326 -3.91906e-02 |  5 -0.07936 -2.61115e-02 |  6  0.05172 -9.13054e-03
  7  0.04102 -4.26511e-02 |  8 -0.00356 -9.02343e-02 |  9  0.04621 -1.29289e-01
 10  0.01557  5.16190e-02 | 11  0.21357 -2.15489e-01 | 12 -0.12551  8.80798e-02
 13 -0.04408  6.20758e-02 | 14 -0.16013  8.40456e-02 | 15 -0.17826  1.22259e-01
 16  0.23697 -6.40940e-01 | 17 -0.00028 -3.11717e-03 | 18 -0.11218  7.69064e-02
 19 -0.05117  4.96841e-02 | 20 -0.01535 -4.37953e-03 | 21 -0.09863  4.76163e-02
 22  0.03313 -1.03099e-01 | 23 -0.12459  8.82795e-02 | 24 -0.03805  2.05602e-02
 25  0.00750 -1.13608e-01 | 26  0.02069 -2.60957e-02 | 27 -0.11664  5.38931e-02
 28  0.01253 -6.38186e-02 | 29  0.05185 -1.68205e-01 | 30 -0.08540  1.96882e-02
 31 -0.19041  1.46898e-01 | 32  0.03646 -5.28174e-02 | 33  0.04922  1.83450e-02
 34  0.05507  1.15873e-02 | 35  0.04175 -4.98646e-02 | 36 -0.04938  8.40687e-02
 37 -0.02183  1.09154e-01 | 38  0.05898  1.09397e-01 | 39 -0.06852  9.61765e-02
 40  0.21178 -3.43214e-03 | 41  0.01985  3.67261e-02 | 42  0.08098 -6.01416e-03
 43 -0.06614  1.32667e-01 | 44  0.17414  2.99174e-02 | 45 -0.04021  1.18254e-01
 46 -0.03313  1.39831e-01 | 47 -0.01663  5.65356e-03 | 48 -0.09287  8.45512e-02
 49  0.11274 -2.84119e-01 | 50  0.00829 -7.80314e-02 | 51 -0.00007  4.78114e-02
 52  0.01786 -1.40599e-02 | 53 -0.03755 -1.10299e-01 | 54  0.08149 -2.98069e-01
 55  0.00343 -5.85095e-02 | 56 -0.05110 -1.13772e-02 | 57 -0.05635  2.24946e-01
 58  0.08452 -4.39036e-01 | 59 -0.03552  2.57202e-02 | 60  0.02152 -1.01804e-01
 61  0.00153 -9.55389e-02 | 62  0.06664 -2.01687e-01 | 63  0.09922 -1.14730e-01
 64 -0.06363  1.60663e-01 | 65 -0.01287 -1.33046e-01 | 66  0.04201 -6.94210e-02
 67  0.01150  2.15741e-02 | 68 -0.04172  8.78677e-02 | 69  0.03774  4.83604e-01
 70  0.01250  3.15601e-01 | 71  0.15608 -3.64780e-01 | 72 -0.02348  3.49622e-01
 73 -0.01758  2.08259e-01 | 74 -0.52572  7.50028e-02 | 75 -0.65313  6.96758e-03
 76 -0.80298  5.85794e-02 | 77 -0.70060  5.83309e-02 | 78 -0.75041  1.33725e-02
 79 -0.76594  1.41433e-02 | 80 -0.82072  3.90592e-02 | 81 -0.84851  1.45019e-02
 82 -0.82634  2.17760e-02 | 83 -0.73541  2.85971e-02 | 84 -0.81653  2.42165e-02
 85 -0.80992  1.85632e-02 | 86 -0.79166  1.14531e-02 | 87 -0.79906  6.25465e-02
 88 -0.80956  3.19861e-02 | 89 -0.81373  8.17192e-03 | 90 -0.79198  5.55213e-03
 91 -0.80447  2.93111e-02 | 92 -0.80143 -1.71422e-02 | 93 -0.85592  2.30961e-03
 94  3.12499  2.81125e-04 | 95  0.04335  1.65186e-03 | 96  2.58719  8.07226e-04
 97  0.63691  1.43530e-03 | 98  0.67081 -2.58787e-01 | 99  0.27913 -1.40996e+00
100  0.20409 -2.89370e+00 |101  0.09091  4.48752e-01 |102 -0.16579  3.87144e-01
103 -0.20309  2.68690e-01 |104 -0.16554  2.71999e-01 |105  0.00088 -2.08309e+00
106  0.16865 -2.28042e+00 |107 -0.02356 -8.91139e-01 |108  0.17502 -4.05817e-01
109 -0.05110 -1.50956e-01 |110  0.37792 -1.15477e-02 |111 -0.04672  1.95485e-02
112 -0.34041 -8.00250e-01 |113 -0.20383  2.01349e-01 |114 -0.23946  1.04396e-01
115 -0.26015  5.05251e-02 |116  1.86986  2.89549e-02 |117  2.18066  1.01832e-02
118  0.00316 -1.44919e+00 |119  0.00178 -1.52251e+00 |120  0.00156 -1.43667e+00
121 -0.00491 -1.47759e+00 |122 -0.00557 -1.56127e+00 |123 -0.00629 -1.65090e+00
124 -0.00673 -1.66245e+00 |125 -0.00754 -1.67507e+00 |126  0.00870 -1.85367e+00
127 -0.00305 -1.90011e+00 |128 -0.00669 -1.88090e+00 |129 -0.02018 -1.83035e+00
130  0.00190 -1.65451e+00 |131 -0.01016 -1.60670e+00 |132  0.00730 -1.39055e+00
133  0.00631 -1.36046e+00 |134 -0.00398 -1.40274e+00 |135  0.01642 -1.41054e+00
136 -0.01568 -1.47639e+00 |137 -0.01459 -1.45364e+00 |138  0.00893 -1.43971e+00
139  0.02020 -1.38522e+00 |140 -0.00399 -1.25012e+00 |141 -0.02046 -1.10641e+00
142  0.01990 -9.23365e-01 |143 -0.02351 -1.00519e+00 |144  0.02553 -9.67605e-01
145  0.00167 -8.29252e-01 |146  0.00279 -9.77764e-01 |147 -0.00904 -1.10246e+00
148  0.01246 -1.05156e+00 |149  0.02236 -9.64755e-01 |150 -0.02544 -9.71354e-01
151 -0.02043 -8.78722e-01 |152  0.00580 -8.20099e-01 |153  0.00373 -8.85113e-01
154  0.00349 -4.23264e-01 |155 -0.02145 -4.65883e-01 |156 -0.01131 -4.37926e-01
157  0.02740 -4.35653e-01 |158 -0.00977 -5.28398e-01 |159  0.01797 -8.72435e-01
160 -0.00700 -1.04857e+00 |161 -0.01912 -1.10351e+00 |162  0.00799 -9.71669e-01
163  0.00423 -9.72454e-01 |164 -0.00356 -9.39267e-01 |165  0.00537 -9.27350e-01
166 -0.01841 -9.57579e-01 |167 -0.00170 -9.49878e-01 |168  0.02263 -9.02541e-01
169 -0.02929 -9.42485e-01 |170  0.01053 -1.00431e+00 |171  0.02303 -8.82084e-01
172  0.02164 -9.68752e-01 |173 -0.00238 -8.99040e-01 |174 -0.00655 -1.02616e+00
175 -0.02006 -9.00388e-01 |176  0.00335 -8.09426e-01 |177 -0.00246 -7.57379e-01
178  0.00281 -7.22190e-01 |179 -0.00468 -7.52182e-01 |180  0.00515 -6.87356e-01
181 -0.00184 -3.60401e-01 |182 -0.00136 -3.33446e-01 |183 -0.00135 -3.31348e-01
184 -0.00000  7.15911e-04 |185 -0.00000 -4.82949e-04 |186 -0.00139 -6.83873e+00
187  0.00224 -6.97806e+00 |188 -0.01041 -6.99295e+00 |189  0.00862 -7.11865e+00
190  0.00676 -7.19368e+00 |191 -0.02477 -7.50393e+00 |192  0.01850 -7.60184e+00
193  0.00011 -7.68077e+00 |194 -0.02845 -7.79722e+00 |195  0.01810 -7.91477e+00
196 -0.00265 -7.63124e+00 |197 -0.00086 -7.59754e+00 |198 -0.00139 -7.09956e+00
199  0.00833 -6.80410e+00 |200 -0.01000 -6.54661e+00 |201  0.00429 -6.14808e+00
202  0.00280 -6.01571e+00 |203  0.00148 -5.68775e+00 |204 -0.00671 -5.72776e+00
205  0.01016 -5.38919e+00 |206 -0.00972 -5.39262e+00 |207  0.00339 -5.06048e+00
208 -0.00008 -4.68647e+00 |209  0.01018 -4.60493e+00 |210 -0.02427 -4.40988e+00
211  0.01642 -4.29212e+00 |212 -0.00769 -4.15514e+00 |213  0.00382 -3.99787e+00
214 -0.00069 -4.00007e+00 |215  0.00684 -4.02216e+00 |216 -0.00767 -3.83754e+00
217 -0.00025 -3.64427e+00 |218  0.01240 -3.77621e+00 |219 -0.00509 -3.49510e+00
220 -0.00231 -3.30176e+00 |221  0.00054 -3.22369e+00 |222 -0.00022 -2.75064e+00
223  0.00211 -2.56198e+00 |224 -0.01653 -2.61449e+00 |225  0.00867 -2.58900e+00
226  0.00772 -2.54953e+00 |227 -0.00735 -2.85624e+00 |228  0.00719 -2.77957e+00
229 -0.00362 -2.61152e+00 |230 -0.00557 -2.33491e+00 |231  0.00623 -2.06633e+00
232 -0.00419 -1.87853e+00 |233  0.00288 -1.83496e+00 |234  0.00183 -1.93521e+00
235 -0.00446 -1.97322e+00 |236 -0.00711 -1.89151e+00 |237  0.01235 -1.89023e+00
238 -0.00966 -1.89519e+00 |239  0.00346 -1.71343e+00 |240  0.01232 -1.35385e+00
241  0.00516 -1.00765e+00 |242 -0.00973 -1.16576e+00 |243 -0.01310 -1.12570e+00
244  0.01035 -5.98101e-01 |245  0.00506 -2.58973e-01 |246 -0.00699 -2.92318e-01
247 -0.00197 -3.80591e-01 |248  0.00382 -5.17857e-01 |249 -0.00479 -3.93743e-01
250 -0.00092 -2.81747e-01 |251 -0.00097 -2.93760e-01 |252  0.00029  1.76162e-02
253  0.00024 -6.61997e-05 |254 -0.00014 -1.27446e+01 |255  0.00324 -1.32711e+01
256 -0.00276 -1.31380e+01 |257 -0.00145 -1.32528e+01 |258  0.00339 -1.32719e+01
259  0.01772 -1.34645e+01 |260 -0.01674 -1.36244e+01 |261  0.00618 -1.37378e+01
262 -0.00013 -1.38295e+01 |263 -0.02522 -1.37879e+01 |264  0.01223 -1.34156e+01
265 -0.01063 -1.33881e+01 |266  0.00011 -1.28858e+01 |267 -0.00129 -1.25136e+01
268  0.00310 -1.20350e+01 |269 -0.00223 -1.16039e+01 |270  0.00180 -1.13070e+01
271  0.00054 -1.09237e+01 |272  0.00384 -1.07014e+01 |273 -0.00008 -1.05202e+01
274 -0.00199 -1.04501e+01 |275  0.00035 -1.01261e+01 |276  0.00156 -9.91164e+00
277  0.00250 -9.56004e+00 |278  0.00582 -9.13336e+00 |279 -0.01419 -8.98480e+00
280  0.00746 -8.86679e+00 |281 -0.00219 -8.45966e+00 |282  0.00014 -8.39618e+00
283  0.00403 -8.27548e+00 |284 -0.00252 -7.96649e+00 |285 -0.00070 -7.74160e+00
286 -0.00250 -7.75657e+00 |287  0.00756 -7.47846e+00 |288  0.00560 -7.07958e+00
289 -0.00757 -6.86750e+00 |290 -0.00051 -6.26488e+00 |291  0.00237 -6.10531e+00
292  0.00695 -6.02993e+00 |293 -0.00892 -5.92636e+00 |294 -0.00319 -5.66572e+00
295 -0.00102 -5.64914e+00 |296 -0.00145 -5.56294e+00 |297  0.00587 -5.30137e+00
298  0.00200 -4.89633e+00 |299 -0.00647 -4.55322e+00 |300  0.00349 -4.23770e+00
301 -0.00296 -4.05285e+00 |302  0.00380 -3.92443e+00 |303 -0.00141 -3.77618e+00
304  0.00058 -3.69977e+00 |305 -0.00369 -3.56299e+00 |306  0.00772 -3.39219e+00
307 -0.00222 -3.03115e+00 |308 -0.00455 -2.59816e+00 |309  0.00683 -2.22946e+00
310  0.00478 -2.06203e+00 |311  0.00213 -1.74355e+00 |312 -0.00960 -1.33103e+00
313  0.00252 -1.04012e+00 |314  0.00124 -7.62183e-01 |315  0.00032 -4.88910e-01
316 -0.00049 -4.01255e-01 |317  0.00052 -2.47550e-01 |318  0.00005 -9.16228e-02
319  0.00009 -8.49230e-02 |320  0.00070  6.73458e-02 |321  0.00061  3.73522e-02
321 variables; iteration 500; function evaluation 560; phase 5
Function value 2.8236761e+03; maximum gradient component mag -4.2422e+00
Var    Value     Gradient |Var    Value     Gradient |Var    Value     Gradient
  1 -0.03277  1.90473e+00 |  2  0.03835  1.66586e-02 |  3  0.13068 -8.36681e-05
  4 -0.03319  7.13570e-03 |  5 -0.07933  1.45620e-03 |  6  0.05172  2.23975e-03
  7  0.04103 -5.52978e-03 |  8 -0.00357  3.99659e-04 |  9  0.04624  2.46361e-03
 10  0.01556 -2.54374e-02 | 11  0.21357 -5.54673e-02 | 12 -0.12553 -2.54045e-02
 13 -0.04409 -2.44169e-02 | 14 -0.16010 -2.69325e-02 | 15 -0.17826 -1.93888e-02
 16  0.23698 -4.06910e-02 | 17 -0.00027 -3.64600e-02 | 18 -0.11219 -2.10567e-02
 19 -0.05118 -3.99906e-02 | 20 -0.01535 -4.45815e-02 | 21 -0.09863 -2.28218e-02
 22  0.03313 -5.17731e-02 | 23 -0.12460 -3.42527e-02 | 24 -0.03804 -3.83204e-02
 25  0.00751 -2.79088e-02 | 26  0.02067 -4.41135e-02 | 27 -0.11663 -3.30408e-02
 28  0.01253 -3.56084e-02 | 29  0.05187  3.41083e-02 | 30 -0.08535 -3.22317e-02
 31 -0.19051 -2.58494e-02 | 32  0.03647 -2.15332e-02 | 33  0.04922 -1.98265e-02
 34  0.05506 -8.25235e-03 | 35  0.04176 -3.14735e-02 | 36 -0.04938 -2.00514e-02
 37 -0.02186 -3.97937e-02 | 38  0.05897 -2.95279e-02 | 39 -0.06854 -2.29122e-02
 40  0.21178  3.81319e-02 | 41  0.01986 -1.04374e-02 | 42  0.08100  1.37469e-02
 43 -0.06615 -1.57515e-02 | 44  0.17414 -6.05978e-02 | 45 -0.04021  1.83810e-02
 46 -0.03314 -2.31390e-02 | 47 -0.01662  3.66857e-03 | 48 -0.09287 -9.66944e-03
 49  0.11274  9.03391e-02 | 50  0.00829  1.55907e-02 | 51 -0.00007  2.78946e-02
 52  0.01786  1.02933e-02 | 53 -0.03754  3.30766e-02 | 54  0.08150  8.74169e-02
 55  0.00343  5.07189e-02 | 56 -0.05109  2.23641e-02 | 57 -0.05636  2.09713e-02
 58  0.08453  2.00510e-01 | 59 -0.03552 -2.34572e-02 | 60  0.02153  8.50834e-02
 61  0.00154  8.03324e-02 | 62  0.06665  1.10108e-01 | 63  0.09922  1.10607e-01
 64 -0.06364 -4.05878e-02 | 65 -0.01285  3.66569e-02 | 66  0.04202  2.10910e-01
 67  0.01150 -1.18618e-01 | 68 -0.04172  2.53972e-02 | 69  0.03773 -1.09406e-01
 70  0.01250 -2.72187e-03 | 71  0.15610  1.33760e-01 | 72 -0.02351 -8.74107e-02
 73 -0.01759 -1.86353e-02 | 74 -0.52576 -1.66039e-03 | 75 -0.65313 -2.66163e-02
 76 -0.80300 -1.95961e-02 | 77 -0.70062 -2.26372e-02 | 78 -0.75041 -4.91148e-03
 79 -0.76594 -7.91418e-03 | 80 -0.82073 -9.68949e-03 | 81 -0.84852 -2.96803e-03
 82 -0.82634 -9.83703e-03 | 83 -0.73541 -1.80737e-03 | 84 -0.81653 -8.43337e-03
 85 -0.80991 -8.24676e-03 | 86 -0.79167 -8.00772e-03 | 87 -0.79911 -1.08805e-02
 88 -0.80958 -1.27593e-02 | 89 -0.81374 -3.73370e-03 | 90 -0.79199 -5.51792e-03
 91 -0.80448  8.62831e-03 | 92 -0.80144 -1.51729e-03 | 93 -0.85592  1.03324e-02
 94  3.08288 -1.04295e-05 | 95 -0.42425 -1.02108e-06 | 96  3.14460 -5.91355e-06
 97 -0.29677 -5.42873e-07 | 98  0.72848 -2.75870e-01 | 99  0.27201 -9.31293e-01
100  0.20265 -7.07452e-01 |101  0.09091 -4.42411e-01 |102 -0.16580 -6.23458e-02
103 -0.20309  4.37684e-02 |104 -0.16554  1.05079e-01 |105  0.00088 -3.34384e-01
106  0.16866 -1.39025e-01 |107 -0.02356  1.22199e-01 |108  0.17501  1.52372e-01
109 -0.05019  1.38178e-02 |110  0.43557  1.72327e-03 |111 -0.04674  1.71753e-02
112 -0.34038 -2.72810e-01 |113 -0.20386 -5.95921e-02 |114 -0.23946 -1.32135e-02
115 -0.26015 -7.46083e-03 |116  1.86978 -2.13795e-02 |117  2.18067 -1.94268e-03
118  0.00108 -2.58053e+00 |119  0.00032 -2.57791e+00 |120 -0.00022 -2.60091e+00
121 -0.00570 -2.50963e+00 |122 -0.00587 -2.47336e+00 |123 -0.00642 -2.51777e+00
124 -0.00678 -2.50955e+00 |125 -0.00750 -2.49643e+00 |126  0.00879 -2.51596e+00
127 -0.00288 -2.50866e+00 |128 -0.00660 -2.51331e+00 |129 -0.02026 -2.53219e+00
130  0.00187 -2.56719e+00 |131 -0.01016 -2.56863e+00 |132  0.00729 -2.53404e+00
133  0.00630 -2.53134e+00 |134 -0.00398 -2.54445e+00 |135  0.01640 -2.50545e+00
136 -0.01565 -2.50313e+00 |137 -0.01459 -2.47128e+00 |138  0.00894 -2.36919e+00
139  0.02036 -2.23058e+00 |140 -0.00392 -2.22314e+00 |141 -0.02065 -2.23868e+00
142  0.01987 -2.12478e+00 |143 -0.02351 -2.18799e+00 |144  0.02557 -2.09438e+00
145  0.00156 -2.11275e+00 |146  0.00280 -2.15816e+00 |147 -0.00898 -2.19755e+00
148  0.01255 -2.15592e+00 |149  0.02225 -2.18003e+00 |150 -0.02540 -2.13375e+00
151 -0.02047 -2.08404e+00 |152  0.00578 -2.00116e+00 |153  0.00383 -2.01607e+00
154  0.00343 -1.94293e+00 |155 -0.02145 -1.96798e+00 |156 -0.01131 -1.90471e+00
157  0.02735 -1.65465e+00 |158 -0.00975 -1.61359e+00 |159  0.01792 -1.35842e+00
160 -0.00695 -1.32511e+00 |161 -0.01908 -1.30554e+00 |162  0.00798 -1.20848e+00
163  0.00423 -1.16929e+00 |164 -0.00356 -1.13344e+00 |165  0.00536 -1.07482e+00
166 -0.01841 -1.06702e+00 |167 -0.00170 -9.75656e-01 |168  0.02261 -5.80805e-01
169 -0.02928 -5.36093e-01 |170  0.01054 -3.10360e-01 |171  0.02301 -1.44544e-01
172  0.02169 -9.47596e-02 |173 -0.00256 -9.26091e-02 |174 -0.00631 -1.01016e-01
175 -0.02013 -7.33512e-02 |176  0.00335 -7.26047e-02 |177 -0.00246 -7.57270e-02
178  0.00278 -7.62572e-02 |179 -0.00467 -9.29320e-02 |180  0.00518 -8.76025e-02
181 -0.00171 -1.99497e-03 |182  0.00016  3.99189e-02 |183  0.00015  3.79210e-02
184  0.00000  3.57594e-04 |185 -0.00000 -4.59435e-04 |186  0.00011 -4.24219e+00
187  0.00228 -4.17621e+00 |188 -0.01042 -4.20942e+00 |189  0.00863 -4.14829e+00
190  0.00656 -4.11858e+00 |191 -0.02457 -4.08915e+00 |192  0.01848 -4.08878e+00
193  0.00014 -4.00841e+00 |194 -0.02848 -4.04724e+00 |195  0.01814 -3.99365e+00
196 -0.00266 -4.11892e+00 |197 -0.00086 -4.14154e+00 |198 -0.00139 -4.16165e+00
199  0.00832 -4.12565e+00 |200 -0.01000 -4.06288e+00 |201  0.00429 -4.03623e+00
202  0.00280 -4.05756e+00 |203  0.00147 -4.01903e+00 |204 -0.00671 -3.93062e+00
205  0.01016 -3.87210e+00 |206 -0.00972 -3.78136e+00 |207  0.00339 -3.72320e+00
208 -0.00008 -3.57090e+00 |209  0.01015 -3.57452e+00 |210 -0.02424 -3.38933e+00
211  0.01641 -3.30380e+00 |212 -0.00770 -3.20300e+00 |213  0.00382 -3.16307e+00
214 -0.00069 -3.13806e+00 |215  0.00684 -3.12270e+00 |216 -0.00766 -3.02313e+00
217 -0.00026 -2.97378e+00 |218  0.01241 -2.84913e+00 |219 -0.00509 -2.67424e+00
220 -0.00232 -2.60526e+00 |221  0.00054 -2.60599e+00 |222 -0.00022 -2.52584e+00
223  0.00210 -2.53113e+00 |224 -0.01653 -2.44108e+00 |225  0.00867 -2.14478e+00
226  0.00772 -2.07212e+00 |227 -0.00735 -1.79662e+00 |228  0.00719 -1.69878e+00
229 -0.00362 -1.67370e+00 |230 -0.00557 -1.54516e+00 |231  0.00623 -1.47761e+00
232 -0.00420 -1.46177e+00 |233  0.00288 -1.30962e+00 |234  0.00183 -1.27605e+00
235 -0.00446 -1.18080e+00 |236 -0.00711 -8.13100e-01 |237  0.01235 -7.62846e-01
238 -0.00966 -5.62919e-01 |239  0.00347 -3.81818e-01 |240  0.01232 -2.93178e-01
241  0.00515 -2.09248e-01 |242 -0.00973 -1.44860e-01 |243 -0.01308 -8.90728e-02
244  0.01034 -6.37848e-02 |245  0.00506 -8.02227e-02 |246 -0.00700 -7.74678e-02
247 -0.00197 -5.55515e-02 |248  0.00382 -4.98709e-02 |249 -0.00478  2.47167e-02
250 -0.00007 -1.74159e-02 |251 -0.00006 -1.51657e-02 |252  0.00000  1.05439e-04
253 -0.00002 -4.14326e-03 |254  0.00018 -3.06373e+00 |255  0.00324 -3.22582e+00
256 -0.00276 -3.32315e+00 |257 -0.00146 -3.27853e+00 |258  0.00339 -3.24755e+00
259  0.01772 -3.21150e+00 |260 -0.01674 -3.20551e+00 |261  0.00619 -3.06897e+00
262 -0.00012 -3.17068e+00 |263 -0.02524 -3.13604e+00 |264  0.01222 -3.23209e+00
265 -0.01063 -3.18362e+00 |266  0.00011 -3.16324e+00 |267 -0.00129 -3.11060e+00
268  0.00310 -3.08158e+00 |269 -0.00223 -3.06116e+00 |270  0.00180 -3.06792e+00
271  0.00055 -3.04443e+00 |272  0.00384 -2.99049e+00 |273 -0.00008 -2.94143e+00
274 -0.00198 -2.79406e+00 |275  0.00035 -2.76237e+00 |276  0.00157 -2.70643e+00
277  0.00250 -2.60385e+00 |278  0.00580 -2.52176e+00 |279 -0.01417 -2.39065e+00
280  0.00746 -2.40032e+00 |281 -0.00219 -2.43740e+00 |282  0.00014 -2.40005e+00
283  0.00403 -2.33795e+00 |284 -0.00252 -2.22059e+00 |285 -0.00070 -2.19831e+00
286 -0.00250 -2.12847e+00 |287  0.00757 -2.02271e+00 |288  0.00560 -1.95640e+00
289 -0.00757 -1.97360e+00 |290 -0.00052 -1.98234e+00 |291  0.00237 -1.96850e+00
292  0.00695 -1.94022e+00 |293 -0.00891 -1.63725e+00 |294 -0.00319 -1.55198e+00
295 -0.00103 -1.37571e+00 |296 -0.00145 -1.32093e+00 |297  0.00587 -1.26806e+00
298  0.00200 -1.18209e+00 |299 -0.00647 -1.12929e+00 |300  0.00349 -1.13778e+00
301 -0.00296 -1.01983e+00 |302  0.00380 -9.76003e-01 |303 -0.00141 -9.31822e-01
304  0.00058 -6.93444e-01 |305 -0.00369 -6.25635e-01 |306  0.00772 -5.62231e-01
307 -0.00222 -4.04450e-01 |308 -0.00455 -3.25259e-01 |309  0.00683 -2.61761e-01
310  0.00478 -1.70356e-01 |311  0.00212 -1.08681e-01 |312 -0.00959 -3.44850e-02
313  0.00252 -1.21552e-01 |314  0.00124 -1.71555e-01 |315  0.00032 -1.25381e-01
316 -0.00049 -6.07396e-02 |317  0.00051  6.54767e-03 |318  0.00007  1.61729e-02
319  0.00004  9.87784e-03 |320  0.00006  1.37862e-02 |321  0.00001  2.47345e-03
321 variables; iteration 520; function evaluation 580; phase 5
Function value 2.8236758e+03; maximum gradient component mag 1.7195e+00
Var    Value     Gradient |Var    Value     Gradient |Var    Value     Gradient
  1 -0.03277  1.71947e+00 |  2  0.03823 -1.05404e-02 |  3  0.13071  1.05161e-02
  4 -0.03322 -2.89914e-03 |  5 -0.07933 -2.51163e-03 |  6  0.05173  2.62660e-03
  7  0.04100  1.11214e-03 |  8 -0.00356  1.11463e-03 |  9  0.04624  3.24642e-03
 10  0.01556 -1.31243e-02 | 11  0.21357  7.73078e-03 | 12 -0.12552 -1.74832e-02
 13 -0.04409 -1.15220e-02 | 14 -0.16009 -1.56428e-02 | 15 -0.17828 -1.31814e-02
 16  0.23697  4.40414e-02 | 17 -0.00027 -6.41257e-03 | 18 -0.11219 -1.23735e-02
 19 -0.05118 -5.97584e-03 | 20 -0.01535  3.77951e-03 | 21 -0.09864 -8.61058e-03
 22  0.03313  8.44848e-03 | 23 -0.12460 -6.54717e-03 | 24 -0.03804 -5.87935e-04
 25  0.00751  8.82667e-03 | 26  0.02068  1.27712e-02 | 27 -0.11663 -8.66737e-03
 28  0.01253  1.29453e-02 | 29  0.05186  2.84695e-02 | 30 -0.08536 -8.21535e-03
 31 -0.19047 -4.97865e-03 | 32  0.03647  1.34578e-02 | 33  0.04921  5.93981e-03
 34  0.05506  1.19211e-02 | 35  0.04176  1.37050e-02 | 36 -0.04939  1.70011e-03
 37 -0.02185  1.03065e-02 | 38  0.05896  1.15244e-02 | 39 -0.06853 -8.40693e-03
 40  0.21177  3.32975e-02 | 41  0.01986  5.26870e-04 | 42  0.08099  1.15986e-02
 43 -0.06615 -1.58560e-02 | 44  0.17414  6.10025e-02 | 45 -0.04022 -4.11536e-03
 46 -0.03314  3.55406e-04 | 47 -0.01662  2.08219e-02 | 48 -0.09287 -1.25057e-02
 49  0.11274 -2.56179e-04 | 50  0.00829  1.48341e-03 | 51 -0.00007  1.31104e-03
 52  0.01786  1.33610e-03 | 53 -0.03754 -2.88646e-04 | 54  0.08149 -6.66857e-03
 55  0.00343 -7.25917e-03 | 56 -0.05109  2.83442e-03 | 57 -0.05636 -2.81256e-03
 58  0.08452 -2.53359e-03 | 59 -0.03551  1.72874e-02 | 60  0.02153  4.88204e-03
 61  0.00154 -5.29202e-03 | 62  0.06664 -1.65466e-02 | 63  0.09922 -4.42289e-03
 64 -0.06364  1.47913e-03 | 65 -0.01286 -3.43844e-02 | 66  0.04201 -2.62424e-02
 67  0.01150 -1.67066e-02 | 68 -0.04172 -8.73532e-03 | 69  0.03773  2.40145e-03
 70  0.01249 -3.46788e-02 | 71  0.15609  1.36129e-03 | 72 -0.02350 -1.05123e-02
 73 -0.01760 -3.09225e-02 | 74 -0.52579 -5.11846e-03 | 75 -0.65312 -1.08370e-03
 76 -0.80300 -4.26239e-03 | 77 -0.70063 -7.21847e-03 | 78 -0.75042 -5.90953e-03
 79 -0.76594 -4.96365e-03 | 80 -0.82073 -4.04957e-03 | 81 -0.84852 -1.32994e-03
 82 -0.82634  2.78336e-03 | 83 -0.73542  2.21118e-03 | 84 -0.81653 -5.83218e-04
 85 -0.80991  6.57119e-04 | 86 -0.79167 -2.36664e-03 | 87 -0.79910  8.09527e-03
 88 -0.80957  2.02075e-03 | 89 -0.81374  2.88802e-03 | 90 -0.79199  1.52045e-03
 91 -0.80448  6.49853e-03 | 92 -0.80144  4.85152e-04 | 93 -0.85593 -2.54762e-03
 94  3.17848 -4.74359e-06 | 95 -0.63193 -2.09333e-06 | 96  3.57786 -1.06179e-06
 97 -0.43962 -1.12768e-06 | 98  0.74982 -2.89702e-02 | 99  0.27278 -3.19670e-01
100  0.20228 -2.93966e-01 |101  0.09091 -2.42650e-02 |102 -0.16580  2.35316e-02
103 -0.20309  5.74975e-02 |104 -0.16554  6.13589e-02 |105  0.00088  4.17780e-01
106  0.16866  5.19708e-02 |107 -0.02356 -4.80897e-02 |108  0.17501 -9.81968e-02
109 -0.05050 -4.51096e-02 |110  0.46006  2.46176e-03 |111 -0.04674  6.12775e-03
112 -0.34038  3.59908e-02 |113 -0.20386 -8.73212e-04 |114 -0.23946  1.12696e-03
115 -0.26014  1.03366e-03 |116  1.86980 -3.39279e-04 |117  2.18066  2.45872e-03
118  0.00063 -2.41557e-01 |119 -0.00004 -2.39460e-01 |120 -0.00045 -2.39198e-01
121 -0.00592 -2.57245e-01 |122 -0.00624 -2.61333e-01 |123 -0.00652 -2.43813e-01
124 -0.00689 -2.40796e-01 |125 -0.00770 -2.52570e-01 |126  0.00879 -2.04663e-01
127 -0.00289 -1.97951e-01 |128 -0.00660 -1.96269e-01 |129 -0.02023 -2.02162e-01
130  0.00188 -2.06891e-01 |131 -0.01016 -2.09376e-01 |132  0.00729 -2.13143e-01
133  0.00630 -2.19346e-01 |134 -0.00398 -2.22841e-01 |135  0.01640 -2.22794e-01
136 -0.01564 -2.16280e-01 |137 -0.01459 -2.12039e-01 |138  0.00894 -1.91727e-01
139  0.02035 -1.87089e-01 |140 -0.00395 -1.78751e-01 |141 -0.02061 -1.60177e-01
142  0.01986 -1.40781e-01 |143 -0.02350 -1.65475e-01 |144  0.02556 -1.59717e-01
145  0.00152 -1.56681e-01 |146  0.00281 -1.30207e-01 |147 -0.00894 -1.01900e-01
148  0.01254 -5.61470e-02 |149  0.02234 -4.69090e-02 |150 -0.02540 -9.05205e-02
151 -0.02052 -1.00528e-01 |152  0.00574 -9.85837e-02 |153  0.00385 -9.76892e-02
154  0.00341 -8.96916e-02 |155 -0.02142 -1.02549e-01 |156 -0.01133 -1.39474e-01
157  0.02736 -1.50119e-01 |158 -0.00975 -1.48840e-01 |159  0.01792 -2.12085e-01
160 -0.00695 -2.19735e-01 |161 -0.01908 -2.22336e-01 |162  0.00798 -2.16558e-01
163  0.00423 -2.14176e-01 |164 -0.00356 -1.91299e-01 |165  0.00535 -1.75286e-01
166 -0.01840 -1.66464e-01 |167 -0.00170 -1.54662e-01 |168  0.02262 -8.87210e-02
169 -0.02928 -8.31554e-02 |170  0.01054 -6.81876e-02 |171  0.02301 -3.76707e-02
172  0.02169 -3.52637e-02 |173 -0.00254 -3.06188e-02 |174 -0.00629 -4.19437e-02
175 -0.02018 -4.70561e-02 |176  0.00334 -3.40803e-02 |177 -0.00246 -2.26571e-02
178  0.00278 -1.73025e-02 |179 -0.00466 -8.11899e-03 |180  0.00519  4.00787e-03
181 -0.00170  2.22127e-02 |182  0.00000  7.17142e-04 |183  0.00000  1.03537e-03
184 -0.00000 -1.62593e-04 |185 -0.00000 -8.83745e-05 |186 -0.00004 -1.48129e+00
187  0.00227 -1.49135e+00 |188 -0.01042 -1.49348e+00 |189  0.00863 -1.49096e+00
190  0.00658 -1.47378e+00 |191 -0.02458 -1.47344e+00 |192  0.01849 -1.47972e+00
193  0.00010 -1.48882e+00 |194 -0.02845 -1.42624e+00 |195  0.01813 -1.40166e+00
196 -0.00266 -1.39963e+00 |197 -0.00085 -1.40225e+00 |198 -0.00139 -1.40652e+00
199  0.00832 -1.37319e+00 |200 -0.01000 -1.38753e+00 |201  0.00429 -1.34970e+00
202  0.00280 -1.32687e+00 |203  0.00148 -1.30310e+00 |204 -0.00671 -1.28480e+00
205  0.01016 -1.23651e+00 |206 -0.00972 -1.21859e+00 |207  0.00340 -1.16941e+00
208 -0.00009 -1.13230e+00 |209  0.01016 -1.11222e+00 |210 -0.02425 -1.07524e+00
211  0.01641 -1.07997e+00 |212 -0.00770 -1.05632e+00 |213  0.00382 -1.04711e+00
214 -0.00069 -9.86033e-01 |215  0.00684 -9.20324e-01 |216 -0.00767 -8.59053e-01
217 -0.00025 -8.40276e-01 |218  0.01240 -8.63947e-01 |219 -0.00509 -8.55500e-01
220 -0.00232 -8.44553e-01 |221  0.00054 -8.25491e-01 |222 -0.00022 -8.14485e-01
223  0.00210 -7.79851e-01 |224 -0.01653 -8.11795e-01 |225  0.00867 -8.11093e-01
226  0.00772 -7.79774e-01 |227 -0.00735 -8.39434e-01 |228  0.00719 -7.99630e-01
229 -0.00362 -7.94832e-01 |230 -0.00557 -7.70105e-01 |231  0.00623 -7.27771e-01
232 -0.00420 -6.80123e-01 |233  0.00288 -6.30331e-01 |234  0.00183 -5.94436e-01
235 -0.00446 -5.65931e-01 |236 -0.00711 -4.93438e-01 |237  0.01235 -4.25404e-01
238 -0.00966 -3.96551e-01 |239  0.00347 -3.33550e-01 |240  0.01232 -2.80511e-01
241  0.00515 -2.49175e-01 |242 -0.00973 -2.07455e-01 |243 -0.01309 -2.06608e-01
244  0.01035 -1.70595e-01 |245  0.00506 -1.02286e-01 |246 -0.00700 -9.99793e-02
247 -0.00197 -7.14808e-02 |248  0.00382 -4.94191e-02 |249 -0.00478 -1.56227e-02
250  0.00012  3.02362e-02 |251  0.00012  3.05639e-02 |252 -0.00001 -1.74169e-03
253  0.00000  4.64776e-04 |254  0.00026 -1.23092e+00 |255  0.00325 -1.12547e+00
256 -0.00276 -1.12135e+00 |257 -0.00146 -1.10977e+00 |258  0.00339 -1.07384e+00
259  0.01771 -1.03627e+00 |260 -0.01673 -1.03254e+00 |261  0.00618 -1.03257e+00
262 -0.00011 -9.61944e-01 |263 -0.02523 -9.35736e-01 |264  0.01222 -9.54490e-01
265 -0.01063 -9.68506e-01 |266  0.00011 -9.79005e-01 |267 -0.00129 -9.51780e-01
268  0.00310 -9.63540e-01 |269 -0.00223 -9.27602e-01 |270  0.00180 -9.15334e-01
271  0.00054 -8.99526e-01 |272  0.00384 -8.83848e-01 |273 -0.00008 -8.60083e-01
274 -0.00198 -8.45668e-01 |275  0.00035 -7.97829e-01 |276  0.00157 -7.88066e-01
277  0.00250 -7.69620e-01 |278  0.00581 -7.65011e-01 |279 -0.01418 -7.68603e-01
280  0.00746 -7.57247e-01 |281 -0.00219 -7.52530e-01 |282  0.00014 -7.11201e-01
283  0.00403 -6.77288e-01 |284 -0.00252 -6.32229e-01 |285 -0.00070 -6.35501e-01
286 -0.00250 -6.71458e-01 |287  0.00757 -6.59345e-01 |288  0.00560 -6.16366e-01
289 -0.00757 -6.00271e-01 |290 -0.00052 -5.60069e-01 |291  0.00237 -5.41136e-01
292  0.00695 -5.39320e-01 |293 -0.00892 -5.39443e-01 |294 -0.00319 -5.03767e-01
295 -0.00103 -5.45484e-01 |296 -0.00145 -5.14100e-01 |297  0.00587 -5.17848e-01
298  0.00200 -5.05483e-01 |299 -0.00647 -4.85821e-01 |300  0.00350 -4.53772e-01
301 -0.00296 -4.15347e-01 |302  0.00380 -4.00418e-01 |303 -0.00141 -3.73983e-01
304  0.00058 -3.29343e-01 |305 -0.00369 -2.77697e-01 |306  0.00772 -2.73008e-01
307 -0.00222 -2.08455e-01 |308 -0.00455 -1.76043e-01 |309  0.00683 -1.51634e-01
310  0.00478 -1.34776e-01 |311  0.00212 -1.52847e-01 |312 -0.00959 -1.15505e-01
313  0.00252 -7.20606e-02 |314  0.00124 -5.53074e-02 |315  0.00032 -5.09475e-02
316 -0.00049 -4.48022e-02 |317  0.00051 -3.16935e-02 |318 -0.00006 -1.53155e-02
319 -0.00005 -1.25310e-02 |320 -0.00003 -7.90413e-03 |321 -0.00002 -3.85723e-03
321 variables; iteration 540; function evaluation 600; phase 5
Function value 2.8236758e+03; maximum gradient component mag -1.6134e-01
Var    Value     Gradient |Var    Value     Gradient |Var    Value     Gradient
  1 -0.03277  5.65210e-02 |  2  0.03829  4.69085e-04 |  3  0.13069 -8.44106e-04
  4 -0.03321 -2.55722e-05 |  5 -0.07933 -6.50680e-05 |  6  0.05172 -6.63721e-04
  7  0.04102 -5.77840e-04 |  8 -0.00357 -1.89164e-04 |  9  0.04624 -5.79854e-04
 10  0.01556 -1.97452e-03 | 11  0.21357 -2.93206e-03 | 12 -0.12552 -1.00216e-03
 13 -0.04409 -1.01930e-03 | 14 -0.16009 -9.29154e-04 | 15 -0.17828 -8.53856e-04
 16  0.23697 -5.22624e-03 | 17 -0.00027 -1.46003e-03 | 18 -0.11219 -1.06579e-03
 19 -0.05118 -1.32054e-03 | 20 -0.01535 -1.62744e-03 | 21 -0.09864 -1.32714e-03
 22  0.03313 -1.52111e-03 | 23 -0.12460 -1.70481e-03 | 24 -0.03804 -1.77708e-03
 25  0.00751 -1.69267e-03 | 26  0.02068 -1.50729e-03 | 27 -0.11663 -4.84412e-04
 28  0.01253 -2.45757e-03 | 29  0.05186 -4.62177e-03 | 30 -0.08535 -1.03334e-03
 31 -0.19048 -1.09300e-03 | 32  0.03647 -1.13560e-03 | 33  0.04921 -2.07151e-04
 34  0.05506 -2.14436e-03 | 35  0.04176 -5.12082e-04 | 36 -0.04939 -1.24186e-03
 37 -0.02185 -1.09232e-03 | 38  0.05897 -1.98868e-04 | 39 -0.06854 -1.92657e-04
 40  0.21178 -2.75715e-03 | 41  0.01986 -9.63242e-04 | 42  0.08099 -1.15202e-03
 43 -0.06615 -8.54680e-04 | 44  0.17414  1.15456e-04 | 45 -0.04022 -7.64001e-04
 46 -0.03314  2.53501e-03 | 47 -0.01663 -1.29261e-03 | 48 -0.09287  1.48624e-04
 49  0.11274  5.57228e-03 | 50  0.00829  1.94284e-03 | 51 -0.00007  1.58822e-03
 52  0.01786 -1.29812e-03 | 53 -0.03754  1.25525e-03 | 54  0.08150  5.43126e-03
 55  0.00343  2.71827e-03 | 56 -0.05109  1.54950e-03 | 57 -0.05636  1.40404e-03
 58  0.08452  1.09499e-02 | 59 -0.03551  1.70491e-03 | 60  0.02153  2.37512e-03
 61  0.00154  8.63724e-04 | 62  0.06664  4.48548e-03 | 63  0.09922  5.07739e-03
 64 -0.06364  1.12544e-03 | 65 -0.01286  7.15837e-03 | 66  0.04201  2.11349e-03
 67  0.01150  3.49923e-04 | 68 -0.04172  1.02443e-03 | 69  0.03773 -5.65896e-03
 70  0.01249 -2.06291e-03 | 71  0.15609  5.97090e-03 | 72 -0.02350 -4.03280e-03
 73 -0.01760 -5.52358e-04 | 74 -0.52577  1.51763e-04 | 75 -0.65312 -5.97144e-05
 76 -0.80300 -7.67440e-04 | 77 -0.70062 -7.90049e-04 | 78 -0.75042 -8.18053e-04
 79 -0.76594 -6.50356e-04 | 80 -0.82073 -5.60418e-04 | 81 -0.84852 -3.80419e-04
 82 -0.82635 -8.49510e-04 | 83 -0.73542 -9.08091e-04 | 84 -0.81653 -5.25233e-04
 85 -0.80992 -4.88241e-04 | 86 -0.79167 -3.97836e-04 | 87 -0.79911 -7.59519e-04
 88 -0.80958 -7.97696e-05 | 89 -0.81374 -1.56286e-04 | 90 -0.79199  1.28103e-04
 91 -0.80449 -6.07503e-04 | 92 -0.80144 -2.90398e-04 | 93 -0.85593  1.09353e-04
 94  3.22285 -3.73649e-06 | 95 -0.66389 -2.35298e-06 | 96  3.72009 -2.96857e-07
 97 -0.46977 -1.24176e-06 | 98  0.75553 -4.04413e-03 | 99  0.27244 -3.51984e-02
100  0.20337 -2.94445e-02 |101  0.09091  7.26663e-03 |102 -0.16580  1.00048e-03
103 -0.20309  5.84000e-04 |104 -0.16554  1.82646e-03 |105  0.00088 -4.88667e-03
106  0.16866 -1.82971e-02 |107 -0.02356 -2.00014e-02 |108  0.17501 -5.20939e-03
109 -0.05023  5.55473e-04 |110  0.46676  2.58994e-03 |111 -0.04674  1.10591e-03
112 -0.34038  1.31686e-02 |113 -0.20386  1.36492e-04 |114 -0.23946  9.17764e-04
115 -0.26014  5.26929e-04 |116  1.86980 -4.90440e-04 |117  2.18067  9.78379e-04
118  0.00049 -1.17528e-02 |119 -0.00017 -1.00946e-02 |120 -0.00057 -1.03270e-02
121 -0.00591 -7.91128e-03 |122 -0.00621 -9.43958e-03 |123 -0.00656 -8.85738e-03
124 -0.00694 -8.47175e-03 |125 -0.00770 -9.91610e-03 |126  0.00876 -9.05530e-03
127 -0.00291 -7.36912e-03 |128 -0.00662 -7.04576e-03 |129 -0.02023 -4.18847e-03
130  0.00188 -3.03853e-03 |131 -0.01016 -2.78194e-03 |132  0.00729 -2.12632e-03
133  0.00630 -1.90400e-03 |134 -0.00398 -4.57065e-04 |135  0.01640  4.97987e-04
136 -0.01564  3.14885e-04 |137 -0.01459  5.27656e-04 |138  0.00894  3.66400e-04
139  0.02036 -5.27137e-04 |140 -0.00394  8.93656e-04 |141 -0.02063  1.89798e-03
142  0.01985 -4.49332e-04 |143 -0.02350  5.89837e-03 |144  0.02556  5.81026e-03
145  0.00154  9.99874e-03 |146  0.00281  9.92247e-03 |147 -0.00895  1.04296e-02
148  0.01253  1.10219e-02 |149  0.02230  1.11855e-02 |150 -0.02538  8.94715e-03
151 -0.02050  9.15721e-03 |152  0.00575  8.61916e-03 |153  0.00385  9.02295e-03
154  0.00340  1.04876e-02 |155 -0.02142  1.05202e-02 |156 -0.01132  1.23328e-02
157  0.02736  1.10931e-02 |158 -0.00975  8.85047e-03 |159  0.01792  1.40496e-02
160 -0.00695  1.40029e-02 |161 -0.01908  1.18236e-02 |162  0.00798  1.44591e-02
163  0.00423  1.68541e-02 |164 -0.00356  1.91561e-02 |165  0.00535  1.92303e-02
166 -0.01840  2.07279e-02 |167 -0.00170  2.09214e-02 |168  0.02262  2.00505e-02
169 -0.02928  2.06623e-02 |170  0.01054  1.83589e-02 |171  0.02301  1.56956e-02
172  0.02169  1.59109e-02 |173 -0.00256  1.37346e-02 |174 -0.00627  1.44244e-02
175 -0.02016  1.49648e-02 |176  0.00335  1.13399e-02 |177 -0.00246  1.01137e-02
178  0.00278  8.52837e-03 |179 -0.00466  7.62823e-03 |180  0.00519  5.84747e-03
181 -0.00171  1.97116e-03 |182 -0.00001 -2.16985e-03 |183 -0.00001 -2.06810e-03
184 -0.00000 -4.50376e-05 |185  0.00000  9.11969e-06 |186  0.00003 -1.61340e-01
187  0.00227 -1.58539e-01 |188 -0.01042 -1.58207e-01 |189  0.00863 -1.57099e-01
190  0.00657 -1.51475e-01 |191 -0.02459 -1.50846e-01 |192  0.01850 -1.50093e-01
193  0.00011 -1.51321e-01 |194 -0.02846 -1.49310e-01 |195  0.01813 -1.41438e-01
196 -0.00266 -1.41607e-01 |197 -0.00085 -1.37708e-01 |198 -0.00139 -1.33620e-01
199  0.00832 -1.30156e-01 |200 -0.01000 -1.26623e-01 |201  0.00429 -1.26487e-01
202  0.00280 -1.23889e-01 |203  0.00148 -1.22496e-01 |204 -0.00670 -1.22509e-01
205  0.01016 -1.22995e-01 |206 -0.00972 -1.21696e-01 |207  0.00340 -1.22458e-01
208 -0.00009 -1.18796e-01 |209  0.01016 -1.16912e-01 |210 -0.02425 -1.16249e-01
211  0.01641 -1.15406e-01 |212 -0.00770 -1.14622e-01 |213  0.00382 -1.09138e-01
214 -0.00069 -1.09644e-01 |215  0.00684 -1.09891e-01 |216 -0.00767 -1.07951e-01
217 -0.00026 -1.05888e-01 |218  0.01241 -1.06537e-01 |219 -0.00509 -1.05322e-01
220 -0.00232 -1.04761e-01 |221  0.00054 -1.03389e-01 |222 -0.00022 -9.94001e-02
223  0.00210 -9.46875e-02 |224 -0.01653 -9.31805e-02 |225  0.00867 -9.45028e-02
226  0.00772 -9.23368e-02 |227 -0.00735 -8.55287e-02 |228  0.00719 -7.95762e-02
229 -0.00362 -8.09496e-02 |230 -0.00557 -7.35738e-02 |231  0.00623 -6.40629e-02
232 -0.00420 -5.61976e-02 |233  0.00288 -4.68202e-02 |234  0.00183 -3.95639e-02
235 -0.00446 -3.50657e-02 |236 -0.00711 -3.06931e-02 |237  0.01235 -2.57163e-02
238 -0.00966 -2.90046e-02 |239  0.00347 -2.48135e-02 |240  0.01232 -2.02052e-02
241  0.00515 -2.19232e-02 |242 -0.00973 -1.92246e-02 |243 -0.01309 -1.88314e-02
244  0.01035 -2.33810e-02 |245  0.00506 -2.45508e-02 |246 -0.00700 -2.40808e-02
247 -0.00197 -2.06990e-02 |248  0.00382 -1.33426e-02 |249 -0.00478 -9.15196e-03
250 -0.00000 -9.04169e-04 |251 -0.00000 -9.82237e-04 |252 -0.00000 -9.21564e-04
253 -0.00000 -2.61048e-04 |254  0.00001 -1.30720e-01 |255  0.00325 -1.19336e-01
256 -0.00276 -1.16318e-01 |257 -0.00146 -1.13950e-01 |258  0.00339 -1.11164e-01
259  0.01771 -1.10321e-01 |260 -0.01674 -1.10375e-01 |261  0.00618 -1.10585e-01
262 -0.00011 -1.07692e-01 |263 -0.02523 -9.85982e-02 |264  0.01222 -9.46767e-02
265 -0.01063 -9.09906e-02 |266  0.00011 -8.68593e-02 |267 -0.00129 -8.39891e-02
268  0.00310 -8.04942e-02 |269 -0.00223 -7.95896e-02 |270  0.00180 -7.49174e-02
271  0.00055 -7.54259e-02 |272  0.00384 -7.60697e-02 |273 -0.00008 -7.55086e-02
274 -0.00198 -7.21014e-02 |275  0.00035 -7.06802e-02 |276  0.00157 -6.91451e-02
277  0.00250 -6.75853e-02 |278  0.00581 -7.21596e-02 |279 -0.01418 -6.81106e-02
280  0.00746 -6.82037e-02 |281 -0.00219 -6.42827e-02 |282  0.00014 -6.25691e-02
283  0.00403 -6.15937e-02 |284 -0.00252 -6.16733e-02 |285 -0.00070 -6.09057e-02
286 -0.00250 -6.40458e-02 |287  0.00757 -6.18412e-02 |288  0.00560 -6.50214e-02
289 -0.00757 -6.54159e-02 |290 -0.00052 -6.53232e-02 |291  0.00237 -6.07952e-02
292  0.00695 -6.40643e-02 |293 -0.00891 -6.50121e-02 |294 -0.00319 -6.50478e-02
295 -0.00103 -5.94387e-02 |296 -0.00145 -5.36650e-02 |297  0.00587 -5.55875e-02
298  0.00200 -5.06949e-02 |299 -0.00647 -4.44326e-02 |300  0.00349 -3.85194e-02
301 -0.00296 -3.40937e-02 |302  0.00380 -3.20169e-02 |303 -0.00141 -2.93553e-02
304  0.00058 -2.64036e-02 |305 -0.00369 -2.34155e-02 |306  0.00772 -2.38328e-02
307 -0.00222 -1.94425e-02 |308 -0.00455 -1.62564e-02 |309  0.00683 -1.57988e-02
310  0.00478 -1.67578e-02 |311  0.00212 -1.75184e-02 |312 -0.00959 -2.02238e-02
313  0.00252 -1.77030e-02 |314  0.00124 -1.98060e-02 |315  0.00032 -1.48692e-02
316 -0.00049 -1.00614e-02 |317  0.00051 -9.71495e-03 |318 -0.00002 -5.25983e-03
319 -0.00002 -4.89038e-03 |320 -0.00001 -3.14874e-03 |321 -0.00001 -1.99195e-03
321 variables; iteration 560; function evaluation 620; phase 5
Function value 2.8236758e+03; maximum gradient component mag -6.3437e-01
Var    Value     Gradient |Var    Value     Gradient |Var    Value     Gradient
  1 -0.03277 -6.34367e-01 |  2  0.03828 -7.92554e-04 |  3  0.13070  8.01497e-04
  4 -0.03321 -1.43591e-03 |  5 -0.07933 -5.27999e-04 |  6  0.05172 -2.66439e-04
  7  0.04102  2.77124e-04 |  8 -0.00357 -1.79069e-03 |  9  0.04624 -2.26249e-03
 10  0.01556  6.81407e-03 | 11  0.21357  3.09561e-03 | 12 -0.12552  5.82422e-03
 13 -0.04409  5.13176e-03 | 14 -0.16009  5.03940e-03 | 15 -0.17828  5.72053e-03
 16  0.23697 -2.32065e-04 | 17 -0.00027  6.29892e-03 | 18 -0.11219  5.41716e-03
 19 -0.05118  4.29291e-03 | 20 -0.01535  3.95920e-03 | 21 -0.09864  5.52055e-03
 22  0.03313  3.95599e-03 | 23 -0.12460  4.67972e-03 | 24 -0.03804  3.57464e-03
 25  0.00751  2.51397e-03 | 26  0.02068 -5.92033e-05 | 27 -0.11663  4.17823e-03
 28  0.01253  3.07016e-03 | 29  0.05186  3.96955e-04 | 30 -0.08535  1.91155e-03
 31 -0.19048  4.08213e-03 | 32  0.03647 -7.26436e-04 | 33  0.04921 -1.88608e-04
 34  0.05506  6.13327e-04 | 35  0.04176 -4.64785e-03 | 36 -0.04939 -4.62283e-04
 37 -0.02185  1.08987e-03 | 38  0.05897 -1.46916e-04 | 39 -0.06854  1.32559e-03
 40  0.21178 -1.24312e-02 | 41  0.01986 -3.22892e-03 | 42  0.08099 -1.15036e-03
 43 -0.06615  5.96159e-04 | 44  0.17414 -3.02764e-02 | 45 -0.04022 -4.12033e-04
 46 -0.03314  3.70175e-03 | 47 -0.01663 -7.23474e-04 | 48 -0.09287  2.13605e-04
 49  0.11274 -1.92537e-02 | 50  0.00829 -7.97355e-03 | 51 -0.00007 -2.47779e-03
 52  0.01786 -4.26665e-03 | 53 -0.03754 -3.78893e-03 | 54  0.08150 -1.35565e-02
 55  0.00343 -1.21994e-02 | 56 -0.05109  1.50171e-03 | 57 -0.05636  5.43280e-03
 58  0.08452 -2.07804e-02 | 59 -0.03551  7.41550e-03 | 60  0.02153 -2.75422e-03
 61  0.00154 -4.86171e-03 | 62  0.06664 -3.98420e-04 | 63  0.09922 -7.17864e-04
 64 -0.06364  8.38774e-04 | 65 -0.01286 -1.96070e-03 | 66  0.04201  9.12973e-03
 67  0.01150  8.32802e-05 | 68 -0.04172 -1.27979e-03 | 69  0.03773  1.49775e-02
 70  0.01249  2.59422e-03 | 71  0.15609  1.73952e-03 | 72 -0.02350  1.77695e-03
 73 -0.01759  7.78376e-03 | 74 -0.52577  5.60554e-04 | 75 -0.65312  2.30583e-03
 76 -0.80300  2.46519e-03 | 77 -0.70062  2.13164e-03 | 78 -0.75042  5.26791e-04
 79 -0.76594  8.86995e-04 | 80 -0.82073  1.02896e-03 | 81 -0.84852  1.36333e-03
 82 -0.82634  1.94178e-03 | 83 -0.73542  7.22803e-04 | 84 -0.81653  8.77948e-04
 85 -0.80992  7.74972e-04 | 86 -0.79167  8.78273e-04 | 87 -0.79911  3.33209e-03
 88 -0.80958  2.46036e-04 | 89 -0.81374  9.35162e-04 | 90 -0.79199 -4.32855e-05
 91 -0.80449 -2.43319e-03 | 92 -0.80144 -3.67566e-04 | 93 -0.85593 -9.10258e-04
 94  3.22364 -3.72205e-06 | 95 -0.66521 -2.36441e-06 | 96  3.72099 -2.89501e-07
 97 -0.47071 -1.24547e-06 | 98  0.75574 -2.89450e-03 | 99  0.27244  2.86809e-03
100  0.20334  8.72362e-03 |101  0.09091  1.02596e-02 |102 -0.16580 -9.02920e-03
103 -0.20309 -1.59646e-02 |104 -0.16554 -1.04229e-02 |105  0.00088  1.07897e-01
106  0.16866  1.33151e-02 |107 -0.02356 -6.82765e-03 |108  0.17501  8.17245e-03
109 -0.05024 -7.83673e-04 |110  0.46676  2.58994e-03 |111 -0.04674 -1.49235e-03
112 -0.34038  1.45770e-03 |113 -0.20386 -1.33954e-04 |114 -0.23946  1.91815e-04
115 -0.26014  3.04256e-04 |116  1.86980  6.87465e-04 |117  2.18067  1.88861e-03
118  0.00049  3.01101e-03 |119 -0.00018 -7.35046e-04 |120 -0.00057  4.51344e-04
121 -0.00592  2.05869e-03 |122 -0.00621  1.35879e-03 |123 -0.00657  1.10958e-03
124 -0.00695  6.50550e-04 |125 -0.00770  3.33803e-03 |126  0.00876  3.97235e-04
127 -0.00291  3.29278e-03 |128 -0.00662  3.25496e-03 |129 -0.02023  4.65189e-03
130  0.00188  4.12763e-03 |131 -0.01016  3.95158e-03 |132  0.00729  9.87767e-03
133  0.00630  1.10697e-02 |134 -0.00398  1.20466e-02 |135  0.01640  1.14199e-02
136 -0.01564  1.19902e-02 |137 -0.01459  1.11368e-02 |138  0.00894  7.84196e-03
139  0.02036  6.13767e-03 |140 -0.00394  7.15035e-03 |141 -0.02063  6.82443e-03
142  0.01985  2.91271e-03 |143 -0.02350  8.49401e-03 |144  0.02556  8.63097e-03
145  0.00154  7.15185e-03 |146  0.00281  4.57310e-03 |147 -0.00895  5.61444e-03
148  0.01253  7.63477e-03 |149  0.02231  1.21825e-02 |150 -0.02538  1.06236e-02
151 -0.02050  8.21771e-03 |152  0.00575  3.50435e-03 |153  0.00384  1.40925e-03
154  0.00340 -7.37395e-03 |155 -0.02142 -7.86516e-03 |156 -0.01132 -3.35628e-03
157  0.02736  6.10010e-03 |158 -0.00975  1.02176e-02 |159  0.01792 -9.67743e-03
160 -0.00695 -9.19631e-03 |161 -0.01908 -1.49377e-02 |162  0.00798 -7.07399e-03
163  0.00423 -2.51182e-03 |164 -0.00356  7.85579e-03 |165  0.00535  1.32821e-02
166 -0.01840  1.66490e-02 |167 -0.00170  1.98939e-02 |168  0.02262  3.10089e-02
169 -0.02928  2.76191e-02 |170  0.01054  2.08071e-02 |171  0.02301  2.56166e-02
172  0.02168  2.47564e-02 |173 -0.00257  2.28057e-02 |174 -0.00626  2.86049e-02
175 -0.02016  2.46801e-02 |176  0.00335  2.34031e-02 |177 -0.00246  2.14697e-02
178  0.00278  1.99686e-02 |179 -0.00466  1.62168e-02 |180  0.00519  1.31746e-02
181 -0.00172  4.48825e-04 |182 -0.00000 -1.16325e-03 |183 -0.00000 -1.21271e-03
184  0.00000  4.32403e-05 |185  0.00000  1.13717e-05 |186  0.00003  1.32855e-02
187  0.00227  1.38999e-02 |188 -0.01042  9.12177e-03 |189  0.00863  1.51962e-02
190  0.00658  1.35185e-02 |191 -0.02459  1.22434e-02 |192  0.01849  6.20844e-03
193  0.00011  9.22711e-03 |194 -0.02846  3.44470e-03 |195  0.01813  4.18187e-03
196 -0.00266  1.39786e-03 |197 -0.00085  1.34684e-03 |198 -0.00139 -4.80077e-04
199  0.00832  2.91234e-03 |200 -0.01000  7.64996e-03 |201  0.00429  8.40270e-03
202  0.00280  9.58954e-03 |203  0.00148  4.34917e-03 |204 -0.00671 -5.05307e-03
205  0.01016 -9.39661e-03 |206 -0.00972 -1.18215e-02 |207  0.00340 -8.76445e-03
208 -0.00009 -4.75135e-03 |209  0.01016 -5.61263e-03 |210 -0.02425 -1.16139e-02
211  0.01641 -9.81135e-03 |212 -0.00770 -1.29764e-02 |213  0.00382 -1.85356e-02
214 -0.00069 -2.28410e-02 |215  0.00684 -2.05670e-02 |216 -0.00767 -1.88346e-02
217 -0.00026 -9.28866e-03 |218  0.01241 -1.45700e-02 |219 -0.00509 -2.49754e-02
220 -0.00231 -2.46208e-02 |221  0.00054 -2.67943e-02 |222 -0.00022 -4.11223e-02
223  0.00210 -4.16849e-02 |224 -0.01653 -4.25931e-02 |225  0.00867 -3.07555e-02
226  0.00772 -2.02637e-02 |227 -0.00735 -3.81656e-02 |228  0.00719 -3.95187e-02
229 -0.00362 -5.07503e-02 |230 -0.00557 -4.63445e-02 |231  0.00623 -4.45448e-02
232 -0.00420 -2.81304e-02 |233  0.00288 -1.46803e-02 |234  0.00183 -7.44166e-03
235 -0.00446 -4.59606e-03 |236 -0.00712 -9.97647e-04 |237  0.01235 -1.20638e-03
238 -0.00966 -8.31784e-03 |239  0.00347 -7.19570e-03 |240  0.01232 -4.48270e-03
241  0.00515 -9.18801e-03 |242 -0.00973 -7.22714e-03 |243 -0.01309 -1.00260e-02
244  0.01035 -9.54969e-03 |245  0.00506 -1.59540e-02 |246 -0.00700 -1.68357e-02
247 -0.00197 -1.39213e-02 |248  0.00382 -1.26752e-02 |249 -0.00478 -1.62079e-02
250  0.00000  4.05477e-04 |251 -0.00000 -9.10925e-05 |252  0.00000  3.08247e-04
253  0.00000  2.91367e-04 |254  0.00002  3.82484e-02 |255  0.00325  4.24192e-02
256 -0.00276  3.69416e-02 |257 -0.00146  4.29373e-02 |258  0.00339  4.28764e-02
259  0.01771  3.60633e-02 |260 -0.01673  3.18977e-02 |261  0.00619  2.97469e-02
262 -0.00011  2.22804e-02 |263 -0.02523  2.17462e-02 |264  0.01222  2.11108e-02
265 -0.01063  2.58019e-02 |266  0.00011  2.02116e-02 |267 -0.00129  2.14768e-02
268  0.00310  2.46114e-02 |269 -0.00223  2.50258e-02 |270  0.00180  2.71384e-02
271  0.00055  2.11910e-02 |272  0.00384  1.71464e-02 |273 -0.00008  1.74574e-02
274 -0.00198  1.26175e-02 |275  0.00035  1.58964e-02 |276  0.00157  1.45892e-02
277  0.00250  1.40674e-02 |278  0.00581  7.69827e-04 |279 -0.01418  2.29903e-03
280  0.00746  6.83540e-03 |281 -0.00219  3.81731e-03 |282  0.00014  4.46564e-03
283  0.00403  6.99484e-03 |284 -0.00252  1.17528e-02 |285 -0.00070  2.10509e-02
286 -0.00250  2.17990e-02 |287  0.00757  1.60459e-02 |288  0.00560  1.54572e-02
289 -0.00757  1.02993e-02 |290 -0.00052 -1.34349e-03 |291  0.00237 -1.34694e-03
292  0.00695 -2.68301e-03 |293 -0.00891  4.13507e-03 |294 -0.00319  1.31624e-02
295 -0.00103 -9.67701e-04 |296 -0.00145 -1.69617e-03 |297  0.00587 -9.48818e-03
298  0.00200 -9.17731e-03 |299 -0.00647 -2.53893e-03 |300  0.00349  5.48141e-03
301 -0.00296  1.14995e-02 |302  0.00380  1.91081e-02 |303 -0.00141  1.46100e-02
304  0.00058  1.26021e-02 |305 -0.00369  5.02967e-03 |306  0.00772 -4.26751e-03
307 -0.00222 -4.90462e-03 |308 -0.00455 -1.05823e-02 |309  0.00683 -1.51899e-02
310  0.00478 -1.51962e-02 |311  0.00212 -1.87917e-02 |312 -0.00959 -1.51915e-02
313  0.00252 -4.75196e-03 |314  0.00124 -1.29969e-02 |315  0.00032 -7.85698e-03
316 -0.00049 -1.02776e-02 |317  0.00051 -9.13962e-03 |318 -0.00000 -2.82203e-04
319  0.00000  5.78892e-04 |320  0.00000  9.83816e-04 |321  0.00000  6.03358e-04
321 variables; iteration 580; function evaluation 640; phase 5
Function value 2.8236757e+03; maximum gradient component mag 6.5775e-02
Var    Value     Gradient |Var    Value     Gradient |Var    Value     Gradient
  1 -0.03277 -3.66478e-02 |  2  0.03828  2.81636e-05 |  3  0.13070  8.91786e-05
  4 -0.03321 -2.76826e-05 |  5 -0.07933 -4.16580e-05 |  6  0.05172 -3.60026e-04
  7  0.04102 -3.14347e-04 |  8 -0.00357 -3.76841e-04 |  9  0.04624 -2.03227e-05
 10  0.01555  3.82386e-04 | 11  0.21357 -4.42820e-04 | 12 -0.12552  2.93863e-04
 13 -0.04409  3.37027e-04 | 14 -0.16009  3.08436e-04 | 15 -0.17828  4.05198e-04
 16  0.23697 -9.09082e-04 | 17 -0.00027  4.71396e-06 | 18 -0.11219  4.83249e-04
 19 -0.05118  4.91561e-04 | 20 -0.01535  3.41271e-04 | 21 -0.09864  1.05437e-04
 22  0.03313 -1.88877e-04 | 23 -0.12460  1.27205e-04 | 24 -0.03804 -3.90245e-04
 25  0.00751 -5.61681e-04 | 26  0.02068  7.86310e-05 | 27 -0.11663  1.10270e-04
 28  0.01253 -7.15450e-04 | 29  0.05186 -1.43048e-03 | 30 -0.08535 -1.32800e-04
 31 -0.19048  3.72700e-04 | 32  0.03647 -1.19151e-03 | 33  0.04921 -7.28700e-04
 34  0.05506 -1.16925e-03 | 35  0.04176 -1.26984e-03 | 36 -0.04939  1.26235e-04
 37 -0.02185 -2.45090e-04 | 38  0.05897 -3.16977e-04 | 39 -0.06854  1.88832e-04
 40  0.21178 -1.26324e-03 | 41  0.01986 -6.14482e-04 | 42  0.08099  4.32984e-05
 43 -0.06615 -1.64318e-04 | 44  0.17414  1.67310e-04 | 45 -0.04022  1.19852e-04
 46 -0.03314  9.16262e-05 | 47 -0.01663  1.36657e-04 | 48 -0.09287  3.25165e-04
 49  0.11274 -3.01084e-04 | 50  0.00829  7.06506e-04 | 51 -0.00007  4.71494e-04
 52  0.01786  5.69328e-04 | 53 -0.03754  3.14623e-04 | 54  0.08150 -6.54883e-04
 55  0.00343 -6.13554e-04 | 56 -0.05109  8.84150e-04 | 57 -0.05636  8.20223e-04
 58  0.08452 -1.55689e-03 | 59 -0.03551  9.08110e-04 | 60  0.02153  9.33521e-04
 61  0.00154  5.25269e-04 | 62  0.06664 -2.73308e-04 | 63  0.09922  4.37642e-04
 64 -0.06364  7.13880e-04 | 65 -0.01286 -1.58611e-03 | 66  0.04201  4.96431e-04
 67  0.01150  6.82307e-04 | 68 -0.04172  3.43522e-04 | 69  0.03773  1.87673e-03
 70  0.01249 -5.36526e-04 | 71  0.15609 -2.24160e-05 | 72 -0.02350  9.96241e-04
 73 -0.01760  7.77208e-04 | 74 -0.52577  4.40696e-05 | 75 -0.65312  1.56759e-04
 76 -0.80300 -1.05255e-04 | 77 -0.70062  1.91369e-04 | 78 -0.75042 -7.28271e-05
 79 -0.76594 -2.60048e-05 | 80 -0.82073 -5.26006e-05 | 81 -0.84852  7.19317e-05
 82 -0.82634  8.63564e-05 | 83 -0.73542 -6.33896e-05 | 84 -0.81653  2.31394e-05
 85 -0.80992 -2.85984e-06 | 86 -0.79167 -1.10171e-05 | 87 -0.79911 -3.25778e-04
 88 -0.80958  2.33235e-05 | 89 -0.81374  3.04889e-05 | 90 -0.79199 -2.13547e-04
 91 -0.80449 -1.64884e-04 | 92 -0.80144 -2.13454e-04 | 93 -0.85593 -6.60271e-05
 94  3.17957  2.03039e-06 | 95 -0.62596  1.53898e-06 | 96  3.36074 -1.11868e-05
 97  0.09307  6.90944e-05 | 98  0.76034  3.58178e-03 | 99  0.27236  1.16095e-02
100  0.20335  7.31615e-03 |101  0.09091 -1.74807e-03 |102 -0.16580 -1.85783e-03
103 -0.20309 -2.67083e-03 |104 -0.16554 -2.46939e-03 |105  0.00088  1.68546e-02
106  0.16866  1.64452e-03 |107 -0.02356  8.29752e-03 |108  0.17501  5.21206e-03
109 -0.05023  6.96050e-04 |110  0.42261  9.55561e-04 |111 -0.04674  7.79827e-04
112 -0.34038  2.89189e-03 |113 -0.20386 -7.58652e-04 |114 -0.23946 -5.94120e-04
115 -0.26014 -2.45532e-04 |116  1.86980  1.85717e-04 |117  2.18067  1.01018e-04
118  0.00038  4.40262e-02 |119 -0.00026  4.43974e-02 |120 -0.00065  4.45976e-02
121 -0.00595  4.44530e-02 |122 -0.00624  4.44479e-02 |123 -0.00659  4.43810e-02
124 -0.00697  4.49715e-02 |125 -0.00772  4.50716e-02 |126  0.00876  4.47427e-02
127 -0.00291  4.52775e-02 |128 -0.00662  4.52476e-02 |129 -0.02023  4.53798e-02
130  0.00188  4.38424e-02 |131 -0.01016  4.29557e-02 |132  0.00729  3.93983e-02
133  0.00630  3.83314e-02 |134 -0.00398  3.71688e-02 |135  0.01640  3.54083e-02
136 -0.01564  3.57540e-02 |137 -0.01459  3.54806e-02 |138  0.00894  3.39892e-02
139  0.02036  3.13038e-02 |140 -0.00394  3.11077e-02 |141 -0.02063  3.15266e-02
142  0.01985  3.07592e-02 |143 -0.02350  3.06743e-02 |144  0.02556  2.85936e-02
145  0.00153  2.76569e-02 |146  0.00281  2.83892e-02 |147 -0.00895  2.91673e-02
148  0.01253  3.01137e-02 |149  0.02230  2.99364e-02 |150 -0.02538  3.00742e-02
151 -0.02050  2.96121e-02 |152  0.00575  2.85924e-02 |153  0.00385  2.82767e-02
154  0.00340  2.66440e-02 |155 -0.02142  2.66219e-02 |156 -0.01132  2.84134e-02
157  0.02736  2.86250e-02 |158 -0.00975  3.06387e-02 |159  0.01792  2.81911e-02
160 -0.00695  2.79884e-02 |161 -0.01908  2.74195e-02 |162  0.00798  2.58026e-02
163  0.00423  2.47744e-02 |164 -0.00356  2.43066e-02 |165  0.00536  2.34874e-02
166 -0.01840  2.33794e-02 |167 -0.00170  2.19781e-02 |168  0.02262  1.51661e-02
169 -0.02928  1.48222e-02 |170  0.01054  1.11537e-02 |171  0.02301  8.56116e-03
172  0.02168  7.71999e-03 |173 -0.00256  7.06309e-03 |174 -0.00627  6.90921e-03
175 -0.02016  7.79348e-03 |176  0.00335  6.66991e-03 |177 -0.00246  6.38548e-03
178  0.00278  6.18500e-03 |179 -0.00466  6.15682e-03 |180  0.00519  6.02009e-03
181 -0.00171  6.63852e-03 |182  0.00002  6.00267e-03 |183  0.00002  5.98045e-03
184 -0.00000  2.37427e-06 |185 -0.00000 -1.20394e-06 |186  0.00004  5.74477e-02
187  0.00228  5.82809e-02 |188 -0.01042  5.91295e-02 |189  0.00863  5.97696e-02
190  0.00657  6.18601e-02 |191 -0.02459  6.18002e-02 |192  0.01850  6.25280e-02
193  0.00011  6.35115e-02 |194 -0.02846  6.35365e-02 |195  0.01813  6.57746e-02
196 -0.00266  6.50680e-02 |197 -0.00085  6.55437e-02 |198 -0.00139  6.48923e-02
199  0.00832  6.40836e-02 |200 -0.01000  5.99609e-02 |201  0.00429  5.78765e-02
202  0.00280  5.77650e-02 |203  0.00148  5.43168e-02 |204 -0.00670  5.38494e-02
205  0.01016  5.07267e-02 |206 -0.00972  4.84772e-02 |207  0.00340  4.30314e-02
208 -0.00009  4.29288e-02 |209  0.01016  4.24019e-02 |210 -0.02425  4.11529e-02
211  0.01641  3.93496e-02 |212 -0.00770  3.51745e-02 |213  0.00382  3.25969e-02
214 -0.00069  3.20352e-02 |215  0.00684  3.19880e-02 |216 -0.00767  3.15533e-02
217 -0.00026  3.19586e-02 |218  0.01241  3.24426e-02 |219 -0.00509  2.98004e-02
220 -0.00232  2.82230e-02 |221  0.00054  2.72247e-02 |222 -0.00022  2.53612e-02
223  0.00210  2.46108e-02 |224 -0.01653  2.60601e-02 |225  0.00867  2.63286e-02
226  0.00772  2.92623e-02 |227 -0.00735  2.61934e-02 |228  0.00719  2.51682e-02
229 -0.00362  2.35742e-02 |230 -0.00557  2.22754e-02 |231  0.00623  2.07941e-02
232 -0.00420  2.13738e-02 |233  0.00288  2.11886e-02 |234  0.00183  2.04188e-02
235 -0.00446  1.91490e-02 |236 -0.00711  1.51879e-02 |237  0.01235  1.52803e-02
238 -0.00966  1.11812e-02 |239  0.00347  8.05733e-03 |240  0.01232  6.05810e-03
241  0.00515  3.39587e-03 |242 -0.00973  4.17118e-03 |243 -0.01309  4.47907e-03
244  0.01035  1.89650e-03 |245  0.00506  1.30947e-03 |246 -0.00700  5.79109e-04
247 -0.00197  1.51925e-03 |248  0.00382  1.78721e-03 |249 -0.00478  3.36639e-03
250  0.00002  4.94440e-03 |251  0.00002  4.92317e-03 |252  0.00000  1.81604e-04
253  0.00000  6.29225e-05 |254  0.00002  3.15536e-02 |255  0.00325  3.99458e-02
256 -0.00276  4.12182e-02 |257 -0.00146  4.23913e-02 |258  0.00339  4.52055e-02
259  0.01771  4.52240e-02 |260 -0.01673  4.57347e-02 |261  0.00618  4.70900e-02
262 -0.00011  4.70376e-02 |263 -0.02523  4.93859e-02 |264  0.01222  4.86019e-02
265 -0.01063  4.88547e-02 |266  0.00011  4.86542e-02 |267 -0.00129  4.92770e-02
268  0.00310  4.68542e-02 |269 -0.00223  4.57549e-02 |270  0.00180  4.70966e-02
271  0.00055  4.32183e-02 |272  0.00384  4.24642e-02 |273 -0.00008  4.14061e-02
274 -0.00198  4.22832e-02 |275  0.00035  3.84130e-02 |276  0.00157  3.86923e-02
277  0.00250  3.70948e-02 |278  0.00581  3.49636e-02 |279 -0.01418  3.28062e-02
280  0.00746  3.13567e-02 |281 -0.00219  3.02110e-02 |282  0.00014  3.10291e-02
283  0.00403  3.12393e-02 |284 -0.00252  3.11716e-02 |285 -0.00070  3.15345e-02
286 -0.00250  3.26487e-02 |287  0.00757  3.06517e-02 |288  0.00560  2.98459e-02
289 -0.00757  2.87310e-02 |290 -0.00052  2.68108e-02 |291  0.00237  2.60424e-02
292  0.00695  2.48792e-02 |293 -0.00891  2.51468e-02 |294 -0.00319  2.83744e-02
295 -0.00103  2.62119e-02 |296 -0.00145  2.56850e-02 |297  0.00587  2.41900e-02
298  0.00200  2.23081e-02 |299 -0.00647  2.08895e-02 |300  0.00349  2.16312e-02
301 -0.00296  2.06275e-02 |302  0.00380  2.01922e-02 |303 -0.00141  1.80913e-02
304  0.00058  1.47229e-02 |305 -0.00369  1.38899e-02 |306  0.00772  1.19811e-02
307 -0.00222  9.64407e-03 |308 -0.00455  7.42370e-03 |309  0.00683  5.47906e-03
310  0.00478  4.96968e-03 |311  0.00212  3.96678e-03 |312 -0.00959  2.05222e-03
313  0.00252  1.86222e-03 |314  0.00124  1.97758e-04 |315  0.00032  1.15187e-03
316 -0.00049  7.34931e-05 |317  0.00051  8.85627e-04 |318  0.00001  1.44672e-03
319  0.00001  1.44774e-03 |320  0.00001  5.67523e-04 |321  0.00001  3.98143e-04
321 variables; iteration 600; function evaluation 660; phase 5
Function value 2.8236757e+03; maximum gradient component mag -6.7191e-02
Var    Value     Gradient |Var    Value     Gradient |Var    Value     Gradient
  1 -0.03277 -6.71913e-02 |  2  0.03828  2.50358e-06 |  3  0.13069 -3.49605e-04
  4 -0.03321 -1.20450e-04 |  5 -0.07933 -5.03767e-05 |  6  0.05172 -2.41018e-04
  7  0.04102 -2.35610e-04 |  8 -0.00357 -2.90188e-04 |  9  0.04624 -5.04744e-04
 10  0.01555  5.33429e-04 | 11  0.21357 -8.40070e-04 | 12 -0.12552  5.30079e-04
 13 -0.04409  5.03486e-04 | 14 -0.16009  5.14314e-04 | 15 -0.17828  5.15572e-04
 16  0.23697 -1.90478e-03 | 17 -0.00027  3.06147e-04 | 18 -0.11219  3.91197e-04
 19 -0.05118  4.28644e-04 | 20 -0.01535 -1.70837e-04 | 21 -0.09864  1.25797e-04
 22  0.03313 -6.08300e-04 | 23 -0.12460  2.89444e-04 | 24 -0.03804 -1.08228e-04
 25  0.00751 -2.06920e-04 | 26  0.02068 -7.12484e-04 | 27 -0.11663  2.80544e-04
 28  0.01253 -2.08568e-04 | 29  0.05186 -4.59520e-04 | 30 -0.08535  1.67241e-04
 31 -0.19048  4.77804e-04 | 32  0.03647 -6.64262e-04 | 33  0.04921 -5.23951e-04
 34  0.05506 -2.18726e-04 | 35  0.04176 -9.03755e-04 | 36 -0.04939  1.25178e-04
 37 -0.02185  4.37192e-05 | 38  0.05897 -2.71398e-04 | 39 -0.06854  3.07460e-04
 40  0.21178 -1.70038e-03 | 41  0.01986 -7.02501e-05 | 42  0.08099  7.48207e-05
 43 -0.06615  7.50551e-05 | 44  0.17414 -1.54078e-03 | 45 -0.04022 -3.26264e-04
 46 -0.03314 -6.95441e-04 | 47 -0.01663  1.78934e-04 | 48 -0.09287  1.65018e-04
 49  0.11274 -1.65300e-03 | 50  0.00829 -1.73170e-04 | 51 -0.00007 -3.65544e-04
 52  0.01786  4.11003e-04 | 53 -0.03754  2.10530e-04 | 54  0.08150 -1.22335e-03
 55  0.00343  5.50668e-05 | 56 -0.05109 -1.34612e-04 | 57 -0.05636  4.58413e-04
 58  0.08452 -5.89250e-04 | 59 -0.03551  1.60133e-04 | 60  0.02153 -8.57851e-07
 61  0.00154  2.86615e-04 | 62  0.06664  9.46225e-04 | 63  0.09922  2.33779e-04
 64 -0.06364  9.04089e-04 | 65 -0.01286  7.73307e-04 | 66  0.04201  6.09990e-04
 67  0.01150  2.97834e-04 | 68 -0.04172  1.30235e-03 | 69  0.03773  5.17981e-04
 70  0.01249  9.63187e-05 | 71  0.15609  1.53282e-03 | 72 -0.02350  6.61979e-04
 73 -0.01760  3.15485e-04 | 74 -0.52577  3.13353e-04 | 75 -0.65312  2.11763e-04
 76 -0.80300  1.04633e-04 | 77 -0.70062  2.15666e-04 | 78 -0.75042  1.72903e-04
 79 -0.76594  1.31382e-04 | 80 -0.82073  1.62816e-04 | 81 -0.84852 -7.34684e-05
 82 -0.82634  1.97462e-04 | 83 -0.73542  5.64296e-05 | 84 -0.81653  8.64772e-05
 85 -0.80992  4.42839e-05 | 86 -0.79167  3.34003e-05 | 87 -0.79911  3.90597e-05
 88 -0.80958 -9.00204e-05 | 89 -0.81374  4.42426e-05 | 90 -0.79199 -1.85728e-05
 91 -0.80449 -1.47252e-04 | 92 -0.80144 -6.15373e-05 | 93 -0.85593 -1.74007e-04
 94  3.13827 -6.13798e-06 | 95 -0.58558 -1.74805e-06 | 96  3.34083 -2.38280e-06
 97 -0.18957  7.14671e-07 | 98  0.76103  1.01811e-03 | 99  0.27244 -3.98132e-04
100  0.20334  4.69962e-04 |101  0.09091  1.10139e-03 |102 -0.16580 -7.66554e-04
103 -0.20309 -1.59650e-03 |104 -0.16554 -1.90586e-03 |105  0.00088  1.83583e-02
106  0.16866  1.78404e-03 |107 -0.02356  1.09473e-03 |108  0.17501  1.46337e-03
109 -0.05024 -5.60323e-05 |110  0.41306  2.55481e-05 |111 -0.04674 -3.10571e-04
112 -0.34038  1.62120e-04 |113 -0.20386  1.96639e-04 |114 -0.23946 -6.35473e-05
115 -0.26014 -6.75632e-05 |116  1.86980  3.17467e-05 |117  2.18067  6.15621e-05
118  0.00036  1.10266e-02 |119 -0.00028  1.07179e-02 |120 -0.00067  1.11421e-02
121 -0.00595  1.10567e-02 |122 -0.00624  1.10644e-02 |123 -0.00659  1.12080e-02
124 -0.00697  1.11937e-02 |125 -0.00773  1.09473e-02 |126  0.00876  1.07813e-02
127 -0.00291  1.10278e-02 |128 -0.00662  1.09871e-02 |129 -0.02023  1.10961e-02
130  0.00188  1.06346e-02 |131 -0.01016  1.03609e-02 |132  0.00729  9.37076e-03
133  0.00630  9.05773e-03 |134 -0.00398  8.57356e-03 |135  0.01640  8.12731e-03
136 -0.01564  8.03527e-03 |137 -0.01459  7.99324e-03 |138  0.00894  7.78125e-03
139  0.02036  7.32498e-03 |140 -0.00394  7.38124e-03 |141 -0.02063  7.19641e-03
142  0.01985  7.94749e-03 |143 -0.02350  7.66421e-03 |144  0.02556  7.92307e-03
145  0.00153  8.11031e-03 |146  0.00281  8.10014e-03 |147 -0.00895  7.97692e-03
148  0.01253  7.47206e-03 |149  0.02230  7.27357e-03 |150 -0.02538  7.33488e-03
151 -0.02050  6.81498e-03 |152  0.00575  6.47863e-03 |153  0.00385  6.43292e-03
154  0.00340  6.42587e-03 |155 -0.02142  6.38482e-03 |156 -0.01132  5.47247e-03
157  0.02736  3.51661e-03 |158 -0.00975  3.26746e-03 |159  0.01792  1.42046e-03
160 -0.00695  2.21326e-03 |161 -0.01908  5.10905e-04 |162  0.00798 -1.00830e-03
163  0.00423 -9.23831e-04 |164 -0.00356 -2.68231e-04 |165  0.00536 -1.87699e-04
166 -0.01840  1.38871e-04 |167 -0.00170  2.30182e-04 |168  0.02262  6.93212e-04
169 -0.02928  9.63390e-04 |170  0.01054  4.54567e-04 |171  0.02301  8.31512e-04
172  0.02168  9.79237e-04 |173 -0.00256  1.12677e-03 |174 -0.00627  1.28364e-03
175 -0.02016  8.72837e-04 |176  0.00335  3.61257e-04 |177 -0.00246  1.01532e-04
178  0.00278 -8.64967e-05 |179 -0.00466 -5.93394e-04 |180  0.00519 -6.86111e-04
181 -0.00172 -1.26667e-03 |182 -0.00000 -4.88929e-04 |183 -0.00000 -4.73486e-04
184  0.00000  4.02253e-06 |185 -0.00000 -3.34230e-06 |186  0.00003 -1.87249e-03
187  0.00227 -1.53121e-03 |188 -0.01042 -5.05297e-04 |189  0.00863  6.51366e-04
190  0.00657  1.91597e-03 |191 -0.02459  1.76489e-03 |192  0.01850  2.09379e-03
193  0.00011  1.95601e-03 |194 -0.02846  1.86346e-03 |195  0.01813  3.16792e-03
196 -0.00266  3.83653e-03 |197 -0.00085  3.84281e-03 |198 -0.00139  4.88284e-03
199  0.00832  5.73158e-03 |200 -0.01000  5.10513e-03 |201  0.00429  6.17642e-03
202  0.00280  6.63411e-03 |203  0.00148  7.08640e-03 |204 -0.00670  8.37104e-03
205  0.01016  9.58821e-03 |206 -0.00972  9.96838e-03 |207  0.00340  1.04609e-02
208 -0.00009  1.08525e-02 |209  0.01016  1.17083e-02 |210 -0.02425  1.06364e-02
211  0.01641  1.15698e-02 |212 -0.00770  1.10851e-02 |213  0.00382  1.14729e-02
214 -0.00069  1.17911e-02 |215  0.00684  1.16258e-02 |216 -0.00767  1.09977e-02
217 -0.00026  1.08712e-02 |218  0.01241  1.12972e-02 |219 -0.00509  1.05445e-02
220 -0.00232  1.06853e-02 |221  0.00054  1.07703e-02 |222 -0.00022  1.06192e-02
223  0.00210  1.05207e-02 |224 -0.01653  9.99887e-03 |225  0.00867  8.29145e-03
226  0.00772  8.06495e-03 |227 -0.00735  6.35611e-03 |228  0.00719  7.10829e-03
229 -0.00362  3.36079e-03 |230 -0.00557  1.27345e-03 |231  0.00623 -2.49923e-04
232 -0.00420  8.54894e-04 |233  0.00288  1.94990e-03 |234  0.00183  2.87020e-03
235 -0.00446  3.16610e-03 |236 -0.00711  3.53068e-03 |237  0.01235  2.91624e-03
238 -0.00966  2.94095e-03 |239  0.00347  2.83084e-03 |240  0.01232  2.45319e-03
241  0.00515  2.30334e-03 |242 -0.00973  1.94782e-03 |243 -0.01309  1.82313e-03
244  0.01035  9.50326e-04 |245  0.00506 -1.65715e-04 |246 -0.00700 -5.08946e-04
247 -0.00197 -8.83382e-04 |248  0.00382 -1.14057e-03 |249 -0.00478 -1.16284e-03
250 -0.00000 -6.64762e-04 |251 -0.00000 -7.14544e-04 |252  0.00000  9.82481e-06
253  0.00000  2.38689e-05 |254  0.00002  2.16616e-03 |255  0.00325  4.56200e-03
256 -0.00276  5.69804e-03 |257 -0.00146  6.98488e-03 |258  0.00339  8.12302e-03
259  0.01771  7.13426e-03 |260 -0.01673  7.84774e-03 |261  0.00618  8.27542e-03
262 -0.00011  8.18361e-03 |263 -0.02523  9.36967e-03 |264  0.01222  9.55707e-03
265 -0.01063  9.92090e-03 |266  0.00011  1.02827e-02 |267 -0.00129  1.11529e-02
268  0.00310  1.09972e-02 |269 -0.00223  1.16284e-02 |270  0.00180  1.15153e-02
271  0.00055  1.14820e-02 |272  0.00384  1.17841e-02 |273 -0.00008  1.29409e-02
274 -0.00198  1.27432e-02 |275  0.00035  1.28312e-02 |276  0.00157  1.30127e-02
277  0.00250  1.25589e-02 |278  0.00581  1.34351e-02 |279 -0.01418  1.29618e-02
280  0.00746  1.27775e-02 |281 -0.00219  1.30157e-02 |282  0.00014  1.32454e-02
283  0.00403  1.23440e-02 |284 -0.00252  1.17871e-02 |285 -0.00070  1.16438e-02
286 -0.00250  1.22656e-02 |287  0.00757  1.14278e-02 |288  0.00560  1.06164e-02
289 -0.00757  1.06531e-02 |290 -0.00052  1.10121e-02 |291  0.00237  1.07393e-02
292  0.00695  9.69090e-03 |293 -0.00891  7.43959e-03 |294 -0.00319  7.49574e-03
295 -0.00103  6.60689e-03 |296 -0.00145  7.62067e-03 |297  0.00587  5.96584e-03
298  0.00200  3.94523e-03 |299 -0.00647  3.33223e-03 |300  0.00349  4.10276e-03
301 -0.00296  4.67898e-03 |302  0.00380  5.09384e-03 |303 -0.00141  4.96533e-03
304  0.00058  5.02443e-03 |305 -0.00369  3.83802e-03 |306  0.00772  3.13763e-03
307 -0.00222  2.80275e-03 |308 -0.00455  2.54679e-03 |309  0.00683  1.54212e-03
310  0.00478  1.34711e-03 |311  0.00212  6.42732e-04 |312 -0.00959  7.17667e-04
313  0.00252  8.02637e-04 |314  0.00124 -3.49301e-05 |315  0.00032 -4.04674e-04
316 -0.00049 -4.27204e-04 |317  0.00051 -5.74284e-04 |318  0.00000  8.33680e-05
319  0.00000  1.00754e-04 |320  0.00000  4.38879e-05 |321  0.00000  3.02592e-05
  ic > imax  in fminim is answer attained ?
Var    Value     Gradient |Var    Value     Gradient |Var    Value     Gradient
  1 -0.03277 -7.61548e-03 |  2  0.03828 -5.07783e-06 |  3  0.13069 -5.11448e-06
  4 -0.03321  6.06885e-06 |  5 -0.07933 -1.02525e-05 |  6  0.05172 -3.60646e-05
  7  0.04102 -2.62067e-05 |  8 -0.00357 -6.99189e-06 |  9  0.04624 -3.03553e-05
 10  0.01555  6.52415e-05 | 11  0.21357  4.14147e-05 | 12 -0.12552  8.49733e-05
 13 -0.04409  4.56283e-05 | 14 -0.16009  8.29029e-05 | 15 -0.17828  3.64054e-05
 16  0.23697 -2.07159e-04 | 17 -0.00027  5.49002e-05 | 18 -0.11219  4.11025e-05
 19 -0.05118  3.67358e-05 | 20 -0.01535 -3.47429e-05 | 21 -0.09864  2.48418e-05
 22  0.03313 -7.42819e-05 | 23 -0.12460  3.92736e-05 | 24 -0.03804  5.83134e-05
 25  0.00751  1.55877e-05 | 26  0.02068 -7.75184e-05 | 27 -0.11663  4.25838e-05
 28  0.01253 -4.10425e-06 | 29  0.05186 -3.17221e-05 | 30 -0.08535  2.56276e-05
 31 -0.19048  4.13041e-05 | 32  0.03647  2.70820e-05 | 33  0.04921 -4.43205e-05
 34  0.05506 -2.15620e-05 | 35  0.04176  2.31313e-05 | 36 -0.04939  2.90630e-06
 37 -0.02185 -3.79607e-05 | 38  0.05897 -5.10554e-05 | 39 -0.06854  2.38013e-05
 40  0.21178 -1.12152e-04 | 41  0.01986 -9.81879e-06 | 42  0.08099 -2.44419e-05
 43 -0.06615  7.08176e-05 | 44  0.17414 -1.42634e-04 | 45 -0.04022 -1.42874e-05
 46 -0.03314 -5.26334e-05 | 47 -0.01663 -6.92451e-05 | 48 -0.09287  4.23135e-05
 49  0.11274 -7.68713e-05 | 50  0.00829 -5.83250e-05 | 51 -0.00007 -1.10055e-06
 52  0.01786 -1.60483e-05 | 53 -0.03754 -4.42022e-05 | 54  0.08150 -3.10759e-06
 55  0.00343 -2.56655e-05 | 56 -0.05109  1.29500e-05 | 57 -0.05636  1.69937e-05
 58  0.08452 -6.53452e-05 | 59 -0.03551 -8.33590e-05 | 60  0.02153 -1.91299e-05
 61  0.00154  1.85342e-05 | 62  0.06664 -6.82432e-05 | 63  0.09922 -5.02342e-05
 64 -0.06364  4.74284e-05 | 65 -0.01286  3.34800e-05 | 66  0.04201 -3.73208e-05
 67  0.01150  1.18715e-04 | 68 -0.04172 -3.14217e-05 | 69  0.03773  6.73600e-05
 70  0.01249  3.25072e-05 | 71  0.15609 -2.63390e-05 | 72 -0.02350  1.33971e-04
 73 -0.01760  1.40992e-04 | 74 -0.52577 -1.24649e-05 | 75 -0.65312  1.75308e-05
 76 -0.80300 -3.78621e-06 | 77 -0.70062  3.18022e-05 | 78 -0.75042  5.44139e-05
 79 -0.76594  3.78968e-05 | 80 -0.82073  4.16407e-05 | 81 -0.84852  4.43598e-06
 82 -0.82634 -7.85394e-06 | 83 -0.73542  2.75808e-05 | 84 -0.81653  2.12759e-05
 85 -0.80992  1.50689e-05 | 86 -0.79167  8.06369e-06 | 87 -0.79911  1.99784e-05
 88 -0.80958  1.08164e-05 | 89 -0.81374 -2.75927e-06 | 90 -0.79199  2.56949e-05
 91 -0.80449  7.83881e-06 | 92 -0.80144  8.72080e-06 | 93 -0.85593  1.34051e-05
 94  3.13577 -6.27995e-06 | 95 -0.58366 -1.75730e-06 | 96  3.34393 -2.32073e-06
 97 -0.21709  1.60149e-07 | 98  0.76100  1.82900e-05 | 99  0.27244 -2.82156e-04
100  0.20334 -1.39947e-04 |101  0.09091 -3.20040e-05 |102 -0.16580 -1.52827e-04
103 -0.20309 -1.91613e-04 |104 -0.16554 -1.95120e-04 |105  0.00088  1.14731e-03
106  0.16866 -2.08585e-04 |107 -0.02356 -7.79540e-04 |108  0.17501 -3.96240e-04
109 -0.05024 -5.66284e-05 |110  0.41309  2.82768e-05 |111 -0.04674 -1.13787e-04
112 -0.34038  2.44689e-04 |113 -0.20386  8.44706e-05 |114 -0.23946  3.04678e-05
115 -0.26014  2.11047e-06 |116  1.86980 -1.36159e-06 |117  2.18067 -1.73790e-05
118  0.00037 -1.22342e-04 |119 -0.00028 -2.02743e-04 |120 -0.00067 -2.42723e-04
121 -0.00595 -2.09831e-04 |122 -0.00624 -2.02825e-04 |123 -0.00659 -2.51503e-04
124 -0.00697 -1.36363e-04 |125 -0.00773 -2.66302e-04 |126  0.00876 -2.26999e-04
127 -0.00291 -2.68310e-04 |128 -0.00662 -2.65732e-04 |129 -0.02023 -2.67595e-04
130  0.00188 -2.56197e-04 |131 -0.01016 -2.38869e-04 |132  0.00729 -2.54196e-04
133  0.00630 -2.59028e-04 |134 -0.00398 -2.38183e-04 |135  0.01640 -2.31648e-04
136 -0.01564 -2.36282e-04 |137 -0.01459 -2.39260e-04 |138  0.00894 -2.53483e-04
139  0.02036 -1.94217e-04 |140 -0.00394 -1.92843e-04 |141 -0.02063 -2.46645e-04
142  0.01985 -2.67483e-04 |143 -0.02350 -4.08102e-04 |144  0.02556 -4.24926e-04
145  0.00153 -2.42365e-04 |146  0.00281 -1.87766e-04 |147 -0.00895 -2.14350e-04
148  0.01253 -2.88665e-04 |149  0.02230 -4.00313e-04 |150 -0.02538 -3.52493e-04
151 -0.02050 -3.27554e-04 |152  0.00575 -2.95270e-04 |153  0.00385 -3.03299e-04
154  0.00340 -4.21317e-04 |155 -0.02142 -3.92674e-04 |156 -0.01132 -1.08821e-04
157  0.02736 -1.03474e-04 |158 -0.00975 -1.54967e-04 |159  0.01792  7.46751e-05
160 -0.00695 -4.54856e-06 |161 -0.01908  1.21952e-04 |162  0.00798  1.16837e-04
163  0.00423  9.40553e-05 |164 -0.00356 -6.81066e-05 |165  0.00536 -1.78864e-04
166 -0.01840 -1.98761e-04 |167 -0.00170 -2.79218e-04 |168  0.02262 -4.77135e-04
169 -0.02928 -4.91768e-04 |170  0.01054 -5.03681e-04 |171  0.02301 -7.28894e-04
172  0.02168 -7.63935e-04 |173 -0.00256 -7.30234e-04 |174 -0.00627 -7.86474e-04
175 -0.02016 -7.52615e-04 |176  0.00335 -8.17014e-04 |177 -0.00246 -7.74346e-04
178  0.00278 -7.89856e-04 |179 -0.00466 -7.60105e-04 |180  0.00519 -6.98612e-04
181 -0.00171 -4.86536e-04 |182 -0.00000 -5.06283e-04 |183 -0.00000 -5.01380e-04
184 -0.00000 -1.91128e-07 |185 -0.00000 -1.49339e-07 |186  0.00003 -1.31546e-03
187  0.00227 -1.51793e-03 |188 -0.01042 -1.55384e-03 |189  0.00863 -1.54498e-03
190  0.00657 -1.60711e-03 |191 -0.02459 -1.58696e-03 |192  0.01850 -1.32380e-03
193  0.00011 -1.51745e-03 |194 -0.02846 -1.41171e-03 |195  0.01813 -1.36607e-03
196 -0.00266 -1.27114e-03 |197 -0.00085 -1.27487e-03 |198 -0.00139 -1.20935e-03
199  0.00832 -1.27379e-03 |200 -0.01000 -1.23057e-03 |201  0.00429 -1.13927e-03
202  0.00280 -1.11332e-03 |203  0.00148 -9.11145e-04 |204 -0.00670 -7.55220e-04
205  0.01016 -6.23178e-04 |206 -0.00972 -5.91572e-04 |207  0.00340 -4.60725e-04
208 -0.00009 -3.81211e-04 |209  0.01016 -3.00602e-04 |210 -0.02425 -3.62955e-04
211  0.01641 -1.29118e-04 |212 -0.00770  1.20796e-04 |213  0.00382  4.58618e-04
214 -0.00069  6.00710e-04 |215  0.00684  5.78673e-04 |216 -0.00767  6.58336e-04
217 -0.00026  5.85593e-04 |218  0.01241  6.40793e-04 |219 -0.00509  7.82478e-04
220 -0.00232  8.51031e-04 |221  0.00054  7.78157e-04 |222 -0.00022  7.63991e-04
223  0.00210  7.88228e-04 |224 -0.01653  1.00919e-03 |225  0.00867  1.00466e-03
226  0.00772  8.65408e-04 |227 -0.00735  1.09705e-03 |228  0.00719  9.79498e-04
229 -0.00362  1.25782e-03 |230 -0.00557  1.25302e-03 |231  0.00623  1.26146e-03
232 -0.00420  1.02719e-03 |233  0.00288  7.46777e-04 |234  0.00183  6.78777e-04
235 -0.00446  5.33997e-04 |236 -0.00711  3.40341e-04 |237  0.01235  3.39805e-04
238 -0.00966  2.71886e-04 |239  0.00347  3.65374e-05 |240  0.01232 -1.90904e-04
241  0.00515 -2.57341e-04 |242 -0.00973 -3.92234e-04 |243 -0.01309 -4.14140e-04
244  0.01035 -5.14594e-04 |245  0.00506 -5.67742e-04 |246 -0.00700 -6.18062e-04
247 -0.00197 -6.63992e-04 |248  0.00382 -5.94090e-04 |249 -0.00478 -4.71055e-04
250 -0.00000 -6.43889e-04 |251 -0.00000 -6.48313e-04 |252  0.00000  6.38137e-06
253  0.00000  2.42984e-06 |254  0.00002 -6.05619e-04 |255  0.00325 -4.19613e-04
256 -0.00276 -4.08545e-04 |257 -0.00146 -4.39400e-04 |258  0.00339 -4.36989e-04
259  0.01771 -2.93729e-04 |260 -0.01673 -6.12384e-06 |261  0.00618 -1.63979e-04
262 -0.00011 -8.85415e-05 |263 -0.02523 -3.45047e-05 |264  0.01222  1.09689e-04
265 -0.01063  1.47308e-04 |266  0.00011  2.77929e-04 |267 -0.00129  3.25256e-04
268  0.00310  3.79854e-04 |269 -0.00223  4.25433e-04 |270  0.00180  5.10687e-04
271  0.00055  7.01144e-04 |272  0.00384  8.82202e-04 |273 -0.00008  1.00030e-03
274 -0.00198  9.76911e-04 |275  0.00035  1.00530e-03 |276  0.00157  1.12772e-03
277  0.00250  1.21462e-03 |278  0.00581  1.22868e-03 |279 -0.01418  1.34942e-03
280  0.00746  1.43003e-03 |281 -0.00219  1.61394e-03 |282  0.00014  1.69161e-03
283  0.00403  1.75225e-03 |284 -0.00252  1.75867e-03 |285 -0.00070  1.61337e-03
286 -0.00250  1.68828e-03 |287  0.00757  1.79102e-03 |288  0.00560  1.65935e-03
289 -0.00757  1.58782e-03 |290 -0.00052  1.54559e-03 |291  0.00237  1.49865e-03
292  0.00695  1.54088e-03 |293 -0.00891  1.55473e-03 |294 -0.00319  1.33865e-03
295 -0.00103  1.45511e-03 |296 -0.00145  1.34122e-03 |297  0.00587  1.43356e-03
298  0.00200  1.51225e-03 |299 -0.00647  1.45325e-03 |300  0.00349  1.26539e-03
301 -0.00296  1.10728e-03 |302  0.00380  9.67526e-04 |303 -0.00141  8.45738e-04
304  0.00058  7.94511e-04 |305 -0.00369  8.53930e-04 |306  0.00772  8.54007e-04
307 -0.00222  6.27039e-04 |308 -0.00455  4.92606e-04 |309  0.00683  4.66748e-04
310  0.00478  4.74621e-04 |311  0.00212  5.13037e-04 |312 -0.00959  2.58369e-04
313  0.00252  7.79250e-05 |314  0.00124  1.62309e-04 |315  0.00032  1.36651e-04
316 -0.00049  2.18776e-04 |317  0.00051  2.86030e-04 |318  0.00000  1.46460e-04
319  0.00000  1.38905e-04 |320  0.00000  1.87430e-05 |321  0.00000  1.54073e-05
Function minimizer not making progress ... is minimum attained?
Minimprove criterion = 0.0000e+00

 - final statistics:
321 variables; iteration 605; function evaluation 694
Function value 2.8237e+03; maximum gradient component mag -7.6155e-03
Exit code = 1;  converg criter 1.0000e-04
Var    Value     Gradient |Var    Value     Gradient |Var    Value     Gradient
  1 -0.03277 -7.61548e-03 |  2  0.03828 -5.07783e-06 |  3  0.13069 -5.11448e-06
  4 -0.03321  6.06885e-06 |  5 -0.07933 -1.02525e-05 |  6  0.05172 -3.60646e-05
  7  0.04102 -2.62067e-05 |  8 -0.00357 -6.99189e-06 |  9  0.04624 -3.03553e-05
 10  0.01555  6.52415e-05 | 11  0.21357  4.14147e-05 | 12 -0.12552  8.49733e-05
 13 -0.04409  4.56283e-05 | 14 -0.16009  8.29029e-05 | 15 -0.17828  3.64054e-05
 16  0.23697 -2.07159e-04 | 17 -0.00027  5.49002e-05 | 18 -0.11219  4.11025e-05
 19 -0.05118  3.67358e-05 | 20 -0.01535 -3.47429e-05 | 21 -0.09864  2.48418e-05
 22  0.03313 -7.42819e-05 | 23 -0.12460  3.92736e-05 | 24 -0.03804  5.83134e-05
 25  0.00751  1.55877e-05 | 26  0.02068 -7.75184e-05 | 27 -0.11663  4.25838e-05
 28  0.01253 -4.10425e-06 | 29  0.05186 -3.17221e-05 | 30 -0.08535  2.56276e-05
 31 -0.19048  4.13041e-05 | 32  0.03647  2.70820e-05 | 33  0.04921 -4.43205e-05
 34  0.05506 -2.15620e-05 | 35  0.04176  2.31313e-05 | 36 -0.04939  2.90630e-06
 37 -0.02185 -3.79607e-05 | 38  0.05897 -5.10554e-05 | 39 -0.06854  2.38013e-05
 40  0.21178 -1.12152e-04 | 41  0.01986 -9.81879e-06 | 42  0.08099 -2.44419e-05
 43 -0.06615  7.08176e-05 | 44  0.17414 -1.42634e-04 | 45 -0.04022 -1.42874e-05
 46 -0.03314 -5.26334e-05 | 47 -0.01663 -6.92451e-05 | 48 -0.09287  4.23135e-05
 49  0.11274 -7.68713e-05 | 50  0.00829 -5.83250e-05 | 51 -0.00007 -1.10055e-06
 52  0.01786 -1.60483e-05 | 53 -0.03754 -4.42022e-05 | 54  0.08150 -3.10759e-06
 55  0.00343 -2.56655e-05 | 56 -0.05109  1.29500e-05 | 57 -0.05636  1.69937e-05
 58  0.08452 -6.53452e-05 | 59 -0.03551 -8.33590e-05 | 60  0.02153 -1.91299e-05
 61  0.00154  1.85342e-05 | 62  0.06664 -6.82432e-05 | 63  0.09922 -5.02342e-05
 64 -0.06364  4.74284e-05 | 65 -0.01286  3.34800e-05 | 66  0.04201 -3.73208e-05
 67  0.01150  1.18715e-04 | 68 -0.04172 -3.14217e-05 | 69  0.03773  6.73600e-05
 70  0.01249  3.25072e-05 | 71  0.15609 -2.63390e-05 | 72 -0.02350  1.33971e-04
 73 -0.01760  1.40992e-04 | 74 -0.52577 -1.24649e-05 | 75 -0.65312  1.75308e-05
 76 -0.80300 -3.78621e-06 | 77 -0.70062  3.18022e-05 | 78 -0.75042  5.44139e-05
 79 -0.76594  3.78968e-05 | 80 -0.82073  4.16407e-05 | 81 -0.84852  4.43598e-06
 82 -0.82634 -7.85394e-06 | 83 -0.73542  2.75808e-05 | 84 -0.81653  2.12759e-05
 85 -0.80992  1.50689e-05 | 86 -0.79167  8.06369e-06 | 87 -0.79911  1.99784e-05
 88 -0.80958  1.08164e-05 | 89 -0.81374 -2.75927e-06 | 90 -0.79199  2.56949e-05
 91 -0.80449  7.83881e-06 | 92 -0.80144  8.72080e-06 | 93 -0.85593  1.34051e-05
 94  3.13577 -6.27995e-06 | 95 -0.58366 -1.75730e-06 | 96  3.34393 -2.32073e-06
 97 -0.21709  1.60149e-07 | 98  0.76100  1.82900e-05 | 99  0.27244 -2.82156e-04
100  0.20334 -1.39947e-04 |101  0.09091 -3.20040e-05 |102 -0.16580 -1.52827e-04
103 -0.20309 -1.91613e-04 |104 -0.16554 -1.95120e-04 |105  0.00088  1.14731e-03
106  0.16866 -2.08585e-04 |107 -0.02356 -7.79540e-04 |108  0.17501 -3.96240e-04
109 -0.05024 -5.66284e-05 |110  0.41309  2.82768e-05 |111 -0.04674 -1.13787e-04
112 -0.34038  2.44689e-04 |113 -0.20386  8.44706e-05 |114 -0.23946  3.04678e-05
115 -0.26014  2.11047e-06 |116  1.86980 -1.36159e-06 |117  2.18067 -1.73790e-05
118  0.00037 -1.22342e-04 |119 -0.00028 -2.02743e-04 |120 -0.00067 -2.42723e-04
121 -0.00595 -2.09831e-04 |122 -0.00624 -2.02825e-04 |123 -0.00659 -2.51503e-04
124 -0.00697 -1.36363e-04 |125 -0.00773 -2.66302e-04 |126  0.00876 -2.26999e-04
127 -0.00291 -2.68310e-04 |128 -0.00662 -2.65732e-04 |129 -0.02023 -2.67595e-04
130  0.00188 -2.56197e-04 |131 -0.01016 -2.38869e-04 |132  0.00729 -2.54196e-04
133  0.00630 -2.59028e-04 |134 -0.00398 -2.38183e-04 |135  0.01640 -2.31648e-04
136 -0.01564 -2.36282e-04 |137 -0.01459 -2.39260e-04 |138  0.00894 -2.53483e-04
139  0.02036 -1.94217e-04 |140 -0.00394 -1.92843e-04 |141 -0.02063 -2.46645e-04
142  0.01985 -2.67483e-04 |143 -0.02350 -4.08102e-04 |144  0.02556 -4.24926e-04
145  0.00153 -2.42365e-04 |146  0.00281 -1.87766e-04 |147 -0.00895 -2.14350e-04
148  0.01253 -2.88665e-04 |149  0.02230 -4.00313e-04 |150 -0.02538 -3.52493e-04
151 -0.02050 -3.27554e-04 |152  0.00575 -2.95270e-04 |153  0.00385 -3.03299e-04
154  0.00340 -4.21317e-04 |155 -0.02142 -3.92674e-04 |156 -0.01132 -1.08821e-04
157  0.02736 -1.03474e-04 |158 -0.00975 -1.54967e-04 |159  0.01792  7.46751e-05
160 -0.00695 -4.54856e-06 |161 -0.01908  1.21952e-04 |162  0.00798  1.16837e-04
163  0.00423  9.40553e-05 |164 -0.00356 -6.81066e-05 |165  0.00536 -1.78864e-04
166 -0.01840 -1.98761e-04 |167 -0.00170 -2.79218e-04 |168  0.02262 -4.77135e-04
169 -0.02928 -4.91768e-04 |170  0.01054 -5.03681e-04 |171  0.02301 -7.28894e-04
172  0.02168 -7.63935e-04 |173 -0.00256 -7.30234e-04 |174 -0.00627 -7.86474e-04
175 -0.02016 -7.52615e-04 |176  0.00335 -8.17014e-04 |177 -0.00246 -7.74346e-04
178  0.00278 -7.89856e-04 |179 -0.00466 -7.60105e-04 |180  0.00519 -6.98612e-04
181 -0.00171 -4.86536e-04 |182 -0.00000 -5.06283e-04 |183 -0.00000 -5.01380e-04
184 -0.00000 -1.91128e-07 |185 -0.00000 -1.49339e-07 |186  0.00003 -1.31546e-03
187  0.00227 -1.51793e-03 |188 -0.01042 -1.55384e-03 |189  0.00863 -1.54498e-03
190  0.00657 -1.60711e-03 |191 -0.02459 -1.58696e-03 |192  0.01850 -1.32380e-03
193  0.00011 -1.51745e-03 |194 -0.02846 -1.41171e-03 |195  0.01813 -1.36607e-03
196 -0.00266 -1.27114e-03 |197 -0.00085 -1.27487e-03 |198 -0.00139 -1.20935e-03
199  0.00832 -1.27379e-03 |200 -0.01000 -1.23057e-03 |201  0.00429 -1.13927e-03
202  0.00280 -1.11332e-03 |203  0.00148 -9.11145e-04 |204 -0.00670 -7.55220e-04
205  0.01016 -6.23178e-04 |206 -0.00972 -5.91572e-04 |207  0.00340 -4.60725e-04
208 -0.00009 -3.81211e-04 |209  0.01016 -3.00602e-04 |210 -0.02425 -3.62955e-04
211  0.01641 -1.29118e-04 |212 -0.00770  1.20796e-04 |213  0.00382  4.58618e-04
214 -0.00069  6.00710e-04 |215  0.00684  5.78673e-04 |216 -0.00767  6.58336e-04
217 -0.00026  5.85593e-04 |218  0.01241  6.40793e-04 |219 -0.00509  7.82478e-04
220 -0.00232  8.51031e-04 |221  0.00054  7.78157e-04 |222 -0.00022  7.63991e-04
223  0.00210  7.88228e-04 |224 -0.01653  1.00919e-03 |225  0.00867  1.00466e-03
226  0.00772  8.65408e-04 |227 -0.00735  1.09705e-03 |228  0.00719  9.79498e-04
229 -0.00362  1.25782e-03 |230 -0.00557  1.25302e-03 |231  0.00623  1.26146e-03
232 -0.00420  1.02719e-03 |233  0.00288  7.46777e-04 |234  0.00183  6.78777e-04
235 -0.00446  5.33997e-04 |236 -0.00711  3.40341e-04 |237  0.01235  3.39805e-04
238 -0.00966  2.71886e-04 |239  0.00347  3.65374e-05 |240  0.01232 -1.90904e-04
241  0.00515 -2.57341e-04 |242 -0.00973 -3.92234e-04 |243 -0.01309 -4.14140e-04
244  0.01035 -5.14594e-04 |245  0.00506 -5.67742e-04 |246 -0.00700 -6.18062e-04
247 -0.00197 -6.63992e-04 |248  0.00382 -5.94090e-04 |249 -0.00478 -4.71055e-04
250 -0.00000 -6.43889e-04 |251 -0.00000 -6.48313e-04 |252  0.00000  6.38137e-06
253  0.00000  2.42984e-06 |254  0.00002 -6.05619e-04 |255  0.00325 -4.19613e-04
256 -0.00276 -4.08545e-04 |257 -0.00146 -4.39400e-04 |258  0.00339 -4.36989e-04
259  0.01771 -2.93729e-04 |260 -0.01673 -6.12384e-06 |261  0.00618 -1.63979e-04
262 -0.00011 -8.85415e-05 |263 -0.02523 -3.45047e-05 |264  0.01222  1.09689e-04
265 -0.01063  1.47308e-04 |266  0.00011  2.77929e-04 |267 -0.00129  3.25256e-04
268  0.00310  3.79854e-04 |269 -0.00223  4.25433e-04 |270  0.00180  5.10687e-04
271  0.00055  7.01144e-04 |272  0.00384  8.82202e-04 |273 -0.00008  1.00030e-03
274 -0.00198  9.76911e-04 |275  0.00035  1.00530e-03 |276  0.00157  1.12772e-03
277  0.00250  1.21462e-03 |278  0.00581  1.22868e-03 |279 -0.01418  1.34942e-03
280  0.00746  1.43003e-03 |281 -0.00219  1.61394e-03 |282  0.00014  1.69161e-03
283  0.00403  1.75225e-03 |284 -0.00252  1.75867e-03 |285 -0.00070  1.61337e-03
286 -0.00250  1.68828e-03 |287  0.00757  1.79102e-03 |288  0.00560  1.65935e-03
289 -0.00757  1.58782e-03 |290 -0.00052  1.54559e-03 |291  0.00237  1.49865e-03
292  0.00695  1.54088e-03 |293 -0.00891  1.55473e-03 |294 -0.00319  1.33865e-03
295 -0.00103  1.45511e-03 |296 -0.00145  1.34122e-03 |297  0.00587  1.43356e-03
298  0.00200  1.51225e-03 |299 -0.00647  1.45325e-03 |300  0.00349  1.26539e-03
301 -0.00296  1.10728e-03 |302  0.00380  9.67526e-04 |303 -0.00141  8.45738e-04
304  0.00058  7.94511e-04 |305 -0.00369  8.53930e-04 |306  0.00772  8.54007e-04
307 -0.00222  6.27039e-04 |308 -0.00455  4.92606e-04 |309  0.00683  4.66748e-04
310  0.00478  4.74621e-04 |311  0.00212  5.13037e-04 |312 -0.00959  2.58369e-04
313  0.00252  7.79250e-05 |314  0.00124  1.62309e-04 |315  0.00032  1.36651e-04
316 -0.00049  2.18776e-04 |317  0.00051  2.86030e-04 |318  0.00000  1.46460e-04
319  0.00000  1.38905e-04 |320  0.00000  1.87430e-05 |321  0.00000  1.54073e-05
Estimating row 1 out of 321 for hessian
Estimating row 2 out of 321 for hessian
Estimating row 3 out of 321 for hessian
Estimating row 4 out of 321 for hessian
Estimating row 5 out of 321 for hessian
Estimating row 6 out of 321 for hessian
Estimating row 7 out of 321 for hessian
Estimating row 8 out of 321 for hessian
Estimating row 9 out of 321 for hessian
Estimating row 10 out of 321 for hessian
Estimating row 11 out of 321 for hessian
Estimating row 12 out of 321 for hessian
Estimating row 13 out of 321 for hessian
Estimating row 14 out of 321 for hessian
Estimating row 15 out of 321 for hessian
Estimating row 16 out of 321 for hessian
Estimating row 17 out of 321 for hessian
Estimating row 18 out of 321 for hessian
Estimating row 19 out of 321 for hessian
Estimating row 20 out of 321 for hessian
Estimating row 21 out of 321 for hessian
Estimating row 22 out of 321 for hessian
Estimating row 23 out of 321 for hessian
Estimating row 24 out of 321 for hessian
Estimating row 25 out of 321 for hessian
Estimating row 26 out of 321 for hessian
Estimating row 27 out of 321 for hessian
Estimating row 28 out of 321 for hessian
Estimating row 29 out of 321 for hessian
Estimating row 30 out of 321 for hessian
Estimating row 31 out of 321 for hessian
Estimating row 32 out of 321 for hessian
Estimating row 33 out of 321 for hessian
Estimating row 34 out of 321 for hessian
Estimating row 35 out of 321 for hessian
Estimating row 36 out of 321 for hessian
Estimating row 37 out of 321 for hessian
Estimating row 38 out of 321 for hessian
Estimating row 39 out of 321 for hessian
Estimating row 40 out of 321 for hessian
Estimating row 41 out of 321 for hessian
Estimating row 42 out of 321 for hessian
Estimating row 43 out of 321 for hessian
Estimating row 44 out of 321 for hessian
Estimating row 45 out of 321 for hessian
Estimating row 46 out of 321 for hessian
Estimating row 47 out of 321 for hessian
Estimating row 48 out of 321 for hessian
Estimating row 49 out of 321 for hessian
Estimating row 50 out of 321 for hessian
Estimating row 51 out of 321 for hessian
Estimating row 52 out of 321 for hessian
Estimating row 53 out of 321 for hessian
Estimating row 54 out of 321 for hessian
Estimating row 55 out of 321 for hessian
Estimating row 56 out of 321 for hessian
Estimating row 57 out of 321 for hessian
Estimating row 58 out of 321 for hessian
Estimating row 59 out of 321 for hessian
Estimating row 60 out of 321 for hessian
Estimating row 61 out of 321 for hessian
Estimating row 62 out of 321 for hessian
Estimating row 63 out of 321 for hessian
Estimating row 64 out of 321 for hessian
Estimating row 65 out of 321 for hessian
Estimating row 66 out of 321 for hessian
Estimating row 67 out of 321 for hessian
Estimating row 68 out of 321 for hessian
Estimating row 69 out of 321 for hessian
Estimating row 70 out of 321 for hessian
Estimating row 71 out of 321 for hessian
Estimating row 72 out of 321 for hessian
Estimating row 73 out of 321 for hessian
Estimating row 74 out of 321 for hessian
Estimating row 75 out of 321 for hessian
Estimating row 76 out of 321 for hessian
Estimating row 77 out of 321 for hessian
Estimating row 78 out of 321 for hessian
Estimating row 79 out of 321 for hessian
Estimating row 80 out of 321 for hessian
Estimating row 81 out of 321 for hessian
Estimating row 82 out of 321 for hessian
Estimating row 83 out of 321 for hessian
Estimating row 84 out of 321 for hessian
Estimating row 85 out of 321 for hessian
Estimating row 86 out of 321 for hessian
Estimating row 87 out of 321 for hessian
Estimating row 88 out of 321 for hessian
Estimating row 89 out of 321 for hessian
Estimating row 90 out of 321 for hessian
Estimating row 91 out of 321 for hessian
Estimating row 92 out of 321 for hessian
Estimating row 93 out of 321 for hessian
Estimating row 94 out of 321 for hessian
Estimating row 95 out of 321 for hessian
Estimating row 96 out of 321 for hessian
Estimating row 97 out of 321 for hessian
Estimating row 98 out of 321 for hessian
Estimating row 99 out of 321 for hessian
Estimating row 100 out of 321 for hessian
Estimating row 101 out of 321 for hessian
Estimating row 102 out of 321 for hessian
Estimating row 103 out of 321 for hessian
Estimating row 104 out of 321 for hessian
Estimating row 105 out of 321 for hessian
Estimating row 106 out of 321 for hessian
Estimating row 107 out of 321 for hessian
Estimating row 108 out of 321 for hessian
Estimating row 109 out of 321 for hessian
Estimating row 110 out of 321 for hessian
Estimating row 111 out of 321 for hessian
Estimating row 112 out of 321 for hessian
Estimating row 113 out of 321 for hessian
Estimating row 114 out of 321 for hessian
Estimating row 115 out of 321 for hessian
Estimating row 116 out of 321 for hessian
Estimating row 117 out of 321 for hessian
Estimating row 118 out of 321 for hessian
Estimating row 119 out of 321 for hessian
Estimating row 120 out of 321 for hessian
Estimating row 121 out of 321 for hessian
Estimating row 122 out of 321 for hessian
Estimating row 123 out of 321 for hessian
Estimating row 124 out of 321 for hessian
Estimating row 125 out of 321 for hessian
Estimating row 126 out of 321 for hessian
Estimating row 127 out of 321 for hessian
Estimating row 128 out of 321 for hessian
Estimating row 129 out of 321 for hessian
Estimating row 130 out of 321 for hessian
Estimating row 131 out of 321 for hessian
Estimating row 132 out of 321 for hessian
Estimating row 133 out of 321 for hessian
Estimating row 134 out of 321 for hessian
Estimating row 135 out of 321 for hessian
Estimating row 136 out of 321 for hessian
Estimating row 137 out of 321 for hessian
Estimating row 138 out of 321 for hessian
Estimating row 139 out of 321 for hessian
Estimating row 140 out of 321 for hessian
Estimating row 141 out of 321 for hessian
Estimating row 142 out of 321 for hessian
Estimating row 143 out of 321 for hessian
Estimating row 144 out of 321 for hessian
Estimating row 145 out of 321 for hessian
Estimating row 146 out of 321 for hessian
Estimating row 147 out of 321 for hessian
Estimating row 148 out of 321 for hessian
Estimating row 149 out of 321 for hessian
Estimating row 150 out of 321 for hessian
Estimating row 151 out of 321 for hessian
Estimating row 152 out of 321 for hessian
Estimating row 153 out of 321 for hessian
Estimating row 154 out of 321 for hessian
Estimating row 155 out of 321 for hessian
Estimating row 156 out of 321 for hessian
Estimating row 157 out of 321 for hessian
Estimating row 158 out of 321 for hessian
Estimating row 159 out of 321 for hessian
Estimating row 160 out of 321 for hessian
Estimating row 161 out of 321 for hessian
Estimating row 162 out of 321 for hessian
Estimating row 163 out of 321 for hessian
Estimating row 164 out of 321 for hessian
Estimating row 165 out of 321 for hessian
Estimating row 166 out of 321 for hessian
Estimating row 167 out of 321 for hessian
Estimating row 168 out of 321 for hessian
Estimating row 169 out of 321 for hessian
Estimating row 170 out of 321 for hessian
Estimating row 171 out of 321 for hessian
Estimating row 172 out of 321 for hessian
Estimating row 173 out of 321 for hessian
Estimating row 174 out of 321 for hessian
Estimating row 175 out of 321 for hessian
Estimating row 176 out of 321 for hessian
Estimating row 177 out of 321 for hessian
Estimating row 178 out of 321 for hessian
Estimating row 179 out of 321 for hessian
Estimating row 180 out of 321 for hessian
Estimating row 181 out of 321 for hessian
Estimating row 182 out of 321 for hessian
Estimating row 183 out of 321 for hessian
Estimating row 184 out of 321 for hessian
Estimating row 185 out of 321 for hessian
Estimating row 186 out of 321 for hessian
Estimating row 187 out of 321 for hessian
Estimating row 188 out of 321 for hessian
Estimating row 189 out of 321 for hessian
Estimating row 190 out of 321 for hessian
Estimating row 191 out of 321 for hessian
Estimating row 192 out of 321 for hessian
Estimating row 193 out of 321 for hessian
Estimating row 194 out of 321 for hessian
Estimating row 195 out of 321 for hessian
Estimating row 196 out of 321 for hessian
Estimating row 197 out of 321 for hessian
Estimating row 198 out of 321 for hessian
Estimating row 199 out of 321 for hessian
Estimating row 200 out of 321 for hessian
Estimating row 201 out of 321 for hessian
Estimating row 202 out of 321 for hessian
Estimating row 203 out of 321 for hessian
Estimating row 204 out of 321 for hessian
Estimating row 205 out of 321 for hessian
Estimating row 206 out of 321 for hessian
Estimating row 207 out of 321 for hessian
Estimating row 208 out of 321 for hessian
Estimating row 209 out of 321 for hessian
Estimating row 210 out of 321 for hessian
Estimating row 211 out of 321 for hessian
Estimating row 212 out of 321 for hessian
Estimating row 213 out of 321 for hessian
Estimating row 214 out of 321 for hessian
Estimating row 215 out of 321 for hessian
Estimating row 216 out of 321 for hessian
Estimating row 217 out of 321 for hessian
Estimating row 218 out of 321 for hessian
Estimating row 219 out of 321 for hessian
Estimating row 220 out of 321 for hessian
Estimating row 221 out of 321 for hessian
Estimating row 222 out of 321 for hessian
Estimating row 223 out of 321 for hessian
Estimating row 224 out of 321 for hessian
Estimating row 225 out of 321 for hessian
Estimating row 226 out of 321 for hessian
Estimating row 227 out of 321 for hessian
Estimating row 228 out of 321 for hessian
Estimating row 229 out of 321 for hessian
Estimating row 230 out of 321 for hessian
Estimating row 231 out of 321 for hessian
Estimating row 232 out of 321 for hessian
Estimating row 233 out of 321 for hessian
Estimating row 234 out of 321 for hessian
Estimating row 235 out of 321 for hessian
Estimating row 236 out of 321 for hessian
Estimating row 237 out of 321 for hessian
Estimating row 238 out of 321 for hessian
Estimating row 239 out of 321 for hessian
Estimating row 240 out of 321 for hessian
Estimating row 241 out of 321 for hessian
Estimating row 242 out of 321 for hessian
Estimating row 243 out of 321 for hessian
Estimating row 244 out of 321 for hessian
Estimating row 245 out of 321 for hessian
Estimating row 246 out of 321 for hessian
Estimating row 247 out of 321 for hessian
Estimating row 248 out of 321 for hessian
Estimating row 249 out of 321 for hessian
Estimating row 250 out of 321 for hessian
Estimating row 251 out of 321 for hessian
Estimating row 252 out of 321 for hessian
Estimating row 253 out of 321 for hessian
Estimating row 254 out of 321 for hessian
Estimating row 255 out of 321 for hessian
Estimating row 256 out of 321 for hessian
Estimating row 257 out of 321 for hessian
Estimating row 258 out of 321 for hessian
Estimating row 259 out of 321 for hessian
Estimating row 260 out of 321 for hessian
Estimating row 261 out of 321 for hessian
Estimating row 262 out of 321 for hessian
Estimating row 263 out of 321 for hessian
Estimating row 264 out of 321 for hessian
Estimating row 265 out of 321 for hessian
Estimating row 266 out of 321 for hessian
Estimating row 267 out of 321 for hessian
Estimating row 268 out of 321 for hessian
Estimating row 269 out of 321 for hessian
Estimating row 270 out of 321 for hessian
Estimating row 271 out of 321 for hessian
Estimating row 272 out of 321 for hessian
Estimating row 273 out of 321 for hessian
Estimating row 274 out of 321 for hessian
Estimating row 275 out of 321 for hessian
Estimating row 276 out of 321 for hessian
Estimating row 277 out of 321 for hessian
Estimating row 278 out of 321 for hessian
Estimating row 279 out of 321 for hessian
Estimating row 280 out of 321 for hessian
Estimating row 281 out of 321 for hessian
Estimating row 282 out of 321 for hessian
Estimating row 283 out of 321 for hessian
Estimating row 284 out of 321 for hessian
Estimating row 285 out of 321 for hessian
Estimating row 286 out of 321 for hessian
Estimating row 287 out of 321 for hessian
Estimating row 288 out of 321 for hessian
Estimating row 289 out of 321 for hessian
Estimating row 290 out of 321 for hessian
Estimating row 291 out of 321 for hessian
Estimating row 292 out of 321 for hessian
Estimating row 293 out of 321 for hessian
Estimating row 294 out of 321 for hessian
Estimating row 295 out of 321 for hessian
Estimating row 296 out of 321 for hessian
Estimating row 297 out of 321 for hessian
Estimating row 298 out of 321 for hessian
Estimating row 299 out of 321 for hessian
Estimating row 300 out of 321 for hessian
Estimating row 301 out of 321 for hessian
Estimating row 302 out of 321 for hessian
Estimating row 303 out of 321 for hessian
Estimating row 304 out of 321 for hessian
Estimating row 305 out of 321 for hessian
Estimating row 306 out of 321 for hessian
Estimating row 307 out of 321 for hessian
Estimating row 308 out of 321 for hessian
Estimating row 309 out of 321 for hessian
Estimating row 310 out of 321 for hessian
Estimating row 311 out of 321 for hessian
Estimating row 312 out of 321 for hessian
Estimating row 313 out of 321 for hessian
Estimating row 314 out of 321 for hessian
Estimating row 315 out of 321 for hessian
Estimating row 316 out of 321 for hessian
Estimating row 317 out of 321 for hessian
Estimating row 318 out of 321 for hessian
Estimating row 319 out of 321 for hessian
Estimating row 320 out of 321 for hessian
Estimating row 321 out of 321 for hessian
size of file gradfil1.tmp = 0
size of file gradfil2.tmp = 0
size of file varssave.tmp = 0
size of file cmpdiff.tmp = 0
