
Initial statistics: 25 variables; iteration 0; function evaluation 0; phase 1
Function value 1.9792774e+05; maximum gradient component mag 5.4586e+06
Var    Value     Gradient |Var    Value     Gradient |Var    Value     Gradient
  1  0.15626  5.45860e+06 |  2 -0.41094  7.39913e+02 |  3 -0.81158 -2.28700e+03
  4 -0.81158  3.07932e+05 |  5 -0.81158  3.05762e+04 |  6 -0.81158  1.59543e+05
  7 -0.81158  7.42491e+04 |  8 -0.81158  1.37000e+05 |  9 -0.81158  5.03578e+05
 10 -0.81158  2.70439e+05 | 11 -0.81158  2.69539e+04 | 12 -0.81158  1.25428e+05
 13 -0.81158  1.38928e+04 | 14 -0.81158  3.18877e+04 | 15 -0.81158  4.92138e+04
 16 -0.81158  1.05632e+05 | 17 -0.81158  2.41100e+05 | 18 -0.81158  1.57223e+05
 19 -0.81158  1.65677e+05 | 20 -0.81158  1.91070e+05 | 21 -0.81158  4.47899e+05
 22 -0.81158 -4.47959e-06 | 23 -0.81158 -4.47959e-06 | 24 -0.81158 -4.47959e-06
 25 -0.81158 -4.47959e-06 |

Intermediate statistics: 25 variables; iteration 20; function evaluation 66; phase 1
Function value 4.8221907e+04; maximum gradient component mag 4.8252e+04
Var    Value     Gradient |Var    Value     Gradient |Var    Value     Gradient
  1  0.02375  4.82520e+04 |  2 -0.14991  5.69652e+02 |  3  0.22514 -5.92266e+02
  4  0.88525  3.28083e+03 |  5  0.46810  8.01004e+03 |  6  0.11425  1.22644e+04
  7 -0.83376  3.44675e+03 |  8 -0.95477  8.45520e+02 |  9  2.05151 -1.74260e+04
 10 -2.87134 -2.66852e+03 | 11 -0.98550  2.64884e+02 | 12 -1.00363 -6.43979e+01
 13 -0.67427  4.63730e+03 | 14 -0.97142  3.18799e+02 | 15 -1.35210 -2.85342e+03
 16 -1.29823 -1.91028e+03 | 17 -1.71684 -3.17840e+03 | 18 -1.53805 -1.90211e+03
 19 -1.53157 -9.06295e+02 | 20 -3.42228  6.00127e+02 | 21 -0.51303  2.36223e+02
 22 -0.92873  4.43902e-01 | 23 -0.89972  2.60532e-01 | 24 -0.87099  2.20087e-01
 25 -0.83942  1.28064e-01 |
25 variables; iteration 40; function evaluation 99; phase 1
Function value 2.0126202e+04; maximum gradient component mag -2.2981e+05
Var    Value     Gradient |Var    Value     Gradient |Var    Value     Gradient
  1 -0.01267 -2.29813e+05 |  2 -0.75647 -2.21687e+02 |  3  0.14201  3.54352e+03
  4 -0.30430  3.81611e+03 |  5 -0.66300  1.87012e+03 |  6 -0.89331  5.18136e+02
  7 -1.60228 -3.16311e+03 |  8 -0.48343  2.64944e+03 |  9  2.68608 -1.74306e+03
 10 -1.67968 -3.79160e+03 | 11 -1.20451 -8.08573e+02 | 12 -0.90915  3.47449e+02
 13 -0.43870  1.94441e+03 | 14 -0.86337  4.14815e+02 | 15 -0.95285  1.01377e+02
 16 -0.72897  4.95016e+02 | 17 -1.31921 -5.21284e+02 | 18 -1.19078 -2.34487e+02
 19 -1.44339 -6.66285e+01 | 20 -0.78011  1.44618e+01 | 21 -1.95605 -4.39664e+02
 22 12.10546  2.26193e-07 | 23 10.03784  8.36315e-08 | 24 -0.55782 -1.64152e-06
 25 -16.09320 -1.94132e-07 |
Maximum number of function evaluations exceeded

 - final statistics:
25 variables; iteration 42; function evaluation 100
Function value 1.9852e+04; maximum gradient component mag -5.0325e+05
Exit code = 3;  converg criter 1.0000e+01
Var    Value     Gradient |Var    Value     Gradient |Var    Value     Gradient
  1 -0.01385 -5.03252e+05 |  2 -0.75493 -7.42010e+01 |  3  0.13105  5.20965e+03
  4 -0.35484  5.00108e+03 |  5 -0.73296  2.21506e+03 |  6 -0.90934  6.76367e+02
  7 -1.58077 -4.22201e+03 |  8 -0.46611  3.74230e+03 |  9  2.69685 -2.23738e+03
 10 -1.62088 -4.28878e+03 | 11 -1.18715 -1.02128e+03 | 12 -0.95422  2.36685e+02
 13 -0.41155  2.58946e+03 | 14 -0.87853  4.87305e+02 | 15 -0.96609  1.01204e+02
 16 -0.72657  6.81309e+02 | 17 -1.21415 -4.44755e+02 | 18 -1.15903 -2.55806e+02
 19 -1.40232 -1.57792e+02 | 20 -0.69826  9.76451e+01 | 21 -2.05686 -5.19301e+02
 22 12.36365  5.23404e+01 | 23  8.54490  2.36124e+01 | 24  0.53575  1.74069e+01
 25 -14.63364 -6.78000e+00 |

Initial statistics: 33 variables; iteration 0; function evaluation 0; phase 2
Function value 1.9851980e+04; maximum gradient component mag -5.0325e+05
Var    Value     Gradient |Var    Value     Gradient |Var    Value     Gradient
  1 -0.01385 -5.03252e+05 |  2  0.00000 -1.09857e+02 |  3  0.00000 -1.85037e+02
  4  0.00000 -1.52944e+02 |  5  0.00000 -1.67814e+02 |  6  0.00000 -4.14669e+02
  7  0.00000 -4.74893e+02 |  8  0.00000 -2.46079e+02 |  9  0.00000 -2.85718e+02
 10 -0.75493 -7.42010e+01 | 11  0.13105  5.20965e+03 | 12 -0.35484  5.00108e+03
 13 -0.73296  2.21506e+03 | 14 -0.90934  6.76367e+02 | 15 -0.41923  4.22201e+03
 16 -0.46611  3.74230e+03 | 17 -0.69685  2.23738e+03 | 18 -0.37912  4.28878e+03
 19 -0.81285  1.02128e+03 | 20 -0.95422  2.36685e+02 | 21 -0.41155  2.58946e+03
 22 -0.87853  4.87305e+02 | 23 -0.96609  1.01204e+02 | 24 -0.72657  6.81309e+02
 25 -0.78585  4.44755e+02 | 26 -0.84097  2.55806e+02 | 27 -0.59768  1.57792e+02
 28 -0.69826  9.76451e+01 | 29  0.05686  5.19301e+02 | 30  0.36365  5.23404e+01
 31  0.54490  2.36124e+01 | 32  0.53575  1.74069e+01 | 33  0.63364  6.78000e+00

Intermediate statistics: 33 variables; iteration 20; function evaluation 32; phase 2
Function value 1.8873950e+04; maximum gradient component mag -6.4336e+04
Var    Value     Gradient |Var    Value     Gradient |Var    Value     Gradient
  1 -0.01658 -6.43360e+04 |  2  0.23303  1.15607e+02 |  3  0.17852  9.17318e+01
  4  0.14182  1.56002e+02 |  5  0.09669  1.68318e+02 |  6  0.18146  2.57970e+02
  7  0.13648  1.83562e+02 |  8  0.00857  3.91424e+01 |  9  0.05127  7.25591e+01
 10 -0.63442 -1.35421e+02 | 11 -0.19747  1.23100e+03 | 12 -0.39045  1.74118e+03
 13 -0.66047  8.16785e+02 | 14 -0.86782  2.11566e+02 | 15 -0.43206  1.44001e+03
 16 -0.50710  1.29588e+03 | 17 -0.69961  9.10451e+02 | 18 -0.44343  1.84784e+03
 19 -0.76985  3.89308e+02 | 20 -0.94854  9.28280e+01 | 21 -0.51553  9.65576e+02
 22 -0.88189  1.88757e+02 | 23 -0.96190  3.93211e+01 | 24 -0.74795  2.57360e+02
 25 -0.83342  1.53092e+02 | 26 -0.89388  8.17142e+01 | 27 -0.44449  1.56357e+02
 28 -0.55302  9.44744e+01 | 29 -0.85546 -3.02821e+01 | 30  3.45238 -2.20930e-05
 31  1.91523  3.92520e-05 | 32  1.49978 -5.37180e-06 | 33  1.00228 -3.82095e-04
33 variables; iteration 40; function evaluation 62; phase 2
Function value 1.7897182e+04; maximum gradient component mag -7.0699e+05
Var    Value     Gradient |Var    Value     Gradient |Var    Value     Gradient
  1 -0.02052 -7.06994e+05 |  2 -0.45470 -7.15340e+01 |  3  0.26967 -1.34207e+03
  4 -0.30521 -8.06964e+01 |  5 -0.10421 -1.95692e+02 |  6  0.09870 -1.06228e+03
  7  0.14914 -1.74306e+03 |  8 -0.10959 -4.08637e+02 |  9  0.03998 -1.23054e+03
 10 -0.62885  8.66352e+02 | 11 -0.42189  1.94250e+03 | 12 -0.68687  1.17656e+03
 13 -0.86765  5.03256e+02 | 14 -0.69395  7.93623e+02 | 15 -0.69209  7.98245e+02
 16 -0.78582  5.42816e+02 | 17 -0.88275  2.80605e+02 | 18 -0.81951  3.60777e+02
 19 -0.63587  5.03993e+02 | 20 -0.98526  2.25104e+01 | 21 -0.95296  7.86083e+01
 22 -0.97090  3.86096e+01 | 23 -0.97221  2.38072e+01 | 24 -0.93050  5.46967e+01
 25 -0.98910  8.52030e+00 | 26 -1.00439 -3.19990e+00 | 27 -0.48730  5.80051e+01
 28 -0.63757  4.17966e+01 | 29 -0.65741  1.78479e+00 | 30 29.97037  8.47517e-06
 31 13.13549 -8.95642e-06 | 32  6.55630  1.63168e-06 | 33  2.58088  1.76596e-06
33 variables; iteration 60; function evaluation 83; phase 2
Function value 1.7783436e+04; maximum gradient component mag -4.3553e+04
Var    Value     Gradient |Var    Value     Gradient |Var    Value     Gradient
  1 -0.02099 -4.35526e+04 |  2  0.17890 -2.11661e+01 |  3  0.09266 -5.68079e+01
  4  0.06321 -2.09447e+01 |  5 -0.05214 -1.69051e+01 |  6  0.13607 -7.45832e+01
  7  0.07985 -9.57715e+01 |  8  0.00210 -3.55181e+01 |  9  0.01342 -7.67753e+01
 10 -0.63674  5.65462e+01 | 11 -0.50263  1.03261e+02 | 12 -0.85782  4.73687e+01
 13 -0.98476  1.28700e+01 | 14 -0.67586  4.19773e+01 | 15 -0.84814  3.13003e+01
 16 -0.94139  1.87088e+01 | 17 -0.97952  8.15188e+00 | 18 -0.94155  1.49303e+01
 19 -0.65069  2.19079e+01 | 20 -0.99401  1.74556e+00 | 21 -0.99293  4.31261e+00
 22 -1.00035 -1.48864e-01 | 23 -0.99331  9.12031e-01 | 24 -0.98917  2.26672e+00
 25 -1.00168 -5.40658e-01 | 26 -0.99983  6.16715e-02 | 27 -0.48427  2.52479e+00
 28 -0.62718  5.56452e+00 | 29 -0.64728 -5.37527e-01 | 30 52.14106  1.40330e-06
 31 22.20477  7.89907e-07 | 32 10.80956  4.61140e-06 | 33  3.90941  2.71255e-06
Maximum number of function evaluations exceeded

 - final statistics:
33 variables; iteration 77; function evaluation 100
Function value 1.7778e+04; maximum gradient component mag 1.3588e+04
Exit code = 3;  converg criter 1.0000e+01
Var    Value     Gradient |Var    Value     Gradient |Var    Value     Gradient
  1 -0.02103  1.35880e+04 |  2  0.09148  1.14722e+01 |  3  0.17587  1.37869e+01
  4  0.01127  8.83043e+00 |  5 -0.02640  1.14483e+01 |  6  0.12319  2.45598e+01
  7  0.09335  4.46182e+01 |  8 -0.00867  2.24854e+01 |  9  0.01406  2.07060e+01
 10 -0.63948 -1.96092e+01 | 11 -0.50223 -1.43796e+01 | 12 -0.94671  2.70292e+00
 13 -0.97971  1.29321e+01 | 14 -0.67908 -1.47594e+01 | 15 -0.90230  1.89828e+00
 16 -0.98360  2.66325e+00 | 17 -1.00775 -2.07541e+00 | 18 -1.06124 -9.07730e+00
 19 -0.65790 -1.09836e+01 | 20 -1.00052 -1.05429e-01 | 21 -1.01444 -7.76562e+00
 22 -1.00093 -3.41268e-01 | 23 -1.00407 -3.52001e-01 | 24 -0.97273  4.65118e+00
 25 -1.00018 -4.72386e-02 | 26 -0.99989  3.27019e-02 | 27 -0.48273 -1.44414e+00
 28 -0.63652 -8.91605e-01 | 29 -0.64470  4.08822e-01 | 30 60.19563 -9.02557e-07
 31 25.60778 -4.31128e-07 | 32 12.46447  4.59700e-06 | 33  4.44590  3.63631e-06

Initial statistics: 97 variables; iteration 0; function evaluation 0; phase 3
Function value 1.7778472e+04; maximum gradient component mag 1.3588e+04
Var    Value     Gradient |Var    Value     Gradient |Var    Value     Gradient
  1 -0.02103  1.35880e+04 |  2  0.09148  1.14722e+01 |  3  0.17587  1.37869e+01
  4  0.01127  8.83043e+00 |  5 -0.02640  1.14483e+01 |  6  0.12319  2.45598e+01
  7  0.09335  4.46182e+01 |  8 -0.00867  2.24854e+01 |  9  0.01406  2.07060e+01
 10  0.00000  1.72323e+02 | 11  0.00000 -5.88283e+02 | 12  0.00000  5.02869e+02
 13  0.00000  6.99318e+02 | 14  0.00000  1.00374e+03 | 15  0.00000  9.19962e+02
 16  0.00000 -9.19316e+02 | 17  0.00000  4.80147e+02 | 18  0.00000  1.03304e+03
 19  0.00000  9.58139e+02 | 20  0.00000  8.81818e+02 | 21  0.00000  1.21901e+03
 22  0.00000  6.10200e+02 | 23  0.00000  1.28944e+03 | 24  0.00000  1.12915e+03
 25  0.00000  9.68207e+02 | 26  0.00000  9.94098e+02 | 27  0.00000  1.62016e+03
 28  0.00000  1.14286e+03 | 29  0.00000  1.03705e+03 | 30  0.00000  1.85435e+03
 31  0.00000  2.24017e+03 | 32  0.00000  1.43323e+03 | 33  0.00000  1.73191e+03
 34  0.00000  1.82593e+03 | 35  0.00000  2.05730e+03 | 36  0.00000  2.58474e+03
 37  0.00000  2.69760e+03 | 38  0.00000  2.66678e+03 | 39  0.00000  3.25862e+03
 40  0.00000  1.74205e+03 | 41  0.00000  2.66183e+03 | 42  0.00000  2.38076e+03
 43  0.00000  3.36864e+03 | 44  0.00000 -4.29529e+03 | 45  0.00000  1.55476e+03
 46  0.00000  1.29176e+03 | 47  0.00000  1.25103e+03 | 48  0.00000  2.43555e+03
 49  0.00000 -4.87545e+03 | 50  0.00000 -6.09439e+02 | 51  0.00000 -7.17787e+02
 52  0.00000 -1.14220e+03 | 53  0.00000  1.37846e+03 | 54  0.00000 -4.55003e+03
 55  0.00000 -3.07634e+03 | 56  0.00000  1.57849e+03 | 57  0.00000  1.55294e+03
 58  0.00000 -7.71020e+03 | 59  0.00000 -1.18656e+03 | 60  0.00000 -1.84166e+03
 61  0.00000 -4.56404e+02 | 62  0.00000 -4.24623e+03 | 63  0.00000 -6.30538e+03
 64  0.00000  7.55835e+02 | 65  0.00000 -1.01226e+03 | 66  0.00000 -3.77695e+03
 67  0.00000 -3.72009e+03 | 68  0.00000 -1.54979e+03 | 69  0.00000 -5.08822e+02
 70  0.00000 -7.73272e+02 | 71  0.00000 -7.55954e+03 | 72  0.00000  5.71705e+02
 73  0.00000 -1.14664e+02 | 74 -0.63948 -1.96092e+01 | 75 -0.50223 -1.43796e+01
 76 -0.94671  2.70292e+00 | 77 -0.97971  1.29321e+01 | 78 -0.67908 -1.47594e+01
 79 -0.90230  1.89828e+00 | 80 -0.98360  2.66325e+00 | 81 -0.99225  2.07541e+00
 82 -0.93876  9.07730e+00 | 83 -0.65790 -1.09836e+01 | 84 -0.99948  1.05429e-01
 85 -0.98556  7.76562e+00 | 86 -0.99907  3.41268e-01 | 87 -0.99593  3.52001e-01
 88 -0.97273  4.65118e+00 | 89 -0.99982  4.72386e-02 | 90 -0.99989  3.27019e-02
 91 -0.48273 -1.44414e+00 | 92 -0.63652 -8.91605e-01 | 93 -0.64470  4.08822e-01
 94  0.19563 -9.02557e-07 | 95  0.39222  4.31128e-07 | 96  0.46447  4.59700e-06
 97  0.44590  3.63631e-06 |

Intermediate statistics: 97 variables; iteration 20; function evaluation 37; phase 3
Function value 1.5466933e+04; maximum gradient component mag -1.0328e+04
Var    Value     Gradient |Var    Value     Gradient |Var    Value     Gradient
  1 -0.02100 -1.03283e+04 |  2  0.13727  6.95991e+01 |  3  0.24227  1.85393e+02
  4  0.05730  7.16805e+01 |  5  0.01649  6.36791e+01 |  6  0.16994  1.99296e+02
  7  0.13648  2.08997e+02 |  8  0.04872  1.53524e+02 |  9  0.06124  1.44365e+02
 10  0.02477  5.82139e+02 | 11  0.13554  3.26771e+02 | 12 -0.01355  7.94618e+02
 13 -0.01333  8.52184e+02 | 14 -0.02983  1.01426e+03 | 15 -0.03260  1.02275e+03
 16  0.12872  3.88281e+02 | 17  0.00964  9.37090e+02 | 18 -0.01968  1.13508e+03
 19 -0.01422  1.08459e+03 | 20 -0.00396  1.07328e+03 | 21 -0.03564  1.18687e+03
 22 -0.00604  8.76653e+02 | 23 -0.04829  1.20966e+03 | 24 -0.03216  1.17297e+03
 25 -0.03219  1.06449e+03 | 26 -0.03085  1.10162e+03 | 27 -0.04913  1.52061e+03
 28 -0.03503  1.18618e+03 | 29 -0.03698  1.05186e+03 | 30 -0.04677  1.70595e+03
 31 -0.05142  1.98970e+03 | 32 -0.03524  1.31171e+03 | 33 -0.03201  1.56176e+03
 34 -0.02947  1.57616e+03 | 35 -0.02794  1.68054e+03 | 36 -0.02938  2.03359e+03
 37 -0.01428  2.07141e+03 | 38  0.01058  2.18603e+03 | 39  0.00692  2.51932e+03
 40  0.03318  1.17009e+03 | 41  0.02923  1.72670e+03 | 42  0.04935  2.73773e+03
 43  0.04538  3.85132e+03 | 44  0.02287 -4.74590e+03 | 45  0.02790  1.51806e+03
 46  0.01443  1.22229e+03 | 47 -0.01656 -1.19744e+02 | 48 -0.02508  1.21013e+03
 49  0.03986 -4.38808e+03 | 50 -0.00474 -1.30797e+03 | 51 -0.00662 -1.22514e+03
 52  0.00023 -1.88131e+03 | 53 -0.02759 -5.66915e+02 | 54  0.03823 -4.36508e+03
 55 -0.01052 -3.14075e+03 | 56  0.00325 -9.72327e+01 | 57 -0.05633 -8.84675e+02
 58  0.05654 -5.74017e+03 | 59 -0.03387 -1.77969e+03 | 60  0.03218 -1.75114e+03
 61 -0.02330 -1.83611e+03 | 62  0.02363 -3.33476e+03 | 63  0.04296 -3.84998e+03
 64 -0.05000 -8.57966e+02 | 65 -0.00858 -1.54418e+03 | 66  0.00251 -2.45193e+03
 67  0.01970 -2.31981e+03 | 68 -0.02518 -1.28518e+03 | 69  0.01519 -4.19407e+02
 70  0.01372 -5.22488e+02 | 71  0.14941 -1.83027e+03 | 72 -0.01309  2.86840e+02
 73  0.01965  1.70723e+02 | 74 -0.68958 -2.34881e+02 | 75 -0.23457  4.13784e+02
 76 -0.88298  4.96598e+01 | 77 -0.96333  2.85413e+01 | 78 -0.49478  3.08764e+02
 79 -0.82066  6.93950e+01 | 80 -0.96735  1.18669e+01 | 81 -0.98070  5.03390e+00
 82 -0.86777  4.53731e+01 | 83 -0.36861  2.64987e+02 | 84 -0.99872  2.70316e-01
 85 -0.96769  1.16650e+01 | 86 -0.99814  6.91628e-01 | 87 -0.99164  1.38992e+00
 88 -0.94146  5.72361e+00 | 89 -0.99959  2.05598e-02 | 90 -0.99975  4.38490e-03
 91 -0.58814  8.81566e+00 | 92 -0.52655  3.62028e+01 | 93 -0.75393 -5.80927e+01
 94  0.19563  2.21813e-04 | 95  0.39222  1.59929e-05 | 96  0.46447 -4.53457e-06
 97  0.44590  9.08684e-05 |
97 variables; iteration 40; function evaluation 58; phase 3
Function value 1.5445817e+04; maximum gradient component mag -9.8258e+04
Var    Value     Gradient |Var    Value     Gradient |Var    Value     Gradient
  1 -0.02075 -9.82582e+04 |  2  0.19238  1.86360e+01 |  3  0.22060  1.07923e+01
  4  0.07385  1.79882e+01 |  5  0.02866  1.82198e+01 |  6  0.17467 -6.49635e+00
  7  0.13230 -2.34377e+01 |  8  0.04105 -7.70745e+00 |  9  0.05823 -5.86521e+01
 10  0.01392  1.34846e+03 | 11  0.14120  7.83859e+02 | 12 -0.02535  1.54852e+03
 13 -0.00723  1.58981e+03 | 14 -0.02352  1.75278e+03 | 15 -0.02669  1.72520e+03
 16  0.12845  2.26479e+02 | 17 -0.00136  1.36735e+03 | 18 -0.02145  1.60201e+03
 19 -0.01248  1.44735e+03 | 20  0.00175  1.28055e+03 | 21 -0.03272  1.47688e+03
 22 -0.00089  9.02378e+02 | 23 -0.04762  1.43573e+03 | 24 -0.02579  1.21311e+03
 25 -0.03160  1.00103e+03 | 26 -0.03254  9.22837e+02 | 27 -0.04775  1.40837e+03
 28 -0.04074  8.26431e+02 | 29 -0.04856  5.72921e+02 | 30 -0.05030  1.23393e+03
 31 -0.05301  1.53159e+03 | 32 -0.03962  6.21827e+02 | 33 -0.02922  8.04373e+02
 34 -0.02873  7.12616e+02 | 35 -0.03066  7.64404e+02 | 36 -0.01883  1.18870e+03
 37 -0.01430  1.20305e+03 | 38  0.00791  1.09088e+03 | 39  0.00980  1.71420e+03
 40  0.03413  1.08705e+02 | 41  0.02727  7.28086e+02 | 42  0.05027  1.42442e+03
 43  0.04406  2.56691e+03 | 44  0.02298 -5.66578e+03 | 45  0.02630  4.81673e+02
 46  0.01366  1.88229e+02 | 47 -0.01288 -4.71140e+02 | 48 -0.02490  1.04077e+03
 49  0.04149 -5.08480e+03 | 50 -0.00308 -1.40495e+03 | 51 -0.01182 -1.38497e+03
 52 -0.00591 -2.14121e+03 | 53 -0.03031 -4.45740e+02 | 54  0.04481 -4.34332e+03
 55 -0.01474 -3.04689e+03 | 56  0.00115  1.40508e+02 | 57 -0.05938 -4.70623e+02
 58  0.05823 -5.59531e+03 | 59 -0.03328 -1.12514e+03 | 60  0.03326 -1.31314e+03
 61 -0.02329 -1.26416e+03 | 62  0.02682 -2.70943e+03 | 63  0.04149 -3.41549e+03
 64 -0.04669 -1.01962e+02 | 65 -0.01046 -9.73978e+02 | 66  0.00816 -1.51714e+03
 67  0.01964 -1.57150e+03 | 68 -0.02786 -4.83739e+02 | 69  0.01922  6.35535e+02
 70  0.01582  4.69355e+02 | 71  0.15165 -9.54795e+02 | 72 -0.01115  1.27309e+03
 73  0.02933  1.20584e+03 | 74 -0.65550 -2.55977e+01 | 75 -0.26734  5.62612e+02
 76 -0.85140  1.03697e+02 | 77 -0.96639  3.58080e+01 | 78 -0.52077  3.78275e+02
 79 -0.76005  1.50676e+02 | 80 -0.93447  3.50020e+01 | 81 -0.94327  2.62951e+01
 82 -0.82601  9.85462e+01 | 83 -0.34298  3.51927e+02 | 84 -0.99588  1.40922e+00
 85 -0.93199  3.24999e+01 | 86 -0.99644  1.81619e+00 | 87 -0.96434  9.79434e+00
 88 -0.67653  1.00376e+02 | 89 -0.99703  4.04757e-01 | 90 -0.99816  1.48744e-01
 91 -0.60864 -2.89207e+00 | 92 -0.48446  6.63840e+01 | 93 -0.85909 -6.40379e+01
 94  0.19562  2.12473e-04 | 95  0.39222  1.55479e-05 | 96  0.46447 -2.14385e-06
 97  0.44589  9.40536e-05 |
97 variables; iteration 60; function evaluation 82; phase 3
Function value 1.5128649e+04; maximum gradient component mag 1.0416e+05
Var    Value     Gradient |Var    Value     Gradient |Var    Value     Gradient
  1 -0.01773  1.04158e+05 |  2  0.20033  2.10379e+02 |  3  0.17493  2.23652e+02
  4  0.13923  2.90366e+02 |  5  0.01820  1.36222e+02 |  6  0.12456  2.82522e+02
  7  0.13079  4.66566e+02 |  8 -0.01203  1.43193e+02 |  9  0.02357  2.22075e+02
 10  0.01520 -5.79127e+02 | 11  0.09020 -8.17578e+02 | 12 -0.00423 -2.56869e+02
 13 -0.01878 -1.98015e+02 | 14 -0.01441  1.11940e+02 | 15 -0.01626  1.42323e+02
 16  0.12232  2.46361e+02 | 17  0.03628  4.99369e+02 | 18 -0.01682  3.94817e+02
 19 -0.02670  3.03078e+02 | 20 -0.00611  5.99743e+02 | 21 -0.05743  3.71810e+02
 22 -0.00052  7.15792e+02 | 23 -0.07696  3.36057e+02 | 24 -0.02156  1.05668e+03
 25 -0.03003  9.02706e+02 | 26 -0.02751  1.04831e+03 | 27 -0.05756  1.18266e+03
 28 -0.02922  1.39015e+03 | 29 -0.03722  1.26486e+03 | 30 -0.05064  1.79781e+03
 31 -0.05763  2.02843e+03 | 32 -0.02531  2.03701e+03 | 33 -0.03175  2.07649e+03
 34 -0.02765  2.25521e+03 | 35 -0.02056  2.67354e+03 | 36 -0.03161  2.75043e+03
 37 -0.02088  2.77855e+03 | 38 -0.00806  2.91410e+03 | 39  0.00177  3.49503e+03
 40  0.01002  1.91503e+03 | 41  0.01873  2.81593e+03 | 42  0.02914  3.57447e+03
 43  0.03393  5.01984e+03 | 44  0.03460 -2.92817e+03 | 45  0.01425  2.10739e+03
 46  0.00907  2.11397e+03 | 47 -0.01154  8.56120e+02 | 48 -0.02769  1.41946e+03
 49  0.02370 -4.06181e+03 | 50  0.00040 -9.27126e+02 | 51 -0.00587 -9.07378e+02
 52  0.01184 -1.27744e+03 | 53 -0.02500 -5.97896e+02 | 54  0.04247 -3.62798e+03
 55 -0.02320 -3.09012e+03 | 56 -0.00874 -7.28760e+02 | 57 -0.09079 -2.19741e+03
 58  0.06830 -4.16351e+03 | 59 -0.01992 -2.07219e+03 | 60  0.04516 -2.26663e+03
 61 -0.01493 -2.44806e+03 | 62  0.03547 -2.85404e+03 | 63  0.05701 -3.05359e+03
 64 -0.08435 -2.48150e+03 | 65 -0.00836 -2.31307e+03 | 66  0.01077 -2.29580e+03
 67  0.03474 -2.17774e+03 | 68 -0.02095 -1.59624e+03 | 69  0.03509 -1.09735e+03
 70  0.03324 -1.51690e+03 | 71  0.20527 -5.26845e+02 | 72  0.00763 -8.88297e+02
 73  0.04829 -8.75748e+02 | 74 -0.63019 -2.86061e+02 | 75 -0.25981  1.11745e+02
 76 -0.94991 -5.38548e+00 | 77 -0.76706  5.81447e+01 | 78 -0.45510  1.98041e+02
 79 -1.13840 -1.22274e+01 | 80 -1.01717 -4.05202e-01 | 81 -0.94044 -9.87506e+00
 82 -0.73491  7.73153e+01 | 83 -0.26264  2.26684e+02 | 84 -0.97353 -3.41646e+00
 85 -0.94173 -1.73869e+00 | 86 -0.99888  8.86519e-02 | 87 -0.76583  2.08426e+01
 88 -0.51766  1.07560e+02 | 89 -0.94990 -7.44746e+00 | 90 -0.95185 -1.40213e+01
 91 -0.64151 -2.09735e+01 | 92 -0.51825  5.01016e+01 | 93 -1.33256 -5.94407e+01
 94  0.19543  5.28669e-04 | 95  0.39219  8.40295e-05 | 96  0.46447  8.05644e-06
 97  0.44582  1.68346e-04 |
Maximum number of function evaluations exceeded

 - final statistics:
97 variables; iteration 75; function evaluation 100
Function value 1.5062e+04; maximum gradient component mag 5.2335e+04
Exit code = 3;  converg criter 1.0000e+00
Var    Value     Gradient |Var    Value     Gradient |Var    Value     Gradient
  1 -0.01683  5.23355e+04 |  2  0.17378  1.24245e+02 |  3  0.13615  9.31672e+01
  4  0.09296  1.31550e+02 |  5 -0.00017  6.70794e+01 |  6  0.09890  8.53880e+01
  7  0.13122  3.45322e+02 |  8  0.04496  2.79489e+02 |  9  0.03422  1.96989e+02
 10  0.01522 -1.63324e+02 | 11  0.08073 -5.87517e+02 | 12  0.03357  3.35401e+02
 13 -0.01130  2.38071e+02 | 14 -0.02723  3.90512e+02 | 15 -0.02139  4.59134e+02
 16  0.11880  5.84386e+01 | 17  0.00894  4.10401e+02 | 18 -0.02610  5.50874e+02
 19 -0.03727  4.16106e+02 | 20  0.00715  8.47598e+02 | 21 -0.05295  5.90720e+02
 22 -0.01601  4.29745e+02 | 23 -0.06435  6.24212e+02 | 24 -0.04385  6.85533e+02
 25 -0.02869  7.76525e+02 | 26 -0.03038  7.97149e+02 | 27 -0.03610  1.34807e+03
 28 -0.02651  1.05428e+03 | 29 -0.03319  8.96745e+02 | 30 -0.04332  1.54212e+03
 31 -0.05608  1.68596e+03 | 32 -0.02780  1.33633e+03 | 33 -0.02382  1.63678e+03
 34 -0.02569  1.59319e+03 | 35 -0.02103  1.86572e+03 | 36 -0.01645  2.43453e+03
 37 -0.03367  1.91681e+03 | 38 -0.01391  2.09231e+03 | 39 -0.01235  2.56206e+03
 40  0.01493  1.41057e+03 | 41  0.01119  1.93682e+03 | 42  0.02803  2.70726e+03
 43  0.02674  3.90368e+03 | 44  0.03504 -3.69222e+03 | 45  0.01017  1.44792e+03
 46  0.00554  1.24310e+03 | 47 -0.01300  4.44014e+02 | 48 -0.01296  1.79167e+03
 49  0.02657 -4.28222e+03 | 50 -0.00441 -1.12933e+03 | 51 -0.00451 -8.38307e+02
 52  0.01128 -1.32408e+03 | 53 -0.02204 -4.32142e+02 | 54  0.04747 -3.42693e+03
 55 -0.02717 -2.93541e+03 | 56 -0.00910 -4.08570e+02 | 57 -0.09237 -1.76623e+03
 58  0.07139 -3.68865e+03 | 59 -0.01420 -1.45932e+03 | 60  0.04919 -1.63361e+03
 61 -0.01013 -1.71932e+03 | 62  0.04075 -2.14624e+03 | 63  0.06068 -2.35418e+03
 64 -0.09459 -2.02306e+03 | 65 -0.00438 -1.50879e+03 | 66  0.01136 -1.66917e+03
 67  0.03971 -1.40956e+03 | 68 -0.03288 -1.32119e+03 | 69  0.02768 -7.10395e+02
 70  0.04014 -7.43781e+02 | 71  0.22917  4.28925e+02 | 72  0.04119  2.37885e+01
 73  0.03501 -5.04279e+02 | 74 -0.67891 -2.12850e+02 | 75 -0.18391  2.61986e+02
 76 -0.74015  5.49043e+01 | 77 -0.81567  6.64530e+01 | 78 -0.51807  1.60328e+02
 79 -0.98952  9.12970e-01 | 80 -1.00110 -4.64789e-02 | 81 -0.78136  5.13317e+01
 82 -0.80887  2.33186e+01 | 83 -0.28562  2.05263e+02 | 84 -0.88552 -1.76227e+01
 85 -0.74151  9.53446e-01 | 86 -0.99176  5.15573e-01 | 87 -0.78158  1.75914e+01
 88 -0.61208  4.00533e+01 | 89 -0.77135 -2.48128e+01 | 90 -0.64851 -3.52099e+01
 91 -0.71895 -3.65041e+01 | 92 -0.58366  7.48254e+00 | 93 -1.26238  3.00280e+01
 94  0.19537  6.42960e-04 | 95  0.39218  2.05610e-04 | 96  0.46447  4.87793e-06
 97  0.44579  1.79154e-04 |

Initial statistics: 115 variables; iteration 0; function evaluation 0; phase 4
Function value 1.5061880e+04; maximum gradient component mag 1.8340e+05
Var    Value     Gradient |Var    Value     Gradient |Var    Value     Gradient
  1 -0.01683  5.23355e+04 |  2  0.17378  1.24245e+02 |  3  0.13615  9.31672e+01
  4  0.09296  1.31550e+02 |  5 -0.00017  6.70794e+01 |  6  0.09890  8.53880e+01
  7  0.13122  3.45322e+02 |  8  0.04496  2.79489e+02 |  9  0.03422  1.96989e+02
 10  0.01442 -1.78763e+02 | 11  0.07992 -6.02928e+02 | 12  0.03276  3.20005e+02
 13 -0.01210  2.22630e+02 | 14 -0.02803  3.75067e+02 | 15 -0.02219  4.43685e+02
 16  0.11799  4.32789e+01 | 17  0.00814  3.94971e+02 | 18 -0.02690  5.35420e+02
 19 -0.03808  4.00664e+02 | 20  0.00635  8.32172e+02 | 21 -0.05375  5.75275e+02
 22 -0.01681  4.14298e+02 | 23 -0.06516  6.08774e+02 | 24 -0.04465  6.70073e+02
 25 -0.02949  7.61059e+02 | 26 -0.03118  7.81681e+02 | 27 -0.03690  1.33256e+03
 28 -0.02731  1.03880e+03 | 29 -0.03399  8.81269e+02 | 30 -0.04412  1.52659e+03
 31 -0.05689  1.67039e+03 | 32 -0.02860  1.32083e+03 | 33 -0.02462  1.62128e+03
 34 -0.02649  1.57768e+03 | 35 -0.02184  1.85021e+03 | 36 -0.01725  2.41902e+03
 37 -0.03447  1.90127e+03 | 38 -0.01471  2.07682e+03 | 39 -0.01315  2.54656e+03
 40  0.01413  1.39518e+03 | 41  0.01039  1.92143e+03 | 42  0.02723  2.69199e+03
 43  0.02594  3.88846e+03 | 44  0.03424 -3.70789e+03 | 45  0.00937  1.43251e+03
 46  0.00474  1.22767e+03 | 47 -0.01380  4.28568e+02 | 48 -0.01376  1.77619e+03
 49  0.02576 -4.29787e+03 | 50 -0.00521 -1.14476e+03 | 51 -0.00531 -8.53737e+02
 52  0.01048 -1.33955e+03 | 53 -0.02284 -4.47551e+02 | 54  0.04666 -3.44265e+03
 55 -0.02797 -2.95068e+03 | 56 -0.00990 -4.23999e+02 | 57 -0.09318 -1.78118e+03
 58  0.07059 -3.70452e+03 | 59 -0.01500 -1.47472e+03 | 60  0.04839 -1.64917e+03
 61 -0.01094 -1.73472e+03 | 62  0.03994 -2.16182e+03 | 63  0.05988 -2.36983e+03
 64 -0.09540 -2.03794e+03 | 65 -0.00518 -1.52422e+03 | 66  0.01056 -1.68464e+03
 67  0.03891 -1.42508e+03 | 68 -0.03369 -1.33652e+03 | 69  0.02688 -7.25858e+02
 70  0.03934 -7.59248e+02 | 71  0.22831  4.14686e+02 | 72  0.04039  8.38332e+00
 73  0.03420 -5.19729e+02 | 74 -0.67891 -2.12850e+02 | 75 -0.18391  2.61986e+02
 76 -0.74015  5.49043e+01 | 77 -0.81567  6.64530e+01 | 78 -0.51807  1.60328e+02
 79 -0.98952  9.12970e-01 | 80 -0.99890  4.64789e-02 | 81 -0.78136  5.13317e+01
 82 -0.80887  2.33186e+01 | 83 -0.28562  2.05263e+02 | 84 -0.88552 -1.76227e+01
 85 -0.74151  9.53446e-01 | 86 -0.99176  5.15573e-01 | 87 -0.78158  1.75914e+01
 88 -0.61208  4.00533e+01 | 89 -0.77135 -2.48128e+01 | 90 -0.64851 -3.52099e+01
 91 -0.71895 -3.65041e+01 | 92 -0.58366  7.48254e+00 | 93 -0.73762 -3.00280e+01
 94  0.19537  6.42960e-04 | 95  0.39218  2.05610e-04 | 96  0.46447  4.87793e-06
 97  0.44579  1.79154e-04 | 98  0.24186 -1.86120e+04 | 99  0.18288 -3.55980e+04
100  0.16086 -2.10401e+04 |101  0.02547 -8.18292e+04 |102 -0.18256 -1.58570e+04
103 -0.12819 -6.42309e+03 |104 -0.18256 -4.58805e+03 |105  0.02547  1.83396e+05
106  0.19397  8.39094e+04 |107  0.04247  9.69292e+04 |108  0.17736  3.95830e+04
109  0.16635  1.91856e+04 |110  0.02547 -2.01326e+04 |111 -0.12819 -6.73691e+03
112 -0.26198 -2.35343e+03 |113 -0.15617 -1.14733e+03 |114 -0.17499 -1.44566e+03
115 -0.18446 -1.98126e+03 |

Intermediate statistics: 115 variables; iteration 20; function evaluation 28; phase 4
Function value 8.2564430e+03; maximum gradient component mag 1.4220e+05
Var    Value     Gradient |Var    Value     Gradient |Var    Value     Gradient
  1 -0.01365  5.59988e+04 |  2  0.16009  6.10840e+01 |  3  0.13455  3.72005e+01
  4  0.07486  7.17344e+01 |  5 -0.00775  4.52277e+01 |  6  0.11486  7.00820e+01
  7  0.09304  1.24655e+02 |  8  0.01078  6.89952e+01 |  9  0.04020  5.19019e+01
 10  0.06844 -1.33474e+02 | 11  0.21234  1.12176e+02 | 12  0.00428 -5.97101e+01
 13 -0.01088 -1.09615e+02 | 14 -0.06425 -7.69540e+01 | 15 -0.06570 -6.23794e+01
 16  0.21195  1.36308e+02 | 17  0.02961 -1.48483e+01 | 18 -0.03103 -2.16229e+01
 19 -0.00040 -1.51144e+01 | 20  0.04256  1.15483e+02 | 21 -0.03199  2.31934e+00
 22  0.07627  2.28485e+02 | 23 -0.03332  5.50179e+01 | 24  0.01833  1.80842e+02
 25  0.04063  3.22944e+02 | 26  0.04712  4.35625e+02 | 27 -0.02637  3.47336e+02
 28  0.04120  5.87976e+02 | 29  0.05086  7.57776e+02 | 30 -0.02486  6.14917e+02
 31 -0.06893  5.58531e+02 | 32  0.03524  1.09935e+03 | 33  0.01228  1.08798e+03
 34  0.01255  1.24392e+03 | 35  0.00729  1.48240e+03 | 36 -0.03385  1.27629e+03
 37 -0.04518  1.27014e+03 | 38 -0.00035  2.06665e+03 | 39 -0.05317  1.66575e+03
 40  0.04195  2.69331e+03 | 41 -0.04887  1.50572e+03 | 42 -0.00015  2.25614e+03
 43 -0.07393  1.41452e+03 | 44  0.09467  3.13741e+03 | 45 -0.08087  6.81667e+02
 46 -0.08990  3.88383e+02 | 47 -0.04331  1.10905e+03 | 48 -0.11237  2.73656e+02
 49  0.08104  9.87539e+02 | 50 -0.00360  4.14174e+02 | 51 -0.02595 -1.72165e+02
 52  0.00818  3.06233e+02 | 53 -0.06229 -7.94089e+02 | 54  0.05963 -5.56998e+02
 55 -0.01314 -6.66143e+02 | 56 -0.05159 -1.00125e+03 | 57 -0.07736 -9.16048e+02
 58  0.05533 -2.42570e+03 | 59 -0.04428 -1.26063e+03 | 60  0.01386 -1.71917e+03
 61 -0.01920 -1.45044e+03 | 62  0.04223 -1.91708e+03 | 63  0.04775 -2.91634e+03
 64 -0.05528 -1.07261e+03 | 65 -0.02349 -1.74253e+03 | 66  0.00104 -2.36736e+03
 67 -0.00147 -2.20759e+03 | 68 -0.04906 -1.42728e+03 | 69  0.00723 -8.52768e+02
 70 -0.00010 -1.24629e+03 | 71  0.15009 -1.40370e+03 | 72 -0.07259 -9.77218e+02
 73 -0.06155 -1.13834e+03 | 74 -0.61743 -5.15832e+01 | 75 -0.25627  3.03050e+02
 76 -0.73922 -1.82515e+01 | 77 -0.80826 -1.64145e+01 | 78 -0.55132  1.38093e+02
 79 -0.98889 -1.49538e+00 | 80 -0.99884 -2.66024e-01 | 81 -0.78075  1.11829e+02
 82 -0.79700  2.74087e+01 | 83 -0.35630  3.39719e+02 | 84 -0.87896  6.46892e+00
 85 -0.74709  9.81553e+01 | 86 -0.99099  1.30207e+00 | 87 -0.77838  4.00656e+01
 88 -0.65449  1.95721e+02 | 89 -0.76899  6.02155e+01 | 90 -0.65337  1.03583e+02
 91 -0.71309 -4.03401e-01 | 92 -0.61704  9.04562e+01 | 93 -0.75225  2.13731e+01
 94  0.19537  3.47412e-04 | 95  0.39218 -6.25165e-04 | 96  0.46447  2.77131e-03
 97  0.44579  1.15103e-03 | 98  0.36147 -6.87903e+02 | 99  0.21699 -3.85462e+03
100  0.15950  2.04571e+02 |101  0.03935 -4.46706e+04 |102 -0.16973 -6.35513e+03
103 -0.14828 -6.68146e+02 |104 -0.16585 -9.93638e+02 |105  0.01596  1.42205e+05
106  0.19353  6.46051e+04 |107  0.01679  6.27821e+04 |108  0.17555  2.60321e+04
109  0.14392  1.21794e+04 |110  0.05998 -5.43734e+03 |111 -0.07893 -3.21677e+03
112 -0.31814 -3.29083e+03 |113 -0.22304 -2.66188e+03 |114 -0.13677 -2.64537e+03
115 -0.15178 -3.10748e+03 |
115 variables; iteration 40; function evaluation 49; phase 4
Function value 8.1197659e+03; maximum gradient component mag 1.4121e+05
Var    Value     Gradient |Var    Value     Gradient |Var    Value     Gradient
  1 -0.01410  5.88213e+04 |  2  0.18209  2.54623e+01 |  3  0.23188  5.37370e+01
  4  0.04334  2.46392e+01 |  5 -0.02794  1.71984e+01 |  6  0.15341  1.20533e+02
  7  0.07727  5.88388e+01 |  8 -0.02365 -1.19862e+01 |  9  0.03927  5.46728e+01
 10  0.09226 -1.03388e+02 | 11  0.20959 -3.53216e+01 | 12 -0.00601 -1.72760e+02
 13  0.00863 -1.18784e+02 | 14 -0.07486 -1.82153e+02 | 15 -0.08950 -2.00719e+02
 16  0.21845  7.09952e+01 | 17  0.04323 -5.67281e+01 | 18 -0.02210 -8.46265e+01
 19  0.01585 -3.01147e+01 | 20  0.05177  7.15321e+01 | 21 -0.01830 -3.43090e+01
 22  0.07727  1.05662e+02 | 23 -0.02385  6.40093e+00 | 24  0.02381  1.25396e+02
 25  0.03982  2.08874e+02 | 26  0.03939  2.51478e+02 | 27 -0.03147  2.25952e+02
 28  0.02738  3.19816e+02 | 29  0.03142  3.68199e+02 | 30 -0.03644  4.05577e+02
 31 -0.07923  3.89063e+02 | 32  0.03220  8.84865e+02 | 33  0.01136  8.97151e+02
 34  0.01713  1.11173e+03 | 35  0.01471  1.38030e+03 | 36 -0.01860  1.30543e+03
 37 -0.02667  1.34435e+03 | 38  0.00448  1.86621e+03 | 39 -0.04200  1.62191e+03
 40  0.04186  2.35563e+03 | 41 -0.04750  1.35441e+03 | 42  0.00219  2.13009e+03
 43 -0.08159  1.09443e+03 | 44  0.09876  3.45233e+03 | 45 -0.08127  6.44207e+02
 46 -0.08958  3.81126e+02 | 47 -0.05171  8.84251e+02 | 48 -0.10299  5.23674e+02
 49  0.07585  9.27353e+02 | 50 -0.00014  7.24039e+02 | 51 -0.01675  3.61280e+02
 52  0.00246  2.93763e+02 | 53 -0.06024 -6.17206e+02 | 54  0.06333 -1.40424e+02
 55 -0.00551 -4.46217e+02 | 56 -0.05878 -7.44020e+02 | 57 -0.09510 -1.05823e+03
 58  0.05644 -1.91113e+03 | 59 -0.05520 -1.17843e+03 | 60  0.00235 -1.67847e+03
 61 -0.03039 -1.55044e+03 | 62  0.03761 -1.64232e+03 | 63  0.04891 -2.64834e+03
 64 -0.07346 -1.11944e+03 | 65 -0.02754 -1.54258e+03 | 66 -0.00211 -2.04264e+03
 67 -0.00634 -1.97501e+03 | 68 -0.05013 -1.31740e+03 | 69  0.00201 -1.04653e+03
 70  0.00021 -1.28839e+03 | 71  0.15604 -9.42719e+02 | 72 -0.07031 -1.05749e+03
 73 -0.06951 -1.24214e+03 | 74 -0.43783  9.56222e+01 | 75 -0.59975  1.35191e+01
 76 -0.76999  3.75258e+01 | 77 -0.62722  8.86070e+01 | 78 -0.73438  2.48733e+01
 79 -0.95207 -2.29434e+01 | 80 -0.99418 -4.07471e+00 | 81 -0.83440  1.03148e+02
 82 -0.81205  8.61495e+01 | 83 -0.70933  5.27929e+01 | 84 -0.80880  4.69291e+01
 85 -0.82763  6.58666e+01 | 86 -0.97679  4.90118e-01 | 87 -0.78681  5.84289e+01
 88 -0.86718  4.13369e+00 | 89 -0.82054  3.02200e+01 | 90 -0.77858  2.96533e+01
 91 -0.78942 -1.97481e+00 | 92 -0.80680 -4.49641e+01 | 93 -0.84879 -3.43148e+01
 94  0.12559  4.89843e+01 | 95  0.37179  1.42452e+01 | 96  0.41521  3.58391e+01
 97  0.42417  1.54825e+01 | 98  0.37075 -5.48264e+02 | 99  0.21503 -3.96199e+03
100  0.15704 -1.14740e+02 |101  0.03802 -4.65352e+04 |102 -0.16825 -6.39727e+03
103 -0.14843 -7.67712e+02 |104 -0.18102 -1.23175e+03 |105  0.01547  1.41210e+05
106  0.19332  6.47445e+04 |107  0.01754  6.34152e+04 |108  0.16924  2.53659e+04
109  0.13875  1.20172e+04 |110  0.06556 -5.04527e+03 |111 -0.09048 -3.44648e+03
112 -0.33345 -3.25605e+03 |113 -0.20805 -1.80980e+03 |114 -0.19099 -1.49853e+03
115 -0.15453 -1.56742e+03 |
115 variables; iteration 60; function evaluation 72; phase 4
Function value 6.6421066e+03; maximum gradient component mag 1.1611e+05
Var    Value     Gradient |Var    Value     Gradient |Var    Value     Gradient
  1 -0.02004  1.16107e+05 |  2  2.56615  6.66937e+01 |  3  0.28826 -1.48699e+01
  4  1.13862 -2.64286e+02 |  5  0.66768  7.70270e+02 |  6  0.25642  1.28605e+02
  7  0.20547  6.85674e+01 |  8  0.05578 -3.99951e+01 |  9  0.05792 -1.54630e+02
 10  0.00122 -1.17633e+03 | 11  0.21096 -1.06992e+03 | 12 -0.00622 -8.85266e+02
 13 -0.06513 -1.01536e+03 | 14 -0.08815 -8.81700e+02 | 15 -0.09157 -8.46447e+02
 16  0.20806 -7.43254e+02 | 17  0.02667 -7.49296e+02 | 18 -0.04725 -7.85445e+02
 19 -0.06077 -9.89289e+02 | 20  0.00226 -8.69055e+02 | 21 -0.03204 -6.79969e+02
 22  0.03825 -7.94527e+02 | 23 -0.08378 -8.37873e+02 | 24  0.00117 -5.88254e+02
 25  0.01567 -5.61623e+02 | 26  0.03718 -3.46945e+02 | 27 -0.02842 -3.60078e+02
 28  0.04086 -1.15436e+02 | 29  0.08329  5.50681e+02 | 30 -0.02378 -1.13621e+02
 31 -0.04336  4.73839e+01 | 32  0.05606  7.29334e+02 | 33  0.03911  7.71248e+02
 34  0.02846  7.66695e+02 | 35  0.03071  1.19123e+03 | 36 -0.02238  7.09074e+02
 37 -0.01378  1.09955e+03 | 38  0.05456  3.04924e+03 | 39 -0.01813  1.68314e+03
 40  0.04789  2.29595e+03 | 41 -0.03283  1.33948e+03 | 42  0.00567  2.18511e+03
 43 -0.09176  5.20710e+02 | 44  0.10815  5.65901e+03 | 45 -0.02855  2.68651e+03
 46 -0.10904 -1.25805e+02 | 47 -0.06585  5.06381e+02 | 48 -0.09630  7.06127e+02
 49  0.07720  3.05742e+03 | 50 -0.00949  9.80221e+02 | 51 -0.02356  5.11125e+02
 52  0.01916  1.73197e+03 | 53 -0.02463  8.11064e+02 | 54  0.07724  1.98004e+03
 55 -0.01551 -2.66906e+02 | 56 -0.05493 -3.64907e+02 | 57 -0.06384 -8.34886e+00
 58  0.07128  4.61745e+02 | 59 -0.03276 -2.43015e+02 | 60 -0.00326 -1.49394e+03
 61 -0.01686 -9.68456e+02 | 62  0.04690 -1.16328e+03 | 63  0.06855 -1.46042e+03
 64 -0.01294  2.41503e+02 | 65 -0.01117 -1.37822e+03 | 66  0.01757 -1.55577e+03
 67 -0.00993 -2.03065e+03 | 68 -0.07863 -2.24766e+03 | 69 -0.00728 -1.68967e+03
 70 -0.02266 -2.23068e+03 | 71  0.15077 -1.32120e+03 | 72 -0.10101 -1.85102e+03
 73 -0.01181 -1.23913e+03 | 74  1.65874  3.98985e+02 | 75 -0.57256 -4.92796e+02
 76 -0.79798 -3.64917e+02 | 77 -0.65549 -4.24166e+02 | 78 -0.71916 -2.19047e+02
 79 -0.72831 -1.63005e+02 | 80 -0.91931 -1.53135e+02 | 81 -0.80935 -2.60554e+01
 82 -0.81644 -1.03904e+02 | 83 -0.55429 -1.68594e+01 | 84 -0.85718 -8.97831e+01
 85 -0.79063 -7.34838e+01 | 86 -0.95593 -3.75243e+01 | 87 -0.82647 -8.03162e+01
 88 -0.70761  1.59403e+02 | 89 -0.89403 -6.31507e+01 | 90 -0.80269 -3.82776e+01
 91 -0.76481  3.03706e+01 | 92 -0.73050  5.55932e+01 | 93 -0.83389  1.93301e+00
 94 -0.04627 -2.55795e-02 | 95  0.33746  2.16010e-02 | 96  0.36844  5.66431e-02
 97  0.40371  4.77932e-03 | 98  0.34666 -1.34996e+03 | 99  0.22983 -3.46165e+03
100  0.13462 -8.14383e+03 |101  0.05459 -2.22998e+04 |102 -0.15391 -1.48225e+03
103 -0.19389  5.29852e+02 |104 -0.13070  2.06051e+03 |105  0.00863  9.53568e+04
106  0.18474  4.49887e+04 |107  0.01978  4.75516e+04 |108  0.16145  1.82744e+04
109  0.12734  8.96216e+03 |110  0.07349 -2.76302e+03 |111 -0.05569 -7.32623e+02
112 -0.33839  1.43942e+03 |113 -0.17576  2.81731e+03 |114 -0.25483  2.13250e+02
115 -0.12046  3.02814e+02 |
115 variables; iteration 80; function evaluation 95; phase 4
Function value 5.2619588e+03; maximum gradient component mag 3.7663e+04
Var    Value     Gradient |Var    Value     Gradient |Var    Value     Gradient
  1 -0.02474  4.57260e+03 |  2  4.41352  4.89814e+01 |  3  0.28406  7.82080e+01
  4  1.63839 -2.69239e+02 |  5 -0.67631 -5.75531e+01 |  6  0.18682 -2.35714e+01
  7  0.14405  1.37119e+02 |  8 -0.06405 -5.83410e+01 |  9  0.08358  1.42664e+02
 10 -0.06908 -1.04972e+02 | 11  0.13798 -4.31090e+02 | 12 -0.12696  3.81590e+01
 13 -0.12454 -6.39628e+00 | 14 -0.18701  8.29259e+01 | 15 -0.16833  1.27934e+02
 16  0.22268  2.44325e+02 | 17 -0.02519  8.15387e+01 | 18 -0.08092  1.32238e+02
 19 -0.05013  9.86370e+01 | 20  0.02107  2.67029e+02 | 21 -0.07305  1.61100e+02
 22  0.05374  1.65703e+02 | 23 -0.03858  2.82192e+02 | 24  0.00221  2.13369e+02
 25  0.04585  2.96341e+02 | 26  0.05231  2.62058e+02 | 27  0.01934  5.58900e+02
 28  0.08390  5.21975e+02 | 29  0.11788  7.36257e+02 | 30  0.02327  6.16656e+02
 31 -0.04095  5.48633e+02 | 32  0.09031  7.44733e+02 | 33  0.01754  3.50554e+02
 34  0.06654  7.48912e+02 | 35 -0.04969  3.00702e+01 | 36  0.00864  7.85165e+02
 37  0.00066  8.20908e+02 | 38  0.08091  1.67060e+03 | 39 -0.04182  7.40153e+02
 40  0.04873  1.61925e+02 | 41 -0.00617  8.27823e+02 | 42 -0.00372  3.25652e+02
 43 -0.08299  5.21217e+02 | 44  0.11399 -8.21784e+01 | 45 -0.03244  1.11581e+03
 46 -0.09685 -3.11547e+02 | 47 -0.07782 -7.56668e+02 | 48 -0.10119  2.46495e+02
 49  0.09127  1.09959e+02 | 50 -0.01754 -3.72184e+02 | 51 -0.02262 -2.35271e+02
 52 -0.00700 -6.77777e+02 | 53 -0.03369  8.00331e+01 | 54  0.08650  4.69514e+02
 55  0.01578  1.99593e+02 | 56 -0.04971 -5.69499e+02 | 57 -0.03782  3.65747e+02
 58  0.07863 -1.12769e+03 | 59 -0.01926  4.30200e+02 | 60 -0.01761 -1.86382e+03
 61 -0.02664 -1.19454e+03 | 62  0.03560 -2.39223e+03 | 63  0.07413 -2.14461e+03
 64  0.00894  1.13059e+03 | 65 -0.00448 -7.92387e+02 | 66  0.00556 -2.02299e+03
 67 -0.02453 -2.13039e+03 | 68 -0.08561 -1.53037e+03 | 69  0.00854  1.22303e+01
 70  0.01033 -9.48472e+01 | 71  0.16898 -5.59288e+02 | 72 -0.05375 -2.37755e+02
 73 -0.03843 -1.27874e+02 | 74  2.07631 -1.69407e+01 | 75 -0.48633  2.65113e+02
 76 -0.75020  9.99705e+01 | 77 -0.80516 -3.00238e+01 | 78 -0.74991  3.19276e+01
 79 -0.57772  5.62672e+02 | 80 -0.90016 -2.95288e+01 | 81 -0.88279 -2.30240e+01
 82 -0.77165  2.10252e+02 | 83 -0.45093  4.97575e+02 | 84 -1.16792 -1.36835e+02
 85 -0.76595  2.44620e+02 | 86 -0.88434  2.42969e+01 | 87 -0.99434  3.93416e-03
 88 -0.71967  2.76710e+02 | 89 -0.86454  5.54686e+01 | 90 -0.73042  1.70937e+02
 91 -0.80510 -3.27903e+00 | 92 -0.71214  1.12157e+02 | 93 -1.16306 -6.14065e+00
 94  0.28900  4.93975e+01 | 95  0.48964  9.39155e+00 | 96  0.87328  8.29077e+00
 97  0.55073  1.51694e+01 | 98  0.36329 -7.50309e+02 | 99  0.22196 -6.20429e+03
100  0.13486 -1.18990e+04 |101  0.06840 -1.03118e+04 |102 -0.14685  1.64212e+02
103 -0.21519 -2.87042e+02 |104 -0.12211  1.82858e+03 |105  0.00024  3.76626e+04
106  0.17956  2.26112e+04 |107  0.01648  2.75540e+04 |108  0.15439  9.97161e+03
109  0.12247  5.28328e+03 |110  0.07776 -2.36415e+03 |111 -0.04565 -2.12182e+03
112 -0.33347 -5.50203e+03 |113 -0.18247 -5.08765e+03 |114 -0.27297 -5.31726e+03
115 -0.09371 -6.02119e+03 |
Maximum number of function evaluations exceeded

 - final statistics:
115 variables; iteration 86; function evaluation 100
Function value 5.1302e+03; maximum gradient component mag 3.0525e+04
Exit code = 3;  converg criter 1.0000e+00
Var    Value     Gradient |Var    Value     Gradient |Var    Value     Gradient
  1 -0.02649 -7.24091e+03 |  2  4.69842  2.03995e+01 |  3  0.36014  6.34109e+01
  4  1.48091 -2.36370e+02 |  5 -0.41999 -6.54719e+01 |  6  0.23092 -6.32938e+01
  7  0.13747  5.69159e+00 |  8 -0.09579 -9.44908e+01 |  9  0.10752  2.95257e+02
 10  0.01298  1.50109e+02 | 11  0.12524 -4.08837e+02 | 12 -0.19217  1.08062e+02
 13 -0.08078  1.86385e+02 | 14 -0.22218  1.59393e+02 | 15 -0.22840  1.72991e+02
 16  0.22602  3.72347e+02 | 17  0.00121  2.53808e+02 | 18 -0.09014  2.25570e+02
 19 -0.05837  1.72640e+02 | 20 -0.00424  2.06630e+02 | 21 -0.09102  2.11404e+02
 22  0.06383  2.95579e+02 | 23 -0.00936  4.90902e+02 | 24  0.03829  4.56695e+02
 25  0.03962  2.98474e+02 | 26  0.09157  5.98416e+02 | 27  0.00168  5.37648e+02
 28  0.06853  4.15368e+02 | 29  0.11752  7.30819e+02 | 30  0.05003  8.57454e+02
 31 -0.07420  4.83287e+02 | 32  0.08239  6.09642e+02 | 33  0.03413  4.67189e+02
 34  0.04787  5.24222e+02 | 35 -0.03665  1.01649e+02 | 36 -0.00728  6.25691e+02
 37  0.00249  7.66821e+02 | 38  0.07315  1.26667e+03 | 39 -0.03933  6.92826e+02
 40  0.05383 -5.33829e+01 | 41  0.01041  8.51805e+02 | 42 -0.00999 -4.82891e+01
 43 -0.09345  2.90898e+02 | 44  0.11678 -8.86030e+02 | 45 -0.03272  8.64522e+02
 46 -0.10096 -4.81748e+02 | 47 -0.06491 -5.79671e+02 | 48 -0.09371  3.20084e+02
 49  0.09879 -1.95794e+02 | 50 -0.00542 -2.86073e+02 | 51 -0.00870 -1.29542e+02
 52 -0.00450 -7.16222e+02 | 53 -0.02296  3.62668e+02 | 54  0.08418 -1.30292e+02
 55  0.01772 -4.78886e+01 | 56 -0.05868 -6.51394e+02 | 57 -0.04413  1.47363e+02
 58  0.07403 -1.69528e+03 | 59 -0.02404  3.19405e+02 | 60 -0.01885 -1.90952e+03
 61 -0.02677 -1.16606e+03 | 62  0.04224 -1.93391e+03 | 63  0.07775 -2.04179e+03
 64  0.00591  1.09281e+03 | 65 -0.00603 -6.71194e+02 | 66  0.01137 -1.55870e+03
 67 -0.01839 -1.69072e+03 | 68 -0.08063 -1.32616e+03 | 69  0.00349 -4.92134e+01
 70  0.01492  4.01737e+02 | 71  0.16181 -5.09348e+02 | 72 -0.05812 -7.59851e+01
 73 -0.06860 -2.02486e+02 | 74  1.66922 -1.72574e+01 | 75 -0.56348  2.09367e+02
 76 -0.76079  1.50038e+02 | 77 -0.79216  3.06288e+01 | 78 -0.72127  1.33416e+02
 79 -0.57390  6.95388e+02 | 80 -0.88481  1.29656e+01 | 81 -0.91664 -2.78635e+01
 82 -0.75064  3.29911e+02 | 83 -0.53913  3.61413e+02 | 84 -1.11143 -6.59183e+01
 85 -0.78339  2.17228e+02 | 86 -0.88502  3.02549e+01 | 87 -0.93759  5.73945e+00
 88 -0.74967  2.13484e+02 | 89 -0.84485  7.07580e+01 | 90 -0.68105  3.09728e+02
 91 -0.80907 -2.03824e+00 | 92 -0.71805  9.56911e+01 | 93 -1.19723 -1.07904e+02
 94 -0.16107 -5.79095e-02 | 95  0.52898  1.36426e-02 | 96  1.40611 -6.50991e-02
 97  0.44436  3.77293e-03 | 98  0.36191 -8.27067e+02 | 99  0.21843 -7.59650e+03
100  0.13872 -1.17501e+04 |101  0.06928 -9.94629e+03 |102 -0.15038 -2.98730e+02
103 -0.21419 -4.09031e+02 |104 -0.12114  1.63520e+03 |105 -0.00087  3.05250e+04
106  0.17906  2.00700e+04 |107  0.01404  2.50471e+04 |108  0.15625  9.48499e+03
109  0.12696  5.20459e+03 |110  0.07994 -2.24391e+03 |111 -0.05293 -2.02376e+03
112 -0.33390 -4.30691e+03 |113 -0.18285 -3.76096e+03 |114 -0.27147 -4.05798e+03
115 -0.09700 -4.58183e+03 |

Initial statistics: 321 variables; iteration 0; function evaluation 0; phase 5
Function value 5.1280165e+03; maximum gradient component mag -5.0145e+04
Var    Value     Gradient |Var    Value     Gradient |Var    Value     Gradient
  1 -0.02649 -7.24091e+03 |  2  0.69842  2.03995e+01 |  3  0.36014  6.34109e+01
  4  0.51909  2.36370e+02 |  5 -0.41999 -6.54719e+01 |  6  0.23092 -6.32938e+01
  7  0.13747  5.69159e+00 |  8 -0.09579 -9.44908e+01 |  9  0.10752  2.95257e+02
 10  0.01488  1.86692e+02 | 11  0.12718 -3.72713e+02 | 12 -0.19018  1.43147e+02
 13 -0.07887  2.22778e+02 | 14 -0.22016  1.94011e+02 | 15 -0.22638  2.07509e+02
 16  0.22804  4.06185e+02 | 17  0.00310  2.90408e+02 | 18 -0.08823  2.61917e+02
 19 -0.05647  2.09145e+02 | 20 -0.00234  2.43235e+02 | 21 -0.08910  2.47739e+02
 22  0.06574  3.31896e+02 | 23 -0.00746  5.27521e+02 | 24  0.04019  4.93140e+02
 25  0.04152  3.34942e+02 | 26  0.09349  6.34361e+02 | 27  0.00358  5.74243e+02
 28  0.07044  4.51610e+02 | 29  0.11945  7.66361e+02 | 30  0.05194  8.93729e+02
 31 -0.07229  5.19822e+02 | 32  0.08431  6.45683e+02 | 33  0.03603  5.03656e+02
 34  0.04978  5.60592e+02 | 35 -0.03475  1.38214e+02 | 36 -0.00538  6.62310e+02
 37  0.00439  8.03410e+02 | 38  0.07506  1.30258e+03 | 39 -0.03743  7.29490e+02
 40  0.05574 -1.69070e+01 | 41  0.01231  8.88355e+02 | 42 -0.00809 -1.16917e+01
 43 -0.09153  3.27251e+02 | 44  0.11871 -8.49559e+02 | 45 -0.03082  9.01210e+02
 46 -0.09904 -4.45819e+02 | 47 -0.06300 -5.43423e+02 | 48 -0.09179  3.56448e+02
 49  0.10072 -1.59555e+02 | 50 -0.00352 -2.49477e+02 | 51 -0.00680 -9.29463e+01
 52 -0.00260 -6.79632e+02 | 53 -0.02106  3.99288e+02 | 54  0.08610 -9.39709e+01
 55  0.01962 -1.12994e+01 | 56 -0.05678 -6.15114e+02 | 57 -0.04222  1.83914e+02
 58  0.07594 -1.65834e+03 | 59 -0.02214  3.56020e+02 | 60 -0.01695 -1.87310e+03
 61 -0.02487 -1.12962e+03 | 62  0.04415 -1.89700e+03 | 63  0.07966 -2.00471e+03
 64  0.00780  1.12938e+03 | 65 -0.00413 -6.34608e+02 | 66  0.01327 -1.52202e+03
 67 -0.01649 -1.65427e+03 | 68 -0.07871 -1.29034e+03 | 69  0.00539 -1.26113e+01
 70  0.01682  4.38297e+02 | 71  0.16377 -4.73540e+02 | 72 -0.05621 -3.95458e+01
 73 -0.06669 -1.66149e+02 | 74  0.33078  1.72574e+01 | 75 -0.56348  2.09367e+02
 76 -0.76079  1.50038e+02 | 77 -0.79216  3.06288e+01 | 78 -0.72127  1.33416e+02
 79 -0.57390  6.95388e+02 | 80 -0.88481  1.29656e+01 | 81 -0.91664 -2.78635e+01
 82 -0.75064  3.29911e+02 | 83 -0.53913  3.61413e+02 | 84 -0.88857  6.59183e+01
 85 -0.78339  2.17228e+02 | 86 -0.88502  3.02549e+01 | 87 -0.93759  5.73945e+00
 88 -0.74967  2.13484e+02 | 89 -0.84485  7.07580e+01 | 90 -0.68105  3.09728e+02
 91 -0.80907 -2.03824e+00 | 92 -0.71805  9.56911e+01 | 93 -0.80277  1.07904e+02
 94 -0.16107 -5.79095e-02 | 95  0.52898  1.36426e-02 | 96  0.59389  6.50991e-02
 97  0.44436  3.77293e-03 | 98  0.36191 -8.27067e+02 | 99  0.21843 -7.59650e+03
100  0.13872 -1.17501e+04 |101  0.06928 -9.94629e+03 |102 -0.15038 -2.98730e+02
103 -0.21419 -4.09031e+02 |104 -0.12114  1.63520e+03 |105 -0.00087  3.05250e+04
106  0.17906  2.00700e+04 |107  0.01404  2.50471e+04 |108  0.15625  9.48499e+03
109  0.12696  5.20459e+03 |110  0.07994 -2.24391e+03 |111 -0.05293 -2.02376e+03
112 -0.33390 -4.30691e+03 |113 -0.18285 -3.76096e+03 |114 -0.27147 -4.05798e+03
115 -0.09700 -4.58183e+03 |116  1.00000  4.33172e-08 |117  1.00000  4.33172e-08
118  0.00000 -4.08928e+03 |119  0.00000 -3.94358e+03 |120  0.00000 -3.88466e+03
121  0.00000 -3.75024e+03 |122  0.00000 -3.73935e+03 |123  0.00000 -3.71445e+03
124  0.00000 -3.70157e+03 |125  0.00000 -3.68527e+03 |126  0.00000 -2.86054e+03
127  0.00000 -2.80402e+03 |128  0.00000 -2.78780e+03 |129  0.00000 -2.73946e+03
130  0.00000 -2.70692e+03 |131  0.00000 -2.68446e+03 |132  0.00000 -2.64101e+03
133  0.00000 -2.58480e+03 |134  0.00000 -2.50289e+03 |135  0.00000 -2.46059e+03
136  0.00000 -2.29462e+03 |137  0.00000 -2.25012e+03 |138  0.00000 -2.26539e+03
139  0.00000 -2.28474e+03 |140  0.00000 -2.20288e+03 |141  0.00000 -2.17550e+03
142  0.00000 -2.14811e+03 |143  0.00000 -2.11065e+03 |144  0.00000 -2.24688e+03
145  0.00000 -2.21769e+03 |146  0.00000 -2.15781e+03 |147  0.00000 -2.08185e+03
148  0.00000 -1.96678e+03 |149  0.00000 -1.91758e+03 |150  0.00000 -1.77085e+03
151  0.00000 -1.68254e+03 |152  0.00000 -1.62936e+03 |153  0.00000 -1.59052e+03
154  0.00000 -1.25957e+03 |155  0.00000 -1.19375e+03 |156  0.00000 -1.17200e+03
157  0.00000 -1.34730e+03 |158  0.00000 -1.28022e+03 |159  0.00000 -9.57761e+02
160  0.00000 -8.29475e+02 |161  0.00000 -7.36490e+02 |162  0.00000 -7.05281e+02
163  0.00000 -6.86023e+02 |164  0.00000 -5.33736e+02 |165  0.00000 -4.78514e+02
166  0.00000 -4.30950e+02 |167  0.00000 -4.73712e+02 |168  0.00000 -9.00499e+02
169  0.00000 -8.62969e+02 |170  0.00000 -1.08370e+03 |171  0.00000 -1.21868e+03
172  0.00000 -9.80278e+02 |173  0.00000 -8.43633e+02 |174  0.00000 -8.71777e+02
175  0.00000 -8.16954e+02 |176  0.00000 -6.78972e+02 |177  0.00000 -5.65235e+02
178  0.00000 -5.23143e+02 |179  0.00000 -4.71452e+02 |180  0.00000 -4.18586e+02
181  0.00000 -3.32999e+01 |182  0.00000  3.35113e-01 |183  0.00000  3.34587e-01
184  0.00000  2.70996e-01 |185  0.00000 -8.66159e-03 |186  0.00000 -3.36112e+04
187  0.00000 -3.29418e+04 |188  0.00000 -3.12390e+04 |189  0.00000 -3.06947e+04
190  0.00000 -2.94786e+04 |191  0.00000 -2.93210e+04 |192  0.00000 -2.87275e+04
193  0.00000 -2.84863e+04 |194  0.00000 -2.72975e+04 |195  0.00000 -2.63449e+04
196  0.00000 -2.62419e+04 |197  0.00000 -2.59334e+04 |198  0.00000 -2.59535e+04
199  0.00000 -2.60046e+04 |200  0.00000 -2.56861e+04 |201  0.00000 -2.57674e+04
202  0.00000 -2.52150e+04 |203  0.00000 -2.47082e+04 |204  0.00000 -2.45231e+04
205  0.00000 -2.43828e+04 |206  0.00000 -2.37313e+04 |207  0.00000 -2.42687e+04
208  0.00000 -2.42276e+04 |209  0.00000 -2.37633e+04 |210  0.00000 -2.33398e+04
211  0.00000 -2.50546e+04 |212  0.00000 -2.59507e+04 |213  0.00000 -2.67292e+04
214  0.00000 -2.76035e+04 |215  0.00000 -2.74958e+04 |216  0.00000 -2.69983e+04
217  0.00000 -2.76464e+04 |218  0.00000 -2.77035e+04 |219  0.00000 -2.83399e+04
220  0.00000 -2.75186e+04 |221  0.00000 -2.62330e+04 |222  0.00000 -2.55910e+04
223  0.00000 -2.33480e+04 |224  0.00000 -2.29427e+04 |225  0.00000 -2.27312e+04
226  0.00000 -2.19488e+04 |227  0.00000 -2.07613e+04 |228  0.00000 -1.99423e+04
229  0.00000 -1.90708e+04 |230  0.00000 -1.79534e+04 |231  0.00000 -1.70219e+04
232  0.00000 -1.64639e+04 |233  0.00000 -1.53984e+04 |234  0.00000 -1.52807e+04
235  0.00000 -1.46686e+04 |236  0.00000 -1.45504e+04 |237  0.00000 -1.46460e+04
238  0.00000 -1.44645e+04 |239  0.00000 -1.40127e+04 |240  0.00000 -1.31052e+04
241  0.00000 -1.11489e+04 |242  0.00000 -9.16779e+03 |243  0.00000 -9.50364e+03
244  0.00000 -7.97901e+03 |245  0.00000 -6.16921e+03 |246  0.00000 -4.53405e+03
247  0.00000 -3.94483e+03 |248  0.00000 -3.02204e+03 |249  0.00000 -1.67093e+03
250  0.00000 -3.06168e+00 |251  0.00000 -3.07023e+00 |252  0.00000 -2.57851e+00
253  0.00000 -2.22674e-01 |254  0.00000 -5.01447e+04 |255  0.00000 -4.95298e+04
256  0.00000 -4.80249e+04 |257  0.00000 -4.63359e+04 |258  0.00000 -4.48285e+04
259  0.00000 -4.37812e+04 |260  0.00000 -4.29246e+04 |261  0.00000 -4.17467e+04
262  0.00000 -4.02693e+04 |263  0.00000 -3.91839e+04 |264  0.00000 -3.92417e+04
265  0.00000 -3.84391e+04 |266  0.00000 -3.83534e+04 |267  0.00000 -3.83795e+04
268  0.00000 -3.81688e+04 |269  0.00000 -3.81414e+04 |270  0.00000 -3.78377e+04
271  0.00000 -3.68077e+04 |272  0.00000 -3.64977e+04 |273  0.00000 -3.64933e+04
274  0.00000 -3.57980e+04 |275  0.00000 -3.58047e+04 |276  0.00000 -3.60005e+04
277  0.00000 -3.59401e+04 |278  0.00000 -3.48786e+04 |279  0.00000 -3.60213e+04
280  0.00000 -3.76635e+04 |281  0.00000 -3.89566e+04 |282  0.00000 -3.99965e+04
283  0.00000 -4.10988e+04 |284  0.00000 -4.06956e+04 |285  0.00000 -4.15258e+04
286  0.00000 -4.23290e+04 |287  0.00000 -4.29516e+04 |288  0.00000 -4.25181e+04
289  0.00000 -4.04574e+04 |290  0.00000 -3.93823e+04 |291  0.00000 -3.74397e+04
292  0.00000 -3.59055e+04 |293  0.00000 -3.47880e+04 |294  0.00000 -3.36904e+04
295  0.00000 -3.23450e+04 |296  0.00000 -3.16393e+04 |297  0.00000 -3.11268e+04
298  0.00000 -2.93957e+04 |299  0.00000 -2.76031e+04 |300  0.00000 -2.64876e+04
301  0.00000 -2.54412e+04 |302  0.00000 -2.48234e+04 |303  0.00000 -2.38584e+04
304  0.00000 -2.35708e+04 |305  0.00000 -2.34484e+04 |306  0.00000 -2.30121e+04
307  0.00000 -2.19057e+04 |308  0.00000 -2.03183e+04 |309  0.00000 -1.87665e+04
310  0.00000 -1.67490e+04 |311  0.00000 -1.47753e+04 |312  0.00000 -1.31872e+04
313  0.00000 -1.07744e+04 |314  0.00000 -7.87294e+03 |315  0.00000 -5.55545e+03
316  0.00000 -3.90258e+03 |317  0.00000 -1.92599e+03 |318  0.00000 -5.09671e-01
319  0.00000 -5.13945e-01 |320  0.00000 -6.55308e-01 |321  0.00000 -2.42446e-03

Intermediate statistics: 321 variables; iteration 20; function evaluation 25; phase 5
Function value 4.0253544e+03; maximum gradient component mag 6.3195e+04
Var    Value     Gradient |Var    Value     Gradient |Var    Value     Gradient
  1 -0.03169  6.31954e+04 |  2  0.69796  8.45093e+01 |  3  0.35715  9.89039e+01
  4  0.50573  3.64374e+02 |  5 -0.41686 -6.49659e+01 |  6  0.22519  1.48145e+01
  7  0.12758  1.00557e+02 |  8 -0.09325 -1.46491e+01 |  9  0.09367  3.20308e+02
 10  0.01291 -5.11404e+02 | 11  0.14701 -7.41080e+02 | 12 -0.18956 -5.72739e+02
 13 -0.07913 -5.40805e+02 | 14 -0.22058 -5.43993e+02 | 15 -0.22775 -5.14674e+02
 16  0.22093  4.78284e+02 | 17 -0.00167 -3.34777e+02 | 18 -0.09198 -4.24426e+02
 19 -0.05943 -3.43405e+02 | 20 -0.00807 -1.69445e+02 | 21 -0.09393 -3.31417e+02
 22  0.05638  1.88199e+02 | 23 -0.02205 -8.48713e+00 | 24  0.02969  5.65413e+01
 25  0.03719  4.41940e+01 | 26  0.08126  3.03759e+02 | 27 -0.00961 -5.35369e+01
 28  0.06516  1.74871e+02 | 29  0.11137  6.07617e+02 | 30  0.03504  3.07811e+02
 31 -0.08273 -2.00240e+02 | 32  0.07662  3.55559e+02 | 33  0.02984  1.27999e+02
 34  0.04251  2.18742e+02 | 35 -0.02625 -2.11472e+02 | 36 -0.01464  1.36795e+02
 37 -0.00556  2.73387e+02 | 38  0.06171  1.06073e+03 | 39 -0.04400  2.04218e+02
 40  0.10128  8.30481e+02 | 41  0.01654  7.17799e+02 | 42  0.02532  2.87423e+02
 43 -0.08663 -1.60591e+02 | 44  0.16693  4.01132e+03 | 45 -0.04027  5.32016e+02
 46 -0.06926 -1.85694e+02 | 47 -0.03663  1.71264e+02 | 48 -0.09435 -3.53433e+00
 49  0.11506  2.30705e+03 | 50  0.00864  5.86020e+02 | 51 -0.00554  4.70309e+02
 52  0.00737  2.96833e+02 | 53 -0.04163 -8.16132e+01 | 54  0.07720  1.08935e+03
 55  0.00437  4.36457e+02 | 56 -0.05446 -2.42608e+02 | 57 -0.06694 -3.12375e+02
 58  0.08706  5.84850e+02 | 59 -0.05170 -3.79867e+02 | 60  0.01063 -5.06852e+02
 61 -0.00419 -7.39370e+02 | 62  0.06444 -2.46754e+02 | 63  0.08672 -1.45798e+02
 64 -0.05390 -5.30329e+02 | 65 -0.01008 -7.17800e+02 | 66  0.02422 -7.70462e+02
 67 -0.00065 -9.70569e+02 | 68 -0.05541 -9.43876e+02 | 69 -0.00067 -9.87906e+02
 70  0.00583 -9.52139e+02 | 71  0.15581 -8.69071e+02 | 72 -0.05869 -7.56963e+02
 73 -0.05945 -9.35485e+02 | 74  0.33168 -1.10250e+02 | 75 -0.56729 -2.19065e+02
 76 -0.76215 -1.81756e+02 | 77 -0.79291 -1.84085e+02 | 78 -0.72230 -1.28767e+02
 79 -0.58388  3.81843e+01 | 80 -0.88378 -1.06325e+02 | 81 -0.91424 -9.63556e+01
 82 -0.75444  1.52882e+00 | 83 -0.54495  3.33052e+01 | 84 -0.88809 -7.09381e+01
 85 -0.78526 -5.87566e+01 | 86 -0.88397 -4.74906e+01 | 87 -0.93656 -2.81869e+01
 88 -0.75050 -5.92486e+00 | 89 -0.84266 -6.31848e+01 | 90 -0.68534  5.31984e+01
 91 -0.80682 -5.43534e+01 | 92 -0.72001  2.23032e+01 | 93 -0.80479  2.14513e+01
 94 -0.16096  8.72271e-01 | 95  0.52854  1.73006e+00 | 96  0.59344  4.55768e+00
 97  0.44430  1.25099e+00 | 98  0.36289 -1.06440e+03 | 99  0.21659 -3.40733e+03
100  0.13857  9.72023e+02 |101  0.08502 -1.55470e+03 |102 -0.16264  1.06767e+03
103 -0.19907  1.59104e+03 |104 -0.14765  1.46558e+03 |105  0.00280  3.80048e+04
106  0.17318  1.65269e+04 |107 -0.00427  1.68021e+04 |108  0.16016  5.93121e+03
109  0.10864  2.32259e+03 |110  0.12487 -3.56057e+02 |111 -0.05050 -7.61422e+01
112 -0.35221  9.02487e+02 |113 -0.18260  1.73882e+03 |114 -0.24656  1.88794e+03
115 -0.06126  2.01473e+03 |116  0.99997  1.10834e-02 |117  0.99997  1.18517e-02
118  0.00495 -5.26659e+03 |119  0.00062 -5.12728e+03 |120  0.00011 -5.11228e+03
121 -0.00115 -5.06751e+03 |122 -0.00127 -5.06430e+03 |123 -0.00151 -5.05489e+03
124 -0.00143 -5.05103e+03 |125 -0.00133 -5.04456e+03 |126  0.00146 -4.58078e+03
127  0.00038 -4.52457e+03 |128  0.00006 -4.50261e+03 |129 -0.00051 -4.46420e+03
130 -0.00011 -4.38463e+03 |131 -0.00035 -4.33854e+03 |132  0.00140 -4.26468e+03
133  0.00036 -4.18843e+03 |134 -0.00013 -4.10133e+03 |135  0.00172 -4.06907e+03
136 -0.00229 -3.91767e+03 |137 -0.00313 -3.87989e+03 |138  0.00045 -3.95063e+03
139  0.00257 -3.95239e+03 |140  0.00012 -3.89325e+03 |141 -0.00039 -3.88431e+03
142  0.00173 -3.97972e+03 |143 -0.00027 -3.96722e+03 |144  0.00538 -4.11061e+03
145  0.00402 -4.11154e+03 |146  0.00203 -4.08849e+03 |147  0.00053 -4.07591e+03
148  0.00078 -4.09376e+03 |149  0.00013 -4.07634e+03 |150 -0.00330 -3.99063e+03
151 -0.00504 -3.95961e+03 |152 -0.00317 -3.95063e+03 |153 -0.00258 -3.93623e+03
154 -0.00275 -3.50909e+03 |155 -0.00411 -3.45266e+03 |156 -0.00446 -3.36715e+03
157  0.00346 -3.28569e+03 |158  0.00199 -3.10748e+03 |159  0.00216 -2.61857e+03
160 -0.00161 -2.43848e+03 |161 -0.00179 -2.29732e+03 |162  0.00231 -2.19080e+03
163  0.00292 -2.14837e+03 |164 -0.00083 -2.06435e+03 |165 -0.00216 -2.04306e+03
166 -0.00476 -1.95648e+03 |167 -0.00318 -1.93175e+03 |168  0.00258 -1.64140e+03
169 -0.00364 -1.43332e+03 |170  0.00350 -1.44578e+03 |171  0.00678 -1.37293e+03
172  0.00198 -1.16720e+03 |173 -0.00118 -1.01523e+03 |174 -0.00137 -9.93590e+02
175 -0.00163 -9.23012e+02 |176 -0.00089 -8.04115e+02 |177 -0.00096 -6.67030e+02
178 -0.00048 -6.07693e+02 |179 -0.00005 -4.37521e+02 |180  0.00066 -3.30186e+02
181  0.00211 -2.56599e+01 |182  0.00283  8.59808e-01 |183  0.00274  8.34943e-01
184  0.00265  9.25390e-01 |185  0.00329  9.99080e-01 |186 -0.00828 -1.50612e+04
187  0.01612 -1.65024e+04 |188 -0.00312 -1.60356e+04 |189  0.00205 -1.60717e+04
190 -0.00019 -1.61323e+04 |191 -0.00262 -1.60791e+04 |192 -0.00301 -1.59553e+04
193 -0.00313 -1.58787e+04 |194 -0.00411 -1.52232e+04 |195  0.00270 -1.41530e+04
196  0.00008 -1.38226e+04 |197 -0.00401 -1.36106e+04 |198  0.00110 -1.31232e+04
199  0.00326 -1.24803e+04 |200 -0.00533 -1.19824e+04 |201  0.00501 -1.11621e+04
202 -0.00513 -1.04819e+04 |203  0.00090 -1.00553e+04 |204  0.00430 -9.52189e+03
205  0.00718 -9.48003e+03 |206 -0.01063 -9.50049e+03 |207  0.00779 -1.01798e+04
208  0.00675 -1.05718e+04 |209 -0.00521 -1.08763e+04 |210 -0.01916 -1.10981e+04
211  0.01020 -1.30982e+04 |212  0.00368 -1.39392e+04 |213 -0.00446 -1.50751e+04
214  0.01092 -1.57521e+04 |215 -0.00227 -1.58644e+04 |216 -0.01080 -1.61523e+04
217  0.00437 -1.59299e+04 |218  0.00042 -1.57742e+04 |219  0.00476 -1.56177e+04
220 -0.00525 -1.50623e+04 |221 -0.00106 -1.44124e+04 |222  0.00259 -1.36297e+04
223 -0.00150 -1.22003e+04 |224 -0.00456 -1.14480e+04 |225  0.00494 -1.09088e+04
226  0.00536 -1.00456e+04 |227 -0.00395 -9.04044e+03 |228  0.00386 -7.78286e+03
229 -0.00372 -7.13246e+03 |230 -0.00084 -6.70185e+03 |231  0.00464 -6.76695e+03
232  0.00050 -6.79884e+03 |233 -0.00221 -7.24568e+03 |234  0.00210 -6.96096e+03
235 -0.00363 -6.73952e+03 |236 -0.00430 -6.19047e+03 |237  0.00380 -5.54733e+03
238 -0.00392 -5.04458e+03 |239  0.00439 -4.75845e+03 |240  0.00996 -4.35719e+03
241  0.00152 -3.79188e+03 |242 -0.00966 -3.28147e+03 |243 -0.00308 -3.11453e+03
244  0.00076 -2.59214e+03 |245  0.00272 -1.68939e+03 |246 -0.00495 -9.86544e+02
247 -0.00135 -5.86922e+02 |248  0.00286 -4.71515e+02 |249 -0.00068 -1.08873e+02
250  0.01791  7.32226e+00 |251  0.01766  7.25784e+00 |252  0.01746  7.31489e+00
253  0.01838  1.18295e+01 |254 -0.00083  4.14775e+03 |255  0.01189  1.00109e+04
256  0.00369  1.02109e+04 |257 -0.00222  1.02379e+04 |258 -0.00306  1.01404e+04
259  0.00486  1.03440e+04 |260  0.00142  1.05465e+04 |261 -0.00141  1.06869e+04
262 -0.00657  1.13920e+04 |263 -0.00687  1.25148e+04 |264  0.00878  1.24429e+04
265 -0.00522  1.26987e+04 |266 -0.00059  1.30509e+04 |267  0.00253  1.32948e+04
268 -0.00098  1.31014e+04 |269  0.00392  1.35945e+04 |270  0.00788  1.31358e+04
271 -0.00353  1.31757e+04 |272 -0.00181  1.27939e+04 |273  0.00681  1.20624e+04
274 -0.00371  1.08270e+04 |275 -0.00505  9.98165e+03 |276  0.00622  8.92564e+03
277  0.02181  7.24678e+03 |278 -0.01402  6.55149e+03 |279 -0.01041  4.54352e+03
280 -0.00140  1.81930e+03 |281 -0.00168 -4.16644e+02 |282 -0.00929 -2.08701e+03
283  0.01266 -3.18227e+03 |284 -0.00675 -4.24309e+03 |285 -0.00120 -4.80899e+03
286  0.00149 -5.96790e+03 |287  0.00195 -6.20319e+03 |288  0.00930 -6.49168e+03
289 -0.01049 -6.04362e+03 |290 -0.00004 -5.48055e+03 |291  0.00144 -4.41335e+03
292  0.00278 -3.90117e+03 |293 -0.00531 -3.37385e+03 |294 -0.00172 -2.68099e+03
295 -0.00338 -1.92469e+03 |296  0.00363 -1.01967e+03 |297  0.00808 -8.77135e+02
298  0.00373 -9.71858e+02 |299 -0.00294 -1.43339e+03 |300 -0.00135 -2.13942e+03
301 -0.00390 -2.69181e+03 |302  0.00166 -2.95246e+03 |303 -0.00345 -2.93810e+03
304 -0.00016 -2.58720e+03 |305  0.00243 -2.08075e+03 |306  0.00321 -2.05194e+03
307 -0.00243 -1.80047e+03 |308 -0.00322 -1.53020e+03 |309  0.00841 -1.23440e+03
310  0.00337 -1.02327e+03 |311 -0.00433 -9.68288e+02 |312 -0.00244 -4.67563e+02
313  0.00390  2.78610e+02 |314  0.00245  7.13602e+02 |315  0.00433  7.98351e+02
316  0.00396  6.45171e+02 |317 -0.00326  6.96888e+01 |318 -0.01016 -3.52913e+01
319 -0.01067 -3.39686e+01 |320 -0.01073 -3.36846e+01 |321 -0.01502 -3.25172e+01
321 variables; iteration 40; function evaluation 47; phase 5
Function value 3.6990407e+03; maximum gradient component mag 3.4275e+04
Var    Value     Gradient |Var    Value     Gradient |Var    Value     Gradient
  1 -0.03705  2.50327e+04 |  2  0.68039  2.18954e+02 |  3  0.32521  1.23679e+02
  4  0.39234  2.69583e+02 |  5 -0.38584 -6.30502e+01 |  6  0.23323 -1.56782e+01
  7  0.10065  4.33948e+01 |  8 -0.08280 -1.85822e+01 |  9  0.02211 -6.87697e+01
 10 -0.00204 -1.94078e+02 | 11  0.25067  4.22048e+02 | 12 -0.18257 -2.28502e+02
 13 -0.06797 -1.87622e+02 | 14 -0.21446 -2.22931e+02 | 15 -0.23103 -2.03797e+02
 16  0.22845  7.78950e+02 | 17 -0.01538 -5.77279e+01 | 18 -0.10740 -1.06174e+02
 19 -0.07649 -1.02247e+02 | 20 -0.03611 -1.66851e+01 | 21 -0.11478 -9.15527e+01
 22  0.01371  1.91935e+02 | 23 -0.09701 -2.16692e+00 | 24 -0.02360  1.71274e+02
 25  0.01556  2.68705e+02 | 26  0.04348  3.72926e+02 | 27 -0.07776  1.60818e+01
 28  0.02049  1.93292e+02 | 29  0.07696  5.69231e+02 | 30 -0.05248  1.53535e+02
 31 -0.13843 -4.86878e+01 | 32  0.04775  2.84834e+02 | 33  0.02116  1.22780e+02
 34  0.04600  1.81769e+02 | 35  0.02692  2.49496e+02 | 36 -0.04053  7.38821e+01
 37 -0.02974  1.49871e+02 | 38  0.05605  3.32389e+02 | 39 -0.05452 -9.58859e+00
 40  0.20008  6.20945e+02 | 41  0.06116  4.18603e+02 | 42  0.09670  5.82541e+02
 43 -0.05740 -1.32950e+01 | 44  0.16070 -7.22440e+01 | 45 -0.02491  3.40679e+02
 46 -0.03676  1.09068e+02 | 47 -0.01529  1.73202e+02 | 48 -0.07662  6.61763e+01
 49  0.11795  3.63427e+02 | 50  0.01720  1.16205e+02 | 51 -0.00155  3.89817e+01
 52  0.01801 -8.16295e+01 | 53 -0.03224 -2.22244e+02 | 54  0.09177  6.40534e+02
 55  0.01558  2.56851e+02 | 56 -0.05270 -4.50305e+02 | 57 -0.05852 -2.26704e+02
 58  0.09400  9.40413e+01 | 59 -0.03861 -1.53118e+02 | 60  0.01753 -5.08716e+02
 61  0.01510  1.47076e+01 | 62  0.06725 -4.62388e+02 | 63  0.08729 -6.17976e+02
 64 -0.04733 -1.77809e+02 | 65 -0.00172 -3.77797e+02 | 66  0.03390 -4.48722e+02
 67  0.01128 -5.65109e+02 | 68 -0.04189 -4.92856e+02 | 69  0.01650 -2.43310e+02
 70  0.02018 -3.76982e+02 | 71  0.16416 -4.56222e+02 | 72 -0.05445 -4.24805e+02
 73 -0.03433 -3.74681e+02 | 74  0.33750 -1.24855e+02 | 75 -0.57891 -6.73451e+01
 76 -0.76089 -8.53777e+01 | 77 -0.79988 -1.07981e+02 | 78 -0.72507 -5.48684e+01
 79 -0.61358  8.54816e+01 | 80 -0.87337 -7.33221e+01 | 81 -0.89506 -8.02153e+01
 82 -0.76337  1.94808e+01 | 83 -0.58289  3.24527e+01 | 84 -0.87090 -5.51167e+01
 85 -0.78816 -1.07411e+01 | 86 -0.87858 -3.03418e+01 | 87 -0.93034 -2.24873e+01
 88 -0.75249  2.30974e+01 | 89 -0.81806 -3.03183e+01 | 90 -0.69570  6.76629e+01
 91 -0.78262 -3.40921e+01 | 92 -0.72523  4.08686e+01 | 93 -0.80345  5.21534e+01
 94 -0.16308  2.83465e-01 | 95  0.52264  1.96368e+01 | 96  0.58140  6.88083e+01
 97  0.44097  1.90411e+01 | 98  0.37066 -7.15298e+02 | 99  0.21828 -3.56715e+03
100  0.13754 -3.39485e+03 |101  0.08209 -2.64799e+03 |102 -0.15510  1.14431e+03
103 -0.20039  4.63188e+02 |104 -0.15206  2.21840e+02 |105  0.00382  3.42747e+04
106  0.17040  1.19190e+04 |107 -0.00707  1.15881e+04 |108  0.15714  3.73970e+03
109  0.11338  1.60398e+03 |110  0.12620 -3.75129e+02 |111 -0.05785 -8.51640e+02
112 -0.33957 -2.12121e+03 |113 -0.23156 -1.44691e+03 |114 -0.25596 -9.62303e+02
115 -0.02584 -9.81180e+02 |116  0.99947  7.86767e-02 |117  0.99947  9.00888e-02
118  0.04582 -3.54785e+03 |119 -0.00584 -3.56693e+03 |120 -0.00409 -3.56615e+03
121 -0.00843 -3.55525e+03 |122 -0.00849 -3.55507e+03 |123 -0.00853 -3.55455e+03
124 -0.00700 -3.55166e+03 |125 -0.00582 -3.54428e+03 |126  0.01134 -3.02864e+03
127  0.00053 -3.01108e+03 |128 -0.00227 -3.00472e+03 |129 -0.00334 -2.98377e+03
130 -0.00304 -2.96069e+03 |131 -0.00907 -2.92394e+03 |132  0.01041 -2.81036e+03
133 -0.00066 -2.78892e+03 |134  0.00029 -2.74731e+03 |135  0.01501 -2.70048e+03
136 -0.01213 -2.68939e+03 |137 -0.01923 -2.68152e+03 |138  0.01323 -2.63311e+03
139  0.00854 -2.61370e+03 |140 -0.01366 -2.59714e+03 |141 -0.02124 -2.54399e+03
142  0.02581 -2.61187e+03 |143 -0.01058 -2.49548e+03 |144  0.01747 -2.36668e+03
145  0.00446 -2.31534e+03 |146 -0.00365 -2.28985e+03 |147 -0.00423 -2.24539e+03
148  0.01029 -2.09117e+03 |149  0.01138 -2.06763e+03 |150 -0.01285 -1.97184e+03
151 -0.01415 -1.94642e+03 |152  0.00413 -1.85353e+03 |153  0.01220 -1.83291e+03
154  0.00217 -1.80064e+03 |155 -0.00870 -1.79550e+03 |156 -0.01405 -1.80590e+03
157  0.01412 -1.88443e+03 |158 -0.00817 -1.85091e+03 |159  0.01437 -1.57765e+03
160 -0.01463 -1.55887e+03 |161 -0.00774 -1.48520e+03 |162  0.00500 -1.33436e+03
163  0.00694 -1.28402e+03 |164 -0.00209 -1.27113e+03 |165  0.00114 -1.27035e+03
166 -0.01632 -1.24770e+03 |167  0.00282 -1.18973e+03 |168  0.01780 -1.26436e+03
169 -0.03594 -1.25922e+03 |170  0.01427 -1.25589e+03 |171  0.01732 -1.20047e+03
172  0.00365 -1.13418e+03 |173 -0.00313 -1.05418e+03 |174 -0.00641 -1.03650e+03
175 -0.00357 -9.67289e+02 |176  0.00127 -7.67441e+02 |177 -0.00110 -6.37311e+02
178  0.00496 -5.84230e+02 |179 -0.00183 -4.99439e+02 |180 -0.00307 -4.30733e+02
181  0.00286 -3.29817e+01 |182  0.00969  2.36493e+00 |183  0.00918  2.23910e+00
184  0.00860  2.12278e+00 |185  0.01326  3.27008e+00 |186 -0.00692 -1.57825e+04
187  0.03025 -1.71046e+04 |188 -0.01706 -1.71396e+04 |189  0.01716 -1.70716e+04
190 -0.00505 -1.73461e+04 |191 -0.01844 -1.73393e+04 |192  0.00249 -1.71058e+04
193 -0.00583 -1.69442e+04 |194 -0.01004 -1.62328e+04 |195  0.01321 -1.56743e+04
196 -0.00470 -1.55549e+04 |197 -0.00053 -1.53135e+04 |198  0.00076 -1.48053e+04
199  0.00801 -1.41418e+04 |200 -0.01142 -1.37832e+04 |201  0.01154 -1.35011e+04
202 -0.01097 -1.33594e+04 |203  0.01110 -1.29479e+04 |204 -0.00771 -1.31728e+04
205  0.01025 -1.30024e+04 |206 -0.03254 -1.29502e+04 |207  0.02652 -1.33318e+04
208 -0.00666 -1.34986e+04 |209 -0.04710 -1.31245e+04 |210 -0.03080 -1.33777e+04
211  0.08177 -1.35897e+04 |212  0.00007 -1.36999e+04 |213 -0.00709 -1.37182e+04
214  0.00978 -1.34292e+04 |215 -0.00483 -1.32088e+04 |216 -0.00370 -1.22568e+04
217  0.00297 -1.14523e+04 |218  0.00720 -1.10727e+04 |219 -0.00600 -1.04561e+04
220 -0.01578 -9.68219e+03 |221  0.01607 -8.88885e+03 |222  0.00953 -8.75260e+03
223 -0.00858 -8.35483e+03 |224 -0.01844 -8.05961e+03 |225  0.01742 -7.94937e+03
226  0.00376 -7.17340e+03 |227 -0.00035 -6.27642e+03 |228  0.00307 -5.87909e+03
229 -0.00230 -5.44923e+03 |230 -0.00266 -4.90557e+03 |231  0.00734 -4.50696e+03
232 -0.00474 -4.56449e+03 |233  0.00128 -4.70093e+03 |234  0.00169 -4.83572e+03
235 -0.00009 -4.68835e+03 |236 -0.00718 -4.88763e+03 |237  0.01562 -5.46029e+03
238 -0.01751 -5.75842e+03 |239  0.00627 -6.01083e+03 |240  0.00679 -6.24376e+03
241 -0.00325 -5.81901e+03 |242 -0.00305 -4.71079e+03 |243 -0.00873 -4.56717e+03
244  0.00609 -3.59800e+03 |245  0.00452 -2.68102e+03 |246 -0.00204 -2.01306e+03
247 -0.00125 -1.74895e+03 |248  0.00214 -1.59560e+03 |249 -0.01131 -8.42422e+02
250  0.04101  9.67327e+00 |251  0.03959  9.32479e+00 |252  0.03792  8.94005e+00
253  0.04608  1.14444e+01 |254 -0.00594 -1.44827e+04 |255  0.00808 -7.56002e+03
256  0.00416 -7.50725e+03 |257  0.00182 -7.26604e+03 |258  0.01021 -7.36276e+03
259 -0.01051 -7.30388e+03 |260 -0.00708 -6.95828e+03 |261  0.00784 -6.12110e+03
262  0.00662 -5.41328e+03 |263 -0.02265 -4.87763e+03 |264  0.01453 -4.69305e+03
265 -0.00900 -4.39553e+03 |266 -0.00111 -3.83536e+03 |267  0.00113 -3.24472e+03
268  0.00839 -3.09794e+03 |269 -0.00575 -3.07944e+03 |270  0.01473 -3.06526e+03
271 -0.00387 -3.15792e+03 |272  0.00223 -3.83631e+03 |273  0.00237 -4.28771e+03
274  0.02193 -4.90118e+03 |275 -0.02193 -5.61895e+03 |276 -0.00036 -6.56741e+03
277  0.10299 -6.92506e+03 |278 -0.02707 -7.28017e+03 |279 -0.07821 -7.58113e+03
280 -0.00335 -8.60951e+03 |281  0.00902 -9.00368e+03 |282 -0.01419 -9.69659e+03
283  0.00874 -9.57510e+03 |284 -0.00010 -9.04649e+03 |285 -0.00103 -8.93017e+03
286 -0.00081 -9.14383e+03 |287  0.00140 -8.88284e+03 |288  0.02043 -8.72231e+03
289 -0.01964 -8.28292e+03 |290 -0.00793 -8.58347e+03 |291  0.00332 -8.32062e+03
292  0.01626 -7.84999e+03 |293 -0.02063 -7.95664e+03 |294 -0.00015 -7.21941e+03
295  0.00037 -6.37998e+03 |296 -0.00152 -6.10291e+03 |297  0.00391 -5.83500e+03
298  0.00330 -5.26805e+03 |299 -0.00544 -4.81870e+03 |300  0.00501 -4.44772e+03
301 -0.00177 -4.60200e+03 |302 -0.00011 -4.92058e+03 |303 -0.00269 -4.78550e+03
304  0.00564 -4.90126e+03 |305 -0.00349 -5.50691e+03 |306  0.00836 -5.72431e+03
307 -0.00340 -6.15088e+03 |308 -0.00387 -6.59220e+03 |309  0.00469 -6.52387e+03
310  0.00105 -5.71922e+03 |311  0.00018 -5.06601e+03 |312 -0.00468 -4.19602e+03
313  0.00041 -3.18012e+03 |314  0.00000 -2.10632e+03 |315  0.00366 -1.41119e+03
316 -0.00197 -1.19644e+03 |317  0.01057 -4.36215e+02 |318 -0.00710 -4.91208e+00
319 -0.00935 -5.32372e+00 |320 -0.00900 -5.21483e+00 |321 -0.09366 -2.54316e+01
321 variables; iteration 60; function evaluation 67; phase 5
Function value 3.6102163e+03; maximum gradient component mag 3.1988e+04
Var    Value     Gradient |Var    Value     Gradient |Var    Value     Gradient
  1 -0.03420 -8.31549e+03 |  2  0.44286  2.22817e+01 |  3  0.19326 -6.45095e+00
  4  0.16217 -1.00713e+01 |  5 -0.23390 -4.63873e+01 |  6  0.28596  1.25858e+01
  7  0.01227 -3.15083e+01 |  8 -0.06064 -8.45384e+01 |  9 -0.02775 -2.31525e+02
 10 -0.02409 -4.86672e+01 | 11  0.22998 -3.84322e+02 | 12 -0.14988  4.56423e+01
 13 -0.04618  3.59842e+01 | 14 -0.16627  6.70720e+01 | 15 -0.20241  4.93333e+01
 16  0.21052 -7.96280e+02 | 17  0.00210 -7.22276e+01 | 18 -0.10658  5.40702e+01
 19 -0.06333 -2.65287e+01 | 20 -0.03691 -6.44789e+01 | 21 -0.09152  2.35499e+01
 22  0.01865 -6.51799e+01 | 23 -0.08860  1.05383e+02 | 24 -0.00973  1.73602e+02
 25  0.01254  1.02455e+02 | 26  0.04420  1.85159e+02 | 27 -0.07313  1.20308e+02
 28  0.00966  4.93730e+01 | 29  0.07460  1.35607e+02 | 30 -0.03085  1.99621e+02
 31 -0.19889  1.12468e+02 | 32  0.03670  4.99363e+01 | 33  0.02554  5.43424e+01
 34  0.03770  4.79546e+00 | 35  0.01343  1.94902e+01 | 36 -0.03333  1.46786e+02
 37 -0.01587  2.08985e+02 | 38  0.06145  2.75711e+02 | 39 -0.05145  1.63822e+02
 40  0.18853  1.05200e+02 | 41  0.05891  4.02969e+02 | 42  0.08475  4.24671e+02
 43 -0.06153  1.48196e+02 | 44  0.15143 -1.00492e+03 | 45 -0.02621  4.49269e+02
 46 -0.03024  4.14267e+02 | 47 -0.01917  1.98973e+02 | 48 -0.08423  1.44516e+02
 49  0.11373 -2.21983e+01 | 50  0.01109  3.98358e+01 | 51 -0.00821 -1.90943e+01
 52  0.01281 -1.37693e+02 | 53 -0.03507 -8.24895e+01 | 54  0.08960  4.13772e+02
 55  0.01198  1.69354e+02 | 56 -0.05685 -3.40217e+02 | 57 -0.06110 -8.83884e+01
 58  0.09267 -1.46468e+02 | 59 -0.03429  1.58868e+02 | 60  0.01702 -3.25385e+02
 61  0.00933  7.89724e+01 | 62  0.06516 -3.55294e+02 | 63  0.08636 -4.99029e+02
 64 -0.05573 -7.24384e+01 | 65 -0.00536 -1.71056e+02 | 66  0.02985 -2.56239e+02
 67  0.00999 -2.64889e+02 | 68 -0.04091 -7.67486e+01 | 69  0.01513  1.62493e+02
 70  0.01997 -7.80377e+00 | 71  0.16372 -7.62735e+01 | 72 -0.05327 -6.61210e+01
 73 -0.03896 -6.70859e+01 | 74  0.30144  7.41419e+01 | 75 -0.58171 -3.54055e+00
 76 -0.74464  5.15787e-01 | 77 -0.79758 -6.36262e+01 | 78 -0.70837 -2.74989e-01
 79 -0.62818  1.24582e+02 | 80 -0.80890 -1.32091e+01 | 81 -0.80835  3.59423e+01
 82 -0.76077  6.63870e+01 | 83 -0.66142  7.66276e+00 | 84 -0.77584  9.21845e+00
 85 -0.78144  1.68314e+01 | 86 -0.84150 -1.68807e+01 | 87 -0.88964 -2.10683e+01
 88 -0.75183  4.07207e+01 | 89 -0.75622  6.47291e+01 | 90 -0.70680  6.04625e+01
 91 -0.72161  4.79563e+01 | 92 -0.73306  2.31347e+01 | 93 -0.80144  6.24032e+01
 94 -0.16457  1.70132e-01 | 95  0.49323  1.39953e+01 | 96  0.47486  5.71871e+01
 97  0.41102  1.27096e+01 | 98  0.38161 -7.04797e+02 | 99  0.22116 -2.93395e+03
100  0.13816 -2.41882e+03 |101  0.08147 -2.92752e+03 |102 -0.15420  1.14560e+03
103 -0.19805  3.56640e+02 |104 -0.15166 -1.65344e+01 |105  0.00423  3.19879e+04
106  0.16725  9.51499e+03 |107 -0.00624  1.01640e+04 |108  0.15875  3.22144e+03
109  0.11085  1.34147e+03 |110  0.12204 -4.42823e+02 |111 -0.05640 -8.35308e+02
112 -0.34623 -2.09588e+03 |113 -0.19080 -1.35485e+03 |114 -0.34814 -1.03449e+03
115  0.02301 -1.17267e+03 |116  0.99648  3.39524e-01 |117  0.99643  4.11849e-01
118  0.10913 -3.47824e+03 |119 -0.04608 -3.55877e+03 |120 -0.02513 -3.56007e+03
121 -0.01707 -3.55113e+03 |122 -0.01563 -3.55061e+03 |123 -0.01276 -3.55002e+03
124 -0.00508 -3.53890e+03 |125  0.00149 -3.52133e+03 |126  0.02214 -3.11431e+03
127 -0.00009 -3.10352e+03 |128 -0.00639 -3.10207e+03 |129 -0.00628 -3.07914e+03
130  0.00299 -3.04703e+03 |131 -0.01487 -3.01787e+03 |132  0.01287 -2.88199e+03
133 -0.00162 -2.85807e+03 |134 -0.00409 -2.81272e+03 |135  0.03277 -2.70109e+03
136 -0.02678 -2.71836e+03 |137 -0.02625 -2.70615e+03 |138  0.01746 -2.61293e+03
139  0.02790 -2.46723e+03 |140  0.00010 -2.47088e+03 |141 -0.02189 -2.47485e+03
142 -0.00745 -2.33974e+03 |143 -0.00536 -2.08743e+03 |144  0.02338 -1.98016e+03
145 -0.00380 -1.96203e+03 |146  0.00367 -1.92219e+03 |147 -0.00359 -1.89102e+03
148 -0.00284 -1.80837e+03 |149  0.01529 -1.74814e+03 |150 -0.01393 -1.62376e+03
151 -0.00529 -1.56883e+03 |152 -0.00395 -1.50907e+03 |153  0.00995 -1.47656e+03
154  0.01427 -1.41062e+03 |155 -0.01486 -1.41443e+03 |156 -0.01297 -1.43221e+03
157  0.01998 -1.56088e+03 |158 -0.01355 -1.55268e+03 |159  0.01346 -1.32737e+03
160 -0.01962 -1.30495e+03 |161 -0.00070 -1.17773e+03 |162  0.00165 -1.08674e+03
163  0.00353 -1.02326e+03 |164 -0.00351 -9.26801e+02 |165  0.00914 -8.49836e+02
166 -0.02290 -8.38169e+02 |167  0.00292 -7.29010e+02 |168  0.04950 -6.74007e+02
169 -0.07631 -7.30979e+02 |170  0.02734 -7.11064e+02 |171  0.01987 -7.14362e+02
172  0.00116 -6.78315e+02 |173  0.00176 -5.99704e+02 |174 -0.01046 -5.89381e+02
175  0.00014 -5.05910e+02 |176  0.00206 -3.66986e+02 |177 -0.00365 -2.80305e+02
178  0.00846 -2.37185e+02 |179 -0.00184 -2.05668e+02 |180 -0.00014 -1.88224e+02
181 -0.00245 -2.24316e+01 |182 -0.00549 -1.37872e+00 |183 -0.00653 -1.63463e+00
184 -0.00804 -1.98260e+00 |185  0.00662  1.63423e+00 |186 -0.00264 -1.30020e+04
187  0.01304 -1.03872e+04 |188 -0.00241 -1.02764e+04 |189  0.01655 -1.02253e+04
190  0.01831 -1.05595e+04 |191 -0.04232 -1.05552e+04 |192  0.00531 -1.03506e+04
193 -0.00132 -1.02166e+04 |194 -0.02793 -9.69085e+03 |195  0.02920 -9.23643e+03
196 -0.01007 -9.29063e+03 |197  0.00147 -9.08323e+03 |198 -0.00285 -8.68469e+03
199  0.01253 -8.09337e+03 |200 -0.01473 -7.77310e+03 |201  0.01321 -7.43292e+03
202 -0.00609 -7.36460e+03 |203  0.00512 -6.99562e+03 |204 -0.00268 -7.24278e+03
205  0.01454 -7.54385e+03 |206 -0.03005 -7.56250e+03 |207  0.01954 -8.00581e+03
208  0.00806 -8.54855e+03 |209 -0.18888 -8.51194e+03 |210 -0.00671 -8.41244e+03
211  0.18448 -8.63715e+03 |212 -0.00608 -9.19256e+03 |213 -0.00331 -9.31333e+03
214  0.00592 -9.19087e+03 |215 -0.00397 -9.02528e+03 |216 -0.00572 -8.10605e+03
217  0.00410 -7.32622e+03 |218  0.00402 -6.94681e+03 |219 -0.00301 -6.24621e+03
220 -0.00509 -5.44320e+03 |221  0.00890 -4.75986e+03 |222  0.00841 -4.73289e+03
223 -0.00685 -4.93623e+03 |224 -0.01282 -4.88866e+03 |225  0.00740 -5.11985e+03
226  0.00516 -4.45213e+03 |227 -0.00163 -3.74241e+03 |228  0.00267 -3.31930e+03
229 -0.00214 -2.81573e+03 |230 -0.00136 -2.40855e+03 |231  0.00619 -2.12698e+03
232 -0.00372 -2.07956e+03 |233  0.00162 -2.09859e+03 |234  0.00363 -2.30595e+03
235 -0.00013 -2.22641e+03 |236 -0.00641 -2.53734e+03 |237  0.02491 -3.62178e+03
238 -0.02791 -4.04972e+03 |239  0.00444 -4.63614e+03 |240  0.00763 -5.08350e+03
241 -0.00428 -4.86657e+03 |242 -0.00577 -3.83630e+03 |243 -0.00632 -3.59656e+03
244  0.00498 -2.68595e+03 |245  0.00484 -1.75308e+03 |246 -0.00019 -1.07058e+03
247  0.00079 -9.84032e+02 |248  0.00095 -1.14180e+03 |249 -0.00924 -6.75439e+02
250  0.05219  1.27853e+01 |251  0.04827  1.18306e+01 |252  0.04590  1.12768e+01
253  0.04114  1.01326e+01 |254 -0.01366 -1.03215e+04 |255  0.02009 -1.00046e+04
256 -0.00220 -9.86832e+03 |257  0.00425 -9.61058e+03 |258  0.00996 -9.74359e+03
259 -0.00778 -9.53960e+03 |260 -0.00496 -9.19012e+03 |261  0.00512 -8.45327e+03
262  0.01564 -7.76017e+03 |263 -0.04077 -7.33575e+03 |264  0.02055 -6.82774e+03
265 -0.00883 -6.34029e+03 |266  0.00026 -5.76416e+03 |267 -0.00142 -5.00053e+03
268  0.00855 -4.45325e+03 |269 -0.00753 -4.14062e+03 |270  0.01045 -3.69997e+03
271  0.00036 -3.41609e+03 |272 -0.00000 -3.62281e+03 |273  0.00063 -3.82926e+03
274  0.01583 -3.74745e+03 |275 -0.01384 -4.56150e+03 |276 -0.00370 -5.32024e+03
277  0.17611 -4.89933e+03 |278  0.00468 -4.69093e+03 |279 -0.18541 -5.15714e+03
280  0.00683 -5.59296e+03 |281  0.00487 -5.87376e+03 |282 -0.00795 -6.33587e+03
283  0.00738 -6.33113e+03 |284  0.00110 -5.71573e+03 |285 -0.00335 -5.60240e+03
286  0.00161 -5.73327e+03 |287 -0.00018 -5.44113e+03 |288  0.01006 -5.28690e+03
289 -0.00825 -4.88750e+03 |290 -0.00719 -5.36391e+03 |291  0.00249 -5.69401e+03
292  0.00768 -5.54960e+03 |293 -0.01233 -5.90893e+03 |294 -0.00047 -5.33899e+03
295 -0.00071 -4.65896e+03 |296  0.00021 -4.33715e+03 |297  0.00496 -4.15460e+03
298  0.00107 -3.77050e+03 |299 -0.00579 -3.36344e+03 |300  0.00361 -2.91257e+03
301 -0.00076 -2.87730e+03 |302 -0.00097 -3.10780e+03 |303 -0.00136 -2.89198e+03
304  0.00422 -3.08445e+03 |305 -0.00314 -4.02446e+03 |306  0.00991 -4.29085e+03
307 -0.00247 -5.04362e+03 |308 -0.00470 -5.82487e+03 |309  0.00446 -5.94950e+03
310  0.00085 -5.21718e+03 |311  0.00008 -4.50316e+03 |312 -0.00392 -3.66813e+03
313 -0.00003 -2.71779e+03 |314  0.00095 -1.69760e+03 |315  0.00178 -1.21833e+03
316 -0.00204 -1.21141e+03 |317  0.00831 -4.71669e+02 |318 -0.01008 -2.80973e+00
319 -0.00274 -9.92549e-01 |320 -0.00106 -5.52428e-01 |321 -0.12190 -2.96238e+01
321 variables; iteration 80; function evaluation 87; phase 5
Function value 3.5639131e+03; maximum gradient component mag 3.0445e+04
Var    Value     Gradient |Var    Value     Gradient |Var    Value     Gradient
  1 -0.03157  1.65004e+04 |  2  0.26316  5.87481e+01 |  3  0.16515  2.86165e+00
  4  0.02914  7.96537e+00 |  5  0.08361  9.74253e+01 |  6  0.21902  1.84366e+02
  7 -0.05483 -4.67761e+01 |  8 -0.02725  3.55408e+01 |  9 -0.05244 -9.85358e+01
 10  0.02765 -1.37202e+02 | 11  0.19515 -1.26858e+02 | 12 -0.09578 -1.24035e+02
 13 -0.07552 -9.85836e+01 | 14 -0.12230 -7.97984e+01 | 15 -0.13860 -9.29563e+01
 16  0.20166  1.29202e+02 | 17  0.02110  8.59246e+00 | 18 -0.12232 -7.35797e+01
 19 -0.06806 -4.12138e+01 | 20 -0.03236  3.82848e+01 | 21 -0.10054  1.23048e+01
 22  0.02039  2.46171e+02 | 23 -0.07829  1.32082e+02 | 24 -0.01051  2.78875e+02
 25  0.01133  2.52503e+02 | 26  0.03942  3.62010e+02 | 27 -0.08051  7.19234e+01
 28  0.00108  8.67005e+01 | 29  0.06790  4.98586e+02 | 30 -0.04407  2.05289e+02
 31 -0.23361 -6.50292e+01 | 32  0.04021  3.05466e+02 | 33  0.02888  2.10241e+02
 34  0.04397  1.86528e+02 | 35  0.01236  1.31276e+02 | 36 -0.02698  1.72752e+02
 37 -0.00691  2.81386e+02 | 38  0.06974  4.87733e+02 | 39 -0.04253  8.21217e+01
 40  0.17709  3.87953e+02 | 41  0.04927  3.80449e+02 | 42  0.07721  5.04185e+02
 43 -0.06439  2.80880e+01 | 44  0.14344 -9.10867e+02 | 45 -0.02883  4.08200e+02
 46 -0.03815  2.84045e+02 | 47 -0.02372  1.42541e+02 | 48 -0.08476  5.58582e+01
 49  0.10660 -9.31478e+01 | 50  0.00885  3.95445e+01 | 51 -0.01015 -2.71632e+01
 52  0.00783 -2.27960e+02 | 53 -0.03699 -1.56770e+02 | 54  0.08457  4.40563e+02
 55  0.01033  1.78907e+02 | 56 -0.05855 -4.33594e+02 | 57 -0.06366 -1.67246e+02
 58  0.08863 -1.51813e+02 | 59 -0.04042 -2.48851e+01 | 60  0.00939 -5.25052e+02
 61  0.00612  1.64378e+00 | 62  0.06284 -5.24803e+02 | 63  0.08754 -5.40068e+02
 64 -0.04988 -9.81395e+01 | 65 -0.00318 -2.90921e+02 | 66  0.02851 -2.99869e+02
 67  0.00660 -4.18200e+02 | 68 -0.04396 -3.30656e+02 | 69  0.01566  6.08752e+01
 70  0.01938 -1.59826e+02 | 71  0.16105 -2.36726e+02 | 72 -0.05921 -3.28292e+02
 73 -0.04596 -3.29139e+02 | 74 -0.01947  1.47083e+01 | 75 -0.58697 -4.27135e+01
 76 -0.76474 -6.26564e+01 | 77 -0.75579 -1.01600e+02 | 78 -0.70832 -3.03283e+01
 79 -0.67497  3.09541e+01 | 80 -0.77994 -2.94321e+00 | 81 -0.82415 -1.06643e+01
 82 -0.78801 -3.00126e+00 | 83 -0.72679 -4.26223e+01 | 84 -0.75466  3.16823e+01
 85 -0.79140  4.70903e-01 | 86 -0.74651  3.97536e+00 | 87 -0.74500  8.04459e+00
 88 -0.77289  5.24337e+00 | 89 -0.78194  1.87075e+01 | 90 -0.73407  2.17861e+01
 91 -0.74937  8.49119e+00 | 92 -0.75344  2.75001e-02 | 93 -0.82004  1.86939e+01
 94 -0.17450 -2.78749e-04 | 95  0.41616  6.78305e-04 | 96  0.18273  4.64958e-07
 97  0.33274  7.86902e-07 | 98  0.37900 -7.13192e+02 | 99  0.21853 -2.38032e+03
100  0.13930 -2.54731e+03 |101  0.08172 -2.81673e+03 |102 -0.15665  1.08812e+03
103 -0.19632  7.41903e+02 |104 -0.15239  3.86260e+02 |105  0.00388  3.04451e+04
106  0.16725  9.20407e+03 |107 -0.00602  9.93661e+03 |108  0.15558  3.02948e+03
109  0.10869  1.33568e+03 |110  0.12700 -3.57511e+02 |111 -0.05731 -3.98608e+02
112 -0.34087  1.80447e+02 |113 -0.19792  6.19384e+02 |114 -0.46857  7.59269e+02
115  0.11952  1.03727e+03 |116  0.98716  4.83913e-01 |117  0.98659  7.47286e-01
118  0.08480 -3.53663e+03 |119 -0.08297 -3.57879e+03 |120  0.01314 -3.55584e+03
121 -0.00608 -3.53326e+03 |122 -0.00551 -3.53138e+03 |123  0.00235 -3.52963e+03
124 -0.00907 -3.52654e+03 |125 -0.01927 -3.51983e+03 |126  0.03102 -3.07067e+03
127  0.00023 -3.05395e+03 |128 -0.00655 -3.05284e+03 |129 -0.00742 -3.02404e+03
130  0.00442 -2.95773e+03 |131 -0.01330 -2.92406e+03 |132  0.01433 -2.70397e+03
133 -0.00612 -2.68240e+03 |134 -0.00016 -2.60124e+03 |135  0.02245 -2.49485e+03
136 -0.02208 -2.49401e+03 |137 -0.01834 -2.47514e+03 |138  0.01966 -2.35726e+03
139  0.00086 -2.35189e+03 |140 -0.02051 -2.30827e+03 |141  0.02410 -2.28767e+03
142 -0.01042 -2.07154e+03 |143 -0.00325 -1.83273e+03 |144  0.01549 -1.79999e+03
145 -0.00004 -1.75198e+03 |146  0.00103 -1.69659e+03 |147 -0.00409 -1.64636e+03
148  0.00536 -1.49725e+03 |149  0.01353 -1.45383e+03 |150 -0.00683 -1.36222e+03
151 -0.01256 -1.34366e+03 |152 -0.00285 -1.29306e+03 |153  0.00899 -1.26886e+03
154  0.01395 -1.22592e+03 |155 -0.02364 -1.23256e+03 |156 -0.00707 -1.25060e+03
157  0.01808 -1.39238e+03 |158 -0.01124 -1.37327e+03 |159  0.01351 -1.11591e+03
160 -0.01597 -1.08744e+03 |161 -0.00308 -1.00229e+03 |162  0.00339 -9.48546e+02
163  0.00263 -9.24595e+02 |164 -0.00259 -8.74212e+02 |165  0.00751 -8.17013e+02
166 -0.01586 -8.00456e+02 |167  0.00335 -7.19654e+02 |168  0.00734 -7.44130e+02
169 -0.12288 -6.88126e+02 |170  0.11469 -6.33860e+02 |171  0.01520 -6.27945e+02
172 -0.00089 -5.63079e+02 |173  0.00059 -4.66570e+02 |174 -0.00863 -4.51437e+02
175  0.00076 -3.70420e+02 |176  0.00225 -2.20366e+02 |177 -0.00364 -1.44534e+02
178  0.00910 -1.07803e+02 |179  0.00107 -9.83123e+01 |180  0.00005 -1.07553e+02
181 -0.00694 -2.17513e+01 |182 -0.05479 -1.34530e+01 |183 -0.05521 -1.35545e+01
184 -0.05747 -1.41036e+01 |185 -0.03445 -8.48373e+00 |186 -0.00098 -1.05327e+04
187  0.00491 -8.74101e+03 |188  0.01314 -8.53937e+03 |189  0.00064 -8.47564e+03
190  0.08327 -8.76431e+03 |191 -0.11868 -8.73548e+03 |192  0.03334 -8.68302e+03
193 -0.00749 -8.60148e+03 |194 -0.03345 -8.07672e+03 |195  0.03628 -7.73453e+03
196 -0.01639 -7.83388e+03 |197  0.00605 -7.66077e+03 |198 -0.00449 -7.41491e+03
199  0.00713 -6.92262e+03 |200 -0.00812 -6.44711e+03 |201  0.01091 -6.36541e+03
202 -0.00630 -6.25570e+03 |203  0.00614 -5.91357e+03 |204 -0.00042 -6.31525e+03
205  0.00621 -7.05262e+03 |206 -0.01271 -6.99467e+03 |207  0.00645 -7.76393e+03
208  0.02146 -8.17449e+03 |209 -0.23472 -8.03576e+03 |210  0.03138 -7.89797e+03
211  0.17903 -8.40100e+03 |212 -0.00714 -9.17127e+03 |213 -0.00356 -9.42085e+03
214  0.00697 -9.34282e+03 |215 -0.00390 -9.25051e+03 |216 -0.00603 -8.33036e+03
217  0.00410 -7.72074e+03 |218  0.00358 -7.47230e+03 |219 -0.00387 -7.21600e+03
220  0.00125 -6.44935e+03 |221  0.00380 -5.87475e+03 |222  0.00739 -5.88187e+03
223  0.00427 -6.34963e+03 |224 -0.01833 -6.49884e+03 |225  0.00323 -6.87917e+03
226  0.00456 -6.43428e+03 |227 -0.00195 -5.72646e+03 |228  0.00482 -5.34065e+03
229 -0.00164 -5.13079e+03 |230 -0.00110 -5.00344e+03 |231  0.00517 -5.28142e+03
232 -0.00711 -5.46922e+03 |233  0.00103 -5.59762e+03 |234 -0.00094 -5.74519e+03
235 -0.00128 -5.39334e+03 |236 -0.00436 -5.25530e+03 |237  0.11367 -4.99359e+03
238 -0.11841 -5.04627e+03 |239  0.00685 -4.88891e+03 |240  0.00899 -4.85774e+03
241 -0.00348 -4.39291e+03 |242 -0.00396 -3.25081e+03 |243 -0.00862 -3.02013e+03
244  0.00744 -1.84739e+03 |245  0.00623 -1.07885e+03 |246  0.00177 -5.78794e+02
247  0.00018 -6.63902e+02 |248 -0.00113 -9.71584e+02 |249 -0.00995 -5.88642e+02
250  0.07734  1.88956e+01 |251  0.07283  1.78134e+01 |252  0.07067  1.72953e+01
253  0.00379  9.34640e-01 |254 -0.01403 -1.08739e+04 |255  0.02397 -9.42158e+03
256 -0.00948 -9.22367e+03 |257  0.01434 -8.78076e+03 |258  0.00235 -9.02963e+03
259  0.01379 -9.06486e+03 |260 -0.02666 -8.87611e+03 |261  0.01537 -8.19032e+03
262  0.01004 -7.56872e+03 |263 -0.03972 -7.23033e+03 |264  0.01901 -6.90780e+03
265 -0.01231 -6.51971e+03 |266  0.00169 -6.15916e+03 |267  0.00107 -5.61381e+03
268  0.00436 -5.27717e+03 |269 -0.00649 -5.20105e+03 |270  0.01007 -4.81917e+03
271  0.00137 -4.55129e+03 |272  0.00083 -5.02712e+03 |273  0.00020 -5.67820e+03
274  0.00147 -5.76859e+03 |275 -0.00113 -6.51552e+03 |276 -0.00461 -7.24108e+03
277  0.20282 -6.67400e+03 |278 -0.02456 -6.43539e+03 |279 -0.17904 -7.06174e+03
280  0.00618 -7.68554e+03 |281  0.00251 -8.07803e+03 |282 -0.00701 -8.47161e+03
283  0.00596 -8.52966e+03 |284  0.00174 -7.79677e+03 |285 -0.00314 -7.73760e+03
286  0.00255 -7.93339e+03 |287  0.00040 -7.97967e+03 |288  0.00340 -7.90993e+03
289 -0.00268 -7.41290e+03 |290 -0.00449 -7.84720e+03 |291 -0.00041 -8.41014e+03
292  0.00626 -8.12029e+03 |293 -0.01012 -8.56747e+03 |294 -0.00211 -8.12706e+03
295  0.00009 -7.26105e+03 |296  0.00010 -6.90705e+03 |297  0.00474 -6.66696e+03
298  0.00258 -6.40380e+03 |299 -0.00631 -6.39174e+03 |300  0.00524 -6.03241e+03
301 -0.00084 -6.13490e+03 |302 -0.00104 -6.49996e+03 |303 -0.00137 -6.17346e+03
304  0.00093 -6.07717e+03 |305 -0.00440 -5.92037e+03 |306  0.01139 -5.68742e+03
307 -0.00136 -5.58125e+03 |308 -0.00323 -5.82863e+03 |309  0.00516 -5.77958e+03
310  0.00056 -5.07923e+03 |311 -0.00101 -4.48704e+03 |312 -0.00291 -3.39065e+03
313 -0.00021 -2.62034e+03 |314  0.00013 -1.80853e+03 |315 -0.00072 -1.41055e+03
316 -0.00187 -1.30782e+03 |317  0.01010 -4.09859e+02 |318 -0.01977 -4.87227e+00
319  0.00337  8.32903e-01 |320  0.00604  1.49000e+00 |321 -0.14885 -3.54028e+01
321 variables; iteration 100; function evaluation 107; phase 5
Function value 3.5337204e+03; maximum gradient component mag 3.1119e+04
Var    Value     Gradient |Var    Value     Gradient |Var    Value     Gradient
  1 -0.03170  2.19718e+04 |  2  0.15543  1.02220e+02 |  3  0.13397  4.53122e+01
  4 -0.12358 -2.00525e+01 |  5  0.06721  1.48175e+02 |  6  0.15796  2.35259e+02
  7  0.00556  3.55930e+01 |  8 -0.06365  5.22895e+01 |  9 -0.02449 -6.24734e+01
 10  0.00649 -1.54363e+02 | 11  0.19508  1.47405e+02 | 12 -0.09508 -1.40149e+02
 13 -0.07197 -6.95186e+01 | 14 -0.13599 -1.01046e+02 | 15 -0.14877 -1.18051e+02
 16  0.19912  5.51132e+02 | 17  0.01163  7.10683e+01 | 18 -0.11959 -7.01624e+01
 19 -0.06568  1.41456e+01 | 20 -0.03367  1.20131e+02 | 21 -0.09844  5.58380e+01
 22  0.01800  3.73647e+02 | 23 -0.08811  1.23562e+02 | 24 -0.01481  3.10806e+02
 25  0.00788  3.34519e+02 | 26  0.03904  4.76812e+02 | 27 -0.08211  8.17711e+01
 28  0.00373  1.89263e+02 | 29  0.06594  6.75533e+02 | 30 -0.05099  2.36681e+02
 31 -0.20637 -9.65561e+01 | 32  0.04400  3.94199e+02 | 33  0.04343  3.55412e+02
 34  0.05591  3.24189e+02 | 35  0.01879  2.10573e+02 | 36 -0.02743  1.67623e+02
 37 -0.00114  3.03821e+02 | 38  0.07274  5.28892e+02 | 39 -0.04917  4.47668e+01
 40  0.17600  5.25228e+02 | 41  0.04359  3.41894e+02 | 42  0.07550  5.19174e+02
 43 -0.06544 -1.34965e+01 | 44  0.14492 -7.88726e+02 | 45 -0.03026  3.47918e+02
 46 -0.03707  2.83302e+02 | 47 -0.02295  1.19143e+02 | 48 -0.08513 -5.47025e+00
 49  0.10621 -1.67182e+02 | 50  0.00996  3.07371e+01 | 51 -0.00905 -4.81650e+01
 52  0.00778 -3.50285e+02 | 53 -0.03557 -2.27704e+02 | 54  0.08745  3.70212e+02
 55  0.01424  7.21001e+01 | 56 -0.05725 -4.75817e+02 | 57 -0.06562 -2.61314e+02
 58  0.08896 -3.95183e+02 | 59 -0.03894 -8.02060e+01 | 60  0.01147 -5.44453e+02
 61  0.00391 -2.10565e+02 | 62  0.06407 -5.68499e+02 | 63  0.08760 -6.92965e+02
 64 -0.04948 -2.01784e+02 | 65 -0.00129 -3.38133e+02 | 66  0.02795 -4.64592e+02
 67  0.00706 -4.75471e+02 | 68 -0.04165 -3.44940e+02 | 69  0.01637 -2.51970e+01
 70  0.02100 -1.94206e+02 | 71  0.16093 -3.50450e+02 | 72 -0.05987 -3.96485e+02
 73 -0.04625 -3.92899e+02 | 74 -0.45942 -1.47311e+02 | 75 -0.61816 -3.45178e+01
 76 -0.78335 -4.88132e+01 | 77 -0.66306 -5.80134e+01 | 78 -0.72847 -2.44720e+01
 79 -0.71192  2.47435e+01 | 80 -0.80279 -3.77098e+00 | 81 -0.83643 -8.20472e+00
 82 -0.80247  5.59798e+00 | 83 -0.77060 -4.88595e+01 | 84 -0.78751  1.56951e+01
 85 -0.81663  1.44880e+00 | 86 -0.73481  3.73896e+01 | 87 -0.72332  6.27584e+01
 88 -0.79525  6.67272e+00 | 89 -0.79459  2.86069e+01 | 90 -0.75855  1.77080e+01
 91 -0.76518  1.59147e+01 | 92 -0.77536 -6.62490e+00 | 93 -0.83665  1.11941e+01
 94 -0.19575 -3.65557e-04 | 95  0.28244  9.45766e-04 | 96 -0.31560 -1.58078e-04
 97  0.19567  1.22350e-04 | 98  0.38351 -6.21050e+02 | 99  0.22038 -7.15674e+02
100  0.13941 -1.39184e+03 |101  0.08267 -2.55598e+03 |102 -0.15976  7.25294e+02
103 -0.19562  7.23533e+02 |104 -0.15308  3.82101e+02 |105  0.00390  3.11189e+04
106  0.16760  9.61963e+03 |107 -0.00636  1.01844e+04 |108  0.15602  3.09126e+03
109  0.10660  1.32552e+03 |110  0.12610 -3.70922e+02 |111 -0.05566 -4.26138e+02
112 -0.34356 -1.11944e+02 |113 -0.19384  3.70105e+02 |114 -0.47024  5.17986e+02
115  0.10399  7.23083e+02 |116  0.97072  8.43997e-01 |117  0.96807  1.52635e+00
118  0.10363 -3.07392e+03 |119 -0.10900 -3.12099e+03 |120  0.03238 -3.09587e+03
121 -0.00959 -3.09904e+03 |122 -0.01070 -3.09815e+03 |123  0.00443 -3.09478e+03
124 -0.01223 -3.09323e+03 |125 -0.02195 -3.08483e+03 |126  0.03104 -2.66437e+03
127 -0.00073 -2.65101e+03 |128 -0.00595 -2.64906e+03 |129 -0.00707 -2.62331e+03
130  0.00287 -2.57950e+03 |131 -0.01425 -2.54593e+03 |132  0.01927 -2.35778e+03
133 -0.00551 -2.36203e+03 |134 -0.00029 -2.32083e+03 |135  0.01872 -2.27549e+03
136 -0.02816 -2.27347e+03 |137 -0.02374 -2.23194e+03 |138  0.03555 -2.02449e+03
139  0.01744 -2.09774e+03 |140 -0.03237 -2.10308e+03 |141  0.00389 -2.07523e+03
142  0.00192 -1.87649e+03 |143 -0.00281 -1.66849e+03 |144  0.01597 -1.66533e+03
145 -0.00276 -1.62762e+03 |146  0.00130 -1.56937e+03 |147 -0.00280 -1.51904e+03
148  0.00682 -1.41001e+03 |149  0.01589 -1.38043e+03 |150 -0.00740 -1.32063e+03
151 -0.01829 -1.31217e+03 |152 -0.00565 -1.25458e+03 |153  0.00762 -1.22152e+03
154  0.01531 -1.11961e+03 |155 -0.02432 -1.12404e+03 |156 -0.00478 -1.13674e+03
157  0.02521 -1.25599e+03 |158 -0.01375 -1.25317e+03 |159  0.01714 -1.08827e+03
160 -0.02047 -1.08247e+03 |161 -0.00514 -1.01867e+03 |162  0.00357 -9.85967e+02
163  0.00285 -9.62725e+02 |164 -0.00258 -9.19672e+02 |165  0.01009 -8.58181e+02
166 -0.01749 -8.48651e+02 |167  0.00131 -7.66957e+02 |168  0.02446 -6.89714e+02
169 -0.15554 -7.14072e+02 |170  0.13200 -6.57234e+02 |171  0.01140 -6.56583e+02
172  0.00263 -5.43070e+02 |173  0.00045 -4.54560e+02 |174 -0.00899 -4.41260e+02
175  0.00037 -3.60786e+02 |176  0.00151 -2.08907e+02 |177 -0.00433 -1.33285e+02
178  0.01206 -9.61828e+01 |179  0.00007 -9.01932e+01 |180  0.00020 -9.55717e+01
181 -0.00460 -1.22004e+01 |182 -0.06080 -1.49100e+01 |183 -0.06048 -1.48331e+01
184 -0.06324 -1.55007e+01 |185 -0.04094 -1.00732e+01 |186 -0.00921 -3.17196e+03
187  0.01784 -2.61515e+03 |188  0.00514 -2.42967e+03 |189  0.00269 -2.41720e+03
190  0.17982 -2.46400e+03 |191 -0.24026 -2.47962e+03 |192  0.05126 -2.26244e+03
193 -0.00050 -2.11613e+03 |194 -0.03114 -1.63973e+03 |195  0.03154 -1.58205e+03
196 -0.01402 -1.66484e+03 |197  0.00494 -1.52202e+03 |198 -0.00449 -1.46460e+03
199  0.00950 -1.25181e+03 |200 -0.00773 -1.00206e+03 |201  0.00932 -1.46477e+03
202 -0.00685 -1.51636e+03 |203  0.00465 -1.40439e+03 |204  0.00114 -1.87581e+03
205  0.01318 -2.73900e+03 |206 -0.01872 -2.72627e+03 |207  0.00742 -3.73264e+03
208  0.00247 -4.54156e+03 |209 -0.19100 -4.62016e+03 |210  0.01631 -4.48763e+03
211  0.16938 -5.44511e+03 |212 -0.00905 -6.08920e+03 |213 -0.00283 -6.28943e+03
214  0.00785 -6.29355e+03 |215 -0.00284 -6.30223e+03 |216 -0.00731 -5.68222e+03
217  0.00316 -5.33670e+03 |218  0.00534 -5.18718e+03 |219 -0.00430 -5.03633e+03
220  0.00038 -4.35809e+03 |221  0.00419 -3.88818e+03 |222  0.00542 -3.84850e+03
223  0.00826 -4.14400e+03 |224 -0.02135 -4.30043e+03 |225  0.00421 -4.70608e+03
226  0.00465 -4.40410e+03 |227 -0.00177 -3.89053e+03 |228  0.00633 -3.75339e+03
229 -0.00193 -3.73128e+03 |230 -0.00191 -3.81233e+03 |231  0.00525 -4.24789e+03
232 -0.00797 -4.52955e+03 |233 -0.00040 -4.80205e+03 |234 -0.00113 -4.87064e+03
235 -0.00086 -4.49337e+03 |236 -0.00312 -4.28877e+03 |237  0.13026 -4.02494e+03
238 -0.13590 -4.08756e+03 |239  0.00653 -3.84290e+03 |240  0.00981 -3.69027e+03
241 -0.00263 -3.38032e+03 |242 -0.00517 -2.49441e+03 |243 -0.00761 -2.26599e+03
244  0.00778 -1.20549e+03 |245  0.00696 -6.76679e+02 |246 -0.00058 -3.72460e+02
247  0.00023 -4.61171e+02 |248 -0.00066 -7.07069e+02 |249 -0.00972 -3.62383e+02
250  0.09076  2.20921e+01 |251  0.08725  2.12597e+01 |252  0.08551  2.08450e+01
253 -0.03791 -9.33307e+00 |254 -0.01229 -5.94315e+03 |255  0.01849 -2.33554e+03
256 -0.00488 -2.20042e+03 |257  0.00932 -1.77154e+03 |258  0.00252 -1.78911e+03
259  0.03407 -1.41079e+03 |260 -0.04484 -1.09512e+03 |261  0.01492 -2.63891e+02
262  0.00969  3.16926e+02 |263 -0.03418  3.72906e+02 |264  0.01666  5.68276e+02
265 -0.01055  8.57151e+02 |266  0.00192  9.67395e+02 |267  0.00006  1.10679e+03
268  0.00363  1.14337e+03 |269 -0.00643  7.76256e+02 |270  0.01039  1.01083e+03
271  0.00246  9.92486e+02 |272  0.00015  2.74184e+02 |273  0.00042 -6.06640e+02
274 -0.00009 -8.85816e+02 |275 -0.00037 -1.82905e+03 |276 -0.00392 -2.82235e+03
277  0.18951 -2.57509e+03 |278 -0.01995 -2.44672e+03 |279 -0.17238 -3.54290e+03
280  0.00714 -3.95927e+03 |281  0.00236 -4.34189e+03 |282 -0.00724 -4.85830e+03
283  0.00670 -5.06797e+03 |284  0.00170 -4.66989e+03 |285 -0.00450 -4.84285e+03
286  0.00068 -5.13356e+03 |287  0.00238 -5.24676e+03 |288  0.00471 -5.24966e+03
289 -0.00436 -4.88973e+03 |290 -0.00406 -5.27084e+03 |291 -0.00088 -5.67060e+03
292  0.00885 -5.30313e+03 |293 -0.01147 -5.82483e+03 |294 -0.00172 -5.53557e+03
295 -0.00038 -4.91093e+03 |296 -0.00008 -4.76049e+03 |297  0.00502 -4.63100e+03
298  0.00174 -4.59001e+03 |299 -0.00565 -4.70390e+03 |300  0.00532 -4.49761e+03
301 -0.00139 -4.74143e+03 |302 -0.00058 -5.09164e+03 |303 -0.00122 -4.81028e+03
304 -0.00120 -4.73095e+03 |305 -0.00367 -4.52623e+03 |306  0.01118 -4.25160e+03
307 -0.00098 -4.03299e+03 |308 -0.00128 -4.16261e+03 |309  0.00579 -4.34694e+03
310 -0.00079 -4.00435e+03 |311 -0.00208 -3.52915e+03 |312 -0.00189 -2.52366e+03
313 -0.00029 -2.01803e+03 |314 -0.00021 -1.45448e+03 |315 -0.00157 -1.12256e+03
316 -0.00056 -9.51741e+02 |317  0.01089 -1.77450e+02 |318 -0.02356 -5.80597e+00
319  0.00842  2.07602e+00 |320  0.01125  2.77444e+00 |321 -0.15737 -3.72668e+01
321 variables; iteration 120; function evaluation 127; phase 5
Function value 3.5048587e+03; maximum gradient component mag 3.5131e+04
Var    Value     Gradient |Var    Value     Gradient |Var    Value     Gradient
  1 -0.03176  3.51313e+04 |  2  0.21975  1.83035e+02 |  3  0.11502  4.71380e+01
  4 -0.07559 -7.24755e+00 |  5  0.05313  1.25144e+02 |  6  0.16158  2.50213e+02
  7  0.02297  6.26080e+01 |  8 -0.07245  4.00966e+01 |  9 -0.02395 -5.60598e+01
 10  0.01217 -2.50918e+02 | 11  0.20220  1.95103e+02 | 12 -0.10167 -2.80155e+02
 13 -0.07497 -1.96456e+02 | 14 -0.14327 -2.37451e+02 | 15 -0.15895 -2.56545e+02
 16  0.19791  6.02470e+02 | 17  0.00417 -4.10210e+01 | 18 -0.13063 -2.12544e+02
 19 -0.07439 -1.21697e+02 | 20 -0.03135  5.54506e+01 | 21 -0.10721 -9.02584e+01
 22  0.02079  3.47920e+02 | 23 -0.08738  2.32024e+01 | 24 -0.01262  2.36374e+02
 25  0.00902  2.61444e+02 | 26  0.03843  4.24304e+02 | 27 -0.08496 -2.57907e+01
 28 -0.00084  6.73922e+01 | 29  0.06897  7.54290e+02 | 30 -0.05421  1.30496e+02
 31 -0.19236 -1.93798e+02 | 32  0.03368  2.75561e+02 | 33  0.04468  3.06275e+02
 34  0.05665  3.05519e+02 | 35  0.02245  1.83655e+02 | 36 -0.01943  1.39669e+02
 37 -0.00222  2.40296e+02 | 38  0.07029  4.89101e+02 | 39 -0.04246 -4.74837e+01
 40  0.17760  5.83725e+02 | 41  0.04983  3.64898e+02 | 42  0.07594  4.69115e+02
 43 -0.06346 -8.69581e+01 | 44  0.14782 -4.30558e+02 | 45 -0.02783  3.42004e+02
 46 -0.03679  2.52281e+02 | 47 -0.02205  1.30476e+02 | 48 -0.08539 -6.73247e+01
 49  0.10735  1.75176e+02 | 50  0.01046  1.33306e+02 | 51 -0.00974 -1.12929e+01
 52  0.00730 -2.85515e+02 | 53 -0.03588 -2.42214e+02 | 54  0.08943  7.75742e+02
 55  0.01543  2.71849e+02 | 56 -0.05667 -4.38579e+02 | 57 -0.06708 -2.65657e+02
 58  0.09190  2.13352e+02 | 59 -0.03785 -2.95274e+01 | 60  0.01094 -4.16225e+02
 61  0.00558 -9.60466e+01 | 62  0.06568 -3.52505e+02 | 63  0.09081 -3.41767e+02
 64 -0.05161 -3.03613e+02 | 65  0.00049 -2.76859e+02 | 66  0.03090 -3.53738e+02
 67  0.00893 -4.34464e+02 | 68 -0.03916 -3.35854e+02 | 69  0.01563 -2.01303e+02
 70  0.02119 -3.18082e+02 | 71  0.16098 -3.83661e+02 | 72 -0.06045 -5.33946e+02
 73 -0.04322 -5.15128e+02 | 74 -0.44716 -1.54445e+02 | 75 -0.66170 -1.03774e+02
 76 -0.79655 -9.00987e+01 | 77 -0.68369 -1.39069e+02 | 78 -0.75790 -7.65452e+01
 79 -0.77770 -6.48187e+01 | 80 -0.80908 -3.35395e+01 | 81 -0.84915 -3.65103e+01
 82 -0.82169 -2.80710e+01 | 83 -0.81671 -9.40098e+01 | 84 -0.80923 -2.75283e+01
 85 -0.83049 -4.39212e+01 | 86 -0.76734 -7.14451e+00 | 87 -0.75850  2.69589e+01
 88 -0.81007 -1.05036e+01 | 89 -0.80606  2.86279e+01 | 90 -0.78737  1.73448e+00
 91 -0.78455  3.05521e+01 | 92 -0.79929 -3.36697e+00 | 93 -0.85159  2.75332e+01
 94 -0.23686 -9.43702e-05 | 95  0.02779  4.74448e-04 | 96 -1.23981  1.28766e-04
 97 -0.07008  6.92580e-04 | 98  0.39935 -6.14878e+02 | 99  0.22479 -8.63469e+02
100  0.13800 -2.05906e+03 |101  0.08449 -1.93972e+03 |102 -0.16313  4.86744e+02
103 -0.19362  8.42414e+02 |104 -0.15793  4.40577e+02 |105  0.00406  3.16542e+04
106  0.16754  9.70192e+03 |107 -0.00745  9.98210e+03 |108  0.15657  3.15701e+03
109  0.10130  1.30951e+03 |110  0.12427 -4.27755e+02 |111 -0.06544 -6.62315e+02
112 -0.34326 -8.75707e+02 |113 -0.18878  2.47253e+00 |114 -0.44800  2.77078e+02
115  0.05131  4.08751e+02 |116  0.93019  1.86825e+00 |117  0.91700  3.86014e+00
118  0.14350 -3.05019e+03 |119 -0.16484 -3.09785e+03 |120  0.05772 -3.05994e+03
121 -0.01336 -3.08523e+03 |122 -0.01704 -3.08517e+03 |123  0.01036 -3.07912e+03
124 -0.01543 -3.08220e+03 |125 -0.02300 -3.07780e+03 |126  0.02639 -2.76389e+03
127 -0.00175 -2.74888e+03 |128 -0.00596 -2.74627e+03 |129 -0.00581 -2.72265e+03
130 -0.00031 -2.66945e+03 |131 -0.01105 -2.61999e+03 |132  0.02017 -2.46305e+03
133 -0.00751 -2.47176e+03 |134  0.00407 -2.42108e+03 |135  0.01432 -2.41176e+03
136 -0.02215 -2.40747e+03 |137 -0.02591 -2.38752e+03 |138  0.02892 -2.09392e+03
139  0.02346 -2.11995e+03 |140 -0.01811 -2.12589e+03 |141 -0.00356 -2.11820e+03
142 -0.00503 -2.07561e+03 |143 -0.00659 -1.86875e+03 |144  0.02303 -1.83753e+03
145  0.00220 -1.82150e+03 |146 -0.00160 -1.80120e+03 |147 -0.00815 -1.78248e+03
148  0.00212 -1.70379e+03 |149  0.01761 -1.65961e+03 |150 -0.00595 -1.60367e+03
151 -0.01894 -1.59657e+03 |152 -0.00628 -1.53412e+03 |153  0.00878 -1.49541e+03
154  0.01815 -1.39524e+03 |155 -0.01860 -1.40116e+03 |156 -0.01698 -1.42687e+03
157  0.02999 -1.48707e+03 |158 -0.01632 -1.48923e+03 |159  0.02581 -1.27334e+03
160 -0.03219 -1.28704e+03 |161 -0.00075 -1.19148e+03 |162  0.00449 -1.15815e+03
163  0.00405 -1.14045e+03 |164 -0.00301 -1.11889e+03 |165  0.01375 -1.06564e+03
166 -0.02468 -1.07408e+03 |167  0.00274 -9.63465e+02 |168  0.01486 -8.32292e+02
169 -0.14087 -8.08440e+02 |170  0.12613 -7.09295e+02 |171  0.01605 -6.67449e+02
172 -0.00165 -5.88215e+02 |173 -0.00492 -4.89468e+02 |174 -0.00584 -4.63792e+02
175  0.00676 -3.56370e+02 |176  0.00280 -2.41135e+02 |177 -0.00873 -1.95284e+02
178  0.00807 -1.58312e+02 |179  0.00256 -1.21981e+02 |180  0.00246 -1.19444e+02
181 -0.01494 -4.38837e+01 |182 -0.05312 -1.30458e+01 |183 -0.05296 -1.30075e+01
184 -0.05500 -1.35023e+01 |185 -0.03027 -7.45693e+00 |186 -0.01149 -3.83657e+03
187  0.02074 -3.52790e+03 |188  0.00386 -3.35448e+03 |189  0.00197 -3.32213e+03
190  0.14533 -3.26826e+03 |191 -0.22132 -3.23833e+03 |192  0.07002 -2.98738e+03
193 -0.00090 -2.89073e+03 |194 -0.03307 -2.51779e+03 |195  0.03028 -2.32188e+03
196 -0.00953 -2.39049e+03 |197  0.00251 -2.30198e+03 |198 -0.00425 -2.19888e+03
199  0.01007 -1.97506e+03 |200 -0.00972 -1.85405e+03 |201  0.00948 -2.35086e+03
202 -0.00640 -2.39553e+03 |203  0.00588 -2.35259e+03 |204 -0.00078 -2.91110e+03
205  0.00727 -3.72894e+03 |206 -0.00886 -3.56649e+03 |207  0.00098 -4.64602e+03
208  0.00784 -5.15353e+03 |209 -0.21218 -5.20535e+03 |210  0.01169 -5.26103e+03
211  0.19480 -5.95602e+03 |212 -0.01211 -6.71870e+03 |213 -0.00185 -6.81166e+03
214  0.00869 -6.77574e+03 |215 -0.00254 -6.84822e+03 |216 -0.00770 -6.35836e+03
217  0.00529 -6.01241e+03 |218  0.00222 -5.95757e+03 |219 -0.00391 -5.94050e+03
220  0.00074 -5.22685e+03 |221  0.00365 -4.67247e+03 |222  0.00392 -4.63233e+03
223  0.00889 -4.91354e+03 |224 -0.01807 -5.05207e+03 |225  0.00078 -5.39242e+03
226  0.00495 -5.13538e+03 |227 -0.00232 -4.54825e+03 |228  0.00824 -4.30634e+03
229 -0.00215 -4.31154e+03 |230 -0.00310 -4.39777e+03 |231  0.00553 -4.84485e+03
232 -0.00909 -5.11639e+03 |233  0.00227 -5.15072e+03 |234 -0.00078 -5.30336e+03
235 -0.00186 -4.94361e+03 |236 -0.00435 -4.68000e+03 |237  0.12539 -4.26767e+03
238 -0.12922 -4.28546e+03 |239  0.00546 -4.08385e+03 |240  0.01035 -3.85810e+03
241 -0.00222 -3.51835e+03 |242 -0.00613 -2.72932e+03 |243 -0.00959 -2.44511e+03
244  0.00985 -1.27587e+03 |245  0.00777 -6.91138e+02 |246 -0.00368 -4.31109e+02
247  0.00085 -3.81398e+02 |248 -0.00068 -5.54044e+02 |249 -0.00785 -1.35431e+02
250  0.07597  1.85668e+01 |251  0.07245  1.77215e+01 |252  0.06853  1.67782e+01
253  0.00035  8.54310e-02 |254 -0.01066 -8.78642e+03 |255  0.01708 -5.16233e+03
256 -0.00599 -5.08638e+03 |257  0.00894 -4.56248e+03 |258  0.00308 -4.35901e+03
259  0.04902 -3.84020e+03 |260 -0.06091 -3.49235e+03 |261  0.01313 -2.61306e+03
262  0.01163 -2.06385e+03 |263 -0.03241 -1.87209e+03 |264  0.01495 -1.69170e+03
265 -0.01085 -1.37955e+03 |266  0.00290 -1.16638e+03 |267  0.00117 -9.76270e+02
268  0.00471 -9.76281e+02 |269 -0.00758 -1.45304e+03 |270  0.01060 -1.18342e+03
271  0.00138 -1.26079e+03 |272 -0.00023 -1.94244e+03 |273  0.00118 -2.68012e+03
274 -0.00295 -2.83002e+03 |275  0.00311 -3.67646e+03 |276 -0.00567 -4.51256e+03
277  0.20933 -4.00531e+03 |278 -0.01681 -4.09319e+03 |279 -0.19645 -4.92278e+03
280  0.01025 -5.31151e+03 |281  0.00127 -5.59273e+03 |282 -0.00618 -6.01896e+03
283  0.00616 -6.27022e+03 |284  0.00028 -5.87368e+03 |285 -0.00418 -5.94392e+03
286  0.00382 -6.16325e+03 |287 -0.00282 -6.39988e+03 |288  0.00622 -6.11943e+03
289 -0.00259 -5.62050e+03 |290 -0.00247 -5.98031e+03 |291 -0.00443 -6.40420e+03
292  0.00873 -5.76732e+03 |293 -0.00753 -6.16050e+03 |294 -0.00337 -5.99746e+03
295  0.00028 -5.33530e+03 |296 -0.00062 -5.15328e+03 |297  0.00426 -5.03209e+03
298  0.00326 -4.99748e+03 |299 -0.00698 -5.21009e+03 |300  0.00528 -4.97749e+03
301 -0.00075 -5.02247e+03 |302 -0.00181 -5.44451e+03 |303 -0.00137 -5.07858e+03
304 -0.00048 -4.87958e+03 |305 -0.00227 -4.56215e+03 |306  0.01042 -4.36331e+03
307 -0.00222 -4.17666e+03 |308 -0.00167 -4.15969e+03 |309  0.00726 -4.19461e+03
310 -0.00068 -3.93602e+03 |311 -0.00109 -3.46303e+03 |312 -0.00414 -2.35806e+03
313  0.00087 -1.72544e+03 |314 -0.00028 -1.17880e+03 |315 -0.00095 -7.67014e+02
316 -0.00074 -5.82593e+02 |317  0.01164  8.54396e+01 |318 -0.01868 -4.60823e+00
319  0.00860  2.11962e+00 |320  0.00897  2.21221e+00 |321 -0.15668 -3.71179e+01
321 variables; iteration 140; function evaluation 147; phase 5
Function value 3.3254550e+03; maximum gradient component mag -3.4996e+04
Var    Value     Gradient |Var    Value     Gradient |Var    Value     Gradient
  1 -0.03397 -3.49961e+04 |  2  0.21660  3.65836e+00 |  3  0.13550 -7.05286e+01
  4 -0.14014 -4.85470e+01 |  5  0.00999 -1.46970e+01 |  6  0.15394 -4.94664e+01
  7  0.05660  3.04416e+01 |  8 -0.05509 -8.45008e+01 |  9  0.00309 -1.91604e+02
 10  0.00366  2.72594e+02 | 11  0.20377 -1.41182e+02 | 12 -0.12590  3.27437e+02
 13 -0.04829  3.51396e+02 | 14 -0.14146  3.72256e+02 | 15 -0.20914  3.37362e+02
 16  0.20387 -6.00316e+02 | 17  0.02887  2.36574e+02 | 18 -0.09655  3.64775e+02
 19 -0.04530  3.00856e+02 | 20 -0.02150  2.32340e+02 | 21 -0.11030  3.04470e+02
 22  0.02956  1.86766e+02 | 23 -0.10312  3.88375e+02 | 24 -0.01829  3.61043e+02
 25 -0.00250  2.81001e+02 | 26  0.04087  3.46945e+02 | 27 -0.10074  3.91747e+02
 28  0.00359  2.24634e+02 | 29  0.07306  2.98799e+02 | 30 -0.05209  4.53605e+02
 31 -0.20556  3.42561e+02 | 32  0.04022  2.02747e+02 | 33  0.05072  2.00196e+02
 34  0.06137  2.04108e+02 | 35  0.02832  2.03926e+02 | 36 -0.03634  2.80183e+02
 37 -0.00388  3.00786e+02 | 38  0.06378  2.59688e+02 | 39 -0.05450  3.37764e+02
 40  0.19016 -2.49976e+02 | 41  0.05051  3.56677e+02 | 42  0.08807  3.63224e+02
 43 -0.06223  3.22527e+02 | 44  0.15805 -1.19924e+03 | 45 -0.03199  2.70847e+02
 46 -0.03894  1.58594e+02 | 47 -0.02327 -1.55589e+01 | 48 -0.09062  1.73692e+02
 49  0.11332 -7.24360e+02 | 50  0.01430 -3.52999e+01 | 51  0.00039 -6.33889e+01
 52  0.01004 -5.14066e+02 | 53 -0.03785 -1.07139e+02 | 54  0.08475 -6.99172e+02
 55  0.00940 -3.58759e+02 | 56 -0.05568 -2.58208e+02 | 57 -0.06501 -2.59917e+02
 58  0.09037 -1.23604e+03 | 59 -0.04265 -2.28883e+02 | 60  0.01011 -6.13654e+02
 61 -0.00548 -7.06800e+02 | 62  0.06395 -1.04280e+03 | 63  0.09709 -7.39785e+02
 64 -0.05787 -1.08973e+02 | 65 -0.00467 -2.26897e+02 | 66  0.03190 -3.70795e+02
 67  0.00609 -2.28815e+02 | 68 -0.03872  2.33297e+02 | 69  0.01273 -2.15020e+02
 70  0.01696  3.37122e+02 | 71  0.15966  1.40126e+02 | 72 -0.05938  1.53690e+02
 73 -0.03820  2.65957e+02 | 74 -0.36784  3.57080e+01 | 75 -0.66998  1.50291e+02
 76 -0.82182  7.52320e+01 | 77 -0.75693  1.12920e+02 | 78 -0.77344  1.06646e+02
 79 -0.74690  1.78258e+02 | 80 -0.78898  2.63212e+02 | 81 -0.86667  5.01405e+01
 82 -0.84954  5.67301e+01 | 83 -1.33477 -2.71742e+02 | 84 -0.79282  2.07014e+02
 85 -0.77651  2.27568e+02 | 86 -0.80216  1.26981e+02 | 87 -0.72880  2.44293e+02
 88 -0.79634  1.15323e+02 | 89 -0.81401  6.65294e+01 | 90 -0.77221  7.51180e+01
 91 -0.77903  4.71379e+01 | 92 -0.78143  2.22601e+01 | 93 -0.82422  1.01723e+02
 94 -0.51942 -1.74792e-06 | 95 -0.16170  4.74866e-07 | 96 -1.04526  1.91787e-05
 97 -0.55625 -1.63116e-06 | 98  0.36956 -1.50604e+02 | 99  0.20674  3.89481e+02
100  0.13759  1.42692e+03 |101  0.08468 -2.11795e+03 |102 -0.16638 -3.63618e+02
103 -0.19693  5.09561e+01 |104 -0.15635 -2.42819e+02 |105  0.00238  1.20304e+04
106  0.16796  3.95301e+03 |107 -0.01049  4.51411e+03 |108  0.15882  1.40335e+03
109  0.09851  6.00717e+02 |110  0.13125 -3.23085e+02 |111 -0.06084 -1.05722e+03
112 -0.34345  1.47692e+03 |113 -0.17996  8.30725e+02 |114 -0.43768  4.03824e+02
115  0.02959  5.41988e+02 |116  0.39986  2.94865e+01 |117  0.01763  4.96636e+02
118  0.04630 -7.37097e+02 |119 -0.03000 -7.54617e+02 |120  0.08922 -7.11946e+02
121 -0.01514 -7.44427e+02 |122 -0.03749 -7.48843e+02 |123 -0.03675 -7.48712e+02
124 -0.03579 -7.46046e+02 |125  0.01111 -7.14225e+02 |126 -0.00322 -4.08457e+02
127 -0.00591 -2.59810e+02 |128  0.01570 -2.16343e+02 |129  0.00453 -1.68881e+02
130  0.00339 -1.61983e+02 |131 -0.01662 -1.63965e+02 |132  0.02579 -3.17335e+01
133 -0.00464 -6.40130e+01 |134 -0.00021 -5.51459e+01 |135 -0.00689 -9.94258e+01
136 -0.02379 -2.62742e+01 |137 -0.02295  8.39865e+01 |138  0.04405  2.77640e+02
139  0.00451  2.07611e+02 |140  0.02860  2.31888e+02 |141 -0.03899  2.14510e+02
142  0.00505  1.97829e+02 |143 -0.01710  3.05463e+02 |144  0.03837  3.41758e+02
145  0.00621  3.24042e+02 |146 -0.01185  3.14705e+02 |147 -0.01198  3.19778e+02
148  0.00725  3.63506e+02 |149  0.01799  3.81853e+02 |150 -0.00675  4.24765e+02
151 -0.03040  4.20766e+02 |152 -0.00035  5.58521e+02 |153  0.01922  5.84828e+02
154  0.00315  5.71491e+02 |155  0.00451  5.77999e+02 |156 -0.03427  5.32808e+02
157  0.04281  4.35933e+02 |158 -0.02725  4.11053e+02 |159  0.04302  4.41944e+02
160 -0.04417  4.04296e+02 |161 -0.00535  4.47871e+02 |162  0.00839  3.92761e+02
163  0.00727  3.58698e+02 |164 -0.00260  3.04691e+02 |165  0.03819  2.70825e+02
166 -0.05059  2.22747e+02 |167 -0.00390  1.71967e+02 |168  0.03211 -8.81983e+01
169 -0.15521 -1.52389e+02 |170  0.12743 -8.40238e+01 |171  0.00633 -1.96168e+02
172  0.01027 -1.28290e+02 |173  0.01185 -9.42837e+01 |174  0.00782 -9.35492e+01
175 -0.03626 -1.00915e+02 |176  0.00163 -1.36160e+01 |177 -0.00197  1.34075e+01
178  0.02027  2.83160e+01 |179  0.00354  5.32099e+00 |180 -0.00589 -3.82318e+01
181 -0.01263 -1.34100e+01 |182  0.06020  1.47662e+01 |183  0.06554  1.60577e+01
184  0.08300  2.02474e+01 |185 -0.01954 -4.81930e+00 |186 -0.00030  1.71226e+03
187  0.00715  2.77802e+03 |188  0.00105  3.03602e+03 |189  0.00621  3.21844e+03
190  0.24650  3.41819e+03 |191 -0.30021  3.17218e+03 |192  0.04829  3.87787e+03
193 -0.00625  3.98841e+03 |194 -0.01375  4.38741e+03 |195  0.01349  4.49626e+03
196 -0.01263  4.60214e+03 |197  0.00687  4.84699e+03 |198 -0.00149  5.06566e+03
199  0.00852  5.26983e+03 |200 -0.00539  5.43763e+03 |201 -0.00022  5.20633e+03
202  0.00338  5.40025e+03 |203 -0.00006  5.51126e+03 |204  0.00378  5.26293e+03
205  0.02245  4.63833e+03 |206 -0.02693  4.62587e+03 |207  0.00443  3.57000e+03
208 -0.00135  2.83436e+03 |209 -0.12623  2.56338e+03 |210  0.10171  2.53085e+03
211  0.02916  1.52968e+03 |212 -0.01367  6.28805e+02 |213 -0.00433  2.16463e+02
214  0.01232  3.90095e+02 |215 -0.00125 -1.63905e+01 |216 -0.00735  1.30041e+02
217 -0.00080  8.10914e+01 |218  0.00615  2.13690e+02 |219 -0.00574  1.62397e+02
220  0.00519  9.05664e+02 |221  0.00006  1.00764e+03 |222  0.00287  8.98360e+02
223  0.00231  4.44157e+02 |224 -0.01407  3.58200e+02 |225  0.00269  2.22106e+01
226  0.00950  2.57998e+02 |227 -0.00690  3.31023e+02 |228  0.00786  3.81991e+02
229  0.00005  3.83111e+02 |230 -0.00331  1.72734e+02 |231  0.00086 -4.56152e+02
232 -0.00588 -6.24469e+02 |233  0.00242 -9.51089e+02 |234  0.00013 -1.09812e+03
235 -0.00158 -1.08193e+03 |236 -0.00484 -1.41900e+03 |237  0.11754 -1.57950e+03
238 -0.12182 -1.63477e+03 |239  0.00733 -1.41225e+03 |240  0.00834 -1.28873e+03
241  0.00201 -1.05774e+03 |242 -0.01290 -7.91038e+02 |243 -0.00610 -6.37042e+02
244  0.01254 -1.90318e+02 |245  0.00259 -4.05953e+02 |246 -0.00146 -3.63000e+02
247 -0.00100 -4.94441e+02 |248 -0.00112 -7.53351e+02 |249 -0.00196 -1.48989e+02
250 -0.11275 -2.72411e+01 |251 -0.08578 -2.09092e+01 |252 -0.08617 -2.10040e+01
253  0.45874  7.78809e+01 |254 -0.01018  6.08382e+03 |255  0.02173  8.41213e+03
256 -0.00545  8.51013e+03 |257  0.00254  8.88334e+03 |258  0.00466  9.45258e+03
259  0.03587  9.91208e+03 |260 -0.04183  1.01376e+04 |261  0.00755  1.08237e+04
262  0.00060  1.13961e+04 |263 -0.01926  1.15461e+04 |264  0.01562  1.17723e+04
265 -0.01216  1.21329e+04 |266  0.00044  1.24681e+04 |267 -0.00097  1.28411e+04
268  0.00229  1.31724e+04 |269 -0.00238  1.31269e+04 |270  0.00542  1.35387e+04
271  0.00613  1.36988e+04 |272 -0.00216  1.32473e+04 |273  0.00392  1.28022e+04
274 -0.00060  1.25901e+04 |275  0.00299  1.15688e+04 |276 -0.00276  1.04292e+04
277  0.13877  1.00371e+04 |278 -0.11977  9.93148e+03 |279 -0.01728  9.08990e+03
280  0.00277  7.98836e+03 |281 -0.00085  7.36716e+03 |282 -0.00453  6.91965e+03
283  0.00383  6.22310e+03 |284 -0.00155  6.23700e+03 |285 -0.00103  6.00131e+03
286  0.00245  5.68765e+03 |287 -0.00059  5.35795e+03 |288  0.00585  5.40612e+03
289 -0.00212  5.46413e+03 |290 -0.00419  4.71593e+03 |291 -0.00155  4.14117e+03
292  0.00658  4.09724e+03 |293 -0.00779  3.76427e+03 |294 -0.00224  3.83191e+03
295 -0.00120  3.79005e+03 |296  0.00035  3.78866e+03 |297  0.00152  3.56407e+03
298  0.00430  3.65116e+03 |299 -0.00378  3.22771e+03 |300  0.00484  2.95708e+03
301 -0.00326  2.48011e+03 |302 -0.00000  1.98853e+03 |303 -0.00029  1.83368e+03
304 -0.00099  1.33821e+03 |305 -0.00434  1.09258e+03 |306  0.00866  1.00438e+03
307 -0.00275  1.15356e+03 |308  0.00047  1.12694e+03 |309  0.00694  8.27948e+02
310  0.00174  5.00103e+02 |311 -0.00059  3.43436e+02 |312 -0.00518  6.80900e+02
313  0.00231  2.22072e+02 |314 -0.00215 -3.60774e+02 |315  0.00118 -4.65623e+02
316 -0.00319 -7.47043e+02 |317  0.00672 -9.48219e+01 |318  0.03347  8.24387e+00
319 -0.04746 -1.16664e+01 |320 -0.05453 -1.33895e+01 |321 -0.05287 -1.29847e+01
321 variables; iteration 160; function evaluation 171; phase 5
Function value 3.1091874e+03; maximum gradient component mag 8.6520e+03
Var    Value     Gradient |Var    Value     Gradient |Var    Value     Gradient
  1 -0.03501  4.25057e+03 |  2  0.12389  5.31780e+01 |  3  0.20104  9.35128e+01
  4 -0.03209  4.09262e+00 |  5 -0.08216  2.14119e+00 |  6  0.15804  1.70475e+02
  7  0.01972  4.30113e+01 |  8 -0.03275 -2.54855e+01 |  9  0.01036 -1.04984e+02
 10  0.00453 -4.68341e+00 | 11  0.20768  1.68342e+02 | 12 -0.10376  4.31237e+00
 13 -0.03818  6.26645e+01 | 14 -0.16271  3.33511e+01 | 15 -0.17510  2.14002e+01
 16  0.22679  4.54720e+02 | 17  0.00357  9.30012e+01 | 18 -0.11269  4.06807e+01
 19 -0.02635  2.34345e+02 | 20 -0.01593  1.57129e+02 | 21 -0.09279  9.40297e+01
 22  0.03152  3.14851e+02 | 23 -0.12301  7.05225e+01 | 24 -0.03189  1.63556e+02
 25  0.00148  2.01237e+02 | 26  0.02324  2.81307e+02 | 27 -0.12385  2.64231e+01
 28  0.00801  1.80492e+02 | 29  0.08463  5.02213e+02 | 30 -0.06055  2.29615e+02
 31 -0.21723  5.06345e+00 | 32  0.04089  3.08117e+02 | 33  0.04443  1.69935e+02
 34  0.05490  2.61172e+02 | 35  0.02166  1.64573e+02 | 36 -0.07720  1.23232e+01
 37 -0.04189  1.00844e+02 | 38  0.06819  2.27035e+02 | 39 -0.06172  5.84501e+01
 40  0.21846  4.85367e+02 | 41  0.04617  2.48798e+02 | 42  0.09391  2.99480e+02
 43 -0.06249  1.32373e+02 | 44  0.17739  5.17665e+02 | 45 -0.03499  1.53656e+02
 46 -0.04832 -1.05949e+01 | 47 -0.02047  8.57599e+01 | 48 -0.09976 -7.15095e+01
 49  0.11814  2.45966e+02 | 50  0.01180  1.27309e+01 | 51  0.00468  1.07537e+02
 52  0.01080 -2.92975e+02 | 53 -0.03490 -1.74276e+02 | 54  0.08502 -2.99220e+02
 55  0.01135 -2.25895e+02 | 56 -0.05545 -3.26064e+02 | 57 -0.06213 -2.75550e+02
 58  0.09023 -5.83630e+02 | 59 -0.04121 -3.34764e+02 | 60  0.01289 -4.81904e+02
 61 -0.00692 -6.94454e+02 | 62  0.06763 -6.53697e+02 | 63  0.10198 -4.73110e+02
 64 -0.05193 -1.77557e+02 | 65 -0.00336 -2.37026e+02 | 66  0.03083 -6.64933e+02
 67  0.00829 -3.09255e+02 | 68 -0.03521 -4.76716e+01 | 69  0.01756 -4.00364e+02
 70  0.01603 -1.31324e+02 | 71  0.16079 -1.70318e+02 | 72 -0.03502 -2.03285e+01
 73 -0.05378 -1.91049e+02 | 74 -0.42625 -6.93567e+01 | 75 -0.67135  2.86129e+01
 76 -0.80822  3.63524e+01 | 77 -0.70646  6.43954e+01 | 78 -0.77202  3.41681e+01
 79 -0.74800  9.34813e+01 | 80 -0.80314  1.17684e+02 | 81 -0.85716  2.62212e+01
 82 -0.83053  4.16342e+01 | 83 -1.20567 -1.62759e+01 | 84 -0.81991  5.89506e+01
 85 -0.78401  1.16525e+02 | 86 -0.79991  5.32876e+01 | 87 -0.76713  1.04475e+02
 88 -0.79782  7.75130e+01 | 89 -0.81075  5.98604e+01 | 90 -0.77171  7.57153e+01
 91 -0.78639  4.27736e+01 | 92 -0.78472  4.27732e+01 | 93 -0.83097  1.31504e+02
 94 -1.14211  6.02187e-06 | 95 -0.47320 -5.34838e-06 | 96 -0.28258  1.78911e-04
 97 -1.52818  1.25003e-06 | 98  0.36109 -1.99674e+02 | 99  0.18352 -1.01393e+03
100  0.13697  7.65493e+02 |101  0.08727 -8.98056e+02 |102 -0.16749 -1.93608e+01
103 -0.19937  2.89294e+02 |104 -0.15448  1.45891e+02 |105 -0.00094  1.80301e+03
106  0.16882  1.30859e+03 |107 -0.01623  2.25314e+03 |108  0.16558  9.61736e+02
109  0.07933  3.70921e+02 |110  0.14093 -1.94682e+02 |111 -0.05265 -2.45616e+02
112 -0.33510  1.35751e+03 |113 -0.19036  7.04400e+02 |114 -0.33639  4.35818e+02
115 -0.05200  5.24630e+02 |116  0.09733  2.13023e+00 |117 -0.02193  3.32939e+02
118  0.04665 -9.72329e+02 |119 -0.01425 -9.87941e+02 |120 -0.01608 -9.86679e+02
121  0.00580 -9.30520e+02 |122 -0.00775 -9.32220e+02 |123 -0.01180 -9.33056e+02
124 -0.00645 -9.28320e+02 |125  0.00690 -9.05566e+02 |126 -0.00892 -6.58261e+02
127  0.00229 -5.75193e+02 |128  0.01658 -5.57289e+02 |129 -0.00373 -5.42277e+02
130 -0.00216 -5.35564e+02 |131 -0.01355 -5.29922e+02 |132  0.01585 -4.62432e+02
133  0.00555 -4.75097e+02 |134 -0.01162 -4.83144e+02 |135  0.00048 -4.55382e+02
136 -0.00920 -3.64072e+02 |137 -0.00899 -3.26494e+02 |138  0.02305 -3.28778e+02
139  0.04273 -3.88681e+02 |140 -0.04113 -4.12391e+02 |141 -0.02983 -4.01156e+02
142  0.04284 -2.34760e+02 |143 -0.03214 -2.69144e+02 |144  0.02205 -3.00277e+02
145 -0.00665 -2.85175e+02 |146  0.00684 -2.53832e+02 |147 -0.00263 -2.34852e+02
148  0.01372 -2.10250e+02 |149  0.01500 -2.10983e+02 |150 -0.03083 -1.97381e+02
151 -0.00718 -1.67453e+02 |152 -0.00563 -1.43409e+02 |153  0.02162 -1.18882e+02
154 -0.00122 -1.41981e+02 |155 -0.02165 -1.39968e+02 |156 -0.00886 -1.33567e+02
157  0.02989 -1.05082e+02 |158 -0.02067 -1.11735e+02 |159  0.02942 -7.00331e+00
160 -0.01193 -1.93761e+01 |161 -0.01433 -4.47055e+00 |162  0.00466 -4.73575e+01
163  0.00643 -5.82405e+01 |164 -0.00436 -1.08034e+02 |165  0.01048 -1.25768e+02
166 -0.02334 -1.41193e+02 |167 -0.00218 -1.89244e+02 |168  0.02740 -4.45192e+02
169 -0.04709 -4.77837e+02 |170  0.02200 -2.76961e+02 |171  0.00948 -3.22609e+02
172  0.02848 -2.38709e+02 |173 -0.00877 -2.37376e+02 |174 -0.01335 -2.35765e+02
175 -0.01225 -2.18127e+02 |176 -0.00028 -1.27433e+02 |177  0.00739 -7.33172e+01
178  0.00670 -6.37532e+01 |179  0.00169 -5.72637e+01 |180 -0.00363 -7.51546e+01
181  0.01855  2.13197e+01 |182  0.06924  1.69499e+01 |183  0.07564  1.84890e+01
184  0.09269  2.25486e+01 |185 -0.04028 -9.91336e+00 |186  0.00757 -4.40438e+03
187  0.00561 -3.93252e+03 |188 -0.00278 -3.80781e+03 |189  0.00858 -3.63193e+03
190  0.04548 -3.05115e+03 |191 -0.18444 -2.98513e+03 |192  0.12233 -2.90494e+03
193  0.00591 -2.78387e+03 |194 -0.01671 -2.33233e+03 |195  0.01890 -2.20844e+03
196 -0.01293 -2.20830e+03 |197 -0.00037 -2.01109e+03 |198  0.00164 -1.14022e+03
199  0.01094 -9.69128e+02 |200 -0.01088 -8.14182e+02 |201  0.00671 -6.22072e+02
202  0.00079 -5.18895e+02 |203  0.00038 -2.82328e+02 |204 -0.00349 -1.72304e+02
205  0.01881 -3.67071e+02 |206 -0.01950 -5.19495e+02 |207  0.01110 -8.54876e+02
208 -0.01360 -1.19454e+03 |209 -0.07151 -9.32942e+02 |210  0.06971 -8.51188e+02
211  0.01601 -8.03362e+02 |212 -0.01431 -1.50089e+03 |213  0.00318 -1.42344e+03
214  0.00380 -1.39704e+03 |215  0.00480 -1.44895e+03 |216 -0.00464 -1.50860e+03
217 -0.00326 -1.56253e+03 |218  0.01282 -1.66207e+03 |219 -0.00893 -1.68625e+03
220 -0.00501 -1.38765e+03 |221  0.00620 -1.23594e+03 |222  0.00536 -1.29017e+03
223 -0.00370 -1.08651e+03 |224 -0.02512 -1.02266e+03 |225  0.01278 -8.28239e+02
226  0.01529 -4.86887e+02 |227 -0.00810 -5.08604e+02 |228 -0.00062 -5.11546e+02
229  0.00135  2.41276e+01 |230 -0.00765  1.48060e+02 |231  0.01349 -3.70831e+01
232 -0.01321 -2.47919e+02 |233  0.00644 -3.18722e+02 |234  0.00361 -1.97380e+02
235 -0.00163 -3.54932e+02 |236 -0.00497 -9.51137e+02 |237  0.00909 -1.88407e+03
238 -0.01134 -1.79776e+03 |239  0.00553 -1.91739e+03 |240  0.00595 -2.00859e+03
241  0.00552 -1.76989e+03 |242 -0.00996 -1.54958e+03 |243 -0.00510 -1.52565e+03
244  0.00723 -1.27316e+03 |245 -0.00145 -1.38737e+03 |246 -0.00352 -1.15828e+03
247  0.00000 -1.04488e+03 |248 -0.00131 -9.67091e+02 |249  0.00215 -3.59891e+02
250 -0.14965 -3.55799e+01 |251 -0.11385 -2.74952e+01 |252 -0.10310 -2.49972e+01
253  0.52842  7.82270e+01 |254 -0.00516  3.26345e+03 |255  0.02125  5.62998e+03
256 -0.00484  5.50612e+03 |257 -0.00358  5.53042e+03 |258  0.00652  6.28196e+03
259  0.13396  6.51386e+03 |260 -0.13511  6.52580e+03 |261 -0.00145  7.13413e+03
262  0.01093  7.77290e+03 |263 -0.02132  7.89804e+03 |264  0.01126  7.76084e+03
265 -0.01022  7.93846e+03 |266  0.00437  8.65197e+03 |267 -0.00407  8.44526e+03
268  0.00313  8.24777e+03 |269 -0.00526  8.27101e+03 |270  0.00518  8.29771e+03
271  0.00396  8.32848e+03 |272  0.00427  7.90080e+03 |273 -0.00581  7.20254e+03
274  0.00318  7.06415e+03 |275 -0.00267  6.54949e+03 |276  0.00512  6.09598e+03
277  0.09272  5.93056e+03 |278 -0.09765  5.92218e+03 |279  0.00077  6.11180e+03
280  0.00400  5.13529e+03 |281 -0.00386  4.79777e+03 |282 -0.00484  4.54767e+03
283  0.00865  4.52887e+03 |284 -0.00268  4.18363e+03 |285  0.00439  3.96438e+03
286 -0.00941  3.48566e+03 |287  0.00488  3.42763e+03 |288  0.01311  3.54666e+03
289 -0.01135  3.53335e+03 |290 -0.00885  3.27803e+03 |291  0.00785  3.60279e+03
292  0.01517  3.77468e+03 |293 -0.01314  3.86596e+03 |294 -0.00505  3.93799e+03
295 -0.00218  3.74212e+03 |296  0.00107  3.69690e+03 |297  0.00366  3.64371e+03
298  0.00931  3.71030e+03 |299 -0.01364  3.12172e+03 |300  0.01245  3.00491e+03
301 -0.00989  2.57215e+03 |302  0.00524  2.44255e+03 |303 -0.00191  2.03436e+03
304  0.00047  1.34134e+03 |305 -0.00468  4.63066e+02 |306  0.00663  2.95777e+02
307 -0.00314  1.33846e+02 |308 -0.00008  7.59211e-01 |309  0.00375 -2.34008e+02
310  0.00758 -2.25160e+02 |311 -0.00793 -6.32779e+02 |312 -0.00112 -3.09049e+02
313  0.00350 -5.70436e+02 |314 -0.00131 -7.65186e+02 |315 -0.00087 -7.80429e+02
316  0.00169 -6.68440e+02 |317 -0.00311 -4.65179e+02 |318  0.02698  6.64834e+00
319 -0.05374 -1.31976e+01 |320 -0.05051 -1.24094e+01 |321 -0.01732 -4.27162e+00
321 variables; iteration 180; function evaluation 192; phase 5
Function value 3.0705987e+03; maximum gradient component mag 8.8304e+03
Var    Value     Gradient |Var    Value     Gradient |Var    Value     Gradient
  1 -0.03576  6.48943e+03 |  2  0.17899  7.97946e+01 |  3  0.21721  1.00044e+02
  4 -0.07636 -1.40603e+01 |  5 -0.06864 -1.46939e+00 |  6  0.14366  9.98448e+01
  7  0.02842  7.41485e+01 |  8 -0.04047 -2.92723e+01 |  9  0.06055 -1.14871e+01
 10 -0.01674 -4.15681e+01 | 11  0.20751  1.18987e+02 | 12 -0.11593 -2.93365e+01
 13 -0.03505  2.62959e+01 | 14 -0.15172  6.66430e+00 | 15 -0.23989 -3.64771e+01
 16  0.22491  2.69618e+02 | 17  0.01999  8.98105e+01 | 18 -0.09216  3.26681e+01
 19 -0.02506  1.72864e+02 | 20 -0.00828  1.12311e+02 | 21 -0.08303  7.44777e+01
 22  0.03925  2.61285e+02 | 23 -0.12780  1.78208e+01 | 24 -0.04147  6.92418e+01
 25 -0.00066  1.08947e+02 | 26  0.02444  1.96617e+02 | 27 -0.12387 -5.19541e+00
 28  0.01365  1.47559e+02 | 29  0.07925  3.65249e+02 | 30 -0.06564  1.55063e+02
 31 -0.20510  2.08292e+00 | 32  0.04399  2.14646e+02 | 33  0.03980  1.05830e+02
 34  0.05878  2.38081e+02 | 35  0.02163  1.03525e+02 | 36 -0.07616 -2.15421e+01
 37 -0.03911  6.07632e+01 | 38  0.07387  2.14628e+02 | 39 -0.05632  4.46735e+01
 40  0.21750  4.00744e+02 | 41  0.04223  1.90788e+02 | 42  0.09778  3.22037e+02
 43 -0.06394  9.33579e+01 | 44  0.18364  8.08208e+02 | 45 -0.04135  6.49127e+01
 46 -0.05132 -8.37669e+01 | 47 -0.02276  4.27057e+01 | 48 -0.10086 -9.49961e+01
 49  0.12018  4.20298e+02 | 50  0.01294  6.87744e+01 | 51  0.00944  2.28244e+02
 52  0.02087  1.89085e+01 | 53 -0.03422 -1.12757e+02 | 54  0.08560 -1.66628e+02
 55  0.00418 -3.12953e+02 | 56 -0.04854 -1.25973e+02 | 57 -0.06597 -3.04913e+02
 58  0.09228 -3.27053e+02 | 59 -0.04168 -2.78004e+02 | 60  0.01452 -3.71273e+02
 61 -0.00480 -6.09314e+02 | 62  0.07047 -4.74645e+02 | 63  0.10559 -2.07558e+02
 64 -0.05208 -1.60796e+02 | 65 -0.00217 -1.80939e+02 | 66  0.03230 -5.91948e+02
 67  0.00985 -2.36668e+02 | 68 -0.03882 -1.14970e+02 | 69  0.01519 -4.75368e+02
 70  0.00901 -2.88698e+02 | 71  0.15906 -2.82181e+02 | 72 -0.03614 -5.19316e+01
 73 -0.04818 -1.86844e+02 | 74 -0.34167 -3.31921e+01 | 75 -0.67170 -1.63472e+01
 76 -0.80042  2.53079e+01 | 77 -0.71103  1.91356e+01 | 78 -0.77508  2.65043e+00
 79 -0.73481  8.19619e+01 | 80 -0.80228  7.93011e+01 | 81 -0.86743 -2.46253e+01
 82 -0.82297  3.37289e+01 | 83 -1.20374  2.47960e+00 | 84 -0.82406  2.42133e+01
 85 -0.77763  9.19950e+01 | 86 -0.83255  3.00206e+00 | 87 -0.76836  7.61598e+01
 88 -0.79923  5.58926e+01 | 89 -0.82615  1.27579e+01 | 90 -0.77068  6.54638e+01
 91 -0.79872  3.35136e+00 | 92 -0.78225  3.98213e+01 | 93 -0.83915  6.13707e+01
 94 -1.28180  3.07112e-06 | 95 -0.54071 -9.45802e-05 | 96 -0.10429  3.37409e-03
 97 -1.75040  5.64772e-07 | 98  0.36903 -1.17178e+02 | 99  0.20882 -1.10149e+02
100  0.14229  1.27419e+03 |101  0.08928 -4.94802e+02 |102 -0.17040 -3.74061e+02
103 -0.19988  7.00324e+00 |104 -0.15668 -3.79415e+01 |105 -0.00180  1.28494e+03
106  0.17078  1.78031e+03 |107 -0.01615  2.55218e+03 |108  0.16656  1.08272e+03
109  0.07615  3.73813e+02 |110  0.15165 -1.24850e+02 |111 -0.05302 -5.23439e+01
112 -0.32855  3.68959e+02 |113 -0.19948  5.84912e+02 |114 -0.33086  4.16637e+02
115 -0.05305  5.09236e+02 |116  0.10836 -3.15219e+00 |117 -0.01884  3.31684e+02
118  0.05975 -5.66357e+02 |119 -0.06710 -5.95995e+02 |120  0.04485 -5.57252e+02
121 -0.01936 -5.63436e+02 |122 -0.02219 -5.62184e+02 |123 -0.01822 -5.61311e+02
124 -0.00125 -5.36470e+02 |125  0.03190 -5.03519e+02 |126 -0.01570 -2.87578e+02
127  0.00711 -2.01443e+02 |128  0.01426 -1.87599e+02 |129 -0.00470 -1.79312e+02
130 -0.00524 -1.88274e+02 |131 -0.01053 -1.79256e+02 |132  0.00833 -1.36037e+02
133  0.01117 -1.33717e+02 |134 -0.00666 -1.40980e+02 |135 -0.00376 -1.48051e+02
136 -0.01106 -5.98307e+01 |137 -0.00218 -1.04343e+01 |138  0.01760 -1.71501e+01
139 -0.00448 -8.54024e+01 |140  0.02085 -4.96116e+01 |141 -0.03879 -6.21643e+01
142  0.03232  3.92435e+01 |143 -0.02477  2.52584e+01 |144  0.02270 -8.08717e+00
145  0.00018 -1.99865e+00 |146 -0.00589 -3.66982e-02 |147 -0.00002  3.14298e+01
148  0.02479  4.97788e+01 |149 -0.00244  3.61782e+01 |150 -0.02774  7.04787e+01
151 -0.01063  1.08117e+02 |152 -0.00197  1.70038e+02 |153  0.02419  1.94825e+02
154 -0.01019  1.72646e+02 |155 -0.00225  1.92172e+02 |156 -0.01654  1.71495e+02
157  0.02537  1.98611e+02 |158 -0.01497  1.96621e+02 |159  0.03243  2.32542e+02
160 -0.00781  2.13482e+02 |161 -0.02133  2.04503e+02 |162  0.00418  1.41529e+02
163  0.00001  1.14876e+02 |164 -0.00540  8.72062e+01 |165  0.00505  9.95910e+01
166 -0.01472  1.05532e+02 |167 -0.00445  5.28879e+01 |168  0.04292 -1.93628e+02
169 -0.05628 -2.44173e+02 |170  0.01980 -8.74524e+01 |171  0.01175 -1.37852e+02
172  0.03099 -8.92307e+01 |173 -0.01446 -9.51070e+01 |174 -0.01170 -9.22590e+01
175 -0.01587 -7.77007e+01 |176  0.00610 -7.29004e+00 |177  0.00491  1.18176e+01
178  0.00960  1.35527e+01 |179 -0.00204 -3.75227e+00 |180 -0.00038 -2.84645e+01
181 -0.00451 -1.56615e+00 |182  0.08470  2.06533e+01 |183  0.08314  2.02804e+01
184  0.08382  2.04426e+01 |185  0.08780  2.13902e+01 |186  0.00520 -4.83508e+02
187  0.01148 -1.10094e+02 |188 -0.02020 -9.98471e+01 |189  0.01565  9.12318e+01
190  0.07922  7.40201e+02 |191 -0.19768  6.46029e+02 |192  0.10535  8.19229e+02
193 -0.00709  9.09940e+02 |194  0.00649  1.33712e+03 |195  0.00416  9.56157e+02
196 -0.01265  1.03962e+03 |197 -0.00224  1.18954e+03 |198  0.00492  1.82455e+03
199  0.00923  1.87501e+03 |200 -0.00968  2.03511e+03 |201  0.00463  2.09031e+03
202  0.00154  2.23962e+03 |203  0.00357  2.45737e+03 |204 -0.00535  2.53875e+03
205  0.01281  2.49150e+03 |206 -0.01407  2.41318e+03 |207  0.00826  2.31919e+03
208 -0.00854  2.28602e+03 |209 -0.04332  2.46168e+03 |210  0.04545  2.48809e+03
211  0.00711  2.62395e+03 |212 -0.00947  2.15188e+03 |213  0.00505  2.30598e+03
214  0.00085  2.17193e+03 |215  0.00710  2.12368e+03 |216 -0.00612  1.92377e+03
217 -0.00454  1.72225e+03 |218  0.01275  1.65055e+03 |219 -0.00681  1.61332e+03
220 -0.00377  1.83264e+03 |221  0.00383  1.83892e+03 |222  0.00560  1.78384e+03
223 -0.00604  2.00159e+03 |224 -0.02398  2.08253e+03 |225  0.01307  2.45804e+03
226  0.01791  2.59501e+03 |227 -0.01104  2.50628e+03 |228  0.00021  2.38447e+03
229  0.00176  2.82790e+03 |230 -0.00544  3.00884e+03 |231  0.01099  2.87268e+03
232 -0.01457  2.64218e+03 |233  0.00906  2.68120e+03 |234  0.00630  2.71121e+03
235 -0.00038  2.47183e+03 |236 -0.01208  1.63299e+03 |237  0.00932  8.20244e+02
238 -0.00740  9.16406e+02 |239  0.00574  7.59874e+02 |240  0.00688  5.34258e+02
241  0.00494  4.28205e+02 |242 -0.01290  4.09838e+02 |243 -0.00418  4.27517e+02
244  0.00797  2.97090e+02 |245  0.00200 -7.70107e+01 |246 -0.00475 -1.23505e+02
247 -0.00215 -1.83043e+02 |248 -0.00075 -3.48656e+02 |249  0.00288 -3.26889e+01
250 -0.02979 -7.34025e+00 |251 -0.02997 -7.38329e+00 |252 -0.03625 -8.92557e+00
253  0.22424  5.08656e+01 |254 -0.00641  5.44270e+03 |255  0.02255  7.49300e+03
256 -0.00031  7.24716e+03 |257 -0.00940  7.23417e+03 |258  0.00702  7.89275e+03
259  0.11529  8.02219e+03 |260 -0.11023  8.05616e+03 |261 -0.00379  8.28323e+03
262 -0.00340  8.83043e+03 |263 -0.01053  8.51869e+03 |264  0.01542  8.36945e+03
265 -0.00945  8.41729e+03 |266  0.00042  8.82685e+03 |267 -0.00373  8.44742e+03
268  0.00292  8.12957e+03 |269 -0.00614  7.98736e+03 |270  0.00432  7.96920e+03
271  0.00126  7.93989e+03 |272  0.00574  7.59484e+03 |273 -0.00289  7.06535e+03
274  0.00028  6.83565e+03 |275 -0.00076  6.55065e+03 |276  0.00329  6.20902e+03
277  0.06257  6.07516e+03 |278 -0.07252  6.00854e+03 |279  0.00756  6.37786e+03
280 -0.00046  5.49665e+03 |281 -0.00321  5.38999e+03 |282 -0.00181  5.30732e+03
283  0.00906  5.32978e+03 |284 -0.00198  4.88552e+03 |285  0.00364  4.55601e+03
286 -0.00959  4.10120e+03 |287  0.00604  4.03405e+03 |288  0.01159  4.04138e+03
289 -0.01226  3.88717e+03 |290 -0.00880  3.78893e+03 |291  0.00905  4.14584e+03
292  0.01265  4.31182e+03 |293 -0.00885  4.60289e+03 |294 -0.01037  4.40666e+03
295  0.00318  4.52725e+03 |296 -0.00039  4.31982e+03 |297  0.00052  4.21937e+03
298  0.00762  4.48667e+03 |299 -0.00971  4.16466e+03 |300  0.01294  4.09699e+03
301 -0.01117  3.74846e+03 |302  0.00312  3.72059e+03 |303 -0.00053  3.49281e+03
304  0.00317  2.74306e+03 |305 -0.00554  1.91709e+03 |306  0.00373  1.77389e+03
307 -0.00273  1.72214e+03 |308  0.00169  1.71933e+03 |309  0.00555  1.32691e+03
310  0.00650  1.09980e+03 |311 -0.00357  6.79827e+02 |312 -0.00392  5.48642e+02
313  0.00128 -2.44003e+01 |314 -0.00212 -3.22121e+02 |315  0.00054 -3.22422e+02
316  0.00067 -4.01327e+02 |317 -0.00356 -3.12304e+02 |318 -0.00040 -9.88620e-02
319 -0.02022 -4.98608e+00 |320 -0.02741 -6.75545e+00 |321 -0.02708 -6.67467e+00
321 variables; iteration 200; function evaluation 213; phase 5
Function value 3.0190650e+03; maximum gradient component mag 7.2209e+03
Var    Value     Gradient |Var    Value     Gradient |Var    Value     Gradient
  1 -0.03426  7.22086e+03 |  2  0.13113  3.88213e+01 |  3  0.21061  6.10352e+01
  4 -0.08308 -2.19277e+01 |  5 -0.13544 -2.82032e+01 |  6  0.13206  3.88120e+01
  7  0.00985  5.86136e+01 |  8 -0.02387 -7.81392e+00 |  9  0.05557 -2.11845e+01
 10 -0.02020 -6.09124e+01 | 11  0.21271  8.40335e+01 | 12 -0.10743 -3.39098e+01
 13 -0.03650 -4.06603e+00 | 14 -0.14567  2.54456e+00 | 15 -0.12815  1.22688e+01
 16  0.22363  1.44118e+02 | 17  0.02843  7.51180e+01 | 18 -0.09256  1.80739e+01
 19 -0.02503  1.26315e+02 | 20 -0.01210  5.65618e+01 | 21 -0.08727  6.20113e+01
 22  0.03872  1.65160e+02 | 23 -0.14952 -3.15140e+01 | 24 -0.04644  2.64511e+01
 25  0.00926  1.16310e+02 | 26  0.01137  1.06475e+02 | 27 -0.13134 -3.11252e+01
 28  0.00912  1.36067e+02 | 29  0.07273  2.64349e+02 | 30 -0.08767  6.55618e+01
 31 -0.20912 -5.17973e+00 | 32  0.04475  1.71386e+02 | 33  0.04066  8.04353e+01
 34  0.06538  2.29608e+02 | 35  0.01770  5.22509e+01 | 36 -0.06849 -1.13545e+01
 37 -0.03066  6.39060e+01 | 38  0.07652  2.36745e+02 | 39 -0.05087  5.29137e+01
 40  0.21281  3.52869e+02 | 41  0.03848  1.60465e+02 | 42  0.09155  2.55762e+02
 43 -0.06733  5.08046e+01 | 44  0.18276  8.00369e+02 | 45 -0.04417  4.15856e+01
 46 -0.05143 -7.69081e+01 | 47 -0.02747 -2.38224e+01 | 48 -0.09332 -7.87247e+00
 49  0.11827  5.00185e+02 | 50  0.01023  5.16309e+01 | 51  0.00191  1.46986e+02
 52  0.01537 -3.43182e+01 | 53 -0.03084  3.72614e+01 | 54  0.08303 -5.88800e+01
 55  0.00238 -2.31984e+02 | 56 -0.05235 -1.29097e+02 | 57 -0.06583 -2.03744e+02
 58  0.09204 -4.46331e+01 | 59 -0.04290 -2.42355e+02 | 60  0.01680 -1.97278e+02
 61 -0.00462 -4.87498e+02 | 62  0.07089 -3.21959e+02 | 63  0.10374 -9.81556e+01
 64 -0.05604 -1.55703e+02 | 65 -0.00814 -2.17133e+02 | 66  0.03361 -4.42430e+02
 67  0.00836 -1.83866e+02 | 68 -0.03874 -9.26291e+01 | 69  0.01491 -4.71988e+02
 70  0.01302 -1.54271e+02 | 71  0.15922 -1.68830e+02 | 72 -0.04288 -1.10447e+02
 73 -0.03648 -9.50177e+01 | 74 -0.31675  7.13388e+00 | 75 -0.67284 -3.06121e+01
 76 -0.81668 -3.28714e+01 | 77 -0.71155 -6.23276e+00 | 78 -0.77513 -9.02867e+00
 79 -0.75255  3.76341e+01 | 80 -0.79804  8.19298e+01 | 81 -0.85623  5.08590e-01
 82 -0.83800 -7.59974e+00 | 83 -1.20801  1.26246e+01 | 84 -0.81077  4.31064e+01
 85 -0.77599  8.01788e+01 | 86 -0.83913 -9.55403e+00 | 87 -0.77944  5.53947e+01
 88 -0.80641  3.73204e+01 | 89 -0.83231 -3.84212e+00 | 90 -0.78638  3.69139e+01
 91 -0.80537 -7.93663e-01 | 92 -0.79229  2.83768e+01 | 93 -0.85345  1.43955e+01
 94 -0.91011 -9.57001e-06 | 95 -0.73902 -7.99799e-05 | 96 -0.10000  4.87587e-03
 97 -1.75138  5.62130e-07 | 98  0.37843 -1.74585e+02 | 99  0.23239 -1.60715e+03
100  0.26280 -3.65594e+02 |101  0.08957 -3.91513e+02 |102 -0.16972 -2.12642e+02
103 -0.19967  1.69115e+02 |104 -0.15811  1.32684e+02 |105 -0.00253 -1.91182e+03
106  0.17036  5.80319e+02 |107 -0.01819  1.46791e+03 |108  0.16629  7.42723e+02
109  0.07085  3.02830e+02 |110  0.16209 -8.45094e+01 |111 -0.05449 -3.74851e+01
112 -0.32983  6.42266e+02 |113 -0.19316  5.80985e+02 |114 -0.32937  4.01306e+02
115 -0.06432  4.88714e+02 |116  0.08861  2.31799e+00 |117 -0.03926  2.62912e+02
118  0.05091 -8.62753e+02 |119 -0.03626 -8.84405e+02 |120  0.02108 -8.69078e+02
121 -0.01767 -8.68077e+02 |122 -0.02385 -8.67780e+02 |123 -0.01771 -8.66336e+02
124  0.01233 -8.43640e+02 |125  0.00403 -8.20561e+02 |126  0.00955 -6.31372e+02
127  0.00487 -5.95427e+02 |128 -0.00721 -5.92006e+02 |129 -0.00211 -5.58730e+02
130  0.00718 -5.18511e+02 |131 -0.00927 -5.20048e+02 |132  0.00676 -4.97451e+02
133  0.01100 -5.07549e+02 |134 -0.01040 -5.16292e+02 |135 -0.00049 -4.97590e+02
136 -0.01626 -4.38706e+02 |137  0.00616 -3.47669e+02 |138  0.00937 -3.77889e+02
139 -0.00232 -3.92250e+02 |140  0.00941 -3.60630e+02 |141 -0.01328 -3.60453e+02
142  0.01952 -3.27419e+02 |143 -0.02758 -3.40237e+02 |144  0.02498 -2.93200e+02
145  0.00364 -2.87317e+02 |146 -0.00297 -2.87073e+02 |147 -0.00504 -2.70907e+02
148  0.01036 -2.55972e+02 |149  0.01486 -2.53566e+02 |150 -0.02828 -2.30437e+02
151 -0.01193 -2.01537e+02 |152 -0.00022 -1.57708e+02 |153  0.01704 -1.41066e+02
154 -0.00677 -1.47701e+02 |155 -0.01317 -1.31022e+02 |156 -0.00844 -1.13155e+02
157  0.02683 -4.97945e+01 |158 -0.01125 -4.59502e+01 |159  0.01778 -1.97422e+01
160 -0.00498 -1.60170e+01 |161 -0.01758 -1.20750e+01 |162  0.00853 -7.50888e+00
163  0.00098 -2.11314e+01 |164 -0.00291 -2.40499e+01 |165  0.00489 -2.30415e+01
166 -0.01187 -1.80018e+01 |167 -0.00848 -8.44101e+01 |168  0.03508 -2.43226e+02
169 -0.04436 -2.81471e+02 |170  0.01535 -1.40680e+02 |171  0.01417 -1.58721e+02
172  0.01716 -1.17396e+02 |173  0.00399 -1.05419e+02 |174 -0.01250 -1.08080e+02
175 -0.02096 -1.00555e+02 |176  0.00933 -2.80732e+01 |177  0.00302 -1.92776e+01
178  0.00809 -1.88001e+01 |179 -0.00541 -3.74134e+01 |180 -0.00312 -5.02715e+01
181  0.01656  2.03575e+01 |182  0.01432  3.53231e+00 |183  0.00539  1.33007e+00
184  0.01625  4.00858e+00 |185  0.20405  4.69696e+01 |186  0.00384 -7.16771e+03
187  0.00841 -6.65933e+03 |188 -0.02076 -6.63310e+03 |189  0.01756 -6.48667e+03
190  0.04796 -5.96281e+03 |191 -0.16716 -5.82545e+03 |192  0.09976 -5.86402e+03
193  0.01295 -5.80023e+03 |194 -0.02486 -5.49174e+03 |195  0.01895 -5.59819e+03
196 -0.00921 -5.44432e+03 |197  0.00071 -5.29342e+03 |198  0.00134 -4.84326e+03
199  0.00579 -4.67665e+03 |200 -0.00362 -4.39073e+03 |201 -0.00241 -4.28697e+03
202  0.00717 -4.07596e+03 |203  0.00310 -3.77138e+03 |204 -0.00994 -3.68017e+03
205  0.01342 -3.39862e+03 |206 -0.01317 -3.42375e+03 |207  0.00996 -3.30402e+03
208 -0.00666 -3.30190e+03 |209 -0.07028 -3.32485e+03 |210  0.06980 -3.24285e+03
211  0.00566 -3.09352e+03 |212 -0.00827 -3.26925e+03 |213  0.00355 -3.04411e+03
214  0.00187 -2.98526e+03 |215  0.00789 -2.95205e+03 |216 -0.00813 -3.04031e+03
217 -0.00423 -3.01132e+03 |218  0.01176 -2.88775e+03 |219 -0.00365 -2.72037e+03
220 -0.00466 -2.52323e+03 |221  0.00584 -2.51419e+03 |222 -0.00256 -2.55345e+03
223 -0.00115 -2.17883e+03 |224 -0.01472 -2.02315e+03 |225  0.00693 -1.68654e+03
226  0.01338 -1.40099e+03 |227 -0.01021 -1.36527e+03 |228  0.00499 -1.08323e+03
229 -0.00253 -7.91556e+02 |230 -0.00330 -5.09720e+02 |231  0.00692 -3.87614e+02
232 -0.00916 -3.83204e+02 |233  0.00618 -1.39671e+02 |234  0.00530  2.49330e+01
235 -0.00076 -1.05253e+02 |236 -0.00968 -6.60585e+02 |237  0.00517 -1.05187e+03
238 -0.00782 -7.14911e+02 |239  0.00805 -5.43127e+02 |240  0.00981 -5.04088e+02
241  0.00390 -4.95699e+02 |242 -0.01172 -4.14991e+02 |243 -0.00630 -3.82427e+02
244  0.00796 -4.03660e+02 |245  0.00281 -5.81298e+02 |246 -0.00448 -5.53214e+02
247 -0.00519 -5.44098e+02 |248  0.00392 -4.65556e+02 |249  0.00011 -1.66526e+02
250  0.02317  5.71138e+00 |251 -0.01726 -4.25549e+00 |252 -0.08816 -2.14744e+01
253  0.21804  4.96888e+01 |254 -0.03420 -1.66903e+03 |255  0.02184 -1.45778e+02
256  0.00205 -2.39999e+02 |257 -0.01053 -2.97187e+02 |258  0.00821  2.65267e+02
259  0.11732  4.72795e+02 |260 -0.11183  4.47878e+02 |261 -0.00429  5.55506e+02
262  0.00979  9.89118e+02 |263 -0.02501  9.02550e+02 |264  0.01380  7.33499e+02
265 -0.01099  8.17953e+02 |266 -0.00046  1.14394e+03 |267 -0.00154  1.12637e+03
268 -0.00086  9.70055e+02 |269 -0.00044  1.09279e+03 |270 -0.00006  1.09177e+03
271  0.00329  1.21831e+03 |272  0.00527  1.01142e+03 |273 -0.00283  9.29736e+02
274  0.00245  8.07766e+02 |275 -0.00215  6.78343e+02 |276  0.00621  4.91390e+02
277  0.07825  2.06061e+02 |278 -0.08840  2.05645e+02 |279  0.00543  5.66261e+02
280  0.00142 -1.46225e+01 |281 -0.00425 -1.13319e+02 |282 -0.00129 -2.25334e+01
283  0.00757  8.95168e-03 |284 -0.00069 -2.41340e+02 |285  0.00073 -3.93153e+02
286 -0.00561 -5.48333e+02 |287  0.00401 -5.00124e+02 |288  0.01289 -4.17733e+02
289 -0.01426 -5.64284e+02 |290 -0.00033 -4.70447e+02 |291  0.00336 -1.90405e+02
292  0.00466 -9.93214e+01 |293 -0.00521  2.51162e+02 |294 -0.00622  3.23680e+02
295  0.00150  3.80048e+02 |296 -0.00125  5.10775e+02 |297  0.00369  4.91684e+02
298  0.00280  7.24783e+02 |299 -0.00468  7.95084e+02 |300  0.00735  6.49298e+02
301 -0.00730  6.15383e+02 |302  0.00276  6.35246e+02 |303 -0.00118  5.53970e+02
304  0.00100  1.12655e+02 |305 -0.00245 -2.21618e+02 |306  0.00624 -2.47378e+02
307 -0.00574 -1.34581e+02 |308 -0.00017  1.25412e+02 |309  0.00640  2.74438e+01
310  0.00679  2.67831e+01 |311 -0.00235 -2.37041e+02 |312 -0.00511 -2.45303e+02
313  0.00173 -5.64936e+02 |314 -0.00237 -6.96351e+02 |315  0.00289 -5.49211e+02
316 -0.00151 -4.95527e+02 |317 -0.00250 -3.84998e+02 |318  0.08398  2.04823e+01
319 -0.02541 -6.26269e+00 |320 -0.10313 -2.50040e+01 |321 -0.03963 -9.75403e+00
321 variables; iteration 220; function evaluation 234; phase 5
Function value 2.9886108e+03; maximum gradient component mag -6.9418e+03
Var    Value     Gradient |Var    Value     Gradient |Var    Value     Gradient
  1 -0.03426  3.84099e+03 |  2  0.08771 -9.26655e+00 |  3  0.16512 -4.11167e+01
  4 -0.03161 -2.65696e+01 |  5 -0.15094 -3.47802e+01 |  6  0.12429 -4.85265e+00
  7 -0.00635  2.33648e+01 |  8 -0.00515 -1.83150e+00 |  9  0.04573 -1.70648e+01
 10  0.01725 -2.17096e+01 | 11  0.21672  1.64938e+01 | 12 -0.10744 -2.31678e+01
 13 -0.01993  2.40381e+01 | 14 -0.13514  1.15887e+01 | 15 -0.18050 -2.70702e+01
 16  0.22497 -3.25858e+01 | 17  0.03942  6.34776e+01 | 18 -0.10384  7.43988e-01
 19 -0.02215  6.70427e+01 | 20 -0.01715  4.07288e+00 | 21 -0.08385  2.55243e+01
 22  0.04110  6.81614e+01 | 23 -0.16834 -6.01039e+01 | 24 -0.04406 -3.94649e+01
 25  0.00813  4.81923e+01 | 26  0.01401  3.47459e+01 | 27 -0.15072 -5.45084e+01
 28  0.00479  5.70334e+01 | 29  0.06559  8.56399e+01 | 30 -0.09119  3.20416e+01
 31 -0.23356 -3.38571e+01 | 32  0.04281  9.11866e+01 | 33  0.04135  2.82511e+01
 34  0.06789  1.52648e+02 | 35  0.03182  6.40753e+01 | 36 -0.06425 -1.05546e+01
 37 -0.01927  8.45871e+01 | 38  0.07696  1.94204e+02 | 39 -0.04305  7.82425e+01
 40  0.20794  2.32833e+02 | 41  0.03838  1.43006e+02 | 42  0.08669  1.75920e+02
 43 -0.06931  4.07542e+01 | 44  0.18353  7.51176e+02 | 45 -0.04382  4.32038e+01
 46 -0.05405 -1.08781e+02 | 47 -0.03021 -9.40310e+01 | 48 -0.09669 -2.60623e+01
 49  0.11808  4.97989e+02 | 50  0.01185  8.16802e+01 | 51 -0.00028  1.00224e+02
 52  0.01340 -6.59251e+01 | 53 -0.03681 -3.01617e+01 | 54  0.08203 -3.72657e+01
 55  0.00148 -1.92394e+02 | 56 -0.04747 -2.20550e+01 | 57 -0.06073 -7.10408e+01
 58  0.09281  1.19717e+02 | 59 -0.03944 -1.57444e+02 | 60  0.01750 -1.18651e+02
 61 -0.00491 -4.22072e+02 | 62  0.07013 -2.61888e+02 | 63  0.10313 -2.70057e+01
 64 -0.05777 -1.34073e+02 | 65 -0.01048 -1.95062e+02 | 66  0.03426 -3.27135e+02
 67  0.00849 -1.17104e+02 | 68 -0.03874 -4.11124e+01 | 69  0.01626 -4.41223e+02
 70  0.01413 -8.73287e+01 | 71  0.16077 -5.11911e+01 | 72 -0.04307 -9.79212e+01
 73 -0.03070 -3.57326e+01 | 74 -0.29586  7.35993e+01 | 75 -0.66290 -1.90715e+01
 76 -0.82242 -4.94980e+01 | 77 -0.72957 -2.99710e+01 | 78 -0.76022  6.09073e+00
 79 -0.77124  3.00005e+00 | 80 -0.80307  6.17833e+01 | 81 -0.85251  1.15479e+01
 82 -0.84600 -2.71953e+01 | 83 -1.22081  9.19616e+00 | 84 -0.79939  6.93365e+01
 85 -0.79106  5.19770e+01 | 86 -0.80285  1.79109e+01 | 87 -0.79698  2.93940e+01
 88 -0.80679  3.18803e+01 | 89 -0.82685  1.83725e+00 | 90 -0.79645  1.25075e+01
 91 -0.80209  7.07168e+00 | 92 -0.80477  1.00147e+00 | 93 -0.85277  2.57430e+01
 94 -0.56420  1.28709e-04 | 95 -0.92457 -1.43089e-05 | 96 -0.10490  3.50961e-03
 97 -1.74598  5.64178e-07 | 98  0.38167 -1.81379e+02 | 99  0.21279 -1.57469e+03
100  0.24391 -2.25822e+02 |101  0.09028 -2.39722e+02 |102 -0.17002 -2.38259e+02
103 -0.19950  1.35908e+02 |104 -0.15788  1.14827e+02 |105 -0.00304 -3.56576e+03
106  0.17049 -2.86281e+01 |107 -0.01952  7.53779e+02 |108  0.16517  4.60476e+02
109  0.07114  2.43791e+02 |110  0.17246 -5.68784e+01 |111 -0.05444 -1.52241e+01
112 -0.33030  7.38445e+02 |113 -0.19061  5.66158e+02 |114 -0.32330  3.76984e+02
115 -0.07489  4.56238e+02 |116  0.08959  9.46405e+00 |117 -0.06209  2.17031e+02
118  0.04678 -9.01423e+02 |119  0.02440 -9.07390e+02 |120 -0.05499 -9.24124e+02
121 -0.00929 -8.84002e+02 |122 -0.01114 -8.81269e+02 |123  0.00580 -8.77013e+02
124 -0.01774 -8.80600e+02 |125  0.00458 -8.60115e+02 |126  0.01828 -6.91488e+02
127 -0.00921 -6.71667e+02 |128  0.00632 -6.56205e+02 |129 -0.00693 -6.37352e+02
130  0.01198 -6.19671e+02 |131 -0.01571 -6.32426e+02 |132  0.00597 -6.14299e+02
133  0.01394 -6.21468e+02 |134 -0.01231 -6.25544e+02 |135  0.00421 -5.99788e+02
136 -0.01947 -5.53423e+02 |137  0.00858 -4.69694e+02 |138  0.00514 -5.04804e+02
139  0.00373 -4.76102e+02 |140  0.02486 -4.49848e+02 |141 -0.02691 -4.62382e+02
142  0.01652 -4.36426e+02 |143 -0.03282 -4.58459e+02 |144  0.02835 -3.20236e+02
145  0.00034 -3.16727e+02 |146  0.00397 -3.11350e+02 |147 -0.00725 -3.05500e+02
148  0.01337 -2.99585e+02 |149  0.00833 -3.03519e+02 |150 -0.01952 -2.72878e+02
151 -0.02032 -2.63214e+02 |152  0.00472 -2.23828e+02 |153  0.00847 -2.16867e+02
154 -0.00242 -1.84831e+02 |155 -0.01302 -1.69747e+02 |156 -0.00950 -1.60320e+02
157  0.02643 -7.50053e+01 |158 -0.00965 -6.85960e+01 |159  0.01665 -3.88392e+01
160 -0.00947 -3.26961e+01 |161 -0.01364 -1.80425e+01 |162  0.00745 -4.85048e+00
163  0.00370  1.53980e+00 |164 -0.00104  5.09896e+00 |165  0.00665 -8.17507e+00
166 -0.01404 -1.34375e+01 |167 -0.00962 -8.28039e+01 |168  0.03452 -1.95424e+02
169 -0.04312 -2.31825e+02 |170  0.00993 -1.50075e+02 |171  0.02017 -1.04793e+02
172  0.01631 -7.22697e+01 |173  0.00129 -6.15259e+01 |174  0.00806 -5.83934e+01
175 -0.03901 -6.75118e+01 |176  0.00680 -6.83083e+00 |177  0.00410  7.12622e+00
178  0.00590  7.15808e+00 |179 -0.00434 -2.52402e+00 |180  0.00298 -8.77235e+00
181  0.00302  1.07786e+01 |182  0.07976  1.94741e+01 |183  0.08272  2.01818e+01
184  0.07836  1.91408e+01 |185 -0.04038 -9.93580e+00 |186  0.01106 -6.94179e+03
187 -0.00261 -6.27958e+03 |188 -0.00587 -6.10662e+03 |189  0.00932 -6.01727e+03
190  0.04977 -5.61043e+03 |191 -0.16710 -5.48601e+03 |192  0.10177 -5.53193e+03
193  0.01320 -5.53053e+03 |194 -0.02773 -5.33113e+03 |195  0.01937 -5.47060e+03
196 -0.01076 -5.27436e+03 |197  0.00657 -5.17348e+03 |198 -0.00455 -5.01901e+03
199  0.01158 -4.86950e+03 |200 -0.00835 -4.73352e+03 |201 -0.00388 -4.63816e+03
202  0.01189 -4.41398e+03 |203 -0.00172 -4.19105e+03 |204 -0.00718 -3.99905e+03
205  0.01027 -3.56452e+03 |206 -0.00849 -3.57705e+03 |207  0.00757 -3.30622e+03
208 -0.00667 -3.28870e+03 |209 -0.08634 -3.32289e+03 |210  0.07678 -3.18352e+03
211  0.01376 -2.89425e+03 |212 -0.00605 -2.81000e+03 |213  0.00257 -2.65675e+03
214  0.00092 -2.54868e+03 |215  0.00860 -2.53087e+03 |216 -0.00678 -2.58418e+03
217 -0.00622 -2.64920e+03 |218  0.01220 -2.42362e+03 |219 -0.00117 -2.28096e+03
220 -0.00857 -2.17422e+03 |221  0.00599 -2.22032e+03 |222  0.00172 -2.20255e+03
223 -0.00248 -1.92415e+03 |224 -0.01585 -1.83948e+03 |225  0.00848 -1.51273e+03
226  0.01035 -1.25834e+03 |227 -0.00937 -1.20485e+03 |228  0.00793 -8.18509e+02
229 -0.00377 -6.87720e+02 |230 -0.00550 -4.80345e+02 |231  0.00620 -1.91506e+02
232 -0.00618 -1.36721e+02 |233  0.00557  6.94335e+01 |234  0.00421  1.75729e+02
235 -0.00251  8.39948e+01 |236 -0.00954 -3.03787e+02 |237  0.00858 -4.10445e+02
238 -0.00669 -2.02833e+02 |239  0.00416 -8.21535e+01 |240  0.01143  4.22506e+01
241  0.00544  5.73486e+01 |242 -0.01438  5.02777e+01 |243 -0.00385  1.03464e+02
244  0.00722 -1.59909e+01 |245  0.00256 -2.53883e+02 |246 -0.00583 -2.64045e+02
247 -0.00450 -2.35645e+02 |248  0.00465 -2.25773e+02 |249 -0.00046 -2.47336e+01
250 -0.03195 -7.87703e+00 |251 -0.00964 -2.38559e+00 |252  0.02527  6.22077e+00
253  0.16210  3.82896e+01 |254 -0.02895 -1.02057e+03 |255  0.02423 -7.48523e+02
256 -0.00194 -7.05648e+02 |257 -0.00593 -7.12106e+02 |258  0.00523 -2.28166e+02
259  0.11774 -9.18060e+01 |260 -0.10952 -1.35697e+02 |261 -0.00508 -1.63560e+02
262  0.00734  1.40601e+02 |263 -0.02645 -5.17611e+00 |264  0.01704 -8.95369e+01
265 -0.01421 -8.40217e+01 |266  0.00143 -1.37826e+01 |267 -0.00473 -5.74057e+01
268  0.00217 -1.45602e+02 |269 -0.00146 -3.99495e+01 |270 -0.00164  2.54317e+01
271  0.00615  8.46686e+01 |272  0.00043 -1.07120e+02 |273  0.00098  1.57748e+02
274 -0.00187  6.23255e+01 |275  0.00183  1.46799e+02 |276  0.00792 -1.33776e+01
277  0.08860 -4.11837e+02 |278 -0.09021 -3.52564e+02 |279 -0.00594 -5.55895e+01
280  0.00224 -3.74236e+02 |281 -0.00280 -4.23722e+02 |282 -0.00095 -3.46904e+02
283  0.00608 -3.43821e+02 |284 -0.00240 -5.22474e+02 |285  0.00191 -5.51797e+02
286 -0.00500 -6.18737e+02 |287  0.00351 -5.60749e+02 |288  0.01662 -4.37709e+02
289 -0.01644 -6.74608e+02 |290 -0.00354 -6.25096e+02 |291  0.00738 -3.48228e+02
292  0.00306 -4.73961e+02 |293 -0.00687 -1.29507e+02 |294 -0.00333  4.72134e+00
295 -0.00021 -4.36768e+01 |296 -0.00186  1.82494e+02 |297  0.00423  2.13029e+02
298  0.00304  4.57196e+02 |299 -0.00278  6.76467e+02 |300  0.00438  4.17725e+02
301 -0.00652  4.16948e+02 |302  0.00258  4.83085e+02 |303  0.00000  5.02391e+02
304  0.00054  1.76485e+02 |305 -0.00278  5.57472e+01 |306  0.00492  2.65973e+01
307 -0.00359  1.82486e+02 |308 -0.00141  4.83889e+02 |309  0.00668  4.58591e+02
310  0.00692  4.65480e+02 |311 -0.00251  2.69690e+02 |312 -0.00484  1.90462e+02
313  0.00208 -1.60365e+02 |314 -0.00176 -3.32769e+02 |315  0.00311 -2.34107e+02
316 -0.00231 -2.76813e+02 |317 -0.00129 -2.20780e+02 |318 -0.04079 -1.00478e+01
319 -0.01498 -3.70527e+00 |320  0.02550  6.27454e+00 |321 -0.06722 -1.64620e+01
321 variables; iteration 240; function evaluation 254; phase 5
Function value 2.9507080e+03; maximum gradient component mag -4.2084e+03
Var    Value     Gradient |Var    Value     Gradient |Var    Value     Gradient
  1 -0.03413  3.97473e+03 |  2  0.08429  1.61787e+01 |  3  0.14579  2.47972e+01
  4  0.03654  2.98866e+01 |  5 -0.15013 -3.03999e+01 |  6  0.07477 -5.30425e+01
  7  0.02185  3.02478e+01 |  8 -0.01228  1.46977e+01 |  9  0.05975  3.82541e+01
 10  0.00740 -2.46529e+01 | 11  0.21568  4.10982e+01 | 12 -0.12435 -3.10610e+01
 13 -0.03216 -4.50127e+00 | 14 -0.17182 -2.77696e+01 | 15 -0.17271 -1.94013e+01
 16  0.23685  1.71783e+02 | 17  0.02900  7.34363e+01 | 18 -0.09442  9.13650e+00
 19 -0.03516  2.82991e+01 | 20 -0.01133  5.88123e+01 | 21 -0.09082  8.27979e+00
 22  0.03013  1.65768e+01 | 23 -0.14558 -2.26421e+01 | 24 -0.05772 -6.91579e+01
 25 -0.00542  2.78692e+01 | 26  0.01617  2.25447e+01 | 27 -0.13367 -4.72354e+01
 28 -0.00439  4.53851e+01 | 29  0.06525  8.85760e+01 | 30 -0.09891  3.16193e+01
 31 -0.23314 -3.19728e+01 | 32  0.05366  1.13553e+02 | 33  0.03278 -7.77793e+00
 34  0.06682  9.00358e+01 | 35  0.04581  1.28644e+02 | 36 -0.04574  4.55206e+01
 37 -0.02854  4.78612e+01 | 38  0.07657  1.80728e+02 | 39 -0.04448  5.76043e+01
 40  0.20843  2.00093e+02 | 41  0.03273  9.99205e+01 | 42  0.08672  1.49045e+02
 43 -0.06273  6.29359e+01 | 44  0.18505  7.12349e+02 | 45 -0.04606 -8.05901e+00
 46 -0.04900 -1.04979e+02 | 47 -0.02979 -1.49768e+02 | 48 -0.09927 -6.46904e+01
 49  0.11482  2.68281e+02 | 50  0.00936  5.03229e+00 | 51  0.00075  3.02952e+01
 52  0.01616 -6.98099e+01 | 53 -0.03145  4.67031e+01 | 54  0.08398 -1.00115e+02
 55  0.00463 -1.83437e+02 | 56 -0.04536 -3.21185e+01 | 57 -0.05722 -7.29595e+01
 58  0.09004 -3.82738e+01 | 59 -0.03497 -1.51757e+02 | 60  0.01636 -1.64598e+02
 61 -0.00359 -4.16626e+02 | 62  0.06996 -2.96977e+02 | 63  0.10518  2.41654e+01
 64 -0.05490 -9.92236e+01 | 65 -0.01170 -1.60656e+02 | 66  0.03768 -1.60978e+02
 67  0.00923 -8.86176e+01 | 68 -0.03754  3.43561e+00 | 69  0.02447 -3.43293e+02
 70  0.01748 -1.61247e+01 | 71  0.16397  1.25840e+02 | 72 -0.03898 -9.41575e+01
 73 -0.01383  3.91819e+01 | 74 -0.48421 -4.49062e+00 | 75 -0.65467 -3.25242e+00
 76 -0.80263  4.60371e+00 | 77 -0.68996  2.86906e+01 | 78 -0.75919  8.19311e+00
 79 -0.76004  1.93503e+01 | 80 -0.79695  7.19385e+01 | 81 -0.86026 -1.75640e+01
 82 -0.82587  1.53096e+01 | 83 -1.26894 -2.96812e+01 | 84 -0.80331  4.92135e+01
 85 -0.78654  4.95018e+01 | 86 -0.78618  2.97547e+01 | 87 -0.77220  4.49704e+01
 88 -0.80647  1.43472e+01 | 89 -0.82630 -1.32666e+01 | 90 -0.79340  3.53979e+00
 91 -0.80393 -5.38656e+00 | 92 -0.79823  1.07290e+01 | 93 -0.85076  3.14802e+01
 94  0.75637  1.97139e-05 | 95 -1.79825  2.49775e-04 | 96 -0.07749  4.66760e-03
 97 -1.61654  9.39180e-07 | 98  0.36867 -1.18041e+02 | 99  0.17978 -4.91027e+02
100  0.27245  5.74971e+01 |101  0.09081 -9.31454e+01 |102 -0.16839 -9.74848e+01
103 -0.20148  1.59834e+02 |104 -0.15629  2.14988e+02 |105 -0.00300 -4.20837e+03
106  0.17046 -5.58105e+02 |107 -0.02214 -5.80232e+01 |108  0.16745  1.02511e+02
109  0.05595  1.07316e+02 |110  0.18455 -3.63554e+01 |111 -0.05505 -8.99389e+01
112 -0.32745  5.06000e+02 |113 -0.20160  4.37662e+02 |114 -0.33195  3.47091e+02
115 -0.06403  4.38679e+02 |116  0.10856  2.43302e+01 |117 -0.11771  1.07496e+02
118  0.02429 -5.81252e+02 |119  0.04760 -5.65754e+02 |120 -0.04041 -5.87818e+02
121  0.01021 -5.64306e+02 |122 -0.00160 -5.67108e+02 |123  0.00728 -5.64977e+02
124 -0.05020 -5.77333e+02 |125 -0.00464 -5.62728e+02 |126  0.00705 -4.47648e+02
127  0.00277 -3.97517e+02 |128  0.00209 -3.85767e+02 |129  0.00115 -3.64122e+02
130  0.00674 -3.83309e+02 |131 -0.01594 -3.98252e+02 |132  0.00179 -4.02619e+02
133  0.01236 -3.89834e+02 |134 -0.00492 -3.87613e+02 |135  0.00309 -3.97570e+02
136 -0.01356 -3.45281e+02 |137 -0.00954 -3.14010e+02 |138  0.02265 -3.09568e+02
139  0.01547 -3.65393e+02 |140 -0.02143 -3.72178e+02 |141 -0.00420 -3.56836e+02
142  0.01948 -3.59354e+02 |143 -0.02716 -3.86317e+02 |144  0.02526 -3.22105e+02
145  0.01226 -3.16509e+02 |146 -0.00759 -3.28479e+02 |147 -0.00377 -3.25464e+02
148  0.01303 -3.34883e+02 |149  0.01091 -3.40296e+02 |150 -0.02379 -3.29397e+02
151 -0.02854 -3.24438e+02 |152  0.01241 -2.53190e+02 |153  0.00745 -2.50985e+02
154  0.00258 -2.18281e+02 |155 -0.01094 -2.11648e+02 |156 -0.01551 -2.27466e+02
157  0.02332 -2.32714e+02 |158 -0.01027 -2.26280e+02 |159  0.00907 -2.09467e+02
160  0.00039 -1.66521e+02 |161 -0.01909 -1.57766e+02 |162  0.01288 -1.09413e+02
163  0.00464 -1.09140e+02 |164 -0.00115 -1.12131e+02 |165 -0.00002 -1.39714e+02
166 -0.01091 -1.31283e+02 |167 -0.00801 -1.90954e+02 |168  0.03679 -1.62336e+02
169 -0.04516 -2.00690e+02 |170  0.01373 -1.65261e+02 |171  0.01435 -1.66187e+02
172  0.01461 -1.12593e+02 |173  0.03061 -8.76640e+01 |174 -0.01059 -9.77074e+01
175 -0.04041 -1.03472e+02 |176 -0.00037 -7.60349e+01 |177  0.00094 -4.32766e+01
178  0.00479 -3.60552e+01 |179 -0.00214 -1.23814e+01 |180  0.00759  6.75185e+00
181  0.02014  2.45494e+01 |182  0.00832  2.05344e+00 |183  0.01162  2.86652e+00
184  0.02756  6.79207e+00 |185  0.04408  1.08418e+01 |186  0.01556 -2.12586e+03
187  0.00488 -1.72231e+03 |188 -0.01104 -1.63309e+03 |189  0.01181 -1.58449e+03
190  0.08978 -1.46140e+03 |191 -0.20300 -1.46947e+03 |192  0.09858 -1.44017e+03
193  0.01246 -1.44785e+03 |194 -0.02419 -1.31937e+03 |195  0.01056 -1.23116e+03
196 -0.00654 -1.00468e+03 |197  0.00418 -9.05896e+02 |198 -0.00302 -9.26625e+02
199  0.01175 -8.04854e+02 |200 -0.01102 -7.14878e+02 |201  0.00056 -6.31918e+02
202  0.00963 -4.80388e+02 |203 -0.00245 -5.06256e+02 |204 -0.00279 -2.53208e+02
205  0.01149 -1.71386e+02 |206 -0.01779 -2.77635e+02 |207  0.01332 -5.48167e+01
208 -0.00991 -1.40134e+02 |209 -0.05090 -1.87072e+02 |210  0.05267 -2.29418e+02
211  0.00193 -4.97178e+02 |212 -0.00181 -5.13230e+02 |213  0.00176 -6.98785e+02
214  0.00017 -6.79791e+02 |215  0.00857 -8.30462e+02 |216 -0.00561 -1.00072e+03
217 -0.00573 -1.20682e+03 |218  0.00882 -1.13504e+03 |219  0.00188 -1.04412e+03
220 -0.00490 -1.01346e+03 |221 -0.00059 -1.14877e+03 |222  0.00107 -1.09948e+03
223 -0.00005 -8.68357e+02 |224 -0.01657 -8.48274e+02 |225  0.01016 -7.39534e+02
226  0.01034 -6.74428e+02 |227 -0.00920 -7.57616e+02 |228  0.00664 -5.89820e+02
229 -0.00155 -5.41114e+02 |230 -0.00723 -5.72887e+02 |231  0.00365 -4.29910e+02
232 -0.00069 -3.44574e+02 |233  0.00181 -4.58281e+02 |234  0.00449 -4.27373e+02
235 -0.00666 -5.48611e+02 |236 -0.00819 -5.65133e+02 |237  0.01343 -5.37112e+02
238 -0.01129 -5.34414e+02 |239  0.00562 -3.71585e+02 |240  0.01243 -2.78735e+02
241  0.00450 -2.70145e+02 |242 -0.01261 -2.89728e+02 |243 -0.00860 -2.40723e+02
244  0.00792 -3.65963e+02 |245  0.00634 -4.35002e+02 |246 -0.00996 -4.94212e+02
247 -0.00402 -3.71030e+02 |248  0.00717 -2.41694e+02 |249 -0.00499 -7.65902e+01
250 -0.01038 -2.55818e+00 |251  0.00103  2.56937e-01 |252 -0.01627 -4.00929e+00
253  0.15928  3.76801e+01 |254 -0.02963  2.55727e+02 |255  0.01737  1.65345e+03
256 -0.00084  1.65003e+03 |257 -0.00458  1.64912e+03 |258  0.00405  1.74764e+03
259  0.10891  1.80046e+03 |260 -0.10090  1.76954e+03 |261 -0.00381  1.68257e+03
262 -0.00124  1.84421e+03 |263 -0.02059  1.96445e+03 |264  0.01678  1.97984e+03
265 -0.01150  1.99933e+03 |266 -0.00105  1.89312e+03 |267 -0.00620  1.83823e+03
268  0.00586  2.02104e+03 |269 -0.00189  2.04733e+03 |270 -0.00215  1.93231e+03
271  0.00352  1.92488e+03 |272  0.00211  1.93593e+03 |273  0.00523  2.06506e+03
274 -0.00201  1.77903e+03 |275 -0.00335  1.81479e+03 |276  0.01161  1.71027e+03
277  0.06302  1.20166e+03 |278 -0.07054  1.08122e+03 |279  0.00118  9.38367e+02
280 -0.00015  5.57750e+02 |281 -0.00274  2.74284e+02 |282  0.00212  2.93896e+02
283  0.00084  5.26567e+00 |284 -0.00303 -2.60051e+01 |285  0.00335 -8.08984e+01
286 -0.00246 -1.09574e+02 |287  0.00224 -1.13548e+02 |288  0.01174  1.59918e-01
289 -0.01153 -2.27070e+02 |290 -0.00203 -1.65872e+02 |291  0.00586  4.84635e+01
292  0.00478 -1.14253e+02 |293 -0.00925 -3.08988e+00 |294 -0.00243  2.96610e+01
295 -0.00205 -1.40667e+02 |296 -0.00069 -2.01724e+00 |297  0.00526  3.98494e+01
298  0.00151  8.04955e+01 |299 -0.00129  2.91051e+02 |300  0.00011 -1.81108e+01
301 -0.00272 -6.16528e+01 |302  0.00183 -1.73962e+01 |303  0.00028  3.30172e+01
304  0.00156  1.61805e+01 |305 -0.00372 -1.59104e+01 |306  0.00602 -1.00638e+02
307 -0.00404  6.13027e+01 |308 -0.00347  3.09059e+02 |309  0.00853  4.23034e+02
310  0.00414  3.99632e+02 |311  0.00252  4.59281e+02 |312 -0.00733  3.32027e+02
313  0.00131  8.12211e+01 |314  0.00072 -7.06173e+01 |315  0.00298 -3.72582e+01
316 -0.00405 -5.53836e+01 |317  0.00357  2.14802e+01 |318  0.05434  1.33428e+01
319 -0.03033 -7.47334e+00 |320 -0.05778 -1.41795e+01 |321 -0.06678 -1.63555e+01
321 variables; iteration 260; function evaluation 276; phase 5
Function value 2.9263351e+03; maximum gradient component mag -3.8549e+03
Var    Value     Gradient |Var    Value     Gradient |Var    Value     Gradient
  1 -0.03333 -3.42211e+03 |  2  0.04098 -1.53377e+01 |  3  0.11346 -3.88918e+01
  4  0.03110  6.49136e+00 |  5 -0.12309 -2.56317e+01 |  6  0.07525 -6.81685e+01
  7  0.00466 -2.45168e+01 |  8  0.00113 -9.20271e+00 |  9  0.05516 -1.40784e+01
 10  0.01982  1.46309e+01 | 11  0.20745 -1.58324e+02 | 12 -0.10789  2.76629e+01
 13 -0.03227  3.01475e+01 | 14 -0.15453  3.70557e+01 | 15 -0.16177  3.47177e+01
 16  0.23638 -1.83412e+02 | 17  0.01133  1.09158e+01 | 18 -0.09882  2.67233e+01
 19 -0.05048  9.57806e+00 | 20 -0.00511 -5.00776e+00 | 21 -0.12025  1.33719e+00
 22  0.03870 -4.74574e+01 | 23 -0.14754  2.57344e+00 | 24 -0.04638 -3.45027e+01
 25 -0.00777 -5.96311e+01 | 26  0.01986 -3.96597e+01 | 27 -0.11660  1.32658e+01
 28  0.00400 -2.54284e+01 | 29  0.06740 -8.52770e+01 | 30 -0.11811 -7.20887e+00
 31 -0.19798  1.70738e+01 | 32  0.04188 -3.92864e+01 | 33  0.03495 -5.39457e+01
 34  0.06320 -2.53868e+01 | 35  0.03258 -1.51509e+01 | 36 -0.04685  1.80059e+01
 37 -0.03205  2.25887e+01 | 38  0.06436  5.85014e+01 | 39 -0.03994  9.68180e+01
 40  0.21098  5.57799e+01 | 41  0.03431  1.25734e+02 | 42  0.08633  8.73720e+01
 43 -0.06528  8.67028e+01 | 44  0.18216  5.21432e+02 | 45 -0.04350  5.63991e+01
 46 -0.04421 -1.42881e+01 | 47 -0.02395  6.84752e+00 | 48 -0.09125  6.76182e+01
 49  0.11104  1.38630e+02 | 50  0.01016  5.63200e+01 | 51 -0.00366  1.51313e+01
 52  0.01691  4.28698e+00 | 53 -0.03309  8.71494e+01 | 54  0.08326 -5.78155e+01
 55  0.00520 -8.52003e+01 | 56 -0.04568  4.43619e+01 | 57 -0.05810 -2.09530e+01
 58  0.08507 -1.58388e+02 | 59 -0.03344 -4.59212e+01 | 60  0.01660 -7.72738e+01
 61 -0.00178 -2.95736e+02 | 62  0.07030 -1.87760e+02 | 63  0.10318  8.09942e+01
 64 -0.05808 -4.51822e+01 | 65 -0.01394 -9.69668e+01 | 66  0.03767 -2.06390e+01
 67  0.00786 -2.77668e+01 | 68 -0.03988  4.99921e+01 | 69  0.02974 -1.19138e+02
 70  0.01492  3.97974e+01 | 71  0.16075  1.26091e+02 | 72 -0.03204  3.23201e+01
 73 -0.02034  6.97985e+01 | 74 -0.50069  3.33887e+01 | 75 -0.64713  9.67443e+00
 76 -0.79879  1.21723e+01 | 77 -0.69924  1.94317e+01 | 78 -0.75405  1.15371e+01
 79 -0.75432  2.59479e+01 | 80 -0.80894  3.41483e+01 | 81 -0.85762 -1.11814e+01
 82 -0.83363 -7.77062e+00 | 83 -1.28675 -4.60215e+01 | 84 -0.79400  6.36795e+01
 85 -0.79432  3.45293e+01 | 86 -0.80013  1.28727e+01 | 87 -0.76491  4.94850e+01
 88 -0.80299  1.46839e+01 | 89 -0.81765  2.00654e+00 | 90 -0.78592  1.49476e+01
 91 -0.79156  1.66091e+01 | 92 -0.79972  3.63372e+00 | 93 -0.84766  3.52682e+01
 94  0.63999  1.17988e-02 | 95 -2.70237 -8.46586e-04 | 96 -0.06716  1.64095e-03
 97 -0.59483  2.75862e-05 | 98  0.41584 -9.32291e+01 | 99  0.20460 -2.96388e+02
100  0.27114  1.32054e+02 |101  0.09109 -5.93770e+00 |102 -0.16700 -1.01515e+02
103 -0.20413 -1.99494e+01 |104 -0.15547  1.00838e+02 |105 -0.00274 -3.85488e+03
106  0.17081 -5.81406e+02 |107 -0.02396 -2.48526e+02 |108  0.17018  2.53525e+01
109  0.04461  6.32770e+01 |110  0.19280 -2.61613e+01 |111 -0.05470 -5.21479e+01
112 -0.32526  6.20261e+02 |113 -0.20501  4.55764e+02 |114 -0.31616  3.56884e+02
115 -0.07712  4.35458e+02 |116  0.12606  1.07432e+01 |117 -0.12933  9.62042e+01
118  0.01067 -4.86459e+02 |119  0.02049 -4.75069e+02 |120  0.02084 -4.74565e+02
121 -0.01226 -4.81913e+02 |122 -0.00194 -4.79346e+02 |123 -0.04125 -4.88093e+02
124  0.01748 -4.72916e+02 |125 -0.03118 -4.83681e+02 |126  0.01258 -3.78640e+02
127 -0.00175 -3.52303e+02 |128 -0.00041 -3.41984e+02 |129  0.00335 -3.19237e+02
130 -0.00482 -3.31227e+02 |131  0.00012 -3.22649e+02 |132 -0.00309 -3.35586e+02
133  0.00851 -3.24690e+02 |134 -0.00644 -3.04950e+02 |135  0.01817 -2.71498e+02
136 -0.01403 -2.61700e+02 |137 -0.01563 -2.60740e+02 |138  0.01123 -2.71713e+02
139  0.02176 -2.41541e+02 |140  0.01044 -2.42284e+02 |141 -0.03742 -2.53402e+02
142  0.03111 -2.21225e+02 |143 -0.03331 -2.70858e+02 |144  0.02222 -2.41929e+02
145  0.00551 -2.39446e+02 |146 -0.00117 -2.41334e+02 |147 -0.00651 -2.38982e+02
148  0.01997 -2.34970e+02 |149  0.01685 -2.41154e+02 |150 -0.04208 -2.45928e+02
151 -0.01579 -2.18009e+02 |152  0.01586 -1.62672e+02 |153  0.00471 -1.66882e+02
154  0.00752 -1.51185e+02 |155 -0.03041 -1.57391e+02 |156 -0.00608 -1.30964e+02
157  0.02550 -1.39221e+02 |158 -0.00688 -1.34972e+02 |159  0.01739 -1.57257e+02
160 -0.01223 -1.60334e+02 |161 -0.01668 -1.50491e+02 |162  0.00862 -1.30163e+02
163 -0.00043 -1.24119e+02 |164  0.00252 -3.87289e+01 |165  0.01369 -4.04198e+01
166 -0.01678 -5.69628e+01 |167 -0.01365 -1.32187e+02 |168  0.01514 -8.22392e+01
169 -0.02267 -3.53763e+01 |170  0.01679 -2.48491e+01 |171  0.01157 -7.10192e+01
172  0.03073 -1.57464e+01 |173 -0.03975 -2.77646e+01 |174  0.05403  7.41616e+00
175 -0.04579 -1.64945e+01 |176  0.00025 -1.28128e+01 |177  0.00115 -1.66448e+00
178  0.00516  1.11405e-01 |179 -0.00522 -1.11045e+01 |180  0.00335 -9.33400e+00
181  0.01418  1.98283e+01 |182  0.03703  9.11687e+00 |183  0.02472  6.09405e+00
184  0.01665  4.10590e+00 |185  0.08544  2.08301e+01 |186  0.01441 -1.29771e+03
187  0.00417 -9.59038e+02 |188 -0.01328 -9.51935e+02 |189  0.00986 -9.24026e+02
190  0.08754 -9.22343e+02 |191 -0.20088 -9.52053e+02 |192  0.09733 -9.07894e+02
193  0.01412 -8.88476e+02 |194 -0.03060 -7.83835e+02 |195  0.01824 -6.83174e+02
196 -0.00639 -5.73920e+02 |197  0.00103 -4.87120e+02 |198  0.00379 -4.38028e+02
199  0.00144 -3.74132e+02 |200 -0.00134 -2.27843e+02 |201 -0.00279 -6.09785e+01
202  0.00942  5.30686e+01 |203 -0.00168  9.13467e+01 |204 -0.00365  2.03453e+02
205  0.01056  1.51233e+02 |206 -0.01234  7.65737e+01 |207  0.00756 -6.60075e+01
208 -0.00647 -2.10324e+02 |209 -0.04593 -3.80503e+02 |210  0.03399 -3.46406e+02
211  0.01313 -4.65239e+02 |212 -0.00094 -4.20029e+02 |213 -0.00164 -6.48021e+02
214  0.00298 -5.73932e+02 |215  0.00506 -6.92133e+02 |216 -0.00468 -7.95915e+02
217 -0.00323 -9.14842e+02 |218  0.01052 -8.33251e+02 |219 -0.00294 -8.22301e+02
220  0.00363 -7.57416e+02 |221 -0.00921 -9.14904e+02 |222  0.00555 -8.38164e+02
223 -0.00257 -8.65852e+02 |224 -0.01252 -7.90536e+02 |225  0.00864 -7.70409e+02
226  0.00608 -7.33586e+02 |227 -0.00739 -7.26972e+02 |228  0.00808 -6.67753e+02
229 -0.00398 -6.56058e+02 |230 -0.00457 -6.46077e+02 |231  0.00359 -6.18988e+02
232 -0.00470 -4.47523e+02 |233  0.00407 -3.76359e+02 |234  0.00242 -3.23400e+02
235 -0.00342 -3.79641e+02 |236 -0.00751 -3.90526e+02 |237  0.01352 -4.36981e+02
238 -0.01261 -5.01793e+02 |239  0.00441 -3.70585e+02 |240  0.01239 -2.91374e+02
241  0.00782 -2.35143e+02 |242 -0.01560 -3.68018e+02 |243 -0.00880 -3.12442e+02
244  0.00927 -4.26246e+02 |245  0.00247 -4.78418e+02 |246 -0.00236 -4.18231e+02
247 -0.00704 -4.90067e+02 |248  0.00453 -3.01835e+02 |249 -0.00244 -6.88051e+01
250  0.05426  1.34664e+01 |251  0.00231  7.15433e-01 |252 -0.04046 -9.81218e+00
253  0.10147  2.46158e+01 |254 -0.02850  5.96569e+02 |255  0.01683  1.19650e+03
256 -0.00098  1.19300e+03 |257 -0.00326  1.18447e+03 |258  0.00153  1.18890e+03
259  0.11168  1.32565e+03 |260 -0.10239  1.28715e+03 |261 -0.00102  1.23444e+03
262  0.00269  1.37053e+03 |263 -0.02756  1.46552e+03 |264  0.01579  1.50830e+03
265 -0.01059  1.52672e+03 |266 -0.00458  1.49573e+03 |267 -0.00005  1.62729e+03
268 -0.00117  1.80839e+03 |269  0.00203  2.01579e+03 |270 -0.00189  2.11344e+03
271  0.00245  2.19673e+03 |272  0.00450  2.37557e+03 |273  0.00265  2.39912e+03
274 -0.00214  2.35317e+03 |275 -0.00080  2.22403e+03 |276  0.00718  2.10415e+03
277  0.05728  1.88413e+03 |278 -0.05206  1.84027e+03 |279 -0.01088  1.72823e+03
280  0.00141  1.48055e+03 |281  0.00032  1.31061e+03 |282 -0.00038  1.27908e+03
283  0.00506  1.03132e+03 |284 -0.00538  8.84850e+02 |285  0.00279  8.44371e+02
286 -0.00396  7.40579e+02 |287  0.00686  7.63837e+02 |288  0.00170  6.37337e+02
289 -0.00323  6.04953e+02 |290 -0.00409  4.92411e+02 |291  0.00520  4.87692e+02
292  0.00357  4.11767e+02 |293 -0.00868  4.79325e+02 |294 -0.00069  5.94508e+02
295 -0.00093  5.25994e+02 |296 -0.00232  5.58578e+02 |297  0.00640  6.10615e+02
298  0.00057  6.45110e+02 |299 -0.00327  7.79884e+02 |300  0.00476  7.35889e+02
301 -0.00495  6.81400e+02 |302  0.00307  6.89864e+02 |303 -0.00160  6.39343e+02
304  0.00127  6.37248e+02 |305 -0.00362  5.80701e+02 |306  0.00655  5.16822e+02
307 -0.00192  6.43914e+02 |308 -0.00432  6.93431e+02 |309  0.00820  7.05543e+02
310  0.00410  5.04180e+02 |311  0.00228  4.66327e+02 |312 -0.00892  3.38189e+02
313  0.00389  1.67638e+02 |314 -0.00177 -9.72104e+01 |315  0.00249 -1.49298e+02
316 -0.00144 -7.21264e+01 |317  0.00073 -3.12134e+01 |318  0.00581  6.70009e-01
319 -0.01384 -3.41467e+00 |320 -0.04308 -1.05989e+01 |321 -0.03943 -9.70360e+00
321 variables; iteration 280; function evaluation 298; phase 5
Function value 2.9156421e+03; maximum gradient component mag -3.7132e+03
Var    Value     Gradient |Var    Value     Gradient |Var    Value     Gradient
  1 -0.03355 -3.71316e+03 |  2  0.02373 -1.59440e+01 |  3  0.11657 -2.93445e+01
  4  0.05193  2.37927e+01 |  5 -0.15291 -3.17336e+01 |  6  0.07330 -6.22902e+01
  7  0.02186  5.10901e+00 |  8  0.00429 -5.73215e+00 |  9  0.05772 -3.22625e-01
 10  0.02212  2.93895e+01 | 11  0.20802 -1.49474e+02 | 12 -0.10496  3.16246e+01
 13 -0.03647  2.25794e+01 | 14 -0.16768  3.02022e+01 | 15 -0.15908  3.82402e+01
 16  0.23676 -1.96172e+02 | 17  0.00417  2.01748e+00 | 18 -0.10173  2.36880e+01
 19 -0.05401 -6.14913e-01 | 20 -0.00809 -1.50022e+01 | 21 -0.09907  1.41957e+01
 22  0.03635 -6.05976e+01 | 23 -0.14799 -3.81640e+00 | 24 -0.04777 -3.60041e+01
 25 -0.00614 -8.03988e+01 | 26  0.01877 -4.79066e+01 | 27 -0.12089  9.46003e+00
 28  0.00032 -4.98816e+01 | 29  0.06693 -7.80626e+01 | 30 -0.11603 -7.63658e+00
 31 -0.20617  2.12552e+01 | 32  0.04472 -1.51452e+01 | 33  0.03993 -3.79100e+01
 34  0.06755 -1.01873e+01 | 35  0.03094 -2.16926e+01 | 36 -0.04575  1.99345e+01
 37 -0.02982  2.63280e+01 | 38  0.06474  5.40857e+01 | 39 -0.04407  8.64757e+01
 40  0.21096  3.98067e+01 | 41  0.03279  1.07215e+02 | 42  0.08316  5.09777e+01
 43 -0.06499  7.73197e+01 | 44  0.18073  4.55050e+02 | 45 -0.04038  7.62263e+01
 46 -0.04393 -9.04719e+00 | 47 -0.02176  4.17920e+01 | 48 -0.08966  8.39383e+01
 49  0.11104  1.19454e+02 | 50  0.01072  6.70230e+01 | 51 -0.00242  2.77677e+01
 52  0.01719  6.91370e+00 | 53 -0.03369  7.42486e+01 | 54  0.08350 -6.78158e+01
 55  0.00626 -6.68706e+01 | 56 -0.04501  4.85084e+01 | 57 -0.05766 -1.59427e+01
 58  0.08437 -2.14153e+02 | 59 -0.03147 -2.18063e+01 | 60  0.01834 -6.12235e+01
 61  0.00108 -2.33545e+02 | 62  0.07094 -1.73132e+02 | 63  0.10184  3.13833e+01
 64 -0.05754 -2.93806e+01 | 65 -0.01445 -9.20370e+01 | 66  0.03816  6.00129e+00
 67  0.00838 -2.15299e+01 | 68 -0.04083  3.78693e+01 | 69  0.03190 -7.18598e+01
 70  0.01452  3.87429e+01 | 71  0.15923  6.43833e+01 | 72 -0.03204  3.46759e+01
 73 -0.02426  4.94362e+01 | 74 -0.52956  1.87564e+01 | 75 -0.64504  1.27945e+01
 76 -0.80301 -4.87022e-03 | 77 -0.69199  3.01800e+01 | 78 -0.75113  1.48117e+01
 79 -0.74764  3.70092e+01 | 80 -0.80893  3.39091e+01 | 81 -0.85905 -1.52927e+01
 82 -0.83034  3.59306e-01 | 83 -1.29553 -5.62837e+01 | 84 -0.79746  5.37957e+01
 85 -0.78887  4.09142e+01 | 86 -0.80697  6.10483e+00 | 87 -0.77576  3.40707e+01
 88 -0.80414  1.21301e+01 | 89 -0.82386 -1.15869e+01 | 90 -0.78245  2.17786e+01
 91 -0.79713  3.34856e+00 | 92 -0.79838  6.51692e+00 | 93 -0.85258  8.80098e+00
 94  0.69198 -1.24310e+00 | 95 -2.82513  2.80257e-01 | 96 -0.11441  1.73882e+00
 97 -0.26381  8.00983e-01 | 98  0.45232 -7.49971e+01 | 99  0.20951 -3.28988e+02
100  0.27106  2.01432e+01 |101  0.09095 -2.14374e+01 |102 -0.16686 -7.90864e+01
103 -0.20356  2.59677e+01 |104 -0.15509  1.29561e+02 |105 -0.00237 -3.44737e+03
106  0.17061 -5.65058e+02 |107 -0.02472 -2.87325e+02 |108  0.17244  1.94717e+01
109  0.03738  4.99155e+01 |110  0.20064 -1.92379e+01 |111 -0.05440 -2.38552e+01
112 -0.32477  7.27616e+02 |113 -0.20507  4.97654e+02 |114 -0.28854  3.88073e+02
115 -0.10174  4.36891e+02 |116  0.13241  1.13766e+01 |117 -0.13545  8.51477e+01
118  0.00135 -4.11913e+02 |119  0.04761 -3.90728e+02 |120  0.00281 -4.02798e+02
121 -0.03392 -4.10663e+02 |122 -0.02630 -4.08658e+02 |123 -0.01711 -4.06638e+02
124  0.02765 -3.90287e+02 |125 -0.02705 -4.02526e+02 |126  0.01626 -3.11420e+02
127  0.00276 -2.91806e+02 |128  0.00340 -2.86325e+02 |129 -0.00750 -2.79955e+02
130 -0.00327 -2.88506e+02 |131 -0.00516 -2.79625e+02 |132 -0.00145 -2.84649e+02
133  0.01074 -2.64361e+02 |134 -0.00368 -2.45449e+02 |135  0.00958 -2.33376e+02
136 -0.00747 -2.05417e+02 |137 -0.01454 -2.08124e+02 |138  0.01025 -2.18391e+02
139  0.01064 -2.06255e+02 |140  0.00012 -1.99717e+02 |141 -0.01347 -1.97500e+02
142  0.02489 -1.81587e+02 |143 -0.02817 -2.21539e+02 |144  0.02522 -2.44732e+02
145 -0.00737 -2.58952e+02 |146  0.01102 -2.44126e+02 |147 -0.00859 -2.50745e+02
148  0.00496 -2.58545e+02 |149  0.02420 -2.51004e+02 |150 -0.02928 -2.50760e+02
151 -0.01553 -2.40788e+02 |152  0.00800 -2.30079e+02 |153  0.00086 -2.32610e+02
154  0.01918 -1.96490e+02 |155 -0.04120 -2.10864e+02 |156 -0.00407 -1.74061e+02
157  0.02197 -1.60253e+02 |158 -0.00407 -1.44056e+02 |159  0.02068 -1.53607e+02
160 -0.01012 -1.60415e+02 |161 -0.02100 -1.59921e+02 |162  0.00693 -1.37087e+02
163  0.00715 -1.16936e+02 |164 -0.00372 -1.08925e+02 |165  0.00933 -1.02882e+02
166 -0.02237 -1.11568e+02 |167 -0.00084 -1.13606e+02 |168  0.01779 -1.15741e+02
169 -0.02630 -9.63024e+01 |170  0.01177 -6.09897e+01 |171  0.01782 -4.63446e+01
172  0.03212 -9.50074e+00 |173 -0.02386 -1.95080e+01 |174  0.02861 -3.93262e+00
175 -0.04261 -2.05985e+01 |176  0.00498 -5.47634e+00 |177  0.00189 -1.97834e+00
178  0.00263 -4.30701e+00 |179 -0.00374 -1.44454e+01 |180  0.00040 -2.50712e+01
181  0.00433  9.03816e+00 |182  0.07980  1.94848e+01 |183  0.05612  1.37745e+01
184  0.02839  6.99624e+00 |185  0.04163  1.02435e+01 |186  0.01442 -1.44460e+03
187  0.00034 -1.21431e+03 |188 -0.01109 -1.16426e+03 |189  0.01105 -1.10942e+03
190  0.08019 -1.13583e+03 |191 -0.19623 -1.15521e+03 |192  0.10056 -1.10488e+03
193  0.01742 -1.09811e+03 |194 -0.03263 -1.01722e+03 |195  0.01669 -9.27252e+02
196 -0.00494 -8.69806e+02 |197 -0.00104 -7.97480e+02 |198  0.00355 -7.27998e+02
199  0.00454 -6.62161e+02 |200 -0.00681 -5.65647e+02 |201 -0.00029 -3.96984e+02
202  0.00792 -2.68316e+02 |203  0.00053 -1.72320e+02 |204 -0.00534 -1.16198e+02
205  0.00910 -1.34465e+02 |206 -0.00978 -1.56059e+02 |207  0.00671 -3.01872e+02
208 -0.00585 -3.39176e+02 |209 -0.03531 -4.73487e+02 |210  0.02645 -4.30355e+02
211  0.01136 -5.27193e+02 |212 -0.00271 -5.92928e+02 |213 -0.00106 -7.69956e+02
214  0.00347 -7.54948e+02 |215  0.00434 -8.76250e+02 |216 -0.00496 -9.74114e+02
217 -0.00207 -1.08131e+03 |218  0.01127 -1.08224e+03 |219 -0.00501 -1.17393e+03
220  0.00045 -1.11753e+03 |221 -0.00357 -1.22197e+03 |222  0.00308 -1.16447e+03
223 -0.00048 -1.15800e+03 |224 -0.01618 -1.10345e+03 |225  0.01144 -1.05520e+03
226  0.00597 -1.02602e+03 |227 -0.00730 -1.02992e+03 |228  0.00706 -1.01706e+03
229 -0.00343 -9.88367e+02 |230 -0.00464 -9.90868e+02 |231  0.00419 -1.02349e+03
232 -0.00529 -9.25036e+02 |233  0.00387 -7.84117e+02 |234  0.00325 -7.06258e+02
235 -0.00570 -7.29395e+02 |236 -0.00663 -6.54913e+02 |237  0.01177 -5.46938e+02
238 -0.00986 -4.65096e+02 |239  0.00377 -2.95008e+02 |240  0.01235 -1.95032e+02
241  0.00777 -1.03466e+02 |242 -0.01350 -2.31657e+02 |243 -0.00909 -2.15355e+02
244  0.00825 -3.34900e+02 |245  0.00245 -4.06976e+02 |246 -0.00345 -3.43815e+02
247 -0.00464 -4.03204e+02 |248  0.00278 -3.37512e+02 |249 -0.00157 -1.20038e+02
250  0.07252 -1.20230e+02 |251 -0.00774 -1.40765e+02 |252 -0.04793 -1.49873e+02
253  0.09141  2.22966e+01 |254 -0.02713  8.53817e+01 |255  0.01561  8.37126e+02
256 -0.00175  8.62966e+02 |257 -0.00342  8.85926e+02 |258  0.00243  8.96671e+02
259  0.11250  9.86411e+02 |260 -0.10451  9.56883e+02 |261 -0.00157  9.07367e+02
262  0.00195  1.01581e+03 |263 -0.02504  1.11325e+03 |264  0.01323  1.14290e+03
265 -0.00871  1.19537e+03 |266 -0.00397  1.19482e+03 |267  0.00033  1.31299e+03
268  0.00090  1.39812e+03 |269 -0.00088  1.59560e+03 |270 -0.00062  1.71177e+03
271  0.00199  1.79276e+03 |272  0.00507  1.89714e+03 |273  0.00133  1.88991e+03
274 -0.00215  1.89545e+03 |275 -0.00057  1.76417e+03 |276  0.00681  1.70116e+03
277  0.04514  1.55262e+03 |278 -0.04235  1.47229e+03 |279 -0.00840  1.40621e+03
280  0.00207  1.18073e+03 |281  0.00061  1.04920e+03 |282 -0.00174  9.57484e+02
283  0.00617  7.64743e+02 |284 -0.00501  6.06977e+02 |285  0.00252  5.42839e+02
286 -0.00527  3.72434e+02 |287  0.00715  3.54006e+02 |288  0.00515  2.93755e+02
289 -0.00694  2.03967e+02 |290 -0.00277  1.61920e+02 |291  0.00424  1.79379e+02
292  0.00637  1.55406e+02 |293 -0.01127  2.01511e+02 |294 -0.00014  3.34506e+02
295 -0.00151  2.66897e+02 |296 -0.00164  2.89564e+02 |297  0.00639  3.27135e+02
298  0.00102  3.35019e+02 |299 -0.00503  3.82000e+02 |300  0.00519  4.10357e+02
301 -0.00455  4.32513e+02 |302  0.00314  4.72088e+02 |303 -0.00125  4.53308e+02
304  0.00052  5.01758e+02 |305 -0.00344  5.77187e+02 |306  0.00654  6.00587e+02
307 -0.00151  7.67628e+02 |308 -0.00436  8.27010e+02 |309  0.00836  8.58541e+02
310  0.00413  6.40327e+02 |311  0.00086  5.53515e+02 |312 -0.00802  4.37376e+02
313  0.00349  2.80819e+02 |314 -0.00048  8.48923e+01 |315  0.00139 -7.69807e+00
316 -0.00035 -9.89785e+00 |317 -0.00021 -5.24613e+00 |318  0.00668 -1.51843e+01
319 -0.01495 -1.56330e+01 |320 -0.04302 -1.01581e+01 |321 -0.03506 -8.65246e+00
321 variables; iteration 300; function evaluation 320; phase 5
Function value 2.9018582e+03; maximum gradient component mag -2.8300e+03
Var    Value     Gradient |Var    Value     Gradient |Var    Value     Gradient
  1 -0.03340 -2.41730e+03 |  2  0.00823 -1.50736e+01 |  3  0.12053 -2.88429e+01
  4  0.01699  5.21495e+00 |  5 -0.14861 -3.25392e+01 |  6  0.06638 -5.99401e+01
  7  0.02223  1.29724e+01 |  8  0.00030 -2.96128e+00 |  9  0.06874  4.10793e+01
 10  0.02403  3.14371e+01 | 11  0.20716 -1.54854e+02 | 12 -0.10279  2.19393e+01
 13 -0.03341  2.64434e+01 | 14 -0.15416  2.66217e+01 | 15 -0.16833  2.20987e+01
 16  0.24124 -1.30149e+02 | 17 -0.02847 -2.52956e+01 | 18 -0.09090  2.89912e+01
 19 -0.05813 -7.02626e+00 | 20 -0.00334  1.43519e+00 | 21 -0.11031 -5.56409e+00
 22  0.03666 -4.09123e+01 | 23 -0.15528 -2.00902e+01 | 24 -0.05194 -4.79715e+01
 25 -0.00479 -9.55652e+01 | 26  0.01144 -6.62131e+01 | 27 -0.10647  1.72314e+01
 28 -0.00019 -7.37007e+01 | 29  0.06095 -2.69408e+00 | 30 -0.10578 -3.36851e+01
 31 -0.21604  1.31602e+01 | 32  0.04457 -5.83626e+00 | 33  0.04700 -2.00358e+01
 34  0.06661 -6.74372e-01 | 35  0.03214 -1.35764e+01 | 36 -0.03149  5.05355e+01
 37 -0.01510  5.56243e+01 | 38  0.06311  6.88980e+01 | 39 -0.04344  6.32833e+01
 40  0.20635  3.30398e+01 | 41  0.02976  7.70421e+01 | 42  0.07654  1.68845e+00
 43 -0.06464  5.07316e+01 | 44  0.17770  3.43376e+02 | 45 -0.03940  7.34577e+01
 46 -0.04052  1.93245e+01 | 47 -0.01936  7.29406e+01 | 48 -0.09008  7.72793e+01
 49  0.11019  1.03962e+02 | 50  0.00967  5.99562e+01 | 51 -0.00116  5.24683e+01
 52  0.01799  4.66233e+01 | 53 -0.03649  3.31815e+01 | 54  0.08259 -5.84624e+01
 55  0.00699 -7.79293e+00 | 56 -0.04745  1.96984e+01 | 57 -0.05787 -9.00586e+00
 58  0.08341 -1.88080e+02 | 59 -0.02770  4.43336e+01 | 60  0.01943 -2.21182e+01
 61  0.00560 -1.12647e+02 | 62  0.07223 -1.11137e+02 | 63  0.09963 -3.51632e+01
 64 -0.05506 -5.53231e+00 | 65 -0.01373 -7.22336e+01 | 66  0.03794 -1.92561e+01
 67  0.00819 -6.12264e+01 | 68 -0.04364 -2.58659e+01 | 69  0.03337 -5.56172e+01
 70  0.01357  4.44796e+00 | 71  0.15675 -5.50965e+01 | 72 -0.03016  2.55805e+01
 73 -0.03061 -2.37524e+01 | 74 -0.55299  5.74009e+00 | 75 -0.64721  2.23046e+00
 76 -0.80217 -7.00765e+00 | 77 -0.68649  2.59544e+01 | 78 -0.74956  8.51978e+00
 79 -0.76685  3.06724e+00 | 80 -0.79903  4.86773e+01 | 81 -0.84652  2.29286e+01
 82 -0.82359  1.52007e+01 | 83 -1.32209 -8.51599e+01 | 84 -0.81430  1.38224e+01
 85 -0.79268  3.29909e+01 | 86 -0.80884  2.87594e+00 | 87 -0.77133  3.86345e+01
 88 -0.79704  2.46290e+01 | 89 -0.81200  1.57926e+01 | 90 -0.77676  3.72381e+01
 91 -0.79800  1.11719e+00 | 92 -0.78549  3.90348e+01 | 93 -0.86203 -3.39394e+01
 94  0.80465  5.45225e-01 | 95 -3.02609  2.00976e-01 | 96 -0.33150  3.73760e+00
 97  0.33398  7.90640e-07 | 98  0.50268 -1.41946e+02 | 99  0.23350 -3.07833e+02
100  0.27513 -2.43384e+01 |101  0.09090 -1.60483e+01 |102 -0.16645 -6.50336e+01
103 -0.20315  1.52037e+01 |104 -0.15709  9.59434e+01 |105 -0.00187 -2.82998e+03
106  0.17049 -4.80290e+02 |107 -0.02587 -2.71861e+02 |108  0.17717  5.42100e+01
109  0.01727  3.26496e+01 |110  0.21741 -1.02317e+01 |111 -0.05498 -6.90440e+01
112 -0.32370  6.48699e+02 |113 -0.20605  5.33368e+02 |114 -0.28145  4.06100e+02
115 -0.11157  4.36853e+02 |116  0.13987  1.12418e+01 |117 -0.14356  7.73374e+01
118 -0.00764 -8.41811e+02 |119  0.05384 -8.16451e+02 |120 -0.01792 -8.36701e+02
121 -0.01705 -8.34753e+02 |122 -0.00905 -8.32709e+02 |123  0.02039 -8.25193e+02
124 -0.04738 -8.39915e+02 |125 -0.00915 -8.28286e+02 |126  0.01056 -7.65963e+02
127 -0.02071 -7.45716e+02 |128  0.04597 -6.66842e+02 |129 -0.02127 -6.81863e+02
130 -0.00284 -6.77035e+02 |131 -0.00831 -6.70827e+02 |132  0.00622 -6.26241e+02
133  0.00793 -6.26571e+02 |134 -0.00220 -6.10622e+02 |135 -0.00153 -6.19979e+02
136  0.00329 -5.55735e+02 |137 -0.01357 -5.62528e+02 |138  0.00276 -5.84238e+02
139  0.02823 -5.17161e+02 |140 -0.04738 -5.32834e+02 |141  0.02518 -4.38946e+02
142  0.01158 -4.82031e+02 |143 -0.01784 -4.82796e+02 |144  0.02657 -5.49346e+02
145 -0.01045 -5.68665e+02 |146  0.00654 -5.52975e+02 |147 -0.00913 -5.52826e+02
148  0.02783 -5.43045e+02 |149 -0.00135 -5.57972e+02 |150 -0.00195 -5.36043e+02
151 -0.03042 -5.48943e+02 |152  0.00326 -5.54014e+02 |153 -0.00628 -5.56137e+02
154  0.01186 -4.88392e+02 |155 -0.01612 -4.87864e+02 |156 -0.01520 -4.91100e+02
157  0.01301 -4.34507e+02 |158  0.00247 -3.75885e+02 |159  0.02063 -3.44325e+02
160 -0.01085 -3.46008e+02 |161 -0.01603 -3.35716e+02 |162  0.00770 -3.27852e+02
163  0.01134 -3.20310e+02 |164 -0.01589 -3.67582e+02 |165  0.00024 -3.09349e+02
166 -0.01809 -2.64237e+02 |167  0.01096 -1.14490e+02 |168  0.02410 -1.40113e+02
169 -0.03527 -1.52507e+02 |170  0.01050 -8.94503e+01 |171  0.02448 -3.51689e+01
172  0.03025 -2.72297e+01 |173 -0.01216 -3.46804e+01 |174  0.00138 -3.03588e+01
175 -0.02706 -3.55554e+01 |176  0.00389 -2.92920e+01 |177 -0.00637 -2.89655e+01
178  0.00435 -2.09263e+01 |179  0.00247 -6.02630e+00 |180 -0.00046 -2.29541e+01
181  0.00098  3.16279e+00 |182  0.06161  1.51064e+01 |183  0.05832  1.43090e+01
184  0.06625  1.62285e+01 |185  0.04465  1.09816e+01 |186  0.01224 -1.37076e+03
187 -0.00127 -1.25619e+03 |188 -0.01302 -1.19575e+03 |189  0.01272 -1.17910e+03
190  0.07011 -1.30969e+03 |191 -0.18971 -1.32031e+03 |192  0.10402 -1.23910e+03
193  0.01993 -1.23104e+03 |194 -0.03516 -1.18590e+03 |195  0.01460 -1.10092e+03
196  0.00003 -1.05209e+03 |197 -0.00488 -9.87559e+02 |198  0.00318 -8.46064e+02
199  0.00388 -6.84211e+02 |200 -0.00537 -5.89865e+02 |201 -0.00206 -3.84371e+02
202  0.00870 -2.25003e+02 |203  0.00196 -1.38509e+02 |204 -0.00757 -1.51061e+02
205  0.00776 -1.76507e+02 |206 -0.00816 -8.18537e+01 |207  0.00599 -2.67960e+02
208 -0.00229 -2.84585e+02 |209  0.00708 -3.14166e+02 |210 -0.01464 -3.57421e+02
211  0.00950 -5.02524e+02 |212 -0.00643 -6.41314e+02 |213  0.00219 -6.92582e+02
214  0.00385 -7.43582e+02 |215  0.00303 -8.18721e+02 |216 -0.00762 -8.87947e+02
217  0.00234 -8.60982e+02 |218  0.00812 -9.19531e+02 |219 -0.00363 -9.69532e+02
220 -0.00589 -9.26071e+02 |221  0.00706 -9.59793e+02 |222 -0.00201 -9.56106e+02
223 -0.00212 -9.16528e+02 |224 -0.01869 -8.29748e+02 |225  0.01649 -6.59525e+02
226  0.00584 -6.09127e+02 |227 -0.00685 -5.77499e+02 |228  0.00665 -4.96232e+02
229 -0.00404 -4.52166e+02 |230 -0.00519 -4.25263e+02 |231  0.00538 -4.05561e+02
232 -0.00374 -3.23392e+02 |233  0.00337 -2.50152e+02 |234  0.00294 -1.79651e+02
235 -0.00669 -9.33755e+01 |236 -0.00574  4.68020e+01 |237  0.01208  1.44083e+02
238 -0.00955  2.19202e+02 |239  0.00393  3.15992e+02 |240  0.01144  3.49589e+02
241  0.00659  4.25728e+02 |242 -0.00777  3.57920e+02 |243 -0.01446  3.09332e+02
244  0.00913  2.83778e+02 |245  0.00414  2.62020e+02 |246 -0.00705  2.78799e+02
247 -0.00147  3.11125e+02 |248  0.00284  3.01778e+02 |249 -0.00183  4.31654e+02
250  0.02863  3.94632e+02 |251  0.01805  3.93388e+02 |252 -0.02869  3.83655e+02
253  0.08303  2.02551e+01 |254 -0.02708 -1.18258e+02 |255  0.01385  7.19680e+02
256  0.00105  7.97725e+02 |257 -0.00571  7.38804e+02 |258  0.00336  6.94996e+02
259  0.11105  6.82551e+02 |260 -0.10361  6.84881e+02 |261 -0.00093  6.35688e+02
262  0.00047  7.15496e+02 |263 -0.02304  8.09129e+02 |264  0.00857  7.81463e+02
265 -0.00655  8.47052e+02 |266 -0.00265  9.77553e+02 |267  0.00162  1.12314e+03
268 -0.00118  1.10265e+03 |269  0.00054  1.30905e+03 |270 -0.00080  1.36646e+03
271  0.00239  1.38139e+03 |272  0.00595  1.34057e+03 |273 -0.00022  1.22846e+03
274 -0.00005  1.21255e+03 |275 -0.00212  1.00835e+03 |276  0.00516  9.10567e+02
277  0.00152  6.58113e+02 |278  0.00002  4.37872e+02 |279 -0.00547  3.23152e+02
280  0.00350  5.11044e+01 |281 -0.00193 -1.03899e+02 |282 -0.00243 -2.46613e+02
283  0.00843 -3.36488e+02 |284 -0.00518 -4.76674e+02 |285  0.00014 -4.92399e+02
286 -0.00272 -7.02184e+02 |287  0.00652 -7.40338e+02 |288  0.00995 -8.47901e+02
289 -0.01345 -1.00941e+03 |290 -0.00081 -1.00390e+03 |291  0.00348 -9.75134e+02
292  0.01036 -1.00233e+03 |293 -0.01496 -9.03245e+02 |294 -0.00022 -7.70418e+02
295 -0.00285 -8.30773e+02 |296 -0.00037 -7.21568e+02 |297  0.00663 -7.04450e+02
298  0.00171 -7.17365e+02 |299 -0.00685 -7.16346e+02 |300  0.00484 -6.40972e+02
301 -0.00444 -6.26241e+02 |302  0.00413 -5.19414e+02 |303 -0.00200 -4.76428e+02
304  0.00047 -3.41861e+02 |305 -0.00338 -2.42206e+02 |306  0.00708 -1.73055e+02
307 -0.00243 -6.45608e+01 |308 -0.00358  2.38333e+01 |309  0.00778  6.67015e+01
310  0.00386 -2.84015e+01 |311  0.00103 -5.59776e+01 |312 -0.00844 -6.60155e+01
313  0.00328 -6.42082e+01 |314  0.00090 -1.26494e+02 |315  0.00039 -1.38637e+02
316 -0.00046 -1.59951e+02 |317 -0.00101 -8.14696e+01 |318 -0.04492 -1.42452e+01
319  0.03602  4.34357e+00 |320 -0.03904 -1.31127e+01 |321 -0.03618 -8.90820e+00
321 variables; iteration 320; function evaluation 342; phase 5
Function value 2.8970968e+03; maximum gradient component mag -3.4940e+03
Var    Value     Gradient |Var    Value     Gradient |Var    Value     Gradient
  1 -0.03331 -3.49403e+03 |  2  0.00157 -1.64255e+01 |  3  0.12829 -2.74486e+01
  4  0.01642  4.88942e+00 |  5 -0.14779 -3.22969e+01 |  6  0.07021 -5.56653e+01
  7  0.02271  1.07451e+01 |  8  0.00163 -9.31047e+00 |  9  0.06424  2.05756e+01
 10  0.02133  3.14112e+01 | 11  0.20842 -1.61527e+02 | 12 -0.11179  2.50223e+01
 13 -0.03450  2.80935e+01 | 14 -0.14990  3.55949e+01 | 15 -0.16475  3.10286e+01
 16  0.24114 -1.85704e+02 | 17 -0.03204 -2.66606e+01 | 18 -0.09075  2.86411e+01
 19 -0.05920 -8.34956e+00 | 20 -0.00452 -8.14360e+00 | 21 -0.10785 -3.87188e+00
 22  0.03533 -6.80910e+01 | 23 -0.15253 -1.40969e+01 | 24 -0.05113 -5.33239e+01
 25 -0.00412 -1.03078e+02 | 26  0.01158 -8.67869e+01 | 27 -0.10792  1.78521e+01
 28  0.00273 -7.10350e+01 | 29  0.05816 -4.98085e+01 | 30 -0.10411 -4.64360e+01
 31 -0.20462  1.98052e+01 | 32  0.04448 -2.91399e+01 | 33  0.04735 -3.66672e+01
 34  0.06585 -1.91473e+01 | 35  0.03129 -3.63974e+01 | 36 -0.03616  3.72442e+01
 37 -0.01538  4.84822e+01 | 38  0.06317  6.20187e+01 | 39 -0.03999  7.15176e+01
 40  0.20627 -2.50629e+00 | 41  0.03069  7.67297e+01 | 42  0.07625 -1.78744e+00
 43 -0.06472  5.63140e+01 | 44  0.17703  2.84510e+02 | 45 -0.03976  7.19668e+01
 46 -0.04029  2.32373e+01 | 47 -0.01982  6.86494e+01 | 48 -0.09083  7.55412e+01
 49  0.11018  9.42164e+01 | 50  0.00938  5.82360e+01 | 51 -0.00109  5.62092e+01
 52  0.01789  5.03656e+01 | 53 -0.03665  4.05575e+01 | 54  0.08210 -6.69978e+01
 55  0.00691  5.71615e+00 | 56 -0.04797  1.85864e+01 | 57 -0.05754  8.47089e+00
 58  0.08364 -1.50450e+02 | 59 -0.02805  5.21370e+01 | 60  0.01937 -1.28766e+01
 61  0.00599 -8.18583e+01 | 62  0.07236 -8.28940e+01 | 63  0.09939 -2.44544e+01
 64 -0.05466  1.56993e+01 | 65 -0.01306 -3.51236e+01 | 66  0.03728 -8.48384e+00
 67  0.00801 -4.41572e+01 | 68 -0.04393 -9.41540e+00 | 69  0.03314 -3.42160e+01
 70  0.01343  2.14040e+01 | 71  0.15617 -3.62345e+01 | 72 -0.03184  2.74555e+01
 73 -0.03041  6.99424e+00 | 74 -0.54889  1.13283e+01 | 75 -0.64430  7.29411e+00
 76 -0.80266 -8.59466e+00 | 77 -0.69174  1.94559e+01 | 78 -0.74979  8.41934e+00
 79 -0.75982  1.14849e+01 | 80 -0.80190  4.08014e+01 | 81 -0.84516  2.71030e+01
 82 -0.82220  1.80315e+01 | 83 -1.32282 -8.43046e+01 | 84 -0.81346  1.44304e+01
 85 -0.79421  3.08485e+01 | 86 -0.80322  6.88776e+00 | 87 -0.77248  3.53490e+01
 88 -0.80136  1.56598e+01 | 89 -0.80974  1.97112e+01 | 90 -0.78273  2.22383e+01
 91 -0.79532  5.64542e+00 | 92 -0.78642  3.43540e+01 | 93 -0.85919 -2.49814e+01
 94  0.96023  5.12389e-02 | 95 -3.17624 -5.27072e-01 | 96 -0.33544 -1.50071e+00
 97  0.46782  1.46158e-06 | 98  0.49348 -8.89729e+01 | 99  0.23042 -3.57599e+02
100  0.28183 -3.34692e+00 |101  0.09076 -5.07289e+01 |102 -0.16640 -7.57866e+01
103 -0.20279 -3.00676e-01 |104 -0.15754  5.85919e+01 |105 -0.00176 -2.79270e+03
106  0.17029 -5.15127e+02 |107 -0.02618 -3.21422e+02 |108  0.17738  3.63804e+01
109  0.01502  2.92269e+01 |110  0.21912 -9.56387e+00 |111 -0.05463 -1.33435e+01
112 -0.32384  7.82361e+02 |113 -0.20689  4.97213e+02 |114 -0.28496  3.88837e+02
115 -0.10801  4.28405e+02 |116  0.13972  8.83877e+00 |117 -0.14327  7.35937e+01
118 -0.00422 -5.20035e+02 |119  0.04780 -5.00022e+02 |120 -0.01338 -5.16349e+02
121 -0.03049 -5.18335e+02 |122  0.01241 -5.07500e+02 |123  0.02956 -5.02948e+02
124 -0.06747 -5.24431e+02 |125 -0.00586 -5.07272e+02 |126  0.01103 -4.53416e+02
127 -0.01567 -4.35627e+02 |128  0.03998 -3.84531e+02 |129 -0.02164 -3.97643e+02
130 -0.00072 -3.92961e+02 |131 -0.01071 -3.93540e+02 |132  0.00651 -3.54730e+02
133  0.01086 -3.54117e+02 |134 -0.00511 -3.53904e+02 |135  0.00163 -3.63829e+02
136 -0.00255 -3.19089e+02 |137 -0.01073 -3.19103e+02 |138  0.00401 -3.44350e+02
139  0.01863 -3.14754e+02 |140 -0.01860 -3.17271e+02 |141  0.00528 -2.95289e+02
142  0.01017 -3.33921e+02 |143 -0.01703 -3.30514e+02 |144  0.02963 -3.97641e+02
145 -0.01456 -4.23044e+02 |146  0.00466 -4.06090e+02 |147 -0.00258 -3.98722e+02
148  0.00961 -4.06291e+02 |149  0.01707 -4.03831e+02 |150 -0.00278 -3.93042e+02
151 -0.03376 -4.07461e+02 |152  0.00321 -4.12216e+02 |153 -0.00400 -4.13449e+02
154  0.01376 -3.60780e+02 |155 -0.01855 -3.64145e+02 |156 -0.01671 -3.72371e+02
157  0.01889 -3.24690e+02 |158 -0.00323 -2.96902e+02 |159  0.01853 -2.66655e+02
160 -0.01102 -2.63588e+02 |161 -0.01370 -2.47131e+02 |162  0.00574 -2.42757e+02
163  0.01400 -2.22339e+02 |164 -0.01622 -2.75766e+02 |165  0.00487 -2.23719e+02
166 -0.02075 -2.04700e+02 |167  0.00841 -1.03632e+02 |168  0.02328 -1.28980e+02
169 -0.03398 -1.38500e+02 |170  0.01048 -8.68166e+01 |171  0.02332 -4.12290e+01
172  0.03168 -2.85646e+01 |173 -0.01079 -3.62466e+01 |174 -0.00233 -3.33073e+01
175 -0.02524 -3.69723e+01 |176  0.00477 -3.16979e+01 |177 -0.01080 -3.54801e+01
178  0.00919 -1.91785e+01 |179 -0.00230 -1.16334e+01 |180  0.00287 -1.48961e+01
181  0.00346  7.37147e+00 |182  0.07589  1.85491e+01 |183  0.03454  8.50490e+00
184  0.05111  1.25558e+01 |185  0.05021  1.23384e+01 |186  0.01354 -1.58952e+03
187 -0.00260 -1.48795e+03 |188 -0.01193 -1.42326e+03 |189  0.01257 -1.40989e+03
190  0.07351 -1.51614e+03 |191 -0.19067 -1.52008e+03 |192  0.10359 -1.44515e+03
193  0.01775 -1.44635e+03 |194 -0.03668 -1.40883e+03 |195  0.01629 -1.31586e+03
196  0.00145 -1.30377e+03 |197 -0.00674 -1.25544e+03 |198  0.00363 -1.12404e+03
199  0.00444 -9.86883e+02 |200 -0.00630 -9.14566e+02 |201 -0.00129 -7.50653e+02
202  0.00841 -6.25476e+02 |203  0.00155 -5.64388e+02 |204 -0.00697 -5.89780e+02
205  0.00766 -6.47956e+02 |206 -0.00835 -5.75446e+02 |207  0.00557 -7.52772e+02
208 -0.00191 -7.94703e+02 |209  0.00145 -8.55493e+02 |210 -0.01113 -8.74283e+02
211  0.01134 -1.01556e+03 |212 -0.00644 -1.13538e+03 |213  0.00251 -1.17729e+03
214  0.00309 -1.23264e+03 |215  0.00363 -1.29579e+03 |216 -0.00763 -1.34184e+03
217  0.00240 -1.31826e+03 |218  0.00734 -1.36170e+03 |219 -0.00249 -1.39898e+03
220 -0.00648 -1.36840e+03 |221  0.00667 -1.38568e+03 |222 -0.00120 -1.38356e+03
223 -0.00195 -1.36139e+03 |224 -0.01844 -1.29605e+03 |225  0.01523 -1.15926e+03
226  0.00640 -1.12861e+03 |227 -0.00697 -1.09729e+03 |228  0.00671 -1.00148e+03
229 -0.00403 -9.58554e+02 |230 -0.00520 -9.28635e+02 |231  0.00507 -9.10567e+02
232 -0.00330 -8.22915e+02 |233  0.00299 -7.72905e+02 |234  0.00309 -7.09979e+02
235 -0.00679 -6.66156e+02 |236 -0.00554 -5.22866e+02 |237  0.01193 -4.19127e+02
238 -0.00975 -3.50360e+02 |239  0.00415 -2.55038e+02 |240  0.01141 -2.09689e+02
241  0.00640 -1.25483e+02 |242 -0.00707 -1.73724e+02 |243 -0.01474 -2.28564e+02
244  0.00912 -2.46415e+02 |245  0.00419 -2.74148e+02 |246 -0.00768 -2.56100e+02
247 -0.00088 -2.10245e+02 |248  0.00312 -2.24819e+02 |249 -0.00262 -1.27101e+02
250  0.00324 -1.60281e+02 |251  0.03103 -1.47177e+02 |252 -0.01643 -1.60684e+02
253  0.08235  2.00924e+01 |254 -0.02856 -2.24629e+01 |255  0.01387  7.07656e+02
256  0.00035  7.88122e+02 |257 -0.00534  7.37864e+02 |258  0.00382  7.16823e+02
259  0.10799  7.15816e+02 |260 -0.10146  7.20177e+02 |261  0.00049  6.76697e+02
262  0.00121  7.45492e+02 |263 -0.02486  8.40779e+02 |264  0.00819  8.34594e+02
265 -0.00548  9.00831e+02 |266 -0.00313  1.01965e+03 |267  0.00155  1.16552e+03
268 -0.00048  1.16196e+03 |269  0.00007  1.33788e+03 |270 -0.00081  1.38933e+03
271  0.00253  1.40809e+03 |272  0.00536  1.37282e+03 |273  0.00016  1.29422e+03
274 -0.00028  1.28845e+03 |275 -0.00154  1.10088e+03 |276  0.00431  9.95834e+02
277  0.00783  7.92793e+02 |278 -0.00377  4.16688e+02 |279 -0.00817  3.03877e+02
280  0.00401  8.29152e+01 |281 -0.00204 -4.93293e+01 |282 -0.00207 -1.64485e+02
283  0.00778 -2.34375e+02 |284 -0.00436 -3.37696e+02 |285 -0.00034 -3.52193e+02
286 -0.00172 -5.10826e+02 |287  0.00528 -5.52315e+02 |288  0.01027 -6.19699e+02
289 -0.01332 -7.61201e+02 |290 -0.00098 -7.41745e+02 |291  0.00389 -7.17354e+02
292  0.00987 -7.69188e+02 |293 -0.01402 -6.97921e+02 |294 -0.00091 -6.10825e+02
295 -0.00272 -6.52740e+02 |296 -0.00009 -5.32346e+02 |297  0.00623 -5.34616e+02
298  0.00200 -5.34808e+02 |299 -0.00666 -5.44778e+02 |300  0.00447 -4.97916e+02
301 -0.00429 -4.98992e+02 |302  0.00403 -4.09515e+02 |303 -0.00181 -4.00953e+02
304  0.00011 -2.80110e+02 |305 -0.00307 -1.71751e+02 |306  0.00722 -1.21365e+02
307 -0.00268 -3.05073e+01 |308 -0.00354  5.81811e+01 |309  0.00755  9.80318e+01
310  0.00414  2.66067e+01 |311  0.00067 -2.29883e+01 |312 -0.00832 -2.15387e+01
313  0.00331 -1.39254e+01 |314  0.00112 -6.87212e+01 |315  0.00027 -8.31379e+01
316 -0.00044 -1.11041e+02 |317 -0.00062 -5.74607e+01 |318 -0.05847 -1.13583e+01
319  0.05193  1.53914e+01 |320 -0.04149 -8.81681e+00 |321 -0.03718 -9.15267e+00
321 variables; iteration 340; function evaluation 376; phase 5
Function value 2.8590894e+03; maximum gradient component mag 1.3617e+03
Var    Value     Gradient |Var    Value     Gradient |Var    Value     Gradient
  1 -0.03351 -8.06395e+02 |  2 -0.03959 -1.72781e+01 |  3  0.13599  3.25285e+00
  4  0.00591  2.19315e+01 |  5 -0.10588 -1.22422e+01 |  6  0.05296 -2.42553e+01
  7  0.03224  2.72259e+00 |  8  0.00815 -5.22065e+00 |  9  0.04745 -8.17637e+00
 10  0.00789 -2.15341e+00 | 11  0.21600 -2.77764e+01 | 12 -0.12955 -4.57501e-01
 13 -0.04922 -1.09365e+01 | 14 -0.16644  4.30618e-01 | 15 -0.18296  2.18847e+00
 16  0.24533 -2.76870e+01 | 17 -0.05695 -4.30752e+01 | 18 -0.10213 -1.08685e+00
 19 -0.05585 -1.43047e+01 | 20 -0.01661 -1.56867e+01 | 21 -0.09815 -4.48468e+00
 22  0.02927 -4.36006e+01 | 23 -0.11693  6.53539e+00 | 24 -0.03831 -8.94330e+00
 25  0.01439 -2.19349e+00 | 26  0.01626 -3.16327e+01 | 27 -0.10492  1.15628e+01
 28  0.02154  1.57774e+01 | 29  0.04424 -4.93188e+01 | 30 -0.07247  2.14822e+01
 31 -0.17487  2.06905e+01 | 32  0.03967  1.19232e+00 | 33  0.04405 -1.55935e+01
 34  0.05846  6.96236e+00 | 35  0.03458 -9.85125e+00 | 36 -0.04199  1.56407e+01
 37 -0.02360  1.17452e+01 | 38  0.06290  4.08205e+01 | 39 -0.05391  3.03471e+01
 40  0.20708 -1.84435e+01 | 41  0.02735  3.49381e+01 | 42  0.08050  6.36322e+00
 43 -0.06453  2.38527e+01 | 44  0.17598  1.11183e+02 | 45 -0.03882  3.09055e+01
 46 -0.04009 -1.56420e+01 | 47 -0.01987  8.39278e+00 | 48 -0.09103  2.93350e+01
 49  0.11180  6.45825e+01 | 50  0.00884  1.32404e+01 | 51 -0.00272 -1.57305e+00
 52  0.01749  3.89717e+00 | 53 -0.03493  2.50829e+01 | 54  0.08412  7.57570e+00
 55  0.00760  1.31179e+01 | 56 -0.04859 -1.45296e+01 | 57 -0.05663  1.13609e+01
 58  0.08604  5.87623e+00 | 59 -0.03183 -1.95795e+01 | 60  0.01850 -3.39280e+01
 61  0.00788 -2.59738e+01 | 62  0.07353 -3.42383e+01 | 63  0.09879 -2.92686e+01
 64 -0.05411  2.24900e+01 | 65 -0.01057  6.16137e+00 | 66  0.03698 -3.24085e+01
 67  0.00959 -8.98959e+00 | 68 -0.04128  1.55484e+01 | 69  0.03229 -7.82176e+01
 70  0.01491  1.70764e+00 | 71  0.15825  4.62926e+01 | 72 -0.03411 -1.76926e+00
 73 -0.02682 -5.83533e+00 | 74 -0.55393 -1.76033e+01 | 75 -0.65305  2.08650e+00
 76 -0.80572 -8.96634e+00 | 77 -0.69909  7.25438e+00 | 78 -0.75324  6.44073e+00
 79 -0.75934  1.34923e+01 | 80 -0.81421  1.67638e+01 | 81 -0.85240  3.78652e+00
 82 -0.83361 -8.19985e+00 | 83 -1.31183 -6.98051e+01 | 84 -0.80978  2.32251e+01
 85 -0.80711  1.32403e+01 | 86 -0.79266  1.15822e+01 | 87 -0.78563  1.89023e+01
 88 -0.81197  5.23465e-01 | 89 -0.82103 -3.81300e+00 | 90 -0.79730 -2.97958e+00
 91 -0.80456 -2.35343e+00 | 92 -0.80388  2.89637e+00 | 93 -0.85684  4.32221e+00
 94  0.88504 -1.34819e-02 | 95 -3.66598 -7.02413e-02 | 96 -1.08723  9.90523e-06
 97  2.93876  1.41559e-05 | 98  0.31630  3.30945e+00 | 99  0.27070  6.57250e+01
100  0.29415  2.64415e+02 |101  0.09105  2.97578e+01 |102 -0.16586  9.23333e+00
103 -0.20223  6.25585e+00 |104 -0.16050 -1.46722e+01 |105 -0.00041 -1.30465e+03
106  0.16889 -3.76865e+02 |107 -0.02506 -2.88538e+02 |108  0.17464 -4.26610e+01
109 -0.04331  7.84799e-01 |110  0.25966 -2.12795e+00 |111 -0.05292 -3.09274e+01
112 -0.32914  5.67279e+02 |113 -0.20547  3.40584e+02 |114 -0.28056  2.90082e+02
115 -0.12460  3.28156e+02 |116  0.12431  3.29703e-01 |117 -0.13787  5.89838e+01
118  0.02372  2.15143e+01 |119  0.01639  2.12864e+01 |120  0.01560  2.19475e+01
121 -0.00186  2.16299e+01 |122 -0.00306  2.14688e+01 |123 -0.01495  1.84976e+01
124  0.00428  2.36625e+01 |125 -0.00595  2.14753e+01 |126 -0.01358  1.48035e+01
127  0.00956  3.15264e+01 |128 -0.00704  3.10778e+01 |129 -0.00890  3.82096e+01
130  0.00559  3.61618e+01 |131 -0.01428  2.52774e+01 |132  0.00943  2.59916e+01
133  0.00340  2.22576e+01 |134 -0.00280  2.44125e+01 |135  0.01690  2.79363e+01
136 -0.01830  2.50217e+01 |137 -0.01361  3.41232e+01 |138  0.00869  4.24244e+01
139  0.02560  4.33468e+01 |140 -0.00275  4.11190e+01 |141 -0.02665  3.77782e+01
142  0.02148  3.82099e+01 |143 -0.02378  3.09582e+01 |144  0.02406  3.84903e+01
145  0.00420  4.02117e+01 |146 -0.00140  3.82557e+01 |147 -0.00530  4.27234e+01
148  0.01383  4.12088e+01 |149  0.01938  3.92757e+01 |150 -0.02599  3.90343e+01
151 -0.02123  4.07171e+01 |152  0.01216  4.72162e+01 |153  0.00036  4.23649e+01
154  0.01407  4.36237e+01 |155 -0.03566  3.18086e+01 |156 -0.00740  4.72644e+01
157  0.02747  2.77653e+01 |158 -0.01043  2.56935e+01 |159  0.01686  1.84354e+01
160 -0.00576  2.00920e+01 |161 -0.02077  1.72840e+01 |162  0.00902  2.97970e+01
163  0.00424  2.92793e+01 |164 -0.00323  2.72451e+01 |165  0.00857  2.49007e+01
166 -0.02057  1.65040e+01 |167 -0.00257  5.70894e+00 |168  0.01937 -1.37045e+01
169 -0.02623 -1.84663e+00 |170  0.01066 -7.81767e+00 |171  0.02010 -1.49885e+01
172  0.01500 -3.61000e+00 |173 -0.00668  3.94001e+00 |174  0.00251  8.80252e+00
175 -0.01776  8.92587e+00 |176  0.00510  1.49389e+01 |177 -0.00051  1.40247e+01
178  0.00202  1.16502e+01 |179 -0.00519  7.60045e+00 |180  0.00641  8.56357e+00
181 -0.00312  6.33424e-01 |182 -0.00187 -1.54850e+00 |183 -0.00007 -1.11966e+00
184 -0.00344 -8.48787e-01 |185 -0.00441 -1.08783e+00 |186  0.02111  3.05659e+02
187 -0.01833  2.03000e+02 |188 -0.01208  1.89216e+02 |189  0.01238  2.01523e+02
190  0.04075  1.58994e+02 |191 -0.13994  1.12068e+02 |192  0.09020  1.98509e+02
193  0.00835  2.03278e+02 |194 -0.02888  1.91116e+02 |195  0.01039  1.68973e+02
196  0.00771  1.96157e+02 |197 -0.00568  2.02480e+02 |198 -0.00020  1.84763e+02
199  0.00833  1.61333e+02 |200 -0.01047  1.56351e+02 |201  0.00542  1.33832e+02
202  0.00104  1.38302e+02 |203  0.00275  1.29896e+02 |204 -0.00781  1.42968e+02
205  0.01258  1.28574e+02 |206 -0.01157  1.25699e+02 |207  0.00203  1.21449e+02
208  0.00295  1.23258e+02 |209  0.00922  1.25642e+02 |210 -0.02520  1.25431e+02
211  0.01603  1.18402e+02 |212 -0.00617  1.18638e+02 |213  0.00192  9.55177e+01
214  0.00147  1.18907e+02 |215  0.00467  1.04850e+02 |216 -0.00582  1.01971e+02
217 -0.00045  7.55901e+01 |218  0.00993  8.13179e+01 |219 -0.00237  6.08498e+01
220 -0.00375  6.05401e+01 |221  0.00053  5.68962e+01 |222  0.00136  5.72603e+01
223  0.00004  8.86923e+00 |224 -0.01609  4.09972e+01 |225  0.00954  3.53943e+01
226  0.00735  4.10205e+01 |227 -0.00706  4.67688e+01 |228  0.00741  4.34818e+01
229 -0.00393  3.07078e+01 |230 -0.00554  2.77539e+01 |231  0.00630  5.14415e+00
232 -0.00486  5.99581e+00 |233  0.00296 -5.65653e+00 |234  0.00171  1.39792e+01
235 -0.00392  2.72508e+01 |236 -0.00679  1.96684e+01 |237  0.01160  1.85344e+01
238 -0.00974  3.30824e+01 |239  0.00403  4.85503e+01 |240  0.01224  6.08693e+01
241  0.00471  6.21787e+01 |242 -0.01023  6.48802e+01 |243 -0.01118  7.60373e+01
244  0.00959  3.24907e+01 |245  0.00419 -2.64486e+01 |246 -0.00649 -3.00643e+01
247 -0.00305 -3.16608e+01 |248  0.00507 -1.15933e+01 |249 -0.00445  9.24049e+00
250 -0.00654 -8.74717e+00 |251  0.01140 -3.83263e+00 |252  0.01496  3.69018e+00
253  0.01891  4.66432e+00 |254 -0.02479  1.22374e+03 |255  0.00929  1.36174e+03
256 -0.00372  1.32628e+03 |257 -0.00354  1.31443e+03 |258  0.00540  1.31583e+03
259  0.09074  1.28838e+03 |260 -0.08839  1.27445e+03 |261  0.00618  1.25983e+03
262 -0.00185  1.23170e+03 |263 -0.02423  1.21039e+03 |264  0.00749  1.21295e+03
265 -0.00582  1.20333e+03 |266 -0.00101  1.17607e+03 |267 -0.00122  1.16062e+03
268  0.00335  1.17395e+03 |269 -0.00254  1.16428e+03 |270  0.00298  1.16924e+03
271 -0.00055  1.16818e+03 |272  0.00438  1.18393e+03 |273 -0.00128  1.19286e+03
274 -0.00014  1.21338e+03 |275  0.00008  1.20204e+03 |276 -0.00009  1.20510e+03
277  0.00451  1.19994e+03 |278  0.00509  1.22093e+03 |279 -0.01424  1.24471e+03
280  0.00681  1.22577e+03 |281 -0.00115  1.19059e+03 |282 -0.00065  1.18783e+03
283  0.00559  1.14023e+03 |284 -0.00410  1.11399e+03 |285  0.00022  1.09862e+03
286 -0.00177  1.06795e+03 |287  0.00565  1.03670e+03 |288  0.00671  1.03176e+03
289 -0.00799  1.01514e+03 |290 -0.00160  9.68967e+02 |291  0.00343  9.35639e+02
292  0.00683  9.00830e+02 |293 -0.00948  8.90599e+02 |294 -0.00243  8.93681e+02
295 -0.00125  8.60234e+02 |296 -0.00115  8.59032e+02 |297  0.00575  8.28147e+02
298  0.00220  8.25002e+02 |299 -0.00626  7.86199e+02 |300  0.00430  7.54219e+02
301 -0.00360  7.05590e+02 |302  0.00331  6.72048e+02 |303 -0.00160  6.61022e+02
304  0.00053  6.50049e+02 |305 -0.00312  6.45822e+02 |306  0.00743  6.10985e+02
307 -0.00250  6.01192e+02 |308 -0.00407  5.91842e+02 |309  0.00730  5.45945e+02
310  0.00435  4.67581e+02 |311  0.00147  4.08329e+02 |312 -0.00863  3.62327e+02
313  0.00307  2.60126e+02 |314  0.00036  1.18533e+02 |315  0.00110  7.18826e+01
316 -0.00143  4.20725e+01 |317  0.00094  1.60921e+01 |318  0.00625  2.07615e+00
319 -0.03815 -5.89565e+00 |320 -0.02846 -7.01325e+00 |321  0.01858  4.58124e+00
321 variables; iteration 360; function evaluation 397; phase 5
Function value 2.8302819e+03; maximum gradient component mag 9.8378e+02
Var    Value     Gradient |Var    Value     Gradient |Var    Value     Gradient
  1 -0.03314  9.83784e+02 |  2  0.04250  3.02123e-01 |  3  0.13062 -1.11682e+00
  4 -0.02290  2.93403e+00 |  5 -0.08404 -3.45039e+00 |  6  0.05672 -3.87363e+00
  7  0.03126  3.64825e+00 |  8  0.00329 -2.48667e+00 |  9  0.04696  5.65551e+00
 10  0.01616 -7.96855e+00 | 11  0.21525  1.46001e+00 | 12 -0.12842 -1.04194e+01
 13 -0.04384 -9.43128e+00 | 14 -0.16288 -1.14676e+01 | 15 -0.18114 -1.12076e+01
 16  0.23645  1.41345e+01 | 17 -0.00155 -5.04910e+00 | 18 -0.11089 -6.17661e+00
 19 -0.05181 -6.54694e+00 | 20 -0.01600 -5.51507e+00 | 21 -0.09940 -7.92049e+00
 22  0.03255 -2.25422e+00 | 23 -0.12109 -2.15078e+00 | 24 -0.03544 -5.50298e-01
 25  0.00917 -2.57762e+00 | 26  0.02196  6.63366e-01 | 27 -0.11347 -5.20394e+00
 28  0.01385 -2.55344e-01 | 29  0.05253  8.53602e+00 | 30 -0.08249 -7.56280e-01
 31 -0.18684 -4.94536e+00 | 32  0.03924  7.89085e+00 | 33  0.04752  2.72271e-01
 34  0.05488  1.04725e+00 | 35  0.03976  1.05404e+00 | 36 -0.04847 -1.92108e+00
 37 -0.02061 -1.15109e-01 | 38  0.05591 -4.42073e+00 | 39 -0.06751 -7.13278e+00
 40  0.21002  9.76309e+00 | 41  0.01965 -6.46486e+00 | 42  0.08267 -9.46846e-01
 43 -0.06469 -7.69084e+00 | 44  0.17426  1.24153e+01 | 45 -0.03912 -3.24583e+00
 46 -0.03516 -5.75518e-01 | 47 -0.01761  2.78643e+00 | 48 -0.09249 -3.29426e+00
 49  0.11151  1.90807e+01 | 50  0.00786  8.01734e+00 | 51 -0.00093  7.04509e+00
 52  0.01822  4.55567e+00 | 53 -0.03723  8.95950e-01 | 54  0.08308  2.59735e+01
 55  0.00537  1.18941e+01 | 56 -0.04985 -1.04502e+00 | 57 -0.05746  8.32336e-01
 58  0.08343  2.95613e+01 | 59 -0.03173  1.86957e+00 | 60  0.01633  3.17188e+00
 61  0.00641 -2.22630e+00 | 62  0.07230  1.22188e+01 | 63  0.09832  1.58373e+01
 64 -0.06012 -7.25158e+00 | 65 -0.01427 -3.83272e+00 | 66  0.03684 -5.99633e-02
 67  0.01022  5.42082e+00 | 68 -0.04378 -4.40511e+00 | 69  0.03736 -7.70649e+00
 70  0.01283 -7.89007e+00 | 71  0.15393 -4.93501e+00 | 72 -0.03068 -8.43933e+00
 73 -0.02040 -9.49080e+00 | 74 -0.53322 -8.00283e-01 | 75 -0.65513 -5.38076e+00
 76 -0.80512 -7.20677e+00 | 77 -0.70079 -4.60574e+00 | 78 -0.75280 -3.79184e+00
 79 -0.76984 -6.83739e+00 | 80 -0.82224 -4.39994e+00 | 81 -0.85011 -3.66365e+00
 82 -0.82837 -4.28380e+00 | 83 -1.26512  6.77411e-01 | 84 -0.81842 -3.89085e+00
 85 -0.81201 -4.05108e+00 | 86 -0.79206 -1.22069e+00 | 87 -0.79986 -1.45945e+00
 88 -0.81076 -2.01583e+00 | 89 -0.81664 -3.24538e+00 | 90 -0.79443 -1.98360e+00
 91 -0.80644 -2.20789e+00 | 92 -0.80406 -2.41358e+00 | 93 -0.85716 -5.65096e-01
 94  1.37916 -2.53348e-01 | 95 -6.35611 -1.84893e-06 | 96 -1.86592 -2.56197e-06
 97  1.99126 -6.91480e-08 | 98  0.15164 -3.04993e-01 | 99  0.35020 -7.67661e+01
100  0.37942 -6.53923e+01 |101  0.09088 -6.05499e+00 |102 -0.16580 -7.96618e+00
103 -0.20319 -9.67237e+00 |104 -0.16551 -7.91822e+00 |105  0.00069 -2.79311e+01
106  0.16911  5.26221e+01 |107 -0.02305  2.99396e+01 |108  0.17473 -1.85359e+01
109 -0.15344 -1.59492e+01 |110  0.35538 -3.97066e-02 |111 -0.04737  1.92484e+01
112 -0.33960  7.11568e+01 |113 -0.20319  6.36174e+01 |114 -0.24733  6.92981e+01
115 -0.21896  7.35190e+01 |116  0.13652  3.52459e+00 |117 -0.17629  2.86141e-01
118  0.03461  7.21336e+00 |119  0.02914  1.04936e+01 |120  0.02096  1.13419e+01
121  0.00021  1.31050e+01 |122 -0.00131  1.29631e+01 |123  0.00059  1.36667e+01
124 -0.00341  1.27786e+01 |125 -0.00702  1.20291e+01 |126 -0.00524  6.40927e+00
127 -0.00573  1.38470e+01 |128  0.00378  1.93458e+01 |129 -0.01595  1.94197e+01
130  0.00235  2.10442e+01 |131 -0.00983  2.10392e+01 |132  0.00777  1.94854e+01
133  0.00578  1.80311e+01 |134 -0.00362  1.67877e+01 |135  0.01603  1.15763e+01
136 -0.01514  1.15662e+01 |137 -0.01465  1.00632e+01 |138  0.00841  4.72869e+00
139  0.02075  3.25380e+00 |140 -0.00088  3.80912e+00 |141 -0.02381  1.01741e+00
142  0.01869 -1.88048e+00 |143 -0.02238  8.82040e-01 |144  0.02511 -2.61583e+00
145  0.00103 -2.78430e+00 |146  0.00360 -1.73048e+00 |147 -0.00945 -2.31915e+00
148  0.01380 -1.73247e+00 |149  0.01917 -3.32296e+00 |150 -0.02230  3.86322e-01
151 -0.02179 -1.29953e+00 |152  0.00600  5.66598e-01 |153  0.00424  6.22635e-01
154  0.00306 -1.75807e+00 |155 -0.02131 -1.59830e+00 |156 -0.01111 -1.10439e+00
157  0.02712 -4.86253e+00 |158 -0.00988 -4.73991e+00 |159  0.01787 -4.59060e+00
160 -0.00674 -4.21970e+00 |161 -0.01919 -4.22420e+00 |162  0.00806 -3.16076e+00
163  0.00424 -3.21885e+00 |164 -0.00343 -3.13087e+00 |165  0.00531 -4.06977e+00
166 -0.01826 -3.96395e+00 |167 -0.00178 -4.89862e+00 |168  0.02206 -8.69922e+00
169 -0.02877 -6.88237e+00 |170  0.01063 -7.33925e+00 |171  0.02122 -9.16151e+00
172  0.02046 -7.58652e-01 |173 -0.00286  1.23398e+00 |174 -0.00262  2.46070e+00
175 -0.02090  1.21692e+00 |176  0.00411  2.25135e+00 |177 -0.00265  7.09738e-01
178  0.00268  2.68307e-01 |179 -0.00492 -1.02050e+00 |180  0.00535 -1.26896e+00
181 -0.00358 -2.60225e+00 |182 -0.02589 -5.70633e+00 |183 -0.02331 -5.74531e+00
184  0.00296  7.29918e-01 |185  0.00309  7.61668e-01 |186  0.01669 -3.70974e+02
187 -0.03121 -4.51787e+02 |188 -0.01041 -4.36866e+02 |189  0.00868 -4.21716e+02
190  0.00445 -4.00261e+02 |191 -0.01739 -3.94852e+02 |192  0.01602 -4.08186e+02
193  0.00008 -4.14759e+02 |194 -0.03085 -4.22424e+02 |195  0.01773 -4.01092e+02
196 -0.00230 -3.87832e+02 |197 -0.00090 -3.80931e+02 |198 -0.00129 -3.73517e+02
199  0.00818 -3.63465e+02 |200 -0.00989 -3.54419e+02 |201  0.00468 -3.41459e+02
202  0.00218 -3.37162e+02 |203  0.00156 -3.29828e+02 |204 -0.00650 -3.18447e+02
205  0.00995 -3.02514e+02 |206 -0.00963 -2.99091e+02 |207  0.00347 -2.85472e+02
208  0.00023 -2.68056e+02 |209  0.00951 -2.64573e+02 |210 -0.02422 -2.65161e+02
211  0.01640 -2.56615e+02 |212 -0.00701 -2.49198e+02 |213  0.00348 -2.48472e+02
214 -0.00052 -2.46512e+02 |215  0.00672 -2.41675e+02 |216 -0.00791 -2.36728e+02
217  0.00017 -2.28122e+02 |218  0.01210 -2.20650e+02 |219 -0.00505 -2.13835e+02
220 -0.00241 -2.05655e+02 |221  0.00085 -2.06192e+02 |222 -0.00044 -2.10470e+02
223  0.00201 -2.04201e+02 |224 -0.01674 -1.97837e+02 |225  0.00915 -1.95470e+02
226  0.00778 -1.87941e+02 |227 -0.00755 -1.88263e+02 |228  0.00723 -1.80044e+02
229 -0.00362 -1.72467e+02 |230 -0.00558 -1.67879e+02 |231  0.00620 -1.60110e+02
232 -0.00419 -1.50243e+02 |233  0.00282 -1.28604e+02 |234  0.00183 -1.13609e+02
235 -0.00441 -1.03237e+02 |236 -0.00703 -9.63507e+01 |237  0.01224 -7.84989e+01
238 -0.00967 -6.92780e+01 |239  0.00359 -5.31539e+01 |240  0.01220 -3.83510e+01
241  0.00527 -1.82750e+01 |242 -0.00968 -1.67819e+01 |243 -0.01338 -1.78357e+01
244  0.01045 -1.26900e+01 |245  0.00524 -7.43495e+00 |246 -0.00710 -7.16314e+00
247 -0.00211 -8.11969e+00 |248  0.00388 -5.14906e+00 |249 -0.00452  3.58503e+00
250  0.00927  1.51111e+00 |251  0.00641  1.58261e+00 |252  0.00939  2.31735e+00
253  0.00510  1.25949e+00 |254 -0.04249 -3.38958e+02 |255  0.00829 -1.87296e+02
256 -0.00308 -1.71578e+02 |257 -0.00148 -1.50290e+02 |258  0.00337 -1.33480e+02
259  0.01459 -1.29409e+02 |260 -0.01366 -1.33629e+02 |261  0.00598 -1.40325e+02
262  0.00024 -1.46256e+02 |263 -0.02514 -1.27104e+02 |264  0.01194 -1.32365e+02
265 -0.01042 -1.25160e+02 |266 -0.00002 -1.17855e+02 |267 -0.00131 -1.11289e+02
268  0.00317 -1.06805e+02 |269 -0.00224 -1.01648e+02 |270  0.00218 -1.06168e+02
271  0.00026 -9.99049e+01 |272  0.00366 -9.74194e+01 |273  0.00009 -9.40439e+01
274 -0.00200 -1.01977e+02 |275  0.00028 -9.26575e+01 |276  0.00169 -8.90348e+01
277  0.00303 -1.03254e+02 |278  0.00557 -1.21581e+02 |279 -0.01449 -1.15231e+02
280  0.00685 -1.22052e+02 |281 -0.00164 -1.14801e+02 |282 -0.00005 -1.16485e+02
283  0.00419 -1.10954e+02 |284 -0.00258 -1.07132e+02 |285 -0.00093 -9.90355e+01
286 -0.00214 -9.76890e+01 |287  0.00745 -9.05706e+01 |288  0.00595 -8.90424e+01
289 -0.00787 -9.73890e+01 |290 -0.00044 -9.98666e+01 |291  0.00227 -9.69171e+01
292  0.00735 -9.77332e+01 |293 -0.00942 -1.02793e+02 |294 -0.00309 -8.93089e+01
295 -0.00089 -8.52751e+01 |296 -0.00159 -8.16886e+01 |297  0.00601 -7.80226e+01
298  0.00200 -8.02345e+01 |299 -0.00649 -7.65984e+01 |300  0.00345 -7.15216e+01
301 -0.00290 -5.01129e+01 |302  0.00372 -4.48029e+01 |303 -0.00138 -3.45598e+01
304  0.00053 -2.97362e+01 |305 -0.00361 -1.46449e+01 |306  0.00763 -1.36606e+01
307 -0.00227  4.07966e+00 |308 -0.00451  1.88175e+01 |309  0.00691  3.34009e+01
310  0.00481  3.09622e+01 |311  0.00234  1.99956e+01 |312 -0.00972  2.01054e+01
313  0.00239  1.54375e+01 |314  0.00137  1.58138e+01 |315  0.00037  3.23560e+00
316 -0.00070 -1.81289e+00 |317  0.00041 -1.42013e+00 |318 -0.02685 -8.12549e+00
319 -0.02647 -6.52264e+00 |320  0.01632  4.02480e+00 |321 -0.01482 -3.65614e+00
321 variables; iteration 380; function evaluation 417; phase 5
Function value 2.8263613e+03; maximum gradient component mag -2.9581e+02
Var    Value     Gradient |Var    Value     Gradient |Var    Value     Gradient
  1 -0.03317 -8.93616e+00 |  2  0.05056  2.85563e+00 |  3  0.12943 -4.60903e-01
  4 -0.02346  2.93560e+00 |  5 -0.08068 -9.73898e-01 |  6  0.05912  1.75287e+00
  7  0.02848  1.88458e+00 |  8  0.00655 -1.54883e+00 |  9  0.04466 -1.37421e+00
 10  0.01638  1.42751e+00 | 11  0.21556  8.93629e+00 | 12 -0.12701 -2.97904e-01
 13 -0.04420  4.93404e-01 | 14 -0.16074 -7.56787e-02 | 15 -0.17866  4.24862e-01
 16  0.23669  1.81520e+01 | 17 -0.00227  2.27573e+00 | 18 -0.11158  2.15546e+00
 19 -0.05132  3.38886e+00 | 20 -0.01557  3.56681e+00 | 21 -0.09802  2.53040e+00
 22  0.03314  5.17203e+00 | 23 -0.12316  3.61055e+00 | 24 -0.03629  3.61978e+00
 25  0.01007  4.81208e+00 | 26  0.02167  4.06587e+00 | 27 -0.11294  2.86700e+00
 28  0.01394  3.64293e+00 | 29  0.05211  3.80591e+00 | 30 -0.08459  3.15846e+00
 31 -0.18888  2.41684e+00 | 32  0.03776  5.11779e+00 | 33  0.04892  2.77387e+00
 34  0.05487  3.86514e+00 | 35  0.04024  2.69002e+00 | 36 -0.04856  2.64183e+00
 37 -0.02202  7.15704e-01 | 38  0.05668 -1.28242e+00 | 39 -0.06850 -6.66882e-01
 40  0.21069 -6.37183e-02 | 41  0.01991 -1.73690e-02 | 42  0.08288  6.42360e-01
 43 -0.06461  3.19335e-01 | 44  0.17460 -4.47365e+00 | 45 -0.03940 -2.09317e+00
 46 -0.03551 -3.16969e+00 | 47 -0.01775 -2.77776e+00 | 48 -0.09286 -1.89945e+00
 49  0.11166 -2.94883e+00 | 50  0.00787 -1.97234e+00 | 51 -0.00124 -3.61195e+00
 52  0.01836 -2.54097e+00 | 53 -0.03726 -1.71147e+00 | 54  0.08293 -8.67757e+00
 55  0.00522 -5.44107e+00 | 56 -0.04997 -2.11577e+00 | 57 -0.05743 -3.00919e+00
 58  0.08297 -1.71874e+01 | 59 -0.03206 -4.14573e+00 | 60  0.01631 -2.59546e+00
 61  0.00646 -7.03148e+00 | 62  0.07215 -9.89940e+00 | 63  0.09841 -5.71652e+00
 64 -0.05996 -2.91449e+00 | 65 -0.01421 -1.24686e+00 | 66  0.03702 -3.32873e+00
 67  0.00964 -3.74870e+00 | 68 -0.04392 -7.41788e-01 | 69  0.03688 -6.58513e+00
 70  0.01288  1.96989e+00 | 71  0.15386  2.69000e+00 | 72 -0.03052  1.71909e+00
 73 -0.02012  8.84962e-01 | 74 -0.53356 -2.66824e+00 | 75 -0.65331  1.34824e+00
 76 -0.80292  1.50989e+00 | 77 -0.70036  2.22480e+00 | 78 -0.75056  9.14918e-01
 79 -0.76566  1.50513e+00 | 80 -0.82023  2.33943e+00 | 81 -0.84886  3.26191e-02
 82 -0.82666  1.22631e-01 | 83 -1.26556 -2.38893e+00 | 84 -0.81639  1.51758e+00
 85 -0.80906  2.29354e+00 | 86 -0.79185  1.09537e+00 | 87 -0.79815  1.75894e+00
 88 -0.80958  8.30723e-01 | 89 -0.81404 -3.58784e-03 | 90 -0.79186  7.11451e-01
 91 -0.80436  3.78431e-01 | 92 -0.80122  7.44397e-01 | 93 -0.85568  1.38101e+00
 94  1.76799 -2.51710e-02 | 95 -7.27912  2.62867e-03 | 96 -1.39228  1.68049e-05
 97 -1.79065 -1.30019e-04 | 98  0.45663 -2.39817e+01 | 99  0.44054 -2.54894e+01
100  0.30084 -6.18797e+01 |101  0.09087 -1.02372e+01 |102 -0.16580  2.04259e+00
103 -0.20306  8.26607e+00 |104 -0.16545  1.02886e+01 |105  0.00076 -1.50458e+02
106  0.16860 -6.32064e+01 |107 -0.02397 -5.57737e+01 |108  0.17554 -1.36255e+01
109 -0.07390 -3.39152e+00 |110  0.40332 -1.51740e-03 |111 -0.04690 -7.16561e+00
112 -0.34011  2.30486e+01 |113 -0.20401  3.67794e+00 |114 -0.23985  5.23642e-01
115 -0.26005  2.00168e-01 |116  0.12931  8.93784e-01 |117 -0.17695  3.65687e+00
118  0.02356 -1.26711e+02 |119  0.01045 -1.29880e+02 |120  0.00286 -1.31593e+02
121 -0.00452 -1.31577e+02 |122 -0.00527 -1.31673e+02 |123 -0.00548 -1.31613e+02
124 -0.00802 -1.32132e+02 |125 -0.00975 -1.32348e+02 |126  0.00303 -1.31293e+02
127 -0.00521 -1.27290e+02 |128  0.00243 -1.23010e+02 |129 -0.01730 -1.23631e+02
130  0.00192 -1.24710e+02 |131 -0.01086 -1.25100e+02 |132  0.00772 -1.19560e+02
133  0.00581 -1.18953e+02 |134 -0.00359 -1.17010e+02 |135  0.01631 -1.15566e+02
136 -0.01529 -1.14957e+02 |137 -0.01492 -1.14941e+02 |138  0.00904 -1.13500e+02
139  0.02018 -1.10927e+02 |140 -0.00402 -1.10561e+02 |141 -0.02099 -1.10403e+02
142  0.02055 -1.03483e+02 |143 -0.02358 -1.03401e+02 |144  0.02519 -9.97209e+01
145  0.00126 -9.83395e+01 |146  0.00287 -9.72268e+01 |147 -0.00830 -9.61949e+01
148  0.01267 -9.61332e+01 |149  0.02225 -9.61495e+01 |150 -0.02534 -9.61044e+01
151 -0.02050 -9.61325e+01 |152  0.00613 -9.58440e+01 |153  0.00308 -9.63872e+01
154  0.00324 -9.38163e+01 |155 -0.02127 -9.32704e+01 |156 -0.01122 -9.21160e+01
157  0.02681 -8.53370e+01 |158 -0.00948 -8.34916e+01 |159  0.01778 -7.49509e+01
160 -0.00746 -7.36038e+01 |161 -0.01849 -7.08159e+01 |162  0.00813 -6.26987e+01
163  0.00422 -5.97622e+01 |164 -0.00359 -5.49783e+01 |165  0.00485 -5.12678e+01
166 -0.01787 -4.84912e+01 |167 -0.00152 -4.41921e+01 |168  0.02278 -3.02060e+01
169 -0.02943 -2.98927e+01 |170  0.01072 -2.47843e+01 |171  0.02273 -2.31293e+01
172  0.02271 -2.09146e+01 |173 -0.00243 -2.14993e+01 |174 -0.00701 -2.17733e+01
175 -0.02101 -2.17745e+01 |176  0.00302 -1.75938e+01 |177 -0.00266 -1.46045e+01
178  0.00335 -1.27390e+01 |179 -0.00439 -1.00760e+01 |180  0.00476 -7.72723e+00
181 -0.00113 -4.43842e-01 |182  0.00104  2.61454e-01 |183  0.00157  3.87575e-01
184  0.00381  9.39072e-01 |185  0.00287  7.08346e-01 |186 -0.00981 -1.40354e+02
187 -0.02191 -2.37156e+02 |188 -0.01044 -2.42440e+02 |189  0.00882 -2.41741e+02
190  0.00517 -2.45188e+02 |191 -0.02435 -2.43337e+02 |192  0.02009 -2.40882e+02
193  0.00031 -2.43122e+02 |194 -0.02912 -2.43963e+02 |195  0.01762 -2.36734e+02
196 -0.00227 -2.30596e+02 |197 -0.00113 -2.27808e+02 |198 -0.00122 -2.21520e+02
199  0.00849 -2.18544e+02 |200 -0.01015 -2.15946e+02 |201  0.00443 -2.15391e+02
202  0.00255 -2.12913e+02 |203  0.00157 -2.10770e+02 |204 -0.00671 -2.07401e+02
205  0.01037 -2.04486e+02 |206 -0.01003 -2.04197e+02 |207  0.00350 -2.00090e+02
208  0.00012 -1.97242e+02 |209  0.00969 -1.97698e+02 |210 -0.02408 -1.88659e+02
211  0.01647 -1.87627e+02 |212 -0.00761 -1.83186e+02 |213  0.00375 -1.81303e+02
214 -0.00053 -1.78997e+02 |215  0.00663 -1.78259e+02 |216 -0.00758 -1.78664e+02
217 -0.00018 -1.80027e+02 |218  0.01231 -1.79455e+02 |219 -0.00515 -1.75793e+02
220 -0.00220 -1.71006e+02 |221  0.00042 -1.70071e+02 |222 -0.00011 -1.65082e+02
223  0.00204 -1.52724e+02 |224 -0.01648 -1.49520e+02 |225  0.00859 -1.39370e+02
226  0.00779 -1.30104e+02 |227 -0.00732 -1.21498e+02 |228  0.00708 -1.18595e+02
229 -0.00355 -1.09509e+02 |230 -0.00556 -1.01906e+02 |231  0.00625 -9.68928e+01
232 -0.00423 -9.03670e+01 |233  0.00290 -8.47206e+01 |234  0.00184 -8.10147e+01
235 -0.00446 -7.78863e+01 |236 -0.00708 -6.73971e+01 |237  0.01234 -6.55595e+01
238 -0.00974 -6.13347e+01 |239  0.00351 -5.70043e+01 |240  0.01236 -5.17081e+01
241  0.00525 -5.21471e+01 |242 -0.00993 -5.78678e+01 |243 -0.01298 -5.56678e+01
244  0.01032 -4.56058e+01 |245  0.00494 -3.89738e+01 |246 -0.00691 -3.22666e+01
247 -0.00200 -2.63876e+01 |248  0.00386 -1.79567e+01 |249 -0.00470 -4.51674e+00
250  0.00403  7.38418e-01 |251  0.00428  8.74355e-01 |252  0.00874  2.15570e+00
253 -0.00741 -1.82816e+00 |254 -0.02632 -2.95814e+02 |255  0.00866 -1.72773e+02
256 -0.00350 -1.78330e+02 |257 -0.00151 -1.77934e+02 |258  0.00357 -1.73559e+02
259  0.01830 -1.69518e+02 |260 -0.01742 -1.68916e+02 |261  0.00650 -1.69900e+02
262 -0.00051 -1.73272e+02 |263 -0.02503 -1.64854e+02 |264  0.01204 -1.65253e+02
265 -0.01038 -1.62580e+02 |266 -0.00004 -1.58714e+02 |267 -0.00134 -1.55777e+02
268  0.00315 -1.51949e+02 |269 -0.00223 -1.49065e+02 |270  0.00193 -1.50793e+02
271  0.00041 -1.48199e+02 |272  0.00382 -1.48658e+02 |273 -0.00009 -1.46812e+02
274 -0.00181 -1.47904e+02 |275  0.00020 -1.45807e+02 |276  0.00164 -1.44599e+02
277  0.00276 -1.52269e+02 |278  0.00560 -1.53056e+02 |279 -0.01424 -1.50803e+02
280  0.00743 -1.54705e+02 |281 -0.00215 -1.59805e+02 |282  0.00006 -1.61355e+02
283  0.00414 -1.63017e+02 |284 -0.00270 -1.64220e+02 |285 -0.00072 -1.64242e+02
286 -0.00234 -1.62717e+02 |287  0.00755 -1.60743e+02 |288  0.00557 -1.60909e+02
289 -0.00753 -1.57806e+02 |290 -0.00062 -1.55494e+02 |291  0.00244 -1.41286e+02
292  0.00692 -1.35286e+02 |293 -0.00886 -1.23504e+02 |294 -0.00319 -1.15419e+02
295 -0.00106 -1.12583e+02 |296 -0.00138 -1.08711e+02 |297  0.00585 -1.09744e+02
298  0.00198 -1.03837e+02 |299 -0.00649 -1.00700e+02 |300  0.00354 -9.59263e+01
301 -0.00298 -9.19050e+01 |302  0.00382 -9.05745e+01 |303 -0.00142 -8.88115e+01
304  0.00053 -8.18956e+01 |305 -0.00367 -7.90473e+01 |306  0.00778 -7.49371e+01
307 -0.00228 -7.28158e+01 |308 -0.00454 -6.70031e+01 |309  0.00683 -6.60276e+01
310  0.00475 -6.64406e+01 |311  0.00206 -5.95648e+01 |312 -0.00953 -4.82466e+01
313  0.00260 -3.80631e+01 |314  0.00118 -3.56556e+01 |315  0.00033 -2.89238e+01
316 -0.00055 -2.01046e+01 |317  0.00054 -8.22538e+00 |318 -0.01168 -3.21159e+00
319 -0.01402 -3.48297e+00 |320 -0.00803 -1.98178e+00 |321 -0.00207 -5.11605e-01
321 variables; iteration 400; function evaluation 437; phase 5
Function value 2.8249519e+03; maximum gradient component mag 1.2712e+03
Var    Value     Gradient |Var    Value     Gradient |Var    Value     Gradient
  1 -0.03305  1.27119e+03 |  2  0.04794  2.97987e+00 |  3  0.13038  1.77562e+00
  4 -0.02421  3.76810e+00 |  5 -0.07799  1.21222e+00 |  6  0.05961  5.28026e+00
  7  0.02907  3.60102e+00 |  8  0.00418  2.22434e+00 |  9  0.04590  5.36763e+00
 10  0.01672 -8.18483e+00 | 11  0.21510  9.88939e+00 | 12 -0.12579 -1.05467e+01
 13 -0.04384 -8.52721e+00 | 14 -0.16019 -1.04267e+01 | 15 -0.17872 -1.05274e+01
 16  0.23581  3.13947e+01 | 17  0.00054 -2.00701e+00 | 18 -0.11225 -7.88213e+00
 19 -0.05155 -4.46284e+00 | 20 -0.01542 -1.09708e-01 | 21 -0.09844 -5.62257e+00
 22  0.03307  6.66505e+00 | 23 -0.12257 -4.50238e+00 | 24 -0.03631 -1.18641e+00
 25  0.00933  1.04142e+00 | 26  0.02167  3.39193e+00 | 27 -0.11387 -6.39661e+00
 28  0.01329 -2.63818e-01 | 29  0.05196  9.81863e+00 | 30 -0.08459 -2.07114e+00
 31 -0.19022 -8.48249e+00 | 32  0.03777  6.79950e+00 | 33  0.04794  2.49125e+00
 34  0.05453  4.24442e+00 | 35  0.03903  2.03782e+00 | 36 -0.04853 -8.32857e-01
 37 -0.02174  1.35130e+00 | 38  0.05785  7.93990e+00 | 39 -0.06691 -4.27722e+00
 40  0.21046  2.04067e+01 | 41  0.02067  3.43854e+00 | 42  0.08261  4.91365e+00
 43 -0.06454 -5.07164e+00 | 44  0.17446  3.37091e+01 | 45 -0.03872  3.50482e+00
 46 -0.03511  1.40161e+00 | 47 -0.01761  1.52421e+00 | 48 -0.09269 -3.37456e+00
 49  0.11164  2.40740e+01 | 50  0.00745  3.76777e+00 | 51 -0.00110  2.55821e+00
 52  0.01817  2.97901e+00 | 53 -0.03744 -2.12647e+00 | 54  0.08288  1.56344e+01
 55  0.00502  5.02779e+00 | 56 -0.05009 -3.63633e+00 | 57 -0.05730 -3.26946e+00
 58  0.08289  1.27061e+01 | 59 -0.03182 -2.62299e+00 | 60  0.01615 -1.19944e+00
 61  0.00641 -3.43954e+00 | 62  0.07211 -1.58348e-01 | 63  0.09827  3.51382e-01
 64 -0.06014 -5.63774e+00 | 65 -0.01465 -8.39796e+00 | 66  0.03696 -8.17730e+00
 67  0.00974 -9.86744e+00 | 68 -0.04421 -1.20746e+01 | 69  0.03775 -8.42141e+00
 70  0.01258 -1.30561e+01 | 71  0.15357 -1.16339e+01 | 72 -0.03035 -1.26974e+01
 73 -0.01975 -1.30746e+01 | 74 -0.53462 -4.48831e+00 | 75 -0.65358 -3.78545e+00
 76 -0.80322 -2.73872e+00 | 77 -0.70035 -3.50724e+00 | 78 -0.75088 -2.43402e+00
 79 -0.76657 -2.67908e+00 | 80 -0.82109 -2.48214e+00 | 81 -0.84884 -1.26149e+00
 82 -0.82665 -1.36045e+00 | 83 -1.26430  2.07395e+00 | 84 -0.81683 -1.68041e+00
 85 -0.81049 -2.34691e+00 | 86 -0.79169 -1.29664e+00 | 87 -0.79964 -1.68484e+00
 88 -0.80982 -1.01883e+00 | 89 -0.81413 -3.21147e-01 | 90 -0.79259 -3.50551e-01
 91 -0.80501 -1.62734e-01 | 92 -0.80200  8.40246e-02 | 93 -0.85628  9.76634e-02
 94  2.05808  8.10620e-03 | 95 -6.79171 -3.00626e-03 | 96 -0.54690 -1.58356e-06
 97 -4.95682 -2.01081e-05 | 98  0.55650 -1.88668e+00 | 99  0.48168  5.35569e-01
100  0.12276 -5.01487e+01 |101  0.09092  6.43170e+00 |102 -0.16583  1.24001e+01
103 -0.20308  1.74909e+01 |104 -0.16573  1.71029e+01 |105  0.00100  1.30874e+02
106  0.16864  4.44182e+01 |107 -0.02320  3.96404e+01 |108  0.17415  8.40218e+00
109 -0.03005  4.44149e+00 |110  0.40937 -4.47583e-04 |111 -0.04691  6.82352e+00
112 -0.34006  2.02310e+00 |113 -0.20421  3.82712e+00 |114 -0.24064  9.48743e+00
115 -0.25287  1.09970e+01 |116  0.12937 -1.84737e-01 |117 -0.18399 -2.88222e+00
118  0.00771 -1.03722e+01 |119  0.00543 -1.05522e+01 |120  0.00477 -1.04615e+01
121 -0.00396 -1.04582e+01 |122 -0.00438 -1.04580e+01 |123 -0.00466 -1.04129e+01
124 -0.00472 -1.03310e+01 |125 -0.00732 -1.08193e+01 |126  0.00948 -1.18649e+01
127 -0.00459 -1.29732e+01 |128 -0.00697 -1.27145e+01 |129 -0.02096 -1.30198e+01
130  0.00187 -1.22989e+01 |131 -0.01010 -1.19672e+01 |132  0.00742 -1.19304e+01
133  0.00591 -1.17120e+01 |134 -0.00387 -1.13680e+01 |135  0.01737 -1.04936e+01
136 -0.01606 -1.20994e+01 |137 -0.01509 -1.28493e+01 |138  0.00904 -1.23756e+01
139  0.02018 -1.19392e+01 |140 -0.00465 -1.17970e+01 |141 -0.01967 -1.10470e+01
142  0.01980 -1.25678e+01 |143 -0.02347 -1.33858e+01 |144  0.02552 -1.24413e+01
145  0.00172 -1.26800e+01 |146  0.00267 -1.27257e+01 |147 -0.00908 -1.28422e+01
148  0.01283 -1.21940e+01 |149  0.02241 -1.23185e+01 |150 -0.02532 -1.27542e+01
151 -0.02069 -1.29901e+01 |152  0.00568 -1.38449e+01 |153  0.00364 -1.39534e+01
154  0.00337 -1.34420e+01 |155 -0.02130 -1.33122e+01 |156 -0.01132 -1.31401e+01
157  0.02719 -1.18742e+01 |158 -0.00957 -1.14123e+01 |159  0.01784 -1.14505e+01
160 -0.00683 -1.12652e+01 |161 -0.01910 -1.13197e+01 |162  0.00797 -1.11717e+01
163  0.00421 -1.10551e+01 |164 -0.00359 -1.11872e+01 |165  0.00571 -1.07839e+01
166 -0.01888 -1.16435e+01 |167 -0.00159 -9.48969e+00 |168  0.02259 -6.47729e+00
169 -0.02933 -6.04553e+00 |170  0.01065 -2.50944e+00 |171  0.02324 -1.88517e+00
172  0.02140 -2.97268e+00 |173 -0.00338 -3.06225e+00 |174 -0.00654 -2.85373e+00
175 -0.01921 -2.20501e+00 |176  0.00326 -1.47291e+00 |177 -0.00244 -6.99639e-01
178  0.00287 -3.86181e-01 |179 -0.00463  2.33860e-01 |180  0.00518  5.78504e-01
181 -0.00092  1.23830e+00 |182  0.00624  1.54044e+00 |183  0.00611  1.50731e+00
184 -0.00049 -1.20225e-01 |185 -0.00016 -4.05299e-02 |186 -0.03166 -4.74990e+00
187 -0.00766 -5.64678e+01 |188 -0.01025 -5.68037e+01 |189  0.00851 -5.76939e+01
190  0.00578 -5.76682e+01 |191 -0.02189 -5.57749e+01 |192  0.01748 -6.09821e+01
193 -0.00076 -6.35085e+01 |194 -0.02854 -6.41290e+01 |195  0.01836 -6.48656e+01
196 -0.00267 -6.25933e+01 |197 -0.00104 -6.46470e+01 |198 -0.00131 -6.20613e+01
199  0.00835 -5.78974e+01 |200 -0.01002 -5.71987e+01 |201  0.00458 -5.88169e+01
202  0.00231 -6.03558e+01 |203  0.00165 -6.00746e+01 |204 -0.00662 -6.28728e+01
205  0.01017 -6.33428e+01 |206 -0.00983 -6.27423e+01 |207  0.00349 -6.17690e+01
208  0.00010 -6.07951e+01 |209  0.00997 -5.99821e+01 |210 -0.02435 -6.23057e+01
211  0.01640 -6.38342e+01 |212 -0.00746 -6.19477e+01 |213  0.00361 -6.18377e+01
214 -0.00042 -6.25534e+01 |215  0.00658 -5.97579e+01 |216 -0.00758 -5.74520e+01
217 -0.00022 -5.33679e+01 |218  0.01224 -5.27270e+01 |219 -0.00485 -4.91222e+01
220 -0.00242 -5.16006e+01 |221  0.00056 -5.22086e+01 |222 -0.00026 -5.13952e+01
223  0.00209 -5.03706e+01 |224 -0.01655 -4.83284e+01 |225  0.00870 -4.43118e+01
226  0.00773 -4.21514e+01 |227 -0.00736 -4.13099e+01 |228  0.00722 -3.42735e+01
229 -0.00365 -3.48601e+01 |230 -0.00558 -3.16504e+01 |231  0.00629 -2.79964e+01
232 -0.00422 -2.87094e+01 |233  0.00288 -2.46394e+01 |234  0.00186 -2.18201e+01
235 -0.00449 -1.86732e+01 |236 -0.00713 -1.44050e+01 |237  0.01240 -1.24521e+01
238 -0.00966 -9.29829e+00 |239  0.00342 -7.56355e+00 |240  0.01235 -6.60873e+00
241  0.00511 -6.82740e+00 |242 -0.00976 -3.12587e+00 |243 -0.01300 -1.00113e+00
244  0.01036  9.97612e-01 |245  0.00506  4.25100e+00 |246 -0.00701  4.85729e+00
247 -0.00191  6.30442e+00 |248  0.00378  6.75918e+00 |249 -0.00477  2.21644e+00
250  0.00317  6.87802e-01 |251  0.00350  7.65326e-01 |252  0.00049  1.20146e-01
253 -0.00755 -1.86214e+00 |254  0.01437 -2.09303e+02 |255  0.00801 -7.51823e+01
256 -0.00315 -7.64863e+01 |257 -0.00140 -7.93516e+01 |258  0.00330 -8.25586e+01
259  0.01652 -8.42130e+01 |260 -0.01551 -8.60292e+01 |261  0.00616 -9.09960e+01
262  0.00001 -9.12433e+01 |263 -0.02537 -9.24942e+01 |264  0.01237 -9.61422e+01
265 -0.01071 -9.93767e+01 |266  0.00002 -9.81868e+01 |267 -0.00130 -9.84644e+01
268  0.00311 -1.00934e+02 |269 -0.00230 -1.03574e+02 |270  0.00210 -1.04869e+02
271  0.00026 -1.07498e+02 |272  0.00381 -1.11595e+02 |273 -0.00003 -1.16530e+02
274 -0.00195 -1.19035e+02 |275  0.00028 -1.17583e+02 |276  0.00157 -1.17720e+02
277  0.00273 -1.15443e+02 |278  0.00576 -1.15794e+02 |279 -0.01435 -1.18389e+02
280  0.00735 -1.15840e+02 |281 -0.00196 -1.15400e+02 |282 -0.00002 -1.16610e+02
283  0.00430 -1.14699e+02 |284 -0.00264 -1.12694e+02 |285 -0.00071 -1.10882e+02
286 -0.00251 -1.11668e+02 |287  0.00753 -1.07531e+02 |288  0.00564 -1.08993e+02
289 -0.00762 -1.09749e+02 |290 -0.00047 -1.06712e+02 |291  0.00234 -1.05977e+02
292  0.00700 -1.00788e+02 |293 -0.00896 -9.89562e+01 |294 -0.00323 -9.62754e+01
295 -0.00102 -9.44351e+01 |296 -0.00146 -9.01716e+01 |297  0.00589 -8.73684e+01
298  0.00201 -8.81636e+01 |299 -0.00652 -8.61528e+01 |300  0.00352 -8.41760e+01
301 -0.00294 -7.95322e+01 |302  0.00379 -7.54235e+01 |303 -0.00140 -6.94811e+01
304  0.00064 -6.36496e+01 |305 -0.00376 -6.09079e+01 |306  0.00774 -5.68491e+01
307 -0.00220 -5.36218e+01 |308 -0.00459 -5.09288e+01 |309  0.00681 -4.74098e+01
310  0.00479 -4.11503e+01 |311  0.00210 -3.51274e+01 |312 -0.00960 -3.19188e+01
313  0.00254 -2.31671e+01 |314  0.00123 -1.33165e+01 |315  0.00027 -7.63368e+00
316 -0.00043 -2.09010e+00 |317  0.00043 -1.45195e+00 |318 -0.00361 -1.02514e+00
319 -0.00129 -4.88788e-01 |320 -0.01462 -3.60616e+00 |321  0.00134  3.31709e-01
321 variables; iteration 420; function evaluation 457; phase 5
Function value 2.8244228e+03; maximum gradient component mag 6.9808e+02
Var    Value     Gradient |Var    Value     Gradient |Var    Value     Gradient
  1 -0.03308  6.98081e+02 |  2  0.04010  4.83631e-01 |  3  0.13131  7.01183e-01
  4 -0.03186  6.57386e-01 |  5 -0.07873  6.67232e-01 |  6  0.05402  4.13350e+00
  7  0.03874  2.76724e+00 |  8 -0.00003  5.14118e-01 |  9  0.04631  1.47054e+00
 10  0.01676 -5.44440e+00 | 11  0.21502  2.40093e-01 | 12 -0.12631 -6.66861e+00
 13 -0.04382 -5.81198e+00 | 14 -0.16058 -6.44979e+00 | 15 -0.17826 -5.93917e+00
 16  0.23564  8.51493e+00 | 17  0.00036 -2.39615e+00 | 18 -0.11284 -5.25206e+00
 19 -0.05174 -4.39667e+00 | 20 -0.01573 -2.95084e+00 | 21 -0.09825 -4.02325e+00
 22  0.03289 -9.21827e-01 | 23 -0.12365 -3.62352e+00 | 24 -0.03631 -2.08047e+00
 25  0.00922 -2.62861e+00 | 26  0.02177 -6.07868e-01 | 27 -0.11387 -3.87964e+00
 28  0.01373 -1.69026e+00 | 29  0.05199  2.86188e+00 | 30 -0.08420 -6.59561e-01
 31 -0.19026 -4.79940e+00 | 32  0.03800  3.68391e+00 | 33  0.04854  6.39389e-01
 34  0.05463  6.42476e-01 | 35  0.03932 -7.70229e-01 | 36 -0.04916 -1.23346e+00
 37 -0.02151  1.37332e+00 | 38  0.05803  6.03015e+00 | 39 -0.06731 -1.93729e+00
 40  0.21072  9.50524e+00 | 41  0.01979  9.89952e-01 | 42  0.08299  5.62550e+00
 43 -0.06460 -2.79457e+00 | 44  0.17453  2.21101e+01 | 45 -0.03861  5.74978e+00
 46 -0.03516  1.86751e+00 | 47 -0.01753  2.18927e+00 | 48 -0.09264 -3.19257e-01
 49  0.11166  1.63618e+01 | 50  0.00760  4.89021e+00 | 51 -0.00098  4.53000e+00
 52  0.01831  4.67249e+00 | 53 -0.03739  2.20395e-01 | 54  0.08288  9.54862e+00
 55  0.00510  5.12786e+00 | 56 -0.05006 -7.29964e-01 | 57 -0.05725 -4.90842e-01
 58  0.08285  4.05211e+00 | 59 -0.03177  1.04293e-01 | 60  0.01617 -1.60421e-01
 61  0.00646 -1.33107e+00 | 62  0.07217  1.41494e+00 | 63  0.09829 -5.31886e-01
 64 -0.06012 -1.72119e+00 | 65 -0.01462 -4.17135e+00 | 66  0.03706 -2.07538e+00
 67  0.00985 -2.75862e+00 | 68 -0.04404 -4.49856e+00 | 69  0.03778 -3.49192e+00
 70  0.01264 -7.27625e+00 | 71  0.15372 -2.17162e+00 | 72 -0.03028 -6.99796e+00
 73 -0.01982 -7.75121e+00 | 74 -0.52615 -1.00076e+00 | 75 -0.65352 -2.81494e+00
 76 -0.80295 -1.24976e+00 | 77 -0.69954 -1.37132e+00 | 78 -0.75059 -1.64134e+00
 79 -0.76613 -1.50056e+00 | 80 -0.82070 -1.07013e+00 | 81 -0.84863 -9.13264e-01
 82 -0.82635 -6.00363e-01 | 83 -1.26455  1.37270e+00 | 84 -0.81641 -6.35052e-01
 85 -0.80956 -9.56381e-01 | 86 -0.79125 -7.64060e-01 | 87 -0.79904 -9.28695e-01
 88 -0.80965 -8.95395e-01 | 89 -0.81385 -3.82990e-01 | 90 -0.79207 -4.40514e-02
 91 -0.80476 -1.53569e-02 | 92 -0.80155  4.20470e-01 | 93 -0.85596  8.57798e-01
 94  1.88770  1.98580e-03 | 95 -6.76665 -3.03102e-03 | 96  0.12331  3.45998e-04
 97 -8.36171 -8.38584e-07 | 98  0.55787 -2.98696e+00 | 99  0.48046  1.72719e+01
100  0.10519  3.41454e+01 |101  0.09091  4.41275e-01 |102 -0.16583 -1.45188e+00
103 -0.20310 -1.45154e+00 |104 -0.16583 -1.89067e+00 |105  0.00096  1.11976e+02
106  0.16876  5.47213e+01 |107 -0.02321  4.69296e+01 |108  0.17414  1.28578e+01
109 -0.02638  5.48298e+00 |110  0.41316  3.73354e-05 |111 -0.04678  2.43834e+00
112 -0.34045 -9.35999e+00 |113 -0.20397  2.03666e+00 |114 -0.23983  6.92002e+00
115 -0.25557  7.33775e+00 |116  0.12939 -8.40503e-01 |117 -0.18383 -2.06285e+00
118  0.01134 -1.66698e+01 |119  0.00366 -1.82107e+01 |120  0.00327 -1.80947e+01
121 -0.00595 -1.83216e+01 |122 -0.00637 -1.83077e+01 |123 -0.00729 -1.83856e+01
124 -0.00627 -1.79758e+01 |125 -0.00476 -1.73026e+01 |126  0.01127 -1.50200e+01
127 -0.00026 -1.48254e+01 |128 -0.00751 -1.58491e+01 |129 -0.02133 -1.62039e+01
130  0.00178 -1.65784e+01 |131 -0.01020 -1.65528e+01 |132  0.00741 -1.75668e+01
133  0.00611 -1.76215e+01 |134 -0.00387 -1.75687e+01 |135  0.01677 -1.82452e+01
136 -0.01584 -1.89751e+01 |137 -0.01468 -1.93196e+01 |138  0.00886 -2.05772e+01
139  0.02061 -2.11012e+01 |140 -0.00451 -2.13553e+01 |141 -0.02013 -2.10314e+01
142  0.01988 -2.24756e+01 |143 -0.02375 -2.45411e+01 |144  0.02525 -2.37505e+01
145  0.00088 -2.31999e+01 |146  0.00273 -2.18358e+01 |147 -0.00877 -2.03325e+01
148  0.01266 -1.72618e+01 |149  0.02228 -1.68066e+01 |150 -0.02533 -1.60902e+01
151 -0.02017 -1.55049e+01 |152  0.00598 -1.40235e+01 |153  0.00385 -1.39930e+01
154  0.00353 -1.31856e+01 |155 -0.02135 -1.31715e+01 |156 -0.01131 -1.31785e+01
157  0.02721 -1.33472e+01 |158 -0.00958 -1.30958e+01 |159  0.01776 -1.39966e+01
160 -0.00674 -1.37792e+01 |161 -0.01918 -1.40322e+01 |162  0.00797 -1.41866e+01
163  0.00421 -1.41247e+01 |164 -0.00353 -1.39922e+01 |165  0.00516 -1.41130e+01
166 -0.01832 -1.35784e+01 |167 -0.00164 -1.25340e+01 |168  0.02244 -1.13734e+01
169 -0.02914 -1.04413e+01 |170  0.01062 -8.73049e+00 |171  0.02292 -9.17599e+00
172  0.02023 -9.21199e+00 |173 -0.00304 -8.08969e+00 |174 -0.00632 -7.82014e+00
175 -0.01874 -6.84365e+00 |176  0.00338 -4.39077e+00 |177 -0.00240 -2.99166e+00
178  0.00297 -2.44663e+00 |179 -0.00454 -1.45752e+00 |180  0.00522 -8.39678e-01
181 -0.00144  1.95862e-01 |182  0.00356  8.79724e-01 |183  0.00376  9.28018e-01
184  0.00339  8.37558e-01 |185  0.00269  6.64666e-01 |186 -0.03700  8.94974e+01
187 -0.00196  5.90075e+01 |188 -0.01031  5.52105e+01 |189  0.00842  5.17911e+01
190  0.00612  4.92037e+01 |191 -0.02208  5.03880e+01 |192  0.01653  4.64756e+01
193 -0.00057  4.68840e+01 |194 -0.02793  5.06231e+01 |195  0.01850  4.55290e+01
196 -0.00303  4.35113e+01 |197 -0.00076  4.33356e+01 |198 -0.00132  4.24192e+01
199  0.00840  4.02859e+01 |200 -0.01012  3.73248e+01 |201  0.00446  3.35782e+01
202  0.00256  3.32664e+01 |203  0.00153  3.22109e+01 |204 -0.00659  3.01961e+01
205  0.01011  2.94208e+01 |206 -0.00975  2.89454e+01 |207  0.00343  2.78023e+01
208  0.00014  2.62744e+01 |209  0.00974  2.54233e+01 |210 -0.02411  2.43015e+01
211  0.01638  1.76708e+01 |212 -0.00754  1.74677e+01 |213  0.00368  1.55852e+01
214 -0.00049  1.28913e+01 |215  0.00671  1.23723e+01 |216 -0.00764  1.38876e+01
217 -0.00029  1.09867e+01 |218  0.01234  9.61967e+00 |219 -0.00508  8.87208e+00
220 -0.00226  1.15888e+01 |221  0.00053  1.12138e+01 |222 -0.00022  1.16451e+01
223  0.00209  1.04188e+01 |224 -0.01657  1.14495e+01 |225  0.00875  1.26382e+01
226  0.00765  1.15367e+01 |227 -0.00727  1.18372e+01 |228  0.00716  9.79282e+00
229 -0.00364  9.06128e+00 |230 -0.00560  1.03522e+01 |231  0.00627  1.39385e+01
232 -0.00418  1.53381e+01 |233  0.00288  1.94429e+01 |234  0.00184  2.12510e+01
235 -0.00449  2.17795e+01 |236 -0.00711  2.24944e+01 |237  0.01240  2.11032e+01
238 -0.00968  2.15628e+01 |239  0.00344  1.91216e+01 |240  0.01231  1.68797e+01
241  0.00512  1.71694e+01 |242 -0.00973  2.02475e+01 |243 -0.01302  2.16165e+01
244  0.01039  2.00644e+01 |245  0.00509  1.59088e+01 |246 -0.00704  1.11423e+01
247 -0.00198  8.83558e+00 |248  0.00377  5.78208e+00 |249 -0.00474  3.74059e+00
250  0.00159  2.06553e-01 |251  0.00111  9.60833e-02 |252 -0.00217 -5.45610e-01
253  0.00599  1.47687e+00 |254  0.02193  1.49557e+02 |255  0.00446  1.46329e+02
256 -0.00301  1.40451e+02 |257 -0.00138  1.33179e+02 |258  0.00330  1.27176e+02
259  0.01615  1.20919e+02 |260 -0.01515  1.21327e+02 |261  0.00650  1.19348e+02
262 -0.00030  1.20179e+02 |263 -0.02540  1.14737e+02 |264  0.01240  1.12092e+02
265 -0.01076  1.09850e+02 |266  0.00006  1.07435e+02 |267 -0.00130  1.03177e+02
268  0.00314  9.95603e+01 |269 -0.00229  9.62481e+01 |270  0.00197  9.40789e+01
271  0.00041  9.11032e+01 |272  0.00378  8.84229e+01 |273  0.00001  8.61002e+01
274 -0.00197  8.34061e+01 |275  0.00032  8.21585e+01 |276  0.00156  7.93143e+01
277  0.00278  7.55258e+01 |278  0.00568  7.25535e+01 |279 -0.01430  6.54537e+01
280  0.00734  6.48190e+01 |281 -0.00202  6.28241e+01 |282  0.00001  5.62095e+01
283  0.00422  5.32841e+01 |284 -0.00254  5.25065e+01 |285 -0.00074  4.77826e+01
286 -0.00259  4.46425e+01 |287  0.00759  4.39736e+01 |288  0.00560  4.10759e+01
289 -0.00756  3.82751e+01 |290 -0.00054  3.63580e+01 |291  0.00237  3.43199e+01
292  0.00699  3.46871e+01 |293 -0.00898  3.35604e+01 |294 -0.00318  3.32254e+01
295 -0.00106  3.16013e+01 |296 -0.00144  2.93872e+01 |297  0.00588  3.03631e+01
298  0.00202  2.75258e+01 |299 -0.00653  2.80086e+01 |300  0.00348  3.07581e+01
301 -0.00290  3.59505e+01 |302  0.00383  3.77899e+01 |303 -0.00140  3.70341e+01
304  0.00060  3.65475e+01 |305 -0.00374  3.58219e+01 |306  0.00776  3.57162e+01
307 -0.00220  3.23671e+01 |308 -0.00458  2.76953e+01 |309  0.00681  2.61389e+01
310  0.00478  2.54409e+01 |311  0.00214  2.56346e+01 |312 -0.00960  2.33524e+01
313  0.00254  1.79200e+01 |314  0.00123  1.24230e+01 |315  0.00028  7.80467e+00
316 -0.00047  5.63214e+00 |317  0.00044  2.95970e+00 |318 -0.00509 -1.47284e+00
319 -0.00479 -1.36772e+00 |320  0.00380  9.26592e-01 |321 -0.00184 -4.54750e-01
321 variables; iteration 440; function evaluation 477; phase 5
Function value 2.8241543e+03; maximum gradient component mag -6.8111e+01
Var    Value     Gradient |Var    Value     Gradient |Var    Value     Gradient
  1 -0.03317 -6.81109e+01 |  2  0.04007  1.20370e-01 |  3  0.13191  4.00990e-02
  4 -0.03263 -7.62378e-02 |  5 -0.07835  7.08010e-02 |  6  0.05290 -3.78632e-02
  7  0.04076 -4.68961e-02 |  8 -0.00178  1.20126e-02 |  9  0.04684 -2.69991e-01
 10  0.01641  5.35803e-01 | 11  0.21538  3.65435e-01 | 12 -0.12464  6.95119e-01
 13 -0.04375  7.48528e-01 | 14 -0.16028  5.79904e-01 | 15 -0.17824  6.66578e-01
 16  0.23605 -4.60315e-01 | 17 -0.00095  4.82331e-01 | 18 -0.11280  5.54052e-01
 19 -0.05144  4.14581e-01 | 20 -0.01543  2.33671e-01 | 21 -0.09847  5.09629e-01
 22  0.03333 -1.96185e-01 | 23 -0.12452  4.83724e-01 | 24 -0.03632  4.06735e-01
 25  0.01010  3.37903e-01 | 26  0.02209 -8.37351e-02 | 27 -0.11429  5.22084e-01
 28  0.01437  2.06514e-01 | 29  0.05244 -7.54131e-01 | 30 -0.08583  4.77016e-01
 31 -0.19053  5.62250e-01 | 32  0.03749 -2.30980e-01 | 33  0.04923 -6.68816e-02
 34  0.05481 -7.80952e-02 | 35  0.04044  1.95587e-02 | 36 -0.04949  3.02839e-01
 37 -0.02185  1.47078e-01 | 38  0.05724 -5.25661e-01 | 39 -0.06806  2.12985e-01
 40  0.21101 -8.88226e-01 | 41  0.01965 -5.88263e-01 | 42  0.08288 -4.56780e-02
 43 -0.06458  2.34474e-01 | 44  0.17461 -1.81828e+00 | 45 -0.03931 -1.21972e-01
 46 -0.03525 -1.66941e-01 | 47 -0.01761 -4.79508e-01 | 48 -0.09271  2.26851e-01
 49  0.11169 -1.75063e+00 | 50  0.00772 -5.86132e-01 | 51 -0.00106 -4.48867e-01
 52  0.01837 -4.23031e-01 | 53 -0.03733 -2.60374e-01 | 54  0.08298 -1.48551e+00
 55  0.00516 -5.85344e-01 | 56 -0.04997 -1.21673e-01 | 57 -0.05731  3.03091e-01
 58  0.08308 -1.60432e+00 | 59 -0.03187  2.53129e-01 | 60  0.01632  3.63881e-01
 61  0.00652 -4.63731e-01 | 62  0.07223 -3.71712e-01 | 63  0.09839  8.22249e-02
 64 -0.06009  2.70268e-01 | 65 -0.01443 -3.37192e-02 | 66  0.03701  6.02999e-01
 67  0.00975  1.56544e-01 | 68 -0.04404  2.13846e-01 | 69  0.03739  6.41275e-01
 70  0.01278  1.15137e+00 | 71  0.15372 -1.13424e-01 | 72 -0.03046  6.79408e-01
 73 -0.01988  7.77693e-01 | 74 -0.52555 -3.47695e-03 | 75 -0.65309  3.14790e-01
 76 -0.80298  2.38983e-01 | 77 -0.70063  2.92591e-01 | 78 -0.75041  1.75583e-01
 79 -0.76592  1.72356e-01 | 80 -0.82071  2.33452e-01 | 81 -0.84849  2.37816e-01
 82 -0.82634  1.30377e-01 | 83 -1.26470 -3.14108e-01 | 84 -0.81653  1.37703e-01
 85 -0.80990  1.61819e-01 | 86 -0.79164  1.67002e-01 | 87 -0.79893  2.50734e-01
 88 -0.80955  5.75309e-02 | 89 -0.81369  9.58415e-02 | 90 -0.79195  4.83068e-02
 91 -0.80446  3.05630e-02 | 92 -0.80142  2.31637e-02 | 93 -0.85595 -1.02161e-01
 94  1.66441 -1.55403e-02 | 95 -6.89202 -1.53441e-04 | 96 -0.15868 -1.20489e-03
 97 -7.81270  1.85409e-03 | 98  0.53587 -1.65787e+00 | 99  0.46797  8.14576e+00
100  0.16172  6.86575e+00 |101  0.09091 -9.64606e-01 |102 -0.16580 -8.63506e-01
103 -0.20309 -7.36706e-01 |104 -0.16553 -7.95898e-01 |105  0.00086 -1.30595e+01
106  0.16868 -2.80396e+00 |107 -0.02355 -3.26929e+00 |108  0.17507 -3.15230e+00
109 -0.05797 -1.28565e+00 |110  0.41391  1.24573e-04 |111 -0.04674 -6.25741e-01
112 -0.34037  2.22636e+00 |113 -0.20385  3.37648e-01 |114 -0.23951 -2.74526e-01
115 -0.26030 -2.85660e-01 |116  0.12998 -5.57438e-02 |117 -0.18024  2.22971e-01
118  0.00871 -8.24200e+00 |119  0.00636 -8.10755e+00 |120  0.00577 -7.97155e+00
121 -0.00433 -8.24787e+00 |122 -0.00484 -8.26368e+00 |123 -0.00527 -8.25378e+00
124 -0.00590 -8.29123e+00 |125 -0.00660 -8.25100e+00 |126  0.00898 -8.39784e+00
127 -0.00262 -8.37205e+00 |128 -0.00701 -8.56015e+00 |129 -0.02016 -8.40662e+00
130  0.00188 -8.26706e+00 |131 -0.01012 -8.17587e+00 |132  0.00732 -8.26330e+00
133  0.00628 -8.36697e+00 |134 -0.00398 -8.48319e+00 |135  0.01619 -8.56722e+00
136 -0.01553 -8.15019e+00 |137 -0.01449 -8.08893e+00 |138  0.00890 -7.73757e+00
139  0.02029 -7.84424e+00 |140 -0.00427 -7.83537e+00 |141 -0.02026 -7.50855e+00
142  0.01983 -6.84410e+00 |143 -0.02346 -6.52819e+00 |144  0.02559 -6.38494e+00
145  0.00147 -6.45715e+00 |146  0.00278 -6.39675e+00 |147 -0.00894 -6.28772e+00
148  0.01250 -6.11339e+00 |149  0.02228 -6.04764e+00 |150 -0.02546 -5.95573e+00
151 -0.02036 -5.77209e+00 |152  0.00566 -5.62130e+00 |153  0.00394 -5.48222e+00
154  0.00343 -5.21346e+00 |155 -0.02141 -5.20123e+00 |156 -0.01134 -5.24205e+00
157  0.02742 -5.04606e+00 |158 -0.00983 -5.15845e+00 |159  0.01785 -4.78055e+00
160 -0.00699 -4.54530e+00 |161 -0.01896 -4.24072e+00 |162  0.00798 -4.01910e+00
163  0.00421 -3.82949e+00 |164 -0.00354 -3.33819e+00 |165  0.00532 -3.07530e+00
166 -0.01837 -2.88760e+00 |167 -0.00166 -2.53465e+00 |168  0.02260 -2.44233e+00
169 -0.02928 -2.38494e+00 |170  0.01052 -2.22839e+00 |171  0.02290 -1.72098e+00
172  0.02117 -1.13907e+00 |173 -0.00247 -6.27035e-01 |174 -0.00620 -5.90789e-01
175 -0.01977 -3.86228e-01 |176  0.00337 -1.58479e-03 |177 -0.00248  1.70190e-01
178  0.00284  3.12650e-01 |179 -0.00463  4.33194e-01 |180  0.00521  4.82250e-01
181 -0.00147  4.77368e-01 |182  0.00164  4.06544e-01 |183  0.00162  3.99519e-01
184  0.00078  1.91675e-01 |185  0.00061  1.51441e-01 |186 -0.03797  3.63124e+01
187  0.00111  3.65370e+01 |188 -0.01030  3.70056e+01 |189  0.00860  3.63651e+01
190  0.00695  3.54735e+01 |191 -0.02573  3.46541e+01 |192  0.01901  3.66825e+01
193  0.00033  3.76137e+01 |194 -0.02852  3.73626e+01 |195  0.01822  3.62285e+01
196 -0.00271  3.59512e+01 |197 -0.00082  3.63782e+01 |198 -0.00138  3.56637e+01
199  0.00831  3.49117e+01 |200 -0.00999  3.44325e+01 |201  0.00430  3.32825e+01
202  0.00278  3.28589e+01 |203  0.00150  3.18671e+01 |204 -0.00671  3.16252e+01
205  0.01011  3.04330e+01 |206 -0.00960  3.06488e+01 |207  0.00331  2.93210e+01
208 -0.00003  2.78852e+01 |209  0.01003  2.72198e+01 |210 -0.02413  2.86869e+01
211  0.01640  2.64615e+01 |212 -0.00771  2.60595e+01 |213  0.00383  2.53724e+01
214 -0.00068  2.45656e+01 |215  0.00684  2.40511e+01 |216 -0.00767  2.32364e+01
217 -0.00025  2.16773e+01 |218  0.01238  2.12903e+01 |219 -0.00509  2.01012e+01
220 -0.00232  2.03412e+01 |221  0.00054  2.04841e+01 |222 -0.00022  2.07273e+01
223  0.00212  1.97545e+01 |224 -0.01653  1.93547e+01 |225  0.00866  1.83043e+01
226  0.00773  1.63807e+01 |227 -0.00737  1.56053e+01 |228  0.00720  1.40986e+01
229 -0.00363  1.35732e+01 |230 -0.00556  1.30368e+01 |231  0.00623  1.19199e+01
232 -0.00420  1.19735e+01 |233  0.00289  1.03189e+01 |234  0.00181  9.81402e+00
235 -0.00445  9.60738e+00 |236 -0.00711  9.14084e+00 |237  0.01235  7.72762e+00
238 -0.00967  7.65022e+00 |239  0.00347  7.06049e+00 |240  0.01232  6.75862e+00
241  0.00518  6.51117e+00 |242 -0.00973  4.60805e+00 |243 -0.01310  4.01204e+00
244  0.01034  3.85310e+00 |245  0.00505  2.89003e+00 |246 -0.00699  2.85580e+00
247 -0.00198  2.58115e+00 |248  0.00383  1.82546e+00 |249 -0.00476  1.55779e+00
250  0.00264  5.15837e-01 |251  0.00250  5.41660e-01 |252 -0.00105 -3.05939e-01
253  0.00269  6.08585e-01 |254  0.00926  3.18336e+01 |255  0.00368  3.65577e+01
256 -0.00285  3.66265e+01 |257 -0.00147  3.59596e+01 |258  0.00339  3.59055e+01
259  0.01824  3.62485e+01 |260 -0.01727  3.67683e+01 |261  0.00635  3.84250e+01
262 -0.00018  3.72191e+01 |263 -0.02532  3.59539e+01 |264  0.01224  3.59497e+01
265 -0.01063  3.62144e+01 |266  0.00010  3.53756e+01 |267 -0.00129  3.49015e+01
268  0.00309  3.41238e+01 |269 -0.00223  3.31462e+01 |270  0.00181  3.29631e+01
271  0.00053  3.22074e+01 |272  0.00386  3.19985e+01 |273 -0.00009  3.13291e+01
274 -0.00204  3.13947e+01 |275  0.00042  3.06224e+01 |276  0.00154  2.99476e+01
277  0.00253  2.95185e+01 |278  0.00576  3.10143e+01 |279 -0.01417  2.92513e+01
280  0.00748  2.97585e+01 |281 -0.00220  2.92598e+01 |282  0.00013  2.88292e+01
283  0.00405  2.85910e+01 |284 -0.00253  2.81217e+01 |285 -0.00070  2.72953e+01
286 -0.00247  2.71843e+01 |287  0.00754  2.62195e+01 |288  0.00561  2.67182e+01
289 -0.00757  2.70280e+01 |290 -0.00051  2.73866e+01 |291  0.00236  2.63749e+01
292  0.00696  2.63733e+01 |293 -0.00891  2.56046e+01 |294 -0.00320  2.38493e+01
295 -0.00102  2.32156e+01 |296 -0.00146  2.20439e+01 |297  0.00587  2.14205e+01
298  0.00200  2.10387e+01 |299 -0.00647  1.98966e+01 |300  0.00351  1.93242e+01
301 -0.00298  1.75302e+01 |302  0.00381  1.71143e+01 |303 -0.00141  1.61426e+01
304  0.00057  1.51169e+01 |305 -0.00369  1.38221e+01 |306  0.00773  1.31287e+01
307 -0.00223  1.21647e+01 |308 -0.00455  1.14007e+01 |309  0.00684  1.06016e+01
310  0.00478  8.11711e+00 |311  0.00210  6.51167e+00 |312 -0.00957  6.43230e+00
313  0.00252  4.67081e+00 |314  0.00124  3.33183e+00 |315  0.00032  2.32278e+00
316 -0.00050  1.27789e+00 |317  0.00050  1.42136e-01 |318 -0.00260 -1.09105e+00
319 -0.00367 -9.74483e-01 |320 -0.00020 -8.13673e-02 |321 -0.00079 -2.36420e-01
321 variables; iteration 460; function evaluation 502; phase 5
Function value 2.8240495e+03; maximum gradient component mag -1.2587e+02
Var    Value     Gradient |Var    Value     Gradient |Var    Value     Gradient
  1 -0.03319 -1.25870e+02 |  2  0.04049  1.37561e-01 |  3  0.13155 -2.13954e-01
  4 -0.03217  5.12764e-03 |  5 -0.07937 -4.57138e-01 |  6  0.05259 -3.94399e-01
  7  0.04143 -4.28583e-01 |  8 -0.00216 -3.45609e-01 |  9  0.04707 -6.71721e-01
 10  0.01635  7.42402e-01 | 11  0.21546 -1.28786e+00 | 12 -0.12448  1.07759e+00
 13 -0.04367  8.87089e-01 | 14 -0.16026  8.32198e-01 | 15 -0.17825  8.85788e-01
 16  0.23608 -4.44426e+00 | 17 -0.00110 -7.99063e-02 | 18 -0.11288  4.78105e-01
 19 -0.05148 -3.85701e-02 | 20 -0.01536 -3.47704e-01 | 21 -0.09865  2.03049e-01
 22  0.03342 -1.23417e+00 | 23 -0.12503 -1.36495e-01 | 24 -0.03646 -3.64866e-01
 25  0.01017 -2.49783e-01 | 26  0.02214 -7.84903e-01 | 27 -0.11437  4.87620e-01
 28  0.01439 -1.43704e-01 | 29  0.05267 -6.81558e-01 | 30 -0.08635 -2.05454e-01
 31 -0.19050  7.49828e-01 | 32  0.03747 -5.20036e-01 | 33  0.04934 -2.54015e-01
 34  0.05488 -7.41832e-02 | 35  0.04060  3.53337e-01 | 36 -0.04946  4.95906e-01
 37 -0.02196 -4.88268e-02 | 38  0.05732 -4.27686e-01 | 39 -0.06798  9.52358e-01
 40  0.21101 -1.13311e+00 | 41  0.01967 -1.79740e-01 | 42  0.08283 -7.29014e-01
 43 -0.06461  6.02930e-01 | 44  0.17467 -8.06027e-01 | 45 -0.03940 -4.70158e-01
 46 -0.03535 -1.22478e+00 | 47 -0.01765 -1.19656e+00 | 48 -0.09269  6.69067e-01
 49  0.11172 -1.72577e+00 | 50  0.00772 -8.10265e-01 | 51 -0.00107 -1.00561e+00
 52  0.01839 -1.98516e-01 | 53 -0.03728  6.42582e-01 | 54  0.08299 -1.82748e+00
 55  0.00520 -1.92915e-01 | 56 -0.04995  6.69110e-02 | 57 -0.05729  7.03199e-01
 58  0.08315  6.15087e-01 | 59 -0.03181  1.11912e+00 | 60  0.01636  2.92744e-01
 61  0.00657  5.92972e-01 | 62  0.07227  6.16937e-01 | 63  0.09843  1.00688e+00
 64 -0.06000  1.70039e+00 | 65 -0.01437  1.10411e+00 | 66  0.03702  6.32494e-01
 67  0.00976  2.18351e-01 | 68 -0.04406  3.36913e-01 | 69  0.03737  3.68199e-01
 70  0.01279  1.44266e+00 | 71  0.15375  5.24421e-01 | 72 -0.03044  1.01228e+00
 73 -0.01991  1.04656e+00 | 74 -0.52493  2.20476e-01 | 75 -0.65284  4.74882e-01
 76 -0.80294  1.89721e-01 | 77 -0.70046  3.66043e-01 | 78 -0.75030  2.06140e-01
 79 -0.76579  2.55841e-01 | 80 -0.82059  3.63089e-01 | 81 -0.84841  2.58077e-01
 82 -0.82625  2.19124e-01 | 83 -1.26554 -1.10110e+00 | 84 -0.81643  2.28560e-01
 85 -0.80986  1.31132e-01 | 86 -0.79170 -2.60561e-02 | 87 -0.79899  1.38508e-01
 88 -0.80943  1.77188e-01 | 89 -0.81356  2.02904e-01 | 90 -0.79179  1.68648e-01
 91 -0.80431  2.40431e-01 | 92 -0.80127  1.30609e-01 | 93 -0.85591 -1.54580e-01
 94  1.92408  1.85673e-03 | 95 -7.01219  1.13294e-04 | 96  0.28734 -1.42930e-06
 97 -9.87353  2.51324e-07 | 98  0.65439 -1.41283e+00 | 99  0.41865 -1.30171e+01
100  0.22903 -2.83104e+00 |101  0.09091 -3.33127e-01 |102 -0.16579  2.00016e-01
103 -0.20308  1.83330e+00 |104 -0.16544  2.01742e+00 |105  0.00085 -8.66714e+00
106  0.16871  6.32972e+00 |107 -0.02343  8.80174e+00 |108  0.17475 -2.51282e-01
109 -0.04932  1.23478e-01 |110  0.41703  4.60825e-04 |111 -0.04668 -1.02076e+00
112 -0.34046 -1.32878e+00 |113 -0.20374  1.95545e-01 |114 -0.23934 -8.10418e-01
115 -0.26094 -1.12993e+00 |116  0.13010  9.73148e-02 |117 -0.18018  8.62810e-01
118  0.00497 -1.02101e+01 |119  0.00195 -1.06987e+01 |120  0.00152 -1.06661e+01
121 -0.00468 -1.06321e+01 |122 -0.00507 -1.06483e+01 |123 -0.00524 -1.06083e+01
124 -0.00585 -1.06737e+01 |125 -0.00688 -1.07776e+01 |126  0.00667 -1.36560e+01
127 -0.00275 -1.33950e+01 |128 -0.00772 -1.38117e+01 |129 -0.02061 -1.37347e+01
130  0.00178 -1.38489e+01 |131 -0.01009 -1.37298e+01 |132  0.00721 -1.35062e+01
133  0.00635 -1.34437e+01 |134 -0.00399 -1.33631e+01 |135  0.01631 -1.30364e+01
136 -0.01558 -1.28219e+01 |137 -0.01454 -1.28732e+01 |138  0.00890 -1.21519e+01
139  0.02063 -1.17306e+01 |140 -0.00359 -1.19093e+01 |141 -0.02129 -1.23823e+01
142  0.01996 -1.14974e+01 |143 -0.02356 -1.17409e+01 |144  0.02563 -1.16997e+01
145  0.00159 -1.18655e+01 |146  0.00273 -1.20286e+01 |147 -0.00907 -1.20848e+01
148  0.01250 -1.17031e+01 |149  0.02233 -1.16029e+01 |150 -0.02540 -1.15257e+01
151 -0.02047 -1.14468e+01 |152  0.00563 -1.11993e+01 |153  0.00400 -1.10010e+01
154  0.00341 -1.06907e+01 |155 -0.02137 -1.06607e+01 |156 -0.01136 -1.06691e+01
157  0.02747 -1.00504e+01 |158 -0.00988 -1.03068e+01 |159  0.01791 -9.78185e+00
160 -0.00699 -9.70294e+00 |161 -0.01900 -9.50975e+00 |162  0.00797 -9.33940e+00
163  0.00420 -9.18517e+00 |164 -0.00356 -8.70418e+00 |165  0.00536 -8.34401e+00
166 -0.01840 -8.24984e+00 |167 -0.00169 -7.90522e+00 |168  0.02254 -6.50779e+00
169 -0.02924 -6.12705e+00 |170  0.01055 -5.02176e+00 |171  0.02294 -4.21978e+00
172  0.02114 -3.78362e+00 |173 -0.00275 -3.32990e+00 |174 -0.00625 -3.21800e+00
175 -0.01958 -2.85636e+00 |176  0.00344 -1.76502e+00 |177 -0.00247 -1.35268e+00
178  0.00281 -1.12908e+00 |179 -0.00459 -5.69816e-01 |180  0.00518 -2.01791e-01
181 -0.00137  4.92742e-01 |182  0.00181  4.46469e-01 |183  0.00167  4.11655e-01
184 -0.00025 -6.16025e-02 |185 -0.00026 -6.50354e-02 |186 -0.02925 -7.56759e+01
187  0.00154 -7.67995e+01 |188 -0.01044 -7.71097e+01 |189  0.00869 -7.68613e+01
190  0.00687 -7.84236e+01 |191 -0.02577 -7.91097e+01 |192  0.01936 -7.75246e+01
193  0.00051 -7.76170e+01 |194 -0.02891 -8.11117e+01 |195  0.01817 -7.88717e+01
196 -0.00267 -7.90369e+01 |197 -0.00087 -7.87683e+01 |198 -0.00138 -7.78263e+01
199  0.00827 -7.51901e+01 |200 -0.00993 -7.36098e+01 |201  0.00422 -7.10781e+01
202  0.00287 -7.00044e+01 |203  0.00149 -6.85506e+01 |204 -0.00674 -6.65694e+01
205  0.01009 -6.49679e+01 |206 -0.00956 -6.35709e+01 |207  0.00331 -6.17527e+01
208 -0.00012 -5.98959e+01 |209  0.01019 -5.95417e+01 |210 -0.02421 -5.84191e+01
211  0.01640 -5.62119e+01 |212 -0.00773 -5.42048e+01 |213  0.00385 -5.20316e+01
214 -0.00071 -5.04986e+01 |215  0.00683 -4.86380e+01 |216 -0.00763 -4.74510e+01
217 -0.00028 -4.46376e+01 |218  0.01240 -4.26839e+01 |219 -0.00508 -3.88121e+01
220 -0.00232 -3.76068e+01 |221  0.00053 -3.58588e+01 |222 -0.00018 -3.46331e+01
223  0.00205 -3.09839e+01 |224 -0.01650 -3.00724e+01 |225  0.00869 -2.88708e+01
226  0.00772 -2.89083e+01 |227 -0.00736 -2.82726e+01 |228  0.00718 -2.58754e+01
229 -0.00362 -2.42496e+01 |230 -0.00556 -2.26182e+01 |231  0.00623 -1.98744e+01
232 -0.00420 -1.80241e+01 |233  0.00289 -1.59519e+01 |234  0.00182 -1.46127e+01
235 -0.00444 -1.40427e+01 |236 -0.00712 -1.22861e+01 |237  0.01235 -1.22390e+01
238 -0.00967 -1.10786e+01 |239  0.00349 -1.02191e+01 |240  0.01232 -9.98321e+00
241  0.00518 -1.03367e+01 |242 -0.00974 -1.23779e+01 |243 -0.01312 -1.29699e+01
244  0.01033 -1.09278e+01 |245  0.00505 -8.56753e+00 |246 -0.00699 -7.09751e+00
247 -0.00197 -5.55639e+00 |248  0.00383 -3.31887e+00 |249 -0.00478 -1.68505e+00
250  0.00238  5.56816e-01 |251  0.00260  6.12187e-01 |252 -0.00270 -6.67323e-01
253  0.00089  2.19199e-01 |254 -0.00586 -1.40527e+01 |255  0.00338 -1.68914e+01
256 -0.00279 -1.73324e+01 |257 -0.00150 -1.87843e+01 |258  0.00341 -1.96486e+01
259  0.01839 -2.08561e+01 |260 -0.01744 -2.11577e+01 |261  0.00627 -2.05403e+01
262 -0.00017 -2.43582e+01 |263 -0.02526 -2.20518e+01 |264  0.01221 -2.15932e+01
265 -0.01060 -2.10223e+01 |266  0.00010 -2.04686e+01 |267 -0.00128 -1.87462e+01
268  0.00306 -1.85848e+01 |269 -0.00220 -1.66690e+01 |270  0.00176 -1.56679e+01
271  0.00057 -1.47192e+01 |272  0.00390 -1.31897e+01 |273 -0.00009 -1.28105e+01
274 -0.00208 -1.25048e+01 |275  0.00045 -1.03907e+01 |276  0.00157 -9.66978e+00
277  0.00246 -1.02998e+01 |278  0.00581 -9.73711e+00 |279 -0.01415 -7.52523e+00
280  0.00748 -7.02054e+00 |281 -0.00223 -6.96488e+00 |282  0.00015 -6.46787e+00
283  0.00405 -6.22926e+00 |284 -0.00255 -6.49237e+00 |285 -0.00066 -5.39157e+00
286 -0.00251 -5.97725e+00 |287  0.00755 -3.43214e+00 |288  0.00561 -2.35121e+00
289 -0.00757 -7.40187e-01 |290 -0.00054  3.44300e-01 |291  0.00241  3.80191e+00
292  0.00695  3.01361e+00 |293 -0.00891  4.08705e+00 |294 -0.00318  2.89177e+00
295 -0.00103  1.71314e+00 |296 -0.00144  3.08511e+00 |297  0.00585  1.99528e+00
298  0.00200  2.61329e+00 |299 -0.00647  3.50241e+00 |300  0.00351  3.56026e+00
301 -0.00298  3.81232e+00 |302  0.00380  3.39891e+00 |303 -0.00142  3.03570e+00
304  0.00060  3.96630e+00 |305 -0.00369  2.74210e+00 |306  0.00771  9.57966e-01
307 -0.00224  8.02638e-01 |308 -0.00454  8.42595e-01 |309  0.00684 -5.47707e-01
310  0.00478 -3.89150e+00 |311  0.00210 -5.44421e+00 |312 -0.00958 -3.85194e+00
313  0.00253 -2.84287e+00 |314  0.00124 -3.31153e+00 |315  0.00032 -2.93098e+00
316 -0.00049 -1.38602e+00 |317  0.00051 -1.40288e+00 |318  0.00097  1.85789e-01
319  0.00160  3.48890e-01 |320 -0.00019 -4.72294e-02 |321 -0.00039 -9.70416e-02
321 variables; iteration 480; function evaluation 526; phase 5
Function value 2.8239861e+03; maximum gradient component mag 2.9815e+01
Var    Value     Gradient |Var    Value     Gradient |Var    Value     Gradient
  1 -0.03316  2.98145e+01 |  2  0.03901 -1.43229e-01 |  3  0.13181 -1.90594e-02
  4 -0.03262  2.41306e-02 |  5 -0.07835  1.76711e-01 |  6  0.05267  2.44769e-01
  7  0.04142  2.94738e-01 |  8 -0.00248  1.08910e-01 |  9  0.04708  3.36716e-01
 10  0.01642 -1.15669e-01 | 11  0.21530 -1.99721e-01 | 12 -0.12476 -1.89260e-01
 13 -0.04377 -1.30361e-01 | 14 -0.16012 -1.91976e-01 | 15 -0.17829 -1.48425e-01
 16  0.23601  1.14150e+00 | 17 -0.00079  2.59729e-01 | 18 -0.11267 -9.34676e-02
 19 -0.05144 -3.00640e-02 | 20 -0.01536  2.43062e-01 | 21 -0.09850 -5.84125e-02
 22  0.03338  4.31328e-01 | 23 -0.12433  9.33081e-02 | 24 -0.03633  9.85141e-03
 25  0.00991 -2.61207e-01 | 26  0.02210  1.01649e-02 | 27 -0.11423 -6.91251e-02
 28  0.01428 -8.39748e-02 | 29  0.05241 -3.33901e-01 | 30 -0.08574  1.22064e-01
 31 -0.19051 -2.57580e-01 | 32  0.03743 -4.38206e-01 | 33  0.04921  1.02517e-01
 34  0.05471 -2.55417e-01 | 35  0.04026 -4.76563e-01 | 36 -0.04945  5.69589e-03
 37 -0.02185  5.79113e-02 | 38  0.05733  1.04900e-01 | 39 -0.06800 -5.22542e-02
 40  0.21101  3.10590e-01 | 41  0.01962 -6.01290e-01 | 42  0.08289  4.87336e-01
 43 -0.06459 -2.62149e-01 | 44  0.17455 -7.74263e-01 | 45 -0.03924  3.81855e-01
 46 -0.03519  3.58664e-01 | 47 -0.01762 -6.20288e-01 | 48 -0.09276 -2.01466e-01
 49  0.11168  7.49934e-02 | 50  0.00766 -4.54000e-01 | 51 -0.00106 -4.08158e-01
 52  0.01836  1.83841e-01 | 53 -0.03732  2.66124e-01 | 54  0.08297  5.53282e-02
 55  0.00515  4.31024e-01 | 56 -0.04997 -1.57839e-01 | 57 -0.05730  8.68567e-02
 58  0.08307  1.30281e+00 | 59 -0.03184  4.15569e-01 | 60  0.01628 -8.24205e-02
 61  0.00649 -1.65074e-01 | 62  0.07220 -1.68686e-01 | 63  0.09839  8.93379e-01
 64 -0.06010  4.87032e-01 | 65 -0.01447 -2.02886e-01 | 66  0.03701  6.83538e-01
 67  0.00975 -5.42195e-01 | 68 -0.04408 -6.87196e-01 | 69  0.03749  1.32895e+00
 70  0.01275  2.35854e-01 | 71  0.15368 -9.46660e-01 | 72 -0.03042 -1.11749e-01
 73 -0.01983 -2.84753e-01 | 74 -0.52548 -8.49570e-02 | 75 -0.65303 -6.64154e-02
 76 -0.80298 -5.45272e-02 | 77 -0.70053 -9.65334e-02 | 78 -0.75040 -5.53170e-02
 79 -0.76598 -1.71314e-01 | 80 -0.82073 -5.29765e-02 | 81 -0.84849  3.11856e-03
 82 -0.82635 -1.09936e-01 | 83 -1.26430  3.98312e-01 | 84 -0.81650 -1.66089e-02
 85 -0.80982 -1.94966e-02 | 86 -0.79154  6.53139e-03 | 87 -0.79913 -1.30932e-01
 88 -0.80952 -8.05268e-02 | 89 -0.81371 -2.03056e-02 | 90 -0.79197 -3.28970e-02
 91 -0.80455 -1.28542e-01 | 92 -0.80146 -5.60726e-02 | 93 -0.85590  1.51116e-01
 94  2.04150  6.94940e-03 | 95 -7.22769  3.30408e-03 | 96  0.33462  3.68612e-04
 97 -10.06422 -1.82905e-04 | 98  0.70572 -6.50245e-01 | 99  0.36890  1.17628e-01
100  0.24576  1.14372e+00 |101  0.09090 -2.95979e+00 |102 -0.16579  7.10940e-02
103 -0.20310 -9.55333e-03 |104 -0.16554  1.07666e-01 |105  0.00089  6.17142e-01
106  0.16864 -1.65273e+00 |107 -0.02354  7.58168e-01 |108  0.17500  1.02687e-01
109 -0.04956  8.52509e-02 |110  0.41547  3.02172e-04 |111 -0.04671  7.00198e-01
112 -0.34044 -1.98226e+00 |113 -0.20376  1.03384e+00 |114 -0.23974  1.24638e+00
115 -0.25902  1.50035e+00 |116  0.13019 -6.67504e-02 |117 -0.18103 -3.32659e-01
118  0.00177 -5.69782e+00 |119  0.00045 -5.81003e+00 |120  0.00034 -5.71221e+00
121 -0.00580 -5.66991e+00 |122 -0.00612 -5.66336e+00 |123 -0.00648 -5.65163e+00
124 -0.00703 -5.67470e+00 |125 -0.00773 -5.62894e+00 |126  0.00970 -4.00146e+00
127 -0.00263 -3.92624e+00 |128 -0.00615 -3.82725e+00 |129 -0.02005 -3.84846e+00
130  0.00190 -3.67461e+00 |131 -0.01017 -3.68316e+00 |132  0.00732 -3.31499e+00
133  0.00627 -3.27065e+00 |134 -0.00399 -3.30210e+00 |135  0.01631 -3.17349e+00
136 -0.01567 -2.92879e+00 |137 -0.01449 -2.69476e+00 |138  0.00892 -1.97540e+00
139  0.02032 -1.55815e+00 |140 -0.00404 -1.48550e+00 |141 -0.02046 -1.36354e+00
142  0.01978 -9.92409e-01 |143 -0.02344 -4.70489e-01 |144  0.02561 -2.76839e-02
145  0.00159 -1.04441e-01 |146  0.00278 -1.80990e-01 |147 -0.00897 -2.28725e-01
148  0.01250 -2.54778e-01 |149  0.02238 -2.18328e-01 |150 -0.02540 -3.20828e-01
151 -0.02049 -3.58412e-01 |152  0.00571 -5.67458e-01 |153  0.00387 -5.85064e-01
154  0.00345 -9.01170e-01 |155 -0.02153 -1.02416e+00 |156 -0.01133 -1.05490e+00
157  0.02749 -8.93735e-01 |158 -0.00984 -1.17469e+00 |159  0.01793 -1.64869e+00
160 -0.00691 -1.72017e+00 |161 -0.01914 -1.90234e+00 |162  0.00796 -2.16537e+00
163  0.00422 -2.14995e+00 |164 -0.00355 -2.08158e+00 |165  0.00539 -2.05753e+00
166 -0.01845 -2.15160e+00 |167 -0.00169 -1.82268e+00 |168  0.02261 -9.95790e-01
169 -0.02927 -9.04217e-01 |170  0.01053 -5.44385e-01 |171  0.02298 -9.83421e-02
172  0.02161  1.44271e-01 |173 -0.00240  2.71911e-01 |174 -0.00615  2.57334e-01
175 -0.02028  1.52309e-01 |176  0.00330 -3.84095e-02 |177 -0.00248 -2.57402e-02
178  0.00280  2.51207e-02 |179 -0.00467  2.17190e-02 |180  0.00523  1.18464e-02
181 -0.00195 -4.28248e-01 |182 -0.00185 -4.53761e-01 |183 -0.00184 -4.50190e-01
184  0.00017  4.32939e-02 |185  0.00010  2.60060e-02 |186 -0.01981 -4.30890e+00
187  0.00180 -3.53112e+00 |188 -0.01037 -2.83036e+00 |189  0.00860 -2.70298e+00
190  0.00659 -2.54821e+00 |191 -0.02469 -2.55380e+00 |192  0.01860 -2.09653e+00
193 -0.00009 -1.95490e+00 |194 -0.02833  4.67643e-02 |195  0.01821  1.67247e-01
196 -0.00264  1.06123e+00 |197 -0.00088  7.61237e-01 |198 -0.00137  6.73962e-01
199  0.00831  8.90193e-01 |200 -0.00998  1.11459e+00 |201  0.00430  6.45105e-01
202  0.00275  6.07594e-01 |203  0.00151  3.70850e-01 |204 -0.00667  1.99407e-01
205  0.01009 -1.88272e-01 |206 -0.00963  5.05114e-01 |207  0.00334  5.89067e-01
208 -0.00002 -2.94193e-01 |209  0.01003 -8.41927e-01 |210 -0.02418  1.66652e-01
211  0.01643 -1.36049e+00 |212 -0.00770 -5.55340e-01 |213  0.00382 -9.30161e-01
214 -0.00066 -1.25009e+00 |215  0.00681 -1.18041e+00 |216 -0.00766 -9.89614e-01
217 -0.00025 -3.38281e-01 |218  0.01239 -3.33102e-01 |219 -0.00509 -1.08146e-01
220 -0.00228 -3.56690e-01 |221  0.00051 -9.43149e-01 |222 -0.00022 -1.27583e+00
223  0.00213 -2.31245e+00 |224 -0.01654 -2.86412e+00 |225  0.00865 -3.40872e+00
226  0.00772 -4.37993e+00 |227 -0.00735 -5.08828e+00 |228  0.00719 -5.12674e+00
229 -0.00362 -5.50309e+00 |230 -0.00556 -5.71666e+00 |231  0.00622 -6.10746e+00
232 -0.00420 -6.31539e+00 |233  0.00288 -6.89914e+00 |234  0.00181 -6.95827e+00
235 -0.00445 -6.19093e+00 |236 -0.00712 -5.07361e+00 |237  0.01235 -3.97635e+00
238 -0.00966 -3.07347e+00 |239  0.00346 -2.24833e+00 |240  0.01233 -1.18432e+00
241  0.00516 -6.63762e-01 |242 -0.00973 -5.34280e-01 |243 -0.01309 -7.53051e-01
244  0.01034 -6.36891e-01 |245  0.00505  2.81968e-01 |246 -0.00698  1.01378e+00
247 -0.00197  1.03837e+00 |248  0.00382  9.50871e-01 |249 -0.00479 -1.39744e-01
250  0.00030 -3.12492e-02 |251  0.00036 -2.06134e-02 |252  0.00242  6.07421e-01
253  0.00242  6.10911e-01 |254 -0.00967  2.75247e+00 |255  0.00342  7.47665e+00
256 -0.00279  7.78685e+00 |257 -0.00145  8.46970e+00 |258  0.00337  8.57931e+00
259  0.01778  8.25580e+00 |260 -0.01679  8.53330e+00 |261  0.00626  8.52452e+00
262 -0.00011  1.01861e+01 |263 -0.02532  1.02358e+01 |264  0.01226  1.01511e+01
265 -0.01064  9.37160e+00 |266  0.00009  9.19462e+00 |267 -0.00129  8.87852e+00
268  0.00308  8.45751e+00 |269 -0.00222  8.04659e+00 |270  0.00183  7.60510e+00
271  0.00050  7.04831e+00 |272  0.00384  6.43357e+00 |273 -0.00005  6.36929e+00
274 -0.00204  6.28792e+00 |275  0.00041  6.36712e+00 |276  0.00154  5.29061e+00
277  0.00254  4.63440e+00 |278  0.00578  5.80565e+00 |279 -0.01420  4.23552e+00
280  0.00747  4.50264e+00 |281 -0.00220  4.21439e+00 |282  0.00012  4.05178e+00
283  0.00408  4.19427e+00 |284 -0.00253  4.47383e+00 |285 -0.00070  4.32999e+00
286 -0.00250  4.14320e+00 |287  0.00756  4.23062e+00 |288  0.00559  4.47959e+00
289 -0.00754  4.33453e+00 |290 -0.00051  3.55692e+00 |291  0.00236  2.18103e+00
292  0.00695  1.35641e+00 |293 -0.00891  7.93629e-01 |294 -0.00320 -1.95388e-01
295 -0.00102 -6.28088e-01 |296 -0.00145 -9.58458e-01 |297  0.00586 -1.18175e+00
298  0.00200 -1.17442e+00 |299 -0.00646 -1.35870e+00 |300  0.00349 -2.44698e+00
301 -0.00296 -3.31494e+00 |302  0.00379 -4.19970e+00 |303 -0.00141 -3.94963e+00
304  0.00058 -3.32751e+00 |305 -0.00369 -2.55501e+00 |306  0.00772 -2.66089e+00
307 -0.00222 -1.91136e+00 |308 -0.00456 -1.59524e+00 |309  0.00683 -1.13943e+00
310  0.00479 -1.42746e+00 |311  0.00211 -2.14989e+00 |312 -0.00959 -2.10965e+00
313  0.00252 -1.45965e+00 |314  0.00124 -4.17338e-01 |315  0.00032 -3.07737e-01
316 -0.00049 -1.25684e-01 |317  0.00050 -3.89164e-01 |318 -0.00196 -6.13176e-01
319 -0.00089 -3.86924e-01 |320  0.00027  8.27710e-02 |321  0.00442  1.10950e+00
321 variables; iteration 500; function evaluation 547; phase 5
Function value 2.8239317e+03; maximum gradient component mag -4.6819e+01
Var    Value     Gradient |Var    Value     Gradient |Var    Value     Gradient
  1 -0.03317 -1.58663e+01 |  2  0.03970 -4.36972e-02 |  3  0.13171 -1.98830e-01
  4 -0.03247 -3.59689e-02 |  5 -0.07863 -7.48874e-02 |  6  0.05258 -2.93200e-01
  7  0.04160 -1.30235e-01 |  8 -0.00278 -2.46234e-01 |  9  0.04719 -2.86221e-02
 10  0.01639 -2.48997e-02 | 11  0.21537 -1.21795e+00 | 12 -0.12489 -2.63649e-02
 13 -0.04379 -1.91538e-01 | 14 -0.16016  4.51512e-02 | 15 -0.17832  3.08403e-02
 16  0.23606 -2.16328e+00 | 17 -0.00108 -4.28212e-01 | 18 -0.11268 -1.01843e-01
 19 -0.05148 -3.93175e-01 | 20 -0.01535 -3.33056e-01 | 21 -0.09856 -2.61427e-01
 22  0.03342 -6.66385e-01 | 23 -0.12453 -1.78833e-01 | 24 -0.03638 -4.63572e-01
 25  0.01000 -7.62368e-01 | 26  0.02215 -5.99841e-01 | 27 -0.11419 -2.87374e-02
 28  0.01429 -6.78769e-01 | 29  0.05248 -1.26042e+00 | 30 -0.08607 -4.38164e-01
 31 -0.19026  2.83239e-02 | 32  0.03745 -7.98363e-01 | 33  0.04919 -6.42444e-01
 34  0.05479 -6.50867e-01 | 35  0.04037 -5.28747e-01 | 36 -0.04944  1.25169e-02
 37 -0.02195 -2.21756e-01 | 38  0.05735 -1.34113e-01 | 39 -0.06804  1.19471e-01
 40  0.21102 -6.70686e-01 | 41  0.01969 -3.17783e-01 | 42  0.08289  2.32851e-01
 43 -0.06457 -7.11803e-02 | 44  0.17459 -6.10324e-01 | 45 -0.03923  5.68016e-01
 46 -0.03520  3.14085e-01 | 47 -0.01758 -1.12111e-01 | 48 -0.09272  2.23825e-01
 49  0.11172  7.97656e-01 | 50  0.00767 -7.32874e-02 | 51 -0.00105 -1.06776e-01
 52  0.01839  8.17001e-01 | 53 -0.03732  5.70982e-01 | 54  0.08298  1.93785e-01
 55  0.00516  9.06002e-01 | 56 -0.04997  2.70540e-01 | 57 -0.05731  2.32285e-01
 58  0.08309  2.29854e+00 | 59 -0.03185  5.38457e-01 | 60  0.01627  7.83817e-02
 61  0.00653  8.61267e-01 | 62  0.07223  8.22041e-01 | 63  0.09839  1.16409e+00
 64 -0.06011  7.72148e-01 | 65 -0.01446  2.65827e-01 | 66  0.03701  9.15168e-01
 67  0.00978  4.80590e-01 | 68 -0.04406  1.94691e-01 | 69  0.03749  1.17842e+00
 70  0.01273  2.60958e-02 | 71  0.15371  6.74179e-01 | 72 -0.03041  2.02645e-01
 73 -0.01984  3.00925e-02 | 74 -0.52526  1.71777e-01 | 75 -0.65304 -8.90423e-02
 76 -0.80295  1.42960e-02 | 77 -0.70046 -4.21681e-02 | 78 -0.75036 -5.80225e-02
 79 -0.76595 -1.57507e-01 | 80 -0.82077 -1.93767e-01 | 81 -0.84849 -6.29227e-02
 82 -0.82631 -6.28220e-02 | 83 -1.26439  3.62546e-01 | 84 -0.81656 -1.89198e-01
 85 -0.80987 -1.25485e-01 | 86 -0.79163 -1.38155e-01 | 87 -0.79917 -2.07716e-01
 88 -0.80951 -8.05612e-02 | 89 -0.81371 -8.55872e-02 | 90 -0.79193 -1.37962e-02
 91 -0.80453 -9.44652e-02 | 92 -0.80142 -6.54065e-03 | 93 -0.85592 -2.98192e-03
 94  2.22730  1.05292e-02 | 95 -7.28450  7.17503e-03 | 96  0.22183  1.08219e-05
 97 -9.61006  9.59842e-07 | 98  0.73825  3.80801e-01 | 99  0.30285 -1.67564e+00
100  0.19796 -1.07625e+01 |101  0.09090 -1.60060e+00 |102 -0.16579 -3.39762e-01
103 -0.20310 -9.98446e-01 |104 -0.16557 -4.05887e-01 |105  0.00090  1.92798e+01
106  0.16870  8.07664e+00 |107 -0.02357  1.27671e+00 |108  0.17495 -2.51815e-01
109 -0.04895  1.88942e-01 |110  0.41940  6.88077e-04 |111 -0.04670  4.19657e-01
112 -0.34046 -4.16903e+00 |113 -0.20382 -8.01423e-02 |114 -0.23951  5.91999e-01
115 -0.25970  7.15775e-01 |116  0.13028 -6.44273e-03 |117 -0.18108 -4.02053e-01
118  0.00081  4.09495e+00 |119  0.00019  4.12010e+00 |120 -0.00004  4.17145e+00
121 -0.00596  4.07164e+00 |122 -0.00625  4.07293e+00 |123 -0.00652  4.09612e+00
124 -0.00688  4.10761e+00 |125 -0.00751  4.14503e+00 |126  0.00844  4.07656e+00
127 -0.00287  4.28359e+00 |128 -0.00610  4.43604e+00 |129 -0.02024  4.27291e+00
130  0.00185  4.06139e+00 |131 -0.01016  3.94530e+00 |132  0.00727  3.92862e+00
133  0.00624  3.91760e+00 |134 -0.00393  4.04706e+00 |135  0.01628  4.10555e+00
136 -0.01563  4.37045e+00 |137 -0.01446  4.53837e+00 |138  0.00889  4.71755e+00
139  0.02030  4.89817e+00 |140 -0.00412  4.92975e+00 |141 -0.02044  5.13202e+00
142  0.01987  5.43778e+00 |143 -0.02343  5.77927e+00 |144  0.02556  5.54213e+00
145  0.00156  5.49183e+00 |146  0.00278  5.45067e+00 |147 -0.00894  5.43370e+00
148  0.01245  5.42165e+00 |149  0.02230  5.48077e+00 |150 -0.02530  5.55976e+00
151 -0.02048  5.53108e+00 |152  0.00580  5.38017e+00 |153  0.00379  5.29707e+00
154  0.00340  5.08651e+00 |155 -0.02143  5.05921e+00 |156 -0.01132  4.95874e+00
157  0.02747  4.51032e+00 |158 -0.00984  4.20949e+00 |159  0.01798  3.67722e+00
160 -0.00694  3.45719e+00 |161 -0.01917  3.21930e+00 |162  0.00799  2.94879e+00
163  0.00423  2.79189e+00 |164 -0.00357  2.46120e+00 |165  0.00535  2.33689e+00
166 -0.01841  2.30196e+00 |167 -0.00168  2.33027e+00 |168  0.02262  1.71375e+00
169 -0.02929  1.65351e+00 |170  0.01056  1.45494e+00 |171  0.02308  1.08146e+00
172  0.02202  6.94346e-01 |173 -0.00261  3.65241e-01 |174 -0.00648  2.99806e-01
175 -0.02032  2.67868e-01 |176  0.00333  2.99172e-01 |177 -0.00245  3.40744e-01
178  0.00281  3.49550e-01 |179 -0.00467  2.31684e-01 |180  0.00523  8.53555e-02
181 -0.00202 -5.17564e-01 |182 -0.00241 -5.88222e-01 |183 -0.00240 -5.86303e-01
184  0.00009  2.18343e-02 |185  0.00003  7.84070e-03 |186 -0.00635 -9.42780e+00
187  0.00212 -9.56450e+00 |188 -0.01046 -9.51886e+00 |189  0.00863 -9.43314e+00
190  0.00668 -9.84933e+00 |191 -0.02468 -1.00352e+01 |192  0.01844 -9.87995e+00
193  0.00021 -9.56928e+00 |194 -0.02855 -9.64743e+00 |195  0.01815 -9.01251e+00
196 -0.00258 -8.56062e+00 |197 -0.00092 -9.19934e+00 |198 -0.00137 -9.48057e+00
199  0.00829 -9.11983e+00 |200 -0.00996 -9.03278e+00 |201  0.00428 -8.40819e+00
202  0.00278 -8.31213e+00 |203  0.00151 -8.02980e+00 |204 -0.00670 -7.54111e+00
205  0.01009 -7.56122e+00 |206 -0.00963 -7.08233e+00 |207  0.00334 -6.62193e+00
208 -0.00007 -6.77594e+00 |209  0.01017 -6.58968e+00 |210 -0.02429 -6.32687e+00
211  0.01644 -5.34906e+00 |212 -0.00769 -5.36074e+00 |213  0.00382 -5.40236e+00
214 -0.00067 -5.45339e+00 |215  0.00681 -5.27912e+00 |216 -0.00764 -4.91965e+00
217 -0.00027 -3.97590e+00 |218  0.01241 -3.82282e+00 |219 -0.00508 -3.01223e+00
220 -0.00232 -3.60239e+00 |221  0.00054 -3.37278e+00 |222 -0.00023 -3.69026e+00
223  0.00212 -3.20737e+00 |224 -0.01654 -3.48135e+00 |225  0.00867 -3.84945e+00
226  0.00772 -3.93426e+00 |227 -0.00735 -4.26794e+00 |228  0.00719 -3.58249e+00
229 -0.00361 -3.76538e+00 |230 -0.00557 -3.80563e+00 |231  0.00622 -3.16840e+00
232 -0.00419 -3.11145e+00 |233  0.00288 -2.78067e+00 |234  0.00182 -2.94467e+00
235 -0.00445 -2.73395e+00 |236 -0.00712 -2.75089e+00 |237  0.01235 -2.44784e+00
238 -0.00966 -2.46249e+00 |239  0.00347 -2.38324e+00 |240  0.01233 -2.31625e+00
241  0.00514 -2.88926e+00 |242 -0.00973 -2.13679e+00 |243 -0.01309 -2.01875e+00
244  0.01035 -1.11276e+00 |245  0.00506 -5.44235e-02 |246 -0.00699  2.50674e-01
247 -0.00197  1.65419e-01 |248  0.00383  2.33561e-01 |249 -0.00479 -7.37046e-01
250 -0.00088 -3.53356e-01 |251 -0.00094 -3.74429e-01 |252  0.00714  1.76159e+00
253 -0.00013 -3.21696e-02 |254  0.00117 -4.68194e+01 |255  0.00333 -4.40587e+01
256 -0.00274 -4.37222e+01 |257 -0.00147 -4.31457e+01 |258  0.00337 -4.33982e+01
259  0.01768 -4.34702e+01 |260 -0.01669 -4.32672e+01 |261  0.00622 -4.34163e+01
262 -0.00011 -4.33781e+01 |263 -0.02528 -4.26301e+01 |264  0.01223 -4.20411e+01
265 -0.01061 -4.26048e+01 |266  0.00010 -4.23973e+01 |267 -0.00128 -4.16731e+01
268  0.00307 -4.09513e+01 |269 -0.00221 -3.98501e+01 |270  0.00180 -3.91469e+01
271  0.00052 -3.86328e+01 |272  0.00386 -3.75941e+01 |273 -0.00006 -3.67692e+01
274 -0.00204 -3.59012e+01 |275  0.00040 -3.51929e+01 |276  0.00155 -3.46156e+01
277  0.00252 -3.34882e+01 |278  0.00581 -3.30794e+01 |279 -0.01420 -3.19823e+01
280  0.00746 -3.16535e+01 |281 -0.00219 -3.07524e+01 |282  0.00013 -2.97782e+01
283  0.00407 -2.85878e+01 |284 -0.00254 -2.74119e+01 |285 -0.00068 -2.63371e+01
286 -0.00252 -2.58675e+01 |287  0.00757 -2.48369e+01 |288  0.00560 -2.39809e+01
289 -0.00756 -2.34193e+01 |290 -0.00051 -2.27096e+01 |291  0.00237 -2.22684e+01
292  0.00695 -2.17107e+01 |293 -0.00892 -2.20296e+01 |294 -0.00319 -2.17169e+01
295 -0.00103 -2.08869e+01 |296 -0.00145 -2.02635e+01 |297  0.00586 -1.95583e+01
298  0.00200 -1.87746e+01 |299 -0.00646 -1.71848e+01 |300  0.00349 -1.63278e+01
301 -0.00296 -1.55370e+01 |302  0.00379 -1.49977e+01 |303 -0.00142 -1.39498e+01
304  0.00059 -1.30028e+01 |305 -0.00370 -1.25677e+01 |306  0.00772 -1.18853e+01
307 -0.00222 -1.11771e+01 |308 -0.00455 -1.04465e+01 |309  0.00683 -9.82861e+00
310  0.00478 -8.57745e+00 |311  0.00212 -7.35511e+00 |312 -0.00960 -6.55789e+00
313  0.00252 -4.73843e+00 |314  0.00124 -2.79369e+00 |315  0.00032 -1.84092e+00
316 -0.00050 -1.37783e+00 |317  0.00051 -7.05603e-01 |318 -0.00017 -2.13850e-01
319  0.00076 -4.92538e-02 |320 -0.00173 -4.26933e-01 |321  0.00017  4.27423e-02
321 variables; iteration 520; function evaluation 567; phase 5
Function value 2.8239176e+03; maximum gradient component mag 2.7614e+01
Var    Value     Gradient |Var    Value     Gradient |Var    Value     Gradient
  1 -0.03317 -1.38444e+01 |  2  0.03974  5.31458e-02 |  3  0.13168  6.15523e-02
  4 -0.03242  9.23996e-02 |  5 -0.07879 -2.89825e-02 |  6  0.05253  1.59430e-01
  7  0.04184 -1.70164e-02 |  8 -0.00301 -7.72912e-02 |  9  0.04719 -6.94143e-02
 10  0.01634  5.29871e-02 | 11  0.21539 -1.46139e-01 | 12 -0.12477  1.26625e-01
 13 -0.04382 -1.23777e-02 | 14 -0.16016  1.29735e-01 | 15 -0.17832  1.01465e-01
 16  0.23602 -9.33863e-01 | 17 -0.00090  7.82519e-02 | 18 -0.11273  8.08067e-02
 19 -0.05141  1.80844e-02 | 20 -0.01542 -1.80875e-01 | 21 -0.09852 -5.09889e-02
 22  0.03337 -3.20433e-01 | 23 -0.12451 -2.07224e-02 | 24 -0.03635 -5.33284e-02
 25  0.01007 -1.17638e-01 | 26  0.02210 -3.55367e-01 | 27 -0.11429 -3.14375e-02
 28  0.01434 -2.60443e-01 | 29  0.05242 -1.02186e+00 | 30 -0.08598 -1.79720e-01
 31 -0.19031  7.04574e-02 | 32  0.03743 -5.32399e-01 | 33  0.04922 -3.06892e-01
 34  0.05477 -3.23768e-01 | 35  0.04035 -3.01812e-01 | 36 -0.04953 -9.01336e-02
 37 -0.02196 -6.87744e-02 | 38  0.05736  5.32609e-02 | 39 -0.06809  9.83810e-02
 40  0.21104 -2.00892e-01 | 41  0.01981  2.24550e-01 | 42  0.08289  3.71603e-01
 43 -0.06457  8.50905e-02 | 44  0.17460  2.51879e-01 | 45 -0.03929  2.03148e-01
 46 -0.03520  2.19821e-01 | 47 -0.01755  5.18666e-01 | 48 -0.09274  1.99400e-01
 49  0.11169 -4.29195e-01 | 50  0.00770  3.18182e-01 | 51 -0.00102  2.40196e-01
 52  0.01838 -3.23581e-02 | 53 -0.03735 -7.08933e-02 | 54  0.08299  2.80865e-01
 55  0.00513 -2.82010e-01 | 56 -0.04996  9.84976e-02 | 57 -0.05730  2.52305e-01
 58  0.08305 -6.30674e-01 | 59 -0.03187  5.81781e-02 | 60  0.01630  3.08436e-01
 61  0.00653  2.75526e-01 | 62  0.07224  3.73741e-01 | 63  0.09838  8.92874e-02
 64 -0.06016 -1.69498e-01 | 65 -0.01444  2.12880e-01 | 66  0.03699 -1.40607e-01
 67  0.00980  8.51841e-01 | 68 -0.04406  1.85773e-01 | 69  0.03746  1.93091e-01
 70  0.01273  1.14073e-02 | 71  0.15370  1.22679e-01 | 72 -0.03043  9.27844e-02
 73 -0.01978  2.80988e-01 | 74 -0.52507 -2.17850e-02 | 75 -0.65304  1.94263e-02
 76 -0.80298  7.13641e-03 | 77 -0.70055  1.87535e-02 | 78 -0.75038 -1.22085e-02
 79 -0.76584  8.65039e-02 | 80 -0.82077 -7.50603e-02 | 81 -0.84848  2.62828e-03
 82 -0.82633 -2.51146e-02 | 83 -1.26453  9.83447e-02 | 84 -0.81652 -4.08848e-02
 85 -0.80990 -3.75923e-02 | 86 -0.79164 -6.01994e-02 | 87 -0.79904  2.79148e-02
 88 -0.80948  3.83508e-02 | 89 -0.81369 -4.83469e-02 | 90 -0.79191  9.62735e-03
 91 -0.80448 -2.21899e-02 | 92 -0.80138  3.15706e-02 | 93 -0.85592 -3.01388e-02
 94  2.25836  8.61680e-03 | 95 -7.31940  6.24645e-03 | 96  0.38224  8.56755e-06
 97 -10.19295 -9.04674e-06 | 98  0.73727  9.36133e-02 | 99  0.27758  3.20733e+00
100  0.20529  6.30842e+00 |101  0.09091  2.71080e-01 |102 -0.16579 -3.63670e-01
103 -0.20310 -5.34858e-01 |104 -0.16558 -8.46275e-01 |105  0.00089  3.22385e+00
106  0.16865  3.35174e-01 |107 -0.02356  8.56878e-01 |108  0.17502  5.60206e-01
109 -0.04950  1.19913e-01 |110  0.42053  7.87194e-04 |111 -0.04670  8.25156e-02
112 -0.34046 -3.49675e+00 |113 -0.20377 -1.09736e-02 |114 -0.23944 -2.30720e-01
115 -0.26038 -2.90743e-01 |116  0.13056  1.48194e-01 |117 -0.18094 -1.34287e-01
118  0.00057  1.03856e+00 |119  0.00042  1.18786e+00 |120 -0.00000  1.19038e+00
121 -0.00577  1.13439e+00 |122 -0.00609  1.12952e+00 |123 -0.00645  1.12731e+00
124 -0.00684  1.12713e+00 |125 -0.00774  1.09359e+00 |126  0.00864  1.01804e+00
127 -0.00338  9.71753e-01 |128 -0.00625  1.22430e+00 |129 -0.01999  1.25515e+00
130  0.00189  1.23949e+00 |131 -0.01013  1.22778e+00 |132  0.00728  1.08219e+00
133  0.00627  1.06098e+00 |134 -0.00394  1.06594e+00 |135  0.01631  9.86295e-01
136 -0.01567  1.13598e+00 |137 -0.01442  1.29132e+00 |138  0.00885  8.67650e-01
139  0.02036  6.27211e-01 |140 -0.00390  6.53199e-01 |141 -0.02070  6.13462e-01
142  0.01985  6.78632e-01 |143 -0.02346  9.52239e-01 |144  0.02554  8.48762e-01
145  0.00157  8.96103e-01 |146  0.00277  8.70940e-01 |147 -0.00893  9.13359e-01
148  0.01246  1.01148e+00 |149  0.02219  1.05243e+00 |150 -0.02534  1.28563e+00
151 -0.02036  1.42123e+00 |152  0.00571  1.38618e+00 |153  0.00389  1.42792e+00
154  0.00342  1.39231e+00 |155 -0.02141  1.37297e+00 |156 -0.01133  1.32573e+00
157  0.02732  9.85811e-01 |158 -0.00972  1.02742e+00 |159  0.01792  8.11742e-01
160 -0.00698  7.58074e-01 |161 -0.01908  7.80271e-01 |162  0.00800  8.10824e-01
163  0.00424  7.63800e-01 |164 -0.00355  6.23221e-01 |165  0.00530  4.43421e-01
166 -0.01834  5.39421e-01 |167 -0.00172  1.84415e-01 |168  0.02261 -4.59429e-01
169 -0.02927 -4.62003e-01 |170  0.01054 -9.08798e-01 |171  0.02301 -1.15639e+00
172  0.02168 -1.24211e+00 |173 -0.00264 -1.26499e+00 |174 -0.00641 -1.27432e+00
175 -0.02007 -1.15518e+00 |176  0.00338 -6.46955e-01 |177 -0.00244 -4.51819e-01
178  0.00282 -3.84569e-01 |179 -0.00466 -3.18179e-01 |180  0.00517 -2.73107e-01
181 -0.00166 -9.80975e-04 |182 -0.00002 -2.20044e-03 |183 -0.00003 -6.46247e-03
184  0.00020  4.81099e-02 |185  0.00008  1.95295e-02 |186 -0.00118  1.44448e+01
187  0.00243  1.50763e+01 |188 -0.01049  1.42756e+01 |189  0.00863  1.36764e+01
190  0.00681  1.28766e+01 |191 -0.02493  1.24409e+01 |192  0.01864  1.26173e+01
193  0.00016  1.26358e+01 |194 -0.02858  1.23437e+01 |195  0.01818  1.09140e+01
196 -0.00265  1.11469e+01 |197 -0.00087  1.10304e+01 |198 -0.00138  1.04376e+01
199  0.00831  9.93372e+00 |200 -0.00998  9.77732e+00 |201  0.00430  9.32565e+00
202  0.00277  9.01454e+00 |203  0.00151  8.58602e+00 |204 -0.00671  8.60819e+00
205  0.01012  8.21558e+00 |206 -0.00963  7.58742e+00 |207  0.00332  7.16939e+00
208 -0.00004  6.82583e+00 |209  0.01015  6.72221e+00 |210 -0.02428  6.67155e+00
211  0.01645  7.05397e+00 |212 -0.00771  6.64579e+00 |213  0.00382  6.73451e+00
214 -0.00067  6.64876e+00 |215  0.00681  6.43584e+00 |216 -0.00763  6.56528e+00
217 -0.00029  6.65788e+00 |218  0.01242  6.91118e+00 |219 -0.00509  6.65916e+00
220 -0.00233  6.59364e+00 |221  0.00055  6.41538e+00 |222 -0.00022  6.27057e+00
223  0.00209  5.84101e+00 |224 -0.01652  5.90521e+00 |225  0.00867  5.57632e+00
226  0.00771  5.37562e+00 |227 -0.00734  5.29085e+00 |228  0.00718  5.16205e+00
229 -0.00361  5.41855e+00 |230 -0.00557  5.26199e+00 |231  0.00622  5.17096e+00
232 -0.00419  5.09011e+00 |233  0.00288  4.74026e+00 |234  0.00183  4.66899e+00
235 -0.00446  4.01368e+00 |236 -0.00712  3.16645e+00 |237  0.01236  2.81273e+00
238 -0.00967  2.36261e+00 |239  0.00347  1.65896e+00 |240  0.01233  1.27996e+00
241  0.00515  8.53605e-01 |242 -0.00975  1.10376e+00 |243 -0.01307  1.36153e+00
244  0.01035  1.63956e+00 |245  0.00507  1.30720e+00 |246 -0.00700  1.00547e+00
247 -0.00197  7.12922e-01 |248  0.00382  4.09076e-01 |249 -0.00478  4.99426e-01
250  0.00089  1.45405e-01 |251  0.00087  1.34664e-01 |252  0.00137  3.35688e-01
253  0.00023  5.63966e-02 |254 -0.00039  2.76136e+01 |255  0.00321  2.55749e+01
256 -0.00272  2.45275e+01 |257 -0.00148  2.32352e+01 |258  0.00338  2.20839e+01
259  0.01780  2.08225e+01 |260 -0.01683  2.06732e+01 |261  0.00622  2.04322e+01
262 -0.00010  2.02285e+01 |263 -0.02528  1.88476e+01 |264  0.01224  1.88415e+01
265 -0.01062  1.86754e+01 |266  0.00010  1.81182e+01 |267 -0.00129  1.76463e+01
268  0.00309  1.73499e+01 |269 -0.00222  1.68406e+01 |270  0.00181  1.68069e+01
271  0.00052  1.63132e+01 |272  0.00386  1.64634e+01 |273 -0.00008  1.61628e+01
274 -0.00204  1.57415e+01 |275  0.00041  1.53517e+01 |276  0.00154  1.50737e+01
277  0.00253  1.52408e+01 |278  0.00581  1.51216e+01 |279 -0.01421  1.54840e+01
280  0.00747  1.55080e+01 |281 -0.00220  1.57322e+01 |282  0.00013  1.57904e+01
283  0.00407  1.57449e+01 |284 -0.00254  1.54971e+01 |285 -0.00068  1.52627e+01
286 -0.00252  1.48658e+01 |287  0.00757  1.45828e+01 |288  0.00561  1.42439e+01
289 -0.00758  1.37245e+01 |290 -0.00052  1.29930e+01 |291  0.00238  1.23617e+01
292  0.00695  1.17512e+01 |293 -0.00892  1.13315e+01 |294 -0.00319  1.09118e+01
295 -0.00103  1.08580e+01 |296 -0.00145  1.05608e+01 |297  0.00586  1.03709e+01
298  0.00200  9.88090e+00 |299 -0.00647  9.75413e+00 |300  0.00349  9.46810e+00
301 -0.00295  9.16953e+00 |302  0.00379  8.42098e+00 |303 -0.00141  7.77622e+00
304  0.00059  6.97110e+00 |305 -0.00370  6.36821e+00 |306  0.00773  5.86311e+00
307 -0.00223  4.94336e+00 |308 -0.00455  4.28858e+00 |309  0.00683  3.60720e+00
310  0.00479  3.19213e+00 |311  0.00212  3.07263e+00 |312 -0.00959  3.07868e+00
313  0.00252  2.36088e+00 |314  0.00125  1.85301e+00 |315  0.00032  1.37708e+00
316 -0.00049  1.01208e+00 |317  0.00051  7.66231e-01 |318  0.00155  2.83032e-01
319  0.00139  1.93378e-01 |320 -0.00051 -1.27510e-01 |321 -0.00034 -8.49919e-02
321 variables; iteration 540; function evaluation 588; phase 5
Function value 2.8239150e+03; maximum gradient component mag 3.0322e+01
Var    Value     Gradient |Var    Value     Gradient |Var    Value     Gradient
  1 -0.03317  3.03221e+01 |  2  0.03961  4.48575e-02 |  3  0.13178  1.11260e-01
  4 -0.03268 -2.92145e-03 |  5 -0.07857  6.71934e-02 |  6  0.05257  1.85059e-01
  7  0.04170  5.42501e-02 |  8 -0.00286  1.38194e-01 |  9  0.04712  7.56370e-02
 10  0.01637 -1.66181e-01 | 11  0.21539  4.48791e-01 | 12 -0.12488 -2.12455e-01
 13 -0.04374 -1.42538e-01 | 14 -0.16013 -2.17357e-01 | 15 -0.17833 -2.32057e-01
 16  0.23603  1.04213e+00 | 17 -0.00089  4.40468e-02 | 18 -0.11274 -1.68351e-01
 19 -0.05142  2.18100e-02 | 20 -0.01539  1.67668e-01 | 21 -0.09850 -6.07361e-02
 22  0.03338  4.09210e-01 | 23 -0.12455 -1.58358e-01 | 24 -0.03638  2.93507e-02
 25  0.01003  2.94371e-01 | 26  0.02214  4.29716e-01 | 27 -0.11423 -9.77746e-02
 28  0.01431  2.69692e-01 | 29  0.05257  8.14909e-01 | 30 -0.08599 -3.94796e-02
 31 -0.19044 -2.12588e-01 | 32  0.03751  4.42518e-01 | 33  0.04919  3.27093e-01
 34  0.05480  4.03065e-01 | 35  0.04036  2.43477e-01 | 36 -0.04953 -5.33427e-02
 37 -0.02193 -2.53268e-03 | 38  0.05732  1.65019e-01 | 39 -0.06809 -1.40741e-01
 40  0.21099  4.55032e-01 | 41  0.01977 -5.09620e-02 | 42  0.08286  1.43797e-01
 43 -0.06456 -1.56545e-01 | 44  0.17460  3.07437e-01 | 45 -0.03929 -1.44042e-01
 46 -0.03523 -1.80281e-01 | 47 -0.01757  1.55399e-02 | 48 -0.09275 -2.27799e-01
 49  0.11169 -1.95930e-02 | 50  0.00771  1.33168e-02 | 51 -0.00104 -7.15421e-03
 52  0.01837 -1.76867e-01 | 53 -0.03733 -1.46993e-01 | 54  0.08299  2.77554e-01
 55  0.00515 -1.41756e-01 | 56 -0.04996 -2.29343e-01 | 57 -0.05730 -1.03972e-01
 58  0.08307 -1.81563e-01 | 59 -0.03187 -1.89516e-01 | 60  0.01630 -1.42302e-01
 61  0.00653 -1.96529e-01 | 62  0.07223 -1.33657e-01 | 63  0.09838 -2.44979e-01
 64 -0.06011 -1.88035e-01 | 65 -0.01443 -1.96660e-01 | 66  0.03700 -4.80519e-01
 67  0.00978 -4.96641e-02 | 68 -0.04404 -2.20557e-01 | 69  0.03744 -3.58841e-01
 70  0.01275 -3.05997e-01 | 71  0.15373  5.53520e-04 | 72 -0.03044 -3.54761e-01
 73 -0.01984 -2.91973e-01 | 74 -0.52520 -7.63685e-02 | 75 -0.65311 -4.96218e-02
 76 -0.80300 -4.22999e-02 | 77 -0.70060 -4.54273e-02 | 78 -0.75042 -3.05935e-02
 79 -0.76592 -1.85336e-02 | 80 -0.82075 -4.12093e-02 | 81 -0.84854 -3.78971e-02
 82 -0.82635 -9.98319e-03 | 83 -1.26463 -2.80832e-02 | 84 -0.81652  6.94411e-03
 85 -0.80991 -1.30077e-02 | 86 -0.79164  9.63337e-03 | 87 -0.79905  1.53114e-02
 88 -0.80954 -1.62434e-02 | 89 -0.81372 -3.19894e-03 | 90 -0.79198 -2.77072e-02
 91 -0.80450  9.51102e-04 | 92 -0.80145  1.09793e-04 | 93 -0.85594 -1.03235e-02
 94  2.14924  2.86769e-03 | 95 -7.51420  3.13194e-03 | 96  0.34366  2.74999e-05
 97 -9.90870  1.41892e-07 | 98  0.73852  6.97412e-02 | 99  0.27452 -1.66507e+00
100  0.20324 -1.60501e+00 |101  0.09091  6.16004e-02 |102 -0.16579  3.91770e-01
103 -0.20309  4.45320e-01 |104 -0.16556  3.66946e-01 |105  0.00088  3.01739e-01
106  0.16867  4.43973e-01 |107 -0.02358 -9.00033e-01 |108  0.17502  7.79217e-02
109 -0.04988  6.21174e-02 |110  0.41924  6.73602e-04 |111 -0.04673  1.18143e-01
112 -0.34038 -8.71204e-02 |113 -0.20385  3.06718e-01 |114 -0.23956  3.40374e-01
115 -0.25982  4.34171e-01 |116  0.13016  3.67327e-02 |117 -0.18076  1.92141e-02
118  0.00114  9.33358e-01 |119  0.00027  8.94728e-01 |120 -0.00029  8.60023e-01
121 -0.00587  8.24380e-01 |122 -0.00617  8.23886e-01 |123 -0.00658  8.10732e-01
124 -0.00693  8.20382e-01 |125 -0.00776  8.04053e-01 |126  0.00892  9.55879e-01
127 -0.00265  9.93008e-01 |128 -0.00682  8.62458e-01 |129 -0.02026  8.94304e-01
130  0.00187  8.92254e-01 |131 -0.01014  8.72262e-01 |132  0.00727  7.77411e-01
133  0.00628  7.94414e-01 |134 -0.00394  8.01345e-01 |135  0.01646  7.23813e-01
136 -0.01571  5.77528e-01 |137 -0.01456  4.76960e-01 |138  0.00890  3.77714e-01
139  0.02039  2.09910e-01 |140 -0.00396  1.70255e-01 |141 -0.02065  1.57298e-01
142  0.01985  2.07702e-01 |143 -0.02349  2.45077e-01 |144  0.02555  2.12778e-01
145  0.00154  2.25291e-01 |146  0.00283  2.38698e-01 |147 -0.00893  2.05455e-01
148  0.01254  1.20611e-01 |149  0.02232  8.76084e-02 |150 -0.02542  4.23783e-03
151 -0.02050 -2.84164e-03 |152  0.00576 -1.10657e-01 |153  0.00382 -1.47374e-01
154  0.00340 -2.21772e-01 |155 -0.02145 -2.42772e-01 |156 -0.01129 -2.11236e-01
157  0.02735 -3.68213e-01 |158 -0.00974 -3.64223e-01 |159  0.01790 -3.95440e-01
160 -0.00694 -3.58422e-01 |161 -0.01908 -3.47858e-01 |162  0.00799 -2.63958e-01
163  0.00422 -2.69528e-01 |164 -0.00355 -2.36446e-01 |165  0.00534 -2.74160e-01
166 -0.01838 -2.42874e-01 |167 -0.00171 -3.42888e-01 |168  0.02261 -4.50213e-01
169 -0.02927 -4.16206e-01 |170  0.01054 -4.65073e-01 |171  0.02297 -4.37594e-01
172  0.02153 -2.65064e-01 |173 -0.00260 -1.28556e-01 |174 -0.00623 -9.16594e-02
175 -0.02001 -1.02023e-02 |176  0.00336  9.62807e-02 |177 -0.00244  1.25624e-01
178  0.00279  1.23167e-01 |179 -0.00467  9.72834e-02 |180  0.00521  8.02760e-02
181 -0.00173 -3.31180e-02 |182 -0.00027 -6.54333e-02 |183 -0.00026 -6.36729e-02
184 -0.00020 -4.94517e-02 |185 -0.00013 -3.20602e-02 |186 -0.00045 -7.75392e+00
187  0.00232 -7.46749e+00 |188 -0.01045 -7.57677e+00 |189  0.00862 -7.53169e+00
190  0.00649 -7.15735e+00 |191 -0.02431 -6.95752e+00 |192  0.01842 -7.32487e+00
193  0.00002 -7.43533e+00 |194 -0.02851 -7.30355e+00 |195  0.01820 -7.19477e+00
196 -0.00268 -7.19190e+00 |197 -0.00086 -7.09591e+00 |198 -0.00137 -7.00191e+00
199  0.00831 -7.00519e+00 |200 -0.00998 -7.02089e+00 |201  0.00429 -7.06170e+00
202  0.00278 -7.15966e+00 |203  0.00150 -7.08905e+00 |204 -0.00670 -7.02008e+00
205  0.01011 -7.02898e+00 |206 -0.00964 -7.22697e+00 |207  0.00334 -7.01189e+00
208 -0.00007 -6.92630e+00 |209  0.01014 -6.89253e+00 |210 -0.02424 -6.76888e+00
211  0.01642 -6.29842e+00 |212 -0.00770 -6.16444e+00 |213  0.00381 -5.77436e+00
214 -0.00067 -5.42415e+00 |215  0.00682 -5.24287e+00 |216 -0.00764 -5.06514e+00
217 -0.00027 -4.84320e+00 |218  0.01240 -4.75187e+00 |219 -0.00508 -4.38225e+00
220 -0.00232 -4.49478e+00 |221  0.00054 -4.57518e+00 |222 -0.00022 -4.65074e+00
223  0.00211 -4.42263e+00 |224 -0.01654 -4.53091e+00 |225  0.00867 -4.52848e+00
226  0.00771 -4.48806e+00 |227 -0.00734 -4.44701e+00 |228  0.00718 -4.36128e+00
229 -0.00362 -4.24063e+00 |230 -0.00557 -4.10264e+00 |231  0.00623 -3.85049e+00
232 -0.00420 -3.78261e+00 |233  0.00288 -3.30171e+00 |234  0.00182 -3.02174e+00
235 -0.00445 -2.89941e+00 |236 -0.00712 -2.77039e+00 |237  0.01235 -2.15735e+00
238 -0.00967 -2.01093e+00 |239  0.00347 -1.82253e+00 |240  0.01232 -1.41044e+00
241  0.00515 -8.52650e-01 |242 -0.00974 -5.60914e-01 |243 -0.01306 -3.26816e-01
244  0.01034 -1.87041e-01 |245  0.00506 -1.14524e-01 |246 -0.00699 -1.15573e-01
247 -0.00198 -1.65740e-01 |248  0.00382 -3.91488e-02 |249 -0.00477  1.31998e-01
250  0.00122  2.71108e-01 |251  0.00118  2.60568e-01 |252  0.00040  9.74739e-02
253  0.00071  1.75443e-01 |254  0.00003 -7.04075e+00 |255  0.00327 -7.04218e+00
256 -0.00274 -7.28737e+00 |257 -0.00147 -7.38398e+00 |258  0.00337 -7.15852e+00
259  0.01758 -7.02163e+00 |260 -0.01661 -7.03855e+00 |261  0.00624 -6.99277e+00
262 -0.00011 -6.86092e+00 |263 -0.02529 -6.75925e+00 |264  0.01224 -6.77868e+00
265 -0.01062 -6.68349e+00 |266  0.00010 -6.71316e+00 |267 -0.00129 -6.89863e+00
268  0.00308 -7.01892e+00 |269 -0.00222 -7.13532e+00 |270  0.00181 -7.15770e+00
271  0.00053 -7.18233e+00 |272  0.00386 -7.23414e+00 |273 -0.00007 -7.26519e+00
274 -0.00204 -7.31365e+00 |275  0.00040 -7.03806e+00 |276  0.00155 -7.03698e+00
277  0.00250 -6.82392e+00 |278  0.00580 -6.28925e+00 |279 -0.01418 -5.86715e+00
280  0.00746 -5.63804e+00 |281 -0.00219 -5.37208e+00 |282  0.00013 -4.97615e+00
283  0.00406 -4.83071e+00 |284 -0.00254 -4.64493e+00 |285 -0.00068 -4.44276e+00
286 -0.00250 -4.20569e+00 |287  0.00757 -3.90372e+00 |288  0.00561 -3.62005e+00
289 -0.00757 -3.58521e+00 |290 -0.00052 -3.69897e+00 |291  0.00238 -3.44844e+00
292  0.00696 -3.12326e+00 |293 -0.00892 -3.14013e+00 |294 -0.00319 -3.12423e+00
295 -0.00103 -3.10424e+00 |296 -0.00144 -3.01497e+00 |297  0.00586 -2.89886e+00
298  0.00200 -2.78664e+00 |299 -0.00647 -2.56916e+00 |300  0.00350 -2.55509e+00
301 -0.00296 -2.25507e+00 |302  0.00380 -2.12825e+00 |303 -0.00141 -1.88961e+00
304  0.00058 -1.69358e+00 |305 -0.00370 -1.19931e+00 |306  0.00773 -9.93360e-01
307 -0.00222 -8.27574e-01 |308 -0.00455 -5.78042e-01 |309  0.00683 -2.37160e-01
310  0.00479 -9.94591e-02 |311  0.00211  2.93112e-02 |312 -0.00958  1.69200e-01
313  0.00252  8.37334e-02 |314  0.00124  1.77638e-04 |315  0.00032 -1.52712e-01
316 -0.00049  2.58312e-02 |317  0.00051  7.24673e-02 |318  0.00090  1.83197e-01
319  0.00081  1.47278e-01 |320  0.00016  3.84429e-02 |321  0.00071  1.76132e-01
321 variables; iteration 560; function evaluation 608; phase 5
Function value 2.8239139e+03; maximum gradient component mag 3.2576e+00
Var    Value     Gradient |Var    Value     Gradient |Var    Value     Gradient
  1 -0.03317  3.25764e+00 |  2  0.03960  7.53590e-03 |  3  0.13173  6.67258e-03
  4 -0.03259 -2.90547e-04 |  5 -0.07863  4.06684e-03 |  6  0.05253  1.03909e-02
  7  0.04176  3.81996e-03 |  8 -0.00290  6.18838e-03 |  9  0.04715  5.46288e-03
 10  0.01636 -2.54244e-02 | 11  0.21539  2.50232e-02 | 12 -0.12486 -2.91163e-02
 13 -0.04376 -2.68046e-02 | 14 -0.16016 -2.61183e-02 | 15 -0.17833 -2.70213e-02
 16  0.23604  6.81529e-02 | 17 -0.00095 -6.11163e-03 | 18 -0.11272 -2.56165e-02
 19 -0.05143 -1.68332e-02 | 20 -0.01540 -4.85637e-03 | 21 -0.09849 -1.68794e-02
 22  0.03337  6.86334e-03 | 23 -0.12451 -1.94333e-02 | 24 -0.03636 -4.26240e-03
 25  0.01003  1.95197e-03 | 26  0.02211  3.26991e-03 | 27 -0.11425 -2.11958e-02
 28  0.01431 -3.92456e-03 | 29  0.05251  1.70829e-02 | 30 -0.08595 -1.23845e-02
 31 -0.19037 -2.23435e-02 | 32  0.03750  1.56391e-02 | 33  0.04920  5.14569e-03
 34  0.05479  4.67926e-03 | 35  0.04037  1.33262e-03 | 36 -0.04951 -1.06381e-02
 37 -0.02192 -5.25978e-03 | 38  0.05733  1.42683e-02 | 39 -0.06808 -1.57831e-02
 40  0.21100  3.63807e-02 | 41  0.01978  4.50644e-03 | 42  0.08286  1.28318e-02
 43 -0.06457 -1.64704e-02 | 44  0.17460  5.76547e-02 | 45 -0.03929  4.98755e-03
 46 -0.03522 -3.06033e-03 | 47 -0.01758  1.25188e-02 | 48 -0.09274 -6.36124e-03
 49  0.11170  4.27874e-02 | 50  0.00770 -9.53795e-04 | 51 -0.00104  1.28876e-02
 52  0.01837  1.14090e-02 | 53 -0.03733 -1.04980e-02 | 54  0.08299  5.94225e-02
 55  0.00515  2.33929e-02 | 56 -0.04996 -1.10524e-02 | 57 -0.05731  1.49141e-03
 58  0.08307  4.37586e-02 | 59 -0.03187  4.05269e-04 | 60  0.01630  1.08765e-03
 61  0.00653  8.60391e-03 | 62  0.07223  2.37208e-02 | 63  0.09838 -5.83300e-03
 64 -0.06012  7.07603e-03 | 65 -0.01443  2.42708e-03 | 66  0.03701 -1.85832e-02
 67  0.00977 -4.83528e-03 | 68 -0.04404 -1.66135e-02 | 69  0.03744 -1.35936e-02
 70  0.01275 -3.16190e-02 | 71  0.15372 -1.63042e-02 | 72 -0.03043 -3.16805e-02
 73 -0.01984 -3.50327e-02 | 74 -0.52518 -2.83014e-03 | 75 -0.65311 -1.13156e-02
 76 -0.80300 -9.24723e-03 | 77 -0.70061 -9.70076e-03 | 78 -0.75041 -7.89035e-03
 79 -0.76593 -7.30516e-03 | 80 -0.82075 -1.18867e-02 | 81 -0.84853 -7.01146e-03
 82 -0.82634 -4.90037e-03 | 83 -1.26457  1.32155e-02 | 84 -0.81653 -5.83830e-03
 85 -0.80991 -7.29557e-03 | 86 -0.79166 -4.65582e-03 | 87 -0.79908 -9.21282e-03
 88 -0.80954 -4.47010e-03 | 89 -0.81372 -5.64227e-03 | 90 -0.79197 -4.21651e-03
 91 -0.80450 -1.60728e-03 | 92 -0.80145  1.07510e-04 | 93 -0.85593  4.06225e-03
 94  1.99959 -4.33276e-04 | 95 -7.82459  2.56975e-04 | 96  0.20613  4.27787e-05
 97 -9.22083  3.77855e-06 | 98  0.74049 -1.79258e-02 | 99  0.27137  8.92869e-02
100  0.20370  2.03583e-02 |101  0.09091 -4.99577e-02 |102 -0.16580  5.31880e-02
103 -0.20309  1.97165e-02 |104 -0.16556  1.17326e-02 |105  0.00088  5.80662e-01
106  0.16866  1.91465e-01 |107 -0.02356  1.34621e-01 |108  0.17501  5.96235e-02
109 -0.05003  3.07700e-02 |110  0.41763  5.22542e-04 |111 -0.04673  8.62306e-03
112 -0.34038 -6.86590e-02 |113 -0.20386 -2.26856e-02 |114 -0.23945  8.87909e-03
115 -0.26016  1.51870e-02 |116  0.13016  1.70800e-04 |117 -0.18078 -1.63213e-02
118  0.00086 -5.38485e-02 |119  0.00013 -5.46812e-02 |120 -0.00029 -5.46575e-02
121 -0.00582 -5.26183e-02 |122 -0.00612 -5.21522e-02 |123 -0.00648 -5.26701e-02
124 -0.00687 -5.20565e-02 |125 -0.00764 -5.37649e-02 |126  0.00880 -5.41643e-02
127 -0.00290 -5.66628e-02 |128 -0.00662 -5.99601e-02 |129 -0.02023 -5.92185e-02
130  0.00187 -5.95877e-02 |131 -0.01014 -5.91915e-02 |132  0.00729 -6.17289e-02
133  0.00628 -5.85039e-02 |134 -0.00395 -5.09727e-02 |135  0.01639 -4.44624e-02
136 -0.01568 -3.97300e-02 |137 -0.01452 -3.90663e-02 |138  0.00888 -4.82576e-02
139  0.02038 -4.89708e-02 |140 -0.00396 -5.11247e-02 |141 -0.02063 -4.22205e-02
142  0.01986 -3.29347e-02 |143 -0.02350 -4.73972e-02 |144  0.02556 -4.67703e-02
145  0.00155 -4.78725e-02 |146  0.00281 -4.96419e-02 |147 -0.00894 -5.18993e-02
148  0.01252 -5.32534e-02 |149  0.02230 -5.44425e-02 |150 -0.02538 -5.89787e-02
151 -0.02051 -5.81418e-02 |152  0.00575 -5.78443e-02 |153  0.00385 -5.79369e-02
154  0.00340 -6.75727e-02 |155 -0.02142 -6.79416e-02 |156 -0.01132 -6.62985e-02
157  0.02736 -6.37404e-02 |158 -0.00975 -6.75463e-02 |159  0.01792 -4.87688e-02
160 -0.00695 -4.45186e-02 |161 -0.01908 -4.05714e-02 |162  0.00799 -2.73372e-02
163  0.00422 -2.34726e-02 |164 -0.00355 -1.60665e-02 |165  0.00535 -1.65120e-02
166 -0.01840 -1.46705e-02 |167 -0.00170 -8.77515e-03 |168  0.02262 -3.87420e-03
169 -0.02928  1.03285e-03 |170  0.01054 -1.52651e-03 |171  0.02300 -4.47208e-03
172  0.02168  2.21137e-03 |173 -0.00256  9.70496e-03 |174 -0.00627  1.04376e-02
175 -0.02016  1.02801e-02 |176  0.00334 -4.46341e-04 |177 -0.00246 -3.90838e-03
178  0.00278 -7.13314e-03 |179 -0.00467 -8.93636e-03 |180  0.00519 -6.20155e-03
181 -0.00170 -1.37758e-03 |182  0.00000  5.29155e-04 |183  0.00000  3.29226e-04
184  0.00001  2.39396e-03 |185  0.00001  2.33161e-03 |186  0.00024  4.61442e-01
187  0.00232  4.53667e-01 |188 -0.01045  4.61277e-01 |189  0.00863  4.51159e-01
190  0.00658  4.61117e-01 |191 -0.02456  4.59201e-01 |192  0.01852  4.13067e-01
193  0.00007  4.20713e-01 |194 -0.02852  4.32966e-01 |195  0.01819  4.30605e-01
196 -0.00266  4.31019e-01 |197 -0.00087  4.33721e-01 |198 -0.00137  4.29294e-01
199  0.00831  4.32392e-01 |200 -0.00998  4.37963e-01 |201  0.00429  4.44607e-01
202  0.00278  4.46009e-01 |203  0.00151  4.66642e-01 |204 -0.00671  4.69280e-01
205  0.01011  4.80237e-01 |206 -0.00963  4.64580e-01 |207  0.00334  4.74503e-01
208 -0.00006  4.79985e-01 |209  0.01014  4.98430e-01 |210 -0.02425  5.18250e-01
211  0.01643  5.06384e-01 |212 -0.00770  5.06760e-01 |213  0.00382  5.07110e-01
214 -0.00067  4.86744e-01 |215  0.00682  4.95455e-01 |216 -0.00765  5.00654e-01
217 -0.00027  4.93198e-01 |218  0.01241  4.80957e-01 |219 -0.00509  4.47345e-01
220 -0.00232  4.26981e-01 |221  0.00054  4.21329e-01 |222 -0.00022  4.15454e-01
223  0.00210  3.90253e-01 |224 -0.01653  3.78502e-01 |225  0.00867  3.65177e-01
226  0.00772  3.42098e-01 |227 -0.00734  3.67363e-01 |228  0.00718  3.59949e-01
229 -0.00362  3.67631e-01 |230 -0.00557  3.84157e-01 |231  0.00623  3.82071e-01
232 -0.00420  3.70429e-01 |233  0.00288  3.64416e-01 |234  0.00182  3.55104e-01
235 -0.00445  3.56511e-01 |236 -0.00712  3.39799e-01 |237  0.01235  2.96261e-01
238 -0.00967  2.74238e-01 |239  0.00347  2.43088e-01 |240  0.01232  2.31709e-01
241  0.00515  2.43472e-01 |242 -0.00974  2.66650e-01 |243 -0.01307  2.67603e-01
244  0.01034  2.55187e-01 |245  0.00506  2.67765e-01 |246 -0.00699  2.76382e-01
247 -0.00197  2.79336e-01 |248  0.00382  2.70538e-01 |249 -0.00477  2.62376e-01
250  0.00106  2.57708e-01 |251  0.00106  2.56946e-01 |252  0.00109  2.67573e-01
253  0.00032  7.79232e-02 |254 -0.00007  6.82209e-02 |255  0.00325  5.96754e-02
256 -0.00273  6.86084e-02 |257 -0.00147  6.85854e-02 |258  0.00338  5.96136e-02
259  0.01769  4.33782e-02 |260 -0.01672  2.04044e-02 |261  0.00624  5.67615e-02
262 -0.00010  9.22091e-02 |263 -0.02529  8.90872e-02 |264  0.01223  8.56053e-02
265 -0.01062  8.97851e-02 |266  0.00010  7.89298e-02 |267 -0.00129  7.08794e-02
268  0.00309  7.09921e-02 |269 -0.00222  6.76620e-02 |270  0.00181  6.64625e-02
271  0.00052  8.71569e-02 |272  0.00386  9.57558e-02 |273 -0.00007  1.09693e-01
274 -0.00203  9.58852e-02 |275  0.00040  1.09882e-01 |276  0.00155  1.30874e-01
277  0.00252  1.57586e-01 |278  0.00580  1.94646e-01 |279 -0.01419  1.77843e-01
280  0.00746  2.03377e-01 |281 -0.00219  2.18116e-01 |282  0.00013  1.97910e-01
283  0.00406  2.02397e-01 |284 -0.00254  2.05433e-01 |285 -0.00069  1.96203e-01
286 -0.00251  2.01079e-01 |287  0.00757  1.82802e-01 |288  0.00561  1.85766e-01
289 -0.00757  1.90138e-01 |290 -0.00052  1.95277e-01 |291  0.00238  1.72507e-01
292  0.00695  1.84584e-01 |293 -0.00891  1.68725e-01 |294 -0.00319  1.45682e-01
295 -0.00103  1.70500e-01 |296 -0.00145  1.55397e-01 |297  0.00586  1.75426e-01
298  0.00200  1.73036e-01 |299 -0.00647  1.63882e-01 |300  0.00350  1.70861e-01
301 -0.00296  1.75112e-01 |302  0.00380  1.62062e-01 |303 -0.00141  1.63753e-01
304  0.00058  1.52533e-01 |305 -0.00370  1.18373e-01 |306  0.00773  1.13383e-01
307 -0.00222  8.71038e-02 |308 -0.00455  6.45308e-02 |309  0.00683  8.21076e-02
310  0.00479  1.05648e-01 |311  0.00211  1.25350e-01 |312 -0.00958  1.15014e-01
313  0.00252  1.37208e-01 |314  0.00124  1.62557e-01 |315  0.00032  1.56778e-01
316 -0.00050  1.49264e-01 |317  0.00051  1.33880e-01 |318  0.00050  1.11598e-01
319  0.00048  1.12611e-01 |320  0.00047  1.13854e-01 |321  0.00039  9.59333e-02
321 variables; iteration 580; function evaluation 628; phase 5
Function value 2.8239133e+03; maximum gradient component mag 3.5874e-01
Var    Value     Gradient |Var    Value     Gradient |Var    Value     Gradient
  1 -0.03317  3.58743e-01 |  2  0.03958  3.14332e-04 |  3  0.13173 -1.94428e-03
  4 -0.03258  2.60746e-03 |  5 -0.07865 -4.58850e-03 |  6  0.05252  4.32909e-03
  7  0.04176  9.09890e-04 |  8 -0.00290  1.39705e-03 |  9  0.04715  3.13511e-03
 10  0.01635 -1.59382e-03 | 11  0.21539  6.25890e-03 | 12 -0.12486 -4.11447e-03
 13 -0.04375 -5.81609e-04 | 14 -0.16017 -2.82695e-03 | 15 -0.17833 -2.72561e-03
 16  0.23604  1.15429e-02 | 17 -0.00095  5.89161e-03 | 18 -0.11272  1.02731e-03
 19 -0.05143  2.89941e-03 | 20 -0.01541  3.06101e-03 | 21 -0.09849  1.69303e-03
 22  0.03337  6.24244e-03 | 23 -0.12451  4.12593e-03 | 24 -0.03636  4.87108e-03
 25  0.01003 -2.94705e-03 | 26  0.02211 -1.91778e-03 | 27 -0.11425 -2.34158e-03
 28  0.01431 -4.05809e-03 | 29  0.05251 -9.74135e-03 | 30 -0.08594  6.08397e-03
 31 -0.19037 -1.97866e-03 | 32  0.03750  3.56785e-03 | 33  0.04920 -3.37688e-03
 34  0.05479 -8.11633e-03 | 35  0.04037 -5.14845e-03 | 36 -0.04951 -1.57369e-03
 37 -0.02191  2.77938e-03 | 38  0.05732 -2.04705e-03 | 39 -0.06808 -7.32541e-04
 40  0.21100  8.14713e-03 | 41  0.01978  7.94232e-04 | 42  0.08285  2.17492e-03
 43 -0.06457 -3.88790e-04 | 44  0.17460 -4.83652e-04 | 45 -0.03930 -6.46625e-04
 46 -0.03522  3.62018e-03 | 47 -0.01758 -4.31437e-04 | 48 -0.09274 -6.78158e-03
 49  0.11170  1.17181e-02 | 50  0.00770 -5.12218e-03 | 51 -0.00104 -3.71640e-03
 52  0.01837 -1.26505e-03 | 53 -0.03733 -5.15557e-03 | 54  0.08299  9.93567e-04
 55  0.00515  2.65831e-03 | 56 -0.04996 -5.98541e-03 | 57 -0.05731 -7.74022e-03
 58  0.08307  3.47473e-02 | 59 -0.03187 -7.70479e-03 | 60  0.01630 -3.73248e-03
 61  0.00653  5.34680e-04 | 62  0.07223  1.52416e-03 | 63  0.09838  1.45144e-02
 64 -0.06012 -9.41010e-03 | 65 -0.01443 -9.25109e-03 | 66  0.03701  1.12875e-02
 67  0.00977 -5.39497e-03 | 68 -0.04404 -1.15478e-03 | 69  0.03743 -6.08856e-03
 70  0.01275 -2.25391e-03 | 71  0.15372 -5.47823e-04 | 72 -0.03043 -7.83019e-03
 73 -0.01984 -6.75774e-03 | 74 -0.52518  1.99264e-03 | 75 -0.65311 -1.26773e-04
 76 -0.80300 -1.52131e-03 | 77 -0.70061  6.31870e-04 | 78 -0.75041  2.52985e-04
 79 -0.76593 -1.65798e-03 | 80 -0.82074  5.81053e-04 | 81 -0.84853  2.49651e-04
 82 -0.82634 -2.38866e-03 | 83 -1.26457  4.93128e-03 | 84 -0.81653  3.11061e-03
 85 -0.80991  7.41835e-05 | 86 -0.79166 -1.19206e-03 | 87 -0.79907 -2.35700e-03
 88 -0.80954  4.07911e-04 | 89 -0.81371  1.18206e-03 | 90 -0.79197 -2.82541e-04
 91 -0.80450  1.43747e-03 | 92 -0.80145 -1.91828e-03 | 93 -0.85593  3.38507e-03
 94  2.08659 -2.74357e-04 | 95 -8.69399 -4.64973e-05 | 96  0.12822  5.57981e-04
 97 -8.18370  7.43626e-07 | 98  0.75354 -1.31786e-02 | 99  0.27243 -1.84586e-02
100  0.20331 -2.86139e-02 |101  0.09091 -2.28632e-02 |102 -0.16580 -1.66528e-03
103 -0.20309  7.00050e-03 |104 -0.16556 -5.32673e-03 |105  0.00088  1.78318e-01
106  0.16866  1.68005e-01 |107 -0.02356  6.87723e-02 |108  0.17501  4.16368e-02
109 -0.05019  4.71292e-03 |110  0.41287  2.36300e-06 |111 -0.04673 -3.52720e-03
112 -0.34038 -4.73626e-03 |113 -0.20386  6.69859e-04 |114 -0.23945  8.87443e-03
115 -0.26016  1.05575e-02 |116  0.13016  5.20660e-03 |117 -0.18077 -2.73302e-03
118  0.00054 -9.68295e-02 |119 -0.00013 -9.86458e-02 |120 -0.00053 -9.82619e-02
121 -0.00591 -9.82755e-02 |122 -0.00620 -9.82301e-02 |123 -0.00656 -9.87929e-02
124 -0.00694 -9.76390e-02 |125 -0.00769 -9.62036e-02 |126  0.00879 -1.00076e-01
127 -0.00292 -1.06349e-01 |128 -0.00662 -1.03012e-01 |129 -0.02022 -1.01744e-01
130  0.00187 -9.83856e-02 |131 -0.01015 -9.66784e-02 |132  0.00729 -8.98589e-02
133  0.00628 -8.85173e-02 |134 -0.00395 -8.82047e-02 |135  0.01640 -8.17404e-02
136 -0.01568 -8.61701e-02 |137 -0.01452 -8.96515e-02 |138  0.00888 -8.48938e-02
139  0.02038 -7.60019e-02 |140 -0.00395 -7.38095e-02 |141 -0.02064 -7.62643e-02
142  0.01986 -7.89080e-02 |143 -0.02350 -8.15302e-02 |144  0.02556 -7.03382e-02
145  0.00154 -6.83509e-02 |146  0.00281 -6.75152e-02 |147 -0.00894 -6.90154e-02
148  0.01252 -7.28209e-02 |149  0.02230 -7.43933e-02 |150 -0.02538 -8.00160e-02
151 -0.02051 -8.26867e-02 |152  0.00575 -8.30713e-02 |153  0.00385 -8.27607e-02
154  0.00340 -8.47959e-02 |155 -0.02142 -8.42903e-02 |156 -0.01132 -8.38809e-02
157  0.02736 -7.69671e-02 |158 -0.00975 -7.68065e-02 |159  0.01792 -7.57494e-02
160 -0.00695 -7.41408e-02 |161 -0.01908 -7.18320e-02 |162  0.00799 -6.72777e-02
163  0.00422 -6.45963e-02 |164 -0.00355 -6.17557e-02 |165  0.00535 -6.09923e-02
166 -0.01840 -6.40136e-02 |167 -0.00170 -6.17370e-02 |168  0.02261 -5.00340e-02
169 -0.02928 -4.43588e-02 |170  0.01054 -2.98232e-02 |171  0.02301 -2.58536e-02
172  0.02168 -2.24356e-02 |173 -0.00256 -1.90499e-02 |174 -0.00627 -1.87558e-02
175 -0.02016 -2.02590e-02 |176  0.00334 -1.74921e-02 |177 -0.00246 -1.47720e-02
178  0.00278 -1.43154e-02 |179 -0.00467 -1.14582e-02 |180  0.00519 -7.96985e-03
181 -0.00169  2.51961e-03 |182  0.00002  6.02835e-03 |183  0.00002  6.21128e-03
184 -0.00002 -4.83007e-03 |185 -0.00002 -4.15768e-03 |186  0.00001 -8.85854e-02
187  0.00232 -7.80038e-02 |188 -0.01045 -7.36747e-02 |189  0.00863 -8.33341e-02
190  0.00657 -7.30185e-02 |191 -0.02456 -7.19477e-02 |192  0.01852 -7.14157e-02
193  0.00007 -5.60736e-02 |194 -0.02851 -4.92315e-02 |195  0.01819 -3.77247e-02
196 -0.00266 -3.17034e-02 |197 -0.00087 -2.52193e-02 |198 -0.00137 -3.90546e-03
199  0.00831  1.77975e-02 |200 -0.00998  3.11647e-02 |201  0.00429  4.10330e-02
202  0.00278  4.42633e-02 |203  0.00151  5.34015e-02 |204 -0.00671  5.44137e-02
205  0.01011  6.20157e-02 |206 -0.00963  6.73490e-02 |207  0.00334  8.68258e-02
208 -0.00006  1.00070e-01 |209  0.01014  1.07935e-01 |210 -0.02425  1.04029e-01
211  0.01643  1.11263e-01 |212 -0.00770  1.12091e-01 |213  0.00382  1.03131e-01
214 -0.00067  9.77994e-02 |215  0.00682  9.46959e-02 |216 -0.00765  9.73269e-02
217 -0.00027  9.90902e-02 |218  0.01241  1.00173e-01 |219 -0.00509  1.05470e-01
220 -0.00232  1.19967e-01 |221  0.00055  1.16402e-01 |222 -0.00022  1.15616e-01
223  0.00210  1.02219e-01 |224 -0.01653  1.03352e-01 |225  0.00867  1.01438e-01
226  0.00772  1.02546e-01 |227 -0.00734  1.10828e-01 |228  0.00718  1.17940e-01
229 -0.00362  1.17422e-01 |230 -0.00557  1.24497e-01 |231  0.00623  1.33932e-01
232 -0.00420  1.38000e-01 |233  0.00288  1.44409e-01 |234  0.00182  1.40369e-01
235 -0.00445  1.36673e-01 |236 -0.00712  1.36359e-01 |237  0.01235  9.81718e-02
238 -0.00967  9.83917e-02 |239  0.00347  9.60713e-02 |240  0.01232  8.01641e-02
241  0.00515  7.45715e-02 |242 -0.00974  6.45393e-02 |243 -0.01307  6.32326e-02
244  0.01034  6.94190e-02 |245  0.00506  5.91893e-02 |246 -0.00699  5.33576e-02
247 -0.00197  5.07033e-02 |248  0.00382  4.59135e-02 |249 -0.00478  4.60002e-02
250  0.00020  4.43255e-02 |251  0.00020  4.46373e-02 |252  0.00008  1.37575e-02
253 -0.00013 -3.12212e-02 |254  0.00002 -1.24170e-01 |255  0.00325 -2.11993e-01
256 -0.00273 -2.07109e-01 |257 -0.00147 -2.23178e-01 |258  0.00338 -2.24280e-01
259  0.01770 -2.16682e-01 |260 -0.01672 -2.07789e-01 |261  0.00624 -1.96966e-01
262 -0.00011 -1.93073e-01 |263 -0.02529 -1.83699e-01 |264  0.01223 -1.78051e-01
265 -0.01062 -1.71054e-01 |266  0.00010 -1.49597e-01 |267 -0.00129 -1.21920e-01
268  0.00309 -1.05479e-01 |269 -0.00222 -9.48941e-02 |270  0.00181 -8.48585e-02
271  0.00052 -7.25803e-02 |272  0.00386 -6.59289e-02 |273 -0.00007 -4.67732e-02
274 -0.00203 -3.43360e-02 |275  0.00040 -1.68697e-02 |276  0.00155 -7.32098e-03
277  0.00252  5.02842e-03 |278  0.00580  1.15921e-02 |279 -0.01419  1.86056e-02
280  0.00746  2.01656e-02 |281 -0.00219  1.99559e-02 |282  0.00013  1.27270e-02
283  0.00406  1.14840e-02 |284 -0.00254  1.18796e-02 |285 -0.00069  1.43744e-02
286 -0.00251  2.21446e-02 |287  0.00757  2.83020e-02 |288  0.00561  3.16436e-02
289 -0.00757  3.05450e-02 |290 -0.00052  2.82802e-02 |291  0.00238  1.46695e-02
292  0.00695  1.09070e-02 |293 -0.00891  9.77461e-03 |294 -0.00319  7.82153e-03
295 -0.00103  9.37062e-03 |296 -0.00145  1.11428e-02 |297  0.00586  9.70152e-03
298  0.00200  1.40633e-02 |299 -0.00647  1.33803e-02 |300  0.00350  1.14251e-02
301 -0.00296  1.50830e-02 |302  0.00380  1.65055e-02 |303 -0.00141  1.23443e-02
304  0.00058  3.36996e-03 |305 -0.00370 -2.86079e-02 |306  0.00773 -3.70946e-02
307 -0.00222 -4.49805e-02 |308 -0.00455 -6.52120e-02 |309  0.00683 -7.22462e-02
310  0.00479 -7.60718e-02 |311  0.00211 -7.97314e-02 |312 -0.00958 -7.60440e-02
313  0.00252 -7.56303e-02 |314  0.00124 -7.92932e-02 |315  0.00032 -7.60176e-02
316 -0.00050 -7.30921e-02 |317  0.00051 -6.82140e-02 |318 -0.00021 -6.37811e-02
319 -0.00021 -6.18600e-02 |320 -0.00015 -4.60765e-02 |321 -0.00016 -3.87030e-02
321 variables; iteration 600; function evaluation 648; phase 5
Function value 2.8239132e+03; maximum gradient component mag -4.0436e-01
Var    Value     Gradient |Var    Value     Gradient |Var    Value     Gradient
  1 -0.03317 -4.04363e-01 |  2  0.03958  5.08037e-04 |  3  0.13174 -4.97917e-04
  4 -0.03258  6.77776e-05 |  5 -0.07864  6.64552e-04 |  6  0.05253  1.19899e-03
  7  0.04176 -7.56142e-04 |  8 -0.00290 -1.81211e-03 |  9  0.04715 -3.06165e-03
 10  0.01635  3.46143e-03 | 11  0.21539 -4.37138e-03 | 12 -0.12486  3.96600e-03
 13 -0.04375  1.41171e-03 | 14 -0.16016  3.14176e-03 | 15 -0.17833  2.97973e-03
 16  0.23604 -1.52473e-02 | 17 -0.00096  1.66597e-03 | 18 -0.11272  1.77379e-03
 19 -0.05143  1.22089e-03 | 20 -0.01541 -1.06859e-03 | 21 -0.09849  1.51819e-03
 22  0.03337 -5.27350e-03 | 23 -0.12451 -7.26045e-04 | 24 -0.03636 -1.41696e-04
 25  0.01003  1.75225e-04 | 26  0.02211 -5.55575e-03 | 27 -0.11425  7.92613e-04
 28  0.01431 -1.97874e-03 | 29  0.05251 -8.33430e-03 | 30 -0.08595 -1.52627e-03
 31 -0.19037  2.90379e-03 | 32  0.03749 -3.53616e-03 | 33  0.04920 -2.08883e-03
 34  0.05479 -2.21516e-03 | 35  0.04037 -1.67701e-03 | 36 -0.04951 -7.50977e-04
 37 -0.02192 -1.75663e-03 | 38  0.05733 -3.57225e-03 | 39 -0.06808  1.68885e-03
 40  0.21100 -5.80025e-03 | 41  0.01978 -6.34792e-03 | 42  0.08286  4.62636e-03
 43 -0.06457  1.82102e-04 | 44  0.17460 -1.00120e-02 | 45 -0.03930 -3.08141e-03
 46 -0.03522 -2.93459e-03 | 47 -0.01758  3.21255e-03 | 48 -0.09274  1.45930e-03
 49  0.11170 -1.09333e-02 | 50  0.00771  2.90295e-05 | 51 -0.00104 -1.33181e-03
 52  0.01837  5.49911e-04 | 53 -0.03733  1.93357e-03 | 54  0.08299 -2.27256e-03
 55  0.00515 -4.19954e-04 | 56 -0.04996  9.25030e-04 | 57 -0.05731  1.89085e-03
 58  0.08307  6.79008e-04 | 59 -0.03187  3.86719e-03 | 60  0.01630  1.48452e-03
 61  0.00653  3.82546e-03 | 62  0.07223  5.23862e-03 | 63  0.09838 -1.08675e-03
 64 -0.06012  6.72979e-03 | 65 -0.01443  1.07613e-02 | 66  0.03701 -5.33407e-03
 67  0.00977  1.03620e-02 | 68 -0.04404  3.93024e-03 | 69  0.03743  4.96987e-03
 70  0.01275  4.11479e-03 | 71  0.15372  4.71894e-03 | 72 -0.03043  4.08937e-03
 73 -0.01984  5.40755e-03 | 74 -0.52518  2.80908e-04 | 75 -0.65311  1.33716e-03
 76 -0.80300  6.93111e-04 | 77 -0.70061 -2.67373e-04 | 78 -0.75041  9.27641e-04
 79 -0.76593  1.20006e-03 | 80 -0.82074 -3.27039e-04 | 81 -0.84853 -4.10479e-04
 82 -0.82634  3.43480e-04 | 83 -1.26458 -2.20047e-03 | 84 -0.81653 -3.08799e-04
 85 -0.80991  6.57708e-04 | 86 -0.79166 -3.08951e-04 | 87 -0.79907  4.74463e-05
 88 -0.80954  7.13525e-05 | 89 -0.81372 -7.27488e-04 | 90 -0.79197 -3.22687e-05
 91 -0.80450 -5.53047e-04 | 92 -0.80145 -4.63148e-04 | 93 -0.85594 -1.45411e-03
 94  2.05848 -3.79283e-04 | 95 -8.81990 -3.18428e-05 | 96  0.12452  5.92624e-04
 97 -8.10728  4.02952e-06 | 98  0.75671 -9.38501e-03 | 99  0.27234 -2.44494e-02
100  0.20331 -4.75568e-02 |101  0.09091 -1.92528e-02 |102 -0.16580 -3.73605e-04
103 -0.20309 -4.68633e-03 |104 -0.16555 -1.08941e-03 |105  0.00088 -4.23380e-02
106  0.16866 -1.61333e-02 |107 -0.02356 -1.38809e-02 |108  0.17501 -1.13858e-02
109 -0.05022 -9.89533e-04 |110  0.41247 -4.73555e-05 |111 -0.04673  1.42173e-04
112 -0.34038 -2.69413e-02 |113 -0.20386 -1.97444e-03 |114 -0.23945 -4.33374e-03
115 -0.26017 -3.79428e-03 |116  0.13016  1.47318e-03 |117 -0.18076  2.03251e-03
118  0.00047 -7.68745e-02 |119 -0.00019 -7.81184e-02 |120 -0.00059 -7.86440e-02
121 -0.00593 -7.83994e-02 |122 -0.00622 -7.82535e-02 |123 -0.00657 -7.82060e-02
124 -0.00696 -7.86885e-02 |125 -0.00772 -7.93322e-02 |126  0.00878 -7.87656e-02
127 -0.00291 -7.77704e-02 |128 -0.00662 -7.87975e-02 |129 -0.02023 -7.81978e-02
130  0.00187 -7.54365e-02 |131 -0.01015 -7.55408e-02 |132  0.00729 -7.22542e-02
133  0.00628 -7.06894e-02 |134 -0.00395 -6.84518e-02 |135  0.01639 -6.46872e-02
136 -0.01568 -6.13766e-02 |137 -0.01452 -6.02591e-02 |138  0.00888 -5.89089e-02
139  0.02037 -5.34477e-02 |140 -0.00395 -5.24084e-02 |141 -0.02063 -4.85440e-02
142  0.01986 -3.93895e-02 |143 -0.02350 -3.63974e-02 |144  0.02556 -3.31673e-02
145  0.00155 -3.28565e-02 |146  0.00281 -3.40959e-02 |147 -0.00894 -3.56327e-02
148  0.01252 -3.89950e-02 |149  0.02230 -3.98560e-02 |150 -0.02538 -4.10124e-02
151 -0.02051 -4.17268e-02 |152  0.00575 -4.60476e-02 |153  0.00385 -4.67926e-02
154  0.00340 -4.94171e-02 |155 -0.02142 -4.95870e-02 |156 -0.01132 -4.92051e-02
157  0.02736 -4.43516e-02 |158 -0.00975 -4.40949e-02 |159  0.01792 -3.94130e-02
160 -0.00695 -3.84819e-02 |161 -0.01908 -3.73561e-02 |162  0.00799 -2.97859e-02
163  0.00422 -2.69044e-02 |164 -0.00355 -2.38976e-02 |165  0.00535 -2.20426e-02
166 -0.01840 -2.00240e-02 |167 -0.00170 -1.54892e-02 |168  0.02262 -3.42438e-03
169 -0.02928 -2.58802e-03 |170  0.01054  2.04515e-03 |171  0.02301  7.53687e-03
172  0.02168  1.21375e-02 |173 -0.00256  1.41226e-02 |174 -0.00627  1.43565e-02
175 -0.02016  1.47652e-02 |176  0.00334  1.32470e-02 |177 -0.00246  1.14138e-02
178  0.00278  1.01092e-02 |179 -0.00467  7.03209e-03 |180  0.00519  6.06377e-03
181 -0.00170 -3.09223e-03 |182 -0.00002 -4.22939e-03 |183 -0.00002 -4.22238e-03
184 -0.00001 -1.64075e-03 |185 -0.00000 -1.21348e-03 |186  0.00003 -1.11069e-01
187  0.00232 -1.04075e-01 |188 -0.01046 -1.08641e-01 |189  0.00863 -1.08135e-01
190  0.00657 -1.16456e-01 |191 -0.02457 -1.18865e-01 |192  0.01853 -1.25723e-01
193  0.00007 -1.33397e-01 |194 -0.02851 -1.37444e-01 |195  0.01819 -1.43735e-01
196 -0.00266 -1.44211e-01 |197 -0.00087 -1.41854e-01 |198 -0.00137 -1.41515e-01
199  0.00831 -1.40139e-01 |200 -0.00998 -1.32283e-01 |201  0.00429 -1.29008e-01
202  0.00278 -1.28088e-01 |203  0.00151 -1.21964e-01 |204 -0.00671 -1.15544e-01
205  0.01011 -1.13864e-01 |206 -0.00963 -1.10926e-01 |207  0.00333 -1.03146e-01
208 -0.00006 -9.92417e-02 |209  0.01014 -9.97287e-02 |210 -0.02425 -8.15577e-02
211  0.01643 -7.54639e-02 |212 -0.00770 -7.00444e-02 |213  0.00382 -6.39733e-02
214 -0.00067 -6.15906e-02 |215  0.00682 -6.21172e-02 |216 -0.00765 -6.14803e-02
217 -0.00027 -5.61184e-02 |218  0.01241 -5.68957e-02 |219 -0.00509 -5.13403e-02
220 -0.00232 -6.13184e-02 |221  0.00055 -6.41246e-02 |222 -0.00022 -6.66633e-02
223  0.00210 -6.19934e-02 |224 -0.01653 -6.37662e-02 |225  0.00867 -5.62391e-02
226  0.00772 -5.59871e-02 |227 -0.00734 -4.99593e-02 |228  0.00718 -5.12509e-02
229 -0.00362 -4.78861e-02 |230 -0.00557 -3.97620e-02 |231  0.00623 -3.59089e-02
232 -0.00420 -3.23046e-02 |233  0.00288 -2.60432e-02 |234  0.00182 -2.49842e-02
235 -0.00445 -1.98200e-02 |236 -0.00712 -1.06557e-02 |237  0.01235 -9.29098e-03
238 -0.00967 -4.63634e-03 |239  0.00347  1.44669e-03 |240  0.01232  5.59858e-03
241  0.00515  1.04530e-02 |242 -0.00974  8.29933e-03 |243 -0.01307  4.22823e-03
244  0.01034 -3.00999e-03 |245  0.00506 -1.53857e-03 |246 -0.00699 -6.14754e-03
247 -0.00197 -1.01200e-02 |248  0.00382 -1.22736e-02 |249 -0.00478 -1.69587e-02
250 -0.00004 -1.55610e-02 |251 -0.00004 -1.58566e-02 |252  0.00001 -4.60938e-03
253 -0.00006 -1.38985e-02 |254  0.00002 -2.08041e-01 |255  0.00325 -2.01224e-01
256 -0.00273 -2.08325e-01 |257 -0.00147 -2.13947e-01 |258  0.00338 -2.16887e-01
259  0.01770 -2.22045e-01 |260 -0.01673 -2.33857e-01 |261  0.00624 -2.45498e-01
262 -0.00011 -2.49899e-01 |263 -0.02529 -2.55654e-01 |264  0.01223 -2.53201e-01
265 -0.01062 -2.48857e-01 |266  0.00010 -2.50360e-01 |267 -0.00129 -2.46076e-01
268  0.00309 -2.40415e-01 |269 -0.00222 -2.37890e-01 |270  0.00181 -2.27432e-01
271  0.00052 -2.21161e-01 |272  0.00386 -2.11575e-01 |273 -0.00007 -2.04081e-01
274 -0.00203 -1.97895e-01 |275  0.00040 -1.86495e-01 |276  0.00155 -1.80161e-01
277  0.00252 -1.70737e-01 |278  0.00580 -1.50033e-01 |279 -0.01419 -1.42118e-01
280  0.00746 -1.35258e-01 |281 -0.00219 -1.25957e-01 |282  0.00013 -1.18991e-01
283  0.00406 -1.12170e-01 |284 -0.00254 -1.12335e-01 |285 -0.00069 -1.07739e-01
286 -0.00251 -1.06184e-01 |287  0.00757 -9.89332e-02 |288  0.00561 -9.58565e-02
289 -0.00757 -9.81990e-02 |290 -0.00052 -1.01104e-01 |291  0.00238 -9.41939e-02
292  0.00695 -9.27175e-02 |293 -0.00892 -8.51557e-02 |294 -0.00319 -8.53531e-02
295 -0.00103 -7.53291e-02 |296 -0.00145 -7.46968e-02 |297  0.00586 -7.14984e-02
298  0.00200 -6.15803e-02 |299 -0.00647 -5.41926e-02 |300  0.00350 -4.51957e-02
301 -0.00296 -4.10154e-02 |302  0.00380 -3.93331e-02 |303 -0.00141 -3.14493e-02
304  0.00058 -2.08973e-02 |305 -0.00370 -1.65966e-02 |306  0.00773 -1.21291e-02
307 -0.00222 -7.43509e-03 |308 -0.00455 -1.54090e-03 |309  0.00683  2.35998e-03
310  0.00479 -1.66018e-03 |311  0.00211 -1.15879e-03 |312 -0.00958 -7.72386e-03
313  0.00252 -1.16736e-02 |314  0.00124 -1.41125e-02 |315  0.00032 -1.76452e-02
316 -0.00050 -1.65267e-02 |317  0.00051 -1.68623e-02 |318 -0.00000 -1.31720e-02
319 -0.00001 -1.25357e-02 |320 -0.00002 -1.54483e-02 |321 -0.00007 -1.76881e-02
321 variables; iteration 620; function evaluation 668; phase 5
Function value 2.8239132e+03; maximum gradient component mag 3.7026e-01
Var    Value     Gradient |Var    Value     Gradient |Var    Value     Gradient
  1 -0.03317  2.69669e-02 |  2  0.03959  8.52086e-04 |  3  0.13174 -9.48395e-04
  4 -0.03258  1.01792e-03 |  5 -0.07864 -3.39242e-03 |  6  0.05253 -8.36313e-03
  7  0.04176 -6.66003e-03 |  8 -0.00290  1.55912e-03 |  9  0.04715 -2.38595e-03
 10  0.01635 -2.04251e-03 | 11  0.21539 -6.71810e-03 | 12 -0.12486 -1.66339e-03
 13 -0.04375  3.31036e-04 | 14 -0.16016  6.73580e-03 | 15 -0.17834  4.07572e-04
 16  0.23605 -1.19271e-03 | 17 -0.00097 -1.15127e-02 | 18 -0.11271 -3.43940e-04
 19 -0.05143 -2.46922e-03 | 20 -0.01541 -1.05430e-02 | 21 -0.09850 -6.54447e-03
 22  0.03337 -1.06328e-02 | 23 -0.12452 -9.65459e-03 | 24 -0.03636 -9.43198e-04
 25  0.01003  7.30839e-03 | 26  0.02211  3.07763e-03 | 27 -0.11425 -3.07287e-03
 28  0.01431  9.31076e-03 | 29  0.05251  1.77538e-02 | 30 -0.08595  5.55056e-04
 31 -0.19037 -2.85734e-03 | 32  0.03750  5.81516e-03 | 33  0.04920  3.18576e-03
 34  0.05479  1.16422e-02 | 35  0.04037  1.44191e-02 | 36 -0.04951 -3.81904e-03
 37 -0.02191 -2.41973e-03 | 38  0.05733  7.79125e-03 | 39 -0.06808  2.26734e-03
 40  0.21100 -3.87117e-03 | 41  0.01977 -8.73404e-03 | 42  0.08286  2.54720e-02
 43 -0.06457 -1.21010e-03 | 44  0.17460  1.52512e-02 | 45 -0.03929  2.27482e-03
 46 -0.03523 -1.26312e-02 | 47 -0.01758  9.64283e-03 | 48 -0.09274  1.03693e-02
 49  0.11170 -5.47588e-03 | 50  0.00771  1.78646e-02 | 51 -0.00104  1.38909e-02
 52  0.01837 -6.83894e-03 | 53 -0.03733  9.21591e-03 | 54  0.08299  4.18273e-03
 55  0.00515 -4.12900e-04 | 56 -0.04996  1.61660e-02 | 57 -0.05731  1.15261e-02
 58  0.08307 -6.08878e-02 | 59 -0.03187  2.33974e-02 | 60  0.01630 -2.41534e-03
 61  0.00653 -2.44161e-02 | 62  0.07223 -1.03410e-02 | 63  0.09838 -1.48783e-02
 64 -0.06011  1.41334e-02 | 65 -0.01443  5.26361e-03 | 66  0.03701  7.08626e-03
 67  0.00977 -1.30055e-02 | 68 -0.04404 -2.25677e-02 | 69  0.03743  1.35081e-02
 70  0.01275  3.68280e-03 | 71  0.15372 -1.23231e-02 | 72 -0.03043 -1.78011e-03
 73 -0.01984 -6.51645e-03 | 74 -0.52518  1.50855e-03 | 75 -0.65311  2.92358e-03
 76 -0.80300 -3.75631e-03 | 77 -0.70062 -4.47489e-03 | 78 -0.75041 -1.30979e-03
 79 -0.76593  6.18511e-03 | 80 -0.82074  2.22459e-03 | 81 -0.84853 -3.04116e-03
 82 -0.82634 -4.24384e-03 | 83 -1.26457  7.06938e-04 | 84 -0.81653  6.23240e-04
 85 -0.80991 -1.69362e-03 | 86 -0.79166  2.18832e-03 | 87 -0.79907  1.58441e-03
 88 -0.80954  1.28537e-03 | 89 -0.81372 -3.75307e-03 | 90 -0.79197 -1.19749e-03
 91 -0.80450 -4.40224e-03 | 92 -0.80145 -2.49462e-03 | 93 -0.85593  2.20515e-03
 94  2.13706 -1.10180e-04 | 95 -8.80292 -1.51540e-05 | 96  0.05941  2.49881e-04
 97 -8.10750  3.85794e-06 | 98  0.76416 -2.36832e-02 | 99  0.27231  3.18807e-02
100  0.20327  3.89642e-02 |101  0.09091  1.21281e-01 |102 -0.16580  1.61012e-02
103 -0.20309  9.43504e-03 |104 -0.16555  1.64218e-02 |105  0.00088 -3.44578e-01
106  0.16866  2.31593e-01 |107 -0.02356 -1.40732e-02 |108  0.17501 -3.87779e-02
109 -0.05023 -3.38875e-03 |110  0.41410  1.48060e-04 |111 -0.04673 -7.48686e-03
112 -0.34038 -6.29910e-02 |113 -0.20386 -8.02042e-03 |114 -0.23945 -1.23876e-02
115 -0.26018 -1.18815e-02 |116  0.13012 -1.94912e-02 |117 -0.18076  3.20229e-03
118  0.00028 -2.96896e-01 |119 -0.00033 -2.91581e-01 |120 -0.00071 -2.89050e-01
121 -0.00596 -2.90817e-01 |122 -0.00625 -2.91226e-01 |123 -0.00661 -2.93051e-01
124 -0.00700 -2.96591e-01 |125 -0.00777 -3.00535e-01 |126  0.00878 -2.91769e-01
127 -0.00297 -3.11973e-01 |128 -0.00660 -2.88979e-01 |129 -0.02021 -2.87748e-01
130  0.00187 -2.89314e-01 |131 -0.01015 -2.91474e-01 |132  0.00729 -2.87657e-01
133  0.00628 -2.86451e-01 |134 -0.00396 -2.90499e-01 |135  0.01639 -2.80034e-01
136 -0.01568 -2.76508e-01 |137 -0.01452 -2.65574e-01 |138  0.00888 -2.57813e-01
139  0.02038 -2.49753e-01 |140 -0.00392 -2.47636e-01 |141 -0.02067 -2.74845e-01
142  0.01986 -2.57690e-01 |143 -0.02350 -2.48472e-01 |144  0.02556 -2.45885e-01
145  0.00154 -2.43331e-01 |146  0.00281 -2.42285e-01 |147 -0.00893 -2.39926e-01
148  0.01252 -2.41671e-01 |149  0.02230 -2.41058e-01 |150 -0.02538 -2.37834e-01
151 -0.02051 -2.37994e-01 |152  0.00575 -2.47742e-01 |153  0.00384 -2.48983e-01
154  0.00340 -2.36878e-01 |155 -0.02142 -2.35464e-01 |156 -0.01132 -2.29472e-01
157  0.02735 -2.20415e-01 |158 -0.00974 -2.02439e-01 |159  0.01792 -1.62380e-01
160 -0.00695 -1.55634e-01 |161 -0.01908 -1.50721e-01 |162  0.00799 -1.25982e-01
163  0.00422 -1.18160e-01 |164 -0.00355 -9.88961e-02 |165  0.00535 -8.99772e-02
166 -0.01840 -8.56424e-02 |167 -0.00170 -8.69859e-02 |168  0.02261 -4.47434e-02
169 -0.02928 -3.60970e-02 |170  0.01054 -3.58415e-02 |171  0.02300 -2.25519e-02
172  0.02168 -2.16538e-03 |173 -0.00255  7.54279e-03 |174 -0.00626  5.89572e-03
175 -0.02018 -4.23182e-03 |176  0.00334 -4.70905e-03 |177 -0.00246 -5.88278e-03
178  0.00278 -5.40950e-03 |179 -0.00467 -5.02846e-03 |180  0.00519 -2.28326e-03
181 -0.00170 -2.02344e-03 |182 -0.00001 -2.37547e-03 |183 -0.00001 -1.81854e-03
184  0.00004  1.00563e-02 |185  0.00004  9.27815e-03 |186  0.00004  1.48606e-01
187  0.00231  1.60076e-01 |188 -0.01046  1.53195e-01 |189  0.00863  1.61436e-01
190  0.00658  1.68935e-01 |191 -0.02457  1.60951e-01 |192  0.01852  1.45685e-01
193  0.00007  1.91986e-01 |194 -0.02850  2.20391e-01 |195  0.01819  1.88556e-01
196 -0.00266  2.03403e-01 |197 -0.00087  2.14989e-01 |198 -0.00137  1.78464e-01
199  0.00831  1.40971e-01 |200 -0.00998  1.32599e-01 |201  0.00429  1.07940e-01
202  0.00278  1.06925e-01 |203  0.00150  9.79481e-02 |204 -0.00671  9.61479e-02
205  0.01011  9.44449e-02 |206 -0.00963  8.01034e-02 |207  0.00334  7.67771e-02
208 -0.00006  4.25071e-02 |209  0.01014  2.65243e-02 |210 -0.02425  3.44445e-02
211  0.01643  3.37531e-02 |212 -0.00770  4.30178e-02 |213  0.00382  3.56277e-02
214 -0.00068  3.70255e-02 |215  0.00682  3.37505e-02 |216 -0.00765  2.11245e-02
217 -0.00027  9.50071e-03 |218  0.01241  7.72446e-03 |219 -0.00508 -2.19044e-02
220 -0.00232 -5.44212e-02 |221  0.00054 -5.35634e-02 |222 -0.00022 -3.63279e-02
223  0.00210 -2.60134e-02 |224 -0.01653 -2.42941e-02 |225  0.00867 -3.57539e-02
226  0.00772 -3.75752e-02 |227 -0.00734 -4.74167e-03 |228  0.00718 -2.31066e-02
229 -0.00362 -1.04177e-02 |230 -0.00557 -3.31311e-03 |231  0.00623 -3.67735e-02
232 -0.00420 -3.78466e-02 |233  0.00288 -5.20151e-02 |234  0.00182 -4.96622e-02
235 -0.00445 -5.63053e-02 |236 -0.00712 -2.27434e-02 |237  0.01235  1.55606e-02
238 -0.00967  2.00861e-02 |239  0.00347  4.17290e-02 |240  0.01232  7.22581e-02
241  0.00515  6.92081e-02 |242 -0.00974  3.45371e-02 |243 -0.01308  6.17207e-03
244  0.01034 -9.07048e-03 |245  0.00506  1.07411e-02 |246 -0.00699  2.87494e-02
247 -0.00198  2.10822e-02 |248  0.00382  3.12676e-02 |249 -0.00478  4.04850e-02
250  0.00010  2.17478e-02 |251  0.00009  2.08400e-02 |252  0.00007  1.49448e-02
253 -0.00001 -2.52510e-03 |254  0.00003  1.73998e-01 |255  0.00325  2.06836e-01
256 -0.00273  1.98823e-01 |257 -0.00147  2.35583e-01 |258  0.00338  2.57478e-01
259  0.01770  2.55464e-01 |260 -0.01673  2.42430e-01 |261  0.00624  3.17737e-01
262 -0.00010  3.70263e-01 |263 -0.02529  3.38557e-01 |264  0.01223  3.49125e-01
265 -0.01062  3.65187e-01 |266  0.00010  3.23492e-01 |267 -0.00129  2.90763e-01
268  0.00309  2.86199e-01 |269 -0.00222  2.64950e-01 |270  0.00181  2.63069e-01
271  0.00052  2.57375e-01 |272  0.00386  2.58206e-01 |273 -0.00007  2.43091e-01
274 -0.00203  2.30717e-01 |275  0.00040  2.27820e-01 |276  0.00155  2.18258e-01
277  0.00252  2.11889e-01 |278  0.00580  2.36530e-01 |279 -0.01419  2.36824e-01
280  0.00746  2.38479e-01 |281 -0.00219  2.39945e-01 |282  0.00013  2.32414e-01
283  0.00406  2.27695e-01 |284 -0.00253  2.15821e-01 |285 -0.00069  1.85661e-01
286 -0.00251  1.65885e-01 |287  0.00757  1.45796e-01 |288  0.00561  1.50752e-01
289 -0.00757  1.47012e-01 |290 -0.00052  1.53916e-01 |291  0.00238  1.53847e-01
292  0.00695  1.54722e-01 |293 -0.00892  1.40991e-01 |294 -0.00319  1.34915e-01
295 -0.00103  1.46698e-01 |296 -0.00145  1.26381e-01 |297  0.00586  1.23936e-01
298  0.00200  1.19157e-01 |299 -0.00647  7.45471e-02 |300  0.00350  5.84964e-02
301 -0.00296  3.83186e-02 |302  0.00380  1.53709e-02 |303 -0.00141  5.52996e-03
304  0.00058  2.37620e-02 |305 -0.00370  4.44639e-02 |306  0.00773  5.14179e-02
307 -0.00222  6.46992e-02 |308 -0.00455  9.14560e-02 |309  0.00683  1.01846e-01
310  0.00479  7.27231e-02 |311  0.00211  4.79863e-02 |312 -0.00958  2.33259e-02
313  0.00252  2.17322e-02 |314  0.00124  4.81766e-02 |315  0.00032  3.56885e-02
316 -0.00050  3.28827e-02 |317  0.00051  1.85161e-02 |318  0.00001 -2.40637e-03
319  0.00001 -2.06846e-03 |320  0.00001 -1.71124e-03 |321 -0.00001 -1.49310e-03
321 variables; iteration 640; function evaluation 688; phase 5
Function value 2.8239132e+03; maximum gradient component mag 4.5221e-01
Var    Value     Gradient |Var    Value     Gradient |Var    Value     Gradient
  1 -0.03317  2.82460e-01 |  2  0.03957 -1.99668e-04 |  3  0.13174  4.74955e-03
  4 -0.03259 -3.66313e-04 |  5 -0.07863  1.53191e-03 |  6  0.05253  3.33188e-03
  7  0.04176  2.78170e-03 |  8 -0.00290  5.11952e-03 |  9  0.04715  1.56512e-03
 10  0.01635 -1.67364e-03 | 11  0.21539  1.15023e-02 | 12 -0.12486  6.94991e-04
 13 -0.04375  2.95579e-03 | 14 -0.16016  9.55986e-04 | 15 -0.17833 -4.85665e-04
 16  0.23604  1.96938e-02 | 17 -0.00096  2.04982e-03 | 18 -0.11272 -3.99144e-05
 19 -0.05143  4.75006e-03 | 20 -0.01541  3.78782e-03 | 21 -0.09849  1.36387e-03
 22  0.03337  9.23532e-03 | 23 -0.12452 -5.81392e-03 | 24 -0.03636  1.34531e-03
 25  0.01003  1.37922e-02 | 26  0.02211  1.50007e-02 | 27 -0.11425  9.61318e-05
 28  0.01431  1.38130e-02 | 29  0.05251  2.53766e-02 | 30 -0.08595  2.60505e-03
 31 -0.19037 -1.30144e-03 | 32  0.03750  1.45645e-02 | 33  0.04920  1.31157e-02
 34  0.05479  1.65353e-02 | 35  0.04037  1.32148e-02 | 36 -0.04951  1.12268e-03
 37 -0.02192  3.56133e-03 | 38  0.05733  1.40197e-02 | 39 -0.06808  2.96716e-03
 40  0.21100  6.93472e-03 | 41  0.01978  7.51015e-03 | 42  0.08285  6.88068e-03
 43 -0.06457  3.80667e-03 | 44  0.17460 -4.10215e-03 | 45 -0.03929  5.44912e-03
 46 -0.03522 -8.00840e-04 | 47 -0.01758 -1.38307e-02 | 48 -0.09274  1.46408e-03
 49  0.11170 -3.12124e-03 | 50  0.00771 -8.43156e-03 | 51 -0.00104 -7.83434e-04
 52  0.01837 -4.16498e-03 | 53 -0.03733 -9.88678e-04 | 54  0.08299 -1.64484e-02
 55  0.00515  6.89504e-04 | 56 -0.04996 -5.87991e-03 | 57 -0.05731 -7.07710e-03
 58  0.08307 -2.08442e-02 | 59 -0.03187 -3.46452e-03 | 60  0.01630 -1.82513e-02
 61  0.00653 -1.68338e-02 | 62  0.07223 -2.56680e-02 | 63  0.09838 -2.52615e-02
 64 -0.06012  8.23703e-03 | 65 -0.01443 -7.32588e-03 | 66  0.03701 -1.98586e-02
 67  0.00977 -9.46684e-03 | 68 -0.04404 -9.96165e-03 | 69  0.03743 -6.07477e-03
 70  0.01275  5.14360e-03 | 71  0.15372 -1.43491e-02 | 72 -0.03043 -6.51946e-03
 73 -0.01984  1.63563e-03 | 74 -0.52519 -3.63392e-03 | 75 -0.65311  4.86665e-04
 76 -0.80300 -2.76137e-04 | 77 -0.70061  2.37709e-05 | 78 -0.75041  3.18547e-04
 79 -0.76593  2.65191e-03 | 80 -0.82074  1.26081e-03 | 81 -0.84853  6.43268e-04
 82 -0.82634  9.36737e-04 | 83 -1.26457  1.01866e-03 | 84 -0.81653  2.81950e-03
 85 -0.80991  3.38051e-03 | 86 -0.79166  3.08424e-03 | 87 -0.79907  3.00925e-03
 88 -0.80954  2.26822e-03 | 89 -0.81371  6.81934e-04 | 90 -0.79197  6.96928e-04
 91 -0.80450 -8.08040e-04 | 92 -0.80145 -7.42464e-04 | 93 -0.85593  2.18085e-03
 94  2.18611 -5.72858e-05 | 95 -8.80575 -1.40640e-05 | 96  0.05661  2.33170e-04
 97 -8.13225  2.19522e-06 | 98  0.76552  1.51694e-02 | 99  0.27231  9.77020e-02
100  0.20327  4.61531e-02 |101  0.09091 -5.39943e-02 |102 -0.16580  1.38257e-02
103 -0.20309  8.23021e-03 |104 -0.16555  1.10122e-02 |105  0.00088 -1.55434e-01
106  0.16866  7.68882e-02 |107 -0.02356  4.09684e-03 |108  0.17501 -3.02543e-02
109 -0.05022 -2.27316e-03 |110  0.41438  1.79467e-04 |111 -0.04673 -7.09768e-03
112 -0.34038 -3.44699e-02 |113 -0.20386  4.03297e-03 |114 -0.23945 -1.51467e-03
115 -0.26017 -1.06177e-03 |116  0.13017  1.05111e-02 |117 -0.18076  2.40698e-03
118  0.00027  1.47442e-01 |119 -0.00036  1.46455e-01 |120 -0.00075  1.46862e-01
121 -0.00598  1.44920e-01 |122 -0.00627  1.44610e-01 |123 -0.00662  1.44424e-01
124 -0.00700  1.43861e-01 |125 -0.00776  1.43673e-01 |126  0.00878  1.47606e-01
127 -0.00293  1.39322e-01 |128 -0.00661  1.47675e-01 |129 -0.02022  1.47854e-01
130  0.00187  1.43152e-01 |131 -0.01014  1.40204e-01 |132  0.00729  1.24974e-01
133  0.00628  1.22632e-01 |134 -0.00395  1.18615e-01 |135  0.01640  1.14820e-01
136 -0.01568  1.10875e-01 |137 -0.01452  1.07387e-01 |138  0.00888  1.00836e-01
139  0.02038  8.98424e-02 |140 -0.00395  8.85537e-02 |141 -0.02064  8.44804e-02
142  0.01986  8.96748e-02 |143 -0.02350  8.57188e-02 |144  0.02556  7.79712e-02
145  0.00154  7.63348e-02 |146  0.00280  7.52219e-02 |147 -0.00894  7.58392e-02
148  0.01252  7.63432e-02 |149  0.02230  7.78097e-02 |150 -0.02538  8.33668e-02
151 -0.02051  8.79024e-02 |152  0.00575  9.86168e-02 |153  0.00385  9.94150e-02
154  0.00340  9.65292e-02 |155 -0.02142  9.59427e-02 |156 -0.01132  9.62912e-02
157  0.02736  8.33380e-02 |158 -0.00975  8.13416e-02 |159  0.01792  7.83778e-02
160 -0.00695  7.80160e-02 |161 -0.01908  7.83677e-02 |162  0.00799  7.55086e-02
163  0.00422  7.31841e-02 |164 -0.00355  7.39155e-02 |165  0.00535  7.02836e-02
166 -0.01840  7.12900e-02 |167 -0.00170  6.76328e-02 |168  0.02262  4.60745e-02
169 -0.02928  4.55915e-02 |170  0.01054  2.96417e-02 |171  0.02300  2.19382e-02
172  0.02169  2.68441e-02 |173 -0.00256  2.96557e-02 |174 -0.00627  2.88695e-02
175 -0.02017  2.53297e-02 |176  0.00334  1.69345e-02 |177 -0.00246  1.32659e-02
178  0.00278  1.15122e-02 |179 -0.00467  8.02698e-03 |180  0.00519  4.74297e-03
181 -0.00170  8.46015e-04 |182 -0.00000 -1.13953e-03 |183 -0.00000 -1.13876e-03
184  0.00000  1.05415e-03 |185  0.00001  1.36193e-03 |186  0.00004  4.50068e-01
187  0.00231  4.52214e-01 |188 -0.01046  4.43405e-01 |189  0.00863  4.30803e-01
190  0.00657  4.14859e-01 |191 -0.02457  4.13617e-01 |192  0.01853  4.11883e-01
193  0.00007  4.09474e-01 |194 -0.02851  4.17268e-01 |195  0.01819  3.89114e-01
196 -0.00266  3.96860e-01 |197 -0.00087  3.95025e-01 |198 -0.00137  3.76238e-01
199  0.00831  3.52543e-01 |200 -0.00998  3.36702e-01 |201  0.00429  3.12852e-01
202  0.00278  3.00743e-01 |203  0.00150  2.91433e-01 |204 -0.00671  2.81747e-01
205  0.01011  2.77697e-01 |206 -0.00963  2.67042e-01 |207  0.00334  2.63251e-01
208 -0.00006  2.58113e-01 |209  0.01014  2.50882e-01 |210 -0.02425  2.73375e-01
211  0.01643  2.55789e-01 |212 -0.00770  2.56527e-01 |213  0.00382  2.61935e-01
214 -0.00068  2.56562e-01 |215  0.00682  2.59188e-01 |216 -0.00765  2.58797e-01
217 -0.00027  2.47052e-01 |218  0.01241  2.53166e-01 |219 -0.00508  2.48318e-01
220 -0.00232  2.58005e-01 |221  0.00055  2.59612e-01 |222 -0.00022  2.56620e-01
223  0.00210  2.57489e-01 |224 -0.01653  2.53618e-01 |225  0.00867  2.30919e-01
226  0.00772  2.21727e-01 |227 -0.00734  2.11744e-01 |228  0.00718  1.93551e-01
229 -0.00362  1.93777e-01 |230 -0.00557  1.85997e-01 |231  0.00623  1.65488e-01
232 -0.00420  1.60325e-01 |233  0.00288  1.45666e-01 |234  0.00182  1.40443e-01
235 -0.00445  1.40004e-01 |236 -0.00712  1.15756e-01 |237  0.01235  1.00874e-01
238 -0.00967  8.25357e-02 |239  0.00347  7.93416e-02 |240  0.01232  8.13671e-02
241  0.00515  7.94824e-02 |242 -0.00974  6.64508e-02 |243 -0.01307  5.93074e-02
244  0.01034  4.37058e-02 |245  0.00506  3.68176e-02 |246 -0.00699  3.83948e-02
247 -0.00197  2.97708e-02 |248  0.00382  2.51927e-02 |249 -0.00478  1.50301e-02
250  0.00005  1.00428e-02 |251  0.00005  9.65413e-03 |252  0.00002  3.21495e-03
253 -0.00002 -5.03024e-03 |254  0.00003  2.05246e-01 |255  0.00325  2.17118e-01
256 -0.00273  2.04749e-01 |257 -0.00147  1.96637e-01 |258  0.00338  1.88913e-01
259  0.01770  1.80620e-01 |260 -0.01673  1.75181e-01 |261  0.00624  1.86830e-01
262 -0.00011  2.05066e-01 |263 -0.02529  1.78182e-01 |264  0.01223  1.82767e-01
265 -0.01062  1.84013e-01 |266  0.00010  1.66749e-01 |267 -0.00129  1.45037e-01
268  0.00309  1.38504e-01 |269 -0.00222  1.19135e-01 |270  0.00181  1.16005e-01
271  0.00052  1.15336e-01 |272  0.00386  1.08628e-01 |273 -0.00007  1.09253e-01
274 -0.00203  1.06793e-01 |275  0.00040  1.07115e-01 |276  0.00155  1.06749e-01
277  0.00252  9.84629e-02 |278  0.00580  1.40481e-01 |279 -0.01419  1.24169e-01
280  0.00746  1.37229e-01 |281 -0.00219  1.47786e-01 |282  0.00013  1.47268e-01
283  0.00406  1.48146e-01 |284 -0.00254  1.47477e-01 |285 -0.00069  1.39934e-01
286 -0.00251  1.51307e-01 |287  0.00757  1.49426e-01 |288  0.00561  1.62632e-01
289 -0.00757  1.72360e-01 |290 -0.00052  1.71813e-01 |291  0.00238  1.74729e-01
292  0.00695  1.79627e-01 |293 -0.00891  1.59699e-01 |294 -0.00319  1.53996e-01
295 -0.00103  1.42503e-01 |296 -0.00145  1.20992e-01 |297  0.00586  1.14937e-01
298  0.00200  1.07642e-01 |299 -0.00647  9.19558e-02 |300  0.00350  7.75076e-02
301 -0.00296  6.53483e-02 |302  0.00380  5.46942e-02 |303 -0.00141  5.13970e-02
304  0.00058  3.45869e-02 |305 -0.00370  2.46838e-02 |306  0.00773  2.01032e-02
307 -0.00222  2.04712e-02 |308 -0.00455  1.84944e-02 |309  0.00683  2.47286e-02
310  0.00479  1.97103e-02 |311  0.00211  1.49680e-02 |312 -0.00958  1.52805e-04
313  0.00252 -1.93960e-03 |314  0.00124 -3.72289e-03 |315  0.00032 -8.69669e-03
316 -0.00050 -8.54905e-03 |317  0.00051 -3.74295e-03 |318 -0.00001 -6.73267e-03
319 -0.00002 -8.61676e-03 |320 -0.00001 -6.67917e-03 |321 -0.00002 -5.37697e-03
321 variables; iteration 660; function evaluation 708; phase 5
Function value 2.8239132e+03; maximum gradient component mag 3.9325e-03
Var    Value     Gradient |Var    Value     Gradient |Var    Value     Gradient
  1 -0.03317  3.30118e-03 |  2  0.03958  1.09146e-05 |  3  0.13174  1.43323e-05
  4 -0.03259 -1.08654e-05 |  5 -0.07864  3.52528e-05 |  6  0.05253  3.33094e-05
  7  0.04176 -8.34818e-06 |  8 -0.00290  1.16074e-05 |  9  0.04715 -3.98482e-05
 10  0.01635 -4.27958e-05 | 11  0.21539 -3.28458e-05 | 12 -0.12486 -1.58272e-05
 13 -0.04375 -3.71355e-05 | 14 -0.16016 -3.79857e-06 | 15 -0.17833 -2.70377e-05
 16  0.23604 -9.05660e-05 | 17 -0.00096 -2.44909e-05 | 18 -0.11272 -3.98207e-05
 19 -0.05143 -3.85309e-06 | 20 -0.01541 -5.62655e-05 | 21 -0.09849 -1.35897e-05
 22  0.03337 -4.70038e-05 | 23 -0.12451 -6.34626e-05 | 24 -0.03636 -3.61958e-05
 25  0.01003  9.90702e-06 | 26  0.02211  9.21280e-06 | 27 -0.11425 -3.22990e-05
 28  0.01431 -1.43035e-05 | 29  0.05251  8.48897e-05 | 30 -0.08594 -2.81239e-05
 31 -0.19037 -5.59141e-05 | 32  0.03749 -1.17825e-05 | 33  0.04920  3.60617e-05
 34  0.05479  7.78026e-05 | 35  0.04037  4.70953e-05 | 36 -0.04951 -2.39241e-06
 37 -0.02191  2.30359e-05 | 38  0.05733  1.08063e-04 | 39 -0.06808  2.52994e-05
 40  0.21100  8.06739e-05 | 41  0.01978  3.61782e-05 | 42  0.08285  1.70735e-04
 43 -0.06457  3.12941e-05 | 44  0.17460  3.31171e-04 | 45 -0.03930  3.99089e-05
 46 -0.03522 -1.17459e-05 | 47 -0.01758  5.74062e-05 | 48 -0.09274  5.49664e-05
 49  0.11170  1.51041e-04 | 50  0.00771  1.22128e-04 | 51 -0.00104  1.21013e-05
 52  0.01837  3.92036e-05 | 53 -0.03733  5.05210e-05 | 54  0.08299  2.20927e-05
 55  0.00515  3.60559e-05 | 56 -0.04996  6.68335e-05 | 57 -0.05731  5.41401e-06
 58  0.08307 -1.70111e-04 | 59 -0.03187  1.55110e-05 | 60  0.01630 -1.33508e-05
 61  0.00653 -1.77531e-04 | 62  0.07223 -1.16518e-04 | 63  0.09838  1.72522e-06
 64 -0.06012 -2.61973e-05 | 65 -0.01443 -1.74525e-05 | 66  0.03701 -6.57118e-05
 67  0.00977 -4.27525e-05 | 68 -0.04404 -1.30896e-04 | 69  0.03743  1.00330e-06
 70  0.01275 -2.90351e-05 | 71  0.15372 -2.16850e-04 | 72 -0.03043 -7.62433e-05
 73 -0.01984 -2.78887e-05 | 74 -0.52518 -2.53728e-05 | 75 -0.65311 -2.22513e-05
 76 -0.80300 -1.30820e-05 | 77 -0.70061 -2.91556e-05 | 78 -0.75041 -1.87923e-05
 79 -0.76593 -1.94330e-05 | 80 -0.82074  1.15219e-05 | 81 -0.84853  1.10356e-06
 82 -0.82634 -1.18537e-05 | 83 -1.26457 -4.81788e-05 | 84 -0.81653 -2.09744e-06
 85 -0.80991  4.24891e-07 | 86 -0.79166  1.26018e-05 | 87 -0.79907  3.24619e-05
 88 -0.80954 -3.18988e-06 | 89 -0.81372 -8.10845e-06 | 90 -0.79197  1.58979e-08
 91 -0.80450 -1.66687e-05 | 92 -0.80145 -5.75123e-06 | 93 -0.85594 -2.13112e-05
 94  2.52260  7.74650e-07 | 95 -8.66112 -2.62385e-06 | 96 -0.13564  8.04979e-06
 97 -8.11921  2.00923e-06 | 98  0.76080  2.75471e-05 | 99  0.27236  6.72377e-04
100  0.20332  9.11312e-04 |101  0.09091  1.59282e-06 |102 -0.16580 -9.03761e-05
103 -0.20309 -2.68019e-05 |104 -0.16555 -8.61620e-06 |105  0.00088 -1.21908e-03
106  0.16866  4.80022e-05 |107 -0.02356 -4.62373e-05 |108  0.17501 -7.44136e-05
109 -0.05021  9.26634e-07 |110  0.41729  4.88819e-04 |111 -0.04673  1.59082e-04
112 -0.34038  1.91779e-04 |113 -0.20386  4.85073e-04 |114 -0.23945  3.95030e-04
115 -0.26017  4.71169e-04 |116  0.13015  3.40416e-05 |117 -0.18076  5.38558e-05
118  0.00037  8.88789e-04 |119 -0.00027  8.91321e-04 |120 -0.00067  8.85916e-04
121 -0.00595  9.04687e-04 |122 -0.00624  9.05461e-04 |123 -0.00659  9.05444e-04
124 -0.00698  8.89764e-04 |125 -0.00773  8.86248e-04 |126  0.00878  9.55419e-04
127 -0.00291  9.38957e-04 |128 -0.00662  9.72754e-04 |129 -0.02023  9.73897e-04
130  0.00187  9.44789e-04 |131 -0.01014  9.01015e-04 |132  0.00729  7.81288e-04
133  0.00628  7.72042e-04 |134 -0.00395  7.40542e-04 |135  0.01640  7.19215e-04
136 -0.01568  7.19924e-04 |137 -0.01452  7.33201e-04 |138  0.00888  7.29597e-04
139  0.02038  6.91187e-04 |140 -0.00395  7.07987e-04 |141 -0.02063  6.80959e-04
142  0.01986  7.76402e-04 |143 -0.02350  8.36249e-04 |144  0.02556  7.38385e-04
145  0.00154  7.24096e-04 |146  0.00281  7.22019e-04 |147 -0.00894  7.03467e-04
148  0.01252  6.43450e-04 |149  0.02230  6.46939e-04 |150 -0.02538  7.00680e-04
151 -0.02051  7.14154e-04 |152  0.00575  7.29642e-04 |153  0.00385  7.34142e-04
154  0.00340  7.52125e-04 |155 -0.02142  7.50659e-04 |156 -0.01132  7.56945e-04
157  0.02736  6.72267e-04 |158 -0.00975  7.30560e-04 |159  0.01792  7.34210e-04
160 -0.00695  7.40229e-04 |161 -0.01908  7.20164e-04 |162  0.00799  7.11058e-04
163  0.00422  7.02749e-04 |164 -0.00355  6.82739e-04 |165  0.00535  6.85845e-04
166 -0.01840  7.05021e-04 |167 -0.00170  6.83340e-04 |168  0.02262  5.31231e-04
169 -0.02928  4.97297e-04 |170  0.01054  3.91206e-04 |171  0.02301  3.86113e-04
172  0.02169  4.45354e-04 |173 -0.00256  4.56098e-04 |174 -0.00627  4.52441e-04
175 -0.02016  4.44852e-04 |176  0.00334  3.89469e-04 |177 -0.00246  3.47137e-04
178  0.00278  3.21287e-04 |179 -0.00467  2.56135e-04 |180  0.00519  2.02430e-04
181 -0.00170  2.69597e-05 |182 -0.00000 -2.08397e-05 |183 -0.00000 -2.21307e-05
184  0.00000  1.10740e-05 |185  0.00000  1.54523e-05 |186  0.00003  3.07697e-03
187  0.00231  3.27120e-03 |188 -0.01046  3.13409e-03 |189  0.00863  3.14147e-03
190  0.00657  3.04795e-03 |191 -0.02457  3.05288e-03 |192  0.01853  2.87707e-03
193  0.00007  2.84294e-03 |194 -0.02851  2.87324e-03 |195  0.01819  2.61693e-03
196 -0.00266  2.68121e-03 |197 -0.00087  2.66760e-03 |198 -0.00137  2.54492e-03
199  0.00831  2.33513e-03 |200 -0.00998  2.29301e-03 |201  0.00429  2.18599e-03
202  0.00278  2.14117e-03 |203  0.00151  2.04581e-03 |204 -0.00671  2.06579e-03
205  0.01011  2.06355e-03 |206 -0.00963  2.01889e-03 |207  0.00334  1.92041e-03
208 -0.00006  1.84037e-03 |209  0.01014  1.67723e-03 |210 -0.02425  1.85778e-03
211  0.01643  1.77280e-03 |212 -0.00770  1.82013e-03 |213  0.00382  1.85797e-03
214 -0.00067  1.89513e-03 |215  0.00682  1.80588e-03 |216 -0.00765  1.65823e-03
217 -0.00027  1.55692e-03 |218  0.01241  1.58029e-03 |219 -0.00509  1.62839e-03
220 -0.00232  1.58461e-03 |221  0.00055  1.55681e-03 |222 -0.00022  1.56874e-03
223  0.00210  1.64414e-03 |224 -0.01653  1.70437e-03 |225  0.00867  1.67217e-03
226  0.00772  1.73718e-03 |227 -0.00734  1.67037e-03 |228  0.00718  1.58370e-03
229 -0.00362  1.56712e-03 |230 -0.00557  1.52733e-03 |231  0.00623  1.40960e-03
232 -0.00420  1.38828e-03 |233  0.00288  1.32424e-03 |234  0.00182  1.31315e-03
235 -0.00445  1.29990e-03 |236 -0.00712  1.13307e-03 |237  0.01235  1.15288e-03
238 -0.00967  1.06699e-03 |239  0.00347  1.13173e-03 |240  0.01232  1.28541e-03
241  0.00515  1.17690e-03 |242 -0.00974  8.96422e-04 |243 -0.01307  8.84400e-04
244  0.01034  7.35978e-04 |245  0.00506  5.84520e-04 |246 -0.00699  5.54202e-04
247 -0.00198  4.35579e-04 |248  0.00382  3.81483e-04 |249 -0.00478  2.83743e-04
250  0.00000  1.89263e-04 |251  0.00000  1.90038e-04 |252  0.00000  2.39370e-04
253  0.00000  3.25460e-06 |254  0.00002  3.93254e-03 |255  0.00325  3.91465e-03
256 -0.00273  3.72294e-03 |257 -0.00147  3.70668e-03 |258  0.00338  3.73575e-03
259  0.01770  3.75584e-03 |260 -0.01673  3.46262e-03 |261  0.00624  3.53763e-03
262 -0.00011  3.68234e-03 |263 -0.02529  3.44948e-03 |264  0.01223  3.46602e-03
265 -0.01062  3.40435e-03 |266  0.00010  3.28191e-03 |267 -0.00129  3.13329e-03
268  0.00309  2.99980e-03 |269 -0.00222  2.87230e-03 |270  0.00181  2.92458e-03
271  0.00052  2.86220e-03 |272  0.00386  2.77482e-03 |273 -0.00007  2.68144e-03
274 -0.00203  2.65925e-03 |275  0.00040  2.56306e-03 |276  0.00155  2.37579e-03
277  0.00252  2.22677e-03 |278  0.00580  2.35885e-03 |279 -0.01419  2.28195e-03
280  0.00746  2.25727e-03 |281 -0.00219  2.32191e-03 |282  0.00013  2.23820e-03
283  0.00406  2.25305e-03 |284 -0.00254  2.01538e-03 |285 -0.00069  1.89311e-03
286 -0.00251  1.83691e-03 |287  0.00757  1.84397e-03 |288  0.00561  1.79784e-03
289 -0.00757  1.71260e-03 |290 -0.00052  1.67265e-03 |291  0.00238  1.72979e-03
292  0.00695  1.77910e-03 |293 -0.00892  1.68304e-03 |294 -0.00319  1.74689e-03
295 -0.00103  1.70515e-03 |296 -0.00145  1.61193e-03 |297  0.00586  1.57199e-03
298  0.00200  1.55636e-03 |299 -0.00647  1.44507e-03 |300  0.00350  1.37398e-03
301 -0.00296  1.27849e-03 |302  0.00380  1.25016e-03 |303 -0.00141  1.20490e-03
304  0.00058  1.10761e-03 |305 -0.00370  1.14005e-03 |306  0.00773  1.15143e-03
307 -0.00222  1.20996e-03 |308 -0.00455  1.34518e-03 |309  0.00683  1.38875e-03
310  0.00479  1.11086e-03 |311  0.00211  9.23199e-04 |312 -0.00958  7.80875e-04
313  0.00252  5.48332e-04 |314  0.00124  3.71180e-04 |315  0.00032  2.29982e-04
316 -0.00050  1.75026e-04 |317  0.00051  9.90822e-05 |318  0.00000  4.02104e-05
319  0.00000  4.74479e-05 |320  0.00000  2.61528e-05 |321  0.00000 -7.82672e-06
  ic > imax  in fminim is answer attained ?
Var    Value     Gradient |Var    Value     Gradient |Var    Value     Gradient
  1 -0.03317  5.14784e-03 |  2  0.03958  7.66341e-06 |  3  0.13174  1.08348e-05
  4 -0.03259 -4.95554e-06 |  5 -0.07864  1.42734e-05 |  6  0.05253  2.69566e-05
  7  0.04176 -6.19364e-06 |  8 -0.00290  1.88962e-05 |  9  0.04715 -6.51088e-06
 10  0.01635 -5.08588e-05 | 11  0.21539 -5.50783e-06 | 12 -0.12486 -3.93261e-05
 13 -0.04375 -3.99755e-05 | 14 -0.16016 -2.48209e-05 | 15 -0.17833 -4.00985e-05
 16  0.23604  3.13607e-05 | 17 -0.00096 -1.59559e-05 | 18 -0.11272 -3.90089e-05
 19 -0.05143 -4.63649e-06 | 20 -0.01541 -2.24311e-05 | 21 -0.09849 -9.59083e-06
 22  0.03337  6.79948e-06 | 23 -0.12451 -3.62517e-05 | 24 -0.03636 -2.27804e-05
 25  0.01003  1.08572e-05 | 26  0.02211  3.85237e-05 | 27 -0.11425 -2.40264e-05
 28  0.01431  1.79670e-06 | 29  0.05251  1.21455e-04 | 30 -0.08594 -7.76217e-06
 31 -0.19037 -5.82434e-05 | 32  0.03749  2.38639e-05 | 33  0.04920  4.32180e-05
 34  0.05479  7.72595e-05 | 35  0.04037  4.04265e-05 | 36 -0.04951  3.65785e-07
 37 -0.02191  2.68413e-05 | 38  0.05733  8.35038e-05 | 39 -0.06808  5.10367e-06
 40  0.21100  1.31643e-04 | 41  0.01978  3.39415e-05 | 42  0.08285  8.64044e-05
 43 -0.06457  1.87520e-05 | 44  0.17460  3.40042e-04 | 45 -0.03930  9.87590e-06
 46 -0.03522 -2.18715e-05 | 47 -0.01758  3.63630e-05 | 48 -0.09274  2.05191e-05
 49  0.11170  1.95741e-04 | 50  0.00771  6.96387e-05 | 51 -0.00104 -6.12774e-06
 52  0.01837  2.14646e-05 | 53 -0.03733  1.96251e-05 | 54  0.08299  2.25836e-05
 55  0.00515  1.34530e-05 | 56 -0.04996  3.19810e-05 | 57 -0.05731 -2.63720e-05
 58  0.08307 -6.14414e-05 | 59 -0.03187 -5.27322e-05 | 60  0.01630 -1.37890e-05
 61  0.00653 -1.34768e-04 | 62  0.07223 -1.02510e-04 | 63  0.09838  7.19737e-06
 64 -0.06012 -5.69454e-05 | 65 -0.01443 -6.50354e-05 | 66  0.03701 -7.51982e-05
 67  0.00977 -5.67759e-05 | 68 -0.04404 -8.87257e-05 | 69  0.03743 -8.81105e-05
 70  0.01275 -7.94623e-05 | 71  0.15372 -1.29727e-04 | 72 -0.03043 -9.36516e-05
 73 -0.01984 -4.95055e-05 | 74 -0.52518 -1.45454e-05 | 75 -0.65311 -2.56995e-05
 76 -0.80300 -1.23357e-05 | 77 -0.70061 -1.55718e-05 | 78 -0.75041 -1.50336e-05
 79 -0.76593 -2.19963e-05 | 80 -0.82074  1.41776e-05 | 81 -0.84853  2.23082e-06
 82 -0.82634 -9.83530e-06 | 83 -1.26457 -4.02634e-05 | 84 -0.81653  7.77735e-06
 85 -0.80991  5.83909e-06 | 86 -0.79166  8.82319e-06 | 87 -0.79907  2.51423e-05
 88 -0.80954 -4.89405e-08 | 89 -0.81372 -1.22433e-06 | 90 -0.79197  7.72536e-07
 91 -0.80450 -8.36951e-06 | 92 -0.80145 -1.01240e-06 | 93 -0.85594 -3.52364e-06
 94  2.52266  7.78658e-07 | 95 -8.66083 -2.62415e-06 | 96 -0.13545  8.08227e-06
 97 -8.11993  1.97866e-06 | 98  0.76080 -1.47013e-04 | 99  0.27236 -1.67324e-04
100  0.20332  2.30522e-04 |101  0.09091 -7.66054e-05 |102 -0.16580 -3.11080e-05
103 -0.20309  6.58106e-05 |104 -0.16555  5.36527e-05 |105  0.00088 -1.17148e-03
106  0.16866  8.17634e-05 |107 -0.02356 -3.00462e-05 |108  0.17501 -5.18511e-07
109 -0.05021 -7.27300e-06 |110  0.41729  4.88978e-04 |111 -0.04673  1.49029e-04
112 -0.34038  3.57421e-04 |113 -0.20386  5.06651e-04 |114 -0.23945  4.37019e-04
115 -0.26017  5.07606e-04 |116  0.13015  2.75190e-05 |117 -0.18076  5.05115e-05
118  0.00037 -1.13558e-03 |119 -0.00027 -1.13183e-03 |120 -0.00067 -1.13191e-03
121 -0.00595 -1.11983e-03 |122 -0.00624 -1.11928e-03 |123 -0.00659 -1.11903e-03
124 -0.00698 -1.12658e-03 |125 -0.00773 -1.12480e-03 |126  0.00878 -1.07617e-03
127 -0.00291 -1.06964e-03 |128 -0.00662 -1.04679e-03 |129 -0.02023 -1.04865e-03
130  0.00187 -1.05073e-03 |131 -0.01014 -1.06914e-03 |132  0.00729 -1.09987e-03
133  0.00628 -1.08367e-03 |134 -0.00395 -1.07465e-03 |135  0.01640 -1.04802e-03
136 -0.01568 -1.04733e-03 |137 -0.01452 -1.03505e-03 |138  0.00888 -9.97499e-04
139  0.02038 -9.29125e-04 |140 -0.00395 -9.21804e-04 |141 -0.02063 -9.42140e-04
142  0.01986 -8.58104e-04 |143 -0.02350 -8.11295e-04 |144  0.02556 -8.08974e-04
145  0.00154 -8.10404e-04 |146  0.00281 -8.16591e-04 |147 -0.00894 -8.30510e-04
148  0.01252 -8.70787e-04 |149  0.02230 -8.68136e-04 |150 -0.02538 -8.27907e-04
151 -0.02051 -8.12251e-04 |152  0.00575 -7.42651e-04 |153  0.00385 -7.31981e-04
154  0.00340 -7.01923e-04 |155 -0.02142 -6.95771e-04 |156 -0.01132 -6.75177e-04
157  0.02736 -6.21785e-04 |158 -0.00975 -5.94972e-04 |159  0.01792 -5.31990e-04
160 -0.00695 -5.21679e-04 |161 -0.01908 -5.24360e-04 |162  0.00799 -4.73139e-04
163  0.00422 -4.45233e-04 |164 -0.00355 -4.05764e-04 |165  0.00535 -3.66179e-04
166 -0.01840 -3.41887e-04 |167 -0.00170 -3.09359e-04 |168  0.02262 -1.85681e-04
169 -0.02928 -1.78346e-04 |170  0.01054 -1.17930e-04 |171  0.02301 -5.57071e-05
172  0.02169 -7.86260e-06 |173 -0.00256 -8.71421e-06 |174 -0.00627 -8.87162e-06
175 -0.02016 -6.62364e-06 |176  0.00334 -4.17582e-06 |177 -0.00246 -3.81936e-06
178  0.00278 -5.55870e-06 |179 -0.00467 -4.49861e-06 |180  0.00519 -1.87562e-06
181 -0.00170 -2.76284e-06 |182 -0.00000 -1.41989e-05 |183 -0.00000 -1.49254e-05
184  0.00000  2.16844e-06 |185  0.00000  3.13644e-06 |186  0.00003 -7.99036e-04
187  0.00231 -6.28182e-04 |188 -0.01046 -6.47557e-04 |189  0.00863 -6.33723e-04
190  0.00657 -6.24198e-04 |191 -0.02457 -6.31281e-04 |192  0.01853 -7.23608e-04
193  0.00007 -6.90856e-04 |194 -0.02851 -6.33152e-04 |195  0.01819 -7.06954e-04
196 -0.00266 -6.47958e-04 |197 -0.00087 -6.60115e-04 |198 -0.00137 -6.54616e-04
199  0.00831 -7.28061e-04 |200 -0.00998 -6.64957e-04 |201  0.00429 -6.52405e-04
202  0.00278 -6.38578e-04 |203  0.00151 -6.26216e-04 |204 -0.00671 -5.69285e-04
205  0.01011 -5.15989e-04 |206 -0.00963 -5.07707e-04 |207  0.00334 -4.76396e-04
208 -0.00006 -4.75369e-04 |209  0.01014 -5.50314e-04 |210 -0.02425 -4.40321e-04
211  0.01643 -4.26728e-04 |212 -0.00770 -3.30116e-04 |213  0.00382 -3.25466e-04
214 -0.00067 -2.69661e-04 |215  0.00682 -3.31704e-04 |216 -0.00765 -4.17095e-04
217 -0.00027 -4.82782e-04 |218  0.01241 -4.35094e-04 |219 -0.00509 -3.63737e-04
220 -0.00232 -2.65930e-04 |221  0.00055 -2.62910e-04 |222 -0.00022 -2.29758e-04
223  0.00210 -2.23050e-04 |224 -0.01653 -1.46681e-04 |225  0.00867 -6.52538e-05
226  0.00772 -4.06582e-06 |227 -0.00734 -1.53151e-05 |228  0.00718 -5.56539e-06
229 -0.00362  1.96984e-06 |230 -0.00557  6.46065e-05 |231  0.00623  7.29432e-05
232 -0.00420  1.32097e-04 |233  0.00288  1.53162e-04 |234  0.00182  1.70622e-04
235 -0.00445  2.00186e-04 |236 -0.00712  2.62330e-04 |237  0.01235  2.19451e-04
238 -0.00967  2.51651e-04 |239  0.00347  3.48319e-04 |240  0.01232  4.46430e-04
241  0.00515  3.49958e-04 |242 -0.00974  2.35529e-04 |243 -0.01307  2.89388e-04
244  0.01034  2.78342e-04 |245  0.00506  1.75163e-04 |246 -0.00699  1.84008e-04
247 -0.00198  1.51576e-04 |248  0.00382  1.69979e-04 |249 -0.00478  2.06852e-04
250  0.00000  2.03191e-04 |251  0.00000  2.03915e-04 |252  0.00000  2.59287e-04
253  0.00000  2.51352e-05 |254  0.00002  9.38920e-04 |255  0.00325  8.65694e-04
256 -0.00273  8.10520e-04 |257 -0.00147  7.88935e-04 |258  0.00338  8.41592e-04
259  0.01770  8.99594e-04 |260 -0.01673  7.28419e-04 |261  0.00624  8.65406e-04
262 -0.00011  1.00299e-03 |263 -0.02529  9.42776e-04 |264  0.01223  9.72200e-04
265 -0.01062  9.20668e-04 |266  0.00010  9.31825e-04 |267 -0.00129  9.11672e-04
268  0.00309  8.71555e-04 |269 -0.00222  8.61779e-04 |270  0.00181  9.17763e-04
271  0.00052  9.57885e-04 |272  0.00386  8.98428e-04 |273 -0.00007  8.75522e-04
274 -0.00203  8.85083e-04 |275  0.00040  8.77644e-04 |276  0.00155  7.50757e-04
277  0.00252  6.48919e-04 |278  0.00580  6.97297e-04 |279 -0.01419  7.18550e-04
280  0.00746  6.71231e-04 |281 -0.00219  6.99658e-04 |282  0.00013  5.95382e-04
283  0.00406  5.96754e-04 |284 -0.00254  4.17104e-04 |285 -0.00069  3.42563e-04
286 -0.00251  3.28290e-04 |287  0.00757  3.41095e-04 |288  0.00561  3.32316e-04
289 -0.00757  3.20704e-04 |290 -0.00052  3.24878e-04 |291  0.00238  3.16118e-04
292  0.00695  3.58628e-04 |293 -0.00892  3.71831e-04 |294 -0.00319  4.46064e-04
295 -0.00103  4.10875e-04 |296 -0.00145  3.93008e-04 |297  0.00586  3.57064e-04
298  0.00200  4.18688e-04 |299 -0.00647  3.90458e-04 |300  0.00350  3.74758e-04
301 -0.00296  3.56160e-04 |302  0.00380  3.82734e-04 |303 -0.00141  3.68089e-04
304  0.00058  4.27068e-04 |305 -0.00370  3.88620e-04 |306  0.00773  4.06253e-04
307 -0.00222  4.85526e-04 |308 -0.00455  5.58802e-04 |309  0.00683  5.79912e-04
310  0.00479  4.54130e-04 |311  0.00211  3.42200e-04 |312 -0.00958  3.51154e-04
313  0.00252  2.39345e-04 |314  0.00124  1.13790e-04 |315  0.00032  5.15419e-05
316 -0.00050  5.18266e-05 |317  0.00051  6.67696e-05 |318  0.00000  7.12941e-05
319  0.00000  7.24282e-05 |320  0.00000  4.31025e-05 |321  0.00000  3.15095e-05
Function minimizer not making progress ... is minimum attained?
Minimprove criterion = 0.0000e+00

 - final statistics:
321 variables; iteration 662; function evaluation 739
Function value 2.8239e+03; maximum gradient component mag 5.1478e-03
Exit code = 1;  converg criter 1.0000e-04
Var    Value     Gradient |Var    Value     Gradient |Var    Value     Gradient
  1 -0.03317  5.14784e-03 |  2  0.03958  7.66341e-06 |  3  0.13174  1.08348e-05
  4 -0.03259 -4.95554e-06 |  5 -0.07864  1.42734e-05 |  6  0.05253  2.69566e-05
  7  0.04176 -6.19364e-06 |  8 -0.00290  1.88962e-05 |  9  0.04715 -6.51088e-06
 10  0.01635 -5.08588e-05 | 11  0.21539 -5.50783e-06 | 12 -0.12486 -3.93261e-05
 13 -0.04375 -3.99755e-05 | 14 -0.16016 -2.48209e-05 | 15 -0.17833 -4.00985e-05
 16  0.23604  3.13607e-05 | 17 -0.00096 -1.59559e-05 | 18 -0.11272 -3.90089e-05
 19 -0.05143 -4.63649e-06 | 20 -0.01541 -2.24311e-05 | 21 -0.09849 -9.59083e-06
 22  0.03337  6.79948e-06 | 23 -0.12451 -3.62517e-05 | 24 -0.03636 -2.27804e-05
 25  0.01003  1.08572e-05 | 26  0.02211  3.85237e-05 | 27 -0.11425 -2.40264e-05
 28  0.01431  1.79670e-06 | 29  0.05251  1.21455e-04 | 30 -0.08594 -7.76217e-06
 31 -0.19037 -5.82434e-05 | 32  0.03749  2.38639e-05 | 33  0.04920  4.32180e-05
 34  0.05479  7.72595e-05 | 35  0.04037  4.04265e-05 | 36 -0.04951  3.65785e-07
 37 -0.02191  2.68413e-05 | 38  0.05733  8.35038e-05 | 39 -0.06808  5.10367e-06
 40  0.21100  1.31643e-04 | 41  0.01978  3.39415e-05 | 42  0.08285  8.64044e-05
 43 -0.06457  1.87520e-05 | 44  0.17460  3.40042e-04 | 45 -0.03930  9.87590e-06
 46 -0.03522 -2.18715e-05 | 47 -0.01758  3.63630e-05 | 48 -0.09274  2.05191e-05
 49  0.11170  1.95741e-04 | 50  0.00771  6.96387e-05 | 51 -0.00104 -6.12774e-06
 52  0.01837  2.14646e-05 | 53 -0.03733  1.96251e-05 | 54  0.08299  2.25836e-05
 55  0.00515  1.34530e-05 | 56 -0.04996  3.19810e-05 | 57 -0.05731 -2.63720e-05
 58  0.08307 -6.14414e-05 | 59 -0.03187 -5.27322e-05 | 60  0.01630 -1.37890e-05
 61  0.00653 -1.34768e-04 | 62  0.07223 -1.02510e-04 | 63  0.09838  7.19737e-06
 64 -0.06012 -5.69454e-05 | 65 -0.01443 -6.50354e-05 | 66  0.03701 -7.51982e-05
 67  0.00977 -5.67759e-05 | 68 -0.04404 -8.87257e-05 | 69  0.03743 -8.81105e-05
 70  0.01275 -7.94623e-05 | 71  0.15372 -1.29727e-04 | 72 -0.03043 -9.36516e-05
 73 -0.01984 -4.95055e-05 | 74 -0.52518 -1.45454e-05 | 75 -0.65311 -2.56995e-05
 76 -0.80300 -1.23357e-05 | 77 -0.70061 -1.55718e-05 | 78 -0.75041 -1.50336e-05
 79 -0.76593 -2.19963e-05 | 80 -0.82074  1.41776e-05 | 81 -0.84853  2.23082e-06
 82 -0.82634 -9.83530e-06 | 83 -1.26457 -4.02634e-05 | 84 -0.81653  7.77735e-06
 85 -0.80991  5.83909e-06 | 86 -0.79166  8.82319e-06 | 87 -0.79907  2.51423e-05
 88 -0.80954 -4.89405e-08 | 89 -0.81372 -1.22433e-06 | 90 -0.79197  7.72536e-07
 91 -0.80450 -8.36951e-06 | 92 -0.80145 -1.01240e-06 | 93 -0.85594 -3.52364e-06
 94  2.52266  7.78658e-07 | 95 -8.66083 -2.62415e-06 | 96 -0.13545  8.08227e-06
 97 -8.11993  1.97866e-06 | 98  0.76080 -1.47013e-04 | 99  0.27236 -1.67324e-04
100  0.20332  2.30522e-04 |101  0.09091 -7.66054e-05 |102 -0.16580 -3.11080e-05
103 -0.20309  6.58106e-05 |104 -0.16555  5.36527e-05 |105  0.00088 -1.17148e-03
106  0.16866  8.17634e-05 |107 -0.02356 -3.00462e-05 |108  0.17501 -5.18511e-07
109 -0.05021 -7.27300e-06 |110  0.41729  4.88978e-04 |111 -0.04673  1.49029e-04
112 -0.34038  3.57421e-04 |113 -0.20386  5.06651e-04 |114 -0.23945  4.37019e-04
115 -0.26017  5.07606e-04 |116  0.13015  2.75190e-05 |117 -0.18076  5.05115e-05
118  0.00037 -1.13558e-03 |119 -0.00027 -1.13183e-03 |120 -0.00067 -1.13191e-03
121 -0.00595 -1.11983e-03 |122 -0.00624 -1.11928e-03 |123 -0.00659 -1.11903e-03
124 -0.00698 -1.12658e-03 |125 -0.00773 -1.12480e-03 |126  0.00878 -1.07617e-03
127 -0.00291 -1.06964e-03 |128 -0.00662 -1.04679e-03 |129 -0.02023 -1.04865e-03
130  0.00187 -1.05073e-03 |131 -0.01014 -1.06914e-03 |132  0.00729 -1.09987e-03
133  0.00628 -1.08367e-03 |134 -0.00395 -1.07465e-03 |135  0.01640 -1.04802e-03
136 -0.01568 -1.04733e-03 |137 -0.01452 -1.03505e-03 |138  0.00888 -9.97499e-04
139  0.02038 -9.29125e-04 |140 -0.00395 -9.21804e-04 |141 -0.02063 -9.42140e-04
142  0.01986 -8.58104e-04 |143 -0.02350 -8.11295e-04 |144  0.02556 -8.08974e-04
145  0.00154 -8.10404e-04 |146  0.00281 -8.16591e-04 |147 -0.00894 -8.30510e-04
148  0.01252 -8.70787e-04 |149  0.02230 -8.68136e-04 |150 -0.02538 -8.27907e-04
151 -0.02051 -8.12251e-04 |152  0.00575 -7.42651e-04 |153  0.00385 -7.31981e-04
154  0.00340 -7.01923e-04 |155 -0.02142 -6.95771e-04 |156 -0.01132 -6.75177e-04
157  0.02736 -6.21785e-04 |158 -0.00975 -5.94972e-04 |159  0.01792 -5.31990e-04
160 -0.00695 -5.21679e-04 |161 -0.01908 -5.24360e-04 |162  0.00799 -4.73139e-04
163  0.00422 -4.45233e-04 |164 -0.00355 -4.05764e-04 |165  0.00535 -3.66179e-04
166 -0.01840 -3.41887e-04 |167 -0.00170 -3.09359e-04 |168  0.02262 -1.85681e-04
169 -0.02928 -1.78346e-04 |170  0.01054 -1.17930e-04 |171  0.02301 -5.57071e-05
172  0.02169 -7.86260e-06 |173 -0.00256 -8.71421e-06 |174 -0.00627 -8.87162e-06
175 -0.02016 -6.62364e-06 |176  0.00334 -4.17582e-06 |177 -0.00246 -3.81936e-06
178  0.00278 -5.55870e-06 |179 -0.00467 -4.49861e-06 |180  0.00519 -1.87562e-06
181 -0.00170 -2.76284e-06 |182 -0.00000 -1.41989e-05 |183 -0.00000 -1.49254e-05
184  0.00000  2.16844e-06 |185  0.00000  3.13644e-06 |186  0.00003 -7.99036e-04
187  0.00231 -6.28182e-04 |188 -0.01046 -6.47557e-04 |189  0.00863 -6.33723e-04
190  0.00657 -6.24198e-04 |191 -0.02457 -6.31281e-04 |192  0.01853 -7.23608e-04
193  0.00007 -6.90856e-04 |194 -0.02851 -6.33152e-04 |195  0.01819 -7.06954e-04
196 -0.00266 -6.47958e-04 |197 -0.00087 -6.60115e-04 |198 -0.00137 -6.54616e-04
199  0.00831 -7.28061e-04 |200 -0.00998 -6.64957e-04 |201  0.00429 -6.52405e-04
202  0.00278 -6.38578e-04 |203  0.00151 -6.26216e-04 |204 -0.00671 -5.69285e-04
205  0.01011 -5.15989e-04 |206 -0.00963 -5.07707e-04 |207  0.00334 -4.76396e-04
208 -0.00006 -4.75369e-04 |209  0.01014 -5.50314e-04 |210 -0.02425 -4.40321e-04
211  0.01643 -4.26728e-04 |212 -0.00770 -3.30116e-04 |213  0.00382 -3.25466e-04
214 -0.00067 -2.69661e-04 |215  0.00682 -3.31704e-04 |216 -0.00765 -4.17095e-04
217 -0.00027 -4.82782e-04 |218  0.01241 -4.35094e-04 |219 -0.00509 -3.63737e-04
220 -0.00232 -2.65930e-04 |221  0.00055 -2.62910e-04 |222 -0.00022 -2.29758e-04
223  0.00210 -2.23050e-04 |224 -0.01653 -1.46681e-04 |225  0.00867 -6.52538e-05
226  0.00772 -4.06582e-06 |227 -0.00734 -1.53151e-05 |228  0.00718 -5.56539e-06
229 -0.00362  1.96984e-06 |230 -0.00557  6.46065e-05 |231  0.00623  7.29432e-05
232 -0.00420  1.32097e-04 |233  0.00288  1.53162e-04 |234  0.00182  1.70622e-04
235 -0.00445  2.00186e-04 |236 -0.00712  2.62330e-04 |237  0.01235  2.19451e-04
238 -0.00967  2.51651e-04 |239  0.00347  3.48319e-04 |240  0.01232  4.46430e-04
241  0.00515  3.49958e-04 |242 -0.00974  2.35529e-04 |243 -0.01307  2.89388e-04
244  0.01034  2.78342e-04 |245  0.00506  1.75163e-04 |246 -0.00699  1.84008e-04
247 -0.00198  1.51576e-04 |248  0.00382  1.69979e-04 |249 -0.00478  2.06852e-04
250  0.00000  2.03191e-04 |251  0.00000  2.03915e-04 |252  0.00000  2.59287e-04
253  0.00000  2.51352e-05 |254  0.00002  9.38920e-04 |255  0.00325  8.65694e-04
256 -0.00273  8.10520e-04 |257 -0.00147  7.88935e-04 |258  0.00338  8.41592e-04
259  0.01770  8.99594e-04 |260 -0.01673  7.28419e-04 |261  0.00624  8.65406e-04
262 -0.00011  1.00299e-03 |263 -0.02529  9.42776e-04 |264  0.01223  9.72200e-04
265 -0.01062  9.20668e-04 |266  0.00010  9.31825e-04 |267 -0.00129  9.11672e-04
268  0.00309  8.71555e-04 |269 -0.00222  8.61779e-04 |270  0.00181  9.17763e-04
271  0.00052  9.57885e-04 |272  0.00386  8.98428e-04 |273 -0.00007  8.75522e-04
274 -0.00203  8.85083e-04 |275  0.00040  8.77644e-04 |276  0.00155  7.50757e-04
277  0.00252  6.48919e-04 |278  0.00580  6.97297e-04 |279 -0.01419  7.18550e-04
280  0.00746  6.71231e-04 |281 -0.00219  6.99658e-04 |282  0.00013  5.95382e-04
283  0.00406  5.96754e-04 |284 -0.00254  4.17104e-04 |285 -0.00069  3.42563e-04
286 -0.00251  3.28290e-04 |287  0.00757  3.41095e-04 |288  0.00561  3.32316e-04
289 -0.00757  3.20704e-04 |290 -0.00052  3.24878e-04 |291  0.00238  3.16118e-04
292  0.00695  3.58628e-04 |293 -0.00892  3.71831e-04 |294 -0.00319  4.46064e-04
295 -0.00103  4.10875e-04 |296 -0.00145  3.93008e-04 |297  0.00586  3.57064e-04
298  0.00200  4.18688e-04 |299 -0.00647  3.90458e-04 |300  0.00350  3.74758e-04
301 -0.00296  3.56160e-04 |302  0.00380  3.82734e-04 |303 -0.00141  3.68089e-04
304  0.00058  4.27068e-04 |305 -0.00370  3.88620e-04 |306  0.00773  4.06253e-04
307 -0.00222  4.85526e-04 |308 -0.00455  5.58802e-04 |309  0.00683  5.79912e-04
310  0.00479  4.54130e-04 |311  0.00211  3.42200e-04 |312 -0.00958  3.51154e-04
313  0.00252  2.39345e-04 |314  0.00124  1.13790e-04 |315  0.00032  5.15419e-05
316 -0.00050  5.18266e-05 |317  0.00051  6.67696e-05 |318  0.00000  7.12941e-05
319  0.00000  7.24282e-05 |320  0.00000  4.31025e-05 |321  0.00000  3.15095e-05
Estimating row 1 out of 321 for hessian
Estimating row 2 out of 321 for hessian
Estimating row 3 out of 321 for hessian
Estimating row 4 out of 321 for hessian
Estimating row 5 out of 321 for hessian
Estimating row 6 out of 321 for hessian
Estimating row 7 out of 321 for hessian
Estimating row 8 out of 321 for hessian
Estimating row 9 out of 321 for hessian
Estimating row 10 out of 321 for hessian
Estimating row 11 out of 321 for hessian
Estimating row 12 out of 321 for hessian
Estimating row 13 out of 321 for hessian
Estimating row 14 out of 321 for hessian
Estimating row 15 out of 321 for hessian
Estimating row 16 out of 321 for hessian
Estimating row 17 out of 321 for hessian
Estimating row 18 out of 321 for hessian
Estimating row 19 out of 321 for hessian
Estimating row 20 out of 321 for hessian
Estimating row 21 out of 321 for hessian
Estimating row 22 out of 321 for hessian
Estimating row 23 out of 321 for hessian
Estimating row 24 out of 321 for hessian
Estimating row 25 out of 321 for hessian
Estimating row 26 out of 321 for hessian
Estimating row 27 out of 321 for hessian
Estimating row 28 out of 321 for hessian
Estimating row 29 out of 321 for hessian
Estimating row 30 out of 321 for hessian
Estimating row 31 out of 321 for hessian
Estimating row 32 out of 321 for hessian
Estimating row 33 out of 321 for hessian
Estimating row 34 out of 321 for hessian
Estimating row 35 out of 321 for hessian
Estimating row 36 out of 321 for hessian
Estimating row 37 out of 321 for hessian
Estimating row 38 out of 321 for hessian
Estimating row 39 out of 321 for hessian
Estimating row 40 out of 321 for hessian
Estimating row 41 out of 321 for hessian
Estimating row 42 out of 321 for hessian
Estimating row 43 out of 321 for hessian
Estimating row 44 out of 321 for hessian
Estimating row 45 out of 321 for hessian
Estimating row 46 out of 321 for hessian
Estimating row 47 out of 321 for hessian
Estimating row 48 out of 321 for hessian
Estimating row 49 out of 321 for hessian
Estimating row 50 out of 321 for hessian
Estimating row 51 out of 321 for hessian
Estimating row 52 out of 321 for hessian
Estimating row 53 out of 321 for hessian
Estimating row 54 out of 321 for hessian
Estimating row 55 out of 321 for hessian
Estimating row 56 out of 321 for hessian
Estimating row 57 out of 321 for hessian
Estimating row 58 out of 321 for hessian
Estimating row 59 out of 321 for hessian
Estimating row 60 out of 321 for hessian
Estimating row 61 out of 321 for hessian
Estimating row 62 out of 321 for hessian
Estimating row 63 out of 321 for hessian
Estimating row 64 out of 321 for hessian
Estimating row 65 out of 321 for hessian
Estimating row 66 out of 321 for hessian
Estimating row 67 out of 321 for hessian
Estimating row 68 out of 321 for hessian
Estimating row 69 out of 321 for hessian
Estimating row 70 out of 321 for hessian
Estimating row 71 out of 321 for hessian
Estimating row 72 out of 321 for hessian
Estimating row 73 out of 321 for hessian
Estimating row 74 out of 321 for hessian
Estimating row 75 out of 321 for hessian
Estimating row 76 out of 321 for hessian
Estimating row 77 out of 321 for hessian
Estimating row 78 out of 321 for hessian
Estimating row 79 out of 321 for hessian
Estimating row 80 out of 321 for hessian
Estimating row 81 out of 321 for hessian
Estimating row 82 out of 321 for hessian
Estimating row 83 out of 321 for hessian
Estimating row 84 out of 321 for hessian
Estimating row 85 out of 321 for hessian
Estimating row 86 out of 321 for hessian
Estimating row 87 out of 321 for hessian
Estimating row 88 out of 321 for hessian
Estimating row 89 out of 321 for hessian
Estimating row 90 out of 321 for hessian
Estimating row 91 out of 321 for hessian
Estimating row 92 out of 321 for hessian
Estimating row 93 out of 321 for hessian
Estimating row 94 out of 321 for hessian
Estimating row 95 out of 321 for hessian
Estimating row 96 out of 321 for hessian
Estimating row 97 out of 321 for hessian
Estimating row 98 out of 321 for hessian
Estimating row 99 out of 321 for hessian
Estimating row 100 out of 321 for hessian
Estimating row 101 out of 321 for hessian
Estimating row 102 out of 321 for hessian
Estimating row 103 out of 321 for hessian
Estimating row 104 out of 321 for hessian
Estimating row 105 out of 321 for hessian
Estimating row 106 out of 321 for hessian
Estimating row 107 out of 321 for hessian
Estimating row 108 out of 321 for hessian
Estimating row 109 out of 321 for hessian
Estimating row 110 out of 321 for hessian
Estimating row 111 out of 321 for hessian
Estimating row 112 out of 321 for hessian
Estimating row 113 out of 321 for hessian
Estimating row 114 out of 321 for hessian
Estimating row 115 out of 321 for hessian
Estimating row 116 out of 321 for hessian
Estimating row 117 out of 321 for hessian
Estimating row 118 out of 321 for hessian
Estimating row 119 out of 321 for hessian
Estimating row 120 out of 321 for hessian
Estimating row 121 out of 321 for hessian
Estimating row 122 out of 321 for hessian
Estimating row 123 out of 321 for hessian
Estimating row 124 out of 321 for hessian
Estimating row 125 out of 321 for hessian
Estimating row 126 out of 321 for hessian
Estimating row 127 out of 321 for hessian
Estimating row 128 out of 321 for hessian
Estimating row 129 out of 321 for hessian
Estimating row 130 out of 321 for hessian
Estimating row 131 out of 321 for hessian
Estimating row 132 out of 321 for hessian
Estimating row 133 out of 321 for hessian
Estimating row 134 out of 321 for hessian
Estimating row 135 out of 321 for hessian
Estimating row 136 out of 321 for hessian
Estimating row 137 out of 321 for hessian
Estimating row 138 out of 321 for hessian
Estimating row 139 out of 321 for hessian
Estimating row 140 out of 321 for hessian
Estimating row 141 out of 321 for hessian
Estimating row 142 out of 321 for hessian
Estimating row 143 out of 321 for hessian
Estimating row 144 out of 321 for hessian
Estimating row 145 out of 321 for hessian
Estimating row 146 out of 321 for hessian
Estimating row 147 out of 321 for hessian
Estimating row 148 out of 321 for hessian
Estimating row 149 out of 321 for hessian
Estimating row 150 out of 321 for hessian
Estimating row 151 out of 321 for hessian
Estimating row 152 out of 321 for hessian
Estimating row 153 out of 321 for hessian
Estimating row 154 out of 321 for hessian
Estimating row 155 out of 321 for hessian
Estimating row 156 out of 321 for hessian
Estimating row 157 out of 321 for hessian
Estimating row 158 out of 321 for hessian
Estimating row 159 out of 321 for hessian
Estimating row 160 out of 321 for hessian
Estimating row 161 out of 321 for hessian
Estimating row 162 out of 321 for hessian
Estimating row 163 out of 321 for hessian
Estimating row 164 out of 321 for hessian
Estimating row 165 out of 321 for hessian
Estimating row 166 out of 321 for hessian
Estimating row 167 out of 321 for hessian
Estimating row 168 out of 321 for hessian
Estimating row 169 out of 321 for hessian
Estimating row 170 out of 321 for hessian
Estimating row 171 out of 321 for hessian
Estimating row 172 out of 321 for hessian
Estimating row 173 out of 321 for hessian
Estimating row 174 out of 321 for hessian
Estimating row 175 out of 321 for hessian
Estimating row 176 out of 321 for hessian
Estimating row 177 out of 321 for hessian
Estimating row 178 out of 321 for hessian
Estimating row 179 out of 321 for hessian
Estimating row 180 out of 321 for hessian
Estimating row 181 out of 321 for hessian
Estimating row 182 out of 321 for hessian
Estimating row 183 out of 321 for hessian
Estimating row 184 out of 321 for hessian
Estimating row 185 out of 321 for hessian
Estimating row 186 out of 321 for hessian
Estimating row 187 out of 321 for hessian
Estimating row 188 out of 321 for hessian
Estimating row 189 out of 321 for hessian
Estimating row 190 out of 321 for hessian
Estimating row 191 out of 321 for hessian
Estimating row 192 out of 321 for hessian
Estimating row 193 out of 321 for hessian
Estimating row 194 out of 321 for hessian
Estimating row 195 out of 321 for hessian
Estimating row 196 out of 321 for hessian
Estimating row 197 out of 321 for hessian
Estimating row 198 out of 321 for hessian
Estimating row 199 out of 321 for hessian
Estimating row 200 out of 321 for hessian
Estimating row 201 out of 321 for hessian
Estimating row 202 out of 321 for hessian
Estimating row 203 out of 321 for hessian
Estimating row 204 out of 321 for hessian
Estimating row 205 out of 321 for hessian
Estimating row 206 out of 321 for hessian
Estimating row 207 out of 321 for hessian
Estimating row 208 out of 321 for hessian
Estimating row 209 out of 321 for hessian
Estimating row 210 out of 321 for hessian
Estimating row 211 out of 321 for hessian
Estimating row 212 out of 321 for hessian
Estimating row 213 out of 321 for hessian
Estimating row 214 out of 321 for hessian
Estimating row 215 out of 321 for hessian
Estimating row 216 out of 321 for hessian
Estimating row 217 out of 321 for hessian
Estimating row 218 out of 321 for hessian
Estimating row 219 out of 321 for hessian
Estimating row 220 out of 321 for hessian
Estimating row 221 out of 321 for hessian
Estimating row 222 out of 321 for hessian
Estimating row 223 out of 321 for hessian
Estimating row 224 out of 321 for hessian
Estimating row 225 out of 321 for hessian
Estimating row 226 out of 321 for hessian
Estimating row 227 out of 321 for hessian
Estimating row 228 out of 321 for hessian
Estimating row 229 out of 321 for hessian
Estimating row 230 out of 321 for hessian
Estimating row 231 out of 321 for hessian
Estimating row 232 out of 321 for hessian
Estimating row 233 out of 321 for hessian
Estimating row 234 out of 321 for hessian
Estimating row 235 out of 321 for hessian
Estimating row 236 out of 321 for hessian
Estimating row 237 out of 321 for hessian
Estimating row 238 out of 321 for hessian
Estimating row 239 out of 321 for hessian
Estimating row 240 out of 321 for hessian
Estimating row 241 out of 321 for hessian
Estimating row 242 out of 321 for hessian
Estimating row 243 out of 321 for hessian
Estimating row 244 out of 321 for hessian
Estimating row 245 out of 321 for hessian
Estimating row 246 out of 321 for hessian
Estimating row 247 out of 321 for hessian
Estimating row 248 out of 321 for hessian
Estimating row 249 out of 321 for hessian
Estimating row 250 out of 321 for hessian
Estimating row 251 out of 321 for hessian
Estimating row 252 out of 321 for hessian
Estimating row 253 out of 321 for hessian
Estimating row 254 out of 321 for hessian
Estimating row 255 out of 321 for hessian
Estimating row 256 out of 321 for hessian
Estimating row 257 out of 321 for hessian
Estimating row 258 out of 321 for hessian
Estimating row 259 out of 321 for hessian
Estimating row 260 out of 321 for hessian
Estimating row 261 out of 321 for hessian
Estimating row 262 out of 321 for hessian
Estimating row 263 out of 321 for hessian
Estimating row 264 out of 321 for hessian
Estimating row 265 out of 321 for hessian
Estimating row 266 out of 321 for hessian
Estimating row 267 out of 321 for hessian
Estimating row 268 out of 321 for hessian
Estimating row 269 out of 321 for hessian
Estimating row 270 out of 321 for hessian
Estimating row 271 out of 321 for hessian
Estimating row 272 out of 321 for hessian
Estimating row 273 out of 321 for hessian
Estimating row 274 out of 321 for hessian
Estimating row 275 out of 321 for hessian
Estimating row 276 out of 321 for hessian
Estimating row 277 out of 321 for hessian
Estimating row 278 out of 321 for hessian
Estimating row 279 out of 321 for hessian
Estimating row 280 out of 321 for hessian
Estimating row 281 out of 321 for hessian
Estimating row 282 out of 321 for hessian
Estimating row 283 out of 321 for hessian
Estimating row 284 out of 321 for hessian
Estimating row 285 out of 321 for hessian
Estimating row 286 out of 321 for hessian
Estimating row 287 out of 321 for hessian
Estimating row 288 out of 321 for hessian
Estimating row 289 out of 321 for hessian
Estimating row 290 out of 321 for hessian
Estimating row 291 out of 321 for hessian
Estimating row 292 out of 321 for hessian
Estimating row 293 out of 321 for hessian
Estimating row 294 out of 321 for hessian
Estimating row 295 out of 321 for hessian
Estimating row 296 out of 321 for hessian
Estimating row 297 out of 321 for hessian
Estimating row 298 out of 321 for hessian
Estimating row 299 out of 321 for hessian
Estimating row 300 out of 321 for hessian
Estimating row 301 out of 321 for hessian
Estimating row 302 out of 321 for hessian
Estimating row 303 out of 321 for hessian
Estimating row 304 out of 321 for hessian
Estimating row 305 out of 321 for hessian
Estimating row 306 out of 321 for hessian
Estimating row 307 out of 321 for hessian
Estimating row 308 out of 321 for hessian
Estimating row 309 out of 321 for hessian
Estimating row 310 out of 321 for hessian
Estimating row 311 out of 321 for hessian
Estimating row 312 out of 321 for hessian
Estimating row 313 out of 321 for hessian
Estimating row 314 out of 321 for hessian
Estimating row 315 out of 321 for hessian
Estimating row 316 out of 321 for hessian
Estimating row 317 out of 321 for hessian
Estimating row 318 out of 321 for hessian
Estimating row 319 out of 321 for hessian
Estimating row 320 out of 321 for hessian
Estimating row 321 out of 321 for hessian
size of file gradfil1.tmp = 0
size of file gradfil2.tmp = 0
size of file varssave.tmp = 0
size of file cmpdiff.tmp = 0
