
Initial statistics: 68 variables; iteration 0; function evaluation 0; phase 1
Function value 1.5027648e+04; maximum gradient component mag -1.8518e+05
Var    Value     Gradient |Var    Value     Gradient |Var    Value     Gradient
  1 -0.01997 -1.85179e+05 |  2 -0.52112  8.17277e+02 |  3 -0.81158  3.50271e+02
  4 -0.81158  3.64795e+02 |  5 -0.81158  3.25163e+02 |  6 -0.81158  2.51162e+02
  7 -0.81158  1.46261e+02 |  8 -0.81158  1.59292e+02 |  9 -0.81158  2.06208e+02
 10 -0.81158  1.66011e+02 | 11 -0.81158  1.47198e+02 | 12 -0.81158  1.71397e+02
 13 -0.81158  1.72633e+02 | 14 -0.81158  1.63141e+02 | 15 -0.81158  1.96378e+02
 16 -0.81158  2.18244e+02 | 17 -0.81158  2.46197e+02 | 18 -0.81158  2.90334e+02
 19 -0.81158  4.03198e+02 | 20 -0.81158  4.74790e+02 | 21 -0.81158  4.24138e+02
 22 -0.81158  5.98392e+02 | 23 -0.81158  9.75728e+02 | 24 -0.81158  7.51403e+02
 25 -0.81158  3.86854e+02 | 26 -0.81158  3.13287e+02 | 27 -0.81158  3.88636e+02
 28 -0.81158  3.93169e+02 | 29 -0.81158  3.34071e+02 | 30 -0.81158  3.93465e+02
 31 -0.81158  4.25471e+02 | 32 -0.81158  4.06934e+02 | 33 -0.81158  5.16378e+02
 34 -0.81158  6.04505e+02 | 35 -0.81158  4.68682e+02 | 36 -0.81158  4.60016e+02
 37 -0.81158  4.24861e+02 | 38 -0.81158  3.96703e+02 | 39 -0.81158  4.16618e+02
 40 -0.81158  2.47329e+02 | 41 -0.81158  2.93844e+02 | 42 -0.81158  2.97477e+02
 43 -0.81158  2.33817e+02 | 44 -0.81158  3.20840e+02 | 45 -0.81158  1.99536e+02
 46 -0.81158  1.05563e+02 | 47 -0.81158  2.39400e+02 | 48 -0.81158  2.97691e+02
 49 -0.81158  1.81400e+02 | 50 -0.81158  2.61604e+02 | 51 -0.81158  2.58620e+02
 52 -0.81158  3.67054e+02 | 53 -0.81158  3.70356e+02 | 54 -0.81158  2.38571e+02
 55 -0.81158  4.05459e+02 | 56 -0.81158  4.95929e+02 | 57 -0.81158  3.72688e+02
 58 -0.81158  4.07835e+02 | 59 -0.81158  3.73081e+02 | 60 -0.81158  3.51052e+02
 61 -0.81158  4.35289e+02 | 62 -0.81158  1.50672e+02 | 63 -0.81158  1.40733e+02
 64 -0.81158  2.09166e+02 | 65 -0.81158  7.44692e+01 | 66 -0.81158 -6.34963e+01
 67 -0.81158 -2.74194e+01 | 68 -0.81158 -2.48289e+01 |

Intermediate statistics: 68 variables; iteration 20; function evaluation 38; phase 1
Function value 7.5359281e+03; maximum gradient component mag -1.3672e+04
Var    Value     Gradient |Var    Value     Gradient |Var    Value     Gradient
  1  0.00429 -1.36719e+04 |  2 -0.71672 -2.69787e+02 |  3 -0.83164  7.88350e+01
  4 -0.85875 -2.54535e+01 |  5 -0.80142  2.50887e+01 |  6 -0.69898  1.64339e+02
  7 -0.57737  5.39245e+02 |  8 -0.81375  1.22056e+02 |  9 -0.85019  1.07838e+01
 10 -0.71751  1.35809e+02 | 11 -0.53892  4.10270e+02 | 12 -0.59410  1.20972e+02
 13 -1.58144 -5.58730e+02 | 14 -0.61805  2.35845e+02 | 15 -0.55660  2.71669e+02
 16 -0.56300  2.22693e+02 | 17 -0.60227  1.77585e+02 | 18 -0.75035 -1.54574e+01
 19 -0.86701 -7.12927e+01 | 20 -0.69667  6.42576e+01 | 21 -0.77762 -3.80668e+01
 22 -0.94280 -3.70143e+01 | 23 -0.61054  2.64832e+02 | 24 -0.82603 -8.04738e+01
 25 -0.79600  1.10231e+01 | 26 -0.73544  9.09200e+01 | 27 -0.78474  2.43262e+01
 28 -0.80683  1.32530e+01 | 29 -0.76297  5.75550e+01 | 30 -0.84069 -8.52886e+00
 31 -0.87035 -2.65278e+01 | 32 -0.92806 -1.61448e+01 | 33 -1.11687 -3.97660e+01
 34 -1.19873 -1.48168e+02 | 35 -1.14327 -5.12436e+01 | 36 -1.10269 -1.96637e+01
 37 -1.08683 -3.06361e+01 | 38 -0.89297  1.11447e+01 | 39 -0.78605  3.43791e+01
 40 -0.57326  5.31492e+02 | 41 -0.77968  9.07056e+01 | 42 -0.70678  2.48345e+02
 43 -0.58670  4.92205e+02 | 44 -0.60773  4.11388e+02 | 45 -0.53631  5.21503e+02
 46 -0.40357  7.02383e+02 | 47 -0.85026  4.99306e+01 | 48 -0.63974  3.06792e+02
 49 -0.72959 -8.84809e+00 | 50 -0.74753  1.97016e+01 | 51 -0.79945  3.00159e+01
 52 -0.77051  6.65082e+02 | 53 -0.73259  6.70847e+02 | 54 -0.58934  1.40199e+02
 55 -1.20124 -2.04923e+01 | 56 -1.34392 -2.80024e+02 | 57 -0.76512 -9.10192e+01
 58 -1.27662  2.25057e+00 | 59 -1.22865 -1.52126e+01 | 60 -0.78800  1.14651e+01
 61 -1.26652 -2.27883e+02 | 62 -1.17014  1.99062e+02 | 63 -0.78701 -8.07129e+01
 64 -0.86127 -8.80473e+01 | 65 -1.21542 -6.00864e+02 | 66 -1.12518 -2.58502e+01
 67 -0.89247  5.34981e+02 | 68 -0.89904  5.07389e+02 |
68 variables; iteration 40; function evaluation 64; phase 1
Function value 7.2956914e+03; maximum gradient component mag -1.2690e+05
Var    Value     Gradient |Var    Value     Gradient |Var    Value     Gradient
  1 -0.00038 -1.26898e+05 |  2 -0.69672  1.12139e+02 |  3 -0.79726  4.14023e+02
  4 -0.84050  1.61153e+02 |  5 -0.79668  2.36753e+02 |  6 -0.73986  3.19792e+02
  7 -0.65979  5.09950e+02 |  8 -0.81234  3.09779e+02 |  9 -0.84721  2.02033e+02
 10 -0.77230  3.39382e+02 | 11 -0.63963  5.43085e+02 | 12 -0.62914  4.25713e+02
 13 -1.49070 -6.97239e+02 | 14 -0.69848  3.04050e+02 | 15 -0.61344  4.56943e+02
 16 -0.60897  4.31525e+02 | 17 -0.62087  4.48255e+02 | 18 -0.72572  2.48631e+02
 19 -0.85286  5.44308e+01 | 20 -0.72133  2.58896e+02 | 21 -0.71510  3.21819e+02
 22 -1.14898 -8.55745e+01 | 23 -0.64455  4.82516e+02 | 24 -0.88691  2.25144e+01
 25 -0.79085  2.47807e+02 | 26 -0.76318  3.00993e+02 | 27 -0.84093  1.75330e+02
 28 -0.82807  2.15502e+02 | 29 -0.78091  3.08701e+02 | 30 -0.84959  1.92479e+02
 31 -0.89400  1.28178e+02 | 32 -0.95462  6.35609e+01 | 33 -1.09776 -1.94613e+02
 34 -1.07973 -1.81272e+02 | 35 -1.08351 -1.71227e+02 | 36 -1.03912 -7.78342e+01
 37 -1.02519 -5.56130e+01 | 38 -0.80171  4.06542e+02 | 39 -0.82988  2.85471e+02
 40 -0.59583  8.95685e+02 | 41 -0.75308  4.68945e+02 | 42 -0.72481  5.40597e+02
 43 -0.65324  6.61325e+02 | 44 -0.68179  5.22533e+02 | 45 -0.57810  6.45640e+02
 46 -0.52017  6.07111e+02 | 47 -0.91513  5.17783e+01 | 48 -0.65699  4.48196e+02
 49 -0.71827  1.48813e+02 | 50 -0.74144  1.46456e+02 | 51 -0.79753  1.23011e+02
 52 -0.80305  3.58830e+02 | 53 -0.78154  2.72219e+02 | 54 -0.66076  4.36344e+01
 55 -1.26006 -2.14821e+02 | 56 -1.28735 -2.13345e+02 | 57 -0.72949  1.61237e+00
 58 -1.26307 -1.04275e+01 | 59 -1.23859 -6.68700e+01 | 60 -0.74394  1.88862e+02
 61 -1.23197 -4.77190e+01 | 62 -1.18928  1.69253e+02 | 63 -0.76740 -4.62931e+01
 64 -0.83480 -2.25580e+01 | 65 -1.19768 -2.41921e+02 | 66 -1.09570  1.77402e+02
 67 -0.89561  2.82704e+02 | 68 -0.89474  4.47623e+02 |
68 variables; iteration 60; function evaluation 97; phase 1
Function value 7.1542494e+03; maximum gradient component mag -7.0509e+04
Var    Value     Gradient |Var    Value     Gradient |Var    Value     Gradient
  1 -0.00055 -7.05090e+04 |  2 -0.62688  1.86309e+02 |  3 -0.84117  1.01436e+02
  4 -0.84228  9.58273e+01 |  5 -0.78764  1.77100e+02 |  6 -0.74996  1.86467e+02
  7 -0.68374  2.78777e+02 |  8 -0.82333  1.56300e+02 |  9 -0.84167  1.25949e+02
 10 -0.84431  1.15920e+02 | 11 -0.64963  3.37512e+02 | 12 -0.60200  3.05733e+02
 13 -1.43014 -3.35985e+02 | 14 -0.66694  2.41606e+02 | 15 -0.64071  2.29463e+02
 16 -0.61114  2.81529e+02 | 17 -0.63814  2.65526e+02 | 18 -0.70694  1.81044e+02
 19 -0.74157  8.88459e+01 | 20 -0.73562  1.10983e+02 | 21 -0.71616  2.02948e+02
 22 -1.14824 -1.93683e+01 | 23 -0.69474  2.03682e+02 | 24 -0.85281 -1.84352e+01
 25 -0.81656  7.36931e+01 | 26 -0.74999  2.01958e+02 | 27 -0.80705  1.21743e+02
 28 -0.82485  1.15705e+02 | 29 -0.81232  1.25174e+02 | 30 -0.83613  1.15482e+02
 31 -0.85650  1.01603e+02 | 32 -0.95021  3.16628e+01 | 33 -1.07624 -8.61038e+01
 34 -1.10189 -1.50662e+02 | 35 -1.12680 -1.60329e+02 | 36 -1.08283 -9.42131e+01
 37 -1.06459 -8.39057e+01 | 38 -0.83299  1.80122e+02 | 39 -0.77882  2.00681e+02
 40 -0.64311  3.85080e+02 | 41 -0.76148  2.11014e+02 | 42 -0.74683  2.31839e+02
 43 -0.69099  2.74711e+02 | 44 -0.66896  2.86847e+02 | 45 -0.61448  2.65843e+02
 46 -0.54132  2.81093e+02 | 47 -0.81155  8.65468e+01 | 48 -0.67635  2.03772e+02
 49 -0.68574  1.19399e+02 | 50 -0.76363 -6.08146e+00 | 51 -0.78688  6.78092e+01
 52 -0.84439  4.82734e+01 | 53 -0.81819  3.43766e+01 | 54 -0.61392  7.25166e+01
 55 -1.21849 -4.62278e+01 | 56 -1.23626 -6.48076e+01 | 57 -0.67060  8.04550e+01
 58 -1.26646  6.41010e+00 | 59 -1.19955  2.99095e+01 | 60 -0.78546  3.43170e+01
 61 -1.20833  1.97321e+01 | 62 -1.20864  9.63633e+01 | 63 -0.75837  1.27848e+01
 64 -0.81747  6.66835e+01 | 65 -1.15332  2.23073e+01 | 66 -1.12750 -1.99360e+01
 67 -0.90516  1.44208e+02 | 68 -0.90792  1.89182e+02 |
Maximum number of function evaluations exceeded

 - final statistics:
68 variables; iteration 63; function evaluation 100
Function value 7.1466e+03; maximum gradient component mag -6.4911e+04
Exit code = 3;  converg criter 1.0000e+01
Var    Value     Gradient |Var    Value     Gradient |Var    Value     Gradient
  1 -0.00053 -6.49113e+04 |  2 -0.62503  1.74199e+02 |  3 -0.84266  8.88261e+01
  4 -0.84433  8.41789e+01 |  5 -0.79234  1.56207e+02 |  6 -0.75161  1.71217e+02
  7 -0.68653  2.55835e+02 |  8 -0.82457  1.41389e+02 |  9 -0.83966  1.20351e+02
 10 -0.83812  1.12447e+02 | 11 -0.65268  3.11305e+02 | 12 -0.59752  2.94656e+02
 13 -1.42818 -3.11537e+02 | 14 -0.66723  2.24953e+02 | 15 -0.63817  2.18201e+02
 16 -0.61747  2.49596e+02 | 17 -0.64209  2.40748e+02 | 18 -0.70612  1.70073e+02
 19 -0.74297  7.49401e+01 | 20 -0.73463  1.02311e+02 | 21 -0.71571  1.92679e+02
 22 -1.15129 -1.38445e+01 | 23 -0.69743  1.84482e+02 | 24 -0.84704 -2.14423e+01
 25 -0.81298  7.14789e+01 | 26 -0.75120  1.85754e+02 | 27 -0.80393  1.14529e+02
 28 -0.82195  1.08212e+02 | 29 -0.80776  1.19805e+02 | 30 -0.83843  1.00391e+02
 31 -0.85262  9.74919e+01 | 32 -0.94926  2.83328e+01 | 33 -1.07825 -8.23639e+01
 34 -1.10000 -1.39280e+02 | 35 -1.12577 -1.48008e+02 | 36 -1.08107 -8.46068e+01
 37 -1.06277 -7.55551e+01 | 38 -0.83660  1.60568e+02 | 39 -0.77890  1.82326e+02
 40 -0.64618  3.50556e+02 | 41 -0.76176  1.92368e+02 | 42 -0.74594  2.14372e+02
 43 -0.68950  2.56244e+02 | 44 -0.66970  2.64601e+02 | 45 -0.61591  2.43088e+02
 46 -0.54214  2.59915e+02 | 47 -0.80623  8.73276e+01 | 48 -0.67800  1.86277e+02
 49 -0.68529  1.12715e+02 | 50 -0.76102 -8.16054e+00 | 51 -0.78290  7.20710e+01
 52 -0.84704  3.23293e+01 | 53 -0.82024  2.22436e+01 | 54 -0.61192  7.19953e+01
 55 -1.21852 -4.18641e+01 | 56 -1.22785 -4.93326e+01 | 57 -0.67659  6.28102e+01
 58 -1.26581  9.21798e+00 | 59 -1.20722  1.74709e+01 | 60 -0.78760  2.77524e+01
 61 -1.20729  2.17877e+01 | 62 -1.20903  9.13889e+01 | 63 -0.75974  1.24494e+01
 64 -0.82010  5.84208e+01 | 65 -1.15026  3.47721e+01 | 66 -1.12872 -3.59395e+01
 67 -0.90621  1.30432e+02 | 68 -0.90914  1.69546e+02 |

Initial statistics: 76 variables; iteration 0; function evaluation 0; phase 2
Function value 7.1465973e+03; maximum gradient component mag -6.4911e+04
Var    Value     Gradient |Var    Value     Gradient |Var    Value     Gradient
  1 -0.00053 -6.49113e+04 |  2  0.00000 -1.29195e+02 |  3  0.00000 -2.02347e+02
  4  0.00000 -1.70496e+02 |  5  0.00000 -1.63936e+02 |  6  0.00000 -3.98304e+02
  7  0.00000 -5.07447e+02 |  8  0.00000 -4.52327e+02 |  9  0.00000 -5.94425e+02
 10 -0.62503  1.74199e+02 | 11 -0.84266  8.88261e+01 | 12 -0.84433  8.41789e+01
 13 -0.79234  1.56207e+02 | 14 -0.75161  1.71217e+02 | 15 -0.68653  2.55835e+02
 16 -0.82457  1.41389e+02 | 17 -0.83966  1.20351e+02 | 18 -0.83812  1.12447e+02
 19 -0.65268  3.11305e+02 | 20 -0.59752  2.94656e+02 | 21 -0.57182  3.11537e+02
 22 -0.66723  2.24953e+02 | 23 -0.63817  2.18201e+02 | 24 -0.61747  2.49596e+02
 25 -0.64209  2.40748e+02 | 26 -0.70612  1.70073e+02 | 27 -0.74297  7.49401e+01
 28 -0.73463  1.02311e+02 | 29 -0.71571  1.92679e+02 | 30 -0.84871  1.38445e+01
 31 -0.69743  1.84482e+02 | 32 -0.84704 -2.14423e+01 | 33 -0.81298  7.14789e+01
 34 -0.75120  1.85754e+02 | 35 -0.80393  1.14529e+02 | 36 -0.82195  1.08212e+02
 37 -0.80776  1.19805e+02 | 38 -0.83843  1.00391e+02 | 39 -0.85262  9.74919e+01
 40 -0.94926  2.83328e+01 | 41 -0.92175  8.23639e+01 | 42 -0.90000  1.39280e+02
 43 -0.87423  1.48008e+02 | 44 -0.91893  8.46068e+01 | 45 -0.93723  7.55551e+01
 46 -0.83660  1.60568e+02 | 47 -0.77890  1.82326e+02 | 48 -0.64618  3.50556e+02
 49 -0.76176  1.92368e+02 | 50 -0.74594  2.14372e+02 | 51 -0.68950  2.56244e+02
 52 -0.66970  2.64601e+02 | 53 -0.61591  2.43088e+02 | 54 -0.54214  2.59915e+02
 55 -0.80623  8.73276e+01 | 56 -0.67800  1.86277e+02 | 57 -0.68529  1.12715e+02
 58 -0.76102 -8.16054e+00 | 59 -0.78290  7.20710e+01 | 60 -0.84704  3.23293e+01
 61 -0.82024  2.22436e+01 | 62 -0.61192  7.19953e+01 | 63 -0.78148  4.18641e+01
 64 -0.77215  4.93326e+01 | 65 -0.67659  6.28102e+01 | 66 -0.73419 -9.21798e+00
 67 -0.79278 -1.74709e+01 | 68 -0.78760  2.77524e+01 | 69 -0.79271 -2.17877e+01
 70 -0.79097 -9.13889e+01 | 71 -0.75974  1.24494e+01 | 72 -0.82010  5.84208e+01
 73 -0.84974 -3.47721e+01 | 74 -0.87128  3.59395e+01 | 75 -0.90621  1.30432e+02
 76 -0.90914  1.69546e+02 |

Intermediate statistics: 76 variables; iteration 20; function evaluation 27; phase 2
Function value 7.0778051e+03; maximum gradient component mag -1.0103e+04
Var    Value     Gradient |Var    Value     Gradient |Var    Value     Gradient
  1 -0.00078 -1.01026e+04 |  2  0.03380 -7.03648e+00 |  3  0.17022  4.24747e+00
  4 -0.03524 -1.38729e+01 |  5 -0.16451 -3.89285e+01 |  6  0.05946 -5.33789e+01
  7  0.02399 -6.84003e+01 |  8 -0.04213 -6.74548e+01 |  9  0.00923 -6.93384e+01
 10 -0.56747  2.26506e+01 | 11 -0.84288  9.16376e+00 | 12 -0.83702  1.16783e+01
 13 -0.80445  2.03772e+01 | 14 -0.75674  2.27001e+01 | 15 -0.70563  3.77988e+01
 16 -0.82585  3.06035e+01 | 17 -0.83193  1.72873e+01 | 18 -0.78576  2.37292e+01
 19 -0.69105  3.75720e+01 | 20 -0.62461  3.61650e+01 | 21 -0.60986  4.13807e+01
 22 -0.68561  3.09421e+01 | 23 -0.65689  2.60067e+01 | 24 -0.65530  3.38798e+01
 25 -0.68132  3.48030e+01 | 26 -0.72579  2.02531e+01 | 27 -0.71371  9.43053e+00
 28 -0.73793  3.80130e+00 | 29 -0.74515  2.67557e+01 | 30 -0.75028  2.72987e+01
 31 -0.71718  2.13604e+01 | 32 -0.77029  1.08983e+01 | 33 -0.80042  3.57341e-01
 34 -0.77211  2.08664e+01 | 35 -0.79075  1.30709e+01 | 36 -0.80148  1.44668e+01
 37 -0.79564  1.35637e+01 | 38 -0.82517  1.02580e+01 | 39 -0.83771  9.87318e+00
 40 -0.86809  5.11683e+00 | 41 -0.97381  4.01395e+00 | 42 -0.98407  8.16573e+00
 43 -0.95084  1.28732e+01 | 44 -0.94460  8.32299e+00 | 45 -0.97572  7.47879e+00
 46 -0.85144  2.17470e+01 | 47 -0.76425  3.11413e+01 | 48 -0.66701  8.29405e+01
 49 -0.75896  4.64457e+01 | 50 -0.74500  4.97230e+01 | 51 -0.69607  6.01642e+01
 52 -0.68286  6.38024e+01 | 53 -0.62088  7.32874e+01 | 54 -0.55361  7.93265e+01
 55 -0.79156  3.32293e+01 | 56 -0.68737  5.20372e+01 | 57 -0.69017  4.39572e+01
 58 -0.73481  8.99919e-01 | 59 -0.78602  2.57933e+01 | 60 -0.84653  1.96950e+01
 61 -0.82048  1.11385e+01 | 62 -0.62281  3.30247e+01 | 63 -0.78357  1.80912e+01
 64 -0.77640  1.65575e+01 | 65 -0.69038  2.65144e+01 | 66 -0.72947  4.90635e+00
 67 -0.78432  2.08942e+00 | 68 -0.79330  2.33740e+01 | 69 -0.79090  1.31042e+00
 70 -0.78764 -4.38782e+01 | 71 -0.76801  1.94359e+01 | 72 -0.82998  4.09818e+01
 73 -0.84922 -6.83181e+00 | 74 -0.88238 -3.08808e+01 | 75 -0.93188 -1.78201e+02
 76 -0.93895 -2.02592e+02 |
76 variables; iteration 40; function evaluation 52; phase 2
Function value 7.0695171e+03; maximum gradient component mag -8.6083e+03
Var    Value     Gradient |Var    Value     Gradient |Var    Value     Gradient
  1 -0.00106 -8.60825e+03 |  2  0.02043 -1.09746e+01 |  3  0.16171 -6.70637e+00
  4 -0.03801 -1.17105e+01 |  5 -0.10126 -2.00438e+01 |  6  0.05621 -3.36959e+01
  7  0.03285 -3.79529e+01 |  8 -0.03838 -5.25279e+01 |  9  0.00788 -6.52970e+01
 10 -0.57063  1.98144e+01 | 11 -0.84290  7.96665e+00 | 12 -0.83791  8.24540e+00
 13 -0.80736  1.36278e+01 | 14 -0.75947  1.58663e+01 | 15 -0.71154  2.28424e+01
 16 -0.83059  9.71997e+00 | 17 -0.83217  1.42399e+01 | 18 -0.79296  1.52738e+01
 19 -0.69604  2.81587e+01 | 20 -0.62767  2.99143e+01 | 21 -0.61494  3.31677e+01
 22 -0.69010  2.25308e+01 | 23 -0.65797  2.58428e+01 | 24 -0.66418  1.96070e+01
 25 -0.68888  2.25470e+01 | 26 -0.72871  1.68680e+01 | 27 -0.71465  1.00353e+01
 28 -0.73099  2.36071e+01 | 29 -0.75044  1.86725e+01 | 30 -0.76427  7.03004e+00
 31 -0.72318  1.50671e+01 | 32 -0.77127  1.25638e+01 | 33 -0.79279  2.12122e+01
 34 -0.77035  2.66687e+01 | 35 -0.78409  2.27980e+01 | 36 -0.80388  1.52433e+01
 37 -0.78954  2.34220e+01 | 38 -0.82181  1.80525e+01 | 39 -0.83210  2.12592e+01
 40 -0.86555  9.92447e+00 | 41 -0.94259  1.29997e+01 | 42 -0.97708  1.23559e+01
 43 -0.94350  1.62591e+01 | 44 -0.93594  1.13141e+01 | 45 -0.97314  8.56854e+00
 46 -0.85008  2.20487e+01 | 47 -0.76266  2.83236e+01 | 48 -0.68092  3.87867e+01
 49 -0.75884  3.26052e+01 | 50 -0.75024  2.75595e+01 | 51 -0.70219  3.31537e+01
 52 -0.68919  3.44730e+01 | 53 -0.63093  2.68841e+01 | 54 -0.56655  2.47283e+01
 55 -0.79217  1.62705e+01 | 56 -0.69077  2.56837e+01 | 57 -0.69333  2.04000e+01
 58 -0.72903  4.59907e+00 | 59 -0.78697  1.41766e+01 | 60 -0.84833  5.05526e+00
 61 -0.82036  5.98445e+00 | 62 -0.62918  5.92393e+00 | 63 -0.78626  4.05160e+00
 64 -0.77928  4.39197e+00 | 65 -0.69835 -1.82385e-01 | 66 -0.72893  7.54347e-01
 67 -0.78201  3.35541e+00 | 68 -0.80281 -1.15295e+01 | 69 -0.79225 -5.84046e+00
 70 -0.77905 -5.42383e+00 | 71 -0.77329  1.86974e+00 | 72 -0.84111 -3.30074e+00
 73 -0.84894 -4.59663e+00 | 74 -0.88011 -1.19555e+01 | 75 -0.91468  1.74164e+01
 76 -0.91896  1.51233e+01 |
76 variables; iteration 60; function evaluation 81; phase 2
Function value 7.0683516e+03; maximum gradient component mag -3.9219e+03
Var    Value     Gradient |Var    Value     Gradient |Var    Value     Gradient
  1 -0.00109 -3.92191e+03 |  2  0.03407 -7.86253e+00 |  3  0.14780 -1.31422e+01
  4 -0.04737 -1.44302e+01 |  5 -0.08709 -1.26396e+01 |  6  0.05393 -2.11397e+01
  7  0.03025 -2.48606e+01 |  8 -0.03241 -2.80545e+01 |  9  0.00897 -3.62685e+01
 10 -0.57338  1.34580e+01 | 11 -0.84264  5.90325e+00 | 12 -0.83748  5.42171e+00
 13 -0.80862  7.15008e+00 | 14 -0.75882  1.06920e+01 | 15 -0.71420  8.89364e+00
 16 -0.82952  8.10021e+00 | 17 -0.83269  7.35116e+00 | 18 -0.79877  4.43446e+00
 19 -0.69920  1.46204e+01 | 20 -0.63186  1.32654e+01 | 21 -0.62156  1.15053e+01
 22 -0.69011  1.40206e+01 | 23 -0.65837  1.55719e+01 | 24 -0.66405  1.14585e+01
 25 -0.69208  8.02251e+00 | 26 -0.72803  1.05509e+01 | 27 -0.70779  1.38659e+01
 28 -0.73438  7.41233e+00 | 29 -0.75035  1.06072e+01 | 30 -0.76140  2.47884e+00
 31 -0.71802  1.29454e+01 | 32 -0.77020  5.44310e+00 | 33 -0.79549  5.18257e+00
 34 -0.77251  1.21521e+01 | 35 -0.78615  9.39786e+00 | 36 -0.79929  7.95200e+00
 37 -0.79293  7.70524e+00 | 38 -0.81995  9.56119e+00 | 39 -0.83333  7.88791e+00
 40 -0.86458  4.82652e-01 | 41 -0.97379  2.66598e+00 | 42 -0.98677  6.03801e+00
 43 -0.95100  9.85498e+00 | 44 -0.93363  6.30859e+00 | 45 -0.96276  8.84772e+00
 46 -0.85363  8.49016e+00 | 47 -0.75904  1.28047e+01 | 48 -0.68557  7.60767e+00
 49 -0.76167  8.10489e+00 | 50 -0.74727  1.23675e+01 | 51 -0.70266  1.10043e+01
 52 -0.69321  8.04327e+00 | 53 -0.63167  5.52039e+00 | 54 -0.56603  5.40339e+00
 55 -0.79316  2.43606e+00 | 56 -0.69517  3.25744e+00 | 57 -0.69736 -1.06903e+00
 58 -0.72526  7.37527e+00 | 59 -0.78990  5.90329e-01 | 60 -0.84905 -1.03771e+00
 61 -0.82187 -2.87309e+00 | 62 -0.63138 -2.47035e+00 | 63 -0.78619  3.51266e-01
 64 -0.77999 -1.74665e+00 | 65 -0.69804 -1.29885e+00 | 66 -0.72960 -1.24173e+00
 67 -0.78405 -2.18351e+00 | 68 -0.79993 -9.43654e-01 | 69 -0.79123 -2.15842e-01
 70 -0.77864  2.11538e+00 | 71 -0.77718 -7.05385e+00 | 72 -0.84383 -1.09517e+01
 73 -0.84887 -7.68422e-01 | 74 -0.87840  6.60300e+00 | 75 -0.91423  2.84668e+01
 76 -0.91916  1.48642e+01 |
Maximum number of function evaluations exceeded

 - final statistics:
76 variables; iteration 73; function evaluation 100
Function value 7.0677e+03; maximum gradient component mag -1.2804e+03
Exit code = 3;  converg criter 1.0000e+01
Var    Value     Gradient |Var    Value     Gradient |Var    Value     Gradient
  1 -0.00107 -1.28044e+03 |  2  0.04533 -3.29246e+00 |  3  0.13946 -7.48671e+00
  4 -0.03447 -6.89171e+00 |  5 -0.08126 -5.87374e+00 |  6  0.05249 -8.56415e+00
  7  0.03091 -6.66402e+00 |  8 -0.03011 -9.59564e+00 |  9  0.01037 -1.07323e+01
 10 -0.57305  6.12304e+00 | 11 -0.84342  1.34941e+00 | 12 -0.83737  2.38251e+00
 13 -0.80842  3.40289e+00 | 14 -0.76145  1.61453e+00 | 15 -0.71516  1.61787e+00
 16 -0.83007  2.73944e+00 | 17 -0.83230  3.60749e+00 | 18 -0.79437  1.52112e+00
 19 -0.69892  7.62757e+00 | 20 -0.63069  7.23626e+00 | 21 -0.62202  4.10007e+00
 22 -0.69232  4.11251e+00 | 23 -0.65957  7.84891e+00 | 24 -0.66563  3.47066e+00
 25 -0.69349  6.53069e-01 | 26 -0.72926  3.60523e+00 | 27 -0.70864  7.32668e+00
 28 -0.73485  2.09377e+00 | 29 -0.75107  4.37457e+00 | 30 -0.75899  7.79587e-01
 31 -0.71793  6.74226e+00 | 32 -0.76964  1.55855e+00 | 33 -0.79582 -1.03020e+00
 34 -0.77471  2.14815e+00 | 35 -0.78557  2.98666e+00 | 36 -0.79898  1.20615e+00
 37 -0.78980  3.63827e+00 | 38 -0.82073  1.59797e+00 | 39 -0.83298  1.47698e+00
 40 -0.85814 -1.67474e+00 | 41 -0.98737  5.55259e-01 | 42 -0.99391  2.47090e+00
 43 -0.96251  5.38833e+00 | 44 -0.93945  2.17882e+00 | 45 -0.97222  5.02581e+00
 46 -0.85425  1.43934e+00 | 47 -0.76028  2.17309e+00 | 48 -0.68223  4.04478e+00
 49 -0.76197  3.15036e-01 | 50 -0.74562  6.76350e+00 | 51 -0.70450  2.02150e-01
 52 -0.69425 -1.22975e+00 | 53 -0.63050  1.67766e+00 | 54 -0.56713 -2.52112e+00
 55 -0.79282 -2.72757e-01 | 56 -0.69283  1.62940e+00 | 57 -0.69729 -2.37019e+00
 58 -0.72634  2.82566e+00 | 59 -0.78921  9.17776e-01 | 60 -0.84895 -6.94921e-01
 61 -0.82165 -1.52626e+00 | 62 -0.63223 -3.93053e+00 | 63 -0.78649 -6.80003e-01
 64 -0.77861 -1.37676e+00 | 65 -0.69791 -4.92955e-01 | 66 -0.73033 -2.18013e+00
 67 -0.78234  2.59873e+00 | 68 -0.79984  3.67673e-01 | 69 -0.79147  2.35025e-01
 70 -0.77940  1.20199e+00 | 71 -0.77692 -4.39652e+00 | 72 -0.84274 -6.00576e+00
 73 -0.84904 -2.51328e-01 | 74 -0.87911  2.01458e+00 | 75 -0.91528  1.33343e+01
 76 -0.91970  7.49214e+00 |

Initial statistics: 144 variables; iteration 0; function evaluation 0; phase 3
Function value 7.0677466e+03; maximum gradient component mag -3.8707e+03
Var    Value     Gradient |Var    Value     Gradient |Var    Value     Gradient
  1 -0.00107 -1.28044e+03 |  2  0.04533 -3.29246e+00 |  3  0.13946 -7.48671e+00
  4 -0.03447 -6.89171e+00 |  5 -0.08126 -5.87374e+00 |  6  0.05249 -8.56415e+00
  7  0.03091 -6.66402e+00 |  8 -0.03011 -9.59564e+00 |  9  0.01037 -1.07323e+01
 10  0.00000 -2.69066e+02 | 11  0.00000 -1.05969e+03 | 12  0.00000 -2.51117e+01
 13  0.00000  1.82941e+02 | 14  0.00000  4.85201e+02 | 15  0.00000  2.40555e+02
 16  0.00000 -1.58575e+03 | 17  0.00000 -2.60073e+02 | 18  0.00000  3.52113e+02
 19  0.00000  3.55869e+02 | 20  0.00000  3.61588e+02 | 21  0.00000  6.20716e+02
 22  0.00000 -1.26444e+01 | 23  0.00000  5.89692e+02 | 24  0.00000  3.70171e+02
 25  0.00000  5.02925e+01 | 26  0.00000 -2.30707e+01 | 27  0.00000  4.86106e+02
 28  0.00000 -1.44097e+02 | 29  0.00000 -4.51302e+02 | 30  0.00000  2.03611e+02
 31  0.00000  4.02676e+02 | 32  0.00000 -5.57268e+02 | 33  0.00000 -4.64455e+02
 34  0.00000 -6.06504e+02 | 35  0.00000 -6.67553e+02 | 36  0.00000 -3.66940e+02
 37  0.00000 -5.72359e+02 | 38  0.00000 -9.60775e+02 | 39  0.00000 -6.52004e+02
 40  0.00000 -2.05865e+03 | 41  0.00000 -1.00454e+03 | 42  0.00000 -1.06189e+03
 43  0.00000 -2.83137e+02 | 44  0.00000 -3.87068e+03 | 45  0.00000 -4.75700e+02
 46  0.00000  1.50352e+02 | 47  0.00000  4.22515e+02 | 48  0.00000  9.53735e+02
 49  0.00000 -2.65576e+03 | 50  0.00000 -3.15430e+02 | 51  0.00000  1.51331e+02
 52  0.00000  3.31085e+02 | 53  0.00000  1.66544e+03 | 54  0.00000 -1.67696e+03
 55  0.00000  1.74735e+02 | 56  0.00000  2.54538e+03 | 57  0.00000  2.01521e+03
 58  0.00000 -1.89999e+03 | 59  0.00000  1.55669e+03 | 60  0.00000  7.43918e+02
 61  0.00000  1.32715e+03 | 62  0.00000 -6.41983e+02 | 63  0.00000 -1.64319e+03
 64  0.00000  2.44176e+03 | 65  0.00000  1.57776e+03 | 66  0.00000 -4.37149e+02
 67  0.00000  7.09734e+02 | 68  0.00000  1.84552e+03 | 69  0.00000  6.99925e+02
 70  0.00000  8.44144e+02 | 71  0.00000 -3.43056e+03 | 72  0.00000  1.72018e+03
 73  0.00000  1.56053e+03 | 74  0.00000  8.94077e+02 | 75  0.00000 -1.31682e+02
 76  0.00000  1.12059e+03 | 77  0.00000  1.12675e+02 | 78 -0.57305  6.12304e+00
 79 -0.84342  1.34941e+00 | 80 -0.83737  2.38251e+00 | 81 -0.80842  3.40289e+00
 82 -0.76145  1.61453e+00 | 83 -0.71516  1.61787e+00 | 84 -0.83007  2.73944e+00
 85 -0.83230  3.60749e+00 | 86 -0.79437  1.52112e+00 | 87 -0.69892  7.62757e+00
 88 -0.63069  7.23626e+00 | 89 -0.62202  4.10007e+00 | 90 -0.69232  4.11251e+00
 91 -0.65957  7.84891e+00 | 92 -0.66563  3.47066e+00 | 93 -0.69349  6.53069e-01
 94 -0.72926  3.60523e+00 | 95 -0.70864  7.32668e+00 | 96 -0.73485  2.09377e+00
 97 -0.75107  4.37457e+00 | 98 -0.75899  7.79587e-01 | 99 -0.71793  6.74226e+00
100 -0.76964  1.55855e+00 |101 -0.79582 -1.03020e+00 |102 -0.77471  2.14815e+00
103 -0.78557  2.98666e+00 |104 -0.79898  1.20615e+00 |105 -0.78980  3.63827e+00
106 -0.82073  1.59797e+00 |107 -0.83298  1.47698e+00 |108 -0.85814 -1.67474e+00
109 -0.98737  5.55259e-01 |110 -0.99391  2.47090e+00 |111 -0.96251  5.38833e+00
112 -0.93945  2.17882e+00 |113 -0.97222  5.02581e+00 |114 -0.85425  1.43934e+00
115 -0.76028  2.17309e+00 |116 -0.68223  4.04478e+00 |117 -0.76197  3.15036e-01
118 -0.74562  6.76350e+00 |119 -0.70450  2.02150e-01 |120 -0.69425 -1.22975e+00
121 -0.63050  1.67766e+00 |122 -0.56713 -2.52112e+00 |123 -0.79282 -2.72757e-01
124 -0.69283  1.62940e+00 |125 -0.69729 -2.37019e+00 |126 -0.72634  2.82566e+00
127 -0.78921  9.17776e-01 |128 -0.84895 -6.94921e-01 |129 -0.82165 -1.52626e+00
130 -0.63223 -3.93053e+00 |131 -0.78649 -6.80003e-01 |132 -0.77861 -1.37676e+00
133 -0.69791 -4.92955e-01 |134 -0.73033 -2.18013e+00 |135 -0.78234  2.59873e+00
136 -0.79984  3.67673e-01 |137 -0.79147  2.35025e-01 |138 -0.77940  1.20199e+00
139 -0.77692 -4.39652e+00 |140 -0.84274 -6.00576e+00 |141 -0.84904 -2.51328e-01
142 -0.87911  2.01458e+00 |143 -0.91528  1.33343e+01 |144 -0.91970  7.49214e+00

Intermediate statistics: 144 variables; iteration 20; function evaluation 27; phase 3
Function value 5.4757558e+03; maximum gradient component mag 1.8804e+04
Var    Value     Gradient |Var    Value     Gradient |Var    Value     Gradient
  1 -0.00493  1.88039e+04 |  2  0.15544  1.09979e+02 |  3  0.24703  2.91823e+02
  4  0.06930  1.27511e+02 |  5  0.02335  1.20280e+02 |  6  0.13840  3.27976e+02
  7  0.11334  3.51036e+02 |  8  0.06008  3.05373e+02 |  9  0.08565  3.47344e+02
 10  0.07435  1.77986e+02 | 11  0.18805  2.46114e+02 | 12  0.02223  2.57610e+02
 13  0.02584  3.17448e+02 | 14 -0.00556  3.85365e+02 | 15 -0.02167  3.31625e+02
 16  0.20661  7.25858e+02 | 17  0.01800  2.83525e+02 | 18 -0.01533  3.46800e+02
 19  0.00394  3.25050e+02 | 20  0.00712  2.51269e+02 | 21 -0.02231  3.72592e+02
 22  0.01102  1.24166e+02 | 23 -0.05460  3.27300e+02 | 24 -0.04776  1.78075e+02
 25 -0.03820  1.27716e+02 | 26 -0.04267  1.09699e+02 | 27 -0.11467  2.14078e+02
 28 -0.04941  3.67993e+01 | 29 -0.01284  5.37255e+01 | 30 -0.10090  1.52488e+02
 31 -0.16728  1.24784e+02 | 32  0.01354 -5.82761e+01 | 33  0.05032 -9.44781e+01
 34  0.09654 -1.22897e+02 | 35  0.05554 -1.24095e+02 | 36 -0.03005 -1.13956e+01
 37 -0.03847 -4.15793e+01 | 38  0.06281 -1.46212e+02 | 39  0.04319  1.04226e+02
 40  0.24604  2.36966e+02 | 41  0.03994 -9.94402e+00 | 42  0.04273 -3.05637e+02
 43 -0.09069 -1.22563e+02 | 44  0.15886 -3.67247e+02 | 45 -0.07391 -2.98415e+02
 46 -0.03737 -2.57952e+02 | 47 -0.01500 -2.58842e+01 | 48 -0.09396 -2.38285e+02
 49  0.05240 -2.43199e+03 | 50 -0.00694 -7.00657e+02 | 51  0.00168 -3.20998e+02
 52 -0.00730 -2.80225e+02 | 53 -0.03284  5.32216e+02 | 54  0.01784 -2.09497e+03
 55 -0.03537 -9.01607e+02 | 56  0.00005  2.21775e+03 | 57 -0.05597  3.76272e+02
 58  0.01498 -2.15698e+03 | 59 -0.03441  3.74417e+02 | 60  0.00675  5.16853e+02
 61 -0.01991  3.00132e+02 | 62  0.01176 -8.26302e+02 | 63  0.04078 -1.01427e+03
 64 -0.02999  1.22216e+03 | 65 -0.01995  6.35399e+02 | 66 -0.00847 -7.66268e+02
 67 -0.01864  1.69946e+02 | 68 -0.03756  8.67960e+02 | 69 -0.01290 -2.04433e+02
 70 -0.02102  4.97725e+01 | 71  0.11097 -1.89508e+02 | 72 -0.05331  4.57692e+02
 73 -0.02491  5.31012e+02 | 74 -0.05290 -2.03456e+01 | 75 -0.00677 -1.83537e+02
 76 -0.05828  2.08961e+02 | 77 -0.00735 -9.60398e+01 | 78 -0.60192 -2.00649e+02
 79 -0.88540 -3.26474e+00 | 80 -0.87325  6.05749e+01 | 81 -0.86425 -1.03331e+02
 82 -0.86440 -1.57822e+02 | 83 -0.84067 -1.60035e+02 | 84 -0.86784  3.07908e+01
 85 -1.11815  4.34665e+01 | 86 -0.80707 -1.05192e+02 | 87 -0.81806 -1.90374e+02
 88 -0.81904 -1.94453e+02 | 89 -0.80028 -1.76752e+02 | 90 -0.77892 -9.40478e+01
 91 -0.74291 -8.75778e+01 | 92 -0.68762  1.70266e+01 | 93 -0.67474  5.77003e+01
 94 -0.68283  6.93371e+01 | 95 -0.60621  1.11046e+02 | 96 -0.57106  2.05454e+02
 97 -0.60823  1.64830e+02 | 98 -0.59661  1.49862e+02 | 99 -0.39681  1.94547e+02
100 -0.46977  2.34672e+02 |101 -0.67328  1.55802e+02 |102 -0.68000  1.07922e+02
103 -0.67714  9.87464e+01 |104 -0.62566  1.14311e+02 |105 -0.57081  9.24829e+01
106 -0.64994  9.07077e+01 |107 -0.73763  5.37092e+01 |108 -0.75376  9.11761e+01
109 -0.80575  1.65926e+02 |110 -0.88501 -9.48663e+01 |111 -0.67961  1.60509e+02
112 -0.67487  2.36261e+02 |113 -0.72588  2.61259e+02 |114 -0.61744  3.39380e+02
115 -0.60828  2.05275e+02 |116 -0.67349  6.56553e+01 |117 -0.76802  1.95729e+01
118 -0.77811  3.81560e+01 |119 -0.73054  5.43155e+01 |120 -0.66175  1.20409e+02
121 -0.78200 -8.45361e+01 |122 -1.14166  1.01124e+02 |123 -0.79363  9.55179e+01
124 -0.66171  1.38650e+02 |125 -0.68704  1.26426e+02 |126 -0.77186 -2.65857e+01
127 -0.85425 -3.64633e+01 |128 -0.83219  8.77256e+01 |129 -0.79969  1.01565e+02
130 -0.85224 -1.14591e+02 |131 -0.81648 -2.20958e+01 |132 -0.77983  1.59719e+01
133 -0.80756 -9.06224e+01 |134 -0.76917 -3.32374e+01 |135 -0.79444 -1.05035e+01
136 -0.78679  1.00739e+01 |137 -0.75852  2.47438e+01 |138 -0.75640  6.60703e+01
139 -0.76001  3.63619e+01 |140 -0.82626  7.29237e+01 |141 -0.82765  1.20825e+02
142 -0.85369  1.34000e+02 |143 -0.89611  1.07288e+02 |144 -0.90206  8.90039e+01
144 variables; iteration 40; function evaluation 55; phase 3
Function value 5.4148568e+03; maximum gradient component mag -6.5522e+03
Var    Value     Gradient |Var    Value     Gradient |Var    Value     Gradient
  1 -0.00650 -6.55223e+03 |  2  0.20647  1.33776e+02 |  3  0.22991  2.12085e+02
  4  0.04467  8.15066e+01 |  5 -0.01602  6.70521e+01 |  6  0.12428  2.72779e+02
  7  0.09668  2.99196e+02 |  8  0.04135  2.52942e+02 |  9  0.07482  3.02115e+02
 10  0.06683  4.33791e+02 | 11  0.21167  8.32354e+02 | 12  0.01580  5.10625e+02
 13  0.00777  4.93338e+02 | 14 -0.02594  5.69650e+02 | 15 -0.02717  5.72780e+02
 16  0.23037  1.17318e+03 | 17  0.00866  4.51732e+02 | 18 -0.03629  4.41080e+02
 19 -0.02254  3.43950e+02 | 20 -0.00617  2.74057e+02 | 21 -0.05791  3.50929e+02
 22 -0.01082  7.45561e+00 | 23 -0.07766  3.34352e+02 | 24 -0.04014  2.45121e+02
 25  0.00569  2.76068e+02 | 26  0.01853  2.63891e+02 | 27 -0.05973  4.01821e+02
 28 -0.01091  1.19917e+02 | 29 -0.02748 -7.40392e+01 | 30 -0.13662  1.92041e+02
 31 -0.25644  1.52172e+02 | 32  0.03365 -1.93969e+02 | 33  0.08139 -4.83300e+02
 34  0.02800 -5.74841e+02 | 35  0.02432 -5.95549e+02 | 36 -0.03535 -8.67195e+01
 37  0.00509 -1.67495e+01 | 38  0.08449 -2.05168e+02 | 39 -0.01383  1.94582e+01
 40  0.25025 -3.30993e+02 | 41  0.01608 -3.08688e+01 | 42  0.05611 -1.94998e+02
 43 -0.06655  6.81582e+01 | 44  0.15382 -1.79122e+03 | 45 -0.05618 -2.59267e+02
 46 -0.04170 -3.87685e+02 | 47 -0.00722 -2.06605e+02 | 48 -0.09469 -2.56969e+02
 49  0.05761 -2.90917e+03 | 50  0.01109 -7.67345e+02 | 51 -0.00074 -6.35313e+02
 52 -0.03122 -1.09264e+03 | 53 -0.03443  2.52079e+02 | 54  0.02797 -2.30222e+03
 55 -0.02386 -1.01229e+03 | 56  0.00968  2.02464e+03 | 57 -0.04645  4.56329e+02
 58  0.01597 -2.35184e+03 | 59 -0.01976  5.72260e+02 | 60  0.01059  4.28398e+02
 61 -0.00408  6.09015e+02 | 62  0.01239 -8.62708e+02 | 63  0.03265 -1.25542e+03
 64 -0.01834  1.50628e+03 | 65 -0.01932  6.57527e+02 | 66  0.00682 -2.61036e+02
 67 -0.00791  5.04262e+02 | 68 -0.04906  6.26763e+02 | 69  0.00526  3.88879e+02
 70 -0.01198  3.71871e+02 | 71  0.12177  2.67189e+02 | 72 -0.04578  8.50505e+02
 73 -0.04175  4.26771e+02 | 74 -0.07100 -7.63956e+01 | 75 -0.00437  1.62002e+02
 76 -0.03221  8.04347e+02 | 77 -0.00074  2.08584e+02 | 78 -0.51785 -1.07728e+02
 79 -0.87683  4.28367e+01 | 80 -0.85895  2.55509e+02 | 81 -0.85550 -7.26870e+01
 82 -0.86631 -1.56048e+02 | 83 -0.97439 -4.16610e+01 | 84 -0.85023  2.28406e+02
 85 -1.10789  8.16881e+01 | 86 -0.80159 -5.77562e+01 | 87 -0.75861 -7.82512e+01
 88 -1.31403  6.92552e+00 | 89 -1.24738  1.04540e+02 | 90 -0.70853  6.27883e+01
 91 -0.67916  4.87934e+01 | 92 -0.63340  1.27150e+02 | 93 -0.66205  1.36214e+02
 94 -0.71929  1.14787e+02 | 95 -0.70580  9.23216e+01 | 96 -0.68272  1.90995e+02
 97 -0.67002  2.33834e+02 | 98 -0.59478  2.96148e+02 | 99 -0.29424  4.06419e+02
100 -0.40134  4.02839e+02 |101 -0.70131  2.40530e+02 |102 -0.73706  1.24992e+02
103 -0.71682  1.19783e+02 |104 -0.65505  1.70700e+02 |105 -0.59112  1.78031e+02
106 -0.68834  1.41492e+02 |107 -0.78618  9.74429e+00 |108 -0.78645  4.10024e+01
109 -0.79720  3.61125e+02 |110 -0.72481  2.10127e+02 |111 -0.60537  5.16780e+02
112 -0.72362  2.00480e+02 |113 -0.74040  3.44019e+02 |114 -0.64715  4.13700e+02
115 -0.62991  3.06027e+02 |116 -0.68216  1.63483e+02 |117 -0.77955  7.94514e+01
118 -0.78117  1.36975e+02 |119 -0.73548  1.66585e+02 |120 -0.65432  2.84897e+02
121 -0.66177  1.71633e+02 |122 -1.23042  7.98779e+00 |123 -0.79703  1.66321e+02
124 -0.65667  2.66613e+02 |125 -0.72185  8.47023e+01 |126 -0.75590  5.49294e+01
127 -0.82437  3.93824e+01 |128 -0.84685  5.45555e+01 |129 -0.82375  3.82278e+01
130 -0.69202  6.99282e+00 |131 -0.80506  3.27853e+01 |132 -0.77444  6.37587e+01
133 -0.74347  7.49925e+00 |134 -0.73862  4.26227e+01 |135 -0.78328  1.36683e+01
136 -0.79938 -1.67444e+01 |137 -0.77254 -1.47389e+01 |138 -0.77189  2.55413e+01
139 -0.78048 -6.07378e+00 |140 -0.84977 -4.05655e+01 |141 -0.84465  9.24559e+00
142 -0.87073 -2.22204e+01 |143 -0.88432  2.41141e+02 |144 -0.90191  8.56594e+01
144 variables; iteration 60; function evaluation 78; phase 3
Function value 4.9276239e+03; maximum gradient component mag -9.9088e+03
Var    Value     Gradient |Var    Value     Gradient |Var    Value     Gradient
  1 -0.01201 -9.90876e+03 |  2  0.12284  7.51874e+01 |  3  0.08378  2.61675e+01
  4 -0.01141  2.88925e+01 |  5 -0.07057  2.31436e+01 |  6  0.03802  3.20652e+01
  7  0.01958  3.39818e+01 |  8 -0.04345  2.57922e+01 |  9 -0.00581  1.11743e+01
 10 -0.00514  1.49204e+02 | 11  0.17119  3.56308e+02 | 12 -0.05915  2.55493e+02
 13 -0.06618  1.89733e+02 | 14 -0.17784  1.74987e+02 | 15 -0.11128  3.27179e+02
 16  0.21119  2.05362e+01 | 17  0.05550  2.21531e+02 | 18 -0.01882  2.46238e+02
 19 -0.04874  4.49074e+01 | 20 -0.02373 -8.40837e+01 | 21 -0.14127  2.90727e+01
 22  0.00859 -2.45076e+02 | 23 -0.07157  1.40475e+02 | 24 -0.03917 -8.60535e+00
 25  0.04207  4.05429e+01 | 26  0.05743  4.34667e+01 | 27 -0.00625  2.90539e+02
 28  0.05277 -1.16078e+02 | 29 -0.05774 -4.60377e+02 | 30 -0.03514  1.04857e+02
 31 -0.18636  1.10892e+02 | 32  0.09754  8.07324e+01 | 33  0.00786 -2.00691e+02
 34  0.09731 -4.04177e+02 | 35 -0.09720 -4.28925e+02 | 36 -0.01454  1.05530e+02
 37  0.03396  4.96603e+02 | 38  0.05435 -8.36286e+01 | 39 -0.03952  5.38184e+01
 40  0.23234  1.79913e+02 | 41  0.04877  2.42784e+02 | 42  0.06978  2.26840e+02
 43 -0.04105  3.52829e+02 | 44  0.15899 -9.50910e+02 | 45 -0.01037  1.98941e+02
 46  0.00461  2.88633e+02 | 47 -0.01570 -5.08321e+01 | 48 -0.07252  9.19617e+01
 49  0.10388 -1.06348e+03 | 50 -0.00422 -4.87492e+02 | 51 -0.01492 -4.83055e+02
 52 -0.02718 -8.01075e+02 | 53 -0.04076  9.47842e+01 | 54  0.04263 -1.61067e+03
 55 -0.00355 -3.11952e+02 | 56 -0.02117  9.74445e+02 | 57 -0.05329  2.22739e+02
 58  0.04873 -1.40661e+03 | 59 -0.02376  3.21959e+02 | 60  0.01798  2.14183e+02
 61 -0.00442  3.58054e+02 | 62  0.01547 -9.70115e+02 | 63  0.06384 -7.63586e+02
 64 -0.03195  8.90687e+02 | 65  0.00514  9.01744e+02 | 66  0.00601 -5.26916e+02
 67  0.00187  3.64017e+02 | 68 -0.05474  2.53327e+02 | 69  0.02590  6.74964e+02
 70 -0.00862  2.46903e+02 | 71  0.12667 -1.19165e+02 | 72 -0.08738  1.27167e+02
 73 -0.04476  1.71102e+02 | 74 -0.04933  1.80617e+02 | 75 -0.00658 -1.19204e+02
 76 -0.04587  4.63475e+02 | 77  0.00353  1.29104e+02 | 78 -0.60047 -1.39527e+02
 79 -0.82877  4.91331e+01 | 80 -0.78556  4.51895e+02 | 81 -0.76443  7.71102e+01
 82 -0.68902  3.61938e+01 | 83 -1.40789  2.38253e+00 | 84 -0.75346  4.04648e+02
 85 -1.12910  3.04276e+01 | 86 -0.82441 -6.79416e+01 | 87 -0.70250  3.08548e+01
 88 -1.27966  3.93657e+01 | 89 -1.33179  3.60379e+00 | 90 -0.57935  1.74734e+02
 91 -0.59105  1.54263e+02 | 92 -0.56206  1.43446e+02 | 93 -0.64006  8.70868e+01
 94 -0.74115  3.16080e+01 | 95 -0.70125  7.08906e+01 | 96 -0.77314 -4.19134e+01
 97 -0.75772  1.60685e+01 | 98 -0.62802  1.97886e+02 | 99 -0.48171  2.37520e+02
100 -0.67623  5.37688e+01 |101 -0.73672  1.46166e+02 |102 -0.67688  1.52949e+02
103 -0.85266 -2.52760e+01 |104 -0.69108  6.45450e+01 |105 -0.52765  2.12485e+02
106 -0.66645  1.28723e+02 |107 -1.14171  7.15550e+01 |108 -0.97009 -2.78418e+01
109 -0.76655  4.23490e+02 |110 -0.75564  2.64429e+01 |111 -0.52850  6.57706e+02
112 -0.64659  3.21100e+02 |113 -0.72883  2.45372e+02 |114 -0.68151  1.75266e+02
115 -0.66517  1.12700e+02 |116 -0.66448  9.29670e+01 |117 -0.77481  2.47489e+01
118 -0.80031  1.55417e+01 |119 -0.79210  5.84231e-01 |120 -0.62258  2.22855e+02
121 -0.93061 -2.31866e+01 |122 -1.32813 -7.40179e+01 |123 -0.77875  1.86492e+02
124 -0.64629  2.33307e+02 |125 -0.64772  3.25281e+02 |126 -0.71174  1.81329e+02
127 -0.82025  5.74309e+01 |128 -0.83270  1.30904e+02 |129 -0.80317  1.31246e+02
130 -0.68285  6.55990e+01 |131 -0.77216  1.27252e+02 |132 -0.78223  7.79365e+01
133 -0.70062  1.27104e+02 |134 -0.69199  2.03735e+02 |135 -0.74980  1.27077e+02
136 -0.76689  1.15020e+02 |137 -0.74012  1.06517e+02 |138 -0.73431  2.05792e+02
139 -0.73317  1.55031e+02 |140 -0.82633  6.02745e+01 |141 -0.83067  3.83834e+01
142 -0.86789 -4.23675e+01 |143 -0.88086  2.24082e+02 |144 -0.89400  1.18435e+02
Maximum number of function evaluations exceeded

 - final statistics:
144 variables; iteration 79; function evaluation 100
Function value 4.7637e+03; maximum gradient component mag 2.4329e+03
Exit code = 3;  converg criter 1.0000e+00
Var    Value     Gradient |Var    Value     Gradient |Var    Value     Gradient
  1 -0.01455  2.43289e+03 |  2  0.13029  1.09058e+02 |  3  0.10458  8.09541e+01
  4  0.00382  7.31242e+01 |  5 -0.00050  1.15391e+02 |  6  0.02421  4.34239e+01
  7  0.01730  6.88772e+01 |  8 -0.01557  1.40635e+02 |  9 -0.01454  4.65356e+01
 10  0.00545  1.20082e+02 | 11  0.18024  5.07542e+02 | 12 -0.03297  2.21949e+02
 13 -0.07479  8.32016e+01 | 14 -0.18199  6.06283e+01 | 15 -0.14565  1.56201e+02
 16  0.21693  5.52921e+02 | 17  0.06162  3.15355e+02 | 18 -0.03134  1.69261e+02
 19 -0.08630 -8.56412e+01 | 20  0.00251  3.53775e+00 | 21 -0.13665 -4.55007e+01
 22  0.02384 -1.88037e+02 | 23 -0.11636 -2.98688e+01 | 24 -0.05878 -1.53259e+02
 25  0.04589  5.33467e+01 | 26  0.05413  4.97869e-01 | 27 -0.01456  1.67607e+02
 28  0.01533 -3.17269e+02 | 29 -0.03487 -5.69623e+02 | 30 -0.04346  7.17519e+01
 31 -0.11960  1.03341e+02 | 32  0.08706 -1.25535e+02 | 33  0.00511 -3.54646e+02
 34  0.11715 -5.89017e+02 | 35 -0.13979 -4.96226e+02 | 36  0.00505 -1.00054e+02
 37  0.00904 -2.04604e+01 | 38  0.06399 -2.94598e+02 | 39 -0.03222 -9.76242e+01
 40  0.21858 -3.83945e+02 | 41  0.05564  2.66502e+01 | 42  0.08004 -2.73401e+01
 43 -0.02922  2.46193e+02 | 44  0.16380 -7.26084e+02 | 45 -0.00999  1.05248e+02
 46 -0.02280 -5.23936e+01 | 47 -0.01141 -9.69725e+01 | 48 -0.07232  5.24771e+01
 49  0.12293 -1.13701e+02 | 50  0.01990 -5.24818e+01 | 51 -0.01257 -3.39688e+02
 52 -0.01267 -3.91399e+02 | 53 -0.04157  2.36380e+02 | 54  0.05679 -6.26939e+02
 55 -0.01121 -1.31014e+02 | 56 -0.03793  6.64024e+02 | 57 -0.05323  4.03351e+02
 58  0.06256 -3.13261e+02 | 59 -0.02572  4.93672e+02 | 60  0.01962  4.35925e+02
 61 -0.00318  4.56048e+02 | 62  0.03284 -3.77494e+02 | 63  0.07792  9.83381e+00
 64 -0.03217  8.62505e+02 | 65 -0.00708  5.78098e+02 | 66  0.01580 -2.08397e+02
 67 -0.00110  3.11427e+02 | 68 -0.05772  1.27026e+02 | 69  0.02242  4.78282e+02
 70 -0.01755 -7.96072e+01 | 71  0.12829 -1.62508e+02 | 72 -0.08928 -3.06991e+01
 73 -0.04017  6.14068e+01 | 74 -0.05724 -1.65938e+02 | 75 -0.00782 -3.32019e+02
 76 -0.06197  1.25302e+02 | 77  0.01422  5.16769e+01 | 78 -0.58812 -1.77075e+02
 79 -0.80564  1.83427e+02 | 80 -0.80894  2.45991e+02 | 81 -0.81264 -6.29104e+01
 82 -0.75877 -7.35878e+01 | 83 -1.37688  4.06515e+01 | 84 -0.75694  3.54532e+02
 85 -1.13508  3.08658e+01 | 86 -0.79187 -7.20738e+01 | 87 -0.78719 -1.11922e+02
 88 -1.29095  7.37017e+01 | 89 -1.35274  1.31783e+01 | 90 -0.64529  4.63118e+01
 91 -0.65350  3.58578e+01 | 92 -0.58437  6.71278e+01 | 93 -0.65484  3.98868e+01
 94 -0.77652 -3.40989e+01 | 95 -0.75869 -3.70163e+01 | 96 -0.82957 -9.56947e+01
 97 -0.77723 -3.10399e+01 | 98 -0.68369  8.11436e+01 | 99 -0.44086  3.00664e+02
100 -0.65421  9.39462e+01 |101 -0.72643  1.60794e+02 |102 -0.67451  1.73450e+02
103 -0.86713 -2.64231e+01 |104 -0.69449  6.38718e+01 |105 -0.57369  1.69285e+02
106 -0.71596  5.17591e+01 |107 -1.27691 -8.16105e+01 |108 -1.22820 -9.89572e+00
109 -0.76453  3.50034e+02 |110 -0.80759 -2.55951e+01 |111 -0.59415  4.08405e+02
112 -0.72924  8.93105e+01 |113 -0.67492  4.47043e+02 |114 -0.64989  1.95546e+02
115 -0.60379  1.34547e+02 |116 -0.67585  1.99770e+01 |117 -0.77627 -2.46268e+01
118 -0.76446 -2.92273e+00 |119 -0.75917 -5.54908e+01 |120 -0.64634  4.92860e+01
121 -0.89087 -6.49141e+01 |122 -1.26552  8.06841e+01 |123 -0.77183  1.21198e+02
124 -0.66400  5.37905e+01 |125 -0.69983  6.42859e+01 |126 -0.72500  6.74560e+01
127 -0.80446  2.75104e+01 |128 -0.83520  6.77348e+01 |129 -0.80241  9.14250e+01
130 -0.67049  4.62780e+01 |131 -0.77377  9.24608e+01 |132 -0.79585 -7.87995e+00
133 -0.72466  4.51810e+01 |134 -0.70178  1.50112e+02 |135 -0.76043  8.62229e+01
136 -0.77710  8.01505e+01 |137 -0.75708  5.17340e+01 |138 -0.72521  2.66419e+02
139 -0.73908  1.41295e+02 |140 -0.82012  1.13284e+02 |141 -0.83806  1.04370e+01
142 -0.88326 -1.04417e+02 |143 -0.88344  1.64743e+02 |144 -0.89338  9.58709e+01

Initial statistics: 162 variables; iteration 0; function evaluation 0; phase 4
Function value 4.7636617e+03; maximum gradient component mag 1.3588e+04
Var    Value     Gradient |Var    Value     Gradient |Var    Value     Gradient
  1 -0.01455  2.43289e+03 |  2  0.13029  1.09058e+02 |  3  0.10458  8.09541e+01
  4  0.00382  7.31242e+01 |  5 -0.00050  1.15391e+02 |  6  0.02421  4.34239e+01
  7  0.01730  6.88772e+01 |  8 -0.01557  1.40635e+02 |  9 -0.01454  4.65356e+01
 10  0.00527  1.16882e+02 | 11  0.18006  5.04511e+02 | 12 -0.03314  2.18749e+02
 13 -0.07497  8.00204e+01 | 14 -0.18217  5.75526e+01 | 15 -0.14583  1.53073e+02
 16  0.21674  5.49962e+02 | 17  0.06145  3.12178e+02 | 18 -0.03151  1.66062e+02
 19 -0.08648 -8.88091e+01 | 20  0.00234  3.37152e-01 | 21 -0.13683 -4.86249e+01
 22  0.02366 -1.91238e+02 | 23 -0.11654 -3.30144e+01 | 24 -0.05896 -1.56442e+02
 25  0.04572  5.01554e+01 | 26  0.05395 -2.69125e+00 | 27 -0.01474  1.64406e+02
 28  0.01515 -3.20471e+02 | 29 -0.03504 -5.72811e+02 | 30 -0.04363  6.85575e+01
 31 -0.11978  1.00191e+02 | 32  0.08688 -1.28711e+02 | 33  0.00493 -3.57847e+02
 34  0.11697 -5.92195e+02 | 35 -0.13997 -4.99318e+02 | 36  0.00488 -1.03255e+02
 37  0.00886 -2.36608e+01 | 38  0.06381 -2.97791e+02 | 39 -0.03240 -1.00819e+02
 40  0.21839 -3.87000e+02 | 41  0.05547  2.34624e+01 | 42  0.07986 -3.05166e+01
 43 -0.02940  2.42992e+02 | 44  0.16362 -7.29234e+02 | 45 -0.01017  1.02048e+02
 46 -0.02298 -5.55916e+01 | 47 -0.01159 -1.00172e+02 | 48 -0.07250  4.92956e+01
 49  0.12275 -1.16848e+02 | 50  0.01972 -5.56814e+01 | 51 -0.01274 -3.42886e+02
 52 -0.01285 -3.94596e+02 | 53 -0.04175  2.33182e+02 | 54  0.05661 -6.30143e+02
 55 -0.01139 -1.34214e+02 | 56 -0.03811  6.60818e+02 | 57 -0.05341  4.00152e+02
 58  0.06239 -3.16454e+02 | 59 -0.02590  4.90469e+02 | 60  0.01944  4.32729e+02
 61 -0.00335  4.52847e+02 | 62  0.03267 -3.80696e+02 | 63  0.07774  6.65736e+00
 64 -0.03234  8.59296e+02 | 65 -0.00725  5.74896e+02 | 66  0.01563 -2.11598e+02
 67 -0.00128  3.08226e+02 | 68 -0.05790  1.23835e+02 | 69  0.02224  4.75088e+02
 70 -0.01773 -8.28060e+01 | 71  0.12811 -1.65654e+02 | 72 -0.08946 -3.38670e+01
 73 -0.04034  5.82115e+01 | 74 -0.05742 -1.69122e+02 | 75 -0.00800 -3.35218e+02
 76 -0.06214  1.22113e+02 | 77  0.01405  4.84774e+01 | 78 -0.58812 -1.77075e+02
 79 -0.80564  1.83427e+02 | 80 -0.80894  2.45991e+02 | 81 -0.81264 -6.29104e+01
 82 -0.75877 -7.35878e+01 | 83 -0.62312 -4.06515e+01 | 84 -0.75694  3.54532e+02
 85 -0.86492 -3.08658e+01 | 86 -0.79187 -7.20738e+01 | 87 -0.78719 -1.11922e+02
 88 -0.70905 -7.37017e+01 | 89 -0.64726 -1.31783e+01 | 90 -0.64529  4.63118e+01
 91 -0.65350  3.58578e+01 | 92 -0.58437  6.71278e+01 | 93 -0.65484  3.98868e+01
 94 -0.77652 -3.40989e+01 | 95 -0.75869 -3.70163e+01 | 96 -0.82957 -9.56947e+01
 97 -0.77723 -3.10399e+01 | 98 -0.68369  8.11436e+01 | 99 -0.44086  3.00664e+02
100 -0.65421  9.39462e+01 |101 -0.72643  1.60794e+02 |102 -0.67451  1.73450e+02
103 -0.86713 -2.64231e+01 |104 -0.69449  6.38718e+01 |105 -0.57369  1.69285e+02
106 -0.71596  5.17591e+01 |107 -0.72309  8.16105e+01 |108 -0.77180  9.89572e+00
109 -0.76453  3.50034e+02 |110 -0.80759 -2.55951e+01 |111 -0.59415  4.08405e+02
112 -0.72924  8.93105e+01 |113 -0.67492  4.47043e+02 |114 -0.64989  1.95546e+02
115 -0.60379  1.34547e+02 |116 -0.67585  1.99770e+01 |117 -0.77627 -2.46268e+01
118 -0.76446 -2.92273e+00 |119 -0.75917 -5.54908e+01 |120 -0.64634  4.92860e+01
121 -0.89087 -6.49141e+01 |122 -0.73448 -8.06841e+01 |123 -0.77183  1.21198e+02
124 -0.66400  5.37905e+01 |125 -0.69983  6.42859e+01 |126 -0.72500  6.74560e+01
127 -0.80446  2.75104e+01 |128 -0.83520  6.77348e+01 |129 -0.80241  9.14250e+01
130 -0.67049  4.62780e+01 |131 -0.77377  9.24608e+01 |132 -0.79585 -7.87995e+00
133 -0.72466  4.51810e+01 |134 -0.70178  1.50112e+02 |135 -0.76043  8.62229e+01
136 -0.77710  8.01505e+01 |137 -0.75708  5.17340e+01 |138 -0.72521  2.66419e+02
139 -0.73908  1.41295e+02 |140 -0.82012  1.13284e+02 |141 -0.83806  1.04370e+01
142 -0.88326 -1.04417e+02 |143 -0.88344  1.64743e+02 |144 -0.89338  9.58709e+01
145  0.76746  3.14982e+02 |146  0.27255  1.20836e+04 |147  0.19994  1.35882e+04
148  0.08878 -9.06577e+01 |149 -0.16831 -8.06373e+02 |150 -0.20551 -1.33497e+03
151 -0.17335 -1.44148e+03 |152  0.00070 -3.75361e+02 |153  0.16852 -2.86957e+02
154 -0.02571 -4.20486e+02 |155  0.17438 -2.50473e+02 |156 -0.08638 -1.19870e+01
157  0.41898 -1.28756e-03 |158 -0.05240 -1.36994e+03 |159 -0.34501  3.21514e+03
160 -0.20710  9.78423e+02 |161 -0.23125  2.18901e+02 |162 -0.30669  7.12424e+01

Intermediate statistics: 162 variables; iteration 20; function evaluation 30; phase 4
Function value 3.9217992e+03; maximum gradient component mag 4.4827e+04
Var    Value     Gradient |Var    Value     Gradient |Var    Value     Gradient
  1 -0.01467  4.48272e+04 |  2  0.15157  7.88361e+01 |  3  0.16771  9.06555e+01
  4  0.02532  5.49049e+01 |  5  0.00301  8.46168e+01 |  6  0.11185  2.37194e+02
  7  0.08827  2.75669e+02 |  8  0.01767  2.27785e+02 |  9  0.05633  2.79832e+02
 10  0.04187 -1.32649e+02 | 11  0.21490  7.00634e+02 | 12 -0.07454 -2.16334e+02
 13 -0.04498 -1.87368e+02 | 14 -0.18487 -3.15530e+02 | 15 -0.20365 -3.09719e+02
 16  0.23474  1.32162e+03 | 17  0.02807  5.66084e+01 | 18 -0.07502 -1.81775e+02
 19 -0.03393 -1.18073e+02 | 20  0.01650  7.97105e+01 | 21 -0.09375 -1.83421e+02
 22  0.05288  2.33562e+02 | 23 -0.09598 -1.75346e+02 | 24 -0.02306 -6.42711e+01
 25  0.03282  3.29160e+02 | 26  0.03996  2.65732e+02 | 27 -0.08150 -8.36674e+01
 28  0.02550  1.17443e+02 | 29  0.01974 -3.87441e+01 | 30 -0.06158 -4.16282e+01
 31 -0.19261 -2.27043e+02 | 32  0.06773  3.95369e+02 | 33  0.02327 -6.53978e+01
 34  0.08724  2.55563e+02 | 35  0.04104  7.26205e+01 | 36 -0.01644  7.28802e+00
 37  0.00298  1.89498e+02 | 38  0.07030  1.19242e+02 | 39 -0.04226 -1.91368e+02
 40  0.20870  9.26063e+02 | 41  0.02914  8.65542e+01 | 42  0.07599  1.61075e+02
 43 -0.06212 -7.02006e+01 | 44  0.17727  1.35192e+03 | 45 -0.03186  1.88900e+01
 46 -0.03179 -1.64293e+01 | 47 -0.01341  8.08851e+01 | 48 -0.08978 -1.34013e+02
 49  0.11800  7.88931e+02 | 50  0.01696  8.98380e+01 | 51 -0.00243 -1.83657e+01
 52  0.01212  1.63012e+02 | 53 -0.04244  2.83352e+01 | 54  0.06402  3.34340e+01
 55 -0.00316  1.40819e+02 | 56 -0.04756  1.85495e+02 | 57 -0.06057  3.95168e+01
 58  0.05689 -4.96929e+02 | 59 -0.03462  1.14388e+02 | 60  0.01351  6.42885e+01
 61 -0.01465 -2.27090e+02 | 62  0.04171 -3.49048e+02 | 63  0.07458 -2.34860e+02
 64 -0.04916  1.57270e+02 | 65 -0.01962 -5.34125e+01 | 66  0.02285 -3.29438e+02
 67 -0.00509 -2.31280e+02 | 68 -0.06071 -3.79485e+02 | 69  0.02273 -4.47995e+01
 70 -0.01085 -3.22235e+02 | 71  0.12474 -4.43169e+02 | 72 -0.09124 -4.24530e+02
 73 -0.04336 -3.70351e+02 | 74 -0.05082 -5.14711e+02 | 75  0.00482 -6.55293e+02
 76 -0.07344 -4.60619e+02 | 77  0.00693 -4.33144e+02 | 78 -0.61170 -1.79626e+02
 79 -0.85969  1.01735e+02 | 80 -0.86177 -8.02053e+00 | 81 -0.81962  7.68557e-01
 82 -0.75255  4.10735e+01 | 83 -0.64870  8.73432e+01 | 84 -0.81755  1.91276e+02
 85 -0.86137 -5.49138e+01 | 86 -0.76332 -3.72590e+01 | 87 -0.70388  1.18318e+00
 88 -0.65388 -2.60881e+01 | 89 -0.64874 -5.66190e+01 | 90 -0.69984 -2.29574e+01
 91 -0.69837 -8.44222e+01 | 92 -0.66317 -3.42651e+01 | 93 -0.68288 -1.68473e+01
 94 -0.72637 -3.15797e+01 | 95 -0.70129 -5.62858e+01 | 96 -0.70984 -2.66897e+01
 97 -0.72383 -4.12151e+01 | 98 -0.72092 -8.79475e+01 | 99 -0.62409 -6.54917e+01
100 -0.65872  2.10308e+01 |101 -0.76131 -6.47970e+01 |102 -0.74102 -8.55112e+01
103 -0.74126 -1.08022e+02 |104 -0.67344 -5.51913e+01 |105 -0.65682 -4.65095e+01
106 -0.72412 -4.07156e+01 |107 -0.77096 -7.03482e+01 |108 -0.76524 -2.55684e+01
109 -0.82867 -1.13538e+02 |110 -0.73804 -8.94673e+01 |111 -0.70586 -3.22191e+01
112 -0.73356 -3.52205e+01 |113 -0.77821 -1.69007e+02 |114 -0.69719 -1.16577e+02
115 -0.62500 -4.91754e+01 |116 -0.64583 -4.98056e+01 |117 -0.73098  2.75897e+00
118 -0.73053 -7.81144e+01 |119 -0.68914 -8.45563e+01 |120 -0.64645 -5.51713e+01
121 -0.77390 -1.67440e+02 |122 -0.64811 -6.90262e+01 |123 -0.79926 -6.94391e+01
124 -0.67866 -8.51327e+01 |125 -0.73125 -3.21685e+01 |126 -0.75234 -1.64086e+01
127 -0.81189 -5.39836e+01 |128 -0.84231  3.30537e+01 |129 -0.81726  3.78496e+01
130 -0.72549 -4.42417e+01 |131 -0.81694 -5.11562e+01 |132 -0.79224 -6.09051e+01
133 -0.77056 -3.23713e+01 |134 -0.76331  1.17391e+01 |135 -0.80250 -2.50488e+01
136 -0.80371  8.06563e+00 |137 -0.78014  4.20827e+01 |138 -0.77786  8.61247e+01
139 -0.78062  6.75295e+01 |140 -0.83542  6.12115e+01 |141 -0.84381  7.23115e+01
142 -0.87364  3.93655e+01 |143 -0.89058  2.82264e+02 |144 -0.89565  1.76875e+02
145  0.38856 -4.87893e+00 |146  0.20804 -1.88572e+03 |147  0.19104  2.92212e+03
148  0.08590 -2.60476e+02 |149 -0.16120  1.23039e+03 |150 -0.20085  1.00640e+03
151 -0.17496  5.47203e+02 |152 -0.00514  1.43965e+02 |153  0.18378  3.21028e+03
154 -0.01381  3.47018e+03 |155  0.17574  1.17995e+03 |156 -0.08637  1.94723e+01
157  0.41898 -1.47595e-03 |158 -0.08489 -6.87292e+02 |159 -0.32199  3.07630e+03
160 -0.17661  3.04713e+03 |161 -0.20836  1.83251e+02 |162 -0.31401  4.48802e-01
162 variables; iteration 40; function evaluation 51; phase 4
Function value 3.9013625e+03; maximum gradient component mag 4.0336e+04
Var    Value     Gradient |Var    Value     Gradient |Var    Value     Gradient
  1 -0.01510  4.03356e+04 |  2  0.19650  9.18734e+01 |  3  0.18430  9.08349e+01
  4  0.04758  5.98563e+01 |  5  0.01161  7.68273e+01 |  6  0.12322  2.11124e+02
  7  0.09574  2.41623e+02 |  8  0.02198  1.93569e+02 |  9  0.06060  2.33239e+02
 10  0.04300 -1.38941e+02 | 11  0.22138  6.13210e+02 | 12 -0.07654 -2.05651e+02
 13 -0.03979 -1.75375e+02 | 14 -0.18188 -2.87558e+02 | 15 -0.22551 -3.01758e+02
 16  0.23489  1.04214e+03 | 17  0.02492  1.84529e+01 | 18 -0.07891 -1.82106e+02
 19 -0.03206 -1.29262e+02 | 20  0.01940  4.30610e+01 | 21 -0.09001 -1.74677e+02
 22  0.05928  1.95079e+02 | 23 -0.09256 -1.68277e+02 | 24 -0.01707 -6.32459e+01
 25  0.03311  2.54738e+02 | 26  0.03980  2.07788e+02 | 27 -0.08923 -1.05845e+02
 28  0.02496  5.73823e+01 | 29  0.02308 -7.79196e+01 | 30 -0.05709 -3.18474e+01
 31 -0.18509 -1.97443e+02 | 32  0.06464  3.16451e+02 | 33  0.01522 -9.22602e+01
 34  0.06860  1.69467e+02 | 35  0.04861  1.71496e+02 | 36 -0.02328 -1.06466e+01
 37 -0.00251  1.36808e+02 | 38  0.07040  1.18939e+02 | 39 -0.04444 -1.68690e+02
 40  0.20887  8.87519e+02 | 41  0.02598  7.78865e+01 | 42  0.07593  1.68375e+02
 43 -0.06462 -6.63958e+01 | 44  0.17807  1.27268e+03 | 45 -0.03165  2.81381e+01
 46 -0.03168 -1.08118e+01 | 47 -0.01592  2.33529e+01 | 48 -0.08963 -1.20465e+02
 49  0.12158  8.31885e+02 | 50  0.01921  8.67446e+01 | 51 -0.00077 -3.95746e+01
 52  0.01145  6.71795e+01 | 53 -0.04255  1.89968e+01 | 54  0.06542  7.46643e+01
 55 -0.00419  2.86132e+01 | 56 -0.04650  1.50807e+02 | 57 -0.05811  1.06333e+02
 58  0.05845 -4.64481e+02 | 59 -0.03749  2.97679e+01 | 60  0.01458  5.87394e+01
 61 -0.00955 -7.12218e+01 | 62  0.04437 -2.60464e+02 | 63  0.07843 -1.14778e+02
 64 -0.04823  1.97571e+02 | 65 -0.01844  1.40371e+01 | 66  0.02485 -2.14913e+02
 67 -0.00592 -2.01361e+02 | 68 -0.06028 -3.21012e+02 | 69  0.02187 -2.19595e+01
 70 -0.01228 -3.09813e+02 | 71  0.12739 -2.66285e+02 | 72 -0.09041 -3.75041e+02
 73 -0.04360 -3.37992e+02 | 74 -0.05085 -4.62352e+02 | 75  0.00677 -5.80735e+02
 76 -0.07208 -4.12948e+02 | 77  0.00687 -3.90104e+02 | 78 -0.58394 -1.35428e+02
 79 -0.86208  9.06686e+01 | 80 -0.86423 -5.08378e+00 | 81 -0.82610 -9.60249e-01
 82 -0.76844  2.60289e+01 | 83 -0.66624  6.77451e+01 | 84 -0.82124  1.56942e+02
 85 -0.85819 -3.24704e+01 | 86 -0.76965 -3.37066e+01 | 87 -0.72489 -2.57024e+01
 88 -0.65825 -1.48657e+01 | 89 -0.66680 -5.70783e+01 | 90 -0.71231 -2.10020e+01
 91 -0.71623 -8.25776e+01 | 92 -0.69002 -4.65136e+01 | 93 -0.70145 -2.35057e+01
 94 -0.73429 -2.76914e+01 | 95 -0.70568 -4.00616e+01 | 96 -0.71799 -2.20356e+01
 97 -0.73384 -4.24019e+01 | 98 -0.73566 -8.61141e+01 | 99 -0.70051 -1.09211e+02
100 -0.68384 -2.09676e-01 |101 -0.75774 -5.53140e+01 |102 -0.73028 -6.86333e+01
103 -0.68673 -1.92214e+01 |104 -0.66915 -4.24597e+01 |105 -0.66388 -5.20538e+01
106 -0.72737 -4.82952e+01 |107 -0.76492 -6.01194e+01 |108 -0.76006 -1.99634e+01
109 -0.81935 -9.02708e+01 |110 -0.73182 -7.36506e+01 |111 -0.68861  8.64112e+00
112 -0.72609 -2.31737e+01 |113 -0.75661 -1.22249e+02 |114 -0.68729 -8.80702e+01
115 -0.62306 -3.85015e+01 |116 -0.63013 -2.66345e+01 |117 -0.72809  1.40259e+00
118 -0.72930 -7.14791e+01 |119 -0.68675 -7.02993e+01 |120 -0.65054 -4.95864e+01
121 -0.67262 -6.39082e+01 |122 -0.63009 -3.95362e+01 |123 -0.79184 -5.38246e+01
124 -0.67226 -6.92724e+01 |125 -0.72209 -1.85881e+01 |126 -0.74256 -1.14020e+01
127 -0.80418 -4.67995e+01 |128 -0.83698  3.20444e+01 |129 -0.81233  3.28540e+01
130 -0.71691 -4.36267e+01 |131 -0.80591 -3.95386e+01 |132 -0.78061 -5.37361e+01
133 -0.76477 -3.03177e+01 |134 -0.74959  2.66295e+01 |135 -0.78935 -1.00659e+01
136 -0.79514  1.83567e+01 |137 -0.76910  5.29034e+01 |138 -0.76656  9.81924e+01
139 -0.77030  7.47723e+01 |140 -0.82895  6.90245e+01 |141 -0.83710  8.82658e+01
142 -0.86823  6.02330e+01 |143 -0.88695  2.76170e+02 |144 -0.89470  1.61728e+02
145  0.38544 -5.21836e+01 |146  0.20921 -2.04236e+03 |147  0.18692  2.15061e+03
148  0.08603 -2.69129e+02 |149 -0.16154  1.14679e+03 |150 -0.19956  9.90500e+02
151 -0.17242  5.48849e+02 |152 -0.00522 -1.44556e+02 |153  0.18433  3.11185e+03
154 -0.01425  3.27945e+03 |155  0.17665  1.12193e+03 |156 -0.09193  1.51196e+01
157  0.41896 -1.09378e-03 |158 -0.08234 -5.85219e+02 |159 -0.32000  2.79239e+03
160 -0.17484  2.54239e+03 |161 -0.21912  2.12475e+02 |162 -0.28593  2.86528e+01
162 variables; iteration 60; function evaluation 72; phase 4
Function value 3.6946861e+03; maximum gradient component mag 1.7119e+04
Var    Value     Gradient |Var    Value     Gradient |Var    Value     Gradient
  1 -0.01853  1.71195e+04 |  2  0.11536  2.74674e+01 |  3  0.16034  2.43980e+01
  4 -0.02001  4.83223e+00 |  5 -0.02460  2.71510e+01 |  6  0.08097  5.03701e+01
  7  0.05482  7.23773e+01 |  8 -0.01255  7.52716e+01 |  9  0.01857  5.28529e+01
 10  0.01923 -9.55110e+01 | 11  0.18966  1.00470e+02 | 12 -0.07922 -6.82532e+01
 13 -0.06048 -9.80983e+01 | 14 -0.19414 -1.31771e+02 | 15 -0.20524 -1.11790e+02
 16  0.22309  3.92452e+02 | 17  0.03520  7.42321e+01 | 18 -0.06388 -4.11330e+01
 19 -0.04107 -7.65974e+01 | 20 -0.00797 -8.40348e+01 | 21 -0.10807 -9.33255e+01
 22  0.04981  1.25923e+02 | 23 -0.10209 -6.09561e+01 | 24 -0.02009  1.09544e+01
 25  0.03377  2.93736e+02 | 26  0.04515  2.31509e+02 | 27 -0.06704  8.25242e+01
 28  0.03417  1.78816e+02 | 29  0.03227  3.25059e+01 | 30 -0.06083  5.48035e+01
 31 -0.16868  3.01788e+00 | 32  0.08472  4.64023e+02 | 33  0.03960  4.03714e+01
 34  0.11777  3.76259e+02 | 35  0.04720  9.38391e+01 | 36 -0.01119  6.91605e+01
 37 -0.02072  3.30275e+01 | 38  0.08624  2.16785e+02 | 39 -0.03362 -4.44095e+01
 40  0.20438  3.23469e+02 | 41  0.03030  7.88730e+01 | 42  0.06459  2.66400e+01
 43 -0.06895 -4.04283e+01 | 44  0.18056  7.47414e+02 | 45 -0.04537 -5.11693e+01
 46 -0.03038 -1.65828e+01 | 47 -0.01611 -2.61381e+01 | 48 -0.08805 -3.86069e+01
 49  0.11465  2.20005e+02 | 50  0.02367  2.04523e+02 | 51 -0.00792 -1.30531e+02
 52  0.01906  1.44646e+02 | 53 -0.04293  2.43449e+01 | 54  0.07601  2.02461e+02
 55 -0.01262 -1.81183e+02 | 56 -0.05590  1.45296e+01 | 57 -0.06031  8.86596e+01
 58  0.07238  2.25462e+01 | 59 -0.05745 -2.23258e+02 | 60  0.00518 -2.01768e+02
 61 -0.02350 -4.27979e+02 | 62  0.05047 -1.85298e+02 | 63  0.08044 -1.88864e+02
 64 -0.06866 -6.74314e+01 | 65 -0.03536 -3.70442e+02 | 66  0.03800  1.54132e+02
 67 -0.00050 -3.42391e+01 | 68 -0.06706 -3.78886e+02 | 69  0.00789 -4.24678e+02
 70 -0.01566 -3.22913e+02 | 71  0.13055 -2.38368e+02 | 72 -0.07789 -1.19635e+02
 73 -0.04469 -2.37938e+02 | 74 -0.04538 -2.06066e+02 | 75  0.00190 -4.33457e+02
 76 -0.06257 -8.95277e+01 | 77  0.00907 -1.99291e+02 | 78 -0.57854 -7.49486e+01
 79 -0.85419 -8.17009e+00 | 80 -0.86177 -3.96951e+01 | 81 -0.80868 -5.32586e+00
 82 -0.75531 -2.27175e+01 | 83 -0.58146  2.10451e+01 | 84 -0.82830 -1.92405e+01
 85 -0.86256 -4.06095e+01 | 86 -0.78535 -5.30820e+01 | 87 -0.73756 -6.02786e+01
 88 -0.64167 -3.04964e+01 | 89 -0.67230 -5.48749e+01 | 90 -0.68383 -1.49942e+01
 91 -0.69416 -4.79244e+01 | 92 -0.66762 -3.93973e+01 | 93 -0.68386 -2.55293e+01
 94 -0.74602 -6.01420e+01 | 95 -0.71031 -4.87718e+01 | 96 -0.74430 -8.14165e+01
 97 -0.73864 -5.36661e+01 | 98 -0.73082 -6.53402e+01 | 99 -0.64071 -5.21091e+01
100 -0.67484 -1.60785e+01 |101 -0.76767 -3.95292e+01 |102 -0.74630 -5.09855e+01
103 -0.72391 -2.52128e+01 |104 -0.71034 -5.14215e+01 |105 -0.66808 -1.41527e+01
106 -0.73888 -2.99132e+01 |107 -0.76921 -1.99906e+01 |108 -0.77426 -2.12525e+01
109 -0.83076 -5.78198e+01 |110 -0.78074 -8.38397e+01 |111 -0.78027 -7.62814e+01
112 -0.75574 -4.42169e+01 |113 -0.78400 -8.68695e+01 |114 -0.72876 -7.75911e+01
115 -0.68395 -6.33867e+01 |116 -0.66468 -3.32440e+01 |117 -0.75025 -1.43839e+01
118 -0.76111 -5.74158e+01 |119 -0.73045 -6.52935e+01 |120 -0.68881 -4.02484e+01
121 -0.76367 -9.55953e+01 |122 -0.67413 -2.44163e+01 |123 -0.80776 -6.69577e+00
124 -0.70061 -7.93350e+00 |125 -0.75235  1.18070e+01 |126 -0.76280  1.55673e+01
127 -0.81941  5.85751e-01 |128 -0.85379  1.61954e+01 |129 -0.83080  2.21388e+01
130 -0.73077  1.49079e+01 |131 -0.81288  1.81237e+01 |132 -0.80547 -7.39850e+00
133 -0.78473  1.45968e+01 |134 -0.78326  2.44269e+01 |135 -0.80121  1.86291e+01
136 -0.81432  1.22475e+01 |137 -0.80042 -5.00757e+00 |138 -0.79595  2.09690e+01
139 -0.79492  1.27854e+01 |140 -0.84987 -8.90801e-01 |141 -0.84438  6.72875e+01
142 -0.86564  7.63588e+01 |143 -0.90713 -4.66604e+01 |144 -0.90471  2.46590e+01
145  0.39219  1.56581e+02 |146  0.22187  4.40239e+02 |147  0.18637  2.18498e+03
148  0.09105  4.47417e+02 |149 -0.17285 -4.03229e+02 |150 -0.20728 -1.99575e+02
151 -0.17347 -7.79908e+01 |152  0.00249  8.86281e+02 |153  0.15981 -7.25176e+02
154 -0.01592  2.18384e+02 |155  0.15830 -2.60787e+02 |156 -0.08794 -5.42258e+00
157  0.41833  5.64196e-04 |158 -0.06127  2.66531e+02 |159 -0.32927  2.47675e+03
160 -0.18971 -6.62297e+01 |161 -0.26347 -1.29562e+02 |162 -0.30628 -5.51336e+01
162 variables; iteration 80; function evaluation 92; phase 4
Function value 3.6471285e+03; maximum gradient component mag 1.1887e+04
Var    Value     Gradient |Var    Value     Gradient |Var    Value     Gradient
  1 -0.01987  1.18867e+04 |  2  0.18565  3.93346e+01 |  3  0.14610  6.83895e+00
  4  0.02541  1.49645e+01 |  5 -0.02049  2.54244e+01 |  6  0.09887  6.09214e+01
  7  0.05909  4.52038e+01 |  8 -0.03921 -6.14366e+00 |  9  0.02271  3.13395e+01
 10  0.01647 -5.48032e+01 | 11  0.19657  1.20333e+02 | 12 -0.10709 -5.72333e+01
 13 -0.06060 -6.99645e+01 | 14 -0.20404 -9.18895e+01 | 15 -0.22265 -7.32970e+01
 16  0.22843  3.98115e+02 | 17  0.02799  7.99603e+01 | 18 -0.05849  8.50034e+00
 19 -0.05645 -9.25009e+01 | 20  0.02382  1.25428e+02 | 21 -0.10293 -3.49265e+01
 22  0.05917  1.45763e+02 | 23 -0.09986 -2.13398e+01 | 24 -0.00405  1.03615e+02
 25  0.01940  1.48822e+02 | 26  0.04055  1.68706e+02 | 27 -0.07535  8.39819e+01
 28  0.02867  1.09639e+02 | 29  0.04753  7.57405e+01 | 30 -0.08938 -3.06846e+01
 31 -0.16849  3.15836e+01 | 32  0.07090  2.68792e+02 | 33  0.05123  9.64793e+01
 34  0.11226  2.90564e+02 | 35  0.04502  3.94875e+01 | 36 -0.01392  7.93467e+01
 37 -0.01421  9.41093e+01 | 38  0.07980  1.38793e+02 | 39 -0.02724  9.73289e+00
 40  0.21693  3.94860e+02 | 41  0.02645  7.16558e+01 | 42  0.07790  1.41054e+02
 43 -0.07189 -3.01424e+01 | 44  0.18007  4.83311e+02 | 45 -0.04058 -1.01739e+01
 46 -0.02587  3.54969e+01 | 47 -0.01122  2.19713e+01 | 48 -0.08612 -4.79307e+00
 49  0.11898  1.63557e+02 | 50  0.01837  4.84108e+01 | 51  0.00481  1.98034e+01
 52  0.01470 -5.85520e+01 | 53 -0.04638 -9.95144e+01 | 54  0.07411  2.61515e+01
 55 -0.00391 -3.20200e+01 | 56 -0.06132 -1.09510e+02 | 57 -0.06902 -1.20031e+02
 58  0.07076 -1.57112e+02 | 59 -0.04843 -8.66758e+01 | 60  0.01141 -1.08953e+02
 61 -0.01252 -2.20221e+02 | 62  0.05323 -1.52550e+02 | 63  0.08485 -1.28450e+02
 64 -0.07721 -1.35207e+02 | 65 -0.02774 -1.71603e+02 | 66  0.02838 -1.73706e+02
 67 -0.00543 -1.71025e+02 | 68 -0.05593 -1.55858e+02 | 69  0.01614 -1.97032e+02
 70 -0.00365 -7.90878e+01 | 71  0.13368 -1.71794e+02 | 72 -0.08255 -1.13844e+02
 73 -0.04711 -2.24381e+02 | 74 -0.04518 -1.45476e+02 | 75  0.01455 -1.01938e+02
 76 -0.06896 -1.09936e+02 | 77  0.02140 -4.08950e+01 | 78 -0.54014 -2.85176e+01
 79 -0.84385  4.44895e+01 | 80 -0.86513 -4.04715e+01 | 81 -0.84226 -7.37734e+01
 82 -0.76130 -2.29065e+01 | 83 -0.58605  6.71040e+00 | 84 -0.82403  1.37675e+00
 85 -0.85712  5.91171e+00 | 86 -0.81079 -8.56723e+01 | 87 -0.71561 -1.14669e+01
 88 -0.66902 -4.61080e+01 | 89 -0.65547 -2.88792e+01 | 90 -0.70927 -2.86536e+01
 91 -0.71139 -4.63274e+01 | 92 -0.68388 -3.68784e+01 | 93 -0.70528 -3.12936e+01
 94 -0.73602 -2.91570e+01 | 95 -0.70371 -1.71169e+01 | 96 -0.72996 -4.60359e+01
 97 -0.74234 -3.71488e+01 | 98 -0.74234 -5.34360e+01 | 99 -0.63541 -2.77810e+01
100 -0.68456 -2.25686e+01 |101 -0.77546 -4.68867e+01 |102 -0.75923 -5.64508e+01
103 -0.73788 -3.73285e+01 |104 -0.71639 -4.52114e+01 |105 -0.68874 -3.47711e+01
106 -0.72909 -1.14663e+01 |107 -0.77532 -3.04444e+01 |108 -0.78493 -3.35825e+01
109 -0.81276  3.35637e+01 |110 -0.76495 -4.57493e+01 |111 -0.77350 -5.87285e+01
112 -0.75623 -3.40650e+01 |113 -0.78594 -6.91007e+01 |114 -0.71908 -4.07340e+01
115 -0.68783 -4.63677e+01 |116 -0.66519 -2.09938e+01 |117 -0.76779 -3.64411e+01
118 -0.78243 -7.32035e+01 |119 -0.72249 -2.74833e+01 |120 -0.70472 -3.78811e+01
121 -0.72054 -3.38212e+01 |122 -0.68681 -1.64826e+01 |123 -0.81246 -1.02191e+01
124 -0.71627 -1.98097e+01 |125 -0.75536  1.01996e+01 |126 -0.76483  1.67289e+01
127 -0.82371 -3.95331e+00 |128 -0.85845 -3.38797e+00 |129 -0.83682  5.74646e+00
130 -0.74161  3.77621e+00 |131 -0.81953  6.79675e+00 |132 -0.80275  4.81390e+00
133 -0.78580  1.36824e+01 |134 -0.79082  1.24087e+01 |135 -0.80198  1.77021e+01
136 -0.80445  3.89419e+01 |137 -0.82245 -4.63907e+01 |138 -0.80529 -2.95785e+00
139 -0.78237  5.42107e+01 |140 -0.84591  2.65370e+01 |141 -0.86276 -4.89841e+01
142 -0.87790 -2.40135e+01 |143 -0.90129  8.32352e+00 |144 -0.90821  1.86496e-01
145  0.38685  6.30188e+01 |146  0.22311 -1.39253e+02 |147  0.18118  5.05410e+02
148  0.08990  2.72307e+02 |149 -0.16957  5.10286e+00 |150 -0.20761  2.49577e+01
151 -0.17117  1.48399e+02 |152  0.00144  2.28033e+02 |153  0.16612 -2.70220e+02
154 -0.02488 -9.56137e+01 |155  0.17334 -3.24431e+01 |156 -0.06661  4.88939e+00
157  0.41826  4.76754e-04 |158 -0.05979  2.09388e+02 |159 -0.33158  1.87965e+03
160 -0.18951 -1.29738e+02 |161 -0.28408 -1.74290e+02 |162 -0.27920 -5.54989e+01
Maximum number of function evaluations exceeded

 - final statistics:
162 variables; iteration 86; function evaluation 100
Function value 3.6455e+03; maximum gradient component mag 1.0327e+04
Exit code = 3;  converg criter 1.0000e+00
Var    Value     Gradient |Var    Value     Gradient |Var    Value     Gradient
  1 -0.01992  1.03271e+04 |  2  0.19190  3.88440e+01 |  3  0.13987  8.01380e-02
  4  0.02030  1.04485e+01 |  5 -0.00804  3.01375e+01 |  6  0.09399  4.53122e+01
  7  0.06296  5.01324e+01 |  8 -0.04033 -8.05077e+00 |  9  0.02501  3.24132e+01
 10  0.01513 -4.61470e+01 | 11  0.20110  1.71477e+02 | 12 -0.10415 -3.99186e+01
 13 -0.05915 -5.77049e+01 | 14 -0.20720 -8.24988e+01 | 15 -0.22412 -6.25163e+01
 16  0.22822  3.69128e+02 | 17  0.02462  7.85601e+01 | 18 -0.05788  2.27465e+01
 19 -0.05257 -7.32956e+01 | 20  0.02006  9.80535e+01 | 21 -0.10493 -3.34990e+01
 22  0.05922  1.40204e+02 | 23 -0.09987 -1.63675e+01 | 24 -0.00728  7.95495e+01
 25  0.01947  1.43492e+02 | 26  0.04006  1.60150e+02 | 27 -0.07863  7.77687e+01
 28  0.02935  9.93635e+01 | 29  0.04952  6.71639e+01 | 30 -0.08487 -1.59774e+01
 31 -0.16698  4.06026e+01 | 32  0.07092  2.46766e+02 | 33  0.05232  9.10553e+01
 34  0.11100  2.59540e+02 | 35  0.04450  2.04856e+01 | 36 -0.01429  7.49066e+01
 37 -0.01382  8.74456e+01 | 38  0.07723  9.78905e+01 | 39 -0.02925  4.90126e+00
 40  0.21681  3.41582e+02 | 41  0.02554  6.10342e+01 | 42  0.07735  1.16949e+02
 43 -0.07069 -1.93219e+01 | 44  0.17959  4.14586e+02 | 45 -0.03923 -5.92871e-01
 46 -0.02741  1.61808e+01 | 47 -0.01001  3.74816e+01 | 48 -0.08695 -6.30178e+00
 49  0.11902  1.19224e+02 | 50  0.01764  2.20601e+01 | 51  0.00510  9.91017e+00
 52  0.01466 -6.83156e+01 | 53 -0.04593 -9.39758e+01 | 54  0.07419 -9.67556e-01
 55 -0.00350 -3.38853e+01 | 56 -0.06217 -1.21025e+02 | 57 -0.06881 -1.12038e+02
 58  0.07081 -1.64163e+02 | 59 -0.04806 -8.06161e+01 | 60  0.01152 -1.13090e+02
 61 -0.01218 -2.03803e+02 | 62  0.05317 -1.49244e+02 | 63  0.08474 -1.34152e+02
 64 -0.07714 -1.25000e+02 | 65 -0.02700 -1.43056e+02 | 66  0.02815 -1.68824e+02
 67 -0.00542 -1.58065e+02 | 68 -0.05472 -1.21679e+02 | 69  0.01654 -1.71818e+02
 70 -0.00348 -5.66229e+01 | 71  0.13402 -1.36453e+02 | 72 -0.08328 -1.07699e+02
 73 -0.04613 -1.89512e+02 | 74 -0.04447 -1.14845e+02 | 75  0.01512 -7.28797e+01
 76 -0.06733 -7.96737e+01 | 77  0.01856 -4.73699e+01 | 78 -0.54019 -2.51478e+01
 79 -0.84550  4.11853e+01 | 80 -0.86511 -3.45951e+01 | 81 -0.84221 -7.23783e+01
 82 -0.76570 -2.52457e+01 | 83 -0.58574  7.10059e+00 | 84 -0.82731 -6.90126e+00
 85 -0.85934 -3.56315e+00 | 86 -0.80654 -7.64858e+01 | 87 -0.71593 -6.86178e+00
 88 -0.67995 -5.19903e+01 | 89 -0.64605 -1.58287e+01 | 90 -0.70191 -1.51929e+01
 91 -0.71488 -4.52729e+01 | 92 -0.70522 -5.33657e+01 | 93 -0.70401 -2.55909e+01
 94 -0.72542 -7.61461e+00 | 95 -0.69706 -1.47644e+00 | 96 -0.72684 -3.75705e+01
 97 -0.74450 -3.46318e+01 | 98 -0.74567 -5.07020e+01 | 99 -0.62371 -8.78461e+00
100 -0.69003 -2.36313e+01 |101 -0.77336 -3.94471e+01 |102 -0.76665 -6.13056e+01
103 -0.73745 -2.99193e+01 |104 -0.71233 -3.31179e+01 |105 -0.68819 -2.81097e+01
106 -0.73418 -1.60825e+01 |107 -0.77735 -3.18848e+01 |108 -0.78239 -2.48846e+01
109 -0.81788  1.60197e+01 |110 -0.75684 -2.44428e+01 |111 -0.76882 -4.69214e+01
112 -0.75944 -3.48866e+01 |113 -0.79412 -7.77309e+01 |114 -0.71857 -3.22206e+01
115 -0.68786 -3.82895e+01 |116 -0.66124 -1.19900e+01 |117 -0.75922 -1.71108e+01
118 -0.78134 -6.54660e+01 |119 -0.71883 -1.43981e+01 |120 -0.70359 -2.98772e+01
121 -0.72287 -3.28871e+01 |122 -0.69467 -2.29524e+01 |123 -0.81034 -8.22525e-01
124 -0.71393 -1.18636e+01 |125 -0.75230  1.87855e+01 |126 -0.76138  2.46298e+01
127 -0.82293 -7.94737e-01 |128 -0.85782 -5.93602e-01 |129 -0.83822  9.88295e-01
130 -0.74063  5.04270e+00 |131 -0.82050  4.62565e+00 |132 -0.80194  7.40533e+00
133 -0.78230  1.95073e+01 |134 -0.78306  2.36572e+01 |135 -0.80348  1.33957e+01
136 -0.80700  3.00928e+01 |137 -0.81680 -3.76821e+01 |138 -0.80102  7.35686e+00
139 -0.78394  4.57280e+01 |140 -0.84665  2.00166e+01 |141 -0.85933 -3.35286e+01
142 -0.87617 -1.30885e+01 |143 -0.90511 -3.41678e+01 |144 -0.90692  1.88618e+01
145  0.38625  5.57755e+01 |146  0.22335 -1.62704e+02 |147  0.18058  3.22240e+02
148  0.08980  2.48127e+02 |149 -0.16935 -3.16694e+00 |150 -0.20733 -2.73498e+00
151 -0.17125  1.13095e+02 |152  0.00137  1.74296e+02 |153  0.16649 -2.54500e+02
154 -0.02509 -1.24422e+02 |155  0.17367 -4.62308e+01 |156 -0.07778  1.58019e+00
157  0.41826  4.30691e-04 |158 -0.05960  1.81172e+02 |159 -0.33150  1.68431e+03
160 -0.18918 -5.67280e+01 |161 -0.29271 -1.58269e+02 |162 -0.26224 -3.92692e+01

Initial statistics: 368 variables; iteration 0; function evaluation 0; phase 5
Function value 3.6454433e+03; maximum gradient component mag 1.0327e+04
Var    Value     Gradient |Var    Value     Gradient |Var    Value     Gradient
  1 -0.01992  1.03271e+04 |  2  0.19190  3.88440e+01 |  3  0.13987  8.01380e-02
  4  0.02030  1.04485e+01 |  5 -0.00804  3.01375e+01 |  6  0.09399  4.53122e+01
  7  0.06296  5.01324e+01 |  8 -0.04033 -8.05077e+00 |  9  0.02501  3.24132e+01
 10  0.01496 -4.92381e+01 | 11  0.20092  1.68554e+02 | 12 -0.10432 -4.29670e+01
 13 -0.05932 -6.07816e+01 | 14 -0.20738 -8.54200e+01 | 15 -0.22430 -6.54114e+01
 16  0.22804  3.66272e+02 | 17  0.02445  7.54715e+01 | 18 -0.05805  1.96672e+01
 19 -0.05274 -7.63750e+01 | 20  0.01989  9.49642e+01 | 21 -0.10510 -3.65471e+01
 22  0.05905  1.37129e+02 | 23 -0.10004 -1.94203e+01 | 24 -0.00745  7.64578e+01
 25  0.01930  1.40403e+02 | 26  0.03989  1.57067e+02 | 27 -0.07880  7.46981e+01
 28  0.02918  9.62764e+01 | 29  0.04935  6.40830e+01 | 30 -0.08505 -1.90409e+01
 31 -0.16716  3.76139e+01 | 32  0.07075  2.43701e+02 | 33  0.05215  8.79761e+01
 34  0.11083  2.56508e+02 | 35  0.04433  1.74018e+01 | 36 -0.01446  7.18154e+01
 37 -0.01399  8.43542e+01 | 38  0.07706  9.48247e+01 | 39 -0.02942  1.81287e+00
 40  0.21663  3.38702e+02 | 41  0.02537  5.79457e+01 | 42  0.07718  1.13884e+02
 43 -0.07087 -2.23938e+01 | 44  0.17941  4.11650e+02 | 45 -0.03940 -3.67857e+00
 46 -0.02758  1.30918e+01 | 47 -0.01018  3.43902e+01 | 48 -0.08712 -9.36427e+00
 49  0.11885  1.16192e+02 | 50  0.01747  1.89698e+01 | 51  0.00493  6.81866e+00
 52  0.01449 -7.14069e+01 | 53 -0.04610 -9.70575e+01 | 54  0.07401 -4.03834e+00
 55 -0.00367 -3.69769e+01 | 56 -0.06234 -1.24099e+02 | 57 -0.06898 -1.15108e+02
 58  0.07064 -1.67241e+02 | 59 -0.04823 -8.36972e+01 | 60  0.01135 -1.16182e+02
 61 -0.01235 -2.06893e+02 | 62  0.05300 -1.52329e+02 | 63  0.08457 -1.37222e+02
 64 -0.07731 -1.28065e+02 | 65 -0.02717 -1.46143e+02 | 66  0.02798 -1.71915e+02
 67 -0.00559 -1.61156e+02 | 68 -0.05489 -1.24757e+02 | 69  0.01637 -1.74910e+02
 70 -0.00365 -5.97144e+01 | 71  0.13385 -1.39485e+02 | 72 -0.08346 -1.10761e+02
 73 -0.04630 -1.92592e+02 | 74 -0.04464 -1.17927e+02 | 75  0.01495 -7.59709e+01
 76 -0.06750 -8.27457e+01 | 77  0.01839 -5.04606e+01 | 78 -0.54019 -2.51478e+01
 79 -0.84550  4.11853e+01 | 80 -0.86511 -3.45951e+01 | 81 -0.84221 -7.23783e+01
 82 -0.76570 -2.52457e+01 | 83 -0.58574  7.10059e+00 | 84 -0.82731 -6.90126e+00
 85 -0.85934 -3.56315e+00 | 86 -0.80654 -7.64858e+01 | 87 -0.71593 -6.86178e+00
 88 -0.67995 -5.19903e+01 | 89 -0.64605 -1.58287e+01 | 90 -0.70191 -1.51929e+01
 91 -0.71488 -4.52729e+01 | 92 -0.70522 -5.33657e+01 | 93 -0.70401 -2.55909e+01
 94 -0.72542 -7.61461e+00 | 95 -0.69706 -1.47644e+00 | 96 -0.72684 -3.75705e+01
 97 -0.74450 -3.46318e+01 | 98 -0.74567 -5.07020e+01 | 99 -0.62371 -8.78461e+00
100 -0.69003 -2.36313e+01 |101 -0.77336 -3.94471e+01 |102 -0.76665 -6.13056e+01
103 -0.73745 -2.99193e+01 |104 -0.71233 -3.31179e+01 |105 -0.68819 -2.81097e+01
106 -0.73418 -1.60825e+01 |107 -0.77735 -3.18848e+01 |108 -0.78239 -2.48846e+01
109 -0.81788  1.60197e+01 |110 -0.75684 -2.44428e+01 |111 -0.76882 -4.69214e+01
112 -0.75944 -3.48866e+01 |113 -0.79412 -7.77309e+01 |114 -0.71857 -3.22206e+01
115 -0.68786 -3.82895e+01 |116 -0.66124 -1.19900e+01 |117 -0.75922 -1.71108e+01
118 -0.78134 -6.54660e+01 |119 -0.71883 -1.43981e+01 |120 -0.70359 -2.98772e+01
121 -0.72287 -3.28871e+01 |122 -0.69467 -2.29524e+01 |123 -0.81034 -8.22525e-01
124 -0.71393 -1.18636e+01 |125 -0.75230  1.87855e+01 |126 -0.76138  2.46298e+01
127 -0.82293 -7.94737e-01 |128 -0.85782 -5.93602e-01 |129 -0.83822  9.88295e-01
130 -0.74063  5.04270e+00 |131 -0.82050  4.62565e+00 |132 -0.80194  7.40533e+00
133 -0.78230  1.95073e+01 |134 -0.78306  2.36572e+01 |135 -0.80348  1.33957e+01
136 -0.80700  3.00928e+01 |137 -0.81680 -3.76821e+01 |138 -0.80102  7.35686e+00
139 -0.78394  4.57280e+01 |140 -0.84665  2.00166e+01 |141 -0.85933 -3.35286e+01
142 -0.87617 -1.30885e+01 |143 -0.90511 -3.41678e+01 |144 -0.90692  1.88618e+01
145  0.38625  5.57755e+01 |146  0.22335 -1.62704e+02 |147  0.18058  3.22240e+02
148  0.08980  2.48127e+02 |149 -0.16935 -3.16694e+00 |150 -0.20733 -2.73498e+00
151 -0.17125  1.13095e+02 |152  0.00137  1.74296e+02 |153  0.16649 -2.54500e+02
154 -0.02509 -1.24422e+02 |155  0.17367 -4.62308e+01 |156 -0.07778  1.58019e+00
157  0.41826  4.30691e-04 |158 -0.05960  1.81172e+02 |159 -0.33150  1.68431e+03
160 -0.18918 -5.67280e+01 |161 -0.29271 -1.58269e+02 |162 -0.26224 -3.92692e+01
163  0.05825  1.66287e+01 |164 -0.16620  1.08114e+00 |165  0.00000  2.82876e+02
166  0.00000  3.08970e+02 |167  0.00000  3.42963e+02 |168  0.00000  4.88609e+02
169  0.00000  4.98730e+02 |170  0.00000  5.11750e+02 |171  0.00000  5.16879e+02
172  0.00000  5.23357e+02 |173  0.00000  8.56386e+02 |174  0.00000  8.94591e+02
175  0.00000  9.07358e+02 |176  0.00000  9.28157e+02 |177  0.00000  9.09999e+02
178  0.00000  9.02190e+02 |179  0.00000  8.50048e+02 |180  0.00000  8.39699e+02
181  0.00000  8.63024e+02 |182  0.00000  8.61300e+02 |183  0.00000  9.52069e+02
184  0.00000  9.58649e+02 |185  0.00000  9.12219e+02 |186  0.00000  8.19264e+02
187  0.00000  8.49679e+02 |188  0.00000  8.65752e+02 |189  0.00000  9.53437e+02
190  0.00000  1.02625e+03 |191  0.00000  9.23633e+02 |192  0.00000  9.75949e+02
193  0.00000  1.01273e+03 |194  0.00000  1.05809e+03 |195  0.00000  1.15344e+03
196  0.00000  1.19294e+03 |197  0.00000  1.48704e+03 |198  0.00000  1.52257e+03
199  0.00000  1.52673e+03 |200  0.00000  1.53926e+03 |201  0.00000  1.64273e+03
202  0.00000  1.66577e+03 |203  0.00000  1.65329e+03 |204  0.00000  1.40461e+03
205  0.00000  1.42388e+03 |206  0.00000  1.42146e+03 |207  0.00000  1.46839e+03
208  0.00000  1.49795e+03 |209  0.00000  1.39266e+03 |210  0.00000  1.36415e+03
211  0.00000  1.37012e+03 |212  0.00000  1.33706e+03 |213  0.00000  1.34622e+03
214  0.00000  1.25623e+03 |215  0.00000  7.15958e+02 |216  0.00000  7.27647e+02
217  0.00000  4.82796e+02 |218  0.00000  3.23176e+02 |219  0.00000  3.65632e+02
220  0.00000  4.74605e+02 |221  0.00000  4.97281e+02 |222  0.00000  5.34232e+02
223  0.00000  5.39786e+02 |224  0.00000  5.63217e+02 |225  0.00000  5.79972e+02
226  0.00000  6.13688e+02 |227  0.00000  6.17685e+02 |228  0.00000  7.06198e+02
229  0.00000  7.05405e+02 |230  0.00000  6.69567e+02 |231  0.00000  6.12131e+02
232  0.00000  8.01686e+01 |233  0.00000 -7.21914e+02 |234  0.00000 -5.80147e+02
235  0.00000  1.42928e+02 |236  0.00000  6.15258e+02 |237  0.00000  2.13698e+03
238  0.00000  2.30229e+03 |239  0.00000  2.57690e+03 |240  0.00000  2.69849e+03
241  0.00000  3.23243e+03 |242  0.00000  3.24214e+03 |243  0.00000  3.35767e+03
244  0.00000  3.50142e+03 |245  0.00000  3.03646e+03 |246  0.00000  2.57866e+03
247  0.00000  2.50706e+03 |248  0.00000  1.72147e+03 |249  0.00000  1.65318e+03
250  0.00000  1.63009e+03 |251  0.00000  1.80538e+03 |252  0.00000  1.52673e+03
253  0.00000  1.85302e+03 |254  0.00000  1.29243e+03 |255  0.00000  1.18321e+03
256  0.00000  1.19112e+03 |257  0.00000  1.61733e+03 |258  0.00000  1.32285e+03
259  0.00000  1.20351e+03 |260  0.00000  1.07878e+03 |261  0.00000  7.75706e+02
262  0.00000  7.29673e+02 |263  0.00000  1.25411e+03 |264  0.00000  9.89992e+02
265  0.00000  1.18138e+03 |266  0.00000  1.78380e+03 |267  0.00000  1.99709e+03
268  0.00000  2.60674e+03 |269  0.00000  2.82017e+03 |270  0.00000  3.39021e+03
271  0.00000  3.56507e+03 |272  0.00000  3.24932e+03 |273  0.00000  3.12083e+03
274  0.00000  3.32649e+03 |275  0.00000  2.66366e+03 |276  0.00000  2.93068e+03
277  0.00000  2.92853e+03 |278  0.00000  2.60181e+03 |279  0.00000  2.59604e+03
280  0.00000  2.10485e+03 |281  0.00000  2.00643e+03 |282  0.00000  2.06265e+03
283  0.00000  1.32748e+03 |284  0.00000 -1.43736e+02 |285  0.00000 -2.70935e+02
286  0.00000 -6.92790e+02 |287  0.00000 -8.72092e+02 |288  0.00000 -9.93819e+01
289  0.00000  1.22893e+03 |290  0.00000  1.50729e+03 |291  0.00000  1.54142e+03
292  0.00000  1.80779e+03 |293  0.00000  2.36820e+03 |294  0.00000  2.53824e+03
295  0.00000  2.61160e+03 |296  0.00000  2.97894e+03 |297  0.00000  3.01469e+03
298  0.00000  3.02535e+03 |299  0.00000  2.71745e+03 |300  0.00000  1.35533e+03
301  0.00000  1.39855e+03 |302  0.00000  1.73564e+03 |303  0.00000  2.55788e+03
304  0.00000  3.17521e+03 |305  0.00000  4.61512e+03 |306  0.00000  5.52325e+03
307  0.00000  6.03325e+03 |308  0.00000  6.47381e+03 |309  0.00000  7.08746e+03
310  0.00000  7.21092e+03 |311  0.00000  6.63253e+03 |312  0.00000  6.92524e+03
313  0.00000  6.37750e+03 |314  0.00000  5.49273e+03 |315  0.00000  4.90343e+03
316  0.00000  3.98371e+03 |317  0.00000  3.39398e+03 |318  0.00000  3.17743e+03
319  0.00000  2.93121e+03 |320  0.00000  2.58384e+03 |321  0.00000  2.61112e+03
322  0.00000  2.09889e+03 |323  0.00000  1.86692e+03 |324  0.00000  1.56367e+03
325  0.00000  1.85087e+03 |326  0.00000  1.79520e+03 |327  0.00000  1.54460e+03
328  0.00000  1.25216e+03 |329  0.00000  1.11287e+03 |330  0.00000  6.54874e+02
331  0.00000  1.15361e+03 |332  0.00000  7.50253e+02 |333  0.00000  6.09035e+02
334  0.00000  9.44465e+02 |335  0.00000  1.00953e+03 |336  0.00000  1.83718e+03
337  0.00000  1.91202e+03 |338  0.00000  2.44056e+03 |339  0.00000  2.95840e+03
340  0.00000  3.02268e+03 |341  0.00000  3.01010e+03 |342  0.00000  2.92130e+03
343  0.00000  2.30563e+03 |344  0.00000  2.03833e+03 |345  0.00000  2.11878e+03
346  0.00000  2.05297e+03 |347  0.00000  1.66042e+03 |348  0.00000  1.29447e+03
349  0.00000  7.75086e+02 |350  0.00000  8.21085e+02 |351  0.00000  1.84963e+02
352  0.00000 -8.85536e+02 |353  0.00000 -1.39593e+03 |354  0.00000 -1.52785e+03
355  0.00000 -1.51216e+03 |356  0.00000 -1.31851e+03 |357  0.00000 -4.48672e+02
358  0.00000  4.85297e+02 |359  0.00000  8.77767e+02 |360  0.00000  1.07815e+03
361  0.00000  1.75623e+03 |362  0.00000  2.16837e+03 |363  0.00000  2.47844e+03
364  0.00000  3.00445e+03 |365  0.00000  3.31055e+03 |366  0.00000  3.26496e+03
367  0.00000  3.25314e+03 |368  0.00000  1.77611e+03 |

Intermediate statistics: 368 variables; iteration 20; function evaluation 25; phase 5
Function value 3.5048493e+03; maximum gradient component mag -8.8193e+03
Var    Value     Gradient |Var    Value     Gradient |Var    Value     Gradient
  1 -0.02114  6.02839e+02 |  2  0.18909  4.85446e+01 |  3  0.13912  1.16828e+01
  4  0.01926  1.74657e+01 |  5 -0.01031  3.70885e+01 |  6  0.08971  6.01347e+01
  7  0.05958  4.90125e+01 |  8 -0.03870 -2.84694e+01 |  9  0.02614 -1.09115e+01
 10  0.01581  1.23461e+01 | 11  0.20651  6.07917e+01 | 12 -0.10479  1.21891e+01
 13 -0.05632 -4.91596e+01 | 14 -0.20604 -2.96387e+01 | 15 -0.22416 -9.25742e+00
 16  0.23663  1.09105e+02 | 17  0.02286  5.10493e+01 | 18 -0.06068  3.42102e+01
 19 -0.04993 -3.51699e+01 | 20  0.01738  3.80300e+01 | 21 -0.10491 -8.37271e+00
 22  0.05704  5.61941e+01 | 23 -0.10083  1.99178e+01 | 24 -0.01030  5.50326e+01
 25  0.01714  5.43403e+01 | 26  0.03791  4.64682e+01 | 27 -0.08340  5.33366e+01
 28  0.02739  9.94258e+00 | 29  0.05320 -6.03653e+01 | 30 -0.08422 -3.85616e+01
 31 -0.17110  3.41712e+01 | 32  0.06580  4.68738e+01 | 33  0.05057  5.26404e+00
 34  0.10312  6.29623e+01 | 35  0.04534 -3.73399e+01 | 36 -0.01770  6.75196e+00
 37 -0.01612 -3.27669e+01 | 38  0.07324  5.49456e-01 | 39 -0.03165  2.13902e+01
 40  0.21571 -5.93158e+01 | 41  0.02431 -9.13973e+00 | 42  0.07763 -3.22404e+01
 43 -0.07077 -1.24303e+01 | 44  0.18064 -1.30436e+00 | 45 -0.03883 -2.42169e+01
 46 -0.02686 -2.26009e+01 | 47 -0.00968 -1.79136e+01 | 48 -0.08776 -9.24821e+00
 49  0.12042  7.34378e+00 | 50  0.01931 -2.31747e+01 | 51  0.00664 -1.75696e+01
 52  0.01784 -2.41931e+00 | 53 -0.04373 -2.03290e+01 | 54  0.07457 -9.13845e+00
 55 -0.00348 -1.02605e+01 | 56 -0.05977 -2.40881e+01 | 57 -0.06831 -2.39689e+01
 58  0.07155 -4.84894e+01 | 59 -0.04863 -1.56335e+01 | 60  0.01095 -2.67005e+01
 61 -0.01070 -2.02553e+01 | 62  0.05334 -1.10492e+01 | 63  0.08585 -2.71525e+01
 64 -0.07604 -1.89561e+01 | 65 -0.02576 -7.01856e+00 | 66  0.02979 -4.46772e+00
 67 -0.00318 -1.56458e+01 | 68 -0.05347 -1.18623e+01 | 69  0.01989 -2.68820e+01
 70 -0.00312 -6.45049e+00 | 71  0.13892  3.80176e+01 | 72 -0.08169 -2.87760e+01
 73 -0.04307 -5.07018e+01 | 74 -0.04959  1.75453e+00 | 75  0.00702  2.29472e+01
 76 -0.06929  2.37558e+01 | 77  0.01576  2.53389e+01 | 78 -0.53745 -4.36910e+01
 79 -0.84808  2.45304e+01 | 80 -0.86449 -1.83598e+01 | 81 -0.83912 -5.85509e+01
 82 -0.76532 -2.07812e+01 | 83 -0.58702  1.61527e+01 | 84 -0.82817  6.10569e+00
 85 -0.86186  2.84836e+01 | 86 -0.80514 -3.78652e+01 | 87 -0.71839  1.69371e+01
 88 -0.67924 -2.36867e+01 | 89 -0.64723  1.32772e+01 | 90 -0.70275  7.21465e+00
 91 -0.71456 -1.35452e+01 | 92 -0.70408 -2.57894e+01 | 93 -0.70431 -4.11855e+00
 94 -0.72696  1.62926e+01 | 95 -0.69928  2.84187e+01 | 96 -0.72646 -1.12935e+01
 97 -0.74445 -4.94636e+00 | 98 -0.74509 -1.07806e+01 | 99 -0.62535  2.96115e+01
100 -0.69005 -1.07783e+00 |101 -0.77258 -1.56678e+01 |102 -0.76488 -2.93420e+01
103 -0.73760  2.76742e+00 |104 -0.71224  4.42018e-01 |105 -0.68810  1.49582e+00
106 -0.73445  6.85009e+00 |107 -0.77627 -1.57050e+01 |108 -0.78178 -1.04011e+01
109 -0.82002  3.02313e+01 |110 -0.75743  1.43661e+01 |111 -0.76798 -1.28603e+01
112 -0.75918 -6.74025e+00 |113 -0.79228 -3.26773e+01 |114 -0.71920  8.21246e+00
115 -0.68784 -7.92209e+00 |116 -0.66205  9.41477e+00 |117 -0.75917 -6.84152e+00
118 -0.77913 -4.19121e+01 |119 -0.71936  4.29425e+00 |120 -0.70313 -1.42953e+01
121 -0.72203 -1.93855e+01 |122 -0.69418 -1.42903e+01 |123 -0.81063 -1.08847e+00
124 -0.71388 -4.12744e+00 |125 -0.75325  1.05089e+01 |126 -0.76262  1.61673e+01
127 -0.82286 -2.75170e+00 |128 -0.85723 -9.03227e+00 |129 -0.83765 -1.20739e+01
130 -0.74042 -6.51724e+00 |131 -0.82047 -5.30184e+00 |132 -0.80211  6.11557e-01
133 -0.78296  6.94660e+00 |134 -0.78407  1.01876e+01 |135 -0.80409  3.90577e+00
136 -0.80845  1.69307e+01 |137 -0.81462 -4.18404e+01 |138 -0.80153  5.05976e+00
139 -0.78665  3.78025e+01 |140 -0.84824  1.90198e+01 |141 -0.85795 -1.97080e+01
142 -0.87529 -2.15515e+01 |143 -0.90300 -3.59124e+01 |144 -0.90684 -1.86389e+01
145  0.38695 -4.06737e+02 |146  0.22401 -1.98714e+03 |147  0.18093  1.46968e+03
148  0.08913  5.64619e+01 |149 -0.16916 -8.84593e+01 |150 -0.20570 -1.19835e+01
151 -0.17260 -2.50526e+01 |152  0.00082 -1.34353e+02 |153  0.16809 -9.15591e+01
154 -0.02562 -1.11176e+01 |155  0.17384 -6.63660e+00 |156 -0.07783  2.97517e-01
157  0.41826  3.29350e-04 |158 -0.05596  1.10922e+02 |159 -0.33441  5.03433e+02
160 -0.20104 -2.09598e+01 |161 -0.28821 -1.34094e+02 |162 -0.26179 -3.02226e+01
163  0.05847 -4.88716e+00 |164 -0.16560 -2.73606e+00 |165  0.00357 -2.06360e+03
166  0.00282 -2.04966e+03 |167  0.00233 -2.04021e+03 |168  0.00045 -1.98311e+03
169  0.00034 -1.97979e+03 |170  0.00027 -1.97619e+03 |171  0.00027 -1.97532e+03
172  0.00025 -1.97415e+03 |173 -0.00145 -1.92088e+03 |174 -0.00240 -1.90321e+03
175 -0.00270 -1.89530e+03 |176 -0.00334 -1.88609e+03 |177 -0.00233 -1.87845e+03
178 -0.00197 -1.87087e+03 |179  0.00089 -1.86439e+03 |180  0.00125 -1.85267e+03
181  0.00031 -1.80328e+03 |182  0.00100 -1.78549e+03 |183 -0.00288 -1.69385e+03
184 -0.00327 -1.67122e+03 |185 -0.00016 -1.70802e+03 |186  0.00284 -1.69407e+03
187  0.00112 -1.65366e+03 |188  0.00041 -1.63661e+03 |189  0.00059 -1.63058e+03
190 -0.00212 -1.53457e+03 |191  0.00467 -1.58418e+03 |192  0.00301 -1.53342e+03
193  0.00206 -1.50444e+03 |194  0.00123 -1.47445e+03 |195  0.00185 -1.46262e+03
196  0.00130 -1.44360e+03 |197 -0.00347 -1.28818e+03 |198 -0.00389 -1.27254e+03
199 -0.00202 -1.27800e+03 |200 -0.00194 -1.27214e+03 |201 -0.00376 -1.15404e+03
202 -0.00492 -1.12027e+03 |203 -0.00460 -1.10354e+03 |204  0.00679 -1.21268e+03
205  0.00476 -1.15914e+03 |206  0.00308 -1.14589e+03 |207 -0.00090 -1.08535e+03
208 -0.00282 -1.05512e+03 |209  0.00164 -1.11636e+03 |210  0.00178 -1.11479e+03
211 -0.00210 -1.07866e+03 |212 -0.00330 -1.08361e+03 |213 -0.00598 -1.04813e+03
214 -0.00443 -1.09205e+03 |215  0.00344 -1.24728e+03 |216 -0.00384 -1.12457e+03
217  0.00355 -1.22640e+03 |218  0.00790 -1.26473e+03 |219  0.00333 -1.14210e+03
220 -0.00070 -1.02840e+03 |221 -0.00099 -1.01057e+03 |222 -0.00134 -9.75652e+02
223 -0.00037 -9.36257e+02 |224 -0.00088 -8.91499e+02 |225 -0.00090 -8.73309e+02
226 -0.00114 -7.99936e+02 |227 -0.00085 -7.41332e+02 |228 -0.00370 -5.07179e+02
229 -0.00412 -4.70480e+02 |230 -0.00401 -4.06192e+02 |231 -0.00540 -3.15965e+02
232  0.00475 -1.56671e+02 |233  0.00303 -8.81933e+03 |234  0.00348 -8.78841e+03
235 -0.00399 -8.58758e+03 |236  0.00097 -8.39549e+03 |237 -0.00001 -7.64952e+03
238 -0.00163 -7.57338e+03 |239 -0.00028 -7.53373e+03 |240 -0.00028 -7.51194e+03
241 -0.00573 -7.39309e+03 |242  0.00275 -7.28888e+03 |243  0.00008 -7.13497e+03
244 -0.00608 -7.12964e+03 |245  0.00359 -7.16381e+03 |246  0.00191 -7.05370e+03
247 -0.00230 -6.95422e+03 |248  0.00175 -6.83602e+03 |249  0.00230 -6.70719e+03
250  0.00072 -6.56743e+03 |251 -0.00314 -6.36845e+03 |252  0.00661 -6.29698e+03
253 -0.00608 -6.21742e+03 |254  0.00256 -6.47583e+03 |255  0.00187 -6.59167e+03
256  0.00303 -6.64796e+03 |257 -0.00932 -6.54803e+03 |258  0.00231 -6.73211e+03
259  0.00062 -6.62348e+03 |260 -0.00261 -6.65969e+03 |261  0.00229 -6.65370e+03
262  0.00235 -6.50205e+03 |263 -0.00524 -6.41206e+03 |264  0.00188 -6.16473e+03
265  0.00339 -5.93617e+03 |266 -0.00160 -5.52864e+03 |267  0.00003 -5.30688e+03
268  0.00000 -5.08737e+03 |269 -0.00059 -4.85590e+03 |270 -0.00098 -4.41826e+03
271 -0.00763 -4.22244e+03 |272  0.00493 -4.18899e+03 |273  0.00674 -4.08157e+03
274 -0.00488 -3.96731e+03 |275  0.00403 -3.78705e+03 |276 -0.00557 -3.50730e+03
277 -0.00363 -3.20283e+03 |278  0.00527 -2.74470e+03 |279 -0.00160 -2.43586e+03
280  0.00282 -2.26158e+03 |281  0.00127 -2.11990e+03 |282 -0.00459 -2.14102e+03
283 -0.00415 -2.41376e+03 |284  0.00670 -2.87624e+03 |285 -0.00573 -2.79102e+03
286  0.00117 -2.91708e+03 |287  0.00859 -2.73735e+03 |288  0.00254 -2.12361e+03
289 -0.00745 -1.51403e+03 |290 -0.00626 -1.37569e+03 |291  0.00621 -1.26563e+03
292  0.00460 -1.07094e+03 |293 -0.00447 -9.31043e+02 |294 -0.00240 -8.13862e+02
295  0.00272 -6.16663e+02 |296 -0.00269 -2.06391e+02 |297  0.00049  6.28810e+01
298 -0.00361  2.71360e+02 |299 -0.00173  1.86368e+02 |300  0.00483  2.28065e+02
301  0.00144  6.37993e+03 |302  0.00329  6.42469e+03 |303 -0.00284  6.58761e+03
304  0.00216  6.85673e+03 |305  0.00337  7.48152e+03 |306  0.00413  7.49596e+03
307 -0.00072  7.62021e+03 |308 -0.00024  7.54050e+03 |309 -0.00672  7.61923e+03
310 -0.00558  7.78225e+03 |311  0.00948  7.36421e+03 |312 -0.00836  7.29032e+03
313 -0.00306  7.14104e+03 |314  0.00153  6.87858e+03 |315 -0.00223  6.44654e+03
316  0.00119  6.38793e+03 |317  0.00073  6.07271e+03 |318  0.00048  6.04506e+03
319  0.00128  5.90857e+03 |320  0.00307  5.77268e+03 |321 -0.00280  5.40382e+03
322 -0.00016  5.12704e+03 |323 -0.00055  4.87278e+03 |324  0.00526  4.66680e+03
325 -0.00123  4.50053e+03 |326 -0.00341  4.45901e+03 |327  0.00037  4.26523e+03
328  0.00186  4.03220e+03 |329 -0.00329  3.87764e+03 |330  0.00713  3.69817e+03
331 -0.00508  3.54079e+03 |332 -0.00008  3.47213e+03 |333  0.00073  3.31410e+03
334  0.00151  3.47081e+03 |335  0.00436  3.37414e+03 |336 -0.00629  3.60261e+03
337  0.00168  3.66386e+03 |338  0.00282  3.99567e+03 |339  0.00073  3.89857e+03
340 -0.00275  4.05150e+03 |341 -0.00306  4.02119e+03 |342 -0.00413  3.88348e+03
343  0.00078  4.04655e+03 |344  0.00532  4.01741e+03 |345  0.00068  4.18889e+03
346 -0.00409  4.47510e+03 |347  0.00100  4.36596e+03 |348 -0.00226  4.47314e+03
349  0.00598  4.30785e+03 |350  0.00049  4.03502e+03 |351 -0.00063  3.53673e+03
352 -0.00118  3.01599e+03 |353  0.00482  2.35726e+03 |354 -0.00178  2.11494e+03
355 -0.00540  1.96495e+03 |356  0.00611  2.06217e+03 |357  0.00679  2.04718e+03
358 -0.00269  1.65289e+03 |359 -0.00422  1.77724e+03 |360  0.00228  1.46200e+03
361 -0.00105  1.07807e+03 |362 -0.00037  9.21618e+02 |363 -0.00017  9.83930e+02
364 -0.00024  9.65958e+02 |365 -0.00297  1.07512e+03 |366  0.00390  7.83483e+02
367 -0.00893  7.76755e+02 |368 -0.00515  5.28147e+02 |
368 variables; iteration 40; function evaluation 45; phase 5
Function value 3.4720695e+03; maximum gradient component mag -8.8120e+03
Var    Value     Gradient |Var    Value     Gradient |Var    Value     Gradient
  1 -0.02078  1.86946e+03 |  2  0.16009  2.16218e+01 |  3  0.13231 -7.57855e+00
  4  0.00806  6.57968e+00 |  5 -0.03245  1.56508e+01 |  6  0.06126 -1.35317e+01
  7  0.03654 -5.43804e+00 |  8 -0.02411 -2.41178e+00 |  9  0.03727  1.61160e+01
 10  0.01443  4.99554e+00 | 11  0.21427  8.27519e+01 | 12 -0.10960 -3.34863e-01
 13 -0.03084  2.53625e+00 | 14 -0.18984 -2.86369e+01 | 15 -0.21687 -2.78155e+01
 16  0.24019  1.05920e+02 | 17  0.01505  1.72915e+01 | 18 -0.07390  3.39786e+00
 19 -0.03702 -1.91594e+01 | 20  0.00978  1.57388e+01 | 21 -0.09374 -9.56366e+00
 22  0.05397  4.99420e+01 | 23 -0.10503  8.73265e-01 | 24 -0.02123  8.32913e+00
 25  0.02034  4.22938e+01 | 26  0.03436  2.41626e+01 | 27 -0.09707  4.77322e+00
 28  0.02477  1.15095e+01 | 29  0.07134  3.78909e+01 | 30 -0.07023 -7.00470e+00
 31 -0.18304 -1.61785e+01 | 32  0.04862  4.97384e+00 | 33  0.05548 -2.16191e+00
 34  0.07958  3.15160e+01 | 35  0.05514 -2.09356e+01 | 36 -0.02597 -1.05038e+01
 37 -0.01207 -2.09094e+01 | 38  0.06552 -5.49667e+01 | 39 -0.05054 -7.51958e+00
 40  0.22129  4.30842e+01 | 41  0.02760 -4.98836e+00 | 42  0.08262 -3.97876e+00
 43 -0.07003 -1.08688e+01 | 44  0.18071  7.65916e+01 | 45 -0.03401  1.05733e+00
 46 -0.02617 -1.14052e+01 | 47 -0.01048 -3.32273e+00 | 48 -0.08458  6.87887e+00
 49  0.11928  4.22651e+01 | 50  0.02057 -3.75424e-01 | 51  0.00818  9.44333e+00
 52  0.01811  5.31837e+00 | 53 -0.04212 -2.77367e+00 | 54  0.07531  6.54521e+01
 55 -0.00291  4.14747e+00 | 56 -0.05944 -2.99804e+01 | 57 -0.06751 -1.68798e+01
 58  0.07194  5.46103e+00 | 59 -0.04795 -7.15417e+00 | 60  0.00928 -3.69843e+01
 61 -0.01122 -2.73066e+01 | 62  0.05310 -1.30904e+01 | 63  0.08632 -1.74960e+01
 64 -0.07613 -3.02185e+01 | 65 -0.02669 -3.46037e+01 | 66  0.02961 -3.60348e+01
 67 -0.00330 -2.66971e+01 | 68 -0.05350 -3.36414e+01 | 69  0.01972 -4.98329e+01
 70 -0.00234  8.43180e+00 | 71  0.13784  8.14808e+00 | 72 -0.07772 -1.27422e+01
 73 -0.04354 -4.77531e+01 | 74 -0.04992 -2.74901e+01 | 75  0.00562 -3.85205e+01
 76 -0.06970  2.81188e+00 | 77  0.01313  2.55793e+00 | 78 -0.51335 -1.04574e+00
 79 -0.85818 -1.27750e+01 | 80 -0.86448 -1.12324e+01 | 81 -0.81712 -1.84187e+00
 82 -0.75674 -1.19525e+01 | 83 -0.60491  2.71960e+01 | 84 -0.83753 -1.09132e+01
 85 -0.87433 -3.14795e+01 | 86 -0.79474 -1.43207e+01 | 87 -0.73110 -1.12700e+01
 88 -0.67202 -1.17141e+01 | 89 -0.65916  2.82147e+00 | 90 -0.71094 -3.75277e-01
 91 -0.71281 -1.32979e+01 | 92 -0.69429 -1.82207e+01 | 93 -0.70594 -1.05500e+01
 94 -0.74004 -3.55225e+00 | 95 -0.71781 -2.21401e+00 | 96 -0.72373 -1.18286e+01
 97 -0.74649 -6.63109e+00 | 98 -0.74562 -3.59110e+00 | 99 -0.64701  1.69232e+01
100 -0.69118 -2.48792e+00 |101 -0.76542 -9.40986e+00 |102 -0.75148 -1.18665e+01
103 -0.73881 -6.83638e+00 |104 -0.71256 -1.92736e+00 |105 -0.68685 -2.27481e+00
106 -0.73464  9.79755e-01 |107 -0.76490 -3.81317e+00 |108 -0.77488 -2.72799e+00
109 -0.83071 -9.27989e+00 |110 -0.76265  7.00511e-01 |111 -0.75799 -1.10961e+01
112 -0.75561 -2.57237e+00 |113 -0.77703 -8.43551e+00 |114 -0.72271 -2.45330e+00
115 -0.68062 -1.14509e+01 |116 -0.66684  3.63542e+00 |117 -0.75602 -2.17168e+00
118 -0.75911 -9.41229e+00 |119 -0.72057 -3.83624e+00 |120 -0.69435 -1.06954e+01
121 -0.71154 -9.57807e+00 |122 -0.68681 -9.44569e+00 |123 -0.81115 -6.95411e+00
124 -0.71173 -7.99926e+00 |125 -0.75682 -1.19701e+00 |126 -0.77008  2.54988e+00
127 -0.82170 -1.90127e+00 |128 -0.85375  4.89236e+00 |129 -0.83096  4.01031e+00
130 -0.73571  1.93308e-01 |131 -0.81846  1.34349e-01 |132 -0.80173 -5.97670e-01
133 -0.78460  1.80400e+00 |134 -0.78769  2.59116e+00 |135 -0.80687  2.20358e+00
136 -0.81564 -4.31312e-01 |137 -0.79584 -2.15666e+00 |138 -0.80440  3.37990e-01
139 -0.80302 -4.58084e+00 |140 -0.85445 -1.20077e+01 |141 -0.85572 -3.64743e+00
142 -0.87035  3.29045e+00 |143 -0.90183 -6.80011e+00 |144 -0.90551  2.31425e+00
145  0.38777 -4.50740e+02 |146  0.22442 -1.98532e+03 |147  0.18135  1.11957e+03
148  0.08880  4.72642e+00 |149 -0.16866  8.88040e+00 |150 -0.20539  8.81684e+01
151 -0.17244  4.87730e+01 |152 -0.00016 -1.35205e+03 |153  0.16810 -2.90838e+02
154 -0.02493  1.41271e+00 |155  0.17453  6.48184e+00 |156 -0.07897  1.33895e+00
157  0.41826  8.18144e-05 |158 -0.05685  8.11955e+01 |159 -0.33432  4.74266e+02
160 -0.20988 -8.25333e-01 |161 -0.25277 -7.10215e+00 |162 -0.26993  2.93824e+01
163  0.05831 -2.92653e+00 |164 -0.16684 -1.38644e+01 |165  0.00845 -2.28764e+03
166  0.00278 -2.27935e+03 |167  0.00299 -2.27314e+03 |168 -0.00290 -2.23054e+03
169 -0.00275 -2.22810e+03 |170 -0.00225 -2.22390e+03 |171 -0.00189 -2.22231e+03
172 -0.00185 -2.21993e+03 |173  0.00703 -2.12931e+03 |174  0.00019 -2.11605e+03
175 -0.00204 -2.11127e+03 |176 -0.00569 -2.10220e+03 |177 -0.00318 -2.11415e+03
178 -0.00557 -2.10485e+03 |179  0.00422 -2.07609e+03 |180  0.00318 -2.06767e+03
181 -0.00345 -2.03806e+03 |182  0.01042 -1.99812e+03 |183 -0.00969 -1.96485e+03
184 -0.01410 -1.95451e+03 |185  0.01163 -1.89557e+03 |186  0.01069 -1.89160e+03
187 -0.00559 -1.88011e+03 |188 -0.01268 -1.86907e+03 |189  0.01553 -1.79298e+03
190 -0.01702 -1.73251e+03 |191  0.01919 -1.64180e+03 |192  0.00276 -1.60489e+03
193 -0.00241 -1.59317e+03 |194 -0.00750 -1.56756e+03 |195  0.00851 -1.50477e+03
196  0.00698 -1.48772e+03 |197 -0.01024 -1.35201e+03 |198 -0.01061 -1.32981e+03
199  0.00527 -1.29503e+03 |200  0.00677 -1.28487e+03 |201  0.00189 -1.24521e+03
202 -0.01100 -1.23585e+03 |203 -0.01323 -1.24360e+03 |204  0.02070 -1.31640e+03
205 -0.00930 -1.30883e+03 |206  0.01406 -1.22943e+03 |207 -0.00749 -1.21051e+03
208 -0.01348 -1.18652e+03 |209  0.00673 -1.15038e+03 |210  0.00055 -1.12553e+03
211 -0.00140 -1.01282e+03 |212  0.00322 -9.75298e+02 |213 -0.01355 -9.51686e+02
214 -0.00048 -9.35572e+02 |215  0.02665 -1.03178e+03 |216 -0.03268 -1.04864e+03
217  0.00918 -1.03523e+03 |218  0.01507 -1.02261e+03 |219 -0.00179 -9.69832e+02
220 -0.00391 -8.72771e+02 |221  0.00023 -8.52211e+02 |222 -0.00096 -8.19027e+02
223  0.00176 -7.89899e+02 |224 -0.00265 -7.62140e+02 |225  0.00182 -7.38252e+02
226 -0.00219 -6.75511e+02 |227 -0.00055 -6.17431e+02 |228 -0.00318 -3.84831e+02
229 -0.00615 -3.47315e+02 |230  0.00029 -2.83599e+02 |231 -0.01034 -2.07638e+02
232  0.00903 -8.09288e+01 |233  0.00672 -8.81204e+03 |234  0.00030 -8.73333e+03
235 -0.00876 -8.49886e+03 |236  0.00653 -8.25212e+03 |237 -0.00029 -7.62451e+03
238 -0.01233 -7.56409e+03 |239  0.00848 -7.46909e+03 |240 -0.00008 -7.42367e+03
241 -0.01635 -7.28194e+03 |242  0.01443 -7.23234e+03 |243 -0.00517 -7.13150e+03
244 -0.00017 -7.07969e+03 |245  0.00183 -7.14900e+03 |246  0.00471 -7.04647e+03
247 -0.00593 -6.91050e+03 |248  0.00280 -6.77088e+03 |249  0.00246 -6.63966e+03
250  0.00243 -6.54081e+03 |251 -0.00451 -6.40757e+03 |252  0.00900 -6.49838e+03
253 -0.00865 -6.40611e+03 |254  0.00494 -6.67865e+03 |255 -0.00284 -6.84613e+03
256  0.00838 -6.83226e+03 |257 -0.02431 -6.72172e+03 |258  0.01654 -6.78645e+03
259 -0.00600 -6.53679e+03 |260  0.00309 -6.37940e+03 |261  0.00112 -6.35159e+03
262  0.00367 -6.36494e+03 |263 -0.00503 -6.23117e+03 |264 -0.00042 -6.28043e+03
265  0.00835 -6.06376e+03 |266 -0.00408 -5.57055e+03 |267 -0.00666 -5.38512e+03
268  0.00562 -5.09172e+03 |269 -0.00153 -4.95627e+03 |270  0.00129 -4.40103e+03
271 -0.02046 -4.26206e+03 |272  0.01571 -4.24721e+03 |273  0.00674 -4.14344e+03
274 -0.00747 -3.92343e+03 |275  0.00682 -3.71582e+03 |276 -0.00360 -3.44529e+03
277 -0.00468 -3.21611e+03 |278  0.00550 -2.87236e+03 |279 -0.00406 -2.52087e+03
280  0.00354 -2.26094e+03 |281  0.00085 -2.12445e+03 |282 -0.00245 -2.05163e+03
283 -0.00791 -2.30031e+03 |284  0.01185 -2.59929e+03 |285 -0.01019 -2.50782e+03
286  0.00405 -2.41005e+03 |287  0.01002 -2.31135e+03 |288  0.00277 -1.97108e+03
289 -0.00594 -1.52008e+03 |290 -0.02100 -1.43825e+03 |291  0.02034 -1.55837e+03
292  0.00088 -1.61651e+03 |293 -0.00507 -1.41361e+03 |294 -0.00354 -1.25364e+03
295  0.00333 -9.42924e+02 |296 -0.00494 -3.93848e+02 |297  0.00492  3.09075e+02
298 -0.02190  5.06450e+02 |299  0.01788  6.18685e+02 |300  0.00358  4.49885e+02
301  0.00224  4.86130e+03 |302  0.00387  5.03670e+03 |303 -0.00006  5.31668e+03
304 -0.00127  5.52898e+03 |305  0.00319  6.05297e+03 |306  0.01081  6.09544e+03
307 -0.00981  6.22089e+03 |308  0.00460  6.27516e+03 |309  0.00254  6.38830e+03
310 -0.01898  6.41596e+03 |311  0.01135  6.07881e+03 |312 -0.00910  6.02929e+03
313 -0.00352  5.79863e+03 |314 -0.00029  5.61427e+03 |315  0.00104  5.32770e+03
316 -0.00041  5.27484e+03 |317  0.00137  4.96391e+03 |318 -0.00013  4.87553e+03
319  0.00350  4.67743e+03 |320 -0.00132  4.38657e+03 |321  0.00001  4.26034e+03
322 -0.00081  3.90883e+03 |323  0.00191  3.64371e+03 |324  0.00057  3.40408e+03
325  0.01055  3.39939e+03 |326 -0.01572  3.25553e+03 |327  0.00628  3.13739e+03
328 -0.00114  2.93232e+03 |329 -0.00041  2.67592e+03 |330  0.00326  2.30140e+03
331 -0.00360  2.24873e+03 |332 -0.00195  2.03940e+03 |333 -0.00220  2.00649e+03
334  0.00573  2.32793e+03 |335  0.00911  2.31667e+03 |336 -0.01070  2.51008e+03
337  0.00098  2.50535e+03 |338  0.00226  2.95823e+03 |339  0.01464  2.99288e+03
340 -0.01596  2.94255e+03 |341 -0.00335  2.95943e+03 |342 -0.00005  2.95353e+03
343 -0.00227  3.02602e+03 |344  0.00504  2.97742e+03 |345  0.00072  3.10266e+03
346 -0.00574  3.33312e+03 |347  0.00405  3.42246e+03 |348 -0.00213  3.53322e+03
349  0.00476  3.24763e+03 |350 -0.00083  3.04264e+03 |351  0.00189  2.62696e+03
352 -0.00545  2.18302e+03 |353  0.00750  1.82017e+03 |354 -0.00257  1.77116e+03
355 -0.00460  1.63111e+03 |356  0.00494  1.57558e+03 |357  0.00513  1.61659e+03
358  0.01481  1.47094e+03 |359 -0.01995  1.25198e+03 |360  0.00228  8.60005e+02
361 -0.00019  6.49420e+02 |362  0.00099  5.52889e+02 |363 -0.00182  6.72077e+02
364  0.00086  8.02734e+02 |365 -0.00463  1.21302e+03 |366  0.01963  1.02968e+03
367 -0.02391  1.09507e+03 |368 -0.00422  7.16157e+02 |
368 variables; iteration 60; function evaluation 65; phase 5
Function value 3.4666303e+03; maximum gradient component mag -8.5483e+03
Var    Value     Gradient |Var    Value     Gradient |Var    Value     Gradient
  1 -0.02019  1.25174e+03 |  2  0.11402  3.49582e+00 |  3  0.14656 -1.36177e+01
  4 -0.00714 -2.35770e+00 |  5 -0.06498 -2.36261e+00 |  6  0.06203 -5.03304e+00
  7  0.03867  6.54510e+00 |  8 -0.01362  1.34773e+01 |  9  0.02963  6.29832e+00
 10  0.01232  1.41829e+00 | 11  0.21481  8.45358e+01 | 12 -0.11537 -1.46640e+00
 13 -0.03523  3.21342e+00 | 14 -0.15777 -6.11453e+00 | 15 -0.18650 -8.44647e+00
 16  0.23744  1.07101e+02 | 17  0.01768  3.15218e+01 | 18 -0.08687 -1.26577e+00
 19 -0.03569 -1.11439e+01 | 20  0.00648  1.53621e+01 | 21 -0.08275  9.50985e+00
 22  0.05051  5.28452e+01 | 23 -0.10649  9.51319e+00 | 24 -0.01975  2.43609e+01
 25  0.01771  3.35803e+01 | 26  0.03498  2.64385e+01 | 27 -0.09798  1.53593e+01
 28  0.02583  1.40513e+01 | 29  0.06418  4.56172e+00 | 30 -0.06476  1.51841e-01
 31 -0.17265  2.46878e+00 | 32  0.04464 -7.56424e-02 | 33  0.05714  1.95446e+01
 34  0.07419  2.85878e+01 | 35  0.05654 -1.02443e+01 | 36 -0.03258 -1.75545e+01
 37 -0.00903 -1.12770e+01 | 38  0.06679 -3.85462e+01 | 39 -0.06165 -1.77478e+01
 40  0.22180  4.63135e+01 | 41  0.02609 -3.62470e+00 | 42  0.08345  6.16445e+00
 43 -0.07025 -1.82871e+00 | 44  0.17861  1.08532e+00 | 45 -0.03561 -1.05158e+01
 46 -0.02641 -1.47380e+01 | 47 -0.01209 -2.07966e+01 | 48 -0.08593  6.06410e-01
 49  0.11893  2.11795e+01 | 50  0.02043  5.52491e-01 | 51  0.00676 -1.16259e+01
 52  0.01692 -2.10735e+01 | 53 -0.04291 -5.11771e+00 | 54  0.07433  3.52330e+01
 55 -0.00316 -7.40403e-01 | 56 -0.05947 -2.53500e+01 | 57 -0.06805 -1.23008e+01
 58  0.07157 -7.32249e+00 | 59 -0.04849 -5.19333e+00 | 60  0.00941 -2.76822e+01
 61 -0.01288 -4.68705e+01 | 62  0.05276 -7.48219e+00 | 63  0.08608 -1.05607e+01
 64 -0.07707 -2.58553e+01 | 65 -0.02729 -3.29875e+01 | 66  0.02867 -4.07592e+01
 67 -0.00378 -1.88539e+01 | 68 -0.05400 -2.26005e+01 | 69  0.01786 -6.63822e+01
 70 -0.00337  1.44163e+01 | 71  0.13722  2.16566e+01 | 72 -0.07929 -1.70213e+01
 73 -0.04317 -3.26281e+01 | 74 -0.05171 -3.48164e+01 | 75  0.00639  1.22696e+00
 76 -0.07083  4.04883e+00 | 77  0.01285  1.29165e+01 | 78 -0.50747  1.45244e+01
 79 -0.85491  5.89740e-01 | 80 -0.86421 -9.25876e+00 | 81 -0.82180 -1.42898e+01
 82 -0.74950 -3.17113e+00 | 83 -0.65663 -1.13089e+00 | 84 -0.83525 -1.03188e+00
 85 -0.87094 -1.48842e+01 | 86 -0.79422 -1.45062e+01 | 87 -0.72612 -1.00591e+01
 88 -0.66921 -3.40086e+00 | 89 -0.67210 -1.02647e+01 | 90 -0.71863 -1.01811e+01
 91 -0.70971 -1.19505e+01 | 92 -0.68194 -7.80653e+00 | 93 -0.70402 -1.00054e+01
 94 -0.74656 -1.26130e+01 | 95 -0.72727 -1.39166e+01 | 96 -0.72040 -7.12446e+00
 97 -0.74706 -7.40691e+00 | 98 -0.74903 -9.15611e+00 | 99 -0.67729 -1.21245e+01
100 -0.69091 -7.72216e-01 |101 -0.76001  1.68691e-01 |102 -0.74659 -4.55814e+00
103 -0.73610 -4.13925e+00 |104 -0.71419 -3.55475e+00 |105 -0.68476  3.38821e-01
106 -0.73529  2.05754e+00 |107 -0.76113  4.74729e+00 |108 -0.77152  3.63533e+00
109 -0.82693  5.80128e+00 |110 -0.76523 -3.07820e-01 |111 -0.74782  2.58000e+00
112 -0.75726  8.12231e-01 |113 -0.77812 -6.62326e+00 |114 -0.72592 -1.10236e+00
115 -0.66947  4.10656e+00 |116 -0.67462  1.38030e+00 |117 -0.75600 -3.73376e-01
118 -0.75947 -6.16055e+00 |119 -0.72267 -2.48017e+00 |120 -0.68929 -3.13527e-01
121 -0.70740  8.44299e-01 |122 -0.68279 -1.00027e+00 |123 -0.81084 -4.15146e+00
124 -0.71123 -2.90885e+00 |125 -0.75487  2.09990e+00 |126 -0.77140  2.37657e+00
127 -0.82190 -5.80732e-01 |128 -0.85458  1.68659e+00 |129 -0.83172  3.00718e-01
130 -0.73341  5.72099e+00 |131 -0.81835  1.10597e+00 |132 -0.80115  1.71399e+00
133 -0.78352  3.82445e+00 |134 -0.78660  5.03669e+00 |135 -0.80790  3.24386e+00
136 -0.81296  6.21484e+00 |137 -0.79594 -3.51858e+00 |138 -0.80332  2.80104e+00
139 -0.79780  8.25083e+00 |140 -0.85237 -4.86522e+00 |141 -0.85603 -6.51321e+00
142 -0.87016 -3.33412e-01 |143 -0.90261 -6.72723e+00 |144 -0.90502  4.32546e+00
145  0.38735 -4.32466e+02 |146  0.22338 -1.92716e+03 |147  0.18382  1.11569e+03
148  0.08828 -1.38669e+02 |149 -0.16852 -2.90460e+01 |150 -0.20572  4.18466e+01
151 -0.17196  2.37574e+01 |152 -0.00018 -1.37741e+03 |153  0.16821 -3.01871e+02
154 -0.02508 -3.00981e+01 |155  0.17452 -7.40968e+00 |156 -0.08232  8.10471e-02
157  0.41826  1.88823e-04 |158 -0.05629  6.34828e+01 |159 -0.33425  5.04675e+02
160 -0.21316  2.80671e+01 |161 -0.22932 -3.83169e+00 |162 -0.31092 -6.58356e+00
163  0.06017  2.47989e-01 |164 -0.16551 -1.38079e+01 |165  0.00874 -2.19369e+03
166 -0.00048 -2.18827e+03 |167  0.00544 -2.17821e+03 |168 -0.00453 -2.13614e+03
169 -0.00334 -2.13317e+03 |170 -0.00273 -2.12834e+03 |171 -0.00274 -2.12572e+03
172 -0.00360 -2.12256e+03 |173  0.01506 -2.01361e+03 |174  0.00064 -2.00437e+03
175 -0.00126 -2.00054e+03 |176 -0.01249 -1.99544e+03 |177  0.00311 -1.99140e+03
178 -0.01032 -1.99079e+03 |179  0.00635 -1.95604e+03 |180  0.00386 -1.94764e+03
181 -0.00285 -1.92118e+03 |182  0.00713 -1.89984e+03 |183 -0.00820 -1.85791e+03
184 -0.01044 -1.84636e+03 |185  0.00646 -1.82342e+03 |186  0.01740 -1.79835e+03
187 -0.00415 -1.79318e+03 |188 -0.01862 -1.78911e+03 |189  0.01758 -1.71810e+03
190 -0.01870 -1.67600e+03 |191  0.01879 -1.60800e+03 |192 -0.00305 -1.57158e+03
193  0.00332 -1.54525e+03 |194 -0.00836 -1.52021e+03 |195  0.00639 -1.45629e+03
196  0.00888 -1.43408e+03 |197 -0.00820 -1.28184e+03 |198 -0.00939 -1.26317e+03
199  0.00434 -1.24152e+03 |200  0.00321 -1.23374e+03 |201  0.00584 -1.17135e+03
202 -0.01657 -1.16651e+03 |203 -0.01070 -1.16342e+03 |204  0.02761 -1.23135e+03
205 -0.01388 -1.23747e+03 |206  0.01113 -1.17579e+03 |207 -0.00807 -1.15034e+03
208 -0.01039 -1.11556e+03 |209  0.00451 -1.09241e+03 |210  0.00180 -1.05815e+03
211 -0.00110 -9.44073e+02 |212  0.00383 -9.07363e+02 |213 -0.01246 -8.85843e+02
214 -0.00144 -8.90270e+02 |215  0.02132 -9.90125e+02 |216 -0.02685 -9.91872e+02
217  0.00895 -1.01104e+03 |218  0.01429 -1.02064e+03 |219  0.00084 -9.68769e+02
220 -0.00630 -8.93851e+02 |221  0.00207 -8.73182e+02 |222 -0.00151 -8.42844e+02
223  0.00026 -8.26938e+02 |224 -0.00465 -8.01169e+02 |225  0.00247 -7.73354e+02
226 -0.00247 -6.99502e+02 |227 -0.00025 -6.27112e+02 |228 -0.00165 -3.64054e+02
229 -0.00701 -3.32060e+02 |230  0.00055 -2.73997e+02 |231 -0.01003 -1.98980e+02
232  0.01014 -6.14107e+01 |233  0.00776 -8.54828e+03 |234 -0.00321 -8.47958e+03
235 -0.00511 -8.21767e+03 |236  0.00607 -8.01238e+03 |237 -0.00012 -7.40370e+03
238 -0.01645 -7.34971e+03 |239  0.01515 -7.24759e+03 |240 -0.00073 -7.20041e+03
241 -0.02721 -7.04620e+03 |242  0.02184 -7.00063e+03 |243 -0.00389 -6.85451e+03
244  0.00148 -6.82958e+03 |245  0.00002 -6.92498e+03 |246  0.00613 -6.89356e+03
247 -0.00905 -6.76354e+03 |248  0.00451 -6.58323e+03 |249  0.00312 -6.45988e+03
250  0.00155 -6.37098e+03 |251 -0.00473 -6.28321e+03 |252  0.00786 -6.34377e+03
253 -0.00688 -6.26334e+03 |254  0.00352 -6.53385e+03 |255 -0.00007 -6.67293e+03
256  0.00564 -6.70819e+03 |257 -0.02176 -6.58047e+03 |258  0.01505 -6.67069e+03
259 -0.00641 -6.39183e+03 |260  0.00374 -6.21935e+03 |261  0.00044 -6.20595e+03
262  0.00477 -6.23404e+03 |263 -0.00634 -6.12140e+03 |264 -0.00064 -6.11102e+03
265  0.01037 -5.91775e+03 |266 -0.00555 -5.43611e+03 |267 -0.00563 -5.25682e+03
268  0.00419 -4.94448e+03 |269 -0.00087 -4.77573e+03 |270  0.00137 -4.26928e+03
271 -0.01515 -4.13768e+03 |272  0.00926 -4.17047e+03 |273  0.00728 -4.02844e+03
274 -0.00687 -3.80428e+03 |275  0.00631 -3.62216e+03 |276 -0.00309 -3.31357e+03
277 -0.00388 -3.09191e+03 |278  0.00466 -2.81864e+03 |279 -0.00446 -2.47412e+03
280  0.00362 -2.21256e+03 |281  0.00119 -2.05403e+03 |282 -0.00391 -2.00244e+03
283 -0.00644 -2.17680e+03 |284  0.01179 -2.50896e+03 |285 -0.00927 -2.45441e+03
286  0.00344 -2.38894e+03 |287  0.01060 -2.28086e+03 |288  0.00174 -1.96848e+03
289 -0.00777 -1.50638e+03 |290 -0.02550 -1.39231e+03 |291  0.02687 -1.52827e+03
292  0.00170 -1.59413e+03 |293 -0.00638 -1.42324e+03 |294 -0.00305 -1.22748e+03
295  0.00346 -8.76963e+02 |296 -0.00362 -2.82551e+02 |297  0.00461  2.97800e+02
298 -0.02910  4.50030e+02 |299  0.02318  5.69085e+02 |300  0.00476  4.36554e+02
301  0.00357  4.85025e+03 |302  0.00366  4.98755e+03 |303 -0.00204  5.28117e+03
304 -0.00095  5.44555e+03 |305  0.00334  5.94613e+03 |306  0.01349  6.00448e+03
307 -0.01314  6.12278e+03 |308  0.00624  6.18947e+03 |309  0.00920  6.33051e+03
310 -0.02682  6.34144e+03 |311  0.01142  5.98242e+03 |312 -0.01052  5.90550e+03
313 -0.00185  5.66606e+03 |314 -0.00107  5.42805e+03 |315  0.00231  5.18209e+03
316 -0.00184  5.17386e+03 |317  0.00125  4.86997e+03 |318  0.00113  4.79279e+03
319  0.00317  4.55385e+03 |320 -0.00059  4.25806e+03 |321 -0.00127  4.04914e+03
322 -0.00023  3.70850e+03 |323  0.00147  3.45360e+03 |324  0.00130  3.15595e+03
325  0.00755  3.17769e+03 |326 -0.01372  3.05512e+03 |327  0.00656  2.92606e+03
328 -0.00079  2.75732e+03 |329 -0.00047  2.45680e+03 |330  0.00308  2.09040e+03
331 -0.00305  1.99501e+03 |332 -0.00202  1.81924e+03 |333 -0.00386  1.75426e+03
334  0.00704  2.07316e+03 |335  0.00784  2.06679e+03 |336 -0.00908  2.30222e+03
337  0.00089  2.28051e+03 |338  0.00279  2.68663e+03 |339  0.00900  2.62111e+03
340 -0.01045  2.56703e+03 |341 -0.00380  2.57898e+03 |342 -0.00015  2.56171e+03
343 -0.00259  2.61350e+03 |344  0.00484  2.59159e+03 |345  0.00067  2.73459e+03
346 -0.00520  2.93988e+03 |347  0.00440  3.02560e+03 |348 -0.00272  3.11586e+03
349  0.00482  2.85319e+03 |350 -0.00020  2.64064e+03 |351  0.00156  2.25559e+03
352 -0.00553  1.77619e+03 |353  0.00635  1.39148e+03 |354 -0.00232  1.34871e+03
355 -0.00511  1.27094e+03 |356  0.00623  1.29430e+03 |357  0.00556  1.34460e+03
358  0.02099  1.19337e+03 |359 -0.02670  9.65084e+02 |360  0.00185  5.81566e+02
361  0.00021  3.99720e+02 |362  0.00055  3.42315e+02 |363 -0.00200  5.16440e+02
364  0.00073  7.29366e+02 |365 -0.00400  1.08694e+03 |366  0.02604  9.30156e+02
367 -0.02973  9.96751e+02 |368 -0.00541  6.40236e+02 |
368 variables; iteration 80; function evaluation 85; phase 5
Function value 3.4655852e+03; maximum gradient component mag -8.4320e+03
Var    Value     Gradient |Var    Value     Gradient |Var    Value     Gradient
  1 -0.01989  2.03809e+03 |  2  0.06308 -2.61217e+00 |  3  0.16396 -1.23886e-01
  4 -0.01997 -1.65133e+00 |  5 -0.07197 -3.26343e+00 |  6  0.06477  6.44923e+00
  7  0.03537  5.73114e+00 |  8 -0.01821  7.06857e+00 |  9  0.03200  1.20397e+01
 10  0.01239 -4.30567e-01 | 11  0.21488  9.54273e+01 | 12 -0.11186 -4.36616e+00
 13 -0.03410  2.24105e+00 | 14 -0.14776 -6.22978e+00 | 15 -0.17145 -6.11132e+00
 16  0.23605  1.25797e+02 | 17  0.01398  2.51120e+01 | 18 -0.08723 -5.07613e+00
 19 -0.03628 -1.01391e+01 | 20  0.00630  1.78450e+01 | 21 -0.08832  1.06533e+00
 22  0.05070  6.24756e+01 | 23 -0.10654  7.70326e+00 | 24 -0.02018  2.76825e+01
 25  0.01728  4.26921e+01 | 26  0.03490  3.60852e+01 | 27 -0.09753  1.16202e+01
 28  0.02463  1.62356e+01 | 29  0.06341  1.32967e+01 | 30 -0.06807 -3.03929e+00
 31 -0.17179 -2.21115e+00 | 32  0.04496  1.15303e+01 | 33  0.05786  2.93722e+01
 34  0.07476  3.91758e+01 | 35  0.05638 -1.01019e+00 | 36 -0.03101 -1.46576e+01
 37 -0.00997 -9.13998e+00 | 38  0.06695 -2.65157e+01 | 39 -0.05725 -1.13724e+01
 40  0.22090  6.59994e+01 | 41  0.02654  1.72021e+00 | 42  0.08167  2.19701e+00
 43 -0.07045 -3.46892e+00 | 44  0.17803  2.39116e+01 | 45 -0.03650 -1.51592e+01
 46 -0.02667 -1.02372e+01 | 47 -0.01216 -1.01409e+01 | 48 -0.08716 -7.24925e+00
 49  0.11844  3.17158e+01 | 50  0.01990  2.70458e+00 | 51  0.00698 -7.72857e-01
 52  0.01605 -2.81304e+01 | 53 -0.04341 -1.04098e+01 | 54  0.07390  4.23209e+01
 55 -0.00380 -5.91446e+00 | 56 -0.06001 -2.98592e+01 | 57 -0.06857 -1.80807e+01
 58  0.07095 -1.60794e+01 | 59 -0.04897 -1.07620e+01 | 60  0.00897 -2.93749e+01
 61 -0.01337 -5.33440e+01 | 62  0.05243 -1.02099e+01 | 63  0.08548 -2.58746e+01
 64 -0.07771 -3.33047e+01 | 65 -0.02763 -3.67529e+01 | 66  0.02830 -4.60351e+01
 67 -0.00434 -3.05003e+01 | 68 -0.05450 -3.19452e+01 | 69  0.01758 -7.19198e+01
 70 -0.00357  9.29100e+00 | 71  0.13694  1.70204e+01 | 72 -0.07912 -1.99005e+01
 73 -0.04347 -3.90467e+01 | 74 -0.05232 -4.58728e+01 | 75  0.00534 -1.99794e+01
 76 -0.07154 -5.93845e+00 | 77  0.01195  1.11321e+00 | 78 -0.52323 -2.79239e-01
 79 -0.85541 -5.93536e-01 | 80 -0.86444 -1.03263e+01 | 81 -0.82126 -1.26644e+01
 82 -0.75177 -7.06794e+00 | 83 -0.67297 -1.17685e+01 | 84 -0.83804 -7.11280e+00
 85 -0.87079 -1.59789e+01 | 86 -0.79366 -1.69515e+01 | 87 -0.72374 -1.08728e+01
 88 -0.67856 -1.46706e+01 | 89 -0.66635 -7.62895e+00 | 90 -0.71443 -7.98741e+00
 91 -0.70999 -1.47766e+01 | 92 -0.68616 -1.40137e+01 | 93 -0.70287 -1.09432e+01
 94 -0.74437 -1.16745e+01 | 95 -0.72208 -9.87229e+00 | 96 -0.72100 -9.72385e+00
 97 -0.74704 -9.75320e+00 | 98 -0.74855 -1.17726e+01 | 99 -0.66618 -5.88045e+00
100 -0.69353 -6.33790e+00 |101 -0.76297 -6.49585e+00 |102 -0.74834 -9.40246e+00
103 -0.73687 -8.32750e+00 |104 -0.71327 -5.77690e+00 |105 -0.68561 -2.71672e+00
106 -0.73505  8.06994e-01 |107 -0.76205  2.33060e+00 |108 -0.77294  3.61008e-01
109 -0.82742  1.93234e+00 |110 -0.76483 -2.65232e+00 |111 -0.75059 -3.97524e+00
112 -0.75843 -2.88866e+00 |113 -0.77707 -7.46315e+00 |114 -0.72571 -3.84140e+00
115 -0.67159 -1.82660e+00 |116 -0.67512 -9.92260e-01 |117 -0.75638 -2.06895e+00
118 -0.75813 -4.87009e+00 |119 -0.72208 -3.17157e+00 |120 -0.69006 -3.07614e+00
121 -0.70976 -3.45887e+00 |122 -0.68435 -3.98219e+00 |123 -0.81087 -4.75662e+00
124 -0.71183 -4.77713e+00 |125 -0.75507  1.04732e+00 |126 -0.77210  1.17605e+00
127 -0.82196 -8.57302e-01 |128 -0.85456  2.00245e+00 |129 -0.83143  1.16272e+00
130 -0.73602  2.19072e+00 |131 -0.81844  9.41310e-01 |132 -0.80150  1.25144e+00
133 -0.78363  3.60012e+00 |134 -0.78696  4.28217e+00 |135 -0.80869  1.88060e+00
136 -0.81373  4.27696e+00 |137 -0.79509 -1.23784e+00 |138 -0.80394  1.74033e+00
139 -0.79930  5.21010e+00 |140 -0.85189 -1.48347e+00 |141 -0.85650 -7.62824e+00
142 -0.87052 -2.22253e+00 |143 -0.90211  1.76847e-01 |144 -0.90452  8.92051e+00
145  0.38722 -4.29067e+02 |146  0.22390 -1.90039e+03 |147  0.20036  1.16796e+03
148  0.08826 -1.38547e+02 |149 -0.16843 -8.68839e+00 |150 -0.20572  5.69133e+01
151 -0.17241  3.22062e+01 |152 -0.00021 -1.37804e+03 |153  0.16823 -2.80605e+02
154 -0.02498 -3.07602e+00 |155  0.17457  2.83730e+00 |156 -0.08662 -4.74854e-01
157  0.41826  1.41188e-04 |158 -0.05670  7.32685e+01 |159 -0.33421  3.73510e+02
160 -0.21385 -2.64714e+01 |161 -0.22702 -2.48214e+01 |162 -0.31463 -1.26933e+01
163  0.05981  7.04055e-01 |164 -0.16566 -1.23262e+01 |165  0.00896 -2.17607e+03
166 -0.00088 -2.17092e+03 |167  0.00577 -2.16095e+03 |168 -0.00400 -2.11940e+03
169 -0.00167 -2.11622e+03 |170 -0.00103 -2.11221e+03 |171 -0.00387 -2.11085e+03
172 -0.00735 -2.10903e+03 |173  0.01550 -2.00676e+03 |174 -0.00114 -1.99793e+03
175  0.00178 -1.99209e+03 |176 -0.01271 -1.98831e+03 |177  0.00075 -1.98639e+03
178 -0.00768 -1.98130e+03 |179  0.00559 -1.95288e+03 |180  0.00364 -1.94535e+03
181 -0.00309 -1.91860e+03 |182  0.00812 -1.89397e+03 |183 -0.00834 -1.85508e+03
184 -0.01113 -1.84529e+03 |185  0.00687 -1.82436e+03 |186  0.01393 -1.80467e+03
187 -0.00258 -1.79433e+03 |188 -0.01770 -1.78891e+03 |189  0.01826 -1.71331e+03
190 -0.01886 -1.67075e+03 |191  0.01908 -1.59974e+03 |192 -0.00081 -1.56411e+03
193  0.00095 -1.54505e+03 |194 -0.00788 -1.52042e+03 |195  0.00703 -1.45880e+03
196  0.00718 -1.43860e+03 |197 -0.00818 -1.28235e+03 |198 -0.00930 -1.26244e+03
199  0.00464 -1.23836e+03 |200  0.00377 -1.23036e+03 |201  0.00526 -1.17312e+03
202 -0.01614 -1.16788e+03 |203 -0.01077 -1.16625e+03 |204  0.02484 -1.23252e+03
205 -0.01070 -1.23272e+03 |206  0.01109 -1.18366e+03 |207 -0.00812 -1.16031e+03
208 -0.01100 -1.12761e+03 |209  0.00467 -1.10299e+03 |210  0.00160 -1.06758e+03
211 -0.00151 -9.52090e+02 |212  0.00423 -9.10329e+02 |213 -0.01292 -8.88472e+02
214 -0.00111 -8.86123e+02 |215  0.02413 -9.74315e+02 |216 -0.02924 -9.84918e+02
217  0.00896 -1.00465e+03 |218  0.01400 -1.01564e+03 |219  0.00052 -9.62974e+02
220 -0.00533 -8.85709e+02 |221  0.00212 -8.66093e+02 |222 -0.00165 -8.36747e+02
223  0.00002 -8.21570e+02 |224 -0.00451 -7.95498e+02 |225  0.00177 -7.68318e+02
226 -0.00216 -6.89749e+02 |227  0.00025 -6.15814e+02 |228 -0.00211 -3.63750e+02
229 -0.00723 -3.31303e+02 |230  0.00049 -2.71620e+02 |231 -0.00965 -1.94068e+02
232  0.01016 -5.94685e+01 |233  0.00797 -8.43197e+03 |234 -0.00292 -8.38468e+03
235 -0.00619 -8.13824e+03 |236  0.00636 -7.93551e+03 |237  0.00019 -7.32239e+03
238 -0.01506 -7.26922e+03 |239  0.01533 -7.17036e+03 |240 -0.00179 -7.13060e+03
241 -0.03102 -6.98336e+03 |242  0.02523 -6.96099e+03 |243 -0.00363 -6.82946e+03
244  0.00051 -6.80422e+03 |245  0.00061 -6.87482e+03 |246  0.00553 -6.85497e+03
247 -0.00796 -6.73249e+03 |248  0.00382 -6.57576e+03 |249  0.00301 -6.44813e+03
250  0.00178 -6.35458e+03 |251 -0.00465 -6.26550e+03 |252  0.00797 -6.34148e+03
253 -0.00761 -6.26831e+03 |254  0.00403 -6.54337e+03 |255 -0.00059 -6.67709e+03
256  0.00704 -6.69896e+03 |257 -0.02290 -6.57309e+03 |258  0.01535 -6.64488e+03
259 -0.00626 -6.36783e+03 |260  0.00389 -6.22377e+03 |261  0.00045 -6.23070e+03
262  0.00411 -6.27215e+03 |263 -0.00620 -6.15570e+03 |264 -0.00029 -6.11879e+03
265  0.01026 -5.91059e+03 |266 -0.00566 -5.47013e+03 |267 -0.00510 -5.28371e+03
268  0.00387 -4.98010e+03 |269 -0.00101 -4.81887e+03 |270  0.00164 -4.31228e+03
271 -0.01637 -4.18880e+03 |272  0.01038 -4.19992e+03 |273  0.00729 -4.05810e+03
274 -0.00712 -3.85247e+03 |275  0.00634 -3.67563e+03 |276 -0.00307 -3.37219e+03
277 -0.00417 -3.14766e+03 |278  0.00515 -2.84555e+03 |279 -0.00452 -2.50801e+03
280  0.00352 -2.26827e+03 |281  0.00102 -2.11233e+03 |282 -0.00367 -2.05428e+03
283 -0.00647 -2.22410e+03 |284  0.01166 -2.53202e+03 |285 -0.00921 -2.47412e+03
286  0.00383 -2.40342e+03 |287  0.01047 -2.30575e+03 |288  0.00161 -2.01183e+03
289 -0.00798 -1.55805e+03 |290 -0.02878 -1.44195e+03 |291  0.02986 -1.55608e+03
292  0.00172 -1.59921e+03 |293 -0.00626 -1.41819e+03 |294 -0.00288 -1.21362e+03
295  0.00336 -8.52831e+02 |296 -0.00367 -2.65862e+02 |297  0.00482  3.17484e+02
298 -0.02297  4.70923e+02 |299  0.01688  5.82302e+02 |300  0.00484  4.53766e+02
301 -0.00051  5.11777e+03 |302  0.00410  5.18763e+03 |303 -0.00146  5.44064e+03
304 -0.00154  5.57219e+03 |305  0.00345  6.07370e+03 |306  0.01197  6.09801e+03
307 -0.01172  6.21810e+03 |308  0.00684  6.27493e+03 |309  0.01139  6.41153e+03
310 -0.03039  6.39567e+03 |311  0.01162  6.05530e+03 |312 -0.00995  5.97997e+03
313 -0.00195  5.75988e+03 |314 -0.00107  5.50783e+03 |315  0.00194  5.24684e+03
316 -0.00133  5.21243e+03 |317  0.00120  4.90577e+03 |318  0.00083  4.82945e+03
319  0.00345  4.59577e+03 |320 -0.00058  4.27532e+03 |321 -0.00083  4.05152e+03
322 -0.00083  3.68931e+03 |323  0.00161  3.43400e+03 |324  0.00094  3.13158e+03
325  0.00830  3.15169e+03 |326 -0.01398  3.04223e+03 |327  0.00637  2.91158e+03
328 -0.00117  2.72946e+03 |329 -0.00008  2.44019e+03 |330  0.00321  2.05778e+03
331 -0.00329  1.96569e+03 |332 -0.00191  1.79782e+03 |333 -0.00389  1.72656e+03
334  0.00702  2.02956e+03 |335  0.00737  2.01603e+03 |336 -0.00869  2.25435e+03
337  0.00095  2.22667e+03 |338  0.00269  2.63466e+03 |339  0.00978  2.58276e+03
340 -0.01132  2.54138e+03 |341 -0.00383  2.56440e+03 |342  0.00021  2.55570e+03
343 -0.00247  2.59631e+03 |344  0.00462  2.55551e+03 |345  0.00068  2.69683e+03
346 -0.00546  2.92176e+03 |347  0.00466  3.01849e+03 |348 -0.00273  3.09094e+03
349  0.00498  2.82482e+03 |350 -0.00047  2.60550e+03 |351  0.00130  2.22777e+03
352 -0.00523  1.78135e+03 |353  0.00631  1.40222e+03 |354 -0.00264  1.36715e+03
355 -0.00484  1.31298e+03 |356  0.00628  1.33682e+03 |357  0.00552  1.39144e+03
358  0.02420  1.25608e+03 |359 -0.02965  1.05453e+03 |360  0.00195  6.80291e+02
361  0.00012  4.83512e+02 |362  0.00036  4.21846e+02 |363 -0.00176  6.05528e+02
364  0.00072  7.95644e+02 |365 -0.00407  1.14698e+03 |366  0.01976  9.70551e+02
367 -0.02349  1.03536e+03 |368 -0.00527  6.73328e+02 |
368 variables; iteration 100; function evaluation 108; phase 5
Function value 3.4627357e+03; maximum gradient component mag -1.0416e+04
Var    Value     Gradient |Var    Value     Gradient |Var    Value     Gradient
  1 -0.01989  3.88904e+03 |  2 -0.05709 -2.18163e+01 |  3  0.18312  9.78238e+00
  4 -0.04512 -4.39086e+00 |  5 -0.05346  6.56964e+00 |  6  0.05826  1.51801e+00
  7  0.03586  3.35507e+00 |  8 -0.01744  9.12303e+00 |  9  0.03125  8.24211e+00
 10  0.01468 -1.62772e+01 | 11  0.21506  8.64185e+01 | 12 -0.10950 -2.05950e+01
 13 -0.03715 -2.29680e+01 | 14 -0.16108 -3.14680e+01 | 15 -0.17967 -2.92830e+01
 16  0.23775  1.42788e+02 | 17  0.01684  1.27551e+01 | 18 -0.08241 -1.76967e+01
 19 -0.03673 -2.05027e+01 | 20  0.00841  1.72064e+01 | 21 -0.08520 -6.96024e+00
 22  0.05089  5.87913e+01 | 23 -0.10641 -7.34904e+00 | 24 -0.02187  1.65712e+01
 25  0.02039  4.91209e+01 | 26  0.03552  4.59313e+01 | 27 -0.09840 -3.94082e+00
 28  0.02141  2.98645e+00 | 29  0.06324  2.77314e+01 | 30 -0.06815 -1.10997e+01
 31 -0.17386 -1.88057e+01 | 32  0.04939  3.73410e+01 | 33  0.05215  1.89873e+01
 34  0.07780  5.59217e+01 | 35  0.05447  5.04169e+00 | 36 -0.03055 -2.08951e+01
 37 -0.01103 -2.79758e+00 | 38  0.06606 -1.68727e+01 | 39 -0.05530 -1.83129e+01
 40  0.22000  1.07245e+02 | 41  0.02919  8.41982e+00 | 42  0.08341  3.40225e+01
 43 -0.07156 -1.84194e+01 | 44  0.17845  9.19683e+01 | 45 -0.03595 -1.57362e+01
 46 -0.02610 -2.92655e+00 | 47 -0.01210 -6.88723e+00 | 48 -0.08615 -6.37629e+00
 49  0.11825  8.16853e+01 | 50  0.01997  1.95294e+01 | 51  0.00598 -1.06441e-01
 52  0.01622 -7.29139e+00 | 53 -0.04300  2.04084e-01 | 54  0.07383  8.77966e+01
 55 -0.00373  1.26869e+01 | 56 -0.05965 -1.92054e+01 | 57 -0.06813 -1.28312e+01
 58  0.07094  1.95947e+01 | 59 -0.04857 -3.79938e+00 | 60  0.00878 -1.74930e+01
 61 -0.01352 -5.93895e+01 | 62  0.05259 -5.87111e+00 | 63  0.08562 -9.24016e+00
 64 -0.07694 -3.90540e+01 | 65 -0.02770 -4.96563e+01 | 66  0.02870 -5.79862e+01
 67 -0.00412 -4.89971e+01 | 68 -0.05340 -3.59030e+01 | 69  0.01836 -8.27932e+01
 70 -0.00293 -6.89245e+00 | 71  0.13692 -1.16801e+01 | 72 -0.07948 -4.60868e+01
 73 -0.04429 -6.81096e+01 | 74 -0.05157 -5.61193e+01 | 75  0.00534 -3.72428e+01
 76 -0.07142 -2.94319e+01 | 77  0.01174 -2.37148e+01 | 78 -0.53290 -8.36506e+00
 79 -0.85399  5.48769e+00 | 80 -0.86445 -1.09427e+01 | 81 -0.82221 -1.66977e+01
 82 -0.75176 -8.90744e+00 | 83 -0.64968  3.39131e-01 | 84 -0.83962 -1.57573e+01
 85 -0.86910 -5.11451e+00 | 86 -0.79606 -2.19490e+01 | 87 -0.72495 -1.17709e+01
 88 -0.67300 -1.31209e+01 | 89 -0.66680 -8.86781e+00 | 90 -0.71597 -9.89629e+00
 91 -0.71069 -1.65893e+01 | 92 -0.68702 -1.61553e+01 | 93 -0.70462 -1.37590e+01
 94 -0.74388 -1.13278e+01 | 95 -0.72349 -1.31200e+01 | 96 -0.72256 -1.37396e+01
 97 -0.74815 -1.50675e+01 | 98 -0.74894 -1.65073e+01 | 99 -0.66545 -8.46056e+00
100 -0.69035 -3.73729e+00 |101 -0.76127 -4.40106e+00 |102 -0.74891 -1.43522e+01
103 -0.73574 -1.05324e+01 |104 -0.71262 -9.71476e+00 |105 -0.68482 -6.43534e+00
106 -0.73459 -3.73084e+00 |107 -0.76308 -4.04605e+00 |108 -0.77311 -4.46718e+00
109 -0.83060 -1.38381e+01 |110 -0.76451 -9.27784e+00 |111 -0.75062 -1.02901e+01
112 -0.75739 -9.25273e+00 |113 -0.77923 -2.13954e+01 |114 -0.72538 -1.38741e+01
115 -0.67303 -1.25448e+01 |116 -0.67290 -6.59434e+00 |117 -0.75637 -6.95892e+00
118 -0.76195 -2.11237e+01 |119 -0.72257 -1.37770e+01 |120 -0.69147 -1.42324e+01
121 -0.70917 -1.07748e+01 |122 -0.68444 -1.19204e+01 |123 -0.81059 -9.08976e+00
124 -0.71183 -1.39543e+01 |125 -0.75515 -3.75002e+00 |126 -0.77062 -1.03158e+00
127 -0.82194 -4.39067e+00 |128 -0.85492 -8.22166e-01 |129 -0.82950  6.77598e+00
130 -0.73439  8.84291e-01 |131 -0.81830 -3.82522e-01 |132 -0.80120 -1.21802e+00
133 -0.78367  1.46303e+00 |134 -0.78617  3.72962e+00 |135 -0.80739  3.89135e+00
136 -0.81335  7.29980e+00 |137 -0.79854 -6.30756e+00 |138 -0.80312  7.58605e+00
139 -0.79923  9.31930e+00 |140 -0.85188  4.05956e+00 |141 -0.85719 -7.23371e+00
142 -0.87154 -5.45891e+00 |143 -0.90245 -5.02925e+00 |144 -0.90546  6.58208e-01
145  0.38728 -4.52400e+02 |146  0.22354 -2.34797e+03 |147  0.29150  2.58019e+02
148  0.08828 -1.15734e+02 |149 -0.16850  3.42384e+01 |150 -0.20577  1.35606e+02
151 -0.17288  1.43180e+02 |152 -0.00019 -1.32771e+03 |153  0.16825 -2.73493e+02
154 -0.02506 -2.71000e+00 |155  0.17482  1.18507e+01 |156 -0.09589 -1.40197e+00
157  0.41826  1.65862e-04 |158 -0.05647  1.10823e+02 |159 -0.33428  1.88429e+02
160 -0.21344 -9.32061e+01 |161 -0.23481 -5.05807e+01 |162 -0.30422 -1.21513e+01
163  0.05999  1.34772e+01 |164 -0.16709 -1.62919e+01 |165  0.00922 -2.29460e+03
166 -0.00003 -2.28957e+03 |167  0.00479 -2.28121e+03 |168 -0.00525 -2.24161e+03
169 -0.00196 -2.23794e+03 |170  0.00248 -2.23193e+03 |171 -0.00278 -2.23169e+03
172 -0.00916 -2.23075e+03 |173  0.01561 -2.13033e+03 |174 -0.00340 -2.12344e+03
175  0.00121 -2.11685e+03 |176 -0.01171 -2.11222e+03 |177  0.00221 -2.10534e+03
178 -0.00906 -2.10280e+03 |179  0.00593 -2.06788e+03 |180  0.00356 -2.06043e+03
181 -0.00278 -2.03399e+03 |182  0.00908 -2.00430e+03 |183 -0.00937 -1.97148e+03
184 -0.01286 -1.96246e+03 |185  0.00896 -1.93112e+03 |186  0.01388 -1.91446e+03
187 -0.00266 -1.90449e+03 |188 -0.01716 -1.89951e+03 |189  0.01546 -1.82337e+03
190 -0.01540 -1.77029e+03 |191  0.01708 -1.71772e+03 |192 -0.00234 -1.68090e+03
193  0.00131 -1.65549e+03 |194 -0.00704 -1.62615e+03 |195  0.00691 -1.55595e+03
196  0.00803 -1.53254e+03 |197 -0.00872 -1.37906e+03 |198 -0.00940 -1.35671e+03
199  0.00503 -1.33334e+03 |200  0.00441 -1.32449e+03 |201  0.00336 -1.26828e+03
202 -0.01422 -1.26033e+03 |203 -0.01173 -1.25896e+03 |204  0.02380 -1.30754e+03
205 -0.00908 -1.30321e+03 |206  0.01288 -1.25333e+03 |207 -0.00795 -1.23622e+03
208 -0.01346 -1.21085e+03 |209  0.00619 -1.17032e+03 |210  0.00112 -1.14271e+03
211 -0.00145 -1.03506e+03 |212  0.00312 -9.97917e+02 |213 -0.01144 -9.72726e+02
214 -0.00239 -9.78094e+02 |215  0.01951 -1.03767e+03 |216 -0.02453 -1.02765e+03
217  0.00821 -1.04483e+03 |218  0.01604 -1.03736e+03 |219  0.00060 -9.91493e+02
220 -0.00579 -9.19521e+02 |221  0.00070 -9.00756e+02 |222 -0.00076 -8.68623e+02
223  0.00019 -8.50349e+02 |224 -0.00437 -8.23784e+02 |225  0.00107 -7.97374e+02
226 -0.00187 -7.16771e+02 |227  0.00008 -6.41685e+02 |228 -0.00322 -3.81388e+02
229 -0.00675 -3.42943e+02 |230  0.00215 -2.77783e+02 |231 -0.01055 -2.06919e+02
232  0.01036 -6.26302e+01 |233  0.00748 -1.04164e+04 |234 -0.00189 -1.03709e+04
235 -0.00639 -1.01633e+04 |236  0.00607 -9.97523e+03 |237 -0.00172 -9.36795e+03
238 -0.01307 -9.29845e+03 |239  0.01298 -9.20669e+03 |240  0.00258 -9.15710e+03
241 -0.03111 -9.00989e+03 |242  0.02356 -8.95299e+03 |243 -0.00401 -8.82294e+03
244  0.00027 -8.79758e+03 |245  0.00156 -8.84491e+03 |246  0.00477 -8.77033e+03
247 -0.00786 -8.61500e+03 |248  0.00389 -8.43308e+03 |249  0.00263 -8.29763e+03
250  0.00254 -8.14543e+03 |251 -0.00530 -8.03241e+03 |252  0.00906 -8.08498e+03
253 -0.00836 -8.01781e+03 |254  0.00394 -8.24859e+03 |255 -0.00013 -8.33319e+03
256  0.00630 -8.35962e+03 |257 -0.02403 -8.21983e+03 |258  0.01591 -8.24384e+03
259 -0.00466 -7.96655e+03 |260  0.00296 -7.77521e+03 |261  0.00106 -7.75894e+03
262  0.00343 -7.79054e+03 |263 -0.00550 -7.63719e+03 |264 -0.00045 -7.57599e+03
265  0.00922 -7.35685e+03 |266 -0.00378 -6.85069e+03 |267 -0.00693 -6.69667e+03
268  0.00441 -6.33995e+03 |269 -0.00038 -6.16809e+03 |270  0.00093 -5.60537e+03
271 -0.01536 -5.45750e+03 |272  0.01034 -5.41749e+03 |273  0.00660 -5.23963e+03
274 -0.00722 -5.01960e+03 |275  0.00626 -4.77234e+03 |276 -0.00317 -4.44147e+03
277 -0.00385 -4.15700e+03 |278  0.00512 -3.81645e+03 |279 -0.00464 -3.46385e+03
280  0.00360 -3.15584e+03 |281  0.00142 -2.97386e+03 |282 -0.00405 -2.90257e+03
283 -0.00687 -3.00225e+03 |284  0.01239 -3.20509e+03 |285 -0.00949 -3.14029e+03
286  0.00331 -3.02471e+03 |287  0.01106 -2.87666e+03 |288  0.00132 -2.53377e+03
289 -0.00788 -2.05459e+03 |290 -0.02696 -1.92428e+03 |291  0.02827 -1.97869e+03
292  0.00147 -1.95991e+03 |293 -0.00595 -1.75431e+03 |294 -0.00312 -1.53799e+03
295  0.00319 -1.12743e+03 |296 -0.00379 -4.90671e+02 |297  0.00517  1.33904e+02
298 -0.01801  2.94323e+02 |299  0.01223  4.35151e+02 |300  0.00370  3.60997e+02
301 -0.02000  1.19301e+03 |302  0.00406  1.20152e+03 |303 -0.00186  1.39829e+03
304 -0.00175  1.49688e+03 |305  0.00325  2.00024e+03 |306  0.01217  2.04577e+03
307 -0.01206  2.16018e+03 |308  0.00414  2.22368e+03 |309  0.01248  2.37085e+03
310 -0.02923  2.39376e+03 |311  0.01268  2.11280e+03 |312 -0.01059  2.03515e+03
313 -0.00318  1.85142e+03 |314  0.00001  1.72396e+03 |315  0.00188  1.51712e+03
316 -0.00156  1.52655e+03 |317  0.00120  1.27265e+03 |318  0.00065  1.26450e+03
319  0.00394  1.08114e+03 |320 -0.00140  8.06836e+02 |321 -0.00085  6.66117e+02
322 -0.00054  3.77294e+02 |323  0.00170  1.83098e+02 |324  0.00103 -4.86451e+01
325  0.01045  2.06174e+01 |326 -0.01603 -6.73787e+01 |327  0.00527 -1.43168e+02
328  0.00014 -2.51079e+02 |329 -0.00073 -4.72452e+02 |330  0.00373 -7.77652e+02
331 -0.00412 -8.20165e+02 |332 -0.00111 -9.01458e+02 |333 -0.00310 -9.32549e+02
334  0.00577 -5.81725e+02 |335  0.00850 -5.30254e+02 |336 -0.00925 -2.44647e+02
337  0.00045 -2.09439e+02 |338  0.00281  2.73048e+02 |339  0.00921  3.40240e+02
340 -0.01135  3.63660e+02 |341 -0.00293  4.93537e+02 |342  0.00004  5.20494e+02
343 -0.00279  6.36626e+02 |344  0.00510  6.79795e+02 |345  0.00049  9.00104e+02
346 -0.00550  1.19639e+03 |347  0.00472  1.36201e+03 |348 -0.00277  1.51721e+03
349  0.00468  1.32833e+03 |350 -0.00028  1.19089e+03 |351  0.00169  9.11177e+02
352 -0.00588  5.66130e+02 |353  0.00694  2.92906e+02 |354 -0.00252  3.18849e+02
355 -0.00572  3.29285e+02 |356  0.00705  4.75991e+02 |357  0.00547  5.80694e+02
358  0.02194  4.94651e+02 |359 -0.02814  3.46785e+02 |360  0.00259  1.08995e+02
361  0.00012 -1.17811e+01 |362  0.00028 -2.74554e+01 |363 -0.00183  2.24640e+02
364  0.00126  4.96789e+02 |365 -0.00434  8.80491e+02 |366  0.01429  7.41592e+02
367 -0.01873  8.53508e+02 |368 -0.00428  5.97256e+02 |
368 variables; iteration 120; function evaluation 128; phase 5
Function value 3.4254962e+03; maximum gradient component mag 3.4716e+03
Var    Value     Gradient |Var    Value     Gradient |Var    Value     Gradient
  1 -0.02035  3.47161e+03 |  2  0.03013 -9.44391e+00 |  3  0.16346  9.85809e+00
  4  0.02396  2.83853e+01 |  5 -0.06700  5.62420e+00 |  6  0.05974 -6.90417e-01
  7  0.02465 -8.46519e+00 |  8 -0.00883  1.69239e+01 |  9  0.04003  3.35978e+01
 10  0.00529 -2.76449e+01 | 11  0.22263  7.52334e+01 | 12 -0.12290 -2.93263e+01
 13 -0.02189 -1.37315e+01 | 14 -0.14840 -2.82550e+01 | 15 -0.21227 -4.46220e+01
 16  0.24251  1.22369e+02 | 17  0.00389 -2.50021e+01 | 18 -0.08929 -2.56624e+01
 19 -0.02804  5.53878e+00 | 20 -0.00157 -2.21163e+01 | 21 -0.07317 -2.57737e+00
 22  0.05002  3.56529e+01 | 23 -0.10964 -2.00208e+01 | 24 -0.02752 -1.34829e+01
 25  0.02276  3.58335e+01 | 26  0.03374  1.97946e+01 | 27 -0.10482 -1.26588e+01
 28  0.02895  4.50096e+01 | 29  0.06461  2.60278e+01 | 30 -0.06314  3.42373e+00
 31 -0.16448 -1.00974e+01 | 32  0.04220  1.64272e+01 | 33  0.05852  2.75572e+01
 34  0.07552  4.48380e+01 | 35  0.05740  2.30787e+01 | 36 -0.04125 -1.90677e+01
 37 -0.00523  5.55358e+00 | 38  0.06971  2.74070e+01 | 39 -0.06325 -2.06127e+01
 40  0.22067  8.49120e+01 | 41  0.02346 -1.56038e+01 | 42  0.08242  1.23901e+01
 43 -0.06750 -2.70215e+00 | 44  0.18047  1.44768e+02 | 45 -0.03685 -1.90964e+01
 46 -0.02285  2.95990e+01 | 47 -0.00872  4.40756e+01 | 48 -0.08423  5.99634e+00
 49  0.11890  6.72435e+01 | 50  0.02023  9.69178e+00 | 51  0.00893  2.83920e+01
 52  0.01762  4.76169e+00 | 53 -0.04415 -4.88452e+01 | 54  0.07366  2.39580e+01
 55 -0.00421 -7.42539e+00 | 56 -0.06039 -4.55554e+01 | 57 -0.06865 -4.06114e+01
 58  0.07284  7.71214e+01 | 59 -0.05018 -5.75921e+01 | 60  0.01103  2.04312e+01
 61 -0.01304 -3.59787e+01 | 62  0.05243 -4.27363e+01 | 63  0.08540 -1.37972e+01
 64 -0.07436 -4.56964e+00 | 65 -0.02623 -1.72596e+01 | 66  0.02801 -9.74663e+01
 67 -0.00284 -1.11406e+01 | 68 -0.05731 -8.64490e+01 | 69  0.01966 -7.81825e+01
 70 -0.00355 -4.22825e+01 | 71  0.13939  1.33786e+01 | 72 -0.07625 -2.63903e+01
 73 -0.04381 -7.69368e+01 | 74 -0.05295 -4.54435e+01 | 75  0.00122 -8.97917e+01
 76 -0.06971 -3.07664e+01 | 77  0.00850 -6.19309e+01 | 78 -0.51623  9.03187e-01
 79 -0.86080 -2.19771e+01 | 80 -0.86500 -3.57181e+00 | 81 -0.81797  2.19890e+00
 82 -0.75397 -8.26631e+00 | 83 -0.66256 -1.43739e+00 | 84 -0.83903 -2.28513e+00
 85 -0.87267 -1.31225e+01 | 86 -0.79373 -1.10268e+01 | 87 -0.71743 -1.52835e+00
 88 -0.68142 -1.72768e+01 | 89 -0.66611 -7.50724e+00 | 90 -0.70901  3.44121e+00
 91 -0.70491 -5.78615e+00 | 92 -0.68305 -1.00394e+01 | 93 -0.69928 -6.59016e+00
 94 -0.74038 -2.55823e+00 | 95 -0.71664 -1.46077e+00 | 96 -0.71776 -6.87553e+00
 97 -0.74025  5.25625e-01 | 98 -0.74535 -8.46562e+00 | 99 -0.67433 -1.55163e+01
100 -0.69501 -1.05302e+01 |101 -0.75770 -1.58606e+00 |102 -0.74793 -1.10310e+01
103 -0.72844  9.65892e-01 |104 -0.71112 -1.03026e+01 |105 -0.68637 -1.29214e+01
106 -0.73429 -4.68074e+00 |107 -0.75873  1.54251e+00 |108 -0.76885  1.02455e+00
109 -0.82694 -3.47466e+00 |110 -0.76050 -4.33072e+00 |111 -0.74770 -9.30298e+00
112 -0.75600 -8.50977e+00 |113 -0.77694 -1.87726e+01 |114 -0.72051 -8.69451e+00
115 -0.67062 -1.48254e+01 |116 -0.67428 -1.00091e+01 |117 -0.75523 -4.81708e+00
118 -0.75903 -1.51691e+01 |119 -0.71963 -7.21465e+00 |120 -0.69111 -1.28369e+01
121 -0.70814 -7.98840e+00 |122 -0.68230 -5.26575e+00 |123 -0.80955 -3.77067e+00
124 -0.70988 -8.03348e+00 |125 -0.75631 -4.81355e+00 |126 -0.77278 -4.87740e+00
127 -0.82079 -1.42498e+00 |128 -0.85324  3.74155e+00 |129 -0.83047 -4.65120e-01
130 -0.73535 -3.40033e+00 |131 -0.81846 -2.08433e+00 |132 -0.80398 -6.02129e+00
133 -0.78756 -6.79207e+00 |134 -0.78601  1.68069e+00 |135 -0.80462  7.45021e+00
136 -0.81361  2.20888e+00 |137 -0.79709 -8.14510e+00 |138 -0.80194  7.02560e+00
139 -0.80091  3.96141e+00 |140 -0.85154  6.25201e+00 |141 -0.85596  4.13839e+00
142 -0.86999  1.27257e+00 |143 -0.90185 -3.58395e+00 |144 -0.90488 -6.02883e+00
145  0.39030 -1.60922e+02 |146  0.22603 -3.31391e+02 |147  0.24031  2.05320e+02
148  0.08864 -1.07169e+00 |149 -0.16711  1.35097e+02 |150 -0.20700  5.38199e+00
151 -0.17341  2.39645e+01 |152  0.00077 -8.60500e+01 |153  0.16818 -1.45284e+01
154 -0.02504  4.46021e+01 |155  0.17366 -1.10256e+01 |156 -0.07203  2.26278e+00
157  0.41833 -1.67343e-04 |158 -0.05746  7.40738e+00 |159 -0.33504  1.72775e+02
160 -0.21780 -1.13670e+02 |161 -0.22905 -3.49542e+01 |162 -0.30200 -1.66823e+00
163  0.05599 -5.32009e+00 |164 -0.17886 -3.33934e+01 |165  0.01650 -8.15478e+02
166  0.01006 -8.14172e+02 |167  0.00619 -8.14205e+02 |168  0.00898 -8.04275e+02
169 -0.01547 -8.10021e+02 |170 -0.03303 -8.13006e+02 |171 -0.00265 -8.02390e+02
172  0.01593 -7.93873e+02 |173  0.00458 -7.53964e+02 |174  0.02867 -7.35694e+02
175 -0.03129 -7.49990e+02 |176 -0.00923 -7.36517e+02 |177  0.00228 -7.38554e+02
178 -0.01054 -7.35377e+02 |179  0.00625 -7.43255e+02 |180  0.00493 -7.38010e+02
181 -0.00259 -7.27658e+02 |182  0.01133 -7.13337e+02 |183 -0.00783 -6.95965e+02
184 -0.01518 -7.01132e+02 |185  0.00880 -6.88505e+02 |186  0.01691 -7.03186e+02
187 -0.01263 -7.02030e+02 |188 -0.01398 -6.88655e+02 |189  0.02706 -6.53704e+02
190 -0.02569 -6.66814e+02 |191  0.02381 -6.49469e+02 |192 -0.00749 -6.47803e+02
193  0.00143 -6.29339e+02 |194 -0.00198 -5.97839e+02 |195  0.00869 -5.84467e+02
196  0.01162 -5.78488e+02 |197 -0.01426 -5.24758e+02 |198 -0.01547 -5.18362e+02
199  0.00486 -5.11030e+02 |200  0.00340 -5.06553e+02 |201  0.01211 -4.63914e+02
202 -0.02207 -4.68462e+02 |203 -0.01410 -4.81356e+02 |204  0.02257 -4.97074e+02
205 -0.00767 -4.88077e+02 |206  0.01565 -4.46969e+02 |207 -0.00592 -4.35300e+02
208 -0.01900 -4.29994e+02 |209  0.01166 -3.79268e+02 |210  0.00161 -3.84313e+02
211  0.00228 -3.63216e+02 |212 -0.00161 -3.88926e+02 |213 -0.01588 -3.78625e+02
214 -0.00018 -3.80130e+02 |215  0.01425 -4.05709e+02 |216 -0.02086 -3.65045e+02
217  0.00645 -3.87367e+02 |218  0.02279 -3.34829e+02 |219  0.00277 -3.21256e+02
220 -0.01581 -2.85336e+02 |221  0.00375 -2.62594e+02 |222  0.01194 -2.31654e+02
223 -0.01204 -2.65849e+02 |224 -0.00335 -2.33283e+02 |225  0.00407 -2.15198e+02
226 -0.00196 -1.76670e+02 |227  0.00284 -1.46911e+02 |228  0.00097 -5.99910e+01
229 -0.01581 -6.25295e+01 |230  0.00372 -3.22386e+01 |231 -0.00889 -7.58238e+00
232  0.01465  2.53030e+00 |233  0.01324 -1.46906e+03 |234 -0.00270 -1.48435e+03
235 -0.01107 -1.43975e+03 |236  0.01120 -1.35499e+03 |237  0.00228 -1.24522e+03
238 -0.01897 -1.23533e+03 |239  0.01302 -1.17264e+03 |240 -0.01555 -1.15421e+03
241 -0.00476 -1.07158e+03 |242  0.01584 -1.12871e+03 |243 -0.00432 -1.16378e+03
244 -0.00134 -1.14647e+03 |245  0.00051 -1.13173e+03 |246  0.00938 -1.16995e+03
247 -0.01190 -1.20541e+03 |248  0.00477 -1.20923e+03 |249  0.00277 -1.20696e+03
250  0.00207 -1.22045e+03 |251 -0.00710 -1.20954e+03 |252  0.00860 -1.25865e+03
253 -0.00719 -1.21398e+03 |254  0.00278 -1.26581e+03 |255 -0.00134 -1.34602e+03
256  0.01162 -1.28773e+03 |257 -0.02521 -1.24836e+03 |258  0.01599 -1.28405e+03
259 -0.00577 -1.24956e+03 |260  0.00228 -1.27606e+03 |261 -0.00074 -1.29753e+03
262  0.00906 -1.28756e+03 |263 -0.01070 -1.32349e+03 |264 -0.00046 -1.27989e+03
265  0.01279 -1.22595e+03 |266 -0.00433 -1.15022e+03 |267 -0.00598 -1.15544e+03
268  0.00307 -1.07524e+03 |269 -0.00099 -9.94828e+02 |270  0.00507 -8.75731e+02
271 -0.01748 -9.10625e+02 |272  0.00853 -8.66435e+02 |273  0.00684 -8.95155e+02
274 -0.00758 -8.17603e+02 |275  0.00780 -8.60872e+02 |276 -0.00513 -8.32428e+02
277 -0.00471 -7.30663e+02 |278  0.00715 -6.95623e+02 |279 -0.00647 -6.71368e+02
280  0.00506 -5.92117e+02 |281  0.00186 -6.05055e+02 |282 -0.00665 -6.29745e+02
283 -0.00714 -5.99324e+02 |284  0.01470 -6.66677e+02 |285 -0.01065 -7.05113e+02
286  0.00241 -6.47928e+02 |287  0.01332 -6.20532e+02 |288  0.00305 -5.46333e+02
289 -0.00871 -4.04577e+02 |290 -0.01130 -3.36891e+02 |291  0.01098 -3.55910e+02
292  0.00349 -3.48674e+02 |293 -0.00606 -3.19084e+02 |294 -0.00258 -2.73364e+02
295  0.00302 -2.38742e+02 |296 -0.00302 -9.04750e+01 |297  0.00377 -1.46181e+01
298 -0.02930  1.97107e+01 |299  0.01896  1.76772e+01 |300  0.00361  5.12372e+01
301 -0.01028  9.17629e+02 |302  0.00701  9.01064e+02 |303 -0.00348  9.20608e+02
304 -0.00178  1.02097e+03 |305  0.00475  1.07437e+03 |306  0.01024  9.98336e+02
307 -0.00975  1.08144e+03 |308  0.01507  1.08666e+03 |309 -0.01242  1.11886e+03
310 -0.02081  1.06818e+03 |311  0.01153  9.82538e+02 |312 -0.00930  9.61994e+02
313 -0.00224  9.15262e+02 |314 -0.00049  9.37610e+02 |315  0.00330  7.94012e+02
316 -0.00269  7.94374e+02 |317  0.00131  7.58557e+02 |318  0.00072  7.40985e+02
319  0.00418  6.96813e+02 |320 -0.00056  6.59811e+02 |321 -0.00239  6.64188e+02
322  0.00112  6.26177e+02 |323  0.00157  6.14847e+02 |324  0.00200  5.78321e+02
325  0.00604  6.13068e+02 |326 -0.01310  6.00582e+02 |327  0.00522  5.20790e+02
328 -0.00047  5.38139e+02 |329 -0.00108  5.06752e+02 |330  0.00320  5.13150e+02
331 -0.00028  4.86871e+02 |332 -0.00145  4.47664e+02 |333 -0.00367  3.90183e+02
334  0.00734  4.34032e+02 |335  0.00767  4.12260e+02 |336 -0.00946  4.50285e+02
337  0.00176  4.70352e+02 |338  0.00176  5.52365e+02 |339  0.00508  5.45899e+02
340 -0.00743  6.39823e+02 |341 -0.00301  6.19285e+02 |342 -0.00040  6.31047e+02
343 -0.00221  5.70190e+02 |344  0.00616  5.46113e+02 |345  0.00122  5.82579e+02
346 -0.00709  5.76120e+02 |347  0.00474  5.96668e+02 |348 -0.00476  5.97186e+02
349  0.00466  5.34462e+02 |350 -0.00059  4.87266e+02 |351  0.00229  4.49231e+02
352 -0.00673  2.76999e+02 |353  0.00900  2.18489e+02 |354 -0.00155  2.13090e+02
355 -0.00715  1.21073e+02 |356  0.00791  1.99607e+02 |357  0.00417  1.44405e+02
358  0.00184  1.41016e+02 |359 -0.00941  1.45918e+02 |360  0.00358  1.24002e+02
361 -0.00027  6.84655e+01 |362  0.00080  1.00216e+02 |363 -0.00039  1.13679e+02
364 -0.00043  1.40497e+02 |365 -0.00308  2.40683e+02 |366  0.02414  1.71908e+02
367 -0.03033  1.20519e+02 |368 -0.00575  1.13371e+02 |
368 variables; iteration 140; function evaluation 148; phase 5
Function value 3.4194677e+03; maximum gradient component mag 2.2429e+03
Var    Value     Gradient |Var    Value     Gradient |Var    Value     Gradient
  1 -0.01989  2.24287e+03 |  2  0.09324  5.83228e+00 |  3  0.17418  1.10875e+01
  4 -0.04580 -9.39570e+00 |  5 -0.05960  2.53345e+00 |  6  0.06539  1.52364e+01
  7  0.02901  4.56937e+00 |  8 -0.01079  1.05672e+01 |  9  0.03332  1.30952e+01
 10  0.01394 -1.13760e+01 | 11  0.21730  3.38974e+01 | 12 -0.10722 -9.37109e+00
 13 -0.02719 -5.88903e+00 | 14 -0.15683 -2.00912e+01 | 15 -0.16466 -1.25651e+01
 16  0.24155  6.88468e+01 | 17  0.01159 -1.22413e+01 | 18 -0.09604 -1.73635e+01
 19 -0.02893  5.98438e+00 | 20 -0.00054 -1.15279e+01 | 21 -0.07072 -8.72960e-01
 22  0.04594 -4.74829e+00 | 23 -0.10731 -1.77925e+01 | 24 -0.02470 -1.95461e+00
 25  0.01769 -1.68472e+00 | 26  0.03317  9.29389e+00 | 27 -0.10681 -1.39406e+01
 28  0.02645  1.85607e+01 | 29  0.06704  3.67551e+01 | 30 -0.06699 -1.03079e+01
 31 -0.18142 -1.64220e+01 | 32  0.04246  2.41916e+01 | 33  0.06133  1.97220e+01
 34  0.07145  1.90760e+01 | 35  0.05691  1.99811e+01 | 36 -0.03725 -1.35115e+01
 37 -0.00846  3.19321e+00 | 38  0.06702  1.80862e+01 | 39 -0.06272 -7.53463e+00
 40  0.22030  5.29100e+01 | 41  0.02648  2.81260e+00 | 42  0.08347  2.59759e+01
 43 -0.06925  1.25390e+00 | 44  0.17959  9.91052e+01 | 45 -0.03586 -5.49143e+00
 46 -0.02603  8.85332e+00 | 47 -0.01121  1.62586e+01 | 48 -0.08647 -6.48542e+00
 49  0.11862  5.03332e+01 | 50  0.02008  1.10303e+01 | 51  0.00825  1.65157e+01
 52  0.01659 -1.08154e+01 | 53 -0.04294 -1.18944e+01 | 54  0.07364  1.49607e+01
 55 -0.00494 -2.15584e+01 | 56 -0.06029 -2.49924e+01 | 57 -0.06897 -2.69093e+01
 58  0.07204  5.96849e+01 | 59 -0.04977 -2.76340e+01 | 60  0.00793 -2.69454e+01
 61 -0.01155  1.13810e+01 | 62  0.05166 -2.90797e+01 | 63  0.08596  2.31166e+01
 64 -0.07638 -1.21446e+01 | 65 -0.02692 -1.41048e+01 | 66  0.02797 -5.13910e+01
 67 -0.00324  1.75829e+00 | 68 -0.05632 -5.07926e+01 | 69  0.01933 -1.86531e+01
 70 -0.00410 -3.81005e+01 | 71  0.13839 -7.06621e+00 | 72 -0.07835 -2.49160e+01
 73 -0.04339 -2.75014e+01 | 74 -0.05469 -3.98496e+01 | 75  0.00326 -2.69458e+01
 76 -0.07185 -2.51644e+01 | 77  0.00922 -4.39019e+01 | 78 -0.49679  1.54591e+01
 79 -0.85604 -2.26680e+00 | 80 -0.86324  2.13575e+00 | 81 -0.81764  1.86083e+00
 82 -0.74992 -4.83095e+00 | 83 -0.64632  9.77548e+00 | 84 -0.83824  4.96182e+00
 85 -0.87233 -5.98955e+00 | 86 -0.79380 -4.02089e+00 | 87 -0.71668  2.82967e+00
 88 -0.66418  2.98934e-01 | 89 -0.66834 -5.71287e+00 | 90 -0.71588 -2.00100e+00
 91 -0.70561 -2.23834e+00 | 92 -0.67650  1.36209e+00 | 93 -0.69770 -9.25180e-01
 94 -0.74021 -8.96354e-03 | 95 -0.71738  8.61946e-01 | 96 -0.71597 -2.60649e+00
 97 -0.74198 -2.80898e-02 | 98 -0.74599 -5.18405e+00 | 99 -0.67621 -1.34648e+01
100 -0.68297  8.80188e-01 |101 -0.75964 -3.94727e+00 |102 -0.74753 -6.57143e+00
103 -0.73218 -2.76434e+00 |104 -0.71170 -8.80094e+00 |105 -0.68120 -5.62981e+00
106 -0.73375 -4.80321e+00 |107 -0.76165 -6.18507e+00 |108 -0.77053 -3.84833e+00
109 -0.82769 -4.89546e+00 |110 -0.76197 -4.24429e+00 |111 -0.74911 -9.34165e+00
112 -0.75498 -5.89727e+00 |113 -0.77417 -8.04139e+00 |114 -0.72166 -6.07249e+00
115 -0.66913 -1.04741e+01 |116 -0.67063 -5.64121e+00 |117 -0.75401 -2.95412e+00
118 -0.75460 -3.72617e+00 |119 -0.71877 -4.30237e+00 |120 -0.69000 -9.87076e+00
121 -0.70868 -7.82383e+00 |122 -0.68226 -5.42335e+00 |123 -0.80988 -3.84337e+00
124 -0.71012 -6.07805e+00 |125 -0.75474 -2.87648e+00 |126 -0.77078 -2.02697e+00
127 -0.82091 -2.80756e+00 |128 -0.85389 -1.45608e+00 |129 -0.83051 -3.86588e+00
130 -0.73401 -2.59167e+00 |131 -0.81746 -1.03842e+00 |132 -0.80202 -4.55477e+00
133 -0.78424 -3.43143e+00 |134 -0.78494  1.05965e+00 |135 -0.80638  1.81935e+00
136 -0.81436 -4.65503e-01 |137 -0.79177  1.76079e+00 |138 -0.80313 -2.09903e-01
139 -0.80119 -1.82506e-01 |140 -0.85306 -4.10124e+00 |141 -0.85520  4.15994e+00
142 -0.86720  1.26763e+01 |143 -0.90081  3.14773e-01 |144 -0.90433  1.00558e-01
145  0.39258 -1.12026e+02 |146  0.22302  3.12741e+01 |147  0.22571  3.74543e+01
148  0.08889  3.41408e+01 |149 -0.16867  2.64603e+01 |150 -0.20508  4.57310e+01
151 -0.17354  2.99635e+01 |152  0.00088  2.43241e+02 |153  0.16828  4.60542e+01
154 -0.02539  3.88136e+01 |155  0.17387  2.93471e+00 |156 -0.08289  5.55436e-01
157  0.41835 -1.02688e-04 |158 -0.05661 -4.70763e+00 |159 -0.33513  2.80320e+02
160 -0.21994 -9.54454e+01 |161 -0.23304 -1.89759e+01 |162 -0.29147  1.10534e+01
163  0.05712 -2.76450e+00 |164 -0.16888 -3.33364e+00 |165  0.02119 -5.66627e+02
166  0.00398 -5.69204e+02 |167  0.00507 -5.67840e+02 |168 -0.00479 -5.61018e+02
169 -0.00234 -5.59916e+02 |170  0.00094 -5.58717e+02 |171 -0.00755 -5.60502e+02
172 -0.01796 -5.62392e+02 |173  0.02354 -5.21702e+02 |174 -0.00600 -5.24278e+02
175 -0.00259 -5.21508e+02 |176 -0.01602 -5.19080e+02 |177  0.00727 -5.10747e+02
178 -0.01614 -5.19767e+02 |179  0.00937 -5.19270e+02 |180  0.00283 -5.18548e+02
181 -0.00183 -5.04773e+02 |182  0.01370 -4.92165e+02 |183 -0.01154 -4.82280e+02
184 -0.01211 -4.82625e+02 |185  0.00888 -4.91368e+02 |186  0.01113 -5.21819e+02
187  0.00192 -5.11267e+02 |188 -0.02149 -5.12332e+02 |189  0.02198 -4.90385e+02
190 -0.02398 -4.88070e+02 |191  0.02609 -4.84588e+02 |192 -0.00619 -4.87670e+02
193  0.00688 -4.73593e+02 |194 -0.01198 -4.70050e+02 |195  0.00571 -4.48664e+02
196  0.01793 -4.33606e+02 |197 -0.01700 -3.92655e+02 |198 -0.01298 -3.83997e+02
199  0.00494 -3.85431e+02 |200  0.00266 -3.83499e+02 |201  0.00177 -3.56930e+02
202 -0.01620 -3.50561e+02 |203 -0.01167 -3.59300e+02 |204  0.02301 -3.55222e+02
205 -0.00651 -3.44214e+02 |206  0.01483 -3.35795e+02 |207 -0.00704 -3.23752e+02
208 -0.01698 -3.15321e+02 |209  0.00966 -2.91029e+02 |210  0.00427 -2.88237e+02
211 -0.00260 -2.84268e+02 |212  0.00238 -2.89716e+02 |213 -0.01731 -2.82494e+02
214 -0.00059 -2.71842e+02 |215  0.02234 -2.55617e+02 |216 -0.02830 -2.51877e+02
217  0.00797 -2.61966e+02 |218  0.02024 -2.27620e+02 |219  0.00802 -2.01751e+02
220 -0.00620 -1.74998e+02 |221 -0.00293 -1.68188e+02 |222 -0.00018 -1.51591e+02
223 -0.00509 -1.60469e+02 |224 -0.00116 -1.32955e+02 |225  0.00079 -1.25677e+02
226 -0.00201 -8.78691e+01 |227  0.00475 -6.14409e+01 |228 -0.00285 -1.05235e+01
229 -0.01323 -8.73277e+00 |230  0.00459  9.98749e+00 |231 -0.00913  2.35502e+01
232  0.01180 -8.88308e+00 |233  0.01352  1.42032e+02 |234 -0.00177  1.29265e+02
235 -0.00974  1.48642e+02 |236  0.00865  2.05131e+02 |237  0.00834  2.74594e+02
238 -0.02056  2.76266e+02 |239  0.01396  3.01444e+02 |240  0.00151  3.01369e+02
241 -0.03248  3.36043e+02 |242  0.02185  3.06795e+02 |243 -0.00335  2.86275e+02
244 -0.00003  2.85458e+02 |245 -0.00110  2.96747e+02 |246  0.01029  2.21438e+02
247 -0.01354  1.59747e+02 |248  0.00583  8.59691e+01 |249  0.00101  7.77011e+01
250  0.00292  9.71250e+01 |251 -0.00681  3.78891e+01 |252  0.00889  1.76244e+01
253 -0.00854  3.69651e+01 |254  0.00290  3.29014e+01 |255  0.00039  3.25823e+01
256  0.00865  3.55449e+01 |257 -0.02285  6.03873e+01 |258  0.01658  7.89223e+01
259 -0.00760  3.10785e+01 |260  0.00355 -1.56423e+01 |261 -0.00014 -3.16066e+01
262  0.00677 -5.23145e+01 |263 -0.00890 -9.23172e+01 |264 -0.00030 -7.46694e+01
265  0.01290 -6.22653e+01 |266 -0.00485 -7.44547e+01 |267 -0.00370 -1.05539e+02
268  0.00122 -7.21727e+01 |269 -0.00069 -2.95595e+01 |270  0.00480 -1.54669e+01
271 -0.02162 -6.05451e+01 |272  0.01138 -2.38825e+00 |273  0.00917 -2.26311e+01
274 -0.00883 -4.94056e+01 |275  0.00755 -1.31370e+02 |276 -0.00476 -1.22283e+02
277 -0.00528 -1.19282e+02 |278  0.00680 -1.27711e+02 |279 -0.00440 -1.26618e+02
280  0.00333 -1.90404e+02 |281  0.00150 -2.13504e+02 |282 -0.00541 -2.19491e+02
283 -0.00775 -2.13614e+02 |284  0.01439 -2.33035e+02 |285 -0.01017 -2.66048e+02
286  0.00269 -2.63923e+02 |287  0.01187 -2.34007e+02 |288  0.00492 -1.93326e+02
289 -0.00881 -1.12732e+02 |290 -0.01161 -8.29688e+01 |291  0.00948 -7.25510e+01
292  0.00575 -2.89365e+01 |293 -0.00749 -6.57054e+01 |294 -0.00243 -2.04478e+01
295  0.00448 -6.67081e+01 |296 -0.00561 -2.09193e+01 |297  0.00551 -1.97084e+01
298 -0.03046 -2.22597e+01 |299  0.01878  8.55568e+00 |300  0.00473  1.61673e+01
301 -0.00672  1.64738e+02 |302  0.00665  2.04407e+02 |303 -0.00370  1.94592e+02
304 -0.00055  2.36858e+02 |305  0.00311  2.51392e+02 |306  0.01012  2.00112e+02
307 -0.00961  2.52378e+02 |308  0.00495  2.48762e+02 |309  0.00450  2.83425e+02
310 -0.02739  2.40063e+02 |311  0.01111  1.74912e+02 |312 -0.01113  1.68858e+02
313 -0.00015  1.95139e+02 |314 -0.00091  2.21713e+02 |315  0.00437  1.85955e+02
316 -0.00363  1.53766e+02 |317  0.00299  1.71786e+02 |318 -0.00025  1.55644e+02
319  0.00309  1.26703e+02 |320 -0.00015  1.74678e+02 |321 -0.00135  2.69004e+02
322  0.00125  2.63556e+02 |323  0.00002  2.56120e+02 |324  0.00358  3.44022e+02
325  0.00494  3.33002e+02 |326 -0.01286  3.50998e+02 |327  0.00608  3.02120e+02
328 -0.00227  3.31997e+02 |329 -0.00056  3.73680e+02 |330  0.00543  4.58024e+02
331 -0.00279  3.94079e+02 |332 -0.00062  4.09464e+02 |333 -0.00366  3.66133e+02
334  0.00890  3.78345e+02 |335  0.00430  2.68578e+02 |336 -0.00766  3.33344e+02
337  0.00165  3.74300e+02 |338  0.00216  3.76761e+02 |339  0.00858  3.73856e+02
340 -0.01073  4.21222e+02 |341 -0.00374  3.94272e+02 |342 -0.00030  3.86371e+02
343 -0.00204  3.19455e+02 |344  0.00686  3.19215e+02 |345  0.00112  2.69301e+02
346 -0.00683  2.22214e+02 |347  0.00291  1.89892e+02 |348 -0.00404  1.69641e+02
349  0.00504  1.64651e+02 |350 -0.00110  1.45697e+02 |351  0.00171  1.30705e+02
352 -0.00579  4.97534e+01 |353  0.00890  2.94269e+01 |354 -0.00216  4.98777e+00
355 -0.00491 -1.20020e+01 |356  0.00570 -3.55755e+01 |357  0.00512 -6.88004e+00
358  0.00072 -1.54183e+01 |359 -0.00806  4.41271e+01 |360  0.00261  4.32628e+01
361  0.00019  4.42311e+01 |362  0.00149  1.12078e+02 |363 -0.00206  4.76180e+01
364  0.00266  1.55976e+02 |365 -0.00482  1.13582e+02 |366  0.02365  3.74539e+01
367 -0.02970  1.85569e+01 |368 -0.00717 -8.06083e+00 |
368 variables; iteration 160; function evaluation 168; phase 5
Function value 3.4190895e+03; maximum gradient component mag 2.1379e+03
Var    Value     Gradient |Var    Value     Gradient |Var    Value     Gradient
  1 -0.01992  2.13791e+03 |  2  0.09088  4.95007e+00 |  3  0.17247  1.09526e+01
  4 -0.03534 -5.97296e+00 |  5 -0.06619 -3.58560e-01 |  6  0.06489  1.23116e+01
  7  0.02943  4.13346e+00 |  8 -0.01009  1.18930e+01 |  9  0.03373  1.32009e+01
 10  0.01318 -1.17236e+01 | 11  0.21736  3.05006e+01 | 12 -0.10788 -9.35728e+00
 13 -0.02693 -5.32340e+00 | 14 -0.15284 -1.69748e+01 | 15 -0.17278 -1.60711e+01
 16  0.24160  6.58838e+01 | 17  0.01249 -1.09510e+01 | 18 -0.09626 -1.69353e+01
 19 -0.02856  6.62871e+00 | 20 -0.00010 -1.01073e+01 | 21 -0.07144 -4.33127e+00
 22  0.04563 -7.14125e+00 | 23 -0.10661 -1.65399e+01 | 24 -0.02466 -3.07602e+00
 25  0.01765 -2.53193e+00 | 26  0.03329  7.54840e+00 | 27 -0.10667 -1.38187e+01
 28  0.02678  1.98055e+01 | 29  0.06673  3.28357e+01 | 30 -0.06595 -8.65216e+00
 31 -0.18178 -1.68970e+01 | 32  0.04279  2.42033e+01 | 33  0.06084  1.58388e+01
 34  0.07227  1.98475e+01 | 35  0.05663  1.70336e+01 | 36 -0.03688 -1.31999e+01
 37 -0.00824  2.00950e+00 | 38  0.06659  1.53844e+01 | 39 -0.06224 -7.01001e+00
 40  0.21985  4.45064e+01 | 41  0.02655  1.85786e+00 | 42  0.08370  2.80023e+01
 43 -0.06907  2.36357e+00 | 44  0.17978  9.94263e+01 | 45 -0.03612 -7.81435e+00
 46 -0.02597  7.35159e+00 | 47 -0.01115  1.54946e+01 | 48 -0.08668 -7.60545e+00
 49  0.11848  3.96992e+01 | 50  0.01982  5.43268e+00 | 51  0.00845  1.89085e+01
 52  0.01671 -1.04842e+01 | 53 -0.04287 -1.17367e+01 | 54  0.07397  2.61085e+01
 55 -0.00488 -2.10393e+01 | 56 -0.06022 -2.40959e+01 | 57 -0.06887 -2.47715e+01
 58  0.07204  5.80699e+01 | 59 -0.04947 -2.27809e+01 | 60  0.00816 -2.11405e+01
 61 -0.01159  9.93537e+00 | 62  0.05171 -2.77600e+01 | 63  0.08598  2.61370e+01
 64 -0.07671 -1.52700e+01 | 65 -0.02703 -1.47268e+01 | 66  0.02774 -5.72069e+01
 67 -0.00327  1.84201e+00 | 68 -0.05594 -4.34654e+01 | 69  0.01940 -1.56642e+01
 70 -0.00393 -3.47686e+01 | 71  0.13840 -3.89876e+00 | 72 -0.07821 -2.26188e+01
 73 -0.04321 -2.46166e+01 | 74 -0.05453 -3.67374e+01 | 75  0.00319 -2.69898e+01
 76 -0.07135 -2.03915e+01 | 77  0.00928 -4.26612e+01 | 78 -0.49793  1.46831e+01
 79 -0.85597 -2.33569e+00 | 80 -0.86334  1.59987e+00 | 81 -0.81760  1.98641e+00
 82 -0.75019 -4.91680e+00 | 83 -0.64734  9.24927e+00 | 84 -0.83731  7.16039e+00
 85 -0.87225 -5.63675e+00 | 86 -0.79359 -3.13795e+00 | 87 -0.71593  4.27600e+00
 88 -0.66387  1.11880e+00 | 89 -0.66853 -5.54043e+00 | 90 -0.71582 -1.88984e+00
 91 -0.70564 -2.12994e+00 | 92 -0.67680  1.23048e+00 | 93 -0.69756 -6.00080e-01
 94 -0.74084 -8.06630e-01 | 95 -0.71764  8.94976e-01 | 96 -0.71626 -2.69788e+00
 97 -0.74215 -5.54789e-02 | 98 -0.74606 -5.01639e+00 | 99 -0.67469 -1.16939e+01
100 -0.68220  2.10289e+00 |101 -0.76010 -4.42761e+00 |102 -0.74781 -6.67896e+00
103 -0.73178 -1.52642e+00 |104 -0.71181 -8.28580e+00 |105 -0.68112 -4.96662e+00
106 -0.73418 -4.98417e+00 |107 -0.76187 -6.52969e+00 |108 -0.77044 -3.88225e+00
109 -0.82730 -3.60559e+00 |110 -0.76273 -5.16733e+00 |111 -0.74877 -8.54982e+00
112 -0.75488 -5.51566e+00 |113 -0.77377 -6.65128e+00 |114 -0.72213 -6.38349e+00
115 -0.66896 -9.81707e+00 |116 -0.67094 -5.65297e+00 |117 -0.75376 -2.66009e+00
118 -0.75373 -1.68548e+00 |119 -0.71871 -4.18332e+00 |120 -0.68982 -9.78084e+00
121 -0.70808 -6.93045e+00 |122 -0.68192 -5.19652e+00 |123 -0.80977 -3.69910e+00
124 -0.70985 -6.03688e+00 |125 -0.75467 -3.12342e+00 |126 -0.77037 -1.64403e+00
127 -0.82079 -2.61061e+00 |128 -0.85393 -1.81367e+00 |129 -0.83098 -5.47842e+00
130 -0.73390 -2.59825e+00 |131 -0.81757 -1.53020e+00 |132 -0.80215 -4.94714e+00
133 -0.78449 -4.02185e+00 |134 -0.78485  9.71971e-01 |135 -0.80718  3.28255e-02
136 -0.81454 -1.32165e+00 |137 -0.79135  2.40746e+00 |138 -0.80260  1.05375e+00
139 -0.80069  8.24949e-01 |140 -0.85306 -4.43004e+00 |141 -0.85507  4.55023e+00
142 -0.86702  1.36350e+01 |143 -0.90082  1.06669e-01 |144 -0.90424  8.09584e-01
145  0.39613 -1.12165e+02 |146  0.20804  1.22627e+01 |147  0.22778  2.27944e+01
148  0.08889  3.38395e+01 |149 -0.16866  2.41578e+01 |150 -0.20511  4.51990e+01
151 -0.17341  3.24999e+01 |152  0.00088  2.42182e+02 |153  0.16829  4.83832e+01
154 -0.02541  3.94499e+01 |155  0.17422  3.85584e+00 |156 -0.09989 -3.05501e+00
157  0.41835 -8.47305e-05 |158 -0.05643 -1.60692e+00 |159 -0.33516  2.96538e+02
160 -0.21992 -8.92566e+01 |161 -0.23283 -1.84765e+01 |162 -0.29246  1.00726e+01
163  0.05729 -2.56486e+00 |164 -0.16883 -3.54412e+00 |165  0.01853 -5.70350e+02
166  0.00422 -5.71799e+02 |167  0.00746 -5.69735e+02 |168 -0.01775 -5.66943e+02
169 -0.00075 -5.61646e+02 |170  0.01849 -5.55754e+02 |171 -0.00514 -5.61643e+02
172 -0.02577 -5.66069e+02 |173  0.02390 -5.25065e+02 |174 -0.01274 -5.29954e+02
175  0.00599 -5.22578e+02 |176 -0.01967 -5.24445e+02 |177  0.00710 -5.15101e+02
178 -0.01623 -5.23745e+02 |179  0.00992 -5.20731e+02 |180  0.00280 -5.20558e+02
181 -0.00230 -5.07930e+02 |182  0.01497 -4.93347e+02 |183 -0.01192 -4.86029e+02
184 -0.01296 -4.87801e+02 |185  0.00904 -4.94760e+02 |186  0.01128 -5.25095e+02
187  0.00017 -5.15007e+02 |188 -0.02015 -5.14626e+02 |189  0.02212 -4.92009e+02
190 -0.02364 -4.89016e+02 |191  0.02586 -4.87229e+02 |192 -0.00673 -4.90352e+02
193  0.00789 -4.74607e+02 |194 -0.01172 -4.71962e+02 |195  0.00567 -4.53730e+02
196  0.01745 -4.39676e+02 |197 -0.01767 -3.99330e+02 |198 -0.01324 -3.89772e+02
199  0.00555 -3.88517e+02 |200  0.00325 -3.86430e+02 |201  0.00126 -3.63516e+02
202 -0.01590 -3.56861e+02 |203 -0.01201 -3.65857e+02 |204  0.02364 -3.59625e+02
205 -0.00686 -3.50163e+02 |206  0.01433 -3.42020e+02 |207 -0.00718 -3.28850e+02
208 -0.01628 -3.19046e+02 |209  0.00990 -2.97654e+02 |210  0.00345 -2.97706e+02
211 -0.00211 -2.89749e+02 |212  0.00239 -2.95852e+02 |213 -0.01707 -2.88887e+02
214 -0.00118 -2.81487e+02 |215  0.02347 -2.55726e+02 |216 -0.02935 -2.55701e+02
217  0.00818 -2.63205e+02 |218  0.01995 -2.28828e+02 |219  0.00911 -2.01016e+02
220 -0.00671 -1.76765e+02 |221 -0.00209 -1.69761e+02 |222 -0.00240 -1.55223e+02
223 -0.00339 -1.58603e+02 |224 -0.00157 -1.34582e+02 |225  0.00020 -1.27668e+02
226 -0.00163 -8.81902e+01 |227  0.00477 -6.17674e+01 |228 -0.00263 -1.17823e+01
229 -0.01273 -1.04763e+01 |230  0.00389  4.80893e+00 |231 -0.00943  1.73820e+01
232  0.01234 -6.54885e+00 |233  0.01675  5.80578e+01 |234 -0.00164  4.60945e+01
235 -0.00983  6.62982e+01 |236  0.00899  1.21233e+02 |237  0.00819  1.85906e+02
238 -0.02070  1.87990e+02 |239  0.01438  2.09734e+02 |240 -0.00022  2.08703e+02
241 -0.02970  2.43766e+02 |242  0.02057  2.16540e+02 |243 -0.00353  1.95995e+02
244  0.00004  1.94718e+02 |245 -0.00118  2.08425e+02 |246  0.01040  1.39547e+02
247 -0.01383  7.62450e+01 |248  0.00615  1.51923e+01 |249  0.00100  8.52731e+00
250  0.00277  2.44441e+01 |251 -0.00676 -2.73295e+01 |252  0.00897 -4.26139e+01
253 -0.00858 -2.36677e+01 |254  0.00292 -2.38235e+01 |255  0.00042 -2.58444e+01
256  0.00880 -2.07525e+01 |257 -0.02339  1.55948e+00 |258  0.01690  2.90028e+01
259 -0.00754 -2.40507e+01 |260  0.00341 -6.32069e+01 |261  0.00000 -7.62936e+01
262  0.00668 -9.85349e+01 |263 -0.00897 -1.33154e+02 |264 -0.00017 -1.12810e+02
265  0.01275 -9.49652e+01 |266 -0.00459 -1.06310e+02 |267 -0.00385 -1.37451e+02
268  0.00132 -1.03158e+02 |269 -0.00067 -6.59247e+01 |270  0.00455 -5.06858e+01
271 -0.02114 -9.34627e+01 |272  0.01100 -3.62041e+01 |273  0.00905 -5.57453e+01
274 -0.00858 -7.73027e+01 |275  0.00755 -1.57019e+02 |276 -0.00480 -1.50781e+02
277 -0.00534 -1.49812e+02 |278  0.00686 -1.55265e+02 |279 -0.00450 -1.55058e+02
280  0.00341 -2.12525e+02 |281  0.00149 -2.35991e+02 |282 -0.00530 -2.41768e+02
283 -0.00791 -2.35263e+02 |284  0.01448 -2.41228e+02 |285 -0.01023 -2.74942e+02
286  0.00279 -2.66094e+02 |287  0.01192 -2.38754e+02 |288  0.00470 -2.04586e+02
289 -0.00886 -1.20193e+02 |290 -0.01168 -9.02383e+01 |291  0.00979 -7.95079e+01
292  0.00560 -4.18840e+01 |293 -0.00737 -7.60011e+01 |294 -0.00257 -3.49312e+01
295  0.00457 -7.49569e+01 |296 -0.00573 -3.15223e+01 |297  0.00540 -2.93821e+01
298 -0.02963 -2.91210e+01 |299  0.01809 -2.59025e+00 |300  0.00477  1.21159e+01
301 -0.00701  9.96583e+01 |302  0.00650  1.33606e+02 |303 -0.00367  1.27058e+02
304 -0.00081  1.66019e+02 |305  0.00329  1.81998e+02 |306  0.01058  1.34002e+02
307 -0.01001  1.80733e+02 |308  0.00529  1.75571e+02 |309  0.00262  2.09128e+02
310 -0.02587  1.73106e+02 |311  0.01105  1.07886e+02 |312 -0.01109  1.04901e+02
313 -0.00009  1.32073e+02 |314 -0.00097  1.61718e+02 |315  0.00457  1.31006e+02
316 -0.00390  9.55730e+01 |317  0.00308  1.20404e+02 |318 -0.00025  1.06089e+02
319  0.00310  8.34384e+01 |320 -0.00010  1.32764e+02 |321 -0.00144  2.22169e+02
322  0.00116  2.21258e+02 |323  0.00016  2.23280e+02 |324  0.00361  3.05893e+02
325  0.00523  2.95850e+02 |326 -0.01322  3.15753e+02 |327  0.00606  2.68245e+02
328 -0.00214  2.99678e+02 |329 -0.00067  3.42359e+02 |330  0.00537  4.24643e+02
331 -0.00266  3.70983e+02 |332 -0.00077  3.84777e+02 |333 -0.00342  3.46380e+02
334  0.00866  3.56272e+02 |335  0.00445  2.52692e+02 |336 -0.00769  3.17211e+02
337  0.00152  3.55195e+02 |338  0.00229  3.62313e+02 |339  0.00827  3.57828e+02
340 -0.01036  4.09048e+02 |341 -0.00375  3.78854e+02 |342 -0.00047  3.69304e+02
343 -0.00196  3.08344e+02 |344  0.00687  3.10653e+02 |345  0.00114  2.61670e+02
346 -0.00677  2.17858e+02 |347  0.00289  1.80411e+02 |348 -0.00412  1.61893e+02
349  0.00499  1.59104e+02 |350 -0.00105  1.46518e+02 |351  0.00166  1.33020e+02
352 -0.00563  6.46182e+01 |353  0.00875  3.53058e+01 |354 -0.00217  1.95363e+01
355 -0.00495  5.41155e+00 |356  0.00588 -1.40621e+01 |357  0.00514  8.70962e+00
358  0.00092 -9.68520e+00 |359 -0.00844  4.32874e+01 |360  0.00270  4.62213e+01
361  0.00029  4.81416e+01 |362  0.00140  1.04072e+02 |363 -0.00206  4.49723e+01
364  0.00275  1.48477e+02 |365 -0.00503  1.00439e+02 |366  0.02318  3.42079e+01
367 -0.02905  1.18693e+01 |368 -0.00730 -1.52865e+01 |
368 variables; iteration 180; function evaluation 188; phase 5
Function value 3.4154394e+03; maximum gradient component mag 1.2146e+03
Var    Value     Gradient |Var    Value     Gradient |Var    Value     Gradient
  1 -0.01985  1.21459e+03 |  2  0.06394 -2.03778e+00 |  3  0.16380  5.24401e-01
  4 -0.03293 -5.43449e+00 |  5 -0.06176  6.16962e-01 |  6  0.05684 -6.84060e+00
  7  0.03326 -3.60208e+00 |  8 -0.01523  4.79917e+00 |  9  0.03467  5.02878e+00
 10  0.01373 -6.98853e+00 | 11  0.21706 -7.48209e+00 | 12 -0.11562 -1.18009e+01
 13 -0.02828 -9.48045e+00 | 14 -0.14844 -8.71442e+00 | 15 -0.17601 -1.26523e+01
 16  0.23928 -9.18995e+00 | 17  0.01591 -1.12171e+01 | 18 -0.09267 -1.00412e+01
 19 -0.03295 -1.04655e+01 | 20  0.00339 -6.66896e+00 | 21 -0.07883 -1.00183e+01
 22  0.04842 -5.77720e+00 | 23 -0.10681 -1.13719e+01 | 24 -0.02648 -1.11042e+01
 25  0.02077 -4.53978e-02 | 26  0.03336  2.87623e-01 | 27 -0.10284 -8.93237e+00
 28  0.02335  5.13453e+00 | 29  0.06553  7.54696e+00 | 30 -0.06635 -3.83824e+00
 31 -0.17440 -1.12391e+01 | 32  0.04191  1.86760e+01 | 33  0.06071  1.36760e+01
 34  0.07079  2.54628e+00 | 35  0.05624  7.59304e+00 | 36 -0.03303  1.01746e+00
 37 -0.00892  3.76389e+00 | 38  0.06406 -1.00012e+00 | 39 -0.06270 -3.38198e+00
 40  0.22106  4.92574e+01 | 41  0.02891  6.78361e+00 | 42  0.08340  1.61161e+01
 43 -0.07207 -1.28862e+01 | 44  0.17902  4.24768e+01 | 45 -0.03557 -2.91958e+00
 46 -0.02587  8.26639e+00 | 47 -0.01183  7.50954e+00 | 48 -0.08629 -5.86214e+00
 49  0.11831  3.15403e+01 | 50  0.02003  6.45293e+00 | 51  0.00786  1.62446e+01
 52  0.01727  7.97747e+00 | 53 -0.04261 -3.14563e+00 | 54  0.07391  2.29441e+01
 55 -0.00404 -2.06116e+00 | 56 -0.05937 -1.53150e+00 | 57 -0.06840 -8.72140e+00
 58  0.07166  2.70519e+01 | 59 -0.04854  7.31378e+00 | 60  0.00816 -1.35582e+01
 61 -0.01325 -2.27723e+01 | 62  0.05244  6.03283e+00 | 63  0.08496  4.52090e+00
 64 -0.07614 -7.85051e+00 | 65 -0.02743 -1.25296e+01 | 66  0.02913  7.75397e-01
 67 -0.00293  2.06897e+01 | 68 -0.05397 -6.77375e+00 | 69  0.01985  1.07369e+01
 70 -0.00234  6.08203e+00 | 71  0.13843  1.39496e+01 | 72 -0.07848 -1.09398e+01
 73 -0.04247  4.32461e+00 | 74 -0.05349 -2.17483e+01 | 75  0.00273 -1.59279e+01
 76 -0.07228 -1.85495e+01 | 77  0.01181 -1.38965e+01 | 78 -0.51923  1.82171e+00
 79 -0.85456  4.89898e+00 | 80 -0.86347  2.08197e+00 | 81 -0.81738  3.29297e+00
 82 -0.74826  3.72987e-01 | 83 -0.66393 -8.31876e-02 | 84 -0.83704  3.29261e+00
 85 -0.87048  2.80559e+00 | 86 -0.79368 -1.15618e+00 | 87 -0.72392 -2.96785e+00
 88 -0.67018  2.07369e+00 | 89 -0.66839 -2.32154e+00 | 90 -0.71674 -2.46870e+00
 91 -0.70709 -7.66236e-01 | 92 -0.68160 -1.38021e+00 | 93 -0.70113 -2.58693e+00
 94 -0.74529 -3.28943e+00 | 95 -0.72653 -6.57621e+00 | 96 -0.71813 -1.90447e+00
 97 -0.74529 -3.02515e+00 | 98 -0.74704 -3.41096e+00 | 99 -0.66817 -2.43119e+00
100 -0.68818 -6.66646e-01 |101 -0.75846  6.75155e-01 |102 -0.74395  5.92873e-01
103 -0.73400 -2.14161e+00 |104 -0.71202 -4.84423e+00 |105 -0.68357 -4.19989e+00
106 -0.73504 -4.94123e+00 |107 -0.75953 -2.56913e+00 |108 -0.77026 -2.46953e+00
109 -0.82853 -4.39096e+00 |110 -0.76355 -4.04297e+00 |111 -0.74482 -1.65186e+00
112 -0.75505 -2.66246e+00 |113 -0.77428 -4.36290e+00 |114 -0.72393 -5.87720e+00
115 -0.66767 -5.87795e+00 |116 -0.67330 -5.27598e+00 |117 -0.75413 -3.02121e+00
118 -0.75539 -4.54058e+00 |119 -0.72028 -5.99491e+00 |120 -0.68640 -4.56700e+00
121 -0.70440 -1.24689e+00 |122 -0.67998 -2.49014e+00 |123 -0.80927 -1.64738e+00
124 -0.70906 -4.51028e+00 |125 -0.75397 -2.87833e+00 |126 -0.77128 -2.46578e+00
127 -0.82085 -2.25176e+00 |128 -0.85355 -1.19843e+00 |129 -0.83096 -5.57643e+00
130 -0.73143  5.55743e-01 |131 -0.81710 -1.41146e+00 |132 -0.79971 -2.65467e+00
133 -0.78332 -3.38492e+00 |134 -0.78565 -1.23018e+00 |135 -0.80663  7.95295e-02
136 -0.81527 -4.91084e+00 |137 -0.79175  6.08246e-01 |138 -0.80266  1.92686e+00
139 -0.80180 -1.95929e+00 |140 -0.85378 -6.76514e+00 |141 -0.85554  2.63233e+00
142 -0.86889  4.08079e+00 |143 -0.90042  1.14136e+01 |144 -0.90377  5.18462e+00
145  0.40801 -8.02981e+01 |146  0.18089 -1.35685e+02 |147  0.26206 -1.38104e+02
148  0.08882  2.07091e+01 |149 -0.16822  3.31893e+01 |150 -0.20599  1.07068e+01
151 -0.17296  2.87881e+01 |152  0.00078  2.05293e+02 |153  0.16853  6.11587e+01
154 -0.02578  2.16531e+01 |155  0.17449  8.59113e+00 |156 -0.10218 -2.93603e+00
157  0.41841 -2.05103e-05 |158 -0.05601  2.17338e+01 |159 -0.33557  3.77751e+02
160 -0.21917 -3.74073e+01 |161 -0.22460  6.30235e-01 |162 -0.31016 -1.15510e+00
163  0.05852  2.69915e+00 |164 -0.16404  9.86278e+00 |165  0.01902 -4.12544e+02
166  0.00815 -4.13207e+02 |167  0.00533 -4.13228e+02 |168 -0.00158 -4.08929e+02
169 -0.00490 -4.09504e+02 |170 -0.00743 -4.09786e+02 |171 -0.00595 -4.09161e+02
172 -0.00847 -4.09187e+02 |173  0.01908 -3.88240e+02 |174 -0.00102 -3.89536e+02
175 -0.00720 -3.90050e+02 |176 -0.02049 -3.89492e+02 |177  0.00392 -3.77955e+02
178 -0.01197 -3.78648e+02 |179  0.00861 -3.68921e+02 |180  0.00531 -3.67374e+02
181 -0.00386 -3.66209e+02 |182  0.01623 -3.53445e+02 |183 -0.01547 -3.51218e+02
184 -0.01365 -3.47886e+02 |185  0.01032 -3.49266e+02 |186  0.01958 -3.60475e+02
187 -0.00456 -3.60578e+02 |188 -0.02312 -3.60598e+02 |189  0.02207 -3.44953e+02
190 -0.02257 -3.39198e+02 |191  0.02343 -3.48648e+02 |192 -0.00269 -3.44738e+02
193  0.00556 -3.34079e+02 |194 -0.01018 -3.30689e+02 |195  0.00961 -3.17558e+02
196  0.01683 -3.11955e+02 |197 -0.01863 -2.86005e+02 |198 -0.01775 -2.82004e+02
199  0.00592 -2.76958e+02 |200  0.00395 -2.74812e+02 |201  0.00240 -2.57767e+02
202 -0.01955 -2.53938e+02 |203 -0.01095 -2.52588e+02 |204  0.02838 -2.38478e+02
205 -0.01124 -2.38494e+02 |206  0.01874 -2.21638e+02 |207 -0.00871 -2.19031e+02
208 -0.01773 -2.15112e+02 |209  0.01058 -2.02012e+02 |210  0.00208 -2.10800e+02
211 -0.00389 -2.05870e+02 |212  0.00524 -1.97210e+02 |213 -0.01748 -1.94478e+02
214 -0.00181 -1.88513e+02 |215  0.02252 -1.67420e+02 |216 -0.02851 -1.63987e+02
217  0.00976 -1.66574e+02 |218  0.02028 -1.58620e+02 |219  0.00786 -1.43312e+02
220 -0.00362 -1.19885e+02 |221 -0.00090 -1.15050e+02 |222 -0.00960 -1.07707e+02
223  0.00116 -9.62519e+01 |224 -0.00246 -8.28498e+01 |225  0.00353 -7.58926e+01
226 -0.00367 -6.32404e+01 |227  0.00306 -5.02727e+01 |228 -0.00506 -1.03796e+01
229 -0.00977 -4.79203e+00 |230  0.00427  4.70524e+00 |231 -0.01231  1.13634e+00
232  0.01527  7.55623e+00 |233  0.02020 -5.83696e+02 |234  0.00277 -5.78909e+02
235 -0.01128 -5.70708e+02 |236  0.00985 -5.25758e+02 |237  0.00371 -5.09842e+02
238 -0.02265 -5.02215e+02 |239  0.01723 -5.04978e+02 |240  0.00137 -4.94535e+02
241 -0.02811 -4.68956e+02 |242  0.01979 -4.83066e+02 |243 -0.00306 -4.85849e+02
244 -0.00063 -4.91929e+02 |245 -0.00132 -4.77841e+02 |246  0.00889 -4.92975e+02
247 -0.01129 -5.08177e+02 |248  0.00544 -5.11119e+02 |249  0.00146 -5.33991e+02
250  0.00250 -5.15790e+02 |251 -0.00751 -5.10267e+02 |252  0.01078 -4.89164e+02
253 -0.01032 -4.95156e+02 |254  0.00378 -4.64251e+02 |255 -0.00014 -4.50416e+02
256  0.01074 -4.42277e+02 |257 -0.02705 -4.30121e+02 |258  0.01898 -3.89595e+02
259 -0.00771 -4.26007e+02 |260  0.00290 -4.42397e+02 |261  0.00037 -4.23253e+02
262  0.00643 -4.24221e+02 |263 -0.00854 -4.25517e+02 |264 -0.00020 -4.14191e+02
265  0.01292 -3.75106e+02 |266 -0.00473 -3.88073e+02 |267 -0.00528 -4.02046e+02
268  0.00336 -3.74235e+02 |269 -0.00027 -3.60103e+02 |270  0.00207 -3.55489e+02
271 -0.01972 -3.58811e+02 |272  0.01091 -3.33680e+02 |273  0.00961 -3.14560e+02
274 -0.00963 -3.34665e+02 |275  0.00852 -3.32215e+02 |276 -0.00496 -3.42045e+02
277 -0.00543 -3.34159e+02 |278  0.00713 -3.27203e+02 |279 -0.00531 -3.39746e+02
280  0.00396 -3.50635e+02 |281  0.00072 -3.77677e+02 |282 -0.00479 -3.49005e+02
283 -0.00674 -3.37320e+02 |284  0.01323 -3.27367e+02 |285 -0.01015 -3.42218e+02
286  0.00267 -3.18623e+02 |287  0.01262 -2.99159e+02 |288  0.00487 -2.72753e+02
289 -0.00890 -2.32760e+02 |290 -0.01623 -2.17727e+02 |291  0.01372 -1.98910e+02
292  0.00455 -1.78212e+02 |293 -0.00638 -1.74939e+02 |294 -0.00308 -1.58077e+02
295  0.00460 -1.58235e+02 |296 -0.00512 -1.12599e+02 |297  0.00501 -1.09952e+02
298 -0.02075 -9.96345e+01 |299  0.00995 -9.13006e+01 |300  0.00343 -6.67882e+01
301 -0.01363 -6.31109e+02 |302  0.00445 -6.29177e+02 |303 -0.00243 -6.12452e+02
304 -0.00157 -5.81832e+02 |305  0.00341 -5.67149e+02 |306  0.01948 -5.47179e+02
307 -0.01852 -5.51435e+02 |308  0.00477 -5.39139e+02 |309  0.00223 -5.02493e+02
310 -0.02627 -5.19733e+02 |311  0.01281 -5.10642e+02 |312 -0.01137 -5.17950e+02
313  0.00040 -4.69496e+02 |314 -0.00123 -4.60514e+02 |315  0.00338 -4.41428e+02
316 -0.00279 -4.26024e+02 |317  0.00200 -3.98953e+02 |318  0.00005 -3.63118e+02
319  0.00421 -3.28753e+02 |320 -0.00053 -2.84067e+02 |321 -0.00179 -2.40662e+02
322  0.00035 -1.97816e+02 |323  0.00161 -1.50730e+02 |324  0.00237 -1.14912e+02
325  0.00795 -8.19140e+01 |326 -0.01629 -6.99539e+01 |327  0.00708 -5.65565e+01
328 -0.00136 -1.00326e+01 |329 -0.00096 -1.59258e+00 |330  0.00460  5.55291e+01
331 -0.00269  7.79083e+01 |332 -0.00109  1.00948e+02 |333 -0.00248  1.12304e+02
334  0.00732  1.14015e+02 |335  0.00728  1.06732e+02 |336 -0.00969  1.19326e+02
337  0.00080  1.63548e+02 |338  0.00309  1.90092e+02 |339  0.00931  2.34019e+02
340 -0.01161  2.43851e+02 |341 -0.00358  2.73010e+02 |342 -0.00012  2.82901e+02
343 -0.00249  2.79951e+02 |344  0.00673  3.09983e+02 |345  0.00148  3.07536e+02
346 -0.00678  2.82603e+02 |347  0.00348  2.66250e+02 |348 -0.00462  2.61286e+02
349  0.00517  2.70989e+02 |350 -0.00094  2.83889e+02 |351  0.00002  2.63420e+02
352 -0.00410  2.72081e+02 |353  0.00852  2.46874e+02 |354 -0.00163  2.52979e+02
355 -0.00560  2.08392e+02 |356  0.00660  2.03517e+02 |357  0.00479  1.73775e+02
358  0.00533  1.45811e+02 |359 -0.01253  1.23751e+02 |360  0.00289  8.38492e+01
361  0.00008  5.31822e+01 |362  0.00132  6.29506e+01 |363 -0.00141  2.79631e+01
364  0.00176  3.82196e+01 |365 -0.00552 -1.62982e+00 |366  0.01512 -1.64836e+01
367 -0.02056 -2.82727e+01 |368 -0.00679 -3.73830e+01 |
368 variables; iteration 200; function evaluation 209; phase 5
Function value 3.4151709e+03; maximum gradient component mag 9.6328e+02
Var    Value     Gradient |Var    Value     Gradient |Var    Value     Gradient
  1 -0.01986  9.63277e+02 |  2  0.05912 -3.20554e+00 |  3  0.16156  1.25907e-01
  4 -0.02331 -1.85822e+00 |  5 -0.06873 -2.06497e+00 |  6  0.05683 -7.35872e+00
  7  0.03395 -1.87513e+00 |  8 -0.01578  3.89977e+00 |  9  0.03285  1.77034e+00
 10  0.01639 -3.66324e+00 | 11  0.21643 -9.85103e+00 | 12 -0.11409 -8.93627e+00
 13 -0.02923 -7.99598e+00 | 14 -0.15174 -8.68252e+00 | 15 -0.17180 -8.66546e+00
 16  0.23939 -1.04204e+01 | 17  0.01721 -7.20984e+00 | 18 -0.09082 -6.47119e+00
 19 -0.03238 -7.17675e+00 | 20  0.00373 -2.80541e+00 | 21 -0.07772 -5.20102e+00
 22  0.04866 -5.58435e+00 | 23 -0.10880 -1.22883e+01 | 24 -0.02561 -7.71748e+00
 25  0.02088 -2.67947e-01 | 26  0.03347 -9.29478e-01 | 27 -0.10334 -1.01692e+01
 28  0.02248  1.77560e+00 | 29  0.06595  1.39549e+00 | 30 -0.06735 -5.29895e+00
 31 -0.17632 -1.05018e+01 | 32  0.04238  1.56432e+01 | 33  0.05908  5.05660e+00
 34  0.07129 -3.23623e-01 | 35  0.05584  2.60177e+00 | 36 -0.03402 -2.36100e+00
 37 -0.00937  4.55247e-03 | 38  0.06376 -5.37145e+00 | 39 -0.06405 -5.09985e+00
 40  0.22116  3.69153e+01 | 41  0.02800  3.12731e+00 | 42  0.08359  1.41992e+01
 43 -0.07185 -1.12093e+01 | 44  0.17897  3.25117e+01 | 45 -0.03542 -1.01708e+00
 46 -0.02619  5.58362e+00 | 47 -0.01144  1.40016e+01 | 48 -0.08620 -2.82053e+00
 49  0.11848  2.97103e+01 | 50  0.01970 -8.73541e-03 | 51  0.00794  1.51245e+01
 52  0.01679 -2.10812e+00 | 53 -0.04241  2.37130e-01 | 54  0.07385  1.85340e+01
 55 -0.00393  4.45719e-01 | 56 -0.05946 -7.92360e-01 | 57 -0.06811 -2.15796e+00
 58  0.07150  2.17782e+01 | 59 -0.04821  1.26355e+01 | 60  0.00855 -3.69504e+00
 61 -0.01330 -2.04460e+01 | 62  0.05232  7.45714e+00 | 63  0.08497  4.12019e+00
 64 -0.07611 -4.24948e+00 | 65 -0.02715 -4.92580e-02 | 66  0.02931  8.03877e+00
 67 -0.00316  1.74024e+01 | 68 -0.05384  2.07662e-01 | 69  0.01957  5.03481e+00
 70 -0.00268  2.75217e+00 | 71  0.13827  1.38936e+01 | 72 -0.07812 -4.69244e+00
 73 -0.04251  2.36339e+00 | 74 -0.05348 -1.71584e+01 | 75  0.00263 -1.51936e+01
 76 -0.07208 -1.40076e+01 | 77  0.01175 -1.03975e+01 | 78 -0.52216 -7.79880e-01
 79 -0.85476  4.31828e+00 | 80 -0.86359  1.02012e+00 | 81 -0.81748  2.59415e+00
 82 -0.74747  1.69329e+00 | 83 -0.66137  1.72983e+00 | 84 -0.83814 -5.85086e-01
 85 -0.87092  5.93086e-01 | 86 -0.79345 -1.77000e-01 | 87 -0.72702 -5.70171e+00
 88 -0.67159  1.69884e+00 | 89 -0.66769 -1.08206e+00 | 90 -0.71734 -2.30837e+00
 91 -0.70817 -1.20577e+00 | 92 -0.68043  4.17863e-01 | 93 -0.70233 -2.84977e+00
 94 -0.74527 -2.13578e+00 | 95 -0.72699 -6.01581e+00 | 96 -0.71807 -8.04116e-01
 97 -0.74587 -2.85935e+00 | 98 -0.74816 -3.46827e+00 | 99 -0.67200 -4.42677e+00
100 -0.68815  5.77203e-01 |101 -0.75787  2.76291e+00 |102 -0.74492 -2.00151e-01
103 -0.73596 -3.37842e+00 |104 -0.71180 -3.11326e+00 |105 -0.68400 -3.56400e+00
106 -0.73305 -1.36991e+00 |107 -0.76023 -3.36231e+00 |108 -0.77033 -2.08577e+00
109 -0.82889 -4.74001e+00 |110 -0.76366 -3.17894e+00 |111 -0.74659 -2.82466e+00
112 -0.75645 -3.85180e+00 |113 -0.77447 -3.58510e+00 |114 -0.72361 -4.19172e+00
115 -0.66749 -4.28381e+00 |116 -0.67195 -2.63521e+00 |117 -0.75407 -2.22658e+00
118 -0.75487 -2.31608e+00 |119 -0.71986 -4.47092e+00 |120 -0.68635 -3.68075e+00
121 -0.70598 -3.11160e+00 |122 -0.68068 -3.17373e+00 |123 -0.80948 -2.29924e+00
124 -0.70910 -4.35910e+00 |125 -0.75383 -2.65260e+00 |126 -0.77144 -2.69453e+00
127 -0.82060 -1.61661e+00 |128 -0.85383 -2.50113e+00 |129 -0.82961 -1.17231e+00
130 -0.73265 -1.18515e+00 |131 -0.81722 -1.93806e+00 |132 -0.79950 -2.30769e+00
133 -0.78189 -1.56578e+00 |134 -0.78711 -3.22197e+00 |135 -0.80765 -2.01730e+00
136 -0.81485 -4.02829e+00 |137 -0.79177  4.06619e-01 |138 -0.80264  1.70757e+00
139 -0.80124 -7.15278e-01 |140 -0.85355 -6.19293e+00 |141 -0.85536  3.07927e+00
142 -0.86932  1.65589e+00 |143 -0.90042  1.13595e+01 |144 -0.90379  4.85958e+00
145  0.39127 -7.40472e+01 |146  0.19062 -8.42242e+01 |147  0.26392 -1.15900e+02
148  0.08883  1.84067e+01 |149 -0.16823  2.76134e+01 |150 -0.20598  3.23879e+00
151 -0.17272  2.28058e+01 |152  0.00079  1.78361e+02 |153  0.16851  5.18624e+01
154 -0.02574  1.63998e+01 |155  0.17411  4.83714e+00 |156 -0.07687  2.40547e+00
157  0.41842 -3.74425e-05 |158 -0.05607  2.09169e+01 |159 -0.33561  4.01171e+02
160 -0.21858 -2.38403e+01 |161 -0.22469  5.60878e+00 |162 -0.31068 -8.63414e-01
163  0.05698 -9.38263e-02 |164 -0.16591  5.75138e+00 |165  0.01977 -3.72590e+02
166  0.00670 -3.73370e+02 |167  0.00545 -3.72719e+02 |168 -0.00741 -3.68178e+02
169 -0.00383 -3.66808e+02 |170  0.00063 -3.65136e+02 |171 -0.00484 -3.66199e+02
172 -0.00844 -3.66502e+02 |173  0.01724 -3.49054e+02 |174 -0.00390 -3.50144e+02
175 -0.00327 -3.48623e+02 |176 -0.01973 -3.48904e+02 |177  0.00251 -3.41534e+02
178 -0.01075 -3.39053e+02 |179  0.00816 -3.34635e+02 |180  0.00560 -3.33549e+02
181 -0.00403 -3.32615e+02 |182  0.01591 -3.21257e+02 |183 -0.01430 -3.18316e+02
184 -0.01508 -3.17867e+02 |185  0.01103 -3.15981e+02 |186  0.02159 -3.28087e+02
187 -0.00481 -3.30300e+02 |188 -0.02515 -3.31548e+02 |189  0.02162 -3.15688e+02
190 -0.02185 -3.07905e+02 |191  0.02283 -3.17946e+02 |192 -0.00001 -3.12252e+02
193  0.00344 -3.06617e+02 |194 -0.01009 -3.02921e+02 |195  0.00940 -2.90822e+02
196  0.01708 -2.85290e+02 |197 -0.01822 -2.60062e+02 |198 -0.01834 -2.57137e+02
199  0.00565 -2.51764e+02 |200  0.00427 -2.49440e+02 |201  0.00383 -2.34231e+02
202 -0.02078 -2.32497e+02 |203 -0.01156 -2.31260e+02 |204  0.02787 -2.14708e+02
205 -0.01014 -2.12905e+02 |206  0.01771 -2.01449e+02 |207 -0.00793 -1.96895e+02
208 -0.01741 -1.93326e+02 |209  0.00984 -1.86140e+02 |210  0.00208 -1.92985e+02
211 -0.00323 -1.85514e+02 |212  0.00663 -1.79154e+02 |213 -0.01941 -1.81429e+02
214 -0.00167 -1.72964e+02 |215  0.02324 -1.52242e+02 |216 -0.02937 -1.51635e+02
217  0.00979 -1.50566e+02 |218  0.02055 -1.40498e+02 |219  0.01012 -1.25456e+02
220 -0.00646 -1.07772e+02 |221 -0.00349 -1.02781e+02 |222 -0.00598 -9.14604e+01
223  0.00122 -8.37875e+01 |224 -0.00277 -7.28907e+01 |225  0.00343 -6.63314e+01
226 -0.00383 -5.42676e+01 |227  0.00312 -4.18587e+01 |228 -0.00434 -3.06456e+00
229 -0.01000  5.09789e-01 |230  0.00350  6.55790e+00 |231 -0.01207  3.87602e+00
232  0.01518  7.38807e+00 |233  0.01780 -3.62747e+02 |234  0.00297 -3.57589e+02
235 -0.01047 -3.52370e+02 |236  0.00881 -3.20896e+02 |237  0.00515 -3.12439e+02
238 -0.02421 -3.07307e+02 |239  0.01787 -3.09796e+02 |240  0.00232 -3.00857e+02
241 -0.02972 -2.80943e+02 |242  0.02024 -2.92067e+02 |243 -0.00274 -2.94711e+02
244 -0.00125 -3.03690e+02 |245 -0.00121 -2.92028e+02 |246  0.00898 -3.05705e+02
247 -0.01125 -3.21792e+02 |248  0.00524 -3.30524e+02 |249  0.00186 -3.55642e+02
250  0.00227 -3.41003e+02 |251 -0.00753 -3.40694e+02 |252  0.01093 -3.23507e+02
253 -0.01068 -3.31867e+02 |254  0.00420 -3.00207e+02 |255 -0.00052 -2.91837e+02
256  0.01110 -2.83411e+02 |257 -0.02629 -2.75496e+02 |258  0.01786 -2.42886e+02
259 -0.00737 -2.78814e+02 |260  0.00265 -2.94230e+02 |261  0.00041 -2.75236e+02
262  0.00657 -2.80758e+02 |263 -0.00862 -2.79847e+02 |264 -0.00013 -2.70070e+02
265  0.01304 -2.38881e+02 |266 -0.00508 -2.59265e+02 |267 -0.00482 -2.68779e+02
268  0.00329 -2.49629e+02 |269 -0.00062 -2.40921e+02 |270  0.00191 -2.42672e+02
271 -0.01940 -2.40353e+02 |272  0.01100 -2.24356e+02 |273  0.00947 -2.07230e+02
274 -0.00947 -2.30734e+02 |275  0.00840 -2.31872e+02 |276 -0.00498 -2.44227e+02
277 -0.00525 -2.39253e+02 |278  0.00713 -2.41800e+02 |279 -0.00555 -2.60191e+02
280  0.00404 -2.73224e+02 |281  0.00077 -3.02728e+02 |282 -0.00464 -2.74864e+02
283 -0.00696 -2.69542e+02 |284  0.01334 -2.58222e+02 |285 -0.01019 -2.73430e+02
286  0.00264 -2.53168e+02 |287  0.01255 -2.37321e+02 |288  0.00517 -2.09435e+02
289 -0.00904 -1.81274e+02 |290 -0.01665 -1.67002e+02 |291  0.01422 -1.51576e+02
292  0.00430 -1.42535e+02 |293 -0.00652 -1.39199e+02 |294 -0.00256 -1.19331e+02
295  0.00430 -1.28751e+02 |296 -0.00506 -8.79454e+01 |297  0.00501 -9.08870e+01
298 -0.01994 -8.39485e+01 |299  0.00902 -8.24807e+01 |300  0.00355 -5.92837e+01
301 -0.01394 -5.30930e+02 |302  0.00433 -5.34722e+02 |303 -0.00258 -5.21167e+02
304 -0.00106 -5.00829e+02 |305  0.00302 -4.94679e+02 |306  0.01985 -4.74677e+02
307 -0.01903 -4.79724e+02 |308  0.00475 -4.62731e+02 |309  0.00289 -4.31803e+02
310 -0.02678 -4.47178e+02 |311  0.01279 -4.33605e+02 |312 -0.01108 -4.39127e+02
313  0.00026 -3.94901e+02 |314 -0.00138 -3.89889e+02 |315  0.00340 -3.67783e+02
316 -0.00278 -3.51665e+02 |317  0.00185 -3.24561e+02 |318  0.00022 -2.96561e+02
319  0.00422 -2.59038e+02 |320 -0.00053 -2.18449e+02 |321 -0.00164 -1.79797e+02
322  0.00002 -1.45421e+02 |323  0.00192 -9.39324e+01 |324  0.00210 -6.22945e+01
325  0.00712 -3.13832e+01 |326 -0.01530 -1.53444e+01 |327  0.00697 -2.44803e-01
328 -0.00116  4.15706e+01 |329 -0.00104  5.15447e+01 |330  0.00441  1.03641e+02
331 -0.00242  1.32107e+02 |332 -0.00125  1.48594e+02 |333 -0.00247  1.67303e+02
334  0.00733  1.62566e+02 |335  0.00722  1.63533e+02 |336 -0.00963  1.69919e+02
337  0.00107  2.20096e+02 |338  0.00283  2.35280e+02 |339  0.00953  2.86656e+02
340 -0.01183  2.85167e+02 |341 -0.00348  3.14885e+02 |342 -0.00028  3.25213e+02
343 -0.00234  3.25106e+02 |344  0.00669  3.54172e+02 |345  0.00139  3.49524e+02
346 -0.00669  3.25559e+02 |347  0.00364  3.08870e+02 |348 -0.00478  2.96318e+02
349  0.00520  3.07798e+02 |350 -0.00107  3.20116e+02 |351  0.00014  3.03759e+02
352 -0.00414  3.14685e+02 |353  0.00858  2.93252e+02 |354 -0.00164  2.95607e+02
355 -0.00563  2.49950e+02 |356  0.00655  2.47756e+02 |357  0.00493  2.17953e+02
358  0.00559  1.82744e+02 |359 -0.01298  1.52639e+02 |360  0.00306  1.14599e+02
361  0.00020  7.87692e+01 |362  0.00087  7.40709e+01 |363 -0.00107  4.56099e+01
364  0.00167  4.70317e+01 |365 -0.00551  4.17963e+00 |366  0.01436 -8.73405e+00
367 -0.01971 -2.13976e+01 |368 -0.00689 -3.63645e+01 |
368 variables; iteration 220; function evaluation 229; phase 5
Function value 3.4140765e+03; maximum gradient component mag 1.3264e+03
Var    Value     Gradient |Var    Value     Gradient |Var    Value     Gradient
  1 -0.01990  1.32642e+03 |  2  0.07403  5.65160e-01 |  3  0.15545  2.56831e+00
  4 -0.00680  6.28167e+00 |  5 -0.06859  8.02623e-01 |  6  0.05856  4.90218e-02
  7  0.03348  6.60469e-01 |  8 -0.01887  1.53729e-01 |  9  0.03225  3.88298e+00
 10  0.01549 -7.47564e+00 | 11  0.21694  4.13870e+00 | 12 -0.12172 -1.59469e+01
 13 -0.02971 -1.17799e+01 | 14 -0.15274 -1.37203e+01 | 15 -0.17224 -1.26715e+01
 16  0.24010  2.76737e+01 | 17  0.01634 -4.62251e+00 | 18 -0.09229 -1.24527e+01
 19 -0.03347 -1.12235e+01 | 20  0.00346 -1.98501e+00 | 21 -0.07917 -4.19024e+00
 22  0.04995  1.09486e+01 | 23 -0.10876 -9.71670e+00 | 24 -0.02405 -2.21878e+00
 25  0.01874  8.47781e-01 | 26  0.03403  4.96571e+00 | 27 -0.10141 -7.40938e+00
 28  0.02332  5.42445e+00 | 29  0.06624  1.02900e+01 | 30 -0.06705 -6.13749e+00
 31 -0.17111 -8.53218e+00 | 32  0.04149  8.38175e+00 | 33  0.05814  2.87810e-01
 34  0.07087  8.68546e+00 | 35  0.05644  3.12636e+00 | 36 -0.03283 -6.74799e-01
 37 -0.00901 -6.16915e-01 | 38  0.06504 -1.67007e+00 | 39 -0.06092 -7.01051e+00
 40  0.22010  3.49738e+01 | 41  0.02803  7.43567e-01 | 42  0.08158 -4.66491e+00
 43 -0.07087 -1.09791e+01 | 44  0.17885  3.17281e+01 | 45 -0.03592 -8.68841e+00
 46 -0.02680 -3.95827e+00 | 47 -0.01200 -1.52321e+00 | 48 -0.08675 -9.31802e+00
 49  0.11833  3.01363e+01 | 50  0.02013  4.26164e+00 | 51  0.00706  2.47862e+00
 52  0.01714  6.98755e+00 | 53 -0.04250 -4.23946e-01 | 54  0.07393  2.34584e+01
 55 -0.00348  1.04589e+01 | 56 -0.05900  7.48315e+00 | 57 -0.06803 -6.75514e-01
 58  0.07115  6.46237e+00 | 59 -0.04868  3.06986e+00 | 60  0.00881  3.87620e+00
 61 -0.01277 -1.27617e+01 | 62  0.05233  2.13411e+00 | 63  0.08504  2.04513e+00
 64 -0.07699 -1.99544e+01 | 65 -0.02712 -5.31780e+00 | 66  0.02926  9.35455e-01
 67 -0.00393 -8.42394e+00 | 68 -0.05389 -6.65662e+00 | 69  0.01898 -1.28487e+01
 70 -0.00296 -7.30003e+00 | 71  0.13792 -5.88917e+00 | 72 -0.07822 -1.13562e+01
 73 -0.04308 -1.05451e+01 | 74 -0.05317 -1.80617e+01 | 75  0.00312 -1.50201e+01
 76 -0.07204 -1.75848e+01 | 77  0.01198 -1.21790e+01 | 78 -0.52123 -4.11731e+00
 79 -0.85499  1.15311e+00 | 80 -0.86350  4.29738e-01 | 81 -0.81694  1.20555e+00
 82 -0.74739  1.11978e-02 | 83 -0.66113  2.35796e-01 | 84 -0.83857 -3.18467e+00
 85 -0.87178 -5.41566e+00 | 86 -0.79282 -2.58925e+00 | 87 -0.72348 -3.93677e+00
 88 -0.67357 -2.83425e+00 | 89 -0.66702 -2.80497e+00 | 90 -0.71590 -2.99040e+00
 91 -0.70776 -2.93155e+00 | 92 -0.67935 -7.88908e-01 | 93 -0.70072 -3.00727e+00
 94 -0.74344 -2.39003e+00 | 95 -0.72266 -2.85894e+00 | 96 -0.71821 -2.36682e+00
 97 -0.74509 -2.73944e+00 | 98 -0.74705 -3.36921e+00 | 99 -0.67197 -6.10426e+00
100 -0.69167 -3.81861e+00 |101 -0.76045 -2.98665e+00 |102 -0.74510 -2.36509e+00
103 -0.73465 -3.35165e+00 |104 -0.71130 -3.55592e+00 |105 -0.68286 -2.92905e+00
106 -0.73398 -2.41241e+00 |107 -0.76122 -3.82335e+00 |108 -0.77079 -2.86657e+00
109 -0.82845 -4.28078e+00 |110 -0.76338 -4.03674e+00 |111 -0.74687 -3.31934e+00
112 -0.75684 -5.01423e+00 |113 -0.77502 -5.24595e+00 |114 -0.72304 -4.57029e+00
115 -0.66860 -5.85358e+00 |116 -0.67302 -4.31943e+00 |117 -0.75403 -3.12571e+00
118 -0.75419 -2.03471e+00 |119 -0.71898 -4.64876e+00 |120 -0.68678 -5.96550e+00
121 -0.70715 -6.28902e+00 |122 -0.68139 -5.66560e+00 |123 -0.80868 -7.86077e-01
124 -0.70937 -6.20200e+00 |125 -0.75318 -2.65913e+00 |126 -0.77093 -2.68897e+00
127 -0.82031 -1.04607e+00 |128 -0.85392 -3.55245e+00 |129 -0.83076 -4.80108e+00
130 -0.73289 -1.53809e+00 |131 -0.81776 -3.12197e+00 |132 -0.79944 -1.92948e+00
133 -0.78221 -1.39498e+00 |134 -0.78607 -1.17281e+00 |135 -0.80731 -5.80559e-01
136 -0.81315  5.91565e-01 |137 -0.79148  1.16261e+00 |138 -0.80256  1.53884e+00
139 -0.80008  1.49770e+00 |140 -0.85222 -9.38738e-01 |141 -0.85561 -1.32417e+00
142 -0.86868  4.09372e+00 |143 -0.90140 -7.70013e-01 |144 -0.90356  7.01596e+00
145  0.35096 -5.65553e+01 |146  0.19467 -3.18583e+01 |147  0.24990  8.01839e-01
148  0.08876  4.85125e+00 |149 -0.16829  3.16526e+01 |150 -0.20547  2.28495e+01
151 -0.17316  2.17691e+01 |152  0.00071  7.90368e+01 |153  0.16848  3.39705e+01
154 -0.02563  2.12599e+01 |155  0.17460  8.51617e+00 |156 -0.10493 -3.51987e+00
157  0.41848  3.17241e-06 |158 -0.05583  3.85378e+01 |159 -0.33597  3.20554e+02
160 -0.21777 -4.60826e+01 |161 -0.22515 -7.66610e+00 |162 -0.31096 -4.11035e+00
163  0.05725  1.66107e+00 |164 -0.16465  4.94480e+00 |165  0.02578 -2.70057e+02
166  0.00999 -2.71198e+02 |167  0.00773 -2.70895e+02 |168 -0.00397 -2.68172e+02
169 -0.00723 -2.68692e+02 |170 -0.00874 -2.68633e+02 |171 -0.00382 -2.66993e+02
172 -0.00267 -2.65960e+02 |173  0.01871 -2.54383e+02 |174  0.00125 -2.55315e+02
175 -0.01004 -2.57308e+02 |176 -0.02045 -2.56300e+02 |177  0.00243 -2.49381e+02
178 -0.01025 -2.46978e+02 |179  0.00709 -2.40596e+02 |180  0.00551 -2.37768e+02
181 -0.00300 -2.32745e+02 |182  0.01719 -2.27723e+02 |183 -0.01594 -2.27918e+02
184 -0.01502 -2.26876e+02 |185  0.01012 -2.27345e+02 |186  0.02106 -2.29321e+02
187 -0.00431 -2.30377e+02 |188 -0.02312 -2.30907e+02 |189  0.02143 -2.26763e+02
190 -0.02376 -2.25675e+02 |191  0.02440 -2.16228e+02 |192  0.00057 -2.11983e+02
193  0.00453 -2.07969e+02 |194 -0.01044 -2.07938e+02 |195  0.01006 -2.02129e+02
196  0.01654 -1.99357e+02 |197 -0.02021 -1.80788e+02 |198 -0.01759 -1.77182e+02
199  0.00615 -1.74045e+02 |200  0.00321 -1.73274e+02 |201  0.00292 -1.60383e+02
202 -0.02009 -1.57756e+02 |203 -0.01127 -1.56294e+02 |204  0.02768 -1.49531e+02
205 -0.00944 -1.47925e+02 |206  0.01772 -1.41509e+02 |207 -0.00875 -1.38890e+02
208 -0.01699 -1.35052e+02 |209  0.00912 -1.33604e+02 |210  0.00233 -1.38767e+02
211 -0.00239 -1.30074e+02 |212  0.00514 -1.30084e+02 |213 -0.01883 -1.29667e+02
214 -0.00161 -1.24664e+02 |215  0.02329 -1.07090e+02 |216 -0.02926 -1.06737e+02
217  0.00995 -1.01110e+02 |218  0.02111 -9.74373e+01 |219  0.01312 -8.76059e+01
220 -0.00452 -7.63023e+01 |221 -0.00511 -7.38307e+01 |222 -0.01032 -6.65405e+01
223  0.00272 -5.76618e+01 |224 -0.00247 -5.16753e+01 |225  0.00249 -4.76669e+01
226 -0.00357 -3.94136e+01 |227  0.00372 -3.13350e+01 |228 -0.00617 -7.09233e+00
229 -0.00840 -2.09738e+00 |230  0.00149 -3.51415e+00 |231 -0.01155 -1.69136e-01
232  0.01480  4.70219e+00 |233  0.01739 -1.34864e+02 |234  0.00270 -1.42848e+02
235 -0.00992 -1.39214e+02 |236  0.00829 -1.33669e+02 |237  0.00513 -1.36498e+02
238 -0.02174 -1.32824e+02 |239  0.01626 -1.33980e+02 |240  0.00295 -1.29007e+02
241 -0.03132 -1.21363e+02 |242  0.01988 -1.23390e+02 |243 -0.00272 -1.23726e+02
244 -0.00168 -1.28466e+02 |245 -0.00087 -1.26074e+02 |246  0.00852 -1.30075e+02
247 -0.01036 -1.24071e+02 |248  0.00465 -1.35395e+02 |249  0.00253 -1.47155e+02
250  0.00157 -1.52934e+02 |251 -0.00692 -1.49884e+02 |252  0.01078 -1.38976e+02
253 -0.01054 -1.51263e+02 |254  0.00389 -1.41179e+02 |255 -0.00026 -1.36926e+02
256  0.01097 -1.36309e+02 |257 -0.02613 -1.35024e+02 |258  0.01757 -1.31080e+02
259 -0.00760 -1.34871e+02 |260  0.00329 -1.29649e+02 |261 -0.00029 -1.23463e+02
262  0.00661 -1.16928e+02 |263 -0.00817 -1.05979e+02 |264  0.00011 -1.08165e+02
265  0.01214 -8.69578e+01 |266 -0.00469 -1.00843e+02 |267 -0.00412 -1.01004e+02
268  0.00279 -1.02959e+02 |269 -0.00101 -9.64325e+01 |270  0.00209 -9.27797e+01
271 -0.01885 -8.68857e+01 |272  0.01077 -8.44941e+01 |273  0.00866 -7.11552e+01
274 -0.00886 -7.41308e+01 |275  0.00840 -5.53670e+01 |276 -0.00484 -6.04290e+01
277 -0.00502 -6.16241e+01 |278  0.00680 -6.36665e+01 |279 -0.00571 -7.38814e+01
280  0.00387 -8.20515e+01 |281  0.00168 -8.29227e+01 |282 -0.00484 -8.12112e+01
283 -0.00708 -8.80070e+01 |284  0.01279 -8.90444e+01 |285 -0.00956 -8.11232e+01
286  0.00290 -7.99526e+01 |287  0.01232 -8.07033e+01 |288  0.00541 -7.63015e+01
289 -0.00936 -7.23294e+01 |290 -0.01487 -6.13786e+01 |291  0.01263 -6.14257e+01
292  0.00387 -6.63817e+01 |293 -0.00611 -5.67708e+01 |294 -0.00288 -5.32787e+01
295  0.00421 -5.11050e+01 |296 -0.00448 -2.13996e+01 |297  0.00454 -2.91399e+01
298 -0.01908 -2.77582e+01 |299  0.00873 -2.59550e+01 |300  0.00324 -2.25616e+01
301 -0.01111  8.68369e-01 |302  0.00430 -2.37426e+01 |303 -0.00247 -1.63726e+01
304 -0.00091 -9.24997e+00 |305  0.00328 -1.19291e+01 |306  0.01659 -1.14929e+01
307 -0.01589 -8.70933e+00 |308  0.00515 -3.74405e+00 |309  0.00227  1.04353e+01
310 -0.02662  3.87119e+00 |311  0.01257  1.75871e+01 |312 -0.01004  1.95227e+01
313 -0.00025  1.72635e+01 |314 -0.00141  3.61029e-01 |315  0.00318  3.32872e+00
316 -0.00244  3.83355e+00 |317  0.00152  5.18006e+00 |318  0.00047  8.27691e+00
319  0.00408  2.54657e+01 |320 -0.00016  2.55525e+01 |321 -0.00200  1.68126e+01
322  0.00026  3.53852e+01 |323  0.00173  5.32426e+01 |324  0.00204  5.11175e+01
325  0.00684  6.42201e+01 |326 -0.01527  6.44729e+01 |327  0.00759  8.10016e+01
328 -0.00172  8.43919e+01 |329 -0.00033  8.32759e+01 |330  0.00392  8.34839e+01
331 -0.00245  1.06701e+02 |332 -0.00142  9.73537e+01 |333 -0.00208  1.10128e+02
334  0.00657  1.02704e+02 |335  0.00743  1.18077e+02 |336 -0.00926  1.10289e+02
337  0.00130  1.27930e+02 |338  0.00255  1.35402e+02 |339  0.00911  1.65333e+02
340 -0.01163  1.54972e+02 |341 -0.00323  1.83018e+02 |342 -0.00050  1.83846e+02
343 -0.00216  1.96163e+02 |344  0.00643  2.13164e+02 |345  0.00115  2.12307e+02
346 -0.00643  2.05812e+02 |347  0.00394  2.01060e+02 |348 -0.00480  1.77516e+02
349  0.00490  1.73485e+02 |350 -0.00125  1.70733e+02 |351  0.00027  1.61047e+02
352 -0.00404  1.67753e+02 |353  0.00846  1.53492e+02 |354 -0.00203  1.45405e+02
355 -0.00526  1.28607e+02 |356  0.00652  1.27396e+02 |357  0.00487  1.01847e+02
358  0.00396  8.70313e+01 |359 -0.01145  7.05357e+01 |360  0.00323  5.38102e+01
361  0.00030  4.10854e+01 |362  0.00074  2.84631e+01 |363 -0.00079  2.14951e+01
364  0.00094  7.51834e+00 |365 -0.00494 -1.78457e+00 |366  0.01356 -7.31182e+00
367 -0.01924 -1.27640e+01 |368 -0.00636 -1.26448e+01 |
368 variables; iteration 240; function evaluation 249; phase 5
Function value 3.4137238e+03; maximum gradient component mag 1.4288e+03
Var    Value     Gradient |Var    Value     Gradient |Var    Value     Gradient
  1 -0.01984  1.42878e+03 |  2  0.08022  2.85217e+00 |  3  0.15687  5.44507e+00
  4 -0.00877  5.89516e+00 |  5 -0.06689  2.06029e+00 |  6  0.05975  4.94628e+00
  7  0.03458  3.71500e+00 |  8 -0.01919  1.69389e+00 |  9  0.03320  7.33156e+00
 10  0.01481 -6.86060e+00 | 11  0.21663  1.05533e+01 | 12 -0.11296 -9.35251e+00
 13 -0.02938 -7.75476e+00 | 14 -0.14828 -9.70561e+00 | 15 -0.17763 -1.20140e+01
 16  0.23972  4.04907e+01 | 17  0.01625 -5.51280e-01 | 18 -0.09049 -8.06833e+00
 19 -0.03337 -6.74219e+00 | 20  0.00462  4.16090e+00 | 21 -0.08322 -6.98193e+00
 22  0.05038  1.94818e+01 | 23 -0.10645 -3.18363e+00 | 24 -0.02467 -7.74981e-01
 25  0.01906  6.29705e+00 | 26  0.03348  5.76521e+00 | 27 -0.10342 -7.55147e+00
 28  0.02370  8.51084e+00 | 29  0.06618  1.37044e+01 | 30 -0.06529 -1.50198e+00
 31 -0.17340 -6.15690e+00 | 32  0.04112  5.83540e+00 | 33  0.05788  1.33196e+00
 34  0.07147  1.39265e+01 | 35  0.05606  2.52919e+00 | 36 -0.03194  1.40511e+00
 37 -0.01044 -1.68718e+00 | 38  0.06621  2.37147e+00 | 39 -0.06072 -4.50084e+00
 40  0.22018  3.31338e+01 | 41  0.02676 -1.82412e+00 | 42  0.08160 -5.85563e+00
 43 -0.07058 -8.82693e+00 | 44  0.17890  3.49912e+01 | 45 -0.03517 -2.38781e+00
 46 -0.02674 -3.57762e+00 | 47 -0.01211 -4.91818e+00 | 48 -0.08649 -4.88333e+00
 49  0.11845  3.43613e+01 | 50  0.02028  9.02590e+00 | 51  0.00706  1.42853e+00
 52  0.01761  1.67253e+01 | 53 -0.04276 -6.95034e-01 | 54  0.07405  2.80639e+01
 55 -0.00344  1.38825e+01 | 56 -0.05928  3.02345e+00 | 57 -0.06817 -1.99630e+00
 58  0.07100  1.96591e+00 | 59 -0.04866  2.49150e+00 | 60  0.00917  1.24366e+01
 61 -0.01247 -5.41438e+00 | 62  0.05244  2.47458e+00 | 63  0.08520  2.81543e+00
 64 -0.07645 -1.20770e+01 | 65 -0.02740 -9.51986e+00 | 66  0.02930  9.92712e-01
 67 -0.00423 -1.77495e+01 | 68 -0.05390 -5.77101e+00 | 69  0.01899 -1.65007e+01
 70 -0.00309 -7.89034e+00 | 71  0.13775 -1.18154e+01 | 72 -0.07812 -1.07397e+01
 73 -0.04313 -1.06594e+01 | 74 -0.05307 -1.57350e+01 | 75  0.00334 -1.25853e+01
 76 -0.07159 -1.40459e+01 | 77  0.01195 -1.01837e+01 | 78 -0.51872 -3.96216e+00
 79 -0.85559 -2.38365e+00 | 80 -0.86379 -1.39889e+00 | 81 -0.81765 -7.59983e-01
 82 -0.74916 -1.99847e+00 | 83 -0.66431 -1.98077e+00 | 84 -0.83808 -2.69427e+00
 85 -0.87145 -4.87056e+00 | 86 -0.79283 -4.27853e+00 | 87 -0.72150 -2.19319e+00
 88 -0.67181 -1.93510e+00 | 89 -0.66814 -4.29804e+00 | 90 -0.71395 -1.99440e+00
 91 -0.70718 -3.04206e+00 | 92 -0.68039 -2.39924e+00 | 93 -0.69975 -2.55432e+00
 94 -0.74326 -2.81903e+00 | 95 -0.72210 -2.95794e+00 | 96 -0.71757 -2.59818e+00
 97 -0.74510 -3.22976e+00 | 98 -0.74692 -3.47796e+00 | 99 -0.67239 -6.82168e+00
100 -0.68939 -2.16935e+00 |101 -0.76110 -4.76687e+00 |102 -0.74552 -3.42351e+00
103 -0.73428 -3.12154e+00 |104 -0.71082 -3.22848e+00 |105 -0.68155 -1.81771e+00
106 -0.73377 -2.48363e+00 |107 -0.76033 -1.84071e+00 |108 -0.77024 -2.11037e+00
109 -0.82791 -2.69932e+00 |110 -0.76287 -3.59385e+00 |111 -0.74792 -4.50547e+00
112 -0.75540 -3.11248e+00 |113 -0.77406 -3.21542e+00 |114 -0.72335 -5.61026e+00
115 -0.66711 -4.23685e+00 |116 -0.67205 -3.38992e+00 |117 -0.75358 -2.88172e+00
118 -0.75537 -4.99230e+00 |119 -0.71924 -5.61228e+00 |120 -0.68670 -6.15915e+00
121 -0.70600 -4.79255e+00 |122 -0.68050 -4.74464e+00 |123 -0.80957 -3.75970e+00
124 -0.70854 -5.46340e+00 |125 -0.75315 -2.91162e+00 |126 -0.77029 -2.08597e+00
127 -0.82093 -2.65620e+00 |128 -0.85302 -4.93458e-01 |129 -0.82888  9.31398e-01
130 -0.73372 -2.80583e+00 |131 -0.81676 -7.32883e-01 |132 -0.79955 -1.91382e+00
133 -0.78140 -3.01670e-01 |134 -0.78627 -1.26974e+00 |135 -0.80780 -1.57551e+00
136 -0.81379 -1.24151e+00 |137 -0.79158  7.29329e-01 |138 -0.80311 -2.62807e-01
139 -0.80082 -1.15630e+00 |140 -0.85153  1.94602e+00 |141 -0.85513  3.21295e-02
142 -0.86908  5.88747e-01 |143 -0.90110  1.23072e+00 |144 -0.90416 -6.58141e-03
145  0.39743 -3.28639e+01 |146  0.18804 -4.67118e+01 |147  0.24335  2.07270e+01
148  0.08874 -1.60122e-01 |149 -0.16833  3.23034e+01 |150 -0.20514  3.42650e+01
151 -0.17347  2.05010e+01 |152  0.00069  1.25096e+01 |153  0.16845  1.70158e+01
154 -0.02536  2.24876e+01 |155  0.17395 -1.53822e+00 |156 -0.08820 -3.37748e-01
157  0.41851  3.73466e-05 |158 -0.05549  4.55339e+01 |159 -0.33615  2.98290e+02
160 -0.21747 -5.27277e+01 |161 -0.22561 -1.50104e+01 |162 -0.31183 -7.79715e+00
163  0.05828  2.97334e+00 |164 -0.16653 -6.70331e-01 |165  0.01559 -1.64880e+02
166  0.01242 -1.62424e+02 |167  0.00969 -1.62346e+02 |168 -0.00470 -1.61701e+02
169 -0.00827 -1.62336e+02 |170 -0.00860 -1.62132e+02 |171 -0.00455 -1.60734e+02
172  0.00126 -1.58697e+02 |173  0.00589 -1.54768e+02 |174  0.00295 -1.49067e+02
175 -0.00517 -1.49825e+02 |176 -0.01835 -1.49140e+02 |177  0.00171 -1.47172e+02
178 -0.01040 -1.46349e+02 |179  0.00778 -1.34268e+02 |180  0.00579 -1.33141e+02
181 -0.00300 -1.32109e+02 |182  0.01565 -1.34068e+02 |183 -0.01479 -1.32648e+02
184 -0.01484 -1.33513e+02 |185  0.00909 -1.38977e+02 |186  0.01975 -1.38238e+02
187 -0.00672 -1.38324e+02 |188 -0.01768 -1.35417e+02 |189  0.02032 -1.40146e+02
190 -0.02394 -1.40924e+02 |191  0.02491 -1.31764e+02 |192  0.00127 -1.29553e+02
193  0.00336 -1.27604e+02 |194 -0.01006 -1.27731e+02 |195  0.00929 -1.23252e+02
196  0.01825 -1.19816e+02 |197 -0.02051 -1.04986e+02 |198 -0.01823 -1.02701e+02
199  0.00606 -1.00164e+02 |200  0.00350 -9.97342e+01 |201  0.00496 -9.04950e+01
202 -0.02352 -9.14159e+01 |203 -0.01036 -8.70883e+01 |204  0.02681 -8.80017e+01
205 -0.00836 -8.46307e+01 |206  0.01747 -8.20956e+01 |207 -0.00689 -7.94980e+01
208 -0.01880 -8.03814e+01 |209  0.00782 -8.31994e+01 |210  0.00410 -8.18723e+01
211 -0.00344 -8.00946e+01 |212  0.00492 -7.80934e+01 |213 -0.01790 -7.58640e+01
214 -0.00177 -7.60363e+01 |215  0.02318 -7.16565e+01 |216 -0.02940 -7.19806e+01
217  0.01013 -6.47185e+01 |218  0.02129 -6.47266e+01 |219  0.01405 -5.72070e+01
220 -0.00528 -4.80112e+01 |221  0.00071 -4.40568e+01 |222 -0.01667 -4.30877e+01
223  0.00379 -3.26882e+01 |224 -0.00307 -3.02604e+01 |225  0.00294 -2.66424e+01
226 -0.00384 -2.23955e+01 |227  0.00337 -1.73334e+01 |228 -0.00484  3.56943e+00
229 -0.01074  4.33396e+00 |230  0.00298  5.92824e+00 |231 -0.01235  3.39963e+00
232  0.01475  5.02886e+00 |233  0.01841 -1.98822e+02 |234  0.00330 -2.04012e+02
235 -0.00986 -2.01615e+02 |236  0.00803 -2.05773e+02 |237  0.00869 -2.02480e+02
238 -0.02718 -2.04263e+02 |239  0.01917 -2.00873e+02 |240 -0.00164 -2.00287e+02
241 -0.02567 -1.88149e+02 |242  0.01799 -1.97185e+02 |243 -0.00340 -1.97375e+02
244 -0.00154 -1.96671e+02 |245 -0.00050 -1.99243e+02 |246  0.00798 -1.94761e+02
247 -0.00958 -1.80894e+02 |248  0.00442 -1.82715e+02 |249  0.00227 -1.87707e+02
250  0.00183 -1.99031e+02 |251 -0.00693 -1.89311e+02 |252  0.01051 -1.82877e+02
253 -0.01002 -1.97235e+02 |254  0.00366 -1.89940e+02 |255 -0.00010 -1.88861e+02
256  0.01007 -1.88036e+02 |257 -0.02455 -1.89703e+02 |258  0.01664 -1.95641e+02
259 -0.00761 -1.83783e+02 |260  0.00329 -1.66829e+02 |261 -0.00022 -1.57862e+02
262  0.00630 -1.46891e+02 |263 -0.00756 -1.29972e+02 |264 -0.00025 -1.35731e+02
265  0.01225 -1.14310e+02 |266 -0.00502 -1.20919e+02 |267 -0.00337 -1.11784e+02
268  0.00220 -1.21774e+02 |269 -0.00116 -1.14804e+02 |270  0.00246 -1.00870e+02
271 -0.01823 -9.30286e+01 |272  0.01008 -9.87560e+01 |273  0.00837 -8.08527e+01
274 -0.00849 -7.28954e+01 |275  0.00812 -4.44147e+01 |276 -0.00440 -3.93199e+01
277 -0.00512 -4.68805e+01 |278  0.00647 -4.15308e+01 |279 -0.00526 -4.27808e+01
280  0.00348 -5.14013e+01 |281  0.00192 -3.67400e+01 |282 -0.00479 -4.22564e+01
283 -0.00707 -5.69779e+01 |284  0.01259 -5.94489e+01 |285 -0.00946 -4.43009e+01
286  0.00315 -4.85931e+01 |287  0.01213 -5.48523e+01 |288  0.00555 -5.70840e+01
289 -0.00965 -6.12514e+01 |290 -0.01401 -4.97153e+01 |291  0.01195 -5.11428e+01
292  0.00377 -5.66596e+01 |293 -0.00607 -4.38328e+01 |294 -0.00304 -4.44013e+01
295  0.00443 -2.85623e+01 |296 -0.00446 -7.97994e+00 |297  0.00468 -8.24036e+00
298 -0.01925 -9.42498e+00 |299  0.00884 -3.76929e+00 |300  0.00315 -9.11363e+00
301 -0.00950  9.07207e+01 |302  0.00408  5.73901e+01 |303 -0.00248  6.09228e+01
304 -0.00092  6.46142e+01 |305  0.00326  6.30161e+01 |306  0.01833  6.16373e+01
307 -0.01747  6.46121e+01 |308  0.00622  6.72948e+01 |309 -0.00108  7.53208e+01
310 -0.02454  7.33185e+01 |311  0.01316  8.82394e+01 |312 -0.01001  8.20949e+01
313 -0.00063  6.33741e+01 |314 -0.00133  4.22140e+01 |315  0.00277  3.95191e+01
316 -0.00210  3.62747e+01 |317  0.00165  3.12676e+01 |318  0.00026  2.94500e+01
319  0.00415  3.63418e+01 |320 -0.00014  2.58645e+01 |321 -0.00219 -2.06216e+00
322  0.00051  8.12076e+00 |323  0.00168  1.64097e+01 |324  0.00215  5.96001e-01
325  0.00572  5.19520e+00 |326 -0.01433  8.26828e+00 |327  0.00775  2.42027e+01
328 -0.00182  1.73459e+01 |329 -0.00026  1.18944e+01 |330  0.00392 -8.14360e+00
331 -0.00272  1.14730e+01 |332 -0.00117 -5.94949e+00 |333 -0.00237  4.66762e+00
334  0.00660  5.79312e+00 |335  0.00726  2.70402e+01 |336 -0.00887  1.56969e+01
337  0.00145  2.12791e+01 |338  0.00227  2.78438e+01 |339  0.00844  5.21553e+01
340 -0.01092  4.35452e+01 |341 -0.00316  7.08106e+01 |342 -0.00071  6.64070e+01
343 -0.00189  8.93614e+01 |344  0.00606  9.58328e+01 |345  0.00126  1.02779e+02
346 -0.00626  1.05221e+02 |347  0.00363  9.78584e+01 |348 -0.00442  8.32160e+01
349  0.00479  6.98427e+01 |350 -0.00142  5.70942e+01 |351  0.00029  4.86916e+01
352 -0.00393  5.95689e+01 |353  0.00851  4.79768e+01 |354 -0.00234  3.29011e+01
355 -0.00500  3.46098e+01 |356  0.00644  3.16041e+01 |357  0.00483  1.00804e+01
358  0.00326  8.36682e+00 |359 -0.01079  5.50155e+00 |360  0.00328  1.24467e+00
361  0.00038  2.76514e+00 |362  0.00074 -1.10599e+01 |363 -0.00081 -6.02391e+00
364  0.00070 -2.15285e+01 |365 -0.00472 -1.01443e+01 |366  0.01341 -1.09747e+01
367 -0.01919 -1.10141e+01 |368 -0.00616 -4.30041e+00 |
368 variables; iteration 260; function evaluation 270; phase 5
Function value 3.4131350e+03; maximum gradient component mag 1.6829e+03
Var    Value     Gradient |Var    Value     Gradient |Var    Value     Gradient
  1 -0.01993  1.68286e+03 |  2  0.08740  4.55831e+00 |  3  0.15363  1.50512e+00
  4 -0.01775  5.37740e-01 |  5 -0.06645  1.56489e+00 |  6  0.06011  7.85901e+00
  7  0.03455  8.98063e+00 |  8 -0.01772  5.63097e+00 |  9  0.03350  6.93551e+00
 10  0.01268 -8.54733e+00 | 11  0.21760  1.62776e+01 | 12 -0.12072 -1.70523e+01
 13 -0.03070 -1.49256e+01 | 14 -0.15092 -1.53887e+01 | 15 -0.17310 -1.49188e+01
 16  0.23997  4.44708e+01 | 17  0.01489 -4.32231e+00 | 18 -0.09032 -1.04581e+01
 19 -0.03335 -7.07556e+00 | 20  0.00489  3.21096e+00 | 21 -0.08303 -1.02282e+01
 22  0.04941  1.16181e+01 | 23 -0.10772 -7.93110e+00 | 24 -0.02357 -2.48147e+00
 25  0.01919  7.30074e+00 | 26  0.03429  1.06254e+01 | 27 -0.10011 -6.80673e+00
 28  0.02302  6.48796e+00 | 29  0.06530  1.61970e+01 | 30 -0.06680 -6.25076e+00
 31 -0.17450 -1.10482e+01 | 32  0.04244  1.07057e+01 | 33  0.05768  4.40736e+00
 34  0.07169  1.60922e+01 | 35  0.05653  7.60306e+00 | 36 -0.03241 -4.89371e+00
 37 -0.00957  4.65507e-01 | 38  0.06579  6.80032e+00 | 39 -0.05914 -6.72960e+00
 40  0.21939  2.97732e+01 | 41  0.02660 -3.32912e+00 | 42  0.08255  6.15740e+00
 43 -0.07014 -6.66379e+00 | 44  0.17907  4.62855e+01 | 45 -0.03541 -4.34427e+00
 46 -0.02621  1.77066e+00 | 47 -0.01168  3.76553e+00 | 48 -0.08697 -9.09511e+00
 49  0.11832  3.49394e+01 | 50  0.02038  9.56773e+00 | 51  0.00724  6.54738e+00
 52  0.01743  6.64841e+00 | 53 -0.04270 -4.30266e+00 | 54  0.07402  2.67489e+01
 55 -0.00343  8.83964e+00 | 56 -0.05936 -3.87366e+00 | 57 -0.06783  7.58645e-01
 58  0.07138  1.86084e+01 | 59 -0.04939 -1.30085e+01 | 60  0.00857 -3.85237e+00
 61 -0.01237 -4.37491e+00 | 62  0.05234 -5.34994e+00 | 63  0.08527  2.23645e+00
 64 -0.07572 -8.21396e+00 | 65 -0.02727 -1.32912e+01 | 66  0.02913 -1.44540e+01
 67 -0.00396 -1.56359e+01 | 68 -0.05439 -1.73390e+01 | 69  0.01893 -2.06167e+01
 70 -0.00332 -2.11777e+01 | 71  0.13788 -1.53474e+01 | 72 -0.07902 -2.32531e+01
 73 -0.04312 -1.89412e+01 | 74 -0.05289 -1.60658e+01 | 75  0.00325 -2.05302e+01
 76 -0.07137 -1.48854e+01 | 77  0.01149 -1.85095e+01 | 78 -0.51887 -3.49294e+00
 79 -0.85511 -1.51003e+00 | 80 -0.86334  5.60445e-01 | 81 -0.81788 -4.90507e+00
 82 -0.74832 -2.68925e+00 | 83 -0.66126 -1.43382e+00 | 84 -0.83818 -2.70069e+00
 85 -0.87102 -2.50980e+00 | 86 -0.79154 -4.25063e+00 | 87 -0.72264 -5.36518e+00
 88 -0.67363 -5.33535e+00 | 89 -0.66606 -3.69111e+00 | 90 -0.71459 -4.10183e+00
 91 -0.70740 -4.81732e+00 | 92 -0.68132 -5.19699e+00 | 93 -0.70110 -4.53262e+00
 94 -0.74339 -3.81096e+00 | 95 -0.72217 -4.13731e+00 | 96 -0.71702 -2.51058e+00
 97 -0.74498 -4.20641e+00 | 98 -0.74734 -6.49697e+00 | 99 -0.66715 -4.77204e+00
100 -0.69057 -4.69615e+00 |101 -0.75974 -2.53558e+00 |102 -0.74506 -4.05436e+00
103 -0.73405 -4.69347e+00 |104 -0.71055 -4.78114e+00 |105 -0.68220 -3.88642e+00
106 -0.73314 -2.59142e+00 |107 -0.75924 -1.61607e+00 |108 -0.76997 -2.99147e+00
109 -0.82748 -2.73321e+00 |110 -0.76286 -6.09455e+00 |111 -0.74480 -2.17241e+00
112 -0.75478 -4.00467e+00 |113 -0.77538 -8.13427e+00 |114 -0.72221 -7.35567e+00
115 -0.66906 -8.61791e+00 |116 -0.67248 -5.52814e+00 |117 -0.75268 -2.28131e+00
118 -0.75458 -4.15923e+00 |119 -0.71846 -6.22978e+00 |120 -0.68511 -5.06382e+00
121 -0.70558 -4.85783e+00 |122 -0.67979 -4.42362e+00 |123 -0.80896 -2.56313e+00
124 -0.70790 -5.55305e+00 |125 -0.75310 -3.02530e+00 |126 -0.77063 -2.84657e+00
127 -0.82026 -1.49908e+00 |128 -0.85286 -1.41211e+00 |129 -0.82989 -3.12855e+00
130 -0.73168 -6.59543e-01 |131 -0.81729 -2.10884e+00 |132 -0.79988 -2.79559e+00
133 -0.78287 -3.17112e+00 |134 -0.78486  5.53268e-01 |135 -0.80643  1.09929e+00
136 -0.81240  1.90797e+00 |137 -0.79145  4.28469e-01 |138 -0.80246  1.02888e+00
139 -0.79932  2.09297e+00 |140 -0.85116  2.65006e+00 |141 -0.85388  4.04242e+00
142 -0.86880  1.18542e+00 |143 -0.90145 -4.13384e+00 |144 -0.90391  1.10490e+00
145  0.39021 -1.19265e+01 |146  0.19788  5.92996e+00 |147  0.24974  2.94360e+01
148  0.08877  3.94646e+00 |149 -0.16849  2.44431e+01 |150 -0.20510  4.46510e+01
151 -0.17320  3.67262e+01 |152  0.00067  3.94333e+00 |153  0.16849  1.16563e+01
154 -0.02589  1.09139e+01 |155  0.17526  2.20368e+01 |156 -0.09054 -3.40400e-01
157  0.41866 -3.45192e-05 |158 -0.05575  2.40456e+01 |159 -0.33700  1.96617e+02
160 -0.21661 -7.35648e+01 |161 -0.22622 -2.07962e+01 |162 -0.31010 -7.19290e+00
163  0.05710  1.12917e+00 |164 -0.16591  2.42008e+00 |165  0.02524 -5.44949e+01
166  0.01247 -5.60085e+01 |167  0.00767 -5.68223e+01 |168 -0.00397 -5.70288e+01
169 -0.00586 -5.73710e+01 |170 -0.00739 -5.75900e+01 |171 -0.00696 -5.73278e+01
172 -0.00548 -5.66446e+01 |173  0.01507 -5.27491e+01 |174 -0.00534 -5.50476e+01
175 -0.00554 -5.40504e+01 |176 -0.02010 -5.43057e+01 |177  0.00100 -5.34574e+01
178 -0.00916 -5.11520e+01 |179  0.00748 -5.15011e+01 |180  0.00634 -5.19844e+01
181 -0.00452 -5.38103e+01 |182  0.01765 -5.25650e+01 |183 -0.01629 -5.46071e+01
184 -0.01591 -5.50273e+01 |185  0.00969 -4.97559e+01 |186  0.02166 -4.16022e+01
187 -0.00259 -4.20844e+01 |188 -0.02350 -4.39610e+01 |189  0.01976 -4.52696e+01
190 -0.02271 -4.19375e+01 |191  0.02572 -3.95203e+01 |192  0.00407 -4.02115e+01
193 -0.00210 -4.45901e+01 |194 -0.00728 -4.08679e+01 |195  0.01170 -4.20445e+01
196  0.01858 -4.19835e+01 |197 -0.02129 -3.49995e+01 |198 -0.02064 -3.57337e+01
199  0.00508 -3.53393e+01 |200  0.00457 -3.43856e+01 |201  0.00284 -3.17389e+01
202 -0.01974 -3.04637e+01 |203 -0.01288 -3.44322e+01 |204  0.02891 -3.05041e+01
205 -0.01085 -3.27809e+01 |206  0.01850 -2.43444e+01 |207 -0.00794 -2.39539e+01
208 -0.01851 -2.40108e+01 |209  0.00771 -2.46747e+01 |210  0.00415 -2.31512e+01
211 -0.00280 -2.08486e+01 |212  0.00503 -2.30949e+01 |213 -0.01915 -2.33773e+01
214 -0.00093 -1.86190e+01 |215  0.02163 -2.07563e+01 |216 -0.02796 -1.56463e+01
217  0.00945 -1.60757e+01 |218  0.02257 -8.65416e+00 |219  0.02102 -3.86218e+00
220 -0.00264 -2.52269e+00 |221 -0.00432 -1.85445e+00 |222 -0.01974 -2.41733e+00
223  0.00334 -1.86787e+00 |224 -0.00255 -3.38873e+00 |225  0.00289 -3.20631e+00
226 -0.00461 -5.86572e+00 |227  0.00407 -7.67304e+00 |228 -0.00863 -6.28827e+00
229 -0.00796 -9.00661e-01 |230  0.00083 -5.65985e+00 |231 -0.01129 -1.40646e+00
232  0.01371 -2.40563e+00 |233  0.01668  3.00527e+01 |234  0.00315  2.20097e+01
235 -0.01091  1.67278e+01 |236  0.00967  1.71005e+01 |237  0.00555 -7.83277e+00
238 -0.02267 -6.56590e+00 |239  0.01736 -1.32364e+01 |240  0.00089 -1.38906e+01
241 -0.03150 -1.41800e+01 |242  0.02046 -2.25013e+01 |243 -0.00268 -2.22331e+01
244 -0.00159 -2.23639e+01 |245 -0.00048 -3.17970e+01 |246  0.00766 -4.32373e+01
247 -0.00984 -4.52603e+01 |248  0.00435 -5.75463e+01 |249  0.00268 -5.78866e+01
250  0.00152 -7.16158e+01 |251 -0.00659 -7.75557e+01 |252  0.01032 -8.64137e+01
253 -0.01067 -8.17999e+01 |254  0.00408 -6.84649e+01 |255  0.00012 -5.40355e+01
256  0.01017 -5.24103e+01 |257 -0.02499 -5.43305e+01 |258  0.01664 -4.76796e+01
259 -0.00706 -3.76309e+01 |260  0.00337 -3.25172e+01 |261 -0.00019 -3.65710e+01
262  0.00605 -4.14182e+01 |263 -0.00763 -4.44720e+01 |264  0.00023 -5.16263e+01
265  0.01138 -5.27525e+01 |266 -0.00475 -5.67362e+01 |267 -0.00307 -4.79398e+01
268  0.00199 -5.86266e+01 |269 -0.00071 -5.82159e+01 |270  0.00173 -5.21694e+01
271 -0.01763 -4.60957e+01 |272  0.00974 -2.85987e+01 |273  0.00830 -2.36534e+01
274 -0.00823 -8.84470e+00 |275  0.00797  5.03965e+00 |276 -0.00481  1.19870e+01
277 -0.00451  2.07337e+01 |278  0.00623  1.51188e+01 |279 -0.00515  1.52287e+01
280  0.00361  1.35746e+01 |281  0.00176  1.19344e+01 |282 -0.00523  6.77998e+00
283 -0.00703  7.23391e+00 |284  0.01309  6.09793e+00 |285 -0.00933  6.99761e+00
286  0.00276 -1.63993e-01 |287  0.01221 -6.85523e+00 |288  0.00577 -1.59124e+01
289 -0.00900 -3.10856e+01 |290 -0.01506 -3.46080e+01 |291  0.01201 -2.83784e+01
292  0.00426 -1.72803e+01 |293 -0.00683 -1.85884e+01 |294 -0.00225 -7.35002e+00
295  0.00451 -5.23844e+00 |296 -0.00510 -1.66957e+01 |297  0.00469 -1.18124e+01
298 -0.01777 -1.63516e+01 |299  0.00720 -1.37250e+01 |300  0.00353 -1.78081e+00
301 -0.01111  1.29965e+02 |302  0.00438  1.13421e+02 |303 -0.00222  1.13461e+02
304 -0.00188  9.73591e+01 |305  0.00412  9.47411e+01 |306  0.01677  8.00736e+01
307 -0.01628  7.62536e+01 |308  0.00593  7.39757e+01 |309  0.00228  7.34325e+01
310 -0.02694  5.64964e+01 |311  0.01211  4.62902e+01 |312 -0.00989  4.97471e+01
313 -0.00058  3.86202e+01 |314 -0.00094  3.04543e+01 |315  0.00294  1.50071e+01
316 -0.00227 -4.99498e+00 |317  0.00164 -1.89764e+01 |318  0.00059 -3.08261e+01
319  0.00360 -5.08228e+01 |320 -0.00016 -5.78638e+01 |321 -0.00141 -5.52539e+01
322 -0.00012 -5.46920e+01 |323  0.00141 -4.82394e+01 |324  0.00252 -4.47953e+01
325  0.00619 -5.14793e+01 |326 -0.01427 -4.71963e+01 |327  0.00675 -5.58607e+01
328 -0.00176 -4.86330e+01 |329 -0.00011 -3.77261e+01 |330  0.00438 -4.46163e+01
331 -0.00320 -5.94005e+01 |332 -0.00109 -6.04320e+01 |333 -0.00185 -5.75888e+01
334  0.00641 -6.18211e+01 |335  0.00697 -5.64459e+01 |336 -0.00867 -6.63264e+01
337  0.00092 -6.83087e+01 |338  0.00286 -5.45854e+01 |339  0.00759 -4.87625e+01
340 -0.01008 -2.49771e+01 |341 -0.00339 -1.71558e+01 |342 -0.00076 -1.19064e+01
343 -0.00177  2.48104e+00 |344  0.00634  8.27115e+00 |345  0.00080  6.82402e+00
346 -0.00606  1.38455e+01 |347  0.00337  4.74122e+00 |348 -0.00429  8.63401e+00
349  0.00490  7.08034e-01 |350 -0.00126 -9.79213e+00 |351  0.00061 -1.61527e+01
352 -0.00455 -2.59573e+01 |353  0.00838 -2.86991e+01 |354 -0.00199 -3.33515e+01
355 -0.00508 -3.96092e+01 |356  0.00633 -4.65388e+01 |357  0.00478 -6.35953e+01
358  0.00334 -6.09360e+01 |359 -0.01088 -5.46734e+01 |360  0.00323 -3.38127e+01
361  0.00057 -1.91772e+01 |362  0.00034 -2.06706e+01 |363 -0.00076 -6.62151e+00
364  0.00133 -4.96688e+00 |365 -0.00491 -4.39659e+00 |366  0.01209 -1.18527e+01
367 -0.01772 -3.17274e+00 |368 -0.00635 -9.16362e-02 |
368 variables; iteration 280; function evaluation 291; phase 5
Function value 3.4129012e+03; maximum gradient component mag 1.5062e+03
Var    Value     Gradient |Var    Value     Gradient |Var    Value     Gradient
  1 -0.01984  1.50620e+03 |  2  0.08218  3.31521e+00 |  3  0.15528  2.72100e+00
  4 -0.01674  1.64698e+00 |  5 -0.06532  2.27026e+00 |  6  0.05934  6.45448e+00
  7  0.03500  8.63574e+00 |  8 -0.01922  1.26123e+00 |  9  0.03266  5.80940e+00
 10  0.01286 -1.04437e+01 | 11  0.21678  1.01308e+01 | 12 -0.11426 -1.15428e+01
 13 -0.03019 -1.08464e+01 | 14 -0.14921 -1.18325e+01 | 15 -0.17365 -1.22879e+01
 16  0.23975  3.62713e+01 | 17  0.01566 -2.41774e+00 | 18 -0.08919 -8.33984e+00
 19 -0.03383 -6.44795e+00 | 20  0.00387  1.31471e+00 | 21 -0.08178 -8.57394e+00
 22  0.04880  8.61917e+00 | 23 -0.10819 -8.60452e+00 | 24 -0.02326 -2.41692e-01
 25  0.01809  3.16507e+00 | 26  0.03430  7.34449e+00 | 27 -0.09895 -2.64039e+00
 28  0.02339  6.80482e+00 | 29  0.06575  1.59434e+01 | 30 -0.06750 -5.72691e+00
 31 -0.17414 -1.00294e+01 | 32  0.04203  1.16031e+01 | 33  0.05881  6.91020e+00
 34  0.06950  8.80794e+00 | 35  0.05583  3.46125e+00 | 36 -0.03269 -2.54341e+00
 37 -0.00973  2.04071e-01 | 38  0.06630  8.20051e+00 | 39 -0.06034 -6.54412e+00
 40  0.21980  3.02842e+01 | 41  0.02729  2.00628e-01 | 42  0.08256  5.83128e+00
 43 -0.07054 -6.69896e+00 | 44  0.17889  3.99137e+01 | 45 -0.03568 -5.08960e+00
 46 -0.02646 -4.55606e-01 | 47 -0.01173  3.73431e+00 | 48 -0.08690 -6.68511e+00
 49  0.11828  3.27760e+01 | 50  0.02002  7.58170e+00 | 51  0.00734  7.26427e+00
 52  0.01728  6.87324e+00 | 53 -0.04278 -1.60742e+00 | 54  0.07385  2.53254e+01
 55 -0.00368  7.61607e+00 | 56 -0.05951 -2.56734e+00 | 57 -0.06815 -1.75802e+00
 58  0.07129  1.85901e+01 | 59 -0.04916 -5.53489e+00 | 60  0.00853 -7.58286e-01
 61 -0.01257 -4.95370e+00 | 62  0.05228 -1.19114e+00 | 63  0.08519  3.18381e+00
 64 -0.07599 -7.30929e+00 | 65 -0.02740 -1.02371e+01 | 66  0.02892 -1.14917e+01
 67 -0.00398 -1.07869e+01 | 68 -0.05449 -1.28617e+01 | 69  0.01897 -1.49060e+01
 70 -0.00350 -1.76591e+01 | 71  0.13772 -1.39062e+01 | 72 -0.07814 -1.15105e+01
 73 -0.04309 -1.59191e+01 | 74 -0.05286 -1.42709e+01 | 75  0.00311 -1.69325e+01
 76 -0.07172 -1.59086e+01 | 77  0.01123 -1.76947e+01 | 78 -0.51941 -3.44036e+00
 79 -0.85444  2.32707e-01 | 80 -0.86417 -4.78198e+00 | 81 -0.81707 -3.23154e+00
 82 -0.74745 -1.33375e+00 | 83 -0.66094 -3.84103e-01 | 84 -0.83784 -1.74809e+00
 85 -0.87158 -5.61891e+00 | 86 -0.79120 -3.61508e+00 | 87 -0.72366 -6.58192e+00
 88 -0.67356 -4.63355e+00 | 89 -0.66651 -4.03462e+00 | 90 -0.71345 -2.67082e+00
 91 -0.70688 -3.97388e+00 | 92 -0.68205 -5.93340e+00 | 93 -0.69966 -2.97572e+00
 94 -0.74328 -3.87664e+00 | 95 -0.72285 -4.75124e+00 | 96 -0.72012 -6.19247e+00
 97 -0.74511 -3.74674e+00 | 98 -0.74650 -4.47120e+00 | 99 -0.66481 -2.33566e+00
100 -0.69147 -5.52500e+00 |101 -0.75977 -2.14238e+00 |102 -0.74408 -2.20927e+00
103 -0.73308 -3.77525e+00 |104 -0.70925 -3.54016e+00 |105 -0.68040 -2.52519e+00
106 -0.73322 -3.03083e+00 |107 -0.75905 -1.33607e+00 |108 -0.76843 -5.74228e-01
109 -0.82695 -7.15827e-01 |110 -0.76228 -5.26990e+00 |111 -0.74656 -4.32701e+00
112 -0.75449 -3.50373e+00 |113 -0.77537 -7.62292e+00 |114 -0.72158 -6.36752e+00
115 -0.66618 -5.34757e+00 |116 -0.67198 -4.68065e+00 |117 -0.75398 -4.96275e+00
118 -0.75580 -6.76026e+00 |119 -0.71875 -7.12884e+00 |120 -0.68523 -5.41662e+00
121 -0.70520 -4.26369e+00 |122 -0.67969 -4.52413e+00 |123 -0.80940 -4.00653e+00
124 -0.70765 -5.50706e+00 |125 -0.75267 -2.86063e+00 |126 -0.77033 -2.46389e+00
127 -0.82067 -2.51083e+00 |128 -0.85245 -5.83388e-01 |129 -0.82858  3.91800e-01
130 -0.73185 -9.99132e-01 |131 -0.81736 -2.52139e+00 |132 -0.79958 -2.54552e+00
133 -0.78138 -1.92637e+00 |134 -0.78680 -2.25698e+00 |135 -0.80621  1.03259e+00
136 -0.81329 -1.39763e+00 |137 -0.79214 -2.24611e+00 |138 -0.80212  1.18812e+00
139 -0.79830  3.96925e+00 |140 -0.85051  5.07265e+00 |141 -0.85490 -3.18349e+00
142 -0.86882  1.87199e-01 |143 -0.90092  1.38284e+00 |144 -0.90380  1.51871e+00
145  0.40598 -4.75033e+00 |146  0.20578  6.92868e+00 |147  0.25123  1.82033e+01
148  0.08877  4.51203e+00 |149 -0.16847  2.16878e+01 |150 -0.20527  3.54458e+01
151 -0.17324  3.34874e+01 |152  0.00069  1.08459e+01 |153  0.16846  1.22460e+01
154 -0.02572  1.14359e+01 |155  0.17477  1.22999e+01 |156 -0.08770  3.32132e-02
157  0.41875 -3.21511e-05 |158 -0.05555  2.33541e+01 |159 -0.33742  1.86262e+02
160 -0.21666 -6.89562e+01 |161 -0.22490 -1.38871e+01 |162 -0.31089 -5.88618e+00
163  0.05968  4.15326e+00 |164 -0.16655  4.81383e-01 |165  0.02388 -1.87427e+01
166  0.01089 -2.05220e+01 |167  0.00423 -2.17848e+01 |168 -0.00202 -1.99867e+01
169 -0.00834 -2.13979e+01 |170 -0.00097 -1.93816e+01 |171 -0.01083 -2.16797e+01
172 -0.00033 -1.87268e+01 |173  0.01328 -1.93838e+01 |174 -0.01066 -2.29405e+01
175 -0.00796 -2.09227e+01 |176 -0.01355 -1.73201e+01 |177  0.00118 -2.22094e+01
178 -0.01044 -2.25830e+01 |179  0.00695 -2.34749e+01 |180  0.00658 -2.12898e+01
181 -0.00430 -2.16070e+01 |182  0.01799 -1.90378e+01 |183 -0.01652 -2.11633e+01
184 -0.01535 -2.08197e+01 |185  0.00942 -1.78941e+01 |186  0.02076 -1.24076e+01
187  0.00227 -1.10032e+01 |188 -0.02856 -1.64747e+01 |189  0.02125 -1.09304e+01
190 -0.02338 -1.02992e+01 |191  0.02562 -1.04414e+01 |192  0.00159 -1.07052e+01
193  0.00276 -1.05849e+01 |194 -0.00956 -1.14415e+01 |195  0.01326 -1.12604e+01
196  0.01995 -1.22823e+01 |197 -0.02537 -9.93065e+00 |198 -0.01933 -8.34203e+00
199  0.00647 -8.88662e+00 |200  0.00382 -9.33743e+00 |201  0.00366 -8.78664e+00
202 -0.02121 -9.20138e+00 |203 -0.01299 -1.27510e+01 |204  0.02717 -8.57070e+00
205 -0.00848 -6.42312e+00 |206  0.01720 -6.77038e+00 |207 -0.00815 -4.56018e+00
208 -0.01787 -2.55029e+00 |209  0.00851  4.92661e-02 |210  0.00422 -1.29303e+00
211 -0.00391 -4.31462e+00 |212  0.00422 -2.54474e+00 |213 -0.01757  1.03590e+00
214 -0.00106  3.37632e+00 |215  0.02192 -2.18095e+00 |216 -0.02858  1.19130e+00
217  0.01024  4.06510e+00 |218  0.02300  3.76252e+00 |219  0.02279  4.13045e+00
220 -0.00402  3.12882e+00 |221 -0.00399  4.10503e+00 |222 -0.02081  2.80552e+00
223  0.00249  5.81595e-01 |224 -0.00158  7.22711e-02 |225  0.00187 -8.66427e-01
226 -0.00400 -2.89308e+00 |227  0.00457 -6.04977e+00 |228 -0.00714 -9.31837e+00
229 -0.01064 -9.42754e+00 |230  0.00184 -1.09435e+01 |231 -0.01220 -1.20939e+01
232  0.01381 -3.95568e+00 |233  0.01502  3.41376e+01 |234  0.00254  2.21692e+01
235 -0.00977  2.14957e+01 |236  0.00861  8.98559e+00 |237  0.00676 -8.57105e+00
238 -0.02557 -8.39057e+00 |239  0.01876 -1.35001e+01 |240  0.00101 -1.20912e+01
241 -0.02894 -1.48984e+01 |242  0.01856 -2.36404e+01 |243 -0.00226 -2.27671e+01
244 -0.00241 -2.58078e+01 |245 -0.00027 -2.86594e+01 |246  0.00813 -3.55073e+01
247 -0.01040 -4.19821e+01 |248  0.00471 -4.91915e+01 |249  0.00245 -5.30100e+01
250  0.00150 -6.07624e+01 |251 -0.00639 -6.63852e+01 |252  0.00997 -7.31421e+01
253 -0.01029 -6.27893e+01 |254  0.00396 -5.56941e+01 |255 -0.00007 -4.19626e+01
256  0.01072 -3.80900e+01 |257 -0.02542 -3.75371e+01 |258  0.01688 -3.09335e+01
259 -0.00759 -2.21171e+01 |260  0.00382 -1.35455e+01 |261 -0.00033 -1.57023e+01
262  0.00625 -1.63123e+01 |263 -0.00778 -2.41327e+01 |264 -0.00002 -2.61560e+01
265  0.01175 -2.69894e+01 |266 -0.00461 -2.69859e+01 |267 -0.00330 -2.71536e+01
268  0.00171 -3.38671e+01 |269 -0.00044 -3.00921e+01 |270  0.00165 -2.79934e+01
271 -0.01787 -2.10863e+01 |272  0.01013 -8.05828e+00 |273  0.00821 -3.80247e+00
274 -0.00831  6.40001e+00 |275  0.00808  2.14852e+01 |276 -0.00470  2.69026e+01
277 -0.00482  3.35819e+01 |278  0.00638  3.32385e+01 |279 -0.00516  3.23340e+01
280  0.00374  2.87181e+01 |281  0.00170  2.19305e+01 |282 -0.00526  1.54046e+01
283 -0.00687  1.34678e+01 |284  0.01304  1.04791e+01 |285 -0.00953  8.95622e+00
286  0.00286  5.77843e+00 |287  0.01221 -6.30316e-01 |288  0.00585 -9.68838e+00
289 -0.00918 -2.64504e+01 |290 -0.01470 -2.89984e+01 |291  0.01170 -2.39216e+01
292  0.00407 -1.15663e+01 |293 -0.00622 -4.57682e+00 |294 -0.00276 -4.26976e+00
295  0.00447  3.21693e-01 |296 -0.00479 -9.08714e+00 |297  0.00441 -1.35964e+01
298 -0.01800 -1.12405e+01 |299  0.00769 -1.45995e+01 |300  0.00338 -4.79172e+00
301 -0.01146  7.93156e+01 |302  0.00455  6.37884e+01 |303 -0.00265  5.54894e+01
304 -0.00128  4.49385e+01 |305  0.00368  3.36705e+01 |306  0.01896  2.70250e+01
307 -0.01821  2.01558e+01 |308  0.00640  2.02171e+01 |309 -0.00042  1.27226e+01
310 -0.02488  7.63801e+00 |311  0.01205 -2.80644e+00 |312 -0.00968  2.15661e+00
313 -0.00077 -3.32436e+00 |314 -0.00108 -7.74757e+00 |315  0.00327 -1.82174e+01
316 -0.00254 -3.45716e+01 |317  0.00186 -4.20411e+01 |318  0.00049 -5.52430e+01
319  0.00350 -6.92472e+01 |320  0.00009 -7.29533e+01 |321 -0.00170 -7.47657e+01
322  0.00000 -6.66947e+01 |323  0.00145 -5.98542e+01 |324  0.00232 -5.78932e+01
325  0.00636 -5.96736e+01 |326 -0.01446 -5.55275e+01 |327  0.00717 -5.72020e+01
328 -0.00216 -5.39361e+01 |329  0.00008 -4.44636e+01 |330  0.00437 -4.82238e+01
331 -0.00308 -6.03880e+01 |332 -0.00103 -5.97988e+01 |333 -0.00214 -6.05210e+01
334  0.00660 -6.23896e+01 |335  0.00673 -6.13515e+01 |336 -0.00851 -6.12573e+01
337  0.00092 -6.20214e+01 |338  0.00287 -5.22652e+01 |339  0.00799 -4.62809e+01
340 -0.01051 -3.32559e+01 |341 -0.00334 -2.51423e+01 |342 -0.00064 -1.95559e+01
343 -0.00193 -8.23025e+00 |344  0.00629 -5.26231e-01 |345  0.00103 -2.09884e-01
346 -0.00626  1.41721e+00 |347  0.00352 -4.03393e+00 |348 -0.00439 -7.01293e+00
349  0.00484 -1.49582e+01 |350 -0.00121 -2.12995e+01 |351  0.00040 -2.92552e+01
352 -0.00434 -3.06614e+01 |353  0.00834 -3.32256e+01 |354 -0.00202 -3.20402e+01
355 -0.00501 -3.34088e+01 |356  0.00626 -4.02872e+01 |357  0.00487 -4.84737e+01
358  0.00303 -4.60573e+01 |359 -0.01054 -3.53214e+01 |360  0.00326 -1.64996e+01
361  0.00029 -5.67018e+00 |362  0.00067  1.31635e+00 |363 -0.00079  1.04466e+01
364  0.00110  3.75989e+00 |365 -0.00474  4.03281e+00 |366  0.01248 -5.11167e+00
367 -0.01819 -5.62825e+00 |368 -0.00631 -8.63361e-01 |
368 variables; iteration 300; function evaluation 315; phase 5
Function value 3.4124731e+03; maximum gradient component mag 1.4054e+03
Var    Value     Gradient |Var    Value     Gradient |Var    Value     Gradient
  1 -0.01989  1.40544e+03 |  2  0.07564  1.47029e+00 |  3  0.15564  2.36738e+00
  4 -0.01454  2.77671e+00 |  5 -0.06672  1.61448e+00 |  6  0.05893  4.12572e+00
  7  0.03450  5.70857e+00 |  8 -0.01785  3.97630e+00 |  9  0.03350  6.45220e+00
 10  0.01335 -9.64496e+00 | 11  0.21667  7.83547e+00 | 12 -0.11294 -1.00727e+01
 13 -0.03018 -1.01949e+01 | 14 -0.15027 -1.16153e+01 | 15 -0.17551 -1.20706e+01
 16  0.23964  3.13060e+01 | 17  0.01602 -3.48562e+00 | 18 -0.09131 -8.82810e+00
 19 -0.03415 -9.15581e+00 | 20  0.00380  2.28637e-01 | 21 -0.08174 -7.04678e+00
 22  0.04982  1.19651e+01 | 23 -0.10810 -6.98682e+00 | 24 -0.02305  2.40318e+00
 25  0.01908  3.89247e+00 | 26  0.03341  4.28135e+00 | 27 -0.10018 -3.36077e+00
 28  0.02380  7.54642e+00 | 29  0.06578  1.46428e+01 | 30 -0.06599 -4.74434e+00
 31 -0.17495 -8.80750e+00 | 32  0.04185  9.80364e+00 | 33  0.05863  4.33623e+00
 34  0.07044  9.04798e+00 | 35  0.05658  5.40300e+00 | 36 -0.03208 -1.13843e+00
 37 -0.01068 -2.16976e+00 | 38  0.06665  7.36873e+00 | 39 -0.06042 -5.15524e+00
 40  0.22010  3.09532e+01 | 41  0.02567 -5.40178e+00 | 42  0.08228  4.17942e+00
 43 -0.07015 -4.78316e+00 | 44  0.17889  3.74117e+01 | 45 -0.03542 -3.63125e+00
 46 -0.02656 -1.12510e+00 | 47 -0.01188  2.51498e+00 | 48 -0.08622 -3.38481e+00
 49  0.11822  3.07827e+01 | 50  0.02017  7.34234e+00 | 51  0.00730  7.22788e+00
 52  0.01739  7.80331e+00 | 53 -0.04249  1.04399e+00 | 54  0.07389  2.39395e+01
 55 -0.00356  8.36261e+00 | 56 -0.05950 -1.43590e+00 | 57 -0.06814 -2.83378e+00
 58  0.07138  1.94733e+01 | 59 -0.04884 -1.07759e+00 | 60  0.00876  2.56808e+00
 61 -0.01246 -4.57574e+00 | 62  0.05246  1.39874e+00 | 63  0.08532  3.72126e+00
 64 -0.07609 -8.16767e+00 | 65 -0.02724 -7.68041e+00 | 66  0.02917 -8.35754e+00
 67 -0.00384 -8.12204e+00 | 68 -0.05415 -9.88656e+00 | 69  0.01909 -1.19837e+01
 70 -0.00328 -1.43404e+01 | 71  0.13787 -1.09385e+01 | 72 -0.07808 -9.49898e+00
 73 -0.04313 -1.49301e+01 | 74 -0.05306 -1.61311e+01 | 75  0.00304 -1.52416e+01
 76 -0.07175 -1.50037e+01 | 77  0.01139 -1.56416e+01 | 78 -0.52053 -3.22142e+00
 79 -0.85461 -2.27016e+00 | 80 -0.86352 -2.07283e+00 | 81 -0.81503 -3.76614e-01
 82 -0.74813 -2.72694e+00 | 83 -0.65848 -1.52496e-01 | 84 -0.83675 -3.29624e-01
 85 -0.87015  2.27863e+00 | 86 -0.79070 -4.88381e+00 | 87 -0.72209 -5.30123e+00
 88 -0.67248 -4.56496e+00 | 89 -0.66446 -2.86179e+00 | 90 -0.71336 -3.63458e+00
 91 -0.70728 -4.40693e+00 | 92 -0.67630 -1.41431e+00 | 93 -0.69818 -1.70479e+00
 94 -0.74247 -3.12840e+00 | 95 -0.72078 -3.22469e+00 | 96 -0.71573 -2.54986e+00
 97 -0.74399 -2.80138e+00 | 98 -0.74486 -2.68980e+00 | 99 -0.66460 -3.07225e+00
100 -0.68820 -3.35957e+00 |101 -0.75913 -2.16182e+00 |102 -0.74283 -1.32098e+00
103 -0.73307 -4.20167e+00 |104 -0.71054 -5.31580e+00 |105 -0.68052 -3.48116e+00
106 -0.73351 -4.34964e+00 |107 -0.75907 -1.88505e+00 |108 -0.77007 -4.93317e+00
109 -0.82895 -7.47746e+00 |110 -0.76205 -6.99258e+00 |111 -0.74716 -5.65281e+00
112 -0.75387 -4.14774e+00 |113 -0.77313 -2.76278e+00 |114 -0.72023 -6.50842e+00
115 -0.66807 -8.08965e+00 |116 -0.66937 -2.71648e+00 |117 -0.75374 -5.92718e+00
118 -0.75540 -6.47703e+00 |119 -0.71740 -6.68037e+00 |120 -0.68476 -5.87190e+00
121 -0.70345 -2.76507e+00 |122 -0.67876 -4.51475e+00 |123 -0.81000 -6.56436e+00
124 -0.70616 -4.98117e+00 |125 -0.75175 -2.49532e+00 |126 -0.76890 -1.05319e+00
127 -0.81855  2.25126e+00 |128 -0.85216 -1.84692e+00 |129 -0.82906 -2.12391e+00
130 -0.73178 -1.72770e+00 |131 -0.81368  5.35431e+00 |132 -0.79775 -4.56523e-01
133 -0.77938 -4.90319e-01 |134 -0.78622 -1.98036e+00 |135 -0.80656 -7.48115e-01
136 -0.81226 -3.19199e-01 |137 -0.79128 -1.78321e+00 |138 -0.80100  3.24945e+00
139 -0.79738  4.50825e+00 |140 -0.85081  2.08098e+00 |141 -0.85291  3.80687e+00
142 -0.86818  2.18205e+00 |143 -0.90029  3.64187e+00 |144 -0.90346  1.72930e+00
145  0.43840 -1.46121e+00 |146  0.22434 -2.30378e+01 |147  0.25324 -2.65250e-01
148  0.08877  5.24643e+00 |149 -0.16839  2.21122e+01 |150 -0.20536  3.27816e+01
151 -0.17313  3.36234e+01 |152  0.00069  1.53626e+01 |153  0.16850  1.30075e+01
154 -0.02564  1.17669e+01 |155  0.17443  5.80111e+00 |156 -0.08622  2.37755e-01
157  0.41896  3.63921e-06 |158 -0.05495  2.50452e+01 |159 -0.33854  1.48659e+02
160 -0.21533 -6.71678e+01 |161 -0.22644 -1.48679e+01 |162 -0.31003 -5.69003e+00
163  0.05722  1.43410e+00 |164 -0.16671 -1.49045e-01 |165  0.02268 -2.30226e+00
166  0.00524 -5.60106e+00 |167  0.00577 -5.07119e+00 |168  0.00367 -2.42626e+00
169  0.00203 -2.74284e+00 |170 -0.00940 -5.51924e+00 |171 -0.00416 -4.15979e+00
172 -0.00917 -5.29438e+00 |173  0.01116 -7.17922e+00 |174 -0.01285 -1.13985e+01
175 -0.00330 -7.90708e+00 |176 -0.02109 -9.20900e+00 |177  0.00157 -7.57553e+00
178 -0.00944 -6.21522e+00 |179  0.00657 -1.04352e+01 |180  0.00603 -8.80943e+00
181 -0.00317 -6.93662e+00 |182  0.01573 -8.65167e+00 |183 -0.01654 -7.86636e+00
184 -0.01334 -3.23582e+00 |185  0.00924 -4.18275e+00 |186  0.01949 -2.52900e+00
187 -0.00089 -7.08044e-01 |188 -0.02359 -3.05462e+00 |189  0.02059  4.18742e-02
190 -0.02347  4.57551e-01 |191  0.02536  1.96955e+00 |192  0.00132  2.45520e+00
193  0.00389  3.54392e+00 |194 -0.00938  1.64987e+00 |195  0.00987 -9.07848e-01
196  0.02787  2.61962e+00 |197 -0.02808 -2.50181e+00 |198 -0.02202 -2.82774e+00
199  0.00624 -2.52321e+00 |200  0.00434 -2.46284e+00 |201  0.00590 -3.02084e+00
202 -0.02553 -6.54984e+00 |203 -0.01108 -4.06536e+00 |204  0.02814 -1.80269e+00
205 -0.01001 -1.85985e+00 |206  0.01839  2.73419e+00 |207 -0.00882  3.22188e+00
208 -0.01772  5.44728e+00 |209  0.00847  6.91363e+00 |210  0.00332  5.14711e+00
211 -0.00281  9.90701e+00 |212  0.00479  9.66690e+00 |213 -0.01764  1.09777e+01
214 -0.00219  7.45957e+00 |215  0.02282  1.49869e+01 |216 -0.02897  1.60554e+01
217  0.01000  1.65877e+01 |218  0.02459  1.84339e+01 |219  0.02620  1.26876e+01
220 -0.00427  8.69489e+00 |221 -0.00531  9.11309e+00 |222 -0.02443  6.59237e+00
223  0.00404  6.93566e+00 |224 -0.00305  2.82468e+00 |225  0.00246  2.68865e+00
226 -0.00516 -1.00790e+00 |227  0.00648 -6.31037e-02 |228 -0.00612 -9.92786e+00
229 -0.01402 -1.47085e+01 |230  0.00321 -9.94693e+00 |231 -0.01236 -1.29327e+01
232  0.01376 -4.47267e+00 |233  0.01043 -9.96937e+01 |234  0.00327 -1.03436e+02
235 -0.01037 -1.07930e+02 |236  0.00852 -1.13896e+02 |237  0.00807 -1.18237e+02
238 -0.02728 -1.19789e+02 |239  0.02006 -1.18905e+02 |240  0.00023 -1.20909e+02
241 -0.02842 -1.24441e+02 |242  0.01828 -1.29210e+02 |243 -0.00314 -1.27506e+02
244 -0.00116 -1.27739e+02 |245 -0.00069 -1.29172e+02 |246  0.00808 -1.31682e+02
247 -0.01012 -1.36046e+02 |248  0.00443 -1.40741e+02 |249  0.00255 -1.42857e+02
250  0.00168 -1.46335e+02 |251 -0.00683 -1.51423e+02 |252  0.01033 -1.49154e+02
253 -0.01018 -1.45333e+02 |254  0.00371 -1.36257e+02 |255  0.00022 -1.22118e+02
256  0.00965 -1.23150e+02 |257 -0.02454 -1.16518e+02 |258  0.01689 -1.10984e+02
259 -0.00756 -1.03542e+02 |260  0.00364 -9.51068e+01 |261 -0.00033 -9.38803e+01
262  0.00616 -8.92280e+01 |263 -0.00750 -9.51903e+01 |264 -0.00024 -9.55102e+01
265  0.01185 -9.58911e+01 |266 -0.00460 -9.19632e+01 |267 -0.00352 -9.60920e+01
268  0.00209 -9.47008e+01 |269 -0.00094 -9.42670e+01 |270  0.00226 -8.31147e+01
271 -0.01783 -7.73150e+01 |272  0.00959 -6.79909e+01 |273  0.00878 -5.61494e+01
274 -0.00882 -5.28821e+01 |275  0.00827 -3.09655e+01 |276 -0.00476 -2.64814e+01
277 -0.00488 -1.85641e+01 |278  0.00660 -1.35810e+01 |279 -0.00537 -1.50198e+01
280  0.00380 -1.45622e+01 |281  0.00146 -1.90557e+01 |282 -0.00480 -1.94548e+01
283 -0.00711 -2.18938e+01 |284  0.01307 -1.89349e+01 |285 -0.00957 -2.03318e+01
286  0.00280 -1.84916e+01 |287  0.01234 -2.10600e+01 |288  0.00581 -3.22238e+01
289 -0.00923 -4.68041e+01 |290 -0.01469 -4.93355e+01 |291  0.01170 -4.33399e+01
292  0.00404 -2.83674e+01 |293 -0.00611 -1.84418e+01 |294 -0.00290 -1.85172e+01
295  0.00441 -1.07621e+01 |296 -0.00471 -1.50502e+01 |297  0.00463 -1.55078e+01
298 -0.01762 -1.14826e+01 |299  0.00714 -1.75873e+01 |300  0.00341 -6.15158e+00
301 -0.01182 -4.12107e+00 |302  0.00440 -2.02916e+01 |303 -0.00250 -2.38714e+01
304 -0.00123 -2.96782e+01 |305  0.00345 -3.68811e+01 |306  0.01903 -3.89552e+01
307 -0.01812 -4.02981e+01 |308  0.00573 -4.60522e+01 |309 -0.00017 -5.07509e+01
310 -0.02455 -5.11526e+01 |311  0.01244 -5.94518e+01 |312 -0.01043 -6.10577e+01
313 -0.00035 -5.80232e+01 |314 -0.00111 -6.25150e+01 |315  0.00313 -7.03547e+01
316 -0.00231 -7.78325e+01 |317  0.00167 -8.48330e+01 |318  0.00050 -9.24394e+01
319  0.00375 -1.00341e+02 |320 -0.00023 -1.03227e+02 |321 -0.00171 -1.06358e+02
322  0.00029 -9.52838e+01 |323  0.00134 -8.91918e+01 |324  0.00256 -8.75262e+01
325  0.00605 -8.84100e+01 |326 -0.01447 -8.49671e+01 |327  0.00727 -8.17229e+01
328 -0.00203 -7.85500e+01 |329 -0.00011 -7.26808e+01 |330  0.00434 -7.02760e+01
331 -0.00318 -7.87821e+01 |332 -0.00085 -7.86662e+01 |333 -0.00222 -7.97066e+01
334  0.00663 -7.85890e+01 |335  0.00677 -7.89886e+01 |336 -0.00862 -7.59596e+01
337  0.00129 -7.33659e+01 |338  0.00256 -6.39412e+01 |339  0.00772 -5.81119e+01
340 -0.01011 -4.38968e+01 |341 -0.00357 -3.60112e+01 |342 -0.00041 -3.02115e+01
343 -0.00208 -1.74163e+01 |344  0.00630 -9.70719e+00 |345  0.00112 -7.77107e+00
346 -0.00636 -9.06374e+00 |347  0.00361 -1.27949e+01 |348 -0.00449 -1.51880e+01
349  0.00494 -1.93422e+01 |350 -0.00135 -2.47358e+01 |351  0.00049 -2.77194e+01
352 -0.00438 -2.50970e+01 |353  0.00842 -2.48967e+01 |354 -0.00203 -2.05483e+01
355 -0.00507 -1.96204e+01 |356  0.00626 -2.55197e+01 |357  0.00496 -2.95000e+01
358  0.00306 -3.14892e+01 |359 -0.01059 -2.11848e+01 |360  0.00329 -3.52098e+00
361  0.00021  4.56314e+00 |362  0.00084  1.33548e+01 |363 -0.00088  1.85864e+01
364  0.00113  9.56624e+00 |365 -0.00479  8.31539e+00 |366  0.01194 -3.19443e+00
367 -0.01765 -1.06616e+00 |368 -0.00632  1.65388e+00 |
368 variables; iteration 320; function evaluation 343; phase 5
Function value 3.4121420e+03; maximum gradient component mag 1.0453e+03
Var    Value     Gradient |Var    Value     Gradient |Var    Value     Gradient
  1 -0.01994  1.04528e+03 |  2  0.07639  1.61619e+00 |  3  0.15692  2.43264e+00
  4 -0.01678  1.41895e+00 |  5 -0.06778  8.06337e-01 |  6  0.06041  6.20088e+00
  7  0.03503  5.24744e+00 |  8 -0.01952  7.19363e-01 |  9  0.03373  5.06064e+00
 10  0.01405 -6.17033e+00 | 11  0.21689  5.97325e+00 | 12 -0.11372 -7.64721e+00
 13 -0.03041 -9.09784e+00 | 14 -0.15233 -1.02027e+01 | 15 -0.17624 -9.58103e+00
 16  0.23987  2.28286e+01 | 17  0.01485 -3.81251e+00 | 18 -0.09240 -7.33979e+00
 19 -0.03222 -4.71200e+00 | 20  0.00290 -1.04188e+00 | 21 -0.08015 -3.90331e+00
 22  0.04902  7.31221e+00 | 23 -0.10640 -4.10010e+00 | 24 -0.02433 -3.72042e-01
 25  0.01952  2.77599e+00 | 26  0.03357  3.11799e+00 | 27 -0.10221 -4.27983e+00
 28  0.02440  7.56219e+00 | 29  0.06564  1.05966e+01 | 30 -0.06502 -1.98020e+00
 31 -0.17390 -6.26436e+00 | 32  0.04159  7.23504e+00 | 33  0.05841  1.74620e+00
 34  0.07047  6.18778e+00 | 35  0.05672  3.89293e+00 | 36 -0.03207 -2.86272e-01
 37 -0.01039 -1.08747e+00 | 38  0.06662  6.38405e+00 | 39 -0.05983 -3.89793e+00
 40  0.22020  2.21683e+01 | 41  0.02585 -5.06050e+00 | 42  0.08246  3.47427e+00
 43 -0.07037 -4.49218e+00 | 44  0.17895  2.71278e+01 | 45 -0.03536 -2.51263e+00
 46 -0.02654 -9.67348e-01 | 47 -0.01175  2.11667e+00 | 48 -0.08627 -1.91310e+00
 49  0.11829  2.31194e+01 | 50  0.02024  6.19852e+00 | 51  0.00723  5.21030e+00
 52  0.01755  6.92385e+00 | 53 -0.04246  1.23697e+00 | 54  0.07395  1.83106e+01
 55 -0.00348  7.03967e+00 | 56 -0.05945 -1.96354e-01 | 57 -0.06813 -1.81948e+00
 58  0.07141  1.44586e+01 | 59 -0.04884  1.32503e-01 | 60  0.00878  3.19427e+00
 61 -0.01249 -3.00200e+00 | 62  0.05244  1.42829e+00 | 63  0.08535  3.14628e+00
 64 -0.07617 -6.14822e+00 | 65 -0.02724 -5.66464e+00 | 66  0.02921 -5.68704e+00
 67 -0.00387 -5.96319e+00 | 68 -0.05414 -7.32887e+00 | 69  0.01906 -8.91314e+00
 70 -0.00323 -1.05520e+01 | 71  0.13792 -8.94688e+00 | 72 -0.07825 -8.40140e+00
 73 -0.04316 -1.08737e+01 | 74 -0.05296 -1.14325e+01 | 75  0.00304 -1.07453e+01
 76 -0.07169 -1.09445e+01 | 77  0.01153 -1.11480e+01 | 78 -0.52055 -2.59758e+00
 79 -0.85434 -2.03740e+00 | 80 -0.86343 -1.34688e+00 | 81 -0.81437 -6.20606e-01
 82 -0.74860 -3.37110e+00 | 83 -0.65768 -1.79841e-01 | 84 -0.83628  1.75712e-01
 85 -0.87055  4.67575e-01 | 86 -0.78908 -2.94195e+00 | 87 -0.72090 -3.71832e+00
 88 -0.67436 -5.64168e+00 | 89 -0.66487 -3.13349e+00 | 90 -0.71119 -1.20932e+00
 91 -0.70502 -1.50576e+00 | 92 -0.67644 -2.01128e+00 | 93 -0.69754 -1.10206e+00
 94 -0.74298 -3.79822e+00 | 95 -0.72059 -2.92775e+00 | 96 -0.71471 -2.09871e+00
 97 -0.74320 -1.33498e+00 | 98 -0.74466 -2.10000e+00 | 99 -0.66458 -3.05868e+00
100 -0.68645 -1.48449e+00 |101 -0.75807 -3.54977e-01 |102 -0.74277 -1.41323e+00
103 -0.73305 -3.99932e+00 |104 -0.70834 -2.45823e+00 |105 -0.67832 -1.41252e+00
106 -0.73157 -1.79752e+00 |107 -0.75860 -1.35532e+00 |108 -0.76861 -2.95291e+00
109 -0.82884 -6.67780e+00 |110 -0.76161 -6.81189e+00 |111 -0.74724 -5.18836e+00
112 -0.75271 -2.61662e+00 |113 -0.77407 -3.89442e+00 |114 -0.71840 -4.18566e+00
115 -0.66524 -4.30069e+00 |116 -0.67204 -5.44812e+00 |117 -0.75214 -3.57066e+00
118 -0.75494 -4.85871e+00 |119 -0.71690 -6.09405e+00 |120 -0.68287 -2.95402e+00
121 -0.70264 -1.25228e+00 |122 -0.67758 -3.01303e+00 |123 -0.80876 -2.78137e+00
124 -0.70557 -4.16787e+00 |125 -0.75059 -1.11139e+00 |126 -0.76840 -5.19394e-01
127 -0.81980 -8.81493e-01 |128 -0.85142 -9.02040e-01 |129 -0.82789  5.41906e-01
130 -0.73387 -4.73975e+00 |131 -0.81377  4.58965e+00 |132 -0.79721 -3.21616e-02
133 -0.78013 -2.22104e+00 |134 -0.78460 -8.04270e-02 |135 -0.80709 -2.35293e+00
136 -0.81175 -2.29635e-01 |137 -0.78925  1.58532e+00 |138 -0.80143  1.08021e+00
139 -0.79731  2.83840e+00 |140 -0.85065  1.35129e+00 |141 -0.85239  2.71230e+00
142 -0.86792  2.07413e+00 |143 -0.90023  1.82356e+00 |144 -0.90335  5.43676e-01
145  0.46593 -1.62166e+00 |146  0.23595 -2.83183e+01 |147  0.25127 -1.41751e+01
148  0.08878  4.63809e+00 |149 -0.16838  1.72927e+01 |150 -0.20538  2.55275e+01
151 -0.17315  2.63815e+01 |152  0.00069  1.50382e+01 |153  0.16850  1.02198e+01
154 -0.02563  9.49743e+00 |155  0.17434  3.84491e+00 |156 -0.08651  1.41634e-01
157  0.41911  2.96256e-05 |158 -0.05449  1.91129e+01 |159 -0.33956  1.39003e+02
160 -0.21416 -5.05025e+01 |161 -0.22650 -1.05756e+01 |162 -0.30993 -4.06121e+00
163  0.05744  1.22554e+00 |164 -0.16609  9.61913e-01 |165  0.02812 -2.16153e+00
166  0.00120 -8.34428e+00 |167  0.00059 -8.24999e+00 |168  0.00028 -5.45873e+00
169  0.00426 -4.37359e+00 |170 -0.00627 -6.92101e+00 |171 -0.00616 -6.84592e+00
172 -0.00720 -7.00918e+00 |173  0.00310 -1.25829e+01 |174 -0.00572 -1.22785e+01
175 -0.00197 -1.03959e+01 |176 -0.02471 -1.36032e+01 |177  0.00194 -1.19476e+01
178 -0.01010 -1.10393e+01 |179  0.00749 -1.33724e+01 |180  0.00528 -1.31846e+01
181 -0.00297 -1.13016e+01 |182  0.01507 -1.22494e+01 |183 -0.01378 -9.51476e+00
184 -0.01554 -1.13665e+01 |185  0.00914 -9.07450e+00 |186  0.02028 -5.66356e+00
187 -0.00211 -4.74657e+00 |188 -0.02336 -6.49812e+00 |189  0.02073 -3.17824e+00
190 -0.02304 -1.27126e+00 |191  0.02448 -2.69623e+00 |192  0.00142 -6.00225e-02
193  0.00470  1.84908e+00 |194 -0.00936 -4.63654e-01 |195  0.01307 -2.94056e+00
196  0.02551 -3.01881e+00 |197 -0.02661 -8.10532e+00 |198 -0.02402 -1.07607e+01
199  0.00706 -1.12584e+01 |200  0.00300 -1.25772e+01 |201  0.00353 -1.33218e+01
202 -0.02315 -1.41938e+01 |203 -0.01106 -1.26540e+01 |204  0.02686 -1.20586e+01
205 -0.00874 -9.30551e+00 |206  0.01996 -4.77838e+00 |207 -0.01090 -8.41853e+00
208 -0.01754 -4.82183e+00 |209  0.00898 -4.11837e-02 |210  0.00291 -3.49655e+00
211 -0.00280  3.18333e+00 |212  0.00587  4.43614e+00 |213 -0.01901  3.02418e+00
214 -0.00171  3.64382e+00 |215  0.02284  1.16475e+01 |216 -0.02916  1.24010e+01
217  0.01023  1.56865e+01 |218  0.02475  1.62600e+01 |219  0.02740  9.71018e+00
220 -0.00273  5.31043e+00 |221 -0.00655  4.90153e+00 |222 -0.02604  2.02861e+00
223  0.00347  1.80128e+00 |224 -0.00240 -1.18880e+00 |225  0.00112 -2.11469e+00
226 -0.00317 -1.69971e+00 |227  0.00548 -5.08790e+00 |228 -0.00801 -1.41929e+01
229 -0.01193 -1.46800e+01 |230  0.00305 -1.11691e+01 |231 -0.01230 -1.27002e+01
232  0.01390 -3.55441e+00 |233  0.00734 -1.24775e+02 |234  0.00381 -1.24394e+02
235 -0.01034 -1.26743e+02 |236  0.00838 -1.31746e+02 |237  0.00668 -1.33481e+02
238 -0.02585 -1.32694e+02 |239  0.02002 -1.32724e+02 |240  0.00051 -1.34870e+02
241 -0.02840 -1.39678e+02 |242  0.01790 -1.44635e+02 |243 -0.00308 -1.42919e+02
244 -0.00085 -1.43074e+02 |245 -0.00124 -1.43701e+02 |246  0.00863 -1.44548e+02
247 -0.01058 -1.48348e+02 |248  0.00485 -1.51052e+02 |249  0.00206 -1.51943e+02
250  0.00211 -1.53225e+02 |251 -0.00703 -1.57904e+02 |252  0.01024 -1.54776e+02
253 -0.00975 -1.50258e+02 |254  0.00338 -1.42486e+02 |255  0.00028 -1.31796e+02
256  0.00993 -1.30197e+02 |257 -0.02518 -1.26225e+02 |258  0.01722 -1.18356e+02
259 -0.00749 -1.11287e+02 |260  0.00356 -1.05209e+02 |261 -0.00032 -1.04747e+02
262  0.00616 -1.01277e+02 |263 -0.00751 -1.03731e+02 |264 -0.00003 -1.04689e+02
265  0.01159 -1.14369e+02 |266 -0.00462 -1.11349e+02 |267 -0.00339 -1.13991e+02
268  0.00196 -1.12707e+02 |269 -0.00082 -1.11281e+02 |270  0.00227 -1.00610e+02
271 -0.01801 -9.67214e+01 |272  0.00983 -8.88432e+01 |273  0.00855 -8.06633e+01
274 -0.00864 -7.46110e+01 |275  0.00823 -5.69962e+01 |276 -0.00474 -5.35078e+01
277 -0.00488 -4.57552e+01 |278  0.00654 -3.96533e+01 |279 -0.00537 -3.82918e+01
280  0.00373 -3.53755e+01 |281  0.00159 -3.60884e+01 |282 -0.00495 -3.61204e+01
283 -0.00705 -3.25784e+01 |284  0.01308 -2.74693e+01 |285 -0.00961 -2.59668e+01
286  0.00282 -2.29671e+01 |287  0.01239 -2.42297e+01 |288  0.00572 -3.78927e+01
289 -0.00929 -4.91107e+01 |290 -0.01450 -4.97088e+01 |291  0.01171 -4.72853e+01
292  0.00403 -3.74003e+01 |293 -0.00608 -2.98229e+01 |294 -0.00299 -3.15078e+01
295  0.00440 -2.28454e+01 |296 -0.00469 -2.31543e+01 |297  0.00474 -2.17939e+01
298 -0.01864 -2.03096e+01 |299  0.00813 -1.88383e+01 |300  0.00335 -7.49775e+00
301 -0.01142 -6.67955e+01 |302  0.00420 -7.64597e+01 |303 -0.00232 -7.68743e+01
304 -0.00114 -7.87122e+01 |305  0.00342 -8.20115e+01 |306  0.01910 -8.28427e+01
307 -0.01826 -8.50270e+01 |308  0.00550 -8.92030e+01 |309 -0.00009 -9.45762e+01
310 -0.02436 -9.45480e+01 |311  0.01237 -9.94252e+01 |312 -0.01041 -1.00655e+02
313 -0.00006 -9.81299e+01 |314 -0.00146 -1.01536e+02 |315  0.00339 -1.06106e+02
316 -0.00253 -1.11036e+02 |317  0.00195 -1.15279e+02 |318  0.00020 -1.19246e+02
319  0.00393 -1.24683e+02 |320 -0.00028 -1.24711e+02 |321 -0.00195 -1.24782e+02
322  0.00061 -1.13731e+02 |323  0.00122 -1.08525e+02 |324  0.00259 -1.03605e+02
325  0.00636 -1.01386e+02 |326 -0.01482 -9.93975e+01 |327  0.00730 -9.56706e+01
328 -0.00196 -9.22203e+01 |329 -0.00016 -8.77183e+01 |330  0.00432 -8.42606e+01
331 -0.00313 -8.89857e+01 |332 -0.00086 -8.75439e+01 |333 -0.00215 -9.13217e+01
334  0.00651 -9.08883e+01 |335  0.00673 -8.85541e+01 |336 -0.00853 -8.33579e+01
337  0.00122 -8.06899e+01 |338  0.00259 -7.14173e+01 |339  0.00784 -6.49394e+01
340 -0.01027 -5.39844e+01 |341 -0.00346 -4.69336e+01 |342 -0.00054 -4.09966e+01
343 -0.00200 -2.86222e+01 |344  0.00628 -2.21961e+01 |345  0.00108 -1.81768e+01
346 -0.00630 -1.47101e+01 |347  0.00362 -1.44956e+01 |348 -0.00449 -1.49895e+01
349  0.00493 -1.69291e+01 |350 -0.00131 -2.08432e+01 |351  0.00049 -2.07432e+01
352 -0.00439 -1.81686e+01 |353  0.00842 -1.81040e+01 |354 -0.00203 -1.39925e+01
355 -0.00507 -1.51004e+01 |356  0.00626 -2.46135e+01 |357  0.00496 -3.03613e+01
358  0.00302 -3.44782e+01 |359 -0.01055 -2.73326e+01 |360  0.00327 -1.58939e+01
361  0.00024 -1.00659e+01 |362  0.00080 -5.57550e+00 |363 -0.00087  1.01672e+00
364  0.00115 -5.54300e+00 |365 -0.00489 -6.72161e+00 |366  0.01286 -1.12977e+01
367 -0.01858 -1.06598e+01 |368 -0.00629 -3.12607e+00 |
368 variables; iteration 340; function evaluation 374; phase 5
Function value 3.4116098e+03; maximum gradient component mag 1.4118e+02
Var    Value     Gradient |Var    Value     Gradient |Var    Value     Gradient
  1 -0.02006  1.41179e+02 |  2  0.07418  3.62468e-01 |  3  0.15797  4.36350e-01
  4 -0.02052 -8.33472e-01 |  5 -0.06780  6.86208e-03 |  6  0.06050  4.65108e+00
  7  0.03514  2.23816e+00 |  8 -0.01891 -2.31855e+00 |  9  0.03265 -1.40464e+00
 10  0.01353 -5.58461e-01 | 11  0.21756  3.41731e+00 | 12 -0.11708 -2.20402e+00
 13 -0.03064 -5.71426e+00 | 14 -0.15421 -4.96994e+00 | 15 -0.17521 -2.74208e+00
 16  0.24050  2.77202e+00 | 17  0.01339 -2.94660e+00 | 18 -0.09419 -2.74561e+00
 19 -0.02974  3.95704e+00 | 20  0.00252 -1.24344e+00 | 21 -0.08020 -1.01594e+00
 22  0.04879 -1.65867e+00 | 23 -0.10689 -1.19246e+00 | 24 -0.02587 -4.93783e+00
 25  0.02048  2.13540e+00 | 26  0.03397  6.25919e-01 | 27 -0.10348 -3.30889e+00
 28  0.02381  1.53693e+00 | 29  0.06632  6.70696e-01 | 30 -0.06638 -1.01795e+00
 31 -0.17602 -2.61743e+00 | 32  0.04168  1.71192e+00 | 33  0.05936 -1.32082e+00
 34  0.07038 -4.68879e-01 | 35  0.05788  1.02408e+00 | 36 -0.03210  1.43870e+00
 37 -0.00794  2.64311e+00 | 38  0.06555  1.08272e+00 | 39 -0.05899 -7.87423e-03
 40  0.21984  5.60614e-01 | 41  0.02733 -5.85994e-01 | 42  0.08262  5.62631e-01
 43 -0.07041 -2.59656e+00 | 44  0.17922  3.95113e+00 | 45 -0.03501  6.87227e-02
 46 -0.02616  3.77227e-01 | 47 -0.01141  9.01863e-01 | 48 -0.08618  1.37014e+00
 49  0.11851  4.23707e+00 | 50  0.02037  2.03173e+00 | 51  0.00737  8.67089e-01
 52  0.01794  2.94849e+00 | 53 -0.04243  8.29419e-01 | 54  0.07408  2.92334e+00
 55 -0.00336  2.30754e+00 | 56 -0.05939  1.70379e+00 | 57 -0.06802  6.17017e-01
 58  0.07147  1.13620e+00 | 59 -0.04874  1.82262e+00 | 60  0.00876  2.69490e+00
 61 -0.01240  4.23632e-01 | 62  0.05245  4.02543e-01 | 63  0.08540  1.01163e+00
 64 -0.07615 -1.04517e+00 | 65 -0.02717  4.43773e-02 | 66  0.02934  6.76520e-01
 67 -0.00377 -3.03296e-01 | 68 -0.05417 -1.06584e+00 | 69  0.01938  6.27050e-01
 70 -0.00304 -3.65699e-01 | 71  0.13814 -9.97427e-01 | 72 -0.07854 -3.96281e+00
 73 -0.04294  5.99467e-01 | 74 -0.05276 -5.81367e-01 | 75  0.00298 -6.73192e-01
 76 -0.07133 -6.96286e-01 | 77  0.01178 -9.17187e-01 | 78 -0.51908  1.03474e+00
 79 -0.85264  5.75661e-02 | 80 -0.86298  1.95300e-01 | 81 -0.81071  1.38653e+00
 82 -0.74816 -2.72907e+00 | 83 -0.65590 -1.73992e+00 | 84 -0.83541 -7.47035e-02
 85 -0.87123 -2.19359e+00 | 86 -0.78788 -5.76382e+00 | 87 -0.71802  8.70363e-02
 88 -0.66770  7.15517e-01 | 89 -0.66079  1.45260e-01 | 90 -0.70810  7.44406e-01
 91 -0.70329  1.19289e+00 | 92 -0.67414 -2.08743e+00 | 93 -0.69667 -5.70453e-01
 94 -0.74030 -2.64513e-01 | 95 -0.71772  2.57677e-01 | 96 -0.71216 -1.43936e+00
 97 -0.74213 -2.47769e-02 | 98 -0.74197  2.00970e+00 | 99 -0.66263 -2.93733e+00
100 -0.68239  8.62083e-01 |101 -0.75827 -9.69697e-01 |102 -0.74173 -5.51078e-01
103 -0.73006 -4.08925e-01 |104 -0.70821 -1.77001e+00 |105 -0.67697 -4.47269e-01
106 -0.72905  1.84875e+00 |107 -0.75773 -1.13733e+00 |108 -0.76366  3.38328e+00
109 -0.82739 -7.99460e-01 |110 -0.75359  3.65843e+00 |111 -0.74451 -3.02101e-01
112 -0.74951  6.77054e-01 |113 -0.77371 -5.51240e-01 |114 -0.71430 -8.66371e-01
115 -0.66182  9.54081e-01 |116 -0.67086 -3.92188e+00 |117 -0.74900 -6.47042e-02
118 -0.75505 -3.68339e+00 |119 -0.71322 -2.01650e+00 |120 -0.68004  1.16607e+00
121 -0.70146  8.26397e-01 |122 -0.67416  6.30842e-01 |123 -0.80682  2.96879e+00
124 -0.70294 -1.43779e+00 |125 -0.74846  9.59602e-01 |126 -0.76785 -5.94803e-01
127 -0.81992 -1.28037e+00 |128 -0.84926  1.49093e+00 |129 -0.82656  2.25081e+00
130 -0.73161 -3.21304e+00 |131 -0.81669 -3.49314e+00 |132 -0.79766 -1.47028e+00
133 -0.77743 -1.47830e+00 |134 -0.78301  1.58101e+00 |135 -0.80274  4.02350e+00
136 -0.81075 -1.60615e+00 |137 -0.78637  4.07582e+00 |138 -0.80134 -1.37325e+00
139 -0.79746 -2.97234e+00 |140 -0.85018 -5.33579e-01 |141 -0.85084 -7.07711e-01
142 -0.86754  2.12362e-01 |143 -0.89973 -1.46157e+00 |144 -0.90279 -7.38832e-01
145  0.52222  5.92944e+00 |146  0.25925 -1.08367e+01 |147  0.24357 -1.83331e+01
148  0.08878  2.06587e+00 |149 -0.16832  4.52678e+00 |150 -0.20543  5.08354e+00
151 -0.17336  3.84780e+00 |152  0.00070  6.51506e+00 |153  0.16850  2.38884e+00
154 -0.02565  3.07402e+00 |155  0.17434 -3.36443e-01 |156 -0.08833 -3.95078e-01
157  0.41949  8.91190e-05 |158 -0.05310  4.74519e+00 |159 -0.34282  8.88211e+01
160 -0.20985 -5.93148e+00 |161 -0.22902 -8.33118e-01 |162 -0.30898 -1.74932e+00
163  0.05873  1.08106e+00 |164 -0.16637 -6.42680e-02 |165  0.01766  4.05452e+01
166  0.00779  3.86038e+01 |167  0.00275  3.75192e+01 |168 -0.00539  3.70927e+01
169  0.00072  3.86864e+01 |170 -0.00125  3.82566e+01 |171 -0.00698  3.68716e+01
172 -0.00576  3.72499e+01 |173 -0.00552  2.75663e+01 |174  0.00675  3.39988e+01
175 -0.00523  3.15390e+01 |176 -0.02929  2.72562e+01 |177  0.00200  2.72321e+01
178 -0.01077  2.68693e+01 |179  0.00858  2.74146e+01 |180  0.00510  2.44894e+01
181 -0.00394  2.38137e+01 |182  0.01629  2.70032e+01 |183 -0.01230  2.81001e+01
184 -0.01839  2.03598e+01 |185  0.00975  2.64108e+01 |186  0.01972  2.86132e+01
187 -0.00004  3.02844e+01 |188 -0.02527  2.69791e+01 |189  0.02088  3.10049e+01
190 -0.02300  3.36642e+01 |191  0.02511  3.03290e+01 |192  0.00108  3.13223e+01
193  0.00360  3.26204e+01 |194 -0.00878  3.19780e+01 |195  0.01975  3.09349e+01
196  0.02218  2.54532e+01 |197 -0.02671  1.91688e+01 |198 -0.02651  1.45639e+01
199  0.01207  1.44153e+01 |200 -0.00297  7.81378e+00 |201  0.00153  9.90926e+00
202 -0.02046  1.20637e+01 |203 -0.01117  1.18254e+01 |204  0.02707  8.66698e+00
205 -0.00863  1.05057e+01 |206  0.01884  9.23589e+00 |207 -0.00911  7.49888e+00
208 -0.01861  8.08660e+00 |209  0.00853  1.18619e+01 |210  0.00361  1.06310e+01
211 -0.00310  1.43611e+01 |212  0.00656  1.57637e+01 |213 -0.02011  1.23835e+01
214 -0.00108  1.63848e+01 |215  0.02392  1.61354e+01 |216 -0.03051  1.16064e+01
217  0.01058  1.52908e+01 |218  0.02394  1.08648e+01 |219  0.03138  7.72346e+00
220 -0.00286  1.36006e+00 |221 -0.00956  1.21923e-01 |222 -0.02686 -2.25767e+00
223  0.00331 -3.57955e-01 |224 -0.00048 -1.56659e+00 |225 -0.00059 -4.79194e+00
226 -0.00377 -2.23364e+00 |227  0.00549 -1.32086e+00 |228 -0.00768 -3.45486e+00
229 -0.01075 -2.42183e+00 |230  0.00191 -1.55704e+00 |231 -0.01139  2.68710e+00
232  0.01428  1.20133e+00 |233  0.00231 -4.86100e+01 |234  0.00332 -4.64306e+01
235 -0.01022 -4.64418e+01 |236  0.00863 -4.26651e+01 |237  0.00631 -3.41321e+01
238 -0.02328 -3.27703e+01 |239  0.01719 -3.58297e+01 |240  0.00196 -3.56303e+01
241 -0.02984 -4.46980e+01 |242  0.01835 -4.91853e+01 |243 -0.00314 -4.95340e+01
244 -0.00036 -4.92216e+01 |245 -0.00179 -4.88282e+01 |246  0.00896 -4.82695e+01
247 -0.01059 -5.09733e+01 |248  0.00464 -5.21759e+01 |249  0.00221 -4.90747e+01
250  0.00233 -4.88268e+01 |251 -0.00730 -4.82840e+01 |252  0.01042 -4.54917e+01
253 -0.00983 -4.46994e+01 |254  0.00357 -4.03154e+01 |255 -0.00028 -4.08616e+01
256  0.01071 -3.44026e+01 |257 -0.02523 -3.61381e+01 |258  0.01691 -3.14792e+01
259 -0.00768 -3.01472e+01 |260  0.00375 -2.94334e+01 |261 -0.00045 -2.87088e+01
262  0.00639 -2.92274e+01 |263 -0.00802 -2.82353e+01 |264  0.00062 -2.78226e+01
265  0.01123 -4.76691e+01 |266 -0.00458 -4.99016e+01 |267 -0.00361 -5.12383e+01
268  0.00229 -4.71586e+01 |269 -0.00083 -4.75094e+01 |270  0.00230 -4.17324e+01
271 -0.01830 -4.27720e+01 |272  0.01013 -4.31449e+01 |273  0.00828 -4.40512e+01
274 -0.00834 -3.96685e+01 |275  0.00804 -3.71695e+01 |276 -0.00468 -3.75567e+01
277 -0.00481 -3.52160e+01 |278  0.00636 -3.13049e+01 |279 -0.00528 -2.81393e+01
280  0.00363 -2.48125e+01 |281  0.00177 -2.06073e+01 |282 -0.00513 -2.29273e+01
283 -0.00700 -1.95323e+01 |284  0.01313 -1.33232e+01 |285 -0.00974 -1.24837e+01
286  0.00289 -1.17895e+01 |287  0.01238 -1.19258e+01 |288  0.00556 -2.21347e+01
289 -0.00911 -2.43791e+01 |290 -0.01481 -2.57384e+01 |291  0.01214 -2.77039e+01
292  0.00403 -3.01691e+01 |293 -0.00634 -2.90703e+01 |294 -0.00268 -2.67104e+01
295  0.00423 -2.64220e+01 |296 -0.00470 -1.91555e+01 |297  0.00482 -1.43423e+01
298 -0.01928 -1.52229e+01 |299  0.00879 -8.53239e+00 |300  0.00330 -5.76530e+00
301 -0.00968 -8.47256e+01 |302  0.00427 -8.52125e+01 |303 -0.00258 -8.58142e+01
304 -0.00109 -7.70731e+01 |305  0.00360 -6.97250e+01 |306  0.01698 -7.08637e+01
307 -0.01620 -7.08060e+01 |308  0.00539 -7.64261e+01 |309  0.00068 -8.58215e+01
310 -0.02514 -8.94929e+01 |311  0.01234 -8.64249e+01 |312 -0.01047 -8.80671e+01
313  0.00030 -8.69344e+01 |314 -0.00174 -8.86158e+01 |315  0.00339 -8.85885e+01
316 -0.00243 -8.65285e+01 |317  0.00183 -8.59621e+01 |318  0.00015 -8.30795e+01
319  0.00424 -7.88133e+01 |320 -0.00042 -7.56855e+01 |321 -0.00198 -7.04599e+01
322  0.00059 -6.52127e+01 |323  0.00142 -6.16306e+01 |324  0.00220 -5.30367e+01
325  0.00631 -4.75472e+01 |326 -0.01440 -4.68678e+01 |327  0.00729 -4.43181e+01
328 -0.00210 -4.00007e+01 |329 -0.00006 -3.87318e+01 |330  0.00415 -3.38979e+01
331 -0.00287 -3.20544e+01 |332 -0.00127 -2.79276e+01 |333 -0.00180 -3.21413e+01
334  0.00637 -3.56261e+01 |335  0.00693 -2.95904e+01 |336 -0.00868 -2.40207e+01
337  0.00115 -2.05422e+01 |338  0.00264 -1.44840e+01 |339  0.00808 -9.32849e+00
340 -0.01053 -1.00201e+01 |341 -0.00335 -8.25886e+00 |342 -0.00073 -4.89581e+00
343 -0.00185  2.06273e+00 |344  0.00622  5.11425e+00 |345  0.00104  8.15793e+00
346 -0.00622  1.48415e+01 |347  0.00359  2.12217e+01 |348 -0.00445  2.29865e+01
349  0.00491  2.60402e+01 |350 -0.00127  2.48360e+01 |351  0.00050  2.55344e+01
352 -0.00438  2.76238e+01 |353  0.00850  2.62129e+01 |354 -0.00206  2.56298e+01
355 -0.00511  1.95308e+01 |356  0.00631  1.06311e+01 |357  0.00496  3.39229e+00
358  0.00340 -8.05457e+00 |359 -0.01093 -1.29020e+01 |360  0.00323 -1.63214e+01
361  0.00037 -1.80831e+01 |362  0.00063 -2.12333e+01 |363 -0.00084 -2.03136e+01
364  0.00115 -2.07525e+01 |365 -0.00501 -2.09661e+01 |366  0.01359 -1.59507e+01
367 -0.01928 -1.61956e+01 |368 -0.00631 -9.47630e+00 |
368 variables; iteration 360; function evaluation 406; phase 5
Function value 3.4111788e+03; maximum gradient component mag -1.0961e+02
Var    Value     Gradient |Var    Value     Gradient |Var    Value     Gradient
  1 -0.02000 -8.27211e+00 |  2  0.07180 -2.95531e-02 |  3  0.15641 -3.02383e-01
  4 -0.02062 -8.02044e-01 |  5 -0.06827 -3.85031e-01 |  6  0.05872  4.18793e-01
  7  0.03392  3.29925e-01 |  8 -0.01671  5.65957e-01 |  9  0.03278  1.27459e-01
 10  0.01371  6.88181e-01 | 11  0.21704  4.67257e-01 | 12 -0.11575 -1.95910e-01
 13 -0.03100 -3.31302e+00 | 14 -0.15056 -9.34745e-01 | 15 -0.17372 -6.22541e-01
 16  0.24004 -2.41744e+00 | 17  0.01309 -1.42384e+00 | 18 -0.08869  2.15675e+00
 19 -0.03294 -6.26241e-01 | 20  0.00360  2.72343e-01 | 21 -0.08028  2.14688e-01
 22  0.04869 -1.74773e+00 | 23 -0.10695  4.20510e-01 | 24 -0.02481 -1.76827e+00
 25  0.01941  5.85086e-01 | 26  0.03446  2.72408e-01 | 27 -0.10596 -3.52483e+00
 28  0.02352 -8.61345e-02 | 29  0.06639 -2.60851e-01 | 30 -0.06588 -9.07244e-02
 31 -0.17447 -3.62972e-01 | 32  0.04101 -1.24625e-01 | 33  0.06052  7.17463e-01
 34  0.06993 -1.09408e+00 | 35  0.05832  1.16874e+00 | 36 -0.03338 -1.02597e+00
 37 -0.00926 -1.53572e+00 | 38  0.06620  9.37213e-01 | 39 -0.06173 -9.30782e-01
 40  0.22001 -3.59232e-01 | 41  0.02735  5.94504e-01 | 42  0.08254  4.39628e-02
 43 -0.07044 -9.78844e-01 | 44  0.17905  5.26485e-01 | 45 -0.03520  5.65802e-03
 46 -0.02631  1.34841e-01 | 47 -0.01158  4.76567e-01 | 48 -0.08632  6.98700e-01
 49  0.11837  5.26059e-01 | 50  0.02030  7.42156e-01 | 51  0.00733  4.41825e-01
 52  0.01790  1.14742e+00 | 53 -0.04253  3.49794e-01 | 54  0.07397 -3.16656e-01
 55 -0.00351  1.02183e+00 | 56 -0.05963  7.68966e-01 | 57 -0.06820  3.50085e-01
 58  0.07142  1.93165e-01 | 59 -0.04899  7.30507e-01 | 60  0.00863  2.02520e+00
 61 -0.01243  9.03234e-01 | 62  0.05244  4.30864e-01 | 63  0.08539  1.06506e+00
 64 -0.07614  1.09524e-01 | 65 -0.02722  9.45995e-01 | 66  0.02925  8.97661e-01
 67 -0.00381  3.62490e-01 | 68 -0.05420  1.23143e-01 | 69  0.01915  6.21834e-01
 70 -0.00312  3.00871e-01 | 71  0.13801  5.90063e-01 | 72 -0.07861 -1.20182e+00
 73 -0.04312  7.34682e-01 | 74 -0.05286 -1.81099e-02 | 75  0.00281  1.95813e+00
 76 -0.07153  2.53785e-01 | 77  0.01172  4.99579e-01 | 78 -0.52094  1.30624e-01
 79 -0.85222 -2.95486e-01 | 80 -0.86276  2.46585e-02 | 81 -0.80957  2.50111e-01
 82 -0.74608 -2.15440e-01 | 83 -0.65171  4.45192e-01 | 84 -0.83501 -7.13342e-02
 85 -0.87081 -6.01977e-01 | 86 -0.78208  3.12790e+00 | 87 -0.71656  1.54771e+00
 88 -0.66810 -8.99069e-01 | 89 -0.66306 -2.19040e+00 | 90 -0.70684  1.27106e+00
 91 -0.70372  2.39154e-01 | 92 -0.67014  3.13128e-01 | 93 -0.69567  1.64725e-01
 94 -0.73894  5.85680e-01 | 95 -0.71611  1.33295e+00 | 96 -0.70821  1.23751e+00
 97 -0.74068  1.24187e+00 | 98 -0.74384 -1.51732e+00 | 99 -0.65875 -8.43669e-01
100 -0.68279 -5.17465e-01 |101 -0.75676  1.05605e+00 |102 -0.74144 -5.41772e-01
103 -0.72942 -3.28796e-01 |104 -0.70506  1.15325e+00 |105 -0.67734 -2.05366e+00
106 -0.73078 -1.56776e+00 |107 -0.75624  7.23588e-01 |108 -0.76474 -4.71722e-01
109 -0.82689  5.09753e-01 |110 -0.75440  8.98549e-02 |111 -0.74363  3.57064e-01
112 -0.74943 -7.46084e-01 |113 -0.77329  3.48896e-01 |114 -0.71259 -7.75138e-01
115 -0.66200  3.73636e-01 |116 -0.66683 -9.06906e-02 |117 -0.74768  1.00355e+00
118 -0.75278  1.08185e+00 |119 -0.71107 -3.30516e-01 |120 -0.68154 -1.82453e+00
121 -0.70237 -1.05788e+00 |122 -0.67337  5.84205e-01 |123 -0.80748  4.53048e-01
124 -0.70106 -2.87437e-01 |125 -0.74924 -9.47526e-01 |126 -0.76561  2.26515e+00
127 -0.81960 -7.17715e-01 |128 -0.84888  3.57203e-01 |129 -0.82693  2.05103e-01
130 -0.72855  3.02085e-02 |131 -0.81574 -1.66438e+00 |132 -0.79479  2.19310e+00
133 -0.77471  7.40595e-01 |134 -0.78307  1.29861e+00 |135 -0.80505 -1.48261e+00
136 -0.80979 -8.98341e-01 |137 -0.78807 -1.47823e+00 |138 -0.80069 -8.40495e-01
139 -0.79617 -1.79353e+00 |140 -0.84986 -7.05740e-01 |141 -0.84988 -6.65121e-01
142 -0.86728  1.15412e-02 |143 -0.89926 -4.47970e-01 |144 -0.90244 -1.13900e-01
145  0.55124 -2.71150e+00 |146  0.26687 -2.35676e+01 |147  0.23902 -1.25980e+00
148  0.08878  3.42198e-01 |149 -0.16831  1.16402e+00 |150 -0.20548  1.32159e+00
151 -0.17344 -1.18888e-01 |152  0.00069  7.03312e+00 |153  0.16852  3.18282e+00
154 -0.02567  3.23922e+00 |155  0.17429  2.62519e-01 |156 -0.08726 -1.47010e-01
157  0.41944  6.05613e-05 |158 -0.05265  1.84125e+00 |159 -0.34428  3.58334e+01
160 -0.20805 -4.75887e-01 |161 -0.23052  1.52502e-01 |162 -0.30747 -3.07881e-01
163  0.05913  1.49320e+00 |164 -0.16553  1.80582e+00 |165  0.00893 -1.52559e+01
166  0.00829 -1.47689e+01 |167  0.00706 -1.48666e+01 |168 -0.00480 -1.63049e+01
169 -0.00437 -1.61216e+01 |170 -0.00348 -1.58276e+01 |171 -0.00557 -1.62808e+01
172 -0.00561 -1.61811e+01 |173  0.00283 -2.25021e+01 |174  0.00010 -2.06659e+01
175 -0.00827 -2.20819e+01 |176 -0.02344 -2.33414e+01 |177  0.00219 -2.30134e+01
178 -0.01105 -2.44200e+01 |179  0.00767 -2.30354e+01 |180  0.00625 -2.23833e+01
181 -0.00421 -2.36890e+01 |182  0.01728 -2.08437e+01 |183 -0.01651 -2.22628e+01
184 -0.01451 -2.22456e+01 |185  0.00917 -1.96070e+01 |186  0.02004 -1.63427e+01
187 -0.00389 -1.59385e+01 |188 -0.02163 -1.60784e+01 |189  0.02120 -1.40034e+01
190 -0.02379 -1.30626e+01 |191  0.02528 -1.26211e+01 |192  0.00162 -1.08130e+01
193  0.00352 -1.02024e+01 |194 -0.00928 -1.12662e+01 |195  0.01595 -1.19421e+01
196  0.02480 -1.42499e+01 |197 -0.02922 -2.07487e+01 |198 -0.02306 -2.19529e+01
199  0.00722 -2.28867e+01 |200  0.00238 -2.44926e+01 |201  0.00312 -2.33372e+01
202 -0.02182 -2.31841e+01 |203 -0.01180 -2.38628e+01 |204  0.02832 -1.95127e+01
205 -0.00957 -1.98687e+01 |206  0.01760 -2.10317e+01 |207 -0.00792 -1.95434e+01
208 -0.01818 -1.89372e+01 |209  0.00743 -1.91860e+01 |210  0.00477 -1.52351e+01
211 -0.00353 -1.52822e+01 |212  0.00528 -1.37578e+01 |213 -0.01849 -1.34274e+01
214 -0.00151 -1.22702e+01 |215  0.02357 -6.67305e+00 |216 -0.03006 -9.39514e+00
217  0.01038 -4.85676e+00 |218  0.02387 -5.59804e+00 |219  0.02530 -8.83120e+00
220 -0.00259 -1.16591e+01 |221 -0.00769 -1.22463e+01 |222 -0.02203 -1.31590e+01
223  0.00208 -1.51134e+01 |224 -0.00305 -1.51382e+01 |225  0.00237 -1.36291e+01
226 -0.00306 -1.08949e+01 |227  0.00400 -1.24225e+01 |228 -0.00638 -7.57635e+00
229 -0.01090 -7.47333e+00 |230  0.00175 -6.86547e+00 |231 -0.01149 -2.84006e+00
232  0.01433  5.61125e-01 |233  0.00120 -1.07216e+02 |234  0.00259 -1.06169e+02
235 -0.01012 -1.06131e+02 |236  0.00866 -1.02954e+02 |237  0.00713 -9.83396e+01
238 -0.02453 -9.82008e+01 |239  0.01799 -1.00544e+02 |240  0.00158 -1.00530e+02
241 -0.03035 -1.08256e+02 |242  0.01889 -1.08285e+02 |243 -0.00237 -1.08645e+02
244 -0.00202 -1.09612e+02 |245 -0.00051 -1.05895e+02 |246  0.00839 -1.04015e+02
247 -0.01047 -1.02841e+02 |248  0.00472 -9.97326e+01 |249  0.00230 -9.72574e+01
250  0.00199 -9.47894e+01 |251 -0.00688 -9.08651e+01 |252  0.00979 -8.84109e+01
253 -0.00917 -8.53618e+01 |254  0.00339 -8.03287e+01 |255 -0.00026 -7.89255e+01
256  0.01056 -7.43178e+01 |257 -0.02525 -7.53553e+01 |258  0.01721 -7.20345e+01
259 -0.00803 -6.88194e+01 |260  0.00397 -6.77253e+01 |261 -0.00069 -6.65066e+01
262  0.00656 -6.36867e+01 |263 -0.00786 -6.31450e+01 |264 -0.00008 -6.20571e+01
265  0.01206 -6.94064e+01 |266 -0.00486 -6.91819e+01 |267 -0.00365 -6.97032e+01
268  0.00227 -6.75465e+01 |269 -0.00080 -6.70004e+01 |270  0.00223 -6.39161e+01
271 -0.01823 -6.46211e+01 |272  0.01006 -6.05335e+01 |273  0.00845 -5.96792e+01
274 -0.00846 -5.75558e+01 |275  0.00808 -5.53822e+01 |276 -0.00474 -5.56934e+01
277 -0.00474 -5.30779e+01 |278  0.00625 -5.01972e+01 |279 -0.00521 -4.60985e+01
280  0.00367 -4.34182e+01 |281  0.00163 -4.02556e+01 |282 -0.00501 -4.10698e+01
283 -0.00699 -3.58801e+01 |284  0.01306 -3.14098e+01 |285 -0.00972 -2.81503e+01
286  0.00290 -2.48963e+01 |287  0.01237 -2.23185e+01 |288  0.00558 -2.84672e+01
289 -0.00905 -2.97162e+01 |290 -0.01498 -3.11280e+01 |291  0.01224 -2.79892e+01
292  0.00416 -2.83250e+01 |293 -0.00645 -3.03863e+01 |294 -0.00280 -2.78073e+01
295  0.00445 -2.37340e+01 |296 -0.00479 -1.81955e+01 |297  0.00468 -1.51481e+01
298 -0.01866 -1.40417e+01 |299  0.00825 -1.20399e+01 |300  0.00330 -5.28320e+00
301 -0.00875 -7.80610e+00 |302  0.00463 -6.65659e+00 |303 -0.00275 -7.63417e+00
304 -0.00114 -2.43561e+00 |305  0.00351 -2.36775e-01 |306  0.01744 -2.08137e+00
307 -0.01663 -2.54169e+00 |308  0.00566 -7.56975e+00 |309  0.00092 -1.50687e+01
310 -0.02564 -1.60903e+01 |311  0.01225 -1.40824e+01 |312 -0.00969 -1.48096e+01
313 -0.00064 -1.43209e+01 |314 -0.00127 -1.34697e+01 |315  0.00324 -1.32768e+01
316 -0.00250 -1.01241e+01 |317  0.00185 -9.25668e+00 |318  0.00031 -6.18730e+00
319  0.00399 -2.87439e+00 |320 -0.00018 -1.13256e+00 |321 -0.00233  1.43218e+00
322  0.00089  5.80423e+00 |323  0.00147  6.67277e+00 |324  0.00219  8.38977e+00
325  0.00627  1.04944e+01 |326 -0.01452  1.15020e+01 |327  0.00754  1.26766e+01
328 -0.00237  1.28642e+01 |329  0.00008  1.21406e+01 |330  0.00400  1.42436e+01
331 -0.00283  1.31377e+01 |332 -0.00105  1.43762e+01 |333 -0.00233  1.08175e+01
334  0.00681  9.81974e+00 |335  0.00693  1.04296e+01 |336 -0.00878  1.18168e+01
337  0.00118  1.30755e+01 |338  0.00266  1.56868e+01 |339  0.00807  1.43919e+01
340 -0.01053  1.70801e+01 |341 -0.00343  1.73720e+01 |342 -0.00061  1.78303e+01
343 -0.00190  2.08760e+01 |344  0.00622  2.16165e+01 |345  0.00107  2.23369e+01
346 -0.00623  2.37675e+01 |347  0.00356  2.66460e+01 |348 -0.00443  2.66098e+01
349  0.00491  2.69146e+01 |350 -0.00130  2.50514e+01 |351  0.00049  2.62701e+01
352 -0.00435  2.71817e+01 |353  0.00849  2.48105e+01 |354 -0.00210  2.61039e+01
355 -0.00509  2.35711e+01 |356  0.00629  1.60237e+01 |357  0.00495  1.09246e+01
358  0.00345  2.18539e+00 |359 -0.01095  1.66042e+00 |360  0.00324 -4.30354e-01
361  0.00034 -5.83267e+00 |362  0.00067 -7.67878e+00 |363 -0.00091 -5.43229e+00
364  0.00116 -6.49218e+00 |365 -0.00494 -7.09323e+00 |366  0.01308 -7.71444e+00
367 -0.01876 -8.35977e+00 |368 -0.00631 -4.32048e+00 |
368 variables; iteration 380; function evaluation 440; phase 5
Function value 3.4110247e+03; maximum gradient component mag 1.0757e+02
Var    Value     Gradient |Var    Value     Gradient |Var    Value     Gradient
  1 -0.01996  5.08267e+00 |  2  0.07220  2.50433e-01 |  3  0.15567  2.71138e-01
  4 -0.01884  2.89884e-01 |  5 -0.06786  1.46340e-01 |  6  0.05818 -2.08263e-02
  7  0.03373  1.11785e-01 |  8 -0.01722  2.02179e-01 |  9  0.03304  6.38642e-01
 10  0.01310  6.66738e-02 | 11  0.21703  8.52998e-01 | 12 -0.11582 -2.72962e-02
 13 -0.02923  1.00157e+00 | 14 -0.14905  4.04882e-01 | 15 -0.17288  2.56355e-01
 16  0.23970  1.28930e+00 | 17  0.01436  2.42348e-01 | 18 -0.09182  2.55261e-01
 19 -0.03276 -2.17879e-01 | 20  0.00308  3.14846e-01 | 21 -0.08072  3.87719e-02
 22  0.04877  4.02830e-01 | 23 -0.10760  7.31055e-02 | 24 -0.02413  8.65884e-01
 25  0.01895 -2.58731e-01 | 26  0.03397  2.28190e-01 | 27 -0.10225  4.74957e-01
 28  0.02317  5.55023e-02 | 29  0.06622  3.78747e-01 | 30 -0.06586  8.42134e-02
 31 -0.17498  2.48876e-01 | 32  0.04093 -2.48241e-01 | 33  0.06031  4.47742e-01
 34  0.07017  1.51951e-01 | 35  0.05790 -2.35142e-03 | 36 -0.03298  5.34267e-02
 37 -0.00861 -1.35548e-01 | 38  0.06612  2.03668e-02 | 39 -0.06130  1.24192e-01
 40  0.21994 -8.71962e-02 | 41  0.02704  2.99672e-02 | 42  0.08239 -3.02604e-01
 43 -0.07038  1.58219e-01 | 44  0.17896 -5.92627e-02 | 45 -0.03530 -1.83269e-01
 46 -0.02642 -1.44919e-01 | 47 -0.01169 -4.98473e-02 | 48 -0.08641 -1.85965e-01
 49  0.11828 -7.05990e-01 | 50  0.02027 -1.76402e-01 | 51  0.00727 -1.88327e-02
 52  0.01785 -2.14762e-01 | 53 -0.04255 -1.92797e-01 | 54  0.07399 -7.38509e-01
 55 -0.00352 -2.65684e-01 | 56 -0.05969 -2.81206e-01 | 57 -0.06827 -2.05506e-01
 58  0.07137 -4.78878e-01 | 59 -0.04904 -4.96885e-01 | 60  0.00854 -5.60588e-01
 61 -0.01253 -1.96783e-01 | 62  0.05231 -4.37301e-01 | 63  0.08524 -2.00526e-01
 64 -0.07627 -1.01487e-01 | 65 -0.02737 -2.33983e-01 | 66  0.02918 -5.66807e-02
 67 -0.00395 -4.86956e-02 | 68 -0.05429 -1.62852e-01 | 69  0.01902 -1.64290e-01
 70 -0.00320 -1.28010e-01 | 71  0.13797  6.83762e-03 | 72 -0.07854  1.20378e-01
 73 -0.04322 -1.98189e-01 | 74 -0.05295 -2.38537e-01 | 75  0.00260 -5.96571e-02
 76 -0.07168 -1.86263e-01 | 77  0.01152 -8.42941e-02 | 78 -0.52102 -2.72261e-01
 79 -0.85186 -1.60148e-01 | 80 -0.86269 -9.94843e-02 | 81 -0.80901 -3.04629e-01
 82 -0.74589  2.77283e-01 | 83 -0.65196 -1.50606e-01 | 84 -0.83483 -4.50031e-02
 85 -0.87064 -1.56049e-01 | 86 -0.78237  4.55248e-01 | 87 -0.71708 -5.69254e-02
 88 -0.66637 -3.10874e-01 | 89 -0.65996 -3.92182e-01 | 90 -0.70713 -2.51632e-01
 91 -0.70316  2.53385e-01 | 92 -0.66903  1.29973e-01 | 93 -0.69563 -2.72778e-01
 94 -0.73854  1.60168e-01 | 95 -0.71661 -2.41010e-01 | 96 -0.70903 -1.52107e-01
 97 -0.74136 -3.01682e-01 | 98 -0.74276 -7.79882e-01 | 99 -0.65647  4.53499e-02
100 -0.68084  6.21536e-01 |101 -0.75715 -1.00005e-01 |102 -0.74078 -3.33444e-01
103 -0.72803  7.90610e-01 |104 -0.70535  1.15696e-01 |105 -0.67443 -3.82051e-02
106 -0.72996 -7.15640e-01 |107 -0.75660 -2.00165e-01 |108 -0.76449 -8.46927e-01
109 -0.82690  2.45494e-01 |110 -0.75355  1.52167e-04 |111 -0.74389 -2.90392e-01
112 -0.74859 -4.49643e-01 |113 -0.77341 -5.64723e-02 |114 -0.71081  3.43703e-01
115 -0.66212 -8.69503e-02 |116 -0.66576  6.12941e-01 |117 -0.74793 -2.03504e-01
118 -0.75302  3.82347e-01 |119 -0.70980  6.50129e-01 |120 -0.68012 -3.78932e-01
121 -0.70145 -1.29959e-01 |122 -0.67311  4.16537e-01 |123 -0.80769 -4.57376e-01
124 -0.69984  6.25765e-01 |125 -0.74797  4.68389e-01 |126 -0.76687 -5.73083e-02
127 -0.81916  1.18067e-01 |128 -0.84862 -1.66956e-01 |129 -0.82694 -4.38643e-01
130 -0.72792  3.52195e-01 |131 -0.81460  3.38395e-01 |132 -0.79651 -5.29868e-01
133 -0.77469 -1.48021e-01 |134 -0.78465 -9.39759e-01 |135 -0.80418 -4.43289e-01
136 -0.80897  1.34310e-01 |137 -0.78717 -4.64185e-01 |138 -0.80003  1.16635e-01
139 -0.79487  2.53844e-01 |140 -0.84952 -8.44415e-02 |141 -0.84921 -2.26350e-03
142 -0.86710 -7.62154e-03 |143 -0.89898  4.48685e-02 |144 -0.90224  1.03987e-01
145  0.56440  1.77437e+00 |146  0.26755  2.01779e+01 |147  0.23528  2.45144e+01
148  0.08878 -2.69204e-01 |149 -0.16832 -7.02889e-01 |150 -0.20550 -7.47472e-01
151 -0.17333 -1.64084e+00 |152  0.00069  1.18813e+00 |153  0.16852  4.56122e-01
154 -0.02571  4.69802e-01 |155  0.17437  3.00788e-01 |156 -0.08606  7.27946e-02
157  0.41916  2.05637e-05 |158 -0.05238  3.73709e-01 |159 -0.34509 -5.91173e+00
160 -0.20700 -1.34171e+00 |161 -0.23145 -4.87239e-01 |162 -0.30621  3.23806e-01
163  0.05768 -9.37722e-01 |164 -0.16608  1.90568e-01 |165  0.00697  1.33909e+01
166  0.00589  1.37620e+01 |167  0.00547  1.39053e+01 |168 -0.00409  1.35604e+01
169 -0.00550  1.33127e+01 |170 -0.00554  1.34083e+01 |171 -0.00549  1.35289e+01
172 -0.00643  1.34809e+01 |173  0.00971  1.25477e+01 |174 -0.00422  1.17077e+01
175 -0.00754  1.17819e+01 |176 -0.01979  1.21562e+01 |177  0.00229  1.20019e+01
178 -0.01078  1.08692e+01 |179  0.00768  1.05155e+01 |180  0.00580  1.01492e+01
181 -0.00361  1.01600e+01 |182  0.01649  9.39508e+00 |183 -0.01611  8.91862e+00
184 -0.01453  9.74316e+00 |185  0.00942  8.96765e+00 |186  0.02067  8.95287e+00
187 -0.00496  8.39327e+00 |188 -0.02084  8.73483e+00 |189  0.02091  8.25121e+00
190 -0.02400  7.61861e+00 |191  0.02589  7.73540e+00 |192  0.00182  7.44391e+00
193  0.00230  6.85152e+00 |194 -0.00937  6.53491e+00 |195  0.01259  6.18087e+00
196  0.02317  6.43808e+00 |197 -0.02643  5.18020e+00 |198 -0.02083  5.49649e+00
199  0.00548  4.92880e+00 |200  0.00482  5.64777e+00 |201  0.00324  4.75579e+00
202 -0.02240  4.41545e+00 |203 -0.01143  4.46670e+00 |204  0.02841  4.48068e+00
205 -0.00995  3.51354e+00 |206  0.01811  3.14765e+00 |207 -0.00776  3.70814e+00
208 -0.01872  3.08596e+00 |209  0.00796  2.46686e+00 |210  0.00423  2.53953e+00
211 -0.00337  1.95745e+00 |212  0.00534  2.05608e+00 |213 -0.01856  1.66403e+00
214 -0.00154  1.28853e+00 |215  0.02260 -1.16139e+00 |216 -0.02896 -4.84069e-01
217  0.01002 -1.92341e+00 |218  0.02291 -2.03512e+00 |219  0.02083 -1.39288e+00
220 -0.00248 -3.48726e-01 |221 -0.00585 -1.50369e-01 |222 -0.01901  8.02808e-02
223  0.00251 -2.30235e-01 |224 -0.00230  1.16534e-01 |225  0.00243  7.60651e-01
226 -0.00410  8.42459e-01 |227  0.00477  1.25020e+00 |228 -0.00659  2.92429e+00
229 -0.01096  2.73362e+00 |230  0.00223  2.79822e+00 |231 -0.01201  2.19437e+00
232  0.01418  2.11294e-01 |233  0.00116  9.23677e+01 |234  0.00263  9.14721e+01
235 -0.01023  9.05899e+01 |236  0.00878  8.89462e+01 |237  0.00732  8.67464e+01
238 -0.02597  8.59845e+01 |239  0.01928  8.60674e+01 |240  0.00028  8.54143e+01
241 -0.02927  8.39598e+01 |242  0.01907  8.17530e+01 |243 -0.00285  8.13012e+01
244 -0.00132  8.06034e+01 |245 -0.00092  7.93482e+01 |246  0.00846  7.77056e+01
247 -0.01045  7.63744e+01 |248  0.00466  7.41393e+01 |249  0.00241  7.34834e+01
250  0.00181  7.16429e+01 |251 -0.00680  7.01730e+01 |252  0.01017  6.79834e+01
253 -0.00995  6.71689e+01 |254  0.00377  6.49674e+01 |255 -0.00012  6.33579e+01
256  0.01012  6.28346e+01 |257 -0.02474  6.20939e+01 |258  0.01701  5.95522e+01
259 -0.00801  5.81861e+01 |260  0.00391  5.65120e+01 |261 -0.00055  5.50062e+01
262  0.00655  5.41415e+01 |263 -0.00801  5.23790e+01 |264 -0.00006  5.02336e+01
265  0.01210  4.97085e+01 |266 -0.00487  4.71347e+01 |267 -0.00354  4.68225e+01
268  0.00216  4.54685e+01 |269 -0.00078  4.47257e+01 |270  0.00223  4.23498e+01
271 -0.01818  4.17045e+01 |272  0.01000  4.08887e+01 |273  0.00854  3.96866e+01
274 -0.00857  3.83307e+01 |275  0.00809  3.61104e+01 |276 -0.00470  3.48677e+01
277 -0.00475  3.37317e+01 |278  0.00629  3.16771e+01 |279 -0.00522  3.05926e+01
280  0.00367  2.80493e+01 |281  0.00156  2.73189e+01 |282 -0.00495  2.62562e+01
283 -0.00695  2.34213e+01 |284  0.01299  2.04654e+01 |285 -0.00965  1.90785e+01
286  0.00293  1.71161e+01 |287  0.01225  1.61560e+01 |288  0.00561  1.57571e+01
289 -0.00904  1.53745e+01 |290 -0.01480  1.51989e+01 |291  0.01207  1.39551e+01
292  0.00412  1.20969e+01 |293 -0.00638  1.03116e+01 |294 -0.00278  9.75863e+00
295  0.00446  8.05470e+00 |296 -0.00479  7.45916e+00 |297  0.00463  5.43527e+00
298 -0.01850  5.54777e+00 |299  0.00813  4.37898e+00 |300  0.00327  1.73687e+00
301 -0.00794  1.07567e+02 |302  0.00459  1.06322e+02 |303 -0.00260  1.05468e+02
304 -0.00130  1.02946e+02 |305  0.00358  1.01063e+02 |306  0.01843  1.00922e+02
307 -0.01761  9.99506e+01 |308  0.00590  9.92808e+01 |309  0.00064  9.76888e+01
310 -0.02561  9.52068e+01 |311  0.01237  9.46876e+01 |312 -0.01014  9.39454e+01
313 -0.00031  9.20305e+01 |314 -0.00134  9.03586e+01 |315  0.00331  8.91459e+01
316 -0.00247  8.68934e+01 |317  0.00178  8.58514e+01 |318  0.00044  8.40250e+01
319  0.00386  8.25929e+01 |320 -0.00018  8.10439e+01 |321 -0.00189  7.98930e+01
322  0.00040  7.77787e+01 |323  0.00150  7.61271e+01 |324  0.00230  7.50633e+01
325  0.00601  7.36036e+01 |326 -0.01431  7.18130e+01 |327  0.00751  7.09724e+01
328 -0.00235  6.93522e+01 |329  0.00004  6.80482e+01 |330  0.00406  6.67561e+01
331 -0.00276  6.47084e+01 |332 -0.00118  6.24184e+01 |333 -0.00233  6.12832e+01
334  0.00683  5.95322e+01 |335  0.00689  5.83283e+01 |336 -0.00874  5.68012e+01
337  0.00118  5.51949e+01 |338  0.00264  5.28614e+01 |339  0.00802  5.13817e+01
340 -0.01047  5.02175e+01 |341 -0.00345  4.82411e+01 |342 -0.00055  4.75100e+01
343 -0.00194  4.54077e+01 |344  0.00621  4.42708e+01 |345  0.00107  4.25962e+01
346 -0.00621  3.99361e+01 |347  0.00352  3.89451e+01 |348 -0.00441  3.68720e+01
349  0.00491  3.52993e+01 |350 -0.00132  3.39797e+01 |351  0.00048  3.09623e+01
352 -0.00435  2.82538e+01 |353  0.00852  2.69516e+01 |354 -0.00214  2.44941e+01
355 -0.00509  2.27822e+01 |356  0.00628  2.14151e+01 |357  0.00493  2.07016e+01
358  0.00337  1.90049e+01 |359 -0.01082  1.72391e+01 |360  0.00323  1.47999e+01
361  0.00032  1.23166e+01 |362  0.00071  1.08767e+01 |363 -0.00094  8.78675e+00
364  0.00116  8.09526e+00 |365 -0.00489  6.34331e+00 |366  0.01287  5.50117e+00
367 -0.01856  3.94386e+00 |368 -0.00628  1.33020e+00 |
368 variables; iteration 400; function evaluation 466; phase 5
Function value 3.4109998e+03; maximum gradient component mag 1.2288e+01
Var    Value     Gradient |Var    Value     Gradient |Var    Value     Gradient
  1 -0.01997  5.06094e+00 |  2  0.07064 -1.88389e-01 |  3  0.15614  3.21321e-02
  4 -0.01958 -7.98601e-02 |  5 -0.06783  2.10671e-02 |  6  0.05826 -2.08276e-01
  7  0.03371 -2.45064e-02 |  8 -0.01713  8.97589e-02 |  9  0.03283  6.00698e-03
 10  0.01321 -8.32709e-02 | 11  0.21704 -6.41612e-03 | 12 -0.11557 -1.67690e-02
 13 -0.02957  6.46774e-02 | 14 -0.14954 -6.79228e-03 | 15 -0.17324 -3.23906e-02
 16  0.23975  1.72190e-01 | 17  0.01451  2.41737e-02 | 18 -0.09209 -1.12457e-02
 19 -0.03256 -7.62722e-02 | 20  0.00308  4.07670e-02 | 21 -0.08071 -5.39804e-02
 22  0.04883  5.96138e-02 | 23 -0.10748 -4.93414e-02 | 24 -0.02439  1.30790e-02
 25  0.01924  1.00900e-01 | 26  0.03393  9.21120e-02 | 27 -0.10238  6.13010e-02
 28  0.02311 -1.89756e-01 | 29  0.06618  7.92495e-02 | 30 -0.06570  5.26188e-02
 31 -0.17506 -2.78208e-02 | 32  0.04118  1.34585e-01 | 33  0.06010 -1.02220e-01
 34  0.07030  3.65693e-02 | 35  0.05793  5.37634e-02 | 36 -0.03304 -4.27158e-02
 37 -0.00866  7.07939e-02 | 38  0.06601  4.26191e-04 | 39 -0.06130 -9.54975e-02
 40  0.21994 -1.05556e-01 | 41  0.02711  3.67341e-02 | 42  0.08247  1.08314e-01
 43 -0.07038 -1.04735e-01 | 44  0.17897  5.83866e-02 | 45 -0.03524  7.73137e-02
 46 -0.02637  8.66803e-03 | 47 -0.01166  2.85453e-02 | 48 -0.08640  2.69086e-02
 49  0.11830  1.58486e-01 | 50  0.02024  7.07656e-02 | 51  0.00727 -5.14208e-02
 52  0.01786  2.83185e-02 | 53 -0.04256  6.04166e-02 | 54  0.07399  8.22843e-02
 55 -0.00353 -3.71912e-03 | 56 -0.05968  5.76376e-02 | 57 -0.06825  2.48614e-02
 58  0.07136 -6.63987e-02 | 59 -0.04902  6.69686e-02 | 60  0.00852 -5.97828e-02
 61 -0.01252 -5.40211e-02 | 62  0.05234  4.45901e-02 | 63  0.08526 -6.54310e-02
 64 -0.07625 -5.63054e-02 | 65 -0.02735 -8.72693e-02 | 66  0.02919 -5.52858e-02
 67 -0.00392 -4.84287e-02 | 68 -0.05428  7.13141e-02 | 69  0.01907  5.44611e-02
 70 -0.00320 -1.10726e-01 | 71  0.13799  1.29442e-02 | 72 -0.07854 -8.62317e-02
 73 -0.04319 -1.03157e-01 | 74 -0.05290  4.53084e-03 | 75  0.00261 -2.12774e-01
 76 -0.07161 -4.26144e-02 | 77  0.01156 -1.00374e-04 | 78 -0.52130 -8.98439e-02
 79 -0.85185  2.83278e-02 | 80 -0.86270 -5.65437e-02 | 81 -0.80905 -1.11771e-01
 82 -0.74613 -6.09694e-02 | 83 -0.65169  5.09092e-02 | 84 -0.83482 -8.52594e-02
 85 -0.87061  1.12742e-01 | 86 -0.78276 -2.99714e-02 | 87 -0.71726 -1.02049e-01
 88 -0.66623  3.34062e-03 | 89 -0.65956  5.78419e-02 | 90 -0.70708 -6.59163e-02
 91 -0.70355 -4.57823e-02 | 92 -0.66944 -7.82330e-02 | 93 -0.69550 -5.36119e-02
 94 -0.73879  3.06928e-02 | 95 -0.71664 -1.24235e-01 | 96 -0.70899  1.64192e-02
 97 -0.74115  5.08467e-02 | 98 -0.74223  7.93571e-02 | 99 -0.65654  1.66718e-01
100 -0.68157  7.61155e-02 |101 -0.75718  1.85037e-02 |102 -0.74062 -6.47462e-02
103 -0.72879 -8.44952e-02 |104 -0.70561 -5.08663e-02 |105 -0.67449  6.65015e-03
106 -0.72944 -9.07203e-03 |107 -0.75646 -1.79033e-02 |108 -0.76406 -9.14452e-03
109 -0.82700 -2.70604e-02 |110 -0.75367 -2.04455e-02 |111 -0.74368  1.83019e-02
112 -0.74837 -3.41165e-02 |113 -0.77341 -9.01085e-02 |114 -0.71114 -3.39949e-02
115 -0.66205 -2.49877e-02 |116 -0.66623  1.02414e-01 |117 -0.74785 -3.27543e-02
118 -0.75320 -7.02177e-02 |119 -0.71024 -5.99633e-03 |120 -0.67986 -1.15960e-02
121 -0.70142 -9.82389e-02 |122 -0.67332  1.37852e-01 |123 -0.80754 -4.25527e-02
124 -0.70035 -4.62855e-02 |125 -0.74831 -1.95091e-02 |126 -0.76684 -2.31238e-02
127 -0.81920  4.26815e-03 |128 -0.84862  5.12981e-04 |129 -0.82682  7.10491e-03
130 -0.72816  1.04880e-01 |131 -0.81478  2.98096e-02 |132 -0.79615 -1.37619e-03
133 -0.77475 -7.63195e-02 |134 -0.78408 -1.68081e-01 |135 -0.80398  2.83729e-02
136 -0.80904  6.85041e-02 |137 -0.78705 -7.63630e-02 |138 -0.80009  6.42777e-02
139 -0.79499  8.85549e-02 |140 -0.84950  7.99333e-02 |141 -0.84927 -2.71986e-02
142 -0.86714 -7.85657e-02 |143 -0.89902 -5.74518e-02 |144 -0.90228 -9.03399e-02
145  0.58715 -2.42182e-01 |146  0.26949  2.60286e+00 |147  0.20120 -2.36949e+00
148  0.08878  4.14923e-02 |149 -0.16831  6.84814e-02 |150 -0.20551 -1.65912e-02
151 -0.17335  3.53186e-01 |152  0.00070 -3.32950e-01 |153  0.16852 -1.38566e-01
154 -0.02571 -2.73372e-01 |155  0.17438 -8.46550e-02 |156 -0.08637  4.98596e-03
157  0.41880 -2.13187e-05 |158 -0.05241 -1.15933e-02 |159 -0.34500  3.82276e-02
160 -0.20707 -1.85676e-01 |161 -0.23138 -3.27504e-01 |162 -0.30661 -6.56995e-02
163  0.05825  3.57570e-02 |164 -0.16622 -4.79830e-02 |165  0.00635 -1.31864e-01
166  0.00456 -5.96836e-02 |167  0.00373 -4.28327e-02 |168 -0.00469 -4.92911e-02
169 -0.00520 -6.85180e-02 |170 -0.00550 -2.62031e-02 |171 -0.00601 -3.78956e-02
172 -0.00687 -4.58933e-02 |173  0.00944  1.14861e-01 |174 -0.00305  2.75210e-02
175 -0.00664  7.98773e-02 |176 -0.02009  1.18933e-01 |177  0.00198  9.30280e-02
178 -0.01045  9.05703e-02 |179  0.00761  1.05613e-01 |180  0.00584  6.88012e-02
181 -0.00362  9.85466e-02 |182  0.01636  1.47094e-01 |183 -0.01566  9.50987e-02
184 -0.01487  1.51789e-01 |185  0.00950  2.35566e-01 |186  0.02030  1.83848e-01
187 -0.00435  1.31844e-01 |188 -0.02108  1.57041e-01 |189  0.02075  1.34848e-01
190 -0.02380  1.99833e-01 |191  0.02575 -2.72554e-02 |192  0.00149 -1.47178e-01
193  0.00245 -1.94273e-01 |194 -0.00917 -1.43960e-01 |195  0.01279 -2.42578e-01
196  0.02250 -2.61947e-01 |197 -0.02575 -6.69750e-01 |198 -0.02106 -6.65979e-01
199  0.00612 -7.42714e-01 |200  0.00419 -6.73139e-01 |201  0.00303 -9.55590e-01
202 -0.02205 -9.21872e-01 |203 -0.01146 -9.84328e-01 |204  0.02798 -1.05822e+00
205 -0.00955 -1.04703e+00 |206  0.01833 -9.41256e-01 |207 -0.00814 -9.27892e-01
208 -0.01858 -1.05929e+00 |209  0.00803 -1.03596e+00 |210  0.00416 -1.07124e+00
211 -0.00331 -1.12993e+00 |212  0.00516 -1.21160e+00 |213 -0.01841 -1.12744e+00
214 -0.00156 -1.28884e+00 |215  0.02273 -1.57560e+00 |216 -0.02912 -1.28115e+00
217  0.01009 -1.43438e+00 |218  0.02312 -1.51060e+00 |219  0.02196 -1.68342e+00
220 -0.00264 -1.73808e+00 |221 -0.00650 -1.75063e+00 |222 -0.01962 -1.65287e+00
223  0.00270 -1.48786e+00 |224 -0.00204 -1.41729e+00 |225  0.00207 -1.34759e+00
226 -0.00409 -1.28381e+00 |227  0.00485 -1.08516e+00 |228 -0.00685 -3.00436e-01
229 -0.01087 -1.92935e-01 |230  0.00216 -9.90176e-02 |231 -0.01197 -2.00284e-02
232  0.01421 -4.62708e-02 |233  0.00069  1.20595e+01 |234  0.00261  1.22881e+01
235 -0.01018  1.20969e+01 |236  0.00876  1.21435e+01 |237  0.00690  1.19637e+01
238 -0.02528  1.20853e+01 |239  0.01882  1.19730e+01 |240  0.00043  1.21199e+01
241 -0.02915  1.22291e+01 |242  0.01901  1.19290e+01 |243 -0.00293  1.17856e+01
244 -0.00117  1.16986e+01 |245 -0.00099  1.13699e+01 |246  0.00846  1.10646e+01
247 -0.01043  1.10224e+01 |248  0.00465  1.05384e+01 |249  0.00237  1.03089e+01
250  0.00190  9.99925e+00 |251 -0.00689  9.64882e+00 |252  0.01021  9.28685e+00
253 -0.00994  9.03849e+00 |254  0.00377  8.77173e+00 |255 -0.00009  8.42068e+00
256  0.01004  7.80853e+00 |257 -0.02472  8.15821e+00 |258  0.01699  7.50553e+00
259 -0.00792  7.00380e+00 |260  0.00387  6.62684e+00 |261 -0.00056  6.18543e+00
262  0.00656  5.88823e+00 |263 -0.00800  5.58086e+00 |264 -0.00003  5.13331e+00
265  0.01205  4.60873e+00 |266 -0.00483  4.43899e+00 |267 -0.00358  4.18696e+00
268  0.00219  4.24016e+00 |269 -0.00078  4.11966e+00 |270  0.00220  4.05342e+00
271 -0.01812  4.17681e+00 |272  0.00999  3.98902e+00 |273  0.00849  3.72380e+00
274 -0.00855  3.75841e+00 |275  0.00808  3.65516e+00 |276 -0.00467  3.61111e+00
277 -0.00476  3.32187e+00 |278  0.00628  2.80386e+00 |279 -0.00523  2.77353e+00
280  0.00369  2.31964e+00 |281  0.00155  1.92847e+00 |282 -0.00494  1.65929e+00
283 -0.00696  1.40955e+00 |284  0.01300  1.04417e+00 |285 -0.00966  6.63821e-01
286  0.00293  4.86794e-01 |287  0.01226  2.98362e-01 |288  0.00560 -5.26211e-04
289 -0.00904  9.12062e-02 |290 -0.01474  2.97868e-01 |291  0.01201  2.30170e-01
292  0.00410  4.15350e-01 |293 -0.00635  6.20583e-01 |294 -0.00278  7.31455e-01
295  0.00443  7.77036e-01 |296 -0.00477  1.64610e+00 |297  0.00465  1.24136e+00
298 -0.01841  1.23529e+00 |299  0.00803  1.04490e+00 |300  0.00326  3.19430e-01
301 -0.00026 -1.04556e+01 |302  0.00462 -1.05647e+01 |303 -0.00265 -1.08525e+01
304 -0.00126 -1.07881e+01 |305  0.00357 -1.08447e+01 |306  0.01815 -1.05115e+01
307 -0.01736 -1.07264e+01 |308  0.00582 -1.03620e+01 |309  0.00070 -1.00999e+01
310 -0.02556 -1.04964e+01 |311  0.01238 -1.01757e+01 |312 -0.01021 -1.02481e+01
313 -0.00025 -1.02700e+01 |314 -0.00136 -1.02798e+01 |315  0.00330 -1.02565e+01
316 -0.00245 -1.05531e+01 |317  0.00179 -1.04744e+01 |318  0.00039 -1.05683e+01
319  0.00393 -1.07322e+01 |320 -0.00023 -1.06646e+01 |321 -0.00190 -1.05833e+01
322  0.00042 -1.06869e+01 |323  0.00150 -1.06038e+01 |324  0.00233 -1.04355e+01
325  0.00604 -1.01709e+01 |326 -0.01434 -1.09086e+01 |327  0.00744 -1.07723e+01
328 -0.00229 -1.06046e+01 |329  0.00003 -1.04776e+01 |330  0.00403 -1.02170e+01
331 -0.00276 -1.01940e+01 |332 -0.00116 -9.86857e+00 |333 -0.00229 -9.72589e+00
334  0.00679 -1.00869e+01 |335  0.00690 -9.28977e+00 |336 -0.00874 -9.28285e+00
337  0.00118 -9.05348e+00 |338  0.00264 -8.94074e+00 |339  0.00799 -8.55592e+00
340 -0.01045 -8.39471e+00 |341 -0.00342 -8.01572e+00 |342 -0.00056 -7.77357e+00
343 -0.00193 -7.78283e+00 |344  0.00620 -7.73988e+00 |345  0.00107 -7.56600e+00
346 -0.00619 -7.34111e+00 |347  0.00352 -7.19007e+00 |348 -0.00442 -7.44419e+00
349  0.00492 -7.18642e+00 |350 -0.00133 -7.12414e+00 |351  0.00049 -6.81809e+00
352 -0.00435 -6.75427e+00 |353  0.00851 -6.31403e+00 |354 -0.00213 -6.11906e+00
355 -0.00509 -5.76772e+00 |356  0.00630 -5.06689e+00 |357  0.00492 -4.40576e+00
358  0.00334 -3.58360e+00 |359 -0.01079 -3.20803e+00 |360  0.00323 -2.35498e+00
361  0.00033 -1.58790e+00 |362  0.00071 -9.66600e-01 |363 -0.00093 -7.54173e-01
364  0.00115  2.17484e-01 |365 -0.00490 -1.01009e-01 |366  0.01276  9.30814e-02
367 -0.01846  5.12461e-01 |368 -0.00627  1.87813e-01 |
368 variables; iteration 420; function evaluation 487; phase 5
Function value 3.4109867e+03; maximum gradient component mag 6.3260e+00
Var    Value     Gradient |Var    Value     Gradient |Var    Value     Gradient
  1 -0.01997 -1.91770e+00 |  2  0.07170  3.21054e-02 |  3  0.15594  4.19279e-03
  4 -0.01923  7.96171e-03 |  5 -0.06792  8.61271e-03 |  6  0.05840  2.06515e-02
  7  0.03367 -7.90451e-03 |  8 -0.01712  2.44967e-02 |  9  0.03285  3.50271e-03
 10  0.01320  2.46888e-02 | 11  0.21705  5.82465e-02 | 12 -0.11562  2.47974e-02
 13 -0.02957  8.50430e-02 | 14 -0.14950  4.49953e-02 | 15 -0.17325  2.77811e-02
 16  0.23975 -3.17157e-02 | 17  0.01450  4.40869e-02 | 18 -0.09214 -1.26017e-02
 19 -0.03251  3.02148e-02 | 20  0.00306  1.09123e-02 | 21 -0.08069 -7.65870e-03
 22  0.04882 -3.54403e-02 | 23 -0.10746  1.70663e-02 | 24 -0.02438  3.22653e-02
 25  0.01921 -6.54284e-02 | 26  0.03393 -6.33114e-03 | 27 -0.10244  4.08273e-02
 28  0.02319 -5.04078e-02 | 29  0.06620 -6.64708e-02 | 30 -0.06575 -2.85899e-03
 31 -0.17502  2.74903e-02 | 32  0.04114 -2.04963e-02 | 33  0.06013 -2.14288e-02
 34  0.07025 -2.48897e-02 | 35  0.05790 -6.40932e-02 | 36 -0.03303 -4.08547e-03
 37 -0.00866  1.12529e-02 | 38  0.06602 -8.49492e-02 | 39 -0.06132  1.42335e-02
 40  0.21996  9.84427e-03 | 41  0.02709 -1.76798e-02 | 42  0.08246 -2.24912e-02
 43 -0.07037  3.03126e-03 | 44  0.17898 -8.05559e-02 | 45 -0.03525  2.57637e-02
 46 -0.02637  6.69595e-03 | 47 -0.01166 -1.38513e-02 | 48 -0.08641 -2.57441e-02
 49  0.11830 -1.02464e-01 | 50  0.02024  2.22300e-03 | 51  0.00728  1.55365e-02
 52  0.01786 -1.81623e-02 | 53 -0.04256  3.93782e-02 | 54  0.07399 -1.20298e-02
 55 -0.00353  1.70251e-02 | 56 -0.05969 -1.10478e-02 | 57 -0.06825 -8.81149e-03
 58  0.07136 -3.72055e-02 | 59 -0.04902 -2.37243e-02 | 60  0.00853  1.75870e-02
 61 -0.01252  1.73537e-02 | 62  0.05234 -1.63544e-02 | 63  0.08527  2.56943e-02
 64 -0.07625 -1.09383e-02 | 65 -0.02734  4.68539e-02 | 66  0.02919 -4.37640e-02
 67 -0.00392  1.39227e-02 | 68 -0.05428 -9.79734e-03 | 69  0.01907  1.97010e-02
 70 -0.00319  4.85139e-02 | 71  0.13799  6.10276e-02 | 72 -0.07852  3.56663e-02
 73 -0.04318 -8.97874e-03 | 74 -0.05291 -8.54680e-03 | 75  0.00262  1.46595e-02
 76 -0.07161  8.04878e-03 | 77  0.01156  4.59104e-03 | 78 -0.52110 -9.51714e-03
 79 -0.85185  4.26870e-02 | 80 -0.86269  1.76130e-02 | 81 -0.80904 -3.09881e-02
 82 -0.74608  2.08601e-02 | 83 -0.65188 -2.01967e-02 | 84 -0.83481  7.93267e-03
 85 -0.87063  1.00031e-02 | 86 -0.78280 -3.45085e-02 | 87 -0.71719 -3.74535e-03
 88 -0.66630  1.49737e-02 | 89 -0.65960  5.79909e-02 | 90 -0.70707 -1.76177e-02
 91 -0.70355 -2.37872e-02 | 92 -0.66941 -6.50929e-03 | 93 -0.69548 -1.37190e-02
 94 -0.73882  1.03375e-02 | 95 -0.71657 -8.00055e-03 | 96 -0.70904 -1.26831e-03
 97 -0.74126 -3.60354e-02 | 98 -0.74231  2.61847e-02 | 99 -0.65677  1.85803e-02
100 -0.68169 -9.03163e-03 |101 -0.75722 -1.93371e-02 |102 -0.74060  1.16898e-02
103 -0.72875 -1.20850e-03 |104 -0.70560 -1.25253e-02 |105 -0.67450  3.15728e-02
106 -0.72943  3.30913e-02 |107 -0.75648 -2.23128e-02 |108 -0.76406  2.20143e-02
109 -0.82698  5.69955e-02 |110 -0.75369  1.10983e-02 |111 -0.74370  1.76387e-02
112 -0.74838  1.95720e-02 |113 -0.77338  1.37955e-02 |114 -0.71116  2.79792e-02
115 -0.66207 -1.12998e-02 |116 -0.66637 -1.15847e-02 |117 -0.74786 -5.58833e-03
118 -0.75318  2.13370e-02 |119 -0.71026  2.01682e-02 |120 -0.67985  3.88526e-02
121 -0.70138 -7.25894e-03 |122 -0.67346 -4.62762e-03 |123 -0.80754 -1.05606e-02
124 -0.70036 -1.40453e-02 |125 -0.74831  2.41625e-03 |126 -0.76685 -1.49482e-02
127 -0.81921  4.05121e-03 |128 -0.84863 -9.59371e-03 |129 -0.82684 -3.71742e-02
130 -0.72823  3.72436e-02 |131 -0.81479  1.46971e-03 |132 -0.79618 -1.48234e-02
133 -0.77469  2.01853e-02 |134 -0.78397 -2.23437e-02 |135 -0.80400  1.83356e-02
136 -0.80907  1.20242e-02 |137 -0.78701  2.27573e-02 |138 -0.80011  4.71111e-03
139 -0.79502  2.74867e-02 |140 -0.84952  4.32111e-03 |141 -0.84928 -2.17231e-03
142 -0.86713 -2.23849e-02 |143 -0.89902  1.92247e-02 |144 -0.90227  1.99821e-02
145  0.67149  6.00293e-03 |146  0.27739  1.43080e+00 |147  0.20167  1.12507e+00
148  0.08878 -9.28221e-02 |149 -0.16831  3.60665e-02 |150 -0.20551 -1.27007e-01
151 -0.17335 -1.36187e-01 |152  0.00070 -8.75941e-02 |153  0.16852  4.66063e-03
154 -0.02571  3.20589e-02 |155  0.17438 -2.32273e-02 |156 -0.08634  6.99152e-03
157  0.41899  2.00501e-06 |158 -0.05241  6.80388e-02 |159 -0.34498  1.81817e+00
160 -0.20713  9.70593e-02 |161 -0.23125  3.60496e-03 |162 -0.30668  9.73061e-03
163  0.05823 -4.15303e-02 |164 -0.16621 -2.08364e-02 |165  0.00311  7.71292e-01
166  0.00208  7.93385e-01 |167  0.00152  7.98215e-01 |168 -0.00528  7.31622e-01
169 -0.00569  7.18211e-01 |170 -0.00606  7.22539e-01 |171 -0.00647  7.19633e-01
172 -0.00726  7.10955e-01 |173  0.00903  4.18692e-01 |174 -0.00303  3.66167e-01
175 -0.00680  3.53204e-01 |176 -0.02022  3.62504e-01 |177  0.00199  2.81564e-01
178 -0.01046  2.26130e-01 |179  0.00761  9.84242e-02 |180  0.00586  6.10627e-02
181 -0.00363  1.42410e-02 |182  0.01631 -1.11920e-01 |183 -0.01561 -8.38878e-02
184 -0.01486 -1.04465e-01 |185  0.00946 -1.43633e-01 |186  0.02026 -8.62827e-02
187 -0.00431 -8.34946e-02 |188 -0.02108 -5.54065e-02 |189  0.02079 -1.19078e-01
190 -0.02384 -1.51870e-01 |191  0.02575 -3.09045e-03 |192  0.00148 -2.76561e-02
193  0.00248 -9.72807e-03 |194 -0.00922  4.63841e-02 |195  0.01261  1.35840e-01
196  0.02214  2.27749e-01 |197 -0.02532  6.27095e-01 |198 -0.02092  6.77925e-01
199  0.00617  6.92118e-01 |200  0.00411  7.21421e-01 |201  0.00308  7.53753e-01
202 -0.02207  7.73480e-01 |203 -0.01144  7.68233e-01 |204  0.02799  7.31695e-01
205 -0.00955  7.23326e-01 |206  0.01831  6.15085e-01 |207 -0.00818  6.22587e-01
208 -0.01854  5.93623e-01 |209  0.00803  6.13276e-01 |210  0.00416  5.95685e-01
211 -0.00331  5.22206e-01 |212  0.00520  4.72428e-01 |213 -0.01846  4.61997e-01
214 -0.00156  4.12097e-01 |215  0.02281  2.44836e-01 |216 -0.02918  2.53173e-01
217  0.01009  1.31064e-01 |218  0.02311  1.72869e-02 |219  0.02211 -1.19388e-01
220 -0.00264 -2.86722e-01 |221 -0.00649 -3.08636e-01 |222 -0.01974 -2.85674e-01
223  0.00269 -2.73860e-01 |224 -0.00201 -2.69534e-01 |225  0.00203 -2.92749e-01
226 -0.00409 -2.96301e-01 |227  0.00490 -1.90812e-01 |228 -0.00688  2.91928e-02
229 -0.01089  5.66758e-02 |230  0.00216  6.85752e-02 |231 -0.01198  7.00537e-02
232  0.01422  6.64176e-02 |233 -0.00099  6.32601e+00 |234  0.00256  6.23662e+00
235 -0.01019  6.02121e+00 |236  0.00877  5.98133e+00 |237  0.00700  5.81069e+00
238 -0.02533  5.75537e+00 |239  0.01881  5.67877e+00 |240  0.00038  5.66754e+00
241 -0.02912  5.32399e+00 |242  0.01900  5.07516e+00 |243 -0.00294  4.99044e+00
244 -0.00117  4.95061e+00 |245 -0.00100  4.85547e+00 |246  0.00847  4.64635e+00
247 -0.01044  4.57970e+00 |248  0.00466  4.29562e+00 |249  0.00237  4.21663e+00
250  0.00190  3.95171e+00 |251 -0.00689  3.81664e+00 |252  0.01020  3.62020e+00
253 -0.00992  3.50866e+00 |254  0.00375  3.45952e+00 |255 -0.00010  3.40513e+00
256  0.01008  3.30369e+00 |257 -0.02474  3.39039e+00 |258  0.01699  3.14618e+00
259 -0.00794  3.12499e+00 |260  0.00387  2.99016e+00 |261 -0.00056  3.04040e+00
262  0.00655  2.94545e+00 |263 -0.00800  2.99265e+00 |264 -0.00003  3.00650e+00
265  0.01207  3.50263e+00 |266 -0.00485  3.54127e+00 |267 -0.00357  3.41323e+00
268  0.00219  3.31009e+00 |269 -0.00079  3.35481e+00 |270  0.00221  3.13845e+00
271 -0.01815  3.08022e+00 |272  0.01000  3.08739e+00 |273  0.00850  3.01747e+00
274 -0.00855  2.84108e+00 |275  0.00808  2.80711e+00 |276 -0.00468  2.86762e+00
277 -0.00476  2.81718e+00 |278  0.00629  2.62820e+00 |279 -0.00523  2.47549e+00
280  0.00368  2.31613e+00 |281  0.00155  2.21428e+00 |282 -0.00494  2.10181e+00
283 -0.00697  1.83615e+00 |284  0.01301  1.67381e+00 |285 -0.00966  1.45642e+00
286  0.00294  1.39800e+00 |287  0.01225  9.89886e-01 |288  0.00561  5.33253e-01
289 -0.00904  3.85529e-01 |290 -0.01477  3.28228e-01 |291  0.01203  2.67938e-01
292  0.00410  2.75089e-01 |293 -0.00636  2.53581e-01 |294 -0.00278  2.74213e-01
295  0.00443  2.48400e-01 |296 -0.00478  4.27058e-01 |297  0.00465  3.32817e-01
298 -0.01848  2.76499e-01 |299  0.00809  1.90127e-01 |300  0.00327  1.01077e-01
301 -0.00038  4.83436e+00 |302  0.00463  4.68418e+00 |303 -0.00264  4.50709e+00
304 -0.00126  4.56514e+00 |305  0.00358  4.47920e+00 |306  0.01810  4.48729e+00
307 -0.01731  4.39837e+00 |308  0.00584  4.25305e+00 |309  0.00066  3.83424e+00
310 -0.02554  3.55815e+00 |311  0.01238  3.66365e+00 |312 -0.01020  3.57373e+00
313 -0.00024  3.40899e+00 |314 -0.00137  3.19081e+00 |315  0.00331  3.22923e+00
316 -0.00246  2.94283e+00 |317  0.00179  2.89661e+00 |318  0.00039  2.70444e+00
319  0.00393  2.60880e+00 |320 -0.00023  2.44603e+00 |321 -0.00190  2.50887e+00
322  0.00043  2.35430e+00 |323  0.00149  2.21938e+00 |324  0.00231  2.16957e+00
325  0.00604  2.20890e+00 |326 -0.01433  2.07880e+00 |327  0.00745  2.12055e+00
328 -0.00230  2.07945e+00 |329  0.00003  2.08991e+00 |330  0.00404  2.02526e+00
331 -0.00276  2.10192e+00 |332 -0.00117  2.14055e+00 |333 -0.00230  2.46653e+00
334  0.00682  2.53069e+00 |335  0.00689  2.35590e+00 |336 -0.00874  2.24172e+00
337  0.00118  2.32514e+00 |338  0.00264  2.16167e+00 |339  0.00801  1.94385e+00
340 -0.01046  1.92174e+00 |341 -0.00343  1.87604e+00 |342 -0.00057  1.87150e+00
343 -0.00193  1.85219e+00 |344  0.00620  1.83717e+00 |345  0.00107  1.76927e+00
346 -0.00620  1.59673e+00 |347  0.00352  1.63843e+00 |348 -0.00441  1.48789e+00
349  0.00491  1.35600e+00 |350 -0.00133  1.22553e+00 |351  0.00049  1.08759e+00
352 -0.00435  8.71873e-01 |353  0.00851  7.77710e-01 |354 -0.00214  6.39101e-01
355 -0.00508  4.14160e-01 |356  0.00629  6.49003e-02 |357  0.00492  1.09446e-01
358  0.00335  4.12140e-02 |359 -0.01080  4.44170e-02 |360  0.00323  1.58103e-01
361  0.00033  1.73975e-01 |362  0.00070  2.08727e-01 |363 -0.00093  1.68585e-01
364  0.00115  3.82125e-01 |365 -0.00489  2.56664e-01 |366  0.01283  2.35424e-01
367 -0.01853  8.34679e-02 |368 -0.00627  2.67944e-02 |
368 variables; iteration 440; function evaluation 510; phase 5
Function value 3.4109829e+03; maximum gradient component mag -1.9449e+00
Var    Value     Gradient |Var    Value     Gradient |Var    Value     Gradient
  1 -0.01997  6.15425e-01 |  2  0.07157  8.59141e-04 |  3  0.15597  5.01544e-03
  4 -0.01926  2.16874e-03 |  5 -0.06792  1.52822e-03 |  6  0.05839  1.90510e-03
  7  0.03369  3.30294e-03 |  8 -0.01717  3.88097e-03 |  9  0.03287  1.00959e-02
 10  0.01319 -1.84212e-03 | 11  0.21706  1.36626e-02 | 12 -0.11562 -4.41934e-03
 13 -0.02960  5.00164e-03 | 14 -0.14954 -7.10942e-04 | 15 -0.17330 -4.02959e-03
 16  0.23976  1.61431e-02 | 17  0.01447 -1.40267e-03 | 18 -0.09210 -6.85935e-03
 19 -0.03252 -8.42755e-04 | 20  0.00306 -5.00877e-03 | 21 -0.08067 -2.02822e-03
 22  0.04882  1.96798e-03 | 23 -0.10745 -1.26621e-03 | 24 -0.02440 -9.50324e-04
 25  0.01923  1.87542e-03 | 26  0.03393 -3.30040e-03 | 27 -0.10248 -2.07977e-03
 28  0.02320 -1.56129e-05 | 29  0.06620  1.34324e-02 | 30 -0.06575 -9.09512e-04
 31 -0.17501 -3.89818e-03 | 32  0.04114 -2.52559e-03 | 33  0.06013  5.54868e-03
 34  0.07025  7.21654e-03 | 35  0.05791 -1.90326e-04 | 36 -0.03303 -4.66496e-03
 37 -0.00867  1.53893e-03 | 38  0.06603 -3.08199e-03 | 39 -0.06130 -6.57194e-03
 40  0.21996 -6.43616e-03 | 41  0.02709 -7.64307e-05 | 42  0.08246 -5.39133e-03
 43 -0.07036 -4.12363e-03 | 44  0.17898  6.60412e-03 | 45 -0.03525 -4.88568e-03
 46 -0.02637 -1.17713e-03 | 47 -0.01165  4.44234e-03 | 48 -0.08641 -2.33698e-03
 49  0.11831  1.42564e-02 | 50  0.02024  2.50095e-03 | 51  0.00728  3.22012e-03
 52  0.01786  3.52322e-03 | 53 -0.04256 -7.79093e-04 | 54  0.07399  1.21123e-02
 55 -0.00353  2.66688e-03 | 56 -0.05969 -3.32749e-03 | 57 -0.06825 -9.97655e-04
 58  0.07137  1.63460e-02 | 59 -0.04902 -1.98258e-03 | 60  0.00852  8.14187e-03
 61 -0.01252 -3.68343e-04 | 62  0.05234  1.02748e-02 | 63  0.08527  7.60194e-03
 64 -0.07625 -1.40867e-03 | 65 -0.02734 -5.49340e-03 | 66  0.02919  4.33602e-03
 67 -0.00392  4.52273e-03 | 68 -0.05428 -3.80411e-03 | 69  0.01907 -5.87376e-03
 70 -0.00319 -6.90184e-03 | 71  0.13799 -1.06799e-02 | 72 -0.07853 -6.20484e-03
 73 -0.04318 -1.29834e-02 | 74 -0.05290 -1.53045e-02 | 75  0.00262  3.79824e-03
 76 -0.07161 -2.75745e-03 | 77  0.01156 -9.26876e-03 | 78 -0.52112 -1.25538e-04
 79 -0.85185 -7.51942e-04 | 80 -0.86269  6.18875e-04 | 81 -0.80901  1.64874e-05
 82 -0.74607  1.48078e-03 | 83 -0.65181 -9.68889e-04 | 84 -0.83480 -1.01220e-03
 85 -0.87063 -6.11512e-03 | 86 -0.78275 -1.96727e-03 | 87 -0.71716 -5.85762e-04
 88 -0.66630  1.60458e-03 | 89 -0.65965 -7.15473e-04 | 90 -0.70703 -1.92322e-03
 91 -0.70352 -2.87928e-03 | 92 -0.66937  2.07855e-04 | 93 -0.69545 -1.99951e-03
 94 -0.73881 -6.12746e-04 | 95 -0.71654 -1.36301e-03 | 96 -0.70900 -1.35675e-04
 97 -0.74122 -3.45934e-03 | 98 -0.74231 -2.38841e-03 | 99 -0.65675 -5.40796e-03
100 -0.68165 -1.95057e-03 |101 -0.75719 -2.27883e-03 |102 -0.74058 -6.27160e-04
103 -0.72872 -7.21218e-04 |104 -0.70557 -2.66051e-03 |105 -0.67449  1.04172e-03
106 -0.72943  1.57183e-04 |107 -0.75646 -1.81831e-03 |108 -0.76405  2.10828e-04
109 -0.82699  5.58689e-04 |110 -0.75366  4.73698e-04 |111 -0.74370 -4.20084e-04
112 -0.74837 -1.39243e-04 |113 -0.77338 -1.24942e-04 |114 -0.71113  1.17833e-03
115 -0.66203 -1.16761e-03 |116 -0.66634 -1.32428e-03 |117 -0.74784 -8.49041e-04
118 -0.75317  4.42171e-04 |119 -0.71024 -2.65479e-04 |120 -0.67985  5.27291e-05
121 -0.70136 -2.24100e-03 |122 -0.67343 -3.35227e-03 |123 -0.80753 -2.01027e-03
124 -0.70032 -1.89628e-03 |125 -0.74829 -5.10303e-04 |126 -0.76683 -2.96283e-03
127 -0.81920 -7.16044e-04 |128 -0.84862 -3.10679e-04 |129 -0.82682 -1.40986e-03
130 -0.72825  3.25822e-04 |131 -0.81479 -6.13293e-04 |132 -0.79616 -3.64859e-03
133 -0.77468  7.61791e-04 |134 -0.78395 -2.38511e-03 |135 -0.80400 -3.09536e-04
136 -0.80906 -3.95866e-04 |137 -0.78701  1.44232e-03 |138 -0.80011  8.49243e-04
139 -0.79501  5.76365e-04 |140 -0.84952 -1.85767e-03 |141 -0.84926  2.97011e-04
142 -0.86712  3.53654e-03 |143 -0.89902  1.77886e-03 |144 -0.90227  9.24575e-04
145  0.76525 -1.68753e-01 |146  0.27411  2.97636e-01 |147  0.20021  4.06399e-01
148  0.08878 -1.62187e-03 |149 -0.16831  9.33595e-03 |150 -0.20551  4.95383e-03
151 -0.17335 -1.95690e-02 |152  0.00070  2.57147e-02 |153  0.16852  2.04065e-02
154 -0.02571  1.94737e-02 |155  0.17438  4.82715e-03 |156 -0.08638  4.80448e-04
157  0.41880 -2.07001e-05 |158 -0.05240  1.00729e-02 |159 -0.34501  1.11293e-01
160 -0.20710 -1.20398e-02 |161 -0.23125 -4.08166e-03 |162 -0.30669  1.51460e-04
163  0.05825 -4.23401e-03 |164 -0.16620 -1.99720e-04 |165  0.00043 -1.93746e+00
166 -0.00020 -1.93503e+00 |167 -0.00059 -1.93358e+00 |168 -0.00596 -1.93911e+00
169 -0.00626 -1.94036e+00 |170 -0.00661 -1.93953e+00 |171 -0.00698 -1.93901e+00
172 -0.00772 -1.93872e+00 |173  0.00906 -1.94398e+00 |174 -0.00296 -1.94376e+00
175 -0.00672 -1.94489e+00 |176 -0.02021 -1.94148e+00 |177  0.00199 -1.91679e+00
178 -0.01046 -1.90356e+00 |179  0.00761 -1.84122e+00 |180  0.00586 -1.82456e+00
181 -0.00362 -1.80398e+00 |182  0.01634 -1.76722e+00 |183 -0.01563 -1.76135e+00
184 -0.01485 -1.74812e+00 |185  0.00946 -1.69978e+00 |186  0.02026 -1.61815e+00
187 -0.00429 -1.61509e+00 |188 -0.02112 -1.60879e+00 |189  0.02080 -1.57262e+00
190 -0.02383 -1.54119e+00 |191  0.02573 -1.45448e+00 |192  0.00150 -1.44850e+00
193  0.00250 -1.44280e+00 |194 -0.00922 -1.43479e+00 |195  0.01272 -1.41776e+00
196  0.02230 -1.41210e+00 |197 -0.02552 -1.41333e+00 |198 -0.02102 -1.40895e+00
199  0.00618 -1.39027e+00 |200  0.00409 -1.38596e+00 |201  0.00309 -1.35193e+00
202 -0.02209 -1.34702e+00 |203 -0.01144 -1.33226e+00 |204  0.02799 -1.21762e+00
205 -0.00955 -1.20801e+00 |206  0.01832 -1.12755e+00 |207 -0.00819 -1.11708e+00
208 -0.01853 -1.10926e+00 |209  0.00802 -1.03086e+00 |210  0.00416 -9.95658e-01
211 -0.00331 -9.38730e-01 |212  0.00520 -8.96491e-01 |213 -0.01846 -8.82071e-01
214 -0.00155 -8.28233e-01 |215  0.02281 -5.78682e-01 |216 -0.02919 -5.58120e-01
217  0.01009 -4.41233e-01 |218  0.02309 -3.41581e-01 |219  0.02194 -3.06424e-01
220 -0.00257 -2.96349e-01 |221 -0.00636 -2.96029e-01 |222 -0.01973 -2.97953e-01
223  0.00269 -2.76774e-01 |224 -0.00202 -2.68805e-01 |225  0.00205 -2.67347e-01
226 -0.00407 -2.62848e-01 |227  0.00492 -2.56750e-01 |228 -0.00690 -3.11272e-01
229 -0.01091 -3.09902e-01 |230  0.00215 -2.93730e-01 |231 -0.01198 -2.62824e-01
232  0.01421 -4.44312e-02 |233 -0.00030  1.28306e+00 |234  0.00259  1.27253e+00
235 -0.01019  1.27894e+00 |236  0.00878  1.25174e+00 |237  0.00697  1.20605e+00
238 -0.02531  1.20040e+00 |239  0.01882  1.19583e+00 |240  0.00035  1.18850e+00
241 -0.02908  1.17890e+00 |242  0.01899  1.09248e+00 |243 -0.00293  1.07251e+00
244 -0.00117  1.06361e+00 |245 -0.00100  1.04655e+00 |246  0.00848  9.94920e-01
247 -0.01045  1.02208e+00 |248  0.00466  9.51892e-01 |249  0.00236  9.56579e-01
250  0.00191  9.29537e-01 |251 -0.00689  8.70694e-01 |252  0.01019  8.23902e-01
253 -0.00991  8.47912e-01 |254  0.00374  8.30751e-01 |255 -0.00011  7.68750e-01
256  0.01010  7.47906e-01 |257 -0.02476  7.67235e-01 |258  0.01700  7.07157e-01
259 -0.00794  7.09761e-01 |260  0.00388  6.56578e-01 |261 -0.00056  6.00382e-01
262  0.00655  5.65542e-01 |263 -0.00800  5.47228e-01 |264 -0.00003  4.76112e-01
265  0.01207  4.54601e-01 |266 -0.00485  3.68437e-01 |267 -0.00357  3.93781e-01
268  0.00219  3.63202e-01 |269 -0.00079  3.83752e-01 |270  0.00221  3.23032e-01
271 -0.01815  3.23536e-01 |272  0.01000  3.92815e-01 |273  0.00850  3.46144e-01
274 -0.00855  4.02032e-01 |275  0.00808  3.31869e-01 |276 -0.00468  2.91516e-01
277 -0.00476  3.15363e-01 |278  0.00629  2.82693e-01 |279 -0.00523  2.87667e-01
280  0.00368  2.38854e-01 |281  0.00155  2.10661e-01 |282 -0.00494  2.36006e-01
283 -0.00697  3.83775e-01 |284  0.01300  3.01701e-01 |285 -0.00966  3.82338e-01
286  0.00293  3.90595e-01 |287  0.01225  3.67904e-01 |288  0.00561  3.38542e-01
289 -0.00904  3.00087e-01 |290 -0.01477  2.85307e-01 |291  0.01203  2.46172e-01
292  0.00410  1.84757e-01 |293 -0.00636  1.61733e-01 |294 -0.00278  1.36441e-01
295  0.00443  7.19648e-02 |296 -0.00478 -4.02580e-02 |297  0.00465 -1.03462e-01
298 -0.01847 -9.63397e-02 |299  0.00809 -9.47094e-02 |300  0.00327  2.80825e-02
301 -0.00005  1.76494e+00 |302  0.00462  1.75500e+00 |303 -0.00264  1.76278e+00
304 -0.00126  1.73295e+00 |305  0.00358  1.69313e+00 |306  0.01809  1.65908e+00
307 -0.01731  1.65260e+00 |308  0.00582  1.64156e+00 |309  0.00067  1.63353e+00
310 -0.02553  1.54559e+00 |311  0.01237  1.54154e+00 |312 -0.01020  1.52147e+00
313 -0.00025  1.49546e+00 |314 -0.00136  1.45761e+00 |315  0.00331  1.45534e+00
316 -0.00246  1.39361e+00 |317  0.00179  1.38502e+00 |318  0.00039  1.35795e+00
319  0.00393  1.32471e+00 |320 -0.00023  1.29733e+00 |321 -0.00191  1.30052e+00
322  0.00044  1.27839e+00 |323  0.00149  1.24729e+00 |324  0.00231  1.22740e+00
325  0.00605  1.23588e+00 |326 -0.01434  1.18623e+00 |327  0.00745  1.17724e+00
328 -0.00230  1.14681e+00 |329  0.00003  1.10626e+00 |330  0.00404  1.07750e+00
331 -0.00276  1.06186e+00 |332 -0.00116  1.01110e+00 |333 -0.00230  9.94531e-01
334  0.00681  9.32914e-01 |335  0.00689  9.30485e-01 |336 -0.00874  8.99804e-01
337  0.00118  9.03225e-01 |338  0.00264  8.44392e-01 |339  0.00801  8.43829e-01
340 -0.01046  8.97072e-01 |341 -0.00343  8.50109e-01 |342 -0.00057  8.76006e-01
343 -0.00193  8.21631e-01 |344  0.00620  8.03408e-01 |345  0.00107  8.09425e-01
346 -0.00620  7.72140e-01 |347  0.00352  7.58258e-01 |348 -0.00441  7.17078e-01
349  0.00491  6.85224e-01 |350 -0.00133  6.80566e-01 |351  0.00048  7.59590e-01
352 -0.00435  6.87919e-01 |353  0.00851  6.89922e-01 |354 -0.00213  6.75839e-01
355 -0.00508  6.20791e-01 |356  0.00629  5.67518e-01 |357  0.00492  5.02379e-01
358  0.00336  4.46238e-01 |359 -0.01080  3.92629e-01 |360  0.00323  3.06955e-01
361  0.00033  2.47071e-01 |362  0.00070  1.98275e-01 |363 -0.00093  1.35768e-01
364  0.00115  2.42470e-02 |365 -0.00489 -3.01753e-02 |366  0.01283 -3.91917e-02
367 -0.01852 -4.92816e-02 |368 -0.00627  2.44678e-02 |
368 variables; iteration 460; function evaluation 530; phase 5
Function value 3.4109828e+03; maximum gradient component mag 1.1938e-02
Var    Value     Gradient |Var    Value     Gradient |Var    Value     Gradient
  1 -0.01997  1.19378e-02 |  2  0.07157  2.15248e-05 |  3  0.15597  2.71673e-05
  4 -0.01926  8.81124e-06 |  5 -0.06792  1.74081e-05 |  6  0.05839  6.86270e-05
  7  0.03370  4.72970e-05 |  8 -0.01717  2.58212e-05 |  9  0.03287  1.85379e-05
 10  0.01319 -8.63955e-05 | 11  0.21706  3.88724e-05 | 12 -0.11562 -1.02138e-04
 13 -0.02960 -1.34232e-04 | 14 -0.14954 -1.19021e-04 | 15 -0.17330 -1.06995e-04
 16  0.23976  2.69679e-04 | 17  0.01447 -4.41826e-05 | 18 -0.09209 -5.44039e-05
 19 -0.03252 -6.02066e-05 | 20  0.00306  1.88175e-05 | 21 -0.08067 -4.78567e-05
 22  0.04883  1.14271e-04 | 23 -0.10745 -5.73931e-05 | 24 -0.02440 -3.32306e-06
 25  0.01923  6.54870e-05 | 26  0.03393  7.07099e-05 | 27 -0.10248 -6.14272e-05
 28  0.02320  9.54262e-05 | 29  0.06620  1.57498e-04 | 30 -0.06575 -3.77100e-05
 31 -0.17501 -6.56883e-05 | 32  0.04114  1.02320e-04 | 33  0.06013  4.32516e-05
 34  0.07025  1.29873e-04 | 35  0.05791  6.92392e-05 | 36 -0.03303 -1.23356e-05
 37 -0.00868 -1.43814e-05 | 38  0.06603  6.62101e-05 | 39 -0.06130 -4.32891e-05
 40  0.21996  2.88899e-04 | 41  0.02709 -2.03657e-05 | 42  0.08246  4.57611e-05
 43 -0.07036 -4.53971e-05 | 44  0.17898  2.95561e-04 | 45 -0.03525 -1.10849e-05
 46 -0.02637 -1.19582e-05 | 47 -0.01165  1.44937e-05 | 48 -0.08641 -4.55826e-05
 49  0.11831  2.46141e-04 | 50  0.02024  5.61636e-05 | 51  0.00728  4.28678e-05
 52  0.01786  6.22129e-05 | 53 -0.04256 -6.02475e-06 | 54  0.07399  1.86454e-04
 55 -0.00352  6.04579e-05 | 56 -0.05969 -4.54633e-06 | 57 -0.06825 -2.15679e-05
 58  0.07137  1.38825e-04 | 59 -0.04902  2.42787e-06 | 60  0.00852  5.32984e-05
 61 -0.01252 -3.98092e-05 | 62  0.05234 -2.05287e-05 | 63  0.08527  4.31168e-05
 64 -0.07625 -6.81345e-05 | 65 -0.02734 -9.00748e-05 | 66  0.02919 -1.05144e-04
 67 -0.00392 -9.14076e-05 | 68 -0.05428 -1.04309e-04 | 69  0.01907 -1.42345e-04
 70 -0.00319 -1.30141e-04 | 71  0.13799 -1.19306e-04 | 72 -0.07853 -1.03325e-04
 73 -0.04318 -1.18142e-04 | 74 -0.05290 -1.36679e-04 | 75  0.00262 -1.01535e-04
 76 -0.07161 -1.20917e-04 | 77  0.01156 -1.15264e-04 | 78 -0.52112 -3.93414e-05
 79 -0.85185 -1.58731e-05 | 80 -0.86269 -1.77282e-05 | 81 -0.80900 -1.16379e-05
 82 -0.74607 -3.73336e-05 | 83 -0.65181 -8.30906e-06 | 84 -0.83480  7.19091e-07
 85 -0.87063 -1.48498e-05 | 86 -0.78274 -2.24122e-05 | 87 -0.71716 -3.55293e-05
 88 -0.66630 -5.67645e-05 | 89 -0.65964 -3.65963e-05 | 90 -0.70703 -1.45146e-05
 91 -0.70352 -2.22541e-05 | 92 -0.66936 -2.47660e-05 | 93 -0.69545 -2.36905e-05
 94 -0.73881 -3.64881e-05 | 95 -0.71654 -2.93567e-05 | 96 -0.70900 -2.53343e-05
 97 -0.74122 -1.06115e-05 | 98 -0.74231 -4.44299e-05 | 99 -0.65675 -3.58601e-05
100 -0.68165 -1.53932e-05 |101 -0.75719 -1.50950e-05 |102 -0.74058 -2.75952e-05
103 -0.72872 -3.26817e-05 |104 -0.70556 -3.10659e-05 |105 -0.67449 -4.67757e-05
106 -0.72943 -4.13797e-05 |107 -0.75646 -9.12096e-06 |108 -0.76405 -3.03469e-05
109 -0.82699 -4.12669e-05 |110 -0.75366 -4.73329e-05 |111 -0.74369 -3.92703e-05
112 -0.74836 -3.94711e-05 |113 -0.77338 -5.19630e-05 |114 -0.71113 -6.84258e-05
115 -0.66203 -4.98991e-05 |116 -0.66634 -3.78191e-05 |117 -0.74784 -2.70334e-05
118 -0.75318 -5.79206e-05 |119 -0.71024 -5.95912e-05 |120 -0.67985 -6.55035e-05
121 -0.70136 -2.46161e-05 |122 -0.67343 -2.97138e-05 |123 -0.80753 -2.11222e-05
124 -0.70032 -3.70077e-05 |125 -0.74829 -2.46983e-05 |126 -0.76683 -9.04987e-06
127 -0.81920 -1.97684e-05 |128 -0.84861 -1.49287e-05 |129 -0.82681 -1.53836e-06
130 -0.72825 -3.36203e-05 |131 -0.81479 -1.12989e-05 |132 -0.79616 -9.56642e-06
133 -0.77468 -2.26151e-05 |134 -0.78394  4.53234e-06 |135 -0.80400 -4.45711e-06
136 -0.80906 -2.75264e-06 |137 -0.78701 -1.63736e-05 |138 -0.80011  8.67722e-07
139 -0.79501  1.68501e-07 |140 -0.84951  1.44377e-05 |141 -0.84926  1.84443e-05
142 -0.86712  3.33261e-06 |143 -0.89902  2.21977e-06 |144 -0.90227  4.23374e-07
145  0.76747 -3.42592e-04 |146  0.27255 -1.05392e-03 |147  0.19994 -8.34422e-04
148  0.08878  8.70726e-05 |149 -0.16831  2.33112e-04 |150 -0.20551  3.61865e-04
151 -0.17335  3.96570e-04 |152  0.00070  1.20380e-04 |153  0.16852  9.88076e-05
154 -0.02571  9.58752e-05 |155  0.17438  6.73431e-05 |156 -0.08638  4.54058e-06
157  0.41893 -5.21610e-06 |158 -0.05240  2.20171e-04 |159 -0.34501 -2.13405e-03
160 -0.20710 -6.00783e-04 |161 -0.23125 -1.45903e-04 |162 -0.30669 -4.44942e-05
163  0.05825  4.15231e-05 |164 -0.16620  1.11884e-05 |165  0.00039 -4.02085e-03
166 -0.00025 -4.05005e-03 |167 -0.00064 -4.06025e-03 |168 -0.00597 -4.05521e-03
169 -0.00627 -4.05024e-03 |170 -0.00662 -4.06227e-03 |171 -0.00699 -4.06176e-03
172 -0.00773 -4.06174e-03 |173  0.00906 -4.02783e-03 |174 -0.00296 -4.02597e-03
175 -0.00672 -4.01078e-03 |176 -0.02021 -4.02087e-03 |177  0.00199 -3.96294e-03
178 -0.01046 -3.94731e-03 |179  0.00761 -3.82696e-03 |180  0.00586 -3.78412e-03
181 -0.00362 -3.75756e-03 |182  0.01634 -3.67257e-03 |183 -0.01563 -3.64843e-03
184 -0.01485 -3.63796e-03 |185  0.00946 -3.52389e-03 |186  0.02026 -3.34991e-03
187 -0.00428 -3.34669e-03 |188 -0.02113 -3.36835e-03 |189  0.02080 -3.26716e-03
190 -0.02383 -3.25298e-03 |191  0.02573 -3.09732e-03 |192  0.00150 -3.03823e-03
193  0.00250 -3.02342e-03 |194 -0.00922 -3.02539e-03 |195  0.01272 -3.01024e-03
196  0.02229 -3.01832e-03 |197 -0.02551 -2.96975e-03 |198 -0.02102 -2.96906e-03
199  0.00618 -2.94314e-03 |200  0.00409 -2.95312e-03 |201  0.00309 -2.91221e-03
202 -0.02209 -2.90768e-03 |203 -0.01144 -2.87453e-03 |204  0.02799 -2.66484e-03
205 -0.00955 -2.64265e-03 |206  0.01832 -2.53577e-03 |207 -0.00819 -2.51643e-03
208 -0.01852 -2.48347e-03 |209  0.00802 -2.37735e-03 |210  0.00416 -2.32763e-03
211 -0.00331 -2.22833e-03 |212  0.00520 -2.15946e-03 |213 -0.01846 -2.14471e-03
214 -0.00155 -2.06057e-03 |215  0.02281 -1.61473e-03 |216 -0.02919 -1.58027e-03
217  0.01009 -1.37701e-03 |218  0.02309 -1.26525e-03 |219  0.02194 -1.25005e-03
220 -0.00257 -1.28014e-03 |221 -0.00637 -1.26804e-03 |222 -0.01972 -1.21164e-03
223  0.00269 -1.16407e-03 |224 -0.00202 -1.10238e-03 |225  0.00205 -1.06035e-03
226 -0.00407 -9.86074e-04 |227  0.00491 -9.26179e-04 |228 -0.00689 -5.82193e-04
229 -0.01090 -5.52426e-04 |230  0.00215 -4.95708e-04 |231 -0.01198 -4.16384e-04
232  0.01421 -5.13760e-05 |233  0.00003 -4.89058e-03 |234  0.00259 -4.94868e-03
235 -0.01019 -5.05152e-03 |236  0.00878 -5.16948e-03 |237  0.00696 -5.30214e-03
238 -0.02531 -5.30272e-03 |239  0.01882 -5.34334e-03 |240  0.00035 -5.33737e-03
241 -0.02907 -5.29312e-03 |242  0.01898 -5.26167e-03 |243 -0.00292 -5.19248e-03
244 -0.00117 -5.17926e-03 |245 -0.00100 -5.08812e-03 |246  0.00848 -4.98591e-03
247 -0.01044 -4.84065e-03 |248  0.00466 -4.73638e-03 |249  0.00236 -4.71419e-03
250  0.00191 -4.60068e-03 |251 -0.00689 -4.52137e-03 |252  0.01019 -4.47429e-03
253 -0.00991 -4.36148e-03 |254  0.00374 -4.22206e-03 |255 -0.00011 -4.17462e-03
256  0.01010 -4.15584e-03 |257 -0.02476 -4.04491e-03 |258  0.01700 -3.97937e-03
259 -0.00794 -3.81093e-03 |260  0.00388 -3.75229e-03 |261 -0.00056 -3.70526e-03
262  0.00655 -3.69235e-03 |263 -0.00800 -3.71482e-03 |264 -0.00003 -3.70876e-03
265  0.01206 -3.71624e-03 |266 -0.00485 -3.68144e-03 |267 -0.00357 -3.71856e-03
268  0.00219 -3.71394e-03 |269 -0.00079 -3.64879e-03 |270  0.00221 -3.60190e-03
271 -0.01815 -3.54952e-03 |272  0.01000 -3.30503e-03 |273  0.00850 -3.27611e-03
274 -0.00855 -3.18768e-03 |275  0.00808 -3.10272e-03 |276 -0.00468 -3.00246e-03
277 -0.00476 -2.83458e-03 |278  0.00629 -2.76138e-03 |279 -0.00523 -2.64896e-03
280  0.00368 -2.56279e-03 |281  0.00155 -2.52687e-03 |282 -0.00494 -2.39938e-03
283 -0.00697 -1.98226e-03 |284  0.01300 -1.85153e-03 |285 -0.00966 -1.69428e-03
286  0.00293 -1.48172e-03 |287  0.01225 -1.42516e-03 |288  0.00561 -1.48707e-03
289 -0.00904 -1.36692e-03 |290 -0.01477 -1.21527e-03 |291  0.01203 -1.09122e-03
292  0.00410 -1.00420e-03 |293 -0.00636 -1.01538e-03 |294 -0.00278 -9.54937e-04
295  0.00443 -8.33570e-04 |296 -0.00478 -4.58501e-04 |297  0.00465 -4.24027e-04
298 -0.01847 -3.91349e-04 |299  0.00809 -3.19863e-04 |300  0.00327 -3.67411e-05
301  0.00002 -3.63122e-03 |302  0.00462 -3.90400e-03 |303 -0.00264 -4.03702e-03
304 -0.00126 -4.20264e-03 |305  0.00358 -4.32267e-03 |306  0.01809 -4.34851e-03
307 -0.01731 -4.38039e-03 |308  0.00582 -4.36455e-03 |309  0.00067 -4.32627e-03
310 -0.02553 -4.25999e-03 |311  0.01237 -4.26210e-03 |312 -0.01020 -4.21098e-03
313 -0.00025 -4.10300e-03 |314 -0.00136 -4.04844e-03 |315  0.00331 -3.94568e-03
316 -0.00246 -3.86132e-03 |317  0.00179 -3.85313e-03 |318  0.00039 -3.76855e-03
319  0.00393 -3.76816e-03 |320 -0.00023 -3.76259e-03 |321 -0.00191 -3.73133e-03
322  0.00044 -3.60089e-03 |323  0.00149 -3.59118e-03 |324  0.00231 -3.55913e-03
325  0.00605 -3.48502e-03 |326 -0.01434 -3.47940e-03 |327  0.00745 -3.42372e-03
328 -0.00230 -3.40333e-03 |329  0.00003 -3.37155e-03 |330  0.00404 -3.38185e-03
331 -0.00276 -3.47084e-03 |332 -0.00116 -3.49903e-03 |333 -0.00230 -3.56982e-03
334  0.00681 -3.54987e-03 |335  0.00689 -3.53180e-03 |336 -0.00874 -3.52190e-03
337  0.00118 -3.50116e-03 |338  0.00264 -3.44534e-03 |339  0.00801 -3.35789e-03
340 -0.01046 -3.11040e-03 |341 -0.00343 -3.04999e-03 |342 -0.00057 -3.03024e-03
343 -0.00193 -2.98333e-03 |344  0.00620 -2.91637e-03 |345  0.00107 -2.79132e-03
346 -0.00620 -2.71383e-03 |347  0.00352 -2.63090e-03 |348 -0.00441 -2.57864e-03
349  0.00491 -2.49866e-03 |350 -0.00133 -2.37211e-03 |351  0.00048 -2.03197e-03
352 -0.00435 -1.92370e-03 |353  0.00851 -1.81934e-03 |354 -0.00213 -1.62808e-03
355 -0.00508 -1.49706e-03 |356  0.00629 -1.46937e-03 |357  0.00492 -1.38066e-03
358  0.00336 -1.21243e-03 |359 -0.01080 -1.02267e-03 |360  0.00323 -8.89821e-04
361  0.00033 -8.44045e-04 |362  0.00070 -7.42649e-04 |363 -0.00093 -6.58915e-04
364  0.00115 -3.52301e-04 |365 -0.00489 -3.30511e-04 |366  0.01283 -3.26134e-04
367 -0.01852 -2.30434e-04 |368 -0.00627 -1.71833e-07 |
  ic > imax  in fminim is answer attained ?
Var    Value     Gradient |Var    Value     Gradient |Var    Value     Gradient
  1 -0.01997  7.60986e-03 |  2  0.07157  1.39533e-05 |  3  0.15597  1.77236e-05
  4 -0.01926  6.17744e-06 |  5 -0.06792  1.11910e-05 |  6  0.05839  4.09746e-05
  7  0.03370  3.09847e-05 |  8 -0.01717  1.52945e-05 |  9  0.03287  1.45408e-05
 10  0.01319 -5.01875e-05 | 11  0.21706  3.52813e-05 | 12 -0.11562 -6.35797e-05
 13 -0.02960 -8.25385e-05 | 14 -0.14954 -7.51981e-05 | 15 -0.17330 -6.78466e-05
 16  0.23976  1.83057e-04 | 17  0.01447 -2.48145e-05 | 18 -0.09209 -3.39488e-05
 19 -0.03252 -3.49491e-05 | 20  0.00306  1.71161e-05 | 21 -0.08067 -2.89686e-05
 22  0.04883  7.57492e-05 | 23 -0.10745 -3.50114e-05 | 24 -0.02440  1.35091e-06
 25  0.01923  4.42242e-05 | 26  0.03393  5.19647e-05 | 27 -0.10248 -3.60913e-05
 28  0.02320  5.97196e-05 | 29  0.06620  9.79016e-05 | 30 -0.06575 -2.21802e-05
 31 -0.17501 -4.13811e-05 | 32  0.04114  7.14622e-05 | 33  0.06013  2.90486e-05
 34  0.07025  8.27502e-05 | 35  0.05791  4.38988e-05 | 36 -0.03303 -4.71526e-06
 37 -0.00868 -7.87054e-06 | 38  0.06603  4.12914e-05 | 39 -0.06130 -2.65885e-05
 40  0.21996  1.86904e-04 | 41  0.02709 -1.10580e-05 | 42  0.08246  2.98526e-05
 43 -0.07036 -3.04010e-05 | 44  0.17898  1.94517e-04 | 45 -0.03525 -9.59296e-06
 46 -0.02637 -6.86907e-06 | 47 -0.01165  7.17146e-06 | 48 -0.08641 -3.00904e-05
 49  0.11831  1.50513e-04 | 50  0.02024  3.41004e-05 | 51  0.00728  2.62018e-05
 52  0.01786  3.40172e-05 | 53 -0.04256 -6.57477e-06 | 54  0.07399  1.07637e-04
 55 -0.00352  3.25558e-05 | 56 -0.05969 -5.95611e-06 | 57 -0.06825 -1.72569e-05
 58  0.07137  7.34951e-05 | 59 -0.04902 -4.74735e-06 | 60  0.00852  2.35225e-05
 61 -0.01252 -2.78786e-05 | 62  0.05234 -1.84517e-05 | 63  0.08527  1.94269e-05
 64 -0.07625 -4.53658e-05 | 65 -0.02734 -5.66455e-05 | 66  0.02919 -6.78155e-05
 67 -0.00392 -5.99827e-05 | 68 -0.05428 -6.72478e-05 | 69  0.01907 -8.54575e-05
 70 -0.00319 -8.30610e-05 | 71  0.13799 -7.26225e-05 | 72 -0.07853 -6.58341e-05
 73 -0.04318 -7.44102e-05 | 74 -0.05290 -8.52323e-05 | 75  0.00262 -7.08377e-05
 76 -0.07161 -7.72576e-05 | 77  0.01156 -7.42160e-05 | 78 -0.52112 -2.47015e-05
 79 -0.85185 -9.08672e-06 | 80 -0.86269 -1.19213e-05 | 81 -0.80900 -7.64060e-06
 82 -0.74607 -2.24819e-05 | 83 -0.65181 -5.52188e-06 | 84 -0.83480 -1.92585e-06
 85 -0.87063 -7.31511e-06 | 86 -0.78274 -1.61569e-05 | 87 -0.71716 -2.35687e-05
 88 -0.66630 -3.36673e-05 | 89 -0.65964 -2.49006e-05 | 90 -0.70703 -1.02941e-05
 91 -0.70352 -1.59127e-05 | 92 -0.66936 -1.65865e-05 | 93 -0.69545 -1.54703e-05
 94 -0.73881 -2.36176e-05 | 95 -0.71654 -1.94816e-05 | 96 -0.70900 -1.80026e-05
 97 -0.74122 -9.41700e-06 | 98 -0.74231 -2.88705e-05 | 99 -0.65675 -2.53151e-05
100 -0.68165 -1.15918e-05 |101 -0.75719 -9.99828e-06 |102 -0.74058 -1.78681e-05
103 -0.72872 -2.12131e-05 |104 -0.70556 -2.04685e-05 |105 -0.67449 -2.91842e-05
106 -0.72943 -2.57448e-05 |107 -0.75646 -7.58111e-06 |108 -0.76405 -1.90756e-05
109 -0.82699 -2.62368e-05 |110 -0.75366 -3.04458e-05 |111 -0.74369 -2.56968e-05
112 -0.74836 -2.58425e-05 |113 -0.77338 -3.21698e-05 |114 -0.71113 -4.25519e-05
115 -0.66203 -3.16632e-05 |116 -0.66634 -2.41825e-05 |117 -0.74784 -1.66414e-05
118 -0.75318 -3.42581e-05 |119 -0.71024 -3.62450e-05 |120 -0.67985 -3.97119e-05
121 -0.70136 -1.57651e-05 |122 -0.67343 -1.94951e-05 |123 -0.80753 -1.26775e-05
124 -0.70032 -2.32292e-05 |125 -0.74829 -1.49024e-05 |126 -0.76683 -5.55860e-06
127 -0.81920 -1.19899e-05 |128 -0.84861 -9.28641e-06 |129 -0.82681 -2.15850e-07
130 -0.72825 -2.04714e-05 |131 -0.81479 -6.77406e-06 |132 -0.79616 -5.30965e-06
133 -0.77468 -1.28202e-05 |134 -0.78394  2.61851e-06 |135 -0.80400 -3.66890e-06
136 -0.80906 -2.02119e-06 |137 -0.78701 -8.64526e-06 |138 -0.80011  5.35488e-07
139 -0.79501 -3.03416e-07 |140 -0.84951  9.47479e-06 |141 -0.84926  9.44342e-06
142 -0.86712  6.23348e-07 |143 -0.89902  1.10849e-06 |144 -0.90227  6.75768e-07
145  0.76746 -1.29173e-04 |146  0.27255 -5.12473e-04 |147  0.19994 -4.36395e-04
148  0.08878  5.63920e-05 |149 -0.16831  1.39106e-04 |150 -0.20551  2.14828e-04
151 -0.17335  2.38364e-04 |152  0.00070  9.07594e-05 |153  0.16852  6.27395e-05
154 -0.02571  5.60809e-05 |155  0.17438  3.89363e-05 |156 -0.08638  2.46372e-06
157  0.41896 -1.38360e-06 |158 -0.05240  1.38948e-04 |159 -0.34501 -1.37395e-03
160 -0.20710 -3.90570e-04 |161 -0.23125 -9.71373e-05 |162 -0.30669 -3.14387e-05
163  0.05825  2.46312e-05 |164 -0.16620  7.49218e-06 |165  0.00039 -1.50595e-03
166 -0.00025 -1.52184e-03 |167 -0.00064 -1.52725e-03 |168 -0.00597 -1.51806e-03
169 -0.00627 -1.51473e-03 |170 -0.00662 -1.52126e-03 |171 -0.00699 -1.52102e-03
172 -0.00773 -1.52100e-03 |173  0.00906 -1.50790e-03 |174 -0.00296 -1.50722e-03
175 -0.00672 -1.49877e-03 |176 -0.02021 -1.50565e-03 |177  0.00199 -1.48131e-03
178 -0.01046 -1.47531e-03 |179  0.00761 -1.43091e-03 |180  0.00586 -1.41458e-03
181 -0.00362 -1.40620e-03 |182  0.01634 -1.37133e-03 |183 -0.01563 -1.36380e-03
184 -0.01485 -1.36225e-03 |185  0.00946 -1.31678e-03 |186  0.02026 -1.25230e-03
187 -0.00428 -1.25058e-03 |188 -0.02113 -1.26424e-03 |189  0.02080 -1.22486e-03
190 -0.02383 -1.22704e-03 |191  0.02573 -1.17364e-03 |192  0.00150 -1.14473e-03
193  0.00250 -1.13877e-03 |194 -0.00922 -1.14402e-03 |195  0.01272 -1.14507e-03
196  0.02229 -1.15171e-03 |197 -0.02551 -1.12399e-03 |198 -0.02102 -1.12423e-03
199  0.00618 -1.11474e-03 |200  0.00409 -1.12187e-03 |201  0.00309 -1.10484e-03
202 -0.02209 -1.10405e-03 |203 -0.01144 -1.09155e-03 |204  0.02799 -1.01682e-03
205 -0.00955 -1.00709e-03 |206  0.01832 -9.73587e-04 |207 -0.00819 -9.67292e-04
208 -0.01852 -9.50552e-04 |209  0.00802 -9.20240e-04 |210  0.00416 -9.05731e-04
211 -0.00331 -8.72606e-04 |212  0.00520 -8.48659e-04 |213 -0.01846 -8.44921e-04
214 -0.00155 -8.16754e-04 |215  0.02281 -6.54580e-04 |216 -0.02919 -6.44893e-04
217  0.01009 -5.74162e-04 |218  0.02309 -5.42303e-04 |219  0.02194 -5.40461e-04
220 -0.00257 -5.54085e-04 |221 -0.00637 -5.48032e-04 |222 -0.01972 -5.22129e-04
223  0.00269 -5.04244e-04 |224 -0.00202 -4.76357e-04 |225  0.00205 -4.56429e-04
226 -0.00407 -4.20772e-04 |227  0.00491 -3.91695e-04 |228 -0.00689 -1.95260e-04
229 -0.01090 -1.79144e-04 |230  0.00215 -1.55117e-04 |231 -0.01198 -1.28856e-04
232  0.01421 -1.13539e-05 |233  0.00003 -2.37433e-03 |234  0.00259 -2.40645e-03
235 -0.01019 -2.46222e-03 |236  0.00878 -2.49783e-03 |237  0.00696 -2.55082e-03
238 -0.02531 -2.54740e-03 |239  0.01882 -2.56923e-03 |240  0.00035 -2.56574e-03
241 -0.02907 -2.54851e-03 |242  0.01898 -2.53443e-03 |243 -0.00292 -2.49617e-03
244 -0.00117 -2.48797e-03 |245 -0.00100 -2.43740e-03 |246  0.00848 -2.37840e-03
247 -0.01044 -2.31614e-03 |248  0.00466 -2.25388e-03 |249  0.00236 -2.24651e-03
250  0.00191 -2.18525e-03 |251 -0.00689 -2.14033e-03 |252  0.01019 -2.11332e-03
253 -0.00991 -2.06684e-03 |254  0.00374 -2.00424e-03 |255 -0.00011 -1.97125e-03
256  0.01010 -1.95797e-03 |257 -0.02476 -1.91462e-03 |258  0.01700 -1.87971e-03
259 -0.00794 -1.80737e-03 |260  0.00388 -1.76793e-03 |261 -0.00056 -1.74545e-03
262  0.00655 -1.73691e-03 |263 -0.00800 -1.76414e-03 |264 -0.00003 -1.76296e-03
265  0.01206 -1.76701e-03 |266 -0.00485 -1.74668e-03 |267 -0.00357 -1.77280e-03
268  0.00219 -1.76593e-03 |269 -0.00079 -1.73696e-03 |270  0.00221 -1.70645e-03
271 -0.01815 -1.68322e-03 |272  0.01000 -1.57549e-03 |273  0.00850 -1.56073e-03
274 -0.00855 -1.54409e-03 |275  0.00808 -1.49820e-03 |276 -0.00468 -1.43849e-03
277 -0.00476 -1.36363e-03 |278  0.00629 -1.32507e-03 |279 -0.00523 -1.27714e-03
280  0.00368 -1.23615e-03 |281  0.00155 -1.21085e-03 |282 -0.00494 -1.15438e-03
283 -0.00697 -9.90595e-04 |284  0.01300 -9.09803e-04 |285 -0.00966 -8.53039e-04
286  0.00293 -7.49265e-04 |287  0.01225 -7.14957e-04 |288  0.00561 -7.36458e-04
289 -0.00904 -6.65675e-04 |290 -0.01477 -5.93552e-04 |291  0.01203 -5.27527e-04
292  0.00410 -4.81241e-04 |293 -0.00636 -4.93921e-04 |294 -0.00278 -4.64826e-04
295  0.00443 -3.94955e-04 |296 -0.00478 -1.76695e-04 |297  0.00465 -1.55038e-04
298 -0.01847 -1.40678e-04 |299  0.00809 -1.11319e-04 |300  0.00327 -1.43953e-05
301  0.00002 -1.90157e-03 |302  0.00462 -2.06536e-03 |303 -0.00264 -2.14259e-03
304 -0.00126 -2.20688e-03 |305  0.00358 -2.25765e-03 |306  0.01809 -2.27255e-03
307 -0.01731 -2.28953e-03 |308  0.00582 -2.28574e-03 |309  0.00067 -2.27320e-03
310 -0.02553 -2.23965e-03 |311  0.01237 -2.24031e-03 |312 -0.01020 -2.20935e-03
313 -0.00025 -2.14718e-03 |314 -0.00136 -2.11428e-03 |315  0.00331 -2.06921e-03
316 -0.00246 -2.01736e-03 |317  0.00179 -2.01417e-03 |318  0.00039 -1.97080e-03
319  0.00393 -1.96959e-03 |320 -0.00023 -1.96637e-03 |321 -0.00191 -1.95485e-03
322  0.00044 -1.88776e-03 |323  0.00149 -1.87857e-03 |324  0.00231 -1.85559e-03
325  0.00605 -1.82489e-03 |326 -0.01434 -1.82267e-03 |327  0.00745 -1.79622e-03
328 -0.00230 -1.78003e-03 |329  0.00003 -1.75986e-03 |330  0.00404 -1.76818e-03
331 -0.00276 -1.82740e-03 |332 -0.00116 -1.84751e-03 |333 -0.00230 -1.89033e-03
334  0.00681 -1.87841e-03 |335  0.00689 -1.86814e-03 |336 -0.00874 -1.86056e-03
337  0.00118 -1.84798e-03 |338  0.00264 -1.80737e-03 |339  0.00801 -1.75362e-03
340 -0.01046 -1.63984e-03 |341 -0.00343 -1.60561e-03 |342 -0.00057 -1.61070e-03
343 -0.00193 -1.58245e-03 |344  0.00620 -1.54107e-03 |345  0.00107 -1.48006e-03
346 -0.00620 -1.43304e-03 |347  0.00352 -1.39200e-03 |348 -0.00441 -1.36023e-03
349  0.00491 -1.30780e-03 |350 -0.00133 -1.24151e-03 |351  0.00048 -1.09289e-03
352 -0.00435 -1.02373e-03 |353  0.00851 -9.75169e-04 |354 -0.00213 -8.77475e-04
355 -0.00508 -7.95901e-04 |356  0.00629 -7.67358e-04 |357  0.00492 -7.13331e-04
358  0.00336 -6.31716e-04 |359 -0.01080 -5.31347e-04 |360  0.00323 -4.57210e-04
361  0.00033 -4.30962e-04 |362  0.00070 -3.77806e-04 |363 -0.00093 -3.29800e-04
364  0.00115 -1.46041e-04 |365 -0.00489 -1.30414e-04 |366  0.01283 -1.29895e-04
367 -0.01852 -8.47425e-05 |368 -0.00627 -1.17150e-06 |
Function minimizer not making progress ... is minimum attained?
Minimprove criterion = 0.0000e+00
Warning: the following parameters had issues
  F_rate[133] is within 1% of lower bound: 0.0000e+00 < 1.4438e-02 < 2.3000e+00
  F_rate[134] is within 1% of lower bound: 0.0000e+00 < 1.3525e-02 < 2.3000e+00


 - final statistics:
368 variables; iteration 464; function evaluation 569
Function value 3.4110e+03; maximum gradient component mag 7.6099e-03
Exit code = 1;  converg criter 1.0000e-04
Var    Value     Gradient |Var    Value     Gradient |Var    Value     Gradient
  1 -0.01997  7.60986e-03 |  2  0.07157  1.39533e-05 |  3  0.15597  1.77236e-05
  4 -0.01926  6.17744e-06 |  5 -0.06792  1.11910e-05 |  6  0.05839  4.09746e-05
  7  0.03370  3.09847e-05 |  8 -0.01717  1.52945e-05 |  9  0.03287  1.45408e-05
 10  0.01319 -5.01875e-05 | 11  0.21706  3.52813e-05 | 12 -0.11562 -6.35797e-05
 13 -0.02960 -8.25385e-05 | 14 -0.14954 -7.51981e-05 | 15 -0.17330 -6.78466e-05
 16  0.23976  1.83057e-04 | 17  0.01447 -2.48145e-05 | 18 -0.09209 -3.39488e-05
 19 -0.03252 -3.49491e-05 | 20  0.00306  1.71161e-05 | 21 -0.08067 -2.89686e-05
 22  0.04883  7.57492e-05 | 23 -0.10745 -3.50114e-05 | 24 -0.02440  1.35091e-06
 25  0.01923  4.42242e-05 | 26  0.03393  5.19647e-05 | 27 -0.10248 -3.60913e-05
 28  0.02320  5.97196e-05 | 29  0.06620  9.79016e-05 | 30 -0.06575 -2.21802e-05
 31 -0.17501 -4.13811e-05 | 32  0.04114  7.14622e-05 | 33  0.06013  2.90486e-05
 34  0.07025  8.27502e-05 | 35  0.05791  4.38988e-05 | 36 -0.03303 -4.71526e-06
 37 -0.00868 -7.87054e-06 | 38  0.06603  4.12914e-05 | 39 -0.06130 -2.65885e-05
 40  0.21996  1.86904e-04 | 41  0.02709 -1.10580e-05 | 42  0.08246  2.98526e-05
 43 -0.07036 -3.04010e-05 | 44  0.17898  1.94517e-04 | 45 -0.03525 -9.59296e-06
 46 -0.02637 -6.86907e-06 | 47 -0.01165  7.17146e-06 | 48 -0.08641 -3.00904e-05
 49  0.11831  1.50513e-04 | 50  0.02024  3.41004e-05 | 51  0.00728  2.62018e-05
 52  0.01786  3.40172e-05 | 53 -0.04256 -6.57477e-06 | 54  0.07399  1.07637e-04
 55 -0.00352  3.25558e-05 | 56 -0.05969 -5.95611e-06 | 57 -0.06825 -1.72569e-05
 58  0.07137  7.34951e-05 | 59 -0.04902 -4.74735e-06 | 60  0.00852  2.35225e-05
 61 -0.01252 -2.78786e-05 | 62  0.05234 -1.84517e-05 | 63  0.08527  1.94269e-05
 64 -0.07625 -4.53658e-05 | 65 -0.02734 -5.66455e-05 | 66  0.02919 -6.78155e-05
 67 -0.00392 -5.99827e-05 | 68 -0.05428 -6.72478e-05 | 69  0.01907 -8.54575e-05
 70 -0.00319 -8.30610e-05 | 71  0.13799 -7.26225e-05 | 72 -0.07853 -6.58341e-05
 73 -0.04318 -7.44102e-05 | 74 -0.05290 -8.52323e-05 | 75  0.00262 -7.08377e-05
 76 -0.07161 -7.72576e-05 | 77  0.01156 -7.42160e-05 | 78 -0.52112 -2.47015e-05
 79 -0.85185 -9.08672e-06 | 80 -0.86269 -1.19213e-05 | 81 -0.80900 -7.64060e-06
 82 -0.74607 -2.24819e-05 | 83 -0.65181 -5.52188e-06 | 84 -0.83480 -1.92585e-06
 85 -0.87063 -7.31511e-06 | 86 -0.78274 -1.61569e-05 | 87 -0.71716 -2.35687e-05
 88 -0.66630 -3.36673e-05 | 89 -0.65964 -2.49006e-05 | 90 -0.70703 -1.02941e-05
 91 -0.70352 -1.59127e-05 | 92 -0.66936 -1.65865e-05 | 93 -0.69545 -1.54703e-05
 94 -0.73881 -2.36176e-05 | 95 -0.71654 -1.94816e-05 | 96 -0.70900 -1.80026e-05
 97 -0.74122 -9.41700e-06 | 98 -0.74231 -2.88705e-05 | 99 -0.65675 -2.53151e-05
100 -0.68165 -1.15918e-05 |101 -0.75719 -9.99828e-06 |102 -0.74058 -1.78681e-05
103 -0.72872 -2.12131e-05 |104 -0.70556 -2.04685e-05 |105 -0.67449 -2.91842e-05
106 -0.72943 -2.57448e-05 |107 -0.75646 -7.58111e-06 |108 -0.76405 -1.90756e-05
109 -0.82699 -2.62368e-05 |110 -0.75366 -3.04458e-05 |111 -0.74369 -2.56968e-05
112 -0.74836 -2.58425e-05 |113 -0.77338 -3.21698e-05 |114 -0.71113 -4.25519e-05
115 -0.66203 -3.16632e-05 |116 -0.66634 -2.41825e-05 |117 -0.74784 -1.66414e-05
118 -0.75318 -3.42581e-05 |119 -0.71024 -3.62450e-05 |120 -0.67985 -3.97119e-05
121 -0.70136 -1.57651e-05 |122 -0.67343 -1.94951e-05 |123 -0.80753 -1.26775e-05
124 -0.70032 -2.32292e-05 |125 -0.74829 -1.49024e-05 |126 -0.76683 -5.55860e-06
127 -0.81920 -1.19899e-05 |128 -0.84861 -9.28641e-06 |129 -0.82681 -2.15850e-07
130 -0.72825 -2.04714e-05 |131 -0.81479 -6.77406e-06 |132 -0.79616 -5.30965e-06
133 -0.77468 -1.28202e-05 |134 -0.78394  2.61851e-06 |135 -0.80400 -3.66890e-06
136 -0.80906 -2.02119e-06 |137 -0.78701 -8.64526e-06 |138 -0.80011  5.35488e-07
139 -0.79501 -3.03416e-07 |140 -0.84951  9.47479e-06 |141 -0.84926  9.44342e-06
142 -0.86712  6.23348e-07 |143 -0.89902  1.10849e-06 |144 -0.90227  6.75768e-07
145  0.76746 -1.29173e-04 |146  0.27255 -5.12473e-04 |147  0.19994 -4.36395e-04
148  0.08878  5.63920e-05 |149 -0.16831  1.39106e-04 |150 -0.20551  2.14828e-04
151 -0.17335  2.38364e-04 |152  0.00070  9.07594e-05 |153  0.16852  6.27395e-05
154 -0.02571  5.60809e-05 |155  0.17438  3.89363e-05 |156 -0.08638  2.46372e-06
157  0.41896 -1.38360e-06 |158 -0.05240  1.38948e-04 |159 -0.34501 -1.37395e-03
160 -0.20710 -3.90570e-04 |161 -0.23125 -9.71373e-05 |162 -0.30669 -3.14387e-05
163  0.05825  2.46312e-05 |164 -0.16620  7.49218e-06 |165  0.00039 -1.50595e-03
166 -0.00025 -1.52184e-03 |167 -0.00064 -1.52725e-03 |168 -0.00597 -1.51806e-03
169 -0.00627 -1.51473e-03 |170 -0.00662 -1.52126e-03 |171 -0.00699 -1.52102e-03
172 -0.00773 -1.52100e-03 |173  0.00906 -1.50790e-03 |174 -0.00296 -1.50722e-03
175 -0.00672 -1.49877e-03 |176 -0.02021 -1.50565e-03 |177  0.00199 -1.48131e-03
178 -0.01046 -1.47531e-03 |179  0.00761 -1.43091e-03 |180  0.00586 -1.41458e-03
181 -0.00362 -1.40620e-03 |182  0.01634 -1.37133e-03 |183 -0.01563 -1.36380e-03
184 -0.01485 -1.36225e-03 |185  0.00946 -1.31678e-03 |186  0.02026 -1.25230e-03
187 -0.00428 -1.25058e-03 |188 -0.02113 -1.26424e-03 |189  0.02080 -1.22486e-03
190 -0.02383 -1.22704e-03 |191  0.02573 -1.17364e-03 |192  0.00150 -1.14473e-03
193  0.00250 -1.13877e-03 |194 -0.00922 -1.14402e-03 |195  0.01272 -1.14507e-03
196  0.02229 -1.15171e-03 |197 -0.02551 -1.12399e-03 |198 -0.02102 -1.12423e-03
199  0.00618 -1.11474e-03 |200  0.00409 -1.12187e-03 |201  0.00309 -1.10484e-03
202 -0.02209 -1.10405e-03 |203 -0.01144 -1.09155e-03 |204  0.02799 -1.01682e-03
205 -0.00955 -1.00709e-03 |206  0.01832 -9.73587e-04 |207 -0.00819 -9.67292e-04
208 -0.01852 -9.50552e-04 |209  0.00802 -9.20240e-04 |210  0.00416 -9.05731e-04
211 -0.00331 -8.72606e-04 |212  0.00520 -8.48659e-04 |213 -0.01846 -8.44921e-04
214 -0.00155 -8.16754e-04 |215  0.02281 -6.54580e-04 |216 -0.02919 -6.44893e-04
217  0.01009 -5.74162e-04 |218  0.02309 -5.42303e-04 |219  0.02194 -5.40461e-04
220 -0.00257 -5.54085e-04 |221 -0.00637 -5.48032e-04 |222 -0.01972 -5.22129e-04
223  0.00269 -5.04244e-04 |224 -0.00202 -4.76357e-04 |225  0.00205 -4.56429e-04
226 -0.00407 -4.20772e-04 |227  0.00491 -3.91695e-04 |228 -0.00689 -1.95260e-04
229 -0.01090 -1.79144e-04 |230  0.00215 -1.55117e-04 |231 -0.01198 -1.28856e-04
232  0.01421 -1.13539e-05 |233  0.00003 -2.37433e-03 |234  0.00259 -2.40645e-03
235 -0.01019 -2.46222e-03 |236  0.00878 -2.49783e-03 |237  0.00696 -2.55082e-03
238 -0.02531 -2.54740e-03 |239  0.01882 -2.56923e-03 |240  0.00035 -2.56574e-03
241 -0.02907 -2.54851e-03 |242  0.01898 -2.53443e-03 |243 -0.00292 -2.49617e-03
244 -0.00117 -2.48797e-03 |245 -0.00100 -2.43740e-03 |246  0.00848 -2.37840e-03
247 -0.01044 -2.31614e-03 |248  0.00466 -2.25388e-03 |249  0.00236 -2.24651e-03
250  0.00191 -2.18525e-03 |251 -0.00689 -2.14033e-03 |252  0.01019 -2.11332e-03
253 -0.00991 -2.06684e-03 |254  0.00374 -2.00424e-03 |255 -0.00011 -1.97125e-03
256  0.01010 -1.95797e-03 |257 -0.02476 -1.91462e-03 |258  0.01700 -1.87971e-03
259 -0.00794 -1.80737e-03 |260  0.00388 -1.76793e-03 |261 -0.00056 -1.74545e-03
262  0.00655 -1.73691e-03 |263 -0.00800 -1.76414e-03 |264 -0.00003 -1.76296e-03
265  0.01206 -1.76701e-03 |266 -0.00485 -1.74668e-03 |267 -0.00357 -1.77280e-03
268  0.00219 -1.76593e-03 |269 -0.00079 -1.73696e-03 |270  0.00221 -1.70645e-03
271 -0.01815 -1.68322e-03 |272  0.01000 -1.57549e-03 |273  0.00850 -1.56073e-03
274 -0.00855 -1.54409e-03 |275  0.00808 -1.49820e-03 |276 -0.00468 -1.43849e-03
277 -0.00476 -1.36363e-03 |278  0.00629 -1.32507e-03 |279 -0.00523 -1.27714e-03
280  0.00368 -1.23615e-03 |281  0.00155 -1.21085e-03 |282 -0.00494 -1.15438e-03
283 -0.00697 -9.90595e-04 |284  0.01300 -9.09803e-04 |285 -0.00966 -8.53039e-04
286  0.00293 -7.49265e-04 |287  0.01225 -7.14957e-04 |288  0.00561 -7.36458e-04
289 -0.00904 -6.65675e-04 |290 -0.01477 -5.93552e-04 |291  0.01203 -5.27527e-04
292  0.00410 -4.81241e-04 |293 -0.00636 -4.93921e-04 |294 -0.00278 -4.64826e-04
295  0.00443 -3.94955e-04 |296 -0.00478 -1.76695e-04 |297  0.00465 -1.55038e-04
298 -0.01847 -1.40678e-04 |299  0.00809 -1.11319e-04 |300  0.00327 -1.43953e-05
301  0.00002 -1.90157e-03 |302  0.00462 -2.06536e-03 |303 -0.00264 -2.14259e-03
304 -0.00126 -2.20688e-03 |305  0.00358 -2.25765e-03 |306  0.01809 -2.27255e-03
307 -0.01731 -2.28953e-03 |308  0.00582 -2.28574e-03 |309  0.00067 -2.27320e-03
310 -0.02553 -2.23965e-03 |311  0.01237 -2.24031e-03 |312 -0.01020 -2.20935e-03
313 -0.00025 -2.14718e-03 |314 -0.00136 -2.11428e-03 |315  0.00331 -2.06921e-03
316 -0.00246 -2.01736e-03 |317  0.00179 -2.01417e-03 |318  0.00039 -1.97080e-03
319  0.00393 -1.96959e-03 |320 -0.00023 -1.96637e-03 |321 -0.00191 -1.95485e-03
322  0.00044 -1.88776e-03 |323  0.00149 -1.87857e-03 |324  0.00231 -1.85559e-03
325  0.00605 -1.82489e-03 |326 -0.01434 -1.82267e-03 |327  0.00745 -1.79622e-03
328 -0.00230 -1.78003e-03 |329  0.00003 -1.75986e-03 |330  0.00404 -1.76818e-03
331 -0.00276 -1.82740e-03 |332 -0.00116 -1.84751e-03 |333 -0.00230 -1.89033e-03
334  0.00681 -1.87841e-03 |335  0.00689 -1.86814e-03 |336 -0.00874 -1.86056e-03
337  0.00118 -1.84798e-03 |338  0.00264 -1.80737e-03 |339  0.00801 -1.75362e-03
340 -0.01046 -1.63984e-03 |341 -0.00343 -1.60561e-03 |342 -0.00057 -1.61070e-03
343 -0.00193 -1.58245e-03 |344  0.00620 -1.54107e-03 |345  0.00107 -1.48006e-03
346 -0.00620 -1.43304e-03 |347  0.00352 -1.39200e-03 |348 -0.00441 -1.36023e-03
349  0.00491 -1.30780e-03 |350 -0.00133 -1.24151e-03 |351  0.00048 -1.09289e-03
352 -0.00435 -1.02373e-03 |353  0.00851 -9.75169e-04 |354 -0.00213 -8.77475e-04
355 -0.00508 -7.95901e-04 |356  0.00629 -7.67358e-04 |357  0.00492 -7.13331e-04
358  0.00336 -6.31716e-04 |359 -0.01080 -5.31347e-04 |360  0.00323 -4.57210e-04
361  0.00033 -4.30962e-04 |362  0.00070 -3.77806e-04 |363 -0.00093 -3.29800e-04
364  0.00115 -1.46041e-04 |365 -0.00489 -1.30414e-04 |366  0.01283 -1.29895e-04
367 -0.01852 -8.47425e-05 |368 -0.00627 -1.17150e-06 |
Estimating row 1 out of 368 for hessian
Estimating row 2 out of 368 for hessian
Estimating row 3 out of 368 for hessian
Estimating row 4 out of 368 for hessian
Estimating row 5 out of 368 for hessian
Estimating row 6 out of 368 for hessian
Estimating row 7 out of 368 for hessian
Estimating row 8 out of 368 for hessian
Estimating row 9 out of 368 for hessian
Estimating row 10 out of 368 for hessian
Estimating row 11 out of 368 for hessian
Estimating row 12 out of 368 for hessian
Estimating row 13 out of 368 for hessian
Estimating row 14 out of 368 for hessian
Estimating row 15 out of 368 for hessian
Estimating row 16 out of 368 for hessian
Estimating row 17 out of 368 for hessian
Estimating row 18 out of 368 for hessian
Estimating row 19 out of 368 for hessian
Estimating row 20 out of 368 for hessian
Estimating row 21 out of 368 for hessian
Estimating row 22 out of 368 for hessian
Estimating row 23 out of 368 for hessian
Estimating row 24 out of 368 for hessian
Estimating row 25 out of 368 for hessian
Estimating row 26 out of 368 for hessian
Estimating row 27 out of 368 for hessian
Estimating row 28 out of 368 for hessian
Estimating row 29 out of 368 for hessian
Estimating row 30 out of 368 for hessian
Estimating row 31 out of 368 for hessian
Estimating row 32 out of 368 for hessian
Estimating row 33 out of 368 for hessian
Estimating row 34 out of 368 for hessian
Estimating row 35 out of 368 for hessian
Estimating row 36 out of 368 for hessian
Estimating row 37 out of 368 for hessian
Estimating row 38 out of 368 for hessian
Estimating row 39 out of 368 for hessian
Estimating row 40 out of 368 for hessian
Estimating row 41 out of 368 for hessian
Estimating row 42 out of 368 for hessian
Estimating row 43 out of 368 for hessian
Estimating row 44 out of 368 for hessian
Estimating row 45 out of 368 for hessian
Estimating row 46 out of 368 for hessian
Estimating row 47 out of 368 for hessian
Estimating row 48 out of 368 for hessian
Estimating row 49 out of 368 for hessian
Estimating row 50 out of 368 for hessian
Estimating row 51 out of 368 for hessian
Estimating row 52 out of 368 for hessian
Estimating row 53 out of 368 for hessian
Estimating row 54 out of 368 for hessian
Estimating row 55 out of 368 for hessian
Estimating row 56 out of 368 for hessian
Estimating row 57 out of 368 for hessian
Estimating row 58 out of 368 for hessian
Estimating row 59 out of 368 for hessian
Estimating row 60 out of 368 for hessian
Estimating row 61 out of 368 for hessian
Estimating row 62 out of 368 for hessian
Estimating row 63 out of 368 for hessian
Estimating row 64 out of 368 for hessian
Estimating row 65 out of 368 for hessian
Estimating row 66 out of 368 for hessian
Estimating row 67 out of 368 for hessian
Estimating row 68 out of 368 for hessian
Estimating row 69 out of 368 for hessian
Estimating row 70 out of 368 for hessian
Estimating row 71 out of 368 for hessian
Estimating row 72 out of 368 for hessian
Estimating row 73 out of 368 for hessian
Estimating row 74 out of 368 for hessian
Estimating row 75 out of 368 for hessian
Estimating row 76 out of 368 for hessian
Estimating row 77 out of 368 for hessian
Estimating row 78 out of 368 for hessian
Estimating row 79 out of 368 for hessian
Estimating row 80 out of 368 for hessian
Estimating row 81 out of 368 for hessian
Estimating row 82 out of 368 for hessian
Estimating row 83 out of 368 for hessian
Estimating row 84 out of 368 for hessian
Estimating row 85 out of 368 for hessian
Estimating row 86 out of 368 for hessian
Estimating row 87 out of 368 for hessian
Estimating row 88 out of 368 for hessian
Estimating row 89 out of 368 for hessian
Estimating row 90 out of 368 for hessian
Estimating row 91 out of 368 for hessian
Estimating row 92 out of 368 for hessian
Estimating row 93 out of 368 for hessian
Estimating row 94 out of 368 for hessian
Estimating row 95 out of 368 for hessian
Estimating row 96 out of 368 for hessian
Estimating row 97 out of 368 for hessian
Estimating row 98 out of 368 for hessian
Estimating row 99 out of 368 for hessian
Estimating row 100 out of 368 for hessian
Estimating row 101 out of 368 for hessian
Estimating row 102 out of 368 for hessian
Estimating row 103 out of 368 for hessian
Estimating row 104 out of 368 for hessian
Estimating row 105 out of 368 for hessian
Estimating row 106 out of 368 for hessian
Estimating row 107 out of 368 for hessian
Estimating row 108 out of 368 for hessian
Estimating row 109 out of 368 for hessian
Estimating row 110 out of 368 for hessian
Estimating row 111 out of 368 for hessian
Estimating row 112 out of 368 for hessian
Estimating row 113 out of 368 for hessian
Estimating row 114 out of 368 for hessian
Estimating row 115 out of 368 for hessian
Estimating row 116 out of 368 for hessian
Estimating row 117 out of 368 for hessian
Estimating row 118 out of 368 for hessian
Estimating row 119 out of 368 for hessian
Estimating row 120 out of 368 for hessian
Estimating row 121 out of 368 for hessian
Estimating row 122 out of 368 for hessian
Estimating row 123 out of 368 for hessian
Estimating row 124 out of 368 for hessian
Estimating row 125 out of 368 for hessian
Estimating row 126 out of 368 for hessian
Estimating row 127 out of 368 for hessian
Estimating row 128 out of 368 for hessian
Estimating row 129 out of 368 for hessian
Estimating row 130 out of 368 for hessian
Estimating row 131 out of 368 for hessian
Estimating row 132 out of 368 for hessian
Estimating row 133 out of 368 for hessian
Estimating row 134 out of 368 for hessian
Estimating row 135 out of 368 for hessian
Estimating row 136 out of 368 for hessian
Estimating row 137 out of 368 for hessian
Estimating row 138 out of 368 for hessian
Estimating row 139 out of 368 for hessian
Estimating row 140 out of 368 for hessian
Estimating row 141 out of 368 for hessian
Estimating row 142 out of 368 for hessian
Estimating row 143 out of 368 for hessian
Estimating row 144 out of 368 for hessian
Estimating row 145 out of 368 for hessian
Estimating row 146 out of 368 for hessian
Estimating row 147 out of 368 for hessian
Estimating row 148 out of 368 for hessian
Estimating row 149 out of 368 for hessian
Estimating row 150 out of 368 for hessian
Estimating row 151 out of 368 for hessian
Estimating row 152 out of 368 for hessian
Estimating row 153 out of 368 for hessian
Estimating row 154 out of 368 for hessian
Estimating row 155 out of 368 for hessian
Estimating row 156 out of 368 for hessian
Estimating row 157 out of 368 for hessian
Estimating row 158 out of 368 for hessian
Estimating row 159 out of 368 for hessian
Estimating row 160 out of 368 for hessian
Estimating row 161 out of 368 for hessian
Estimating row 162 out of 368 for hessian
Estimating row 163 out of 368 for hessian
Estimating row 164 out of 368 for hessian
Estimating row 165 out of 368 for hessian
Estimating row 166 out of 368 for hessian
Estimating row 167 out of 368 for hessian
Estimating row 168 out of 368 for hessian
Estimating row 169 out of 368 for hessian
Estimating row 170 out of 368 for hessian
Estimating row 171 out of 368 for hessian
Estimating row 172 out of 368 for hessian
Estimating row 173 out of 368 for hessian
Estimating row 174 out of 368 for hessian
Estimating row 175 out of 368 for hessian
Estimating row 176 out of 368 for hessian
Estimating row 177 out of 368 for hessian
Estimating row 178 out of 368 for hessian
Estimating row 179 out of 368 for hessian
Estimating row 180 out of 368 for hessian
Estimating row 181 out of 368 for hessian
Estimating row 182 out of 368 for hessian
Estimating row 183 out of 368 for hessian
Estimating row 184 out of 368 for hessian
Estimating row 185 out of 368 for hessian
Estimating row 186 out of 368 for hessian
Estimating row 187 out of 368 for hessian
Estimating row 188 out of 368 for hessian
Estimating row 189 out of 368 for hessian
Estimating row 190 out of 368 for hessian
Estimating row 191 out of 368 for hessian
Estimating row 192 out of 368 for hessian
Estimating row 193 out of 368 for hessian
Estimating row 194 out of 368 for hessian
Estimating row 195 out of 368 for hessian
Estimating row 196 out of 368 for hessian
Estimating row 197 out of 368 for hessian
Estimating row 198 out of 368 for hessian
Estimating row 199 out of 368 for hessian
Estimating row 200 out of 368 for hessian
Estimating row 201 out of 368 for hessian
Estimating row 202 out of 368 for hessian
Estimating row 203 out of 368 for hessian
Estimating row 204 out of 368 for hessian
Estimating row 205 out of 368 for hessian
Estimating row 206 out of 368 for hessian
Estimating row 207 out of 368 for hessian
Estimating row 208 out of 368 for hessian
Estimating row 209 out of 368 for hessian
Estimating row 210 out of 368 for hessian
Estimating row 211 out of 368 for hessian
Estimating row 212 out of 368 for hessian
Estimating row 213 out of 368 for hessian
Estimating row 214 out of 368 for hessian
Estimating row 215 out of 368 for hessian
Estimating row 216 out of 368 for hessian
Estimating row 217 out of 368 for hessian
Estimating row 218 out of 368 for hessian
Estimating row 219 out of 368 for hessian
Estimating row 220 out of 368 for hessian
Estimating row 221 out of 368 for hessian
Estimating row 222 out of 368 for hessian
Estimating row 223 out of 368 for hessian
Estimating row 224 out of 368 for hessian
Estimating row 225 out of 368 for hessian
Estimating row 226 out of 368 for hessian
Estimating row 227 out of 368 for hessian
Estimating row 228 out of 368 for hessian
Estimating row 229 out of 368 for hessian
Estimating row 230 out of 368 for hessian
Estimating row 231 out of 368 for hessian
Estimating row 232 out of 368 for hessian
Estimating row 233 out of 368 for hessian
Estimating row 234 out of 368 for hessian
Estimating row 235 out of 368 for hessian
Estimating row 236 out of 368 for hessian
Estimating row 237 out of 368 for hessian
Estimating row 238 out of 368 for hessian
Estimating row 239 out of 368 for hessian
Estimating row 240 out of 368 for hessian
Estimating row 241 out of 368 for hessian
Estimating row 242 out of 368 for hessian
Estimating row 243 out of 368 for hessian
Estimating row 244 out of 368 for hessian
Estimating row 245 out of 368 for hessian
Estimating row 246 out of 368 for hessian
Estimating row 247 out of 368 for hessian
Estimating row 248 out of 368 for hessian
Estimating row 249 out of 368 for hessian
Estimating row 250 out of 368 for hessian
Estimating row 251 out of 368 for hessian
Estimating row 252 out of 368 for hessian
Estimating row 253 out of 368 for hessian
Estimating row 254 out of 368 for hessian
Estimating row 255 out of 368 for hessian
Estimating row 256 out of 368 for hessian
Estimating row 257 out of 368 for hessian
Estimating row 258 out of 368 for hessian
Estimating row 259 out of 368 for hessian
Estimating row 260 out of 368 for hessian
Estimating row 261 out of 368 for hessian
Estimating row 262 out of 368 for hessian
Estimating row 263 out of 368 for hessian
Estimating row 264 out of 368 for hessian
Estimating row 265 out of 368 for hessian
Estimating row 266 out of 368 for hessian
Estimating row 267 out of 368 for hessian
Estimating row 268 out of 368 for hessian
Estimating row 269 out of 368 for hessian
Estimating row 270 out of 368 for hessian
Estimating row 271 out of 368 for hessian
Estimating row 272 out of 368 for hessian
Estimating row 273 out of 368 for hessian
Estimating row 274 out of 368 for hessian
Estimating row 275 out of 368 for hessian
Estimating row 276 out of 368 for hessian
Estimating row 277 out of 368 for hessian
Estimating row 278 out of 368 for hessian
Estimating row 279 out of 368 for hessian
Estimating row 280 out of 368 for hessian
Estimating row 281 out of 368 for hessian
Estimating row 282 out of 368 for hessian
Estimating row 283 out of 368 for hessian
Estimating row 284 out of 368 for hessian
Estimating row 285 out of 368 for hessian
Estimating row 286 out of 368 for hessian
Estimating row 287 out of 368 for hessian
Estimating row 288 out of 368 for hessian
Estimating row 289 out of 368 for hessian
Estimating row 290 out of 368 for hessian
Estimating row 291 out of 368 for hessian
Estimating row 292 out of 368 for hessian
Estimating row 293 out of 368 for hessian
Estimating row 294 out of 368 for hessian
Estimating row 295 out of 368 for hessian
Estimating row 296 out of 368 for hessian
Estimating row 297 out of 368 for hessian
Estimating row 298 out of 368 for hessian
Estimating row 299 out of 368 for hessian
Estimating row 300 out of 368 for hessian
Estimating row 301 out of 368 for hessian
Estimating row 302 out of 368 for hessian
Estimating row 303 out of 368 for hessian
Estimating row 304 out of 368 for hessian
Estimating row 305 out of 368 for hessian
Estimating row 306 out of 368 for hessian
Estimating row 307 out of 368 for hessian
Estimating row 308 out of 368 for hessian
Estimating row 309 out of 368 for hessian
Estimating row 310 out of 368 for hessian
Estimating row 311 out of 368 for hessian
Estimating row 312 out of 368 for hessian
Estimating row 313 out of 368 for hessian
Estimating row 314 out of 368 for hessian
Estimating row 315 out of 368 for hessian
Estimating row 316 out of 368 for hessian
Estimating row 317 out of 368 for hessian
Estimating row 318 out of 368 for hessian
Estimating row 319 out of 368 for hessian
Estimating row 320 out of 368 for hessian
Estimating row 321 out of 368 for hessian
Estimating row 322 out of 368 for hessian
Estimating row 323 out of 368 for hessian
Estimating row 324 out of 368 for hessian
Estimating row 325 out of 368 for hessian
Estimating row 326 out of 368 for hessian
Estimating row 327 out of 368 for hessian
Estimating row 328 out of 368 for hessian
Estimating row 329 out of 368 for hessian
Estimating row 330 out of 368 for hessian
Estimating row 331 out of 368 for hessian
Estimating row 332 out of 368 for hessian
Estimating row 333 out of 368 for hessian
Estimating row 334 out of 368 for hessian
Estimating row 335 out of 368 for hessian
Estimating row 336 out of 368 for hessian
Estimating row 337 out of 368 for hessian
Estimating row 338 out of 368 for hessian
Estimating row 339 out of 368 for hessian
Estimating row 340 out of 368 for hessian
Estimating row 341 out of 368 for hessian
Estimating row 342 out of 368 for hessian
Estimating row 343 out of 368 for hessian
Estimating row 344 out of 368 for hessian
Estimating row 345 out of 368 for hessian
Estimating row 346 out of 368 for hessian
Estimating row 347 out of 368 for hessian
Estimating row 348 out of 368 for hessian
Estimating row 349 out of 368 for hessian
Estimating row 350 out of 368 for hessian
Estimating row 351 out of 368 for hessian
Estimating row 352 out of 368 for hessian
Estimating row 353 out of 368 for hessian
Estimating row 354 out of 368 for hessian
Estimating row 355 out of 368 for hessian
Estimating row 356 out of 368 for hessian
Estimating row 357 out of 368 for hessian
Estimating row 358 out of 368 for hessian
Estimating row 359 out of 368 for hessian
Estimating row 360 out of 368 for hessian
Estimating row 361 out of 368 for hessian
Estimating row 362 out of 368 for hessian
Estimating row 363 out of 368 for hessian
Estimating row 364 out of 368 for hessian
Estimating row 365 out of 368 for hessian
Estimating row 366 out of 368 for hessian
Estimating row 367 out of 368 for hessian
Estimating row 368 out of 368 for hessian
size of file gradfil1.tmp = 0
size of file gradfil2.tmp = 0
size of file varssave.tmp = 0
size of file cmpdiff.tmp = 0
