
Initial statistics: 25 variables; iteration 0; function evaluation 0; phase 1
Function value 2.1769226e+05; maximum gradient component mag 6.0660e+06
Var    Value     Gradient |Var    Value     Gradient |Var    Value     Gradient
  1  0.15626  6.06603e+06 |  2 -0.41094  7.39698e+02 |  3 -0.81158 -2.71864e+03
  4 -0.81158  3.07411e+05 |  5 -0.81158  2.99464e+04 |  6 -0.81158  1.58781e+05
  7 -0.81158  7.33231e+04 |  8 -0.81158  1.35876e+05 |  9 -0.81158  5.02213e+05
 10 -0.81158  2.68783e+05 | 11 -0.81158  2.49449e+04 | 12 -0.81158  1.22994e+05
 13 -0.81158  1.09464e+04 | 14 -0.81158  2.82814e+04 | 15 -0.81158  4.48504e+04
 16 -0.81158  1.00357e+05 | 17 -0.81158  2.34831e+05 | 18 -0.81158  1.49677e+05
 19 -0.81158  1.56423e+05 | 20 -0.81158  1.79511e+05 | 21 -0.81158  4.33804e+05
 22 -0.81158  4.01270e+05 | 23 -0.81158 -4.47959e-06 | 24 -0.81158 -4.47959e-06
 25 -0.81158 -4.47959e-06 |

Intermediate statistics: 25 variables; iteration 20; function evaluation 51; phase 1
Function value 2.3932568e+04; maximum gradient component mag -2.5973e+06
Var    Value     Gradient |Var    Value     Gradient |Var    Value     Gradient
  1 -0.01496 -2.59733e+06 |  2 -16.27300  4.26152e+03 |  3 -0.31542  1.38435e+04
  4  3.27461  6.74343e+03 |  5 -1.44798 -1.06381e+04 |  6  2.51399 -1.15325e+04
  7 -1.35111 -8.65994e+03 |  8 -1.01442 -3.62080e+02 |  9  3.71563  1.98660e+04
 10 -4.31506  1.56245e+04 | 11 -1.38813 -8.81433e+03 | 12 -0.27266  1.37244e+04
 13 -1.10871 -2.35377e+03 | 14 -0.68324  5.78694e+03 | 15 -0.96186  6.24450e+02
 16 -1.25530 -3.15051e+03 | 17 -0.51269  4.45219e+03 | 18 -4.04232  4.97270e+03
 19 -4.65246  1.40911e+03 | 20 -4.91303  2.86026e+02 | 21  0.16127  1.27501e+03
 22 -2.75900 -1.66393e+02 | 23 -0.86649  3.30634e+01 | 24 -0.85068  2.70919e+01
 25 -0.83068  1.46347e+01 |
25 variables; iteration 40; function evaluation 74; phase 1
Function value 1.8735332e+04; maximum gradient component mag -7.9576e+04
Var    Value     Gradient |Var    Value     Gradient |Var    Value     Gradient
  1 -0.01888 -7.95761e+04 |  2 -16.68264  1.13246e+02 |  3 -0.70012  1.47129e+02
  4  3.48743  8.33878e+02 |  5 -1.27814 -4.24061e+02 |  6  2.57046 -4.78213e+02
  7 -1.15734 -1.63890e+02 |  8 -0.50963  9.57951e+02 |  9  3.32776  8.53056e+02
 10 -4.61817  8.10833e+02 | 11 -1.48068 -5.56652e+02 | 12 -0.86221  1.81935e+02
 13 -1.33359 -5.23647e+02 | 14 -1.26517 -3.48954e+02 | 15 -1.05506 -4.57845e+01
 16 -0.65983  3.15112e+02 | 17 -0.81102  1.69239e+02 | 18 -4.90621  7.10386e+01
 19 -4.46858  4.86843e+01 | 20 -4.68448  3.07730e+01 | 21 -0.61213  7.15519e+01
 22 -1.16739  5.30083e+01 | 23  7.02774 -3.26082e-05 | 24 -7.86258  7.73655e-05
 25 19.11629 -7.39389e-06 |
25 variables; iteration 60; function evaluation 97; phase 1
Function value 1.8341354e+04; maximum gradient component mag -5.1171e+04
Var    Value     Gradient |Var    Value     Gradient |Var    Value     Gradient
  1 -0.01986 -5.11714e+04 |  2 -16.68178  1.31059e+02 |  3 -1.56226 -1.99260e+02
  4  3.26048  1.45114e+02 |  5 -0.93549  6.01269e+01 |  6  2.71803 -6.11963e+01
  7 -0.75121  1.05065e+02 |  8 -0.85992  7.14321e+01 |  9  3.21362  2.13765e+02
 10 -4.68995  2.91227e+02 | 11 -1.36177 -9.34892e+01 | 12 -0.85021  7.33507e+01
 13 -1.18016 -1.41715e+02 | 14 -1.13183 -7.81033e+01 | 15 -1.00842 -2.09300e+00
 16 -0.75729  9.35575e+01 | 17 -0.89569  4.79575e+01 | 18 -4.93134  3.28001e+01
 19 -4.44949 -5.48473e+00 | 20 -4.66302 -1.73002e+00 | 21 -0.72633 -1.87164e+01
 22 -0.68077 -2.55753e+01 | 23 15.10026 -6.49932e-05 | 24 -15.55223  5.28148e-04
 25 42.75677  3.39933e-06 |
Maximum number of function evaluations exceeded

 - final statistics:
25 variables; iteration 64; function evaluation 100
Function value 1.8333e+04; maximum gradient component mag 4.2611e+04
Exit code = 3;  converg criter 1.0000e+01
Var    Value     Gradient |Var    Value     Gradient |Var    Value     Gradient
  1 -0.01977  4.26110e+04 |  2 -16.68618 -5.86136e+01 |  3 -1.62201 -3.28880e+01
  4  3.23622  3.81375e+01 |  5 -0.89226  6.42992e+01 |  6  2.73318  2.33118e+01
  7 -0.73948  4.29283e+01 |  8 -0.84738  4.03139e+01 |  9  3.19557  1.34300e+02
 10 -4.71333  1.86512e+02 | 11 -1.35200 -2.08007e+01 | 12 -0.84299  4.83116e+01
 13 -1.13327 -8.07990e+01 | 14 -1.09950 -4.30005e+01 | 15 -1.00329 -4.13231e-01
 16 -0.75900  7.08836e+01 | 17 -0.92685  2.63651e+01 | 18 -4.96763  1.31481e+01
 19 -4.42854  2.27697e+01 | 20 -4.58871  2.67336e+01 | 21 -0.74295 -2.30612e+01
 22 -0.64033  4.89259e+00 | 23 15.97918 -8.68902e-05 | 24 -16.47383 -1.23720e-04
 25 45.48123 -2.73173e-04 |

Initial statistics: 33 variables; iteration 0; function evaluation 0; phase 2
Function value 1.8332993e+04; maximum gradient component mag 4.2611e+04
Var    Value     Gradient |Var    Value     Gradient |Var    Value     Gradient
  1 -0.01977  4.26110e+04 |  2  0.00000 -3.05306e+01 |  3  0.00000 -8.24303e+01
  4  0.00000 -1.77960e+01 |  5  0.00000  7.77681e+00 |  6  0.00000 -1.88815e+02
  7  0.00000 -1.82229e+02 |  8  0.00000  1.18579e+02 |  9  0.00000  1.48687e+02
 10 -0.68618 -5.86136e+01 | 11 -0.37799  3.28880e+01 | 12 -0.76378  3.81375e+01
 13 -0.89226  6.42992e+01 | 14 -0.73318 -2.33118e+01 | 15 -0.73948  4.29283e+01
 16 -0.84738  4.03139e+01 | 17 -0.80443  1.34300e+02 | 18 -0.71333  1.86512e+02
 19 -0.64800  2.08007e+01 | 20 -0.84299  4.83116e+01 | 21 -0.86673  8.07990e+01
 22 -0.90050  4.30005e+01 | 23 -0.99671  4.13231e-01 | 24 -0.75900  7.08836e+01
 25 -0.92685  2.63651e+01 | 26 -0.96763  1.31481e+01 | 27 -0.42854  2.27697e+01
 28 -0.58871  2.67336e+01 | 29 -0.74295 -2.30612e+01 | 30 -0.64033  4.89259e+00
 31 -0.02082 -8.68902e-05 | 32 -0.47383 -1.23720e-04 | 33  0.51877  2.73173e-04

Intermediate statistics: 33 variables; iteration 20; function evaluation 34; phase 2
Function value 1.8237540e+04; maximum gradient component mag -4.6622e+04
Var    Value     Gradient |Var    Value     Gradient |Var    Value     Gradient
  1 -0.02059 -4.66220e+04 |  2  0.06788 -3.34225e+01 |  3  0.15685 -1.09465e+02
  4 -0.02202 -4.84097e+01 |  5 -0.18396 -4.61792e+01 |  6  0.15827 -7.88856e+01
  7  0.05529 -1.60439e+02 |  8 -0.05267 -1.23296e+02 |  9  0.02977 -4.43854e+01
 10 -0.63520  1.02699e+02 | 11 -0.38599  2.16418e+02 | 12 -0.92704  2.80383e+01
 13 -1.07014 -6.38182e+01 | 14 -0.67544  6.47315e+01 | 15 -1.04840 -1.13201e+01
 16 -0.89577  4.18965e+01 | 17 -0.86224  8.71392e+01 | 18 -0.88243  4.37766e+01
 19 -0.62307  5.34952e+01 | 20 -0.91582  2.99496e+01 | 21 -1.01542 -1.00892e+01
 22 -0.96284  1.78953e+01 | 23 -1.04650 -8.16160e+00 | 24 -0.86830  3.38744e+01
 25 -0.96391  1.40780e+01 | 26 -0.99232  3.47548e+00 | 27 -0.40879  4.75990e+01
 28 -0.62211  2.37976e+01 | 29 -0.67976  8.64185e+00 | 30 -0.65458 -9.33373e+00
 31 -0.02076 -7.87691e-05 | 32 -0.47375 -1.10491e-04 | 33  0.51858  2.39989e-04
33 variables; iteration 40; function evaluation 62; phase 2
Function value 1.8213046e+04; maximum gradient component mag -2.8979e+04
Var    Value     Gradient |Var    Value     Gradient |Var    Value     Gradient
  1 -0.02102 -2.89787e+04 |  2  0.03772 -7.63459e+00 |  3  0.22484 -3.85779e+00
  4 -0.04166 -1.99003e+01 |  5 -0.08724 -2.78309e+01 |  6  0.13387 -5.84454e+01
  7  0.08627 -5.55810e+01 |  8 -0.00501 -2.79761e+01 |  9  0.01200 -5.93854e+01
 10 -0.64090  2.43500e+01 | 11 -0.48988  7.81452e+01 | 12 -0.88444  2.97838e+01
 13 -0.99477  4.12711e+00 | 14 -0.69120  1.80275e+01 | 15 -0.92719  8.91921e+00
 16 -0.92673  2.04082e+01 | 17 -0.98242  6.31192e+00 | 18 -0.96701  6.88777e+00
 19 -0.65891  1.08633e+01 | 20 -0.97623  6.29022e+00 | 21 -0.99986  7.68726e-02
 22 -0.98768  5.24749e+00 | 23 -1.00492 -6.04200e-01 | 24 -0.95428  8.48416e+00
 25 -0.98136  6.68964e+00 | 26 -1.00002  2.50608e-02 | 27 -0.42867  5.53984e+00
 28 -0.65702  1.38902e+00 | 29 -0.68450  1.08637e+00 | 30 -0.63756  2.06737e+00
 31 -0.01965 -7.76521e-05 | 32 -0.47217 -1.09173e-04 | 33  0.51515  2.38037e-04
33 variables; iteration 60; function evaluation 82; phase 2
Function value 1.8209431e+04; maximum gradient component mag -3.7968e+04
Var    Value     Gradient |Var    Value     Gradient |Var    Value     Gradient
  1 -0.02104 -3.79678e+04 |  2  0.08030 -1.84237e+01 |  3  0.17567 -5.79504e+01
  4  0.01635 -1.76721e+01 |  5 -0.03309 -1.71796e+01 |  6  0.12182 -8.85343e+01
  7  0.09328 -7.37083e+01 |  8 -0.01548 -5.43348e+01 |  9  0.01360 -7.57920e+01
 10 -0.63930  5.75208e+01 | 11 -0.51503  7.42374e+01 | 12 -0.94980  1.22302e+01
 13 -1.00072 -5.80826e-01 | 14 -0.66712  3.36665e+01 | 15 -0.96544  4.54335e+00
 16 -0.98686  3.66633e+00 | 17 -0.99545  1.68223e+00 | 18 -0.99092  1.98320e+00
 19 -0.64497  1.96213e+01 | 20 -0.99240  2.12490e+00 | 21 -0.99747  1.52146e+00
 22 -1.00004  7.31785e-04 | 23 -0.99813  2.46865e-01 | 24 -0.99139  1.62964e+00
 25 -1.00303 -1.10635e+00 | 26 -0.99923  3.34784e-01 | 27 -0.43121  3.15792e+00
 28 -0.65527  2.46009e+00 | 29 -0.68441  1.55296e+00 | 30 -0.64007 -1.84820e-01
 31  0.01522 -3.06738e-05 | 32 -0.42262 -4.96120e-05 | 33  0.40531  1.29449e-04
Maximum number of function evaluations exceeded

 - final statistics:
33 variables; iteration 79; function evaluation 100
Function value 1.8209e+04; maximum gradient component mag 3.7733e+02
Exit code = 3;  converg criter 1.0000e+01
Var    Value     Gradient |Var    Value     Gradient |Var    Value     Gradient
  1 -0.02106  3.77326e+02 |  2  0.06804  2.00948e-01 |  3  0.18582  6.11050e-01
  4  0.00393  1.47373e-01 |  5 -0.03678  3.82495e-01 |  6  0.12656  2.49923e-01
  7  0.08843  1.52005e+00 |  8 -0.01040  3.01807e-01 |  9  0.01480  5.93227e-02
 10 -0.64017 -4.53739e-01 | 11 -0.52142 -3.10069e-01 | 12 -1.00230 -1.95008e-01
 13 -1.00030 -1.99418e-01 | 14 -0.66580 -1.96659e-01 | 15 -1.00434 -1.36799e-01
 16 -0.99967  5.94007e-02 | 17 -0.99957  1.23646e-01 | 18 -0.99948  7.69492e-02
 19 -0.64725 -1.16474e-01 | 20 -0.99963  8.21470e-02 | 21 -0.99993  2.42605e-02
 22 -1.00033 -1.27750e-01 | 23 -1.00009 -3.99710e-04 | 24 -0.99955  7.09920e-02
 25 -0.99997 -2.05381e-02 | 26 -1.00003  1.26070e-02 | 27 -0.43126 -5.08253e-03
 28 -0.65541 -1.78084e-02 | 29 -0.68477  5.67792e-03 | 30 -0.64012 -2.04373e-02
 31  0.03798 -1.21204e-05 | 32 -0.38845 -2.52615e-05 | 33  0.32388  7.40289e-05

Initial statistics: 98 variables; iteration 0; function evaluation 0; phase 3
Function value 1.8209063e+04; maximum gradient component mag -8.4360e+03
Var    Value     Gradient |Var    Value     Gradient |Var    Value     Gradient
  1 -0.02106  3.77326e+02 |  2  0.06804  2.00948e-01 |  3  0.18582  6.11050e-01
  4  0.00393  1.47373e-01 |  5 -0.03678  3.82495e-01 |  6  0.12656  2.49923e-01
  7  0.08843  1.52005e+00 |  8 -0.01040  3.01807e-01 |  9  0.01480  5.93227e-02
 10  0.00000  2.86777e+02 | 11  0.00000 -4.78363e+02 | 12  0.00000  6.07948e+02
 13  0.00000  7.98322e+02 | 14  0.00000  1.09791e+03 | 15  0.00000  1.01203e+03
 16  0.00000 -8.33240e+02 | 17  0.00000  5.59853e+02 | 18  0.00000  1.10506e+03
 19  0.00000  1.02583e+03 | 20  0.00000  9.44587e+02 | 21  0.00000  1.28012e+03
 22  0.00000  6.69879e+02 | 23  0.00000  1.34759e+03 | 24  0.00000  1.18081e+03
 25  0.00000  1.01465e+03 | 26  0.00000  1.03208e+03 | 27  0.00000  1.64955e+03
 28  0.00000  1.16154e+03 | 29  0.00000  1.04095e+03 | 30  0.00000  1.84370e+03
 31  0.00000  2.21884e+03 | 32  0.00000  1.39719e+03 | 33  0.00000  1.68172e+03
 34  0.00000  1.75559e+03 | 35  0.00000  1.96408e+03 | 36  0.00000  2.47341e+03
 37  0.00000  2.57124e+03 | 38  0.00000  2.51368e+03 | 39  0.00000  3.09686e+03
 40  0.00000  1.56652e+03 | 41  0.00000  2.46108e+03 | 42  0.00000  2.15475e+03
 43  0.00000  3.13132e+03 | 44  0.00000 -4.54874e+03 | 45  0.00000  1.31804e+03
 46  0.00000  1.04439e+03 | 47  0.00000  1.05180e+03 | 48  0.00000  2.29382e+03
 49  0.00000 -4.98654e+03 | 50  0.00000 -6.96838e+02 | 51  0.00000 -8.04525e+02
 52  0.00000 -1.18165e+03 | 53  0.00000  1.37495e+03 | 54  0.00000 -4.54445e+03
 55  0.00000 -3.06823e+03 | 56  0.00000  1.63086e+03 | 57  0.00000  1.61884e+03
 58  0.00000 -7.64694e+03 | 59  0.00000 -1.12020e+03 | 60  0.00000 -1.75973e+03
 61  0.00000 -3.89564e+02 | 62  0.00000 -4.16411e+03 | 63  0.00000 -6.20178e+03
 64  0.00000  8.11024e+02 | 65  0.00000 -9.19798e+02 | 66  0.00000 -3.58644e+03
 67  0.00000 -3.70945e+03 | 68  0.00000 -1.59363e+03 | 69  0.00000  3.02704e+01
 70  0.00000 -5.70402e+02 | 71  0.00000 -8.43600e+03 | 72  0.00000  1.32020e+03
 73  0.00000  4.85960e+02 | 74  0.00000 -3.85001e+02 | 75 -0.64017 -4.53739e-01
 76 -0.52142 -3.10069e-01 | 77 -0.99770  1.95008e-01 | 78 -0.99970  1.99418e-01
 79 -0.66580 -1.96659e-01 | 80 -0.99566  1.36799e-01 | 81 -0.99967  5.94007e-02
 82 -0.99957  1.23646e-01 | 83 -0.99948  7.69492e-02 | 84 -0.64725 -1.16474e-01
 85 -0.99963  8.21470e-02 | 86 -0.99993  2.42605e-02 | 87 -0.99967  1.27750e-01
 88 -0.99991  3.99710e-04 | 89 -0.99955  7.09920e-02 | 90 -0.99997 -2.05381e-02
 91 -0.99997 -1.26069e-02 | 92 -0.43126 -5.08253e-03 | 93 -0.65541 -1.78084e-02
 94 -0.68477  5.67792e-03 | 95 -0.64012 -2.04373e-02 | 96  0.03798 -1.21204e-05
 97 -0.38845 -2.52615e-05 | 98  0.32388  7.40289e-05 |

Intermediate statistics: 98 variables; iteration 20; function evaluation 43; phase 3
Function value 1.6067957e+04; maximum gradient component mag -1.0988e+05
Var    Value     Gradient |Var    Value     Gradient |Var    Value     Gradient
  1 -0.02083 -1.09876e+05 |  2  0.11139  3.52568e+00 |  3  0.24564  1.66981e+01
  4  0.04911  1.05876e+01 |  5  0.00641  3.65841e+00 |  6  0.16625 -3.79026e+01
  7  0.12715 -4.03129e+01 |  8  0.04384 -3.71120e+00 |  9  0.05701 -6.06619e+01
 10  0.01139  1.43607e+03 | 11  0.12904  8.10649e+02 | 12 -0.02888  1.63387e+03
 13 -0.01770  1.66179e+03 | 14 -0.03078  1.83339e+03 | 15 -0.03256  1.80708e+03
 16  0.11605  2.31775e+02 | 17  0.00476  1.44915e+03 | 18 -0.01144  1.71343e+03
 19 -0.00553  1.55129e+03 | 20  0.00613  1.37619e+03 | 21 -0.02117  1.58982e+03
 22  0.00605  1.00251e+03 | 23 -0.03629  1.54116e+03 | 24 -0.02246  1.29605e+03
 25 -0.02199  1.09033e+03 | 26 -0.02108  1.00656e+03 | 27 -0.04321  1.47921e+03
 28 -0.02338  9.02382e+02 | 29 -0.02481  6.33925e+02 | 30 -0.04041  1.27606e+03
 31 -0.04633  1.54660e+03 | 32 -0.02798  6.01624e+02 | 33 -0.02978  7.68613e+02
 34 -0.02511  6.50391e+02 | 35 -0.02417  6.67327e+02 | 36 -0.02589  1.04942e+03
 37 -0.01596  1.04696e+03 | 38 -0.00681  8.29141e+02 | 39 -0.00046  1.42201e+03
 40  0.01438 -2.48189e+02 | 41  0.01386  4.17450e+02 | 42  0.02943  7.93400e+02
 43  0.03000  1.98731e+03 | 44  0.01109 -5.96823e+03 | 45  0.03830  5.04471e+02
 46  0.01851  2.03466e+02 | 47  0.01025  6.96536e+01 | 48 -0.00891  1.44080e+03
 49  0.03782 -5.02557e+03 | 50  0.01378 -1.12062e+03 | 51  0.00271 -1.10640e+03
 52 -0.00393 -2.23634e+03 | 53 -0.03261 -9.86940e+02 | 54  0.03157 -5.30271e+03
 55 -0.01924 -3.67232e+03 | 56 -0.02429 -9.08226e+02 | 57 -0.06428 -1.12346e+03
 58  0.05050 -6.29477e+03 | 59 -0.00829 -9.61996e+02 | 60  0.01153 -2.04209e+03
 61 -0.03102 -1.58740e+03 | 62  0.02359 -2.67415e+03 | 63  0.05009 -2.76986e+03
 64 -0.04421  1.82746e+02 | 65 -0.01926 -9.79625e+02 | 66  0.02127 -1.07441e+03
 67  0.03759 -1.72393e+02 | 68  0.00324  1.15397e+03 | 69 -0.01996 -1.26716e+03
 70 -0.01062 -3.79746e+02 | 71  0.14843  1.71052e+03 | 72 -0.03604  9.91320e+02
 73  0.00895  9.10273e+02 | 74  0.01562  1.33283e+03 | 75 -0.68273 -7.55283e+01
 76 -0.24147  7.79600e+02 | 77 -0.99474  4.78836e+00 | 78 -0.99948  7.11628e-01
 79 -0.46188  5.82774e+02 | 80 -0.99174  6.94129e+00 | 81 -0.99933  4.51298e-01
 82 -0.99886  6.59804e-01 | 83 -0.99878  6.74831e-01 | 84 -0.35367  3.69470e+02
 85 -0.99909  3.47295e-01 | 86 -0.99983  6.28030e-02 | 87 -0.99932  2.61782e-01
 88 -0.99979  4.59073e-02 | 89 -0.99903  2.35591e-01 | 90 -0.99990 -2.25170e-02
 91 -0.99989 -3.31176e-02 | 92 -0.53070  1.05442e+02 | 93 -0.45263  7.60082e+01
 94 -0.56284  2.12215e+01 | 95 -0.79690 -1.07357e+02 | 96  0.03798  1.06992e-05
 97 -0.38845 -7.79227e-05 | 98  0.32388  2.96151e-04 |
98 variables; iteration 40; function evaluation 66; phase 3
Function value 1.6030346e+04; maximum gradient component mag 2.4723e+05
Var    Value     Gradient |Var    Value     Gradient |Var    Value     Gradient
  1 -0.02080  2.47235e+05 |  2  0.15503  2.08906e+02 |  3  0.24244  5.03425e+02
  4  0.05751  1.84265e+02 |  5  0.01349  1.70399e+02 |  6  0.17639  7.07924e+02
  7  0.12936  6.35099e+02 |  8  0.03469  4.00753e+02 |  9  0.06420  5.72933e+02
 10 -0.00924 -1.98776e+03 | 11  0.13789 -1.30583e+03 | 12 -0.05538 -1.79845e+03
 13 -0.01013 -1.40554e+03 | 14 -0.02904 -1.24118e+03 | 15 -0.02097 -1.07423e+03
 16  0.12303 -2.13087e+02 | 17 -0.00730 -1.01307e+03 | 18 -0.01637 -5.93354e+02
 19 -0.00043 -2.00451e+02 | 20  0.01372  2.65019e+02 | 21 -0.01267  2.33260e+02
 22  0.01027  4.42470e+02 | 23 -0.02825  3.50430e+02 | 24 -0.01591  7.58116e+02
 25 -0.02028  8.08234e+02 | 26 -0.02142  1.09874e+03 | 27 -0.04089  1.36747e+03
 28 -0.02646  1.71403e+03 | 29 -0.02593  2.10034e+03 | 30 -0.04650  2.39058e+03
 31 -0.05263  2.69717e+03 | 32 -0.03138  2.99469e+03 | 33 -0.03295  3.32255e+03
 34 -0.02772  3.86053e+03 | 35 -0.02734  4.23633e+03 | 36 -0.02861  4.66963e+03
 37 -0.01909  4.76542e+03 | 38 -0.00475  5.28081e+03 | 39  0.00331  5.84162e+03
 40  0.01491  4.55640e+03 | 41  0.01553  5.25531e+03 | 42  0.03142  7.04530e+03
 43  0.03137  7.93249e+03 | 44  0.01394 -1.49191e+03 | 45  0.03464  5.67386e+03
 46  0.01964  4.91920e+03 | 47  0.01057  3.02537e+03 | 48 -0.00365  2.90712e+03
 49  0.03995 -2.16158e+03 | 50  0.01116  1.46490e+02 | 51 -0.00450 -2.97629e+02
 52 -0.00831 -1.77979e+03 | 53 -0.02640 -8.04767e+02 | 54  0.03037 -3.57426e+03
 55 -0.01399 -3.20632e+03 | 56 -0.02144 -1.74017e+03 | 57 -0.06467 -2.66489e+03
 58  0.05022 -6.00909e+03 | 59 -0.01414 -3.09023e+03 | 60  0.01508 -3.97016e+03
 61 -0.02694 -4.11308e+03 | 62  0.03071 -4.64831e+03 | 63  0.05467 -4.36342e+03
 64 -0.03922 -3.03943e+03 | 65 -0.01875 -4.13778e+03 | 66  0.02236 -3.87699e+03
 67  0.03515 -3.43773e+03 | 68  0.00010 -2.46168e+03 | 69 -0.01878 -4.80153e+03
 70 -0.00481 -3.92528e+03 | 71  0.14871 -1.86315e+03 | 72 -0.03728 -2.76994e+03
 73  0.00217 -3.00581e+03 | 74  0.01404 -2.52642e+03 | 75 -0.66095 -4.65280e+02
 76 -0.23683 -1.20127e+02 | 77 -0.98416 -8.95285e+00 | 78 -0.99951 -7.95516e-02
 79 -0.46483  6.52248e+01 | 80 -0.98378 -1.60997e+00 | 81 -0.99805 -2.07218e-01
 82 -0.99416 -1.60931e+00 | 83 -0.99521 -4.91957e-01 | 84 -0.23731  2.20142e+02
 85 -0.99565 -1.10931e-01 | 86 -0.99920 -3.83395e-02 | 87 -0.99676 -2.37625e-02
 88 -0.99861 -3.90073e-02 | 89 -0.99333  7.72290e-02 | 90 -0.99791 -7.09723e-01
 91 -0.99720 -1.06214e+00 | 92 -0.55546  6.04987e+01 | 93 -0.37489  1.35999e+02
 94 -0.55781  2.77548e+01 | 95 -0.68209 -1.11623e+00 | 96  0.03798  8.63880e-06
 97 -0.38844 -7.59505e-05 | 98  0.32387  2.90249e-04 |
98 variables; iteration 60; function evaluation 89; phase 3
Function value 1.5259577e+04; maximum gradient component mag 9.2580e+05
Var    Value     Gradient |Var    Value     Gradient |Var    Value     Gradient
  1 -0.01679  9.25796e+05 |  2  0.07681  1.55765e+02 |  3  0.34287  1.40037e+03
  4  0.05303  2.66901e+02 |  5  0.01801  2.76383e+02 |  6  0.24438  1.98532e+03
  7  0.16496  1.48368e+03 |  8  0.06007  8.66434e+02 |  9  0.09200  1.31063e+03
 10  0.05000 -8.35612e+03 | 11  0.22322 -3.61365e+03 | 12 -0.05189 -8.70155e+03
 13 -0.03307 -8.37914e+03 | 14 -0.10942 -8.64118e+03 | 15 -0.07665 -8.18782e+03
 16  0.21880  4.33454e+03 | 17  0.02160 -5.76610e+03 | 18 -0.00565 -5.66138e+03
 19  0.00190 -4.60950e+03 | 20  0.04130 -1.32969e+03 | 21 -0.02101 -3.51655e+03
 22  0.02628  2.54685e+02 | 23 -0.02744 -1.80956e+03 | 24 -0.01481  3.96721e+02
 25 -0.03574  1.40477e+02 | 26 -0.04080  1.24764e+03 | 27 -0.06489  1.06332e+03
 28 -0.03057  6.04970e+03 | 29 -0.03794  7.56384e+03 | 30 -0.07942  4.80996e+03
 31 -0.08660  5.48869e+03 | 32 -0.05627  1.05229e+04 | 33 -0.05442  1.22922e+04
 34 -0.07444  1.03718e+04 | 35 -0.06262  1.37165e+04 | 36 -0.06444  1.46672e+04
 37 -0.05256  1.50389e+04 | 38 -0.04091  1.48118e+04 | 39 -0.01636  1.73673e+04
 40  0.02616  2.21658e+04 | 41 -0.00484  1.46056e+04 | 42  0.03227  2.05079e+04
 43  0.01432  1.74724e+04 | 44  0.05484  1.60258e+04 | 45 -0.00343  8.79100e+03
 46  0.00947  1.12570e+04 | 47 -0.01125  5.80328e+03 | 48  0.00050  4.01779e+03
 49  0.04329 -4.59017e+02 | 50  0.02257 -4.13491e+02 | 51 -0.00556 -2.24400e+03
 52  0.02050 -2.37068e+03 | 53 -0.02222 -3.37238e+03 | 54  0.04764 -3.53817e+03
 55 -0.04632 -7.57680e+03 | 56 -0.00802 -5.07734e+03 | 57 -0.07019 -7.33888e+03
 58  0.06540 -8.39234e+03 | 59  0.00569 -8.10451e+03 | 60  0.04311 -8.50225e+03
 61 -0.01893 -9.68130e+03 | 62  0.03905 -9.59393e+03 | 63  0.05263 -9.33930e+03
 64 -0.04375 -9.83473e+03 | 65 -0.02552 -1.08553e+04 | 66  0.00967 -9.40719e+03
 67  0.01798 -1.06437e+04 | 68 -0.05480 -1.11058e+04 | 69  0.01873 -9.11320e+03
 70 -0.00296 -1.01676e+04 | 71  0.17033 -9.39784e+03 | 72 -0.03672 -9.92079e+03
 73  0.06430 -8.45508e+03 | 74 -0.01795 -1.03786e+04 | 75 -0.59749 -9.58480e+02
 76 -0.10745 -1.00483e+03 | 77 -0.87922 -2.15463e+02 | 78 -0.99828 -2.64911e+00
 79 -0.49843 -4.00473e+02 | 80 -0.89728 -9.01314e+01 | 81 -0.97586 -1.78698e+01
 82 -0.86448 -1.23052e+02 | 83 -0.90594 -6.57367e+01 | 84 -0.22141 -3.79420e+01
 85 -0.90200 -4.97604e+01 | 86 -0.98051 -1.09109e+01 | 87 -0.92991 -2.30562e+01
 88 -0.96003 -1.10905e+01 | 89 -0.78952 -7.10820e+01 | 90 -0.87043 -4.02226e+01
 91 -0.80879 -5.59499e+01 | 92 -0.69009 -7.03971e+01 | 93 -0.51856 -9.31494e+01
 94 -0.57650  3.23580e+01 | 95 -0.69327  3.24496e+01 | 96  0.03796 -1.23184e-05
 97 -0.38832 -9.78948e-05 | 98  0.32344  3.05089e-04 |
Maximum number of function evaluations exceeded

 - final statistics:
98 variables; iteration 69; function evaluation 100
Function value 1.5170e+04; maximum gradient component mag 1.0995e+06
Exit code = 3;  converg criter 1.0000e+00
Var    Value     Gradient |Var    Value     Gradient |Var    Value     Gradient
  1 -0.01578  1.09954e+06 |  2  0.00061  8.19980e+01 |  3  0.35810  1.63319e+03
  4  0.03943  2.55069e+02 |  5 -0.00323  2.47104e+02 |  6  0.25639  2.34215e+03
  7  0.16828  1.67138e+03 |  8  0.07724  1.11535e+03 |  9  0.10171  1.59223e+03
 10  0.07719 -9.61780e+03 | 11  0.23227 -4.29773e+03 | 12 -0.04179 -1.03517e+04
 13 -0.02119 -9.92714e+03 | 14 -0.14362 -1.04809e+04 | 15 -0.08195 -9.90886e+03
 16  0.23613  6.50430e+03 | 17  0.03074 -6.73905e+03 | 18  0.00640 -6.51343e+03
 19 -0.00123 -5.88331e+03 | 20  0.03548 -2.38845e+03 | 21 -0.03059 -4.93907e+03
 22  0.02462 -7.60375e+01 | 23 -0.02184 -1.94002e+03 | 24 -0.01554  2.31715e+02
 25 -0.02024  1.65528e+03 | 26 -0.04039  1.51576e+03 | 27 -0.06040  1.66976e+03
 28 -0.02932  7.47840e+03 | 29 -0.04466  8.14286e+03 | 30 -0.07125  7.13434e+03
 31 -0.09378  5.86464e+03 | 32 -0.06758  1.09604e+04 | 33 -0.07107  1.20415e+04
 34 -0.06578  1.48672e+04 | 35 -0.07078  1.51944e+04 | 36 -0.06576  1.75268e+04
 37 -0.04893  1.90886e+04 | 38 -0.03923  1.80571e+04 | 39 -0.01469  2.08160e+04
 40  0.02753  2.70037e+04 | 41 -0.00593  1.73824e+04 | 42  0.03151  2.37611e+04
 43  0.01212  1.97187e+04 | 44  0.06011  2.13018e+04 | 45 -0.00733  9.32320e+03
 46  0.00749  1.23378e+04 | 47 -0.00457  7.42419e+03 | 48  0.00129  3.91355e+03
 49  0.04927  1.30241e+02 | 50  0.01583 -1.27474e+03 | 51 -0.00313 -2.68162e+03
 52  0.01609 -3.61000e+03 | 53 -0.01041 -3.55483e+03 | 54  0.05161 -4.07664e+03
 55 -0.04132 -8.65590e+03 | 56  0.00128 -6.05627e+03 | 57 -0.06535 -8.61879e+03
 58  0.07443 -9.07623e+03 | 59  0.00096 -9.98356e+03 | 60  0.04714 -9.78727e+03
 61 -0.01619 -1.13237e+04 | 62  0.03439 -1.13563e+04 | 63  0.05591 -1.05014e+04
 64 -0.07283 -1.21612e+04 | 65 -0.01688 -1.22687e+04 | 66  0.00840 -1.11965e+04
 67  0.03020 -1.21225e+04 | 68 -0.03951 -1.26458e+04 | 69  0.02888 -1.05701e+04
 70  0.00654 -1.16873e+04 | 71  0.16031 -1.15597e+04 | 72 -0.04404 -1.17827e+04
 73  0.04779 -1.07086e+04 | 74  0.03803 -1.13363e+04 | 75 -0.59161 -1.07896e+03
 76 -0.07102 -1.12470e+03 | 77 -1.14403  2.82476e+02 | 78 -0.99670 -5.80855e+00
 79 -0.50006 -4.49792e+02 | 80 -0.93431 -7.06090e+01 | 81 -0.97745 -1.97543e+01
 82 -0.85086 -1.53383e+02 | 83 -0.88959 -9.05230e+01 | 84 -0.21741 -4.92742e+01
 85 -0.87930 -7.55793e+01 | 86 -0.97555 -1.52104e+01 | 87 -0.92830 -2.86128e+01
 88 -0.95458 -1.30303e+01 | 89 -0.72781 -8.18734e+01 | 90 -0.83491 -4.72188e+01
 91 -0.75091 -6.03909e+01 | 92 -0.66964 -8.36724e+01 | 93 -0.51159 -9.20104e+01
 94 -0.59108  6.07483e+00 | 95 -0.68671  6.19653e+01 | 96  0.03796 -7.31174e-05
 97 -0.38831 -1.80037e-04 | 98  0.32338  6.93907e-04 |

Initial statistics: 116 variables; iteration 0; function evaluation 0; phase 4
Function value 1.5169614e+04; maximum gradient component mag 1.0995e+06
Var    Value     Gradient |Var    Value     Gradient |Var    Value     Gradient
  1 -0.01578  1.09954e+06 |  2  0.00061  8.19980e+01 |  3  0.35810  1.63319e+03
  4  0.03943  2.55069e+02 |  5 -0.00323  2.47104e+02 |  6  0.25639  2.34215e+03
  7  0.16828  1.67138e+03 |  8  0.07724  1.11535e+03 |  9  0.10171  1.59223e+03
 10  0.07794 -9.60222e+03 | 11  0.23307 -4.28231e+03 | 12 -0.04104 -1.03382e+04
 13 -0.02043 -9.91324e+03 | 14 -0.14284 -1.04699e+04 | 15 -0.08119 -9.89622e+03
 16  0.23694  6.51439e+03 | 17  0.03149 -6.72440e+03 | 18  0.00716 -6.49907e+03
 19 -0.00047 -5.86904e+03 | 20  0.03624 -2.37403e+03 | 21 -0.02983 -4.92508e+03
 22  0.02537 -6.17625e+01 | 23 -0.02109 -1.92583e+03 | 24 -0.01479  2.46000e+02
 25 -0.01949  1.66961e+03 | 26 -0.03963  1.53013e+03 | 27 -0.05964  1.68417e+03
 28 -0.02857  7.49307e+03 | 29 -0.04390  8.15778e+03 | 30 -0.07050  7.14949e+03
 31 -0.09301  5.87981e+03 | 32 -0.06682  1.09759e+04 | 33 -0.07031  1.20573e+04
 34 -0.06503  1.48832e+04 | 35 -0.07002  1.52106e+04 | 36 -0.06500  1.75431e+04
 37 -0.04818  1.91046e+04 | 38 -0.03848  1.80727e+04 | 39 -0.01394  2.08308e+04
 40  0.02829  2.70166e+04 | 41 -0.00518  1.73969e+04 | 42  0.03226  2.37739e+04
 43  0.01288  1.97325e+04 | 44  0.06087  2.13136e+04 | 45 -0.00658  9.33760e+03
 46  0.00825  1.23519e+04 | 47 -0.00382  7.43853e+03 | 48  0.00205  3.92782e+03
 49  0.05003  1.44467e+02 | 50  0.01658 -1.26042e+03 | 51 -0.00237 -2.66735e+03
 52  0.01684 -3.59561e+03 | 53 -0.00965 -3.54062e+03 | 54  0.05236 -4.06201e+03
 55 -0.04057 -8.64230e+03 | 56  0.00203 -6.04197e+03 | 57 -0.06459 -8.60563e+03
 58  0.07518 -9.06077e+03 | 59  0.00171 -9.96925e+03 | 60  0.04790 -9.77216e+03
 61 -0.01544 -1.13097e+04 | 62  0.03514 -1.13413e+04 | 63  0.05667 -1.04861e+04
 64 -0.07207 -1.21487e+04 | 65 -0.01613 -1.22548e+04 | 66  0.00915 -1.11821e+04
 67  0.03095 -1.21075e+04 | 68 -0.03876 -1.26325e+04 | 69  0.02963 -1.05552e+04
 70  0.00729 -1.16728e+04 | 71  0.16109 -1.15422e+04 | 72 -0.04328 -1.17694e+04
 73  0.04854 -1.06934e+04 | 74  0.03879 -1.13212e+04 | 75 -0.59161 -1.07896e+03
 76 -0.07102 -1.12470e+03 | 77 -0.85597 -2.82476e+02 | 78 -0.99670 -5.80855e+00
 79 -0.50006 -4.49792e+02 | 80 -0.93431 -7.06090e+01 | 81 -0.97745 -1.97543e+01
 82 -0.85086 -1.53383e+02 | 83 -0.88959 -9.05230e+01 | 84 -0.21741 -4.92742e+01
 85 -0.87930 -7.55793e+01 | 86 -0.97555 -1.52104e+01 | 87 -0.92830 -2.86128e+01
 88 -0.95458 -1.30303e+01 | 89 -0.72781 -8.18734e+01 | 90 -0.83491 -4.72188e+01
 91 -0.75091 -6.03909e+01 | 92 -0.66964 -8.36724e+01 | 93 -0.51159 -9.20104e+01
 94 -0.59108  6.07483e+00 | 95 -0.68671  6.19653e+01 | 96  0.03796 -7.31174e-05
 97 -0.38831 -1.80037e-04 | 98  0.32338  6.93907e-04 | 99  0.24186 -5.31572e+04
100  0.18288 -5.88298e+04 |101  0.16086 -1.32459e+04 |102  0.02547 -8.75610e+04
103 -0.18256 -1.73436e+04 |104 -0.12819 -7.52136e+03 |105 -0.18256 -5.32830e+03
106  0.02547  1.87860e+05 |107  0.19397  8.43579e+04 |108  0.04247  9.74819e+04
109  0.17736  3.70985e+04 |110  0.16635  1.69586e+04 |111  0.02547 -1.87252e+04
112 -0.12819 -4.14217e+03 |113 -0.26198  5.19153e+03 |114 -0.15617  7.95105e+03
115 -0.17499  9.10504e+03 |116 -0.18446  9.30954e+03 |

Intermediate statistics: 116 variables; iteration 20; function evaluation 40; phase 4
Function value 5.0435208e+03; maximum gradient component mag 8.2418e+04
Var    Value     Gradient |Var    Value     Gradient |Var    Value     Gradient
  1 -0.03457  6.38405e+04 |  2  0.00012  7.36473e+00 |  3  0.24613  2.12140e+02
  4  0.01919  5.98380e+01 |  5 -0.02076  4.66808e+01 |  6  0.10523  1.02174e+02
  7  0.07406  1.40031e+02 |  8  0.02393  1.98912e+02 |  9  0.05721  2.58627e+02
 10  0.02594 -4.69234e+02 | 11  0.17590 -1.65449e+02 | 12 -0.09460 -5.11734e+02
 13 -0.06655 -4.75788e+02 | 14 -0.17791 -5.25031e+02 | 15 -0.15858 -4.63130e+02
 16  0.20485  7.53290e+02 | 17 -0.03541 -3.92255e+02 | 18 -0.09803 -4.09564e+02
 19 -0.05693 -2.70452e+02 | 20 -0.01606 -7.55950e+01 | 21 -0.09349 -2.35293e+02
 22  0.03820  3.51759e+02 | 23 -0.08896 -2.10017e+02 | 24 -0.02516 -5.14969e+01
 25  0.00713  2.01664e+02 | 26  0.02084  1.87961e+02 | 27 -0.08526 -2.04368e+02
 28  0.02946  3.20393e+02 | 29  0.05276  5.91268e+02 | 30 -0.05128 -8.02310e+00
 31 -0.11383 -1.14828e+02 | 32  0.05884  5.41198e+02 | 33  0.04666  2.99666e+02
 34  0.06829  3.72033e+02 | 35  0.05458  4.72834e+02 | 36  0.00244  2.53234e+02
 37  0.01983  4.10478e+02 | 38  0.06855  6.04258e+02 | 39  0.02247  4.39860e+02
 40  0.15040  8.71953e+02 | 41  0.03431  4.00296e+02 | 42  0.05488  7.19015e+02
 43 -0.06542 -2.08615e+02 | 44  0.15454  1.38036e+03 | 45 -0.04711 -6.83426e+01
 46 -0.05335 -1.06147e+02 | 47 -0.03017 -1.45514e+00 | 48 -0.07485  9.98344e+01
 49  0.10410  3.88069e+02 | 50  0.01441  2.17030e+02 | 51 -0.00495  9.71302e+01
 52  0.01600  2.76943e+02 | 53 -0.01680  3.02467e+02 | 54  0.08365  9.93277e+02
 55  0.00353  3.48464e+02 | 56 -0.02885  1.68723e+02 | 57 -0.06245 -1.22524e+02
 58  0.08953  1.00846e+03 | 59 -0.04040 -4.44970e+02 | 60  0.02180  6.05971e+00
 61  0.00430 -2.76451e+02 | 62  0.06501 -1.61447e+02 | 63  0.08958  5.96197e+02
 64 -0.04712 -4.54291e+02 | 65 -0.00477 -5.77903e+02 | 66  0.03085 -8.09991e+01
 67  0.00835 -5.39961e+02 | 68 -0.04582 -6.67122e+02 | 69  0.01134 -3.75214e+02
 70  0.00965 -8.71764e+02 | 71  0.14541 -2.92058e+02 | 72 -0.09725 -9.78022e+02
 73 -0.07591 -1.04858e+03 | 74 -0.12659 -1.81686e+03 | 75 -0.53855 -7.94441e+01
 76 -0.17593 -1.42134e+01 | 77 -0.83796 -1.15299e+02 | 78 -0.99668 -1.81426e+00
 79 -0.54533 -6.74265e+01 | 80 -0.93086 -3.49842e+01 | 81 -0.97400 -1.92919e+01
 82 -0.83772 -8.72867e+01 | 83 -0.87663 -7.55164e+01 | 84 -0.34059  1.05213e+02
 85 -0.87626 -5.40983e+01 | 86 -0.97565 -1.00763e+01 | 87 -0.92749 -2.88392e+01
 88 -0.95224 -2.16078e+01 | 89 -0.73347 -4.42822e+01 | 90 -0.81696 -7.57753e+01
 91 -0.73245 -7.40943e+01 | 92 -0.66673  1.71845e+01 | 93 -0.55709  1.52491e+02
 94 -0.68276  1.81270e+02 | 95 -0.69480  8.69124e+01 | 96  0.03796 -8.87425e-05
 97 -0.38831 -3.37204e-04 | 98  0.32337  9.64239e-04 | 99  0.34728 -1.60117e+03
100  0.21020 -9.68018e+03 |101  0.16681 -9.85287e+03 |102  0.06129 -1.81001e+04
103 -0.16577 -3.29087e+03 |104 -0.20553 -1.52768e+03 |105 -0.14025 -2.77697e+02
106  0.01537  8.24184e+04 |107  0.15702  1.39399e+04 |108 -0.01520  1.22982e+04
109  0.17131  6.58898e+03 |110  0.13740  3.70739e+03 |111  0.04747 -5.80174e+03
112 -0.03424 -7.50798e+02 |113 -0.36373 -2.07573e+02 |114 -0.24595  1.45336e+03
115 -0.01447  2.00405e+03 |116 -0.18337  9.95139e+02 |
116 variables; iteration 40; function evaluation 60; phase 4
Function value 4.8325094e+03; maximum gradient component mag 8.5680e+04
Var    Value     Gradient |Var    Value     Gradient |Var    Value     Gradient
  1 -0.03344  3.88439e+04 |  2  0.04142  1.30363e+01 |  3  0.18492  6.71713e+01
  4 -0.02723  9.05373e+00 |  5 -0.04474  1.21069e+01 |  6  0.09049  2.02460e+01
  7  0.06855  8.24711e+01 |  8  0.01446  1.34811e+02 |  9  0.05203  1.90781e+02
 10  0.04767 -1.70349e+02 | 11  0.18157 -3.41747e+01 | 12 -0.05893 -2.05352e+02
 13 -0.04340 -1.70692e+02 | 14 -0.13757 -2.13562e+02 | 15 -0.13848 -1.90480e+02
 16  0.19568  3.95011e+02 | 17 -0.01142 -1.15865e+02 | 18 -0.08244 -1.38024e+02
 19 -0.04209 -2.45573e+01 | 20 -0.00828  9.71108e+01 | 21 -0.09004 -5.43683e+01
 22  0.03245  2.72507e+02 | 23 -0.09247 -4.94718e+01 | 24 -0.02749  8.28540e+01
 25 -0.00551  1.62301e+02 | 26  0.00863  1.81514e+02 | 27 -0.09664 -3.06502e+01
 28  0.01039  2.60286e+02 | 29  0.03144  4.14626e+02 | 30 -0.07408  8.09843e+01
 31 -0.15244 -2.46401e+01 | 32  0.04894  4.31180e+02 | 33  0.05370  3.60541e+02
 34  0.08872  4.82279e+02 | 35  0.05726  4.48659e+02 | 36 -0.00419  2.66026e+02
 37  0.01165  3.85632e+02 | 38  0.07849  6.14729e+02 | 39  0.02654  4.55367e+02
 40  0.16850  8.12241e+02 | 41  0.03938  4.10635e+02 | 42  0.05715  6.22586e+02
 43 -0.06975 -1.73122e+02 | 44  0.16182  1.34351e+03 | 45 -0.05418 -1.33065e+02
 46 -0.06133 -2.06038e+02 | 47 -0.02738  1.21268e+02 | 48 -0.08726  1.32483e+01
 49  0.09889  2.00859e+01 | 50  0.01337  4.30129e+02 | 51 -0.00950  1.38596e+02
 52  0.00926  1.54915e+02 | 53 -0.02040  4.68693e+02 | 54  0.08397  5.90721e+02
 55  0.01681  6.88018e+02 | 56 -0.04235  3.00224e+02 | 57 -0.07367 -5.68064e+02
 58  0.09051  6.52873e+02 | 59 -0.05348 -3.98217e+02 | 60  0.00664 -1.93282e+02
 61 -0.00188 -3.85159e+02 | 62  0.05813 -9.43545e+02 | 63  0.09285  1.25780e+02
 64 -0.04882 -8.09407e+01 | 65 -0.02566 -1.41309e+03 | 66  0.02221 -5.58294e+02
 67 -0.00021 -8.53265e+02 | 68 -0.05147 -8.10626e+02 | 69  0.01473  1.75358e+01
 70  0.01203 -5.24699e+02 | 71  0.13647 -1.01649e+03 | 72 -0.08694 -5.32021e+02
 73 -0.06969 -6.15807e+02 | 74 -0.08428 -1.21477e+03 | 75 -0.59672 -7.20262e+01
 76 -0.78053 -1.86027e+02 | 77 -0.76783 -5.54103e+01 | 78 -0.97683 -2.59370e+01
 79 -0.81597 -1.19999e+02 | 80 -0.69490  2.60150e+01 | 81 -0.76378  1.21791e+02
 82 -0.86149 -7.49107e+01 | 83 -0.77024  4.48190e+01 | 84 -1.10588  4.88618e+01
 85 -0.76819  8.24945e+01 | 86 -0.93308 -2.63801e+01 | 87 -0.80286 -3.57833e+01
 88 -0.84371 -1.86171e+01 | 89 -0.86998 -3.23514e+01 | 90 -0.83966 -2.03142e+01
 91 -0.79588 -2.81226e+01 | 92 -0.81443 -4.38589e+01 | 93 -0.78923 -3.05431e+01
 94 -0.81328  8.03209e+01 | 95 -0.83840 -6.27418e+01 | 96  0.03795  1.21365e-03
 97 -0.38828 -8.43066e-03 | 98  0.32323  7.13494e-02 | 99  0.34392 -1.50459e+03
100  0.21267 -8.42769e+03 |101  0.16486 -9.61660e+03 |102  0.06459 -1.60474e+04
103 -0.17644 -4.10470e+03 |104 -0.20393 -1.55502e+03 |105 -0.15583 -2.34467e+02
106  0.01609  8.56801e+04 |107  0.15588  1.48567e+04 |108 -0.01320  1.35317e+04
109  0.16364  6.42875e+03 |110  0.12465  3.48724e+03 |111  0.04789 -6.49809e+03
112 -0.03872 -1.18579e+03 |113 -0.36903 -1.94107e+03 |114 -0.26339  1.86964e+02
115 -0.07784  8.41997e+02 |116 -0.18443  7.30910e+02 |
116 variables; iteration 60; function evaluation 81; phase 4
Function value 4.7559741e+03; maximum gradient component mag 8.1034e+04
Var    Value     Gradient |Var    Value     Gradient |Var    Value     Gradient
  1 -0.03430 -4.70507e+03 |  2  0.15155  7.52728e+00 |  3  0.18060 -8.81116e+00
  4  0.02126 -4.09872e-01 |  5 -0.01627 -4.29705e+00 |  6  0.09236 -8.88210e+01
  7  0.07913 -3.54163e+01 |  8  0.01133  1.68814e+01 |  9  0.05658  3.27583e+01
 10  0.04706  1.07370e+02 | 11  0.20358  4.33729e+01 | 12 -0.07040  1.27237e+02
 13 -0.04640  1.11157e+02 | 14 -0.14873  1.27046e+02 | 15 -0.14821  1.49244e+02
 16  0.19006 -4.31529e+02 | 17 -0.01572  5.05930e+01 | 18 -0.06292  1.74360e+02
 19 -0.04136  1.10284e+02 | 20 -0.03332 -2.83560e+01 | 21 -0.09036  1.31988e+02
 22  0.03866  1.24613e+02 | 23 -0.08851  1.66260e+02 | 24 -0.02982  1.33843e+02
 25 -0.00425  1.34266e+02 | 26  0.01180  1.43993e+02 | 27 -0.08898  2.26316e+02
 28  0.01780  2.50038e+02 | 29  0.03648  2.27664e+02 | 30 -0.06345  2.79034e+02
 31 -0.13627  3.04535e+02 | 32  0.06219  5.20543e+02 | 33  0.04467  3.61418e+02
 34  0.06987  3.61825e+02 | 35  0.05755  4.80066e+02 | 36  0.00448  4.86072e+02
 37  0.02420  5.69304e+02 | 38  0.07729  5.78007e+02 | 39  0.02720  6.26225e+02
 40  0.16641  4.40910e+02 | 41  0.03899  4.80309e+02 | 42  0.05844  6.88137e+02
 43 -0.07315  4.19638e+01 | 44  0.16261  4.30963e+02 | 45 -0.06619 -1.77150e+02
 46 -0.06432 -1.39428e+02 | 47 -0.01910  3.50673e+02 | 48 -0.08980  1.26091e+02
 49  0.09909 -7.33315e+02 | 50  0.01514  2.95573e+02 | 51 -0.00845  7.80391e+01
 52  0.01168 -3.08127e+01 | 53 -0.02299  3.82975e+02 | 54  0.08454 -1.00308e+02
 55  0.01117 -8.77727e+01 | 56 -0.04238  4.40171e+02 | 57 -0.08001 -5.08741e+02
 58  0.08905 -4.17730e+02 | 59 -0.04853 -2.43617e+02 | 60  0.00613 -3.76035e+02
 61 -0.00362 -6.80194e+02 | 62  0.05783 -1.30641e+03 | 63  0.09473 -7.40772e+01
 64 -0.04930 -8.34772e+01 | 65 -0.03075 -1.49496e+03 | 66  0.01474 -6.93647e+02
 67 -0.00881 -9.28759e+02 | 68 -0.06424 -8.94929e+02 | 69  0.01235  2.78270e+02
 70  0.01587  2.43047e+01 | 71  0.13493 -9.11084e+02 | 72 -0.08815 -1.08710e+02
 73 -0.07330 -2.11661e+02 | 74 -0.09605 -8.20586e+02 | 75 -0.55131  4.15270e+01
 76 -0.79892 -8.69854e+01 | 77 -0.79061  4.15945e+01 | 78 -0.67434  2.99305e+01
 79 -0.94231 -2.57154e+01 | 80 -0.79194  6.69508e+00 | 81 -0.80225  1.14223e+02
 82 -0.90097 -5.29689e+01 | 83 -0.83132  1.65478e+00 | 84 -1.34309 -1.91891e+02
 85 -0.81966  7.92630e+01 | 86 -0.84816  5.19529e+01 | 87 -0.74847  9.97565e+01
 88 -0.81503  6.98572e+01 | 89 -0.97495 -2.11617e+00 | 90 -1.06497  1.37331e+01
 91 -0.92922 -2.30032e+01 | 92 -0.78355  1.83191e+01 | 93 -0.74684  4.09765e+01
 94 -0.81229  5.93682e+01 | 95 -0.90645 -1.06489e+02 | 96  0.03795 -4.99744e-04
 97 -0.38809 -4.28226e-03 | 98  0.32174  4.56590e-02 | 99  0.34660 -1.14982e+03
100  0.21278 -7.23408e+03 |101  0.16577 -8.93321e+03 |102  0.06479 -1.60115e+04
103 -0.17581 -4.37365e+03 |104 -0.20751 -2.05119e+03 |105 -0.15453 -5.31083e+02
106  0.01516  8.10338e+04 |107  0.15577  1.36219e+04 |108 -0.01238  1.26485e+04
109  0.16380  5.73975e+03 |110  0.11919  2.96913e+03 |111  0.04675 -6.81497e+03
112 -0.03760 -1.39991e+03 |113 -0.37232 -1.28562e+03 |114 -0.20288  4.35770e+02
115 -0.14728  8.54352e+02 |116 -0.18399  6.24931e+02 |
Maximum number of function evaluations exceeded

 - final statistics:
116 variables; iteration 80; function evaluation 100
Function value 3.8669e+03; maximum gradient component mag 2.5651e+04
Exit code = 3;  converg criter 1.0000e+00
Var    Value     Gradient |Var    Value     Gradient |Var    Value     Gradient
  1 -0.03388  2.56514e+04 |  2  0.38774  1.67077e+02 |  3  0.46045  4.60943e+02
  4 -0.05326  2.24993e+00 |  5 -0.08476 -2.24166e+01 |  6  0.10623 -8.03787e+01
  7  0.04578 -5.12650e+01 |  8  0.02153  1.22327e+02 |  9  0.08168  3.00049e+02
 10  0.04128 -4.41053e+01 | 11  0.20445  4.18070e+02 | 12 -0.04603 -3.68280e+01
 13 -0.07009 -1.29274e+02 | 14 -0.12877 -7.94949e+01 | 15 -0.13244 -5.64077e+01
 16  0.19494  5.47285e+02 | 17 -0.02448 -2.26963e+01 | 18 -0.15308 -1.73063e+02
 19 -0.06862 -5.55361e+01 | 20 -0.02501  5.52122e+01 | 21 -0.13832 -1.16801e+02
 22  0.02946  3.52197e+02 | 23 -0.11216 -1.19426e+01 | 24 -0.05737 -3.08089e+01
 25 -0.00083  2.68486e+02 | 26  0.01939  2.83079e+02 | 27 -0.07708  1.17523e+02
 28  0.04247  5.84854e+02 | 29  0.03216  4.07503e+02 | 30 -0.08245  1.13065e+02
 31 -0.19087 -1.17256e+01 | 32  0.01774  2.15241e+02 | 33  0.01007  8.37061e+01
 34  0.09172  5.11720e+02 | 35  0.08243  6.44193e+02 | 36  0.04568  5.95729e+02
 37  0.03945  6.01136e+02 | 38  0.09524  6.95456e+02 | 39 -0.01994  1.78167e+02
 40  0.18548  1.25041e+03 | 41  0.02296  2.69886e+02 | 42  0.04652  2.87624e+01
 43 -0.06955  3.95312e+01 | 44  0.17083  1.54446e+03 | 45 -0.03868  2.31111e+02
 46 -0.06835 -3.71135e+02 | 47 -0.02667  3.05581e+01 | 48 -0.04872  7.46045e+02
 49  0.10848  2.91402e+02 | 50 -0.01158 -4.84139e+02 | 51 -0.01418 -1.23545e+01
 52  0.00355 -4.62859e+02 | 53 -0.02843  5.37522e+01 | 54  0.07905 -8.47694e+01
 55  0.00838 -1.12579e+02 | 56 -0.04771 -1.79022e+02 | 57 -0.04111  4.67942e+02
 58  0.09021 -2.36935e+02 | 59 -0.05561 -5.06948e+02 | 60 -0.01503 -1.15039e+03
 61 -0.01200 -9.51598e+02 | 62  0.05449 -1.06462e+03 | 63  0.08492 -8.50007e+02
 64 -0.07887 -1.01334e+03 | 65 -0.01498 -1.06651e+03 | 66  0.02886 -7.26774e+02
 67 -0.00141 -1.09644e+03 | 68 -0.04192 -3.86007e+02 | 69  0.01075 -1.63804e+02
 70  0.01182 -3.89022e+02 | 71  0.14995 -8.95953e+02 | 72 -0.06224 -2.17857e+02
 73 -0.04952 -3.04798e+02 | 74 -0.05457 -3.69443e+02 | 75 -0.19413 -1.78342e+02
 76 -0.56327  8.48571e+01 | 77 -0.82439 -8.17450e+01 | 78 -0.80307 -7.28993e+01
 79 -1.19858  6.33280e+01 | 80 -0.80673 -5.47525e+01 | 81 -0.85970 -6.54524e+01
 82 -0.95849 -6.22470e+01 | 83 -0.84105 -2.65851e+01 | 84 -1.26305 -5.19392e+01
 85 -0.87147 -2.24916e+01 | 86 -0.91684  7.24403e+00 | 87 -0.78774  8.39722e+01
 88 -0.75690  9.93138e+01 | 89 -0.75266  2.21648e+02 | 90 -1.25742 -2.87891e+02
 91 -0.68576  2.72213e+02 | 92 -0.77544  2.60886e+01 | 93 -0.97635 -1.94103e+01
 94 -0.88115 -9.32027e+01 | 95 -1.12231  1.01544e+02 | 96  0.03792 -3.23527e-04
 97 -0.38383 -8.00412e-03 | 98  0.28752  5.36369e-02 | 99  0.34940 -9.24671e+02
100  0.21990 -3.50386e+03 |101  0.17311 -3.54654e+03 |102  0.07385 -7.85252e+03
103 -0.16448 -1.04530e+03 |104 -0.21814 -6.10816e+02 |105 -0.14868  6.14250e+02
106  0.00146  1.90586e+04 |107  0.16744  6.15827e+03 |108 -0.01595  6.90547e+03
109  0.16339  3.54887e+03 |110  0.11118  2.01311e+03 |111  0.07946 -2.07050e+03
112 -0.05519 -4.74786e+02 |113 -0.32186  1.12662e+02 |114 -0.26475  5.36283e+02
115 -0.14216  8.32392e+02 |116 -0.18113  6.39693e+02 |

Initial statistics: 322 variables; iteration 0; function evaluation 0; phase 5
Function value 3.8650900e+03; maximum gradient component mag 2.5651e+04
Var    Value     Gradient |Var    Value     Gradient |Var    Value     Gradient
  1 -0.03388  2.56514e+04 |  2  0.38774  1.67077e+02 |  3  0.46045  4.60943e+02
  4 -0.05326  2.24993e+00 |  5 -0.08476 -2.24166e+01 |  6  0.10623 -8.03787e+01
  7  0.04578 -5.12650e+01 |  8  0.02153  1.22327e+02 |  9  0.08168  3.00049e+02
 10  0.04300 -1.16314e+01 | 11  0.20626  4.48520e+02 | 12 -0.04431 -4.37359e+00
 13 -0.06837 -9.69598e+01 | 14 -0.12702 -4.76447e+01 | 15 -0.13069 -2.45832e+01
 16  0.19674  5.77793e+02 | 17 -0.02276  9.82088e+00 | 18 -0.15132 -1.41555e+02
 19 -0.06690 -2.31915e+01 | 20 -0.02330  8.77363e+01 | 21 -0.13657 -8.50772e+01
 22  0.03117  3.84653e+02 | 23 -0.11042  2.01036e+01 | 24 -0.05564  1.59971e+00
 25  0.00089  3.01026e+02 | 26  0.02111  3.15577e+02 | 27 -0.07535  1.49874e+02
 28  0.04419  6.17209e+02 | 29  0.03387  4.39941e+02 | 30 -0.08072  1.45383e+02
 31 -0.18908  1.93798e+01 | 32  0.01945  2.47749e+02 | 33  0.01178  1.16237e+02
 34  0.09346  5.43707e+02 | 35  0.08415  6.76219e+02 | 36  0.04740  6.28061e+02
 37  0.04116  6.33505e+02 | 38  0.09698  7.27331e+02 | 39 -0.01823  2.10708e+02
 40  0.18727  1.28049e+03 | 41  0.02467  3.02375e+02 | 42  0.04824  6.12035e+01
 43 -0.06783  7.18986e+01 | 44  0.17261  1.57462e+03 | 45 -0.03696  2.63633e+02
 46 -0.06663 -3.38880e+02 | 47 -0.02495  6.30767e+01 | 48 -0.04700  7.78648e+02
 49  0.11022  3.23317e+02 | 50 -0.00987 -4.51625e+02 | 51 -0.01246  2.01788e+01
 52  0.00526 -4.30311e+02 | 53 -0.02672  8.62700e+01 | 54  0.08078 -5.24617e+01
 55  0.01009 -8.00388e+01 | 56 -0.04599 -1.46602e+02 | 57 -0.03940  5.00500e+02
 58  0.09194 -2.04641e+02 | 59 -0.05389 -4.74643e+02 | 60 -0.01332 -1.11792e+03
 61 -0.01029 -9.19107e+02 | 62  0.05621 -1.03195e+03 | 63  0.08665 -8.17455e+02
 64 -0.07714 -9.81374e+02 | 65 -0.01326 -1.03404e+03 | 66  0.03058 -6.94180e+02
 67  0.00031 -1.06390e+03 | 68 -0.04020 -3.53599e+02 | 69  0.01246 -1.31262e+02
 70  0.01353 -3.56468e+02 | 71  0.15171 -8.63733e+02 | 72 -0.06052 -1.85520e+02
 73 -0.04780 -2.72412e+02 | 74 -0.05285 -3.37099e+02 | 75 -0.19413 -1.78342e+02
 76 -0.56327  8.48571e+01 | 77 -0.82439 -8.17450e+01 | 78 -0.80307 -7.28993e+01
 79 -0.80142 -6.33280e+01 | 80 -0.80673 -5.47525e+01 | 81 -0.85970 -6.54524e+01
 82 -0.95849 -6.22470e+01 | 83 -0.84105 -2.65851e+01 | 84 -0.73695  5.19392e+01
 85 -0.87147 -2.24916e+01 | 86 -0.91684  7.24403e+00 | 87 -0.78774  8.39722e+01
 88 -0.75690  9.93138e+01 | 89 -0.75266  2.21648e+02 | 90 -0.74258  2.87891e+02
 91 -0.68576  2.72213e+02 | 92 -0.77544  2.60886e+01 | 93 -0.97635 -1.94103e+01
 94 -0.88115 -9.32027e+01 | 95 -0.87769 -1.01544e+02 | 96  0.03792 -3.23527e-04
 97 -0.38383 -8.00412e-03 | 98  0.28752  5.36369e-02 | 99  0.34940 -9.24671e+02
100  0.21990 -3.50386e+03 |101  0.17311 -3.54654e+03 |102  0.07385 -7.85252e+03
103 -0.16448 -1.04530e+03 |104 -0.21814 -6.10816e+02 |105 -0.14868  6.14250e+02
106  0.00146  1.90586e+04 |107  0.16744  6.15827e+03 |108 -0.01595  6.90547e+03
109  0.16339  3.54887e+03 |110  0.11118  2.01311e+03 |111  0.07946 -2.07050e+03
112 -0.05519 -4.74786e+02 |113 -0.32186  1.12662e+02 |114 -0.26475  5.36283e+02
115 -0.14216  8.32392e+02 |116 -0.18113  6.39693e+02 |117  1.00000  4.33172e-08
118  1.00000  4.33172e-08 |119  0.00000 -4.51606e+03 |120  0.00000 -4.44699e+03
121  0.00000 -4.38322e+03 |122  0.00000 -4.16200e+03 |123  0.00000 -4.13661e+03
124  0.00000 -4.11630e+03 |125  0.00000 -4.10104e+03 |126  0.00000 -4.08072e+03
127  0.00000 -3.72634e+03 |128  0.00000 -3.67731e+03 |129  0.00000 -3.66242e+03
130  0.00000 -3.62150e+03 |131  0.00000 -3.60825e+03 |132  0.00000 -3.59852e+03
133  0.00000 -3.57399e+03 |134  0.00000 -3.55474e+03 |135  0.00000 -3.49521e+03
136  0.00000 -3.41025e+03 |137  0.00000 -3.21537e+03 |138  0.00000 -3.17215e+03
139  0.00000 -3.09426e+03 |140  0.00000 -3.09232e+03 |141  0.00000 -3.02798e+03
142  0.00000 -3.00078e+03 |143  0.00000 -2.81939e+03 |144  0.00000 -2.63356e+03
145  0.00000 -2.56576e+03 |146  0.00000 -2.35617e+03 |147  0.00000 -2.22136e+03
148  0.00000 -2.08903e+03 |149  0.00000 -1.87255e+03 |150  0.00000 -1.79972e+03
151  0.00000 -1.40120e+03 |152  0.00000 -1.32309e+03 |153  0.00000 -1.27181e+03
154  0.00000 -1.24185e+03 |155  0.00000 -9.69595e+02 |156  0.00000 -9.19210e+02
157  0.00000 -9.04807e+02 |158  0.00000 -1.10734e+03 |159  0.00000 -1.04181e+03
160  0.00000 -8.65475e+02 |161  0.00000 -7.62846e+02 |162  0.00000 -6.79170e+02
163  0.00000 -6.93313e+02 |164  0.00000 -6.68017e+02 |165  0.00000 -5.24801e+02
166  0.00000 -4.85507e+02 |167  0.00000 -4.41968e+02 |168  0.00000 -4.97271e+02
169  0.00000 -8.76426e+02 |170  0.00000 -8.21452e+02 |171  0.00000 -1.03718e+03
172  0.00000 -1.14724e+03 |173  0.00000 -1.00265e+03 |174  0.00000 -7.88822e+02
175  0.00000 -7.47493e+02 |176  0.00000 -6.71201e+02 |177  0.00000 -5.86690e+02
178  0.00000 -5.08711e+02 |179  0.00000 -4.83207e+02 |180  0.00000 -3.96959e+02
181  0.00000 -3.22007e+02 |182  0.00000 -7.20109e+00 |183  0.00000  1.43650e+01
184  0.00000  6.07761e-02 |185  0.00000  6.00780e-02 |186  0.00000  5.95631e-02
187  0.00000 -1.55159e+04 |188  0.00000 -1.53063e+04 |189  0.00000 -1.43556e+04
190  0.00000 -1.38001e+04 |191  0.00000 -1.24975e+04 |192  0.00000 -1.22424e+04
193  0.00000 -1.19959e+04 |194  0.00000 -1.17701e+04 |195  0.00000 -1.10852e+04
196  0.00000 -1.20269e+04 |197  0.00000 -1.19719e+04 |198  0.00000 -1.18888e+04
199  0.00000 -1.22705e+04 |200  0.00000 -1.28154e+04 |201  0.00000 -1.28148e+04
202  0.00000 -1.35712e+04 |203  0.00000 -1.35431e+04 |204  0.00000 -1.35726e+04
205  0.00000 -1.31330e+04 |206  0.00000 -1.32753e+04 |207  0.00000 -1.27325e+04
208  0.00000 -1.28519e+04 |209  0.00000 -1.29375e+04 |210  0.00000 -1.28378e+04
211  0.00000 -1.23425e+04 |212  0.00000 -1.28046e+04 |213  0.00000 -1.26061e+04
214  0.00000 -1.24002e+04 |215  0.00000 -1.22065e+04 |216  0.00000 -1.18173e+04
217  0.00000 -1.08737e+04 |218  0.00000 -1.11863e+04 |219  0.00000 -1.09606e+04
220  0.00000 -1.06424e+04 |221  0.00000 -1.02187e+04 |222  0.00000 -9.41571e+03
223  0.00000 -9.05275e+03 |224  0.00000 -8.18428e+03 |225  0.00000 -7.89893e+03
226  0.00000 -8.14897e+03 |227  0.00000 -8.19694e+03 |228  0.00000 -7.56589e+03
229  0.00000 -7.95955e+03 |230  0.00000 -7.53197e+03 |231  0.00000 -7.25061e+03
232  0.00000 -7.16676e+03 |233  0.00000 -6.88462e+03 |234  0.00000 -6.83711e+03
235  0.00000 -6.90228e+03 |236  0.00000 -6.76845e+03 |237  0.00000 -7.21194e+03
238  0.00000 -8.10016e+03 |239  0.00000 -8.10604e+03 |240  0.00000 -8.38989e+03
241  0.00000 -8.24145e+03 |242  0.00000 -6.83685e+03 |243  0.00000 -5.00682e+03
244  0.00000 -4.65044e+03 |245  0.00000 -4.02194e+03 |246  0.00000 -3.31658e+03
247  0.00000 -2.43615e+03 |248  0.00000 -2.17554e+03 |249  0.00000 -1.66474e+03
250  0.00000 -7.06374e+02 |251  0.00000 -1.41632e+02 |252  0.00000 -3.62598e-01
253  0.00000 -3.55824e-01 |254  0.00000 -3.75253e-01 |255  0.00000 -1.53409e+04
256  0.00000 -1.63858e+04 |257  0.00000 -1.52253e+04 |258  0.00000 -1.43457e+04
259  0.00000 -1.30742e+04 |260  0.00000 -1.23976e+04 |261  0.00000 -1.17904e+04
262  0.00000 -1.13689e+04 |263  0.00000 -1.04202e+04 |264  0.00000 -1.10381e+04
265  0.00000 -1.21034e+04 |266  0.00000 -1.19438e+04 |267  0.00000 -1.25791e+04
268  0.00000 -1.35296e+04 |269  0.00000 -1.42101e+04 |270  0.00000 -1.51442e+04
271  0.00000 -1.57500e+04 |272  0.00000 -1.59244e+04 |273  0.00000 -1.61045e+04
274  0.00000 -1.62904e+04 |275  0.00000 -1.60303e+04 |276  0.00000 -1.61520e+04
277  0.00000 -1.62465e+04 |278  0.00000 -1.65455e+04 |279  0.00000 -1.60755e+04
280  0.00000 -1.63076e+04 |281  0.00000 -1.65593e+04 |282  0.00000 -1.65614e+04
283  0.00000 -1.64295e+04 |284  0.00000 -1.63181e+04 |285  0.00000 -1.51654e+04
286  0.00000 -1.54041e+04 |287  0.00000 -1.57032e+04 |288  0.00000 -1.56412e+04
289  0.00000 -1.55082e+04 |290  0.00000 -1.44504e+04 |291  0.00000 -1.41935e+04
292  0.00000 -1.34968e+04 |293  0.00000 -1.27993e+04 |294  0.00000 -1.26636e+04
295  0.00000 -1.27409e+04 |296  0.00000 -1.25712e+04 |297  0.00000 -1.29218e+04
298  0.00000 -1.30141e+04 |299  0.00000 -1.26886e+04 |300  0.00000 -1.22159e+04
301  0.00000 -1.20598e+04 |302  0.00000 -1.18924e+04 |303  0.00000 -1.19785e+04
304  0.00000 -1.17693e+04 |305  0.00000 -1.22138e+04 |306  0.00000 -1.27980e+04
307  0.00000 -1.28232e+04 |308  0.00000 -1.27584e+04 |309  0.00000 -1.24452e+04
310  0.00000 -1.16223e+04 |311  0.00000 -9.94952e+03 |312  0.00000 -8.18927e+03
313  0.00000 -7.29438e+03 |314  0.00000 -6.06546e+03 |315  0.00000 -4.54045e+03
316  0.00000 -3.60394e+03 |317  0.00000 -2.77442e+03 |318  0.00000 -1.45784e+03
319  0.00000 -3.93506e+02 |320  0.00000 -6.31229e-01 |321  0.00000 -6.22236e-01
322  0.00000 -6.17287e-01 |

Intermediate statistics: 322 variables; iteration 20; function evaluation 23; phase 5
Function value 3.4191783e+03; maximum gradient component mag -1.8437e+04
Var    Value     Gradient |Var    Value     Gradient |Var    Value     Gradient
  1 -0.03482 -6.46576e+03 |  2  0.38123  1.36534e+02 |  3  0.44197  3.69083e+02
  4 -0.05309 -8.81696e-01 |  5 -0.08330 -2.19876e+01 |  6  0.11197 -5.30236e+01
  7  0.04907 -6.22141e+00 |  8  0.02011  2.17339e+01 |  9  0.07735  5.13307e+01
 10  0.04178  9.42351e+01 | 11  0.21236  3.02376e+00 | 12 -0.04752  1.32311e+02
 13 -0.06608  2.74583e+01 | 14 -0.12913  9.68928e+01 | 15 -0.13443  1.25927e+02
 16  0.22250 -2.25638e+02 | 17 -0.02039  3.20528e+01 | 18 -0.14948  3.45478e+01
 19 -0.06401  2.43801e+01 | 20 -0.01886 -1.12596e+01 | 21 -0.13452  2.00915e+01
 22  0.03469 -4.14442e+01 | 23 -0.11172  6.27137e+01 | 24 -0.05165 -5.13826e+01
 25  0.00242 -7.94105e+01 | 26  0.02323 -1.03349e+02 | 27 -0.08135  9.48663e+01
 28  0.03623 -3.68434e+01 | 29  0.03675 -2.06975e+02 | 30 -0.08389  1.10253e+01
 31 -0.19401  9.19276e+01 | 32  0.02230 -1.43979e+02 | 33  0.01437 -8.55017e+01
 34  0.08328  8.57753e+01 | 35  0.06676  1.81101e+02 | 36  0.02760  2.54315e+02
 37  0.02384  1.95892e+02 | 38  0.07735  2.05193e+02 | 39 -0.02827  1.66683e+02
 40  0.17820 -2.55245e+02 | 41  0.02131 -3.36642e+01 | 42  0.05862 -1.49196e+02
 43 -0.07270  4.32825e+01 | 44  0.17394 -1.59688e+02 | 45 -0.04472  1.73986e+01
 46 -0.05317 -1.37202e+02 | 47 -0.02607 -5.59657e-01 | 48 -0.07608  2.54791e+02
 49  0.11712 -1.09222e+01 | 50  0.00874 -8.83270e+01 | 51 -0.00952 -3.63530e+01
 52  0.01602 -1.91956e+01 | 53 -0.03375  4.64045e+01 | 54  0.08353 -6.41956e+00
 55  0.00707  3.84882e+01 | 56 -0.04943  1.44692e+02 | 57 -0.06445  1.17318e+02
 58  0.08909 -1.99153e+02 | 59 -0.04811 -1.04191e+00 | 60  0.01116 -3.09219e+01
 61  0.00368 -5.42444e+01 | 62  0.06762 -2.00505e+02 | 63  0.09109 -2.37279e+02
 64 -0.05549 -8.21874e+01 | 65 -0.00023 -2.03284e+01 | 66  0.03124 -1.27459e+02
 67  0.00604 -8.94740e+01 | 68 -0.04722  4.69796e+00 | 69  0.00681  3.30996e+01
 70  0.01261  4.73315e+01 | 71  0.15615 -2.07265e+01 | 72 -0.06319  1.04086e+02
 73 -0.04743  9.65365e+01 | 74 -0.05293  4.66928e+01 | 75 -0.18944 -1.11772e+02
 76 -0.56899  1.19315e+02 | 77 -0.82113 -4.59840e+01 | 78 -0.80012 -5.15447e+01
 79 -0.79853 -5.18926e+01 | 80 -0.80404 -3.98498e+01 | 81 -0.85633 -4.41977e+01
 82 -0.95527 -5.97981e+01 | 83 -0.83883 -4.02132e+01 | 84 -0.73782  8.77633e+00
 85 -0.86898 -4.10573e+01 | 86 -0.91609 -7.94522e+00 | 87 -0.78968  3.75763e+01
 88 -0.75996  6.29827e+01 | 89 -0.76116  1.54887e+02 | 90 -0.75443  2.04295e+02
 91 -0.69761  2.07513e+02 | 92 -0.77633  2.55982e+01 | 93 -0.97519 -2.13643e+01
 94 -0.87601 -8.82169e+01 | 95 -0.87274 -8.92321e+01 | 96  0.03792  1.15807e-03
 97 -0.38383 -9.69374e-04 | 98  0.28752  9.78043e-03 | 99  0.35040 -9.58601e+02
100  0.22206 -1.48402e+03 |101  0.17276 -2.72333e+03 |102  0.08058 -4.12699e+03
103 -0.16767 -8.82709e+02 |104 -0.20583 -2.00001e+02 |105 -0.15563  3.62913e+02
106  0.00024  5.77048e+03 |107  0.16666 -1.54589e+02 |108 -0.02065  1.16093e+01
109  0.15827  3.91840e+02 |110  0.08777  5.92792e+02 |111  0.12615 -3.48528e+02
112 -0.04758 -6.37893e+01 |113 -0.32821 -2.38942e+02 |114 -0.26911 -6.29716e+01
115 -0.16423  3.01883e+02 |116 -0.19950  2.85211e+02 |117  1.00006 -1.27288e-02
118  1.00006 -1.32158e-02 |119  0.00494 -4.68491e+03 |120  0.00308 -4.65938e+03
121  0.00243 -4.65230e+03 |122  0.00055 -4.61446e+03 |123  0.00034 -4.61011e+03
124  0.00024 -4.60746e+03 |125  0.00021 -4.60654e+03 |126  0.00016 -4.60521e+03
127 -0.00144 -4.58498e+03 |128 -0.00238 -4.56553e+03 |129 -0.00266 -4.55957e+03
130 -0.00360 -4.54362e+03 |131 -0.00270 -4.52188e+03 |132 -0.00240 -4.50350e+03
133  0.00004 -4.47165e+03 |134  0.00020 -4.44069e+03 |135 -0.00014 -4.40272e+03
136  0.00027 -4.35620e+03 |137 -0.00326 -4.24218e+03 |138 -0.00364 -4.20049e+03
139 -0.00083 -4.20809e+03 |140  0.00282 -4.10396e+03 |141  0.00105 -4.02448e+03
142  0.00048 -3.99888e+03 |143  0.00171 -3.91965e+03 |144 -0.00141 -3.62121e+03
145  0.00438 -3.46395e+03 |146  0.00228 -3.28352e+03 |147  0.00129 -3.18566e+03
148  0.00075 -3.09702e+03 |149  0.00255 -3.03646e+03 |150  0.00201 -2.98900e+03
151 -0.00271 -2.78967e+03 |152 -0.00329 -2.74987e+03 |153 -0.00149 -2.75048e+03
154 -0.00120 -2.73848e+03 |155 -0.00237 -2.51315e+03 |156 -0.00382 -2.44651e+03
157 -0.00362 -2.42265e+03 |158  0.00514 -2.41466e+03 |159  0.00250 -2.28773e+03
160  0.00214 -2.02087e+03 |161 -0.00169 -1.85958e+03 |162 -0.00303 -1.77691e+03
163  0.00104 -1.65217e+03 |164  0.00152 -1.55294e+03 |165 -0.00077 -1.30904e+03
166 -0.00127 -1.21344e+03 |167 -0.00368 -1.13000e+03 |168 -0.00164 -1.11250e+03
169  0.00296 -1.00394e+03 |170 -0.00354 -8.42371e+02 |171  0.00460 -9.52727e+02
172  0.00759 -9.48098e+02 |173  0.00276 -7.82577e+02 |174 -0.00015 -6.46646e+02
175 -0.00017 -6.28906e+02 |176 -0.00046 -5.88077e+02 |177  0.00008 -5.46180e+02
178 -0.00048 -5.06904e+02 |179 -0.00060 -4.96081e+02 |180 -0.00145 -4.25284e+02
181 -0.00120 -3.47577e+02 |182 -0.00190 -5.37149e+01 |183 -0.00171 -2.08341e+01
184  0.00000  1.57690e-02 |185  0.00000  1.54249e-02 |186  0.00000  1.46276e-02
187  0.00978 -6.57645e+03 |188  0.00225 -6.52042e+03 |189 -0.00632 -6.51735e+03
190  0.00025 -6.65409e+03 |191  0.00273 -6.72219e+03 |192 -0.00063 -6.66989e+03
193  0.00023 -6.71153e+03 |194 -0.00163 -6.71087e+03 |195 -0.01068 -6.65116e+03
196  0.00568 -7.14649e+03 |197  0.00186 -7.15843e+03 |198 -0.00295 -7.18038e+03
199  0.00039 -7.29042e+03 |200  0.00349 -7.54088e+03 |201 -0.00140 -7.63041e+03
202  0.00273 -8.26959e+03 |203  0.00092 -8.47277e+03 |204  0.00334 -9.03734e+03
205 -0.00455 -9.61045e+03 |206  0.00682 -1.03526e+04 |207 -0.00767 -1.04584e+04
208 -0.00076 -1.12683e+04 |209  0.00291 -1.18873e+04 |210  0.00009 -1.20552e+04
211 -0.01122 -1.19203e+04 |212  0.00422 -1.18591e+04 |213  0.00061 -1.16202e+04
214 -0.00066 -1.14802e+04 |215  0.00236 -1.13544e+04 |216  0.00134 -1.11531e+04
217 -0.00549 -1.10731e+04 |218  0.00559 -1.12857e+04 |219  0.00411 -1.13124e+04
220  0.00103 -1.17077e+04 |221 -0.00235 -1.17291e+04 |222 -0.00193 -1.15853e+04
223  0.00074 -1.13750e+04 |224 -0.00135 -1.06403e+04 |225 -0.00765 -1.05258e+04
226  0.00403 -1.02494e+04 |227  0.00571 -9.70904e+03 |228 -0.00597 -9.18916e+03
229  0.00392 -8.37260e+03 |230 -0.00433 -8.09492e+03 |231 -0.00283 -7.42288e+03
232  0.00334 -6.72272e+03 |233 -0.00084 -6.26208e+03 |234 -0.00041 -5.85011e+03
235  0.00263 -5.75556e+03 |236 -0.00168 -5.63624e+03 |237 -0.00397 -5.53857e+03
238  0.00320 -5.59092e+03 |239 -0.00538 -5.48883e+03 |240  0.00256 -5.44013e+03
241  0.00723 -5.07961e+03 |242  0.00226 -4.25867e+03 |243 -0.00660 -3.59650e+03
244 -0.00385 -3.46968e+03 |245  0.00323 -3.10659e+03 |246  0.00404 -2.84702e+03
247 -0.00492 -2.60055e+03 |248 -0.00209 -2.40481e+03 |249  0.00208 -1.79145e+03
250 -0.00464 -1.02663e+03 |251  0.00213 -2.64506e+02 |252  0.00001 -1.20242e-01
253  0.00001 -1.20382e-01 |254  0.00001 -1.26949e-01 |255 -0.00155 -1.17786e+04
256  0.01225 -1.23629e+04 |257 -0.00046 -1.25365e+04 |258 -0.00056 -1.29780e+04
259  0.00095 -1.32580e+04 |260  0.00574 -1.38087e+04 |261 -0.00150 -1.37687e+04
262  0.00078 -1.39349e+04 |263 -0.01305 -1.39094e+04 |264 -0.01101 -1.41891e+04
265  0.00808 -1.43361e+04 |266 -0.00776 -1.42807e+04 |267  0.00004 -1.44302e+04
268  0.00155 -1.45757e+04 |269 -0.00020 -1.47531e+04 |270  0.00275 -1.53010e+04
271  0.00187 -1.56087e+04 |272 -0.00020 -1.61005e+04 |273  0.00299 -1.66784e+04
274  0.00335 -1.71183e+04 |275 -0.00351 -1.74661e+04 |276 -0.00086 -1.80891e+04
277 -0.00216 -1.83657e+04 |278  0.00509 -1.84373e+04 |279 -0.00478 -1.83555e+04
280 -0.00299 -1.80693e+04 |281  0.00253 -1.80065e+04 |282  0.00073 -1.78255e+04
283 -0.00065 -1.75184e+04 |284  0.00909 -1.72778e+04 |285 -0.00797 -1.70883e+04
286 -0.00356 -1.70952e+04 |287  0.00188 -1.70319e+04 |288  0.00336 -1.72709e+04
289  0.00288 -1.69941e+04 |290 -0.00727 -1.65170e+04 |291 -0.00160 -1.56051e+04
292  0.00293 -1.48484e+04 |293 -0.00161 -1.39343e+04 |294 -0.00380 -1.30459e+04
295 -0.00048 -1.20366e+04 |296 -0.00347 -1.09765e+04 |297  0.00203 -1.00337e+04
298  0.00515 -9.43926e+03 |299  0.00298 -8.34240e+03 |300 -0.00212 -7.28262e+03
301  0.00074 -6.57435e+03 |302 -0.00192 -5.96970e+03 |303  0.00363 -5.49988e+03
304 -0.00124 -5.15199e+03 |305  0.00002 -5.00309e+03 |306  0.00258 -4.89090e+03
307  0.00283 -4.85112e+03 |308 -0.00120 -4.71371e+03 |309 -0.00247 -4.39468e+03
310  0.00788 -3.87377e+03 |311  0.00350 -3.41920e+03 |312 -0.00411 -3.14077e+03
313 -0.00037 -2.73768e+03 |314  0.00147 -2.54512e+03 |315 -0.00227 -2.32568e+03
316 -0.00062 -1.96533e+03 |317  0.00282 -1.33688e+03 |318  0.00130 -8.27586e+02
319 -0.00559 -1.50486e+02 |320  0.00001 -1.84250e-01 |321  0.00001 -1.84622e-01
322  0.00001 -1.90304e-01 |
322 variables; iteration 40; function evaluation 43; phase 5
Function value 3.2839995e+03; maximum gradient component mag -1.8111e+04
Var    Value     Gradient |Var    Value     Gradient |Var    Value     Gradient
  1 -0.03613  8.81378e+02 |  2  0.30670  7.13953e+01 |  3  0.27487  1.02763e+02
  4 -0.04880 -7.83276e+00 |  5 -0.07089  1.48039e-01 |  6  0.09526  9.13116e+01
  7  0.03965 -3.69888e+01 |  8  0.00943 -2.03622e+01 |  9  0.04918 -1.62946e+01
 10  0.01514 -1.90168e+01 | 11  0.21571 -4.66670e+00 | 12 -0.08979  2.57320e+01
 13 -0.05114  5.08688e+00 | 14 -0.14672  2.11705e+01 | 15 -0.16490  1.16502e+01
 16  0.23120 -1.09860e+02 | 17 -0.01218 -2.29706e+01 | 18 -0.13201 -2.23707e+01
 19 -0.05007 -1.28666e+01 | 20 -0.00754  3.53144e+00 | 21 -0.11481 -2.14989e+01
 22  0.03931 -1.01212e+01 | 23 -0.12314 -1.42606e+01 | 24 -0.03455 -5.40064e+01
 25  0.01835 -3.26409e+01 | 26  0.02862 -6.92278e+01 | 27 -0.11358 -2.02572e+01
 28  0.02005 -4.86867e+01 | 29  0.06520 -2.53892e+01 | 30 -0.07944  1.39067e+01
 31 -0.20452 -1.35794e+01 | 32  0.05285  4.51934e+01 | 33  0.05770  3.54624e+01
 34  0.06395  2.47164e+01 | 35  0.03208 -3.07960e+01 | 36 -0.05318  3.11351e+01
 37 -0.03225  1.13386e+01 | 38  0.05500 -5.37531e+01 | 39 -0.07577 -1.87770e+01
 40  0.21226 -5.02302e+00 | 41  0.04902  8.30198e+01 | 42  0.09001  3.34080e+01
 43 -0.06320  4.04612e+01 | 44  0.17800  2.50076e+01 | 45 -0.03788  5.02094e+01
 46 -0.04676 -8.92283e+01 | 47 -0.02059  5.49553e+01 | 48 -0.06801  3.04694e+02
 49  0.11933  1.56006e+02 | 50  0.01346  1.25181e+01 | 51 -0.00619  4.38590e+01
 52  0.01876  1.02754e+01 | 53 -0.03003  6.29854e+01 | 54  0.08765  2.25009e+02
 55  0.01209  1.10995e+02 | 56 -0.05060  2.40996e+01 | 57 -0.05796  1.89300e+02
 58  0.09782  3.76512e+02 | 59 -0.04507 -4.39607e+01 | 60  0.01221 -1.06963e+02
 61  0.00611 -1.25051e+02 | 62  0.07299 -6.67017e+01 | 63  0.09553 -6.43314e+01
 64 -0.05216 -1.12802e+02 | 65 -0.00088 -1.58197e+02 | 66  0.03326 -9.21935e+01
 67  0.00641 -2.47738e+02 | 68 -0.04481 -1.04588e+02 | 69  0.01054 -8.41433e+00
 70  0.01300 -1.11942e+02 | 71  0.15248 -1.89046e+02 | 72 -0.06446  5.50242e+01
 73 -0.04673  3.84186e+01 | 74 -0.04733 -2.17857e+00 | 75 -0.18153  4.14994e+01
 76 -0.64306  8.53936e-01 | 77 -0.79721 -2.66512e+00 | 78 -0.75266 -6.70161e+01
 79 -0.76302 -2.74263e+01 | 80 -0.77588 -2.30640e+01 | 81 -0.82403 -1.27015e+01
 82 -0.89380 -9.15175e+01 | 83 -0.82079  1.89011e+01 | 84 -0.73550  1.31651e+01
 85 -0.83124 -1.33946e+01 | 86 -0.89679 -2.27585e+01 | 87 -0.79920  1.78095e+01
 88 -0.79490  2.94812e+01 | 89 -0.82511  1.20357e+01 | 90 -0.83128  8.30546e-01
 91 -0.79406  6.67681e+00 | 92 -0.79396  1.76503e+01 | 93 -0.95187 -4.73134e+01
 94 -0.84410  4.20537e+01 | 95 -0.84774  2.25220e+01 | 96  0.03791  7.26386e-03
 97 -0.38384 -1.98577e-03 | 98  0.28753  1.49733e-02 | 99  0.35088 -1.00577e+03
100  0.22162 -1.83683e+03 |101  0.17624 -2.88388e+03 |102  0.07993 -4.25077e+03
103 -0.16437 -3.50571e+02 |104 -0.20828 -4.89778e+01 |105 -0.15882  4.65645e+02
106  0.00030  6.22712e+03 |107  0.16631 -1.85022e+01 |108 -0.02227  1.78580e+02
109  0.16154  7.45557e+02 |110  0.08909  7.20436e+02 |111  0.11667 -5.16429e+02
112 -0.05363 -1.06223e+02 |113 -0.33715  2.62490e+02 |114 -0.20046  2.58974e+02
115 -0.22156  1.68824e+02 |116 -0.24356  9.87661e+01 |117  1.00196 -2.48236e-01
118  1.00196 -2.63718e-01 |119  0.01080 -4.91578e+03 |120  0.00234 -4.91424e+03
121  0.00416 -4.90727e+03 |122 -0.00373 -4.86561e+03 |123 -0.00347 -4.86267e+03
124 -0.00254 -4.85951e+03 |125 -0.00142 -4.85596e+03 |126 -0.00062 -4.85296e+03
127  0.01063 -4.79173e+03 |128  0.00177 -4.78173e+03 |129 -0.00090 -4.77963e+03
130 -0.00661 -4.77253e+03 |131 -0.00329 -4.79843e+03 |132 -0.00754 -4.80155e+03
133  0.00488 -4.81642e+03 |134  0.00115 -4.82034e+03 |135 -0.00275 -4.81114e+03
136  0.00807 -4.80847e+03 |137 -0.01306 -4.78305e+03 |138 -0.02132 -4.77111e+03
139  0.02871 -4.70138e+03 |140  0.01082 -4.77288e+03 |141 -0.00954 -4.76749e+03
142 -0.01515 -4.75587e+03 |143  0.01820 -4.67320e+03 |144 -0.01922 -4.59629e+03
145  0.01256 -4.47954e+03 |146  0.00261 -4.38024e+03 |147 -0.00037 -4.34450e+03
148 -0.00632 -4.28428e+03 |149  0.01135 -4.17348e+03 |150  0.00727 -4.16106e+03
151 -0.01385 -4.03185e+03 |152 -0.01404 -3.98289e+03 |153  0.00374 -3.89344e+03
154  0.00729 -3.86303e+03 |155 -0.00152 -3.62294e+03 |156 -0.01172 -3.57477e+03
157 -0.00309 -3.52153e+03 |158  0.01429 -3.44483e+03 |159 -0.00699 -3.37197e+03
160  0.00654 -2.89434e+03 |161 -0.00539 -2.73247e+03 |162 -0.00349 -2.59620e+03
163  0.00277 -2.33227e+03 |164 -0.00078 -2.17747e+03 |165 -0.00114 -1.72151e+03
166  0.00501 -1.48722e+03 |167 -0.00977 -1.40176e+03 |168  0.00101 -1.28238e+03
169  0.01722 -1.01318e+03 |170 -0.02525 -9.71734e+02 |171  0.01344 -8.56055e+02
172  0.01108 -7.68963e+02 |173 -0.00463 -6.45040e+02 |174 -0.00177 -4.68657e+02
175  0.00539 -4.37541e+02 |176  0.00085 -4.00571e+02 |177  0.00156 -3.88591e+02
178 -0.00043 -3.61208e+02 |179  0.00230 -3.48703e+02 |180 -0.00280 -3.09979e+02
181 -0.00057 -2.57020e+02 |182  0.00068 -2.80037e+01 |183 -0.00500 -1.40457e+01
184  0.00004  3.66695e-02 |185  0.00004  3.44634e-02 |186  0.00004  3.21815e-02
187  0.01425 -8.13629e+03 |188 -0.01004 -8.24308e+03 |189 -0.00347 -8.14690e+03
190  0.00802 -8.10117e+03 |191  0.00331 -7.99331e+03 |192 -0.01782 -7.96475e+03
193  0.01677 -7.88241e+03 |194  0.00080 -7.86313e+03 |195 -0.02777 -7.76449e+03
196  0.01813 -8.13541e+03 |197 -0.00324 -8.17458e+03 |198  0.00208 -8.17429e+03
199 -0.00281 -8.37049e+03 |200  0.00660 -8.60642e+03 |201 -0.00548 -8.73096e+03
202  0.00429 -9.25907e+03 |203  0.00339 -9.46920e+03 |204  0.00166 -1.00175e+04
205 -0.00455 -1.05817e+04 |206  0.01688 -1.13641e+04 |207 -0.01883 -1.14955e+04
208  0.00238 -1.21377e+04 |209 -0.00489 -1.24283e+04 |210  0.01482 -1.24098e+04
211 -0.02471 -1.23532e+04 |212  0.01217 -1.21997e+04 |213 -0.00606 -1.20244e+04
214  0.00392 -1.20034e+04 |215  0.00075 -1.20331e+04 |216  0.01009 -1.20752e+04
217 -0.00475 -1.21160e+04 |218 -0.00331 -1.29059e+04 |219  0.01039 -1.30731e+04
220 -0.00580 -1.31587e+04 |221 -0.00209 -1.30543e+04 |222 -0.00447 -1.27596e+04
223  0.00601 -1.24518e+04 |224 -0.00220 -1.18743e+04 |225 -0.00804 -1.17446e+04
226  0.00360 -1.15926e+04 |227  0.00472 -1.13157e+04 |228 -0.00513 -1.05905e+04
229  0.00342 -9.92692e+03 |230 -0.00306 -9.53686e+03 |231 -0.00276 -8.77253e+03
232  0.00295 -7.96167e+03 |233 -0.00202 -7.24032e+03 |234  0.00118 -6.42297e+03
235  0.00153 -6.24060e+03 |236 -0.00075 -5.93097e+03 |237 -0.00465 -5.74575e+03
238  0.00588 -5.73419e+03 |239 -0.00863 -5.48017e+03 |240  0.00538 -5.01672e+03
241  0.00812 -4.74673e+03 |242  0.00027 -4.23959e+03 |243 -0.00490 -3.68040e+03
244 -0.00543 -3.60794e+03 |245  0.00256 -3.68474e+03 |246  0.00249 -3.63015e+03
247 -0.00484 -3.29369e+03 |248 -0.00206 -3.06766e+03 |249  0.00325 -2.41400e+03
250 -0.00521 -1.52561e+03 |251  0.00265 -3.42151e+02 |252 -0.00001 -2.49777e-01
253 -0.00001 -2.46791e-01 |254 -0.00002 -2.67858e-01 |255  0.01422 -1.24851e+04
256 -0.00037 -1.30047e+04 |257 -0.00597 -1.31008e+04 |258 -0.00147 -1.32456e+04
259  0.00194 -1.32714e+04 |260  0.00824 -1.32999e+04 |261 -0.01012 -1.31721e+04
262  0.00309 -1.30773e+04 |263  0.00786 -1.29059e+04 |264 -0.02246 -1.32591e+04
265  0.00756 -1.35488e+04 |266 -0.00929 -1.35530e+04 |267  0.00252 -1.38180e+04
268 -0.00106 -1.42034e+04 |269  0.00145 -1.44760e+04 |270  0.00050 -1.50343e+04
271  0.00124 -1.54778e+04 |272  0.00169 -1.60661e+04 |273  0.00241 -1.67390e+04
274 -0.00234 -1.73241e+04 |275 -0.00176 -1.74340e+04 |276 -0.00118 -1.79906e+04
277  0.00286 -1.80714e+04 |278 -0.00188 -1.81105e+04 |279  0.00604 -1.78959e+04
280 -0.01033 -1.77435e+04 |281  0.00601 -1.77090e+04 |282 -0.00396 -1.77184e+04
283 -0.00058 -1.75956e+04 |284  0.00190 -1.74840e+04 |285  0.00192 -1.72150e+04
286  0.00060 -1.76072e+04 |287 -0.00472 -1.75689e+04 |288  0.00594 -1.75592e+04
289  0.00118 -1.72472e+04 |290 -0.00442 -1.66302e+04 |291 -0.00414 -1.59259e+04
292  0.00415 -1.52862e+04 |293  0.00116 -1.44496e+04 |294 -0.00396 -1.38975e+04
295 -0.00193 -1.33473e+04 |296 -0.00272 -1.23880e+04 |297  0.00038 -1.16440e+04
298  0.00362 -1.10977e+04 |299  0.00167 -9.94425e+03 |300 -0.00293 -8.72955e+03
301  0.00175 -7.75303e+03 |302 -0.00083 -6.81316e+03 |303  0.00391 -6.23723e+03
304 -0.00068 -5.70000e+03 |305 -0.00060 -5.50178e+03 |306 -0.00108 -5.34309e+03
307  0.00455 -4.95181e+03 |308 -0.00062 -4.32992e+03 |309 -0.00052 -3.93233e+03
310  0.00843 -3.63982e+03 |311  0.00295 -3.37389e+03 |312  0.00044 -3.22879e+03
313 -0.00285 -3.32897e+03 |314  0.00015 -3.54770e+03 |315 -0.00199 -3.45058e+03
316 -0.00174 -3.19055e+03 |317 -0.00213 -2.53288e+03 |318  0.00105 -1.67948e+03
319 -0.00628 -5.70976e+02 |320 -0.00004 -2.96018e-01 |321 -0.00004 -2.93214e-01
322 -0.00003 -3.18080e-01 |
322 variables; iteration 60; function evaluation 63; phase 5
Function value 3.2428480e+03; maximum gradient component mag -1.7873e+04
Var    Value     Gradient |Var    Value     Gradient |Var    Value     Gradient
  1 -0.03610 -6.30061e+01 |  2  0.15680  3.03598e+01 |  3  0.10751 -5.04301e+00
  4 -0.01245  6.85374e+00 |  5 -0.05025  1.99529e+01 |  6  0.03603 -1.71479e+01
  7  0.06977 -1.48918e-01 |  8 -0.00707 -4.46190e+00 |  9  0.05102 -1.55116e+01
 10  0.01775  3.80679e+00 | 11  0.21984  4.04056e+01 | 12 -0.14735 -3.23567e+00
 13 -0.03683  3.10467e+01 | 14 -0.17052  1.24087e+01 | 15 -0.18755  1.34216e+00
 16  0.23294 -5.19819e+01 | 17  0.01390  2.92858e+01 | 18 -0.09455  2.24368e+01
 19 -0.04745 -2.79698e+00 | 20 -0.02065 -3.72350e+01 | 21 -0.08265  1.12251e+01
 22  0.03212 -3.26508e+01 | 23 -0.13027 -1.30278e+01 | 24 -0.02684 -2.29123e+01
 25  0.00628 -6.17505e+01 | 26  0.03325 -5.39472e+01 | 27 -0.12657 -2.54418e+01
 28  0.02100 -6.27041e+01 | 29  0.06044 -4.66723e+01 | 30 -0.08188 -1.33266e+00
 31 -0.18096  1.01369e+00 | 32  0.04291  1.60569e+01 | 33  0.06755  3.54355e+01
 34  0.05390  1.01987e+01 | 35  0.04481  1.95015e+01 | 36 -0.05513  4.27874e+01
 37 -0.01982  5.11598e+01 | 38  0.05286 -6.99699e+01 | 39 -0.10239 -4.15913e+01
 40  0.21362  3.42754e+01 | 41  0.04542  5.65144e+01 | 42  0.09124  2.52423e+01
 43 -0.06601  5.58080e+00 | 44  0.17973  9.69793e+01 | 45 -0.03903  2.42580e+01
 46 -0.04651 -8.80452e+01 | 47 -0.02120  2.83585e+01 | 48 -0.07726  1.54652e+02
 49  0.11943  1.36145e+02 | 50  0.01150 -4.76665e+01 | 51 -0.00519  4.31710e+01
 52  0.01786 -1.06392e+01 | 53 -0.02991  7.83246e+01 | 54  0.08913  1.64555e+02
 55  0.01751  9.84709e+01 | 56 -0.04717  8.54876e+01 | 57 -0.05608  2.48074e+02
 58  0.09858  2.54984e+02 | 59 -0.04203 -3.28643e+01 | 60  0.01353 -1.35164e+02
 61  0.00734 -1.02214e+02 | 62  0.07386 -1.43751e+02 | 63  0.09765 -8.78463e+01
 64 -0.05293 -1.33350e+02 | 65 -0.00098 -1.11856e+02 | 66  0.03406 -7.33006e+01
 67  0.00823 -2.31603e+02 | 68 -0.04220 -4.90315e+01 | 69  0.01234  1.36079e+00
 70  0.01774 -4.74757e+01 | 71  0.15505 -1.29145e+02 | 72 -0.06450  6.69863e+01
 73 -0.04433  5.89950e+01 | 74 -0.04725 -1.59740e+01 | 75 -0.43091  2.92369e+01
 76 -0.71561 -7.48198e+01 | 77 -0.81094 -2.73932e+01 | 78 -0.65178  5.37188e+01
 79 -0.73109  2.05597e+01 | 80 -0.76042  3.26530e+00 | 81 -0.82875 -1.53191e+01
 82 -0.83924  4.16548e+01 | 83 -0.83097 -6.63025e+00 | 84 -0.74657  3.77789e+00
 85 -0.81032  2.91454e+01 | 86 -0.82400  1.58533e+01 | 87 -0.80644  8.02135e+00
 88 -0.83527 -1.27916e+01 | 89 -0.83365 -5.35216e+00 | 90 -0.81872  2.10768e+01
 91 -0.80045 -7.97439e+00 | 92 -0.80451 -1.84543e+00 | 93 -0.76990  7.43175e+01
 94 -0.85038  8.24098e+00 | 95 -0.84860  5.98750e+00 | 96  0.03790  8.63754e-03
 97 -0.38384 -2.61646e-03 | 98  0.28760  2.24515e-02 | 99  0.34911 -9.88485e+02
100  0.21852 -1.94716e+03 |101  0.17464 -2.95852e+03 |102  0.08042 -4.11377e+03
103 -0.16527 -5.89222e+02 |104 -0.20933 -1.99723e+02 |105 -0.15595  4.60332e+02
106  0.00043  6.28672e+03 |107  0.16575 -2.52627e+02 |108 -0.02160  3.26390e+02
109  0.16385  7.65208e+02 |110  0.08147  6.12470e+02 |111  0.11143 -6.31562e+02
112 -0.05141 -1.44068e+02 |113 -0.34185  2.61069e+02 |114 -0.19245  3.13036e+02
115 -0.23431  2.23917e+02 |116 -0.21296  1.72004e+02 |117  1.01105 -4.60073e-01
118  1.01113 -5.46616e-01 |119  0.00804 -4.82404e+03 |120  0.00005 -4.81339e+03
121  0.01165 -4.79780e+03 |122 -0.01023 -4.75782e+03 |123 -0.00490 -4.75427e+03
124 -0.00265 -4.74515e+03 |125 -0.00161 -4.74021e+03 |126  0.00082 -4.73409e+03
127  0.02281 -4.64477e+03 |128  0.00120 -4.64460e+03 |129 -0.00395 -4.64385e+03
130 -0.01853 -4.64085e+03 |131  0.00561 -4.63411e+03 |132 -0.01469 -4.63201e+03
133  0.00959 -4.62533e+03 |134  0.00801 -4.62217e+03 |135 -0.00847 -4.62364e+03
136  0.01353 -4.62172e+03 |137 -0.00774 -4.60851e+03 |138 -0.03025 -4.62065e+03
139  0.02479 -4.59997e+03 |140  0.01706 -4.64695e+03 |141 -0.00683 -4.64691e+03
142 -0.02418 -4.64083e+03 |143  0.02118 -4.53889e+03 |144 -0.02226 -4.44483e+03
145  0.02238 -4.32039e+03 |146 -0.01120 -4.26498e+03 |147  0.00849 -4.19217e+03
148 -0.00659 -4.13690e+03 |149 -0.00151 -4.05526e+03 |150  0.01926 -4.01193e+03
151 -0.01550 -3.88273e+03 |152 -0.01026 -3.83551e+03 |153  0.00359 -3.77385e+03
154  0.00532 -3.74936e+03 |155 -0.00107 -3.49921e+03 |156 -0.01298 -3.45461e+03
157 -0.00388 -3.40616e+03 |158  0.01232 -3.30886e+03 |159 -0.00359 -3.22377e+03
160  0.00624 -2.79208e+03 |161 -0.00507 -2.64033e+03 |162 -0.00475 -2.50537e+03
163  0.00326 -2.22906e+03 |164 -0.00010 -2.07888e+03 |165 -0.00085 -1.66897e+03
166  0.00277 -1.46625e+03 |167 -0.00811 -1.37797e+03 |168  0.00094 -1.28224e+03
169  0.01415 -1.00307e+03 |170 -0.02354 -9.36480e+02 |171  0.01322 -8.01868e+02
172  0.01334 -7.14878e+02 |173 -0.00339 -6.09575e+02 |174 -0.00621 -4.71507e+02
175  0.00905 -4.36438e+02 |176 -0.00113 -4.04575e+02 |177  0.00246 -3.90816e+02
178 -0.00173 -3.67393e+02 |179  0.00318 -3.52736e+02 |180 -0.00265 -3.08951e+02
181 -0.00102 -2.53309e+02 |182  0.00208 -2.24135e+01 |183 -0.00620 -1.25636e+01
184  0.00016  7.66999e-02 |185  0.00016  7.50362e-02 |186  0.00017  7.32404e-02
187 -0.00331 -8.61645e+03 |188  0.00968 -8.60951e+03 |189 -0.00832 -8.43783e+03
190  0.01092 -8.28182e+03 |191 -0.00250 -8.10225e+03 |192 -0.01301 -8.06257e+03
193  0.01231 -7.95196e+03 |194  0.00916 -7.91197e+03 |195 -0.02952 -7.80801e+03
196  0.01808 -8.20617e+03 |197 -0.00264 -8.21129e+03 |198 -0.00226 -8.22656e+03
199 -0.00105 -8.42218e+03 |200  0.01259 -8.64558e+03 |201 -0.01492 -8.79757e+03
202  0.00721 -9.18591e+03 |203  0.00691 -9.33622e+03 |204 -0.00100 -9.81885e+03
205 -0.00259 -1.03968e+04 |206  0.01798 -1.11447e+04 |207 -0.01904 -1.13233e+04
208 -0.00019 -1.20039e+04 |209 -0.00179 -1.22994e+04 |210  0.01243 -1.23751e+04
211 -0.02966 -1.22781e+04 |212  0.02003 -1.21067e+04 |213 -0.01232 -1.20419e+04
214  0.00816 -1.18467e+04 |215 -0.00121 -1.17690e+04 |216  0.01133 -1.17587e+04
217 -0.00582 -1.17773e+04 |218 -0.00367 -1.25695e+04 |219  0.01602 -1.27778e+04
220 -0.01037 -1.30781e+04 |221 -0.00406 -1.29865e+04 |222 -0.00393 -1.26040e+04
223  0.00686 -1.22394e+04 |224 -0.00077 -1.14696e+04 |225 -0.00871 -1.13513e+04
226  0.00467 -1.11668e+04 |227  0.00347 -1.09617e+04 |228 -0.00507 -1.03149e+04
229  0.00281 -9.68718e+03 |230 -0.00223 -9.21171e+03 |231 -0.00234 -8.41847e+03
232  0.00349 -7.63981e+03 |233 -0.00276 -7.00854e+03 |234  0.00158 -6.32307e+03
235  0.00131 -6.15428e+03 |236 -0.00168 -5.90522e+03 |237 -0.00560 -5.63617e+03
238  0.00719 -5.37837e+03 |239 -0.00841 -5.10709e+03 |240  0.00490 -4.79414e+03
241  0.00939 -4.56581e+03 |242  0.00102 -4.18129e+03 |243 -0.00661 -3.71914e+03
244 -0.00398 -3.64275e+03 |245  0.00246 -3.74485e+03 |246  0.00196 -3.72669e+03
247 -0.00637 -3.39901e+03 |248 -0.00201 -3.10500e+03 |249  0.00398 -2.38843e+03
250 -0.00578 -1.50619e+03 |251  0.00372 -3.26775e+02 |252  0.00006 -3.12177e-01
253  0.00006 -3.08588e-01 |254  0.00005 -3.34298e-01 |255  0.02405 -1.27909e+04
256 -0.01331 -1.33195e+04 |257 -0.00048 -1.31935e+04 |258 -0.00303 -1.33087e+04
259  0.00124 -1.32470e+04 |260  0.00927 -1.31496e+04 |261 -0.00890 -1.30166e+04
262  0.00040 -1.29469e+04 |263  0.00895 -1.27760e+04 |264 -0.02283 -1.31683e+04
265  0.01005 -1.34292e+04 |266 -0.00829 -1.34751e+04 |267 -0.00110 -1.37600e+04
268 -0.00157 -1.41338e+04 |269  0.00527 -1.45523e+04 |270 -0.00468 -1.50223e+04
271  0.00078 -1.53551e+04 |272  0.00357 -1.58391e+04 |273  0.00122 -1.64126e+04
274 -0.00018 -1.69502e+04 |275 -0.00352 -1.70647e+04 |276  0.00114 -1.76413e+04
277  0.00170 -1.77813e+04 |278 -0.00064 -1.78734e+04 |279  0.00967 -1.76730e+04
280 -0.01559 -1.75336e+04 |281  0.00821 -1.75432e+04 |282 -0.00667 -1.74564e+04
283  0.00038 -1.73022e+04 |284  0.00221 -1.70717e+04 |285  0.00274 -1.68474e+04
286 -0.00040 -1.72470e+04 |287 -0.00730 -1.72736e+04 |288  0.00867 -1.74341e+04
289  0.00221 -1.71506e+04 |290 -0.00521 -1.65384e+04 |291 -0.00506 -1.58573e+04
292  0.00396 -1.50527e+04 |293  0.00178 -1.41610e+04 |294 -0.00398 -1.35791e+04
295 -0.00102 -1.30776e+04 |296 -0.00230 -1.22334e+04 |297 -0.00186 -1.15684e+04
298  0.00447 -1.09617e+04 |299  0.00135 -9.77119e+03 |300 -0.00309 -8.53828e+03
301  0.00345 -7.56803e+03 |302 -0.00168 -6.75457e+03 |303  0.00395 -6.16405e+03
304 -0.00133 -5.66213e+03 |305 -0.00032 -5.37352e+03 |306 -0.00002 -5.05780e+03
307  0.00539 -4.72762e+03 |308 -0.00125 -4.31305e+03 |309 -0.00139 -4.03861e+03
310  0.00747 -3.82835e+03 |311  0.00317 -3.52774e+03 |312 -0.00005 -3.32735e+03
313 -0.00291 -3.43418e+03 |314  0.00060 -3.60085e+03 |315 -0.00131 -3.44463e+03
316 -0.00121 -3.13633e+03 |317 -0.00205 -2.44684e+03 |318  0.00193 -1.64956e+03
319 -0.00790 -6.16396e+02 |320 -0.00007 -3.64143e-01 |321 -0.00008 -3.65222e-01
322 -0.00004 -3.85266e-01 |
322 variables; iteration 80; function evaluation 83; phase 5
Function value 3.2361683e+03; maximum gradient component mag -1.7988e+04
Var    Value     Gradient |Var    Value     Gradient |Var    Value     Gradient
  1 -0.03593  3.23077e+02 |  2  0.04868 -2.02192e-01 |  3  0.07439 -2.95667e+01
  4 -0.01226  9.24582e+00 |  5 -0.06876  1.47868e+01 |  6  0.04098 -1.83731e+00
  7  0.06147 -1.24378e+01 |  8 -0.00860 -1.11851e+01 |  9  0.05007 -1.78482e+01
 10  0.01662 -5.63360e+00 | 11  0.21883  1.78960e+01 | 12 -0.15187 -1.17965e+01
 13 -0.03531  2.93413e+01 | 14 -0.16785  7.59473e+00 | 15 -0.18489 -4.25236e+00
 16  0.23371 -5.68506e+01 | 17  0.01006  1.76970e+01 | 18 -0.09624  1.26316e+01
 19 -0.04734 -8.03117e+00 | 20 -0.01870 -2.89576e+01 | 21 -0.08606  2.21200e+00
 22  0.03256 -3.74024e+01 | 23 -0.12747 -1.70450e+01 | 24 -0.02773 -1.82400e+01
 25  0.00784 -5.72937e+01 | 26  0.03134 -6.31058e+01 | 27 -0.12475 -3.29778e+01
 28  0.01743 -7.62559e+01 | 29  0.06018 -4.08832e+01 | 30 -0.08181 -3.60765e+00
 31 -0.17012  2.24421e+00 | 32  0.04343  2.08360e+01 | 33  0.06682  3.64023e+01
 34  0.05420  9.81526e+00 | 35  0.04440  2.74449e+01 | 36 -0.05599  3.57010e+01
 37 -0.02305  4.20293e+01 | 38  0.05487 -6.67467e+01 | 39 -0.09831 -4.19548e+01
 40  0.21375  4.05799e+01 | 41  0.04323  3.81124e+01 | 42  0.08995  1.06507e+01
 43 -0.06616  1.39668e+00 | 44  0.17960  1.19284e+02 | 45 -0.03859  3.18297e+01
 46 -0.04652 -8.96020e+01 | 47 -0.02183  1.25596e+01 | 48 -0.07615  1.76196e+02
 49  0.11896  1.45335e+02 | 50  0.01091 -5.33866e+01 | 51 -0.00502  5.79016e+01
 52  0.01817  2.59385e+00 | 53 -0.02918  9.39605e+01 | 54  0.08918  2.20838e+02
 55  0.01670  1.17591e+02 | 56 -0.04846  6.35126e+01 | 57 -0.05579  2.61262e+02
 58  0.09834  2.85149e+02 | 59 -0.04207 -1.91218e+01 | 60  0.01284 -1.33994e+02
 61  0.00708 -9.79649e+01 | 62  0.07352 -1.32158e+02 | 63  0.09631 -1.42455e+02
 64 -0.05287 -1.23490e+02 | 65 -0.00154 -1.25307e+02 | 66  0.03326 -1.23969e+02
 67  0.00846 -2.09434e+02 | 68 -0.04175 -2.95501e+01 | 69  0.01219 -2.41275e+01
 70  0.01734 -7.51668e+01 | 71  0.15587 -7.00534e+01 | 72 -0.06437  5.58677e+01
 73 -0.04435  4.97395e+01 | 74 -0.04687 -2.15022e+01 | 75 -0.54618 -4.20740e+01
 76 -0.70115 -6.88943e+01 | 77 -0.80838 -2.72869e+01 | 78 -0.66725  1.84794e+01
 79 -0.73626  6.19427e+00 | 80 -0.76187 -3.74939e+00 | 81 -0.82604 -1.31350e+01
 82 -0.84184  2.80667e+01 | 83 -0.82979 -6.16541e+00 | 84 -0.74304  3.19232e+00
 85 -0.81307  2.12605e+01 | 86 -0.82098  1.77225e+01 | 87 -0.80388  7.91566e+00
 88 -0.82992 -9.41105e+00 | 89 -0.83258 -4.02155e+00 | 90 -0.82416  7.32130e+00
 91 -0.80295 -1.48208e+01 | 92 -0.80428 -1.23768e+00 | 93 -0.78304  3.74952e+01
 94 -0.85026  9.26959e+00 | 95 -0.84957  2.15102e+00 | 96  0.03788  7.68615e-03
 97 -0.38384 -2.24014e-03 | 98  0.28769  1.92326e-02 | 99  0.34979 -9.89731e+02
100  0.21907 -1.96577e+03 |101  0.17500 -2.98399e+03 |102  0.08051 -4.05965e+03
103 -0.16522 -5.57117e+02 |104 -0.20963 -1.76349e+02 |105 -0.15598  4.87596e+02
106  0.00045  6.44321e+03 |107  0.16573 -1.83607e+02 |108 -0.02161  4.17356e+02
109  0.16404  8.07016e+02 |110  0.08130  6.24022e+02 |111  0.11183 -6.16646e+02
112 -0.05017 -7.99212e+01 |113 -0.34267  1.23901e+02 |114 -0.19273  2.79323e+02
115 -0.23142  2.11193e+02 |116 -0.21770  1.59046e+02 |117  1.02250 -6.97712e-01
118  1.02289 -8.83397e-01 |119  0.01128 -4.83209e+03 |120 -0.00226 -4.82613e+03
121  0.01122 -4.81225e+03 |122 -0.01166 -4.77573e+03 |123 -0.00172 -4.77126e+03
124 -0.00379 -4.76405e+03 |125 -0.00225 -4.75998e+03 |126  0.00014 -4.75370e+03
127  0.02106 -4.66321e+03 |128  0.00226 -4.66092e+03 |129 -0.00227 -4.65982e+03
130 -0.01853 -4.65735e+03 |131  0.00512 -4.65191e+03 |132 -0.01419 -4.65033e+03
133  0.00929 -4.64818e+03 |134  0.00619 -4.64837e+03 |135 -0.00710 -4.64871e+03
136  0.01334 -4.64282e+03 |137 -0.00933 -4.63085e+03 |138 -0.02930 -4.64017e+03
139  0.02492 -4.62765e+03 |140  0.01735 -4.66364e+03 |141 -0.00406 -4.66270e+03
142 -0.02855 -4.65770e+03 |143  0.02403 -4.54792e+03 |144 -0.02265 -4.46929e+03
145  0.01987 -4.35659e+03 |146 -0.00810 -4.28717e+03 |147  0.00660 -4.22042e+03
148 -0.00527 -4.16177e+03 |149  0.00019 -4.07999e+03 |150  0.01680 -4.04595e+03
151 -0.01554 -3.91743e+03 |152 -0.01115 -3.86998e+03 |153  0.00363 -3.80199e+03
154  0.00593 -3.77335e+03 |155 -0.00055 -3.51572e+03 |156 -0.01253 -3.47242e+03
157 -0.00399 -3.42931e+03 |158  0.01298 -3.33019e+03 |159 -0.00433 -3.25052e+03
160  0.00643 -2.80618e+03 |161 -0.00559 -2.66417e+03 |162 -0.00534 -2.53410e+03
163  0.00316 -2.24634e+03 |164  0.00053 -2.08355e+03 |165 -0.00074 -1.67259e+03
166  0.00298 -1.47028e+03 |167 -0.00858 -1.38216e+03 |168  0.00088 -1.28873e+03
169  0.01443 -9.91870e+02 |170 -0.02378 -9.25351e+02 |171  0.01358 -7.87167e+02
172  0.01350 -6.98683e+02 |173 -0.00354 -6.00627e+02 |174 -0.00603 -4.65234e+02
175  0.00827 -4.30992e+02 |176 -0.00115 -3.97852e+02 |177  0.00244 -3.79711e+02
178 -0.00113 -3.53040e+02 |179  0.00340 -3.38152e+02 |180 -0.00251 -2.98659e+02
181 -0.00116 -2.49810e+02 |182  0.00118 -2.63194e+01 |183 -0.00643 -1.50646e+01
184  0.00024  9.13985e-02 |185  0.00024  9.05237e-02 |186  0.00025  8.95848e-02
187 -0.00112 -8.70103e+03 |188  0.00803 -8.70519e+03 |189 -0.00820 -8.57682e+03
190  0.01039 -8.44160e+03 |191 -0.00363 -8.26133e+03 |192 -0.00789 -8.22164e+03
193  0.00831 -8.14208e+03 |194  0.00830 -8.09340e+03 |195 -0.03004 -7.98549e+03
196  0.01787 -8.37953e+03 |197 -0.00177 -8.36155e+03 |198 -0.00198 -8.37439e+03
199 -0.00169 -8.52751e+03 |200  0.01293 -8.67959e+03 |201 -0.01331 -8.82884e+03
202  0.00734 -9.31883e+03 |203  0.00494 -9.49741e+03 |204  0.00051 -9.93656e+03
205 -0.00343 -1.05325e+04 |206  0.01910 -1.12854e+04 |207 -0.02105 -1.14732e+04
208  0.00056 -1.21427e+04 |209 -0.00174 -1.23849e+04 |210  0.01402 -1.24535e+04
211 -0.03184 -1.23549e+04 |212  0.02061 -1.22055e+04 |213 -0.01147 -1.21420e+04
214  0.00717 -1.19847e+04 |215 -0.00090 -1.18525e+04 |216  0.01074 -1.18392e+04
217 -0.00465 -1.18467e+04 |218 -0.00420 -1.26781e+04 |219  0.01560 -1.28858e+04
220 -0.00965 -1.31684e+04 |221 -0.00443 -1.30840e+04 |222 -0.00390 -1.26523e+04
223  0.00688 -1.22832e+04 |224 -0.00054 -1.15699e+04 |225 -0.00981 -1.14634e+04
226  0.00525 -1.12437e+04 |227  0.00296 -1.09828e+04 |228 -0.00410 -1.02744e+04
229  0.00308 -9.70604e+03 |230 -0.00234 -9.27507e+03 |231 -0.00242 -8.50485e+03
232  0.00333 -7.70763e+03 |233 -0.00299 -7.06522e+03 |234  0.00135 -6.35453e+03
235  0.00165 -6.16380e+03 |236 -0.00172 -5.94542e+03 |237 -0.00565 -5.66063e+03
238  0.00755 -5.37049e+03 |239 -0.00883 -5.10615e+03 |240  0.00545 -4.75215e+03
241  0.00912 -4.56141e+03 |242  0.00066 -4.19055e+03 |243 -0.00644 -3.71474e+03
244 -0.00442 -3.63834e+03 |245  0.00253 -3.71463e+03 |246  0.00201 -3.65703e+03
247 -0.00586 -3.30221e+03 |248 -0.00208 -3.03403e+03 |249  0.00393 -2.36875e+03
250 -0.00576 -1.48469e+03 |251  0.00395 -3.13210e+02 |252  0.00010 -2.62584e-01
253  0.00010 -2.58436e-01 |254  0.00008 -2.82737e-01 |255  0.02038 -1.29067e+04
256 -0.00863 -1.34334e+04 |257 -0.00186 -1.33851e+04 |258 -0.00292 -1.34838e+04
259  0.00196 -1.34073e+04 |260  0.00653 -1.33671e+04 |261 -0.00764 -1.32559e+04
262  0.00209 -1.31305e+04 |263  0.00961 -1.29593e+04 |264 -0.02316 -1.33506e+04
265  0.00904 -1.36697e+04 |266 -0.00882 -1.37206e+04 |267 -0.00033 -1.39586e+04
268 -0.00194 -1.43004e+04 |269  0.00497 -1.46968e+04 |270 -0.00480 -1.52418e+04
271  0.00122 -1.55229e+04 |272  0.00289 -1.59514e+04 |273  0.00197 -1.64899e+04
274  0.00006 -1.70204e+04 |275 -0.00297 -1.71880e+04 |276 -0.00001 -1.77776e+04
277  0.00222 -1.78878e+04 |278 -0.00062 -1.79880e+04 |279  0.01046 -1.77923e+04
280 -0.01683 -1.76682e+04 |281  0.00784 -1.76671e+04 |282 -0.00659 -1.75702e+04
283  0.00099 -1.73449e+04 |284  0.00241 -1.71278e+04 |285  0.00258 -1.69176e+04
286 -0.00014 -1.73677e+04 |287 -0.00762 -1.73990e+04 |288  0.00853 -1.75343e+04
289  0.00156 -1.72429e+04 |290 -0.00429 -1.65564e+04 |291 -0.00485 -1.58921e+04
292  0.00372 -1.51465e+04 |293  0.00198 -1.42793e+04 |294 -0.00476 -1.36867e+04
295 -0.00057 -1.31118e+04 |296 -0.00203 -1.22466e+04 |297 -0.00195 -1.16287e+04
298  0.00427 -1.10385e+04 |299  0.00076 -9.86288e+03 |300 -0.00315 -8.56995e+03
301  0.00393 -7.53560e+03 |302 -0.00127 -6.69884e+03 |303  0.00456 -6.13882e+03
304 -0.00216 -5.74062e+03 |305 -0.00048 -5.44415e+03 |306 -0.00033 -5.09717e+03
307  0.00556 -4.73051e+03 |308 -0.00110 -4.26822e+03 |309 -0.00135 -4.00639e+03
310  0.00766 -3.79699e+03 |311  0.00325 -3.49970e+03 |312 -0.00005 -3.31672e+03
313 -0.00306 -3.40303e+03 |314  0.00048 -3.54195e+03 |315 -0.00092 -3.35993e+03
316 -0.00123 -3.09662e+03 |317 -0.00265 -2.46036e+03 |318  0.00219 -1.64134e+03
319 -0.00792 -6.15936e+02 |320 -0.00013 -3.37518e-01 |321 -0.00014 -3.38132e-01
322 -0.00007 -3.48037e-01 |
322 variables; iteration 100; function evaluation 103; phase 5
Function value 3.2293170e+03; maximum gradient component mag -1.7139e+04
Var    Value     Gradient |Var    Value     Gradient |Var    Value     Gradient
  1 -0.03644  4.76473e+03 |  2 -0.05505 -1.66580e+01 |  3  0.13807  2.08032e+01
  4 -0.03755  1.39251e+01 |  5 -0.04325  3.90728e+01 |  6  0.04630  3.09603e+01
  7  0.06192  1.37372e+01 |  8 -0.01307  1.90307e+00 |  9  0.05248  1.60589e+01
 10  0.01311 -2.53718e+01 | 11  0.21945  1.08168e+02 | 12 -0.15253 -4.37430e+01
 13 -0.03810  5.82879e+00 | 14 -0.17314 -2.69187e+01 | 15 -0.18702 -3.66890e+01
 16  0.23696  1.92600e+02 | 17  0.00592  2.43089e+01 | 18 -0.09728 -4.59301e+00
 19 -0.04631  1.81885e+00 | 20 -0.01521  9.13673e+00 | 21 -0.08913  1.85920e+00
 22  0.03389  4.52780e+01 | 23 -0.13072 -2.76588e+01 | 24 -0.02612  8.14105e+00
 25  0.01029  5.22500e+00 | 26  0.03269  6.47543e+00 | 27 -0.12934 -4.64339e+01
 28  0.02274 -5.10395e+00 | 29  0.06560  9.29027e+01 | 30 -0.07777  9.65415e+00
 31 -0.17786 -2.17035e+01 | 32  0.04402  7.54183e+01 | 33  0.06348  9.01388e+01
 34  0.05310  5.32858e+01 | 35  0.03995  6.30282e+01 | 36 -0.05322  4.27876e+01
 37 -0.02437  5.53556e+01 | 38  0.05671 -2.69179e+01 | 39 -0.10464 -6.97237e+01
 40  0.21625  1.69042e+02 | 41  0.04563  6.35581e+01 | 42  0.09288  6.39958e+01
 43 -0.06593 -2.55129e+01 | 44  0.18032  2.15120e+02 | 45 -0.03798  2.10637e+01
 46 -0.04561 -9.47114e+01 | 47 -0.02146 -1.04713e+01 | 48 -0.07556  1.48618e+02
 49  0.11945  1.64240e+02 | 50  0.01102 -7.42882e+01 | 51 -0.00484  4.06986e+01
 52  0.01775 -3.28495e+01 | 53 -0.03032  4.39765e+01 | 54  0.08892  1.73896e+02
 55  0.01691  6.43552e+01 | 56 -0.04798  4.91058e+01 | 57 -0.05523  2.27443e+02
 58  0.09817  1.73278e+02 | 59 -0.04048 -1.43097e+01 | 60  0.01378 -1.42721e+02
 61  0.00720 -1.77139e+02 | 62  0.07444 -1.76538e+02 | 63  0.09795 -1.52023e+02
 64 -0.05215 -1.67583e+02 | 65 -0.00127 -1.71560e+02 | 66  0.03322 -2.16871e+02
 67  0.00875 -2.74907e+02 | 68 -0.04174 -8.55688e+01 | 69  0.01306 -5.25402e+01
 70  0.01707 -1.50264e+02 | 71  0.15624 -1.28031e+02 | 72 -0.06415  1.03581e+01
 73 -0.04393  7.20420e+00 | 74 -0.04692 -6.88006e+01 | 75 -0.53051 -3.64047e+01
 76 -0.72858 -9.16436e+01 | 77 -0.80685 -2.55218e+01 | 78 -0.66830  1.33567e+01
 79 -0.73984 -3.12201e+00 | 80 -0.76122 -3.95007e+00 | 81 -0.82542 -1.10522e+01
 82 -0.84811  5.04746e+00 | 83 -0.83074 -9.46775e+00 | 84 -0.74404  3.14121e+00
 85 -0.81736  1.47165e+01 | 86 -0.79953  4.29339e+01 | 87 -0.80309  9.44439e+00
 88 -0.83747 -1.35241e+01 | 89 -0.82914  2.09557e+00 | 90 -0.82765  2.58845e+00
 91 -0.79967 -9.21534e+00 | 92 -0.80213  2.39555e+00 | 93 -0.78215  3.90396e+01
 94 -0.84690  2.21959e+01 | 95 -0.84539  1.86761e+01 | 96  0.03774  7.59178e-03
 97 -0.38387 -2.63785e-03 | 98  0.28840  2.24808e-02 | 99  0.34984 -9.24688e+02
100  0.22000 -1.86098e+03 |101  0.17378 -2.71278e+03 |102  0.08073 -3.91823e+03
103 -0.16541 -4.99433e+02 |104 -0.20963 -8.82264e+01 |105 -0.15573  5.67761e+02
106  0.00043  6.56694e+03 |107  0.16567 -1.01847e+02 |108 -0.02151  5.61902e+02
109  0.16424  8.53985e+02 |110  0.08035  6.22073e+02 |111  0.11261 -6.00267e+02
112 -0.05043 -8.20484e+01 |113 -0.34266  8.54330e+01 |114 -0.19467  2.50726e+02
115 -0.23425  2.16583e+02 |116 -0.20789  1.79075e+02 |117  1.12221 -3.36104e+00
118  1.12909 -4.68225e+00 |119  0.00953 -4.51519e+03 |120  0.00004 -4.50529e+03
121  0.01187 -4.49240e+03 |122 -0.01642 -4.46040e+03 |123  0.00047 -4.45412e+03
124 -0.00437 -4.44823e+03 |125 -0.00108 -4.44340e+03 |126  0.00067 -4.43766e+03
127  0.02583 -4.35430e+03 |128  0.00069 -4.35770e+03 |129 -0.00356 -4.35680e+03
130 -0.02150 -4.35472e+03 |131  0.01075 -4.34024e+03 |132 -0.01819 -4.35307e+03
133  0.00743 -4.34817e+03 |134  0.00925 -4.34155e+03 |135 -0.00853 -4.34620e+03
136  0.01283 -4.34517e+03 |137 -0.00778 -4.33087e+03 |138 -0.03118 -4.34274e+03
139  0.02567 -4.32351e+03 |140  0.01904 -4.35482e+03 |141  0.00160 -4.35452e+03
142 -0.03531 -4.35390e+03 |143  0.02302 -4.24955e+03 |144 -0.02240 -4.17053e+03
145  0.01974 -4.04553e+03 |146 -0.00429 -3.97774e+03 |147  0.00595 -3.92634e+03
148 -0.00683 -3.88279e+03 |149 -0.00153 -3.80820e+03 |150  0.01832 -3.77367e+03
151 -0.01626 -3.64701e+03 |152 -0.00975 -3.60098e+03 |153  0.00315 -3.54095e+03
154  0.00519 -3.51594e+03 |155 -0.00105 -3.26992e+03 |156 -0.01289 -3.22752e+03
157 -0.00380 -3.18944e+03 |158  0.01489 -3.07533e+03 |159 -0.00564 -3.00743e+03
160  0.00714 -2.59047e+03 |161 -0.00661 -2.46353e+03 |162 -0.00561 -2.33944e+03
163  0.00430 -2.06317e+03 |164  0.00059 -1.92064e+03 |165 -0.00139 -1.54138e+03
166  0.00343 -1.35282e+03 |167 -0.00950 -1.27241e+03 |168  0.00144 -1.18011e+03
169  0.01596 -9.11888e+02 |170 -0.02594 -8.62795e+02 |171  0.01371 -7.26459e+02
172  0.01353 -6.40902e+02 |173 -0.00216 -5.44560e+02 |174 -0.00663 -4.25473e+02
175  0.00942 -3.93509e+02 |176 -0.00221 -3.62980e+02 |177  0.00246 -3.49894e+02
178 -0.00184 -3.27518e+02 |179  0.00386 -3.12992e+02 |180 -0.00276 -2.77963e+02
181 -0.00136 -2.34253e+02 |182  0.00168 -1.62310e+01 |183 -0.00606 -7.31629e+00
184  0.00038  1.26553e-01 |185  0.00039  1.27015e-01 |186  0.00040  1.26829e-01
187 -0.00179 -8.24173e+03 |188  0.00912 -8.24036e+03 |189 -0.00859 -8.10755e+03
190  0.01093 -7.99408e+03 |191 -0.00208 -7.84934e+03 |192 -0.01175 -7.81977e+03
193  0.01071 -7.74704e+03 |194  0.01022 -7.71261e+03 |195 -0.03517 -7.62066e+03
196  0.01950 -7.97380e+03 |197 -0.00094 -7.94497e+03 |198 -0.00127 -7.95712e+03
199 -0.00209 -8.13813e+03 |200  0.01174 -8.31508e+03 |201 -0.01232 -8.45556e+03
202  0.00671 -8.89477e+03 |203  0.00666 -9.07502e+03 |204 -0.00094 -9.57705e+03
205 -0.00364 -1.01453e+04 |206  0.02020 -1.08940e+04 |207 -0.02073 -1.10738e+04
208 -0.00068 -1.17095e+04 |209 -0.00236 -1.19516e+04 |210  0.01425 -1.19987e+04
211 -0.02943 -1.19125e+04 |212  0.01842 -1.18073e+04 |213 -0.01059 -1.17336e+04
214  0.00606 -1.16204e+04 |215 -0.00007 -1.14903e+04 |216  0.00974 -1.14534e+04
217 -0.00400 -1.14517e+04 |218 -0.00484 -1.22729e+04 |219  0.01696 -1.24727e+04
220 -0.01121 -1.27699e+04 |221 -0.00316 -1.26620e+04 |222 -0.00432 -1.22342e+04
223  0.00708 -1.18745e+04 |224  0.00070 -1.11859e+04 |225 -0.01166 -1.11133e+04
226  0.00476 -1.08566e+04 |227  0.00390 -1.05805e+04 |228 -0.00396 -9.90710e+03
229  0.00348 -9.34457e+03 |230 -0.00227 -8.95929e+03 |231 -0.00335 -8.25014e+03
232  0.00323 -7.48606e+03 |233 -0.00201 -6.84904e+03 |234  0.00066 -6.20068e+03
235  0.00194 -5.99504e+03 |236 -0.00222 -5.79326e+03 |237 -0.00564 -5.52455e+03
238  0.00806 -5.22036e+03 |239 -0.00841 -4.97039e+03 |240  0.00504 -4.63681e+03
241  0.00918 -4.45884e+03 |242  0.00069 -4.12084e+03 |243 -0.00795 -3.67508e+03
244 -0.00313 -3.56828e+03 |245  0.00266 -3.64340e+03 |246  0.00187 -3.58184e+03
247 -0.00642 -3.22359e+03 |248 -0.00158 -2.95619e+03 |249  0.00394 -2.31971e+03
250 -0.00580 -1.43908e+03 |251  0.00432 -2.96016e+02 |252  0.00016 -2.84022e-01
253  0.00017 -2.79938e-01 |254  0.00014 -3.09457e-01 |255  0.01927 -1.17277e+04
256 -0.00822 -1.22517e+04 |257 -0.00118 -1.21982e+04 |258 -0.00306 -1.23023e+04
259  0.00267 -1.22560e+04 |260  0.00832 -1.22581e+04 |261 -0.00880 -1.21624e+04
262  0.00029 -1.20999e+04 |263  0.01292 -1.19364e+04 |264 -0.02593 -1.22979e+04
265  0.00909 -1.26014e+04 |266 -0.00874 -1.26567e+04 |267 -0.00014 -1.29294e+04
268 -0.00155 -1.33035e+04 |269  0.00389 -1.37250e+04 |270 -0.00392 -1.42245e+04
271  0.00065 -1.45410e+04 |272  0.00324 -1.50290e+04 |273  0.00246 -1.55523e+04
274 -0.00070 -1.61313e+04 |275 -0.00383 -1.62934e+04 |276  0.00201 -1.68393e+04
277  0.00170 -1.70052e+04 |278 -0.00123 -1.71390e+04 |279  0.00846 -1.69641e+04
280 -0.01448 -1.68712e+04 |281  0.00766 -1.69026e+04 |282 -0.00619 -1.68627e+04
283  0.00016 -1.66535e+04 |284  0.00361 -1.64235e+04 |285  0.00222 -1.62398e+04
286 -0.00048 -1.67246e+04 |287 -0.00791 -1.67466e+04 |288  0.00932 -1.69129e+04
289  0.00070 -1.66529e+04 |290 -0.00380 -1.59521e+04 |291 -0.00482 -1.53129e+04
292  0.00366 -1.45902e+04 |293  0.00222 -1.37330e+04 |294 -0.00406 -1.31277e+04
295 -0.00122 -1.26132e+04 |296 -0.00253 -1.18163e+04 |297 -0.00187 -1.11975e+04
298  0.00429 -1.06132e+04 |299  0.00162 -9.47666e+03 |300 -0.00341 -8.27508e+03
301  0.00317 -7.30220e+03 |302 -0.00090 -6.48893e+03 |303  0.00476 -5.93054e+03
304 -0.00202 -5.56971e+03 |305 -0.00044 -5.31105e+03 |306 -0.00060 -4.97333e+03
307  0.00488 -4.62460e+03 |308 -0.00066 -4.15226e+03 |309 -0.00130 -3.89375e+03
310  0.00784 -3.70365e+03 |311  0.00287 -3.44259e+03 |312 -0.00000 -3.22544e+03
313 -0.00319 -3.30756e+03 |314  0.00066 -3.41952e+03 |315 -0.00014 -3.22275e+03
316 -0.00159 -3.01747e+03 |317 -0.00293 -2.42223e+03 |318  0.00258 -1.60454e+03
319 -0.00846 -6.19514e+02 |320 -0.00040 -4.35234e-01 |321 -0.00038 -4.29163e-01
322 -0.00027 -4.31998e-01 |
322 variables; iteration 120; function evaluation 132; phase 5
Function value 3.0221338e+03; maximum gradient component mag 8.3472e+03
Var    Value     Gradient |Var    Value     Gradient |Var    Value     Gradient
  1 -0.03680  8.34724e+03 |  2 -0.01977  1.54692e+00 |  3  0.19973  1.12247e+02
  4 -0.40712 -6.39664e+01 |  5  0.03021  1.12241e+02 |  6  0.07886  9.92061e+01
  7  0.03066 -2.90357e+01 |  8  0.00174  3.27348e+01 |  9  0.05215  1.99097e+01
 10  0.03807  1.07365e+01 | 11  0.22809  1.89364e+02 | 12 -0.11378 -5.14002e+01
 13 -0.04615 -7.29201e+01 | 14 -0.21897 -9.29672e+01 | 15 -0.21218 -7.67159e+01
 16  0.23636  2.41389e+02 | 17 -0.00525 -2.57306e+01 | 18 -0.10961 -4.96482e+01
 19 -0.04065  2.29222e+01 | 20 -0.00883  3.66610e+01 | 21 -0.08610 -4.69137e+00
 22  0.04686  1.37268e+02 | 23 -0.12373 -3.62088e+01 | 24 -0.02983  3.87327e+01
 25  0.01274  3.52901e+01 | 26  0.03235  7.39704e+01 | 27 -0.11414 -2.89526e+01
 28  0.02843  8.49453e+01 | 29  0.06112  1.40344e+02 | 30 -0.09681 -4.24894e+01
 31 -0.28946 -1.03382e+02 | 32  0.04136  4.84204e+01 | 33  0.06332  4.42897e+01
 34  0.04837  2.34358e+01 | 35  0.06851  1.57149e+02 | 36 -0.04967  2.38000e+01
 37 -0.01114  2.77669e+01 | 38  0.06562  3.87987e+01 | 39 -0.07452 -6.12560e+01
 40  0.20903  1.31153e+02 | 41  0.04027  6.04409e+01 | 42  0.08930  5.36339e+01
 43 -0.08799 -1.67773e+02 | 44  0.18312  2.34491e+02 | 45 -0.04435 -6.83404e+01
 46 -0.03359  7.36999e+00 | 47 -0.01495  7.65926e+01 | 48 -0.07823  4.90366e+01
 49  0.11947  2.42260e+02 | 50  0.01247 -2.44356e+01 | 51  0.00062  7.32864e+01
 52  0.02187  1.60375e+01 | 53 -0.02943 -4.13056e+00 | 54  0.09152  2.31313e+02
 55  0.01429  7.49988e+01 | 56 -0.04728 -4.71604e+01 | 57 -0.05888 -7.40420e+01
 58  0.09798  4.27403e+02 | 59 -0.03957 -1.69162e+02 | 60  0.02178 -4.07188e+01
 61  0.01317  1.27061e+01 | 62  0.07850 -7.17794e+00 | 63  0.10164 -1.64714e+02
 64 -0.04884 -2.75357e+01 | 65 -0.00097  1.35853e+01 | 66  0.03533 -3.85122e+02
 67  0.00725 -2.04553e+02 | 68 -0.03858 -7.40256e+01 | 69  0.01480 -4.96593e+02
 70  0.02023 -9.66796e+01 | 71  0.15956 -3.28171e+01 | 72 -0.05202 -6.20780e+01
 73 -0.03424 -1.27887e+02 | 74 -0.05965 -8.71268e+01 | 75 -0.54802 -7.90579e+01
 76 -0.64697 -1.17301e+01 | 77 -0.76918  1.05301e+02 | 78 -0.67399  6.64496e+00
 79 -0.75198 -6.67686e+00 | 80 -0.77331 -2.03738e+01 | 81 -0.81776 -6.01195e+00
 82 -0.80434  1.97442e+02 | 83 -0.79769  9.78953e+01 | 84 -0.73890 -4.57749e+00
 85 -0.82535 -1.54908e+01 | 86 -0.82243 -6.82750e+00 | 87 -0.79327 -1.84443e+00
 88 -0.81880 -1.32355e+01 | 89 -0.80595  1.76455e+01 | 90 -0.82033 -1.11481e+01
 91 -0.77363  3.13169e+01 | 92 -0.79266  1.18653e+01 | 93 -0.77354  4.94813e+01
 94 -0.85384 -1.33471e+01 | 95 -0.85290 -3.50750e+00 | 96  0.03370  2.58497e-03
 97 -0.38468 -3.69090e-04 | 98  0.30848  1.14741e-03 | 99  0.36000 -7.08004e+01
100  0.23068 -3.16455e+02 |101  0.17938  3.84447e+01 |102  0.08724 -7.39332e+02
103 -0.16582 -8.53813e+01 |104 -0.20720 -1.34463e+02 |105 -0.15836  1.68474e+01
106 -0.00119 -3.86341e+01 |107  0.16958  3.73500e+02 |108 -0.02097  6.46761e+02
109  0.16225  3.21266e+02 |110  0.07103  2.66308e+02 |111  0.13733 -2.24977e+02
112 -0.04626  1.41733e+01 |113 -0.34339  3.09243e+02 |114 -0.18725  2.23490e+02
115 -0.25187  1.57644e+01 |116 -0.26930 -5.94675e+00 |117  1.94842  4.69986e+01
118  2.06597 -1.82318e+02 |119  0.00492 -3.48177e+02 |120  0.01552 -3.28865e+02
121  0.00496 -3.29458e+02 |122 -0.02780 -3.14918e+02 |123  0.00438 -3.01687e+02
124  0.01975 -2.94760e+02 |125  0.01115 -2.96594e+02 |126 -0.01676 -3.02964e+02
127  0.02859 -2.77010e+02 |128 -0.00283 -2.83765e+02 |129 -0.00237 -2.83251e+02
130 -0.03202 -2.88985e+02 |131  0.00482 -3.02921e+02 |132 -0.01310 -3.16964e+02
133  0.01457 -3.27345e+02 |134  0.00200 -3.53875e+02 |135 -0.00681 -3.69336e+02
136  0.01999 -3.77242e+02 |137 -0.02295 -3.89918e+02 |138 -0.01504 -3.89448e+02
139  0.01082 -4.03984e+02 |140  0.01706 -4.33809e+02 |141  0.01573 -4.26973e+02
142 -0.02530 -4.37468e+02 |143  0.01553 -4.66208e+02 |144 -0.04377 -4.98395e+02
145  0.03483 -2.74275e+02 |146  0.01466 -2.50381e+02 |147  0.00400 -2.61568e+02
148 -0.02126 -2.73373e+02 |149  0.00360 -2.60234e+02 |150  0.02241 -2.50643e+02
151 -0.02745 -2.38030e+02 |152 -0.01327 -2.17670e+02 |153 -0.00013 -2.01867e+02
154  0.00121 -1.90849e+02 |155  0.00997 -5.33348e+01 |156 -0.01035 -4.51191e+01
157 -0.00972 -6.52634e+01 |158  0.01959 -1.70396e+02 |159 -0.00677 -1.52940e+02
160 -0.00280 -1.87827e+02 |161 -0.00556 -9.00022e+01 |162 -0.00235 -2.38524e+01
163  0.00262  1.41363e+01 |164  0.01408  7.71546e+01 |165 -0.00830  5.39608e+01
166  0.00438  9.43180e+01 |167 -0.01569  1.00598e+02 |168  0.00501  1.13270e+02
169  0.01594 -2.02958e+01 |170 -0.03152 -2.15555e+01 |171  0.01817  2.43981e+01
172  0.02013 -1.47385e+01 |173  0.00252 -1.51470e+01 |174 -0.00991  5.75327e+00
175  0.00319  1.68666e+01 |176 -0.00770  3.24098e+01 |177  0.00500  3.11610e+01
178  0.00190  3.20889e+01 |179  0.00338  2.88115e+01 |180 -0.00410  1.94627e+01
181  0.00350  1.59130e+01 |182 -0.00927  2.43322e+00 |183 -0.01230  3.76107e+00
184  0.00119  2.95356e-01 |185  0.00121  3.00843e-01 |186  0.00123  3.03662e-01
187  0.00203 -1.40962e+03 |188  0.01568 -1.37142e+03 |189 -0.01967 -1.42015e+03
190  0.01250 -1.28838e+03 |191  0.00550 -1.40216e+03 |192 -0.02243 -1.39791e+03
193 -0.00021 -1.37086e+03 |194  0.01154 -1.32358e+03 |195 -0.01805 -1.29889e+03
196  0.01472 -1.45073e+03 |197 -0.00537 -1.49275e+03 |198 -0.00157 -1.48004e+03
199  0.00294 -1.63816e+03 |200  0.00577 -1.80008e+03 |201 -0.01229 -1.75764e+03
202  0.00569 -1.88371e+03 |203  0.00212 -1.95065e+03 |204  0.00625 -1.82566e+03
205 -0.00790 -2.20085e+03 |206  0.01167 -2.34902e+03 |207 -0.00896 -2.47289e+03
208 -0.00098 -2.76119e+03 |209 -0.00143 -2.76927e+03 |210  0.00538 -2.80943e+03
211 -0.00806 -2.85695e+03 |212  0.00914 -3.00687e+03 |213 -0.01259 -3.06984e+03
214  0.00898 -3.09686e+03 |215 -0.00664 -3.02052e+03 |216  0.01159 -2.98690e+03
217 -0.00887 -2.82255e+03 |218 -0.00079 -3.03134e+03 |219  0.01093 -3.13485e+03
220 -0.00234 -3.03594e+03 |221 -0.00722 -2.99633e+03 |222  0.00409 -2.83273e+03
223  0.00751 -2.77021e+03 |224 -0.00106 -2.50057e+03 |225 -0.01241 -2.58733e+03
226 -0.00454 -2.65950e+03 |227  0.01599 -2.28470e+03 |228 -0.00968 -2.36707e+03
229  0.00784 -2.43458e+03 |230 -0.00443 -2.49552e+03 |231 -0.00507 -2.42081e+03
232  0.00359 -2.40483e+03 |233 -0.00572 -2.37820e+03 |234  0.00529 -1.74263e+03
235  0.00144 -1.85051e+03 |236 -0.00240 -1.78439e+03 |237 -0.00555 -1.61151e+03
238  0.01005 -1.80140e+03 |239 -0.01411 -1.80461e+03 |240  0.00538 -1.50519e+03
241  0.01239 -1.05552e+03 |242  0.00263 -1.10454e+03 |243 -0.01099 -8.84271e+02
244 -0.00170 -7.21757e+02 |245  0.00282 -8.62668e+02 |246  0.00452 -8.49823e+02
247 -0.00768 -7.87451e+02 |248 -0.00728 -6.31433e+02 |249  0.01167 -2.98523e+02
250 -0.00636 -1.95660e+02 |251  0.00698 -4.81877e+01 |252  0.00059  1.16092e-01
253  0.00060  1.21157e-01 |254  0.00049  9.18468e-02 |255  0.00622  1.68285e+02
256 -0.00222 -3.11472e+02 |257  0.00342 -2.22258e+02 |258 -0.00209 -3.21642e+02
259  0.00288 -4.18430e+02 |260  0.01078 -5.02511e+02 |261 -0.00802 -4.50139e+02
262  0.00244 -5.18518e+02 |263 -0.00339 -5.37386e+02 |264 -0.02005 -6.86843e+02
265  0.01299 -7.44994e+02 |266 -0.00675 -7.69673e+02 |267 -0.00599 -1.08013e+03
268 -0.00024 -1.08031e+03 |269  0.00840 -1.02798e+03 |270 -0.00437 -1.35303e+03
271 -0.00108 -1.64035e+03 |272  0.00099 -1.59760e+03 |273  0.00313 -1.92051e+03
274  0.00160 -2.02906e+03 |275 -0.00531 -2.21848e+03 |276  0.00253 -2.39236e+03
277  0.00280 -2.39522e+03 |278 -0.00064 -2.61419e+03 |279 -0.00147 -2.69167e+03
280 -0.00185 -2.85713e+03 |281  0.00622 -3.05573e+03 |282 -0.00798 -3.10545e+03
283  0.00500 -2.96148e+03 |284 -0.00307 -2.94824e+03 |285  0.00544 -2.59403e+03
286 -0.00152 -2.92044e+03 |287 -0.00383 -3.10494e+03 |288  0.00518 -3.10680e+03
289  0.00952 -2.98777e+03 |290 -0.00936 -2.87341e+03 |291 -0.01095 -2.79481e+03
292  0.01377 -2.28069e+03 |293 -0.00379 -2.31270e+03 |294  0.00178 -2.07427e+03
295 -0.00643 -1.83660e+03 |296  0.00125 -1.69080e+03 |297 -0.00070 -1.72460e+03
298  0.00217 -1.75532e+03 |299  0.00351 -1.47724e+03 |300 -0.00341 -1.39682e+03
301 -0.00002 -1.49550e+03 |302  0.00381 -9.38187e+02 |303 -0.00218 -1.42960e+03
304 -0.00717 -1.23097e+03 |305  0.00552 -6.15967e+02 |306 -0.00230 -6.82254e+02
307  0.00878 -5.92409e+02 |308 -0.00561 -3.77683e+02 |309  0.00269  1.62328e+02
310  0.00378 -2.06829e+02 |311  0.00205 -1.75972e+02 |312 -0.00000  8.06464e+01
313 -0.00312  2.83982e+01 |314  0.00136 -1.58356e+02 |315 -0.00029 -2.18369e+02
316  0.00563 -1.29165e+02 |317 -0.00482 -5.81685e+01 |318  0.00336 -1.63654e+02
319 -0.00828 -1.18794e+02 |320 -0.00280 -7.30767e-01 |321 -0.00253 -6.58057e-01
322 -0.00223 -5.87339e-01 |
322 variables; iteration 140; function evaluation 152; phase 5
Function value 2.9781799e+03; maximum gradient component mag 1.5647e+03
Var    Value     Gradient |Var    Value     Gradient |Var    Value     Gradient
  1 -0.03482  1.48127e+03 |  2  0.00587 -6.44354e+00 |  3  0.18156  4.41312e+01
  4 -0.06612  2.28359e+00 |  5  0.03522  1.01529e+02 |  6  0.04911 -1.54014e+00
  7  0.02747 -5.01366e+01 |  8  0.00950  1.17889e+01 |  9  0.05074 -1.34638e+01
 10  0.01405 -9.03734e+00 | 11  0.22738  5.32591e+01 | 12 -0.10724 -2.73937e+00
 13 -0.04134 -3.29760e+01 | 14 -0.15157 -1.17948e+01 | 15 -0.15956 -3.46678e+00
 16  0.23284 -8.91585e+01 | 17 -0.00845 -4.00759e+01 | 18 -0.12951 -3.63574e+01
 19 -0.04689  5.22400e+00 | 20 -0.01065 -1.56110e+01 | 21 -0.11093 -2.81113e+01
 22  0.04250  5.30521e+00 | 23 -0.11448 -1.78333e+01 | 24 -0.03866  8.26379e+00
 25  0.01146 -1.40548e+01 | 26  0.02450  1.02101e+01 | 27 -0.10043  1.81736e+01
 28  0.01779  9.94139e+00 | 29  0.04717 -1.75406e+01 | 30 -0.08661 -1.97681e+01
 31 -0.18295 -1.31059e+01 | 32  0.04433 -2.10780e+01 | 33  0.04607 -4.46939e+01
 34  0.06998  2.45764e+01 | 35  0.04935  3.43005e+00 | 36 -0.04572 -8.12154e+00
 37 -0.02563 -2.27744e+01 | 38  0.05646 -1.88515e-01 | 39 -0.05753 -2.66026e+00
 40  0.20562 -1.08167e+01 | 41  0.03734  5.23668e+01 | 42  0.08520 -1.88550e+00
 43 -0.08113 -8.94247e+01 | 44  0.17953  9.75758e+01 | 45 -0.04835 -6.60339e+01
 46 -0.03754 -4.28238e+00 | 47 -0.01974  4.34261e+01 | 48 -0.08556  3.91195e+01
 49  0.11388  5.11919e+01 | 50  0.01313  4.40296e+01 | 51 -0.00012  8.28279e+01
 52  0.01743 -2.34841e+01 | 53 -0.03423  1.80582e+00 | 54  0.08378  4.92121e+01
 55  0.00786  7.82849e+01 | 56 -0.04969  9.79614e+00 | 57 -0.06462 -1.02520e+02
 58  0.09469  5.04978e+02 | 59 -0.04172 -9.98489e+01 | 60  0.01782 -8.86650e+00
 61  0.01255  1.89564e+02 | 62  0.07216  1.45803e+01 | 63  0.09815 -2.11204e+01
 64 -0.05456  2.29165e+01 | 65 -0.00150  1.77137e+02 | 66  0.03139 -2.47221e+02
 67  0.00716 -2.45434e+00 | 68 -0.04836 -8.94217e+01 | 69  0.01633 -3.32280e+02
 70  0.01878  4.37193e+01 | 71  0.15852  9.13913e+01 | 72 -0.05711 -3.04788e+01
 73 -0.04288 -1.32999e+02 | 74 -0.05778  2.04979e+01 | 75 -0.49166  1.00211e+01
 76 -0.64468  2.74336e+00 | 77 -0.78562  3.65163e+01 | 78 -0.74781 -6.05970e+01
 79 -0.76191 -1.78642e+01 | 80 -0.77702 -2.17127e+01 | 81 -0.82955 -3.06622e+01
 82 -0.82221  1.04097e+02 | 83 -0.81326  3.67488e+01 | 84 -0.73292 -3.97109e+00
 85 -0.83029 -2.84572e+01 | 86 -0.86401 -3.39904e+01 | 87 -0.79863 -1.09349e+01
 88 -0.80564 -5.73989e+00 | 89 -0.80208  1.79098e+01 | 90 -0.80638  1.18010e+01
 91 -0.78137  1.05837e+01 | 92 -0.80367 -1.20670e+01 | 93 -0.77772  4.13400e+01
 94 -0.85886 -3.30565e+01 | 95 -0.85739 -1.79192e+01 | 96  0.03199  1.43498e-03
 97 -0.38502 -1.92289e-05 | 98  0.31690  3.50741e-05 | 99  0.36988  8.33571e+01
100  0.23358 -7.55162e+01 |101  0.18093  3.01763e+02 |102  0.09002 -1.15693e+02
103 -0.16679 -1.04441e+02 |104 -0.20577 -2.06779e+02 |105 -0.16215 -2.07268e+02
106 -0.00180 -9.52309e+02 |107  0.17051  3.75593e+02 |108 -0.02026  5.99869e+02
109  0.16044  1.53264e+02 |110  0.05848  1.61308e+02 |111  0.15057 -1.38041e+02
112 -0.04965 -1.25163e+01 |113 -0.34143  4.81518e+01 |114 -0.19391  8.57739e+01
115 -0.24276 -1.31691e+01 |116 -0.27801 -2.32733e+01 |117  1.91181  2.55710e+01
118  2.06881 -1.62106e+02 |119  0.01816  4.19800e+02 |120  0.00574  4.20587e+02
121  0.00895  4.22524e+02 |122  0.00397  4.31868e+02 |123  0.00589  4.32558e+02
124 -0.01077  4.28503e+02 |125 -0.00733  4.29581e+02 |126 -0.00552  4.30584e+02
127  0.00621  4.33331e+02 |128  0.00065  4.37100e+02 |129 -0.00292  4.37288e+02
130 -0.01248  4.39518e+02 |131 -0.01108  4.05282e+02 |132  0.00237  4.19729e+02
133  0.00746  3.88259e+02 |134  0.00036  3.70880e+02 |135 -0.00205  3.63635e+02
136  0.01576  3.62032e+02 |137 -0.01522  3.59408e+02 |138 -0.01392  3.56894e+02
139  0.00647  3.16951e+02 |140  0.02598  2.89855e+02 |141 -0.00314  2.85809e+02
142 -0.02353  2.82188e+02 |143  0.02411  2.42746e+02 |144 -0.03933  1.97660e+02
145  0.03776  3.61708e+02 |146  0.00757  3.46847e+02 |147 -0.00805  3.34275e+02
148 -0.00817  3.35402e+02 |149  0.01567  3.42372e+02 |150  0.01220  3.38010e+02
151 -0.01566  3.49005e+02 |152 -0.02830  3.43737e+02 |153  0.00182  3.61856e+02
154  0.00240  3.67326e+02 |155  0.01564  4.29699e+02 |156 -0.01576  4.26149e+02
157 -0.01488  4.01221e+02 |158  0.02013  2.96222e+02 |159 -0.00567  3.09259e+02
160  0.00445  2.55021e+02 |161 -0.00644  2.90355e+02 |162 -0.00800  3.20997e+02
163  0.00930  3.14023e+02 |164  0.00686  2.97409e+02 |165 -0.00624  2.63327e+02
166  0.00519  2.61906e+02 |167 -0.01920  2.58486e+02 |168  0.00507  2.66903e+02
169  0.01639  5.77057e+01 |170 -0.02995  5.26651e+01 |171  0.01267  4.85201e+01
172  0.02561  4.07979e+01 |173  0.01294  2.42104e+01 |174 -0.00274  2.90480e+01
175 -0.00794  2.92511e+01 |176 -0.01755  3.45671e+01 |177  0.00709  4.69218e+01
178  0.00047  4.41272e+01 |179  0.00621  4.08542e+01 |180 -0.00481  2.47608e+01
181  0.00011  3.73482e+00 |182 -0.01200 -1.19181e+01 |183 -0.01382 -5.40591e+00
184  0.00005  1.31457e-02 |185  0.00005  1.22396e-02 |186  0.00005  1.23845e-02
187  0.01005 -3.34572e+02 |188  0.00464 -3.30109e+02 |189 -0.01644 -3.71331e+02
190  0.01452 -3.49580e+02 |191  0.00372 -4.71939e+02 |192 -0.02198 -4.70159e+02
193  0.00686 -4.59201e+02 |194 -0.00073 -4.34604e+02 |195 -0.02042 -4.22781e+02
196  0.02040 -4.34756e+02 |197 -0.00731 -4.71361e+02 |198  0.00166 -4.23312e+02
199  0.00330 -4.95952e+02 |200  0.00140 -6.81568e+02 |201 -0.00744 -5.75817e+02
202  0.00462 -4.47618e+02 |203 -0.00284 -4.72289e+02 |204  0.00805 -1.62814e+02
205 -0.00818 -8.81316e+01 |206  0.01212  2.53993e+01 |207 -0.00975 -2.00523e+01
208  0.00087 -6.27354e+01 |209  0.00336  7.50420e+01 |210  0.01063 -1.81752e+01
211 -0.02939 -8.60802e+01 |212  0.01984 -3.32797e+02 |213 -0.00544 -4.39197e+02
214  0.00041 -5.90326e+02 |215 -0.00091 -5.84403e+02 |216  0.00483 -6.36072e+02
217 -0.00770 -3.67321e+02 |218  0.00240 -8.45872e+01 |219  0.00794 -1.57384e+01
220 -0.00027  2.42737e+02 |221 -0.00260  3.05425e+02 |222  0.00053  3.26563e+02
223  0.00460  2.94374e+02 |224  0.00020  4.45874e+02 |225 -0.01319  3.59079e+02
226 -0.00070  2.39440e+02 |227  0.01487  4.22361e+02 |228 -0.00921  2.90212e+02
229  0.00513 -1.37262e+02 |230 -0.00329 -1.66256e+02 |231 -0.00457 -2.25792e+02
232  0.00352 -5.23303e+02 |233 -0.00543 -5.24535e+02 |234  0.00436 -2.66929e+02
235  0.00178 -3.42200e+02 |236 -0.00027 -2.79515e+02 |237 -0.00741 -3.12670e+02
238  0.00887 -5.64329e+02 |239 -0.01252 -5.65948e+02 |240  0.00608 -3.77273e+02
241  0.01135 -1.09757e+02 |242  0.00362 -5.83639e+01 |243 -0.01004  9.12827e+01
244 -0.00741  1.84783e+02 |245  0.00754  1.85080e+02 |246  0.00515  1.87214e+02
247 -0.00911  1.94858e+02 |248 -0.00334  3.22016e+02 |249  0.00921  2.58860e+02
250 -0.00614  2.13158e+02 |251  0.00718  2.54454e+01 |252  0.00052  1.25708e-01
253  0.00052  1.27445e-01 |254  0.00055  1.35009e-01 |255  0.00356  1.31074e+03
256  0.00338  1.16263e+03 |257  0.00000  1.19624e+03 |258 -0.00448  1.09567e+03
259  0.00561  1.04481e+03 |260  0.01161  1.03996e+03 |261 -0.00815  1.07445e+03
262  0.01084  9.91067e+02 |263 -0.00814  9.55574e+02 |264 -0.02617  9.51637e+02
265  0.01321  9.81213e+02 |266 -0.00840  1.02329e+03 |267 -0.00406  8.48343e+02
268 -0.00039  9.19749e+02 |269  0.00545  1.19993e+03 |270 -0.00017  1.18515e+03
271  0.00107  9.55676e+02 |272 -0.00410  1.13497e+03 |273  0.00604  1.28249e+03
274  0.00006  1.34625e+03 |275 -0.00338  1.32531e+03 |276  0.00102  1.41058e+03
277  0.00331  1.53135e+03 |278  0.00288  1.32810e+03 |279  0.01036  1.22476e+03
280 -0.01867  9.34512e+02 |281  0.00430  8.82516e+02 |282  0.00040  8.91545e+02
283  0.00027  9.13747e+02 |284  0.00023  8.11543e+02 |285  0.00069  1.15043e+03
286 -0.00115  1.18619e+03 |287 -0.00010  1.17325e+03 |288  0.00287  1.29024e+03
289  0.00803  1.42625e+03 |290 -0.00536  1.46311e+03 |291 -0.00962  1.23420e+03
292  0.01108  1.52460e+03 |293 -0.00178  1.30539e+03 |294 -0.00108  1.37728e+03
295 -0.00642  1.43880e+03 |296  0.00281  1.56471e+03 |297  0.00010  1.20098e+03
298  0.00263  9.76103e+02 |299  0.00371  9.37829e+02 |300 -0.00601  5.94055e+02
301  0.00238  4.39213e+02 |302  0.00036  5.82140e+02 |303 -0.00159  1.17821e+02
304 -0.00771  2.62019e+02 |305  0.00655  7.51417e+02 |306 -0.00176  6.04934e+02
307  0.00854  5.85252e+02 |308 -0.00595  6.66042e+02 |309 -0.00009  1.01415e+03
310  0.00608  8.85494e+02 |311  0.00206  8.36825e+02 |312  0.00187  1.04298e+03
313 -0.00668  1.05799e+03 |314  0.00221  9.90732e+02 |315  0.00041  9.33033e+02
316  0.00533  1.00879e+03 |317 -0.00354  7.39456e+02 |318  0.00344  5.02490e+02
319 -0.00607  2.60250e+02 |320  0.00026  5.80245e-02 |321  0.00030  7.21418e-02
322  0.00036  8.74347e-02 |
322 variables; iteration 160; function evaluation 173; phase 5
Function value 2.9762784e+03; maximum gradient component mag -2.2994e+03
Var    Value     Gradient |Var    Value     Gradient |Var    Value     Gradient
  1 -0.03468  6.58993e+02 |  2  0.00369 -1.00317e+01 |  3  0.17709  2.80014e+01
  4 -0.04821  7.20022e+00 |  5  0.03539  9.64347e+01 |  6  0.04844 -1.25130e+01
  7  0.02786 -5.77137e+01 |  8  0.01258  7.18350e+00 |  9  0.04746 -2.84552e+01
 10  0.01520 -9.00442e+00 | 11  0.22666  9.51205e+00 | 12 -0.09258  9.14232e+00
 13 -0.04233 -3.52244e+01 | 14 -0.14622 -7.15445e+00 | 15 -0.16746 -5.36259e+00
 16  0.23401 -1.65282e+02 | 17 -0.01480 -5.39418e+01 | 18 -0.11541 -2.87657e+01
 19 -0.04904 -6.32741e+00 | 20 -0.01347 -3.85905e+01 | 21 -0.10390 -2.84708e+01
 22  0.04032 -3.41788e+01 | 23 -0.11526 -2.57337e+01 | 24 -0.03859 -1.95808e+00
 25  0.01136 -3.48251e+01 | 26  0.02487 -1.44133e+01 | 27 -0.10420  1.02697e+01
 28  0.01769 -1.14792e+01 | 29  0.04593 -5.31490e+01 | 30 -0.08035 -1.76875e+01
 31 -0.20201 -2.04735e+01 | 32  0.04450 -3.97612e+01 | 33  0.04602 -5.92848e+01
 34  0.07072  8.10744e+00 | 35  0.04895 -1.01077e+01 | 36 -0.04628 -1.26005e+01
 37 -0.02869 -3.05885e+01 | 38  0.05706 -2.98019e+00 | 39 -0.05557  2.77906e+00
 40  0.20622 -2.89955e+01 | 41  0.03334  3.12224e+01 | 42  0.08505 -8.37358e+00
 43 -0.08072 -8.04703e+01 | 44  0.17960  9.41859e+01 | 45 -0.04844 -6.21373e+01
 46 -0.03759 -4.75464e-01 | 47 -0.02037  3.81245e+01 | 48 -0.08588  4.66918e+01
 49  0.11408  8.22136e+01 | 50  0.01309  5.83908e+01 | 51 -0.00003  9.55100e+01
 52  0.01709 -1.24363e+01 | 53 -0.03439  1.35213e+01 | 54  0.08386  8.19147e+01
 55  0.00813  1.03240e+02 | 56 -0.04966  2.02068e+01 | 57 -0.06392 -7.17658e+01
 58  0.09473  5.38275e+02 | 59 -0.04176 -8.96394e+01 | 60  0.01818  2.26754e+01
 61  0.01228  1.97462e+02 | 62  0.07230  3.65466e+01 | 63  0.09809 -2.28422e-01
 64 -0.05461  3.10738e+01 | 65 -0.00159  1.87370e+02 | 66  0.03175 -2.23213e+02
 67  0.00717  1.14296e+01 | 68 -0.04791 -7.20195e+01 | 69  0.01647 -3.20769e+02
 70  0.01849  4.87062e+01 | 71  0.15845  1.11768e+02 | 72 -0.05758 -2.81682e+01
 73 -0.04075 -1.02003e+02 | 74 -0.05695  3.30811e+01 | 75 -0.48953  2.13877e+01
 76 -0.64285  2.93441e+00 | 77 -0.78656  3.10487e+01 | 78 -0.74260 -5.99351e+01
 79 -0.75972 -1.70749e+01 | 80 -0.77487 -2.13050e+01 | 81 -0.82842 -3.01351e+01
 82 -0.82229  1.02168e+02 | 83 -0.81378  3.41721e+01 | 84 -0.73175 -4.06681e+00
 85 -0.82913 -2.75874e+01 | 86 -0.86020 -3.38341e+01 | 87 -0.79879 -1.15984e+01
 88 -0.79631  3.60396e+00 | 89 -0.80256  1.63207e+01 | 90 -0.80577  1.27995e+01
 91 -0.78156  1.00615e+01 | 92 -0.80221 -9.24456e+00 | 93 -0.77762  4.12850e+01
 94 -0.85766 -2.85210e+01 | 95 -0.85700 -1.58396e+01 | 96  0.03186  1.30460e-03
 97 -0.38500 -4.71251e-06 | 98  0.31671  6.66789e-06 | 99  0.49647 -4.14177e+01
100  0.23530 -4.82529e+02 |101  0.25885 -3.98438e+02 |102  0.09016 -8.06274e+01
103 -0.16670 -8.92154e+01 |104 -0.20537 -1.72418e+02 |105 -0.16227 -1.69836e+02
106 -0.00181 -1.05037e+03 |107  0.17069  3.46116e+02 |108 -0.02039  5.60244e+02
109  0.16063  1.54005e+02 |110  0.05889  1.65749e+02 |111  0.15098 -1.36315e+02
112 -0.04979 -2.74853e+01 |113 -0.34145  3.49526e+01 |114 -0.19363  8.47552e+01
115 -0.24451 -1.39512e+01 |116 -0.27605 -2.14184e+01 |117  1.91195  2.37446e+01
118  2.07063 -1.59419e+02 |119  0.00730 -2.40914e+02 |120  0.01249 -2.38205e+02
121 -0.01282 -2.44180e+02 |122  0.00013 -2.28275e+02 |123  0.00466 -2.26727e+02
124 -0.01091 -2.30352e+02 |125 -0.01239 -2.30356e+02 |126  0.00315 -2.25274e+02
127  0.00619 -2.20209e+02 |128  0.00602 -2.13589e+02 |129 -0.00286 -2.14734e+02
130 -0.01611 -2.14405e+02 |131 -0.00746 -2.38877e+02 |132 -0.00092 -2.27264e+02
133  0.00618 -2.44641e+02 |134  0.00311 -2.53607e+02 |135 -0.00373 -2.60200e+02
136  0.01292 -2.44977e+02 |137 -0.01316 -2.37445e+02 |138 -0.01245 -2.34731e+02
139  0.00683 -2.64298e+02 |140  0.01369 -2.78653e+02 |141  0.00574 -2.66287e+02
142 -0.01822 -2.69932e+02 |143  0.01766 -3.03428e+02 |144 -0.03424 -3.27841e+02
145  0.03431 -1.51350e+02 |146  0.01941 -1.55435e+02 |147 -0.02019 -1.76752e+02
148 -0.00273 -1.65691e+02 |149  0.00315 -1.65455e+02 |150  0.02023 -1.54718e+02
151 -0.01769 -1.41489e+02 |152 -0.02498 -1.41432e+02 |153  0.00301 -1.10681e+02
154  0.00319 -1.04416e+02 |155  0.00980 -3.39459e+01 |156 -0.01038 -3.04564e+01
157 -0.01602 -5.57287e+01 |158  0.01987 -1.24999e+02 |159 -0.00600 -1.06891e+02
160  0.00450 -1.29544e+02 |161 -0.00624 -8.32672e+01 |162 -0.00797 -4.37833e+01
163  0.00865 -2.12752e+01 |164  0.00720 -2.21485e+01 |165 -0.00574 -3.85272e+01
166  0.00280 -2.63065e+01 |167 -0.01802 -1.80288e+01 |168  0.00585  2.55722e+01
169  0.01531 -9.43199e+01 |170 -0.02810 -8.64265e+01 |171  0.01303 -4.96641e+01
172  0.02498 -3.18369e+01 |173  0.00891 -4.26964e+01 |174 -0.00004 -3.08197e+01
175 -0.01063 -3.15186e+01 |176 -0.01280 -2.04942e+01 |177  0.00545 -2.51721e+00
178  0.00149  2.77915e+00 |179  0.00591  7.53406e-01 |180 -0.00425 -1.02992e+01
181 -0.00105 -2.75642e+01 |182 -0.01146 -2.66967e+01 |183 -0.01311 -1.53691e+01
184 -0.00098 -2.42700e-01 |185 -0.00100 -2.47641e-01 |186 -0.00101 -2.48946e-01
187  0.00920 -2.15366e+03 |188  0.00419 -2.13082e+03 |189 -0.01507 -2.16673e+03
190  0.01413 -2.13071e+03 |191  0.00301 -2.22938e+03 |192 -0.01861 -2.22282e+03
193  0.00484 -2.22013e+03 |194 -0.00074 -2.19571e+03 |195 -0.02035 -2.18050e+03
196  0.01955 -2.12205e+03 |197 -0.00479 -2.17123e+03 |198 -0.00252 -2.13601e+03
199  0.00473 -2.15410e+03 |200  0.00246 -2.29937e+03 |201 -0.00931 -2.15569e+03
202  0.00582 -1.98533e+03 |203 -0.00316 -1.99096e+03 |204  0.00826 -1.63063e+03
205 -0.00801 -1.52930e+03 |206  0.01194 -1.38459e+03 |207 -0.00931 -1.42650e+03
208  0.00057 -1.40512e+03 |209  0.00361 -1.26268e+03 |210  0.00689 -1.33330e+03
211 -0.02358 -1.37825e+03 |212  0.01740 -1.56281e+03 |213 -0.00552 -1.64261e+03
214  0.00015 -1.75998e+03 |215 -0.00046 -1.71862e+03 |216  0.00438 -1.75067e+03
217 -0.00698 -1.44745e+03 |218  0.00264 -1.14712e+03 |219  0.00745 -1.09090e+03
220 -0.00115 -8.21670e+02 |221 -0.00192 -7.20289e+02 |222 -0.00009 -6.91068e+02
223  0.00596 -6.91375e+02 |224 -0.00105 -5.19009e+02 |225 -0.01314 -5.93145e+02
226  0.00006 -6.36812e+02 |227  0.01436 -4.41692e+02 |228 -0.00862 -5.27752e+02
229  0.00483 -9.00420e+02 |230 -0.00314 -9.15454e+02 |231 -0.00496 -9.29895e+02
232  0.00395 -1.16907e+03 |233 -0.00527 -1.15576e+03 |234  0.00407 -8.41192e+02
235  0.00196 -8.99808e+02 |236 -0.00055 -7.97416e+02 |237 -0.00700 -7.35243e+02
238  0.00816 -9.40380e+02 |239 -0.01292 -8.79950e+02 |240  0.00727 -6.00786e+02
241  0.01130 -3.28614e+02 |242  0.00310 -2.69379e+02 |243 -0.00895 -1.04800e+02
244 -0.00894 -1.84719e+01 |245  0.00801  1.78259e+01 |246  0.00538  6.84531e+01
247 -0.00907  8.80891e+01 |248 -0.00329  2.32548e+02 |249  0.00905  1.96958e+02
250 -0.00617  1.79355e+02 |251  0.00686  6.10046e+00 |252  0.00048  1.16684e-01
253  0.00049  1.19894e-01 |254  0.00065  1.59287e-01 |255 -0.01414 -1.81058e+03
256  0.00375 -1.88766e+03 |257 -0.00114 -1.84529e+03 |258 -0.00413 -1.89148e+03
259  0.00591 -1.88392e+03 |260  0.00986 -1.85952e+03 |261 -0.00618 -1.81856e+03
262  0.00993 -1.89750e+03 |263 -0.00851 -1.92936e+03 |264 -0.02524 -1.85968e+03
265  0.01279 -1.80610e+03 |266 -0.00680 -1.76890e+03 |267 -0.00546 -1.88210e+03
268 -0.00069 -1.75176e+03 |269  0.00704 -1.39829e+03 |270 -0.00181 -1.38215e+03
271  0.00193 -1.52632e+03 |272 -0.00436 -1.30718e+03 |273  0.00569 -1.10888e+03
274  0.00059 -9.72823e+02 |275 -0.00428 -9.67058e+02 |276  0.00167 -7.99984e+02
277  0.00304 -6.40103e+02 |278  0.00417 -7.65617e+02 |279  0.00666 -8.49699e+02
280 -0.01586 -1.06085e+03 |281  0.00437 -1.07664e+03 |282  0.00051 -1.02947e+03
283 -0.00028 -9.76213e+02 |284  0.00049 -1.01322e+03 |285  0.00063 -6.23174e+02
286 -0.00101 -5.62749e+02 |287  0.00001 -5.35250e+02 |288  0.00251 -3.92552e+02
289  0.00854 -2.05284e+02 |290 -0.00575 -1.67231e+02 |291 -0.01009 -3.19760e+02
292  0.01163  2.35554e+01 |293 -0.00172 -1.42554e+02 |294 -0.00111  6.85425e+00
295 -0.00625  9.55178e+01 |296  0.00220  2.65479e+02 |297  0.00063 -2.48889e+01
298  0.00234 -2.23717e+02 |299  0.00407 -1.92296e+02 |300 -0.00609 -4.80876e+02
301  0.00178 -6.04466e+02 |302  0.00106 -3.78162e+02 |303 -0.00187 -8.14919e+02
304 -0.00752 -6.04356e+02 |305  0.00596 -3.35177e+01 |306 -0.00117 -1.03000e+02
307  0.00892 -7.91911e+01 |308 -0.00671  7.29373e+01 |309 -0.00009  4.77500e+02
310  0.00663  4.08471e+02 |311  0.00140  3.77897e+02 |312  0.00283  6.59004e+02
313 -0.00736  7.02723e+02 |314  0.00219  7.10520e+02 |315  0.00039  7.13599e+02
316  0.00530  8.43049e+02 |317 -0.00346  6.15600e+02 |318  0.00371  4.33899e+02
319 -0.00632  2.07442e+02 |320  0.00271  6.65443e-01 |321  0.00262  6.46965e-01
322  0.00248  6.11736e-01 |
322 variables; iteration 180; function evaluation 194; phase 5
Function value 2.9481824e+03; maximum gradient component mag -1.8341e+03
Var    Value     Gradient |Var    Value     Gradient |Var    Value     Gradient
  1 -0.03466 -1.72827e+03 |  2  0.02803 -6.46284e+00 |  3  0.14837 -1.78518e+01
  4 -0.17011 -3.53867e+01 |  5  0.03587  8.21461e+01 |  6  0.04554 -9.54819e+00
  7  0.04154 -1.80297e+01 |  8  0.00757  5.50653e+00 |  9  0.05348 -1.72938e+00
 10  0.01633  1.36019e+01 | 11  0.21914 -5.05404e+01 | 12 -0.10295  2.43332e+01
 13 -0.03423  7.91671e+00 | 14 -0.16746  3.98232e+00 | 15 -0.19658  2.92558e+00
 16  0.23700 -1.03590e+02 | 17  0.01354  4.27448e+00 | 18 -0.11192  4.57404e+00
 19 -0.04630 -1.24581e+00 | 20 -0.01316 -2.57714e+01 | 21 -0.09325  4.41652e+00
 22  0.03690 -3.52372e+01 | 23 -0.10940  9.14157e+00 | 24 -0.03662  1.04410e+01
 25  0.01170 -7.00073e+01 | 26  0.01357 -7.04510e+01 | 27 -0.09120  3.22380e+01
 28  0.01424 -3.99917e+01 | 29  0.04729 -7.86118e+01 | 30 -0.05923  1.09118e+01
 31 -0.24668 -1.75464e+01 | 32  0.04238 -6.82384e+01 | 33  0.03284 -8.31483e+01
 34  0.07026 -1.09117e+00 | 35  0.03754 -4.95042e+01 | 36 -0.03958  1.28354e+01
 37 -0.02752 -6.52343e+00 | 38  0.06139 -1.34488e+01 | 39 -0.05490  1.20428e+01
 40  0.21029 -6.79525e+01 | 41  0.02781  1.77838e+01 | 42  0.08933  3.45517e+01
 43 -0.06750  1.64073e+01 | 44  0.17823 -1.89835e+01 | 45 -0.04116 -1.16557e+01
 46 -0.03804 -2.51745e+01 | 47 -0.01791  1.45227e+01 | 48 -0.08737  3.42296e+01
 49  0.11382  3.05766e+01 | 50  0.01277  2.89433e+01 | 51 -0.00262  9.36916e-01
 52  0.01891 -1.57973e+01 | 53 -0.03526 -8.96797e+00 | 54  0.08570  4.76358e+01
 55  0.01138  1.10394e+02 | 56 -0.04953 -2.59809e+00 | 57 -0.06202 -6.51606e+01
 58  0.08971  2.31241e+02 | 59 -0.03737 -5.92262e+01 | 60  0.01852  7.51563e+00
 61  0.01214  1.61784e+02 | 62  0.07563  1.11056e+02 | 63  0.09950 -1.36290e+01
 64 -0.05603  3.72829e+01 | 65 -0.00534  1.64040e+02 | 66  0.03258 -1.93402e+02
 67  0.01094  9.52022e+01 | 68 -0.04300  4.80423e+01 | 69  0.02559 -1.91299e+02
 70  0.01765  5.70458e+01 | 71  0.15638  1.07747e+02 | 72 -0.06317 -7.06513e+01
 73 -0.03544 -4.38263e+01 | 74 -0.06019  5.41729e+01 | 75 -0.53071  3.34576e+00
 76 -0.65178  7.80035e+00 | 77 -0.79210  3.10170e+01 | 78 -0.69650 -1.10938e+00
 79 -0.74668  6.08155e+00 | 80 -0.77053 -5.15509e+00 | 81 -0.81839  1.40403e-01
 82 -0.84162  1.80766e+01 | 83 -0.81116  4.52392e+01 | 84 -0.73976 -7.00114e+00
 85 -0.81848 -7.10448e+00 | 86 -0.82681 -1.57588e+01 | 87 -0.79695 -1.06364e+01
 88 -0.80670 -7.45440e+00 | 89 -0.80241  1.54004e+01 | 90 -0.80670  8.32896e+00
 91 -0.78126  1.25433e+01 | 92 -0.79497  1.17637e+01 | 93 -0.78456  2.85445e+01
 94 -0.85231 -7.28456e+00 | 95 -0.85369 -5.03372e+00 | 96  0.02876  7.43637e-04
 97 -0.38437 -1.22154e-06 | 98  0.30901  1.09931e-06 | 99  0.49141 -3.32800e+01
100  0.16091 -3.40285e+02 |101  0.24421 -1.27318e+02 |102  0.09267  5.40641e+02
103 -0.16607  4.44366e+01 |104 -0.20552 -9.06882e+01 |105 -0.16307 -1.10543e+02
106 -0.00206 -1.83411e+03 |107  0.17165  1.33843e+02 |108 -0.02184  2.85013e+02
109  0.16542  6.60833e+01 |110  0.03924  8.20981e+01 |111  0.16957 -6.80558e+01
112 -0.05140 -1.11927e+02 |113 -0.34289 -3.92452e+01 |114 -0.19612  6.41498e+01
115 -0.23409 -4.22965e+00 |116 -0.28970 -2.66909e+01 |117  1.90022  1.74135e+01
118  2.11783 -7.85339e+01 |119 -0.00776 -1.95431e+02 |120  0.05639 -1.73903e+02
121 -0.02692 -1.94918e+02 |122 -0.02584 -1.90672e+02 |123 -0.00403 -1.84346e+02
124  0.01431 -1.79411e+02 |125 -0.01400 -1.86211e+02 |126  0.00475 -1.80721e+02
127  0.01428 -1.76621e+02 |128  0.00080 -1.76935e+02 |129 -0.00746 -1.78376e+02
130 -0.01713 -1.78094e+02 |131 -0.00824 -2.09648e+02 |132 -0.00561 -1.93973e+02
133  0.00636 -1.73627e+02 |134  0.00322 -1.71249e+02 |135 -0.00151 -1.67213e+02
136  0.01649 -1.58329e+02 |137 -0.01778 -1.61457e+02 |138 -0.01626 -1.47483e+02
139  0.01255 -9.67408e+01 |140  0.01765 -9.69390e+01 |141 -0.00397 -9.03928e+01
142 -0.01055 -8.95562e+01 |143  0.01800 -9.78172e+01 |144 -0.02874 -1.28366e+02
145  0.03158 -6.41324e+01 |146  0.00933 -7.88071e+01 |147 -0.00974 -9.27892e+01
148 -0.00981 -9.22310e+01 |149  0.00133 -8.48003e+01 |150  0.03175 -6.77793e+01
151 -0.03097 -7.27023e+01 |152 -0.02155 -6.33685e+01 |153  0.00859 -2.13914e+01
154  0.00570 -1.95909e+01 |155  0.00482  2.67163e+01 |156 -0.01534  2.88654e+01
157 -0.01365  1.18569e+01 |158  0.02470 -3.17508e+01 |159 -0.00780 -2.53221e+01
160  0.01094 -5.21631e+01 |161 -0.00760 -3.58168e+01 |162 -0.01496 -2.14306e+01
163  0.01353 -5.28220e+00 |164  0.00528 -2.46142e+01 |165 -0.00630 -6.60281e+01
166  0.00141 -6.56168e+01 |167 -0.01878 -5.81891e+01 |168  0.00178 -3.89948e+01
169  0.02165 -2.55546e+01 |170 -0.02957 -2.48358e+01 |171  0.01225 -5.61203e+00
172  0.02705  2.14980e+00 |173  0.01214 -1.57455e+01 |174 -0.01243 -1.34012e+01
175  0.00274 -6.77978e+00 |176 -0.01291 -4.54072e+00 |177 -0.00004 -9.08280e+00
178 -0.00017 -4.49448e+00 |179  0.00582 -5.77820e+00 |180 -0.00040 -1.52530e+01
181 -0.00163 -4.04846e+01 |182 -0.01198 -5.34738e+01 |183 -0.01571 -4.62759e+01
184 -0.00298 -7.35065e-01 |185 -0.00304 -7.48882e-01 |186 -0.00306 -7.54149e-01
187  0.02671 -1.45652e+03 |188  0.00058 -1.44828e+03 |189 -0.01151 -1.42199e+03
190  0.01212 -1.40008e+03 |191  0.01757 -1.46595e+03 |192 -0.03066 -1.47604e+03
193  0.00509 -1.48004e+03 |194 -0.00061 -1.45970e+03 |195 -0.01747 -1.44984e+03
196  0.01534 -1.35354e+03 |197 -0.00582 -1.34759e+03 |198  0.00040 -1.34127e+03
199 -0.00069 -1.37871e+03 |200  0.00527 -1.31950e+03 |201 -0.00860 -1.12086e+03
202  0.00752 -1.08166e+03 |203 -0.00119 -1.09752e+03 |204  0.00650 -1.02155e+03
205 -0.01098 -1.12001e+03 |206  0.01225 -1.05988e+03 |207 -0.01112 -9.51919e+02
208  0.00303 -8.64632e+02 |209  0.00505 -7.90368e+02 |210 -0.00278 -8.05978e+02
211 -0.01033 -7.97328e+02 |212  0.00887 -7.61024e+02 |213 -0.00283 -6.40307e+02
214  0.00033 -5.70154e+02 |215  0.00080 -5.65370e+02 |216  0.00416 -5.39985e+02
217 -0.00407 -3.32951e+02 |218  0.00101 -3.89616e+02 |219  0.00678 -4.86727e+02
220 -0.00218 -2.84420e+02 |221 -0.00013 -2.20484e+02 |222 -0.00552 -2.89659e+02
223  0.00901 -1.74381e+02 |224 -0.00072 -2.49792e+02 |225 -0.01375 -3.13079e+02
226  0.00099 -3.68409e+02 |227  0.01163 -2.09979e+02 |228 -0.00774 -2.63707e+02
229  0.00715 -3.65559e+02 |230 -0.00243 -3.91148e+02 |231 -0.00732 -5.06637e+02
232  0.00565 -5.69550e+02 |233 -0.00592 -6.67213e+02 |234  0.00414 -3.01577e+02
235  0.00367 -3.21901e+02 |236 -0.00311 -3.66564e+02 |237 -0.00907 -3.20964e+02
238  0.01160 -3.68401e+02 |239 -0.01151 -3.50787e+02 |240  0.00367 -1.82407e+02
241  0.01492  2.62664e+01 |242  0.00391 -5.44296e+01 |243 -0.01011 -4.01363e+01
244 -0.01394 -8.67024e+00 |245  0.01218  1.48574e+02 |246  0.00644  1.34458e+02
247 -0.01012  9.96646e+01 |248 -0.00204  1.45840e+02 |249  0.00683  1.82368e+02
250 -0.00547  1.32282e+02 |251  0.00548 -7.66896e+01 |252  0.00056  1.38654e-01
253  0.00059  1.45296e-01 |254  0.00101  2.48112e-01 |255 -0.01161 -5.74843e+02
256  0.00441 -4.96300e+02 |257 -0.00136 -4.09078e+02 |258 -0.00332 -4.10058e+02
259  0.00589 -4.04906e+02 |260  0.01044 -5.27199e+02 |261 -0.00926 -5.03999e+02
262  0.00912 -5.01969e+02 |263 -0.00951 -5.26942e+02 |264 -0.02196 -4.12650e+02
265  0.01602 -3.12586e+02 |266 -0.01130 -3.24468e+02 |267 -0.00181 -3.88852e+02
268 -0.00106 -2.58858e+02 |269  0.00550 -9.09529e+01 |270 -0.00446 -1.48482e+02
271  0.00319 -1.14084e+02 |272 -0.00356 -4.16359e+01 |273  0.00777  1.13347e+02
274 -0.00177  1.03434e+02 |275 -0.00113  1.58057e+02 |276  0.00041  3.33563e+02
277 -0.00016  3.63670e+02 |278  0.00815  4.67355e+02 |279 -0.00326  4.18162e+02
280 -0.00753  4.60584e+02 |281  0.00420  4.67111e+02 |282  0.00153  5.22007e+02
283 -0.00190  5.37545e+02 |284  0.00328  5.42208e+02 |285 -0.00119  8.04695e+02
286  0.00036  6.99917e+02 |287 -0.00196  6.09455e+02 |288  0.00624  7.26061e+02
289  0.00519  6.64090e+02 |290 -0.00629  6.01389e+02 |291 -0.00692  5.66117e+02
292  0.00877  6.36839e+02 |293  0.00026  4.60235e+02 |294 -0.00222  5.44454e+02
295 -0.00459  5.70732e+02 |296 -0.00074  5.24878e+02 |297 -0.00120  4.45291e+02
298  0.00502  4.10665e+02 |299  0.00309  3.57531e+02 |300 -0.00436  2.38573e+02
301  0.00022 -6.92365e+01 |302  0.00061  2.10285e+02 |303  0.00062 -1.18260e+02
304 -0.00543 -1.44756e+02 |305  0.00487  1.49015e+02 |306 -0.00329  7.84475e+01
307  0.00755  3.69888e+01 |308 -0.00258  1.33821e+02 |309 -0.00394  2.46596e+02
310  0.00696  1.40460e+02 |311  0.00294  6.11203e+01 |312  0.00327  1.77116e+02
313 -0.00925  3.05363e+02 |314  0.00130  2.68079e+02 |315  0.00314  3.26809e+02
316  0.00067  2.55867e+02 |317 -0.00046  2.15189e+02 |318  0.00219  2.05378e+01
319 -0.00914 -1.96305e+02 |320  0.00777  1.91534e+00 |321  0.00743  1.83221e+00
322  0.00685  1.68915e+00 |
322 variables; iteration 200; function evaluation 214; phase 5
Function value 2.9458292e+03; maximum gradient component mag -2.1381e+03
Var    Value     Gradient |Var    Value     Gradient |Var    Value     Gradient
  1 -0.03502 -2.13812e+03 |  2  0.03212 -4.14628e+00 |  3  0.15113 -1.34624e+01
  4 -0.18350 -3.81348e+01 |  5  0.03097  7.29028e+01 |  6  0.04251 -1.71385e+01
  7  0.04530 -1.18005e+01 |  8  0.00971  8.31874e+00 |  9  0.05157 -3.71549e+00
 10  0.01507  1.29801e+01 | 11  0.21915 -5.51177e+01 | 12 -0.11223  2.22709e+01
 13 -0.03441  8.47867e+00 | 14 -0.18633 -1.88358e+00 | 15 -0.20247  3.05941e+00
 16  0.23860 -9.38787e+01 | 17  0.01559  8.99461e+00 | 18 -0.11063  6.76368e+00
 19 -0.04864 -7.87304e+00 | 20 -0.01337 -2.21490e+01 | 21 -0.08484  1.69798e+01
 22  0.03799 -3.18567e+01 | 23 -0.11085  8.96129e+00 | 24 -0.03540  8.36932e+00
 25  0.01376 -6.23873e+01 | 26  0.01718 -6.82411e+01 | 27 -0.09436  2.84252e+01
 28  0.01429 -4.91824e+01 | 29  0.04642 -9.54374e+01 | 30 -0.06319  4.65245e+00
 31 -0.24028 -1.42032e+01 | 32  0.04176 -7.96374e+01 | 33  0.03355 -8.97674e+01
 34  0.07144 -6.09297e+00 | 35  0.03742 -6.09161e+01 | 36 -0.04203  7.53203e+00
 37 -0.02617 -8.92867e+00 | 38  0.06295 -2.10909e+01 | 39 -0.06013  3.58828e+00
 40  0.21234 -7.15526e+01 | 41  0.02760  1.61383e+01 | 42  0.08959  2.14428e+01
 43 -0.06481  3.02881e+01 | 44  0.17832 -4.59953e+01 | 45 -0.03936 -3.15214e+00
 46 -0.03696 -1.94579e+01 | 47 -0.01687  2.18185e+01 | 48 -0.08678  3.36772e+01
 49  0.11420  2.51453e+01 | 50  0.01306  2.38527e+01 | 51 -0.00223 -8.58743e-01
 52  0.01993 -3.52735e+00 | 53 -0.03495 -8.21617e+00 | 54  0.08605  3.85018e+01
 55  0.01147  1.03984e+02 | 56 -0.04911  1.01885e-01 | 57 -0.06186 -6.95785e+01
 58  0.08982  2.12020e+02 | 59 -0.03686 -5.76278e+01 | 60  0.01940  2.34799e+01
 61  0.01158  1.33756e+02 | 62  0.07607  1.10972e+02 | 63  0.09954 -2.20198e+01
 64 -0.05536  4.13185e+01 | 65 -0.00429  1.79396e+02 | 66  0.03327 -1.83571e+02
 67  0.01195  1.13404e+02 | 68 -0.04239  5.43086e+01 | 69  0.02674 -1.78319e+02
 70  0.01840  6.90734e+01 | 71  0.15668  1.09920e+02 | 72 -0.06253 -6.46901e+01
 73 -0.03485 -3.95764e+01 | 74 -0.06144  4.86452e+01 | 75 -0.53344 -2.23552e+00
 76 -0.65634  2.69739e+00 | 77 -0.79471  2.35997e+01 | 78 -0.69671 -5.95131e-01
 79 -0.75118  1.10068e+00 | 80 -0.77099 -5.07421e+00 | 81 -0.81786  2.53939e+00
 82 -0.84138  2.03989e+01 | 83 -0.81493  3.47768e+01 | 84 -0.73618 -2.93130e+00
 85 -0.81689 -3.44856e+00 | 86 -0.82948 -1.68295e+01 | 87 -0.79404 -7.30337e+00
 88 -0.79989 -4.58690e-01 | 89 -0.80382  1.22276e+01 | 90 -0.80715  7.18559e+00
 91 -0.78318  9.10562e+00 | 92 -0.79484  1.23266e+01 | 93 -0.78456  2.92415e+01
 94 -0.85109 -1.22988e+00 | 95 -0.85318 -1.76226e+00 | 96  0.02845  1.72615e-03
 97 -0.38431 -4.42012e-04 | 98  0.30826  1.49182e-03 | 99  0.49984 -3.46316e+01
100  0.26513 -1.64426e+02 |101  0.23459  5.83304e+01 |102  0.09291  6.00178e+02
103 -0.16594  6.67996e+01 |104 -0.20564 -8.78537e+01 |105 -0.16306 -1.14814e+02
106 -0.00208 -1.87620e+03 |107  0.17178  1.23215e+02 |108 -0.02210  2.51222e+02
109  0.16600  5.36991e+01 |110  0.03723  7.49007e+01 |111  0.17137 -6.36576e+01
112 -0.05192 -1.22832e+02 |113 -0.34268 -4.56240e+01 |114 -0.19558  5.25126e+01
115 -0.23866 -1.56601e+01 |116 -0.28580 -2.89517e+01 |117  1.89961  1.87224e+01
118  2.12227 -7.10938e+01 |119  0.01889 -1.99286e+02 |120 -0.00266 -2.04169e+02
121  0.00003 -2.03062e+02 |122 -0.01013 -2.00193e+02 |123 -0.00094 -1.97552e+02
124  0.00615 -1.95565e+02 |125  0.00154 -1.96626e+02 |126 -0.01640 -2.00806e+02
127  0.01085 -1.93527e+02 |128  0.00155 -1.92183e+02 |129 -0.00126 -1.92253e+02
130 -0.02276 -1.95644e+02 |131 -0.00764 -2.22542e+02 |132 -0.00654 -2.01870e+02
133  0.00838 -1.76869e+02 |134  0.00364 -1.78562e+02 |135 -0.00291 -1.77499e+02
136  0.01386 -1.67751e+02 |137 -0.01260 -1.63855e+02 |138 -0.01731 -1.60059e+02
139  0.01047 -1.18527e+02 |140  0.01370 -1.06261e+02 |141  0.00700 -8.99677e+01
142 -0.01631 -9.44306e+01 |143  0.01561 -1.07172e+02 |144 -0.02601 -1.28983e+02
145  0.03050 -7.96673e+01 |146  0.01375 -9.24395e+01 |147 -0.01398 -1.10195e+02
148 -0.00832 -1.07622e+02 |149  0.00203 -1.05863e+02 |150  0.02886 -9.37372e+01
151 -0.03192 -9.67432e+01 |152 -0.01960 -8.45643e+01 |153  0.00900 -4.29598e+01
154  0.00576 -4.18106e+01 |155  0.00562 -2.00603e+00 |156 -0.01601 -1.33723e+00
157 -0.01538 -1.95922e+01 |158  0.02697 -4.60994e+01 |159 -0.00944 -4.33008e+01
160  0.01173 -6.99903e+01 |161 -0.00827 -5.51257e+01 |162 -0.01431 -4.03160e+01
163  0.01311 -2.89271e+01 |164  0.00551 -4.81218e+01 |165 -0.00695 -9.18141e+01
166  0.00175 -8.87530e+01 |167 -0.01949 -8.16987e+01 |168  0.00219 -5.84043e+01
169  0.02192 -2.86074e+01 |170 -0.02926 -2.75551e+01 |171  0.01217 -1.71591e+01
172  0.02562 -1.45287e+01 |173  0.01410 -2.68697e+01 |174 -0.00541 -2.38746e+01
175 -0.00826 -2.30214e+01 |176 -0.01172 -1.62564e+01 |177  0.00234 -1.15075e+01
178  0.00109 -8.30865e+00 |179  0.00537 -1.14202e+01 |180 -0.00184 -2.41262e+01
181 -0.00094 -4.78447e+01 |182 -0.01287 -6.32149e+01 |183 -0.01564 -5.44907e+01
184  0.00122  3.04796e-01 |185  0.00124  3.09288e-01 |186  0.00125  3.10566e-01
187  0.00335 -7.48310e+02 |188 -0.00044 -7.43427e+02 |189 -0.01002 -7.10403e+02
190  0.01178 -7.00521e+02 |191  0.00829 -7.84827e+02 |192 -0.01917 -7.87895e+02
193  0.00030 -7.99384e+02 |194  0.00481 -7.74403e+02 |195 -0.01930 -7.69658e+02
196  0.01481 -6.95595e+02 |197 -0.00642 -7.12011e+02 |198 -0.00028 -7.05866e+02
199 -0.00056 -7.47341e+02 |200  0.00678 -6.65711e+02 |201 -0.01001 -4.90815e+02
202  0.00735 -5.08334e+02 |203 -0.00038 -5.20921e+02 |204  0.00608 -4.70777e+02
205 -0.01054 -5.79504e+02 |206  0.01068 -5.47729e+02 |207 -0.00987 -4.39025e+02
208  0.00301 -3.48919e+02 |209  0.00468 -2.96679e+02 |210 -0.00163 -3.15392e+02
211 -0.01233 -3.07620e+02 |212  0.01000 -2.57739e+02 |213 -0.00307 -1.44162e+02
214  0.00063 -6.20424e+01 |215  0.00045 -7.77542e+01 |216  0.00510 -5.65259e+01
217 -0.00451  1.30466e+02 |218  0.00017  1.74665e+01 |219  0.00807 -8.06777e+01
220 -0.00312  7.64372e+01 |221  0.00068  1.44318e+02 |222 -0.00593  5.35806e+01
223  0.00920  1.61748e+02 |224 -0.00117  4.91436e+01 |225 -0.01425 -1.35880e+01
226  0.00126 -6.54628e+01 |227  0.01229  9.55760e+01 |228 -0.00856  2.35582e+01
229  0.00789 -6.39532e+01 |230 -0.00291 -1.04816e+02 |231 -0.00702 -2.20519e+02
232  0.00555 -2.84828e+02 |233 -0.00577 -3.93305e+02 |234  0.00418 -5.70178e+01
235  0.00407 -9.29815e+01 |236 -0.00405 -1.57067e+02 |237 -0.00879 -1.07270e+02
238  0.01195 -1.68371e+02 |239 -0.01222 -1.70934e+02 |240  0.00397 -2.48011e+01
241  0.01540  1.61689e+02 |242  0.00380  5.66478e+01 |243 -0.00988  5.71376e+01
244 -0.01397  7.87452e+01 |245  0.01197  2.17818e+02 |246  0.00623  1.75230e+02
247 -0.00996  1.37720e+02 |248 -0.00183  1.68681e+02 |249  0.00659  1.98268e+02
250 -0.00569  1.41623e+02 |251  0.00521 -9.48992e+01 |252  0.00005 -2.33290e-02
253  0.00004 -2.38042e-02 |254 -0.00011 -6.42853e-02 |255 -0.00913  2.58247e+02
256  0.00430  3.30184e+02 |257 -0.00221  4.22625e+02 |258 -0.00282  4.40349e+02
259  0.00631  4.31894e+02 |260  0.00829  2.86641e+02 |261 -0.00739  3.09851e+02
262  0.00619  3.11826e+02 |263 -0.00738  2.90323e+02 |264 -0.02072  3.83355e+02
265  0.01534  4.70654e+02 |266 -0.01063  4.70951e+02 |267 -0.00204  3.91176e+02
268 -0.00112  5.10021e+02 |269  0.00605  6.44813e+02 |270 -0.00514  5.49189e+02
271  0.00310  5.87023e+02 |272 -0.00313  6.27896e+02 |273  0.00730  7.53353e+02
274 -0.00105  7.41625e+02 |275 -0.00197  7.56888e+02 |276  0.00066  9.18261e+02
277 -0.00030  9.30022e+02 |278  0.00758  1.03935e+03 |279 -0.00141  1.00797e+03
280 -0.00846  1.05416e+03 |281  0.00440  1.04599e+03 |282  0.00121  1.08492e+03
283 -0.00190  1.08778e+03 |284  0.00284  1.08074e+03 |285 -0.00019  1.33389e+03
286 -0.00012  1.17403e+03 |287 -0.00235  1.08945e+03 |288  0.00663  1.15849e+03
289  0.00474  1.08541e+03 |290 -0.00604  1.01011e+03 |291 -0.00711  9.62671e+02
292  0.00886  1.01619e+03 |293  0.00123  8.43481e+02 |294 -0.00278  9.03239e+02
295 -0.00481  9.17432e+02 |296 -0.00038  8.49792e+02 |297 -0.00173  7.62055e+02
298  0.00527  7.26655e+02 |299  0.00279  6.60791e+02 |300 -0.00405  5.47595e+02
301  0.00006  2.13113e+02 |302  0.00055  4.69368e+02 |303  0.00057  1.34518e+02
304 -0.00474  9.72585e+01 |305  0.00444  3.52622e+02 |306 -0.00354  2.64868e+02
307  0.00839  2.20839e+02 |308 -0.00291  2.66767e+02 |309 -0.00454  3.33701e+02
310  0.00709  2.21833e+02 |311  0.00314  1.38303e+02 |312  0.00295  2.29902e+02
313 -0.00902  3.44335e+02 |314  0.00120  2.79029e+02 |315  0.00323  3.33450e+02
316  0.00021  2.47276e+02 |317 -0.00021  2.19038e+02 |318  0.00265  3.50829e+01
319 -0.00966 -2.20147e+02 |320 -0.00311 -8.14076e-01 |321 -0.00293 -7.65047e-01
322 -0.00268 -7.06345e-01 |
322 variables; iteration 220; function evaluation 234; phase 5
Function value 2.9344713e+03; maximum gradient component mag -2.0535e+03
Var    Value     Gradient |Var    Value     Gradient |Var    Value     Gradient
  1 -0.03456 -1.31269e+03 |  2 -0.01693 -1.04533e+01 |  3  0.16717  2.59444e+01
  4 -0.07889 -8.34765e+00 |  5 -0.01019  4.29674e+01 |  6  0.04182 -1.63111e+01
  7  0.04872 -2.55801e+00 |  8 -0.00057 -4.79069e+00 |  9  0.04532 -8.30712e+00
 10  0.01947  3.85896e+01 | 11  0.22157  9.43797e+00 | 12 -0.09900  4.35931e+01
 13 -0.03849  2.48650e+01 | 14 -0.15535  2.59955e+01 | 15 -0.17342  2.96026e+01
 16  0.23882 -2.60028e+01 | 17  0.00632  2.85339e+01 | 18 -0.10968  2.66831e+01
 19 -0.05666 -8.61099e+00 | 20 -0.01048  1.30511e+01 | 21 -0.09708  1.82775e+01
 22  0.03744  4.18179e+00 | 23 -0.12100  9.55182e+00 | 24 -0.03597  2.42088e+01
 25  0.01467 -1.72538e+00 | 26  0.02341 -2.31334e+01 | 27 -0.10561  3.50226e+01
 28  0.01359 -2.09244e+01 | 29  0.04519 -5.92008e+01 | 30 -0.08709  9.05120e-01
 31 -0.19971  1.66873e+01 | 32  0.04718  9.85891e+00 | 33  0.04004 -4.03401e+01
 34  0.08095  6.33762e+01 | 35  0.03776 -1.83393e+01 | 36 -0.05228  1.97476e+01
 37 -0.02332  1.25804e+01 | 38  0.06489 -6.50053e+00 | 39 -0.07545 -2.18299e+00
 40  0.21486 -1.11419e+01 | 41  0.02698  2.81375e+01 | 42  0.08917  2.35724e+01
 43 -0.06545  2.85408e+01 | 44  0.17715 -8.10359e+01 | 45 -0.03925  4.47677e-01
 46 -0.03251  3.81771e+01 | 47 -0.01577  2.68423e+01 | 48 -0.08895  3.05075e+01
 49  0.11414  3.41622e+01 | 50  0.01271  2.47750e+01 | 51 -0.00116  1.77753e+01
 52  0.02009  1.76825e+01 | 53 -0.03425  2.35211e+01 | 54  0.08461  7.96909e+00
 55  0.01067  1.08461e+02 | 56 -0.04864  3.05202e+01 | 57 -0.05880 -1.05494e+01
 58  0.08740  1.03236e+02 | 59 -0.03501 -1.98663e+01 | 60  0.02032  7.72862e+01
 61  0.00816  3.55907e+01 | 62  0.07570  8.86145e+01 | 63  0.09809 -7.63040e+01
 64 -0.05684  2.64616e+01 | 65 -0.00712  1.33173e+02 | 66  0.03470 -1.40104e+02
 67  0.01154  8.42734e+01 | 68 -0.04281  4.81405e+01 | 69  0.02965 -1.19338e+02
 70  0.01708  5.73949e+01 | 71  0.15576  9.45868e+01 | 72 -0.05432  1.84473e+01
 73 -0.03002  1.15320e+01 | 74 -0.06283  5.41937e+01 | 75 -0.52197 -4.21046e+00
 76 -0.66618 -9.99590e+00 | 77 -0.80019  5.72428e+00 | 78 -0.71898 -2.34731e+01
 79 -0.76086 -1.24997e+01 | 80 -0.77532 -1.01024e+01 | 81 -0.81926  3.64170e+00
 82 -0.84302  2.17262e+01 | 83 -0.81962  2.51343e+01 | 84 -0.73360  4.15540e+00
 85 -0.81864 -1.93370e+00 | 86 -0.81501 -3.42026e-01 | 87 -0.80027 -7.57477e+00
 88 -0.81697 -1.43749e+01 | 89 -0.80789  5.26219e+00 | 90 -0.81200 -1.02937e+00
 91 -0.78479  7.90738e+00 | 92 -0.80459 -9.49891e+00 | 93 -0.78719  2.55235e+01
 94 -0.85035  2.87682e+00 | 95 -0.85329  4.89177e+00 | 96  0.02611  4.68511e-04
 97 -0.38422 -1.01279e-06 | 98  0.30419  8.01127e-07 | 99  0.53277 -2.59599e+01
100  0.26424  1.38977e+02 |101  0.24712  1.39784e+02 |102  0.09364  7.75062e+02
103 -0.16603  1.29694e+02 |104 -0.20499 -2.16663e+01 |105 -0.16505 -8.02629e+01
106 -0.00225 -2.05353e+03 |107  0.17218  8.68560e+01 |108 -0.02267  1.35121e+02
109  0.16825  6.59093e+00 |110  0.01571  3.83624e+01 |111  0.19002 -3.12522e+01
112 -0.05288 -1.11408e+02 |113 -0.34059 -9.89555e+01 |114 -0.20021 -3.60942e+01
115 -0.24606 -4.62347e+01 |116 -0.27570 -3.09999e+01 |117  1.89971  1.95646e+01
118  2.13704 -5.89398e+01 |119 -0.01266 -1.64605e+02 |120  0.07480 -1.38888e+02
121 -0.04677 -1.69345e+02 |122 -0.01737 -1.58533e+02 |123  0.00002 -1.53795e+02
124  0.00450 -1.52062e+02 |125 -0.02318 -1.58597e+02 |126  0.02108 -1.46435e+02
127  0.01148 -1.53189e+02 |128 -0.00053 -1.54634e+02 |129 -0.01269 -1.57197e+02
130 -0.01964 -1.56869e+02 |131 -0.00983 -1.82610e+02 |132 -0.00480 -1.55226e+02
133  0.00750 -1.26445e+02 |134  0.00238 -1.24977e+02 |135 -0.00555 -1.10666e+02
136  0.02218 -4.28686e+01 |137 -0.01783 -4.64721e+01 |138 -0.01190 -3.89916e+01
139  0.00920 -5.37040e+01 |140  0.01507 -6.96196e+01 |141  0.00018 -6.22672e+01
142 -0.01725 -6.28959e+01 |143  0.01420 -6.58056e+01 |144 -0.01594 -5.36855e+01
145  0.02352 -7.86743e+01 |146  0.01140 -8.52236e+01 |147 -0.00552 -9.86267e+01
148 -0.00588 -9.94170e+01 |149  0.00118 -1.16513e+02 |150  0.02401 -1.11905e+02
151 -0.02670 -1.09226e+02 |152 -0.01933 -1.04693e+02 |153  0.00535 -1.00038e+02
154  0.00369 -9.92991e+01 |155  0.00992 -6.56933e+01 |156 -0.01864 -6.89472e+01
157 -0.01663 -8.92199e+01 |158  0.02962 -8.41354e+01 |159 -0.01013 -8.85541e+01
160  0.01493 -1.17091e+02 |161 -0.01051 -1.15759e+02 |162 -0.01607 -1.09689e+02
163  0.01042 -9.71706e+01 |164  0.00876 -1.06284e+02 |165 -0.00719 -1.58588e+02
166  0.00428 -1.65665e+02 |167 -0.02239 -1.70000e+02 |168 -0.00060 -1.53245e+02
169  0.02344 -5.52189e+01 |170 -0.02642 -5.33799e+01 |171  0.00688 -8.02891e+01
172  0.02679 -4.23706e+01 |173  0.01992 -4.80087e+01 |174 -0.00212 -4.81548e+01
175 -0.00876 -4.90251e+01 |176 -0.02207 -4.76801e+01 |177  0.00702 -2.59435e+01
178 -0.00087 -2.87458e+01 |179  0.00505 -3.13305e+01 |180 -0.00388 -4.18344e+01
181  0.00400 -5.67280e+01 |182 -0.01348 -7.94581e+01 |183 -0.01898 -7.18904e+01
184 -0.00468 -1.15455e+00 |185 -0.00477 -1.17584e+00 |186 -0.00480 -1.18526e+00
187  0.00459  6.33910e+02 |188 -0.00294  5.95654e+02 |189 -0.00884  6.52212e+02
190  0.01296  6.91651e+02 |191 -0.00432  5.34007e+02 |192 -0.02051  5.55272e+02
193  0.01966  5.68438e+02 |194 -0.00572  5.71942e+02 |195 -0.01941  5.94840e+02
196  0.01684  5.76112e+02 |197 -0.00077  6.00126e+02 |198 -0.00140  5.82584e+02
199 -0.00238  4.98383e+02 |200  0.00688  5.66318e+02 |201 -0.00910  6.48447e+02
202  0.00582  6.11048e+02 |203  0.00017  5.87158e+02 |204  0.00575  6.55154e+02
205 -0.00861  4.79954e+02 |206  0.01011  4.04805e+02 |207 -0.00930  3.65729e+02
208  0.00149  3.59095e+02 |209  0.00297  3.78437e+02 |210  0.00655  3.18710e+02
211 -0.02240  3.28229e+02 |212  0.01421  3.69751e+02 |213 -0.00473  3.60519e+02
214  0.00060  4.55483e+02 |215  0.00056  4.18090e+02 |216  0.00866  4.29114e+02
217 -0.00696  5.07310e+02 |218 -0.00329  2.71806e+02 |219  0.01157  2.44628e+02
220 -0.00102  3.23764e+02 |221 -0.00213  2.84266e+02 |222 -0.00412  2.06792e+02
223  0.00691  2.62220e+02 |224  0.00018  1.78628e+02 |225 -0.01834  1.04546e+02
226  0.00615  1.52657e+02 |227  0.00824  2.29945e+02 |228 -0.00605  2.24289e+02
229  0.00886  2.11417e+02 |230 -0.00493  1.12686e+02 |231 -0.00586  9.14469e+01
232  0.00538  2.09036e+01 |233 -0.00524 -5.81959e+01 |234  0.00416  2.14155e+02
235  0.00334  1.54226e+02 |236 -0.00392  9.86152e+01 |237 -0.00761  1.55717e+02
238  0.01006  2.81026e+01 |239 -0.01006  4.08911e+01 |240  0.00266  1.32374e+02
241  0.01523  2.74470e+02 |242  0.00589  1.64341e+02 |243 -0.01321  7.94495e+01
244 -0.01060  1.13722e+02 |245  0.01049  1.66445e+02 |246  0.00596  7.43630e+01
247 -0.01009  1.44409e+01 |248 -0.00037  4.41271e+01 |249  0.00375  3.87344e+01
250 -0.00466  4.63911e+01 |251  0.00630 -1.12422e+02 |252 -0.00006 -1.58073e-02
253 -0.00004 -8.89460e-03 |254  0.00057  1.39573e-01 |255 -0.01011  6.26671e+02
256  0.00242  5.78681e+02 |257 -0.00199  6.65176e+02 |258 -0.00238  6.66011e+02
259  0.00625  6.04054e+02 |260  0.01770  4.49035e+02 |261 -0.01753  4.63283e+02
262  0.00760  4.44854e+02 |263 -0.00385  4.43420e+02 |264 -0.02551  4.34261e+02
265  0.01348  5.11162e+02 |266 -0.01103  5.15283e+02 |267  0.00057  4.84616e+02
268 -0.00095  5.21023e+02 |269  0.00426  5.92333e+02 |270 -0.00369  4.99042e+02
271  0.00332  5.38565e+02 |272 -0.00211  5.38545e+02 |273  0.00500  5.36586e+02
274  0.00111  5.55663e+02 |275 -0.00491  4.48537e+02 |276  0.00223  5.68276e+02
277  0.00048  5.87265e+02 |278  0.00430  6.50226e+02 |279  0.00612  6.69645e+02
280 -0.01373  6.92688e+02 |281  0.00664  7.14538e+02 |282 -0.00002  6.53176e+02
283 -0.00368  6.17566e+02 |284  0.00198  6.64149e+02 |285  0.00275  8.67894e+02
286 -0.00065  6.08667e+02 |287 -0.00247  5.43466e+02 |288  0.00382  4.84554e+02
289  0.00687  5.74774e+02 |290 -0.00595  5.27564e+02 |291 -0.00653  4.66560e+02
292  0.00792  5.46426e+02 |293  0.00412  4.51083e+02 |294 -0.00591  5.39311e+02
295 -0.00304  5.46135e+02 |296 -0.00232  4.42347e+02 |297 -0.00168  4.42031e+02
298  0.00565  4.63162e+02 |299  0.00309  5.13642e+02 |300 -0.00479  4.19563e+02
301  0.00069  1.91784e+02 |302 -0.00002  4.26748e+02 |303  0.00152  1.71376e+02
304 -0.00383  1.43769e+02 |305  0.00248  3.44365e+02 |306 -0.00274  2.72759e+02
307  0.00813  2.54962e+02 |308 -0.00201  2.81928e+02 |309 -0.00474  3.07690e+02
310  0.00613  1.64151e+02 |311  0.00482  1.19488e+02 |312  0.00108  1.25561e+02
313 -0.00810  1.83326e+02 |314  0.00150  8.31299e+01 |315  0.00277  9.63133e+01
316 -0.00096  2.66529e+01 |317  0.00109  3.54084e+01 |318  0.00173 -8.36962e+01
319 -0.00918 -2.48047e+02 |320  0.01156  2.85128e+00 |321  0.01093  2.69723e+00
322  0.00994  2.45231e+00 |
322 variables; iteration 240; function evaluation 254; phase 5
Function value 2.9274323e+03; maximum gradient component mag -2.0542e+03
Var    Value     Gradient |Var    Value     Gradient |Var    Value     Gradient
  1 -0.03460 -8.28498e+02 |  2 -0.00204 -8.23511e+00 |  3  0.16336  2.05719e+01
  4 -0.06446 -5.45657e+00 |  5 -0.02328  3.07751e+01 |  6  0.04523 -1.62498e+01
  7  0.04956 -4.14133e+00 |  8 -0.00164 -5.67779e+00 |  9  0.05269  1.23190e+01
 10  0.01380 -1.19805e+00 | 11  0.21856 -1.76688e+01 | 12 -0.10686  1.40567e+01
 13 -0.04558 -5.41110e+00 | 14 -0.16002  2.08909e+00 | 15 -0.17385  7.63480e+00
 16  0.23713 -5.20142e+01 | 17  0.00887  8.76090e+00 | 18 -0.10092  9.53631e+00
 19 -0.05361 -8.89325e+00 | 20 -0.00497  1.65516e+01 | 21 -0.10766 -1.60066e+01
 22  0.03245 -3.98789e+01 | 23 -0.13274 -2.04100e+01 | 24 -0.03341  5.87342e+00
 25  0.01453 -4.61311e+00 | 26  0.02571 -1.87763e+01 | 27 -0.10635  1.41764e+01
 28  0.01447 -3.09669e+01 | 29  0.04817 -5.10515e+01 | 30 -0.08918 -5.22395e+00
 31 -0.18690  9.49087e-01 | 32  0.04402  2.35879e+00 | 33  0.03955 -5.68651e+01
 34  0.07450  4.02883e+01 | 35  0.04134 -9.19125e-01 | 36 -0.05456 -8.51331e+00
 37 -0.02519 -1.72790e+01 | 38  0.06267 -1.99719e+01 | 39 -0.07742 -9.21367e+00
 40  0.21474 -1.09709e+01 | 41  0.02434  8.28014e+00 | 42  0.08842  5.42132e+00
 43 -0.06705 -6.05803e+00 | 44  0.17597 -9.65838e+01 | 45 -0.03668  1.78375e+00
 46 -0.03394  9.22241e+00 | 47 -0.01557  2.46817e+01 | 48 -0.08945  7.86900e+00
 49  0.11314  1.85499e+01 | 50  0.01085 -8.29627e+00 | 51 -0.00314 -2.00874e+01
 52  0.01965  1.10409e+01 | 53 -0.03398  2.57753e+01 | 54  0.08398  2.41587e+00
 55  0.00916  6.97005e+01 | 56 -0.04988  8.63325e+00 | 57 -0.05982 -3.27488e+01
 58  0.08588  6.64950e+01 | 59 -0.03470 -2.27557e+01 | 60  0.01985  7.41829e+01
 61  0.00699  4.54417e+00 | 62  0.07457  5.88470e+01 | 63  0.09775 -6.60874e+01
 64 -0.05636  2.20420e+01 | 65 -0.00950  7.58653e+01 | 66  0.03574 -1.08544e+02
 67  0.01018  4.02635e+01 | 68 -0.04296  1.88449e+01 | 69  0.03088 -9.15377e+01
 70  0.01572  2.46788e+01 | 71  0.15393  3.76084e+01 | 72 -0.05757 -3.00863e+01
 73 -0.03069 -1.65918e+01 | 74 -0.06549  2.32233e+01 | 75 -0.52143 -1.13173e+00
 76 -0.66806 -1.32979e+01 | 77 -0.80194  1.79516e+00 | 78 -0.71264 -1.70349e+01
 79 -0.75926 -1.13009e+01 | 80 -0.77530 -9.79638e+00 | 81 -0.81923  3.64087e+00
 82 -0.84133  2.89851e+01 | 83 -0.82904 -3.12572e+00 | 84 -0.73732  4.11609e-01
 85 -0.82147 -7.08129e+00 | 86 -0.81421 -1.33906e+00 | 87 -0.79478 -2.59668e+00
 88 -0.80755 -6.40822e+00 | 89 -0.81032  2.46527e+00 | 90 -0.81516 -5.21914e+00
 91 -0.78628  8.46529e+00 | 92 -0.80835 -1.46712e+01 | 93 -0.78844  2.62905e+01
 94 -0.84998  7.52320e+00 | 95 -0.85936 -2.15752e+01 | 96  0.02357  3.65852e-04
 97 -0.38378 -9.56768e-07 | 98  0.29995  7.13210e-07 | 99  0.55870 -5.57088e+01
100  0.27819 -1.80855e+02 |101  0.27094 -2.29132e+02 |102  0.09366  7.70554e+02
103 -0.16612  1.28689e+02 |104 -0.20491 -5.62908e+00 |105 -0.16599 -5.66351e+01
106 -0.00224 -2.05424e+03 |107  0.17234  6.94355e+01 |108 -0.02315  1.02841e+02
109  0.17002  6.09380e+00 |110  0.00181  2.61686e+01 |111  0.20093 -2.04942e+01
112 -0.05253 -7.13325e+01 |113 -0.34023 -5.78821e+01 |114 -0.20128 -1.53724e-01
115 -0.23552 -1.66304e+01 |116 -0.28572 -2.49214e+01 |117  1.90269  1.75297e+01
118  2.14393 -4.78422e+01 |119  0.00809 -3.61258e+02 |120  0.03742 -3.52887e+02
121 -0.01777 -3.66951e+02 |122 -0.02600 -3.67740e+02 |123  0.00523 -3.60036e+02
124  0.00354 -3.60263e+02 |125 -0.02235 -3.66364e+02 |126  0.01268 -3.57444e+02
127 -0.00859 -3.69942e+02 |128  0.00591 -3.60990e+02 |129 -0.00549 -3.62972e+02
130 -0.03303 -3.66670e+02 |131  0.00370 -2.84337e+02 |132 -0.00174 -2.59488e+02
133  0.00488 -2.43992e+02 |134  0.00915 -2.37287e+02 |135 -0.00938 -2.39772e+02
136  0.02345 -1.90508e+02 |137 -0.02121 -1.98139e+02 |138 -0.01383 -1.88497e+02
139  0.00918 -1.89039e+02 |140  0.01668 -1.64150e+02 |141  0.01071 -1.54192e+02
142 -0.02841 -1.61989e+02 |143  0.01707 -1.74394e+02 |144 -0.02003 -1.69977e+02
145  0.02385 -1.62258e+02 |146  0.01377 -1.61598e+02 |147 -0.01315 -1.77453e+02
148  0.00161 -1.64968e+02 |149 -0.00704 -1.86277e+02 |150  0.03773 -1.66877e+02
151 -0.02566 -1.71996e+02 |152 -0.02449 -1.74209e+02 |153  0.00142 -1.67928e+02
154  0.00571 -1.63508e+02 |155  0.01015 -1.34005e+02 |156 -0.01672 -1.36289e+02
157 -0.01885 -1.58028e+02 |158  0.03051 -1.33829e+02 |159 -0.01186 -1.38977e+02
160  0.01720 -1.53055e+02 |161 -0.01008 -1.53814e+02 |162 -0.01607 -1.48781e+02
163  0.00709 -1.47081e+02 |164  0.01029 -1.40723e+02 |165 -0.00601 -1.87719e+02
166  0.00382 -1.99902e+02 |167 -0.02272 -2.04257e+02 |168  0.00034 -1.76623e+02
169  0.01745 -9.93665e+01 |170 -0.02476 -6.94521e+01 |171  0.01235 -4.45432e+01
172  0.02139 -3.58818e+01 |173  0.02685 -2.15360e+01 |174 -0.00211 -2.46874e+01
175  0.00543 -2.22061e+01 |176 -0.03737 -3.15931e+01 |177  0.00278 -1.88469e+01
178 -0.00233 -1.56090e+01 |179  0.00403 -1.39338e+01 |180 -0.00297 -1.21977e+01
181  0.00686 -1.24493e+01 |182 -0.00958 -3.18746e+01 |183 -0.01689 -3.11437e+01
184 -0.00541 -1.33369e+00 |185 -0.00547 -1.34868e+00 |186 -0.00543 -1.34040e+00
187 -0.00018 -8.31769e+02 |188 -0.00206 -8.52796e+02 |189 -0.00798 -7.72056e+02
190  0.01009 -7.44439e+02 |191 -0.00011 -7.79208e+02 |192 -0.02250 -7.62977e+02
193  0.02228 -7.55541e+02 |194 -0.00323 -7.56990e+02 |195 -0.02305 -7.41801e+02
196  0.01670 -7.22967e+02 |197 -0.00333 -7.14582e+02 |198 -0.00197 -6.98031e+02
199  0.00164 -6.96653e+02 |200  0.00379 -6.74168e+02 |201 -0.00781 -5.98927e+02
202  0.00471 -5.68117e+02 |203  0.00283 -5.71939e+02 |204  0.00277 -4.81843e+02
205 -0.00749 -5.49921e+02 |206  0.01173 -5.51328e+02 |207 -0.01002 -6.05510e+02
208  0.00104 -6.08207e+02 |209  0.00066 -5.56017e+02 |210  0.01295 -5.49258e+02
211 -0.02834 -5.74511e+02 |212  0.01673 -4.84316e+02 |213 -0.00556 -5.06415e+02
214  0.00079 -4.09829e+02 |215  0.00131 -3.96224e+02 |216  0.00756 -4.17034e+02
217 -0.00773 -3.52528e+02 |218 -0.00322 -4.66376e+02 |219  0.01497 -4.32918e+02
220 -0.00531 -3.84222e+02 |221  0.00036 -3.69414e+02 |222 -0.00330 -4.32096e+02
223  0.00408 -4.07980e+02 |224  0.00052 -4.08137e+02 |225 -0.01810 -4.59504e+02
226  0.00687 -3.83919e+02 |227  0.00937 -2.91508e+02 |228 -0.00761 -3.04439e+02
229  0.00856 -3.05791e+02 |230 -0.00422 -3.57028e+02 |231 -0.00583 -3.47101e+02
232  0.00569 -3.73999e+02 |233 -0.00516 -4.22439e+02 |234  0.00424 -1.91777e+02
235  0.00226 -2.37271e+02 |236 -0.00355 -2.48567e+02 |237 -0.00818 -1.64601e+02
238  0.01267 -2.01783e+02 |239 -0.01196 -2.14948e+02 |240  0.00377 -1.00449e+02
241  0.01399  2.26874e+01 |242  0.00551 -4.03500e+01 |243 -0.01184 -9.21225e+01
244 -0.01070 -6.68629e+01 |245  0.00997 -1.20050e+01 |246  0.00531 -7.24526e+01
247 -0.00813 -1.05020e+02 |248 -0.00308 -8.85004e+01 |249  0.00561 -2.73853e+01
250 -0.00568 -1.60575e+01 |251  0.00623 -8.52349e+01 |252  0.00648  1.59964e+00
253  0.00656  1.61754e+00 |254  0.00760  1.87604e+00 |255 -0.01524 -1.05169e+03
256  0.00279 -1.06878e+03 |257 -0.00289 -9.87946e+02 |258 -0.00097 -9.11843e+02
259  0.00430 -9.59880e+02 |260  0.01969 -1.02960e+03 |261 -0.01979 -1.02572e+03
262  0.00565 -1.02088e+03 |263 -0.00155 -1.00857e+03 |264 -0.02351 -9.73904e+02
265  0.01287 -9.46904e+02 |266 -0.00880 -9.15389e+02 |267 -0.00327 -9.46503e+02
268  0.00068 -8.54478e+02 |269  0.00313 -7.89703e+02 |270 -0.00330 -8.44570e+02
271  0.00239 -7.98728e+02 |272  0.00028 -7.71582e+02 |273  0.00395 -7.59087e+02
274  0.00095 -7.16163e+02 |275 -0.00511 -8.17793e+02 |276  0.00243 -6.89647e+02
277  0.00105 -6.57244e+02 |278  0.00201 -6.16630e+02 |279  0.00885 -5.63416e+02
280 -0.01556 -5.01831e+02 |281  0.00704 -4.77070e+02 |282  0.00010 -5.09011e+02
283 -0.00390 -5.36174e+02 |284  0.00293 -4.38124e+02 |285  0.00223 -2.83435e+02
286 -0.00130 -4.90215e+02 |287 -0.00447 -5.03477e+02 |288  0.00709 -5.01316e+02
289  0.00530 -4.34310e+02 |290 -0.00535 -4.38722e+02 |291 -0.00512 -4.81939e+02
292  0.00653 -3.64270e+02 |293  0.00531 -4.02819e+02 |294 -0.00684 -3.05021e+02
295 -0.00381 -2.77967e+02 |296 -0.00079 -3.11128e+02 |297 -0.00238 -3.29269e+02
298  0.00510 -2.97668e+02 |299  0.00346 -1.85568e+02 |300 -0.00544 -2.38718e+02
301  0.00162 -3.70099e+02 |302 -0.00116 -1.64872e+02 |303  0.00278 -3.07377e+02
304 -0.00405 -3.10737e+02 |305  0.00319 -8.21426e+01 |306 -0.00389 -1.19562e+02
307  0.00851 -1.02322e+02 |308 -0.00259 -4.86528e+01 |309 -0.00422  2.31816e+01
310  0.00659 -7.40527e+01 |311  0.00428 -1.34805e+02 |312  0.00062 -1.09485e+02
313 -0.00766 -2.96497e+01 |314  0.00203 -9.11707e+01 |315  0.00150 -8.29861e+01
316  0.00117 -8.20898e+01 |317 -0.00106 -7.61827e+01 |318  0.00240 -9.77577e+01
319 -0.00858 -1.91281e+02 |320  0.02009  4.95381e+00 |321  0.01949  4.80529e+00
322  0.01910  4.71080e+00 |
322 variables; iteration 260; function evaluation 277; phase 5
Function value 2.9219640e+03; maximum gradient component mag -1.8649e+03
Var    Value     Gradient |Var    Value     Gradient |Var    Value     Gradient
  1 -0.03455 -6.80771e+02 |  2  0.02514 -1.85074e+00 |  3  0.15245  1.40999e+01
  4 -0.06176 -6.90893e+00 |  5 -0.03921  2.01727e+01 |  6  0.04756 -1.05548e+01
  7  0.04641 -5.06369e+00 |  8 -0.00445 -5.50835e+00 |  9  0.05198  4.17486e+00
 10  0.01537 -1.05736e+01 | 11  0.21676 -2.09602e+01 | 12 -0.11020  2.16935e+00
 13 -0.04061 -2.81892e+00 | 14 -0.15962 -8.21209e+00 | 15 -0.18231 -1.23382e+01
 16  0.23881 -3.08864e+00 | 17  0.00165 -9.61383e+00 | 18 -0.12240 -2.33787e+01
 19 -0.05453 -1.52745e+01 | 20 -0.01337 -2.27980e+01 | 21 -0.10388 -1.61427e+01
 22  0.03679 -1.01899e+01 | 23 -0.11936 -5.03039e+00 | 24 -0.03602 -8.66403e+00
 25  0.01570 -6.28401e+00 | 26  0.02132 -2.66023e+01 | 27 -0.10979 -2.82231e+00
 28  0.01278 -3.96784e+01 | 29  0.05250 -3.32471e+01 | 30 -0.09425 -1.54528e+01
 31 -0.18304 -2.25948e+00 | 32  0.04294 -1.02337e+01 | 33  0.04459 -4.19945e+01
 34  0.06613  1.06899e+00 | 35  0.03870 -1.60737e+01 | 36 -0.04433 -9.68479e+00
 37 -0.02481 -2.81947e+01 | 38  0.06195 -1.87154e+01 | 39 -0.07043 -6.52004e+00
 40  0.21235 -4.25080e+01 | 41  0.02543  4.36553e+00 | 42  0.08522 -2.32515e+01
 43 -0.06692 -2.22184e+01 | 44  0.17548 -1.02879e+02 | 45 -0.03591 -2.23976e+00
 46 -0.03565 -1.95032e+01 | 47 -0.01598  1.19989e+01 | 48 -0.09005 -8.04094e+00
 49  0.11243 -7.15990e+00 | 50  0.01024 -2.38607e+01 | 51 -0.00362 -3.94219e+01
 52  0.01924 -1.87800e+00 | 53 -0.03384  1.87506e+01 | 54  0.08382 -1.65487e+01
 55  0.00862  3.94326e+01 | 56 -0.04973 -2.10507e+00 | 57 -0.05938 -3.60157e+01
 58  0.08486  2.01324e+01 | 59 -0.03366 -1.91506e+01 | 60  0.01872  3.67622e+01
 61  0.00623 -1.65840e+01 | 62  0.07353  2.75209e+01 | 63  0.09824 -4.00770e+01
 64 -0.05751  5.67160e+00 | 65 -0.01213  2.32174e+01 | 66  0.03643 -7.55003e+01
 67  0.00952  2.43516e+01 | 68 -0.04365 -2.28621e+00 | 69  0.03221 -5.56660e+01
 70  0.01519  1.12545e+01 | 71  0.15246 -5.75647e+00 | 72 -0.05760 -3.86890e+01
 73 -0.03074 -2.69842e+01 | 74 -0.06602  1.41362e+01 | 75 -0.52336 -4.17181e+00
 76 -0.66441 -6.40306e+00 | 77 -0.80554 -4.32865e+00 | 78 -0.70095  6.78826e-01
 79 -0.75286 -6.17170e-01 | 80 -0.77089 -1.82200e+00 | 81 -0.82100  1.23390e+00
 82 -0.84263  2.51374e+01 | 83 -0.82186  1.76586e+01 | 84 -0.75103 -1.13404e+01
 85 -0.81552  4.54276e+00 | 86 -0.81674 -5.44823e+00 | 87 -0.79924 -6.81502e+00
 88 -0.80949 -8.51416e+00 | 89 -0.81022  1.85288e+00 | 90 -0.81181  2.90721e+00
 91 -0.79070  6.37949e-01 | 92 -0.81209 -2.19701e+01 | 93 -0.79240  1.78110e+01
 94 -0.85559 -1.53829e+01 | 95 -0.85661 -6.04602e+00 | 96  0.01892  5.85514e-04
 97 -0.38225 -6.11312e-06 | 98  0.28749  1.99153e-05 | 99  0.54929  2.30101e+00
100  0.27472  8.04231e+01 |101  0.25921  1.55160e+02 |102  0.09321  6.61898e+02
103 -0.16624  8.78223e+01 |104 -0.20504 -4.85584e+01 |105 -0.16614 -9.55338e+01
106 -0.00200 -1.86487e+03 |107  0.17196  4.46390e+01 |108 -0.02352  7.76592e+01
109  0.17195  6.55581e+00 |110 -0.01310  1.58694e+01 |111  0.21353 -1.26028e+01
112 -0.05180 -3.24912e+01 |113 -0.33990  2.81610e+01 |114 -0.20114  3.67820e+01
115 -0.23360  2.57172e+00 |116 -0.28265 -1.61322e+01 |117  1.90578  2.32104e+01
118  2.15164 -3.59319e+01 |119  0.00636  1.62881e+01 |120  0.04364  2.61502e+01
121 -0.01838  1.09140e+01 |122 -0.03774  7.00618e+00 |123  0.00907  1.91749e+01
124  0.00433  1.82449e+01 |125 -0.03429  8.79341e+00 |126  0.01634  2.24372e+01
127 -0.00110  1.18907e+01 |128  0.01189  2.29045e+01 |129  0.00165  2.10575e+01
130 -0.03273  1.42370e+01 |131 -0.00061  2.92402e+01 |132 -0.00409  4.13432e+01
133  0.00739  3.77431e+01 |134  0.00288  3.21928e+01 |135 -0.00261  3.81429e+01
136  0.01969  4.61892e+01 |137 -0.01817  3.92115e+01 |138 -0.01563  3.91332e+01
139  0.00659  2.37634e+01 |140  0.01324  6.77382e+01 |141  0.03031  8.75615e+01
142 -0.03854  7.02695e+01 |143  0.01104  3.47417e+01 |144 -0.02061  4.62460e+01
145  0.02758  5.79315e+01 |146  0.00845  5.09417e+01 |147 -0.00933  3.94274e+01
148 -0.00247  4.62334e+01 |149  0.00360  3.50254e+01 |150  0.03713  4.40745e+01
151 -0.03454  3.18642e+01 |152 -0.02074  3.40115e+01 |153  0.00254  3.60021e+01
154  0.00470  3.81742e+01 |155  0.00344  4.94772e+01 |156 -0.01565  5.25413e+01
157 -0.01453  3.97526e+01 |158  0.03810  3.69758e+01 |159 -0.02042  1.84483e+01
160  0.01912  5.53131e+00 |161 -0.01105  1.12609e+00 |162 -0.01576  5.97343e+00
163  0.00862 -6.89580e+00 |164  0.00814 -1.50411e+01 |165 -0.00539 -6.36339e+01
166  0.00597 -8.25192e+01 |167 -0.02606 -9.38626e+01 |168  0.00213 -6.11661e+01
169  0.01915 -6.05968e+01 |170 -0.02951 -4.78885e+01 |171  0.01323 -3.44777e+00
172  0.02238  8.67706e+00 |173  0.03614  2.15592e+01 |174 -0.00283  1.33949e+01
175  0.00269  1.50859e+01 |176 -0.04463  4.01966e+00 |177  0.00301  2.41368e+01
178 -0.00033  3.06745e+01 |179  0.00609  3.13748e+01 |180 -0.00419  2.26462e+01
181  0.00339  1.41393e+01 |182 -0.00733  1.49164e+00 |183 -0.01270  2.06041e+00
184 -0.00113 -2.79084e-01 |185 -0.00130 -3.20655e-01 |186 -0.00157 -3.88445e-01
187  0.00033  3.68991e+02 |188  0.00118  3.48132e+02 |189 -0.01133  3.74941e+02
190  0.00949  4.04076e+02 |191  0.00485  3.89726e+02 |192 -0.02336  3.94646e+02
193  0.02248  3.92785e+02 |194  0.00482  3.84808e+02 |195 -0.04112  3.62970e+02
196  0.02364  4.09352e+02 |197 -0.00570  3.90934e+02 |198 -0.00000  4.14108e+02
199  0.00207  4.00899e+02 |200  0.00480  3.42128e+02 |201 -0.00812  3.74353e+02
202  0.00388  3.73366e+02 |203  0.00196  3.85332e+02 |204  0.00327  4.09339e+02
205 -0.00795  3.71914e+02 |206  0.01245  3.54861e+02 |207 -0.01022  2.92056e+02
208  0.00162  2.49358e+02 |209 -0.00152  2.88629e+02 |210  0.01379  3.23395e+02
211 -0.02508  2.88378e+02 |212  0.01489  2.79512e+02 |213 -0.00634  2.42180e+02
214  0.00124  2.69653e+02 |215  0.00287  2.87277e+02 |216  0.00441  2.28170e+02
217 -0.00689  2.69174e+02 |218 -0.00179  2.16513e+02 |219  0.01481  2.40438e+02
220 -0.00708  2.04575e+02 |221  0.00037  2.48798e+02 |222 -0.00155  2.06417e+02
223  0.00225  2.01337e+02 |224  0.00043  1.79086e+02 |225 -0.01709  1.57411e+02
226  0.00717  1.65584e+02 |227  0.01012  2.45128e+02 |228 -0.00862  2.06236e+02
229  0.00832  1.62982e+02 |230 -0.00355  1.27942e+02 |231 -0.00640  1.01377e+02
232  0.00647  6.24382e+01 |233 -0.00531 -2.37523e+00 |234  0.00400  1.19778e+02
235  0.00211  7.50099e+01 |236 -0.00411  6.34619e+01 |237 -0.00794  8.59004e+01
238  0.01404  5.45133e+01 |239 -0.01164  1.16490e+01 |240  0.00299  5.39240e+01
241  0.01339  1.20969e+02 |242  0.00469  6.96815e+01 |243 -0.00939  5.20818e+01
244 -0.01293  4.67288e+01 |245  0.01057  7.40741e+01 |246  0.00495  1.42721e+01
247 -0.00764 -1.44090e+01 |248 -0.00342 -1.19371e+01 |249  0.00657  4.00615e+01
250 -0.00708  7.61546e+00 |251  0.00778 -3.17019e+01 |252 -0.00906 -2.23617e+00
253 -0.00918 -2.26469e+00 |254 -0.00902 -2.22650e+00 |255 -0.01247  7.00840e+02
256  0.00214  6.65649e+02 |257 -0.00150  7.16782e+02 |258 -0.00107  7.37093e+02
259  0.00316  6.83150e+02 |260  0.01864  6.40117e+02 |261 -0.01798  6.36655e+02
262  0.00493  6.31396e+02 |263  0.00571  6.25250e+02 |264 -0.02981  6.42502e+02
265  0.01223  6.38526e+02 |266 -0.00916  6.63797e+02 |267 -0.00292  5.67350e+02
268  0.00054  6.12357e+02 |269  0.00279  6.25841e+02 |270 -0.00173  5.94184e+02
271  0.00188  5.77346e+02 |272 -0.00034  5.87811e+02 |273  0.00457  5.70358e+02
274 -0.00036  5.58935e+02 |275 -0.00355  4.73508e+02 |276  0.00194  5.19695e+02
277  0.00171  5.14984e+02 |278  0.00067  5.06174e+02 |279  0.00712  5.18375e+02
280 -0.01338  5.27279e+02 |281  0.00673  5.23754e+02 |282 -0.00027  4.98274e+02
283 -0.00334  4.52847e+02 |284  0.00514  5.18977e+02 |285 -0.00074  6.07748e+02
286 -0.00135  4.67830e+02 |287 -0.00438  4.65375e+02 |288  0.00876  4.59964e+02
289  0.00479  4.54152e+02 |290 -0.00594  4.54467e+02 |291 -0.00351  3.83658e+02
292  0.00511  4.33248e+02 |293  0.00625  3.87729e+02 |294 -0.00805  4.03771e+02
295 -0.00415  4.29900e+02 |296  0.00022  4.22857e+02 |297 -0.00246  3.54157e+02
298  0.00476  3.49366e+02 |299  0.00368  4.26468e+02 |300 -0.00626  3.41569e+02
301  0.00264  2.40452e+02 |302 -0.00207  3.42932e+02 |303  0.00340  2.32795e+02
304 -0.00338  2.06775e+02 |305  0.00258  3.33595e+02 |306 -0.00417  2.84743e+02
307  0.00781  2.77951e+02 |308 -0.00196  3.04015e+02 |309 -0.00440  3.35940e+02
310  0.00722  2.64945e+02 |311  0.00392  1.68107e+02 |312  0.00166  1.61399e+02
313 -0.00860  1.93147e+02 |314  0.00233  1.05156e+02 |315  0.00106  6.21446e+01
316  0.00158  4.58276e+01 |317 -0.00162  2.12188e+01 |318  0.00299 -7.33443e+00
319 -0.00869 -1.10084e+02 |320  0.01132  2.78884e+00 |321  0.00997  2.45805e+00
322  0.00781  1.92693e+00 |
322 variables; iteration 280; function evaluation 301; phase 5
Function value 2.9181079e+03; maximum gradient component mag -1.6406e+03
Var    Value     Gradient |Var    Value     Gradient |Var    Value     Gradient
  1 -0.03446 -3.33144e+02 |  2  0.03208 -1.14577e+00 |  3  0.14695  9.22778e+00
  4 -0.04994 -3.69846e+00 |  5 -0.04604  1.68353e+01 |  6  0.05041 -3.44598e+00
  7  0.04933 -2.07048e-01 |  8 -0.01050 -9.56050e+00 |  9  0.05587  8.31933e+00
 10  0.01288 -1.34791e+01 | 11  0.21581 -2.77094e+01 | 12 -0.11030  1.43174e+00
 13 -0.03536  6.82955e+00 | 14 -0.15906 -8.36675e+00 | 15 -0.18998 -1.50363e+01
 16  0.23811 -6.34509e+00 | 17  0.00260 -7.23423e+00 | 18 -0.10999 -1.07555e+01
 19 -0.05478 -1.23226e+01 | 20 -0.01197 -1.85500e+01 | 21 -0.10368 -1.42938e+01
 22  0.03787 -9.37091e+00 | 23 -0.12646 -7.44804e+00 | 24 -0.03079 -2.15394e+00
 25  0.01405 -8.40826e+00 | 26  0.02173 -2.67472e+01 | 27 -0.11253 -4.21574e+00
 28  0.01471 -3.12982e+01 | 29  0.05128 -4.02461e+01 | 30 -0.09105 -1.55177e+01
 31 -0.18808 -6.81854e+00 | 32  0.03966 -2.09309e+01 | 33  0.04769 -3.25143e+01
 34  0.06364 -6.50859e+00 | 35  0.04006 -2.11607e+01 | 36 -0.04962 -1.60642e+01
 37 -0.01856 -1.59825e+01 | 38  0.05932 -2.16435e+01 | 39 -0.06753 -8.51753e+00
 40  0.21194 -4.01636e+01 | 41  0.02535  3.68505e+00 | 42  0.08495 -2.04885e+01
 43 -0.06565 -1.81884e+01 | 44  0.17592 -6.79631e+01 | 45 -0.03659 -6.15533e+00
 46 -0.03511 -1.45245e+01 | 47 -0.01600  1.04603e+01 | 48 -0.09038 -5.91602e+00
 49  0.11260  1.02729e+01 | 50  0.01048 -1.18090e+01 | 51 -0.00261 -2.54608e+01
 52  0.01921  1.86003e-01 | 53 -0.03394  2.18861e+01 | 54  0.08400 -6.04574e-01
 55  0.00798  3.15390e+01 | 56 -0.04917  5.00540e+00 | 57 -0.05825 -2.07250e+01
 58  0.08469  2.57803e+01 | 59 -0.03265 -6.45521e+00 | 60  0.01835  2.99739e+01
 61  0.00649 -1.10585e+01 | 62  0.07336  2.14760e+01 | 63  0.09864 -1.72571e+01
 64 -0.05721  8.81850e+00 | 65 -0.01287  1.17525e+01 | 66  0.03698 -4.75593e+01
 67  0.00933  1.56550e+01 | 68 -0.04360 -6.29264e-01 | 69  0.03325 -4.09229e+01
 70  0.01505  1.32637e+01 | 71  0.15230 -1.13564e+01 | 72 -0.05543 -2.49883e+01
 73 -0.02924 -2.06386e+01 | 74 -0.06706  7.83109e+00 | 75 -0.52298 -2.96886e+00
 76 -0.66005 -2.52654e+00 | 77 -0.80431 -1.87415e+00 | 78 -0.70409 -3.77087e+00
 79 -0.75278 -1.29238e+00 | 80 -0.76955 -1.24765e+00 | 81 -0.82112  1.56278e-01
 82 -0.84493  1.69230e+01 | 83 -0.82398  1.07052e+01 | 84 -0.74348 -5.23089e+00
 85 -0.81936 -3.28251e+00 | 86 -0.81779 -7.38703e+00 | 87 -0.79261 -9.44118e-01
 88 -0.80625 -6.67583e+00 | 89 -0.81546 -8.07119e+00 | 90 -0.81201  2.24446e+00
 91 -0.79037  7.72448e-01 | 92 -0.80363 -4.19174e+00 | 93 -0.79280  1.64915e+01
 94 -0.85385 -7.68843e+00 | 95 -0.85819 -1.20523e+01 | 96  0.01717  5.95589e-04
 97 -0.38312 -1.80559e-06 | 98  0.28658  1.70011e-06 | 99  0.56453  1.63366e+01
100  0.26940  3.89843e+01 |101  0.27658  5.56492e+01 |102  0.09261  5.37683e+02
103 -0.16634  6.68990e+01 |104 -0.20503 -3.65297e+01 |105 -0.16572 -6.78677e+01
106 -0.00175 -1.64055e+03 |107  0.17177  4.56318e+01 |108 -0.02388  4.93304e+01
109  0.17342  5.25858e+00 |110 -0.02344  1.08881e+01 |111  0.22262 -8.92456e+00
112 -0.05141 -2.17439e+01 |113 -0.33935  2.91877e+01 |114 -0.20276  1.78951e+01
115 -0.23792  2.32900e+00 |116 -0.26906 -4.30353e+00 |117  1.90258  2.07069e+01
118  2.15877 -2.53701e+01 |119  0.02897  1.14718e+02 |120  0.01932  1.12523e+02
121 -0.02930  1.00474e+02 |122 -0.03359  1.01294e+02 |123 -0.00710  1.08983e+02
124  0.01187  1.14160e+02 |125 -0.02124  1.06253e+02 |126  0.02620  1.19121e+02
127 -0.00563  1.03644e+02 |128  0.00606  1.12488e+02 |129  0.00102  1.12114e+02
130 -0.02674  1.07086e+02 |131 -0.00397  1.04971e+02 |132 -0.00422  1.18693e+02
133  0.00595  1.19818e+02 |134  0.00848  1.18801e+02 |135 -0.00597  1.14190e+02
136  0.02163  1.14759e+02 |137 -0.02571  1.02965e+02 |138 -0.01013  1.18774e+02
139  0.00799  1.09432e+02 |140  0.01168  1.17893e+02 |141  0.02760  1.37653e+02
142 -0.03727  1.21440e+02 |143  0.01473  9.21216e+01 |144 -0.02234  9.22375e+01
145  0.02310  8.57323e+01 |146  0.00438  8.86791e+01 |147 -0.00230  8.51975e+01
148  0.00240  9.46839e+01 |149  0.01467  7.43269e+01 |150  0.01599  6.76174e+01
151 -0.02247  6.67723e+01 |152 -0.02574  6.13581e+01 |153  0.00582  6.12668e+01
154  0.00019  5.91794e+01 |155  0.00970  7.22089e+01 |156 -0.02527  6.71999e+01
157 -0.01132  6.60077e+01 |158  0.03472  6.66452e+01 |159 -0.01639  5.32412e+01
160  0.01893  3.96350e+01 |161 -0.00729  3.60095e+01 |162 -0.02047  3.21936e+01
163  0.00890  2.98149e+01 |164  0.00840  2.50888e+01 |165 -0.00640 -2.11213e+01
166  0.00454 -3.39070e+01 |167 -0.02132 -3.87715e+01 |168 -0.00032 -2.49314e+01
169  0.02140 -1.35750e+01 |170 -0.03028 -9.30864e+00 |171  0.01189  2.20992e+01
172  0.02882  4.04681e+01 |173  0.02431  2.23221e+01 |174 -0.00823  1.70572e+01
175  0.01151  2.26950e+01 |176 -0.04142  1.03408e+01 |177  0.00451  2.43265e+01
178 -0.00128  2.42372e+01 |179  0.00151  2.25140e+01 |180 -0.00019  2.53867e+01
181  0.00222  1.13693e+01 |182 -0.00808  6.49197e-01 |183 -0.01169  4.06222e+00
184 -0.00305 -7.53481e-01 |185 -0.00281 -6.93258e-01 |186 -0.00230 -5.68064e-01
187 -0.00046  1.78028e+02 |188  0.00469  1.67538e+02 |189 -0.01303  1.82177e+02
190  0.00962  1.97800e+02 |191  0.01819  2.09247e+02 |192 -0.03649  1.97062e+02
193  0.02225  2.06379e+02 |194 -0.00181  1.96277e+02 |195 -0.03203  1.83772e+02
196  0.02144  2.34520e+02 |197 -0.00512  2.13896e+02 |198 -0.00169  2.33370e+02
199  0.00286  2.28871e+02 |200  0.00478  1.84533e+02 |201 -0.00775  2.19456e+02
202  0.00247  2.16688e+02 |203  0.00495  2.31659e+02 |204  0.00048  2.39070e+02
205 -0.00681  2.20359e+02 |206  0.01143  2.09404e+02 |207 -0.00934  1.71503e+02
208  0.00141  1.22262e+02 |209 -0.00064  1.52557e+02 |210  0.01238  1.77199e+02
211 -0.02461  1.44885e+02 |212  0.01549  1.61048e+02 |213 -0.00685  1.33452e+02
214  0.00195  1.36866e+02 |215  0.00132  1.37897e+02 |216  0.00639  9.63173e+01
217 -0.00872  1.30066e+02 |218  0.00016  1.02623e+02 |219  0.01349  8.97442e+01
220 -0.00673  5.63745e+01 |221 -0.00055  9.00679e+01 |222 -0.00017  7.01537e+01
223  0.00079  5.95016e+01 |224  0.00126  6.16705e+01 |225 -0.01673  4.95581e+01
226  0.00734  5.83089e+01 |227  0.00918  1.06291e+02 |228 -0.00813  8.49778e+01
229  0.00787  5.76656e+01 |230 -0.00337  4.15111e+01 |231 -0.00630  2.24000e+01
232  0.00652  5.51037e+00 |233 -0.00479 -4.30406e+01 |234  0.00363  3.69982e+01
235  0.00150 -5.52371e+00 |236 -0.00367 -1.40911e+00 |237 -0.00787  1.70643e+01
238  0.01339 -4.10821e+00 |239 -0.01081 -2.96842e+01 |240  0.00246  1.73044e+01
241  0.01397  9.54322e+01 |242  0.00478  4.30246e+01 |243 -0.00957  1.70426e+01
244 -0.01294  9.93798e+00 |245  0.01024  2.61998e+01 |246  0.00502 -7.05993e+00
247 -0.00746 -2.79764e+01 |248 -0.00278 -1.97998e+01 |249  0.00563  1.31146e+01
250 -0.00675 -7.84056e+00 |251  0.00805 -2.35652e+01 |252  0.02391  5.89289e+00
253  0.02405  5.92846e+00 |254  0.02473  6.09572e+00 |255 -0.01584  2.51626e+02
256  0.00094  2.17284e+02 |257 -0.00037  2.64938e+02 |258 -0.00196  2.69857e+02
259  0.00328  2.48882e+02 |260  0.01827  2.28891e+02 |261 -0.01681  2.34860e+02
262  0.00642  2.30112e+02 |263  0.00119  2.16246e+02 |264 -0.02720  2.48538e+02
265  0.01268  2.44244e+02 |266 -0.00909  2.55097e+02 |267 -0.00336  1.85180e+02
268  0.00058  2.24635e+02 |269  0.00244  2.32871e+02 |270 -0.00127  2.08420e+02
271  0.00016  1.74895e+02 |272  0.00184  2.01952e+02 |273  0.00343  1.80586e+02
274 -0.00025  1.83593e+02 |275 -0.00320  1.41609e+02 |276  0.00200  1.66347e+02
277  0.00125  1.65470e+02 |278  0.00159  1.73179e+02 |279  0.00618  1.74840e+02
280 -0.01321  2.05129e+02 |281  0.00730  1.98921e+02 |282 -0.00099  1.74726e+02
283 -0.00237  1.34777e+02 |284  0.00407  1.82057e+02 |285  0.00018  2.62333e+02
286 -0.00215  1.58799e+02 |287 -0.00374  1.42342e+02 |288  0.00860  1.48381e+02
289  0.00497  1.38771e+02 |290 -0.00662  1.50309e+02 |291 -0.00233  1.16915e+02
292  0.00417  1.65060e+02 |293  0.00617  1.42702e+02 |294 -0.00798  1.64184e+02
295 -0.00397  1.77351e+02 |296 -0.00001  1.86325e+02 |297 -0.00221  1.38483e+02
298  0.00516  1.38034e+02 |299  0.00314  1.90496e+02 |300 -0.00645  1.37079e+02
301  0.00280  7.31741e+01 |302 -0.00208  1.55741e+02 |303  0.00347  7.17836e+01
304 -0.00291  6.78805e+01 |305  0.00210  1.70416e+02 |306 -0.00390  1.39838e+02
307  0.00747  1.26918e+02 |308 -0.00175  1.70794e+02 |309 -0.00477  2.12140e+02
310  0.00733  1.71687e+02 |311  0.00418  9.93765e+01 |312  0.00155  9.21240e+01
313 -0.00875  1.17944e+02 |314  0.00245  6.95903e+01 |315  0.00117  4.79665e+01
316  0.00101  3.57788e+01 |317 -0.00091  2.28066e+01 |318  0.00252 -3.51715e+00
319 -0.00804 -7.25474e+01 |320  0.00117  2.87754e-01 |321  0.00268  6.60104e-01
322  0.00584  1.44083e+00 |
322 variables; iteration 300; function evaluation 327; phase 5
Function value 2.9136517e+03; maximum gradient component mag -1.1446e+03
Var    Value     Gradient |Var    Value     Gradient |Var    Value     Gradient
  1 -0.03444 -4.58482e+00 |  2  0.04081 -6.56545e-01 |  3  0.13827  5.62844e-01
  4 -0.03994 -2.81206e+00 |  5 -0.06188  6.87361e+00 |  6  0.05177 -6.00696e+00
  7  0.04411 -5.36754e+00 |  8 -0.00247 -1.93102e+00 |  9  0.05342  7.27040e+00
 10  0.01345 -7.84029e+00 | 11  0.21743 -1.47011e+01 | 12 -0.12033 -3.64112e+00
 13 -0.04453 -8.38909e+00 | 14 -0.15941 -5.66971e+00 | 15 -0.17621 -4.47774e+00
 16  0.23919 -2.37105e+00 | 17  0.00049 -7.33117e+00 | 18 -0.11404 -1.00584e+01
 19 -0.04816 -5.67180e-01 | 20 -0.01158 -4.83461e+00 | 21 -0.09812 -4.65512e+00
 22  0.03741 -2.59333e+00 | 23 -0.12642 -6.23428e+00 | 24 -0.03470 -9.10335e+00
 25  0.01128 -1.51693e+01 | 26  0.02482 -1.10559e+01 | 27 -0.11068 -4.83349e-01
 28  0.01603 -1.63073e+01 | 29  0.05487 -1.76683e+01 | 30 -0.08647 -1.04015e+01
 31 -0.19365 -7.50863e+00 | 32  0.03869 -2.07671e+01 | 33  0.04765 -2.47288e+01
 34  0.05845 -1.16885e+01 | 35  0.04177 -1.28447e+01 | 36 -0.04806 -7.59930e+00
 37 -0.01958 -8.62577e+00 | 38  0.05964 -1.34695e+01 | 39 -0.06766 -7.59534e+00
 40  0.21281 -2.00217e+01 | 41  0.02415  3.25874e+00 | 42  0.08468 -1.38815e+01
 43 -0.06266 -2.76367e+00 | 44  0.17662 -2.29406e+01 | 45 -0.03643 -2.70449e+00
 46 -0.03401 -6.91020e+00 | 47 -0.01557  5.09882e+00 | 48 -0.09057 -6.47412e-01
 49  0.11288  1.18039e+01 | 50  0.01102  4.77540e+00 | 51 -0.00065 -4.19262e+00
 52  0.01983  3.99872e+00 | 53 -0.03436  1.59159e+01 | 54  0.08435  8.73951e+00
 55  0.00745  1.78197e+01 | 56 -0.04895  7.03824e-03 | 57 -0.05647 -5.91901e-01
 58  0.08460  2.63648e+01 | 59 -0.03129  1.69246e+00 | 60  0.01759  1.22912e+01
 61  0.00732 -1.12542e+00 | 62  0.07323  9.07202e+00 | 63  0.09965  9.83442e+00
 64 -0.05717  1.09424e+01 | 65 -0.01312  7.68864e+00 | 66  0.03799 -1.66530e+01
 67  0.00973  8.86398e+00 | 68 -0.04377  3.11919e+00 | 69  0.03559 -1.86102e+01
 70  0.01464  1.09512e+01 | 71  0.15232 -7.76976e+00 | 72 -0.05268 -5.57286e+00
 73 -0.02687 -8.90335e+00 | 74 -0.06770  5.25601e+00 | 75 -0.52227  1.10093e+00
 76 -0.65618  1.89702e+00 | 77 -0.80398 -7.84592e-01 | 78 -0.70276 -1.21022e+00
 79 -0.75255 -5.37657e-01 | 80 -0.77099 -3.88577e+00 | 81 -0.82233 -2.78615e+00
 82 -0.84636  1.16079e+01 | 83 -0.82267  1.40444e+01 | 84 -0.73878 -8.76512e-01
 85 -0.81927 -3.17608e+00 | 86 -0.81577 -5.96804e+00 | 87 -0.79276 -1.03981e+00
 88 -0.80180 -3.03055e+00 | 89 -0.80566  6.24160e+00 | 90 -0.81509 -5.29817e+00
 91 -0.79245 -4.40995e+00 | 92 -0.80075  2.03383e+00 | 93 -0.79469  1.05610e+01
 94 -0.85390 -8.45211e+00 | 95 -0.85416  8.62129e+00 | 96 -0.01774  1.89113e-04
 97 -0.36519 -8.92278e-07 | 98  0.12907  2.96551e-07 | 99  0.59062  1.44678e+01
100  0.24785 -1.97914e+01 |101  0.29265 -5.04439e+01 |102  0.09137  2.65894e+02
103 -0.16648  2.07933e+01 |104 -0.20503 -2.37253e+01 |105 -0.16554 -3.01804e+01
106 -0.00111 -1.14464e+03 |107  0.17108  3.69598e+01 |108 -0.02444  1.19127e+01
109  0.17576  1.89829e+00 |110 -0.03990  4.70685e+00 |111  0.23649 -5.27803e+00
112 -0.05055 -9.11685e-01 |113 -0.33923  4.61526e+01 |114 -0.20318  8.19137e+00
115 -0.24301 -2.38789e+00 |116 -0.26125 -3.14485e-01 |117  1.89186  1.16362e+01
118  2.17263 -3.26025e+00 |119  0.03741  1.09536e+02 |120 -0.00086  1.00325e+02
121 -0.01450  9.69499e+01 |122 -0.01561  9.78068e+01 |123 -0.03488  9.30718e+01
124 -0.00884  1.00495e+02 |125  0.01716  1.08809e+02 |126  0.01305  1.08281e+02
127  0.00170  9.72386e+01 |128  0.01014  1.02171e+02 |129  0.00044  1.00108e+02
130 -0.04005  9.06778e+01 |131 -0.00012  9.39334e+01 |132 -0.00771  9.83814e+01
133  0.00555  9.77078e+01 |134  0.00975  1.00165e+02 |135 -0.00462  9.27787e+01
136  0.01286  7.95474e+01 |137 -0.01816  8.26175e+01 |138 -0.00970  9.44668e+01
139  0.00814  8.42302e+01 |140  0.01769  8.36749e+01 |141 -0.00239  8.67010e+01
142 -0.01639  8.77129e+01 |143  0.01654  6.86787e+01 |144 -0.02289  6.97327e+01
145  0.02547  7.12937e+01 |146  0.00148  6.98359e+01 |147  0.00239  6.94723e+01
148 -0.00382  7.11045e+01 |149  0.01842  5.89471e+01 |150  0.01732  5.13603e+01
151 -0.03031  4.66432e+01 |152 -0.01918  4.77443e+01 |153  0.00510  4.18631e+01
154  0.00129  4.04824e+01 |155  0.00235  4.41272e+01 |156 -0.01926  4.65054e+01
157 -0.01031  4.41895e+01 |158  0.02110  2.14655e+01 |159 -0.00355  3.61288e+01
160  0.02043  2.27665e+01 |161 -0.00688  1.60786e+01 |162 -0.02381  8.53564e+00
163  0.01051  2.18129e+01 |164  0.00473  1.34644e+01 |165 -0.00379 -6.39162e+00
166  0.00374 -1.72067e+01 |167 -0.01964 -1.78178e+01 |168 -0.00076 -7.12498e+00
169  0.02331  6.37074e+00 |170 -0.03115  3.82356e+00 |171  0.01130  2.58340e+01
172  0.02815  4.04600e+01 |173  0.02313  2.25022e+01 |174  0.00071  2.02811e+01
175 -0.00979  1.81233e+01 |176 -0.02669  1.60981e+01 |177  0.00358  2.19736e+01
178 -0.00387  2.25483e+01 |179  0.00842  2.66901e+01 |180 -0.00654  1.50876e+01
181  0.00354  9.71148e+00 |182 -0.00542  4.96125e+00 |183 -0.01392  4.23803e+00
184 -0.00570 -1.40647e+00 |185 -0.00549 -1.35467e+00 |186 -0.00490 -1.20799e+00
187  0.00575 -8.77183e+01 |188  0.00196 -9.71405e+01 |189 -0.01173 -8.00469e+01
190  0.01046 -6.11018e+01 |191  0.01249 -7.43635e+01 |192 -0.03460 -8.24256e+01
193  0.02457 -7.69012e+01 |194  0.00017 -8.46695e+01 |195 -0.03137 -9.42068e+01
196  0.01842 -5.54747e+01 |197 -0.00361 -5.81014e+01 |198 -0.00031 -5.23014e+01
199 -0.00040 -5.39168e+01 |200  0.00685 -6.66596e+01 |201 -0.00880 -4.14910e+01
202  0.00314 -3.67968e+01 |203  0.00421 -3.10996e+01 |204  0.00118 -3.56417e+01
205 -0.00648 -6.19374e+01 |206  0.00969 -8.61362e+01 |207 -0.00925 -9.58849e+01
208  0.00285 -1.09510e+02 |209 -0.00034 -9.65364e+01 |210  0.01011 -9.21922e+01
211 -0.02296 -1.05975e+02 |212  0.01521 -8.67737e+01 |213 -0.00694 -8.23268e+01
214  0.00295 -8.27098e+01 |215 -0.00005 -7.54943e+01 |216  0.00664 -8.73213e+01
217 -0.00780 -6.24060e+01 |218 -0.00023 -8.01601e+01 |219  0.01295 -9.56087e+01
220 -0.00604 -9.54322e+01 |221 -0.00193 -7.87168e+01 |222  0.00095 -7.27906e+01
223 -0.00014 -7.99813e+01 |224  0.00220 -7.16673e+01 |225 -0.01686 -8.30487e+01
226  0.00839 -8.62390e+01 |227  0.00760 -8.23803e+01 |228 -0.00738 -7.71199e+01
229  0.00753 -7.66020e+01 |230 -0.00330 -7.85219e+01 |231 -0.00604 -8.63552e+01
232  0.00642 -8.61254e+01 |233 -0.00463 -1.06027e+02 |234  0.00324 -5.68270e+01
235  0.00177 -7.20172e+01 |236 -0.00410 -6.83613e+01 |237 -0.00749 -4.89702e+01
238  0.01289 -5.27720e+01 |239 -0.01037 -5.86985e+01 |240  0.00305 -1.35526e+01
241  0.01322  3.23383e+01 |242  0.00506 -1.02944e+00 |243 -0.00976 -1.92637e+01
244 -0.01279 -2.18937e+01 |245  0.01000 -1.46042e+01 |246  0.00498 -1.96554e+01
247 -0.00756 -1.84981e+01 |248 -0.00159 -4.39007e+00 |249  0.00456  1.30775e+01
250 -0.00618 -1.85506e+00 |251  0.00849 -9.20427e+00 |252  0.03492  8.59785e+00
253  0.03520  8.66733e+00 |254  0.03671  9.03670e+00 |255 -0.01973 -2.39290e+02
256  0.00265 -2.45713e+02 |257 -0.00180 -2.12476e+02 |258 -0.00227 -1.96603e+02
259  0.00390 -2.11117e+02 |260  0.02096 -2.25148e+02 |261 -0.02048 -2.29659e+02
262  0.00598 -2.27502e+02 |263  0.00070 -2.32707e+02 |264 -0.02516 -1.96446e+02
265  0.01215 -2.08193e+02 |266 -0.01031 -2.09062e+02 |267 -0.00082 -2.42287e+02
268 -0.00075 -2.18890e+02 |269  0.00273 -2.04430e+02 |270 -0.00177 -2.06193e+02
271  0.00071 -2.18656e+02 |272  0.00131 -2.08117e+02 |273  0.00370 -2.26472e+02
274  0.00023 -2.26064e+02 |275 -0.00269 -2.31069e+02 |276  0.00087 -2.12047e+02
277  0.00160 -2.06189e+02 |278  0.00206 -2.01079e+02 |279  0.00505 -2.02321e+02
280 -0.01286 -1.74250e+02 |281  0.00716 -1.76021e+02 |282 -0.00148 -1.76865e+02
283 -0.00080 -1.82082e+02 |284  0.00385 -1.55244e+02 |285 -0.00137 -1.01215e+02
286 -0.00113 -1.42790e+02 |287 -0.00330 -1.52073e+02 |288  0.00816 -1.33785e+02
289  0.00563 -1.34479e+02 |290 -0.00745 -1.22021e+02 |291 -0.00106 -1.35832e+02
292  0.00300 -1.10361e+02 |293  0.00637 -1.19929e+02 |294 -0.00833 -1.10747e+02
295 -0.00360 -1.14064e+02 |296 -0.00054 -8.89162e+01 |297 -0.00185 -9.93215e+01
298  0.00565 -9.08062e+01 |299  0.00231 -5.98125e+01 |300 -0.00636 -6.26476e+01
301  0.00327 -8.45536e+01 |302 -0.00236 -3.39416e+01 |303  0.00358 -8.64191e+01
304 -0.00225 -8.94455e+01 |305  0.00126 -2.61979e+01 |306 -0.00377 -2.89325e+01
307  0.00765 -2.86181e+01 |308 -0.00209  1.49987e+01 |309 -0.00449  5.16844e+01
310  0.00697  2.41574e+01 |311  0.00454 -8.89709e+00 |312  0.00156 -1.30039e+01
313 -0.00897  7.44180e+00 |314  0.00240 -5.98197e+00 |315  0.00136  7.32269e+00
316  0.00039  5.66979e+00 |317 -0.00014  1.02216e+01 |318  0.00168 -9.08139e+00
319 -0.00718 -4.23107e+01 |320  0.01938  4.77804e+00 |321  0.02062  5.08472e+00
322  0.02393  5.89891e+00 |
322 variables; iteration 320; function evaluation 359; phase 5
Function value 2.9109964e+03; maximum gradient component mag 1.2565e+03
Var    Value     Gradient |Var    Value     Gradient |Var    Value     Gradient
  1 -0.03422  1.25653e+03 |  2  0.04613  3.58754e+00 |  3  0.13528  7.38911e+00
  4 -0.03353  1.57532e+00 |  5 -0.07256  3.98780e+00 |  6  0.05303  4.49712e+00
  7  0.04469  7.20390e+00 |  8  0.00013  6.64896e+00 |  9  0.04921  7.34111e+00
 10  0.01721 -4.71923e+00 | 11  0.21748  2.44308e+01 | 12 -0.11342 -3.19831e+00
 13 -0.04512 -8.79597e+00 | 14 -0.15927 -9.24626e+00 | 15 -0.17628 -7.49358e+00
 16  0.23785  5.76881e+01 | 17  0.00606  6.76222e+00 | 18 -0.11930 -1.16579e+01
 19 -0.04796  1.45805e+00 | 20 -0.01278  8.31816e+00 | 21 -0.09801 -2.63434e+00
 22  0.03614  2.14920e+01 | 23 -0.12169 -2.02895e+00 | 24 -0.03716 -2.86714e+00
 25  0.01335  1.30021e+01 | 26  0.02309  9.99440e+00 | 27 -0.10912 -7.47495e-01
 28  0.01579  9.97733e+00 | 29  0.05480  1.86762e+01 | 30 -0.08923 -9.27624e+00
 31 -0.18876 -7.50096e+00 | 32  0.03821  4.69422e+00 | 33  0.05152  9.80968e+00
 34  0.05594  8.20395e+00 | 35  0.04185  6.01891e+00 | 36 -0.04688 -6.40704e-01
 37 -0.01934  6.53411e-01 | 38  0.05795 -2.07457e+00 | 39 -0.06215 -2.52468e+00
 40  0.21224  1.42942e+01 | 41  0.02266 -8.97857e-02 | 42  0.08373 -5.67338e+00
 43 -0.06239 -3.59929e+00 | 44  0.17665  2.24423e+01 | 45 -0.03685 -2.71045e+00
 46 -0.03378 -7.84083e+00 | 47 -0.01597 -4.98933e+00 | 48 -0.09069 -4.67780e+00
 49  0.11286  1.28544e+01 | 50  0.01030  2.83441e+00 | 51  0.00007 -2.42870e-01
 52  0.01975 -4.35541e+00 | 53 -0.03560 -4.42837e+00 | 54  0.08437  7.96313e+00
 55  0.00664 -1.08193e+00 | 56 -0.04880 -5.56532e+00 | 57 -0.05595 -4.94830e+00
 58  0.08426  8.68931e+00 | 59 -0.03073 -6.67310e-01 | 60  0.01695 -8.36104e+00
 61  0.00756 -9.15756e+00 | 62  0.07322 -5.44436e+00 | 63  0.09979 -2.61166e+00
 64 -0.05845 -7.90893e+00 | 65 -0.01381 -9.58856e+00 | 66  0.03798 -1.19787e+01
 67  0.00967 -1.04903e+01 | 68 -0.04427 -1.00573e+01 | 69  0.03677 -1.24983e+01
 70  0.01372 -7.38088e+00 | 71  0.15236 -1.79148e+01 | 72 -0.05206 -9.62089e+00
 73 -0.02568 -9.89298e+00 | 74 -0.06826 -8.45323e+00 | 75 -0.52472 -7.72209e+00
 76 -0.65922 -2.94885e+00 | 77 -0.80460 -2.28020e+00 | 78 -0.70333 -1.41799e+00
 79 -0.75482 -2.97674e+00 | 80 -0.76635  2.88042e+00 | 81 -0.81913  4.82918e+00
 82 -0.84868  3.91293e+00 | 83 -0.82643  3.70744e+00 | 84 -0.74194 -3.81524e+00
 85 -0.81878 -1.51155e+00 | 86 -0.80675  4.48053e+00 | 87 -0.79341 -1.75654e-01
 88 -0.79691  2.41267e+00 | 89 -0.81170 -4.26894e+00 | 90 -0.81300 -9.81818e-01
 91 -0.79185 -3.60316e+00 | 92 -0.80121  8.19058e-01 | 93 -0.79712  4.20195e+00
 94 -0.85262 -2.37622e+00 | 95 -0.85645 -2.21832e+00 | 96 -0.08514  1.96196e-04
 97 -0.32955 -8.88193e-07 | 98 -0.16446  1.33917e-08 | 99  0.61503  7.17471e-01
100  0.23079  4.47388e+01 |101  0.28663  1.35096e+02 |102  0.09025  4.44706e+00
103 -0.16650  7.21755e+00 |104 -0.20496  1.05595e+01 |105 -0.16542  5.79812e+00
106 -0.00013 -3.91954e+02 |107  0.16961  2.54212e+01 |108 -0.02467  1.11603e+01
109  0.17734  8.65623e+00 |110 -0.05390  1.53838e+00 |111  0.24975 -3.21521e+00
112 -0.05044  9.12088e+00 |113 -0.33924  2.78422e+01 |114 -0.20312  7.00650e-01
115 -0.24490 -5.94661e+00 |116 -0.25840  4.78014e-01 |117  1.88074  1.88933e+00
118  2.18017  5.22539e-01 |119  0.01801  9.66541e+00 |120  0.00061  5.51091e+00
121  0.00524  6.73156e+00 |122 -0.01564  2.28789e+00 |123 -0.00550  4.87859e+00
124 -0.00266  5.66071e+00 |125 -0.00621  4.86321e+00 |126 -0.00154  6.14906e+00
127 -0.00439 -2.83196e+00 |128 -0.00445  1.03004e+00 |129  0.01194  6.29287e+00
130 -0.03429 -3.87394e+00 |131  0.00187  2.27619e-01 |132 -0.00941  5.14258e-01
133  0.00588 -2.45564e+00 |134  0.00749  1.38548e+00 |135 -0.00286 -7.35709e-01
136  0.01356 -8.75448e+00 |137 -0.01518 -5.82561e+00 |138 -0.01307 -2.69046e+00
139  0.00878 -1.07354e+01 |140  0.01939 -1.55979e+01 |141 -0.00751 -1.61209e+01
142 -0.01642 -1.20437e+01 |143  0.02063 -1.43262e+01 |144 -0.02480 -1.84653e+01
145  0.02568 -1.08689e+01 |146  0.00388 -9.21685e+00 |147  0.00113 -1.20134e+01
148 -0.00850 -1.18724e+01 |149  0.01129 -1.50608e+01 |150  0.02766 -1.27787e+01
151 -0.02641 -1.87047e+01 |152 -0.02441 -2.16335e+01 |153  0.00368 -2.15500e+01
154  0.00554 -1.91318e+01 |155  0.00664 -1.64519e+01 |156 -0.02410 -1.97501e+01
157 -0.01171 -1.92270e+01 |158  0.02979 -1.58650e+01 |159 -0.01221 -2.08951e+01
160  0.01898 -1.50954e+01 |161 -0.00831 -1.70389e+01 |162 -0.01895 -1.59650e+01
163  0.00870 -1.08533e+01 |164  0.00313 -1.26621e+01 |165 -0.00289 -4.38874e+00
166  0.00571 -3.28716e+00 |167 -0.01903 -3.85203e+00 |168 -0.00172  5.02937e-01
169  0.02538  1.68469e+01 |170 -0.03216  7.85062e+00 |171  0.01116  2.05716e+01
172  0.02358  2.01210e+01 |173  0.02834  1.89211e+01 |174 -0.00682  1.32425e+01
175 -0.02271  1.00361e+01 |176 -0.00223  2.43991e+01 |177 -0.00347  1.70243e+00
178 -0.00490  8.80421e+00 |179  0.01068  1.77986e+01 |180 -0.00597  6.84665e+00
181  0.00306  9.13824e-02 |182 -0.00626 -4.70290e-01 |183 -0.01351  1.89818e+00
184  0.00128  3.15425e-01 |185  0.00148  3.64024e-01 |186  0.00183  4.51113e-01
187  0.00970  2.01735e+02 |188  0.00167  1.86266e+02 |189 -0.01057  1.86918e+02
190  0.00936  1.90567e+02 |191  0.00744  1.71875e+02 |192 -0.03575  1.68230e+02
193  0.02903  1.76533e+02 |194 -0.00120  1.72106e+02 |195 -0.02702  1.71504e+02
196  0.01779  1.64466e+02 |197 -0.00467  1.66531e+02 |198  0.00165  1.67465e+02
199 -0.00242  1.61001e+02 |200  0.00814  1.54528e+02 |201 -0.00949  1.54451e+02
202  0.00408  1.49712e+02 |203  0.00237  1.45258e+02 |204  0.00236  1.34570e+02
205 -0.00728  1.19568e+02 |206  0.01049  1.06583e+02 |207 -0.01040  1.00510e+02
208  0.00387  9.82062e+01 |209 -0.00048  1.00327e+02 |210  0.01095  9.76909e+01
211 -0.02480  9.50605e+01 |212  0.01664  8.97972e+01 |213 -0.00791  9.67925e+01
214  0.00390  1.01649e+02 |215 -0.00054  1.03989e+02 |216  0.00668  1.04246e+02
217 -0.00775  1.02050e+02 |218  0.00043  8.96273e+01 |219  0.01127  8.11460e+01
220 -0.00437  7.92830e+01 |221 -0.00265  7.53855e+01 |222  0.00067  7.59062e+01
223 -0.00021  7.83515e+01 |224  0.00198  7.34111e+01 |225 -0.01622  7.67281e+01
226  0.00845  7.52275e+01 |227  0.00771  6.21724e+01 |228 -0.00732  7.11371e+01
229  0.00748  6.22764e+01 |230 -0.00395  5.34609e+01 |231 -0.00555  5.12666e+01
232  0.00637  4.50796e+01 |233 -0.00444  4.86195e+01 |234  0.00298  4.63302e+01
235  0.00184  4.93475e+01 |236 -0.00436  5.18537e+01 |237 -0.00716  4.98824e+01
238  0.01248  4.54517e+01 |239 -0.00978  5.16344e+01 |240  0.00340  5.43207e+01
241  0.01235  5.72170e+01 |242  0.00535  5.10056e+01 |243 -0.00917  4.03395e+01
244 -0.01429  3.38341e+01 |245  0.01100  2.70292e+01 |246  0.00491  2.10716e+01
247 -0.00718  2.43049e+01 |248 -0.00152  2.17114e+01 |249  0.00389  1.52833e+01
250 -0.00550  8.36673e+00 |251  0.00844 -1.35327e+00 |252  0.00985  2.42915e+00
253  0.01015  2.50491e+00 |254  0.01078  2.65921e+00 |255 -0.01818  6.20456e+02
256  0.00305  5.75268e+02 |257 -0.00279  5.74189e+02 |258 -0.00176  5.68422e+02
259  0.00362  5.57805e+02 |260  0.02686  5.55605e+02 |261 -0.02624  5.44191e+02
262  0.00615  5.49259e+02 |263 -0.00057  5.47454e+02 |264 -0.02429  5.45204e+02
265  0.01287  5.31717e+02 |266 -0.01217  5.22189e+02 |267  0.00109  5.15093e+02
268 -0.00148  4.96816e+02 |269  0.00288  4.91487e+02 |270 -0.00190  4.83740e+02
271  0.00182  4.64467e+02 |272  0.00013  4.48492e+02 |273  0.00429  4.26261e+02
274 -0.00037  4.09726e+02 |275 -0.00147  3.96653e+02 |276 -0.00016  3.84894e+02
277  0.00175  3.80392e+02 |278  0.00194  3.64501e+02 |279  0.00636  3.56144e+02
280 -0.01422  3.46562e+02 |281  0.00750  3.38071e+02 |282 -0.00236  3.37884e+02
283  0.00016  3.39603e+02 |284  0.00417  3.35591e+02 |285 -0.00252  3.30297e+02
286 -0.00092  3.15783e+02 |287 -0.00176  3.02743e+02 |288  0.00699  2.94815e+02
289  0.00577  2.83820e+02 |290 -0.00763  2.81530e+02 |291 -0.00052  2.62205e+02
292  0.00246  2.57846e+02 |293  0.00676  2.43419e+02 |294 -0.00880  2.44178e+02
295 -0.00343  2.29924e+02 |296 -0.00090  2.32858e+02 |297 -0.00151  2.24291e+02
298  0.00608  2.18391e+02 |299  0.00185  2.07938e+02 |300 -0.00653  1.96370e+02
301  0.00372  1.88320e+02 |302 -0.00300  1.77077e+02 |303  0.00386  1.57308e+02
304 -0.00145  1.45820e+02 |305  0.00041  1.37718e+02 |306 -0.00363  1.37309e+02
307  0.00771  1.29863e+02 |308 -0.00222  1.33108e+02 |309 -0.00447  1.34104e+02
310  0.00676  1.20385e+02 |311  0.00482  1.04767e+02 |312  0.00241  8.54954e+01
313 -0.01001  7.35943e+01 |314  0.00256  6.20040e+01 |315  0.00123  5.64448e+01
316  0.00028  4.42972e+01 |317  0.00013  3.31259e+01 |318  0.00095  1.56159e+01
319 -0.00621  5.97758e+00 |320 -0.00563 -1.39025e+00 |321 -0.00437 -1.07887e+00
322 -0.00197 -4.85025e-01 |
322 variables; iteration 340; function evaluation 390; phase 5
Function value 2.9099106e+03; maximum gradient component mag 3.3968e+02
Var    Value     Gradient |Var    Value     Gradient |Var    Value     Gradient
  1 -0.03430  3.39679e+02 |  2  0.04357  1.02159e+00 |  3  0.13542  2.55671e+00
  4 -0.03258 -3.47134e-02 |  5 -0.07748  1.17653e-01 |  6  0.05424  1.58029e+00
  7  0.04445  1.33575e+00 |  8 -0.00077  1.45440e+00 |  9  0.04946  2.42530e+00
 10  0.01857 -1.06741e+00 | 11  0.21746  5.31358e+00 | 12 -0.12240 -1.90198e+00
 13 -0.04206 -1.62002e+00 | 14 -0.15751 -1.81026e+00 | 15 -0.17600 -2.07387e+00
 16  0.23826  1.41011e+01 | 17  0.00088  2.45263e-01 | 18 -0.11069 -1.37650e+00
 19 -0.04935  2.55232e-01 | 20 -0.01307  2.15062e+00 | 21 -0.09679 -7.22481e-01
 22  0.03560  5.79819e+00 | 23 -0.12212 -1.65259e-01 | 24 -0.03458  7.91053e-01
 25  0.01195  2.96821e+00 | 26  0.02382  3.07510e+00 | 27 -0.11210 -5.52743e-01
 28  0.01638  3.13971e+00 | 29  0.05413  3.64734e+00 | 30 -0.08381 -1.24135e-01
 31 -0.18895 -2.06256e+00 | 32  0.03920  1.43153e+00 | 33  0.05019 -2.21882e-01
 34  0.05623  1.37152e+00 | 35  0.04184  1.03368e+00 | 36 -0.04739 -4.19808e-01
 37 -0.01995 -1.33341e-01 | 38  0.05923  2.87602e-01 | 39 -0.06639 -1.96525e+00
 40  0.21320  4.88295e+00 | 41  0.02168 -7.28255e-01 | 42  0.08430 -3.46827e-01
 43 -0.06281 -2.05015e+00 | 44  0.17667  6.67774e+00 | 45 -0.03718 -9.63626e-01
 46 -0.03327 -1.05555e+00 | 47 -0.01563 -4.48338e-01 | 48 -0.09085 -1.19281e+00
 49  0.11319  4.17028e+00 | 50  0.00971 -1.42239e-01 | 51  0.00028 -5.16746e-01
 52  0.01999 -4.03661e-01 | 53 -0.03567 -1.36793e+00 | 54  0.08450  1.84029e+00
 55  0.00662  5.95850e-01 | 56 -0.04875 -5.90567e-01 | 57 -0.05590 -1.22061e+00
 58  0.08417  9.90315e-01 | 59 -0.03094 -2.10486e+00 | 60  0.01715 -1.46323e+00
 61  0.00765 -2.37967e+00 | 62  0.07327 -1.50818e+00 | 63  0.09950 -1.01805e+00
 64 -0.05899 -3.23151e+00 | 65 -0.01373 -2.43337e+00 | 66  0.03793 -2.83942e+00
 67  0.00986 -2.43725e+00 | 68 -0.04450 -2.75781e+00 | 69  0.03705 -3.23745e+00
 70  0.01344 -3.48615e+00 | 71  0.15250 -3.37843e+00 | 72 -0.05239 -3.33344e+00
 73 -0.02582 -3.58161e+00 | 74 -0.06831 -3.46362e+00 | 75 -0.52316 -2.18191e+00
 76 -0.65851 -7.39555e-01 | 77 -0.80428 -4.80154e-01 | 78 -0.70423 -6.63524e-01
 79 -0.75305 -3.24045e-01 | 80 -0.76915 -3.26819e-01 | 81 -0.82201 -5.65101e-01
 82 -0.84976 -2.06963e-01 | 83 -0.82773 -2.57698e-01 | 84 -0.73897 -3.86197e-01
 85 -0.81806 -1.82398e-01 | 86 -0.81172 -3.83907e-01 | 87 -0.79306  1.44363e-01
 88 -0.79997 -4.67620e-01 | 89 -0.80920  1.69973e-01 | 90 -0.81227  1.19962e-01
 91 -0.78954  1.86569e-01 | 92 -0.80140 -1.34673e-02 | 93 -0.79860 -4.26458e-02
 94 -0.85180 -1.03923e-01 | 95 -0.85557  1.17583e-01 | 96 -0.09998  1.21564e-04
 97 -0.32278 -7.65419e-07 | 98 -0.22078 -3.38946e-07 | 99  0.62220  1.32873e+00
100  0.24505  2.02733e+00 |101  0.29584  1.50530e+01 |102  0.09025  5.78879e+00
103 -0.16647  4.84419e+00 |104 -0.20500  5.61449e+00 |105 -0.16539  5.13478e+00
106  0.00045  2.65129e+01 |107  0.16865  1.44070e+00 |108 -0.02458  3.89019e+00
109  0.17746  2.79496e+00 |110 -0.05492  8.57686e-01 |111  0.25765 -2.40181e+00
112 -0.05051 -1.29469e-01 |113 -0.33965  4.16413e+00 |114 -0.20369  2.01370e-01
115 -0.24030  4.89315e-01 |116 -0.26286  3.83295e-01 |117  1.87686  8.33589e-02
118  2.18233  1.61013e-02 |119  0.00583  1.13037e+01 |120  0.00300  1.09466e+01
121  0.00188  1.08403e+01 |122 -0.00463  1.10394e+01 |123 -0.00574  1.08576e+01
124 -0.00653  1.07674e+01 |125 -0.00621  1.09612e+01 |126 -0.00668  1.10542e+01
127  0.00892  1.10386e+01 |128 -0.00273  1.11222e+01 |129 -0.00669  1.10753e+01
130 -0.01997  1.12043e+01 |131  0.00187  1.10886e+01 |132 -0.01009  1.08526e+01
133  0.00723  1.03352e+01 |134  0.00628  1.02730e+01 |135 -0.00399  9.99569e+00
136  0.01638  9.93029e+00 |137 -0.01554  9.96481e+00 |138 -0.01464  9.69438e+00
139  0.00882  9.32987e+00 |140  0.02035  9.06925e+00 |141 -0.00396  9.16323e+00
142 -0.02046  9.20464e+00 |143  0.01975  8.70431e+00 |144 -0.02341  8.46066e+00
145  0.02540  8.01285e+00 |146  0.00168  8.22063e+00 |147  0.00274  8.15848e+00
148 -0.00896  8.15540e+00 |149  0.01266  8.25517e+00 |150  0.02206  8.07932e+00
151 -0.02538  8.29712e+00 |152 -0.02031  8.40419e+00 |153  0.00531  7.93144e+00
154  0.00429  8.37348e+00 |155  0.00317  7.60920e+00 |156 -0.02124  7.78341e+00
157 -0.01139  7.50354e+00 |158  0.02738  6.42468e+00 |159 -0.00971  6.44082e+00
160  0.01781  5.63240e+00 |161 -0.00681  5.91500e+00 |162 -0.01918  5.62574e+00
163  0.00810  5.69699e+00 |164  0.00420  5.34435e+00 |165 -0.00358  4.44374e+00
166  0.00541  4.07156e+00 |167 -0.01848  3.80612e+00 |168 -0.00169  3.48519e+00
169  0.02259  8.22874e-01 |170 -0.02922  9.05354e-01 |171  0.01047 -1.92626e-01
172  0.02301 -6.17426e-01 |173  0.02110 -7.75171e-01 |174 -0.00235 -2.47125e-01
175 -0.00538 -4.66410e-02 |176 -0.02084 -5.67860e-01 |177  0.00346  5.90909e-01
178 -0.00200  7.60206e-01 |179  0.00253  1.58430e-01 |180 -0.00469  4.11815e-01
181  0.00474  5.52179e-01 |182 -0.00507  6.38055e-01 |183 -0.01513  5.12229e-02
184  0.00024  5.93329e-02 |185 -0.00011 -2.73004e-02 |186  0.00049  1.21860e-01
187  0.00608  1.06085e+01 |188  0.00228  2.85494e+00 |189 -0.01042  2.70750e+00
190  0.00857  2.32398e+00 |191  0.00667  1.53063e+00 |192 -0.02468  1.45597e+00
193  0.01865  1.18625e+00 |194  0.00013  1.12625e+00 |195 -0.02869  9.48917e-01
196  0.01821 -3.99475e-01 |197 -0.00262  1.54789e-01 |198 -0.00092  3.78767e-01
199 -0.00132  2.66189e-01 |200  0.00822  2.38539e-01 |201 -0.00987  2.77119e-02
202  0.00424 -6.35073e-01 |203  0.00272 -1.44100e-01 |204  0.00156 -4.16345e-01
205 -0.00672 -1.22399e-01 |206  0.01017 -4.59648e-01 |207 -0.00968 -9.37042e-01
208  0.00329 -1.93880e+00 |209  0.00004 -1.78933e+00 |210  0.00999 -1.50970e+00
211 -0.02415 -1.44484e+00 |212  0.01637 -1.88728e+00 |213 -0.00759 -1.53025e+00
214  0.00372 -4.29589e-01 |215 -0.00060  9.29341e-01 |216  0.00676  1.56066e+00
217 -0.00763  1.76948e+00 |218 -0.00027  1.08202e+00 |219  0.01245  1.28755e+00
220 -0.00516  4.10154e-01 |221 -0.00238  3.93538e-01 |222  0.00067  3.52981e-01
223 -0.00030 -3.45369e-01 |224  0.00215 -6.64880e-01 |225 -0.01662 -9.67173e-01
226  0.00862 -1.61244e+00 |227  0.00782 -9.78833e-01 |228 -0.00740 -1.41890e+00
229  0.00727 -1.97735e+00 |230 -0.00370 -9.51432e-01 |231 -0.00555 -1.28384e+00
232  0.00632 -1.09522e+00 |233 -0.00428 -2.06175e+00 |234  0.00293 -1.82908e+00
235  0.00181 -1.08550e+00 |236 -0.00449 -4.08129e-01 |237 -0.00713 -2.16618e+00
238  0.01245 -1.54015e+00 |239 -0.00968 -2.49529e+00 |240  0.00343 -2.74512e+00
241  0.01234 -2.95447e+00 |242  0.00514 -2.86833e+00 |243 -0.00972 -1.78497e+00
244 -0.01317 -8.02492e-01 |245  0.01049 -2.38844e-01 |246  0.00500  5.71372e-02
247 -0.00699 -1.20287e-02 |248 -0.00157  4.22810e-01 |249  0.00372  1.98458e-01
250 -0.00549 -3.87385e-02 |251  0.00864  4.19763e-01 |252  0.00019  4.66787e-02
253 -0.00047 -1.15239e-01 |254 -0.00012 -2.99403e-02 |255 -0.02011  6.51589e+01
256  0.00292  3.88224e+01 |257 -0.00274  3.85477e+01 |258 -0.00146  3.72144e+01
259  0.00334  3.59396e+01 |260  0.01776  3.46174e+01 |261 -0.01681  3.41936e+01
262  0.00625  3.35758e+01 |263 -0.00006  3.36315e+01 |264 -0.02532  3.21326e+01
265  0.01219  2.95190e+01 |266 -0.01058  2.96154e+01 |267  0.00006  2.85716e+01
268 -0.00125  2.78227e+01 |269  0.00302  2.56612e+01 |270 -0.00217  2.43958e+01
271  0.00183  2.32199e+01 |272  0.00045  2.21194e+01 |273  0.00388  2.09365e+01
274 -0.00009  1.88771e+01 |275 -0.00198  1.72942e+01 |276  0.00039  1.60771e+01
277  0.00149  1.50015e+01 |278  0.00258  1.41673e+01 |279  0.00572  1.36239e+01
280 -0.01417  1.29702e+01 |281  0.00743  1.26723e+01 |282 -0.00208  1.23968e+01
283  0.00007  1.23572e+01 |284  0.00411  1.26666e+01 |285 -0.00257  1.20439e+01
286 -0.00071  1.04881e+01 |287 -0.00251  8.83828e+00 |288  0.00758  7.84741e+00
289  0.00567  6.38260e+00 |290 -0.00766  6.06202e+00 |291 -0.00040  4.74769e+00
292  0.00236  4.86767e+00 |293  0.00703  4.98332e+00 |294 -0.00898  3.80648e+00
295 -0.00334  4.08880e+00 |296 -0.00096  2.48029e+00 |297 -0.00149  1.38547e+00
298  0.00595  9.97674e-01 |299  0.00193  4.53094e-01 |300 -0.00651 -1.72451e-01
301  0.00357 -1.15971e+00 |302 -0.00299 -7.37508e-01 |303  0.00388 -4.25775e-01
304 -0.00140  8.08175e-01 |305  0.00058 -2.97632e-01 |306 -0.00377  2.06195e-01
307  0.00778  3.60116e-01 |308 -0.00222 -2.97929e-02 |309 -0.00459 -9.90639e-01
310  0.00681 -1.24450e+00 |311  0.00478 -9.99000e-01 |312  0.00221 -4.60961e-01
313 -0.00974  1.57426e-01 |314  0.00253 -7.65930e-02 |315  0.00120  2.36531e-01
316  0.00025  5.21860e-01 |317  0.00018  5.11006e-01 |318  0.00099  6.35177e-01
319 -0.00621  2.13880e-01 |320  0.00004  9.39773e-03 |321  0.00064  1.57440e-01
322  0.00042  1.03625e-01 |
322 variables; iteration 360; function evaluation 410; phase 5
Function value 2.9097981e+03; maximum gradient component mag -1.5914e+02
Var    Value     Gradient |Var    Value     Gradient |Var    Value     Gradient
  1 -0.03434 -5.57963e+01 |  2  0.04337 -1.57550e-01 |  3  0.13477 -5.98210e-01
  4 -0.03070 -2.51280e-01 |  5 -0.07724 -4.56843e-01 |  6  0.05492 -7.16823e-01
  7  0.04375 -6.11415e-01 |  8 -0.00065 -4.25504e-01 |  9  0.04937 -5.89618e-01
 10  0.01844  3.34406e-02 | 11  0.21759 -2.39932e+00 | 12 -0.12342  1.21648e-01
 13 -0.04182 -2.80308e-02 | 14 -0.15822  3.16376e-01 | 15 -0.17652  2.89207e-01
 16  0.23833 -5.23013e+00 | 17  0.00081 -6.86515e-01 | 18 -0.11077  1.64831e-01
 19 -0.04935 -4.34942e-01 | 20 -0.01328 -7.67055e-01 | 21 -0.09652 -2.80721e-01
 22  0.03539 -1.59843e+00 | 23 -0.12259 -3.27895e-03 | 24 -0.03449 -4.63136e-01
 25  0.01189 -1.14156e+00 | 26  0.02391 -1.14041e+00 | 27 -0.11257 -4.33959e-02
 28  0.01613 -7.66738e-01 | 29  0.05432 -1.75219e+00 | 30 -0.08417 -4.89567e-02
 31 -0.18883  1.62138e-01 | 32  0.03935 -8.45171e-01 | 33  0.05093 -1.05563e+00
 34  0.05641 -9.29323e-01 | 35  0.04220 -7.69303e-01 | 36 -0.04757  3.36376e-02
 37 -0.01990 -1.67596e-02 | 38  0.05930 -1.54676e-01 | 39 -0.06621  2.28604e-01
 40  0.21330 -6.88513e-01 | 41  0.02178  1.30702e-01 | 42  0.08439 -3.33071e-01
 43 -0.06268  4.79142e-01 | 44  0.17672 -1.92796e-01 | 45 -0.03708  4.17973e-01
 46 -0.03321  1.68735e-01 | 47 -0.01559  4.99561e-01 | 48 -0.09082  5.93352e-01
 49  0.11321  6.89858e-01 | 50  0.00982  6.62635e-01 | 51  0.00032  6.00804e-01
 52  0.02008  8.37278e-01 | 53 -0.03561  6.58774e-01 | 54  0.08454  1.21115e+00
 55  0.00665  8.33873e-01 | 56 -0.04875  1.03775e+00 | 57 -0.05588  1.27451e+00
 58  0.08423  1.25997e+00 | 59 -0.03087  8.74252e-01 | 60  0.01719  6.95362e-01
 61  0.00772  9.12978e-01 | 62  0.07332  8.85438e-01 | 63  0.09954  1.15759e+00
 64 -0.05886  4.48402e-01 | 65 -0.01369  4.78087e-01 | 66  0.03799  9.27908e-01
 67  0.00987  3.70123e-01 | 68 -0.04447  5.97257e-01 | 69  0.03706  8.81504e-01
 70  0.01350  7.26106e-01 | 71  0.15255  6.13126e-01 | 72 -0.05232  8.76606e-01
 73 -0.02577  5.37367e-01 | 74 -0.06821  5.76353e-01 | 75 -0.52347  4.89525e-01
 76 -0.65837 -1.03690e-01 | 77 -0.80425 -7.67861e-02 | 78 -0.70410  3.62363e-03
 79 -0.75298 -1.20438e-02 | 80 -0.76910 -5.08267e-02 | 81 -0.82191 -1.32453e-01
 82 -0.84973 -2.15983e-01 | 83 -0.82770 -1.88062e-01 | 84 -0.73880 -3.53042e-02
 85 -0.81803  6.23627e-03 | 86 -0.81162 -9.02201e-02 | 87 -0.79330  1.48588e-02
 88 -0.79968 -7.64060e-02 | 89 -0.80932 -2.17550e-02 | 90 -0.81227  3.84135e-02
 91 -0.78953  5.65040e-02 | 92 -0.80132  1.38090e-02 | 93 -0.79854 -1.71874e-01
 94 -0.85171  3.12580e-02 | 95 -0.85549  6.84211e-03 | 96 -0.12070  8.61986e-05
 97 -0.32551 -7.93071e-07 | 98 -0.20402 -1.22263e-07 | 99  0.63213 -6.60791e-01
100  0.29467 -1.78340e+01 |101  0.19226 -3.66038e+01 |102  0.09022 -5.59087e+00
103 -0.16647 -1.24268e+00 |104 -0.20500 -2.78406e-02 |105 -0.16540  1.57142e+00
106  0.00038 -2.46404e+01 |107  0.16877  1.50089e+00 |108 -0.02458  8.93466e-01
109  0.17746  9.53628e-02 |110 -0.06016 -1.07969e-01 |111  0.29104 -6.85156e-01
112 -0.05044 -3.36622e-01 |113 -0.33976  4.21463e-01 |114 -0.20360 -3.51639e-02
115 -0.24038  2.41133e-01 |116 -0.26291  2.33164e-01 |117  1.87648 -1.17340e-01
118  2.18176  6.69816e-02 |119  0.00381 -4.13744e+00 |120  0.00273 -4.03299e+00
121  0.00235 -3.94577e+00 |122 -0.00477 -3.81636e+00 |123 -0.00522 -3.83206e+00
124 -0.00591 -3.89520e+00 |125 -0.00618 -3.85115e+00 |126 -0.00715 -3.88760e+00
127  0.00910 -3.65988e+00 |128 -0.00293 -3.72831e+00 |129 -0.00677 -3.74886e+00
130 -0.01995 -3.57390e+00 |131  0.00190 -3.56680e+00 |132 -0.01016 -3.66517e+00
133  0.00729 -3.56634e+00 |134  0.00626 -3.62094e+00 |135 -0.00397 -3.58245e+00
136  0.01641 -3.39538e+00 |137 -0.01562 -3.35627e+00 |138 -0.01457 -3.51396e+00
139  0.00889 -3.26187e+00 |140  0.02048 -3.35196e+00 |141 -0.00409 -3.48777e+00
142 -0.02059 -3.44151e+00 |143  0.01983 -3.29972e+00 |144 -0.02348 -3.24766e+00
145  0.02556 -3.46221e+00 |146  0.00152 -3.51161e+00 |147  0.00284 -3.48320e+00
148 -0.00899 -3.52627e+00 |149  0.01258 -3.40480e+00 |150  0.02230 -3.43454e+00
151 -0.02540 -3.43858e+00 |152 -0.02054 -3.46316e+00 |153  0.00569 -3.51980e+00
154  0.00392 -3.43014e+00 |155  0.00336 -3.53327e+00 |156 -0.02142 -3.50056e+00
157 -0.01137 -3.48799e+00 |158  0.02743 -3.19800e+00 |159 -0.00976 -3.20741e+00
160  0.01791 -3.07812e+00 |161 -0.00702 -2.92545e+00 |162 -0.01906 -2.84674e+00
163  0.00800 -2.11190e+00 |164  0.00414 -1.57823e+00 |165 -0.00350 -3.52464e-01
166  0.00538  1.56603e-01 |167 -0.01839  2.68791e-01 |168 -0.00169  3.61622e-01
169  0.02264  5.94292e-01 |170 -0.02925  6.75348e-01 |171  0.01050  2.52708e-01
172  0.02303  4.94514e-02 |173  0.02181 -1.53686e-02 |174 -0.00259 -1.23387e-01
175 -0.00615 -9.16320e-02 |176 -0.02040 -2.58167e-01 |177  0.00337  5.58615e-02
178 -0.00232  2.51901e-03 |179  0.00278 -1.94475e-01 |180 -0.00468 -1.08540e-02
181  0.00475  1.35128e-01 |182 -0.00529  5.30573e-02 |183 -0.01495 -6.43143e-02
184  0.00070  1.72843e-01 |185 -0.00044 -1.09137e-01 |186 -0.00003 -6.96434e-03
187 -0.00470 -8.42123e+01 |188  0.00220 -8.35783e+01 |189 -0.01042 -8.29380e+01
190  0.00859 -8.22188e+01 |191  0.00645 -8.02076e+01 |192 -0.02430 -7.99329e+01
193  0.01839 -7.99303e+01 |194  0.00011 -7.98120e+01 |195 -0.02850 -7.94699e+01
196  0.01813 -7.63643e+01 |197 -0.00261 -7.63428e+01 |198 -0.00089 -7.61991e+01
199 -0.00137 -7.48419e+01 |200  0.00830 -7.30925e+01 |201 -0.00996 -7.25418e+01
202  0.00428 -7.00660e+01 |203  0.00279 -6.96205e+01 |204  0.00149 -6.76434e+01
205 -0.00670 -6.55712e+01 |206  0.01009 -6.40294e+01 |207 -0.00961 -6.32096e+01
208  0.00333 -6.07427e+01 |209 -0.00005 -5.94890e+01 |210  0.01010 -5.90622e+01
211 -0.02420 -5.86107e+01 |212  0.01640 -5.54096e+01 |213 -0.00769 -5.46664e+01
214  0.00382 -5.34908e+01 |215 -0.00068 -5.21673e+01 |216  0.00683 -5.11677e+01
217 -0.00766 -5.02728e+01 |218 -0.00025 -4.84518e+01 |219  0.01241 -4.79730e+01
220 -0.00512 -4.53557e+01 |221 -0.00240 -4.52182e+01 |222  0.00067 -4.40976e+01
223 -0.00032 -4.36193e+01 |224  0.00216 -4.07602e+01 |225 -0.01659 -4.04316e+01
226  0.00861 -3.91634e+01 |227  0.00782 -3.74793e+01 |228 -0.00741 -3.65025e+01
229  0.00729 -3.37314e+01 |230 -0.00373 -3.27130e+01 |231 -0.00553 -3.10113e+01
232  0.00630 -2.82062e+01 |233 -0.00428 -2.59670e+01 |234  0.00294 -2.32685e+01
235  0.00181 -2.22027e+01 |236 -0.00450 -2.12721e+01 |237 -0.00712 -1.97005e+01
238  0.01243 -1.69504e+01 |239 -0.00969 -1.66083e+01 |240  0.00345 -1.45801e+01
241  0.01233 -1.32720e+01 |242  0.00515 -1.20787e+01 |243 -0.00968 -1.10569e+01
244 -0.01323 -1.06188e+01 |245  0.01050 -8.93783e+00 |246  0.00500 -7.19170e+00
247 -0.00699 -6.16714e+00 |248 -0.00158 -5.20302e+00 |249  0.00372 -3.34481e+00
250 -0.00547 -2.19386e+00 |251  0.00861 -1.93418e-01 |252 -0.00017 -4.24500e-02
253 -0.00008 -1.90564e-02 |254 -0.00062 -1.54147e-01 |255  0.00248 -1.59136e+02
256  0.00333 -1.55819e+02 |257 -0.00274 -1.54255e+02 |258 -0.00146 -1.51327e+02
259  0.00336 -1.48516e+02 |260  0.01755 -1.45282e+02 |261 -0.01660 -1.44905e+02
262  0.00623 -1.43908e+02 |263 -0.00010 -1.43297e+02 |264 -0.02526 -1.40029e+02
265  0.01220 -1.38628e+02 |266 -0.01061 -1.37674e+02 |267  0.00010 -1.35234e+02
268 -0.00128 -1.32121e+02 |269  0.00307 -1.29345e+02 |270 -0.00221 -1.26181e+02
271  0.00180 -1.23334e+02 |272  0.00053 -1.20519e+02 |273  0.00385 -1.17115e+02
274 -0.00007 -1.14133e+02 |275 -0.00204 -1.11104e+02 |276  0.00041 -1.08554e+02
277  0.00155 -1.06054e+02 |278  0.00253 -1.03385e+02 |279  0.00576 -1.01802e+02
280 -0.01416 -9.85395e+01 |281  0.00745 -9.69737e+01 |282 -0.00219 -9.48445e+01
283  0.00013 -9.25340e+01 |284  0.00405 -9.01196e+01 |285 -0.00256 -8.81535e+01
286 -0.00070 -8.52522e+01 |287 -0.00248 -8.32363e+01 |288  0.00754 -8.07129e+01
289  0.00569 -7.91283e+01 |290 -0.00767 -7.75052e+01 |291 -0.00038 -7.46520e+01
292  0.00233 -7.17293e+01 |293  0.00702 -6.91280e+01 |294 -0.00897 -6.76396e+01
295 -0.00335 -6.49549e+01 |296 -0.00095 -6.23755e+01 |297 -0.00149 -5.96117e+01
298  0.00597 -5.78140e+01 |299  0.00191 -5.52929e+01 |300 -0.00650 -5.18271e+01
301  0.00357 -4.86072e+01 |302 -0.00299 -4.54791e+01 |303  0.00389 -4.27330e+01
304 -0.00140 -4.02001e+01 |305  0.00057 -3.80106e+01 |306 -0.00375 -3.49020e+01
307  0.00778 -3.27762e+01 |308 -0.00223 -3.01540e+01 |309 -0.00458 -2.75829e+01
310  0.00681 -2.51812e+01 |311  0.00478 -2.22978e+01 |312  0.00222 -1.99640e+01
313 -0.00974 -1.79662e+01 |314  0.00253 -1.48524e+01 |315  0.00120 -1.16767e+01
316  0.00025 -9.18733e+00 |317  0.00018 -6.59174e+00 |318  0.00098 -4.15985e+00
319 -0.00619 -1.54337e+00 |320 -0.00012 -2.92087e-02 |321 -0.00040 -9.96605e-02
322  0.00032  7.81693e-02 |
322 variables; iteration 380; function evaluation 430; phase 5
Function value 2.9097824e+03; maximum gradient component mag -5.0219e+01
Var    Value     Gradient |Var    Value     Gradient |Var    Value     Gradient
  1 -0.03434 -5.22435e+00 |  2  0.04322 -8.13754e-02 |  3  0.13477 -2.18125e-01
  4 -0.03048  4.48859e-02 |  5 -0.07689 -9.74696e-02 |  6  0.05487 -1.46119e-01
  7  0.04388 -1.67193e-01 |  8 -0.00087 -1.51173e-01 |  9  0.04943 -1.94651e-01
 10  0.01832 -1.40156e-01 | 11  0.21761 -6.85466e-01 | 12 -0.12327 -7.08506e-02
 13 -0.04185 -1.13751e-01 | 14 -0.15827  2.75734e-03 | 15 -0.17662 -4.12332e-02
 16  0.23836 -1.03879e+00 | 17  0.00091 -1.99293e-01 | 18 -0.11089 -7.78601e-02
 19 -0.04933 -1.84333e-01 | 20 -0.01330 -3.11956e-01 | 21 -0.09651 -1.20665e-01
 22  0.03537 -4.90581e-01 | 23 -0.12271 -1.17626e-01 | 24 -0.03451 -2.03676e-01
 25  0.01190 -2.34608e-01 | 26  0.02393 -2.25518e-01 | 27 -0.11259 -9.47377e-02
 28  0.01609 -2.09226e-01 | 29  0.05436 -1.24047e-01 | 30 -0.08428 -3.75991e-02
 31 -0.18880 -1.62411e-03 | 32  0.03936 -1.30556e-02 | 33  0.05103  5.81505e-02
 34  0.05645 -4.36123e-02 | 35  0.04223  2.42863e-02 | 36 -0.04759  1.17183e-02
 37 -0.01989  1.19355e-01 | 38  0.05930  1.02060e-01 | 39 -0.06621  9.14047e-02
 40  0.21332  4.78014e-01 | 41  0.02174  1.83577e-02 | 42  0.08441  6.93597e-02
 43 -0.06271  3.15059e-02 | 44  0.17672  2.56594e-01 | 45 -0.03712  3.99242e-02
 46 -0.03319  6.78313e-02 | 47 -0.01557  1.18658e-01 | 48 -0.09084  7.12290e-02
 49  0.11322  1.86726e-01 | 50  0.00979  1.16574e-01 | 51  0.00034  1.54419e-01
 52  0.02008  1.62828e-01 | 53 -0.03560  1.43490e-01 | 54  0.08455  3.00109e-01
 55  0.00665  1.76803e-01 | 56 -0.04875  1.83289e-01 | 57 -0.05588  2.92341e-01
 58  0.08423  9.38687e-02 | 59 -0.03087  1.40159e-01 | 60  0.01721  1.13262e-01
 61  0.00772  1.23719e-02 | 62  0.07333  3.58292e-02 | 63  0.09955  2.66357e-01
 64 -0.05888 -9.58795e-02 | 65 -0.01369 -1.28108e-01 | 66  0.03800  3.17983e-01
 67  0.00988 -1.06660e-01 | 68 -0.04447  4.00672e-03 | 69  0.03708  3.46729e-01
 70  0.01350 -2.34035e-02 | 71  0.15256 -1.43210e-02 | 72 -0.05236  5.38139e-02
 73 -0.02576  7.61414e-02 | 74 -0.06821 -2.63424e-02 | 75 -0.52340  1.72286e-01
 76 -0.65830 -8.43045e-03 | 77 -0.80426 -9.16027e-02 | 78 -0.70413 -1.13839e-02
 79 -0.75300 -1.28576e-02 | 80 -0.76908 -8.78654e-04 | 81 -0.82186  1.27186e-02
 82 -0.84968 -7.75362e-02 | 83 -0.82765 -5.05057e-02 | 84 -0.73880 -2.62617e-02
 85 -0.81803  1.63693e-02 | 86 -0.81156 -4.42642e-03 | 87 -0.79331  9.39278e-03
 88 -0.79961  6.99317e-03 | 89 -0.80930 -1.06135e-02 | 90 -0.81226 -5.98653e-03
 91 -0.78952  2.85545e-03 | 92 -0.80130  2.03403e-02 | 93 -0.79845 -3.91861e-02
 94 -0.85170  2.61419e-02 | 95 -0.85546  1.39079e-02 | 96 -0.14372  5.58902e-05
 97 -0.32430 -7.74220e-07 | 98 -0.21273 -2.69630e-07 | 99  0.64359 -4.62727e-01
100  0.26560 -1.10947e+01 |101  0.20571 -1.04990e+01 |102  0.09023 -4.94986e-01
103 -0.16647  3.94860e-02 |104 -0.20500  8.03529e-01 |105 -0.16540  1.15028e+00
106  0.00042 -1.56869e+00 |107  0.16869 -1.76133e+00 |108 -0.02458  1.92536e-01
109  0.17747  3.47218e-02 |110 -0.05934  1.68264e-03 |111  0.30701 -3.66375e-01
112 -0.05042 -8.65372e-02 |113 -0.33980 -3.68845e-01 |114 -0.20356  1.01115e-01
115 -0.24039  1.94351e-01 |116 -0.26289  1.72316e-01 |117  1.87641 -1.15526e-01
118  2.18198  1.08689e-01 |119  0.00379 -2.73394e+00 |120  0.00264 -2.68441e+00
121  0.00184 -2.72144e+00 |122 -0.00521 -2.69528e+00 |123 -0.00556 -2.68943e+00
124 -0.00591 -2.66958e+00 |125 -0.00632 -2.66172e+00 |126 -0.00701 -2.62912e+00
127  0.00886 -2.54542e+00 |128 -0.00281 -2.48889e+00 |129 -0.00649 -2.47023e+00
130 -0.02021 -2.48602e+00 |131  0.00186 -2.42871e+00 |132 -0.01013 -2.39809e+00
133  0.00725 -2.32041e+00 |134  0.00632 -2.26381e+00 |135 -0.00396 -2.25926e+00
136  0.01639 -2.28664e+00 |137 -0.01569 -2.26967e+00 |138 -0.01449 -2.25780e+00
139  0.00887 -2.25868e+00 |140  0.02036 -2.23795e+00 |141 -0.00399 -2.24006e+00
142 -0.02055 -2.19589e+00 |143  0.01984 -2.17929e+00 |144 -0.02351 -2.21386e+00
145  0.02554 -2.24982e+00 |146  0.00155 -2.20041e+00 |147  0.00279 -2.19577e+00
148 -0.00894 -2.14314e+00 |149  0.01246 -2.06760e+00 |150  0.02225 -2.00786e+00
151 -0.02534 -1.80636e+00 |152 -0.02046 -1.76382e+00 |153  0.00575 -1.72623e+00
154  0.00386 -1.69431e+00 |155  0.00339 -1.69699e+00 |156 -0.02143 -1.68693e+00
157 -0.01138 -1.66665e+00 |158  0.02743 -1.60119e+00 |159 -0.00975 -1.61055e+00
160  0.01798 -1.61473e+00 |161 -0.00704 -1.64719e+00 |162 -0.01907 -1.67213e+00
163  0.00804 -1.59765e+00 |164  0.00418 -1.60122e+00 |165 -0.00356 -1.58422e+00
166  0.00536 -1.52289e+00 |167 -0.01843 -1.50982e+00 |168 -0.00170 -1.41901e+00
169  0.02266 -1.04660e+00 |170 -0.02929 -1.05021e+00 |171  0.01050 -8.61719e-01
172  0.02302 -6.53357e-01 |173  0.02156 -5.33820e-01 |174 -0.00260 -4.15556e-01
175 -0.00624 -3.80950e-01 |176 -0.01997 -3.12544e-01 |177  0.00328 -2.77597e-01
178 -0.00240 -1.77900e-01 |179  0.00296 -1.44856e-01 |180 -0.00470 -1.13504e-01
181  0.00470 -7.08615e-02 |182 -0.00531  6.75946e-02 |183 -0.01487  6.03901e-02
184 -0.00026 -6.42204e-02 |185  0.00022  5.33496e-02 |186  0.00006  1.47690e-02
187  0.00143 -5.02193e+01 |188  0.00240 -4.96422e+01 |189 -0.01046 -4.93185e+01
190  0.00863 -4.88249e+01 |191  0.00654 -4.78266e+01 |192 -0.02455 -4.77847e+01
193  0.01853 -4.75895e+01 |194  0.00009 -4.75332e+01 |195 -0.02847 -4.72295e+01
196  0.01812 -4.58039e+01 |197 -0.00265 -4.55417e+01 |198 -0.00085 -4.53697e+01
199 -0.00138 -4.45970e+01 |200  0.00830 -4.36140e+01 |201 -0.00996 -4.32451e+01
202  0.00426 -4.20218e+01 |203  0.00282 -4.15124e+01 |204  0.00148 -4.08764e+01
205 -0.00670 -3.97823e+01 |206  0.01010 -3.88157e+01 |207 -0.00961 -3.85824e+01
208  0.00333 -3.73886e+01 |209 -0.00007 -3.62993e+01 |210  0.01012 -3.58848e+01
211 -0.02420 -3.56271e+01 |212  0.01640 -3.42780e+01 |213 -0.00770 -3.33054e+01
214  0.00382 -3.23864e+01 |215 -0.00068 -3.13674e+01 |216  0.00682 -3.06850e+01
217 -0.00765 -2.99576e+01 |218 -0.00026 -2.86474e+01 |219  0.01243 -2.77615e+01
220 -0.00514 -2.63801e+01 |221 -0.00239 -2.59774e+01 |222  0.00067 -2.54066e+01
223 -0.00032 -2.50981e+01 |224  0.00216 -2.36361e+01 |225 -0.01658 -2.33097e+01
226  0.00862 -2.28327e+01 |227  0.00781 -2.20219e+01 |228 -0.00741 -2.15131e+01
229  0.00729 -1.99540e+01 |230 -0.00374 -1.91750e+01 |231 -0.00552 -1.82248e+01
232  0.00630 -1.68930e+01 |233 -0.00428 -1.61237e+01 |234  0.00294 -1.50852e+01
235  0.00181 -1.42130e+01 |236 -0.00450 -1.35790e+01 |237 -0.00712 -1.25282e+01
238  0.01244 -1.08356e+01 |239 -0.00968 -1.01943e+01 |240  0.00343 -9.32540e+00
241  0.01233 -8.58719e+00 |242  0.00515 -7.20525e+00 |243 -0.00967 -6.33501e+00
244 -0.01324 -6.04984e+00 |245  0.01050 -5.30491e+00 |246  0.00500 -4.27098e+00
247 -0.00699 -3.65307e+00 |248 -0.00157 -3.19683e+00 |249  0.00372 -2.20349e+00
250 -0.00548 -1.45734e+00 |251  0.00861 -5.82872e-02 |252  0.00002  6.03554e-03
253 -0.00001 -2.32982e-03 |254  0.00018  4.42418e-02 |255 -0.00054 -4.62716e+01
256  0.00328 -4.45921e+01 |257 -0.00271 -4.42359e+01 |258 -0.00148 -4.36073e+01
259  0.00337 -4.26363e+01 |260  0.01766 -4.19935e+01 |261 -0.01672 -4.17795e+01
262  0.00623 -4.13359e+01 |263 -0.00011 -4.09328e+01 |264 -0.02525 -3.94842e+01
265  0.01221 -3.91499e+01 |266 -0.01062 -3.88258e+01 |267  0.00011 -3.80325e+01
268 -0.00129 -3.71332e+01 |269  0.00307 -3.67184e+01 |270 -0.00221 -3.55505e+01
271  0.00179 -3.48368e+01 |272  0.00054 -3.41602e+01 |273  0.00386 -3.33644e+01
274 -0.00007 -3.26341e+01 |275 -0.00205 -3.21203e+01 |276  0.00041 -3.12185e+01
277  0.00155 -3.05640e+01 |278  0.00251 -3.00997e+01 |279  0.00578 -2.96876e+01
280 -0.01416 -2.83846e+01 |281  0.00746 -2.78789e+01 |282 -0.00220 -2.73287e+01
283  0.00013 -2.67683e+01 |284  0.00405 -2.63448e+01 |285 -0.00255 -2.59467e+01
286 -0.00070 -2.49315e+01 |287 -0.00249 -2.43582e+01 |288  0.00755 -2.32440e+01
289  0.00568 -2.31555e+01 |290 -0.00766 -2.25593e+01 |291 -0.00038 -2.20432e+01
292  0.00233 -2.09415e+01 |293  0.00702 -2.03420e+01 |294 -0.00897 -1.99802e+01
295 -0.00334 -1.90665e+01 |296 -0.00096 -1.88794e+01 |297 -0.00149 -1.76807e+01
298  0.00597 -1.73091e+01 |299  0.00191 -1.66843e+01 |300 -0.00651 -1.55042e+01
301  0.00357 -1.47613e+01 |302 -0.00300 -1.40287e+01 |303  0.00389 -1.29794e+01
304 -0.00140 -1.23569e+01 |305  0.00057 -1.19247e+01 |306 -0.00376 -1.06765e+01
307  0.00777 -1.01591e+01 |308 -0.00223 -9.14687e+00 |309 -0.00458 -8.46450e+00
310  0.00681 -7.32797e+00 |311  0.00478 -6.45631e+00 |312  0.00222 -5.94351e+00
313 -0.00975 -5.22877e+00 |314  0.00253 -4.22802e+00 |315  0.00121 -3.42601e+00
316  0.00025 -2.82026e+00 |317  0.00018 -1.79184e+00 |318  0.00098 -1.01700e+00
319 -0.00620  3.26912e-02 |320  0.00005  1.09329e-02 |321  0.00019  4.73281e-02
322 -0.00011 -2.59843e-02 |
322 variables; iteration 400; function evaluation 452; phase 5
Function value 2.9097687e+03; maximum gradient component mag 2.6119e+01
Var    Value     Gradient |Var    Value     Gradient |Var    Value     Gradient
  1 -0.03434  2.61194e+01 |  2  0.04320  1.75008e-02 |  3  0.13490  8.16575e-02
  4 -0.03080  1.66458e-02 |  5 -0.07667  6.72872e-02 |  6  0.05483  1.03996e-01
  7  0.04388  1.16986e-01 |  8 -0.00084  6.57280e-02 |  9  0.04944  1.00534e-01
 10  0.01831 -1.65668e-01 | 11  0.21762  3.11857e-01 | 12 -0.12324 -2.01563e-01
 13 -0.04183 -1.34993e-01 | 14 -0.15834 -1.95417e-01 | 15 -0.17661 -1.99757e-01
 16  0.23836  9.40905e-01 | 17  0.00094 -1.29951e-02 | 18 -0.11091 -1.48360e-01
 19 -0.04932 -3.17794e-02 | 20 -0.01327  8.13023e-02 | 21 -0.09654 -6.35006e-02
 22  0.03540  3.00265e-01 | 23 -0.12268 -8.56973e-02 | 24 -0.03450  3.51186e-02
 25  0.01190  2.35538e-01 | 26  0.02394  2.73630e-01 | 27 -0.11260 -9.04872e-02
 28  0.01611  2.25743e-01 | 29  0.05434  5.26411e-01 | 30 -0.08425  2.47338e-02
 31 -0.18881 -1.46647e-01 | 32  0.03937  3.18967e-01 | 33  0.05099  2.68865e-01
 34  0.05647  3.25651e-01 | 35  0.04222  2.54605e-01 | 36 -0.04757  1.28473e-02
 37 -0.01992  5.59220e-02 | 38  0.05932  2.15038e-01 | 39 -0.06626 -1.09601e-01
 40  0.21332  6.36828e-01 | 41  0.02175  3.95118e-02 | 42  0.08442  1.88825e-01
 43 -0.06273 -2.11483e-01 | 44  0.17672  5.26662e-01 | 45 -0.03712 -8.50067e-02
 46 -0.03319 -7.56183e-02 | 47 -0.01557 -6.15245e-03 | 48 -0.09084 -1.11199e-01
 49  0.11322  1.15866e-01 | 50  0.00979 -5.98618e-02 | 51  0.00035  2.48271e-02
 52  0.02008 -1.87533e-02 | 53 -0.03560 -1.02557e-01 | 54  0.08455  8.08954e-02
 55  0.00665 -6.08141e-02 | 56 -0.04876 -1.08374e-01 | 57 -0.05588 -1.34729e-01
 58  0.08423 -1.98216e-01 | 59 -0.03086 -9.95269e-02 | 60  0.01721 -3.71584e-02
 61  0.00772 -2.59049e-01 | 62  0.07333 -2.27880e-01 | 63  0.09955  6.30045e-03
 64 -0.05887 -2.51810e-01 | 65 -0.01369 -4.47444e-01 | 66  0.03799 -1.15316e-01
 67  0.00988 -3.11135e-01 | 68 -0.04448 -2.87276e-01 | 69  0.03708 -1.33283e-01
 70  0.01350 -2.76408e-01 | 71  0.15256 -4.16588e-01 | 72 -0.05236 -2.41944e-01
 73 -0.02575 -2.07857e-01 | 74 -0.06821 -3.13956e-01 | 75 -0.52340 -5.33315e-02
 76 -0.65832 -5.17606e-02 | 77 -0.80424 -4.66141e-02 | 78 -0.70416 -5.41300e-02
 79 -0.75302 -3.70731e-02 | 80 -0.76909 -2.81528e-02 | 81 -0.82187 -1.53059e-02
 82 -0.84968 -5.73658e-02 | 83 -0.82764 -3.27820e-02 | 84 -0.73878 -1.75216e-02
 85 -0.81804 -1.12475e-02 | 86 -0.81156 -1.00035e-02 | 87 -0.79332 -7.73997e-03
 88 -0.79962 -1.09657e-02 | 89 -0.80929  8.57833e-03 | 90 -0.81226 -3.05044e-03
 91 -0.78952  1.65926e-04 | 92 -0.80130 -8.03212e-04 | 93 -0.79843 -7.06191e-03
 94 -0.85170  2.40332e-02 | 95 -0.85546  1.57961e-02 | 96 -0.45991 -1.19344e-06
 97 -0.31826 -6.99976e-07 | 98 -0.25109 -5.01731e-07 | 99  0.72837 -4.20160e-01
100  0.27120 -9.66037e-01 |101  0.20160 -5.02498e-01 |102  0.09023 -1.83612e-01
103 -0.16647  2.73354e-01 |104 -0.20501  5.10151e-01 |105 -0.16540  6.51973e-01
106  0.00042  1.14007e+00 |107  0.16870  8.08336e-02 |108 -0.02459  2.91054e-01
109  0.17746  5.95887e-01 |110 -0.05747  3.38247e-01 |111  0.54400  3.58732e-03
112 -0.05043  1.34694e-01 |113 -0.33979 -1.89222e-01 |114 -0.20356 -6.09213e-02
115 -0.24039  2.24398e-02 |116 -0.26294  3.62552e-02 |117  1.87636 -1.09537e-01
118  2.18201 -1.36778e-04 |119  0.00121 -4.00173e+00 |120  0.00041 -4.00910e+00
121 -0.00006 -4.01519e+00 |122 -0.00577 -4.02192e+00 |123 -0.00609 -4.02363e+00
124 -0.00644 -4.02025e+00 |125 -0.00682 -4.01641e+00 |126 -0.00758 -4.01233e+00
127  0.00881 -3.94836e+00 |128 -0.00288 -3.93500e+00 |129 -0.00659 -3.93221e+00
130 -0.02023 -3.93162e+00 |131  0.00186 -3.85138e+00 |132 -0.01012 -3.80902e+00
133  0.00726 -3.68482e+00 |134  0.00631 -3.64109e+00 |135 -0.00396 -3.61177e+00
136  0.01640 -3.55778e+00 |137 -0.01569 -3.54952e+00 |138 -0.01450 -3.54071e+00
139  0.00887 -3.45580e+00 |140  0.02037 -3.29385e+00 |141 -0.00394 -3.28754e+00
142 -0.02061 -3.28847e+00 |143  0.01985 -3.21636e+00 |144 -0.02351 -3.24318e+00
145  0.02557 -3.16123e+00 |146  0.00155 -3.17947e+00 |147  0.00279 -3.19906e+00
148 -0.00895 -3.20665e+00 |149  0.01251 -3.18493e+00 |150  0.02229 -3.17229e+00
151 -0.02540 -3.10832e+00 |152 -0.02050 -3.09058e+00 |153  0.00576 -3.07287e+00
154  0.00383 -3.06756e+00 |155  0.00339 -3.00078e+00 |156 -0.02143 -2.98659e+00
157 -0.01137 -2.94709e+00 |158  0.02742 -2.72153e+00 |159 -0.00975 -2.71292e+00
160  0.01796 -2.58220e+00 |161 -0.00705 -2.56260e+00 |162 -0.01905 -2.51616e+00
163  0.00804 -2.27258e+00 |164  0.00417 -2.16944e+00 |165 -0.00355 -1.86213e+00
166  0.00535 -1.68933e+00 |167 -0.01841 -1.62560e+00 |168 -0.00169 -1.49422e+00
169  0.02266 -9.65273e-01 |170 -0.02929 -9.33505e-01 |171  0.01050 -7.20050e-01
172  0.02303 -5.23276e-01 |173  0.02165 -4.59969e-01 |174 -0.00256 -4.18044e-01
175 -0.00627 -4.11307e-01 |176 -0.02009 -3.96082e-01 |177  0.00329 -3.29430e-01
178 -0.00241 -2.73554e-01 |179  0.00295 -2.50933e-01 |180 -0.00469 -2.05794e-01
181  0.00470 -1.52264e-01 |182 -0.00531  3.41937e-04 |183 -0.01487  1.72348e-02
184 -0.00005 -1.29301e-02 |185  0.00004  9.92642e-03 |186  0.00001  2.68033e-03
187  0.00025 -4.36525e+00 |188  0.00236 -4.42333e+00 |189 -0.01048 -4.46330e+00
190  0.00864 -4.52368e+00 |191  0.00653 -4.51220e+00 |192 -0.02454 -4.51523e+00
193  0.01850 -4.46429e+00 |194  0.00009 -4.42444e+00 |195 -0.02845 -4.31792e+00
196  0.01813 -4.31600e+00 |197 -0.00266 -4.28199e+00 |198 -0.00085 -4.22656e+00
199 -0.00138 -4.12103e+00 |200  0.00829 -4.13271e+00 |201 -0.00996 -4.11342e+00
202  0.00426 -4.10282e+00 |203  0.00281 -4.01456e+00 |204  0.00149 -4.08043e+00
205 -0.00670 -4.00109e+00 |206  0.01010 -3.97584e+00 |207 -0.00960 -3.92964e+00
208  0.00332 -3.90281e+00 |209 -0.00006 -3.82116e+00 |210  0.01012 -3.82832e+00
211 -0.02420 -3.73757e+00 |212  0.01640 -3.84930e+00 |213 -0.00770 -3.78525e+00
214  0.00381 -3.81282e+00 |215 -0.00068 -3.90829e+00 |216  0.00682 -3.93599e+00
217 -0.00765 -3.98211e+00 |218 -0.00027 -3.85000e+00 |219  0.01244 -3.68547e+00
220 -0.00514 -3.67825e+00 |221 -0.00239 -3.61032e+00 |222  0.00066 -3.61050e+00
223 -0.00031 -3.50465e+00 |224  0.00215 -3.32834e+00 |225 -0.01658 -3.25779e+00
226  0.00861 -3.05896e+00 |227  0.00782 -3.07296e+00 |228 -0.00741 -2.96689e+00
229  0.00729 -2.78261e+00 |230 -0.00374 -2.65317e+00 |231 -0.00553 -2.46358e+00
232  0.00630 -2.35092e+00 |233 -0.00428 -1.97705e+00 |234  0.00294 -2.09206e+00
235  0.00181 -1.91626e+00 |236 -0.00450 -1.74629e+00 |237 -0.00713 -1.35876e+00
238  0.01244 -1.11688e+00 |239 -0.00968 -8.69160e-01 |240  0.00344 -7.59531e-01
241  0.01233 -8.84165e-01 |242  0.00515 -6.80432e-01 |243 -0.00967 -5.61237e-01
244 -0.01324 -5.42583e-01 |245  0.01050 -4.51192e-01 |246  0.00500 -2.43574e-01
247 -0.00699 -1.44557e-01 |248 -0.00157 -1.46817e-01 |249  0.00373 -1.26973e-01
250 -0.00548 -7.21880e-02 |251  0.00861  5.59987e-02 |252  0.00001  1.94810e-03
253 -0.00000 -8.46208e-04 |254  0.00003  7.84247e-03 |255  0.00040 -2.10947e+00
256  0.00329 -2.36666e+00 |257 -0.00271 -2.47035e+00 |258 -0.00149 -2.67876e+00
259  0.00338 -2.67753e+00 |260  0.01765 -2.66248e+00 |261 -0.01671 -2.59356e+00
262  0.00623 -2.48914e+00 |263 -0.00011 -2.36605e+00 |264 -0.02525 -2.37241e+00
265  0.01221 -2.47147e+00 |266 -0.01063 -2.41880e+00 |267  0.00011 -2.38241e+00
268 -0.00128 -2.50126e+00 |269  0.00307 -2.60323e+00 |270 -0.00221 -2.57996e+00
271  0.00179 -2.60746e+00 |272  0.00054 -2.70833e+00 |273  0.00386 -2.79410e+00
274 -0.00007 -2.90391e+00 |275 -0.00205 -2.90265e+00 |276  0.00042 -2.91715e+00
277  0.00155 -2.96464e+00 |278  0.00251 -3.08408e+00 |279  0.00578 -3.02866e+00
280 -0.01416 -3.14994e+00 |281  0.00746 -3.16878e+00 |282 -0.00219 -3.19357e+00
283  0.00013 -3.30307e+00 |284  0.00405 -3.44647e+00 |285 -0.00255 -3.60131e+00
286 -0.00070 -3.57705e+00 |287 -0.00250 -3.48883e+00 |288  0.00756 -3.49181e+00
289  0.00568 -3.48525e+00 |290 -0.00766 -3.44669e+00 |291 -0.00039 -3.40885e+00
292  0.00234 -3.37123e+00 |293  0.00701 -3.14572e+00 |294 -0.00896 -2.97411e+00
295 -0.00335 -3.00524e+00 |296 -0.00096 -2.98621e+00 |297 -0.00149 -2.84030e+00
298  0.00597 -2.69125e+00 |299  0.00191 -2.71286e+00 |300 -0.00651 -2.61443e+00
301  0.00357 -2.33153e+00 |302 -0.00299 -2.45790e+00 |303  0.00389 -2.07410e+00
304 -0.00140 -1.95286e+00 |305  0.00057 -1.86197e+00 |306 -0.00376 -1.66420e+00
307  0.00777 -1.53247e+00 |308 -0.00223 -1.29476e+00 |309 -0.00458 -1.32818e+00
310  0.00681 -1.10254e+00 |311  0.00478 -9.77025e-01 |312  0.00222 -8.74912e-01
313 -0.00975 -8.07132e-01 |314  0.00253 -5.51982e-01 |315  0.00120 -4.31420e-01
316  0.00025 -3.08460e-01 |317  0.00018 -2.21477e-01 |318  0.00098 -9.81470e-03
319 -0.00620  1.47860e-01 |320  0.00001  1.27947e-03 |321  0.00004  1.03907e-02
322 -0.00002 -3.75921e-03 |
322 variables; iteration 420; function evaluation 472; phase 5
Function value 2.9097682e+03; maximum gradient component mag 1.3269e+00
Var    Value     Gradient |Var    Value     Gradient |Var    Value     Gradient
  1 -0.03434  1.32686e+00 |  2  0.04323  2.47768e-03 |  3  0.13487  7.29792e-03
  4 -0.03076  8.76707e-04 |  5 -0.07675  2.43241e-03 |  6  0.05483  4.51003e-03
  7  0.04387  5.15258e-03 |  8 -0.00082  4.54027e-03 |  9  0.04944  1.00476e-02
 10  0.01832 -4.80110e-03 | 11  0.21762  2.47833e-02 | 12 -0.12324 -7.23729e-03
 13 -0.04183 -6.16061e-03 | 14 -0.15833 -8.92524e-03 | 15 -0.17660 -8.62651e-03
 16  0.23835  5.69990e-02 | 17  0.00092  2.01902e-03 | 18 -0.11090 -6.05833e-03
 19 -0.04932  1.64678e-03 | 20 -0.01328  8.28857e-03 | 21 -0.09654 -1.51998e-03
 22  0.03540  2.07177e-02 | 23 -0.12268 -2.87596e-03 | 24 -0.03451  4.13837e-03
 25  0.01190  1.45934e-02 | 26  0.02393  1.42319e-02 | 27 -0.11260 -2.53298e-03
 28  0.01611  1.49129e-02 | 29  0.05434  2.41869e-02 | 30 -0.08428  1.05839e-03
 31 -0.18879 -7.14826e-03 | 32  0.03936  1.17754e-02 | 33  0.05100  9.31193e-03
 34  0.05646  1.48628e-02 | 35  0.04223  9.25796e-03 | 36 -0.04758 -3.79604e-04
 37 -0.01991  1.07958e-04 | 38  0.05930  8.03464e-03 | 39 -0.06621 -5.30462e-03
 40  0.21331  2.63988e-02 | 41  0.02176 -5.26253e-04 | 42  0.08441  5.55359e-03
 43 -0.06271 -1.10298e-02 | 44  0.17672  2.26854e-02 | 45 -0.03712 -5.14005e-03
 46 -0.03319 -4.58401e-03 | 47 -0.01558 -5.68695e-03 | 48 -0.09084 -8.63742e-03
 49  0.11323  9.81764e-03 | 50  0.00980 -4.15578e-03 | 51  0.00034 -6.70429e-05
 52  0.02008 -3.56726e-03 | 53 -0.03560 -5.89950e-03 | 54  0.08455  5.49682e-03
 55  0.00665 -1.70156e-03 | 56 -0.04876 -1.30326e-02 | 57 -0.05589 -8.38707e-03
 58  0.08424 -7.22422e-03 | 59 -0.03087 -6.42411e-03 | 60  0.01721 -5.82917e-03
 61  0.00773 -1.43564e-02 | 62  0.07334 -1.02431e-02 | 63  0.09955 -7.99113e-03
 64 -0.05886 -1.12453e-02 | 65 -0.01368 -1.34867e-02 | 66  0.03799 -1.05209e-02
 67  0.00988 -1.35406e-02 | 68 -0.04447 -1.17272e-02 | 69  0.03707 -1.02991e-02
 70  0.01350 -1.09319e-02 | 71  0.15256 -1.82046e-02 | 72 -0.05237 -1.15987e-02
 73 -0.02577 -8.56719e-03 | 74 -0.06819 -1.52802e-02 | 75 -0.52341 -5.73605e-03
 76 -0.65832 -1.87819e-03 | 77 -0.80424 -2.50449e-03 | 78 -0.70415 -1.68435e-03
 79 -0.75301 -1.27875e-03 | 80 -0.76909 -1.27732e-03 | 81 -0.82187  2.52358e-04
 82 -0.84966 -3.21849e-03 | 83 -0.82763 -1.94018e-03 | 84 -0.73878 -1.89569e-04
 85 -0.81804  1.86188e-04 | 86 -0.81157  5.88125e-04 | 87 -0.79332 -8.54298e-04
 88 -0.79962  4.49720e-05 | 89 -0.80930  3.52222e-04 | 90 -0.81226 -1.26584e-04
 91 -0.78952  1.23524e-03 | 92 -0.80130  3.91807e-04 | 93 -0.79843 -4.49044e-04
 94 -0.85170  1.62438e-03 | 95 -0.85547  7.24432e-04 | 96 -0.50973 -1.40958e-06
 97 -0.31696 -6.85967e-07 | 98 -0.25864 -5.32889e-07 | 99  0.73938 -2.81456e-02
100  0.27216 -3.51321e-02 |101  0.20334  2.52778e-02 |102  0.09024 -4.41217e-02
103 -0.16647  1.40709e-02 |104 -0.20500  2.95415e-02 |105 -0.16540  3.24780e-02
106  0.00042 -6.92018e-02 |107  0.16871 -3.89541e-02 |108 -0.02459 -5.02754e-03
109  0.17747 -1.68279e-03 |110 -0.05934  2.03281e-03 |111  0.58146  4.06162e-03
112 -0.05043  2.93394e-03 |113 -0.33979 -2.48721e-03 |114 -0.20356 -4.15694e-03
115 -0.24039  9.76155e-04 |116 -0.26297  1.23211e-03 |117  1.87649 -5.73936e-03
118  2.18189 -1.05093e-03 |119  0.00088 -1.53007e-01 |120  0.00016 -1.52499e-01
121 -0.00027 -1.52511e-01 |122 -0.00582 -1.50054e-01 |123 -0.00611 -1.49444e-01
124 -0.00647 -1.48849e-01 |125 -0.00686 -1.48868e-01 |126 -0.00763 -1.48838e-01
127  0.00878 -1.46991e-01 |128 -0.00290 -1.47057e-01 |129 -0.00661 -1.47154e-01
130 -0.02023 -1.46741e-01 |131  0.00186 -1.44763e-01 |132 -0.01012 -1.42536e-01
133  0.00726 -1.39581e-01 |134  0.00630 -1.38454e-01 |135 -0.00396 -1.37140e-01
136  0.01640 -1.34706e-01 |137 -0.01569 -1.33073e-01 |138 -0.01450 -1.31909e-01
139  0.00887 -1.26630e-01 |140  0.02037 -1.24034e-01 |141 -0.00395 -1.22684e-01
142 -0.02061 -1.22592e-01 |143  0.01984 -1.19109e-01 |144 -0.02350 -1.12672e-01
145  0.02556 -1.08504e-01 |146  0.00154 -1.08580e-01 |147  0.00281 -1.07771e-01
148 -0.00894 -1.06378e-01 |149  0.01252 -1.02559e-01 |150  0.02231 -9.99226e-02
151 -0.02542 -9.24573e-02 |152 -0.02052 -9.15748e-02 |153  0.00577 -9.24192e-02
154  0.00383 -9.34741e-02 |155  0.00340 -9.08388e-02 |156 -0.02143 -8.91960e-02
157 -0.01137 -8.68897e-02 |158  0.02742 -7.98826e-02 |159 -0.00975 -7.69651e-02
160  0.01797 -6.30835e-02 |161 -0.00704 -5.81665e-02 |162 -0.01905 -5.31824e-02
163  0.00803 -4.16628e-02 |164  0.00418 -3.57029e-02 |165 -0.00355 -2.27936e-02
166  0.00535 -1.72316e-02 |167 -0.01843 -1.38001e-02 |168 -0.00169 -9.43523e-03
169  0.02265  4.73185e-04 |170 -0.02929  7.29305e-04 |171  0.01050  3.04008e-04
172  0.02304 -9.02201e-04 |173  0.02170 -4.07505e-03 |174 -0.00256 -7.48720e-03
175 -0.00628 -7.88890e-03 |176 -0.02012 -7.82020e-03 |177  0.00330 -9.09363e-03
178 -0.00242 -8.99620e-03 |179  0.00294 -8.03817e-03 |180 -0.00469 -7.35893e-03
181  0.00471 -7.11411e-03 |182 -0.00533 -2.31842e-03 |183 -0.01488 -7.68958e-04
184  0.00000  3.41495e-04 |185 -0.00000 -4.70223e-04 |186 -0.00000 -2.42255e-04
187  0.00004 -1.57296e-01 |188  0.00236 -1.67563e-01 |189 -0.01047 -1.58390e-01
190  0.00864 -1.52764e-01 |191  0.00653 -1.47511e-01 |192 -0.02453 -1.46550e-01
193  0.01851 -1.44416e-01 |194  0.00009 -1.46084e-01 |195 -0.02846 -1.44918e-01
196  0.01813 -1.50686e-01 |197 -0.00266 -1.50166e-01 |198 -0.00085 -1.48214e-01
199 -0.00138 -1.42976e-01 |200  0.00829 -1.42903e-01 |201 -0.00995 -1.41612e-01
202  0.00426 -1.43605e-01 |203  0.00281 -1.40891e-01 |204  0.00149 -1.39273e-01
205 -0.00670 -1.35561e-01 |206  0.01009 -1.32806e-01 |207 -0.00960 -1.29392e-01
208  0.00332 -1.30599e-01 |209 -0.00007 -1.25954e-01 |210  0.01013 -1.26699e-01
211 -0.02421 -1.23338e-01 |212  0.01640 -1.24853e-01 |213 -0.00770 -1.19502e-01
214  0.00382 -1.16454e-01 |215 -0.00068 -1.16896e-01 |216  0.00682 -1.15163e-01
217 -0.00765 -1.12511e-01 |218 -0.00026 -1.04917e-01 |219  0.01242 -9.39355e-02
220 -0.00513 -9.28177e-02 |221 -0.00239 -9.33261e-02 |222  0.00067 -9.65416e-02
223 -0.00031 -9.62165e-02 |224  0.00215 -9.32174e-02 |225 -0.01658 -8.89808e-02
226  0.00861 -8.39148e-02 |227  0.00782 -8.42943e-02 |228 -0.00741 -7.42672e-02
229  0.00729 -6.56890e-02 |230 -0.00374 -6.09423e-02 |231 -0.00553 -5.34289e-02
232  0.00630 -5.26921e-02 |233 -0.00428 -4.05228e-02 |234  0.00294 -4.35702e-02
235  0.00181 -3.93775e-02 |236 -0.00450 -3.07938e-02 |237 -0.00713 -2.19401e-02
238  0.01244 -1.24724e-02 |239 -0.00968 -8.64867e-03 |240  0.00344 -6.85663e-03
241  0.01234 -1.26185e-02 |242  0.00515 -1.48034e-02 |243 -0.00967 -1.66373e-02
244 -0.01324 -1.72551e-02 |245  0.01050 -1.98409e-02 |246  0.00500 -1.21870e-02
247 -0.00699 -9.44200e-03 |248 -0.00158 -9.72728e-03 |249  0.00373 -5.28132e-03
250 -0.00548  1.60362e-03 |251  0.00860  1.50528e-03 |252 -0.00000 -6.46769e-05
253 -0.00000 -9.56954e-06 |254 -0.00000 -2.65837e-04 |255  0.00000  1.06958e-01
256  0.00328  5.71190e-02 |257 -0.00272  5.81953e-02 |258 -0.00148  6.52977e-02
259  0.00338  6.42749e-02 |260  0.01766  5.94156e-02 |261 -0.01672  6.21143e-02
262  0.00623  5.82067e-02 |263 -0.00012  5.85316e-02 |264 -0.02525  5.24524e-02
265  0.01221  4.44052e-02 |266 -0.01063  4.30249e-02 |267  0.00011  4.36063e-02
268 -0.00128  3.93992e-02 |269  0.00307  2.83914e-02 |270 -0.00221  2.30705e-02
271  0.00179  1.69713e-02 |272  0.00054  1.29511e-02 |273  0.00386  5.85420e-03
274 -0.00007  3.10423e-04 |275 -0.00205 -6.56115e-03 |276  0.00042 -5.44963e-03
277  0.00155 -9.20059e-03 |278  0.00251 -1.55613e-02 |279  0.00578 -1.56370e-02
280 -0.01416 -1.69261e-02 |281  0.00746 -2.08010e-02 |282 -0.00219 -2.31063e-02
283  0.00013 -2.64577e-02 |284  0.00405 -2.91653e-02 |285 -0.00255 -3.58295e-02
286 -0.00070 -3.78453e-02 |287 -0.00249 -3.83632e-02 |288  0.00755 -3.88013e-02
289  0.00569 -4.11267e-02 |290 -0.00766 -4.88786e-02 |291 -0.00039 -4.88584e-02
292  0.00234 -4.75038e-02 |293  0.00702 -4.15063e-02 |294 -0.00896 -3.31808e-02
295 -0.00335 -3.62953e-02 |296 -0.00096 -3.66999e-02 |297 -0.00149 -3.39940e-02
298  0.00597 -3.10459e-02 |299  0.00191 -3.48605e-02 |300 -0.00650 -3.76847e-02
301  0.00357 -3.06851e-02 |302 -0.00299 -3.50865e-02 |303  0.00389 -2.63544e-02
304 -0.00141 -2.00106e-02 |305  0.00058 -1.95645e-02 |306 -0.00376 -1.44482e-02
307  0.00778 -1.30292e-02 |308 -0.00223 -1.06118e-02 |309 -0.00458 -1.29884e-02
310  0.00681 -1.40125e-02 |311  0.00478 -1.43006e-02 |312  0.00222 -1.10994e-02
313 -0.00975 -1.44254e-02 |314  0.00253 -3.76322e-03 |315  0.00121 -2.05352e-03
316  0.00025 -2.99574e-03 |317  0.00018  6.74285e-04 |318  0.00098  7.58703e-03
319 -0.00620  5.92412e-03 |320  0.00000  3.56054e-05 |321 -0.00000 -2.68632e-04
322  0.00000  2.20128e-04 |
322 variables; iteration 440; function evaluation 493; phase 5
Function value 2.9097678e+03; maximum gradient component mag -1.4112e+01
Var    Value     Gradient |Var    Value     Gradient |Var    Value     Gradient
  1 -0.03434  7.26028e+00 |  2  0.04318 -2.48352e-02 |  3  0.13489 -3.28487e-02
  4 -0.03079 -2.20365e-02 |  5 -0.07668  2.69919e-02 |  6  0.05484 -2.73479e-02
  7  0.04387 -2.10049e-02 |  8 -0.00084 -1.52936e-02 |  9  0.04944 -1.87609e-02
 10  0.01831 -9.72601e-02 | 11  0.21763 -8.85985e-02 | 12 -0.12326 -9.36722e-02
 13 -0.04183 -8.69964e-02 | 14 -0.15835 -9.52078e-02 | 15 -0.17661 -8.90986e-02
 16  0.23835 -1.51836e-01 | 17  0.00092 -9.92007e-02 | 18 -0.11091 -9.06692e-02
 19 -0.04933 -8.72043e-02 | 20 -0.01328 -8.96186e-02 | 21 -0.09654 -8.61837e-02
 22  0.03539 -8.36891e-02 | 23 -0.12268 -7.91808e-02 | 24 -0.03451 -6.44712e-02
 25  0.01190 -3.83805e-02 | 26  0.02393 -3.71408e-02 | 27 -0.11260 -6.58172e-02
 28  0.01610 -2.56854e-02 | 29  0.05434  5.21781e-02 | 30 -0.08426 -1.49633e-02
 31 -0.18881 -6.82663e-02 | 32  0.03937  6.02635e-02 | 33  0.05100  3.94216e-02
 34  0.05647  9.82735e-02 | 35  0.04222  3.54350e-02 | 36 -0.04756  1.09593e-02
 37 -0.01992  3.25467e-03 | 38  0.05931  7.25141e-02 | 39 -0.06621 -3.06742e-02
 40  0.21331  2.22322e-01 | 41  0.02178  8.88401e-02 | 42  0.08442  8.17204e-02
 43 -0.06271 -8.18151e-02 | 44  0.17672  2.12582e-01 | 45 -0.03712 -1.40149e-02
 46 -0.03320 -5.52448e-02 | 47 -0.01557  4.06906e-02 | 48 -0.09083  3.57710e-02
 49  0.11323  1.58811e-01 | 50  0.00980  3.95874e-02 | 51  0.00034  8.49274e-02
 52  0.02008  9.08143e-02 | 53 -0.03560  5.66059e-04 | 54  0.08455  2.75460e-01
 55  0.00665  1.88798e-01 | 56 -0.04876 -1.22657e-02 | 57 -0.05589  1.59353e-02
 58  0.08424  2.64537e-01 | 59 -0.03087  5.08386e-02 | 60  0.01721  7.51835e-02
 61  0.00773 -6.23646e-03 | 62  0.07334  9.06534e-02 | 63  0.09955  1.82387e-01
 64 -0.05886 -4.66419e-02 | 65 -0.01368 -1.28387e-01 | 66  0.03799  6.19778e-02
 67  0.00989 -3.85675e-02 | 68 -0.04447 -8.32074e-02 | 69  0.03707 -8.26978e-02
 70  0.01350 -6.81939e-02 | 71  0.15256 -8.42517e-03 | 72 -0.05237 -6.33568e-02
 73 -0.02577 -1.33515e-01 | 74 -0.06819 -1.04842e-01 | 75 -0.52341  3.97595e-02
 76 -0.65834 -5.43551e-02 | 77 -0.80424 -3.37206e-02 | 78 -0.70416 -5.05078e-02
 79 -0.75302 -3.08671e-02 | 80 -0.76910 -3.48782e-02 | 81 -0.82187 -2.88512e-02
 82 -0.84967 -2.62211e-02 | 83 -0.82764 -2.55094e-02 | 84 -0.73879 -1.84431e-02
 85 -0.81804 -1.74720e-02 | 86 -0.81156 -1.09506e-02 | 87 -0.79333 -1.95093e-02
 88 -0.79963 -1.96057e-02 | 89 -0.80930 -9.76484e-03 | 90 -0.81226 -8.39175e-03
 91 -0.78953 -2.76441e-03 | 92 -0.80130 -2.89063e-04 | 93 -0.79843  1.00130e-02
 94 -0.85170  7.00170e-03 | 95 -0.85547 -2.62155e-03 | 96 -0.24232  6.95369e-06
 97 -0.28954 -6.28085e-07 | 98 -0.21165 -2.93318e-07 | 99  0.75010 -3.81514e-01
100  0.27042 -3.10639e+00 |101  0.20239 -2.91117e+00 |102  0.09023 -4.52859e-01
103 -0.16647  6.92952e-02 |104 -0.20500  3.13846e-01 |105 -0.16540  4.60170e-01
106  0.00041  3.23430e+00 |107  0.16874  2.88052e+00 |108 -0.02461 -8.19166e-01
109  0.17747 -1.55134e-01 |110 -0.05948 -2.17236e-02 |111  0.41110 -3.24488e-04
112 -0.05043  1.02530e-01 |113 -0.33979  1.29434e-01 |114 -0.20357 -5.14946e-02
115 -0.24038 -9.43534e-03 |116 -0.26299 -1.08743e-02 |117  1.87642 -7.89118e-02
118  2.18189 -2.69760e-02 |119  0.00056 -4.10015e+00 |120 -0.00008 -4.08915e+00
121 -0.00048 -4.08556e+00 |122 -0.00587 -4.06890e+00 |123 -0.00616 -4.06605e+00
124 -0.00651 -4.06496e+00 |125 -0.00690 -4.06616e+00 |126 -0.00768 -4.06968e+00
127  0.00879 -4.04485e+00 |128 -0.00291 -4.05195e+00 |129 -0.00663 -4.05475e+00
130 -0.02022 -4.04385e+00 |131  0.00185 -3.99378e+00 |132 -0.01012 -3.95375e+00
133  0.00726 -3.83573e+00 |134  0.00630 -3.80247e+00 |135 -0.00396 -3.76151e+00
136  0.01640 -3.67670e+00 |137 -0.01569 -3.66831e+00 |138 -0.01450 -3.65446e+00
139  0.00888 -3.51384e+00 |140  0.02038 -3.38263e+00 |141 -0.00395 -3.38702e+00
142 -0.02062 -3.39203e+00 |143  0.01984 -3.32064e+00 |144 -0.02350 -3.27290e+00
145  0.02557 -3.16963e+00 |146  0.00155 -3.19583e+00 |147  0.00280 -3.20641e+00
148 -0.00895 -3.21583e+00 |149  0.01253 -3.17690e+00 |150  0.02231 -3.17330e+00
151 -0.02542 -3.16735e+00 |152 -0.02053 -3.16619e+00 |153  0.00577 -3.13558e+00
154  0.00383 -3.13026e+00 |155  0.00341 -3.05516e+00 |156 -0.02144 -3.05061e+00
157 -0.01137 -3.01622e+00 |158  0.02743 -2.78510e+00 |159 -0.00976 -2.78378e+00
160  0.01797 -2.67325e+00 |161 -0.00705 -2.66286e+00 |162 -0.01905 -2.63335e+00
163  0.00804 -2.47423e+00 |164  0.00418 -2.41881e+00 |165 -0.00355 -2.31073e+00
166  0.00535 -2.22123e+00 |167 -0.01842 -2.17285e+00 |168 -0.00170 -2.06300e+00
169  0.02265 -1.45612e+00 |170 -0.02928 -1.37867e+00 |171  0.01050 -1.08795e+00
172  0.02302 -8.11061e-01 |173  0.02162 -6.63850e-01 |174 -0.00256 -5.89108e-01
175 -0.00624 -5.73335e-01 |176 -0.02008 -5.57992e-01 |177  0.00330 -4.57610e-01
178 -0.00242 -4.01053e-01 |179  0.00294 -3.71419e-01 |180 -0.00469 -2.87060e-01
181  0.00471 -2.11188e-01 |182 -0.00532 -7.50931e-02 |183 -0.01487 -4.30259e-02
184  0.00004  8.68642e-03 |185 -0.00003 -7.25118e-03 |186 -0.00001 -2.05659e-03
187  0.00041 -1.41123e+01 |188  0.00237 -1.39326e+01 |189 -0.01047 -1.38350e+01
190  0.00865 -1.37011e+01 |191  0.00653 -1.34185e+01 |192 -0.02453 -1.34096e+01
193  0.01851 -1.33926e+01 |194  0.00008 -1.34031e+01 |195 -0.02846 -1.33705e+01
196  0.01813 -1.30664e+01 |197 -0.00266 -1.30201e+01 |198 -0.00085 -1.29570e+01
199 -0.00138 -1.27176e+01 |200  0.00829 -1.24985e+01 |201 -0.00995 -1.23296e+01
202  0.00426 -1.19657e+01 |203  0.00281 -1.18071e+01 |204  0.00149 -1.15644e+01
205 -0.00670 -1.13137e+01 |206  0.01009 -1.10606e+01 |207 -0.00960 -1.08916e+01
208  0.00332 -1.05694e+01 |209 -0.00007 -1.02813e+01 |210  0.01012 -1.01848e+01
211 -0.02420 -1.00953e+01 |212  0.01640 -9.77623e+00 |213 -0.00770 -9.53644e+00
214  0.00381 -9.32215e+00 |215 -0.00068 -9.20906e+00 |216  0.00682 -9.10578e+00
217 -0.00765 -8.96524e+00 |218 -0.00026 -8.69239e+00 |219  0.01242 -8.49880e+00
220 -0.00513 -8.13602e+00 |221 -0.00240 -8.04987e+00 |222  0.00067 -7.83397e+00
223 -0.00031 -7.69822e+00 |224  0.00215 -7.34057e+00 |225 -0.01658 -7.26569e+00
226  0.00860 -6.94759e+00 |227  0.00782 -6.74913e+00 |228 -0.00741 -6.56784e+00
229  0.00729 -6.21307e+00 |230 -0.00374 -6.06612e+00 |231 -0.00553 -5.76857e+00
232  0.00630 -5.42672e+00 |233 -0.00428 -5.16507e+00 |234  0.00294 -4.80357e+00
235  0.00181 -4.61473e+00 |236 -0.00450 -4.40447e+00 |237 -0.00713 -3.80401e+00
238  0.01244 -3.40956e+00 |239 -0.00968 -3.03210e+00 |240  0.00344 -2.59404e+00
241  0.01234 -2.33634e+00 |242  0.00515 -1.97105e+00 |243 -0.00967 -1.80087e+00
244 -0.01324 -1.73644e+00 |245  0.01050 -1.48374e+00 |246  0.00500 -1.16825e+00
247 -0.00699 -9.95818e-01 |248 -0.00158 -8.30545e-01 |249  0.00373 -5.42726e-01
250 -0.00548 -3.07597e-01 |251  0.00860 -1.57594e-02 |252 -0.00001 -1.69025e-03
253 -0.00000 -7.50649e-04 |254 -0.00003 -7.28737e-03 |255  0.00021 -1.27217e+01
256  0.00329 -1.21808e+01 |257 -0.00271 -1.20921e+01 |258 -0.00148 -1.18922e+01
259  0.00338 -1.16265e+01 |260  0.01766 -1.15004e+01 |261 -0.01671 -1.14697e+01
262  0.00623 -1.14642e+01 |263 -0.00011 -1.14360e+01 |264 -0.02525 -1.11355e+01
265  0.01221 -1.10927e+01 |266 -0.01063 -1.10257e+01 |267  0.00011 -1.08138e+01
268 -0.00128 -1.05864e+01 |269  0.00307 -1.04727e+01 |270 -0.00221 -1.01391e+01
271  0.00179 -1.00330e+01 |272  0.00054 -9.82215e+00 |273  0.00386 -9.63710e+00
274 -0.00007 -9.43474e+00 |275 -0.00205 -9.29181e+00 |276  0.00042 -8.97862e+00
277  0.00155 -8.83710e+00 |278  0.00251 -8.75967e+00 |279  0.00578 -8.62976e+00
280 -0.01416 -8.34063e+00 |281  0.00746 -8.27545e+00 |282 -0.00219 -8.15200e+00
283  0.00012 -8.13097e+00 |284  0.00405 -8.09831e+00 |285 -0.00255 -8.01193e+00
286 -0.00070 -7.81261e+00 |287 -0.00249 -7.66287e+00 |288  0.00755 -7.39742e+00
289  0.00569 -7.29073e+00 |290 -0.00766 -7.10678e+00 |291 -0.00039 -6.97602e+00
292  0.00234 -6.63695e+00 |293  0.00701 -6.43741e+00 |294 -0.00896 -6.01627e+00
295 -0.00335 -5.86949e+00 |296 -0.00096 -5.70721e+00 |297 -0.00149 -5.40857e+00
298  0.00597 -5.27013e+00 |299  0.00191 -5.06664e+00 |300 -0.00650 -4.78231e+00
301  0.00357 -4.58560e+00 |302 -0.00299 -4.32085e+00 |303  0.00389 -4.11326e+00
304 -0.00141 -3.90799e+00 |305  0.00058 -3.46169e+00 |306 -0.00376 -3.14479e+00
307  0.00777 -2.92639e+00 |308 -0.00223 -2.46489e+00 |309 -0.00458 -2.18462e+00
310  0.00681 -1.90085e+00 |311  0.00478 -1.73499e+00 |312  0.00222 -1.67555e+00
313 -0.00975 -1.44289e+00 |314  0.00253 -1.14940e+00 |315  0.00121 -8.99165e-01
316  0.00025 -6.86975e-01 |317  0.00018 -4.06610e-01 |318  0.00098 -1.97818e-01
319 -0.00620  1.90588e-02 |320 -0.00000 -7.83541e-04 |321 -0.00002 -5.25332e-03
322  0.00002  4.48970e-03 |
  ic > imax  in fminim is answer attained ?
Var    Value     Gradient |Var    Value     Gradient |Var    Value     Gradient
  1 -0.03434  7.29744e-03 |  2  0.04323  1.03844e-05 |  3  0.13487  1.88727e-06
  4 -0.03075  1.67566e-05 |  5 -0.07675 -5.88010e-05 |  6  0.05484  2.38782e-05
  7  0.04387  9.80995e-07 |  8 -0.00082  1.53565e-05 |  9  0.04944 -1.82339e-06
 10  0.01832 -6.77519e-05 | 11  0.21762 -1.46347e-04 | 12 -0.12324 -5.57650e-05
 13 -0.04183 -6.34152e-05 | 14 -0.15833 -4.74214e-05 | 15 -0.17660 -4.60869e-05
 16  0.23835 -7.63107e-05 | 17  0.00092 -8.47157e-05 | 18 -0.11090 -8.84984e-05
 19 -0.04932 -8.73674e-05 | 20 -0.01328 -5.35184e-05 | 21 -0.09654 -8.83992e-05
 22  0.03540 -1.11605e-05 | 23 -0.12268 -5.34703e-05 | 24 -0.03451 -8.62383e-05
 25  0.01190 -5.54194e-05 | 26  0.02393 -8.15509e-05 | 27 -0.11260 -5.65335e-05
 28  0.01610 -2.78607e-05 | 29  0.05434 -1.16533e-04 | 30 -0.08428 -9.09270e-05
 31 -0.18879 -5.21868e-05 | 32  0.03936 -1.15443e-04 | 33  0.05100 -1.31182e-04
 34  0.05646 -1.13296e-04 | 35  0.04223 -8.50580e-05 | 36 -0.04758 -6.21851e-05
 37 -0.01991 -6.95734e-05 | 38  0.05930 -1.01913e-04 | 39 -0.06621 -4.93989e-05
 40  0.21331 -9.11955e-05 | 41  0.02176 -7.97628e-05 | 42  0.08441 -1.33566e-04
 43 -0.06271  2.21006e-05 | 44  0.17672  3.80128e-04 | 45 -0.03712 -3.23259e-05
 46 -0.03319 -1.87413e-05 | 47 -0.01558  7.40147e-05 | 48 -0.09084  1.53241e-05
 49  0.11323  2.26591e-04 | 50  0.00980  8.19650e-05 | 51  0.00034  7.82060e-05
 52  0.02008  1.19026e-04 | 53 -0.03560  5.47036e-05 | 54  0.08455  3.89128e-04
 55  0.00665  1.39198e-04 | 56 -0.04876  7.80803e-05 | 57 -0.05589  6.58154e-05
 58  0.08424  5.91661e-04 | 59 -0.03087 -5.47919e-05 | 60  0.01721  4.92551e-05
 61  0.00773  1.60922e-04 | 62  0.07334  1.55545e-04 | 63  0.09955  3.54919e-04
 64 -0.05886 -1.65013e-05 | 65 -0.01368  4.42659e-05 | 66  0.03799  1.83561e-04
 67  0.00988 -1.08832e-05 | 68 -0.04447 -9.87204e-06 | 69  0.03707 -5.24473e-06
 70  0.01350 -1.55346e-04 | 71  0.15256  3.36806e-05 | 72 -0.05237 -7.21952e-05
 73 -0.02577 -1.67521e-04 | 74 -0.06819  1.38247e-05 | 75 -0.52341 -2.77379e-05
 76 -0.65832 -6.12503e-05 | 77 -0.80423 -3.22854e-05 | 78 -0.70415 -2.97350e-05
 79 -0.75301 -2.12468e-05 | 80 -0.76909 -2.99354e-05 | 81 -0.82187 -3.92430e-05
 82 -0.84966 -1.16737e-06 | 83 -0.82763 -2.39514e-05 | 84 -0.73878 -3.62547e-05
 85 -0.81804 -2.29134e-05 | 86 -0.81157 -3.12528e-05 | 87 -0.79332 -3.61661e-05
 88 -0.79962 -2.76473e-05 | 89 -0.80930 -4.60059e-05 | 90 -0.81226 -1.72702e-05
 91 -0.78952 -2.54154e-05 | 92 -0.80130 -8.26398e-06 | 93 -0.79843 -2.11950e-05
 94 -0.85170 -1.01318e-05 | 95 -0.85547 -9.46373e-06 | 96 -0.23901  7.54249e-06
 97 -0.28358 -6.03751e-07 | 98 -0.20933 -2.83202e-07 | 99  0.76103 -4.34248e-04
100  0.27222  1.40937e-04 |101  0.20327  2.47520e-03 |102  0.09024  5.76023e-04
103 -0.16647  1.70849e-04 |104 -0.20500  1.00891e-04 |105 -0.16540 -1.27465e-04
106  0.00042 -9.07040e-05 |107  0.16871  1.10911e-03 |108 -0.02459 -1.34722e-03
109  0.17747  3.40496e-06 |110 -0.05935  1.30180e-05 |111  0.41371  1.18747e-05
112 -0.05043  1.78941e-04 |113 -0.33979  6.15951e-04 |114 -0.20356 -3.63510e-05
115 -0.24039 -2.91123e-05 |116 -0.26297 -1.31971e-05 |117  1.87650  4.98049e-05
118  2.18189  3.20713e-05 |119  0.00037 -4.91494e-03 |120 -0.00028 -4.91419e-03
121 -0.00067 -4.91112e-03 |122 -0.00595 -4.91151e-03 |123 -0.00624 -4.90923e-03
124 -0.00659 -4.90613e-03 |125 -0.00697 -4.90345e-03 |126 -0.00773 -4.89578e-03
127  0.00875 -4.80188e-03 |128 -0.00291 -4.78783e-03 |129 -0.00662 -4.78242e-03
130 -0.02023 -4.76972e-03 |131  0.00186 -4.68640e-03 |132 -0.01012 -4.64987e-03
133  0.00726 -4.46298e-03 |134  0.00630 -4.41834e-03 |135 -0.00396 -4.35544e-03
136  0.01640 -4.26217e-03 |137 -0.01569 -4.23835e-03 |138 -0.01450 -4.21353e-03
139  0.00887 -4.15222e-03 |140  0.02037 -4.00561e-03 |141 -0.00395 -4.02950e-03
142 -0.02061 -4.01878e-03 |143  0.01984 -3.96490e-03 |144 -0.02350 -3.97684e-03
145  0.02556 -3.79355e-03 |146  0.00154 -3.69178e-03 |147  0.00281 -3.64024e-03
148 -0.00894 -3.58772e-03 |149  0.01253 -3.51676e-03 |150  0.02231 -3.50538e-03
151 -0.02542 -3.41336e-03 |152 -0.02052 -3.38152e-03 |153  0.00577 -3.27763e-03
154  0.00383 -3.25696e-03 |155  0.00340 -3.09538e-03 |156 -0.02143 -3.08878e-03
157 -0.01138 -3.05367e-03 |158  0.02742 -2.80630e-03 |159 -0.00975 -2.75180e-03
160  0.01797 -2.30698e-03 |161 -0.00704 -2.23044e-03 |162 -0.01905 -2.17785e-03
163  0.00803 -2.04531e-03 |164  0.00418 -1.96385e-03 |165 -0.00355 -1.76530e-03
166  0.00535 -1.62563e-03 |167 -0.01843 -1.57635e-03 |168 -0.00169 -1.51359e-03
169  0.02265 -9.00550e-04 |170 -0.02929 -8.42601e-04 |171  0.01050 -5.79046e-04
172  0.02304 -3.48210e-04 |173  0.02169 -2.19200e-04 |174 -0.00256 -1.55896e-04
175 -0.00628 -1.43423e-04 |176 -0.02012 -1.22397e-04 |177  0.00330 -6.87427e-05
178 -0.00242 -4.24035e-05 |179  0.00294 -2.69114e-05 |180 -0.00469 -5.66754e-06
181  0.00471  1.91719e-05 |182 -0.00533 -1.45906e-07 |183 -0.01488  2.33491e-06
184 -0.00000 -1.01091e-05 |185  0.00000  8.99669e-06 |186  0.00000  2.05072e-06
187  0.00003  5.88524e-04 |188  0.00236  3.86190e-04 |189 -0.01048  3.43300e-04
190  0.00864  3.61092e-04 |191  0.00653  2.87284e-04 |192 -0.02453  3.15608e-04
193  0.01851  3.55096e-04 |194  0.00008  4.21915e-04 |195 -0.02845  5.70091e-04
196  0.01813  3.96378e-04 |197 -0.00266  3.95817e-04 |198 -0.00085  3.44000e-04
199 -0.00138  2.71513e-04 |200  0.00829  2.17678e-04 |201 -0.00995  3.37669e-04
202  0.00426  1.68088e-04 |203  0.00281  1.54458e-04 |204  0.00149  5.22305e-05
205 -0.00670 -3.12352e-05 |206  0.01009 -4.54336e-05 |207 -0.00960  2.15015e-05
208  0.00332  2.92198e-05 |209 -0.00007 -1.45365e-04 |210  0.01013 -1.21812e-04
211 -0.02421 -6.81965e-05 |212  0.01640 -2.64065e-04 |213 -0.00770 -9.35156e-05
214  0.00382 -5.19456e-05 |215 -0.00068 -9.09463e-05 |216  0.00682 -4.33994e-06
217 -0.00765 -9.87327e-05 |218 -0.00026 -2.25396e-04 |219  0.01242 -1.57372e-04
220 -0.00513 -2.16196e-04 |221 -0.00239 -1.17234e-04 |222  0.00067 -2.49254e-04
223 -0.00031 -1.14111e-04 |224  0.00215 -3.38369e-04 |225 -0.01658 -2.88031e-04
226  0.00861 -1.98931e-04 |227  0.00782 -2.25076e-04 |228 -0.00741  1.04545e-04
229  0.00729 -6.68680e-06 |230 -0.00374  6.51215e-05 |231 -0.00553  1.07055e-04
232  0.00630  5.87477e-05 |233 -0.00428  2.00966e-04 |234  0.00294  1.28666e-04
235  0.00181  1.54824e-04 |236 -0.00450  1.62108e-05 |237 -0.00713  3.83230e-04
238  0.01244  1.80523e-04 |239 -0.00968  3.36888e-04 |240  0.00344  4.46569e-04
241  0.01234  5.24471e-04 |242  0.00515  5.20264e-04 |243 -0.00967  5.68071e-04
244 -0.01324  5.72343e-04 |245  0.01050  4.90601e-04 |246  0.00500  3.42054e-04
247 -0.00699  4.31646e-04 |248 -0.00158  4.67723e-04 |249  0.00373  2.86637e-04
250 -0.00548  2.74229e-04 |251  0.00860  8.24764e-05 |252  0.00000 -2.82813e-06
253 -0.00000 -4.72354e-06 |254  0.00000  3.68041e-06 |255  0.00002  1.07471e-02
256  0.00328  1.01568e-02 |257 -0.00271  1.01462e-02 |258 -0.00148  1.00698e-02
259  0.00338  9.88728e-03 |260  0.01766  9.77128e-03 |261 -0.01672  9.80364e-03
262  0.00623  9.87266e-03 |263 -0.00012  1.00288e-02 |264 -0.02525  9.84426e-03
265  0.01221  9.72707e-03 |266 -0.01063  9.63594e-03 |267  0.00011  9.55523e-03
268 -0.00128  9.28241e-03 |269  0.00307  9.19806e-03 |270 -0.00221  8.97037e-03
271  0.00179  8.86093e-03 |272  0.00054  8.66682e-03 |273  0.00386  8.54781e-03
274 -0.00007  8.36936e-03 |275 -0.00205  8.17359e-03 |276  0.00042  7.97617e-03
277  0.00155  7.77251e-03 |278  0.00251  7.50285e-03 |279  0.00578  7.45115e-03
280 -0.01416  7.22619e-03 |281  0.00746  7.19608e-03 |282 -0.00219  7.02841e-03
283  0.00013  6.76722e-03 |284  0.00405  6.50224e-03 |285 -0.00255  6.23853e-03
286 -0.00070  6.07853e-03 |287 -0.00249  5.86749e-03 |288  0.00755  5.72287e-03
289  0.00569  5.55289e-03 |290 -0.00766  5.37066e-03 |291 -0.00039  5.22516e-03
292  0.00234  4.96618e-03 |293  0.00702  4.64167e-03 |294 -0.00896  4.32401e-03
295 -0.00335  4.18585e-03 |296 -0.00096  4.16738e-03 |297 -0.00149  4.03583e-03
298  0.00597  3.80063e-03 |299  0.00191  3.68196e-03 |300 -0.00650  3.52871e-03
301  0.00357  3.39484e-03 |302 -0.00299  3.25508e-03 |303  0.00389  3.08789e-03
304 -0.00141  2.78362e-03 |305  0.00058  2.90740e-03 |306 -0.00376  2.68211e-03
307  0.00778  2.55479e-03 |308 -0.00223  2.57338e-03 |309 -0.00458  2.47766e-03
310  0.00681  2.24489e-03 |311  0.00478  2.03755e-03 |312  0.00222  1.71780e-03
313 -0.00975  1.63156e-03 |314  0.00253  1.19486e-03 |315  0.00121  1.13406e-03
316  0.00025  1.03862e-03 |317  0.00018  8.09128e-04 |318  0.00098  5.45941e-04
319 -0.00620  3.17534e-04 |320  0.00000 -1.40405e-06 |321  0.00000  3.81175e-06
322 -0.00000 -8.80428e-06 |
Function minimizer not making progress ... is minimum attained?
Minimprove criterion = 0.0000e+00

 - final statistics:
322 variables; iteration 457; function evaluation 540
Function value 2.9098e+03; maximum gradient component mag 1.0747e-02
Exit code = 1;  converg criter 1.0000e-04
Var    Value     Gradient |Var    Value     Gradient |Var    Value     Gradient
  1 -0.03434  7.29744e-03 |  2  0.04323  1.03844e-05 |  3  0.13487  1.88727e-06
  4 -0.03075  1.67566e-05 |  5 -0.07675 -5.88010e-05 |  6  0.05484  2.38782e-05
  7  0.04387  9.80995e-07 |  8 -0.00082  1.53565e-05 |  9  0.04944 -1.82339e-06
 10  0.01832 -6.77519e-05 | 11  0.21762 -1.46347e-04 | 12 -0.12324 -5.57650e-05
 13 -0.04183 -6.34152e-05 | 14 -0.15833 -4.74214e-05 | 15 -0.17660 -4.60869e-05
 16  0.23835 -7.63107e-05 | 17  0.00092 -8.47157e-05 | 18 -0.11090 -8.84984e-05
 19 -0.04932 -8.73674e-05 | 20 -0.01328 -5.35184e-05 | 21 -0.09654 -8.83992e-05
 22  0.03540 -1.11605e-05 | 23 -0.12268 -5.34703e-05 | 24 -0.03451 -8.62383e-05
 25  0.01190 -5.54194e-05 | 26  0.02393 -8.15509e-05 | 27 -0.11260 -5.65335e-05
 28  0.01610 -2.78607e-05 | 29  0.05434 -1.16533e-04 | 30 -0.08428 -9.09270e-05
 31 -0.18879 -5.21868e-05 | 32  0.03936 -1.15443e-04 | 33  0.05100 -1.31182e-04
 34  0.05646 -1.13296e-04 | 35  0.04223 -8.50580e-05 | 36 -0.04758 -6.21851e-05
 37 -0.01991 -6.95734e-05 | 38  0.05930 -1.01913e-04 | 39 -0.06621 -4.93989e-05
 40  0.21331 -9.11955e-05 | 41  0.02176 -7.97628e-05 | 42  0.08441 -1.33566e-04
 43 -0.06271  2.21006e-05 | 44  0.17672  3.80128e-04 | 45 -0.03712 -3.23259e-05
 46 -0.03319 -1.87413e-05 | 47 -0.01558  7.40147e-05 | 48 -0.09084  1.53241e-05
 49  0.11323  2.26591e-04 | 50  0.00980  8.19650e-05 | 51  0.00034  7.82060e-05
 52  0.02008  1.19026e-04 | 53 -0.03560  5.47036e-05 | 54  0.08455  3.89128e-04
 55  0.00665  1.39198e-04 | 56 -0.04876  7.80803e-05 | 57 -0.05589  6.58154e-05
 58  0.08424  5.91661e-04 | 59 -0.03087 -5.47919e-05 | 60  0.01721  4.92551e-05
 61  0.00773  1.60922e-04 | 62  0.07334  1.55545e-04 | 63  0.09955  3.54919e-04
 64 -0.05886 -1.65013e-05 | 65 -0.01368  4.42659e-05 | 66  0.03799  1.83561e-04
 67  0.00988 -1.08832e-05 | 68 -0.04447 -9.87204e-06 | 69  0.03707 -5.24473e-06
 70  0.01350 -1.55346e-04 | 71  0.15256  3.36806e-05 | 72 -0.05237 -7.21952e-05
 73 -0.02577 -1.67521e-04 | 74 -0.06819  1.38247e-05 | 75 -0.52341 -2.77379e-05
 76 -0.65832 -6.12503e-05 | 77 -0.80423 -3.22854e-05 | 78 -0.70415 -2.97350e-05
 79 -0.75301 -2.12468e-05 | 80 -0.76909 -2.99354e-05 | 81 -0.82187 -3.92430e-05
 82 -0.84966 -1.16737e-06 | 83 -0.82763 -2.39514e-05 | 84 -0.73878 -3.62547e-05
 85 -0.81804 -2.29134e-05 | 86 -0.81157 -3.12528e-05 | 87 -0.79332 -3.61661e-05
 88 -0.79962 -2.76473e-05 | 89 -0.80930 -4.60059e-05 | 90 -0.81226 -1.72702e-05
 91 -0.78952 -2.54154e-05 | 92 -0.80130 -8.26398e-06 | 93 -0.79843 -2.11950e-05
 94 -0.85170 -1.01318e-05 | 95 -0.85547 -9.46373e-06 | 96 -0.23901  7.54249e-06
 97 -0.28358 -6.03751e-07 | 98 -0.20933 -2.83202e-07 | 99  0.76103 -4.34248e-04
100  0.27222  1.40937e-04 |101  0.20327  2.47520e-03 |102  0.09024  5.76023e-04
103 -0.16647  1.70849e-04 |104 -0.20500  1.00891e-04 |105 -0.16540 -1.27465e-04
106  0.00042 -9.07040e-05 |107  0.16871  1.10911e-03 |108 -0.02459 -1.34722e-03
109  0.17747  3.40496e-06 |110 -0.05935  1.30180e-05 |111  0.41371  1.18747e-05
112 -0.05043  1.78941e-04 |113 -0.33979  6.15951e-04 |114 -0.20356 -3.63510e-05
115 -0.24039 -2.91123e-05 |116 -0.26297 -1.31971e-05 |117  1.87650  4.98049e-05
118  2.18189  3.20713e-05 |119  0.00037 -4.91494e-03 |120 -0.00028 -4.91419e-03
121 -0.00067 -4.91112e-03 |122 -0.00595 -4.91151e-03 |123 -0.00624 -4.90923e-03
124 -0.00659 -4.90613e-03 |125 -0.00697 -4.90345e-03 |126 -0.00773 -4.89578e-03
127  0.00875 -4.80188e-03 |128 -0.00291 -4.78783e-03 |129 -0.00662 -4.78242e-03
130 -0.02023 -4.76972e-03 |131  0.00186 -4.68640e-03 |132 -0.01012 -4.64987e-03
133  0.00726 -4.46298e-03 |134  0.00630 -4.41834e-03 |135 -0.00396 -4.35544e-03
136  0.01640 -4.26217e-03 |137 -0.01569 -4.23835e-03 |138 -0.01450 -4.21353e-03
139  0.00887 -4.15222e-03 |140  0.02037 -4.00561e-03 |141 -0.00395 -4.02950e-03
142 -0.02061 -4.01878e-03 |143  0.01984 -3.96490e-03 |144 -0.02350 -3.97684e-03
145  0.02556 -3.79355e-03 |146  0.00154 -3.69178e-03 |147  0.00281 -3.64024e-03
148 -0.00894 -3.58772e-03 |149  0.01253 -3.51676e-03 |150  0.02231 -3.50538e-03
151 -0.02542 -3.41336e-03 |152 -0.02052 -3.38152e-03 |153  0.00577 -3.27763e-03
154  0.00383 -3.25696e-03 |155  0.00340 -3.09538e-03 |156 -0.02143 -3.08878e-03
157 -0.01138 -3.05367e-03 |158  0.02742 -2.80630e-03 |159 -0.00975 -2.75180e-03
160  0.01797 -2.30698e-03 |161 -0.00704 -2.23044e-03 |162 -0.01905 -2.17785e-03
163  0.00803 -2.04531e-03 |164  0.00418 -1.96385e-03 |165 -0.00355 -1.76530e-03
166  0.00535 -1.62563e-03 |167 -0.01843 -1.57635e-03 |168 -0.00169 -1.51359e-03
169  0.02265 -9.00550e-04 |170 -0.02929 -8.42601e-04 |171  0.01050 -5.79046e-04
172  0.02304 -3.48210e-04 |173  0.02169 -2.19200e-04 |174 -0.00256 -1.55896e-04
175 -0.00628 -1.43423e-04 |176 -0.02012 -1.22397e-04 |177  0.00330 -6.87427e-05
178 -0.00242 -4.24035e-05 |179  0.00294 -2.69114e-05 |180 -0.00469 -5.66754e-06
181  0.00471  1.91719e-05 |182 -0.00533 -1.45906e-07 |183 -0.01488  2.33491e-06
184 -0.00000 -1.01091e-05 |185  0.00000  8.99669e-06 |186  0.00000  2.05072e-06
187  0.00003  5.88524e-04 |188  0.00236  3.86190e-04 |189 -0.01048  3.43300e-04
190  0.00864  3.61092e-04 |191  0.00653  2.87284e-04 |192 -0.02453  3.15608e-04
193  0.01851  3.55096e-04 |194  0.00008  4.21915e-04 |195 -0.02845  5.70091e-04
196  0.01813  3.96378e-04 |197 -0.00266  3.95817e-04 |198 -0.00085  3.44000e-04
199 -0.00138  2.71513e-04 |200  0.00829  2.17678e-04 |201 -0.00995  3.37669e-04
202  0.00426  1.68088e-04 |203  0.00281  1.54458e-04 |204  0.00149  5.22305e-05
205 -0.00670 -3.12352e-05 |206  0.01009 -4.54336e-05 |207 -0.00960  2.15015e-05
208  0.00332  2.92198e-05 |209 -0.00007 -1.45365e-04 |210  0.01013 -1.21812e-04
211 -0.02421 -6.81965e-05 |212  0.01640 -2.64065e-04 |213 -0.00770 -9.35156e-05
214  0.00382 -5.19456e-05 |215 -0.00068 -9.09463e-05 |216  0.00682 -4.33994e-06
217 -0.00765 -9.87327e-05 |218 -0.00026 -2.25396e-04 |219  0.01242 -1.57372e-04
220 -0.00513 -2.16196e-04 |221 -0.00239 -1.17234e-04 |222  0.00067 -2.49254e-04
223 -0.00031 -1.14111e-04 |224  0.00215 -3.38369e-04 |225 -0.01658 -2.88031e-04
226  0.00861 -1.98931e-04 |227  0.00782 -2.25076e-04 |228 -0.00741  1.04545e-04
229  0.00729 -6.68680e-06 |230 -0.00374  6.51215e-05 |231 -0.00553  1.07055e-04
232  0.00630  5.87477e-05 |233 -0.00428  2.00966e-04 |234  0.00294  1.28666e-04
235  0.00181  1.54824e-04 |236 -0.00450  1.62108e-05 |237 -0.00713  3.83230e-04
238  0.01244  1.80523e-04 |239 -0.00968  3.36888e-04 |240  0.00344  4.46569e-04
241  0.01234  5.24471e-04 |242  0.00515  5.20264e-04 |243 -0.00967  5.68071e-04
244 -0.01324  5.72343e-04 |245  0.01050  4.90601e-04 |246  0.00500  3.42054e-04
247 -0.00699  4.31646e-04 |248 -0.00158  4.67723e-04 |249  0.00373  2.86637e-04
250 -0.00548  2.74229e-04 |251  0.00860  8.24764e-05 |252  0.00000 -2.82813e-06
253 -0.00000 -4.72354e-06 |254  0.00000  3.68041e-06 |255  0.00002  1.07471e-02
256  0.00328  1.01568e-02 |257 -0.00271  1.01462e-02 |258 -0.00148  1.00698e-02
259  0.00338  9.88728e-03 |260  0.01766  9.77128e-03 |261 -0.01672  9.80364e-03
262  0.00623  9.87266e-03 |263 -0.00012  1.00288e-02 |264 -0.02525  9.84426e-03
265  0.01221  9.72707e-03 |266 -0.01063  9.63594e-03 |267  0.00011  9.55523e-03
268 -0.00128  9.28241e-03 |269  0.00307  9.19806e-03 |270 -0.00221  8.97037e-03
271  0.00179  8.86093e-03 |272  0.00054  8.66682e-03 |273  0.00386  8.54781e-03
274 -0.00007  8.36936e-03 |275 -0.00205  8.17359e-03 |276  0.00042  7.97617e-03
277  0.00155  7.77251e-03 |278  0.00251  7.50285e-03 |279  0.00578  7.45115e-03
280 -0.01416  7.22619e-03 |281  0.00746  7.19608e-03 |282 -0.00219  7.02841e-03
283  0.00013  6.76722e-03 |284  0.00405  6.50224e-03 |285 -0.00255  6.23853e-03
286 -0.00070  6.07853e-03 |287 -0.00249  5.86749e-03 |288  0.00755  5.72287e-03
289  0.00569  5.55289e-03 |290 -0.00766  5.37066e-03 |291 -0.00039  5.22516e-03
292  0.00234  4.96618e-03 |293  0.00702  4.64167e-03 |294 -0.00896  4.32401e-03
295 -0.00335  4.18585e-03 |296 -0.00096  4.16738e-03 |297 -0.00149  4.03583e-03
298  0.00597  3.80063e-03 |299  0.00191  3.68196e-03 |300 -0.00650  3.52871e-03
301  0.00357  3.39484e-03 |302 -0.00299  3.25508e-03 |303  0.00389  3.08789e-03
304 -0.00141  2.78362e-03 |305  0.00058  2.90740e-03 |306 -0.00376  2.68211e-03
307  0.00778  2.55479e-03 |308 -0.00223  2.57338e-03 |309 -0.00458  2.47766e-03
310  0.00681  2.24489e-03 |311  0.00478  2.03755e-03 |312  0.00222  1.71780e-03
313 -0.00975  1.63156e-03 |314  0.00253  1.19486e-03 |315  0.00121  1.13406e-03
316  0.00025  1.03862e-03 |317  0.00018  8.09128e-04 |318  0.00098  5.45941e-04
319 -0.00620  3.17534e-04 |320  0.00000 -1.40405e-06 |321  0.00000  3.81175e-06
322 -0.00000 -8.80428e-06 |
Estimating row 1 out of 322 for hessian
Estimating row 2 out of 322 for hessian
Estimating row 3 out of 322 for hessian
Estimating row 4 out of 322 for hessian
Estimating row 5 out of 322 for hessian
Estimating row 6 out of 322 for hessian
Estimating row 7 out of 322 for hessian
Estimating row 8 out of 322 for hessian
Estimating row 9 out of 322 for hessian
Estimating row 10 out of 322 for hessian
Estimating row 11 out of 322 for hessian
Estimating row 12 out of 322 for hessian
Estimating row 13 out of 322 for hessian
Estimating row 14 out of 322 for hessian
Estimating row 15 out of 322 for hessian
Estimating row 16 out of 322 for hessian
Estimating row 17 out of 322 for hessian
Estimating row 18 out of 322 for hessian
Estimating row 19 out of 322 for hessian
Estimating row 20 out of 322 for hessian
Estimating row 21 out of 322 for hessian
Estimating row 22 out of 322 for hessian
Estimating row 23 out of 322 for hessian
Estimating row 24 out of 322 for hessian
Estimating row 25 out of 322 for hessian
Estimating row 26 out of 322 for hessian
Estimating row 27 out of 322 for hessian
Estimating row 28 out of 322 for hessian
Estimating row 29 out of 322 for hessian
Estimating row 30 out of 322 for hessian
Estimating row 31 out of 322 for hessian
Estimating row 32 out of 322 for hessian
Estimating row 33 out of 322 for hessian
Estimating row 34 out of 322 for hessian
Estimating row 35 out of 322 for hessian
Estimating row 36 out of 322 for hessian
Estimating row 37 out of 322 for hessian
Estimating row 38 out of 322 for hessian
Estimating row 39 out of 322 for hessian
Estimating row 40 out of 322 for hessian
Estimating row 41 out of 322 for hessian
Estimating row 42 out of 322 for hessian
Estimating row 43 out of 322 for hessian
Estimating row 44 out of 322 for hessian
Estimating row 45 out of 322 for hessian
Estimating row 46 out of 322 for hessian
Estimating row 47 out of 322 for hessian
Estimating row 48 out of 322 for hessian
Estimating row 49 out of 322 for hessian
Estimating row 50 out of 322 for hessian
Estimating row 51 out of 322 for hessian
Estimating row 52 out of 322 for hessian
Estimating row 53 out of 322 for hessian
Estimating row 54 out of 322 for hessian
Estimating row 55 out of 322 for hessian
Estimating row 56 out of 322 for hessian
Estimating row 57 out of 322 for hessian
Estimating row 58 out of 322 for hessian
Estimating row 59 out of 322 for hessian
Estimating row 60 out of 322 for hessian
Estimating row 61 out of 322 for hessian
Estimating row 62 out of 322 for hessian
Estimating row 63 out of 322 for hessian
Estimating row 64 out of 322 for hessian
Estimating row 65 out of 322 for hessian
Estimating row 66 out of 322 for hessian
Estimating row 67 out of 322 for hessian
Estimating row 68 out of 322 for hessian
Estimating row 69 out of 322 for hessian
Estimating row 70 out of 322 for hessian
Estimating row 71 out of 322 for hessian
Estimating row 72 out of 322 for hessian
Estimating row 73 out of 322 for hessian
Estimating row 74 out of 322 for hessian
Estimating row 75 out of 322 for hessian
Estimating row 76 out of 322 for hessian
Estimating row 77 out of 322 for hessian
Estimating row 78 out of 322 for hessian
Estimating row 79 out of 322 for hessian
Estimating row 80 out of 322 for hessian
Estimating row 81 out of 322 for hessian
Estimating row 82 out of 322 for hessian
Estimating row 83 out of 322 for hessian
Estimating row 84 out of 322 for hessian
Estimating row 85 out of 322 for hessian
Estimating row 86 out of 322 for hessian
Estimating row 87 out of 322 for hessian
Estimating row 88 out of 322 for hessian
Estimating row 89 out of 322 for hessian
Estimating row 90 out of 322 for hessian
Estimating row 91 out of 322 for hessian
Estimating row 92 out of 322 for hessian
Estimating row 93 out of 322 for hessian
Estimating row 94 out of 322 for hessian
Estimating row 95 out of 322 for hessian
Estimating row 96 out of 322 for hessian
Estimating row 97 out of 322 for hessian
Estimating row 98 out of 322 for hessian
Estimating row 99 out of 322 for hessian
Estimating row 100 out of 322 for hessian
Estimating row 101 out of 322 for hessian
Estimating row 102 out of 322 for hessian
Estimating row 103 out of 322 for hessian
Estimating row 104 out of 322 for hessian
Estimating row 105 out of 322 for hessian
Estimating row 106 out of 322 for hessian
Estimating row 107 out of 322 for hessian
Estimating row 108 out of 322 for hessian
Estimating row 109 out of 322 for hessian
Estimating row 110 out of 322 for hessian
Estimating row 111 out of 322 for hessian
Estimating row 112 out of 322 for hessian
Estimating row 113 out of 322 for hessian
Estimating row 114 out of 322 for hessian
Estimating row 115 out of 322 for hessian
Estimating row 116 out of 322 for hessian
Estimating row 117 out of 322 for hessian
Estimating row 118 out of 322 for hessian
Estimating row 119 out of 322 for hessian
Estimating row 120 out of 322 for hessian
Estimating row 121 out of 322 for hessian
Estimating row 122 out of 322 for hessian
Estimating row 123 out of 322 for hessian
Estimating row 124 out of 322 for hessian
Estimating row 125 out of 322 for hessian
Estimating row 126 out of 322 for hessian
Estimating row 127 out of 322 for hessian
Estimating row 128 out of 322 for hessian
Estimating row 129 out of 322 for hessian
Estimating row 130 out of 322 for hessian
Estimating row 131 out of 322 for hessian
Estimating row 132 out of 322 for hessian
Estimating row 133 out of 322 for hessian
Estimating row 134 out of 322 for hessian
Estimating row 135 out of 322 for hessian
Estimating row 136 out of 322 for hessian
Estimating row 137 out of 322 for hessian
Estimating row 138 out of 322 for hessian
Estimating row 139 out of 322 for hessian
Estimating row 140 out of 322 for hessian
Estimating row 141 out of 322 for hessian
Estimating row 142 out of 322 for hessian
Estimating row 143 out of 322 for hessian
Estimating row 144 out of 322 for hessian
Estimating row 145 out of 322 for hessian
Estimating row 146 out of 322 for hessian
Estimating row 147 out of 322 for hessian
Estimating row 148 out of 322 for hessian
Estimating row 149 out of 322 for hessian
Estimating row 150 out of 322 for hessian
Estimating row 151 out of 322 for hessian
Estimating row 152 out of 322 for hessian
Estimating row 153 out of 322 for hessian
Estimating row 154 out of 322 for hessian
Estimating row 155 out of 322 for hessian
Estimating row 156 out of 322 for hessian
Estimating row 157 out of 322 for hessian
Estimating row 158 out of 322 for hessian
Estimating row 159 out of 322 for hessian
Estimating row 160 out of 322 for hessian
Estimating row 161 out of 322 for hessian
Estimating row 162 out of 322 for hessian
Estimating row 163 out of 322 for hessian
Estimating row 164 out of 322 for hessian
Estimating row 165 out of 322 for hessian
Estimating row 166 out of 322 for hessian
Estimating row 167 out of 322 for hessian
Estimating row 168 out of 322 for hessian
Estimating row 169 out of 322 for hessian
Estimating row 170 out of 322 for hessian
Estimating row 171 out of 322 for hessian
Estimating row 172 out of 322 for hessian
Estimating row 173 out of 322 for hessian
Estimating row 174 out of 322 for hessian
Estimating row 175 out of 322 for hessian
Estimating row 176 out of 322 for hessian
Estimating row 177 out of 322 for hessian
Estimating row 178 out of 322 for hessian
Estimating row 179 out of 322 for hessian
Estimating row 180 out of 322 for hessian
Estimating row 181 out of 322 for hessian
Estimating row 182 out of 322 for hessian
Estimating row 183 out of 322 for hessian
Estimating row 184 out of 322 for hessian
Estimating row 185 out of 322 for hessian
Estimating row 186 out of 322 for hessian
Estimating row 187 out of 322 for hessian
Estimating row 188 out of 322 for hessian
Estimating row 189 out of 322 for hessian
Estimating row 190 out of 322 for hessian
Estimating row 191 out of 322 for hessian
Estimating row 192 out of 322 for hessian
Estimating row 193 out of 322 for hessian
Estimating row 194 out of 322 for hessian
Estimating row 195 out of 322 for hessian
Estimating row 196 out of 322 for hessian
Estimating row 197 out of 322 for hessian
Estimating row 198 out of 322 for hessian
Estimating row 199 out of 322 for hessian
Estimating row 200 out of 322 for hessian
Estimating row 201 out of 322 for hessian
Estimating row 202 out of 322 for hessian
Estimating row 203 out of 322 for hessian
Estimating row 204 out of 322 for hessian
Estimating row 205 out of 322 for hessian
Estimating row 206 out of 322 for hessian
Estimating row 207 out of 322 for hessian
Estimating row 208 out of 322 for hessian
Estimating row 209 out of 322 for hessian
Estimating row 210 out of 322 for hessian
Estimating row 211 out of 322 for hessian
Estimating row 212 out of 322 for hessian
Estimating row 213 out of 322 for hessian
Estimating row 214 out of 322 for hessian
Estimating row 215 out of 322 for hessian
Estimating row 216 out of 322 for hessian
Estimating row 217 out of 322 for hessian
Estimating row 218 out of 322 for hessian
Estimating row 219 out of 322 for hessian
Estimating row 220 out of 322 for hessian
Estimating row 221 out of 322 for hessian
Estimating row 222 out of 322 for hessian
Estimating row 223 out of 322 for hessian
Estimating row 224 out of 322 for hessian
Estimating row 225 out of 322 for hessian
Estimating row 226 out of 322 for hessian
Estimating row 227 out of 322 for hessian
Estimating row 228 out of 322 for hessian
Estimating row 229 out of 322 for hessian
Estimating row 230 out of 322 for hessian
Estimating row 231 out of 322 for hessian
Estimating row 232 out of 322 for hessian
Estimating row 233 out of 322 for hessian
Estimating row 234 out of 322 for hessian
Estimating row 235 out of 322 for hessian
Estimating row 236 out of 322 for hessian
Estimating row 237 out of 322 for hessian
Estimating row 238 out of 322 for hessian
Estimating row 239 out of 322 for hessian
Estimating row 240 out of 322 for hessian
Estimating row 241 out of 322 for hessian
Estimating row 242 out of 322 for hessian
Estimating row 243 out of 322 for hessian
Estimating row 244 out of 322 for hessian
Estimating row 245 out of 322 for hessian
Estimating row 246 out of 322 for hessian
Estimating row 247 out of 322 for hessian
Estimating row 248 out of 322 for hessian
Estimating row 249 out of 322 for hessian
Estimating row 250 out of 322 for hessian
Estimating row 251 out of 322 for hessian
Estimating row 252 out of 322 for hessian
Estimating row 253 out of 322 for hessian
Estimating row 254 out of 322 for hessian
Estimating row 255 out of 322 for hessian
Estimating row 256 out of 322 for hessian
Estimating row 257 out of 322 for hessian
Estimating row 258 out of 322 for hessian
Estimating row 259 out of 322 for hessian
Estimating row 260 out of 322 for hessian
Estimating row 261 out of 322 for hessian
Estimating row 262 out of 322 for hessian
Estimating row 263 out of 322 for hessian
Estimating row 264 out of 322 for hessian
Estimating row 265 out of 322 for hessian
Estimating row 266 out of 322 for hessian
Estimating row 267 out of 322 for hessian
Estimating row 268 out of 322 for hessian
Estimating row 269 out of 322 for hessian
Estimating row 270 out of 322 for hessian
Estimating row 271 out of 322 for hessian
Estimating row 272 out of 322 for hessian
Estimating row 273 out of 322 for hessian
Estimating row 274 out of 322 for hessian
Estimating row 275 out of 322 for hessian
Estimating row 276 out of 322 for hessian
Estimating row 277 out of 322 for hessian
Estimating row 278 out of 322 for hessian
Estimating row 279 out of 322 for hessian
Estimating row 280 out of 322 for hessian
Estimating row 281 out of 322 for hessian
Estimating row 282 out of 322 for hessian
Estimating row 283 out of 322 for hessian
Estimating row 284 out of 322 for hessian
Estimating row 285 out of 322 for hessian
Estimating row 286 out of 322 for hessian
Estimating row 287 out of 322 for hessian
Estimating row 288 out of 322 for hessian
Estimating row 289 out of 322 for hessian
Estimating row 290 out of 322 for hessian
Estimating row 291 out of 322 for hessian
Estimating row 292 out of 322 for hessian
Estimating row 293 out of 322 for hessian
Estimating row 294 out of 322 for hessian
Estimating row 295 out of 322 for hessian
Estimating row 296 out of 322 for hessian
Estimating row 297 out of 322 for hessian
Estimating row 298 out of 322 for hessian
Estimating row 299 out of 322 for hessian
Estimating row 300 out of 322 for hessian
Estimating row 301 out of 322 for hessian
Estimating row 302 out of 322 for hessian
Estimating row 303 out of 322 for hessian
Estimating row 304 out of 322 for hessian
Estimating row 305 out of 322 for hessian
Estimating row 306 out of 322 for hessian
Estimating row 307 out of 322 for hessian
Estimating row 308 out of 322 for hessian
Estimating row 309 out of 322 for hessian
Estimating row 310 out of 322 for hessian
Estimating row 311 out of 322 for hessian
Estimating row 312 out of 322 for hessian
Estimating row 313 out of 322 for hessian
Estimating row 314 out of 322 for hessian
Estimating row 315 out of 322 for hessian
Estimating row 316 out of 322 for hessian
Estimating row 317 out of 322 for hessian
Estimating row 318 out of 322 for hessian
Estimating row 319 out of 322 for hessian
Estimating row 320 out of 322 for hessian
Estimating row 321 out of 322 for hessian
Estimating row 322 out of 322 for hessian
size of file gradfil1.tmp = 0
size of file gradfil2.tmp = 0
size of file varssave.tmp = 0
size of file cmpdiff.tmp = 0
