
Initial statistics: 25 variables; iteration 0; function evaluation 0; phase 1
Function value 2.1638178e+05; maximum gradient component mag 6.0248e+06
Var    Value     Gradient |Var    Value     Gradient |Var    Value     Gradient
  1  0.15626  6.02479e+06 |  2 -0.41094  7.37411e+02 |  3 -0.81158 -2.85231e+03
  4 -0.81158  3.04078e+05 |  5 -0.81158  2.96448e+04 |  6 -0.81158  1.57870e+05
  7 -0.81158  7.26995e+04 |  8 -0.81158  1.34827e+05 |  9 -0.81158  4.98117e+05
 10 -0.81158  2.67408e+05 | 11 -0.81158  2.46653e+04 | 12 -0.81158  1.22521e+05
 13 -0.81158  1.08313e+04 | 14 -0.81158  2.82960e+04 | 15 -0.81158  4.50688e+04
 16 -0.81158  1.00523e+05 | 17 -0.81158  2.34863e+05 | 18 -0.81158  1.49192e+05
 19 -0.81158  1.55548e+05 | 20 -0.81158  1.78319e+05 | 21 -0.81158  4.29038e+05
 22 -0.81158  3.94360e+05 | 23 -0.81158 -4.47959e-06 | 24 -0.81158 -4.47959e-06
 25 -0.81158 -4.47959e-06 |

Intermediate statistics: 25 variables; iteration 20; function evaluation 55; phase 1
Function value 2.3104169e+04; maximum gradient component mag -7.8454e+05
Var    Value     Gradient |Var    Value     Gradient |Var    Value     Gradient
  1 -0.00867 -7.84540e+05 |  2 -15.80855  1.04425e+03 |  3 -0.12959  8.02791e+03
  4  3.59760  7.95318e+03 |  5 -0.28096  8.27724e+03 |  6 -0.38068  7.70798e+03
  7 -0.22474  8.72691e+03 |  8 -1.21174 -2.68416e+03 |  9  3.85644  1.14098e+04
 10 -4.76377  3.01737e+03 | 11 -0.88763  1.29448e+03 | 12 -0.77788  2.46685e+03
 13 -0.69517  2.97415e+03 | 14 -0.48209  3.88889e+03 | 15 -0.65654  2.27376e+03
 16 -1.30361 -1.63865e+03 | 17 -1.02913 -1.31378e+02 | 18 -1.76519 -2.38039e+03
 19 -5.41852 -6.06544e+02 | 20 -4.77110  2.93299e+02 | 21 -0.78829  1.70032e+02
 22 -1.23315 -2.32513e+01 | 23 -0.77078 -3.62816e-06 | 24 -0.77984 -3.79090e-06
 25 -0.79331 -4.05828e-06 |
25 variables; iteration 40; function evaluation 81; phase 1
Function value 1.8540618e+04; maximum gradient component mag -3.8919e+05
Var    Value     Gradient |Var    Value     Gradient |Var    Value     Gradient
  1 -0.01914 -3.89193e+05 |  2 -16.68353  7.32620e+02 |  3 -0.36816  1.22167e+03
  4  3.27809  6.32111e+02 |  5 -0.79040  5.25499e+02 |  6 -0.54416  7.77338e+02
  7 -0.66102  5.79585e+02 |  8 -1.16620 -2.53791e+02 |  9  3.07783  1.15859e+02
 10 -4.91819  9.94640e+01 | 11 -0.83761  1.17548e+02 | 12 -0.82033  1.87613e+02
 13 -0.91974  1.02730e+02 | 14 -0.87600  1.18024e+02 | 15 -0.75560  1.51494e+02
 16 -1.13564 -7.72750e+01 | 17 -0.95706  2.88729e+01 | 18 -0.90114  6.66578e+01
 19 -4.75609 -1.04472e+02 | 20 -4.48157  1.22964e+02 | 21 -0.56190  1.25155e+02
 22 -0.56450  6.28662e+01 | 23 -20.69777 -2.65869e-06 | 24 -9.46736  1.51619e-06
 25 -1.67815  7.33452e-07 |
Maximum number of function evaluations exceeded

 - final statistics:
25 variables; iteration 60; function evaluation 100
Function value 1.8429e+04; maximum gradient component mag -2.3975e+03
Exit code = 3;  converg criter 1.0000e+01
Var    Value     Gradient |Var    Value     Gradient |Var    Value     Gradient
  1 -0.01955 -2.39753e+03 |  2 -16.69234  7.58140e+00 |  3 -0.42609  9.14172e+01
  4  3.20786  5.85035e+01 |  5 -0.96442  2.61995e+01 |  6 -0.58427  8.62946e+01
  7 -0.85129  3.06543e+01 |  8 -1.00045 -9.36284e-02 |  9  3.14551  7.90772e+01
 10 -4.90507  3.15041e+01 | 11 -0.57792  5.00891e+01 | 12 -1.03334 -1.07182e+01
 13 -0.94665  3.47324e+01 | 14 -0.92664  3.00048e+01 | 15 -0.95271  5.03477e+00
 16 -0.99625  6.63776e-01 | 17 -0.94333  2.22877e+01 | 18 -0.94778  2.58042e+01
 19 -4.44146  3.25525e+01 | 20 -4.60034  3.08800e+01 | 21 -0.60230  6.91418e+01
 22 -0.57138  5.84392e+01 | 23 -16.95335 -4.06772e-05 | 24 -7.53820  4.33699e-04
 25 -1.20001  4.20360e-06 |

Initial statistics: 33 variables; iteration 0; function evaluation 0; phase 2
Function value 1.8429499e+04; maximum gradient component mag -2.3975e+03
Var    Value     Gradient |Var    Value     Gradient |Var    Value     Gradient
  1 -0.01955 -2.39753e+03 |  2  0.00000 -5.88016e+01 |  3  0.00000 -1.18245e+02
  4  0.00000 -6.52191e+01 |  5  0.00000 -5.21115e+01 |  6  0.00000 -2.67468e+02
  7  0.00000 -2.82672e+02 |  8  0.00000 -7.08382e+00 |  9  0.00000  1.27461e+01
 10 -0.69234  7.58140e+00 | 11 -0.42609  9.14172e+01 | 12 -0.79214  5.85035e+01
 13 -0.96442  2.61995e+01 | 14 -0.58427  8.62946e+01 | 15 -0.85129  3.06543e+01
 16 -0.99955  9.36284e-02 | 17 -0.85449  7.90772e+01 | 18 -0.90507  3.15041e+01
 19 -0.57792  5.00891e+01 | 20 -0.96666  1.07182e+01 | 21 -0.94665  3.47324e+01
 22 -0.92664  3.00048e+01 | 23 -0.95271  5.03477e+00 | 24 -0.99625  6.63776e-01
 25 -0.94333  2.22877e+01 | 26 -0.94778  2.58042e+01 | 27 -0.44146  3.25525e+01
 28 -0.60034  3.08800e+01 | 29 -0.60230  6.91418e+01 | 30 -0.57138  5.84392e+01
 31 -0.95335 -4.06772e-05 | 32  0.46180  4.33699e-04 | 33 -0.79999 -4.20360e-06

Intermediate statistics: 33 variables; iteration 20; function evaluation 30; phase 2
Function value 1.8362399e+04; maximum gradient component mag -9.8132e+04
Var    Value     Gradient |Var    Value     Gradient |Var    Value     Gradient
  1 -0.02049 -9.81321e+04 |  2  0.01500 -4.10067e+01 |  3  0.17958 -1.59258e+02
  4 -0.05912 -5.02506e+01 |  5 -0.01651 -5.02552e+01 |  6  0.11564 -2.19535e+02
  7  0.07906 -2.07158e+02 |  8  0.01346 -9.59474e+01 |  9  0.00575 -1.77588e+02
 10 -0.67856  5.33615e+01 | 11 -0.51022  2.03045e+02 | 12 -0.95113  2.42236e+01
 13 -1.01102 -1.13646e+01 | 14 -0.59539  1.63464e+02 | 15 -0.96876  1.18442e+01
 16 -0.99945  2.23482e-01 | 17 -0.95547  2.39170e+01 | 18 -0.90860  4.35683e+01
 19 -0.60536  8.98378e+01 | 20 -0.96657  1.51376e+01 | 21 -0.97881  1.63782e+01
 22 -1.04320 -2.24718e+01 | 23 -0.88529  2.58328e+01 | 24 -0.99962  9.89913e-02
 25 -1.01651 -7.56069e+00 | 26 -0.97837  1.18304e+01 | 27 -0.43910  2.92266e+01
 28 -0.64525  1.27363e+01 | 29 -0.71559 -5.81656e+00 | 30 -0.64275 -5.78564e+00
 31 -0.95332 -4.21203e-05 | 32  0.46152  4.52987e-04 | 33 -0.79999 -4.20354e-06
33 variables; iteration 40; function evaluation 61; phase 2
Function value 1.8353875e+04; maximum gradient component mag 7.1661e+03
Var    Value     Gradient |Var    Value     Gradient |Var    Value     Gradient
  1 -0.02061  7.16607e+03 |  2  0.04973  5.36250e-01 |  3  0.19570  1.68338e+01
  4 -0.01574 -2.88049e+00 |  5 -0.04184  4.66980e-01 |  6  0.12726  1.51726e+01
  7  0.08714  1.56773e+01 |  8 -0.01144  4.30685e+00 |  9  0.01005  4.07650e+00
 10 -0.63949 -7.25998e+00 | 11 -0.52301 -1.24489e+01 | 12 -0.94139  3.79453e+00
 13 -0.99900  6.34951e-01 | 14 -0.65838 -6.74403e+00 | 15 -0.96416  1.63408e+00
 16 -1.00178 -1.95407e-01 | 17 -0.99815  4.82173e-01 | 18 -0.99885  2.22685e-01
 19 -0.64871 -3.21618e+00 | 20 -0.99938  1.49029e-01 | 21 -0.99922  4.60816e-01
 22 -0.99777  7.96581e-01 | 23 -0.99657  2.41587e-01 | 24 -1.00055 -8.18298e-02
 25 -0.99930  2.59061e-01 | 26 -0.99954  2.20118e-01 | 27 -0.45170 -5.08721e-01
 28 -0.65204 -6.05144e-01 | 29 -0.69002  6.89078e-02 | 30 -0.63539 -2.61010e-01
 31 -0.95268 -4.23866e-05 | 32  0.45442  4.65777e-04 | 33 -0.79992 -4.20213e-06
33 variables; iteration 60; function evaluation 81; phase 2
Function value 1.8353572e+04; maximum gradient component mag -1.2715e+03
Var    Value     Gradient |Var    Value     Gradient |Var    Value     Gradient
  1 -0.02063 -1.27146e+03 |  2  0.06867 -6.05351e-01 |  3  0.18349 -2.06865e+00
  4  0.00608  1.08594e-01 |  5 -0.03840 -1.92317e-01 |  6  0.12720 -3.16076e+00
  7  0.08578 -5.66809e+00 |  8 -0.00748  1.73243e+00 |  9  0.01266 -1.73785e+00
 10 -0.64104  1.62337e+00 | 11 -0.52180  2.62877e+00 | 12 -0.97732  2.01718e+00
 13 -0.99975  1.62809e-01 | 14 -0.65792  1.04528e+00 | 15 -0.99675  2.08868e-01
 16 -1.00140 -1.79148e-01 | 17 -0.99829  4.75624e-01 | 18 -1.00176 -3.66723e-01
 19 -0.65024  4.23945e-01 | 20 -1.00105 -2.66880e-01 | 21 -0.99986  7.50816e-02
 22 -0.99887  4.11554e-01 | 23 -1.00149 -1.15621e-01 | 24 -1.00048 -7.50073e-02
 25 -0.99949  1.91632e-01 | 26 -1.00030 -1.42193e-01 | 27 -0.45183 -7.89896e-02
 28 -0.65220 -1.00911e-01 | 29 -0.69119 -1.92478e-01 | 30 -0.63498 -6.51775e-02
 31 -0.93959 -2.60222e-05 | 32  0.31367  2.35805e-04 | 33 -0.79851 -4.17063e-06
Maximum number of function evaluations exceeded

 - final statistics:
33 variables; iteration 77; function evaluation 100
Function value 1.8354e+04; maximum gradient component mag -1.8032e+01
Exit code = 3;  converg criter 1.0000e+01
Var    Value     Gradient |Var    Value     Gradient |Var    Value     Gradient
  1 -0.02063 -1.80322e+01 |  2  0.06820 -9.68714e-03 |  3  0.18423 -2.85701e-02
  4  0.00417 -9.37533e-03 |  5 -0.03878 -6.55715e-03 |  6  0.12703 -4.03267e-02
  7  0.08703 -3.86497e-02 |  8 -0.00938 -2.89231e-02 |  9  0.01272 -3.62867e-02
 10 -0.64089  2.24793e-02 | 11 -0.52224  2.83248e-02 | 12 -0.99990 -2.90212e-04
 13 -0.99996  6.09386e-04 | 14 -0.65758  1.44186e-02 | 15 -0.99988 -4.41602e-04
 16 -0.99992 -5.91405e-04 | 17 -0.99995 -1.20162e-03 | 18 -0.99993  3.50517e-03
 19 -0.64982  8.07533e-03 | 20 -0.99993  4.13251e-03 | 21 -0.99997 -1.13570e-02
 22 -1.00005 -3.57114e-03 | 23 -1.00011 -3.12924e-04 | 24 -0.99992  5.97829e-04
 25 -1.00005 -8.81317e-04 | 26 -0.99996 -3.47479e-03 | 27 -0.45178  4.64182e-04
 28 -0.65189  1.23118e-03 | 29 -0.69082  1.69173e-03 | 30 -0.63490  2.38839e-04
 31 -0.93526 -2.20444e-05 | 32  0.26951  1.77485e-04 | 33 -0.79797 -4.15870e-06

Initial statistics: 98 variables; iteration 0; function evaluation 0; phase 3
Function value 1.8353543e+04; maximum gradient component mag -8.5690e+03
Var    Value     Gradient |Var    Value     Gradient |Var    Value     Gradient
  1 -0.02063 -1.80322e+01 |  2  0.06820 -9.68714e-03 |  3  0.18423 -2.85701e-02
  4  0.00417 -9.37533e-03 |  5 -0.03878 -6.55715e-03 |  6  0.12703 -4.03267e-02
  7  0.08703 -3.86497e-02 |  8 -0.00938 -2.89231e-02 |  9  0.01272 -3.62867e-02
 10  0.00000  3.11037e+02 | 11  0.00000 -4.54854e+02 | 12  0.00000  6.28710e+02
 13  0.00000  8.16435e+02 | 14  0.00000  1.12443e+03 | 15  0.00000  1.01694e+03
 16  0.00000 -8.22212e+02 | 17  0.00000  5.68255e+02 | 18  0.00000  1.11709e+03
 19  0.00000  1.03314e+03 | 20  0.00000  9.48290e+02 | 21  0.00000  1.29081e+03
 22  0.00000  6.86039e+02 | 23  0.00000  1.36545e+03 | 24  0.00000  1.20921e+03
 25  0.00000  1.05807e+03 | 26  0.00000  1.06842e+03 | 27  0.00000  1.68816e+03
 28  0.00000  1.19801e+03 | 29  0.00000  1.07990e+03 | 30  0.00000  1.87760e+03
 31  0.00000  2.21496e+03 | 32  0.00000  1.43032e+03 | 33  0.00000  1.69266e+03
 34  0.00000  1.77076e+03 | 35  0.00000  1.96267e+03 | 36  0.00000  2.46054e+03
 37  0.00000  2.59080e+03 | 38  0.00000  2.50564e+03 | 39  0.00000  3.14144e+03
 40  0.00000  1.56481e+03 | 41  0.00000  2.51324e+03 | 42  0.00000  2.19723e+03
 43  0.00000  3.24981e+03 | 44  0.00000 -4.51050e+03 | 45  0.00000  1.40594e+03
 46  0.00000  9.71538e+02 | 47  0.00000  9.26850e+02 | 48  0.00000  2.29241e+03
 49  0.00000 -5.02984e+03 | 50  0.00000 -6.86502e+02 | 51  0.00000 -8.34833e+02
 52  0.00000 -1.15912e+03 | 53  0.00000  1.44531e+03 | 54  0.00000 -4.61492e+03
 55  0.00000 -2.94545e+03 | 56  0.00000  1.77932e+03 | 57  0.00000  1.40945e+03
 58  0.00000 -7.57778e+03 | 59  0.00000 -8.86457e+02 | 60  0.00000 -2.25618e+03
 61  0.00000 -1.14979e+02 | 62  0.00000 -3.83856e+03 | 63  0.00000 -6.23666e+03
 64  0.00000  1.15627e+03 | 65  0.00000 -9.39888e+02 | 66  0.00000 -3.96020e+03
 67  0.00000 -3.90731e+03 | 68  0.00000 -1.87967e+03 | 69  0.00000 -8.28716e+01
 70  0.00000 -5.52926e+02 | 71  0.00000 -8.56897e+03 | 72  0.00000  1.04623e+03
 73  0.00000  4.75514e+02 | 74  0.00000 -4.29039e+02 | 75 -0.64089  2.24793e-02
 76 -0.52224  2.83248e-02 | 77 -0.99990 -2.90212e-04 | 78 -0.99996  6.09389e-04
 79 -0.65758  1.44186e-02 | 80 -0.99988 -4.41602e-04 | 81 -0.99992 -5.91405e-04
 82 -0.99995 -1.20162e-03 | 83 -0.99993  3.50517e-03 | 84 -0.64982  8.07533e-03
 85 -0.99993  4.13251e-03 | 86 -0.99997 -1.13570e-02 | 87 -0.99995  3.57114e-03
 88 -0.99989  3.12924e-04 | 89 -0.99992  5.97830e-04 | 90 -0.99995  8.81318e-04
 91 -0.99996 -3.47479e-03 | 92 -0.45178  4.64182e-04 | 93 -0.65189  1.23118e-03
 94 -0.69082  1.69173e-03 | 95 -0.63490  2.38839e-04 | 96 -0.93526 -2.20444e-05
 97  0.26951  1.77485e-04 | 98 -0.79797 -4.15870e-06 |

Intermediate statistics: 98 variables; iteration 20; function evaluation 33; phase 3
Function value 1.6165281e+04; maximum gradient component mag 3.3526e+04
Var    Value     Gradient |Var    Value     Gradient |Var    Value     Gradient
  1 -0.02068  3.35257e+04 |  2  0.11266  6.71016e+01 |  3  0.25383  2.45010e+02
  4  0.05008  7.97921e+01 |  5  0.00399  6.75242e+01 |  6  0.18102  3.04508e+02
  7  0.13984  2.91275e+02 |  8  0.05019  2.00999e+02 |  9  0.06830  2.31538e+02
 10  0.02171  1.71321e+02 | 11  0.13900  5.07482e+01 | 12 -0.02594  3.49636e+02
 13 -0.01295  4.59316e+02 | 14 -0.02958  6.29582e+02 | 15 -0.03638  6.18417e+02
 16  0.12661  2.01004e+02 | 17  0.01156  6.25415e+02 | 18 -0.01492  8.43009e+02
 19 -0.00414  8.77961e+02 | 20  0.00891  9.59526e+02 | 21 -0.02144  1.04366e+03
 22  0.01380  9.38328e+02 | 23 -0.03408  1.09745e+03 | 24 -0.01843  1.15937e+03
 25 -0.01661  1.16319e+03 | 26 -0.01688  1.24209e+03 | 27 -0.04502  1.50383e+03
 28 -0.02444  1.41425e+03 | 29 -0.02491  1.43798e+03 | 30 -0.04785  1.88367e+03
 31 -0.05981  2.01743e+03 | 32 -0.03912  1.63392e+03 | 33 -0.03857  1.88413e+03
 34 -0.03503  2.01471e+03 | 35 -0.03809  2.08562e+03 | 36 -0.04331  2.35798e+03
 37 -0.03142  2.44473e+03 | 38 -0.00627  2.65148e+03 | 39  0.00259  3.13201e+03
 40  0.02156  1.62724e+03 | 41  0.04152  2.77148e+03 | 42  0.03275  3.09696e+03
 43  0.04520  4.89233e+03 | 44  0.00766 -4.47137e+03 | 45  0.04053  2.75326e+03
 46  0.01916  1.92125e+03 | 47  0.00233  7.37826e+02 | 48 -0.00073  2.11826e+03
 49  0.04373 -3.82397e+03 | 50  0.02022 -4.35262e+02 | 51 -0.00475 -9.56779e+02
 52 -0.01402 -2.23475e+03 | 53 -0.02095 -2.78492e+02 | 54  0.03419 -4.49173e+03
 55 -0.04427 -3.96498e+03 | 56 -0.00681 -2.90522e+02 | 57 -0.06512 -1.25613e+03
 58  0.06367 -5.81937e+03 | 59 -0.02879 -1.89530e+03 | 60  0.03794 -2.06906e+03
 61 -0.05403 -3.02017e+03 | 62  0.01078 -3.93783e+03 | 63  0.05792 -3.35735e+03
 64 -0.05057 -1.14334e+03 | 65 -0.01303 -2.36593e+03 | 66  0.01176 -3.19718e+03
 67  0.02323 -2.65553e+03 | 68 -0.00649 -1.19007e+03 | 69  0.00404 -1.54350e+03
 70 -0.00594 -1.56926e+03 | 71  0.13043 -1.85986e+03 | 72 -0.02037 -2.61865e+02
 73  0.01321 -3.91845e+02 | 74  0.01153 -3.87471e+02 | 75 -0.68460 -2.57491e+02
 76 -0.27744  3.05519e+02 | 77 -0.99979  5.73361e-02 | 78 -0.99992  4.56504e-02
 79 -0.51456  2.58514e+02 | 80 -0.99980  5.59714e-02 | 81 -0.99985  3.99985e-02
 82 -0.99987  1.20768e-02 | 83 -0.99984  2.74277e-02 | 84 -0.43264  2.51035e+02
 85 -0.99985  3.50124e-02 | 86 -0.99992  1.56188e-02 | 87 -0.99989  2.33205e-02
 88 -0.99979  2.62446e-02 | 89 -0.99984  2.21316e-02 | 90 -0.99988 -1.62310e-03
 91 -0.99990 -1.10439e-02 | 92 -0.47588  1.07186e+02 | 93 -0.46997  5.84832e+01
 94 -0.55439  3.81724e+01 | 95 -0.73768 -7.60450e+01 | 96 -0.93526 -2.94656e-05
 97  0.26951  3.00059e-04 | 98 -0.79797 -4.15870e-06 |
98 variables; iteration 40; function evaluation 56; phase 3
Function value 1.6097111e+04; maximum gradient component mag 4.5299e+05
Var    Value     Gradient |Var    Value     Gradient |Var    Value     Gradient
  1 -0.02052  4.52994e+05 |  2  0.17351  3.91407e+02 |  3  0.25544  8.91243e+02
  4  0.04084  2.50200e+02 |  5 -0.01109  2.10708e+02 |  6  0.18599  1.22701e+03
  7  0.13666  1.10213e+03 |  8  0.04612  7.24767e+02 |  9  0.06375  9.43737e+02
 10  0.00395 -3.81371e+03 | 11  0.13566 -2.50265e+03 | 12 -0.04161 -3.62347e+03
 13 -0.00746 -3.09646e+03 | 14 -0.03823 -3.05962e+03 | 15 -0.02337 -2.73019e+03
 16  0.13735  3.20742e+02 | 17  0.00121 -2.17678e+03 | 18 -0.00917 -1.65496e+03
 19  0.00338 -9.56747e+02 | 20  0.01110 -2.43541e+02 | 21 -0.01940 -5.30675e+02
 22  0.01726  8.64435e+02 | 23 -0.03525 -2.44133e+02 | 24 -0.01365  1.01278e+03
 25 -0.01176  1.70914e+03 | 26 -0.01465  2.21009e+03 | 27 -0.04160  1.94033e+03
 28 -0.02391  3.27680e+03 | 29 -0.02780  4.05403e+03 | 30 -0.05240  3.86750e+03
 31 -0.06506  3.56873e+03 | 32 -0.04304  5.03431e+03 | 33 -0.04319  5.46071e+03
 34 -0.03834  6.45898e+03 | 35 -0.03774  7.04215e+03 | 36 -0.04478  6.73209e+03
 37 -0.03442  6.89045e+03 | 38 -0.00784  8.41241e+03 | 39  0.00321  8.43310e+03
 40  0.02006  6.94203e+03 | 41  0.04166  9.53122e+03 | 42  0.03511  9.66184e+03
 43  0.04648  1.22225e+04 | 44  0.01281  1.06436e+02 | 45  0.03787  8.23105e+03
 46  0.01798  6.74385e+03 | 47  0.00250  3.29676e+03 | 48 -0.00498  3.16362e+03
 49  0.04049 -1.40439e+03 | 50  0.01609  6.27920e+02 | 51 -0.00198 -4.11096e+02
 52 -0.01175 -2.48373e+03 | 53 -0.01633 -2.72668e+02 | 54  0.04169 -2.58632e+03
 55 -0.04217 -5.02342e+03 | 56 -0.00179 -1.30905e+03 | 57 -0.06458 -3.54539e+03
 58  0.06117 -6.58120e+03 | 59 -0.02692 -4.79279e+03 | 60  0.04011 -4.44833e+03
 61 -0.04782 -6.26280e+03 | 62  0.00986 -6.88972e+03 | 63  0.05624 -5.79759e+03
 64 -0.05982 -5.22479e+03 | 65 -0.01134 -6.14159e+03 | 66  0.01433 -6.62678e+03
 67  0.03134 -6.07399e+03 | 68 -0.01304 -5.52716e+03 | 69  0.00666 -5.68766e+03
 70 -0.00138 -5.70271e+03 | 71  0.13429 -5.83230e+03 | 72 -0.02631 -4.74013e+03
 73  0.01027 -4.90955e+03 | 74  0.01181 -4.86139e+03 | 75 -0.67349 -7.79803e+02
 76 -0.25449 -5.68359e+02 | 77 -0.99852 -1.75445e+00 | 78 -0.99994 -6.55153e-02
 79 -0.48366 -1.86653e+02 | 80 -0.99893 -6.83527e-01 | 81 -0.99909 -3.95262e-01
 82 -0.99854 -9.96691e-01 | 83 -0.99881 -5.41071e-01 | 84 -0.35276  7.87216e+01
 85 -0.99913 -1.61856e-01 | 86 -0.99977 -3.39365e-02 | 87 -0.99952 -6.33993e-02
 88 -0.99827 -1.70368e-01 | 89 -0.99848 -1.38265e-01 | 90 -0.99813 -3.68565e-01
 91 -0.99836 -3.45251e-01 | 92 -0.53658  3.01686e+01 | 93 -0.36472  1.29062e+02
 94 -0.57938  5.95516e+00 | 95 -0.63100  6.20193e+01 | 96 -0.93526 -2.87038e-05
 97  0.26949  2.87887e-04 | 98 -0.79797 -4.15869e-06 |
98 variables; iteration 60; function evaluation 81; phase 3
Function value 1.5618598e+04; maximum gradient component mag 5.1098e+05
Var    Value     Gradient |Var    Value     Gradient |Var    Value     Gradient
  1 -0.01712  5.10984e+05 |  2  0.21457  5.12782e+02 |  3  0.23472  7.36474e+02
  4 -0.01877  1.32610e+02 |  5 -0.05255  1.38031e+02 |  6  0.20089  1.42673e+03
  7  0.13768  1.12953e+03 |  8  0.00014  4.40048e+02 |  9  0.05085  8.39865e+02
 10  0.06175 -3.88417e+03 | 11  0.14162 -2.88409e+03 | 12  0.00610 -3.85429e+03
 13 -0.02809 -3.97799e+03 | 14 -0.05826 -3.94871e+03 | 15 -0.02933 -3.45763e+03
 16  0.18256  2.52798e+03 | 17  0.03414 -1.94147e+03 | 18 -0.00508 -2.11193e+03
 19 -0.00132 -1.52893e+03 | 20  0.01426 -3.48705e+02 | 21 -0.02713 -9.97054e+02
 22  0.00567  4.66735e+02 | 23 -0.04673 -6.26996e+02 | 24 -0.02689  7.44424e+02
 25 -0.02970  1.33682e+03 | 26 -0.02229  2.60351e+03 | 27 -0.05710  1.81299e+03
 28 -0.03317  3.81837e+03 | 29 -0.03693  4.81133e+03 | 30 -0.05952  4.67135e+03
 31 -0.07204  4.29229e+03 | 32 -0.04911  6.33884e+03 | 33 -0.05075  6.71220e+03
 34 -0.04993  7.54017e+03 | 35 -0.05020  8.17554e+03 | 36 -0.05858  7.61409e+03
 37 -0.04816  7.79298e+03 | 38 -0.01461  1.00210e+04 | 39 -0.00751  8.91721e+03
 40  0.02261  8.68506e+03 | 41  0.04413  1.18186e+04 | 42  0.02722  9.77339e+03
 43  0.02909  1.10647e+04 | 44  0.03286  3.40560e+03 | 45  0.02898  8.25729e+03
 46 -0.00031  5.58625e+03 | 47 -0.01364  2.51021e+03 | 48 -0.01846  2.37793e+03
 49  0.05435 -6.61670e+02 | 50  0.01354 -5.82165e+02 | 51  0.00100 -9.12367e+02
 52 -0.00124 -2.31600e+03 | 53 -0.03316 -2.21716e+03 | 54  0.05236 -2.95693e+03
 55 -0.05549 -6.31920e+03 | 56 -0.01533 -2.73563e+03 | 57 -0.09198 -4.88616e+03
 58  0.06635 -6.37779e+03 | 59 -0.04161 -6.11480e+03 | 60  0.07590 -4.60804e+03
 61 -0.03465 -6.66190e+03 | 62  0.03855 -6.34430e+03 | 63  0.04594 -6.47889e+03
 64 -0.05307 -6.02426e+03 | 65 -0.01547 -6.76816e+03 | 66  0.02258 -6.16025e+03
 67  0.03777 -6.09057e+03 | 68 -0.01625 -6.08084e+03 | 69  0.01859 -5.64351e+03
 70  0.01231 -5.70514e+03 | 71  0.16348 -5.18513e+03 | 72 -0.03410 -5.57665e+03
 73  0.03536 -5.11927e+03 | 74  0.02770 -5.32109e+03 | 75 -0.65194 -7.40243e+02
 76 -0.56127 -5.09543e+02 | 77 -0.75085 -2.51122e+02 | 78 -1.00210  1.73416e+00
 79 -0.32003  1.83211e+01 | 80 -0.93110 -3.41797e+01 | 81 -0.96235 -1.01687e+01
 82 -0.90181 -4.90150e+01 | 83 -0.95049 -1.51976e+01 | 84 -0.02067  2.85074e+02
 85 -0.97684 -2.67179e+00 | 86 -0.99531 -7.57590e-01 | 87 -0.98931 -8.26528e-01
 88 -0.96510 -2.27410e+00 | 89 -0.96959 -4.97208e+00 | 90 -0.95572 -1.26228e+01
 91 -0.96141 -1.22813e+01 | 92 -0.74915 -6.18215e+01 | 93 -0.32637  1.26287e+02
 94 -0.64020 -5.37937e+01 | 95 -0.98125 -1.92391e+01 | 96 -0.93524 -4.04262e-05
 97  0.26919  5.27635e-04 | 98 -0.79797 -4.15864e-06 |
Maximum number of function evaluations exceeded

 - final statistics:
98 variables; iteration 76; function evaluation 100
Function value 1.5566e+04; maximum gradient component mag -6.5296e+04
Exit code = 3;  converg criter 1.0000e+00
Var    Value     Gradient |Var    Value     Gradient |Var    Value     Gradient
  1 -0.01681 -6.52963e+04 |  2  0.20878  5.46712e+01 |  3  0.20392  1.16242e+01
  4 -0.01715 -2.12704e+01 |  5 -0.29470 -5.43299e+01 |  6  0.22320  1.94192e+02
  7  0.13735  5.58022e+01 |  8 -0.00541 -6.49236e+01 |  9  0.05246 -3.97985e+01
 10  0.06879  1.07717e+03 | 11  0.13762  5.31841e+02 | 12  0.02598  1.25683e+03
 13 -0.05323  1.09256e+03 | 14 -0.06611  1.22625e+03 | 15 -0.01511  1.37984e+03
 16  0.18343  4.99812e+02 | 17  0.04160  1.18341e+03 | 18 -0.01336  1.27237e+03
 19  0.00411  1.15881e+03 | 20  0.01743  1.01333e+03 | 21 -0.03256  1.14018e+03
 22  0.01503  6.64397e+02 | 23 -0.05761  1.07081e+03 | 24 -0.03246  8.82628e+02
 25 -0.02147  7.35121e+02 | 26 -0.03034  6.43207e+02 | 27 -0.06280  1.06802e+03
 28 -0.03324  5.58868e+02 | 29 -0.03548  3.17729e+02 | 30 -0.05650  9.27229e+02
 31 -0.06660  1.18691e+03 | 32 -0.04827  2.82652e+02 | 33 -0.05102  4.59829e+02
 34 -0.05100  3.63937e+02 | 35 -0.05204  3.82285e+02 | 36 -0.06096  7.57051e+02
 37 -0.05124  7.60328e+02 | 38 -0.01650  6.44300e+02 | 39 -0.00889  1.30099e+03
 40  0.01649 -2.62456e+02 | 41  0.03916  5.07181e+02 | 42  0.02211  8.46851e+02
 43  0.02796  2.33320e+03 | 44  0.03779 -5.29071e+03 | 45  0.03114  8.80445e+02
 46 -0.00016  8.15450e+01 | 47 -0.01441 -1.49728e+02 | 48 -0.02114  1.58959e+03
 49  0.05197 -3.89015e+03 | 50  0.01861 -4.72197e+02 | 51 -0.00449 -6.52395e+02
 52  0.00190 -1.31437e+03 | 53 -0.03827  5.33812e+01 | 54  0.05651 -3.15733e+03
 55 -0.05093 -3.12026e+03 | 56 -0.00906  3.60338e+02 | 57 -0.09195 -8.45569e+02
 58  0.06744 -4.70949e+03 | 59 -0.04828 -1.30722e+03 | 60  0.07364 -6.53624e+02
 61 -0.04012 -1.97075e+03 | 62  0.03836 -2.05515e+03 | 63  0.04375 -2.54490e+03
 64 -0.06034 -6.13217e+02 | 65 -0.01234 -1.35755e+03 | 66  0.02388 -9.31602e+02
 67  0.04356 -6.24906e+02 | 68 -0.01660 -4.25936e+02 | 69  0.02147  4.38469e+02
 70  0.01378  4.38563e+02 | 71  0.16239  2.41857e+02 | 72 -0.04383  4.57729e+02
 73  0.02939  8.56508e+02 | 74  0.03883  1.06032e+03 | 75 -0.70143 -1.52577e+02
 76 -0.49438  1.83277e+02 | 77 -0.62671  2.55920e+02 | 78 -1.00349 -2.78825e+00
 79 -0.40489  4.46902e+02 | 80 -0.78396  9.72179e+01 | 81 -0.90245  4.07147e+01
 82 -0.82752  8.15397e+01 | 83 -0.84631  6.04242e+01 | 84 -0.06305  5.29664e+02
 85 -0.93795  2.00972e+01 | 86 -0.98649  4.33645e+00 | 87 -0.97491  9.03266e+00
 88 -0.91233  2.03268e+01 | 89 -0.86518  1.18253e+01 | 90 -0.71531  3.03074e+01
 91 -0.69626  1.28771e+01 | 92 -0.76382 -4.22023e+01 | 93 -0.24269  2.19747e+02
 94 -0.68870 -7.60866e+01 | 95 -1.10434  8.38550e+01 | 96 -0.93523 -2.95510e-05
 97  0.26914  3.21455e-04 | 98 -0.79797 -4.15864e-06 |

Initial statistics: 116 variables; iteration 0; function evaluation 0; phase 4
Function value 1.5566418e+04; maximum gradient component mag 1.9277e+05
Var    Value     Gradient |Var    Value     Gradient |Var    Value     Gradient
  1 -0.01681 -6.52963e+04 |  2  0.20878  5.46712e+01 |  3  0.20392  1.16242e+01
  4 -0.01715 -2.12704e+01 |  5 -0.29470 -5.43299e+01 |  6  0.22320  1.94192e+02
  7  0.13735  5.58022e+01 |  8 -0.00541 -6.49236e+01 |  9  0.05246 -3.97985e+01
 10  0.06909  1.08266e+03 | 11  0.13792  5.37235e+02 | 12  0.02627  1.26239e+03
 13 -0.05293  1.09816e+03 | 14 -0.06581  1.23186e+03 | 15 -0.01481  1.38544e+03
 16  0.18374  5.05089e+02 | 17  0.04190  1.18895e+03 | 18 -0.01306  1.27796e+03
 19  0.00441  1.16439e+03 | 20  0.01773  1.01889e+03 | 21 -0.03227  1.14578e+03
 22  0.01532  6.69968e+02 | 23 -0.05731  1.07642e+03 | 24 -0.03217  8.88221e+02
 25 -0.02118  7.40709e+02 | 26 -0.03004  6.48794e+02 | 27 -0.06250  1.07362e+03
 28 -0.03295  5.64454e+02 | 29 -0.03518  3.23309e+02 | 30 -0.05620  9.32825e+02
 31 -0.06631  1.19252e+03 | 32 -0.04797  2.88227e+02 | 33 -0.05073  4.65408e+02
 34 -0.05070  3.69513e+02 | 35 -0.05175  3.87861e+02 | 36 -0.06067  7.62639e+02
 37 -0.05094  7.65918e+02 | 38 -0.01621  6.49885e+02 | 39 -0.00859  1.30658e+03
 40  0.01678 -2.56875e+02 | 41  0.03946  5.12736e+02 | 42  0.02240  8.52413e+02
 43  0.02825  2.33872e+03 | 44  0.03809 -5.28500e+03 | 45  0.03144  8.85998e+02
 46  0.00013  8.71249e+01 | 47 -0.01412 -1.44151e+02 | 48 -0.02084  1.59519e+03
 49  0.05226 -3.88444e+03 | 50  0.01891 -4.66613e+02 | 51 -0.00420 -6.46818e+02
 52  0.00220 -1.30879e+03 | 53 -0.03798  5.89527e+01 | 54  0.05681 -3.15164e+03
 55 -0.05063 -3.11481e+03 | 56 -0.00877  3.65919e+02 | 57 -0.09166 -8.40104e+02
 58  0.06774 -4.70371e+03 | 59 -0.04798 -1.30170e+03 | 60  0.07393 -6.48047e+02
 61 -0.03983 -1.96524e+03 | 62  0.03865 -2.04952e+03 | 63  0.04405 -2.53925e+03
 64 -0.06004 -6.07688e+02 | 65 -0.01204 -1.35198e+03 | 66  0.02417 -9.26010e+02
 67  0.04386 -6.19319e+02 | 68 -0.01631 -4.20363e+02 | 69  0.02177  4.44038e+02
 70  0.01407  4.44138e+02 | 71  0.16270  2.47225e+02 | 72 -0.04353  4.63310e+02
 73  0.02969  8.62063e+02 | 74  0.03913  1.06586e+03 | 75 -0.70143 -1.52577e+02
 76 -0.49438  1.83277e+02 | 77 -0.62671  2.55920e+02 | 78 -0.99651  2.78825e+00
 79 -0.40489  4.46902e+02 | 80 -0.78396  9.72179e+01 | 81 -0.90245  4.07147e+01
 82 -0.82752  8.15397e+01 | 83 -0.84631  6.04242e+01 | 84 -0.06305  5.29664e+02
 85 -0.93795  2.00972e+01 | 86 -0.98649  4.33645e+00 | 87 -0.97491  9.03266e+00
 88 -0.91233  2.03268e+01 | 89 -0.86518  1.18253e+01 | 90 -0.71531  3.03074e+01
 91 -0.69626  1.28771e+01 | 92 -0.76382 -4.22023e+01 | 93 -0.24269  2.19747e+02
 94 -0.68870 -7.60866e+01 | 95 -0.89566 -8.38550e+01 | 96 -0.93523 -2.95510e-05
 97  0.26914  3.21455e-04 | 98 -0.79797 -4.15864e-06 | 99  0.24186 -1.41934e+04
100  0.18288 -3.13739e+04 |101  0.16086 -1.89212e+04 |102  0.02547 -8.45476e+04
103 -0.18256 -1.61215e+04 |104 -0.12819 -6.40516e+03 |105 -0.18256 -4.67762e+03
106  0.02547  1.92769e+05 |107  0.19397  8.87563e+04 |108  0.04247  1.03145e+05
109  0.17736  4.05905e+04 |110  0.16635  1.91647e+04 |111  0.02547 -2.15309e+04
112 -0.12819 -7.75652e+03 |113 -0.26198 -4.81765e+03 |114 -0.15617 -3.86597e+03
115 -0.17499 -4.77684e+03 |116 -0.18446 -5.79020e+03 |

Intermediate statistics: 116 variables; iteration 20; function evaluation 31; phase 4
Function value 9.8007683e+03; maximum gradient component mag 1.9367e+05
Var    Value     Gradient |Var    Value     Gradient |Var    Value     Gradient
  1 -0.02185  1.93670e+05 |  2  0.16179  1.52064e+02 |  3  0.16537  1.55921e+02
  4 -0.01881  2.98515e+01 |  5 -0.27430 -4.52179e+01 |  6  0.13873  3.16563e+02
  7  0.08398  1.79167e+02 |  8 -0.00193  9.32129e+01 |  9  0.04708  1.79009e+02
 10  0.06523 -1.49988e+03 | 11  0.19244 -1.05310e+03 | 12 -0.01136 -1.51761e+03
 13 -0.03811 -1.61887e+03 | 14 -0.08907 -1.58328e+03 | 15 -0.07133 -1.49674e+03
 16  0.21794 -1.16448e+02 | 17  0.02841 -1.23944e+03 | 18 -0.03732 -1.37378e+03
 19  0.00201 -1.19699e+03 | 20  0.03609 -9.25269e+02 | 21 -0.03040 -1.16105e+03
 22  0.07178 -4.67215e+02 | 23 -0.03876 -1.08822e+03 | 24  0.01532 -6.78639e+02
 25  0.03465 -3.15195e+02 | 26  0.03657 -1.37667e+02 | 27 -0.04006 -6.24473e+02
 28  0.03487  3.01009e+02 | 29  0.04292  8.20466e+02 | 30 -0.02672  1.76908e+02
 31 -0.06597 -1.18736e+02 | 32  0.02354  1.31632e+03 | 33  0.00473  1.23173e+03
 34  0.00623  1.60138e+03 | 35 -0.00464  1.84715e+03 | 36 -0.03405  1.47603e+03
 37 -0.03665  1.72810e+03 | 38  0.00528  3.34264e+03 | 39 -0.02878  2.58173e+03
 40  0.06009  5.58857e+03 | 41 -0.00309  3.91083e+03 | 42  0.01261  4.41463e+03
 43 -0.07973  1.36207e+03 | 44  0.09921  9.65122e+03 | 45 -0.07217  1.66278e+03
 46 -0.07646  1.65111e+03 | 47 -0.04161  2.13546e+03 | 48 -0.09763  3.73976e+02
 49  0.11373  5.57157e+03 | 50  0.01882  1.30914e+03 | 51 -0.00039  5.92734e+02
 52  0.00548  1.32184e+03 | 53 -0.05867 -9.88555e+02 | 54  0.07198  2.04160e+03
 55  0.00335  6.88742e+02 | 56 -0.07396 -1.76825e+03 | 57 -0.06935 -8.65970e+02
 58  0.05366 -1.28494e+03 | 59 -0.04262 -1.37161e+03 | 60  0.01933 -1.68328e+03
 61 -0.03429 -2.71820e+03 | 62  0.03888 -1.61414e+03 | 63  0.07224 -7.93288e+02
 64 -0.06020 -2.20911e+03 | 65 -0.02179 -2.76937e+03 | 66  0.02625 -1.35671e+03
 67  0.00236 -2.74711e+03 | 68 -0.05039 -2.71129e+03 | 69 -0.01385 -2.55820e+03
 70 -0.00712 -2.58297e+03 | 71  0.13411 -2.52172e+03 | 72 -0.06692 -2.14467e+03
 73 -0.04593 -2.65854e+03 | 74 -0.07431 -3.19141e+03 | 75 -0.61961 -1.88094e+02
 76 -0.52859 -2.34442e+02 | 77 -0.65764 -2.36566e+02 | 78 -0.99635 -2.83427e+00
 79 -0.43547 -1.38810e+02 | 80 -0.77690 -7.83544e+01 | 81 -0.90348 -4.35011e+01
 82 -0.80994 -8.64039e+01 | 83 -0.83604 -5.59399e+01 | 84 -0.10030  5.67031e+01
 85 -0.93534 -1.88970e+01 | 86 -0.98612 -4.18566e+00 | 87 -0.97183 -5.13718e+00
 88 -0.90641 -1.62576e+01 | 89 -0.85831 -3.59112e+01 | 90 -0.70951 -3.71521e+01
 91 -0.67628 -3.67341e+01 | 92 -0.74309 -4.89268e+01 | 93 -0.36337  9.37546e+01
 94 -0.69452 -5.96137e+01 | 95 -0.87517 -7.75498e+01 | 96 -0.93523 -1.34071e-05
 97  0.26914  2.20596e-06 | 98 -0.79797 -4.15864e-06 | 99  0.29775 -6.15653e+03
100  0.17615 -1.30390e+04 |101  0.20057  2.96298e+03 |102  0.04048 -4.75873e+04
103 -0.16222 -8.48768e+03 |104 -0.19159 -4.64662e+03 |105 -0.15235 -3.26651e+03
106  0.02718  1.81024e+05 |107  0.18238  6.82804e+04 |108  0.00962  6.58217e+04
109  0.18664  2.72174e+04 |110  0.14618  1.07168e+04 |111  0.05707 -4.44246e+03
112 -0.05781 -4.22942e+02 |113 -0.29854  2.89924e+03 |114 -0.22175  2.08166e+03
115 -0.24654  2.44204e+03 |116 -0.01093  2.64705e+03 |
116 variables; iteration 40; function evaluation 51; phase 4
Function value 9.5697219e+03; maximum gradient component mag 1.7561e+05
Var    Value     Gradient |Var    Value     Gradient |Var    Value     Gradient
  1 -0.01520 -6.66329e+04 |  2  0.21888  1.21737e+02 |  3  0.28713  2.32976e+02
  4  0.04254  4.54437e+01 |  5 -0.02144  1.89419e+01 |  6  0.18524  1.37879e+02
  7  0.15919  1.20977e+02 |  8  0.04844  3.75695e+01 |  9  0.11392  1.21065e+02
 10  0.10411  1.03699e+03 | 11  0.22563  9.07914e+02 | 12  0.03300  1.10450e+03
 13 -0.01242  9.71275e+02 | 14 -0.03368  1.09182e+03 | 15 -0.01288  1.17167e+03
 16  0.23654  8.13199e+02 | 17  0.03432  1.01100e+03 | 18 -0.05918  9.62877e+02
 19  0.03057  1.04184e+03 | 20  0.07410  1.07454e+03 | 21 -0.01321  1.01567e+03
 22  0.08170  7.93199e+02 | 23 -0.00688  1.04407e+03 | 24  0.02708  9.01798e+02
 25  0.02442  7.25788e+02 | 26  0.01583  6.30182e+02 | 27 -0.04217  9.52363e+02
 28  0.02031  5.84923e+02 | 29  0.03793  4.14204e+02 | 30 -0.06572  7.82213e+02
 31 -0.11005  9.27048e+02 | 32  0.01240  2.05814e+02 | 33 -0.01016  3.56819e+02
 34 -0.01103  2.10629e+02 | 35 -0.01437  1.38293e+02 | 36 -0.05757  4.43659e+02
 37 -0.03355  3.01004e+02 | 38 -0.02187 -1.35875e+02 | 39 -0.04916  5.13778e+02
 40  0.06267 -1.30917e+03 | 41 -0.03884 -5.01641e+01 | 42 -0.00177 -3.90982e+02
 43 -0.08858  3.13565e+01 | 44  0.09284 -5.51553e+03 | 45 -0.09539 -7.56262e+02
 46 -0.08632 -9.62251e+02 | 47 -0.04391 -1.01212e+03 | 48 -0.10834  1.25384e+02
 49  0.10641 -1.57264e+03 | 50  0.01162 -2.39246e+02 | 51 -0.01056 -3.53004e+02
 52 -0.01753 -6.36499e+02 | 53 -0.06330 -1.64093e+02 | 54  0.06237 -6.90526e+02
 55  0.00209 -1.85094e+02 | 56 -0.07483 -5.04469e+02 | 57 -0.07217 -1.05484e+02
 58  0.04720 -3.03462e+03 | 59 -0.05088 -1.96435e+02 | 60  0.02364 -8.36039e+02
 61 -0.04114 -1.56056e+03 | 62  0.03832 -9.06225e+02 | 63  0.08423 -1.43944e+01
 64 -0.06829 -3.41942e+02 | 65 -0.01112 -6.30346e+02 | 66  0.02077 -9.22610e+01
 67  0.00527 -6.90015e+02 | 68 -0.04678 -3.19818e+02 | 69  0.00280  4.17627e+02
 70 -0.00356  8.20418e+01 | 71  0.13708 -8.53840e+01 | 72 -0.05171  7.21868e+02
 73 -0.05335 -2.56434e+01 | 74 -0.06432 -2.69704e+02 | 75 -0.68220 -2.21277e+02
 76 -0.88035  1.93430e+01 | 77 -1.07609  1.66577e+01 | 78 -0.97441  1.06665e+01
 79 -0.60096  4.22765e+02 | 80 -0.54164  5.24874e+02 | 81 -0.90238  5.34028e+01
 82 -0.81486  1.76368e+02 | 83 -0.70179  4.07879e+02 | 84 -0.50783  3.82101e+02
 85 -0.81644  6.83376e+01 | 86 -0.96471  1.08156e+01 | 87 -0.88160  5.06702e+01
 88 -0.73669  1.21861e+02 | 89 -0.68637  1.91619e+02 | 90 -0.76265  1.27286e+02
 91 -0.64666  2.12908e+02 | 92 -0.59427  2.36036e+02 | 93 -1.34169 -5.67558e+01
 94 -0.78574 -5.82990e+01 | 95 -0.75079  5.81673e+01 | 96 -0.93524 -9.77073e-06
 97  0.26917  2.90159e-04 | 98 -0.79797 -4.15864e-06 | 99  0.30604 -2.18111e+03
100  0.18358 -7.18210e+03 |101  0.18058  2.70979e+03 |102  0.04123 -4.78836e+04
103 -0.16078 -9.26312e+03 |104 -0.19211 -5.70807e+03 |105 -0.16859 -3.90357e+03
106  0.02652  1.75608e+05 |107  0.18482  6.53101e+04 |108  0.01069  6.07344e+04
109  0.18162  2.39299e+04 |110  0.13415  9.28802e+03 |111  0.05466 -5.45630e+03
112 -0.04699 -1.80703e+03 |113 -0.31437 -3.18248e+03 |114 -0.18622 -3.96606e+03
115 -0.40427 -4.21367e+03 |116  0.02011 -5.27077e+03 |
116 variables; iteration 60; function evaluation 73; phase 4
Function value 9.1815990e+03; maximum gradient component mag 1.6877e+05
Var    Value     Gradient |Var    Value     Gradient |Var    Value     Gradient
  1 -0.01489 -4.43434e+04 |  2  0.39562  2.40970e+02 |  3  0.33189  2.23269e+02
  4  0.11610  8.19715e+01 |  5  0.20229  2.05376e+02 |  6  0.21050  1.11693e+02
  7  0.20568  1.31717e+02 |  8  0.12975  1.42525e+02 |  9  0.14767  1.23690e+02
 10  0.14050  8.20166e+02 | 11  0.26006  6.83740e+02 | 12  0.02741  8.23881e+02
 13  0.06406  8.88774e+02 | 14 -0.00897  8.78642e+02 | 15 -0.04950  8.21269e+02
 16  0.26524  7.20014e+02 | 17  0.07921  8.89982e+02 | 18 -0.04521  7.52506e+02
 19  0.05505  8.63458e+02 | 20  0.07902  8.18607e+02 | 21  0.00646  8.35538e+02
 22  0.09849  6.79608e+02 | 23  0.00064  8.57734e+02 | 24  0.03362  7.52216e+02
 25  0.04212  6.63368e+02 | 26  0.02575  5.54994e+02 | 27 -0.04987  7.82792e+02
 28  0.00884  4.79634e+02 | 29  0.03871  4.50603e+02 | 30 -0.07959  6.59590e+02
 31 -0.16548  7.08590e+02 | 32  0.03682  4.81869e+02 | 33 -0.01762  4.55074e+02
 34 -0.01987  3.52558e+02 | 35 -0.00048  4.09810e+02 | 36 -0.07765  5.21043e+02
 37 -0.06337  4.78548e+02 | 38 -0.01444  2.22375e+02 | 39 -0.02669  8.37494e+02
 40  0.06173 -4.08402e+02 | 41 -0.06909  1.52962e+02 | 42 -0.00310  1.49837e+02
 43 -0.10459  1.72642e+02 | 44  0.10725 -2.82852e+03 | 45 -0.10306 -4.29255e+02
 46 -0.07547 -4.25682e+02 | 47 -0.05957 -8.13059e+02 | 48 -0.09548  3.59431e+02
 49  0.10625 -6.52760e+02 | 50  0.01540  3.87518e+01 | 51 -0.01361 -2.73106e+02
 52 -0.02233 -7.91230e+02 | 53 -0.06389 -3.70214e+02 | 54  0.06060 -8.08235e+02
 55  0.00207 -4.45925e+01 | 56 -0.07123 -5.27833e+02 | 57 -0.09998 -8.61066e+02
 58  0.04780 -2.79569e+03 | 59 -0.08140 -8.26076e+02 | 60  0.00519 -1.12955e+03
 61 -0.05289 -1.81624e+03 | 62  0.02838 -1.40214e+03 | 63  0.08194 -3.26629e+02
 64 -0.09077 -7.57908e+02 | 65 -0.02252 -1.01502e+03 | 66  0.02613  3.84405e+02
 67 -0.00847 -1.24937e+03 | 68 -0.03986 -1.67664e+02 | 69 -0.00542 -1.11617e+00
 70 -0.00012  3.99266e+01 | 71  0.13100 -1.11406e+02 | 72 -0.06442  4.28088e+02
 73 -0.06551 -2.95508e+02 | 74 -0.07185 -4.96831e+02 | 75 -0.60691 -1.64335e+02
 76 -1.27630 -1.06889e+02 | 77 -1.15661 -3.11704e+01 | 78 -0.97622  8.06833e+00
 79 -0.68660  3.08238e+02 | 80 -0.62483  4.45974e+02 | 81 -0.90602  5.47706e+01
 82 -0.89807  3.18025e+01 | 83 -0.72285  4.26947e+02 | 84 -0.74275  1.68595e+02
 85 -0.77466  1.51460e+02 | 86 -0.91863  3.54624e+01 | 87 -0.83845  1.06267e+02
 88 -0.74505  1.27557e+02 | 89 -0.74384  1.25656e+02 | 90 -0.83145  3.06648e+01
 91 -0.76220  4.21252e+01 | 92 -0.70570  8.00021e+01 | 93 -1.31028 -5.34503e+01
 94 -0.86894 -1.31080e+02 | 95 -0.83347 -1.01542e+02 | 96 -0.93524 -7.99761e-06
 97  0.26935  5.92879e-04 | 98 -0.79797 -4.15863e-06 | 99  0.30814 -2.32345e+03
100  0.18652 -7.28811e+03 |101  0.17388  2.28670e+03 |102  0.04252 -4.56566e+04
103 -0.16230 -8.83606e+03 |104 -0.19384 -5.52452e+03 |105 -0.18105 -3.83607e+03
106  0.02466  1.68768e+05 |107  0.18281  6.34411e+04 |108  0.01164  6.07324e+04
109  0.17575  2.35795e+04 |110  0.13158  9.52640e+03 |111  0.05465 -5.71675e+03
112 -0.05278 -1.87923e+03 |113 -0.32508 -2.42103e+03 |114 -0.19206  1.01528e+03
115 -0.38320  5.20417e+02 |116 -0.00855  6.48880e+02 |
116 variables; iteration 80; function evaluation 94; phase 4
Function value 5.4657201e+03; maximum gradient component mag 2.4670e+04
Var    Value     Gradient |Var    Value     Gradient |Var    Value     Gradient
  1 -0.01930  2.29415e+04 |  2 -0.12281 -2.28531e+01 |  3  0.27113  1.54582e+02
  4 -0.48359 -6.78633e+01 |  5 -0.84366 -3.19644e+01 |  6  0.19493  1.73045e+02
  7  0.08634  6.17644e+01 |  8  0.10875  1.96610e+02 |  9 -0.08614 -1.57659e+02
 10  0.12738  1.20575e+02 | 11  0.16318 -4.09438e+02 | 12  0.00320  3.59000e+01
 13  0.00064  4.20928e+01 | 14 -0.07329  3.13210e+01 | 15 -0.04619  9.32558e+01
 16  0.21660 -2.28524e+02 | 17  0.15999  5.89559e+02 | 18 -0.24243 -1.82150e+02
 19  0.11108  5.33641e+02 | 20  0.03275 -8.65542e+01 | 21  0.03203  2.05229e+02
 22  0.11701  2.03202e+02 | 23  0.05403  4.08223e+02 | 24  0.10505  6.33384e+02
 25  0.09036  3.11940e+02 | 26 -0.05865 -4.24783e+02 | 27 -0.06958  9.29687e+00
 28  0.10366  7.22337e+02 | 29  0.00084 -1.76937e+02 | 30  0.02387  6.36910e+02
 31 -0.04172  5.04211e+02 | 32  0.07289  7.94422e+02 | 33  0.02397  5.20435e+02
 34 -0.01326  1.91374e+02 | 35 -0.04914  4.12242e+01 | 36 -0.08397  1.86051e+02
 37 -0.09004  1.98471e+02 | 38  0.02354  1.09714e+03 | 39 -0.03024  1.01572e+03
 40  0.06420  7.52763e+02 | 41 -0.10493 -2.27041e+02 | 42 -0.01639  1.66035e+01
 43 -0.11502  3.15530e+02 | 44  0.13867  2.87973e+03 | 45 -0.04642  1.09972e+03
 46 -0.04503  9.82390e+02 | 47 -0.08765 -6.14047e+02 | 48 -0.08637  7.84098e+02
 49  0.11523  2.63044e+03 | 50 -0.00815  3.50291e+01 | 51  0.01056  9.69034e+02
 52 -0.01253 -1.34216e+02 | 53 -0.05282  2.22539e+02 | 54  0.05276 -7.00874e+02
 55 -0.01573 -8.16092e+02 | 56 -0.07998 -2.75337e+02 | 57 -0.11258 -9.54038e+02
 58  0.06095 -2.45519e+03 | 59 -0.06657 -4.44182e+02 | 60  0.01150 -5.42627e+02
 61 -0.02466 -8.08000e+02 | 62  0.02852 -1.95056e+03 | 63  0.09397 -4.97539e+02
 64 -0.06320 -3.32596e+02 | 65 -0.02303 -1.09786e+03 | 66  0.02666 -4.37052e+02
 67 -0.02186 -1.55191e+03 | 68 -0.05194 -3.66820e+02 | 69 -0.03184 -1.10953e+03
 70 -0.00073  3.50894e+02 | 71  0.10679 -1.89003e+03 | 72 -0.11891 -8.00850e+02
 73 -0.08937 -5.22287e+02 | 74 -0.12241 -6.91077e+02 | 75 -0.75785 -4.48652e+02
 76 -1.15674  9.62732e+01 | 77 -1.27491 -3.28045e+02 | 78 -1.48228 -3.22119e+02
 79 -0.95732 -1.12921e+01 | 80 -0.61027  3.37674e+02 | 81 -1.06176 -2.21136e+00
 82 -1.14216 -1.00628e+01 | 83 -0.73072  2.50865e+02 | 84 -0.75527  6.49223e+01
 85 -0.72190  2.79698e+02 | 86 -0.84065  6.04182e+01 | 87 -0.71276  1.16406e+02
 88 -0.89041  9.33891e+00 | 89 -0.77532  1.18822e+02 | 90 -0.80604  5.09771e+01
 91 -1.06758  1.50309e+01 | 92 -1.23527 -2.32112e+01 | 93 -1.18032  6.62195e+01
 94 -1.22150 -1.15565e+02 | 95 -0.73590  1.25407e+02 | 96 -0.93537 -4.17394e-05
 97  0.27267  2.16255e-03 | 98 -0.79796 -4.15855e-06 | 99  0.30857 -2.88727e+03
100  0.21203 -6.70954e+03 |101  0.15817 -5.28849e+03 |102  0.06097 -1.70523e+04
103 -0.15846 -1.29571e+03 |104 -0.20417  3.74075e+02 |105 -0.14058  1.64208e+03
106 -0.00744  1.68624e+03 |107  0.17446  1.27222e+04 |108  0.01097  2.46697e+04
109  0.17079  1.10705e+04 |110  0.12092  5.16955e+03 |111  0.07844 -2.40623e+03
112 -0.04175 -1.43344e+03 |113 -0.37428 -5.73874e+02 |114 -0.19949  4.13839e+02
115 -0.19945  7.07838e+02 |116 -0.15626  6.31745e+02 |
Maximum number of function evaluations exceeded

 - final statistics:
116 variables; iteration 86; function evaluation 100
Function value 5.4098e+03; maximum gradient component mag 2.3875e+04
Exit code = 3;  converg criter 1.0000e+00
Var    Value     Gradient |Var    Value     Gradient |Var    Value     Gradient
  1 -0.01910  2.87833e+03 |  2 -0.00400 -5.48502e+00 |  3  0.27316  1.53156e+02
  4 -0.95249 -4.41022e+01 |  5 -0.81846 -3.26746e+01 |  6  0.18435  1.48758e+02
  7  0.09872  6.97105e+01 |  8  0.09193  1.75613e+02 |  9 -0.02022 -1.28985e+02
 10  0.10685  3.00478e+02 | 11  0.17785 -1.18853e+02 | 12 -0.00430  2.36001e+02
 13 -0.01239  2.19953e+02 | 14 -0.06568  2.72124e+02 | 15 -0.04594  2.98675e+02
 16  0.21645 -1.41512e+02 | 17  0.14594  7.32408e+02 | 18 -0.18829  3.92090e+01
 19  0.10576  6.98700e+02 | 20  0.05545  2.31519e+02 | 21  0.02807  3.71604e+02
 22  0.11582  3.07852e+02 | 23  0.05724  5.96326e+02 | 24  0.09257  7.19807e+02
 25  0.09864  5.13347e+02 | 26 -0.05470 -2.17710e+02 | 27 -0.07865  1.72480e+02
 28  0.09490  7.10070e+02 | 29  0.00610 -3.02307e+01 | 30  0.02241  7.23303e+02
 31 -0.03923  6.37775e+02 | 32  0.07236  7.64190e+02 | 33  0.02247  5.48638e+02
 34 -0.01924  1.90047e+02 | 35 -0.04343  1.03295e+02 | 36 -0.08568  2.69547e+02
 37 -0.10313  2.07436e+02 | 38  0.02810  9.34918e+02 | 39 -0.02877  9.54658e+02
 40  0.06588  3.69528e+02 | 41 -0.10425 -1.94394e+02 | 42 -0.01419 -8.51172e+01
 43 -0.11940  3.00067e+02 | 44  0.14005  1.85000e+03 | 45 -0.05106  8.77956e+02
 46 -0.04544  8.17927e+02 | 47 -0.08629 -6.41315e+02 | 48 -0.08395  7.92999e+02
 49  0.11445  1.88898e+03 | 50 -0.01029 -1.15328e+02 | 51  0.00678  7.18334e+02
 52 -0.01562 -4.00644e+02 | 53 -0.05357  1.55358e+02 | 54  0.05227 -1.14241e+03
 55 -0.01563 -9.63394e+02 | 56 -0.08085 -3.45331e+02 | 57 -0.12006 -1.07318e+03
 58  0.06113 -2.77869e+03 | 59 -0.07228 -5.72053e+02 | 60  0.00920 -7.90802e+02
 61 -0.02307 -7.82668e+02 | 62  0.02916 -2.01587e+03 | 63  0.09440 -8.28031e+02
 64 -0.06431 -3.08040e+02 | 65 -0.02256 -1.00248e+03 | 66  0.02810 -3.81730e+02
 67 -0.02213 -1.48731e+03 | 68 -0.04932 -1.66544e+02 | 69 -0.03187 -8.86013e+02
 70 -0.00720  4.05671e+02 | 71  0.10780 -1.75553e+03 | 72 -0.11736 -5.96418e+02
 73 -0.08008 -1.64468e+02 | 74 -0.11308 -3.93777e+02 | 75 -0.75775 -4.96450e+02
 76 -1.19441  5.27017e+01 | 77 -1.27035 -3.98950e+02 | 78 -1.43040 -3.62874e+02
 79 -1.09924  1.83061e+00 | 80 -0.56028  5.26805e+02 | 81 -0.99000 -1.12342e+01
 82 -1.13589 -3.81450e+01 | 83 -0.72613  3.20800e+02 | 84 -0.73095  1.24643e+02
 85 -0.73017  3.19317e+02 | 86 -0.78890  1.68419e+02 | 87 -0.73605  1.48368e+02
 88 -0.81356  4.56381e+01 | 89 -0.79293  1.02528e+02 | 90 -0.82091  4.32862e+01
 91 -1.00624  6.79178e+00 | 92 -1.18650  1.76918e+01 | 93 -1.13682  6.74340e+01
 94 -1.21981 -1.20777e+02 | 95 -0.74600  9.14334e+01 | 96 -0.93537 -3.13995e-05
 97  0.27263  1.32180e-03 | 98 -0.79796 -4.15855e-06 | 99  0.30974 -2.61783e+03
100  0.21290 -6.08988e+03 |101  0.15731 -5.25349e+03 |102  0.06139 -1.69761e+04
103 -0.15933 -1.46549e+03 |104 -0.20386  1.99771e+02 |105 -0.14139  1.48222e+03
106 -0.00755  3.03647e+02 |107  0.17408  1.19594e+04 |108  0.01110  2.38755e+04
109  0.17046  1.06541e+04 |110  0.11993  4.99267e+03 |111  0.07697 -2.53569e+03
112 -0.04019 -1.65658e+03 |113 -0.37186 -1.18414e+02 |114 -0.20019  5.53828e+02
115 -0.22431  7.51110e+02 |116 -0.13660  6.93544e+02 |

Initial statistics: 322 variables; iteration 0; function evaluation 0; phase 5
Function value 5.4096882e+03; maximum gradient component mag -3.4502e+04
Var    Value     Gradient |Var    Value     Gradient |Var    Value     Gradient
  1 -0.01910 -4.73409e+03 |  2 -0.00400  9.39711e+00 |  3  0.27316  1.68593e+02
  4 -0.95249 -1.00784e+01 |  5 -0.81846 -3.66174e+01 |  6  0.18435  1.18323e+02
  7  0.09872  7.84181e+01 |  8  0.09193  1.68227e+02 |  9 -0.02022 -1.24046e+02
 10  0.10720  3.46141e+02 | 11  0.17820 -3.96750e+01 | 12 -0.00396  3.23908e+02
 13 -0.01205  2.99267e+02 | 14 -0.06534  3.46754e+02 | 15 -0.04559  3.94889e+02
 16  0.21681 -6.03719e-01 | 17  0.14629  7.57360e+02 | 18 -0.18793  1.24643e+02
 19  0.10610  7.67538e+02 | 20  0.05579  2.99447e+02 | 21  0.02841  4.62562e+02
 22  0.11617  4.14587e+02 | 23  0.05759  6.74296e+02 | 24  0.09292  7.28391e+02
 25  0.09899  5.71395e+02 | 26 -0.05436 -1.46769e+02 | 27 -0.07831  2.40675e+02
 28  0.09524  7.13528e+02 | 29  0.00644  2.14020e+01 | 30  0.02276  7.57918e+02
 31 -0.03889  7.04044e+02 | 32  0.07270  7.38207e+02 | 33  0.02282  5.31064e+02
 34 -0.01889  2.17397e+02 | 35 -0.04309  1.49108e+02 | 36 -0.08534  2.90013e+02
 37 -0.10278  2.35096e+02 | 38  0.02844  8.84056e+02 | 39 -0.02843  9.38192e+02
 40  0.06622  2.28024e+02 | 41 -0.10390 -1.78943e+02 | 42 -0.01385 -1.40883e+02
 43 -0.11906  3.09740e+02 | 44  0.14040  1.38535e+03 | 45 -0.05072  8.20580e+02
 46 -0.04510  7.47366e+02 | 47 -0.08595 -6.70822e+02 | 48 -0.08360  7.77063e+02
 49  0.11480  1.55222e+03 | 50 -0.00995 -1.96121e+02 | 51  0.00712  6.20216e+02
 52 -0.01528 -5.29320e+02 | 53 -0.05323  9.25092e+01 | 54  0.05261 -1.35609e+03
 55 -0.01529 -1.05147e+03 | 56 -0.08051 -3.90055e+02 | 57 -0.11971 -1.09775e+03
 58  0.06148 -2.89875e+03 | 59 -0.07194 -5.61393e+02 | 60  0.00955 -8.27368e+02
 61 -0.02272 -7.46101e+02 | 62  0.02950 -2.01818e+03 | 63  0.09475 -8.53505e+02
 64 -0.06396 -2.44906e+02 | 65 -0.02221 -9.58894e+02 | 66  0.02845 -3.31948e+02
 67 -0.02179 -1.39556e+03 | 68 -0.04898 -6.06267e+01 | 69 -0.03152 -7.73532e+02
 70 -0.00686  3.96952e+02 | 71  0.10815 -1.62375e+03 | 72 -0.11701 -4.92673e+02
 73 -0.07974 -6.37015e+01 | 74 -0.11273 -2.77254e+02 | 75 -0.75775 -4.56184e+02
 76 -0.80559 -2.80911e+01 | 77 -0.72965  4.27366e+02 | 78 -0.56960  4.00808e+02
 79 -0.90076  1.00949e+01 | 80 -0.56028  5.69642e+02 | 81 -0.99000  3.81964e+00
 82 -0.86411  4.68886e+01 | 83 -0.72613  3.33278e+02 | 84 -0.73095  1.32862e+02
 85 -0.73017  3.14604e+02 | 86 -0.78890  1.71569e+02 | 87 -0.73605  1.43264e+02
 88 -0.81356  6.86922e+01 | 89 -0.79293  1.13704e+02 | 90 -0.82091  5.10072e+01
 91 -0.99376 -1.33978e+00 | 92 -0.81350 -2.30546e+01 | 93 -0.86318 -6.49431e+01
 94 -0.78019  1.08464e+02 | 95 -0.74600  9.31945e+01 | 96 -0.93537 -2.83658e-05
 97  0.27263  1.09792e-03 | 98 -0.79796 -4.15855e-06 | 99  0.30974 -2.53906e+03
100  0.21290 -5.92468e+03 |101  0.15731 -5.15265e+03 |102  0.06139 -1.69105e+04
103 -0.15933 -1.48562e+03 |104 -0.20386  1.81704e+02 |105 -0.14139  1.46939e+03
106 -0.00755 -1.86961e+02 |107  0.17408  1.16806e+04 |108  0.01110  2.36023e+04
109  0.17046  1.05231e+04 |110  0.11993  4.90959e+03 |111  0.07697 -2.54864e+03
112 -0.04019 -1.73514e+03 |113 -0.37186 -5.02347e+00 |114 -0.20019  5.77765e+02
115 -0.22431  7.50482e+02 |116 -0.13660  7.01372e+02 |117  1.00000  4.33172e-08
118  1.00000  4.33172e-08 |119  0.00000 -1.19682e+04 |120  0.00000 -1.19728e+04
121  0.00000 -1.17742e+04 |122  0.00000 -1.14111e+04 |123  0.00000 -1.13413e+04
124  0.00000 -1.12765e+04 |125  0.00000 -1.12238e+04 |126  0.00000 -1.11452e+04
127  0.00000 -1.04326e+04 |128  0.00000 -1.01485e+04 |129  0.00000 -1.01324e+04
130  0.00000 -9.94625e+03 |131  0.00000 -9.85415e+03 |132  0.00000 -9.76177e+03
133  0.00000 -9.64795e+03 |134  0.00000 -9.52854e+03 |135  0.00000 -9.36681e+03
136  0.00000 -9.24578e+03 |137  0.00000 -9.19037e+03 |138  0.00000 -9.16155e+03
139  0.00000 -9.03288e+03 |140  0.00000 -9.10101e+03 |141  0.00000 -8.96263e+03
142  0.00000 -8.87257e+03 |143  0.00000 -8.72275e+03 |144  0.00000 -8.60752e+03
145  0.00000 -8.71127e+03 |146  0.00000 -8.61674e+03 |147  0.00000 -8.52776e+03
148  0.00000 -8.43760e+03 |149  0.00000 -8.16367e+03 |150  0.00000 -7.98355e+03
151  0.00000 -7.55126e+03 |152  0.00000 -7.43162e+03 |153  0.00000 -7.21131e+03
154  0.00000 -7.10997e+03 |155  0.00000 -6.15966e+03 |156  0.00000 -6.01995e+03
157  0.00000 -5.90524e+03 |158  0.00000 -5.90860e+03 |159  0.00000 -5.73597e+03
160  0.00000 -4.74182e+03 |161  0.00000 -4.45871e+03 |162  0.00000 -4.22281e+03
163  0.00000 -4.01244e+03 |164  0.00000 -3.87409e+03 |165  0.00000 -3.36350e+03
166  0.00000 -3.15275e+03 |167  0.00000 -3.04866e+03 |168  0.00000 -2.99448e+03
169  0.00000 -2.99620e+03 |170  0.00000 -2.87185e+03 |171  0.00000 -3.10668e+03
172  0.00000 -3.16164e+03 |173  0.00000 -2.75640e+03 |174  0.00000 -2.39041e+03
175  0.00000 -2.32509e+03 |176  0.00000 -2.17382e+03 |177  0.00000 -1.84997e+03
178  0.00000 -1.60783e+03 |179  0.00000 -1.51069e+03 |180  0.00000 -1.25342e+03
181  0.00000 -1.02742e+03 |182  0.00000 -1.62025e+02 |183  0.00000 -8.18506e+01
184  0.00000  2.15237e-03 |185  0.00000  2.10774e-03 |186  0.00000  8.36332e-14
187  0.00000 -2.61339e+04 |188  0.00000 -2.57489e+04 |189  0.00000 -2.52629e+04
190  0.00000 -2.39605e+04 |191  0.00000 -2.28431e+04 |192  0.00000 -2.23665e+04
193  0.00000 -2.18327e+04 |194  0.00000 -2.13504e+04 |195  0.00000 -2.00214e+04
196  0.00000 -2.08109e+04 |197  0.00000 -1.99386e+04 |198  0.00000 -1.97753e+04
199  0.00000 -1.93115e+04 |200  0.00000 -1.99365e+04 |201  0.00000 -1.95940e+04
202  0.00000 -2.07422e+04 |203  0.00000 -2.03578e+04 |204  0.00000 -2.04309e+04
205  0.00000 -2.08616e+04 |206  0.00000 -2.24161e+04 |207  0.00000 -2.22474e+04
208  0.00000 -2.30496e+04 |209  0.00000 -2.43057e+04 |210  0.00000 -2.39605e+04
211  0.00000 -2.33035e+04 |212  0.00000 -2.54204e+04 |213  0.00000 -2.65041e+04
214  0.00000 -2.78277e+04 |215  0.00000 -2.87628e+04 |216  0.00000 -2.91300e+04
217  0.00000 -2.90897e+04 |218  0.00000 -2.97671e+04 |219  0.00000 -2.93304e+04
220  0.00000 -2.96789e+04 |221  0.00000 -2.88764e+04 |222  0.00000 -2.72097e+04
223  0.00000 -2.60676e+04 |224  0.00000 -2.43370e+04 |225  0.00000 -2.37630e+04
226  0.00000 -2.35098e+04 |227  0.00000 -2.29124e+04 |228  0.00000 -2.12258e+04
229  0.00000 -2.06812e+04 |230  0.00000 -1.97948e+04 |231  0.00000 -1.88126e+04
232  0.00000 -1.81339e+04 |233  0.00000 -1.72740e+04 |234  0.00000 -1.63587e+04
235  0.00000 -1.58865e+04 |236  0.00000 -1.53710e+04 |237  0.00000 -1.50406e+04
238  0.00000 -1.52078e+04 |239  0.00000 -1.50098e+04 |240  0.00000 -1.51392e+04
241  0.00000 -1.44934e+04 |242  0.00000 -1.22825e+04 |243  0.00000 -1.00617e+04
244  0.00000 -9.68850e+03 |245  0.00000 -8.27618e+03 |246  0.00000 -7.00879e+03
247  0.00000 -5.40842e+03 |248  0.00000 -4.72478e+03 |249  0.00000 -3.44406e+03
250  0.00000 -1.69809e+03 |251  0.00000 -3.38702e+02 |252  0.00000 -6.19848e-03
253  0.00000 -6.64171e-03 |254  0.00000  5.00933e-13 |255  0.00000 -2.21420e+04
256  0.00000 -1.77257e+04 |257  0.00000 -1.64412e+04 |258  0.00000 -1.57290e+04
259  0.00000 -1.41367e+04 |260  0.00000 -1.35815e+04 |261  0.00000 -1.24255e+04
262  0.00000 -1.14044e+04 |263  0.00000 -9.60546e+03 |264  0.00000 -9.82344e+03
265  0.00000 -1.07818e+04 |266  0.00000 -9.49674e+03 |267  0.00000 -9.23990e+03
268  0.00000 -9.38853e+03 |269  0.00000 -1.00380e+04 |270  0.00000 -1.10866e+04
271  0.00000 -1.20861e+04 |272  0.00000 -1.21091e+04 |273  0.00000 -1.31354e+04
274  0.00000 -1.51193e+04 |275  0.00000 -1.68549e+04 |276  0.00000 -1.82329e+04
277  0.00000 -1.97453e+04 |278  0.00000 -2.13231e+04 |279  0.00000 -2.08889e+04
280  0.00000 -2.23880e+04 |281  0.00000 -2.48071e+04 |282  0.00000 -2.70012e+04
283  0.00000 -2.90226e+04 |284  0.00000 -3.08585e+04 |285  0.00000 -3.15223e+04
286  0.00000 -3.31401e+04 |287  0.00000 -3.41230e+04 |288  0.00000 -3.45020e+04
289  0.00000 -3.38243e+04 |290  0.00000 -3.19394e+04 |291  0.00000 -3.04844e+04
292  0.00000 -2.91096e+04 |293  0.00000 -2.81927e+04 |294  0.00000 -2.74979e+04
295  0.00000 -2.68225e+04 |296  0.00000 -2.56946e+04 |297  0.00000 -2.53510e+04
298  0.00000 -2.52256e+04 |299  0.00000 -2.41411e+04 |300  0.00000 -2.31022e+04
301  0.00000 -2.25231e+04 |302  0.00000 -2.16901e+04 |303  0.00000 -2.08226e+04
304  0.00000 -1.99728e+04 |305  0.00000 -1.95721e+04 |306  0.00000 -1.94545e+04
307  0.00000 -1.91783e+04 |308  0.00000 -1.88585e+04 |309  0.00000 -1.81504e+04
310  0.00000 -1.67884e+04 |311  0.00000 -1.47126e+04 |312  0.00000 -1.27116e+04
313  0.00000 -1.11860e+04 |314  0.00000 -9.46768e+03 |315  0.00000 -7.47366e+03
316  0.00000 -5.87040e+03 |317  0.00000 -4.27725e+03 |318  0.00000 -2.37184e+03
319  0.00000 -7.26307e+02 |320  0.00000 -7.27449e-03 |321  0.00000 -7.89927e-03
322  0.00000 -3.45838e-13 |

Intermediate statistics: 322 variables; iteration 20; function evaluation 24; phase 5
Function value 4.3425427e+03; maximum gradient component mag -3.6531e+04
Var    Value     Gradient |Var    Value     Gradient |Var    Value     Gradient
  1 -0.01941  2.85252e+03 |  2 -0.00478  1.61468e+01 |  3  0.26238  2.18996e+02
  4 -0.95205 -1.01654e+01 |  5 -0.81688 -3.68672e+01 |  6  0.17478  2.03774e+02
  7  0.09146  1.46052e+02 |  8  0.08436  1.00798e+02 |  9 -0.01484 -1.31775e+02
 10  0.10138  1.01068e+02 | 11  0.19034 -2.34071e+02 | 12 -0.00841  1.04579e+02
 13 -0.01350  2.91137e+01 | 14 -0.06961  8.67240e+01 | 15 -0.05230  1.46923e+02
 16  0.23244 -6.21529e+01 | 17  0.13309  2.98874e+02 | 18 -0.18626 -2.62828e+01
 19  0.09267  4.09492e+02 | 20  0.05563  1.95376e+02 | 21  0.02020  2.66882e+02
 22  0.11439  3.32655e+02 | 23  0.04539  3.89046e+02 | 24  0.08303  3.91085e+02
 25  0.09011  3.55147e+02 | 26 -0.04043 -9.17222e+01 | 27 -0.08149  1.08736e+02
 28  0.08317  3.43363e+02 | 29  0.02013 -4.10085e+00 | 30  0.01199  3.44593e+02
 31 -0.05245  3.32700e+02 | 32  0.06772  3.63722e+02 | 33  0.01820  2.48753e+02
 34 -0.01489  3.92741e+01 | 35 -0.03659 -1.36691e+00 | 36 -0.08652  1.12053e+02
 37 -0.10118  8.83381e+01 | 38  0.01901  5.51834e+02 | 39 -0.04191  5.51769e+02
 40  0.10323  3.63104e+02 | 41 -0.08131 -2.42813e+02 | 42  0.00815 -1.67643e+01
 43 -0.11783  9.90313e+01 | 44  0.14506  1.14681e+03 | 45 -0.06792  2.89835e+02
 46 -0.06174  2.88860e+02 | 47 -0.06051 -6.83217e+01 | 48 -0.10596  2.53304e+02
 49  0.08837  6.85285e+00 | 50 -0.00672  1.02550e+02 | 51 -0.01895  2.42441e+02
 52 -0.01088 -1.86903e+02 | 53 -0.06200 -4.04542e+01 | 54  0.06026 -4.21451e+02
 55 -0.01159 -4.71858e+02 | 56 -0.08244 -2.80197e+02 | 57 -0.09591 -3.46901e+02
 58  0.07413 -1.04808e+03 | 59 -0.06979 -2.98234e+02 | 60  0.01649 -3.13039e+02
 61 -0.01875 -2.67892e+02 | 62  0.05323 -2.82993e+02 | 63  0.07847 -1.00863e+03
 64 -0.07011 -1.01023e+02 | 65 -0.01852 -2.15294e+02 | 66  0.01028 -8.25958e+02
 67 -0.01170 -4.64734e+02 | 68 -0.06974 -3.05353e+02 | 69 -0.01764 -3.00883e+02
 70 -0.01681 -2.79088e+02 | 71  0.12982 -2.55712e+02 | 72 -0.10172 -2.99073e+02
 73 -0.07897 -1.09292e+02 | 74 -0.09915 -1.88414e+02 | 75 -0.73646 -4.09912e+02
 76 -0.80169 -6.49489e+01 | 77 -0.73987  2.35697e+02 | 78 -0.57523  2.11823e+02
 79 -0.89931 -2.01962e+01 | 80 -0.57548  3.57994e+02 | 81 -0.98973 -3.83582e+00
 82 -0.86253 -9.90946e+00 | 83 -0.73651  2.69842e+02 | 84 -0.73244  3.31658e+01
 85 -0.73921  2.12676e+02 | 86 -0.79108  1.08068e+02 | 87 -0.73812  7.33163e+01
 88 -0.81343  2.85241e+01 | 89 -0.79407  6.67164e+01 | 90 -0.81999  1.71256e+01
 91 -0.99357 -3.06939e+00 | 92 -0.81143 -2.01364e+01 | 93 -0.85953 -6.28672e+01
 94 -0.78866  1.52551e+02 | 95 -0.75557  1.95189e+02 | 96 -0.93537 -2.30709e-05
 97  0.27263  5.94441e-04 | 98 -0.79796 -4.15855e-06 | 99  0.30998 -5.21032e+03
100  0.21441 -8.27593e+03 |101  0.15731 -7.12988e+03 |102  0.07808 -4.53316e+03
103 -0.15904  1.19258e+03 |104 -0.19825  1.96262e+03 |105 -0.14895  2.15454e+03
106 -0.00396 -6.10731e+03 |107  0.16679  1.37765e+03 |108 -0.00679  8.80972e+03
109  0.16968  4.89674e+03 |110  0.11358  2.66897e+03 |111  0.11991 -4.20038e+02
112 -0.02460 -1.22449e+02 |113 -0.36236  2.13419e+02 |114 -0.20729  2.99800e+02
115 -0.23778  4.26134e+02 |116 -0.14978  4.22494e+02 |117  1.00035 -5.54562e-02
118  1.00035 -5.86486e-02 |119  0.00134 -2.45641e+04 |120  0.00157 -2.45612e+04
121  0.00043 -2.45130e+04 |122 -0.00141 -2.43437e+04 |123 -0.00164 -2.43103e+04
124 -0.00154 -2.42717e+04 |125 -0.00095 -2.42503e+04 |126 -0.00000 -2.42147e+04
127  0.00342 -2.38070e+04 |128 -0.00080 -2.35081e+04 |129 -0.00090 -2.34941e+04
130 -0.00046 -2.33509e+04 |131  0.00161 -2.31660e+04 |132  0.00045 -2.29462e+04
133  0.00171 -2.27387e+04 |134 -0.00034 -2.25493e+04 |135 -0.00040 -2.23666e+04
136  0.00229 -2.22055e+04 |137  0.00150 -2.21271e+04 |138 -0.00033 -2.20269e+04
139 -0.00580 -2.19860e+04 |140 -0.00068 -2.20542e+04 |141 -0.00374 -2.18340e+04
142 -0.00398 -2.17583e+04 |143  0.00250 -2.17268e+04 |144 -0.00035 -2.14043e+04
145  0.00321 -2.13514e+04 |146 -0.00099 -2.11485e+04 |147 -0.00239 -2.09726e+04
148 -0.00233 -2.07355e+04 |149  0.00162 -2.00358e+04 |150  0.00134 -1.95766e+04
151 -0.00105 -1.86849e+04 |152 -0.00223 -1.84474e+04 |153 -0.00031 -1.80477e+04
154  0.00111 -1.78981e+04 |155  0.00031 -1.65234e+04 |156 -0.00162 -1.63025e+04
157 -0.00238 -1.60982e+04 |158  0.00114 -1.56238e+04 |159 -0.00202 -1.51590e+04
160  0.00261 -1.32619e+04 |161 -0.00077 -1.25259e+04 |162 -0.00063 -1.20757e+04
163  0.00168 -1.14004e+04 |164  0.00152 -1.10502e+04 |165 -0.00145 -1.02607e+04
166 -0.00151 -9.80300e+03 |167 -0.00286 -9.57981e+03 |168  0.00007 -9.32790e+03
169  0.00387 -8.37995e+03 |170 -0.00326 -8.01904e+03 |171  0.00297 -8.10422e+03
172  0.00135 -8.04977e+03 |173 -0.00276 -7.38287e+03 |174 -0.00181 -6.66132e+03
175  0.00014 -6.56084e+03 |176  0.00211 -6.24169e+03 |177 -0.00018 -5.46554e+03
178 -0.00041 -4.88224e+03 |179  0.00200 -4.61897e+03 |180 -0.00094 -3.68288e+03
181 -0.00239 -2.83037e+03 |182  0.00015 -6.77910e+02 |183  0.00053 -4.05516e+02
184  0.00000  5.17148e-03 |185  0.00000  5.06319e-03 |186  0.00000  9.33224e-14
187  0.00730 -3.65314e+04 |188 -0.00007 -3.63762e+04 |189  0.00042 -3.63871e+04
190 -0.00526 -3.59560e+04 |191  0.00068 -3.57268e+04 |192 -0.00384 -3.54639e+04
193 -0.00182 -3.53256e+04 |194 -0.00177 -3.51544e+04 |195 -0.00770 -3.45018e+04
196  0.01541 -3.37284e+04 |197 -0.00784 -3.31097e+04 |198 -0.00438 -3.30270e+04
199 -0.00568 -3.18892e+04 |200  0.01194 -3.10353e+04 |201 -0.00671 -3.02244e+04
202  0.00778 -2.96298e+04 |203 -0.00687 -2.88874e+04 |204 -0.00201 -2.83588e+04
205 -0.00670 -2.78259e+04 |206  0.02806 -2.78746e+04 |207 -0.00285 -2.77566e+04
208 -0.01227 -2.88674e+04 |209  0.01857 -2.93965e+04 |210 -0.00359 -2.94557e+04
211 -0.02100 -2.94099e+04 |212  0.00902 -3.07045e+04 |213  0.00032 -3.13327e+04
214  0.00189 -3.21185e+04 |215  0.00044 -3.25452e+04 |216 -0.00082 -3.24302e+04
217 -0.00110 -3.17610e+04 |218  0.00352 -3.12551e+04 |219 -0.00437 -3.04290e+04
220  0.00201 -3.00378e+04 |221 -0.00052 -2.92737e+04 |222 -0.00034 -2.81808e+04
223  0.00167 -2.67366e+04 |224 -0.00147 -2.54598e+04 |225 -0.00614 -2.49523e+04
226  0.00355 -2.40965e+04 |227  0.00491 -2.30485e+04 |228 -0.00403 -2.08984e+04
229  0.00471 -1.95357e+04 |230 -0.00210 -1.87109e+04 |231 -0.00076 -1.76620e+04
232  0.00442 -1.71371e+04 |233 -0.00044 -1.64224e+04 |234  0.00157 -1.59873e+04
235  0.00141 -1.59591e+04 |236 -0.00159 -1.56804e+04 |237 -0.00307 -1.49164e+04
238  0.00604 -1.52568e+04 |239 -0.00533 -1.54894e+04 |240  0.00006 -1.60695e+04
241  0.00553 -1.57107e+04 |242  0.00139 -1.47536e+04 |243 -0.00851 -1.42043e+04
244 -0.00483 -1.38191e+04 |245  0.00148 -1.23589e+04 |246  0.00177 -1.08290e+04
247 -0.00458 -9.56467e+03 |248 -0.00332 -7.92534e+03 |249  0.00393 -5.26750e+03
250 -0.00372 -2.58316e+03 |251  0.00246 -8.13086e+02 |252 -0.00000 -1.35196e-03
253 -0.00000 -1.79191e-03 |254 -0.00000  2.43526e-13 |255 -0.00024 -3.06385e+04
256  0.01127 -2.64682e+04 |257 -0.00871 -2.64316e+04 |258  0.00760 -2.64847e+04
259 -0.00345 -2.62964e+04 |260  0.00904 -2.64212e+04 |261  0.00099 -2.61363e+04
262  0.00069 -2.60713e+04 |263 -0.01514 -2.54163e+04 |264 -0.01304 -2.44204e+04
265  0.02002 -2.44854e+04 |266 -0.00753 -2.41614e+04 |267 -0.00107 -2.32620e+04
268 -0.00603 -2.25793e+04 |269 -0.00012 -2.24962e+04 |270 -0.00170 -2.19691e+04
271  0.01030 -2.20361e+04 |272 -0.00105 -2.18306e+04 |273 -0.00556 -2.23557e+04
274 -0.01253 -2.29732e+04 |275  0.00933 -2.36350e+04 |276  0.00219 -2.49086e+04
277 -0.00722 -2.55262e+04 |278  0.02064 -2.61140e+04 |279 -0.00350 -2.67784e+04
280 -0.01034 -2.78108e+04 |281 -0.00130 -2.93440e+04 |282 -0.00193 -3.05491e+04
283 -0.00176 -3.13756e+04 |284  0.00440 -3.17949e+04 |285 -0.00571 -3.15491e+04
286  0.00497 -3.15443e+04 |287  0.00658 -3.17102e+04 |288  0.00194 -3.15477e+04
289  0.00281 -3.11676e+04 |290 -0.00269 -3.00258e+04 |291 -0.00062 -2.87415e+04
292  0.00286 -2.77115e+04 |293 -0.00134 -2.71184e+04 |294 -0.00318 -2.60486e+04
295 -0.00143 -2.49875e+04 |296 -0.00310 -2.34453e+04 |297  0.00191 -2.23270e+04
298  0.00429 -2.18249e+04 |299  0.00195 -2.07406e+04 |300 -0.00418 -2.00149e+04
301  0.00017 -1.92881e+04 |302 -0.00165 -1.86425e+04 |303  0.00006 -1.78289e+04
304 -0.00162 -1.68955e+04 |305  0.00059 -1.59556e+04 |306  0.00441 -1.57823e+04
307  0.00340 -1.57381e+04 |308 -0.00223 -1.60891e+04 |309 -0.00141 -1.56924e+04
310  0.00875 -1.50505e+04 |311  0.00055 -1.45965e+04 |312 -0.00528 -1.37837e+04
313 -0.00175 -1.23614e+04 |314  0.00136 -1.07559e+04 |315 -0.00466 -9.16977e+03
316  0.00034 -7.05545e+03 |317  0.00471 -4.51242e+03 |318  0.00158 -2.54734e+03
319 -0.00941 -1.04460e+03 |320  0.00000 -3.57040e-03 |321  0.00000 -4.10500e-03
322 -0.00000 -1.73715e-13 |
322 variables; iteration 40; function evaluation 45; phase 5
Function value 3.9659745e+03; maximum gradient component mag -4.7139e+04
Var    Value     Gradient |Var    Value     Gradient |Var    Value     Gradient
  1 -0.03214 -4.71393e+04 |  2 -0.01389 -1.15830e+01 |  3  0.15735 -7.85436e+01
  4 -0.94525 -1.16678e+01 |  5 -0.79232 -4.15423e+01 |  6  0.08422 -1.44068e+02
  7 -0.00802 -5.51742e+00 |  8  0.01676 -8.27790e+01 |  9  0.03082 -6.51814e+01
 10  0.04561  4.46763e+02 | 11  0.22540  2.24342e+02 | 12 -0.06060  5.21385e+02
 13 -0.02304  5.17187e+02 | 14 -0.10515  5.29484e+02 | 15 -0.10606  5.12475e+02
 16  0.23046 -2.87651e+02 | 17  0.03651  3.83598e+02 | 18 -0.16367  4.83228e+02
 19 -0.02435  4.23860e+02 | 20 -0.00767  3.22017e+02 | 21 -0.04287  4.51696e+02
 22  0.03176  2.29824e+02 | 23 -0.05742  4.66854e+02 | 24 -0.02118  3.56968e+02
 25  0.03039  2.30443e+02 | 26  0.00562  6.22491e+01 | 27 -0.10499  3.20305e+02
 28  0.03540  3.25672e+01 | 29  0.02778 -3.44579e+02 | 30 -0.04366  1.72958e+02
 31 -0.13484  3.46037e+02 | 32  0.01213 -2.21154e+02 | 33  0.00846 -2.63856e+02
 34  0.01820 -3.95276e+02 | 35  0.02584 -4.73209e+02 | 36 -0.06528  2.11046e+01
 37 -0.05921 -5.61196e+01 | 38  0.05978 -2.50701e+02 | 39 -0.05299  2.77722e+02
 40  0.16469 -1.22350e+03 | 41  0.04844 -1.37854e+01 | 42  0.05406 -3.80867e+02
 43 -0.07038  3.92964e+02 | 44  0.16429 -1.70735e+03 | 45 -0.03089  3.86438e+02
 46 -0.02902  2.94083e+02 | 47 -0.04077 -2.55121e+02 | 48 -0.07287  5.30072e+02
 49  0.11160 -8.25401e+02 | 50  0.01503 -8.10786e+01 | 51  0.00131  1.37726e+02
 52  0.00984 -2.56167e+02 | 53 -0.03764  2.03206e+02 | 54  0.07784 -9.96810e+02
 55  0.00341 -6.13739e+02 | 56 -0.06554 -1.20222e+02 | 57 -0.07895 -8.55864e+01
 58  0.08131 -1.73479e+03 | 59 -0.06197 -1.31304e+02 | 60  0.02746  1.00664e+02
 61 -0.01057 -1.87215e+02 | 62  0.06133 -3.42987e+02 | 63  0.09072 -5.18392e+02
 64 -0.05224  4.08818e+02 | 65 -0.00894 -3.45295e+01 | 66  0.02720 -2.35079e+02
 67  0.00373  3.36829e+01 | 68 -0.05172  1.55978e+02 | 69  0.00275  3.69635e+02
 70  0.00303  3.13547e+02 | 71  0.14532  4.48715e+01 | 72 -0.07702  3.03746e+02
 73 -0.05286  5.66530e+02 | 74 -0.05937  5.95748e+02 | 75 -0.53572 -6.11355e+01
 76 -0.74726  3.12063e+01 | 77 -0.81039  1.02174e+02 | 78 -0.64496  2.75021e+02
 79 -0.87161  1.18107e+01 | 80 -0.73320  1.59981e+02 | 81 -0.98378  4.70490e-01
 82 -0.84196  7.81997e+01 | 83 -0.83977  3.81519e+01 | 84 -0.73979  8.59187e+01
 85 -0.82656  6.77135e+01 | 86 -0.82034  9.66213e+01 | 87 -0.77347  8.70636e+01
 88 -0.81659  5.68833e+01 | 89 -0.81087  6.67583e+01 | 90 -0.81512  4.41941e+01
 91 -0.99022 -4.65487e+00 | 92 -0.78967  1.34840e+01 | 93 -0.81163 -3.30285e+01
 94 -0.86853 -7.35314e+01 | 95 -0.87982 -1.08875e+02 | 96 -0.93537 -7.50258e-05
 97  0.27263  4.20872e-03 | 98 -0.79796 -4.15855e-06 | 99  0.30971 -4.67197e+03
100  0.21577 -6.92023e+03 |101  0.15680 -8.59616e+03 |102  0.07321 -7.53316e+03
103 -0.15986  3.84181e+02 |104 -0.19968  1.11204e+03 |105 -0.13817  1.58273e+03
106 -0.00429 -1.08604e+04 |107  0.16838 -4.07826e+02 |108 -0.01031  4.90742e+03
109  0.16883  3.25905e+03 |110  0.12005  2.03868e+03 |111  0.10900 -7.79705e+02
112 -0.05572 -8.47686e+02 |113 -0.35251 -1.94796e+02 |114 -0.17720  2.77096e+02
115 -0.25411  2.49967e+02 |116 -0.18195  2.27950e+02 |117  1.00630 -4.25057e-01
118  1.00631 -4.75187e-01 |119  0.00359 -2.20204e+04 |120 -0.00332 -2.20019e+04
121  0.00344 -2.19251e+04 |122 -0.00851 -2.17337e+04 |123 -0.00561 -2.17062e+04
124 -0.00098 -2.16772e+04 |125  0.00339 -2.16178e+04 |126  0.00234 -2.15969e+04
127 -0.00192 -2.11971e+04 |128  0.00511 -2.09814e+04 |129  0.00433 -2.09703e+04
130 -0.00331 -2.08704e+04 |131  0.00059 -2.06613e+04 |132 -0.01118 -2.04699e+04
133  0.01050 -2.00191e+04 |134 -0.00552 -1.98015e+04 |135  0.00436 -1.94235e+04
136  0.00886 -1.89356e+04 |137 -0.00360 -1.87931e+04 |138 -0.02665 -1.87102e+04
139  0.02317 -1.81344e+04 |140  0.00489 -1.80605e+04 |141 -0.02318 -1.79779e+04
142 -0.00792 -1.77372e+04 |143  0.03001 -1.74706e+04 |144 -0.01255 -1.71498e+04
145  0.01220 -1.69713e+04 |146 -0.00804 -1.68214e+04 |147  0.00095 -1.66789e+04
148 -0.00311 -1.64154e+04 |149 -0.00263 -1.58293e+04 |150  0.01389 -1.54455e+04
151 -0.00653 -1.47319e+04 |152 -0.00823 -1.44917e+04 |153  0.00039 -1.42013e+04
154  0.00715 -1.40574e+04 |155 -0.00440 -1.30030e+04 |156 -0.00551 -1.27496e+04
157  0.00269 -1.25161e+04 |158  0.00681 -1.22212e+04 |159 -0.00946 -1.20539e+04
160  0.00759 -1.06882e+04 |161 -0.00683 -1.02634e+04 |162  0.00470 -1.00020e+04
163  0.00258 -9.75935e+03 |164 -0.00401 -9.59188e+03 |165 -0.00130 -8.84248e+03
166  0.00329 -8.30793e+03 |167 -0.00913 -8.15634e+03 |168  0.00432 -7.84612e+03
169  0.00992 -7.17598e+03 |170 -0.02834 -7.02741e+03 |171  0.02317 -7.09228e+03
172  0.00092 -7.12757e+03 |173 -0.00397 -6.76975e+03 |174 -0.00889 -6.31065e+03
175  0.00558 -6.19258e+03 |176  0.00243 -5.98457e+03 |177 -0.00004 -5.46117e+03
178 -0.00139 -5.00926e+03 |179  0.00397 -4.76112e+03 |180 -0.00021 -3.97336e+03
181 -0.00466 -3.20859e+03 |182  0.00648 -7.33501e+02 |183 -0.00644 -5.33408e+02
184 -0.00000  3.45136e-02 |185 -0.00000  3.37318e-02 |186  0.00000  1.13015e-13
187  0.02974 -3.05330e+04 |188 -0.03094 -3.05270e+04 |189  0.00992 -3.02083e+04
190 -0.00099 -3.00677e+04 |191  0.00714 -2.99071e+04 |192 -0.01832 -2.98458e+04
193  0.02066 -2.95636e+04 |194 -0.00842 -2.95291e+04 |195 -0.02811 -2.89985e+04
196  0.02829 -2.95636e+04 |197 -0.01449 -2.96433e+04 |198  0.02195 -2.95246e+04
199 -0.01858 -2.89969e+04 |200  0.00853 -2.86295e+04 |201 -0.01472 -2.79913e+04
202  0.00957 -2.73327e+04 |203 -0.00836 -2.65713e+04 |204  0.00584 -2.55489e+04
205 -0.00363 -2.51397e+04 |206  0.01854 -2.51798e+04 |207 -0.01604 -2.47617e+04
208  0.00753 -2.53076e+04 |209 -0.00084 -2.60269e+04 |210  0.02099 -2.57239e+04
211 -0.06896 -2.54267e+04 |212  0.05346 -2.53524e+04 |213 -0.00531 -2.60868e+04
214 -0.00205 -2.67946e+04 |215 -0.00575 -2.69351e+04 |216  0.00382 -2.66950e+04
217 -0.00363 -2.59965e+04 |218 -0.00099 -2.52951e+04 |219  0.00951 -2.45014e+04
220 -0.00056 -2.42678e+04 |221 -0.00868 -2.37826e+04 |222 -0.00056 -2.28846e+04
223  0.00475 -2.16278e+04 |224 -0.00293 -1.97557e+04 |225 -0.01089 -1.93277e+04
226  0.01102 -1.87336e+04 |227  0.00770 -1.81904e+04 |228 -0.00717 -1.67528e+04
229  0.01100 -1.62791e+04 |230 -0.00491 -1.61355e+04 |231 -0.00177 -1.58113e+04
232  0.00523 -1.56245e+04 |233 -0.00360 -1.50235e+04 |234  0.00122 -1.40039e+04
235  0.00311 -1.39144e+04 |236  0.00082 -1.34516e+04 |237 -0.00331 -1.28891e+04
238  0.01566 -1.34335e+04 |239 -0.01735 -1.38830e+04 |240  0.00269 -1.45821e+04
241  0.00444 -1.48339e+04 |242  0.00115 -1.45117e+04 |243 -0.00496 -1.41762e+04
244 -0.00838 -1.40246e+04 |245  0.00228 -1.32807e+04 |246  0.00045 -1.23430e+04
247 -0.00537 -1.12294e+04 |248 -0.00601 -9.76406e+03 |249  0.00435 -6.99519e+03
250 -0.01007 -3.76850e+03 |251  0.00738 -1.11377e+03 |252 -0.00000 -8.68704e-03
253 -0.00000 -1.13919e-02 |254 -0.00000  2.28787e-13 |255 -0.00698 -3.69314e+04
256  0.02726 -3.47383e+04 |257 -0.00927 -3.46658e+04 |258  0.00447 -3.45922e+04
259 -0.00200 -3.45950e+04 |260 -0.00031 -3.45407e+04 |261 -0.00649 -3.41292e+04
262  0.00595 -3.37451e+04 |263  0.01373 -3.30878e+04 |264 -0.03265 -3.36099e+04
265  0.00994 -3.36558e+04 |266 -0.02944 -3.32588e+04 |267  0.01843 -3.23847e+04
268  0.00055 -3.17252e+04 |269  0.00197 -3.12703e+04 |270 -0.00577 -3.04485e+04
271  0.01202 -2.98196e+04 |272  0.00081 -2.90600e+04 |273  0.00088 -2.93494e+04
274 -0.00074 -2.95720e+04 |275  0.00505 -2.98460e+04 |276 -0.00821 -3.06620e+04
277  0.00134 -3.08716e+04 |278  0.00310 -3.09835e+04 |279  0.03316 -3.06117e+04
280 -0.04287 -3.05744e+04 |281  0.00814 -3.11096e+04 |282  0.00262 -3.15628e+04
283  0.00044 -3.17829e+04 |284  0.00118 -3.16888e+04 |285 -0.00277 -3.12102e+04
286  0.00326 -3.09781e+04 |287 -0.00303 -3.07627e+04 |288  0.00103 -3.06343e+04
289  0.00673 -3.00460e+04 |290 -0.00918 -2.91443e+04 |291 -0.00468 -2.79836e+04
292  0.00862 -2.63967e+04 |293  0.00317 -2.60050e+04 |294 -0.00670 -2.53960e+04
295 -0.00084 -2.49094e+04 |296  0.00123 -2.39484e+04 |297 -0.00293 -2.36399e+04
298  0.00219 -2.35094e+04 |299  0.00023 -2.28150e+04 |300 -0.00723 -2.21898e+04
301  0.00031 -2.11141e+04 |302 -0.00658 -1.99198e+04 |303  0.00253 -1.84624e+04
304 -0.00089 -1.66358e+04 |305  0.00283 -1.52869e+04 |306  0.00337 -1.49689e+04
307  0.00575 -1.45469e+04 |308  0.00067 -1.48450e+04 |309 -0.00000 -1.49949e+04
310  0.00654 -1.49583e+04 |311 -0.00089 -1.46718e+04 |312 -0.00058 -1.38527e+04
313 -0.00422 -1.31900e+04 |314 -0.00137 -1.20418e+04 |315 -0.00358 -1.04049e+04
316  0.00245 -8.29444e+03 |317 -0.00125 -5.72887e+03 |318  0.00811 -3.21601e+03
319 -0.01217 -1.21870e+03 |320  0.00001 -1.88777e-02 |321  0.00001 -2.27329e-02
322 -0.00000 -8.71464e-13 |
322 variables; iteration 60; function evaluation 65; phase 5
Function value 3.9114680e+03; maximum gradient component mag -3.4503e+04
Var    Value     Gradient |Var    Value     Gradient |Var    Value     Gradient
  1 -0.03496 -1.13471e+04 |  2 -0.00786 -2.64101e+00 |  3  0.18026 -1.64722e+01
  4 -0.92728 -1.54040e+01 |  5 -0.72920 -5.11483e+01 |  6  0.12944  2.87523e+01
  7 -0.06924 -3.70883e+01 |  8  0.01254 -1.56255e+01 |  9  0.06533  5.95047e+01
 10  0.01414  1.65852e+02 | 11  0.22792  2.45114e+02 | 12 -0.10126  1.79026e+02
 13 -0.02578  2.16817e+02 | 14 -0.13429  1.90165e+02 | 15 -0.13063  1.98277e+02
 16  0.24458  2.24938e+02 | 17 -0.01280  1.89097e+02 | 18 -0.11889  1.52679e+02
 19 -0.03571  2.25488e+02 | 20 -0.01051  1.72762e+02 | 21 -0.06866  2.58543e+02
 22  0.03721  2.83262e+02 | 23 -0.10001  2.72391e+02 | 24 -0.04331  2.43845e+02
 25  0.00639  3.00315e+02 | 26  0.02805  2.70289e+02 | 27 -0.10628  1.86353e+02
 28  0.00834  1.70878e+02 | 29  0.05048  1.25370e+02 | 30 -0.06884  2.36431e+02
 31 -0.15234  1.83111e+02 | 32  0.01940  1.60305e+02 | 33  0.06348  1.91081e+02
 34  0.04283  9.95974e+01 | 35  0.05835  1.54832e+02 | 36 -0.05513  1.29726e+02
 37  0.00193  1.62436e+02 | 38  0.06947  3.00765e+02 | 39 -0.04060  2.69276e+02
 40  0.15193 -3.46179e+02 | 41  0.01901  2.70571e+01 | 42  0.05198 -1.49892e+02
 43 -0.07487  2.25473e+02 | 44  0.17553  1.47619e+02 | 45 -0.03502  2.90264e+02
 46 -0.02999  2.95396e+02 | 47 -0.03066 -2.27657e+01 | 48 -0.07553  3.53544e+02
 49  0.11824  1.02219e+01 | 50  0.01584 -1.97821e+01 | 51  0.00681  2.24188e+02
 52  0.01559 -1.64369e+02 | 53 -0.03270  5.77575e+01 | 54  0.08418 -6.87047e+02
 55  0.00696 -6.11401e+02 | 56 -0.05663 -2.00541e+02 | 57 -0.07337 -2.69250e+02
 58  0.08257 -1.75027e+03 | 59 -0.05265 -2.10990e+02 | 60  0.02682 -1.14661e+02
 61 -0.00752 -4.38622e+02 | 62  0.06030 -6.45787e+02 | 63  0.09160 -6.99771e+02
 64 -0.05515 -5.58255e+00 | 65 -0.00636 -3.53970e+02 | 66  0.03060 -5.64651e+02
 67  0.00665 -3.02721e+02 | 68 -0.04843 -1.78832e+02 | 69  0.00580  5.39986e+00
 70  0.00707 -3.88059e+01 | 71  0.14765 -3.64694e+02 | 72 -0.07017  2.03889e+01
 73 -0.05034  1.74566e+02 | 74 -0.06021  1.63995e+02 | 75 -0.41844 -2.84752e+01
 76 -0.66620  4.18836e+01 | 77 -0.78455  1.26296e+02 | 78 -0.68641  1.45681e+02
 79 -0.80984  3.61507e+00 | 80 -0.79237  4.66868e+01 | 81 -0.96758 -6.45866e+00
 82 -0.84899  5.36993e+01 | 83 -0.83103  3.66660e+01 | 84 -0.74988  5.84865e+01
 85 -0.83760  3.46091e+01 | 86 -0.83764  6.23036e+01 | 87 -0.82127  3.46432e+01
 88 -0.82465  3.68196e+01 | 89 -0.82787  4.12217e+01 | 90 -0.81987  3.85663e+01
 91 -0.97868 -1.14453e+01 | 92 -0.78067  2.99723e+01 | 93 -0.76292  4.66772e+01
 94 -0.86052 -5.68043e+01 | 95 -0.92436 -1.15228e+02 | 96 -0.93537 -2.10365e-04
 97  0.27262  1.07006e-02 | 98 -0.79796 -4.15855e-06 | 99  0.30982 -4.96705e+03
100  0.21456 -7.09107e+03 |101  0.15783 -8.02806e+03 |102  0.07400 -6.98107e+03
103 -0.16156  5.14721e+02 |104 -0.19703  1.51531e+03 |105 -0.13950  1.89300e+03
106 -0.00447 -1.14495e+04 |107  0.16688 -6.21362e+02 |108 -0.00866  5.82560e+03
109  0.17020  3.74013e+03 |110  0.11872  2.22324e+03 |111  0.10644 -8.04803e+02
112 -0.05326 -5.31316e+02 |113 -0.34200  9.12674e+01 |114 -0.19410  2.95047e+02
115 -0.23675  3.60705e+02 |116 -0.16868  3.42405e+02 |117  1.02084 -7.51062e-01
118  1.02097 -9.50566e-01 |119  0.01023 -2.34089e+04 |120 -0.01929 -2.33849e+04
121  0.01932 -2.32905e+04 |122 -0.02142 -2.31034e+04 |123 -0.00231 -2.30804e+04
124  0.00340 -2.30332e+04 |125  0.00155 -2.30028e+04 |126  0.00631 -2.29745e+04
127 -0.01462 -2.26816e+04 |128  0.01200 -2.24113e+04 |129  0.00169 -2.23843e+04
130 -0.00112 -2.23137e+04 |131 -0.00261 -2.20457e+04 |132 -0.00127 -2.18369e+04
133 -0.00016 -2.14316e+04 |134  0.00442 -2.11726e+04 |135  0.00295 -2.08132e+04
136  0.01580 -2.03859e+04 |137 -0.02101 -2.02802e+04 |138 -0.00763 -2.01432e+04
139  0.02082 -1.98199e+04 |140 -0.02434 -1.97979e+04 |141  0.00906 -1.94670e+04
142 -0.02084 -1.93308e+04 |143  0.03476 -1.89740e+04 |144 -0.01507 -1.85871e+04
145  0.01449 -1.84506e+04 |146 -0.01310 -1.82806e+04 |147  0.00924 -1.80683e+04
148 -0.01481 -1.78071e+04 |149  0.00238 -1.70554e+04 |150  0.01517 -1.66382e+04
151 -0.00694 -1.60225e+04 |152 -0.00810 -1.58111e+04 |153  0.00144 -1.55275e+04
154  0.00330 -1.54020e+04 |155 -0.00218 -1.40657e+04 |156 -0.00481 -1.37959e+04
157  0.00196 -1.34902e+04 |158  0.00461 -1.29745e+04 |159 -0.00644 -1.26970e+04
160  0.00729 -1.13871e+04 |161 -0.00595 -1.09714e+04 |162  0.00116 -1.06747e+04
163  0.00224 -1.02708e+04 |164 -0.00206 -1.00114e+04 |165 -0.00071 -9.20344e+03
166  0.00181 -8.64291e+03 |167 -0.00651 -8.44904e+03 |168  0.00347 -8.09173e+03
169  0.00940 -7.31363e+03 |170 -0.02258 -7.14479e+03 |171  0.01865 -7.19988e+03
172  0.00053 -7.16810e+03 |173 -0.00262 -6.78592e+03 |174 -0.00779 -6.39256e+03
175  0.00376 -6.28578e+03 |176  0.00250 -6.04958e+03 |177 -0.00099 -5.52944e+03
178 -0.00141 -5.03902e+03 |179  0.00338 -4.74940e+03 |180  0.00066 -3.85938e+03
181 -0.00450 -3.11962e+03 |182  0.00385 -7.67017e+02 |183 -0.00372 -5.27231e+02
184 -0.00008  7.84384e-02 |185 -0.00008  7.73077e-02 |186 -0.00000  9.49327e-14
187  0.02879 -3.12683e+04 |188 -0.01977 -3.12252e+04 |189 -0.01135 -3.09342e+04
190  0.01386 -3.06509e+04 |191 -0.00031 -3.06045e+04 |192 -0.00947 -3.05349e+04
193  0.00938 -3.03789e+04 |194  0.00050 -3.03179e+04 |195 -0.01552 -2.99507e+04
196  0.00776 -3.06218e+04 |197  0.00473 -3.06531e+04 |198 -0.00611 -3.06039e+04
199 -0.00025 -3.01987e+04 |200  0.00229 -3.02265e+04 |201 -0.00874 -2.96463e+04
202  0.00109 -2.91506e+04 |203  0.00269 -2.84393e+04 |204  0.00119 -2.74766e+04
205 -0.00259 -2.69829e+04 |206  0.00863 -2.70015e+04 |207 -0.01267 -2.66970e+04
208  0.01310 -2.72835e+04 |209 -0.00844 -2.76862e+04 |210  0.02915 -2.73603e+04
211 -0.06621 -2.70092e+04 |212  0.05155 -2.69128e+04 |213 -0.01421 -2.75613e+04
214  0.00450 -2.80376e+04 |215 -0.00753 -2.80633e+04 |216  0.01006 -2.77528e+04
217 -0.01105 -2.69549e+04 |218  0.00259 -2.65131e+04 |219  0.00862 -2.58885e+04
220  0.00015 -2.58052e+04 |221 -0.00904 -2.53744e+04 |222 -0.00012 -2.45716e+04
223  0.00275 -2.31045e+04 |224 -0.00205 -2.11526e+04 |225 -0.00897 -2.04969e+04
226  0.00818 -1.94756e+04 |227  0.00937 -1.87866e+04 |228 -0.00558 -1.74789e+04
229  0.00787 -1.72213e+04 |230 -0.00433 -1.69926e+04 |231 -0.00144 -1.65280e+04
232  0.00537 -1.63067e+04 |233 -0.00275 -1.56888e+04 |234  0.00056 -1.47343e+04
235  0.00382 -1.46084e+04 |236 -0.00004 -1.40718e+04 |237 -0.00329 -1.34156e+04
238  0.01289 -1.38918e+04 |239 -0.01625 -1.43085e+04 |240  0.00344 -1.47460e+04
241  0.00709 -1.49358e+04 |242  0.00010 -1.47926e+04 |243 -0.00639 -1.44622e+04
244 -0.00608 -1.42342e+04 |245  0.00031 -1.34145e+04 |246 -0.00090 -1.23420e+04
247 -0.00550 -1.10300e+04 |248 -0.00354 -9.36574e+03 |249  0.00328 -6.78397e+03
250 -0.00773 -3.69889e+03 |251  0.00432 -1.17704e+03 |252 -0.00001  6.54447e-03
253 -0.00001  1.40695e-03 |254 -0.00000  1.72291e-13 |255 -0.01003 -3.45034e+04
256  0.02434 -3.33048e+04 |257  0.00187 -3.31031e+04 |258 -0.00390 -3.30598e+04
259  0.00378 -3.31475e+04 |260 -0.00318 -3.34104e+04 |261 -0.00341 -3.31572e+04
262  0.00332 -3.29211e+04 |263  0.00082 -3.24691e+04 |264 -0.01673 -3.29954e+04
265  0.00171 -3.31740e+04 |266 -0.00740 -3.28935e+04 |267  0.00218 -3.23971e+04
268  0.00090 -3.21824e+04 |269 -0.00015 -3.18606e+04 |270 -0.00276 -3.12485e+04
271  0.00153 -3.07234e+04 |272  0.00587 -2.97761e+04 |273  0.00754 -2.98186e+04
274 -0.00019 -3.03409e+04 |275  0.00485 -3.05955e+04 |276 -0.00883 -3.14591e+04
277  0.00251 -3.19099e+04 |278 -0.00084 -3.20958e+04 |279  0.03183 -3.18134e+04
280 -0.03713 -3.17902e+04 |281  0.01067 -3.24639e+04 |282 -0.00722 -3.29307e+04
283  0.00220 -3.30646e+04 |284  0.00034 -3.30453e+04 |285  0.00190 -3.25726e+04
286 -0.00278 -3.25651e+04 |287 -0.00283 -3.25893e+04 |288  0.00686 -3.25331e+04
289  0.00438 -3.21684e+04 |290 -0.00991 -3.14240e+04 |291 -0.00412 -3.01295e+04
292  0.00622 -2.84885e+04 |293  0.00171 -2.78172e+04 |294 -0.00260 -2.67152e+04
295 -0.00016 -2.61539e+04 |296 -0.00077 -2.53697e+04 |297 -0.00210 -2.52161e+04
298  0.00289 -2.50887e+04 |299 -0.00032 -2.44500e+04 |300 -0.00642 -2.38360e+04
301 -0.00144 -2.28130e+04 |302 -0.00764 -2.15862e+04 |303  0.00145 -2.01078e+04
304  0.00137 -1.79950e+04 |305  0.00302 -1.65599e+04 |306  0.00254 -1.61631e+04
307  0.00601 -1.56141e+04 |308  0.00196 -1.56375e+04 |309 -0.00108 -1.57564e+04
310  0.00551 -1.57467e+04 |311 -0.00156 -1.52621e+04 |312 -0.00106 -1.41202e+04
313 -0.00258 -1.32669e+04 |314 -0.00017 -1.18881e+04 |315 -0.00297 -1.01351e+04
316  0.00206 -7.99294e+03 |317  0.00037 -5.56001e+03 |318  0.00428 -3.20126e+03
319 -0.01002 -1.22852e+03 |320  0.00005 -1.86457e-02 |321  0.00006 -2.51294e-02
322 -0.00000 -1.95595e-12 |
322 variables; iteration 80; function evaluation 86; phase 5
Function value 3.8634420e+03; maximum gradient component mag -3.3072e+04
Var    Value     Gradient |Var    Value     Gradient |Var    Value     Gradient
  1 -0.03557 -1.62910e+04 |  2  0.03878  1.38269e+01 |  3  0.24802  1.02377e+02
  4 -0.72077 -5.21358e+01 |  5 -0.08697 -8.45426e+00 |  6  0.17050  1.35030e+02
  7 -0.06408  5.52116e+01 |  8  0.05127  8.27471e+01 |  9  0.03356  2.44399e+01
 10  0.01497  3.02706e+02 | 11  0.21349  3.44808e+02 | 12 -0.16352  2.29067e+02
 13 -0.02935  2.92495e+02 | 14 -0.15140  2.46162e+02 | 15 -0.19152  2.35725e+02
 16  0.24719  4.94244e+02 | 17  0.01473  3.58302e+02 | 18 -0.03911  3.42613e+02
 19 -0.04319  3.32651e+02 | 20 -0.00886  2.71358e+02 | 21 -0.06278  3.39589e+02
 22  0.03672  3.85303e+02 | 23 -0.06908  4.08511e+02 | 24 -0.03686  3.60323e+02
 25  0.00968  3.88310e+02 | 26  0.01914  3.28107e+02 | 27 -0.11610  2.65130e+02
 28  0.00982  2.74870e+02 | 29  0.05467  2.40348e+02 | 30 -0.05449  3.31322e+02
 31 -0.19002  2.94701e+02 | 32  0.04935  3.09810e+02 | 33  0.05568  2.81229e+02
 34  0.03977  1.83572e+02 | 35  0.06023  2.50654e+02 | 36 -0.09027  1.49605e+02
 37 -0.00975  2.05625e+02 | 38  0.07943  3.73734e+02 | 39 -0.05530  3.09450e+02
 40  0.16306 -2.31382e+02 | 41  0.00485 -2.79264e+01 | 42  0.05484 -1.35222e+02
 43 -0.07594  2.52017e+02 | 44  0.17864  8.27916e+01 | 45 -0.03467  2.95320e+02
 46 -0.02996  2.81796e+02 | 47 -0.03050 -6.79484e+01 | 48 -0.07504  3.32746e+02
 49  0.11743 -3.40536e+02 | 50  0.01899 -3.81978e+01 | 51  0.00596  1.07480e+02
 52  0.01886 -2.64128e+02 | 53 -0.03017  7.31930e+00 | 54  0.08688 -1.04285e+03
 55  0.01106 -8.05122e+02 | 56 -0.05166 -2.69358e+02 | 57 -0.06752 -3.43846e+02
 58  0.08876 -2.11375e+03 | 59 -0.04873 -3.20905e+02 | 60  0.03293 -2.94405e+02
 61 -0.00131 -4.40842e+02 | 62  0.06453 -8.52847e+02 | 63  0.09327 -1.09677e+03
 64 -0.05443 -1.38944e+01 | 65 -0.00292 -3.49977e+02 | 66  0.03174 -8.42866e+02
 67  0.00811 -4.46625e+02 | 68 -0.04544 -1.73357e+02 | 69  0.00642 -7.28482e+01
 70  0.00688 -2.04389e+01 | 71  0.15117 -3.83373e+02 | 72 -0.07158  6.95406e+00
 73 -0.05007  2.07457e+02 | 74 -0.05704  3.06787e+02 | 75 -0.15501 -1.59737e+01
 76 -0.66554  8.37094e+01 | 77 -0.78074  1.96433e+02 | 78 -0.65846  2.65682e+02
 79 -0.67140  2.20557e+02 | 80 -0.69074  2.50148e+02 | 81 -0.82607  1.38527e+02
 82 -0.84490  8.83476e+01 | 83 -0.80119  1.31136e+02 | 84 -0.75607  8.16334e+01
 85 -0.77672  1.87554e+02 | 86 -0.81755  1.24227e+02 | 87 -0.86259  3.07952e+01
 88 -0.81887  5.98417e+01 | 89 -0.81219  8.89181e+01 | 90 -0.81374  7.00065e+01
 91 -0.78989  3.38660e+01 | 92 -0.78591  2.70171e+01 | 93 -0.78800  7.02200e-01
 94 -0.83571  7.61333e+00 | 95 -1.13345  9.34497e+01 | 96 -0.93537 -1.54620e-04
 97  0.27252  7.47039e-03 | 98 -0.79796 -4.15855e-06 | 99  0.31825 -4.37856e+03
100  0.21553 -5.54448e+03 |101  0.15783 -7.17956e+03 |102  0.07373 -7.21766e+03
103 -0.16079  3.70989e+02 |104 -0.19792  1.30332e+03 |105 -0.14054  1.80281e+03
106 -0.00526 -1.58616e+04 |107  0.16793 -1.84656e+03 |108 -0.01008  4.48317e+03
109  0.16972  3.26256e+03 |110  0.11853  2.10207e+03 |111  0.10735 -7.57944e+02
112 -0.04372 -5.91844e+02 |113 -0.34670  7.17675e+02 |114 -0.20387  5.25300e+02
115 -0.21908  5.33437e+02 |116 -0.17299  4.56506e+02 |117  1.14690 -4.88493e+00
118  1.14995 -6.44350e+00 |119  0.09656 -2.05257e+04 |120 -0.12617 -2.04113e+04
121  0.04327 -2.03893e+04 |122 -0.05469 -2.02526e+04 |123  0.03913 -2.01223e+04
124 -0.01958 -2.01306e+04 |125  0.00152 -2.01040e+04 |126  0.02202 -2.00705e+04
127 -0.01932 -1.99049e+04 |128  0.04082 -1.96034e+04 |129 -0.05893 -1.95797e+04
130  0.03026 -1.94803e+04 |131 -0.00373 -1.92892e+04 |132 -0.00329 -1.91142e+04
133  0.00384 -1.87998e+04 |134  0.00168 -1.85454e+04 |135  0.00474 -1.82622e+04
136  0.01035 -1.79121e+04 |137 -0.01816 -1.77775e+04 |138 -0.00210 -1.76273e+04
139  0.02327 -1.73802e+04 |140 -0.03000 -1.74572e+04 |141 -0.00514 -1.71514e+04
142  0.03064 -1.69503e+04 |143 -0.00895 -1.68198e+04 |144 -0.00534 -1.63888e+04
145  0.01001 -1.63448e+04 |146 -0.01746 -1.61510e+04 |147  0.01599 -1.59270e+04
148 -0.01638 -1.57061e+04 |149 -0.00180 -1.49633e+04 |150  0.01926 -1.45597e+04
151 -0.00792 -1.39413e+04 |152 -0.00786 -1.37571e+04 |153  0.00166 -1.34634e+04
154  0.00191 -1.33431e+04 |155  0.00031 -1.20699e+04 |156 -0.00541 -1.18451e+04
157  0.00147 -1.15925e+04 |158  0.00414 -1.11844e+04 |159 -0.00409 -1.09258e+04
160  0.00519 -9.98349e+03 |161 -0.00473 -9.58655e+03 |162  0.00131 -9.34443e+03
163  0.00275 -9.05294e+03 |164 -0.00148 -8.85061e+03 |165 -0.00249 -8.14865e+03
166  0.00092 -7.60313e+03 |167 -0.00577 -7.43363e+03 |168  0.00315 -7.16387e+03
169  0.00789 -6.49015e+03 |170 -0.02096 -6.31839e+03 |171  0.01936 -6.42531e+03
172  0.00025 -6.45127e+03 |173 -0.00228 -6.08735e+03 |174 -0.00704 -5.73596e+03
175  0.00442 -5.66407e+03 |176  0.00154 -5.49146e+03 |177 -0.00207 -5.02684e+03
178 -0.00075 -4.55044e+03 |179  0.00253 -4.30384e+03 |180  0.00097 -3.47115e+03
181 -0.00313 -2.79196e+03 |182  0.00241 -7.64266e+02 |183 -0.00367 -5.44127e+02
184 -0.00072 -9.67050e-02 |185 -0.00071 -9.55029e-02 |186 -0.00000  5.90499e-14
187  0.03647 -2.44431e+04 |188 -0.02952 -2.44258e+04 |189 -0.00858 -2.40128e+04
190  0.01729 -2.36913e+04 |191 -0.01534 -2.37904e+04 |192  0.01042 -2.37143e+04
193  0.00641 -2.36702e+04 |194 -0.01366 -2.36583e+04 |195  0.00314 -2.34481e+04
196 -0.00064 -2.44419e+04 |197  0.02202 -2.44920e+04 |198 -0.03541 -2.44396e+04
199  0.01303 -2.42651e+04 |200  0.00237 -2.45884e+04 |201 -0.01405 -2.42764e+04
202  0.00566 -2.40305e+04 |203 -0.00554 -2.34424e+04 |204  0.00631 -2.25985e+04
205 -0.00419 -2.21753e+04 |206  0.00873 -2.22250e+04 |207 -0.00611 -2.19814e+04
208  0.00955 -2.27168e+04 |209 -0.00485 -2.32170e+04 |210 -0.00978 -2.30830e+04
211  0.00632 -2.26435e+04 |212  0.00869 -2.28911e+04 |213 -0.01005 -2.34941e+04
214  0.00670 -2.39099e+04 |215 -0.01127 -2.40137e+04 |216  0.01522 -2.38329e+04
217 -0.00939 -2.31719e+04 |218 -0.00317 -2.30766e+04 |219  0.01204 -2.25424e+04
220 -0.00306 -2.26089e+04 |221 -0.00710 -2.21723e+04 |222  0.00033 -2.13900e+04
223  0.00279 -2.00489e+04 |224 -0.00231 -1.85001e+04 |225 -0.00669 -1.79681e+04
226  0.00666 -1.71561e+04 |227  0.00894 -1.66288e+04 |228 -0.00615 -1.57376e+04
229  0.00723 -1.56987e+04 |230 -0.00388 -1.55723e+04 |231 -0.00233 -1.52892e+04
232  0.00399 -1.51803e+04 |233 -0.00254 -1.45811e+04 |234  0.00249 -1.35119e+04
235  0.00311 -1.35186e+04 |236 -0.00029 -1.31092e+04 |237 -0.00322 -1.25204e+04
238  0.01217 -1.30056e+04 |239 -0.01557 -1.34753e+04 |240  0.00381 -1.39522e+04
241  0.00679 -1.40993e+04 |242  0.00127 -1.39592e+04 |243 -0.00750 -1.37758e+04
244 -0.00546 -1.36408e+04 |245 -0.00059 -1.28598e+04 |246 -0.00053 -1.16995e+04
247 -0.00563 -1.04359e+04 |248 -0.00226 -8.83421e+03 |249  0.00258 -6.35897e+03
250 -0.00607 -3.57870e+03 |251  0.00100 -1.22761e+03 |252 -0.00013 -2.17789e-02
253 -0.00008 -1.60922e-02 |254 -0.00000 -2.75324e-13 |255 -0.01773 -3.08508e+04
256  0.03233 -2.95753e+04 |257 -0.00390 -2.92341e+04 |258 -0.00127 -2.91510e+04
259  0.00759 -2.93215e+04 |260 -0.00445 -2.98498e+04 |261  0.00104 -2.97397e+04
262  0.00830 -2.97188e+04 |263 -0.01589 -2.95251e+04 |264 -0.00675 -3.03312e+04
265  0.00049 -3.06195e+04 |266  0.00271 -3.03353e+04 |267 -0.01021 -3.01922e+04
268  0.00275 -3.02490e+04 |269  0.00321 -3.02212e+04 |270 -0.00481 -2.99885e+04
271  0.00624 -2.97636e+04 |272 -0.00102 -2.91232e+04 |273  0.00821 -2.92468e+04
274 -0.00147 -2.99295e+04 |275  0.00048 -3.03487e+04 |276 -0.00443 -3.12493e+04
277  0.00263 -3.16995e+04 |278  0.00381 -3.19148e+04 |279 -0.00874 -3.17054e+04
280  0.00217 -3.17727e+04 |281  0.00437 -3.24777e+04 |282 -0.00559 -3.29173e+04
283  0.00376 -3.30530e+04 |284 -0.00278 -3.30717e+04 |285  0.00357 -3.27252e+04
286 -0.00006 -3.28937e+04 |287 -0.00579 -3.29122e+04 |288  0.00881 -3.29611e+04
289  0.00286 -3.26535e+04 |290 -0.00823 -3.18638e+04 |291 -0.00333 -3.06257e+04
292  0.00447 -2.93278e+04 |293 -0.00039 -2.86076e+04 |294 -0.00128 -2.75505e+04
295  0.00081 -2.69966e+04 |296 -0.00064 -2.64316e+04 |297 -0.00157 -2.63908e+04
298  0.00234 -2.63055e+04 |299  0.00011 -2.57129e+04 |300 -0.00680 -2.51593e+04
301 -0.00187 -2.41299e+04 |302 -0.00664 -2.27823e+04 |303  0.00129 -2.12727e+04
304  0.00038 -1.91784e+04 |305  0.00226 -1.76573e+04 |306  0.00181 -1.71241e+04
307  0.00703 -1.64319e+04 |308  0.00112 -1.63770e+04 |309 -0.00012 -1.62168e+04
310  0.00653 -1.60372e+04 |311 -0.00086 -1.55533e+04 |312 -0.00275 -1.44737e+04
313 -0.00234 -1.36029e+04 |314  0.00028 -1.20285e+04 |315 -0.00286 -1.01359e+04
316  0.00102 -7.92479e+03 |317  0.00221 -5.47860e+03 |318  0.00177 -3.25126e+03
319 -0.00822 -1.28906e+03 |320  0.00027  5.03875e-02 |321  0.00032  5.85161e-02
322 -0.00000 -8.21539e-12 |
322 variables; iteration 100; function evaluation 108; phase 5
Function value 3.8314156e+03; maximum gradient component mag -3.0191e+04
Var    Value     Gradient |Var    Value     Gradient |Var    Value     Gradient
  1 -0.03640 -1.46001e+04 |  2  0.09541  2.82797e+01 |  3  0.28997  1.85743e+02
  4 -0.42428 -6.45886e+01 |  5  0.22281  4.14289e+02 |  6  0.16079  1.15477e+02
  7 -0.02168  9.64530e+01 |  8  0.06785  1.22388e+02 |  9  0.03989  2.29593e+01
 10  0.02038  3.71855e+02 | 11  0.21662  4.41100e+02 | 12 -0.18318  2.20843e+02
 13 -0.01615  3.08854e+02 | 14 -0.15062  2.52715e+02 | 15 -0.21008  2.29170e+02
 16  0.25717  8.44931e+02 | 17  0.03032  4.53269e+02 | 18 -0.06916  3.24505e+02
 19 -0.03423  3.70489e+02 | 20 -0.01469  2.86596e+02 | 21 -0.06175  3.68870e+02
 22  0.03848  4.09283e+02 | 23 -0.06499  4.45207e+02 | 24 -0.03222  3.89846e+02
 25  0.00641  3.84741e+02 | 26  0.01459  3.52326e+02 | 27 -0.12037  2.93289e+02
 28  0.01988  3.58527e+02 | 29  0.04455  2.72010e+02 | 30 -0.04302  3.69070e+02
 31 -0.21747  3.03154e+02 | 32  0.04620  3.62043e+02 | 33  0.04563  2.73384e+02
 34  0.04870  2.71814e+02 | 35  0.05803  3.42560e+02 | 36 -0.08543  1.76721e+02
 37 -0.01886  2.08274e+02 | 38  0.08294  4.02945e+02 | 39 -0.06166  2.99396e+02
 40  0.17269 -8.89794e+01 | 41  0.00833  4.05641e+00 | 42  0.05671 -1.44850e+02
 43 -0.07622  2.30838e+02 | 44  0.18030  1.64599e+02 | 45 -0.02945  3.86532e+02
 46 -0.02844  2.98269e+02 | 47 -0.03116 -1.14523e+02 | 48 -0.07455  3.11168e+02
 49  0.12166 -2.48728e+02 | 50  0.02099 -4.85549e+01 | 51  0.00578  2.04527e+01
 52  0.02026 -3.35459e+02 | 53 -0.02895 -3.17327e+01 | 54  0.09022 -1.03450e+03
 55  0.01186 -9.22659e+02 | 56 -0.05170 -3.43358e+02 | 57 -0.06796 -4.33848e+02
 58  0.09060 -2.26724e+03 | 59 -0.04661 -3.28415e+02 | 60  0.03502 -4.36119e+02
 61 -0.00002 -5.28643e+02 | 62  0.06840 -8.37860e+02 | 63  0.09599 -1.21983e+03
 64 -0.05307 -7.80353e+01 | 65 -0.00148 -4.16939e+02 | 66  0.03476 -8.80646e+02
 67  0.01023 -4.87538e+02 | 68 -0.04292 -1.86590e+02 | 69  0.00684 -1.50686e+02
 70  0.00843  2.77644e+01 | 71  0.15133 -5.12605e+02 | 72 -0.07666 -9.57574e+01
 73 -0.05345  1.18752e+02 | 74 -0.05943  2.96034e+02 | 75 -0.00031 -6.28879e+01
 76 -0.67579  7.77694e+01 | 77 -0.77221  2.42969e+02 | 78 -0.62951  3.27725e+02
 79 -0.68554  1.98539e+02 | 80 -0.65873  3.29391e+02 | 81 -0.86353  8.00705e+01
 82 -0.84108  9.62139e+01 | 83 -0.77744  2.10656e+02 | 84 -0.75004  9.81364e+01
 85 -0.76787  2.21560e+02 | 86 -0.80412  1.52300e+02 | 87 -0.85210  4.17721e+01
 88 -0.81153  7.52751e+01 | 89 -0.80381  1.09768e+02 | 90 -0.81253  7.56800e+01
 91 -0.73864  1.16290e+02 | 92 -0.78646  2.77860e+01 | 93 -0.79190 -8.34849e+00
 94 -0.81832  5.40724e+01 | 95 -1.19333 -3.45830e+01 | 96 -0.93537 -1.07643e-04
 97  0.27239  7.00649e-03 | 98 -0.79796 -4.15855e-06 | 99  0.36433 -2.08201e+03
100  0.21567 -2.97764e+03 |101  0.15697 -5.75343e+03 |102  0.07407 -7.03677e+03
103 -0.16212  1.61058e+02 |104 -0.19859  1.14715e+03 |105 -0.13844  1.73622e+03
106 -0.00549 -1.66235e+04 |107  0.16785 -2.21242e+03 |108 -0.01026  3.88679e+03
109  0.16801  2.88803e+03 |110  0.12032  1.97695e+03 |111  0.10655 -7.80795e+02
112 -0.04033 -7.17102e+02 |113 -0.35453  7.46144e+02 |114 -0.20193  6.18603e+02
115 -0.21597  6.23692e+02 |116 -0.16468  5.30470e+02 |117  1.30820 -1.18036e+01
118  1.31771 -1.67061e+01 |119  0.21854 -9.66736e+03 |120 -0.31865 -9.11949e+03
121  0.08441 -9.37417e+03 |122 -0.03957 -9.21529e+03 |123  0.05339 -9.08332e+03
124 -0.03717 -9.11136e+03 |125  0.00625 -9.09540e+03 |126  0.03235 -9.06935e+03
127 -0.02944 -9.05951e+03 |128  0.06244 -8.82274e+03 |129 -0.09836 -8.79835e+03
130  0.04578 -8.79148e+03 |131  0.00744 -8.71428e+03 |132 -0.01087 -8.68771e+03
133  0.00328 -8.55004e+03 |134  0.00309 -8.42890e+03 |135  0.00735 -8.28002e+03
136 -0.00333 -8.19926e+03 |137 -0.00839 -8.03893e+03 |138  0.00548 -7.95780e+03
139  0.02993 -7.89808e+03 |140 -0.04610 -8.08813e+03 |141  0.00380 -7.84266e+03
142  0.03723 -7.78149e+03 |143 -0.02695 -7.79758e+03 |144  0.00381 -7.44574e+03
145  0.00712 -7.56512e+03 |146 -0.02153 -7.48402e+03 |147  0.01706 -7.30838e+03
148 -0.01787 -7.20163e+03 |149  0.00031 -6.62686e+03 |150  0.02773 -6.38456e+03
151 -0.01225 -6.17220e+03 |152 -0.00529 -6.08729e+03 |153  0.01182 -5.96888e+03
154 -0.01406 -5.96199e+03 |155 -0.00154 -5.19422e+03 |156 -0.00529 -5.05094e+03
157  0.00610 -4.90189e+03 |158  0.00197 -4.82149e+03 |159 -0.00117 -4.69210e+03
160  0.00424 -4.31936e+03 |161 -0.00369 -4.13966e+03 |162 -0.00235 -4.05190e+03
163  0.00486 -3.96765e+03 |164 -0.00131 -3.90150e+03 |165 -0.00536 -3.55610e+03
166  0.00505 -3.23741e+03 |167 -0.00528 -3.18265e+03 |168  0.00076 -3.14548e+03
169  0.01013 -3.07645e+03 |170 -0.02443 -3.02948e+03 |171  0.02109 -3.20234e+03
172  0.00027 -3.33719e+03 |173 -0.00444 -3.17961e+03 |174 -0.00241 -2.96358e+03
175  0.00384 -2.93628e+03 |176 -0.00204 -2.86407e+03 |177 -0.00149 -2.62311e+03
178 -0.00031 -2.38519e+03 |179  0.00218 -2.26153e+03 |180  0.00063 -1.84724e+03
181 -0.00226 -1.48537e+03 |182  0.00937 -3.48253e+02 |183 -0.01341 -3.02676e+02
184 -0.00126 -2.61671e-01 |185 -0.00124 -2.58179e-01 |186 -0.00000 -4.86215e-15
187  0.03640 -1.31240e+04 |188  0.01221 -1.31604e+04 |189 -0.04877 -1.23808e+04
190  0.01551 -1.21199e+04 |191 -0.01921 -1.22519e+04 |192  0.02311 -1.21944e+04
193 -0.00319 -1.22018e+04 |194 -0.03074 -1.21953e+04 |195  0.02468 -1.21569e+04
196 -0.00607 -1.33042e+04 |197  0.04994 -1.32638e+04 |198 -0.05702 -1.32559e+04
199  0.00939 -1.33483e+04 |200  0.00224 -1.39693e+04 |201 -0.01156 -1.38189e+04
202  0.00128 -1.41161e+04 |203 -0.00352 -1.36228e+04 |204  0.00602 -1.31379e+04
205 -0.00334 -1.29619e+04 |206  0.00365 -1.31873e+04 |207  0.00042 -1.30010e+04
208  0.00587 -1.38343e+04 |209 -0.00017 -1.44908e+04 |210 -0.02684 -1.45120e+04
211  0.02267 -1.39456e+04 |212  0.00819 -1.43077e+04 |213 -0.01173 -1.52626e+04
214  0.00569 -1.57528e+04 |215 -0.00671 -1.59129e+04 |216  0.01255 -1.60082e+04
217 -0.01040 -1.55691e+04 |218 -0.00434 -1.56534e+04 |219  0.01362 -1.55255e+04
220 -0.00695 -1.54828e+04 |221 -0.00209 -1.50692e+04 |222  0.00028 -1.45064e+04
223  0.00383 -1.36400e+04 |224 -0.00482 -1.24736e+04 |225 -0.00834 -1.21010e+04
226  0.00854 -1.14563e+04 |227  0.00814 -1.12031e+04 |228 -0.00507 -1.08047e+04
229  0.00755 -1.10030e+04 |230 -0.00281 -1.10799e+04 |231 -0.00573 -1.10556e+04
232  0.00274 -1.09994e+04 |233 -0.00087 -1.05847e+04 |234  0.00365 -9.66805e+03
235  0.00273 -9.83204e+03 |236 -0.00023 -9.64334e+03 |237 -0.00296 -9.50971e+03
238  0.01030 -1.01265e+04 |239 -0.01398 -1.06447e+04 |240  0.00355 -1.12651e+04
241  0.00638 -1.15315e+04 |242  0.00234 -1.14584e+04 |243 -0.00827 -1.13903e+04
244 -0.00465 -1.13511e+04 |245 -0.00045 -1.07729e+04 |246 -0.00203 -9.87618e+03
247 -0.00456 -8.67891e+03 |248 -0.00257 -7.50931e+03 |249  0.00281 -5.21447e+03
250 -0.00552 -3.09592e+03 |251  0.00155 -8.86054e+02 |252 -0.00019 -6.20945e-02
253 -0.00012 -4.75058e-02 |254 -0.00000 -6.15274e-13 |255 -0.02035 -2.47127e+04
256  0.03051 -2.27488e+04 |257 -0.00008 -2.21212e+04 |258 -0.00278 -2.22265e+04
259  0.01167 -2.24446e+04 |260 -0.01070 -2.34592e+04 |261  0.00699 -2.33798e+04
262  0.02905 -2.34207e+04 |263 -0.04261 -2.34048e+04 |264 -0.00214 -2.43771e+04
265 -0.00165 -2.47835e+04 |266  0.00205 -2.44703e+04 |267 -0.00812 -2.45993e+04
268  0.00087 -2.48727e+04 |269  0.00514 -2.49438e+04 |270 -0.00293 -2.51666e+04
271  0.00497 -2.52236e+04 |272 -0.00070 -2.49090e+04 |273  0.00515 -2.53151e+04
274  0.00009 -2.60507e+04 |275 -0.00118 -2.65789e+04 |276 -0.00102 -2.75237e+04
277 -0.00116 -2.81045e+04 |278  0.01104 -2.82700e+04 |279 -0.01646 -2.81391e+04
280  0.00498 -2.83299e+04 |281  0.00561 -2.91776e+04 |282 -0.00667 -2.97377e+04
283  0.00184 -2.97738e+04 |284 -0.00142 -2.97687e+04 |285  0.00636 -2.94917e+04
286  0.00060 -2.99022e+04 |287 -0.01003 -3.01910e+04 |288  0.01095 -3.00991e+04
289  0.00186 -2.98366e+04 |290 -0.01061 -2.91817e+04 |291 -0.00160 -2.78242e+04
292  0.00824 -2.67810e+04 |293 -0.00284 -2.64053e+04 |294 -0.00019 -2.54780e+04
295 -0.00092 -2.51931e+04 |296 -0.00018 -2.48286e+04 |297 -0.00226 -2.49313e+04
298  0.00123 -2.48262e+04 |299  0.00298 -2.41891e+04 |300 -0.00660 -2.37055e+04
301 -0.00273 -2.28144e+04 |302 -0.00150 -2.15486e+04 |303 -0.00455 -2.02486e+04
304 -0.00040 -1.81376e+04 |305  0.00238 -1.66812e+04 |306  0.00148 -1.60873e+04
307  0.00911 -1.53237e+04 |308 -0.00078 -1.53913e+04 |309  0.00047 -1.51249e+04
310  0.00823 -1.48774e+04 |311 -0.00177 -1.45379e+04 |312 -0.00346 -1.34648e+04
313 -0.00220 -1.27072e+04 |314  0.00089 -1.11844e+04 |315 -0.00195 -9.31606e+03
316 -0.00013 -7.38042e+03 |317  0.00308 -5.02687e+03 |318  0.00055 -3.10143e+03
319 -0.00665 -1.17257e+03 |320  0.00048  9.03361e-02 |321  0.00058  1.09320e-01
322 -0.00000 -1.36738e-11 |
322 variables; iteration 120; function evaluation 132; phase 5
Function value 3.7549611e+03; maximum gradient component mag -2.2332e+04
Var    Value     Gradient |Var    Value     Gradient |Var    Value     Gradient
  1 -0.03722 -1.27509e+04 |  2  0.28362  5.80118e+01 |  3  0.36373  1.91379e+02
  4  0.37321  4.04543e+02 |  5  0.27560  2.78598e+02 |  6  0.21579 -4.99452e+00
  7  0.07999  2.27857e+01 |  8  0.02955  2.17925e+02 |  9  0.06978  2.79154e+01
 10  0.01886  3.45251e+02 | 11  0.22600  3.00203e+02 | 12 -0.16519  2.16916e+02
 13 -0.00004  2.95369e+02 | 14 -0.13431  2.46939e+02 | 15 -0.24650  2.01956e+02
 16  0.24126  5.13182e+02 | 17  0.06131  5.01518e+02 | 18 -0.11021  2.89160e+02
 19 -0.01571  3.33410e+02 | 20 -0.01830  2.12594e+02 | 21 -0.06407  3.26721e+02
 22  0.03741  2.49295e+02 | 23 -0.05471  4.33100e+02 | 24 -0.01765  3.69084e+02
 25 -0.00236  2.54492e+02 | 26  0.00319  1.75495e+02 | 27 -0.13541  2.07950e+02
 28  0.03162  2.86719e+02 | 29  0.03773  1.48736e+02 | 30 -0.04292  2.92381e+02
 31 -0.24371  2.33303e+02 | 32  0.06110  2.96899e+02 | 33  0.04687  2.29047e+02
 34  0.05721  1.45901e+02 | 35  0.06188  1.38612e+02 | 36 -0.08732  1.43408e+02
 37 -0.01476  1.40726e+02 | 38  0.09721  2.11662e+02 | 39 -0.09145  1.65481e+02
 40  0.17837 -3.91453e+02 | 41 -0.00593 -6.62000e+01 | 42  0.05622 -1.78304e+02
 43 -0.08162  9.95526e+01 | 44  0.18372 -1.04684e+02 | 45 -0.03840  1.75109e+02
 46 -0.02386  2.93309e+02 | 47 -0.03356 -2.72762e+01 | 48 -0.06911  3.02820e+02
 49  0.11949 -9.06836e+01 | 50  0.03947  2.41821e+02 | 51 -0.00257  1.84103e+01
 52  0.02189 -1.46848e+02 | 53 -0.02874  5.99147e+00 | 54  0.09902 -3.05239e+02
 55  0.00468 -6.47368e+02 | 56 -0.05743 -3.13380e+02 | 57 -0.07038 -3.28043e+02
 58  0.09511 -1.16662e+03 | 59 -0.04880 -3.93214e+02 | 60  0.04127 -3.15703e+02
 61  0.00275 -3.62550e+02 | 62  0.06343 -8.50297e+02 | 63  0.09921 -9.79519e+02
 64 -0.05033 -3.16698e+01 | 65 -0.00007 -2.65873e+02 | 66  0.03888 -8.93772e+02
 67  0.01186 -3.03610e+02 | 68 -0.03302 -1.13121e+02 | 69  0.01188 -2.24981e+02
 70  0.01422 -1.63294e+01 | 71  0.15132 -3.73248e+02 | 72 -0.08925 -1.87285e+02
 73 -0.05670 -2.27177e+01 | 74 -0.06723  2.16453e+02 | 75  0.21206 -9.43457e+01
 76 -0.68688  4.19556e+01 | 77 -0.77484  2.06789e+02 | 78 -0.64539  2.31388e+02
 79 -0.69123  1.75263e+02 | 80 -0.65424  3.03302e+02 | 81 -0.89506  8.55940e+00
 82 -0.84425  6.15977e+01 | 83 -0.76531  2.67363e+02 | 84 -0.74585  8.86763e+01
 85 -0.76382  2.17956e+02 | 86 -0.80691  1.23466e+02 | 87 -0.80010  6.67685e+01
 88 -0.80875  6.76422e+01 | 89 -0.80588  9.35230e+01 | 90 -0.81478  5.65839e+01
 91 -0.78402  4.53500e+01 | 92 -0.79663  1.45675e+01 | 93 -0.81529 -2.69058e+01
 94 -0.80748  1.28903e+02 | 95 -1.17791 -4.15912e+00 | 96 -0.93536 -8.26722e-05
 97  0.27181  5.16455e-03 | 98 -0.79796 -4.15854e-06 | 99  0.40554 -1.26276e+03
100  0.20952 -5.82833e+02 |101  0.15485 -4.45127e+03 |102  0.07530 -3.27258e+03
103 -0.16019  8.90205e+01 |104 -0.20683  1.38707e+02 |105 -0.12969  5.92641e+02
106 -0.00565 -9.80253e+03 |107  0.16776 -9.02873e+02 |108 -0.01080  2.85288e+03
109  0.16620  2.02043e+03 |110  0.12617  1.52307e+03 |111  0.10691 -7.50298e+02
112 -0.04152 -5.48849e+02 |113 -0.35384  8.10728e+02 |114 -0.19081  7.49230e+02
115 -0.22575  5.84692e+02 |116 -0.17565  4.69143e+02 |117  2.03309  1.35535e+01
118  1.98064 -4.42018e+02 |119  0.28213 -5.85208e+03 |120 -0.38180 -5.47619e+03
121  0.09050 -5.40425e+03 |122 -0.07029 -5.41235e+03 |123  0.06949 -5.21326e+03
124 -0.09248 -5.22131e+03 |125  0.02805 -5.14333e+03 |126  0.05128 -5.11396e+03
127 -0.01162 -4.97236e+03 |128  0.02628 -4.84090e+03 |129  0.13195 -4.71258e+03
130 -0.17298 -4.71071e+03 |131  0.02347 -4.51281e+03 |132 -0.00094 -4.50783e+03
133  0.00322 -4.50101e+03 |134 -0.00617 -4.46891e+03 |135  0.01171 -4.32817e+03
136 -0.01851 -4.34028e+03 |137  0.00032 -4.02102e+03 |138  0.01388 -3.94448e+03
139  0.03106 -3.97126e+03 |140 -0.05460 -4.17400e+03 |141 -0.01656 -3.89636e+03
142  0.07541 -3.73287e+03 |143 -0.04678 -3.85742e+03 |144  0.02004 -3.49590e+03
145 -0.00025 -3.68159e+03 |146 -0.02530 -3.65732e+03 |147  0.02772 -3.55325e+03
148 -0.02306 -3.51252e+03 |149 -0.00508 -3.12882e+03 |150  0.03126 -3.00994e+03
151 -0.01648 -2.88457e+03 |152 -0.00599 -2.82896e+03 |153  0.03615 -2.74832e+03
154 -0.03897 -2.77137e+03 |155 -0.00238 -2.31801e+03 |156 -0.00116 -2.19608e+03
157  0.00596 -2.15910e+03 |158  0.00695 -2.22942e+03 |159 -0.00435 -2.18111e+03
160 -0.00426 -2.06394e+03 |161  0.00635 -1.83510e+03 |162 -0.00509 -1.80753e+03
163  0.01135 -1.83133e+03 |164 -0.00706 -1.85288e+03 |165 -0.00987 -1.71928e+03
166  0.01986 -1.44746e+03 |167 -0.01080 -1.45413e+03 |168 -0.00635 -1.52885e+03
169  0.00963 -1.63808e+03 |170 -0.01588 -1.60215e+03 |171  0.01201 -1.78996e+03
172  0.00513 -1.91555e+03 |173 -0.00070 -1.85720e+03 |174  0.01484 -1.74599e+03
175 -0.00346 -1.74755e+03 |176 -0.01906 -1.73584e+03 |177 -0.00015 -1.56151e+03
178  0.00568 -1.45317e+03 |179 -0.00800 -1.41521e+03 |180  0.00433 -1.09474e+03
181 -0.00428 -8.63069e+02 |182  0.03647 -1.75604e+02 |183 -0.04186 -2.11111e+02
184 -0.00246 -5.78367e-01 |185 -0.00242 -5.70212e-01 |186 -0.00000 -1.48443e-13
187 -0.00327 -2.56698e+03 |188  0.04292 -2.47212e+03 |189 -0.03462 -1.56045e+03
190  0.01939 -1.53011e+03 |191 -0.02507 -1.89570e+03 |192  0.06204 -1.82589e+03
193 -0.02044 -1.79924e+03 |194 -0.13700 -1.78556e+03 |195  0.11854 -1.53635e+03
196 -0.01788 -3.25274e+03 |197 -0.01250 -3.08230e+03 |198  0.02043 -2.80654e+03
199 -0.00510 -2.86151e+03 |200 -0.00153 -3.75478e+03 |201 -0.00646 -3.59560e+03
202 -0.00106 -4.01451e+03 |203  0.00225 -3.56407e+03 |204  0.00185 -3.35157e+03
205 -0.00075 -3.23569e+03 |206  0.00174 -3.65316e+03 |207 -0.00039 -3.62781e+03
208  0.00269 -4.28644e+03 |209  0.00953 -4.83479e+03 |210 -0.02826 -4.96553e+03
211  0.02085 -4.65207e+03 |212  0.00004 -5.17362e+03 |213 -0.00353 -5.80204e+03
214  0.00463 -6.60013e+03 |215 -0.01793 -7.12925e+03 |216  0.01990 -6.89696e+03
217 -0.00451 -6.44613e+03 |218 -0.01050 -7.04706e+03 |219  0.01815 -7.15864e+03
220 -0.00829 -7.35267e+03 |221 -0.00725 -7.17879e+03 |222  0.00900 -6.77937e+03
223  0.00002 -6.35010e+03 |224  0.00005 -5.34087e+03 |225 -0.01468 -5.28624e+03
226  0.00893 -4.87655e+03 |227  0.00822 -4.96151e+03 |228 -0.00370 -4.84019e+03
229  0.00556 -5.24977e+03 |230 -0.00254 -5.42250e+03 |231 -0.00513 -5.71702e+03
232  0.00445 -5.91016e+03 |233 -0.00474 -5.85580e+03 |234  0.00332 -5.12489e+03
235  0.00657 -5.26888e+03 |236 -0.00171 -5.39561e+03 |237 -0.00220 -5.51819e+03
238  0.00476 -6.28389e+03 |239 -0.00863 -6.73236e+03 |240  0.00393 -7.27717e+03
241  0.00273 -7.66609e+03 |242  0.00334 -7.56260e+03 |243 -0.00799 -7.55380e+03
244 -0.00484 -7.52538e+03 |245  0.00444 -7.15134e+03 |246 -0.00488 -6.78796e+03
247 -0.00298 -6.05915e+03 |248 -0.00432 -5.12579e+03 |249  0.00542 -3.50395e+03
250 -0.00687 -2.20734e+03 |251  0.00118 -5.77123e+02 |252 -0.00023 -6.57732e-02
253 -0.00008 -3.06421e-02 |254 -0.00000 -1.60070e-12 |255 -0.02314 -1.91026e+04
256  0.02280 -1.52415e+04 |257  0.00580 -1.42364e+04 |258 -0.00214 -1.43505e+04
259  0.01292 -1.46773e+04 |260 -0.01871 -1.55667e+04 |261  0.01161 -1.53597e+04
262  0.10339 -1.49500e+04 |263 -0.12328 -1.47230e+04 |264  0.00167 -1.62712e+04
265  0.01051 -1.62701e+04 |266 -0.01155 -1.56576e+04 |267  0.00613 -1.56011e+04
268 -0.00231 -1.62692e+04 |269  0.00317 -1.64697e+04 |270  0.00210 -1.67538e+04
271 -0.00204 -1.72539e+04 |272  0.00134 -1.69059e+04 |273  0.00239 -1.71827e+04
274  0.00427 -1.78049e+04 |275 -0.00211 -1.85640e+04 |276  0.00067 -1.93793e+04
277 -0.00691 -1.98534e+04 |278  0.01082 -1.97080e+04 |279 -0.01240 -1.95214e+04
280  0.00290 -1.98935e+04 |281  0.00717 -2.02353e+04 |282 -0.00333 -2.09420e+04
283  0.00325 -2.12627e+04 |284 -0.00729 -2.13338e+04 |285  0.00816 -2.10172e+04
286  0.00286 -2.17526e+04 |287 -0.01445 -2.21956e+04 |288  0.01308 -2.23317e+04
289  0.00676 -2.23030e+04 |290 -0.01422 -2.19474e+04 |291 -0.00348 -2.09550e+04
292  0.00928 -1.99071e+04 |293 -0.00122 -1.95492e+04 |294  0.00036 -1.88816e+04
295 -0.00227 -1.89013e+04 |296 -0.00310 -1.87854e+04 |297  0.00384 -1.88853e+04
298  0.00010 -1.91446e+04 |299 -0.00048 -1.89061e+04 |300 -0.00621 -1.86829e+04
301 -0.00139 -1.79973e+04 |302  0.00197 -1.69162e+04 |303 -0.00444 -1.62140e+04
304 -0.00578 -1.47644e+04 |305  0.00006 -1.32927e+04 |306  0.00478 -1.26669e+04
307  0.00966 -1.20072e+04 |308 -0.00250 -1.20914e+04 |309  0.00141 -1.16143e+04
310  0.00946 -1.12826e+04 |311 -0.00312 -1.12423e+04 |312 -0.00331 -1.03248e+04
313 -0.00320 -9.63715e+03 |314  0.00230 -8.58113e+03 |315 -0.00452 -7.15049e+03
316  0.00323 -5.39658e+03 |317  0.00350 -3.59736e+03 |318  0.00000 -2.36210e+03
319 -0.00485 -8.32438e+02 |320  0.00109  2.41813e-01 |321  0.00128  2.86112e-01
322 -0.00000 -2.58489e-11 |
322 variables; iteration 140; function evaluation 153; phase 5
Function value 3.3051253e+03; maximum gradient component mag -4.5799e+03
Var    Value     Gradient |Var    Value     Gradient |Var    Value     Gradient
  1 -0.03610  4.15704e+03 |  2  0.22587  7.77879e+01 |  3  0.16887  6.55186e+01
  4  0.17965  1.83465e+02 |  5 -0.02160  4.14907e+01 |  6  0.19002  2.24101e+02
  7  0.04723  1.36812e+02 |  8 -0.08431 -8.41065e+01 |  9  0.02220 -1.01728e+02
 10  0.05572  1.39934e+02 | 11  0.21433  2.03040e+02 | 12 -0.18180 -1.82875e+01
 13 -0.03549  1.05385e+01 | 14 -0.23083  6.43652e+01 | 15 -0.29647 -2.13880e+01
 16  0.24480  5.39236e+02 | 17  0.01357  1.33064e+02 | 18 -0.04108  1.46432e+02
 19 -0.04506  1.16997e+02 | 20 -0.00934  1.00459e+02 | 21 -0.06444  1.47923e+02
 22  0.05766  3.55443e+02 | 23 -0.06913  1.87599e+02 | 24 -0.00577  2.28603e+02
 25 -0.00255  1.20046e+02 | 26  0.02950  2.19106e+02 | 27 -0.10666  7.42461e+01
 28  0.04038  3.42925e+02 | 29  0.06206  3.43957e+02 | 30 -0.09468  6.96873e+01
 31 -0.15831  9.11132e+01 | 32  0.05836  3.32298e+02 | 33  0.04671  1.63911e+02
 34  0.07054  3.12287e+02 | 35  0.05004  2.89456e+02 | 36 -0.05733  3.01259e+01
 37 -0.03175  2.87195e+01 | 38  0.05764  2.01084e+02 | 39 -0.06698  6.92400e+01
 40  0.19213  2.40659e+02 | 41  0.01529  1.54772e+01 | 42  0.06343 -9.80813e+01
 43 -0.08992 -1.48191e+02 | 44  0.17653  1.55119e+02 | 45 -0.03565  9.75718e+01
 46 -0.03520  1.89415e+01 | 47 -0.02625 -1.20087e+02 | 48 -0.09167 -6.67781e+01
 49  0.11312 -3.80118e+02 | 50  0.01414 -1.12068e+02 | 51  0.00532 -1.74844e+00
 52  0.01976 -2.43825e+02 | 53 -0.02645 -3.82291e+00 | 54  0.09048 -2.47207e+02
 55  0.01346 -2.83713e+02 | 56 -0.05119 -2.33570e+02 | 57 -0.06260 -2.29610e+02
 58  0.09671 -3.86432e+02 | 59 -0.04347 -3.07081e+02 | 60  0.03753 -1.69494e+02
 61  0.00571 -1.32583e+02 | 62  0.07178 -1.30755e+02 | 63  0.09728 -4.85442e+02
 64 -0.06739 -2.47194e+02 | 65 -0.00045 -2.11757e+01 | 66  0.03977 -2.75598e+02
 67  0.01283 -1.68775e+02 | 68 -0.03948 -5.02373e+01 | 69  0.02424  7.14285e+01
 70  0.01198 -9.07928e+01 | 71  0.15309 -4.47152e+02 | 72 -0.08206 -3.77712e+02
 73 -0.04153 -6.64847e+01 | 74 -0.06590 -1.00388e+02 | 75 -0.18589 -5.19162e+01
 76 -0.66774  6.63663e+00 | 77 -0.79757  4.64192e+01 | 78 -0.62366  1.65590e+02
 79 -0.67255  1.42707e+02 | 80 -0.64557  2.35728e+02 | 81 -0.86270 -1.81623e+01
 82 -0.84141  2.55464e+01 | 83 -0.78743  1.08883e+02 | 84 -0.77867 -8.53258e+00
 85 -0.76473  1.27540e+02 | 86 -0.82169  2.82565e+01 | 87 -0.92464 -1.57009e+01
 88 -0.83517 -9.02204e+00 | 89 -0.80065  3.34259e+01 | 90 -0.81196  1.65924e+01
 91 -0.71981  1.33802e+02 | 92 -0.77851  1.90787e+01 | 93 -0.75215  5.11706e+01
 94 -0.81602  1.05507e+02 | 95 -1.12756  9.89009e+01 | 96 -0.93523 -2.06212e-05
 97  0.26535  4.77604e-04 | 98 -0.79796 -4.15847e-06 | 99  0.36720 -9.22966e+02
100  0.24505 -6.73472e+02 |101  0.15095 -9.32316e+02 |102  0.08248 -2.58336e+03
103 -0.16244  2.30431e+02 |104 -0.20788  3.46483e+02 |105 -0.14369  6.71149e+02
106 -0.00239 -1.70743e+03 |107  0.16931  4.16240e+02 |108 -0.01690  1.89546e+03
109  0.15641  9.68943e+02 |110  0.11786  8.84263e+02 |111  0.12113 -4.06725e+02
112 -0.03595 -1.04386e+02 |113 -0.34884  4.59270e+02 |114 -0.20547  2.16971e+02
115 -0.24069  2.13726e+02 |116 -0.17464  2.12624e+02 |117  1.72835 -6.15252e+01
118  1.94764 -3.64398e+02 |119  0.19593 -4.32704e+03 |120 -0.26231 -4.26163e+03
121  0.08027 -4.23338e+03 |122 -0.02730 -4.24924e+03 |123  0.12367 -4.12898e+03
124 -0.21796 -4.04219e+03 |125  0.06380 -3.78944e+03 |126  0.03967 -3.48180e+03
127 -0.00901 -3.45295e+03 |128 -0.01417 -3.38959e+03 |129 -0.00237 -3.34036e+03
130  0.02418 -3.27966e+03 |131  0.01443 -3.26237e+03 |132 -0.02068 -3.28657e+03
133  0.00699 -3.27339e+03 |134  0.00576 -3.26667e+03 |135 -0.00839 -3.26217e+03
136 -0.00818 -3.25298e+03 |137  0.00173 -3.06165e+03 |138  0.00254 -3.02022e+03
139  0.02001 -3.08499e+03 |140 -0.01779 -3.25080e+03 |141  0.02760 -3.19865e+03
142 -0.02476 -3.20976e+03 |143 -0.00628 -3.18456e+03 |144 -0.00078 -2.97871e+03
145  0.01682 -3.03860e+03 |146  0.00267 -3.01983e+03 |147 -0.00822 -3.01483e+03
148 -0.01667 -2.98015e+03 |149  0.00346 -2.82102e+03 |150  0.02079 -2.72258e+03
151 -0.00632 -2.55425e+03 |152 -0.01947 -2.53533e+03 |153  0.00573 -2.44993e+03
154  0.00340 -2.43306e+03 |155  0.01999 -2.17140e+03 |156 -0.03010 -2.17542e+03
157 -0.00723 -2.16358e+03 |158  0.00480 -2.01963e+03 |159  0.01229 -1.84476e+03
160 -0.00474 -1.80587e+03 |161  0.01123 -1.63161e+03 |162 -0.00203 -1.61217e+03
163  0.00671 -1.66607e+03 |164 -0.01615 -1.70758e+03 |165  0.00105 -1.47899e+03
166  0.01227 -1.39469e+03 |167 -0.01985 -1.39372e+03 |168  0.00690 -1.40166e+03
169  0.02241 -1.55001e+03 |170 -0.03315 -1.56876e+03 |171  0.01355 -1.54996e+03
172  0.01007 -1.63236e+03 |173  0.00089 -1.58868e+03 |174 -0.01882 -1.51795e+03
175  0.04072 -1.47156e+03 |176 -0.03888 -1.48801e+03 |177  0.00933 -1.32543e+03
178 -0.01499 -1.25068e+03 |179  0.00288 -1.17297e+03 |180  0.00436 -9.07378e+02
181 -0.00553 -7.61278e+02 |182  0.07215 -1.84834e+02 |183 -0.08277 -2.51931e+02
184 -0.00005 -1.11349e-02 |185 -0.00005 -1.11647e-02 |186 -0.00000 -1.55478e-13
187 -0.00348 -3.02850e+03 |188  0.04182 -3.11402e+03 |189 -0.04362 -2.98336e+03
190 -0.00091 -2.56799e+03 |191  0.00335 -2.21535e+03 |192  0.04061 -2.18092e+03
193 -0.07869 -1.84687e+03 |194  0.06644 -1.16094e+03 |195 -0.05111 -1.14717e+03
196  0.02954 -1.35450e+03 |197  0.00490 -1.44094e+03 |198 -0.02485 -1.45704e+03
199  0.01028 -1.27843e+03 |200  0.00564 -1.53490e+03 |201 -0.00791 -1.43587e+03
202  0.00294 -1.74872e+03 |203 -0.00074 -1.60612e+03 |204  0.00332 -1.52894e+03
205 -0.00170 -1.80560e+03 |206  0.01087 -1.93688e+03 |207 -0.01378 -2.11506e+03
208  0.00277 -2.21290e+03 |209 -0.00113 -2.40059e+03 |210  0.00359 -2.36679e+03
211 -0.01537 -2.12418e+03 |212  0.01745 -2.60892e+03 |213 -0.01041 -3.18042e+03
214  0.00231 -3.34160e+03 |215  0.00366 -3.26156e+03 |216  0.00750 -3.42504e+03
217 -0.00962 -3.61002e+03 |218  0.00023 -3.89573e+03 |219  0.00740 -3.71443e+03
220 -0.00016 -3.90481e+03 |221  0.00179 -3.81147e+03 |222 -0.00795 -3.69160e+03
223  0.00083 -3.38529e+03 |224  0.00861 -3.00005e+03 |225 -0.02214 -3.06329e+03
226  0.01190 -2.82102e+03 |227  0.01089 -2.73629e+03 |228 -0.01225 -2.75378e+03
229  0.00801 -3.09269e+03 |230 -0.00816 -3.09238e+03 |231 -0.00122 -2.77530e+03
232  0.00439 -2.86205e+03 |233 -0.00420 -2.68784e+03 |234  0.00316 -2.72397e+03
235  0.00469 -2.75583e+03 |236 -0.00251 -2.92915e+03 |237 -0.00935 -2.84603e+03
238  0.00365 -2.98126e+03 |239 -0.00422 -2.62478e+03 |240  0.00869 -2.78994e+03
241  0.00472 -2.87685e+03 |242  0.00805 -2.55051e+03 |243 -0.01016 -2.52010e+03
244 -0.00365 -2.53215e+03 |245 -0.00387 -2.32915e+03 |246  0.00928 -1.55657e+03
247 -0.00834 -1.42311e+03 |248  0.00136 -1.06183e+03 |249  0.00385 -6.86141e+02
250 -0.00527 -1.49997e+02 |251 -0.00002 -3.15867e+02 |252  0.00059  1.45451e-01
253  0.00064  1.56201e-01 |254 -0.00000 -3.91924e-13 |255 -0.01234 -3.99877e+03
256  0.01663 -1.87522e+03 |257  0.00546 -1.93352e+03 |258  0.01015 -1.88401e+03
259 -0.00350 -1.90798e+03 |260 -0.01230 -2.33392e+03 |261  0.01925 -1.87027e+03
262 -0.02616 -1.51641e+03 |263  0.03021 -1.30120e+03 |264 -0.03119 -1.58324e+03
265  0.00848 -1.62975e+03 |266 -0.00030 -1.50754e+03 |267 -0.00755 -1.40906e+03
268 -0.00037 -1.65332e+03 |269  0.00316 -1.74810e+03 |270 -0.00432 -1.93903e+03
271  0.00588 -1.75414e+03 |272 -0.00082 -1.70814e+03 |273 -0.00347 -2.07238e+03
274  0.00640 -2.06629e+03 |275 -0.00260 -2.42515e+03 |276  0.00009 -2.53927e+03
277 -0.00296 -2.61037e+03 |278  0.00520 -2.36871e+03 |279  0.00991 -2.32567e+03
280 -0.01447 -2.82572e+03 |281  0.00941 -3.25446e+03 |282 -0.00688 -3.86287e+03
283 -0.00265 -3.78731e+03 |284  0.00626 -3.77053e+03 |285 -0.00187 -4.14741e+03
286 -0.00620 -4.57990e+03 |287  0.00814 -4.22668e+03 |288  0.00172 -4.57246e+03
289 -0.00008 -4.35077e+03 |290 -0.00116 -3.86323e+03 |291  0.00177 -3.42279e+03
292  0.00185 -3.18571e+03 |293  0.00552 -3.09789e+03 |294 -0.00950 -2.86400e+03
295 -0.00509 -2.71673e+03 |296  0.00892 -2.28495e+03 |297 -0.00820 -2.72036e+03
298  0.00597 -2.51701e+03 |299  0.00435 -2.14325e+03 |300 -0.00407 -2.23205e+03
301  0.00337 -2.30754e+03 |302 -0.00479 -2.46845e+03 |303  0.00197 -2.45215e+03
304 -0.01075 -2.54498e+03 |305  0.00846 -1.87321e+03 |306 -0.00045 -1.94819e+03
307  0.00621 -1.92537e+03 |308 -0.00665 -2.12366e+03 |309  0.00225 -1.90125e+03
310  0.00608 -1.88890e+03 |311  0.00348 -1.91776e+03 |312 -0.00694 -1.84897e+03
313 -0.00125 -1.48361e+03 |314  0.00444 -7.42949e+02 |315 -0.00009 -6.75193e+02
316 -0.00263 -3.83258e+02 |317  0.00411  7.12926e+01 |318  0.00399  3.69156e+02
319 -0.00527  1.78972e+02 |320  0.00146  3.57507e-01 |321  0.00154  3.76356e-01
322 -0.00000 -7.85011e-12 |
322 variables; iteration 160; function evaluation 173; phase 5
Function value 3.2169001e+03; maximum gradient component mag 1.0143e+04
Var    Value     Gradient |Var    Value     Gradient |Var    Value     Gradient
  1 -0.03337  1.01430e+04 |  2 -0.14549 -3.13670e+01 |  3  0.24326  1.56775e+02
  4  0.11005  1.34575e+02 |  5 -0.10219  1.93783e+00 |  6  0.14604  1.17698e+02
  7 -0.01686  7.11412e-01 |  8 -0.10680 -1.24409e+02 |  9 -0.00259 -1.49923e+02
 10  0.02940 -9.04390e+00 | 11  0.21086  1.52117e+02 | 12 -0.13871 -3.77237e+01
 13 -0.03142 -2.29099e+01 | 14 -0.17395 -4.12545e+01 | 15 -0.13507 -2.05331e+01
 16  0.24663  5.71066e+02 | 17 -0.02490  5.08409e+00 | 18 -0.06331  1.89388e+01
 19 -0.05925  5.17648e+01 | 20 -0.00135  1.14422e+02 | 21 -0.07448  7.53884e+01
 22  0.04104  2.84388e+02 | 23 -0.09339  7.20840e+01 | 24 -0.04734  5.16247e+01
 25  0.00362  1.18345e+02 | 26  0.02763  2.09764e+02 | 27 -0.10814  2.52981e+01
 28  0.00194  1.35861e+02 | 29  0.06815  4.15884e+02 | 30 -0.06626  8.60435e+01
 31 -0.18196  5.55061e+01 | 32  0.03909  2.80093e+02 | 33  0.05352  1.74443e+02
 34  0.05024  2.01648e+02 | 35  0.05497  3.15624e+02 | 36 -0.04907  2.99972e+01
 37 -0.01800  3.68001e+01 | 38  0.04883  1.38084e+02 | 39 -0.08263 -1.16206e+01
 40  0.19692  4.62032e+02 | 41  0.03051  9.11375e+01 | 42  0.06513 -5.63464e+01
 43 -0.08189 -1.05759e+02 | 44  0.17084  2.00501e+02 | 45 -0.04066  4.58139e+01
 46 -0.03519  5.63770e+01 | 47 -0.03094 -2.23454e+02 | 48 -0.08899 -4.81703e+01
 49  0.11136 -1.78671e+02 | 50  0.00813 -1.21588e+02 | 51 -0.00107 -5.58545e+01
 52  0.01818 -1.23200e+02 | 53 -0.03208 -2.81435e+01 | 54  0.08068 -3.16457e+02
 55  0.00899 -1.84990e+02 | 56 -0.05405 -2.02595e+02 | 57 -0.06089 -1.46532e+02
 58  0.09834  7.61477e+01 | 59 -0.04028 -1.49412e+02 | 60  0.02882 -2.50596e+02
 61  0.00892  5.95098e+01 | 62  0.07191  1.81075e+01 | 63  0.09848 -2.62243e+02
 64 -0.06502 -1.86034e+02 | 65 -0.00779 -1.96952e+02 | 66  0.03299 -4.01532e+02
 67  0.00885 -1.39602e+02 | 68 -0.04325 -7.72111e+01 | 69  0.01510 -2.68565e+02
 70  0.01663  3.25383e+01 | 71  0.15720 -2.07041e+02 | 72 -0.06427 -2.43528e+02
 73 -0.04416 -2.15546e+02 | 74 -0.04429 -5.48095e+00 | 75 -0.24216 -2.06835e+01
 76 -0.68093 -3.52629e+01 | 77 -0.76088  1.48181e+02 | 78 -0.63585  9.80415e+01
 79 -0.69389  8.53656e+01 | 80 -0.65527  2.09247e+02 | 81 -0.83427 -1.57720e+01
 82 -0.85856 -3.24363e+01 | 83 -0.77261  1.63990e+02 | 84 -0.74317 -5.35157e+00
 85 -0.76644  1.17925e+02 | 86 -0.80147  2.06668e+01 | 87 -0.93826 -2.21345e+01
 88 -0.80606  9.80526e-02 | 89 -0.80251  2.05675e+01 | 90 -0.81290 -2.34850e+00
 91 -0.74904  5.52591e+01 | 92 -0.79075 -4.35532e+00 | 93 -0.78769 -1.45807e+01
 94 -0.82861  7.35154e+01 | 95 -1.09825  1.28649e+02 | 96 -0.93519 -2.34849e-05
 97  0.26337  6.63245e-04 | 98 -0.79796 -4.15844e-06 | 99  0.36880 -7.26878e+02
100  0.20722 -6.20422e+02 |101  0.15885 -3.38245e+02 |102  0.08553 -1.51503e+03
103 -0.16524  2.04298e+02 |104 -0.20010  5.94822e+02 |105 -0.15893  2.56779e+02
106 -0.00122  1.17741e+03 |107  0.16908  9.68804e+02 |108 -0.01910  1.79862e+03
109  0.15971  9.61942e+02 |110  0.10587  7.51948e+02 |111  0.13698 -2.28778e+02
112 -0.04012 -8.22403e+01 |113 -0.34810  1.84545e+02 |114 -0.20125  1.50163e+02
115 -0.23597  1.09497e+02 |116 -0.21780  8.81001e+01 |117  1.59410 -2.95780e+01
118  1.93754 -3.34970e+02 |119  0.18171 -3.43030e+03 |120 -0.23196 -3.43387e+03
121  0.05850 -3.44418e+03 |122 -0.03902 -3.40648e+03 |123  0.15450 -3.22610e+03
124 -0.20135 -3.24098e+03 |125  0.05093 -3.13669e+03 |126  0.01442 -3.11907e+03
127  0.01677 -2.99763e+03 |128  0.00252 -2.98676e+03 |129 -0.05081 -2.98165e+03
130  0.05276 -2.73354e+03 |131  0.00319 -2.77817e+03 |132 -0.02958 -2.79909e+03
133  0.00443 -2.72423e+03 |134  0.02219 -2.64980e+03 |135 -0.00938 -2.67503e+03
136  0.00599 -2.66263e+03 |137 -0.02191 -2.63527e+03 |138  0.00537 -2.55998e+03
139  0.01470 -2.58412e+03 |140 -0.00318 -2.67260e+03 |141  0.01234 -2.63891e+03
142 -0.00689 -2.64125e+03 |143 -0.00367 -2.63850e+03 |144 -0.01513 -2.56139e+03
145  0.01868 -2.62872e+03 |146 -0.01182 -2.60459e+03 |147  0.01233 -2.53950e+03
148 -0.02902 -2.52742e+03 |149  0.00948 -2.33355e+03 |150  0.01976 -2.23484e+03
151  0.00059 -1.99450e+03 |152 -0.01231 -1.98424e+03 |153 -0.00515 -1.99207e+03
154  0.00150 -1.96886e+03 |155 -0.00522 -1.73343e+03 |156 -0.01352 -1.67882e+03
157  0.01026 -1.60426e+03 |158  0.00097 -1.66618e+03 |159  0.00212 -1.55016e+03
160  0.01099 -1.42638e+03 |161 -0.00073 -1.36225e+03 |162 -0.01249 -1.32728e+03
163  0.00393 -1.25419e+03 |164  0.00408 -1.21399e+03 |165  0.00197 -1.06023e+03
166 -0.00386 -1.05320e+03 |167 -0.00807 -1.00434e+03 |168  0.00475 -9.90532e+02
169  0.02865 -1.06433e+03 |170 -0.04359 -1.09630e+03 |171  0.01653 -1.08225e+03
172  0.01195 -1.12754e+03 |173 -0.00390 -1.07030e+03 |174  0.00597 -9.66576e+02
175 -0.00547 -9.63536e+02 |176 -0.00503 -9.41260e+02 |177  0.00090 -8.71077e+02
178 -0.01177 -8.14501e+02 |179 -0.00026 -7.48029e+02 |180  0.00088 -5.59791e+02
181  0.00639 -3.60381e+02 |182 -0.00770 -9.64723e+01 |183 -0.00068 -5.08500e+01
184  0.00035  8.68755e-02 |185  0.00034  8.53123e-02 |186 -0.00000 -2.13013e-14
187  0.01322 -2.72451e+03 |188  0.03148 -2.67545e+03 |189 -0.03977 -2.68307e+03
190  0.00546 -2.36777e+03 |191 -0.01725 -2.14789e+03 |192  0.04496 -1.95802e+03
193 -0.03851 -1.83020e+03 |194  0.01857 -1.75484e+03 |195 -0.03152 -1.60614e+03
196  0.01363 -1.53110e+03 |197  0.01861 -1.45028e+03 |198 -0.02792 -1.28714e+03
199  0.01148 -9.98194e+02 |200  0.00785 -9.13314e+02 |201 -0.00899 -9.32845e+02
202  0.00458 -1.15756e+03 |203 -0.00483 -1.10822e+03 |204  0.00946 -1.01583e+03
205 -0.00676 -1.35390e+03 |206  0.00451 -1.52131e+03 |207 -0.00876 -1.46713e+03
208  0.00917 -1.65374e+03 |209 -0.00313 -1.56321e+03 |210 -0.01338 -1.56974e+03
211  0.00746 -1.12083e+03 |212  0.01283 -1.31795e+03 |213 -0.01508 -1.91983e+03
214  0.00526 -2.13565e+03 |215  0.00118 -1.92728e+03 |216  0.01149 -2.07217e+03
217 -0.01508 -2.35573e+03 |218  0.00086 -2.49054e+03 |219  0.01100 -2.17375e+03
220  0.00072 -2.18482e+03 |221 -0.01317 -2.23975e+03 |222  0.00404 -1.88342e+03
223  0.00954 -1.61855e+03 |224 -0.00296 -1.73839e+03 |225 -0.01570 -1.71740e+03
226  0.01026 -1.61834e+03 |227  0.00976 -1.57909e+03 |228 -0.01287 -1.58251e+03
229  0.00529 -1.79847e+03 |230 -0.00072 -1.65452e+03 |231 -0.00603 -1.51920e+03
232 -0.00062 -1.77732e+03 |233 -0.00041 -1.40879e+03 |234  0.00324 -1.63769e+03
235 -0.00020 -1.66339e+03 |236 -0.00311 -1.60970e+03 |237 -0.00503 -1.32042e+03
238  0.01295 -1.23918e+03 |239 -0.01388 -1.27644e+03 |240  0.00699 -1.28697e+03
241  0.00953 -1.11089e+03 |242  0.00756 -8.29413e+02 |243 -0.00713 -8.17803e+02
244 -0.02587 -8.43697e+02 |245  0.01850 -5.23201e+02 |246  0.00597 -1.98848e+02
247 -0.00685  1.37485e+01 |248 -0.00527  8.61877e+01 |249  0.00705  3.01654e+02
250  0.00040  6.24271e+02 |251 -0.00342 -1.29191e+02 |252  0.00000 -1.36558e-03
253 -0.00001 -5.39213e-03 |254  0.00000  2.45112e-13 |255 -0.01196 -1.45709e+03
256  0.01112 -2.76366e+02 |257  0.01004 -1.87798e+02 |258  0.00430 -1.94687e+02
259  0.00060 -9.72210e+01 |260 -0.01150 -1.08736e+02 |261  0.02000  2.19115e+02
262 -0.00822  3.94428e+01 |263  0.00655  2.51900e+02 |264 -0.02893  3.39854e+02
265  0.00590  4.55726e+02 |266  0.00417  7.81014e+02 |267 -0.00837  9.29856e+02
268  0.00388  9.80801e+02 |269 -0.00243  6.76643e+02 |270 -0.00558  7.05517e+02
271  0.00975  1.16077e+03 |272 -0.00284  1.18049e+03 |273  0.00314  8.22955e+02
274  0.00205  7.30925e+02 |275 -0.00176  7.14848e+02 |276 -0.00822  5.51054e+02
277  0.00953  1.01846e+03 |278  0.00704  1.05228e+03 |279 -0.00996  1.18429e+03
280 -0.00245  1.20029e+03 |281  0.01236  7.92538e+02 |282 -0.01018  2.65837e+02
283  0.00236  4.46334e+02 |284  0.00496  3.07007e+02 |285 -0.00361 -1.16183e+02
286 -0.00829 -3.05230e+02 |287  0.00679  1.98269e+02 |288  0.00337  4.36554e+01
289  0.01063  3.01560e+02 |290 -0.01006  5.90631e+02 |291 -0.00536  8.42909e+02
292  0.01105  8.60151e+02 |293 -0.00222  5.78161e+02 |294 -0.00743  8.18112e+02
295 -0.00131  1.09451e+03 |296  0.00534  1.36712e+03 |297 -0.00519  1.10057e+03
298  0.00298  1.27294e+03 |299  0.00895  1.64047e+03 |300 -0.00427  1.24275e+03
301  0.00324  1.04309e+03 |302 -0.00429  6.34553e+02 |303  0.00162  3.38252e+02
304 -0.00599  1.50198e+02 |305  0.00290  4.16286e+02 |306 -0.00354  4.16243e+02
307  0.01016  4.86757e+02 |308 -0.00597  3.39209e+02 |309 -0.00055  4.84967e+02
310  0.00591  4.67566e+02 |311  0.00186  4.37874e+02 |312  0.01315  6.81355e+02
313 -0.01894  8.52977e+02 |314  0.00176  1.25125e+03 |315  0.00656  1.56954e+03
316  0.00116  1.31219e+03 |317 -0.00157  1.27291e+03 |318  0.00326  1.16321e+03
319 -0.00528  4.38837e+02 |320  0.00005  6.44165e-03 |321  0.00003  2.45260e-03
322  0.00000  4.94969e-12 |
322 variables; iteration 180; function evaluation 194; phase 5
Function value 3.1779002e+03; maximum gradient component mag -6.4904e+03
Var    Value     Gradient |Var    Value     Gradient |Var    Value     Gradient
  1 -0.03392 -6.49038e+03 |  2 -0.04448 -1.47942e+01 |  3  0.24791  1.28153e+02
  4  0.14003  1.47228e+02 |  5 -0.09515 -1.98386e+00 |  6  0.14076  4.71806e+01
  7  0.01007  1.67543e+01 |  8 -0.08619 -9.38522e+01 |  9  0.02471 -1.10063e+02
 10  0.01853  1.43396e+02 | 11  0.20354  1.09727e+02 | 12 -0.07570  1.59420e+02
 13 -0.05376  1.04504e+02 | 14 -0.10081  1.48353e+02 | 15 -0.15159  1.37217e+02
 16  0.24329  4.44260e+02 | 17 -0.00736  1.52065e+02 | 18 -0.07983  1.43421e+02
 19 -0.05064  1.93958e+02 | 20 -0.00249  2.25522e+02 | 21 -0.07853  1.85553e+02
 22  0.03481  2.90392e+02 | 23 -0.09305  1.92912e+02 | 24 -0.04267  1.95230e+02
 25  0.00046  1.72187e+02 | 26  0.02069  2.49617e+02 | 27 -0.11152  1.58080e+02
 28  0.00105  2.20211e+02 | 29  0.06686  4.20433e+02 | 30 -0.06154  2.07849e+02
 31 -0.22727  1.58746e+02 | 32  0.05013  3.75055e+02 | 33  0.04877  2.11164e+02
 34  0.05207  2.45592e+02 | 35  0.05419  3.34079e+02 | 36 -0.05730  1.38838e+02
 37 -0.01625  1.71078e+02 | 38  0.05802  1.79805e+02 | 39 -0.11450  8.83511e+01
 40  0.20737  4.33640e+02 | 41  0.03217  1.89915e+02 | 42  0.06673  1.99019e-01
 43 -0.07961  3.93550e+01 | 44  0.17413  1.51901e+02 | 45 -0.04119  1.17302e+02
 46 -0.03387  1.13938e+02 | 47 -0.03213 -2.19562e+02 | 48 -0.09415 -5.96142e+00
 49  0.11393 -2.65352e+02 | 50  0.00483 -1.87373e+02 | 51  0.00432  2.00168e+01
 52  0.01620 -2.57306e+02 | 53 -0.03359 -3.19144e+01 | 54  0.08092 -5.80522e+02
 55  0.00946 -3.25508e+02 | 56 -0.05580 -2.42956e+02 | 57 -0.06261 -2.24759e+02
 58  0.09566 -5.55154e+02 | 59 -0.04525 -3.36803e+02 | 60  0.02813 -3.93441e+02
 61  0.00728 -1.53292e+02 | 62  0.07047 -4.51121e+02 | 63  0.09347 -9.89132e+02
 64 -0.06741 -2.61343e+02 | 65 -0.01214 -3.84663e+02 | 66  0.03440 -5.02190e+02
 67  0.00459 -4.38011e+02 | 68 -0.04050 -1.21806e+00 | 69  0.01696 -2.56974e+02
 70  0.01378  4.57658e+01 | 71  0.15496 -2.65106e+02 | 72 -0.06430 -1.10068e+02
 73 -0.04136 -4.61960e+01 | 74 -0.04122  2.17693e+02 | 75 -0.24652  7.01316e-01
 76 -0.72606 -1.00025e+01 | 77 -0.76966  1.99932e+02 | 78 -0.63943  2.16689e+02
 79 -0.73656  9.28845e+01 | 80 -0.67609  2.53863e+02 | 81 -0.84788  2.34153e+01
 82 -0.85409  3.41734e+01 | 83 -0.78553  1.99620e+02 | 84 -0.72735  8.73674e+01
 85 -0.77838  1.78056e+02 | 86 -0.79790  1.29556e+02 | 87 -1.23212 -1.17413e+02
 88 -0.79671  7.45982e+01 | 89 -0.79898  8.38921e+01 | 90 -0.80926  4.54586e+01
 91 -0.78294  2.27066e+01 | 92 -0.79624 -2.36806e+00 | 93 -0.81660 -4.68975e+01
 94 -0.82741  6.96384e+01 | 95 -1.08694  1.27674e+02 | 96 -0.93516 -7.43551e-05
 97  0.26189  4.15285e-03 | 98 -0.79796 -4.15843e-06 | 99  0.34330 -7.49694e+02
100  0.16138 -9.07692e+02 |101  0.20955 -7.14566e+02 |102  0.08591 -1.42265e+03
103 -0.16554  7.84985e+01 |104 -0.20193  3.73904e+02 |105 -0.15920  1.51930e+02
106 -0.00111  4.15751e+02 |107  0.16895  5.71593e+02 |108 -0.01981  1.21793e+03
109  0.15987  6.61346e+02 |110  0.10184  5.69785e+02 |111  0.14260 -1.86660e+02
112 -0.04395 -1.92851e+02 |113 -0.34353  1.20000e+03 |114 -0.20002  4.68663e+02
115 -0.23554  2.28534e+02 |116 -0.21611  1.41609e+02 |117  1.60958 -3.09161e+01
118  1.99248 -3.45848e+02 |119  0.15512 -3.49603e+03 |120 -0.21698 -3.48042e+03
121  0.07969 -3.47325e+03 |122 -0.04528 -3.46184e+03 |123  0.02910 -3.37389e+03
124 -0.01990 -3.37440e+03 |125 -0.03037 -3.33427e+03 |126  0.05540 -3.25733e+03
127  0.02109 -3.18643e+03 |128 -0.00048 -3.18809e+03 |129 -0.04460 -3.18932e+03
130  0.02791 -3.08191e+03 |131 -0.00246 -3.09736e+03 |132 -0.02028 -3.09357e+03
133  0.00611 -3.01760e+03 |134  0.01263 -2.93219e+03 |135  0.00025 -2.91963e+03
136  0.00551 -2.90994e+03 |137 -0.01726 -2.88049e+03 |138  0.00042 -2.82489e+03
139  0.01206 -2.84525e+03 |140  0.00590 -2.88689e+03 |141 -0.02051 -2.87231e+03
142  0.02139 -2.84427e+03 |143 -0.00476 -2.81124e+03 |144 -0.01933 -2.75013e+03
145  0.02003 -2.74413e+03 |146 -0.00969 -2.70328e+03 |147  0.01072 -2.64069e+03
148 -0.02279 -2.61873e+03 |149 -0.00040 -2.43158e+03 |150  0.03032 -2.31401e+03
151 -0.00728 -2.08843e+03 |152 -0.01841 -2.07109e+03 |153  0.02251 -2.03087e+03
154 -0.02226 -2.04254e+03 |155  0.00918 -1.71317e+03 |156 -0.01995 -1.69371e+03
157  0.00430 -1.63146e+03 |158  0.00728 -1.64080e+03 |159 -0.00338 -1.56062e+03
160  0.01471 -1.38795e+03 |161 -0.00499 -1.33386e+03 |162 -0.00910 -1.28825e+03
163  0.00033 -1.23524e+03 |164  0.00584 -1.15507e+03 |165  0.00547 -9.80766e+02
166 -0.00652 -9.90559e+02 |167 -0.01085 -9.37585e+02 |168  0.00758 -9.14297e+02
169  0.01799 -1.05188e+03 |170 -0.03047 -1.05502e+03 |171  0.01224 -1.13418e+03
172  0.01401 -1.15606e+03 |173 -0.00334 -1.10111e+03 |174  0.01127 -1.00823e+03
175 -0.01975 -1.01178e+03 |176  0.00392 -9.67326e+02 |177  0.00065 -9.22840e+02
178 -0.00978 -8.79457e+02 |179 -0.00451 -8.45310e+02 |180  0.00440 -5.88768e+02
181  0.00433 -4.24245e+02 |182 -0.01120 -1.46956e+02 |183  0.00209 -6.40248e+01
184 -0.00295 -7.04857e-01 |185 -0.00291 -6.95197e-01 |186  0.00000  3.43718e-13
187  0.01902 -3.90047e+03 |188  0.05341 -3.65263e+03 |189 -0.06212 -3.65137e+03
190  0.01323 -3.21951e+03 |191 -0.00918 -3.13722e+03 |192 -0.00308 -2.99863e+03
193  0.02342 -2.84587e+03 |194 -0.02805 -2.83228e+03 |195 -0.00494 -2.64963e+03
196  0.01478 -2.26261e+03 |197  0.00326 -2.29332e+03 |198 -0.01797 -2.16484e+03
199  0.01091 -1.88161e+03 |200  0.01051 -1.79814e+03 |201 -0.01305 -1.86485e+03
202  0.00585 -1.81840e+03 |203 -0.00659 -1.69147e+03 |204  0.01090 -1.51812e+03
205 -0.00838 -1.78756e+03 |206  0.00826 -1.74394e+03 |207 -0.00918 -1.70714e+03
208  0.00735 -1.74941e+03 |209 -0.00039 -1.52311e+03 |210 -0.01831 -1.59358e+03
211  0.01635 -1.15499e+03 |212  0.00513 -1.32820e+03 |213 -0.01243 -1.82118e+03
214  0.00399 -1.96683e+03 |215  0.00069 -1.72209e+03 |216  0.01178 -1.88188e+03
217 -0.01156 -2.02652e+03 |218 -0.00756 -2.22209e+03 |219  0.02059 -1.88193e+03
220 -0.00337 -1.78466e+03 |221 -0.01257 -1.80692e+03 |222  0.00557 -1.50932e+03
223  0.00533 -1.21143e+03 |224 -0.00251 -1.35448e+03 |225 -0.01437 -1.32868e+03
226  0.00968 -1.21795e+03 |227  0.01074 -1.20081e+03 |228 -0.01436 -1.19858e+03
229  0.00733 -1.30131e+03 |230 -0.00279 -1.21887e+03 |231 -0.00446 -1.09006e+03
232 -0.00070 -1.20823e+03 |233 -0.00119 -8.66071e+02 |234  0.00264 -1.05048e+03
235  0.00299 -9.70996e+02 |236 -0.00501 -9.89543e+02 |237 -0.00626 -8.66052e+02
238  0.01568 -8.06804e+02 |239 -0.01580 -1.00131e+03 |240  0.00652 -8.21858e+02
241  0.01133 -6.03656e+02 |242  0.00580 -4.03444e+02 |243 -0.00671 -3.35369e+02
244 -0.02822 -3.47396e+02 |245  0.02209 -2.42726e+02 |246  0.00680 -1.20196e+02
247 -0.01116 -9.90388e+01 |248 -0.00207  5.84465e+01 |249  0.00734  1.93901e+02
250 -0.00002  4.83882e+02 |251 -0.00240 -1.26611e+02 |252 -0.00364 -9.12631e-01
253 -0.00366 -9.18522e-01 |254  0.00000  7.56335e-13 |255 -0.02290 -3.14989e+03
256  0.01076 -2.01378e+03 |257  0.01039 -1.93968e+03 |258  0.00090 -1.78681e+03
259  0.00227 -1.76687e+03 |260  0.00277 -1.80010e+03 |261  0.00528 -1.54857e+03
262  0.00645 -1.70923e+03 |263 -0.01543 -1.55792e+03 |264 -0.02221 -1.10323e+03
265  0.00977 -9.32443e+02 |266  0.00300 -6.12033e+02 |267 -0.00926 -5.21457e+02
268  0.00186 -3.75363e+02 |269 -0.00089 -4.75395e+02 |270 -0.00425 -2.13906e+02
271  0.01172  2.07034e+02 |272 -0.00569  1.85913e+02 |273  0.00337 -8.01721e+00
274  0.00100  4.73261e+01 |275 -0.00243  1.17367e+02 |276 -0.00667  1.70407e+02
277  0.01107  7.55082e+02 |278  0.00525  7.05630e+02 |279 -0.01380  9.20108e+02
280  0.00297  9.33631e+02 |281  0.00913  6.61793e+02 |282 -0.00685  3.21454e+02
283  0.00233  4.78889e+02 |284  0.00148  3.12458e+02 |285 -0.00250  1.60359e+02
286 -0.00267  1.13367e+02 |287 -0.00207  4.67177e+02 |288  0.00708  4.37027e+02
289  0.01079  7.41758e+02 |290 -0.00977  1.00742e+03 |291 -0.00270  1.27438e+03
292  0.00875  1.19876e+03 |293 -0.00156  9.07345e+02 |294 -0.00737  1.14035e+03
295 -0.00157  1.35802e+03 |296  0.00493  1.53361e+03 |297 -0.00549  1.33567e+03
298  0.00470  1.46946e+03 |299  0.00511  1.71449e+03 |300 -0.00170  1.57926e+03
301  0.00288  1.28311e+03 |302 -0.00449  8.96547e+02 |303  0.00082  6.77116e+02
304 -0.00364  5.36967e+02 |305  0.00325  6.17089e+02 |306 -0.00449  5.34201e+02
307  0.00759  4.80883e+02 |308 -0.00360  5.57698e+02 |309 -0.00165  6.92941e+02
310  0.00571  6.87932e+02 |311  0.00187  8.00623e+02 |312  0.01818  1.20794e+03
313 -0.02314  1.15473e+03 |314  0.00195  1.34475e+03 |315  0.00768  1.38513e+03
316 -0.00004  1.07085e+03 |317 -0.00200  9.22291e+02 |318  0.00186  8.68557e+02
319 -0.00411  3.53453e+02 |320 -0.00578 -1.45962e+00 |321 -0.00590 -1.49189e+00
322  0.00000  1.92871e-11 |
322 variables; iteration 200; function evaluation 215; phase 5
Function value 3.1029682e+03; maximum gradient component mag -3.5055e+03
Var    Value     Gradient |Var    Value     Gradient |Var    Value     Gradient
  1 -0.03700 -7.17314e+02 |  2  0.09697  7.94671e+00 |  3  0.23458  1.07036e+02
  4  0.20354  2.29752e+02 |  5 -0.10057 -3.31341e+00 |  6  0.14334  6.11569e+01
  7  0.06003  9.23594e+01 |  8 -0.04475 -3.10120e+01 |  9  0.07549 -3.38496e+01
 10 -0.05439 -1.98144e+01 | 11  0.21169  1.55028e+01 | 12 -0.17897  1.14830e+01
 13 -0.03149  3.48069e+01 | 14 -0.16199  3.35630e+01 | 15 -0.18012  4.39818e+01
 16  0.23753  2.06211e+02 | 17  0.01244  8.48547e+01 | 18 -0.11742  4.39972e+01
 19 -0.02554  1.32072e+02 | 20 -0.01064  1.16434e+02 | 21 -0.07098  1.40366e+02
 22  0.04446  2.42746e+02 | 23 -0.09542  9.98037e+01 | 24 -0.03858  1.18254e+02
 25 -0.00677  9.41007e+01 | 26  0.02650  1.55918e+02 | 27 -0.10804  1.05859e+02
 28  0.01422  1.55097e+02 | 29  0.06869  3.89124e+02 | 30 -0.05596  1.76229e+02
 31 -0.22031  6.43329e+01 | 32  0.05329  3.01301e+02 | 33  0.06342  2.29609e+02
 34  0.06251  2.42231e+02 | 35  0.06570  2.94438e+02 | 36 -0.07587  3.05957e+01
 37 -0.00054  1.68339e+02 | 38  0.07317  1.76905e+02 | 39 -0.13653  1.97252e+01
 40  0.21728  4.57441e+02 | 41  0.03167  1.40581e+02 | 42  0.06946 -3.06460e+01
 43 -0.06950  1.05176e+01 | 44  0.17729  1.03222e+02 | 45 -0.04020 -3.53806e+00
 46 -0.02589  5.13378e+01 | 47 -0.02340 -2.12716e+02 | 48 -0.09450 -8.80655e+01
 49  0.11564 -2.83232e+02 | 50  0.00831 -1.51563e+02 | 51  0.00847 -4.67702e+01
 52  0.02013 -2.35351e+02 | 53 -0.03461 -9.13682e+01 | 54  0.08407 -3.69518e+02
 55  0.01290 -1.45617e+02 | 56 -0.05552 -3.07062e+02 | 57 -0.05129 -8.52620e+01
 58  0.09822 -5.53071e+01 | 59 -0.03853 -2.79320e+02 | 60  0.03161 -1.89440e+02
 61  0.01110 -3.14195e+01 | 62  0.07580 -1.07004e+02 | 63  0.09845 -5.72516e+02
 64 -0.07106 -2.23796e+02 | 65 -0.00910 -1.36732e+02 | 66  0.03961 -3.46404e+02
 67  0.00899 -2.76822e+02 | 68 -0.03615  1.02721e+02 | 69  0.02499 -4.41153e+02
 70  0.01565  1.55797e+01 | 71  0.15909 -6.61699e+01 | 72 -0.05547 -1.56005e+02
 73 -0.02498 -5.29164e+01 | 74 -0.03592  1.75476e+02 | 75 -0.29808 -1.13669e+01
 76 -0.72441 -3.12616e+01 | 77 -0.80193  3.79717e+01 | 78 -0.67812  9.41224e+01
 79 -0.74647  5.19008e+01 | 80 -0.71563  1.32824e+02 | 81 -0.80045  9.32643e+01
 82 -0.86085 -7.65558e+00 | 83 -0.81647  6.28013e+01 | 84 -0.73024  4.86036e+01
 85 -0.78413  1.18376e+02 | 86 -0.78231  9.47863e+01 | 87 -1.11114  8.27093e+00
 88 -0.78498  5.51026e+01 | 89 -0.79876  5.55890e+01 | 90 -0.80785  1.99624e+01
 91 -0.79592 -1.10101e+01 | 92 -0.80183 -1.24847e+01 | 93 -0.82525 -5.96501e+01
 94 -0.83620  4.24163e+01 | 95 -1.07913  1.34176e+02 | 96 -0.93509 -5.52557e-05
 97  0.25845  1.68245e-03 | 98 -0.79796 -4.15838e-06 | 99  0.35617 -7.10382e+02
100  0.23719 -7.83461e+02 |101  0.12623 -3.16788e+02 |102  0.08695 -9.53551e+02
103 -0.16612  2.98239e+02 |104 -0.19990  7.69466e+02 |105 -0.16004  3.71519e+02
106 -0.00070 -5.91870e+02 |107  0.16912  2.83391e+02 |108 -0.01994  7.38600e+02
109  0.16204  3.08854e+02 |110  0.09241  2.95743e+02 |111  0.15023 -1.39666e+02
112 -0.04824 -5.08803e+01 |113 -0.33926  6.08426e+02 |114 -0.20184  2.72932e+02
115 -0.21943  1.46001e+02 |116 -0.25739  5.00037e+01 |117  1.66114 -3.77840e+01
118  2.12932 -1.18751e+02 |119  0.14835 -3.36272e+03 |120 -0.19782 -3.37088e+03
121  0.07744 -3.36716e+03 |122 -0.05560 -3.37889e+03 |123  0.06065 -3.31799e+03
124 -0.06633 -3.34536e+03 |125  0.02145 -3.31416e+03 |126  0.02208 -3.30083e+03
127  0.01874 -3.22622e+03 |128  0.02264 -3.21958e+03 |129 -0.02740 -3.23079e+03
130 -0.02705 -3.22232e+03 |131  0.00534 -3.19836e+03 |132 -0.00943 -3.17370e+03
133  0.00398 -3.14619e+03 |134  0.00475 -3.10672e+03 |135  0.00440 -3.07877e+03
136  0.00084 -3.08373e+03 |137 -0.01388 -3.02848e+03 |138  0.00403 -2.98315e+03
139  0.00339 -3.01459e+03 |140  0.00587 -2.99553e+03 |141 -0.00608 -2.96370e+03
142  0.00869 -2.94987e+03 |143 -0.00082 -2.93639e+03 |144 -0.02402 -2.86742e+03
145  0.03174 -2.72758e+03 |146 -0.01642 -2.72563e+03 |147  0.00997 -2.67863e+03
148 -0.01873 -2.64759e+03 |149 -0.00697 -2.47594e+03 |150  0.03891 -2.36239e+03
151 -0.02483 -2.19273e+03 |152 -0.00661 -2.13253e+03 |153  0.01958 -2.09740e+03
154 -0.01875 -2.10579e+03 |155  0.01282 -1.80884e+03 |156 -0.01847 -1.80002e+03
157 -0.00705 -1.75941e+03 |158  0.02088 -1.66783e+03 |159 -0.01480 -1.63669e+03
160  0.01383 -1.44402e+03 |161 -0.00345 -1.35624e+03 |162 -0.00672 -1.28973e+03
163 -0.00023 -1.24625e+03 |164  0.00872 -1.13656e+03 |165  0.00548 -1.01293e+03
166 -0.00763 -1.03418e+03 |167 -0.01499 -9.78777e+02 |168  0.00823 -8.97591e+02
169  0.02171 -9.91048e+02 |170 -0.02869 -9.96143e+02 |171  0.01139 -1.08964e+03
172  0.01269 -1.12246e+03 |173 -0.00191 -1.06427e+03 |174  0.01046 -9.81489e+02
175 -0.01491 -9.83983e+02 |176 -0.00803 -9.62325e+02 |177  0.00730 -8.59014e+02
178 -0.00894 -8.19938e+02 |179 -0.00681 -7.89323e+02 |180  0.00526 -5.03270e+02
181  0.00297 -3.63383e+02 |182 -0.00807 -1.16634e+02 |183  0.00093 -4.74956e+01
184  0.00166  4.10042e-01 |185  0.00164  4.04227e-01 |186 -0.00000 -4.84464e-13
187 -0.00234 -3.50545e+03 |188  0.03307 -3.28844e+03 |189 -0.04587 -3.36423e+03
190  0.02590 -3.16060e+03 |191 -0.00761 -3.06027e+03 |192  0.00772 -3.03212e+03
193 -0.01327 -3.02333e+03 |194 -0.02071 -2.95690e+03 |195  0.00884 -2.77327e+03
196  0.01308 -2.48070e+03 |197 -0.00981 -2.44952e+03 |198  0.00625 -2.24657e+03
199 -0.00290 -2.36139e+03 |200  0.01122 -2.17305e+03 |201 -0.00992 -2.12784e+03
202  0.00502 -2.06419e+03 |203 -0.00748 -1.99502e+03 |204  0.01022 -1.74857e+03
205 -0.00161 -1.96428e+03 |206  0.00079 -2.16852e+03 |207 -0.00471 -2.08860e+03
208  0.00124 -2.12933e+03 |209  0.00281 -1.67718e+03 |210 -0.00826 -1.72477e+03
211 -0.00011 -1.47922e+03 |212  0.01077 -1.54060e+03 |213 -0.01064 -1.68228e+03
214  0.00467 -1.85283e+03 |215 -0.00289 -1.65565e+03 |216  0.01367 -1.85127e+03
217 -0.01097 -1.81784e+03 |218 -0.01129 -1.99794e+03 |219  0.03221 -1.74832e+03
220 -0.01158 -1.63125e+03 |221 -0.01296 -1.65894e+03 |222  0.00613 -1.42310e+03
223  0.00248 -1.13139e+03 |224 -0.00176 -1.36608e+03 |225 -0.01111 -1.29766e+03
226  0.00855 -1.20906e+03 |227  0.01250 -1.10122e+03 |228 -0.01578 -1.16070e+03
229  0.00681 -1.05775e+03 |230 -0.00235 -9.48464e+02 |231 -0.00559 -8.94052e+02
232  0.00112 -8.17887e+02 |233 -0.00236 -5.54402e+02 |234  0.00350 -6.78247e+02
235  0.00150 -4.95322e+02 |236 -0.00354 -4.45311e+02 |237 -0.00665 -4.78802e+02
238  0.01535 -3.57831e+02 |239 -0.01556 -5.53570e+02 |240  0.00546 -3.64774e+02
241  0.01160 -5.80063e+01 |242  0.00738  1.31828e+02 |243 -0.00492  1.92798e+02
244 -0.02499  1.39170e+02 |245  0.01547  2.10293e+02 |246  0.00815  3.18306e+02
247 -0.01038  3.01538e+02 |248 -0.00153  5.00298e+02 |249  0.00759  4.94937e+02
250 -0.00163  5.88832e+02 |251 -0.00055 -8.18819e+01 |252  0.00304  7.49259e-01
253  0.00312  7.68605e-01 |254 -0.00000 -1.30706e-12 |255 -0.00003 -1.34634e+03
256  0.01385 -1.27782e+02 |257  0.00655 -3.10539e+02 |258 -0.00927 -3.93123e+02
259  0.00658 -4.35742e+02 |260  0.00108 -2.40044e+02 |261  0.00366 -1.61343e+02
262  0.02044 -1.22906e+02 |263 -0.02393  8.44581e+00 |264 -0.01978  3.53142e+02
265  0.01186  4.75584e+02 |266 -0.00346  8.02969e+02 |267 -0.00495  5.29308e+02
268 -0.00053  8.86881e+02 |269  0.00005  8.88669e+02 |270 -0.00173  1.19625e+03
271  0.01020  1.47461e+03 |272 -0.00544  1.47985e+03 |273 -0.00122  1.27895e+03
274  0.00701  1.47629e+03 |275 -0.00527  1.49587e+03 |276 -0.00190  1.58739e+03
277  0.00662  2.04932e+03 |278  0.00229  1.96438e+03 |279 -0.00270  2.22161e+03
280 -0.00523  2.20874e+03 |281  0.00904  2.09088e+03 |282 -0.00673  1.81462e+03
283  0.00470  1.94474e+03 |284 -0.00275  1.59830e+03 |285  0.00102  1.54577e+03
286 -0.00252  1.46803e+03 |287 -0.01319  1.69911e+03 |288  0.01637  1.83224e+03
289  0.01212  2.09890e+03 |290 -0.01056  2.26495e+03 |291  0.00103  2.40760e+03
292  0.00318  2.15101e+03 |293  0.00124  2.02373e+03 |294 -0.00996  2.18629e+03
295  0.00082  2.58647e+03 |296  0.00151  2.58700e+03 |297 -0.00257  2.62373e+03
298  0.00567  2.70415e+03 |299  0.00275  2.74401e+03 |300 -0.00153  2.78859e+03
301  0.00362  2.46512e+03 |302 -0.00738  2.10310e+03 |303  0.00578  2.11391e+03
304 -0.00300  1.84374e+03 |305 -0.00048  1.63698e+03 |306 -0.00300  1.63945e+03
307  0.00758  1.47118e+03 |308 -0.00375  1.52562e+03 |309 -0.00088  1.69241e+03
310  0.00326  1.52236e+03 |311  0.00447  1.64212e+03 |312  0.01164  1.76430e+03
313 -0.01688  1.70955e+03 |314  0.00132  1.69350e+03 |315  0.00587  1.56534e+03
316  0.00059  1.33628e+03 |317 -0.00152  1.09018e+03 |318  0.00109  8.72987e+02
319 -0.00467  2.94382e+02 |320  0.00560  1.37526e+00 |321  0.00579  1.42167e+00
322 -0.00000 -2.44227e-11 |
322 variables; iteration 220; function evaluation 235; phase 5
Function value 3.0376783e+03; maximum gradient component mag -2.9465e+03
Var    Value     Gradient |Var    Value     Gradient |Var    Value     Gradient
  1 -0.03480 -7.92198e+02 |  2  0.12455  5.31493e+00 |  3  0.11917  1.79787e+01
  4  0.18856  2.15593e+02 |  5 -0.12707 -6.34270e+00 |  6  0.14147  1.04635e+02
  7  0.00559 -4.66317e+00 |  8 -0.02365 -3.19277e+01 |  9  0.05483 -2.65606e+01
 10  0.01945  3.10029e+01 | 11  0.20704  1.79685e+01 | 12 -0.10794  3.17774e+01
 13 -0.04916  1.29290e+01 | 14 -0.09844  7.44889e+01 | 15 -0.17614  3.98325e+01
 16  0.22746  6.89867e+01 | 17 -0.01661  2.05172e+01 | 18 -0.07800  9.40379e+01
 19 -0.03717  1.00673e+02 | 20 -0.01375  8.37530e+01 | 21 -0.09286  7.65370e+01
 22  0.03807  1.55693e+02 | 23 -0.10846  8.55811e+01 | 24 -0.02583  1.16394e+02
 25 -0.01066  5.43538e+01 | 26  0.02155  1.06310e+02 | 27 -0.10160  7.65081e+01
 28  0.01508  1.41728e+02 | 29  0.05236  1.82317e+02 | 30 -0.06891  1.56808e+02
 31 -0.23486  3.02327e+01 | 32  0.05024  1.83935e+02 | 33  0.06018  1.92947e+02
 34  0.07039  2.02370e+02 | 35  0.05641  2.01381e+02 | 36 -0.04836  7.49507e+01
 37 -0.00758  1.19232e+02 | 38  0.06765  1.09848e+02 | 39 -0.17867 -4.75029e+01
 40  0.21962  3.82148e+02 | 41  0.01555  5.79680e+01 | 42  0.07923  3.13469e+01
 43 -0.07455 -2.39254e+01 | 44  0.17608  1.34841e+02 | 45 -0.04325 -3.41935e+01
 46 -0.03126 -3.90625e+01 | 47 -0.01597 -8.28256e+01 | 48 -0.10180 -8.30322e+01
 49  0.11279 -2.85729e+02 | 50  0.00253 -1.52933e+02 | 51  0.00915 -3.22616e+01
 52  0.01711 -2.41476e+02 | 53 -0.03588 -7.28185e+01 | 54  0.08056 -3.37712e+02
 55  0.00571 -1.73437e+02 | 56 -0.05828 -2.90800e+02 | 57 -0.05259 -7.36710e+01
 58  0.09181 -1.93301e+01 | 59 -0.03253 -1.31849e+02 | 60  0.02551 -1.63932e+02
 61  0.00784  4.53449e+01 | 62  0.07021 -7.59899e+01 | 63  0.09510 -4.85870e+02
 64 -0.07575 -2.04015e+02 | 65 -0.01306 -4.72584e+01 | 66  0.03542 -2.52737e+02
 67  0.00779 -2.25298e+02 | 68 -0.04597  9.02791e+00 | 69  0.03227 -3.00906e+02
 70  0.00920 -4.40761e+01 | 71  0.15498 -9.68971e+00 | 72 -0.04634 -6.48210e+01
 73 -0.01156  6.63804e+01 | 74 -0.05067  1.04899e+02 | 75 -0.34703  5.16751e-01
 76 -0.67547  1.95514e+01 | 77 -0.79827  4.91730e+01 | 78 -0.68366  8.36042e+01
 79 -0.75928  3.19756e+01 | 80 -0.74588  6.48664e+01 | 81 -0.82389  2.12224e+01
 82 -0.85405  1.03877e+01 | 83 -0.82726  2.54812e+01 | 84 -0.75424  6.17177e+00
 85 -0.82048  1.79770e+01 | 86 -0.80671  4.66670e+01 | 87 -1.18430 -1.59269e+01
 88 -0.81976  8.73069e+00 | 89 -0.80879  2.21082e+01 | 90 -0.80281  2.92714e+01
 91 -0.79640 -9.97266e+00 | 92 -0.79192  1.48971e+01 | 93 -0.80873 -2.96529e+01
 94 -0.84629  5.40634e+00 | 95 -1.07569  1.37559e+02 | 96 -0.93496 -2.12658e-05
 97  0.25397  2.95985e-04 | 98 -0.79795 -4.15830e-06 | 99  0.34816 -6.17677e+02
100  0.20337 -4.31366e+02 |101  0.14742  3.91117e+01 |102  0.08829 -4.42605e+02
103 -0.16558  2.31995e+02 |104 -0.20314  4.45108e+02 |105 -0.16373  2.58529e+02
106 -0.00037 -1.23575e+03 |107  0.17003 -1.04448e+00 |108 -0.02162  1.10603e+02
109  0.16331 -4.19342e+01 |110  0.07586  1.00011e+02 |111  0.15604 -1.11449e+02
112 -0.04996 -2.66562e+01 |113 -0.33645  4.41527e+02 |114 -0.20422  8.65468e+01
115 -0.25295  2.83981e+01 |116 -0.22920  3.47068e+01 |117  1.61229 -2.51086e+01
118  2.21324  7.71936e+01 |119  0.16266 -2.87691e+03 |120 -0.18829 -2.92610e+03
121  0.05726 -2.93236e+03 |122 -0.06013 -2.94650e+03 |123  0.02026 -2.88204e+03
124 -0.01015 -2.88053e+03 |125  0.01691 -2.85531e+03 |126  0.01766 -2.85036e+03
127  0.01315 -2.80440e+03 |128  0.04828 -2.78321e+03 |129 -0.07508 -2.80199e+03
130 -0.00337 -2.77777e+03 |131  0.00718 -2.75682e+03 |132 -0.00876 -2.75137e+03
133  0.00932 -2.72570e+03 |134  0.00081 -2.72776e+03 |135  0.00020 -2.70123e+03
136  0.00287 -2.72290e+03 |137 -0.01530 -2.67453e+03 |138 -0.00188 -2.62148e+03
139  0.00619 -2.64856e+03 |140  0.00819 -2.59856e+03 |141 -0.00622 -2.57212e+03
142  0.01249 -2.55120e+03 |143 -0.00244 -2.59113e+03 |144 -0.02582 -2.54041e+03
145  0.02745 -2.31776e+03 |146 -0.01053 -2.29604e+03 |147  0.02052 -2.24368e+03
148 -0.02812 -2.24938e+03 |149 -0.00540 -2.08776e+03 |150  0.03938 -2.01698e+03
151 -0.01837 -1.86662e+03 |152 -0.02164 -1.85070e+03 |153  0.02388 -1.78160e+03
154 -0.01250 -1.79152e+03 |155  0.00312 -1.61394e+03 |156 -0.02700 -1.59748e+03
157  0.00366 -1.49834e+03 |158  0.01783 -1.39872e+03 |159 -0.00054 -1.34817e+03
160  0.00195 -1.24131e+03 |161  0.00520 -1.14153e+03 |162 -0.01132 -1.10543e+03
163  0.01085 -1.09494e+03 |164 -0.00413 -1.10489e+03 |165 -0.00536 -1.01220e+03
166  0.00247 -9.32090e+02 |167 -0.00386 -8.75316e+02 |168 -0.00329 -9.00148e+02
169  0.02441 -9.78820e+02 |170 -0.03641 -9.91335e+02 |171  0.01292 -9.60950e+02
172  0.01409 -9.47445e+02 |173  0.00241 -8.81464e+02 |174  0.02765 -8.07225e+02
175 -0.02291 -8.18931e+02 |176 -0.01472 -8.05715e+02 |177 -0.00072 -7.53659e+02
178 -0.00197 -6.84108e+02 |179 -0.00740 -6.71425e+02 |180  0.00133 -4.45218e+02
181  0.01149 -2.93064e+02 |182 -0.01633 -1.72734e+02 |183 -0.00298 -6.63341e+01
184  0.00380  9.37957e-01 |185  0.00375  9.24965e-01 |186 -0.00000 -7.56679e-14
187  0.00971 -1.89052e+03 |188  0.01726 -1.56065e+03 |189 -0.02293 -1.61213e+03
190  0.01209 -1.55380e+03 |191  0.00496 -1.65419e+03 |192 -0.03630 -1.63406e+03
193  0.02534 -1.61801e+03 |194 -0.01991 -1.56605e+03 |195  0.00380 -1.41303e+03
196  0.01162 -1.12057e+03 |197 -0.00196 -1.11532e+03 |198  0.00217 -1.03714e+03
199 -0.00358 -1.22982e+03 |200  0.00654 -1.27492e+03 |201 -0.00837 -1.19317e+03
202  0.00244 -1.12088e+03 |203  0.00315 -1.01918e+03 |204  0.00059 -1.03298e+03
205 -0.00082 -1.17324e+03 |206  0.00896 -1.33670e+03 |207 -0.01415 -1.40409e+03
208  0.00576 -1.43601e+03 |209 -0.00441 -1.38308e+03 |210  0.00498 -1.20790e+03
211 -0.00549 -1.13781e+03 |212  0.00575 -1.26645e+03 |213 -0.00641 -1.14862e+03
214  0.00287 -1.21409e+03 |215 -0.00041 -1.22780e+03 |216  0.00771 -1.32120e+03
217 -0.00895 -1.17172e+03 |218 -0.01117 -1.29891e+03 |219  0.03651 -1.10371e+03
220 -0.01397 -9.29978e+02 |221 -0.00903 -9.66558e+02 |222 -0.00057 -8.25366e+02
223  0.00463 -6.03347e+02 |224  0.00456 -7.72238e+02 |225 -0.01808 -7.46243e+02
226  0.00731 -7.01257e+02 |227  0.00576 -6.02954e+02 |228 -0.00238 -4.90337e+02
229  0.00013 -6.47551e+02 |230 -0.00075 -4.42353e+02 |231 -0.00714 -3.97767e+02
232  0.00658 -2.62316e+02 |233 -0.00360 -1.37798e+02 |234  0.00178 -1.77084e+02
235  0.00010 -6.85245e+00 |236 -0.00170  7.06557e+01 |237 -0.00884  4.35820e+01
238  0.01685  9.78768e+01 |239 -0.01267  2.58690e+01 |240  0.00634  4.89856e+01
241  0.01009  5.73003e+01 |242  0.00313  1.27304e+02 |243 -0.00693  3.10655e+02
244 -0.01351  3.07851e+02 |245  0.00682  2.73397e+02 |246  0.01241  3.38541e+02
247 -0.01146  1.68795e+02 |248 -0.00100  2.83396e+02 |249  0.00442  2.36887e+02
250 -0.00347  3.04511e+02 |251  0.00918 -3.10031e+01 |252  0.00414  1.02153e+00
253  0.00416  1.02532e+00 |254 -0.00000 -6.21127e-13 |255 -0.00413  1.66408e+02
256  0.01707  7.69851e+02 |257  0.00223  5.72645e+02 |258 -0.00300  3.87216e+02
259 -0.00106  2.57122e+02 |260  0.03536  6.29588e+02 |261 -0.02840  6.22888e+02
262  0.01479  6.20010e+02 |263 -0.02107  7.16964e+02 |264 -0.01677  1.08802e+03
265  0.01397  1.15581e+03 |266 -0.00906  1.20280e+03 |267 -0.00182  1.10986e+03
268 -0.00044  1.23254e+03 |269  0.00173  1.27972e+03 |270  0.00071  1.40772e+03
271  0.00216  1.29659e+03 |272  0.00047  1.23941e+03 |273 -0.00140  1.07055e+03
274  0.00467  1.09715e+03 |275 -0.00090  1.01101e+03 |276 -0.00484  9.67754e+02
277  0.00622  1.20407e+03 |278 -0.00172  1.07493e+03 |279  0.00004  1.34584e+03
280 -0.00235  1.28857e+03 |281  0.00381  1.18387e+03 |282 -0.00117  1.14332e+03
283 -0.00093  1.03424e+03 |284  0.00215  9.49218e+02 |285  0.00070  1.05086e+03
286 -0.00479  8.49548e+02 |287 -0.01443  1.10794e+03 |288  0.01899  1.21047e+03
289  0.00844  1.43412e+03 |290 -0.00598  1.56105e+03 |291 -0.00133  1.51768e+03
292  0.00177  1.33773e+03 |293  0.00555  1.37965e+03 |294 -0.00893  1.44510e+03
295 -0.00133  1.59887e+03 |296 -0.00420  1.62393e+03 |297  0.00260  1.62305e+03
298  0.00558  1.63826e+03 |299  0.00281  1.59509e+03 |300 -0.00595  1.64576e+03
301  0.00407  1.51960e+03 |302 -0.00454  1.35395e+03 |303  0.00486  1.39386e+03
304 -0.00251  1.23457e+03 |305  0.00253  1.09449e+03 |306 -0.00612  9.74076e+02
307  0.00769  8.86422e+02 |308 -0.00416  8.55249e+02 |309 -0.00191  9.19933e+02
310  0.00521  8.77886e+02 |311  0.00526  1.05787e+03 |312  0.00387  1.12232e+03
313 -0.00731  1.04576e+03 |314 -0.00048  7.76484e+02 |315  0.00377  4.61898e+02
316 -0.00024  2.81086e+02 |317 -0.00156  8.54636e+01 |318  0.00156  8.46554e+01
319 -0.00917 -2.24968e+02 |320  0.00673  1.65985e+00 |321  0.00688  1.69496e+00
322 -0.00000 -2.41183e-11 |
322 variables; iteration 240; function evaluation 256; phase 5
Function value 3.0052518e+03; maximum gradient component mag -2.5633e+03
Var    Value     Gradient |Var    Value     Gradient |Var    Value     Gradient
  1 -0.03488  7.56683e+02 |  2  0.15088  1.46397e+01 |  3  0.07354 -9.16908e+00
  4  0.12898  1.08087e+02 |  5 -0.15983 -2.10107e+01 |  6  0.11738  6.12691e+01
  7 -0.00073 -6.05936e+00 |  8 -0.02325 -2.72606e+01 |  9  0.06046  4.72168e+00
 10  0.00831  3.45518e+00 | 11  0.21724  6.72514e+01 | 12 -0.14066 -6.90973e-01
 13 -0.04426 -4.99712e+00 | 14 -0.10286  5.35203e+01 | 15 -0.14509  3.45809e+01
 16  0.22701  8.24857e+01 | 17  0.01031  4.28884e+01 | 18 -0.08488  5.69809e+01
 19 -0.04625  4.47420e+01 | 20 -0.01284  7.75908e+01 | 21 -0.09859  4.07766e+01
 22  0.04209  1.59576e+02 | 23 -0.10514  7.05368e+01 | 24 -0.03323  7.27878e+01
 25  0.00542  9.54621e+01 | 26  0.01956  8.77404e+01 | 27 -0.12031  2.33016e+01
 28  0.01551  1.21272e+02 | 29  0.05796  2.00337e+02 | 30 -0.08514  7.86964e+01
 31 -0.24173 -5.66959e+00 | 32  0.05099  1.59258e+02 | 33  0.05285  1.53312e+02
 34  0.06979  1.57687e+02 | 35  0.05243  1.59443e+02 | 36 -0.03448  9.44263e+01
 37 -0.00938  9.35263e+01 | 38  0.06360  7.29746e+01 | 39 -0.16811 -5.01586e+01
 40  0.21787  3.12790e+02 | 41  0.02249  6.49760e+01 | 42  0.08399  6.12716e+01
 43 -0.07331 -3.12748e+01 | 44  0.17632  1.07231e+02 | 45 -0.04679 -7.82969e+01
 46 -0.03340 -6.14009e+01 | 47 -0.01134 -1.19980e+01 | 48 -0.09992 -8.04094e+01
 49  0.11494 -1.96602e+02 | 50  0.00142 -1.72725e+02 | 51  0.00798 -2.48215e+01
 52  0.01658 -2.39058e+02 | 53 -0.03831 -1.17935e+02 | 54  0.08210 -2.45576e+02
 55  0.00746 -1.11906e+02 | 56 -0.05326 -1.87276e+02 | 57 -0.05226 -3.38969e+01
 58  0.09106 -1.72813e+01 | 59 -0.03110 -5.38210e+01 | 60  0.02315 -1.52332e+02
 61  0.00560  7.68408e+00 | 62  0.07059 -4.67941e+00 | 63  0.09558 -3.45037e+02
 64 -0.06868 -1.17109e+02 | 65 -0.01072 -1.89008e+01 | 66  0.03680 -1.73072e+02
 67  0.00825 -1.92967e+02 | 68 -0.04735 -2.94645e+01 | 69  0.03375 -1.98267e+02
 70  0.00883 -8.76740e+01 | 71  0.15640  8.96907e+00 | 72 -0.04120  2.17293e+00
 73 -0.01585  4.11319e+01 | 74 -0.05619  2.89972e+01 | 75 -0.39749  1.75722e+01
 76 -0.67332  1.16048e+01 | 77 -0.79309  5.65781e+01 | 78 -0.68785  6.05966e+01
 79 -0.74673  3.57396e+01 | 80 -0.76611  2.26370e+01 | 81 -0.83252 -6.01402e+00
 82 -0.84973  1.64544e+01 | 83 -0.83589 -6.02385e+00 | 84 -0.74420  5.80153e+00
 85 -0.81266  2.34187e+01 | 86 -0.82565  1.11598e+01 | 87 -1.15634  1.47787e+01
 88 -0.80458  1.13189e+01 | 89 -0.81347  6.10799e+00 | 90 -0.81302  4.17510e+00
 91 -0.78779  2.40637e+00 | 92 -0.79591  6.89636e+00 | 93 -0.80982 -2.80778e+01
 94 -0.84580  1.54342e+01 | 95 -1.09394  1.37130e+02 | 96 -0.93490 -1.33114e-05
 97  0.25264  7.45616e-07 | 98 -0.79795 -4.15824e-06 | 99  0.32592 -5.47338e+02
100  0.19329 -4.86600e+02 |101  0.13019  7.24399e+01 |102  0.08924 -1.39011e+02
103 -0.16623  8.12266e+01 |104 -0.20535  2.32810e+02 |105 -0.16211  2.45951e+02
106  0.00010  6.62450e+01 |107  0.17001  3.03068e+02 |108 -0.02277  2.70590e+02
109  0.16649  8.18958e+01 |110  0.06469  1.17978e+02 |111  0.16180 -9.04015e+01
112 -0.05159 -5.69297e+01 |113 -0.33761  2.15644e+02 |114 -0.20225  5.92293e+01
115 -0.25581  2.60195e+01 |116 -0.22247  4.16544e+01 |117  1.56617 -2.00833e+01
118  2.17292 -4.87336e+01 |119  0.15972 -2.49630e+03 |120 -0.17698 -2.55699e+03
121  0.04907 -2.55897e+03 |122 -0.05259 -2.56329e+03 |123  0.03026 -2.51530e+03
124 -0.01745 -2.52242e+03 |125 -0.00672 -2.51526e+03 |126  0.02415 -2.48567e+03
127  0.03531 -2.43288e+03 |128  0.03508 -2.43022e+03 |129 -0.07143 -2.44465e+03
130 -0.00420 -2.42679e+03 |131  0.00829 -2.40284e+03 |132 -0.00642 -2.39915e+03
133 -0.00097 -2.40313e+03 |134  0.01201 -2.36960e+03 |135 -0.00585 -2.36855e+03
136  0.00532 -2.36491e+03 |137 -0.00696 -2.32322e+03 |138 -0.01205 -2.31561e+03
139  0.00926 -2.31532e+03 |140 -0.00011 -2.29719e+03 |141 -0.00754 -2.25573e+03
142  0.01384 -2.22586e+03 |143  0.00511 -2.24273e+03 |144 -0.02034 -2.21024e+03
145  0.01858 -2.13469e+03 |146 -0.00726 -2.09927e+03 |147  0.01358 -2.05088e+03
148 -0.02003 -2.04427e+03 |149 -0.00718 -1.92168e+03 |150  0.04328 -1.84287e+03
151 -0.02267 -1.74584e+03 |152 -0.02614 -1.72918e+03 |153  0.02029 -1.62648e+03
154 -0.00363 -1.62811e+03 |155  0.01105 -1.45316e+03 |156 -0.03402 -1.45248e+03
157  0.00084 -1.36611e+03 |158  0.01953 -1.21841e+03 |159 -0.00013 -1.17456e+03
160  0.00489 -1.06506e+03 |161 -0.00106 -9.97446e+02 |162 -0.00887 -9.51351e+02
163  0.01059 -9.46007e+02 |164 -0.00556 -9.57511e+02 |165 -0.00297 -8.44909e+02
166  0.00894 -7.72233e+02 |167 -0.01027 -7.55103e+02 |168 -0.00567 -7.83364e+02
169  0.01840 -8.11721e+02 |170 -0.02472 -7.93780e+02 |171  0.01029 -8.21858e+02
172  0.01215 -8.42387e+02 |173  0.00555 -7.75672e+02 |174  0.02483 -7.17751e+02
175 -0.03029 -7.30147e+02 |176 -0.00632 -7.02558e+02 |177  0.00102 -6.64406e+02
178 -0.00749 -6.15824e+02 |179 -0.00393 -5.91896e+02 |180  0.00198 -3.89999e+02
181  0.00945 -2.60397e+02 |182 -0.00750 -1.27273e+02 |183 -0.01281 -7.79646e+01
184 -0.04001 -9.84648e+00 |185 -0.03945 -9.70918e+00 |186  0.00000  2.17492e-12
187  0.01488 -2.12044e+03 |188  0.01478 -1.82998e+03 |189 -0.02217 -1.89417e+03
190  0.01299 -1.90741e+03 |191 -0.00526 -2.01824e+03 |192  0.00420 -1.98293e+03
193 -0.00711 -2.03699e+03 |194 -0.00454 -1.98154e+03 |195 -0.01953 -1.89838e+03
196  0.02324 -1.57896e+03 |197 -0.00243 -1.61729e+03 |198 -0.00249 -1.62033e+03
199 -0.00338 -1.82093e+03 |200  0.00701 -1.72291e+03 |201 -0.00883 -1.62286e+03
202  0.00262 -1.49427e+03 |203  0.00231 -1.35404e+03 |204  0.00389 -1.38374e+03
205 -0.00539 -1.41083e+03 |206  0.01057 -1.45555e+03 |207 -0.01081 -1.50585e+03
208  0.00400 -1.52280e+03 |209 -0.00192 -1.50609e+03 |210  0.00631 -1.51589e+03
211 -0.01238 -1.48349e+03 |212  0.00653 -1.55857e+03 |213 -0.00339 -1.39152e+03
214  0.00268 -1.42688e+03 |215 -0.00004 -1.48817e+03 |216  0.00602 -1.53588e+03
217 -0.00933 -1.41825e+03 |218 -0.00991 -1.42305e+03 |219  0.03642 -1.23038e+03
220 -0.01298 -1.09203e+03 |221 -0.00690 -1.11188e+03 |222 -0.00463 -1.03245e+03
223  0.00545 -7.90319e+02 |224  0.00444 -8.80550e+02 |225 -0.02198 -8.57124e+02
226  0.01299 -7.65917e+02 |227  0.00233 -7.12021e+02 |228 -0.00126 -5.35092e+02
229  0.00181 -5.80072e+02 |230 -0.00163 -4.09978e+02 |231 -0.00652 -3.84880e+02
232  0.00734 -2.70737e+02 |233 -0.00456 -1.72451e+02 |234  0.00156 -1.27757e+02
235  0.00053  2.63780e+01 |236 -0.00223  1.20067e+02 |237 -0.00844  8.67316e+01
238  0.01454  9.09542e+01 |239 -0.00901  6.24913e+01 |240  0.00483 -5.46395e+00
241  0.01033 -5.22550e+01 |242  0.00423 -1.66555e+01 |243 -0.00970  8.63330e+01
244 -0.01196  1.12456e+02 |245  0.00729  4.31803e+01 |246  0.01078  9.77371e+01
247 -0.00948 -3.07901e+01 |248 -0.00051  5.15426e+01 |249  0.00262  1.07360e+01
250 -0.00378  8.88677e+01 |251  0.00995 -4.29838e+01 |252 -0.04425 -1.08840e+01
253 -0.04437 -1.09129e+01 |254  0.00000  4.91092e-12 |255  0.00165  3.08660e+02
256  0.01695  7.59839e+02 |257  0.00177  5.77151e+02 |258 -0.00488  4.17945e+02
259  0.00269  3.15132e+02 |260  0.00943  4.86432e+02 |261 -0.00211  4.69463e+02
262  0.00806  3.53254e+02 |263 -0.00922  4.17428e+02 |264 -0.02342  7.61053e+02
265  0.01331  7.11755e+02 |266 -0.00902  7.07694e+02 |267 -0.00288  5.37255e+02
268 -0.00104  6.85445e+02 |269  0.00431  7.74666e+02 |270 -0.00053  8.08612e+02
271  0.00307  6.58901e+02 |272 -0.00287  5.08646e+02 |273  0.00254  4.37336e+02
274  0.00194  4.22939e+02 |275 -0.00266  2.74983e+02 |276 -0.00063  2.35282e+02
277  0.00399  2.97048e+02 |278 -0.00255  1.29928e+02 |279  0.00423  3.28517e+02
280 -0.00488  2.47249e+02 |281  0.00192  1.24561e+02 |282 -0.00013  1.15009e+02
283 -0.00085  1.84005e+01 |284  0.00319 -4.72333e+01 |285 -0.00016  7.90471e+01
286 -0.00396 -7.01898e+01 |287 -0.01502  8.29369e+01 |288  0.01988  1.87967e+02
289  0.00537  3.50323e+02 |290 -0.00384  4.91773e+02 |291 -0.00213  4.54584e+02
292  0.00126  3.48589e+02 |293  0.01083  5.14799e+02 |294 -0.01414  5.49907e+02
295  0.00088  7.11428e+02 |296 -0.00532  6.94334e+02 |297  0.00192  7.59052e+02
298  0.00651  8.08423e+02 |299  0.00198  7.25119e+02 |300 -0.00692  7.89370e+02
301  0.00437  8.00329e+02 |302 -0.00436  7.53239e+02 |303  0.00452  8.82097e+02
304 -0.00070  8.31586e+02 |305  0.00231  6.45680e+02 |306 -0.00631  4.71201e+02
307  0.00639  4.02276e+02 |308 -0.00253  3.64331e+02 |309 -0.00270  3.55929e+02
310  0.00497  3.08899e+02 |311  0.00618  5.13171e+02 |312  0.00374  5.43583e+02
313 -0.00848  4.32685e+02 |314  0.00073  2.45487e+02 |315  0.00235 -4.43468e+01
316 -0.00148 -1.61832e+02 |317  0.00058 -2.46849e+02 |318 -0.00042 -2.36791e+02
319 -0.00795 -2.93297e+02 |320 -0.07159 -1.75144e+01 |321 -0.07306 -1.78701e+01
322  0.00000  2.15801e-10 |
322 variables; iteration 260; function evaluation 277; phase 5
Function value 2.9792074e+03; maximum gradient component mag -2.2102e+03
Var    Value     Gradient |Var    Value     Gradient |Var    Value     Gradient
  1 -0.03521  7.51136e+02 |  2  0.13918  1.58150e+01 |  3  0.07583 -1.41572e+01
  4  0.09278  6.33127e+01 |  5 -0.19400 -3.37672e+01 |  6  0.09769  1.47864e+01
  7  0.00440 -1.37103e+00 |  8 -0.00393  2.79547e-01 |  9  0.06415  3.96214e+01
 10  0.01627  5.05973e-01 | 11  0.21480  6.64347e+01 | 12 -0.08536  2.99855e+01
 13 -0.04936 -5.74253e+00 | 14 -0.15543  7.91137e+00 | 15 -0.18054  4.91806e+00
 16  0.23284  1.29370e+02 | 17  0.01446  4.76662e+01 | 18 -0.09077  3.79027e+01
 19 -0.05302  2.80554e+01 | 20 -0.00727  7.78451e+01 | 21 -0.09600  3.31387e+01
 22  0.04262  1.56024e+02 | 23 -0.10968  5.19934e+01 | 24 -0.04062  4.12412e+01
 25  0.00705  9.66572e+01 | 26  0.02471  1.07220e+02 | 27 -0.11490  1.94649e+01
 28  0.01198  9.80681e+01 | 29  0.05936  2.02628e+02 | 30 -0.08282  5.18973e+01
 31 -0.24214 -1.45213e+01 | 32  0.05631  1.58476e+02 | 33  0.05524  1.39212e+02
 34  0.06807  1.41093e+02 | 35  0.05325  1.27987e+02 | 36 -0.03809  5.97548e+01
 37 -0.01362  6.79540e+01 | 38  0.05790  2.75442e+01 | 39 -0.14995 -5.64423e+01
 40  0.21644  1.97320e+02 | 41  0.02406  4.42869e+01 | 42  0.08716  6.27633e+01
 43 -0.07233 -4.04486e+01 | 44  0.17620 -9.26401e+00 | 45 -0.04840 -1.12541e+02
 46 -0.03425 -9.18607e+01 | 47 -0.00847  2.54069e+01 | 48 -0.09894 -9.10586e+01
 49  0.11645 -1.72816e+02 | 50  0.00320 -1.57086e+02 | 51  0.00837 -1.65692e+01
 52  0.01758 -2.20190e+02 | 53 -0.03895 -1.29179e+02 | 54  0.08357 -2.05760e+02
 55  0.00834 -8.48610e+01 | 56 -0.04762 -6.72619e+01 | 57 -0.05279 -3.95969e+01
 58  0.08989 -7.46208e+01 | 59 -0.03400 -7.12495e+01 | 60  0.02109 -1.44261e+02
 61  0.00320 -4.16638e+01 | 62  0.06965 -4.28033e+00 | 63  0.09659 -2.16241e+02
 64 -0.06331 -3.17976e+01 | 65 -0.00988 -4.89699e-01 | 66  0.03880 -7.67073e+01
 67  0.00982 -1.30634e+02 | 68 -0.04795 -3.07645e+01 | 69  0.03645 -7.78046e+01
 70  0.01066 -6.19649e+01 | 71  0.15602 -6.29014e+00 | 72 -0.03811  6.54459e+01
 73 -0.01772  3.01395e+01 | 74 -0.06429 -3.17300e+01 | 75 -0.46041  1.54744e+01
 76 -0.67036  1.18728e+01 | 77 -0.79907  3.56324e+01 | 78 -0.69231  4.99117e+01
 79 -0.75234  2.14987e+01 | 80 -0.75407  3.76423e+01 | 81 -0.83471 -1.16191e+01
 82 -0.84727  2.08183e+01 | 83 -0.82840  6.29798e+00 | 84 -0.74057  5.92615e+00
 85 -0.82569 -8.13910e+00 | 86 -0.84664 -1.40143e+01 | 87 -1.13585  2.99885e+01
 88 -0.81081 -2.87635e+00 | 89 -0.80570  1.13653e+01 | 90 -0.81134  4.11489e+00
 91 -0.80062 -2.21995e+01 | 92 -0.79377  1.13190e+01 | 93 -0.79211  9.85310e+00
 94 -0.85248 -1.20812e+01 | 95 -1.13067  6.17515e+01 | 96 -0.93491 -1.67303e-05
 97  0.25312  1.23504e-04 | 98 -0.79795 -4.15816e-06 | 99  0.35239 -4.59466e+02
100  0.22900 -4.29045e+02 |101  0.15949 -7.09092e+01 |102  0.08976  5.83597e+01
103 -0.16603  2.32026e+01 |104 -0.20662  4.79021e+01 |105 -0.16260  1.54962e+02
106  0.00049  8.91653e+02 |107  0.17018  4.48774e+02 |108 -0.02387  2.43719e+02
109  0.16823  9.16860e+01 |110  0.05520  1.02287e+02 |111  0.16860 -6.94816e+01
112 -0.05167 -6.34121e+01 |113 -0.33739  1.50132e+02 |114 -0.20503  6.83508e+00
115 -0.24861  4.26787e+00 |116 -0.24031  1.58465e+01 |117  1.53261 -1.70530e+01
118  2.16249 -9.36437e+01 |119  0.15214 -2.15043e+03 |120 -0.17073 -2.21021e+03
121  0.04155 -2.20469e+03 |122 -0.03308 -2.20425e+03 |123  0.02195 -2.17565e+03
124 -0.02159 -2.18420e+03 |125 -0.00728 -2.17743e+03 |126  0.03037 -2.14802e+03
127  0.02076 -2.12395e+03 |128  0.03052 -2.11621e+03 |129 -0.06186 -2.13124e+03
130  0.00333 -2.10975e+03 |131  0.00117 -2.11774e+03 |132 -0.01170 -2.11591e+03
133  0.00746 -2.05874e+03 |134  0.00365 -2.04717e+03 |135 -0.00033 -2.02475e+03
136  0.01087 -2.02092e+03 |137 -0.00942 -1.99966e+03 |138 -0.02165 -2.00126e+03
139  0.01792 -1.95220e+03 |140  0.00036 -1.96687e+03 |141 -0.01516 -1.93482e+03
142  0.01548 -1.89822e+03 |143  0.00704 -1.90422e+03 |144 -0.01653 -1.86773e+03
145  0.01568 -1.85592e+03 |146 -0.00270 -1.81356e+03 |147  0.00727 -1.78791e+03
148 -0.01466 -1.77473e+03 |149 -0.00809 -1.69111e+03 |150  0.03836 -1.61708e+03
151 -0.02265 -1.52775e+03 |152 -0.01667 -1.50483e+03 |153  0.01421 -1.45679e+03
154 -0.00428 -1.45749e+03 |155  0.00390 -1.30309e+03 |156 -0.02190 -1.28970e+03
157 -0.00310 -1.22638e+03 |158  0.02179 -1.11087e+03 |159 -0.00280 -1.08382e+03
160  0.00400 -1.00207e+03 |161 -0.00270 -9.35294e+02 |162 -0.00771 -8.86852e+02
163  0.01150 -8.73427e+02 |164 -0.00559 -8.90476e+02 |165  0.00000 -7.83568e+02
166  0.00791 -7.49486e+02 |167 -0.01857 -7.44513e+02 |168 -0.00010 -7.23555e+02
169  0.01938 -7.44197e+02 |170 -0.02892 -7.31575e+02 |171  0.01450 -6.88672e+02
172  0.01592 -7.15713e+02 |173 -0.00116 -6.87583e+02 |174  0.02634 -6.18847e+02
175 -0.02506 -6.30697e+02 |176 -0.01056 -6.09982e+02 |177 -0.00012 -5.70678e+02
178 -0.00666 -5.18477e+02 |179  0.00178 -4.90485e+02 |180 -0.00288 -3.60326e+02
181  0.00692 -2.40914e+02 |182 -0.00455 -9.11748e+01 |183 -0.00798 -4.50109e+01
184  0.00367  9.04897e-01 |185  0.00353  8.71903e-01 |186 -0.00000 -2.65013e-12
187  0.00956 -1.90735e+03 |188  0.00930 -1.67443e+03 |189 -0.01583 -1.72820e+03
190  0.00629 -1.79587e+03 |191  0.00346 -1.77861e+03 |192 -0.01967 -1.75509e+03
193  0.00788 -1.78051e+03 |194  0.00379 -1.73053e+03 |195 -0.02495 -1.66978e+03
196  0.02402 -1.45129e+03 |197 -0.00248 -1.50085e+03 |198 -0.00508 -1.51867e+03
199  0.00054 -1.63707e+03 |200  0.00567 -1.61796e+03 |201 -0.01044 -1.50143e+03
202  0.00429 -1.36309e+03 |203  0.00250 -1.25522e+03 |204  0.00328 -1.32057e+03
205 -0.00582 -1.23139e+03 |206  0.01253 -1.24181e+03 |207 -0.01427 -1.28243e+03
208  0.00528 -1.24622e+03 |209  0.00133 -1.18164e+03 |210  0.00329 -1.26509e+03
211 -0.01301 -1.25130e+03 |212  0.00709 -1.37812e+03 |213 -0.00432 -1.21651e+03
214  0.00570 -1.17583e+03 |215 -0.00236 -1.32982e+03 |216  0.00499 -1.35717e+03
217 -0.00714 -1.24358e+03 |218 -0.00660 -1.26478e+03 |219  0.02900 -1.17984e+03
220 -0.01081 -1.12108e+03 |221 -0.00573 -1.16368e+03 |222 -0.00396 -1.06027e+03
223  0.00659 -8.56471e+02 |224 -0.00056 -9.13880e+02 |225 -0.01836 -8.58193e+02
226  0.01227 -7.75534e+02 |227  0.00335 -7.20448e+02 |228 -0.00369 -5.74216e+02
229  0.00510 -6.12102e+02 |230 -0.00322 -5.20510e+02 |231 -0.00539 -4.69931e+02
232  0.00661 -4.06894e+02 |233 -0.00446 -3.05245e+02 |234  0.00208 -1.95155e+02
235  0.00137 -1.11753e+02 |236 -0.00284 -5.58485e+01 |237 -0.00969 -8.46816e+01
238  0.01505 -7.80271e+01 |239 -0.01073 -5.45964e+01 |240  0.00583 -9.65627e+01
241  0.01150 -1.31953e+02 |242  0.00507 -1.07848e+02 |243 -0.01314 -1.00540e+02
244 -0.00894 -5.28417e+01 |245  0.00732 -8.83961e+01 |246  0.00861 -7.24417e+01
247 -0.00929 -1.55965e+02 |248  0.00171 -7.51879e+01 |249  0.00216 -1.07748e+02
250 -0.00550 -6.05590e+01 |251  0.00736 -7.76632e+01 |252  0.00576  1.42159e+00
253  0.00585  1.44234e+00 |254 -0.00000 -7.86337e-12 |255 -0.00312 -3.05744e+02
256  0.01707  2.28567e+02 |257 -0.00191  7.58961e+01 |258 -0.00254  3.90854e+01
259  0.00125  3.06316e+01 |260  0.02220  2.19008e+02 |261 -0.01628  1.97644e+02
262  0.00119  1.47857e+02 |263  0.00195  2.21333e+02 |264 -0.02560  4.27183e+02
265  0.01313  4.02086e+02 |266 -0.00923  3.95349e+02 |267 -0.00322  2.82480e+02
268  0.00009  3.54409e+02 |269  0.00487  4.57303e+02 |270 -0.00196  4.56986e+02
271  0.00216  3.08420e+02 |272 -0.00313  1.69514e+02 |273  0.00504  2.34489e+02
274  0.00143  1.77063e+02 |275 -0.00225  3.13301e+01 |276 -0.00085  1.28815e+01
277  0.00311 -4.43345e+00 |278  0.00060 -1.77381e+02 |279  0.00300 -1.42508e+02
280 -0.00708 -2.92225e+02 |281  0.00264 -3.74895e+02 |282 -0.00207 -3.87697e+02
283  0.00112 -4.51653e+02 |284  0.00376 -5.19344e+02 |285 -0.00243 -4.88742e+02
286 -0.00233 -5.96163e+02 |287 -0.01060 -5.36362e+02 |288  0.01631 -5.13113e+02
289  0.00430 -4.00729e+02 |290 -0.00365 -2.37102e+02 |291 -0.00444 -2.95284e+02
292  0.00397 -3.05739e+02 |293  0.00948 -1.89893e+02 |294 -0.01281 -1.49111e+02
295  0.00003 -3.01863e+01 |296 -0.00238 -8.41728e+00 |297 -0.00136 -4.68198e+01
298  0.00700  2.88491e+01 |299  0.00133 -2.31750e+01 |300 -0.00689  5.81762e+01
301  0.00387  1.51661e+02 |302 -0.00391  2.11074e+02 |303  0.00471  3.85530e+02
304 -0.00154  3.45635e+02 |305  0.00417  2.56352e+02 |306 -0.00711  7.22171e+01
307  0.00806  7.00164e+01 |308 -0.00401 -8.42654e+00 |309 -0.00348  5.80244e+00
310  0.00601  2.39594e+01 |311  0.00690  1.70348e+02 |312  0.00123  1.20341e+02
313 -0.00770  7.20457e+01 |314  0.00163 -5.93104e+01 |315  0.00133 -3.04403e+02
316 -0.00249 -3.37635e+02 |317  0.00199 -3.15594e+02 |318 -0.00021 -2.72805e+02
319 -0.00703 -2.30609e+02 |320  0.02108  5.19781e+00 |321  0.02226  5.48860e+00
322 -0.00000 -1.05357e-11 |
322 variables; iteration 280; function evaluation 300; phase 5
Function value 2.9623136e+03; maximum gradient component mag -2.1381e+03
Var    Value     Gradient |Var    Value     Gradient |Var    Value     Gradient
  1 -0.03474 -1.00722e+03 |  2  0.10762  8.83396e+00 |  3  0.09264 -1.12937e+01
  4  0.07824  5.20647e+01 |  5 -0.23974 -4.46707e+01 |  6  0.08793 -4.94559e+00
  7  0.01256 -9.31435e-01 |  8  0.01047  1.77351e+01 |  9  0.06153  2.12051e+01
 10  0.00975  9.72239e+00 | 11  0.21830  6.51253e+01 | 12 -0.08538  4.02787e+01
 13 -0.04776  1.42804e+01 | 14 -0.16266  1.43780e+01 | 15 -0.15225  3.15738e+01
 16  0.23427  4.48201e+01 | 17  0.02161  5.39120e+01 | 18 -0.10083  3.00274e+01
 19 -0.05635  5.64668e+00 | 20 -0.00760  4.97215e+01 | 21 -0.09160  2.50859e+01
 22  0.03518  6.48391e+01 | 23 -0.11395  2.30098e+01 | 24 -0.04033  2.96217e+01
 25  0.01200  5.75198e+01 | 26  0.02003  5.10003e+01 | 27 -0.11102  2.04579e+01
 28  0.01486  5.33062e+01 | 29  0.06033  1.06207e+02 | 30 -0.09654  8.69066e+00
 31 -0.20262  3.75609e-01 | 32  0.04273  4.20506e+01 | 33  0.04750  4.37578e+01
 34  0.06670  8.79515e+01 | 35  0.05292  5.63255e+01 | 36 -0.04773  2.16797e+01
 37 -0.01792  4.46149e+01 | 38  0.05954 -2.85004e+01 | 39 -0.15127 -4.67004e+01
 40  0.21683  6.51259e+01 | 41  0.02601  3.90538e+01 | 42  0.08412 -9.50089e+00
 43 -0.06860 -2.48300e+01 | 44  0.17398 -9.51512e+01 | 45 -0.04192 -5.00405e+01
 46 -0.03132 -5.05889e+01 | 47 -0.00953  2.57714e+01 | 48 -0.09732 -5.81626e+01
 49  0.11626 -1.00551e+02 | 50  0.00604 -5.10890e+01 | 51  0.00713 -1.36401e+01
 52  0.02102 -7.47778e+01 | 53 -0.04088 -9.62194e+01 | 54  0.08450 -7.40598e+01
 55  0.00622 -4.80815e+01 | 56 -0.04703 -3.66108e+00 | 57 -0.05295 -7.38810e+00
 58  0.08811 -6.02966e+01 | 59 -0.03455 -4.84024e+01 | 60  0.01998 -8.66693e+01
 61  0.00097 -5.91251e+01 | 62  0.06871 -6.46494e+00 | 63  0.09702 -1.41076e+02
 64 -0.06329  6.48598e+00 | 65 -0.01250 -9.59104e+00 | 66  0.03915 -2.40113e+01
 67  0.01227 -2.57753e+01 | 68 -0.04793 -3.08596e+00 | 69  0.04051  2.50863e+01
 70  0.01201  1.88223e+01 | 71  0.15506  3.44848e+00 | 72 -0.04328  2.10609e+01
 73 -0.01972  1.58607e+01 | 74 -0.06614 -9.30292e+00 | 75 -0.52477  6.98436e+00
 76 -0.67105  7.97327e-01 | 77 -0.79951  2.71469e+01 | 78 -0.69616  3.32428e+01
 79 -0.77393 -1.08110e+01 | 80 -0.76071  2.23604e+01 | 81 -0.82375  7.14807e+00
 82 -0.84566  2.36448e+01 | 83 -0.82824  4.62827e+00 | 84 -0.73807  8.02793e+00
 85 -0.82380 -4.98041e+00 | 86 -0.82887 -4.90847e+00 | 87 -1.14028  3.05770e+01
 88 -0.80159  4.66007e+00 | 89 -0.80882  2.33459e+00 | 90 -0.81141  8.62830e-01
 91 -0.78865 -1.91559e+00 | 92 -0.79681  4.72111e+00 | 93 -0.78869  1.66651e+01
 94 -0.85132 -7.73506e+00 | 95 -1.14128  2.10383e+01 | 96 -0.93463 -1.32589e-05
 97  0.24773  1.14651e-06 | 98 -0.79794 -4.15802e-06 | 99  0.31330 -3.87003e+02
100  0.17603 -4.95413e+02 |101  0.15068 -3.78423e+02 |102  0.08996  1.53672e+02
103 -0.16562  5.02520e+01 |104 -0.20625  2.36716e+00 |105 -0.16409  6.16484e+01
106  0.00093  7.23191e+02 |107  0.17006  3.36531e+02 |108 -0.02486  1.19919e+02
109  0.17272  5.19068e+01 |110  0.04195  5.82827e+01 |111  0.17608 -5.18819e+01
112 -0.05112 -3.74462e+01 |113 -0.33809  1.04072e+02 |114 -0.20411 -5.99948e+00
115 -0.24982 -6.00458e+00 |116 -0.24434  7.92046e+00 |117  1.50840 -1.44903e+01
118  2.18997 -2.53155e+01 |119  0.15663 -1.73744e+03 |120 -0.16170 -1.80914e+03
121  0.03829 -1.79374e+03 |122 -0.02688 -1.79154e+03 |123  0.01914 -1.77170e+03
124 -0.02409 -1.78096e+03 |125 -0.00215 -1.76998e+03 |126  0.02250 -1.75257e+03
127  0.02710 -1.72545e+03 |128  0.03663 -1.71932e+03 |129 -0.07138 -1.73778e+03
130  0.00070 -1.71754e+03 |131 -0.00036 -1.72267e+03 |132 -0.01106 -1.71482e+03
133  0.00909 -1.66793e+03 |134  0.00052 -1.66011e+03 |135  0.00171 -1.63443e+03
136  0.00934 -1.62271e+03 |137 -0.00742 -1.59941e+03 |138 -0.01804 -1.59909e+03
139  0.01295 -1.57668e+03 |140 -0.00120 -1.57835e+03 |141  0.00730 -1.53694e+03
142 -0.01784 -1.53367e+03 |143  0.02165 -1.49311e+03 |144 -0.01371 -1.46432e+03
145  0.01309 -1.51084e+03 |146 -0.00211 -1.47552e+03 |147  0.00372 -1.45875e+03
148 -0.00991 -1.43529e+03 |149 -0.00758 -1.37319e+03 |150  0.03618 -1.32011e+03
151 -0.01965 -1.23737e+03 |152 -0.01589 -1.22391e+03 |153 -0.00696 -1.20183e+03
154  0.01302 -1.16473e+03 |155 -0.00135 -1.06071e+03 |156 -0.01351 -1.03447e+03
157 -0.00410 -9.93433e+02 |158  0.02078 -9.41694e+02 |159 -0.00667 -9.23435e+02
160  0.00648 -8.50755e+02 |161 -0.00024 -7.90743e+02 |162 -0.01179 -7.57560e+02
163  0.01008 -7.44405e+02 |164 -0.00252 -7.51957e+02 |165 -0.00027 -6.71845e+02
166  0.00786 -6.50494e+02 |167 -0.01790 -6.48575e+02 |168 -0.00278 -6.49135e+02
169  0.02254 -6.12481e+02 |170 -0.02855 -6.08538e+02 |171  0.00951 -5.89356e+02
172  0.02144 -5.81310e+02 |173  0.00516 -5.66579e+02 |174 -0.01175 -5.39786e+02
175 -0.00700 -5.31578e+02 |176  0.00263 -4.98077e+02 |177  0.00162 -4.73663e+02
178 -0.00419 -4.44324e+02 |179 -0.00281 -4.31102e+02 |180 -0.00264 -3.15174e+02
181  0.00507 -2.15378e+02 |182 -0.00037 -8.00840e+01 |183 -0.01444 -5.68463e+01
184 -0.02298 -5.66630e+00 |185 -0.02285 -5.63328e+00 |186 -0.00000 -5.88031e-12
187  0.02451 -2.13810e+03 |188  0.00472 -2.01246e+03 |189 -0.01507 -2.04790e+03
190  0.00915 -2.10866e+03 |191  0.00745 -2.02081e+03 |192 -0.04424 -2.01623e+03
193  0.03221 -1.95928e+03 |194  0.00043 -1.93979e+03 |195 -0.03051 -1.87092e+03
196  0.02591 -1.82546e+03 |197 -0.00325 -1.82569e+03 |198 -0.00340 -1.83695e+03
199  0.00042 -1.89952e+03 |200  0.00686 -1.86867e+03 |201 -0.01237 -1.77155e+03
202  0.00891 -1.63521e+03 |203 -0.00109 -1.63286e+03 |204  0.00443 -1.61790e+03
205 -0.00803 -1.56049e+03 |206  0.01297 -1.49237e+03 |207 -0.01326 -1.50810e+03
208  0.00427 -1.45439e+03 |209  0.00016 -1.37345e+03 |210  0.01459 -1.42974e+03
211 -0.02944 -1.43671e+03 |212  0.01547 -1.48691e+03 |213 -0.00492 -1.39794e+03
214  0.00513 -1.32450e+03 |215 -0.00496 -1.45297e+03 |216  0.00731 -1.37856e+03
217 -0.00511 -1.25714e+03 |218 -0.00983 -1.27144e+03 |219  0.03227 -1.17803e+03
220 -0.01517 -1.13242e+03 |221 -0.00327 -1.13102e+03 |222 -0.00197 -1.05975e+03
223  0.00269 -9.28351e+02 |224 -0.00024 -8.71555e+02 |225 -0.01623 -8.04749e+02
226  0.01122 -6.98793e+02 |227  0.00624 -6.66951e+02 |228 -0.00552 -6.13566e+02
229  0.00342 -6.36728e+02 |230  0.00081 -4.99052e+02 |231 -0.00828 -5.01982e+02
232  0.00715 -4.71085e+02 |233 -0.00372 -4.34411e+02 |234  0.00102 -4.22473e+02
235  0.00222 -3.71689e+02 |236 -0.00383 -3.66627e+02 |237 -0.00815 -3.41820e+02
238  0.01191 -2.79144e+02 |239 -0.00822 -1.91516e+02 |240  0.00387 -2.72471e+02
241  0.01212 -2.08171e+02 |242  0.00771 -1.29233e+02 |243 -0.01172 -2.42552e+02
244 -0.01429 -2.45614e+02 |245  0.01054 -2.36062e+02 |246  0.00596 -2.49297e+02
247 -0.00792 -2.61715e+02 |248  0.00025 -1.63271e+02 |249  0.00373 -1.03879e+02
250 -0.00766 -9.40533e+01 |251  0.00925 -6.20434e+01 |252 -0.02884 -7.10732e+00
253 -0.02967 -7.31073e+00 |254 -0.00000 -9.79439e-12 |255  0.00153 -1.62160e+03
256  0.01378 -1.11141e+03 |257 -0.00168 -1.13989e+03 |258 -0.00524 -1.17642e+03
259  0.00465 -1.01026e+03 |260  0.03122 -8.31205e+02 |261 -0.02974 -7.96937e+02
262  0.00364 -7.52340e+02 |263  0.00807 -6.67678e+02 |264 -0.03189 -6.42008e+02
265  0.01547 -5.75599e+02 |266 -0.01059 -5.81538e+02 |267 -0.00200 -6.41961e+02
268 -0.00075 -6.19698e+02 |269  0.00574 -5.07388e+02 |270 -0.00528 -5.09377e+02
271  0.00452 -4.85169e+02 |272 -0.00300 -5.41060e+02 |273  0.00498 -4.46564e+02
274 -0.00011 -3.85623e+02 |275 -0.00014 -4.02447e+02 |276  0.00018 -4.06267e+02
277  0.00129 -4.80614e+02 |278  0.00027 -5.72879e+02 |279  0.00947 -5.95172e+02
280 -0.01568 -7.05506e+02 |281  0.00539 -6.95558e+02 |282 -0.00154 -6.50197e+02
283  0.00228 -6.41261e+02 |284  0.00248 -7.07027e+02 |285 -0.00405 -7.04274e+02
286  0.00184 -6.66957e+02 |287 -0.01491 -7.05324e+02 |288  0.01991 -6.36278e+02
289  0.00364 -6.16017e+02 |290 -0.00531 -5.11381e+02 |291 -0.00272 -5.61607e+02
292  0.00331 -5.01154e+02 |293  0.00697 -4.73409e+02 |294 -0.00980 -3.85428e+02
295 -0.00129 -3.41778e+02 |296 -0.00285 -3.30915e+02 |297  0.00069 -3.13952e+02
298  0.00280 -3.27686e+02 |299  0.00493 -2.02412e+02 |300 -0.00767 -1.99398e+02
301  0.00304 -1.22717e+02 |302 -0.00214 -9.68629e+01 |303  0.00355 -3.36553e+01
304 -0.00123 -8.78751e+01 |305  0.00162 -1.25967e+02 |306 -0.00417 -1.47608e+02
307  0.00760 -1.57564e+02 |308 -0.00415 -2.57870e+02 |309 -0.00389 -1.43422e+02
310  0.00730 -4.72947e+01 |311  0.00622 -4.14640e+01 |312  0.00219 -1.33205e+02
313 -0.01074 -1.52868e+02 |314  0.00247 -1.23033e+02 |315  0.00121 -1.99872e+02
316 -0.00081 -1.03418e+02 |317  0.00172 -3.20699e+01 |318  0.00144 -5.62134e+00
319 -0.00711 -2.51723e+01 |320 -0.01276 -3.14876e+00 |321 -0.01131 -2.78998e+00
322  0.00000  1.83015e-10 |
322 variables; iteration 300; function evaluation 329; phase 5
Function value 2.9507606e+03; maximum gradient component mag -2.5255e+03
Var    Value     Gradient |Var    Value     Gradient |Var    Value     Gradient
  1 -0.03486 -2.52549e+03 |  2  0.07763 -7.20694e-01 |  3  0.09047 -2.08062e+01
  4  0.06040  3.45130e+01 |  5 -0.26816 -4.99113e+01 |  6  0.08570 -5.91058e-01
  7  0.01097 -9.10216e+00 |  8  0.01350  1.53112e+01 |  9  0.05785  9.19404e+00
 10  0.01244  2.12883e+01 | 11  0.21801  2.77256e+01 | 12 -0.09815  4.12737e+01
 13 -0.04312  2.53172e+01 | 14 -0.16054  2.37901e+01 | 15 -0.17153  2.88413e+01
 16  0.23797  1.77085e+01 | 17  0.00853  3.39585e+01 | 18 -0.10736  3.11322e+01
 19 -0.04917  2.75495e+01 | 20 -0.00690  4.53820e+01 | 21 -0.09595  3.11193e+01
 22  0.03628  3.99357e+01 | 23 -0.11626  3.87786e+01 | 24 -0.03437  3.00886e+01
 25  0.01668  7.06009e+01 | 26  0.02593  4.54977e+01 | 27 -0.11943  2.21906e+01
 28  0.01348  2.65120e+01 | 29  0.06347  8.77470e+01 | 30 -0.08807  2.29531e+01
 31 -0.21013  8.14599e+00 | 32  0.03839  2.33842e+01 | 33  0.04905  2.41013e+01
 34  0.06246  4.49305e+01 | 35  0.05286  4.20474e+01 | 36 -0.04260  2.96328e+01
 37 -0.02033  1.95038e+01 | 38  0.05834 -2.34731e+01 | 39 -0.13458 -4.50874e+01
 40  0.21342 -4.13771e+01 | 41  0.02628  2.28469e+01 | 42  0.08295 -1.62095e+01
 43 -0.06553 -1.43136e+01 | 44  0.17275 -2.06972e+02 | 45 -0.04054 -4.62462e+01
 46 -0.03071 -5.18733e+01 | 47 -0.01094  2.83546e+00 | 48 -0.08979 -3.71517e+00
 49  0.11582 -1.15464e+02 | 50  0.00873 -1.85474e+01 | 51  0.00478 -4.74327e+01
 52  0.02270 -2.92333e+01 | 53 -0.03807 -3.30454e+01 | 54  0.08403 -8.15777e+01
 55  0.00510 -5.37636e+01 | 56 -0.04900 -1.74150e+01 | 57 -0.05259  1.87180e+01
 58  0.08771 -6.66743e+01 | 59 -0.03279 -1.59598e+01 | 60  0.02288  4.92186e-01
 61  0.00245 -1.81528e+01 | 62  0.06727 -5.84929e+01 | 63  0.09789 -8.18569e+01
 64 -0.06497 -6.23305e+00 | 65 -0.01310 -2.17769e+01 | 66  0.03973  1.30065e+01
 67  0.01325  1.72622e+00 | 68 -0.04875 -8.13414e+00 | 69  0.03986  8.28536e+00
 70  0.01086  2.00243e+01 | 71  0.15442  2.08677e+00 | 72 -0.04301  3.39357e+01
 73 -0.01882  3.84699e+01 | 74 -0.06341  1.65959e+01 | 75 -0.55094  7.16859e-02
 76 -0.66727  4.82108e+00 | 77 -0.80270  1.64805e+01 | 78 -0.69978  2.73538e+01
 79 -0.77195 -9.89879e+00 | 80 -0.77272  5.10080e+00 | 81 -0.83005 -5.00769e+00
 82 -0.85263 -8.48420e-01 | 83 -0.83172 -3.93071e+00 | 84 -0.73615  1.16358e+01
 85 -0.82016  2.62478e+00 | 86 -0.83229 -7.29268e+00 | 87 -1.16910  1.81638e+01
 88 -0.81244 -1.69926e+00 | 89 -0.80390  1.27830e+01 | 90 -0.80751  9.58173e+00
 91 -0.79726 -1.59495e+01 | 92 -0.79570  8.21662e+00 | 93 -0.79970 -9.54681e+00
 94 -0.85063 -6.09117e+00 | 95 -1.14711 -5.83130e+00 | 96 -0.93480 -3.97052e-04
 97  0.24956  9.14788e-03 | 98 -0.79793 -4.15781e-06 | 99  0.38764 -3.18971e+02
100  0.22463 -4.06775e+02 |101  0.17194 -4.01477e+02 |102  0.08968  4.25679e+01
103 -0.16581 -1.53578e+01 |104 -0.20552 -2.93483e+01 |105 -0.16469 -6.92619e+00
106  0.00129  9.60708e+02 |107  0.16970  3.30587e+02 |108 -0.02544  1.26592e+02
109  0.17714  8.47270e+01 |110  0.02661  4.25261e+01 |111  0.18280 -4.03507e+01
112 -0.05203 -4.31847e+01 |113 -0.33873  9.65765e+01 |114 -0.20089  4.85763e+01
115 -0.23936  1.16430e+01 |116 -0.26415 -2.54284e+00 |117  1.49515 -1.36091e+01
118  2.19447 -1.75993e+01 |119  0.12838 -1.55660e+03 |120 -0.14779 -1.61197e+03
121  0.04347 -1.58834e+03 |122 -0.02511 -1.59413e+03 |123  0.00941 -1.58252e+03
124 -0.01935 -1.58774e+03 |125 -0.01144 -1.58243e+03 |126  0.02751 -1.56058e+03
127  0.03043 -1.53513e+03 |128  0.02760 -1.53428e+03 |129 -0.05651 -1.55028e+03
130 -0.00756 -1.53460e+03 |131 -0.00524 -1.53328e+03 |132 -0.00470 -1.50421e+03
133  0.00856 -1.47446e+03 |134  0.00164 -1.47183e+03 |135 -0.00244 -1.44938e+03
136  0.01535 -1.41827e+03 |137 -0.01531 -1.40774e+03 |138 -0.01305 -1.39827e+03
139  0.01116 -1.36785e+03 |140  0.00696 -1.34388e+03 |141 -0.00597 -1.32492e+03
142 -0.01088 -1.31171e+03 |143  0.02335 -1.27965e+03 |144 -0.01880 -1.26375e+03
145  0.01775 -1.28312e+03 |146  0.00187 -1.25893e+03 |147 -0.00164 -1.25338e+03
148 -0.00904 -1.23180e+03 |149 -0.00234 -1.18385e+03 |150  0.02829 -1.15027e+03
151 -0.01942 -1.07697e+03 |152 -0.01975 -1.06248e+03 |153  0.01155 -1.01262e+03
154 -0.00212 -1.00978e+03 |155  0.00479 -9.10729e+02 |156 -0.01357 -8.95171e+02
157 -0.01005 -8.80756e+02 |158  0.02367 -8.23493e+02 |159 -0.00990 -8.09533e+02
160  0.01476 -7.39815e+02 |161 -0.00427 -7.13858e+02 |162 -0.01412 -6.95182e+02
163  0.00471 -6.75434e+02 |164  0.00391 -6.45574e+02 |165 -0.00080 -5.91039e+02
166  0.01016 -5.77111e+02 |167 -0.02143 -5.84178e+02 |168 -0.00313 -5.80101e+02
169  0.01958 -5.18668e+02 |170 -0.02700 -4.96856e+02 |171  0.01354 -4.73017e+02
172  0.02015 -4.78971e+02 |173  0.00175 -4.72281e+02 |174  0.01697 -4.30765e+02
175 -0.02474 -4.39776e+02 |176 -0.00364 -4.17807e+02 |177 -0.00223 -4.01582e+02
178 -0.00608 -3.62304e+02 |179  0.00555 -3.36414e+02 |180 -0.00442 -2.70442e+02
181  0.00442 -1.98979e+02 |182 -0.00249 -8.04620e+01 |183 -0.01505 -5.62056e+01
184 -0.00852 -2.03403e+00 |185 -0.00509 -1.18746e+00 |186 -0.00000 -1.07804e-11
187  0.01608 -1.80164e+03 |188  0.00496 -1.74449e+03 |189 -0.01946 -1.81841e+03
190  0.01063 -1.82844e+03 |191  0.00449 -1.82859e+03 |192 -0.03075 -1.82067e+03
193  0.02489 -1.80820e+03 |194 -0.00215 -1.79839e+03 |195 -0.02899 -1.74954e+03
196  0.02184 -1.69306e+03 |197 -0.00424 -1.67766e+03 |198 -0.00020 -1.65845e+03
199 -0.00058 -1.61437e+03 |200  0.00715 -1.56644e+03 |201 -0.00937 -1.51382e+03
202  0.00526 -1.45693e+03 |203  0.00292 -1.43700e+03 |204  0.00067 -1.44838e+03
205 -0.00647 -1.37686e+03 |206  0.00993 -1.36560e+03 |207 -0.00901 -1.35295e+03
208  0.00296 -1.31132e+03 |209 -0.00086 -1.23528e+03 |210  0.01380 -1.24824e+03
211 -0.02532 -1.26442e+03 |212  0.01411 -1.26075e+03 |213 -0.00681 -1.23690e+03
214  0.00349 -1.19821e+03 |215 -0.00275 -1.18732e+03 |216  0.00749 -1.10714e+03
217 -0.00603 -1.02815e+03 |218 -0.00600 -1.01369e+03 |219  0.02414 -9.71236e+02
220 -0.00922 -9.63154e+02 |221 -0.00601 -9.72117e+02 |222  0.00222 -9.26205e+02
223 -0.00089 -8.58163e+02 |224  0.00129 -7.33115e+02 |225 -0.01498 -6.99803e+02
226  0.00900 -6.53152e+02 |227  0.00908 -6.15227e+02 |228 -0.00969 -6.24236e+02
229  0.00665 -5.68294e+02 |230 -0.00260 -5.21587e+02 |231 -0.00560 -4.64687e+02
232  0.00640 -4.39674e+02 |233 -0.00379 -4.33014e+02 |234  0.00126 -4.56009e+02
235  0.00226 -4.30594e+02 |236 -0.00266 -4.24072e+02 |237 -0.00839 -4.06324e+02
238  0.01311 -3.45934e+02 |239 -0.01192 -3.66931e+02 |240  0.00579 -3.43743e+02
241  0.01158 -3.55927e+02 |242  0.00507 -3.26534e+02 |243 -0.00901 -3.25777e+02
244 -0.01355 -3.30521e+02 |245  0.00936 -2.75834e+02 |246  0.00650 -2.89402e+02
247 -0.00771 -2.85412e+02 |248 -0.00112 -2.33002e+02 |249  0.00353 -1.71295e+02
250 -0.00650 -9.77938e+01 |251  0.01013 -4.40590e+01 |252  0.01089  2.71371e+00
253 -0.00788 -1.91882e+00 |254  0.00000  1.02904e-10 |255 -0.00192 -1.73622e+03
256  0.01232 -1.27341e+03 |257 -0.00161 -1.30602e+03 |258 -0.00385 -1.31546e+03
259  0.00426 -1.28012e+03 |260  0.02418 -1.21481e+03 |261 -0.02338 -1.21354e+03
262  0.00480 -1.18185e+03 |263  0.00478 -1.12507e+03 |264 -0.02932 -1.08445e+03
265  0.01428 -1.03206e+03 |266 -0.01135 -1.02616e+03 |267  0.00017 -9.81905e+02
268 -0.00094 -9.79073e+02 |269  0.00255 -9.57836e+02 |270 -0.00253 -9.24862e+02
271  0.00175 -9.04629e+02 |272  0.00082 -8.70786e+02 |273  0.00352 -8.34632e+02
274  0.00025 -7.86117e+02 |275 -0.00320 -7.96205e+02 |276  0.00183 -7.47167e+02
277  0.00204 -7.68053e+02 |278  0.00065 -7.96221e+02 |279  0.00445 -8.12746e+02
280 -0.01215 -8.18071e+02 |281  0.00759 -7.98618e+02 |282 -0.00134 -7.89072e+02
283  0.00100 -7.97916e+02 |284  0.00207 -8.54226e+02 |285 -0.00370 -8.15303e+02
286  0.00065 -7.75992e+02 |287 -0.00788 -7.43873e+02 |288  0.01403 -7.81065e+02
289  0.00591 -7.35637e+02 |290 -0.00783 -7.07735e+02 |291 -0.00168 -7.31624e+02
292  0.00244 -6.18883e+02 |293  0.00666 -5.59738e+02 |294 -0.00877 -5.14458e+02
295 -0.00212 -4.75515e+02 |296 -0.00087 -4.53500e+02 |297 -0.00120 -4.15736e+02
298  0.00482 -4.25585e+02 |299  0.00274 -3.58080e+02 |300 -0.00662 -3.24565e+02
301  0.00296 -2.96693e+02 |302 -0.00218 -3.12842e+02 |303  0.00307 -2.94829e+02
304 -0.00231 -3.32925e+02 |305  0.00131 -2.99366e+02 |306 -0.00312 -2.56225e+02
307  0.00827 -2.56660e+02 |308 -0.00400 -2.81739e+02 |309 -0.00336 -2.47691e+02
310  0.00697 -2.51965e+02 |311  0.00459 -2.45222e+02 |312  0.00167 -2.18185e+02
313 -0.00846 -1.66226e+02 |314  0.00128 -1.98064e+02 |315  0.00136 -2.14399e+02
316  0.00052 -1.11679e+02 |317  0.00063 -8.44866e+01 |318  0.00145 -6.59864e+00
319 -0.00684 -7.08515e+00 |320 -0.01165 -2.93837e+00 |321 -0.01452 -3.64909e+00
322 -0.00000 -1.72724e-10 |
322 variables; iteration 320; function evaluation 360; phase 5
Function value 2.9412808e+03; maximum gradient component mag -2.1173e+03
Var    Value     Gradient |Var    Value     Gradient |Var    Value     Gradient
  1 -0.03450 -2.11734e+03 |  2  0.04987 -5.47327e-01 |  3  0.13087  3.68503e+00
  4  0.03285  2.31809e+01 |  5 -0.30110 -5.54828e+01 |  6  0.07847  2.11789e+00
  7  0.02432  1.16073e+00 |  8  0.00873  4.08909e+00 |  9  0.05490  6.73279e+00
 10  0.00955  1.19403e+01 | 11  0.22190  5.46279e+01 | 12 -0.12075  2.40232e+01
 13 -0.03519  3.47337e+01 | 14 -0.14445  3.47663e+01 | 15 -0.16500  2.91301e+01
 16  0.24013  1.80205e+01 | 17 -0.00840  7.36120e+00 | 18 -0.11298  2.20945e+01
 19 -0.04441  2.73252e+01 | 20 -0.01248  2.66338e+01 | 21 -0.09597  2.82951e+01
 22  0.04008  4.06415e+01 | 23 -0.13270  1.47208e+01 | 24 -0.03373  2.58868e+01
 25  0.00987  2.60918e+01 | 26  0.02924  4.34774e+01 | 27 -0.10498  2.58313e+01
 28  0.01157  1.00375e+01 | 29  0.06166  2.88950e+01 | 30 -0.09100  1.75845e+01
 31 -0.19808  8.56508e+00 | 32  0.03125 -2.04132e+01 | 33  0.05305  1.63875e+01
 34  0.05367  3.20143e+00 | 35  0.05315  2.33613e+01 | 36 -0.05357  8.52668e+00
 37 -0.01166  2.11880e+01 | 38  0.05749 -2.94621e+01 | 39 -0.10857 -2.35570e+01
 40  0.21238 -7.10088e+01 | 41  0.02343  2.76256e+00 | 42  0.08181 -2.71015e+01
 43 -0.06318 -1.83582e-01 | 44  0.17273 -1.93653e+02 | 45 -0.03978 -3.84121e+01
 46 -0.02952 -3.35410e+01 | 47 -0.01171 -1.15272e+01 | 48 -0.09374 -2.37198e+01
 49  0.11496 -1.29425e+02 | 50  0.00767 -2.45592e+01 | 51  0.00531 -2.65510e+01
 52  0.02245 -1.36487e+01 | 53 -0.03744 -1.38488e+01 | 54  0.08363 -4.26345e+01
 55  0.00478 -1.86048e+01 | 56 -0.04957 -1.85766e+01 | 57 -0.05330  1.94942e+01
 58  0.08680 -2.96164e+01 | 59 -0.03439 -1.92958e+01 | 60  0.02175  1.07065e+01
 61  0.00229 -3.40986e+00 | 62  0.06850 -1.59840e+01 | 63  0.10046 -8.79212e+00
 64 -0.06233  2.02207e+01 | 65 -0.01239 -8.18823e+00 | 66  0.03863  2.71113e+00
 67  0.01328  6.06113e+00 | 68 -0.04845 -1.05925e+01 | 69  0.04065  4.00981e+01
 70  0.01041  1.04774e+01 | 71  0.15441 -8.79155e+00 | 72 -0.04239  4.18312e+01
 73 -0.01899  3.42116e+01 | 74 -0.06019  2.70869e+01 | 75 -0.52946  5.11423e+00
 76 -0.66034  5.86611e+00 | 77 -0.80692 -2.52355e+00 | 78 -0.71858 -4.39922e+00
 79 -0.76239 -5.34622e+00 | 80 -0.78232 -1.21997e+01 | 81 -0.82412  1.65996e+00
 82 -0.85155 -1.95967e+00 | 83 -0.82957 -2.50019e+00 | 84 -0.74657 -2.61701e+00
 85 -0.81993  1.49307e+00 | 86 -0.81242  7.92244e+00 | 87 -1.20955 -1.07944e+01
 88 -0.79559  1.30119e+01 | 89 -0.81356 -4.49591e+00 | 90 -0.81352 -4.76940e+00
 91 -0.78853 -2.53619e+00 | 92 -0.80021 -3.69245e+00 | 93 -0.79613 -2.82714e+00
 94 -0.85119 -8.04937e+00 | 95 -1.14647 -2.36735e+00 | 96 -0.93393 -1.95352e-05
 97  0.20037  2.22951e-04 | 98 -0.79790 -4.15709e-06 | 99  0.39094 -2.18209e+02
100  0.25842 -5.76199e+01 |101  0.14233 -1.12217e+02 |102  0.08959  2.73083e+00
103 -0.16599 -1.64519e+01 |104 -0.20492 -1.08640e+01 |105 -0.16510 -3.23642e+01
106  0.00150  1.10074e+03 |107  0.16871  2.72694e+02 |108 -0.02534  1.38362e+02
109  0.18017  1.03185e+02 |110  0.00036  2.07494e+01 |111  0.19618 -2.41135e+01
112 -0.05091 -4.09254e+00 |113 -0.33938  3.81314e+01 |114 -0.20118  2.54778e+01
115 -0.24028 -3.85448e+00 |116 -0.26438 -7.28228e+00 |117  1.51489 -1.42809e+01
118  2.19111 -2.72121e+01 |119  0.12080 -1.06340e+03 |120 -0.13468 -1.11992e+03
121  0.04715 -1.08431e+03 |122 -0.01293 -1.09484e+03 |123 -0.02075 -1.09580e+03
124 -0.00451 -1.08944e+03 |125  0.00904 -1.08356e+03 |126  0.00356 -1.08346e+03
127  0.02402 -1.06377e+03 |128  0.00971 -1.06587e+03 |129 -0.03091 -1.07448e+03
130 -0.01782 -1.06506e+03 |131  0.00524 -1.02832e+03 |132 -0.00917 -1.01952e+03
133  0.00505 -9.88147e+02 |134  0.00818 -9.78057e+02 |135 -0.00655 -9.65175e+02
136  0.01832 -9.24362e+02 |137 -0.01779 -9.19049e+02 |138 -0.01485 -9.04785e+02
139  0.01418 -8.71000e+02 |140  0.01414 -8.58759e+02 |141 -0.01291 -8.55606e+02
142 -0.01203 -8.38936e+02 |143  0.02520 -8.24305e+02 |144 -0.02459 -8.13737e+02
145  0.03037 -7.74777e+02 |146 -0.00936 -7.84313e+02 |147  0.00486 -7.71773e+02
148 -0.00794 -7.57928e+02 |149 -0.00047 -7.42736e+02 |150  0.02619 -7.21191e+02
151 -0.02947 -6.80861e+02 |152 -0.00512 -6.48799e+02 |153 -0.00830 -6.46747e+02
154  0.01421 -6.18336e+02 |155  0.00189 -5.73359e+02 |156 -0.01659 -5.62623e+02
157 -0.00814 -5.54729e+02 |158  0.02326 -5.46403e+02 |159 -0.00714 -5.36844e+02
160  0.01675 -4.98124e+02 |161 -0.00629 -4.92532e+02 |162 -0.01898 -4.86890e+02
163  0.00900 -4.57490e+02 |164  0.00318 -4.55323e+02 |165 -0.00516 -4.32009e+02
166  0.00726 -4.02008e+02 |167 -0.01884 -3.97406e+02 |168 -0.00089 -3.75320e+02
169  0.02540 -3.20109e+02 |170 -0.03128 -3.26976e+02 |171  0.01065 -3.24727e+02
172  0.01867 -3.19141e+02 |173  0.01514 -2.93458e+02 |174  0.01716 -2.77269e+02
175 -0.02900 -2.87987e+02 |176 -0.01257 -2.73022e+02 |177  0.00099 -2.43287e+02
178  0.00677 -2.06106e+02 |179 -0.00473 -2.10338e+02 |180 -0.00134 -1.67059e+02
181 -0.00160 -1.51066e+02 |182  0.00041 -3.89961e+01 |183 -0.01429 -2.77025e+01
184 -0.00602 -1.48453e+00 |185  0.01605  3.95744e+00 |186  0.00000  4.60654e-10
187  0.01214 -2.58282e+02 |188 -0.00227 -2.99020e+02 |189 -0.01638 -3.46442e+02
190  0.01064 -3.36368e+02 |191  0.00365 -3.32092e+02 |192 -0.02924 -3.25809e+02
193  0.02306 -3.14636e+02 |194  0.00045 -3.00351e+02 |195 -0.02765 -2.67527e+02
196  0.01913 -3.15313e+02 |197 -0.00269 -3.29375e+02 |198  0.00110 -3.21665e+02
199 -0.00386 -2.87940e+02 |200  0.00884 -2.40561e+02 |201 -0.00847 -2.00585e+02
202  0.00150 -2.11239e+02 |203  0.00592 -1.85909e+02 |204  0.00003 -1.43713e+02
205 -0.00606 -1.48974e+02 |206  0.01101 -1.58857e+02 |207 -0.01307 -1.57747e+02
208  0.00655 -1.58452e+02 |209 -0.00369 -1.83395e+02 |210  0.01780 -1.33299e+02
211 -0.02870 -1.70720e+02 |212  0.01608 -1.52376e+02 |213 -0.00809 -9.94228e+01
214  0.00463 -1.43564e+02 |215 -0.00350 -1.68005e+02 |216  0.00965 -1.37043e+02
217 -0.00912 -8.10839e+01 |218 -0.00404 -1.02744e+02 |219  0.02145 -2.78829e+01
220 -0.00961 -3.52008e+01 |221 -0.00343 -2.98557e+01 |222  0.00071 -1.97578e+01
223  0.00039  3.51247e+01 |224  0.00330  8.32765e+01 |225 -0.01696  5.97867e+01
226  0.00918  3.96257e+01 |227  0.00541  2.36316e+01 |228 -0.00570  8.37861e+01
229  0.00637  3.19592e+01 |230 -0.00310  2.54700e+01 |231 -0.00563  4.61015e+01
232  0.00572  2.57753e+00 |233 -0.00359  7.71022e+00 |234  0.00210 -5.37298e+00
235  0.00256 -1.11835e+01 |236 -0.00364 -1.08297e+01 |237 -0.00762 -8.43581e-01
238  0.01166 -7.37586e+01 |239 -0.00976 -7.82136e+01 |240  0.00432 -1.10608e+02
241  0.01206 -1.58193e+02 |242  0.00460 -1.58278e+02 |243 -0.01023 -1.51994e+02
244 -0.01224 -1.38322e+02 |245  0.00916 -1.28989e+02 |246  0.00576 -1.39360e+02
247 -0.00738 -1.03746e+02 |248  0.00001 -7.34689e+01 |249  0.00260 -9.26809e+01
250 -0.00525 -2.66765e+01 |251  0.00848 -3.33948e+01 |252 -0.00704 -1.73826e+00
253  0.01719  4.24027e+00 |254  0.00000  2.06264e-09 |255  0.00849 -4.77370e+02
256  0.00932 -2.40457e+02 |257 -0.00263 -2.80551e+02 |258 -0.00223 -2.58992e+02
259  0.00374 -2.90433e+02 |260  0.02383 -2.51259e+02 |261 -0.02338 -2.53168e+02
262  0.00496 -2.20652e+02 |263  0.00266 -1.64386e+02 |264 -0.02677 -2.13881e+02
265  0.01229 -2.09881e+02 |266 -0.01178 -2.19224e+02 |267  0.00199 -1.47200e+02
268 -0.00189 -1.23603e+02 |269  0.00216 -1.07295e+02 |270 -0.00109 -7.32954e+01
271 -0.00017 -4.36525e+01 |272  0.00221  1.07989e+01 |273  0.00383  2.55340e+01
274  0.00048  2.07168e+01 |275 -0.00108  2.54446e+01 |276 -0.00222 -8.16863e-01
277  0.00335  1.89847e+01 |278 -0.00035  3.47207e+01 |279  0.00583  5.30221e+01
280 -0.01296  7.85981e+01 |281  0.00849  1.08393e+02 |282 -0.00210  1.28500e+02
283  0.00087  1.02218e+02 |284  0.00144  1.22760e+02 |285 -0.00059  1.93598e+02
286 -0.00134  2.01324e+02 |287 -0.00634  2.60879e+02 |288  0.01296  2.59824e+02
289  0.00595  2.90272e+02 |290 -0.00850  2.73604e+02 |291 -0.00128  2.89514e+02
292  0.00239  3.36778e+02 |293  0.00671  3.58097e+02 |294 -0.00888  3.39342e+02
295 -0.00132  3.46485e+02 |296 -0.00197  3.47061e+02 |297 -0.00090  3.14912e+02
298  0.00551  2.96921e+02 |299  0.00246  2.92709e+02 |300 -0.00661  2.55328e+02
301  0.00298  2.47990e+02 |302 -0.00267  2.17586e+02 |303  0.00284  2.15362e+02
304 -0.00180  2.02216e+02 |305  0.00149  2.18935e+02 |306 -0.00309  1.55502e+02
307  0.00717  1.24511e+02 |308 -0.00236  9.16666e+01 |309 -0.00459  2.81525e+01
310  0.00738  3.84409e+01 |311  0.00452  4.13026e+01 |312  0.00247  7.54157e+01
313 -0.00912  6.95952e+01 |314  0.00094  2.27398e+01 |315  0.00240  4.09843e+01
316 -0.00043  5.30602e+01 |317  0.00134  2.06644e+01 |318  0.00017  3.61822e+01
319 -0.00596  2.30374e+01 |320 -0.01980 -4.88333e+00 |321  0.02714  6.68630e+00
322 -0.00000 -3.13502e-09 |
322 variables; iteration 340; function evaluation 390; phase 5
Function value 2.9162136e+03; maximum gradient component mag -5.5077e+02
Var    Value     Gradient |Var    Value     Gradient |Var    Value     Gradient
  1 -0.03390 -5.52535e-01 |  2  0.04404 -2.36244e+00 |  3  0.11828 -7.22395e+00
  4  0.00309  1.28283e+01 |  5 -0.13896 -2.29866e+01 |  6  0.05317 -8.49783e-01
  7  0.04968  4.42747e+00 |  8 -0.00458 -1.07310e+01 |  9  0.05360 -1.76733e+00
 10  0.01245 -1.17867e+01 | 11  0.21613 -2.03348e+01 | 12 -0.12038 -1.18196e+00
 13 -0.04276 -6.29105e+00 | 14 -0.15949 -1.80939e+00 | 15 -0.17361  4.76582e-02
 16  0.23786 -5.13950e+01 | 17  0.00288 -7.46124e+00 | 18 -0.10931 -2.66422e+00
 19 -0.04926 -6.96719e+00 | 20 -0.01253 -9.14144e+00 | 21 -0.09914 -8.93394e+00
 22  0.03692 -6.61689e+00 | 23 -0.12738 -9.68576e+00 | 24 -0.03477 -3.64781e+00
 25  0.01092 -3.60138e+00 | 26  0.02149 -1.21058e+01 | 27 -0.11401 -5.50011e+00
 28  0.01333 -8.63128e+00 | 29  0.05398 -1.17578e+01 | 30 -0.08526 -2.55560e+00
 31 -0.19083 -4.05236e+00 | 32  0.04019 -3.14272e-01 | 33  0.05058 -2.00785e+00
 34  0.05507 -1.06878e+01 | 35  0.03995 -1.84061e+01 | 36 -0.04886 -3.88473e+00
 37 -0.02211 -9.07338e-01 | 38  0.06242  8.32960e+00 | 39 -0.05784  1.42657e+01
 40  0.21526  6.69755e+00 | 41  0.01714 -1.77056e+01 | 42  0.08344  1.04372e+01
 43 -0.06370  4.32365e+00 | 44  0.17715  6.56915e+01 | 45 -0.03790  6.79509e+00
 46 -0.03018  1.26087e+01 | 47 -0.01454  8.65221e+00 | 48 -0.09024  1.11666e+01
 49  0.11479  5.16313e+01 | 50  0.00902 -4.86514e+00 | 51  0.00231  2.42339e+01
 52  0.01980  1.73626e+01 | 53 -0.03570  1.02256e+01 | 54  0.08252  2.91854e+00
 55  0.00510  1.51955e+01 | 56 -0.04965  1.16091e+01 | 57 -0.05481  6.76863e+00
 58  0.08525 -7.59733e+00 | 59 -0.03447  5.48603e+00 | 60  0.02223  1.53134e+01
 61  0.00219 -1.58826e+01 | 62  0.06737 -1.77354e+01 | 63  0.09992 -8.05634e+00
 64 -0.06192  1.53075e+00 | 65 -0.01297 -2.10403e+01 | 66  0.04349  2.20944e+01
 67  0.01118 -1.68564e+01 | 68 -0.04232 -3.38412e+00 | 69  0.03753  1.30269e+00
 70  0.01312 -2.10929e+00 | 71  0.15465 -7.16470e+00 | 72 -0.04422  9.07939e+00
 73 -0.02239  1.05419e+01 | 74 -0.06656 -1.51854e+00 | 75 -0.51555  4.27299e+00
 76 -0.65891 -2.11150e+00 | 77 -0.80537 -4.04117e+00 | 78 -0.70845 -6.37929e+00
 79 -0.75238 -1.53341e-01 | 80 -0.77387 -6.53715e+00 | 81 -0.81943  5.72959e+00
 82 -0.85013  3.72541e-01 | 83 -0.82967 -4.45207e+00 | 84 -0.73716  2.48427e+00
 85 -0.81972 -1.95126e+00 | 86 -0.81150  9.81474e-01 | 87 -1.20533 -3.01952e-01
 88 -0.79724  3.24177e+00 | 89 -0.81069 -1.52496e+00 | 90 -0.81277  1.40774e-01
 91 -0.79131 -2.11142e+00 | 92 -0.80208 -7.87530e-01 | 93 -0.80000 -1.88290e+00
 94 -0.85298 -4.16241e+00 | 95 -1.14475 -4.58364e+00 | 96 -0.93361 -2.16152e-05
 97  0.16505  3.31708e-04 | 98 -0.79768 -4.15225e-06 | 99  0.39816 -1.02523e+02
100  0.20667 -5.77101e+01 |101  0.19031 -6.65067e+01 |102  0.09021  2.30987e+00
103 -0.16649  7.72126e+00 |104 -0.20503  1.85360e+01 |105 -0.16601  2.12588e+01
106  0.00020 -2.61738e+02 |107  0.16876 -5.78879e+01 |108 -0.02487 -4.10509e+01
109  0.17815 -5.52127e+00 |110 -0.08266 -3.53775e+00 |111  0.24429 -3.95246e+00
112 -0.05089 -1.90394e+00 |113 -0.33908  1.46667e+01 |114 -0.20440 -7.17768e+00
115 -0.24001 -6.95111e+00 |116 -0.26729 -5.92606e+00 |117  1.86614 -7.68942e+00
118  2.18179 -1.49325e+00 |119  0.10434 -4.94579e+02 |120 -0.10530 -5.45279e+02
121  0.04280 -5.10126e+02 |122  0.00003 -5.18922e+02 |123  0.00007 -5.18806e+02
124 -0.00644 -5.20310e+02 |125 -0.01657 -5.22586e+02 |126 -0.00937 -5.20587e+02
127  0.01328 -5.08975e+02 |128  0.01164 -5.05214e+02 |129 -0.02614 -5.13781e+02
130 -0.01105 -5.03487e+02 |131  0.00050 -5.04598e+02 |132 -0.00934 -4.99651e+02
133  0.00783 -4.86400e+02 |134  0.00571 -4.87154e+02 |135 -0.00503 -4.81552e+02
136  0.02384 -4.62390e+02 |137 -0.02206 -4.73623e+02 |138 -0.01678 -4.69706e+02
139  0.01167 -4.43881e+02 |140  0.01861 -4.35543e+02 |141 -0.01248 -4.35796e+02
142 -0.01231 -4.24844e+02 |143  0.02332 -4.14267e+02 |144 -0.02496 -4.22145e+02
145  0.02469 -4.15151e+02 |146  0.00079 -4.12059e+02 |147  0.00085 -4.09967e+02
148 -0.00527 -4.02414e+02 |149  0.00638 -4.02287e+02 |150  0.02066 -3.95025e+02
151 -0.02293 -3.83571e+02 |152 -0.01821 -3.79482e+02 |153  0.00440 -3.68311e+02
154  0.00705 -3.63625e+02 |155  0.00825 -3.54534e+02 |156 -0.02490 -3.58518e+02
157 -0.01180 -3.56953e+02 |158  0.02518 -3.51159e+02 |159 -0.00932 -3.44954e+02
160  0.01577 -3.07215e+02 |161 -0.00769 -2.96347e+02 |162 -0.01532 -2.82737e+02
163  0.00779 -2.60677e+02 |164  0.00258 -2.50511e+02 |165 -0.00142 -2.12974e+02
166  0.00472 -2.05528e+02 |167 -0.01708 -2.00087e+02 |168 -0.00173 -1.93685e+02
169  0.02230 -1.70356e+02 |170 -0.02829 -1.66609e+02 |171  0.00998 -1.70669e+02
172  0.02115 -1.66257e+02 |173  0.01478 -1.56377e+02 |174  0.01311 -1.43599e+02
175 -0.02080 -1.51360e+02 |176 -0.01330 -1.43046e+02 |177  0.00040 -1.40528e+02
178 -0.00090 -1.27802e+02 |179  0.00083 -1.25105e+02 |180 -0.00391 -1.04326e+02
181  0.00235 -8.47122e+01 |182 -0.00448 -3.26687e+01 |183 -0.01296 -1.93138e+01
184 -0.00011 -2.58880e-02 |185  0.00038  9.31884e-02 |186  0.00334  8.24364e-01
187  0.02107 -2.48380e+02 |188 -0.00090 -3.42285e+02 |189 -0.01405 -3.81623e+02
190  0.00943 -4.02491e+02 |191  0.00585 -4.00328e+02 |192 -0.02784 -3.99328e+02
193  0.02172 -4.01332e+02 |194  0.00040 -4.02830e+02 |195 -0.02818 -3.86617e+02
196  0.01853 -3.87451e+02 |197 -0.00271 -3.99597e+02 |198 -0.00135 -3.98785e+02
199 -0.00128 -4.09133e+02 |200  0.00815 -4.00585e+02 |201 -0.00959 -3.99697e+02
202  0.00335 -3.85856e+02 |203  0.00384 -3.76132e+02 |204  0.00107 -3.50293e+02
205 -0.00704 -3.52890e+02 |206  0.01160 -3.31601e+02 |207 -0.01104 -3.30584e+02
208  0.00374 -3.21907e+02 |209 -0.00054 -3.14895e+02 |210  0.01227 -3.06830e+02
211 -0.02550 -3.12114e+02 |212  0.01543 -3.10073e+02 |213 -0.00722 -2.90117e+02
214  0.00385 -2.87196e+02 |215 -0.00076 -2.99128e+02 |216  0.00658 -2.85186e+02
217 -0.00693 -2.73262e+02 |218 -0.00026 -2.83372e+02 |219  0.01133 -2.62154e+02
220 -0.00445 -2.93431e+02 |221 -0.00213 -2.94429e+02 |222  0.00017 -2.91536e+02
223 -0.00032 -2.81903e+02 |224  0.00216 -2.88080e+02 |225 -0.01623 -2.82537e+02
226  0.00837 -2.92691e+02 |227  0.00783 -2.93951e+02 |228 -0.00749 -2.57003e+02
229  0.00732 -2.49159e+02 |230 -0.00383 -2.40003e+02 |231 -0.00523 -2.02223e+02
232  0.00618 -2.07340e+02 |233 -0.00420 -1.78092e+02 |234  0.00288 -2.00274e+02
235  0.00160 -1.89731e+02 |236 -0.00442 -1.72332e+02 |237 -0.00730 -1.54489e+02
238  0.01272 -1.37447e+02 |239 -0.00943 -1.39160e+02 |240  0.00319 -1.40036e+02
241  0.01234 -1.46744e+02 |242  0.00519 -1.42321e+02 |243 -0.00987 -1.39521e+02
244 -0.01313 -1.30658e+02 |245  0.01055 -1.36379e+02 |246  0.00459 -1.36444e+02
247 -0.00688 -1.13391e+02 |248 -0.00156 -8.53670e+01 |249  0.00425 -4.99360e+01
250 -0.00568 -2.38314e+01 |251  0.00847 -2.30808e+01 |252 -0.00063 -1.55897e-01
253  0.00358  8.81570e-01 |254  0.00438  1.08081e+00 |255  0.00598 -2.88486e+02
256  0.00036 -4.78766e+02 |257 -0.00210 -5.17066e+02 |258 -0.00271 -5.50774e+02
259  0.00362 -5.46972e+02 |260  0.02198 -5.06505e+02 |261 -0.02041 -5.17131e+02
262  0.00432 -5.29399e+02 |263  0.00114 -5.00323e+02 |264 -0.02505 -4.98292e+02
265  0.01209 -4.94848e+02 |266 -0.01026 -4.82638e+02 |267 -0.00016 -4.89844e+02
268 -0.00108 -4.68779e+02 |269  0.00264 -4.59249e+02 |270 -0.00189 -4.39715e+02
271  0.00128 -4.08090e+02 |272  0.00113 -3.84988e+02 |273  0.00363 -3.74590e+02
274 -0.00030 -3.38465e+02 |275 -0.00156 -3.18081e+02 |276 -0.00008 -3.06558e+02
277  0.00198 -2.77210e+02 |278  0.00168 -2.66691e+02 |279  0.00619 -2.31905e+02
280 -0.01357 -2.26251e+02 |281  0.00669 -2.18191e+02 |282 -0.00181 -1.87759e+02
283  0.00027 -1.84162e+02 |284  0.00434 -1.75332e+02 |285 -0.00284 -1.68475e+02
286 -0.00030 -1.61156e+02 |287 -0.00182 -1.48898e+02 |288  0.00642 -1.72253e+02
289  0.00549 -1.59836e+02 |290 -0.00711 -1.57702e+02 |291 -0.00043 -1.63823e+02
292  0.00201 -1.75739e+02 |293  0.00728 -1.63200e+02 |294 -0.00902 -1.75579e+02
295 -0.00343 -1.80106e+02 |296 -0.00085 -1.63209e+02 |297 -0.00157 -1.62914e+02
298  0.00589 -1.64311e+02 |299  0.00190 -1.44491e+02 |300 -0.00649 -1.42969e+02
301  0.00370 -1.31037e+02 |302 -0.00343 -1.53487e+02 |303  0.00420 -1.19270e+02
304 -0.00124 -1.07651e+02 |305  0.00072 -1.06596e+02 |306 -0.00404 -1.05972e+02
307  0.00756 -1.04589e+02 |308 -0.00180 -9.27181e+01 |309 -0.00479 -1.11648e+02
310  0.00663 -1.10689e+02 |311  0.00477 -8.78737e+01 |312  0.00263 -6.05923e+01
313 -0.00984 -6.84465e+01 |314  0.00245 -7.85534e+01 |315  0.00125 -6.87026e+01
316  0.00026 -5.51998e+01 |317  0.00001 -3.28339e+01 |318  0.00097 -1.33520e+01
319 -0.00620 -1.11346e+01 |320 -0.00297 -7.37308e-01 |321  0.00260  6.38896e-01
322 -0.00112 -2.76533e-01 |
322 variables; iteration 360; function evaluation 410; phase 5
Function value 2.9096878e+03; maximum gradient component mag -1.0804e+02
Var    Value     Gradient |Var    Value     Gradient |Var    Value     Gradient
  1 -0.03390 -6.97609e+01 |  2  0.04179 -4.39259e-01 |  3  0.13164 -6.97529e-01
  4 -0.02469  3.13911e+00 |  5 -0.07932 -3.84634e-01 |  6  0.05303 -1.78718e+00
  7  0.04438 -2.03328e+00 |  8 -0.00248 -2.92522e-01 |  9  0.04826 -7.40470e-01
 10  0.01790 -1.59426e-01 | 11  0.21570 -3.34080e+00 | 12 -0.12367  2.96031e-01
 13 -0.04238 -7.70104e-02 | 14 -0.15774  5.91513e-01 | 15 -0.17687 -6.30201e-03
 16  0.23905 -8.30012e+00 | 17  0.00182 -8.34721e-01 | 18 -0.11068 -4.69685e-02
 19 -0.04929 -1.13100e+00 | 20 -0.01323 -1.59645e+00 | 21 -0.09687 -7.28821e-01
 22  0.03502 -3.59914e+00 | 23 -0.12282  6.23020e-03 | 24 -0.03606 -3.46141e-01
 25  0.00926 -2.47693e+00 | 26  0.02230 -2.93567e+00 | 27 -0.11507 -4.38006e-01
 28  0.01458 -5.35562e-01 | 29  0.05342 -3.38882e+00 | 30 -0.08366 -2.17622e-01
 31 -0.18843  2.04730e-01 | 32  0.03827 -1.76724e+00 | 33  0.05093 -1.50159e+00
 34  0.05688 -1.22096e+00 | 35  0.04353 -1.64531e+00 | 36 -0.04715  4.52470e-01
 37 -0.01983 -5.50261e-01 | 38  0.06067 -1.26965e+00 | 39 -0.06667 -1.13100e-01
 40  0.21369 -4.32610e+00 | 41  0.02264  2.61106e+00 | 42  0.08252  6.35228e-01
 43 -0.06430  5.76201e-01 | 44  0.17622 -1.17633e+00 | 45 -0.03819 -3.72914e-01
 46 -0.03126  5.04502e-01 | 47 -0.01473  9.55371e-01 | 48 -0.09091  1.02068e+00
 49  0.11421  1.56342e+00 | 50  0.01034  6.07784e-01 | 51  0.00113  8.67332e-01
 52  0.01948  5.11388e-01 | 53 -0.03581  1.17142e+00 | 54  0.08308  5.97922e+00
 55  0.00490  2.13418e+00 | 56 -0.05004 -3.78636e-02 | 57 -0.05511  1.09494e+00
 58  0.08574  8.93751e+00 | 59 -0.03472 -6.01385e-01 | 60  0.02221  5.92333e-01
 61  0.00277  2.23294e+00 | 62  0.06774  7.39581e-01 | 63  0.10026  1.27228e+00
 64 -0.06228  1.98701e+00 | 65 -0.01205  2.56015e+00 | 66  0.04282 -8.90956e-01
 67  0.01154  1.32114e+00 | 68 -0.04208  2.42082e+00 | 69  0.03713 -1.32497e-02
 70  0.01325  1.24065e-01 | 71  0.15488  1.18498e+00 | 72 -0.04550  8.75893e-01
 73 -0.02377 -5.46754e-01 | 74 -0.06611  1.00536e+00 | 75 -0.52319  2.56037e-01
 76 -0.65808  8.64813e-02 | 77 -0.80420 -2.53649e-01 | 78 -0.70424 -6.39845e-01
 79 -0.75301 -2.35291e-01 | 80 -0.76958 -9.84040e-01 | 81 -0.82196 -5.44928e-01
 82 -0.84966 -2.26380e-01 | 83 -0.82752  1.26974e-01 | 84 -0.73868 -1.15210e-01
 85 -0.81827 -5.97969e-01 | 86 -0.81159 -1.36621e-01 | 87 -1.20709 -2.29590e-01
 88 -0.79981 -2.67543e-01 | 89 -0.80933 -7.95418e-06 | 90 -0.81212  3.56846e-01
 91 -0.78975 -4.24914e-01 | 92 -0.80131 -5.52503e-02 | 93 -0.79835  1.54206e-01
 94 -0.85164  2.21829e-01 | 95 -1.14471 -5.60510e-01 | 96 -0.93062 -1.70430e-05
 97  0.11575  1.98101e-04 | 98 -0.79701 -4.13751e-06 | 99  0.37313 -4.55479e+00
100  0.23087 -1.54679e+01 |101  0.19205 -2.05163e+01 |102  0.09031  1.83121e+01
103 -0.16648  6.59824e-01 |104 -0.20498 -1.99630e+00 |105 -0.16553 -3.72334e+00
106  0.00041  3.19258e+01 |107  0.16879  1.08593e+01 |108 -0.02463 -3.51061e+00
109  0.17742 -3.65337e+00 |110 -0.07236 -2.00553e+00 |111  0.28814 -7.65399e-01
112 -0.05040  1.23207e+00 |113 -0.33984 -2.99868e+00 |114 -0.20350 -1.48766e+00
115 -0.24053 -1.94406e+00 |116 -0.26386 -1.50422e+00 |117  1.87735  5.20035e-01
118  2.17989 -2.59810e+00 |119  0.02040 -1.77487e+01 |120  0.00798 -1.75454e+01
121  0.01543 -1.46752e+01 |122 -0.00522 -1.61192e+01 |123 -0.00625 -1.61748e+01
124 -0.00429 -1.54665e+01 |125 -0.00319 -1.49759e+01 |126 -0.00235 -1.44586e+01
127  0.01332 -1.39043e+01 |128 -0.00492 -1.62186e+01 |129 -0.00603 -1.56854e+01
130 -0.02256 -1.68885e+01 |131  0.00215 -1.49305e+01 |132 -0.01018 -1.52537e+01
133  0.00711 -1.50496e+01 |134  0.00578 -1.46972e+01 |135 -0.00358 -1.18174e+01
136  0.01618 -1.00570e+01 |137 -0.01514 -9.07218e+00 |138 -0.01456 -9.20654e+00
139  0.00874 -8.99116e+00 |140  0.01982 -7.00281e+00 |141 -0.00287 -6.09132e+00
142 -0.02110 -6.60107e+00 |143  0.02002 -7.43721e+00 |144 -0.02359 -7.96981e+00
145  0.02532 -7.43182e+00 |146  0.00125 -6.85589e+00 |147  0.00333 -6.04709e+00
148 -0.00880 -6.10758e+00 |149  0.01313 -6.53490e+00 |150  0.02124 -7.38323e+00
151 -0.02604 -6.95051e+00 |152 -0.01982 -5.87883e+00 |153  0.00649 -5.36321e+00
154  0.00375 -5.84464e+00 |155  0.00319 -7.89807e+00 |156 -0.02184 -8.07176e+00
157 -0.01123 -7.29094e+00 |158  0.02789 -4.54862e+00 |159 -0.00987 -5.37902e+00
160  0.01780 -9.64481e+00 |161 -0.00698 -9.78768e+00 |162 -0.01913 -1.01755e+01
163  0.00801 -1.11208e+01 |164  0.00412 -1.14460e+01 |165 -0.00362 -1.15932e+01
166  0.00535 -1.10011e+01 |167 -0.01851 -1.08370e+01 |168 -0.00161 -9.53825e+00
169  0.02242 -5.44258e+00 |170 -0.02902 -4.18133e+00 |171  0.01045 -3.15079e+00
172  0.02286 -1.11067e+00 |173  0.02224  4.92207e-01 |174 -0.00347 -1.01808e-02
175 -0.00519  5.31239e-01 |176 -0.02096 -8.03502e-02 |177  0.00343  2.00460e+00
178 -0.00301  2.45096e+00 |179  0.00361  3.70664e+00 |180 -0.00401  4.31308e+00
181  0.00423  1.85664e+00 |182 -0.00565  1.50214e+00 |183 -0.01422  2.24701e+00
184  0.00013  3.10520e-02 |185  0.00016  3.85607e-02 |186  0.00031  7.64356e-02
187  0.00791 -6.69822e+01 |188  0.00342 -5.56077e+01 |189 -0.01004 -5.04346e+01
190  0.00839 -5.23858e+01 |191  0.00734 -5.29207e+01 |192 -0.02519 -5.39311e+01
193  0.01841 -5.29485e+01 |194  0.00001 -5.24308e+01 |195 -0.02858 -5.15357e+01
196  0.01835 -5.16639e+01 |197 -0.00283 -5.23624e+01 |198 -0.00067 -5.19579e+01
199 -0.00140 -5.00495e+01 |200  0.00821 -5.21892e+01 |201 -0.00992 -5.07693e+01
202  0.00421 -4.92708e+01 |203  0.00292 -4.44308e+01 |204  0.00144 -4.17614e+01
205 -0.00673 -4.45525e+01 |206  0.01013 -4.29180e+01 |207 -0.00968 -4.18074e+01
208  0.00333 -3.56958e+01 |209 -0.00002 -3.21425e+01 |210  0.01042 -3.19152e+01
211 -0.02451 -3.53314e+01 |212  0.01642 -3.47229e+01 |213 -0.00765 -3.31675e+01
214  0.00375 -3.51107e+01 |215 -0.00070 -3.36543e+01 |216  0.00684 -3.05824e+01
217 -0.00767 -3.02756e+01 |218 -0.00020 -3.01072e+01 |219  0.01237 -2.88373e+01
220 -0.00499 -2.54634e+01 |221 -0.00260 -2.64996e+01 |222  0.00076 -2.56953e+01
223 -0.00028 -2.76302e+01 |224  0.00212 -2.60477e+01 |225 -0.01667 -2.50206e+01
226  0.00868 -1.98038e+01 |227  0.00788 -1.92612e+01 |228 -0.00744 -2.33225e+01
229  0.00730 -2.17895e+01 |230 -0.00377 -2.23978e+01 |231 -0.00550 -2.29064e+01
232  0.00631 -2.19693e+01 |233 -0.00433 -2.29131e+01 |234  0.00295 -1.99147e+01
235  0.00183 -1.94403e+01 |236 -0.00449 -1.92304e+01 |237 -0.00712 -1.51344e+01
238  0.01240 -1.26378e+01 |239 -0.00969 -1.03764e+01 |240  0.00347 -4.52104e+00
241  0.01232 -1.19451e-01 |242  0.00515  2.28039e+00 |243 -0.00961  2.66980e+00
244 -0.01328  1.99110e+00 |245  0.01047  5.91594e+00 |246  0.00504  7.66531e+00
247 -0.00705  7.58427e+00 |248 -0.00155  9.56892e+00 |249  0.00377  6.11967e+00
250 -0.00550  4.18895e+00 |251  0.00865  3.85719e+00 |252  0.00026  6.43079e-02
253 -0.00003 -8.66340e-03 |254 -0.00027 -6.72038e-02 |255  0.00319 -8.87423e+01
256  0.00257 -1.08044e+02 |257 -0.00269 -1.01883e+02 |258 -0.00136 -1.02527e+02
259  0.00330 -1.03814e+02 |260  0.01746 -1.02367e+02 |261 -0.01660 -1.00976e+02
262  0.00629 -9.64808e+01 |263  0.00010 -9.53132e+01 |264 -0.02546 -9.66935e+01
265  0.01228 -9.44218e+01 |266 -0.01075 -9.41749e+01 |267  0.00018 -9.00082e+01
268 -0.00125 -9.06936e+01 |269  0.00305 -8.96954e+01 |270 -0.00220 -8.79783e+01
271  0.00174 -8.51367e+01 |272  0.00062 -8.06735e+01 |273  0.00380 -8.08704e+01
274 -0.00006 -7.75618e+01 |275 -0.00199 -7.63790e+01 |276  0.00037 -7.17058e+01
277  0.00153 -6.76786e+01 |278  0.00250 -6.61232e+01 |279  0.00585 -6.61168e+01
280 -0.01424 -6.47297e+01 |281  0.00749 -6.01704e+01 |282 -0.00216 -5.93221e+01
283  0.00013 -5.75403e+01 |284  0.00403 -5.69042e+01 |285 -0.00257 -5.59184e+01
286 -0.00075 -5.48594e+01 |287 -0.00245 -5.25751e+01 |288  0.00753 -4.86138e+01
289  0.00581 -4.80862e+01 |290 -0.00776 -4.83934e+01 |291 -0.00043 -4.92122e+01
292  0.00236 -4.61765e+01 |293  0.00708 -4.32872e+01 |294 -0.00900 -3.88811e+01
295 -0.00338 -3.87287e+01 |296 -0.00095 -3.93825e+01 |297 -0.00147 -3.71422e+01
298  0.00598 -3.77935e+01 |299  0.00188 -3.83957e+01 |300 -0.00648 -3.61886e+01
301  0.00358 -3.61236e+01 |302 -0.00299 -3.38735e+01 |303  0.00389 -3.58912e+01
304 -0.00146 -3.64241e+01 |305  0.00057 -3.06855e+01 |306 -0.00373 -2.72163e+01
307  0.00777 -2.40688e+01 |308 -0.00226 -1.78013e+01 |309 -0.00455 -1.01794e+01
310  0.00684 -6.08126e+00 |311  0.00477 -5.80509e+00 |312  0.00219 -6.12964e+00
313 -0.00970 -1.41505e+00 |314  0.00252 -3.07176e-01 |315  0.00122  9.40248e-01
316  0.00024  1.55992e+00 |317  0.00015 -4.69108e-01 |318  0.00099 -1.21121e+00
319 -0.00619 -3.18709e-02 |320  0.00042  1.02185e-01 |321 -0.00003 -8.21403e-03
322 -0.00001 -1.63035e-03 |
322 variables; iteration 380; function evaluation 430; phase 5
Function value 2.9094882e+03; maximum gradient component mag -9.2656e+01
Var    Value     Gradient |Var    Value     Gradient |Var    Value     Gradient
  1 -0.03394 -9.26562e+01 |  2  0.04181 -3.96516e-02 |  3  0.13400 -1.76084e-01
  4 -0.03263 -5.78923e-01 |  5 -0.07678  2.37525e-01 |  6  0.05397  4.47830e-02
  7  0.04298  3.60119e-02 |  8 -0.00112 -4.50870e-01 |  9  0.04840 -2.62063e-01
 10  0.01758  7.06688e-01 | 11  0.21580  1.27297e-01 | 12 -0.12389  8.65895e-01
 13 -0.04209  9.18817e-01 | 14 -0.15834  7.82079e-01 | 15 -0.17651  8.05004e-01
 16  0.23934 -8.71775e-02 | 17  0.00142  4.76478e-01 | 18 -0.11023  9.21473e-01
 19 -0.04904  6.39568e-01 | 20 -0.01322  4.60056e-01 | 21 -0.09675  4.87868e-01
 22  0.03520  2.09552e-01 | 23 -0.12291  5.10124e-01 | 24 -0.03611  5.16238e-01
 25  0.00936 -1.30060e-01 | 26  0.02260  2.27224e-01 | 27 -0.11492  5.74807e-01
 28  0.01425 -5.16704e-01 | 29  0.05386 -2.20718e-01 | 30 -0.08401 -2.38742e-01
 31 -0.18912  3.62954e-01 | 32  0.03832 -6.89519e-01 | 33  0.05100 -6.21817e-01
 34  0.05665 -8.14527e-01 | 35  0.04355 -9.41855e-01 | 36 -0.04755 -1.02035e-01
 37 -0.01977 -1.21996e-01 | 38  0.06081 -1.33949e+00 | 39 -0.06706  6.72826e-02
 40  0.21411 -1.81290e+00 | 41  0.02158 -8.29197e-01 | 42  0.08259 -6.85245e-01
 43 -0.06431  2.88931e-01 | 44  0.17620 -4.84616e+00 | 45 -0.03811 -3.51496e-01
 46 -0.03120 -4.13403e-01 | 47 -0.01469 -4.39355e-01 | 48 -0.09104 -1.45924e-02
 49  0.11420 -2.87633e+00 | 50  0.01038 -3.69858e-01 | 51  0.00127 -7.89666e-01
 52  0.01957 -2.26695e-01 | 53 -0.03584  6.76015e-02 | 54  0.08305 -2.05070e+00
 55  0.00494 -3.80442e-01 | 56 -0.04987  1.95474e-01 | 57 -0.05497  1.70418e-01
 58  0.08565 -5.49541e-01 | 59 -0.03444  5.78046e-01 | 60  0.02235 -3.14845e-01
 61  0.00281  7.55473e-01 | 62  0.06782  6.18273e-01 | 63  0.10036  2.22402e-01
 64 -0.06239  5.02710e-01 | 65 -0.01215  1.14630e+00 | 66  0.04291  1.17947e+00
 67  0.01154  4.04108e-01 | 68 -0.04222  8.10825e-01 | 69  0.03735  1.19878e+00
 70  0.01321  8.74595e-01 | 71  0.15493  1.32406e+00 | 72 -0.04532  9.70269e-01
 73 -0.02343  1.05759e+00 | 74 -0.06639  1.23442e+00 | 75 -0.52395  1.11288e-01
 76 -0.65831  2.87139e-01 | 77 -0.80425  1.11170e-01 | 78 -0.70417  3.11695e-01
 79 -0.75300  2.03608e-01 | 80 -0.76911  1.29615e-01 | 81 -0.82188  5.10919e-02
 82 -0.84964  5.39223e-02 | 83 -0.82765 -1.66342e-03 | 84 -0.73878  8.18713e-02
 85 -0.81800  1.03049e-01 | 86 -0.81159  5.82612e-02 | 87 -1.20664 -2.88973e-02
 88 -0.79967  1.76376e-02 | 89 -0.80932  7.03825e-03 | 90 -0.81221  7.48601e-02
 91 -0.78947  3.22243e-02 | 92 -0.80122  1.88022e-02 | 93 -0.79833  6.15512e-02
 94 -0.85165  1.00028e-02 | 95 -1.14461 -8.72189e-02 | 96 -0.92675 -1.52809e-05
 97  0.08492  1.52688e-04 | 98 -0.79577 -4.11061e-06 | 99  0.52003 -2.31691e+00
100  0.28253  1.12423e+00 |101  0.20385  9.46107e-01 |102  0.09023 -6.56831e-01
103 -0.16646 -1.13445e-01 |104 -0.20500 -5.15963e-01 |105 -0.16530 -7.58176e-01
106  0.00041 -1.11563e+01 |107  0.16871 -9.31364e-01 |108 -0.02458  2.23093e+00
109  0.17744  1.78566e+00 |110 -0.05425  9.02598e-01 |111  0.31186 -3.01051e-01
112 -0.05044 -1.16447e+00 |113 -0.33979  1.06920e+00 |114 -0.20351  5.02658e-01
115 -0.24037  2.48531e-01 |116 -0.26281  1.21784e-01 |117  1.87660  2.41220e-01
118  2.18209  2.19005e-01 |119  0.00950 -1.17791e+01 |120  0.00784 -1.13459e+01
121  0.00388 -1.20350e+01 |122 -0.00384 -1.12940e+01 |123 -0.00378 -1.11531e+01
124 -0.00462 -1.12331e+01 |125 -0.00629 -1.15318e+01 |126 -0.00732 -1.15701e+01
127  0.00927 -1.06763e+01 |128 -0.00309 -1.06660e+01 |129 -0.00691 -1.06183e+01
130 -0.01901 -9.87431e+00 |131  0.00185 -9.90599e+00 |132 -0.01009 -9.66575e+00
133  0.00714 -9.16077e+00 |134  0.00638 -8.63421e+00 |135 -0.00395 -8.25410e+00
136  0.01678 -7.73771e+00 |137 -0.01581 -8.38431e+00 |138 -0.01471 -8.74058e+00
139  0.00894 -9.08511e+00 |140  0.02093 -9.24794e+00 |141 -0.00412 -9.88671e+00
142 -0.02099 -1.01056e+01 |143  0.01987 -1.04575e+01 |144 -0.02360 -1.09934e+01
145  0.02555 -1.08795e+01 |146  0.00162 -1.08048e+01 |147  0.00274 -1.09283e+01
148 -0.00909 -1.09119e+01 |149  0.01201 -1.06258e+01 |150  0.02205 -1.01408e+01
151 -0.02483 -8.92224e+00 |152 -0.02025 -8.79670e+00 |153  0.00561 -8.67984e+00
154  0.00402 -8.46649e+00 |155  0.00296 -8.48291e+00 |156 -0.02113 -7.94452e+00
157 -0.01124 -7.47352e+00 |158  0.02748 -6.18003e+00 |159 -0.00969 -6.22307e+00
160  0.01796 -7.41111e+00 |161 -0.00719 -7.58301e+00 |162 -0.01903 -7.39398e+00
163  0.00802 -6.54966e+00 |164  0.00415 -6.06958e+00 |165 -0.00350 -4.87926e+00
166  0.00541 -4.44101e+00 |167 -0.01842 -4.45494e+00 |168 -0.00171 -4.68814e+00
169  0.02263 -4.58119e+00 |170 -0.02928 -4.44378e+00 |171  0.01052 -3.86259e+00
172  0.02288 -3.68238e+00 |173  0.02166 -2.78278e+00 |174 -0.00254 -2.65955e+00
175 -0.00615 -2.61941e+00 |176 -0.02026 -2.67162e+00 |177  0.00336 -1.73627e+00
178 -0.00243 -1.44986e+00 |179  0.00298 -1.26516e+00 |180 -0.00464 -8.94816e-01
181  0.00473 -6.95750e-01 |182 -0.00533 -4.53930e-01 |183 -0.01491 -4.21879e-01
184 -0.00001 -2.08589e-03 |185 -0.00000 -5.22959e-04 |186  0.00003  6.61642e-03
187 -0.00165  4.77246e+00 |188  0.00174 -7.56990e-01 |189 -0.01040 -8.44324e-01
190  0.00861  6.25021e-01 |191  0.00639  1.71812e+00 |192 -0.02433  2.04605e+00
193  0.01841  2.08882e+00 |194  0.00022  2.18631e+00 |195 -0.02852  2.78820e+00
196  0.01808  2.81874e+00 |197 -0.00265  2.92599e+00 |198 -0.00081  3.90946e+00
199 -0.00141  3.49935e+00 |200  0.00832  4.37829e+00 |201 -0.00996  4.39429e+00
202  0.00424  4.53132e+00 |203  0.00285  4.63762e+00 |204  0.00144  5.52217e+00
205 -0.00668  4.54244e+00 |206  0.01013  4.14785e+00 |207 -0.00970  3.80402e+00
208  0.00341  2.96980e+00 |209 -0.00014  2.84420e+00 |210  0.01021  2.07606e+00
211 -0.02422  1.21644e+00 |212  0.01637  1.03894e+00 |213 -0.00770  9.56934e-01
214  0.00383  1.02875e+00 |215 -0.00070  1.08032e+00 |216  0.00686  6.48995e-01
217 -0.00771  5.21001e-01 |218 -0.00026  3.88471e-01 |219  0.01251  8.69494e-01
220 -0.00519  5.73548e-01 |221 -0.00235  7.38780e-02 |222  0.00064 -1.11376e+00
223 -0.00032 -1.40359e+00 |224  0.00214 -1.43411e+00 |225 -0.01658 -9.11522e-01
226  0.00862  9.92632e-01 |227  0.00782  6.97100e-01 |228 -0.00740 -7.44164e-01
229  0.00729 -1.55266e+00 |230 -0.00374 -1.70017e+00 |231 -0.00553 -1.31292e+00
232  0.00630 -1.31216e+00 |233 -0.00427 -4.65916e-01 |234  0.00294 -8.51211e-01
235  0.00183 -1.53269e+00 |236 -0.00452 -2.90570e+00 |237 -0.00713 -3.50121e+00
238  0.01244 -3.76536e+00 |239 -0.00968 -3.52376e+00 |240  0.00343 -3.90469e+00
241  0.01235 -3.13490e+00 |242  0.00515 -3.75145e+00 |243 -0.00969 -4.38751e+00
244 -0.01325 -4.30706e+00 |245  0.01051 -3.23442e+00 |246  0.00498 -2.87359e+00
247 -0.00698 -1.92355e+00 |248 -0.00157 -1.44626e+00 |249  0.00372 -1.52317e+00
250 -0.00547 -1.06115e+00 |251  0.00857 -7.68892e-01 |252 -0.00002 -4.06717e-03
253  0.00006  1.33887e-02 |254  0.00003  6.91155e-03 |255 -0.00015  4.11158e+00
256  0.00338  1.32750e+00 |257 -0.00281  4.01906e-01 |258 -0.00144  1.81552e+00
259  0.00337  2.00550e+00 |260  0.01762  1.99575e+00 |261 -0.01667  2.22600e+00
262  0.00617  2.46099e+00 |263 -0.00007  3.17454e+00 |264 -0.02524  2.91369e+00
265  0.01218  2.99652e+00 |266 -0.01062  3.82807e+00 |267  0.00011  3.58359e+00
268 -0.00129  4.48616e+00 |269  0.00308  4.71434e+00 |270 -0.00220  4.99627e+00
271  0.00177  5.71812e+00 |272  0.00058  6.60652e+00 |273  0.00382  6.04482e+00
274 -0.00007  6.17707e+00 |275 -0.00201  6.53202e+00 |276  0.00035  6.29052e+00
277  0.00159  6.44056e+00 |278  0.00245  6.68078e+00 |279  0.00580  5.87834e+00
280 -0.01413  5.57822e+00 |281  0.00746  5.85287e+00 |282 -0.00219  6.04662e+00
283  0.00014  6.11814e+00 |284  0.00402  6.33128e+00 |285 -0.00251  6.29410e+00
286 -0.00074  6.22887e+00 |287 -0.00253  6.61975e+00 |288  0.00762  6.58654e+00
289  0.00565  5.83965e+00 |290 -0.00764  4.63995e+00 |291 -0.00040  3.91141e+00
292  0.00234  3.75260e+00 |293  0.00700  4.21982e+00 |294 -0.00894  6.09163e+00
295 -0.00333  5.59042e+00 |296 -0.00097  3.91995e+00 |297 -0.00148  3.52414e+00
298  0.00596  3.05647e+00 |299  0.00192  3.48145e+00 |300 -0.00650  2.94559e+00
301  0.00356  2.95528e+00 |302 -0.00299  2.60025e+00 |303  0.00388  3.22369e+00
304 -0.00139  2.26775e+00 |305  0.00057  1.23112e+00 |306 -0.00376  6.51140e-01
307  0.00777  3.99689e-01 |308 -0.00223 -4.46885e-01 |309 -0.00458 -3.54777e-01
310  0.00682 -8.34435e-01 |311  0.00478 -1.78543e+00 |312  0.00223 -2.52887e+00
313 -0.00976 -1.83296e+00 |314  0.00253 -1.71670e+00 |315  0.00120 -1.24260e+00
316  0.00026 -5.59353e-01 |317  0.00019 -7.75164e-01 |318  0.00098 -1.93678e-01
319 -0.00620 -1.11464e-01 |320 -0.00003 -9.80444e-03 |321  0.00000 -5.30579e-04
322 -0.00002 -4.11628e-03 |
322 variables; iteration 400; function evaluation 450; phase 5
Function value 2.9094664e+03; maximum gradient component mag 8.4267e+01
Var    Value     Gradient |Var    Value     Gradient |Var    Value     Gradient
  1 -0.03392  8.42675e+01 |  2  0.04194  7.40141e-02 |  3  0.13384  1.95383e-01
  4 -0.03139  7.48462e-02 |  5 -0.07736  1.08701e-01 |  6  0.05403  2.00157e-01
  7  0.04304  1.29617e-01 |  8 -0.00146  7.18420e-02 |  9  0.04841 -1.57572e-02
 10  0.01754 -8.58254e-01 | 11  0.21572 -5.86229e-01 | 12 -0.12393 -8.00406e-01
 13 -0.04223 -7.90636e-01 | 14 -0.15831 -7.99684e-01 | 15 -0.17658 -8.03181e-01
 16  0.23918 -4.47117e-01 | 17  0.00162 -6.85926e-01 | 18 -0.11048 -8.29661e-01
 19 -0.04912 -7.07863e-01 | 20 -0.01331 -6.99329e-01 | 21 -0.09672 -6.81475e-01
 22  0.03507 -5.89701e-01 | 23 -0.12273 -6.14136e-01 | 24 -0.03623 -6.05805e-01
 25  0.00935 -4.23601e-01 | 26  0.02241 -5.96064e-01 | 27 -0.11503 -7.04100e-01
 28  0.01435 -5.36273e-02 | 29  0.05356 -2.27969e-01 | 30 -0.08361 -3.49532e-01
 31 -0.18876 -4.46560e-01 | 32  0.03837  3.45217e-01 | 33  0.05097  1.63173e-01
 34  0.05667  1.00274e-01 | 35  0.04346  5.71274e-02 | 36 -0.04751 -2.28744e-01
 37 -0.02003 -2.24423e-01 | 38  0.06104  8.57061e-01 | 39 -0.06635  1.50581e-01
 40  0.21407  1.62945e+00 | 41  0.02173 -1.41478e-01 | 42  0.08254  5.95433e-01
 43 -0.06428 -1.94911e-01 | 44  0.17626  4.66723e+00 | 45 -0.03804  5.08887e-01
 46 -0.03112  9.04258e-01 | 47 -0.01469  4.11055e-01 | 48 -0.09096  2.99141e-01
 49  0.11421  2.97388e+00 | 50  0.01031  6.96459e-01 | 51  0.00128  9.42102e-01
 52  0.01954  8.01064e-01 | 53 -0.03584  3.52544e-01 | 54  0.08304  1.89925e+00
 55  0.00492  9.54746e-01 | 56 -0.04991  1.33669e-01 | 57 -0.05499 -8.83639e-02
 58  0.08562  1.51454e+00 | 59 -0.03450  6.50591e-02 | 60  0.02231  5.44641e-01
 61  0.00278 -2.47063e-01 | 62  0.06780  1.13736e-01 | 63  0.10034  5.34360e-01
 64 -0.06239 -4.33449e-01 | 65 -0.01218 -5.80828e-01 | 66  0.04288 -4.14696e-01
 67  0.01157 -2.25930e-01 | 68 -0.04221 -5.39111e-01 | 69  0.03736 -7.56934e-01
 70  0.01322 -8.01840e-01 | 71  0.15490 -7.51263e-01 | 72 -0.04537 -9.90077e-01
 73 -0.02346 -9.26741e-01 | 74 -0.06647 -1.15079e+00 | 75 -0.52404 -1.25382e-01
 76 -0.65825 -2.78096e-01 | 77 -0.80427 -3.59556e-01 | 78 -0.70420 -4.86664e-01
 79 -0.75294 -1.45700e-01 | 80 -0.76909 -2.02339e-01 | 81 -0.82180 -6.65805e-02
 82 -0.84965 -1.15170e-01 | 83 -0.82764 -1.40084e-01 | 84 -0.73874 -1.50001e-01
 85 -0.81804 -1.30980e-01 | 86 -0.81157 -1.62700e-01 | 87 -1.20688 -4.39439e-02
 88 -0.79963 -8.21291e-02 | 89 -0.80932 -6.81413e-02 | 90 -0.81227 -4.36106e-02
 91 -0.78951  3.06638e-02 | 92 -0.80130 -1.75578e-02 | 93 -0.79843  6.06869e-03
 94 -0.85169  7.58865e-02 | 95 -1.14453  1.03290e-01 | 96 -0.92171 -1.32209e-05
 97  0.04745  9.60987e-05 | 98 -0.79409 -4.07468e-06 | 99  0.56796 -1.72480e+00
100  0.26008 -3.45505e+00 |101  0.20820 -5.23914e-01 |102  0.09024  2.44113e+00
103 -0.16647  1.12579e+00 |104 -0.20500  1.39385e+00 |105 -0.16543  1.02885e+00
106  0.00043  1.02320e+01 |107  0.16870  1.45903e+00 |108 -0.02460  1.14715e+00
109  0.17738  1.53794e+00 |110 -0.05358  1.09061e+00 |111  0.32924 -1.43711e-01
112 -0.05042  4.81345e-01 |113 -0.33981 -2.36344e+00 |114 -0.20356 -7.23843e-01
115 -0.24040 -3.22946e-01 |116 -0.26304 -1.78204e-01 |117  1.87644 -2.63527e-02
118  2.18214 -9.04526e-02 |119  0.00831 -9.42236e+00 |120  0.00626 -9.40030e+00
121  0.00311 -9.98143e+00 |122 -0.00535 -1.01475e+01 |123 -0.00494 -9.94371e+00
124 -0.00513 -9.87879e+00 |125 -0.00568 -9.90735e+00 |126 -0.00663 -9.95107e+00
127  0.00873 -1.07364e+01 |128 -0.00303 -1.09315e+01 |129 -0.00692 -1.10230e+01
130 -0.02064 -1.11419e+01 |131  0.00197 -1.07956e+01 |132 -0.01018 -1.09967e+01
133  0.00729 -1.12218e+01 |134  0.00629 -1.13587e+01 |135 -0.00398 -1.14157e+01
136  0.01643 -1.15090e+01 |137 -0.01567 -1.16078e+01 |138 -0.01460 -1.16740e+01
139  0.00890 -1.15791e+01 |140  0.02061 -1.13052e+01 |141 -0.00421 -1.15919e+01
142 -0.02054 -1.14839e+01 |143  0.01971 -1.14263e+01 |144 -0.02346 -1.09160e+01
145  0.02556 -1.00926e+01 |146  0.00154 -9.95223e+00 |147  0.00288 -9.86386e+00
148 -0.00868 -9.83921e+00 |149  0.01259 -1.07255e+01 |150  0.02174 -1.10786e+01
151 -0.02534 -1.06986e+01 |152 -0.02048 -1.06157e+01 |153  0.00568 -1.02454e+01
154  0.00389 -1.00675e+01 |155  0.00324 -9.39721e+00 |156 -0.02124 -9.08964e+00
157 -0.01130 -8.81025e+00 |158  0.02731 -8.02774e+00 |159 -0.00967 -7.68796e+00
160  0.01772 -6.74415e+00 |161 -0.00691 -6.00351e+00 |162 -0.01890 -5.62490e+00
163  0.00806 -5.12888e+00 |164  0.00422 -5.03382e+00 |165 -0.00354 -5.27631e+00
166  0.00533 -5.51051e+00 |167 -0.01845 -5.51632e+00 |168 -0.00170 -5.22993e+00
169  0.02268 -4.07171e+00 |170 -0.02931 -4.06469e+00 |171  0.01049 -3.50972e+00
172  0.02301 -3.01076e+00 |173  0.02099 -2.87614e+00 |174 -0.00275 -2.32226e+00
175 -0.00610 -2.15692e+00 |176 -0.01954 -1.84105e+00 |177  0.00340 -1.01312e+00
178 -0.00236 -7.89008e-01 |179  0.00293 -7.71442e-01 |180 -0.00469 -5.89047e-01
181  0.00470 -3.76606e-01 |182 -0.00528  9.43036e-02 |183 -0.01483  1.06074e-01
184 -0.00002 -3.90637e-03 |185 -0.00002 -4.67930e-03 |186 -0.00000 -4.01731e-05
187  0.00277 -1.50100e+01 |188  0.00228 -1.60204e+01 |189 -0.01042 -1.65316e+01
190  0.00859 -1.73713e+01 |191  0.00650 -1.75200e+01 |192 -0.02447 -1.73983e+01
193  0.01848 -1.75092e+01 |194  0.00016 -1.76505e+01 |195 -0.02847 -1.84167e+01
196  0.01806 -1.93344e+01 |197 -0.00266 -1.92446e+01 |198 -0.00083 -1.95598e+01
199 -0.00140 -1.91203e+01 |200  0.00831 -1.91052e+01 |201 -0.00997 -1.93918e+01
202  0.00427 -1.98372e+01 |203  0.00281 -1.97249e+01 |204  0.00147 -1.94622e+01
205 -0.00670 -1.93901e+01 |206  0.01014 -1.94196e+01 |207 -0.00969 -1.91836e+01
208  0.00337 -1.85580e+01 |209 -0.00007 -1.88806e+01 |210  0.01009 -1.87485e+01
211 -0.02417 -1.79064e+01 |212  0.01639 -1.72532e+01 |213 -0.00769 -1.63912e+01
214  0.00382 -1.64047e+01 |215 -0.00069 -1.58818e+01 |216  0.00683 -1.54804e+01
217 -0.00764 -1.66022e+01 |218 -0.00026 -1.66258e+01 |219  0.01238 -1.61070e+01
220 -0.00511 -1.55554e+01 |221 -0.00239 -1.52963e+01 |222  0.00068 -1.41859e+01
223 -0.00031 -1.37113e+01 |224  0.00215 -1.40686e+01 |225 -0.01658 -1.38629e+01
226  0.00859 -1.33853e+01 |227  0.00783 -1.33512e+01 |228 -0.00742 -1.22877e+01
229  0.00729 -1.12644e+01 |230 -0.00373 -1.08212e+01 |231 -0.00553 -1.02628e+01
232  0.00630 -9.75069e+00 |233 -0.00428 -9.96420e+00 |234  0.00293 -9.59610e+00
235  0.00181 -9.09450e+00 |236 -0.00449 -8.17548e+00 |237 -0.00713 -6.94702e+00
238  0.01244 -6.33656e+00 |239 -0.00968 -5.70226e+00 |240  0.00343 -5.11370e+00
241  0.01233 -4.71345e+00 |242  0.00515 -3.61485e+00 |243 -0.00968 -2.93104e+00
244 -0.01323 -2.27916e+00 |245  0.01051 -8.87876e-01 |246  0.00501 -4.55533e-01
247 -0.00700 -7.00794e-01 |248 -0.00157 -5.85355e-01 |249  0.00371 -8.00690e-01
250 -0.00547  2.72070e-02 |251  0.00859  1.07968e-01 |252 -0.00001 -1.75635e-03
253 -0.00003 -7.18986e-03 |254 -0.00001 -2.17724e-03 |255 -0.00111 -2.58480e+00
256  0.00330 -2.64840e+00 |257 -0.00275 -3.41965e+00 |258 -0.00146 -4.54765e+00
259  0.00338 -4.89740e+00 |260  0.01766 -5.28515e+00 |261 -0.01670 -5.32930e+00
262  0.00618 -5.71894e+00 |263 -0.00013 -6.48685e+00 |264 -0.02518 -7.31902e+00
265  0.01221 -7.90579e+00 |266 -0.01066 -8.46753e+00 |267  0.00013 -8.08437e+00
268 -0.00129 -8.44179e+00 |269  0.00308 -9.33930e+00 |270 -0.00221 -9.46231e+00
271  0.00179 -9.64066e+00 |272  0.00056 -9.44259e+00 |273  0.00383 -9.91388e+00
274 -0.00008 -9.99548e+00 |275 -0.00200 -1.02292e+01 |276  0.00037 -9.82319e+00
277  0.00155 -9.82444e+00 |278  0.00252 -9.83343e+00 |279  0.00579 -9.22432e+00
280 -0.01417 -8.54480e+00 |281  0.00745 -8.36653e+00 |282 -0.00220 -8.66172e+00
283  0.00014 -8.32070e+00 |284  0.00404 -8.35814e+00 |285 -0.00255 -9.35537e+00
286 -0.00068 -9.38827e+00 |287 -0.00249 -9.72401e+00 |288  0.00752 -9.43735e+00
289  0.00567 -9.05513e+00 |290 -0.00764 -8.16673e+00 |291 -0.00039 -7.92513e+00
292  0.00234 -8.18493e+00 |293  0.00701 -8.11007e+00 |294 -0.00895 -7.77315e+00
295 -0.00335 -7.98413e+00 |296 -0.00095 -7.54140e+00 |297 -0.00148 -6.89780e+00
298  0.00596 -6.78940e+00 |299  0.00192 -6.53138e+00 |300 -0.00651 -6.31715e+00
301  0.00357 -6.58696e+00 |302 -0.00298 -6.22998e+00 |303  0.00388 -6.37204e+00
304 -0.00140 -5.72590e+00 |305  0.00058 -4.74012e+00 |306 -0.00376 -4.04230e+00
307  0.00777 -3.57078e+00 |308 -0.00222 -3.11289e+00 |309 -0.00459 -2.89664e+00
310  0.00681 -2.24868e+00 |311  0.00478 -1.70598e+00 |312  0.00222 -1.16315e+00
313 -0.00975  2.59167e-01 |314  0.00253  3.12074e-01 |315  0.00120  1.77433e-01
316  0.00025  3.51518e-01 |317  0.00018  1.64802e-01 |318  0.00097  4.65212e-01
319 -0.00620  4.30834e-01 |320  0.00001  2.62367e-03 |321 -0.00001 -4.22005e-03
322  0.00000  4.84719e-04 |
322 variables; iteration 420; function evaluation 470; phase 5
Function value 2.9094486e+03; maximum gradient component mag -2.4621e+01
Var    Value     Gradient |Var    Value     Gradient |Var    Value     Gradient
  1 -0.03393 -1.68193e+01 |  2  0.04185 -2.19656e-03 |  3  0.13394 -5.62234e-02
  4 -0.03205 -3.60012e-01 |  5 -0.07769 -1.95109e-01 |  6  0.05404  3.22590e-02
  7  0.04326 -1.89061e-02 |  8 -0.00162  2.14077e-01 |  9  0.04861  1.00594e-01
 10  0.01745  1.13782e-01 | 11  0.21582  1.42761e-01 | 12 -0.12388  1.58299e-01
 13 -0.04213  1.98399e-01 | 14 -0.15830  1.44083e-01 | 15 -0.17652  1.90688e-01
 16  0.23926  2.56303e-02 | 17  0.00146  2.88017e-02 | 18 -0.11036  1.36245e-01
 19 -0.04910  1.33691e-01 | 20 -0.01324  7.58250e-02 | 21 -0.09670  1.12092e-01
 22  0.03516  1.49055e-01 | 23 -0.12282  1.00180e-01 | 24 -0.03622  1.30516e-02
 25  0.00937 -5.22831e-02 | 26  0.02252  1.47378e-01 | 27 -0.11494  1.50327e-01
 28  0.01430 -4.81039e-02 | 29  0.05374  1.78459e-01 | 30 -0.08377  2.40484e-02
 31 -0.18908  7.08367e-02 | 32  0.03831 -3.01870e-02 | 33  0.05100  6.73301e-02
 34  0.05668 -5.05884e-02 | 35  0.04358 -3.29607e-02 | 36 -0.04747  3.70073e-02
 37 -0.01981  6.35583e-04 | 38  0.06084 -4.62477e-01 | 39 -0.06691 -2.14293e-01
 40  0.21403 -4.38064e-01 | 41  0.02177 -1.56323e-01 | 42  0.08256 -1.45520e-01
 43 -0.06430  1.71018e-02 | 44  0.17621 -1.34929e+00 | 45 -0.03806 -6.91954e-02
 46 -0.03118 -8.21648e-02 | 47 -0.01468 -5.33679e-02 | 48 -0.09103 -1.53867e-01
 49  0.11421 -6.13795e-01 | 50  0.01034 -2.52650e-01 | 51  0.00128  1.24102e-01
 52  0.01956  1.19706e-01 | 53 -0.03585 -1.02309e-01 | 54  0.08305 -1.54659e-01
 55  0.00493 -1.33461e-01 | 56 -0.04989  1.04467e-01 | 57 -0.05498 -1.26071e-02
 58  0.08564  9.84094e-02 | 59 -0.03449  1.51916e-01 | 60  0.02232 -2.04376e-01
 61  0.00279 -6.50333e-02 | 62  0.06782  9.97273e-02 | 63  0.10035  1.27446e-01
 64 -0.06238  5.27462e-02 | 65 -0.01217 -4.35207e-02 | 66  0.04290  2.66878e-01
 67  0.01156  1.71527e-01 | 68 -0.04221  9.56140e-02 | 69  0.03734  3.76558e-01
 70  0.01322  1.68733e-01 | 71  0.15491 -1.36146e-01 | 72 -0.04534  2.51731e-01
 73 -0.02344  4.08723e-01 | 74 -0.06641  1.60093e-01 | 75 -0.52399  7.01323e-02
 76 -0.65835  2.47940e-02 | 77 -0.80423  4.57342e-02 | 78 -0.70413  1.01464e-01
 79 -0.75302  3.64824e-02 | 80 -0.76908  6.50115e-02 | 81 -0.82185  4.52104e-02
 82 -0.84965  2.64555e-02 | 83 -0.82765 -3.54152e-02 | 84 -0.73877  3.97513e-02
 85 -0.81803  3.20126e-02 | 86 -0.81159  4.89833e-03 | 87 -1.20668 -2.61002e-02
 88 -0.79965  2.12977e-02 | 89 -0.80933  1.98387e-02 | 90 -0.81225  6.53471e-02
 91 -0.78953 -5.81654e-03 | 92 -0.80126  2.28029e-02 | 93 -0.79840  2.51311e-02
 94 -0.85168 -1.48624e-02 | 95 -1.14455  8.93643e-02 | 96 -0.90532 -9.40511e-06
 97 -0.08707  1.35157e-05 | 98 -0.78912 -3.97164e-06 | 99  0.63215 -6.65418e-01
100  0.25993 -2.52306e+00 |101  0.19132 -5.66404e+00 |102  0.09023 -5.14788e-01
103 -0.16646 -1.16505e-01 |104 -0.20500 -2.37144e-01 |105 -0.16538 -2.31402e-01
106  0.00041 -3.96955e+00 |107  0.16870 -1.62222e+00 |108 -0.02459 -2.45191e-01
109  0.17747 -1.65943e-02 |110 -0.05890  6.75134e-02 |111  0.36640 -2.32277e-02
112 -0.05043 -2.43286e-01 |113 -0.33979  7.08867e-01 |114 -0.20356  2.63755e-01
115 -0.24038  2.80323e-01 |116 -0.26284  2.02956e-01 |117  1.87651  6.32823e-02
118  2.18186  3.27597e-04 |119  0.00634 -3.54867e+00 |120  0.00444 -3.70706e+00
121  0.00144 -4.31956e+00 |122 -0.00509 -4.47851e+00 |123 -0.00544 -4.48869e+00
124 -0.00611 -4.57305e+00 |125 -0.00760 -4.85344e+00 |126 -0.00810 -4.79358e+00
127  0.00873 -4.53189e+00 |128 -0.00285 -4.45838e+00 |129 -0.00658 -4.44925e+00
130 -0.02013 -4.39606e+00 |131  0.00185 -4.17160e+00 |132 -0.01010 -3.98025e+00
133  0.00725 -3.67271e+00 |134  0.00630 -3.55626e+00 |135 -0.00394 -3.31690e+00
136  0.01648 -3.12168e+00 |137 -0.01578 -3.27545e+00 |138 -0.01454 -3.10175e+00
139  0.00895 -2.88797e+00 |140  0.02003 -2.83937e+00 |141 -0.00347 -2.42417e+00
142 -0.02070 -2.62708e+00 |143  0.01980 -2.52803e+00 |144 -0.02353 -2.68783e+00
145  0.02562 -2.70896e+00 |146  0.00170 -2.83970e+00 |147  0.00284 -3.10967e+00
148 -0.00894 -3.42913e+00 |149  0.01250 -4.32596e+00 |150  0.02207 -4.52463e+00
151 -0.02554 -4.45740e+00 |152 -0.02045 -4.32219e+00 |153  0.00582 -4.09581e+00
154  0.00379 -4.11981e+00 |155  0.00335 -3.84241e+00 |156 -0.02130 -3.72112e+00
157 -0.01141 -3.86494e+00 |158  0.02750 -3.76455e+00 |159 -0.00982 -3.96387e+00
160  0.01799 -4.13994e+00 |161 -0.00712 -4.24487e+00 |162 -0.01904 -4.13918e+00
163  0.00804 -3.68691e+00 |164  0.00416 -3.55173e+00 |165 -0.00355 -3.05632e+00
166  0.00535 -2.69069e+00 |167 -0.01840 -2.53667e+00 |168 -0.00168 -2.32523e+00
169  0.02265 -1.88246e+00 |170 -0.02928 -1.81574e+00 |171  0.01050 -1.56708e+00
172  0.02303 -1.38600e+00 |173  0.02184 -1.26099e+00 |174 -0.00265 -1.38961e+00
175 -0.00621 -1.35197e+00 |176 -0.02021 -1.42125e+00 |177  0.00342 -1.40844e+00
178 -0.00254 -1.80569e+00 |179  0.00287 -1.80971e+00 |180 -0.00469 -1.57970e+00
181  0.00469 -1.30296e+00 |182 -0.00542 -7.72746e-01 |183 -0.01480 -4.07435e-01
184 -0.00000 -4.85800e-04 |185 -0.00001 -1.44638e-03 |186  0.00002  5.08399e-03
187  0.00250 -1.08431e+01 |188  0.00263 -8.61498e+00 |189 -0.01052 -9.42863e+00
190  0.00865 -9.31601e+00 |191  0.00670 -8.86872e+00 |192 -0.02458 -9.11058e+00
193  0.01836 -9.40293e+00 |194  0.00010 -9.49528e+00 |195 -0.02837 -9.26439e+00
196  0.01801 -9.24168e+00 |197 -0.00260 -9.29413e+00 |198 -0.00088 -9.37752e+00
199 -0.00139 -9.02507e+00 |200  0.00830 -8.89714e+00 |201 -0.00997 -8.69766e+00
202  0.00426 -8.49127e+00 |203  0.00283 -8.19125e+00 |204  0.00147 -7.63544e+00
205 -0.00671 -7.85894e+00 |206  0.01014 -7.20462e+00 |207 -0.00970 -6.86699e+00
208  0.00340 -6.64733e+00 |209 -0.00011 -5.98122e+00 |210  0.01009 -6.18533e+00
211 -0.02412 -5.34760e+00 |212  0.01637 -5.15767e+00 |213 -0.00770 -4.75964e+00
214  0.00383 -4.66198e+00 |215 -0.00070 -4.82787e+00 |216  0.00685 -5.06290e+00
217 -0.00769 -6.03392e+00 |218 -0.00025 -5.75299e+00 |219  0.01246 -5.65721e+00
220 -0.00517 -5.30315e+00 |221 -0.00237 -4.99016e+00 |222  0.00065 -5.51533e+00
223 -0.00031 -5.19353e+00 |224  0.00216 -4.76927e+00 |225 -0.01658 -4.94837e+00
226  0.00861 -4.70381e+00 |227  0.00781 -4.94012e+00 |228 -0.00741 -4.97831e+00
229  0.00729 -4.88069e+00 |230 -0.00374 -4.67212e+00 |231 -0.00552 -4.12322e+00
232  0.00630 -3.93824e+00 |233 -0.00428 -3.47828e+00 |234  0.00293 -2.96751e+00
235  0.00182 -2.72215e+00 |236 -0.00451 -2.65815e+00 |237 -0.00713 -2.24308e+00
238  0.01244 -2.00585e+00 |239 -0.00968 -1.61542e+00 |240  0.00344 -1.08494e+00
241  0.01234 -8.21878e-01 |242  0.00515 -8.96986e-01 |243 -0.00967 -1.07005e+00
244 -0.01325 -1.06138e+00 |245  0.01051 -6.30703e-01 |246  0.00499 -1.21377e+00
247 -0.00700 -1.27089e+00 |248 -0.00157 -9.66539e-01 |249  0.00373 -5.89484e-01
250 -0.00549 -6.11324e-01 |251  0.00860 -1.85035e-01 |252  0.00001  1.35214e-03
253  0.00000  2.60586e-04 |254  0.00001  3.33982e-03 |255  0.00281 -2.40189e+01
256  0.00321 -2.43468e+01 |257 -0.00272 -2.46210e+01 |258 -0.00148 -2.38647e+01
259  0.00340 -2.31654e+01 |260  0.01757 -2.28236e+01 |261 -0.01663 -2.28656e+01
262  0.00616 -2.26983e+01 |263 -0.00014 -2.22808e+01 |264 -0.02516 -2.19550e+01
265  0.01218 -2.15163e+01 |266 -0.01060 -2.08812e+01 |267  0.00011 -2.04717e+01
268 -0.00128 -1.99734e+01 |269  0.00308 -1.97115e+01 |270 -0.00222 -1.93978e+01
271  0.00178 -1.85136e+01 |272  0.00056 -1.77324e+01 |273  0.00384 -1.74354e+01
274 -0.00007 -1.64855e+01 |275 -0.00201 -1.60014e+01 |276  0.00035 -1.55014e+01
277  0.00159 -1.41278e+01 |278  0.00248 -1.36507e+01 |279  0.00577 -1.26235e+01
280 -0.01413 -1.23149e+01 |281  0.00746 -1.15212e+01 |282 -0.00219 -1.09614e+01
283  0.00014 -1.07945e+01 |284  0.00403 -1.01930e+01 |285 -0.00253 -1.07597e+01
286 -0.00073 -1.03330e+01 |287 -0.00249 -9.77308e+00 |288  0.00758 -9.38011e+00
289  0.00568 -9.27842e+00 |290 -0.00765 -9.64459e+00 |291 -0.00039 -9.23131e+00
292  0.00234 -8.77134e+00 |293  0.00700 -8.22733e+00 |294 -0.00895 -7.73027e+00
295 -0.00334 -7.59199e+00 |296 -0.00096 -7.53812e+00 |297 -0.00148 -7.33265e+00
298  0.00597 -7.43854e+00 |299  0.00191 -6.97832e+00 |300 -0.00651 -6.86409e+00
301  0.00357 -6.40436e+00 |302 -0.00299 -5.86835e+00 |303  0.00388 -5.44732e+00
304 -0.00140 -4.94929e+00 |305  0.00058 -4.59772e+00 |306 -0.00376 -4.59924e+00
307  0.00777 -4.44331e+00 |308 -0.00222 -3.87581e+00 |309 -0.00458 -3.66404e+00
310  0.00681 -3.38664e+00 |311  0.00477 -3.13499e+00 |312  0.00222 -2.78164e+00
313 -0.00975 -2.20744e+00 |314  0.00254 -1.90487e+00 |315  0.00120 -1.58027e+00
316  0.00025 -1.08476e+00 |317  0.00018 -6.80600e-01 |318  0.00098 -5.68141e-01
319 -0.00620 -2.27895e-01 |320  0.00004  8.58165e-03 |321  0.00000  7.80298e-04
322 -0.00000 -7.91560e-04 |
322 variables; iteration 440; function evaluation 490; phase 5
Function value 2.9094404e+03; maximum gradient component mag 7.2539e+00
Var    Value     Gradient |Var    Value     Gradient |Var    Value     Gradient
  1 -0.03392 -3.76531e+00 |  2  0.04190 -1.69199e-02 |  3  0.13370 -4.32649e-02
  4 -0.03107  1.44548e-01 |  5 -0.07747  2.32833e-02 |  6  0.05401 -3.95452e-02
  7  0.04305 -3.77435e-03 |  8 -0.00149 -5.72075e-02 |  9  0.04850 -1.65535e-02
 10  0.01748 -1.01399e-03 | 11  0.21578 -8.65373e-02 | 12 -0.12393  1.36188e-04
 13 -0.04220 -2.65696e-02 | 14 -0.15829  1.98493e-02 | 15 -0.17659  1.60774e-02
 16  0.23923 -9.74364e-02 | 17  0.00160  2.72216e-02 | 18 -0.11039  2.51470e-02
 19 -0.04912 -3.81893e-02 | 20 -0.01325 -2.16613e-02 | 21 -0.09671  1.90583e-02
 22  0.03513 -3.20211e-02 | 23 -0.12280 -1.49721e-02 | 24 -0.03618 -1.22045e-02
 25  0.00938 -6.08833e-02 | 26  0.02248 -1.05434e-01 | 27 -0.11498 -2.81505e-02
 28  0.01431 -1.39423e-01 | 29  0.05367 -1.51235e-01 | 30 -0.08373 -6.19126e-02
 31 -0.18894 -2.05775e-02 | 32  0.03832 -1.74614e-01 | 33  0.05097 -1.96832e-01
 34  0.05670 -1.33613e-01 | 35  0.04356 -1.98036e-01 | 36 -0.04750 -7.67769e-02
 37 -0.01987 -9.32375e-02 | 38  0.06087 -2.44709e-01 | 39 -0.06666 -3.92981e-02
 40  0.21402 -4.01096e-01 | 41  0.02183 -6.06425e-02 | 42  0.08254 -1.54858e-01
 43 -0.06430 -5.81851e-02 | 44  0.17622 -3.30936e-01 | 45 -0.03807 -9.79224e-02
 46 -0.03119 -1.07424e-01 | 47 -0.01468  5.52815e-02 | 48 -0.09100 -6.28230e-03
 49  0.11421  1.20350e-01 | 50  0.01035 -1.61399e-02 | 51  0.00126 -1.75222e-02
 52  0.01954 -7.42624e-02 | 53 -0.03584  4.34618e-02 | 54  0.08305  3.21533e-01
 55  0.00493  1.97156e-01 | 56 -0.04990  9.12759e-02 | 57 -0.05499  1.87005e-01
 58  0.08563  1.92995e-01 | 59 -0.03450  1.00297e-01 | 60  0.02232  3.05194e-01
 61  0.00279  1.11501e-01 | 62  0.06781  4.68984e-02 | 63  0.10034  3.08573e-01
 64 -0.06236  1.94210e-01 | 65 -0.01216  1.00391e-01 | 66  0.04288  7.75973e-02
 67  0.01156  3.11314e-01 | 68 -0.04220  1.52558e-01 | 69  0.03732 -1.27541e-02
 70  0.01322  7.79140e-02 | 71  0.15491  1.83281e-01 | 72 -0.04536  6.62946e-02
 73 -0.02348  3.47058e-02 | 74 -0.06641 -3.50023e-02 | 75 -0.52405  6.88307e-03
 76 -0.65833 -1.37012e-02 | 77 -0.80423 -2.00863e-02 | 78 -0.70418 -5.60333e-02
 79 -0.75301 -1.32944e-02 | 80 -0.76910 -2.54300e-02 | 81 -0.82186 -1.70941e-02
 82 -0.84965 -1.58340e-02 | 83 -0.82763 -7.93432e-03 | 84 -0.73877 -1.47548e-02
 85 -0.81804 -1.08082e-02 | 86 -0.81156 -1.15221e-02 | 87 -1.20668  1.92755e-02
 88 -0.79965 -7.52740e-03 | 89 -0.80933 -1.45878e-02 | 90 -0.81228 -3.04304e-02
 91 -0.78953 -2.15258e-02 | 92 -0.80128 -9.59118e-03 | 93 -0.79842 -2.33580e-02
 94 -0.85169 -9.36473e-03 | 95 -1.14457 -3.46758e-02 | 96 -0.89057 -7.90366e-06
 97 -0.19567  1.37257e-06 | 98 -0.78444 -3.87869e-06 | 99  0.66921 -4.96462e-01
100  0.27661  3.84571e-01 |101  0.20812  1.38503e+00 |102  0.09023 -5.99415e-01
103 -0.16647 -4.03233e-01 |104 -0.20501 -6.71628e-01 |105 -0.16540 -6.11091e-01
106  0.00041  1.87816e-01 |107  0.16871  2.45316e-01 |108 -0.02459  1.03313e-02
109  0.17748 -5.54699e-01 |110 -0.06145 -3.66102e-01 |111  0.39362 -4.14659e-03
112 -0.05043  1.43182e-01 |113 -0.33980 -2.50188e-01 |114 -0.20354 -9.39427e-02
115 -0.24040 -1.18557e-01 |116 -0.26301 -1.09791e-01 |117  1.87642 -2.76150e-02
118  2.18173 -4.33992e-02 |119  0.00369 -3.30041e+00 |120  0.00258 -3.31660e+00
121  0.00062 -3.67232e+00 |122 -0.00547 -3.64191e+00 |123 -0.00609 -3.71346e+00
124 -0.00630 -3.66701e+00 |125 -0.00656 -3.62811e+00 |126 -0.00720 -3.58714e+00
127  0.00900 -3.47165e+00 |128 -0.00295 -3.55640e+00 |129 -0.00645 -3.50746e+00
130 -0.02042 -3.64213e+00 |131  0.00184 -3.62194e+00 |132 -0.01013 -3.56207e+00
133  0.00727 -3.35120e+00 |134  0.00632 -3.33950e+00 |135 -0.00399 -3.35127e+00
136  0.01633 -3.33938e+00 |137 -0.01560 -3.19152e+00 |138 -0.01456 -3.16226e+00
139  0.00891 -3.14518e+00 |140  0.02019 -2.96315e+00 |141 -0.00388 -2.78235e+00
142 -0.02050 -2.72301e+00 |143  0.01981 -2.68352e+00 |144 -0.02349 -2.57178e+00
145  0.02555 -2.34325e+00 |146  0.00149 -2.29380e+00 |147  0.00279 -2.22186e+00
148 -0.00886 -2.06715e+00 |149  0.01264 -2.06933e+00 |150  0.02203 -2.22602e+00
151 -0.02539 -1.97448e+00 |152 -0.02042 -1.86064e+00 |153  0.00575 -1.74497e+00
154  0.00384 -1.70035e+00 |155  0.00337 -1.41757e+00 |156 -0.02138 -1.33048e+00
157 -0.01135 -1.26477e+00 |158  0.02743 -1.08618e+00 |159 -0.00974 -1.07429e+00
160  0.01800 -1.22553e+00 |161 -0.00710 -1.32108e+00 |162 -0.01904 -1.25283e+00
163  0.00804 -1.05478e+00 |164  0.00421 -1.00825e+00 |165 -0.00355 -1.20805e+00
166  0.00536 -1.33023e+00 |167 -0.01846 -1.38080e+00 |168 -0.00170 -1.29033e+00
169  0.02266 -6.28582e-01 |170 -0.02929 -5.85654e-01 |171  0.01050 -3.79273e-01
172  0.02306 -2.30885e-01 |173  0.02184 -2.64085e-01 |174 -0.00253 -3.77862e-01
175 -0.00641 -4.31981e-01 |176 -0.02016 -4.30118e-01 |177  0.00329 -4.99125e-01
178 -0.00240 -5.12931e-01 |179  0.00291 -5.55485e-01 |180 -0.00471 -5.26061e-01
181  0.00470 -3.93603e-01 |182 -0.00531 -1.36342e-01 |183 -0.01488 -1.26411e-01
184 -0.00000 -1.05615e-03 |185 -0.00000 -3.54036e-04 |186 -0.00001 -1.48757e-03
187 -0.00086  1.54876e+00 |188  0.00228  1.34465e+00 |189 -0.01046  1.04794e+00
190  0.00865  1.32909e+00 |191  0.00645  1.29213e+00 |192 -0.02455  1.41719e+00
193  0.01850  1.47081e+00 |194  0.00010  1.65874e+00 |195 -0.02834  2.02224e+00
196  0.01808  2.21581e+00 |197 -0.00266  2.35505e+00 |198 -0.00083  2.29925e+00
199 -0.00139  2.33720e+00 |200  0.00830  2.41467e+00 |201 -0.00997  2.78061e+00
202  0.00426  3.02963e+00 |203  0.00283  2.98697e+00 |204  0.00146  2.88553e+00
205 -0.00670  2.94157e+00 |206  0.01015  2.87742e+00 |207 -0.00970  2.85995e+00
208  0.00338  2.76282e+00 |209 -0.00009  2.92984e+00 |210  0.01015  2.92392e+00
211 -0.02420  3.02342e+00 |212  0.01639  2.73965e+00 |213 -0.00770  2.68248e+00
214  0.00382  2.64870e+00 |215 -0.00070  2.57031e+00 |216  0.00685  2.80610e+00
217 -0.00767  2.86226e+00 |218 -0.00024  2.30695e+00 |219  0.01241  2.61104e+00
220 -0.00512  2.54041e+00 |221 -0.00239  2.53965e+00 |222  0.00067  2.48844e+00
223 -0.00032  2.68182e+00 |224  0.00216  2.55939e+00 |225 -0.01660  2.51998e+00
226  0.00862  2.54172e+00 |227  0.00783  2.24295e+00 |228 -0.00742  1.99478e+00
229  0.00729  1.76284e+00 |230 -0.00374  1.97148e+00 |231 -0.00552  2.27426e+00
232  0.00630  2.22298e+00 |233 -0.00428  1.93094e+00 |234  0.00293  1.28967e+00
235  0.00181  1.10333e+00 |236 -0.00450  1.20871e+00 |237 -0.00712  1.65890e+00
238  0.01244  1.52552e+00 |239 -0.00968  1.60415e+00 |240  0.00344  1.53871e+00
241  0.01234  1.37411e+00 |242  0.00515  1.00909e+00 |243 -0.00966  8.71460e-01
244 -0.01326  7.90961e-01 |245  0.01051  5.94704e-01 |246  0.00501  3.63971e-01
247 -0.00700 -8.38593e-02 |248 -0.00158 -9.60333e-02 |249  0.00373 -4.04341e-02
250 -0.00548  5.02376e-02 |251  0.00859 -1.35284e-01 |252 -0.00000 -1.06806e-03
253  0.00000  1.10287e-05 |254 -0.00000 -6.13108e-04 |255 -0.00110  5.81646e+00
256  0.00330  6.72870e+00 |257 -0.00275  6.36403e+00 |258 -0.00147  6.72677e+00
259  0.00339  6.76401e+00 |260  0.01775  6.58917e+00 |261 -0.01680  6.47095e+00
262  0.00619  6.59048e+00 |263 -0.00012  6.82094e+00 |264 -0.02521  6.92470e+00
265  0.01221  6.96954e+00 |266 -0.01064  6.80168e+00 |267  0.00012  6.83524e+00
268 -0.00128  6.84200e+00 |269  0.00308  7.06953e+00 |270 -0.00221  7.25389e+00
271  0.00178  6.96627e+00 |272  0.00056  6.78355e+00 |273  0.00384  6.79830e+00
274 -0.00008  6.74052e+00 |275 -0.00200  6.63488e+00 |276  0.00036  6.49544e+00
277  0.00157  6.47499e+00 |278  0.00249  6.33497e+00 |279  0.00579  6.23350e+00
280 -0.01416  5.82614e+00 |281  0.00746  5.73715e+00 |282 -0.00219  5.66159e+00
283  0.00014  5.53362e+00 |284  0.00402  5.54294e+00 |285 -0.00253  5.54950e+00
286 -0.00072  5.10263e+00 |287 -0.00248  5.13337e+00 |288  0.00754  5.10367e+00
289  0.00569  5.15933e+00 |290 -0.00766  5.10831e+00 |291 -0.00039  4.99103e+00
292  0.00234  4.88083e+00 |293  0.00703  4.74017e+00 |294 -0.00897  4.58909e+00
295 -0.00335  4.14143e+00 |296 -0.00095  3.98112e+00 |297 -0.00149  3.71111e+00
298  0.00597  3.72084e+00 |299  0.00191  3.83861e+00 |300 -0.00650  3.76171e+00
301  0.00357  3.65564e+00 |302 -0.00299  3.21577e+00 |303  0.00388  2.84746e+00
304 -0.00141  2.75476e+00 |305  0.00058  3.06128e+00 |306 -0.00376  2.89859e+00
307  0.00777  2.73391e+00 |308 -0.00223  2.56056e+00 |309 -0.00458  2.47254e+00
310  0.00681  2.15311e+00 |311  0.00477  1.83366e+00 |312  0.00223  1.63658e+00
313 -0.00975  1.46365e+00 |314  0.00253  1.13203e+00 |315  0.00121  6.32462e-01
316  0.00025  4.62071e-01 |317  0.00018  4.37757e-01 |318  0.00098  3.19205e-01
319 -0.00620  9.94402e-02 |320 -0.00001 -3.59433e-03 |321  0.00000  2.27678e-04
322 -0.00000 -2.37932e-04 |
322 variables; iteration 460; function evaluation 510; phase 5
Function value 2.9094372e+03; maximum gradient component mag -6.9515e+00
Var    Value     Gradient |Var    Value     Gradient |Var    Value     Gradient
  1 -0.03393 -4.05922e+00 |  2  0.04188 -8.35829e-03 |  3  0.13379  1.47992e-03
  4 -0.03127  6.66983e-02 |  5 -0.07734  7.55162e-02 |  6  0.05404  1.55489e-02
  7  0.04302  3.08753e-02 |  8 -0.00142 -5.07302e-02 |  9  0.04845 -8.92335e-02
 10  0.01752 -7.03010e-03 | 11  0.21577 -1.57503e-01 | 12 -0.12391  1.19206e-02
 13 -0.04220  1.30153e-02 | 14 -0.15828  4.40885e-02 | 15 -0.17657  5.11649e-02
 16  0.23923 -1.34854e-01 | 17  0.00157 -3.52403e-02 | 18 -0.11040  2.14057e-02
 19 -0.04911 -1.83867e-02 | 20 -0.01326 -5.51244e-02 | 21 -0.09671  9.62899e-03
 22  0.03513 -4.49982e-02 | 23 -0.12279  1.07058e-02 | 24 -0.03620 -3.27913e-02
 25  0.00937 -9.13327e-02 | 26  0.02248 -7.20580e-02 | 27 -0.11498 -1.36782e-02
 28  0.01432 -7.28540e-02 | 29  0.05367 -8.06894e-02 | 30 -0.08372 -1.33629e-02
 31 -0.18898 -5.10312e-03 | 32  0.03832 -4.76277e-02 | 33  0.05098 -6.22183e-02
 34  0.05670 -4.05182e-02 | 35  0.04357 -5.36308e-02 | 36 -0.04750 -2.45852e-02
 37 -0.01988 -1.79815e-02 | 38  0.06088 -3.79587e-02 | 39 -0.06672 -3.09151e-02
 40  0.21404 -6.65955e-02 | 41  0.02180 -6.78809e-02 | 42  0.08254 -4.74709e-02
 43 -0.06430 -9.31214e-03 | 44  0.17622 -1.84551e-01 | 45 -0.03806  1.68013e-02
 46 -0.03118 -4.05933e-02 | 47 -0.01469 -9.21213e-03 | 48 -0.09100  6.22791e-03
 49  0.11421  1.12535e-02 | 50  0.01034 -1.00901e-02 | 51  0.00126 -5.29172e-03
 52  0.01955  4.35828e-02 | 53 -0.03584  6.36941e-02 | 54  0.08305  1.02630e-01
 55  0.00493  4.29350e-02 | 56 -0.04990  1.28922e-01 | 57 -0.05498  1.81419e-01
 58  0.08563 -4.66905e-03 | 59 -0.03450  2.39811e-02 | 60  0.02232  2.20653e-01
 61  0.00279  2.66099e-02 | 62  0.06781 -2.45701e-02 | 63  0.10034  6.99650e-02
 64 -0.06237  1.09069e-01 | 65 -0.01216  9.49368e-03 | 66  0.04288 -1.00124e-02
 67  0.01155  1.20800e-02 | 68 -0.04221  3.38314e-02 | 69  0.03733  1.65871e-01
 70  0.01322  3.97325e-03 | 71  0.15491 -1.46561e-02 | 72 -0.04536  6.30995e-02
 73 -0.02347  1.00493e-01 | 74 -0.06640  3.04771e-02 | 75 -0.52408 -1.55112e-02
 76 -0.65832 -9.65668e-04 | 77 -0.80423  2.86506e-03 | 78 -0.70415 -2.27386e-03
 79 -0.75300  2.40139e-03 | 80 -0.76908  8.02123e-03 | 81 -0.82187 -2.28867e-02
 82 -0.84965 -2.30238e-03 | 83 -0.82763 -2.73873e-03 | 84 -0.73877  2.69883e-03
 85 -0.81803  2.15906e-02 | 86 -0.81157  2.62762e-03 | 87 -1.20670 -1.96517e-02
 88 -0.79965  3.86684e-03 | 89 -0.80933  5.32526e-03 | 90 -0.81226  2.29548e-02
 91 -0.78953 -7.04453e-03 | 92 -0.80127 -4.90872e-03 | 93 -0.79840  1.57633e-03
 94 -0.85168  2.43548e-02 | 95 -1.14457  7.73823e-03 | 96 -0.86872 -6.53080e-06
 97 -0.33650 -7.39379e-07 | 98 -0.77689 -3.73659e-06 | 99  0.71991 -2.49739e-01
100  0.27565 -1.89871e-01 |101  0.19963 -1.63192e+00 |102  0.09024  1.14606e-01
103 -0.16647 -6.37807e-02 |104 -0.20501 -5.48007e-02 |105 -0.16538  1.01664e-01
106  0.00041 -1.24399e+00 |107  0.16871 -9.12639e-01 |108 -0.02460 -7.66357e-01
109  0.17748 -2.43766e-01 |110 -0.06002 -1.18144e-01 |111  0.43242  1.52973e-03
112 -0.05043 -4.84871e-02 |113 -0.33980 -2.07247e-01 |114 -0.20355 -7.55728e-02
115 -0.24041 -4.85101e-02 |116 -0.26295 -3.04608e-02 |117  1.87641 -4.10139e-02
118  2.18179 -6.30138e-02 |119  0.00156 -2.12374e+00 |120  0.00111 -2.03903e+00
121  0.00049 -2.08546e+00 |122 -0.00554 -2.24887e+00 |123 -0.00598 -2.28869e+00
124 -0.00660 -2.35905e+00 |125 -0.00715 -2.40456e+00 |126 -0.00779 -2.38069e+00
127  0.00900 -2.35964e+00 |128 -0.00304 -2.56285e+00 |129 -0.00658 -2.54552e+00
130 -0.02059 -2.74518e+00 |131  0.00185 -2.84563e+00 |132 -0.01015 -2.90365e+00
133  0.00727 -2.98918e+00 |134  0.00632 -3.04293e+00 |135 -0.00400 -3.11079e+00
136  0.01640 -3.10572e+00 |137 -0.01565 -3.10913e+00 |138 -0.01459 -3.13591e+00
139  0.00893 -3.07604e+00 |140  0.02031 -2.98933e+00 |141 -0.00391 -2.93833e+00
142 -0.02057 -2.92664e+00 |143  0.01981 -2.88451e+00 |144 -0.02348 -2.80199e+00
145  0.02555 -2.82679e+00 |146  0.00153 -2.79041e+00 |147  0.00281 -2.78070e+00
148 -0.00894 -2.76083e+00 |149  0.01257 -2.74690e+00 |150  0.02228 -2.78041e+00
151 -0.02533 -2.74021e+00 |152 -0.02055 -2.83238e+00 |153  0.00578 -3.01535e+00
154  0.00378 -3.08093e+00 |155  0.00340 -3.16949e+00 |156 -0.02144 -3.18539e+00
157 -0.01139 -3.25381e+00 |158  0.02741 -3.24303e+00 |159 -0.00976 -3.22638e+00
160  0.01797 -3.04280e+00 |161 -0.00702 -3.01327e+00 |162 -0.01906 -3.03822e+00
163  0.00803 -3.06227e+00 |164  0.00418 -3.08987e+00 |165 -0.00356 -3.13023e+00
166  0.00534 -3.09938e+00 |167 -0.01842 -3.04361e+00 |168 -0.00169 -2.89943e+00
169  0.02264 -2.26406e+00 |170 -0.02927 -2.15246e+00 |171  0.01050 -2.00443e+00
172  0.02298 -1.82372e+00 |173  0.02146 -1.55170e+00 |174 -0.00258 -1.33830e+00
175 -0.00622 -1.29418e+00 |176 -0.01995 -1.20019e+00 |177  0.00329 -8.72025e-01
178 -0.00239 -6.39301e-01 |179  0.00298 -5.63306e-01 |180 -0.00468 -5.00658e-01
181  0.00467 -4.60438e-01 |182 -0.00530 -9.07971e-02 |183 -0.01486 -7.09836e-02
184  0.00000  6.47616e-04 |185  0.00000  1.09298e-03 |186  0.00001  1.74505e-03
187 -0.00059 -1.02325e+00 |188  0.00220 -1.95069e+00 |189 -0.01043 -1.94208e+00
190  0.00863 -2.11148e+00 |191  0.00659 -2.21385e+00 |192 -0.02460 -2.30576e+00
193  0.01843 -2.28069e+00 |194  0.00006 -2.16688e+00 |195 -0.02831 -1.88817e+00
196  0.01808 -1.82943e+00 |197 -0.00265 -1.86964e+00 |198 -0.00083 -2.03607e+00
199 -0.00139 -2.13870e+00 |200  0.00830 -2.19299e+00 |201 -0.00997 -2.21690e+00
202  0.00426 -2.22822e+00 |203  0.00283 -2.35525e+00 |204  0.00146 -2.36054e+00
205 -0.00670 -2.43561e+00 |206  0.01014 -2.47865e+00 |207 -0.00970 -2.39857e+00
208  0.00339 -2.21688e+00 |209 -0.00009 -2.14578e+00 |210  0.01014 -2.14074e+00
211 -0.02418 -1.90444e+00 |212  0.01638 -1.94687e+00 |213 -0.00770 -2.05844e+00
214  0.00383 -2.01565e+00 |215 -0.00070 -2.01665e+00 |216  0.00685 -1.97424e+00
217 -0.00767 -1.90784e+00 |218 -0.00024 -1.97105e+00 |219  0.01242 -1.99062e+00
220 -0.00513 -2.17308e+00 |221 -0.00239 -2.51228e+00 |222  0.00066 -2.57187e+00
223 -0.00031 -2.55674e+00 |224  0.00216 -2.53450e+00 |225 -0.01658 -2.62921e+00
226  0.00861 -2.56179e+00 |227  0.00782 -2.57049e+00 |228 -0.00742 -2.44253e+00
229  0.00730 -2.44646e+00 |230 -0.00374 -2.52106e+00 |231 -0.00553 -2.57179e+00
232  0.00630 -2.63189e+00 |233 -0.00428 -2.69175e+00 |234  0.00293 -2.78960e+00
235  0.00182 -2.79046e+00 |236 -0.00450 -2.65830e+00 |237 -0.00713 -2.04953e+00
238  0.01244 -1.68223e+00 |239 -0.00968 -1.57384e+00 |240  0.00344 -1.38600e+00
241  0.01234 -1.19319e+00 |242  0.00515 -1.03603e+00 |243 -0.00966 -1.05769e+00
244 -0.01326 -9.92415e-01 |245  0.01050 -6.03870e-01 |246  0.00501 -2.75487e-01
247 -0.00699 -2.62296e-01 |248 -0.00158 -2.80742e-01 |249  0.00373 -3.31992e-01
250 -0.00548 -8.33426e-02 |251  0.00859 -8.49106e-02 |252 -0.00000 -5.02563e-04
253  0.00001  1.28290e-03 |254 -0.00000 -1.09534e-03 |255  0.00082 -6.95149e+00
256  0.00332 -6.48845e+00 |257 -0.00275 -6.53213e+00 |258 -0.00146 -6.73223e+00
259  0.00338 -6.92677e+00 |260  0.01767 -6.75496e+00 |261 -0.01672 -6.71654e+00
262  0.00617 -6.57850e+00 |263 -0.00010 -6.23095e+00 |264 -0.02520 -6.19398e+00
265  0.01221 -6.26074e+00 |266 -0.01064 -6.55278e+00 |267  0.00012 -6.52214e+00
268 -0.00129 -6.46436e+00 |269  0.00308 -6.32212e+00 |270 -0.00221 -6.25050e+00
271  0.00178 -6.27013e+00 |272  0.00056 -6.15581e+00 |273  0.00384 -6.16914e+00
274 -0.00008 -6.07333e+00 |275 -0.00200 -5.96475e+00 |276  0.00036 -5.85277e+00
277  0.00157 -5.77623e+00 |278  0.00249 -5.67473e+00 |279  0.00579 -5.39997e+00
280 -0.01415 -5.46433e+00 |281  0.00746 -5.39704e+00 |282 -0.00219 -5.22433e+00
283  0.00014 -5.06632e+00 |284  0.00402 -5.01792e+00 |285 -0.00253 -4.85583e+00
286 -0.00072 -4.84387e+00 |287 -0.00248 -4.63376e+00 |288  0.00755 -4.75501e+00
289  0.00568 -4.69495e+00 |290 -0.00765 -4.63591e+00 |291 -0.00039 -4.42319e+00
292  0.00234 -4.36696e+00 |293  0.00701 -4.24418e+00 |294 -0.00896 -4.09285e+00
295 -0.00335 -3.96389e+00 |296 -0.00095 -3.76785e+00 |297 -0.00149 -3.75315e+00
298  0.00597 -3.71783e+00 |299  0.00191 -3.52210e+00 |300 -0.00650 -3.47024e+00
301  0.00357 -3.36428e+00 |302 -0.00299 -3.30184e+00 |303  0.00388 -3.26914e+00
304 -0.00140 -3.18290e+00 |305  0.00058 -2.67426e+00 |306 -0.00376 -2.42945e+00
307  0.00777 -2.19846e+00 |308 -0.00223 -1.96705e+00 |309 -0.00458 -1.57051e+00
310  0.00682 -1.26574e+00 |311  0.00478 -1.17532e+00 |312  0.00223 -1.14414e+00
313 -0.00975 -7.79870e-01 |314  0.00253 -5.37739e-01 |315  0.00120 -3.50127e-01
316  0.00025 -2.52006e-01 |317  0.00018 -2.65427e-01 |318  0.00098 -6.92524e-02
319 -0.00620 -8.56007e-02 |320  0.00001  1.75990e-03 |321  0.00001  1.36581e-03
322 -0.00000 -1.84488e-04 |
322 variables; iteration 480; function evaluation 530; phase 5
Function value 2.9094361e+03; maximum gradient component mag -7.1322e-01
Var    Value     Gradient |Var    Value     Gradient |Var    Value     Gradient
  1 -0.03392  2.22608e-01 |  2  0.04187 -3.22965e-03 |  3  0.13378 -8.78643e-03
  4 -0.03141 -6.93331e-03 |  5 -0.07750 -1.17939e-02 |  6  0.05400  6.50877e-03
  7  0.04311 -6.32135e-03 |  8 -0.00153  2.12608e-03 |  9  0.04849 -1.82523e-03
 10  0.01751  8.38375e-03 | 11  0.21578 -8.08436e-04 | 12 -0.12390  7.37582e-04
 13 -0.04219  3.18951e-03 | 14 -0.15829 -3.54714e-03 | 15 -0.17656  1.11106e-03
 16  0.23923  1.46998e-02 | 17  0.00157  1.54267e-03 | 18 -0.11041 -2.47531e-03
 19 -0.04911  7.70922e-04 | 20 -0.01326  8.55569e-04 | 21 -0.09671 -5.71111e-03
 22  0.03512  3.82219e-03 | 23 -0.12280  8.15997e-04 | 24 -0.03620  7.41252e-04
 25  0.00938 -2.01866e-04 | 26  0.02248  2.48282e-03 | 27 -0.11497  7.02276e-04
 28  0.01432 -1.22451e-03 | 29  0.05367  1.17058e-02 | 30 -0.08372 -5.68276e-03
 31 -0.18892 -1.87938e-04 | 32  0.03832  1.85075e-03 | 33  0.05098  3.87231e-03
 34  0.05669 -2.25397e-03 | 35  0.04356 -1.46576e-02 | 36 -0.04748 -1.23719e-03
 37 -0.01987  4.11784e-03 | 38  0.06088 -1.23512e-02 | 39 -0.06670 -9.10078e-03
 40  0.21403 -2.93504e-03 | 41  0.02180 -1.79743e-03 | 42  0.08254  7.13900e-04
 43 -0.06430 -9.28815e-04 | 44  0.17622 -2.25250e-02 | 45 -0.03807 -1.01054e-02
 46 -0.03118 -3.58765e-03 | 47 -0.01469 -5.07658e-03 | 48 -0.09100 -4.81687e-03
 49  0.11421 -1.16204e-02 | 50  0.01034 -7.63581e-03 | 51  0.00126 -3.40749e-03
 52  0.01955  2.62044e-02 | 53 -0.03585 -8.42196e-03 | 54  0.08304  7.72615e-03
 55  0.00493  1.21806e-02 | 56 -0.04990  7.83239e-04 | 57 -0.05499  4.12844e-03
 58  0.08563  7.74157e-03 | 59 -0.03450  6.68684e-03 | 60  0.02232  1.50951e-02
 61  0.00279  1.42343e-03 | 62  0.06781  3.83539e-03 | 63  0.10034  1.10930e-02
 64 -0.06238  9.05232e-03 | 65 -0.01216 -5.19462e-03 | 66  0.04289  2.06368e-02
 67  0.01155 -1.61849e-02 | 68 -0.04221 -2.60314e-04 | 69  0.03733  1.21194e-02
 70  0.01322 -1.73955e-02 | 71  0.15491  3.90191e-03 | 72 -0.04536 -4.85194e-03
 73 -0.02347  4.20121e-04 | 74 -0.06641 -1.41462e-02 | 75 -0.52401  6.78595e-03
 76 -0.65833 -4.31625e-03 | 77 -0.80423 -3.00463e-03 | 78 -0.70416 -1.95844e-03
 79 -0.75301 -2.34364e-03 | 80 -0.76909  1.61228e-03 | 81 -0.82186 -5.54829e-03
 82 -0.84965 -1.82931e-03 | 83 -0.82763 -5.87467e-03 | 84 -0.73877 -8.72330e-04
 85 -0.81804 -5.29079e-04 | 86 -0.81157 -3.44143e-03 | 87 -1.20668  1.23549e-03
 88 -0.79965 -4.17253e-04 | 89 -0.80933 -2.63340e-03 | 90 -0.81227 -5.40101e-04
 91 -0.78952 -2.43942e-04 | 92 -0.80127  3.52741e-04 | 93 -0.79840  1.52878e-03
 94 -0.85168 -6.19698e-04 | 95 -1.14457  6.16106e-04 | 96 -0.85408 -5.85451e-06
 97 -0.41868 -1.05041e-06 | 98 -0.77145 -3.63976e-06 | 99  0.74536 -5.21224e-02
100  0.27199 -1.58965e-01 |101  0.20356 -2.63121e-02 |102  0.09024  1.17911e-01
103 -0.16647  1.70580e-02 |104 -0.20500  4.67938e-02 |105 -0.16538  8.30561e-03
106  0.00042  6.42960e-01 |107  0.16871  1.56007e-01 |108 -0.02459  1.35281e-02
109  0.17747  7.11557e-02 |110 -0.05913  3.75889e-02 |111  0.45448  2.31868e-03
112 -0.05043 -3.00101e-03 |113 -0.33980 -3.77938e-02 |114 -0.20355 -2.04508e-02
115 -0.24040 -6.33623e-03 |116 -0.26294 -4.34377e-03 |117  1.87648  9.95465e-03
118  2.18186  3.39455e-03 |119  0.00053 -5.05328e-01 |120 -0.00009 -4.84292e-01
121 -0.00024 -4.15044e-01 |122 -0.00580 -4.15494e-01 |123 -0.00605 -4.03712e-01
124 -0.00642 -4.04779e-01 |125 -0.00689 -4.27234e-01 |126 -0.00769 -4.37001e-01
127  0.00872 -4.31088e-01 |128 -0.00291 -4.19400e-01 |129 -0.00661 -4.14356e-01
130 -0.02022 -4.07805e-01 |131  0.00187 -4.07434e-01 |132 -0.01013 -4.05659e-01
133  0.00726 -3.91585e-01 |134  0.00631 -3.70324e-01 |135 -0.00398 -3.33791e-01
136  0.01640 -3.04175e-01 |137 -0.01566 -3.05354e-01 |138 -0.01457 -2.95288e-01
139  0.00893 -2.81027e-01 |140  0.02034 -2.67288e-01 |141 -0.00391 -2.48741e-01
142 -0.02061 -2.59201e-01 |143  0.01983 -2.72880e-01 |144 -0.02350 -3.03897e-01
145  0.02556 -3.00680e-01 |146  0.00153 -3.04969e-01 |147  0.00281 -2.98543e-01
148 -0.00895 -2.79305e-01 |149  0.01256 -2.52056e-01 |150  0.02232 -2.60407e-01
151 -0.02543 -2.76146e-01 |152 -0.02051 -2.73945e-01 |153  0.00577 -2.94338e-01
154  0.00382 -3.08351e-01 |155  0.00339 -3.39821e-01 |156 -0.02143 -3.32708e-01
157 -0.01138 -3.41771e-01 |158  0.02742 -3.37052e-01 |159 -0.00975 -3.37217e-01
160  0.01797 -3.34075e-01 |161 -0.00704 -3.30650e-01 |162 -0.01905 -3.39548e-01
163  0.00803 -3.40467e-01 |164  0.00418 -3.47158e-01 |165 -0.00355 -3.68089e-01
166  0.00535 -3.63302e-01 |167 -0.01843 -3.59997e-01 |168 -0.00169 -3.39758e-01
169  0.02266 -2.55857e-01 |170 -0.02929 -2.51872e-01 |171  0.01050 -2.26739e-01
172  0.02304 -2.02379e-01 |173  0.02170 -1.96234e-01 |174 -0.00256 -2.03385e-01
175 -0.00628 -2.04378e-01 |176 -0.02012 -2.07721e-01 |177  0.00330 -1.98210e-01
178 -0.00242 -1.90715e-01 |179  0.00294 -1.88400e-01 |180 -0.00470 -1.66263e-01
181  0.00471 -1.14029e-01 |182 -0.00532 -2.95826e-02 |183 -0.01487 -3.78871e-02
184 -0.00000 -1.13885e-04 |185 -0.00000 -2.91696e-04 |186 -0.00000 -4.39344e-05
187  0.00009 -7.13223e-01 |188  0.00233 -6.46625e-01 |189 -0.01044 -5.69617e-01
190  0.00864 -5.70526e-01 |191  0.00653 -5.63150e-01 |192 -0.02454 -5.45735e-01
193  0.01847 -5.61156e-01 |194  0.00012 -5.74866e-01 |195 -0.02841 -5.62730e-01
196  0.01807 -5.36346e-01 |197 -0.00265 -5.21258e-01 |198 -0.00083 -5.23573e-01
199 -0.00139 -5.45172e-01 |200  0.00830 -5.38231e-01 |201 -0.00997 -5.31187e-01
202  0.00426 -4.96693e-01 |203  0.00283 -4.57914e-01 |204  0.00146 -4.25930e-01
205 -0.00670 -4.36538e-01 |206  0.01015 -4.21675e-01 |207 -0.00970 -4.06036e-01
208  0.00338 -4.09535e-01 |209 -0.00009 -3.63585e-01 |210  0.01015 -3.75846e-01
211 -0.02420 -3.64568e-01 |212  0.01639 -3.96754e-01 |213 -0.00770 -3.85890e-01
214  0.00382 -3.92451e-01 |215 -0.00070 -3.66479e-01 |216  0.00684 -3.36414e-01
217 -0.00767 -3.00399e-01 |218 -0.00024 -3.07936e-01 |219  0.01242 -3.24373e-01
220 -0.00514 -3.25833e-01 |221 -0.00239 -3.46525e-01 |222  0.00066 -3.75598e-01
223 -0.00031 -3.99003e-01 |224  0.00216 -3.96909e-01 |225 -0.01658 -4.13064e-01
226  0.00861 -4.15567e-01 |227  0.00782 -4.16426e-01 |228 -0.00741 -4.11333e-01
229  0.00730 -3.86106e-01 |230 -0.00374 -4.08045e-01 |231 -0.00552 -4.26145e-01
232  0.00630 -4.22151e-01 |233 -0.00428 -4.47152e-01 |234  0.00294 -4.20115e-01
235  0.00182 -4.06213e-01 |236 -0.00450 -3.79145e-01 |237 -0.00712 -2.87938e-01
238  0.01244 -2.72894e-01 |239 -0.00968 -2.65431e-01 |240  0.00344 -2.54179e-01
241  0.01234 -2.24513e-01 |242  0.00515 -2.24815e-01 |243 -0.00966 -2.34111e-01
244 -0.01325 -2.31854e-01 |245  0.01051 -2.29992e-01 |246  0.00500 -2.23016e-01
247 -0.00699 -1.94228e-01 |248 -0.00157 -1.69658e-01 |249  0.00373 -1.00190e-01
250 -0.00548 -4.26438e-02 |251  0.00859 -3.03301e-02 |252 -0.00000 -2.56356e-04
253 -0.00000 -1.37927e-04 |254  0.00000  8.70386e-05 |255 -0.00004 -1.29883e-01
256  0.00327 -2.97418e-01 |257 -0.00274 -1.88363e-01 |258 -0.00147 -1.87765e-01
259  0.00339 -1.57236e-01 |260  0.01767 -1.15421e-01 |261 -0.01672 -1.19055e-01
262  0.00617 -1.20064e-01 |263 -0.00012 -8.17466e-02 |264 -0.02520 -4.67205e-02
265  0.01220 -4.87565e-02 |266 -0.01064 -3.60577e-02 |267  0.00012 -5.42991e-02
268 -0.00128 -2.92952e-02 |269  0.00308 -4.11199e-02 |270 -0.00221 -2.98717e-02
271  0.00178 -1.23896e-02 |272  0.00056  2.51874e-02 |273  0.00384 -2.13478e-03
274 -0.00008  6.50062e-03 |275 -0.00200 -4.90918e-03 |276  0.00036 -7.63423e-03
277  0.00157  2.25827e-02 |278  0.00249  9.48621e-03 |279  0.00579  1.34083e-02
280 -0.01415 -7.55517e-03 |281  0.00746 -5.00164e-03 |282 -0.00219 -1.43588e-02
283  0.00014 -3.56279e-03 |284  0.00402 -8.66475e-03 |285 -0.00253  1.77835e-02
286 -0.00072  4.22742e-03 |287 -0.00248 -6.36195e-03 |288  0.00755 -5.36099e-03
289  0.00568 -1.82004e-02 |290 -0.00766 -4.76551e-02 |291 -0.00039 -6.42111e-02
292  0.00234 -6.42505e-02 |293  0.00701 -6.18568e-02 |294 -0.00896 -6.40316e-02
295 -0.00335 -6.99981e-02 |296 -0.00095 -1.06071e-01 |297 -0.00149 -7.67557e-02
298  0.00597 -9.62697e-02 |299  0.00191 -1.03984e-01 |300 -0.00650 -1.05075e-01
301  0.00357 -1.16694e-01 |302 -0.00299 -1.09014e-01 |303  0.00388 -1.04209e-01
304 -0.00140 -9.89104e-02 |305  0.00058 -6.45013e-02 |306 -0.00376 -5.38382e-02
307  0.00777 -4.80950e-02 |308 -0.00223 -3.78306e-02 |309 -0.00458 -3.37131e-02
310  0.00681 -3.09486e-02 |311  0.00478 -4.61205e-02 |312  0.00223 -6.71811e-02
313 -0.00975 -6.28539e-02 |314  0.00253 -4.66022e-02 |315  0.00120 -3.42292e-02
316  0.00025 -3.13068e-02 |317  0.00018  4.58451e-03 |318  0.00098  1.14081e-02
319 -0.00620 -6.64698e-05 |320 -0.00000 -4.59004e-05 |321 -0.00000 -3.77348e-04
322  0.00000  4.19396e-05 |
322 variables; iteration 500; function evaluation 550; phase 5
Function value 2.9094360e+03; maximum gradient component mag -7.4110e-01
Var    Value     Gradient |Var    Value     Gradient |Var    Value     Gradient
  1 -0.03392  3.84062e-01 |  2  0.04187 -3.04562e-03 |  3  0.13379 -6.12914e-03
  4 -0.03140 -1.08609e-03 |  5 -0.07747 -2.62835e-03 |  6  0.05400 -2.10099e-02
  7  0.04309 -4.32222e-03 |  8 -0.00152 -8.10253e-03 |  9  0.04849 -3.91140e-03
 10  0.01750 -1.21703e-02 | 11  0.21578 -2.84188e-02 | 12 -0.12390 -8.27959e-03
 13 -0.04219 -1.04316e-02 | 14 -0.15828 -8.78405e-03 | 15 -0.17656 -9.62865e-03
 16  0.23923 -5.45043e-02 | 17  0.00158 -1.05936e-02 | 18 -0.11041 -1.48338e-02
 19 -0.04911 -1.73166e-02 | 20 -0.01326 -2.36704e-02 | 21 -0.09671 -1.28647e-02
 22  0.03512 -2.83608e-02 | 23 -0.12280 -1.38748e-02 | 24 -0.03620 -2.29846e-02
 25  0.00938 -2.21998e-02 | 26  0.02248 -3.00880e-02 | 27 -0.11497 -1.58599e-02
 28  0.01432 -2.25814e-02 | 29  0.05366 -4.21210e-02 | 30 -0.08372 -1.63185e-02
 31 -0.18892 -1.38893e-02 | 32  0.03832 -2.90429e-02 | 33  0.05098 -2.44809e-02
 34  0.05669 -2.70272e-02 | 35  0.04356 -2.95371e-02 | 36 -0.04748 -1.58047e-02
 37 -0.01988 -2.11773e-02 | 38  0.06089 -1.18969e-02 | 39 -0.06669  4.17059e-03
 40  0.21403 -4.31015e-02 | 41  0.02180 -2.43879e-02 | 42  0.08254 -1.04915e-02
 43 -0.06430 -2.96936e-03 | 44  0.17622  2.55488e-03 | 45 -0.03807 -5.80871e-04
 46 -0.03118  5.60722e-03 | 47 -0.01469  1.65310e-03 | 48 -0.09100  1.46021e-02
 49  0.11421  4.51873e-02 | 50  0.01034  1.41324e-02 | 51  0.00126  2.19279e-02
 52  0.01955  2.66204e-02 | 53 -0.03585  2.09825e-02 | 54  0.08304  6.63190e-02
 55  0.00493  4.83981e-02 | 56 -0.04990  1.09071e-02 | 57 -0.05499  1.57326e-02
 58  0.08563  9.24099e-02 | 59 -0.03450  1.41456e-02 | 60  0.02232  3.72586e-02
 61  0.00279  2.63443e-02 | 62  0.06781  5.57665e-02 | 63  0.10034  6.45001e-02
 64 -0.06238  3.10912e-03 | 65 -0.01216  2.59019e-02 | 66  0.04289  2.24974e-02
 67  0.01155  3.35217e-02 | 68 -0.04221  1.61529e-02 | 69  0.03733  4.85665e-03
 70  0.01322 -7.61893e-03 | 71  0.15491  1.94826e-02 | 72 -0.04536 -5.20543e-03
 73 -0.02347 -8.52070e-03 | 74 -0.06641 -4.58116e-03 | 75 -0.52403  3.26267e-03
 76 -0.65832 -4.46798e-03 | 77 -0.80423 -1.33390e-02 | 78 -0.70416 -1.54097e-02
 79 -0.75301 -4.46568e-03 | 80 -0.76910 -1.14043e-02 | 81 -0.82185 -5.37465e-03
 82 -0.84965 -4.38984e-03 | 83 -0.82763 -3.69551e-03 | 84 -0.73877 -6.28019e-03
 85 -0.81804 -7.42085e-03 | 86 -0.81157 -6.75840e-03 | 87 -1.20669 -5.01555e-03
 88 -0.79965 -4.31883e-03 | 89 -0.80933 -3.60372e-03 | 90 -0.81227 -3.79922e-03
 91 -0.78952  1.39758e-03 | 92 -0.80127 -1.06786e-03 | 93 -0.79841 -1.00681e-03
 94 -0.85168  3.79089e-03 | 95 -1.14457 -4.62608e-03 | 96 -0.84850 -5.63109e-06
 97 -0.44112 -1.13197e-06 | 98 -0.76895 -3.59675e-06 | 99  0.75175 -3.14741e-02
100  0.27221 -4.98700e-02 |101  0.20274 -1.75686e-01 |102  0.09024  9.36960e-02
103 -0.16647 -3.05119e-02 |104 -0.20500 -7.62866e-02 |105 -0.16539 -6.47630e-02
106  0.00041  2.36013e-02 |107  0.16871  1.00464e-01 |108 -0.02459  3.51426e-02
109  0.17747  4.56415e-02 |110 -0.05929  1.12475e-02 |111  0.46043  2.45327e-03
112 -0.05043  3.18176e-02 |113 -0.33980 -7.30759e-02 |114 -0.20355 -4.07377e-02
115 -0.24040 -2.58899e-02 |116 -0.26295 -1.72366e-02 |117  1.87647  8.29134e-03
118  2.18184  2.31504e-03 |119  0.00055 -2.94252e-01 |120 -0.00013 -2.94703e-01
121 -0.00056 -3.00228e-01 |122 -0.00596 -2.84493e-01 |123 -0.00619 -2.66857e-01
124 -0.00654 -2.65578e-01 |125 -0.00682 -2.38252e-01 |126 -0.00758 -2.37706e-01
127  0.00875 -2.40471e-01 |128 -0.00289 -2.29791e-01 |129 -0.00663 -2.39761e-01
130 -0.02022 -2.28849e-01 |131  0.00187 -2.38160e-01 |132 -0.01013 -2.44861e-01
133  0.00726 -2.48897e-01 |134  0.00632 -2.51137e-01 |135 -0.00399 -2.51799e-01
136  0.01640 -2.58906e-01 |137 -0.01565 -2.53223e-01 |138 -0.01457 -2.56451e-01
139  0.00892 -2.51507e-01 |140  0.02035 -2.40063e-01 |141 -0.00393 -2.38715e-01
142 -0.02061 -2.41965e-01 |143  0.01983 -2.29053e-01 |144 -0.02350 -1.94129e-01
145  0.02556 -1.64538e-01 |146  0.00153 -1.49982e-01 |147  0.00282 -1.37201e-01
148 -0.00895 -1.32111e-01 |149  0.01252 -1.42676e-01 |150  0.02232 -1.26336e-01
151 -0.02542 -1.22801e-01 |152 -0.02051 -1.15554e-01 |153  0.00578 -1.17179e-01
154  0.00381 -1.33725e-01 |155  0.00341 -1.24758e-01 |156 -0.02144 -1.34193e-01
157 -0.01138 -1.42459e-01 |158  0.02743 -1.56533e-01 |159 -0.00976 -1.71084e-01
160  0.01797 -1.84592e-01 |161 -0.00704 -1.90629e-01 |162 -0.01905 -1.96327e-01
163  0.00803 -1.99257e-01 |164  0.00418 -1.94154e-01 |165 -0.00355 -1.75111e-01
166  0.00535 -1.54397e-01 |167 -0.01843 -1.51017e-01 |168 -0.00169 -1.47023e-01
169  0.02266 -1.37384e-01 |170 -0.02929 -1.37898e-01 |171  0.01050 -1.27722e-01
172  0.02304 -1.14807e-01 |173  0.02170 -1.18478e-01 |174 -0.00256 -1.25340e-01
175 -0.00629 -1.26226e-01 |176 -0.02012 -1.24047e-01 |177  0.00330 -1.10223e-01
178 -0.00242 -1.14767e-01 |179  0.00294 -1.12543e-01 |180 -0.00469 -1.05591e-01
181  0.00471 -8.33995e-02 |182 -0.00533 -1.82700e-02 |183 -0.01486 -8.82063e-03
184  0.00000  2.69835e-04 |185  0.00000  3.70819e-04 |186  0.00000  1.10233e-04
187  0.00005 -2.22304e-01 |188  0.00232 -2.38044e-01 |189 -0.01044 -2.37760e-01
190  0.00864 -2.12960e-01 |191  0.00654 -1.69445e-01 |192 -0.02455 -1.68242e-01
193  0.01847 -1.31579e-01 |194  0.00013 -1.25684e-01 |195 -0.02841 -1.32292e-01
196  0.01807 -9.21760e-02 |197 -0.00266 -9.84205e-02 |198 -0.00083 -9.54740e-02
199 -0.00139 -1.04257e-01 |200  0.00830 -9.06497e-02 |201 -0.00997 -7.89333e-02
202  0.00426 -7.24683e-02 |203  0.00283 -6.13106e-02 |204  0.00146 -6.05301e-02
205 -0.00670 -3.23681e-02 |206  0.01015 -4.64201e-02 |207 -0.00970 -3.88732e-02
208  0.00338 -1.67053e-02 |209 -0.00009 -3.59549e-02 |210  0.01015 -4.54143e-02
211 -0.02421 -4.70005e-02 |212  0.01639  7.10959e-03 |213 -0.00770  1.78411e-02
214  0.00382  1.89026e-02 |215 -0.00070  4.34201e-02 |216  0.00684  4.76128e-02
217 -0.00767  2.08009e-02 |218 -0.00024  3.83381e-02 |219  0.01242  3.95307e-02
220 -0.00513  5.88036e-02 |221 -0.00239  3.68714e-02 |222  0.00066 -1.36310e-02
223 -0.00031 -3.64705e-03 |224  0.00216  1.78577e-02 |225 -0.01658  1.74080e-02
226  0.00861 -6.25146e-03 |227  0.00782 -7.52836e-03 |228 -0.00742 -6.39204e-04
229  0.00730 -4.01692e-03 |230 -0.00374 -4.13622e-03 |231 -0.00552 -2.11217e-02
232  0.00630 -1.91455e-02 |233 -0.00428 -4.34738e-03 |234  0.00294  8.89906e-03
235  0.00182  9.02023e-03 |236 -0.00450  1.09699e-02 |237 -0.00713  1.37078e-02
238  0.01244  1.00917e-02 |239 -0.00968  2.63786e-02 |240  0.00344  4.92696e-02
241  0.01234  3.26889e-02 |242  0.00515  2.08845e-02 |243 -0.00966  1.63947e-02
244 -0.01325  2.62302e-02 |245  0.01051  3.99050e-02 |246  0.00500  1.94527e-02
247 -0.00699 -1.66273e-02 |248 -0.00157 -2.69990e-02 |249  0.00373 -3.73371e-02
250 -0.00548 -2.30569e-03 |251  0.00859  3.27215e-03 |252  0.00000  1.51827e-04
253 -0.00000 -5.72419e-06 |254 -0.00000 -1.34854e-05 |255  0.00014 -7.41097e-01
256  0.00328 -5.85457e-01 |257 -0.00274 -5.90879e-01 |258 -0.00147 -5.34187e-01
259  0.00339 -4.92864e-01 |260  0.01767 -4.64939e-01 |261 -0.01672 -4.11169e-01
262  0.00618 -3.83797e-01 |263 -0.00012 -3.76731e-01 |264 -0.02520 -3.39325e-01
265  0.01220 -2.99853e-01 |266 -0.01064 -2.63147e-01 |267  0.00012 -2.67809e-01
268 -0.00129 -2.34093e-01 |269  0.00308 -2.19199e-01 |270 -0.00221 -1.91291e-01
271  0.00178 -1.75872e-01 |272  0.00056 -1.68950e-01 |273  0.00384 -1.49956e-01
274 -0.00008 -1.25488e-01 |275 -0.00200 -1.03315e-01 |276  0.00036 -8.18155e-02
277  0.00157 -8.84020e-02 |278  0.00249 -6.54091e-02 |279  0.00579 -7.26226e-02
280 -0.01415 -2.57912e-02 |281  0.00746 -1.36528e-02 |282 -0.00219  6.38497e-03
283  0.00014  2.69975e-02 |284  0.00402  3.01991e-02 |285 -0.00253  1.18057e-02
286 -0.00072  4.08210e-02 |287 -0.00248  4.53153e-02 |288  0.00755  5.96748e-02
289  0.00568  4.38827e-02 |290 -0.00766 -6.86469e-03 |291 -0.00039  8.19623e-03
292  0.00234  3.11513e-02 |293  0.00701  3.18283e-02 |294 -0.00896  6.69846e-03
295 -0.00335  1.41386e-02 |296 -0.00095  3.36231e-02 |297 -0.00149  3.58511e-02
298  0.00597  4.70167e-02 |299  0.00191  2.20974e-02 |300 -0.00650  2.67813e-02
301  0.00357  2.39599e-02 |302 -0.00299  3.47978e-02 |303  0.00388  2.09604e-02
304 -0.00140  1.75742e-02 |305  0.00058  1.28043e-02 |306 -0.00376  3.75839e-04
307  0.00777  3.87817e-03 |308 -0.00223  2.47502e-02 |309 -0.00458  1.42891e-02
310  0.00681 -1.07727e-02 |311  0.00478 -2.47020e-02 |312  0.00223 -1.05108e-02
313 -0.00975  1.71562e-02 |314  0.00253  1.90959e-02 |315  0.00120  1.06838e-02
316  0.00025  3.01502e-03 |317  0.00018 -6.81435e-03 |318  0.00098  4.38342e-03
319 -0.00620  1.18182e-02 |320  0.00000  2.77215e-04 |321  0.00000  4.66295e-04
322 -0.00000 -8.88100e-05 |
322 variables; iteration 520; function evaluation 570; phase 5
Function value 2.9094360e+03; maximum gradient component mag 6.8144e-02
Var    Value     Gradient |Var    Value     Gradient |Var    Value     Gradient
  1 -0.03392  6.81441e-02 |  2  0.04188 -5.36048e-04 |  3  0.13379 -1.95550e-04
  4 -0.03140  5.35371e-04 |  5 -0.07748 -7.55150e-04 |  6  0.05400  1.11322e-03
  7  0.04310  5.51265e-04 |  8 -0.00152  6.82846e-04 |  9  0.04849  5.48968e-04
 10  0.01750 -6.41054e-04 | 11  0.21578 -1.85499e-03 | 12 -0.12390 -8.28390e-04
 13 -0.04219 -9.49290e-04 | 14 -0.15828 -5.71694e-04 | 15 -0.17656 -2.98095e-04
 16  0.23923 -2.21199e-03 | 17  0.00157 -1.10220e-03 | 18 -0.11041 -5.57149e-04
 19 -0.04911 -5.35731e-04 | 20 -0.01326 -7.05887e-04 | 21 -0.09671 -1.09427e-03
 22  0.03512 -7.05106e-05 | 23 -0.12279 -8.83026e-04 | 24 -0.03620 -1.84751e-04
 25  0.00938 -9.40165e-04 | 26  0.02248 -9.80233e-04 | 27 -0.11497 -6.20641e-04
 28  0.01432 -1.21366e-04 | 29  0.05367 -3.27294e-04 | 30 -0.08372 -8.64127e-04
 31 -0.18892 -1.05935e-03 | 32  0.03832  6.82382e-04 | 33  0.05098  5.56919e-04
 34  0.05669  5.96728e-05 | 35  0.04356 -9.29027e-04 | 36 -0.04748 -6.74462e-04
 37 -0.01988  5.82732e-05 | 38  0.06089  1.27770e-03 | 39 -0.06669  6.40252e-04
 40  0.21403  3.83863e-03 | 41  0.02180 -1.60042e-03 | 42  0.08254  1.38307e-03
 43 -0.06430  3.85844e-05 | 44  0.17622  9.09627e-03 | 45 -0.03807  1.95978e-03
 46 -0.03118  2.04845e-03 | 47 -0.01469  8.15232e-05 | 48 -0.09100  9.09208e-04
 49  0.11421  4.77038e-03 | 50  0.01034  1.67832e-03 | 51  0.00126  2.63524e-03
 52  0.01955  1.97595e-03 | 53 -0.03585  1.05365e-04 | 54  0.08304  4.02145e-03
 55  0.00493  2.15316e-03 | 56 -0.04990  5.40725e-04 | 57 -0.05499 -5.97845e-04
 58  0.08563  4.76491e-03 | 59 -0.03450 -5.94501e-04 | 60  0.02232  4.77386e-04
 61  0.00279 -7.92828e-04 | 62  0.06781 -2.52953e-03 | 63  0.10034 -4.10551e-03
 64 -0.06238 -9.19140e-04 | 65 -0.01216 -1.42070e-03 | 66  0.04289 -2.76526e-03
 67  0.01155 -3.71035e-03 | 68 -0.04221  2.32914e-04 | 69  0.03733 -1.71423e-03
 70  0.01322 -1.29204e-03 | 71  0.15491 -1.83987e-03 | 72 -0.04536 -6.76252e-04
 73 -0.02347  2.72209e-04 | 74 -0.06641 -1.66538e-03 | 75 -0.52402  9.95388e-05
 76 -0.65833 -6.02625e-04 | 77 -0.80423 -7.79102e-04 | 78 -0.70416 -8.85803e-04
 79 -0.75301 -4.67046e-04 | 80 -0.76910 -6.24912e-04 | 81 -0.82186 -4.73691e-04
 82 -0.84965  2.16541e-04 | 83 -0.82763 -1.28347e-04 | 84 -0.73877  9.78737e-05
 85 -0.81804 -1.46070e-05 | 86 -0.81157  2.54711e-04 | 87 -1.20668  5.50941e-04
 88 -0.79965  1.53716e-04 | 89 -0.80933  5.19524e-05 | 90 -0.81227  1.70773e-04
 91 -0.78952 -3.01864e-04 | 92 -0.80127 -1.07841e-04 | 93 -0.79841 -1.92992e-05
 94 -0.85168  1.69636e-05 | 95 -1.14457  6.15503e-04 | 96 -0.84312 -5.43031e-06
 97 -0.45904 -1.19950e-06 | 98 -0.76636 -3.55316e-06 | 99  0.75679 -5.68913e-03
100  0.27229 -1.43881e-02 |101  0.20328 -1.37420e-02 |102  0.09024  1.22945e-02
103 -0.16647  1.03779e-03 |104 -0.20500  8.07826e-04 |105 -0.16539  3.43243e-03
106  0.00041  1.90560e-02 |107  0.16871  1.95599e-02 |108 -0.02459  8.36683e-03
109  0.17747 -1.79815e-03 |110 -0.05934  3.23835e-04 |111  0.46520  2.54784e-03
112 -0.05043  1.27049e-03 |113 -0.33980 -3.22365e-03 |114 -0.20355 -5.80309e-04
115 -0.24040  2.61699e-04 |116 -0.26294  3.04709e-04 |117  1.87646 -3.04576e-04
118  2.18184 -1.19544e-03 |119  0.00047 -3.54795e-02 |120 -0.00019 -3.55904e-02
121 -0.00059 -3.60693e-02 |122 -0.00592 -3.60381e-02 |123 -0.00621 -3.63966e-02
124 -0.00657 -3.68842e-02 |125 -0.00695 -3.75300e-02 |126 -0.00770 -3.66568e-02
127  0.00873 -3.70557e-02 |128 -0.00292 -3.62248e-02 |129 -0.00662 -3.55300e-02
130 -0.02023 -3.51873e-02 |131  0.00187 -3.50345e-02 |132 -0.01013 -3.53442e-02
133  0.00726 -3.61806e-02 |134  0.00632 -3.59389e-02 |135 -0.00399 -3.40728e-02
136  0.01640 -3.11903e-02 |137 -0.01565 -3.05256e-02 |138 -0.01457 -2.95607e-02
139  0.00893 -2.68035e-02 |140  0.02035 -2.51889e-02 |141 -0.00394 -2.52507e-02
142 -0.02061 -2.59545e-02 |143  0.01983 -2.64968e-02 |144 -0.02350 -2.51772e-02
145  0.02556 -2.34559e-02 |146  0.00153 -2.41441e-02 |147  0.00281 -2.49203e-02
148 -0.00895 -2.49832e-02 |149  0.01254 -2.25172e-02 |150  0.02231 -2.22420e-02
151 -0.02542 -2.14249e-02 |152 -0.02052 -2.24176e-02 |153  0.00576 -1.94364e-02
154  0.00383 -1.96369e-02 |155  0.00340 -1.65726e-02 |156 -0.02143 -1.66461e-02
157 -0.01137 -1.58394e-02 |158  0.02742 -1.04400e-02 |159 -0.00975 -8.61550e-03
160  0.01797 -7.70284e-03 |161 -0.00704 -8.36299e-03 |162 -0.01905 -8.58001e-03
163  0.00803 -8.70592e-03 |164  0.00418 -9.81239e-03 |165 -0.00355 -1.34465e-02
166  0.00535 -1.48596e-02 |167 -0.01843 -1.55242e-02 |168 -0.00169 -1.60290e-02
169  0.02266 -7.84595e-03 |170 -0.02929 -6.44648e-03 |171  0.01050 -3.44639e-03
172  0.02304 -1.49886e-03 |173  0.02169  1.63034e-03 |174 -0.00256  3.63746e-03
175 -0.00628  4.08935e-03 |176 -0.02012  2.73353e-03 |177  0.00330  2.92265e-03
178 -0.00241  1.66895e-03 |179  0.00294 -1.00314e-03 |180 -0.00469 -7.52595e-03
181  0.00471 -6.56948e-03 |182 -0.00534 -2.89491e-03 |183 -0.01486 -8.21319e-04
184  0.00000  2.63776e-06 |185 -0.00000 -6.41824e-06 |186  0.00000  5.38602e-07
187  0.00003 -6.54034e-02 |188  0.00232 -6.57368e-02 |189 -0.01044 -6.68947e-02
190  0.00864 -6.66316e-02 |191  0.00654 -6.74071e-02 |192 -0.02455 -6.73825e-02
193  0.01848 -6.79626e-02 |194  0.00012 -6.57180e-02 |195 -0.02840 -6.49152e-02
196  0.01807 -6.23176e-02 |197 -0.00266 -6.18164e-02 |198 -0.00083 -6.11172e-02
199 -0.00139 -6.18942e-02 |200  0.00830 -6.19637e-02 |201 -0.00997 -6.31609e-02
202  0.00426 -6.01727e-02 |203  0.00283 -5.67533e-02 |204  0.00146 -5.28266e-02
205 -0.00670 -5.11909e-02 |206  0.01015 -4.77318e-02 |207 -0.00970 -4.44674e-02
208  0.00338 -4.14066e-02 |209 -0.00009 -4.17652e-02 |210  0.01015 -4.35344e-02
211 -0.02421 -4.65236e-02 |212  0.01639 -4.45450e-02 |213 -0.00770 -4.15035e-02
214  0.00382 -4.15126e-02 |215 -0.00070 -4.13074e-02 |216  0.00684 -4.07460e-02
217 -0.00767 -3.61662e-02 |218 -0.00024 -3.58208e-02 |219  0.01242 -3.38421e-02
220 -0.00514 -3.30914e-02 |221 -0.00239 -2.93760e-02 |222  0.00066 -2.40799e-02
223 -0.00031 -2.10784e-02 |224  0.00216 -2.56299e-02 |225 -0.01658 -2.54303e-02
226  0.00861 -1.96260e-02 |227  0.00782 -1.66075e-02 |228 -0.00742 -1.60663e-02
229  0.00730 -1.47436e-02 |230 -0.00374 -1.44669e-02 |231 -0.00552 -1.39444e-02
232  0.00630 -1.24897e-02 |233 -0.00428 -1.62865e-02 |234  0.00294 -1.73748e-02
235  0.00182 -1.71933e-02 |236 -0.00450 -1.70342e-02 |237 -0.00713 -9.66974e-03
238  0.01244 -6.29119e-03 |239 -0.00968 -2.12294e-03 |240  0.00344 -1.14752e-04
241  0.01234  4.75076e-03 |242  0.00515  7.90924e-03 |243 -0.00966  8.50245e-03
244 -0.01325  6.97985e-03 |245  0.01051  7.27553e-03 |246  0.00500  6.12674e-03
247 -0.00699  7.43515e-04 |248 -0.00157 -7.41934e-03 |249  0.00373 -3.61579e-03
250 -0.00548  1.12701e-03 |251  0.00859  1.30099e-03 |252 -0.00000 -1.43711e-05
253  0.00000  1.73206e-05 |254  0.00000  2.82154e-06 |255  0.00002 -6.02253e-02
256  0.00328 -5.86501e-02 |257 -0.00274 -5.65465e-02 |258 -0.00147 -5.73658e-02
259  0.00339 -5.75219e-02 |260  0.01768 -5.86599e-02 |261 -0.01673 -5.95188e-02
262  0.00618 -5.71391e-02 |263 -0.00012 -5.70387e-02 |264 -0.02520 -5.38690e-02
265  0.01220 -5.34081e-02 |266 -0.01064 -5.52920e-02 |267  0.00012 -5.58626e-02
268 -0.00129 -5.53002e-02 |269  0.00308 -5.46714e-02 |270 -0.00221 -5.18495e-02
271  0.00179 -5.04989e-02 |272  0.00056 -4.83547e-02 |273  0.00384 -4.85597e-02
274 -0.00008 -4.48629e-02 |275 -0.00200 -4.36375e-02 |276  0.00036 -4.06579e-02
277  0.00157 -3.88811e-02 |278  0.00249 -3.87949e-02 |279  0.00579 -4.04996e-02
280 -0.01415 -3.80799e-02 |281  0.00746 -3.54263e-02 |282 -0.00219 -3.61426e-02
283  0.00014 -3.68059e-02 |284  0.00402 -3.67776e-02 |285 -0.00253 -3.31970e-02
286 -0.00072 -3.42992e-02 |287 -0.00248 -3.36512e-02 |288  0.00755 -3.40092e-02
289  0.00568 -3.31505e-02 |290 -0.00766 -2.88479e-02 |291 -0.00039 -2.62595e-02
292  0.00234 -3.05568e-02 |293  0.00701 -2.85147e-02 |294 -0.00896 -2.33458e-02
295 -0.00335 -2.01729e-02 |296 -0.00095 -2.20347e-02 |297 -0.00149 -2.16519e-02
298  0.00597 -2.28124e-02 |299  0.00191 -2.32708e-02 |300 -0.00650 -2.24458e-02
301  0.00357 -2.26915e-02 |302 -0.00299 -2.33391e-02 |303  0.00388 -2.26632e-02
304 -0.00140 -2.35381e-02 |305  0.00058 -1.72908e-02 |306 -0.00376 -1.48290e-02
307  0.00777 -1.19632e-02 |308 -0.00223 -9.34853e-03 |309 -0.00458 -2.63775e-03
310  0.00681  1.75246e-03 |311  0.00478  2.31077e-03 |312  0.00223  1.80200e-03
313 -0.00975  1.69873e-03 |314  0.00253  3.28386e-03 |315  0.00120  8.56039e-04
316  0.00025 -4.17654e-03 |317  0.00018 -8.66413e-04 |318  0.00098  2.24243e-03
319 -0.00620  2.19056e-03 |320 -0.00000 -1.73278e-05 |321 -0.00000 -1.28061e-05
322  0.00000  6.09833e-06 |
322 variables; iteration 540; function evaluation 590; phase 5
Function value 2.9094360e+03; maximum gradient component mag 5.1147e-01
Var    Value     Gradient |Var    Value     Gradient |Var    Value     Gradient
  1 -0.03392  5.11474e-01 |  2  0.04188  7.48741e-05 |  3  0.13378  9.49733e-05
  4 -0.03139  5.22917e-03 |  5 -0.07748 -8.52499e-05 |  6  0.05400 -2.75262e-03
  7  0.04310  1.65671e-03 |  8 -0.00152 -2.69472e-04 |  9  0.04849 -3.73693e-04
 10  0.01750 -6.00359e-03 | 11  0.21578 -1.17351e-02 | 12 -0.12390 -6.29243e-03
 13 -0.04219 -5.33906e-03 | 14 -0.15828 -6.23839e-03 | 15 -0.17657 -6.68387e-03
 16  0.23923 -1.41413e-02 | 17  0.00157 -6.52481e-03 | 18 -0.11041 -7.39567e-03
 19 -0.04911 -7.11725e-03 | 20 -0.01326 -6.58019e-03 | 21 -0.09671 -5.82998e-03
 22  0.03512 -8.59892e-03 | 23 -0.12279 -5.69390e-03 | 24 -0.03620 -5.07343e-03
 25  0.00938 -1.69990e-03 | 26  0.02248 -7.33227e-03 | 27 -0.11497 -6.04668e-03
 28  0.01432 -7.49938e-04 | 29  0.05367 -2.95670e-04 | 30 -0.08372 -2.52207e-03
 31 -0.18892 -5.70199e-03 | 32  0.03832  1.89631e-03 | 33  0.05098  2.00892e-04
 34  0.05669 -1.01890e-03 | 35  0.04356 -1.98001e-03 | 36 -0.04748 -1.31705e-03
 37 -0.01988 -4.53989e-04 | 38  0.06089  5.87287e-03 | 39 -0.06669 -1.48551e-03
 40  0.21403  7.94404e-03 | 41  0.02180  9.43103e-04 | 42  0.08254  3.32318e-03
 43 -0.06430 -1.86404e-03 | 44  0.17622  3.07328e-02 | 45 -0.03807  2.64177e-03
 46 -0.03118  6.25054e-03 | 47 -0.01469  2.15554e-03 | 48 -0.09100  1.09830e-03
 49  0.11421  2.91089e-02 | 50  0.01034  4.63567e-03 | 51  0.00126  9.59036e-03
 52  0.01955 -4.91675e-04 | 53 -0.03585  4.29470e-03 | 54  0.08304  1.88889e-02
 55  0.00493  5.16132e-03 | 56 -0.04990  4.20903e-03 | 57 -0.05499  1.42306e-03
 58  0.08563  2.72107e-02 | 59 -0.03450  1.59362e-03 | 60  0.02232  4.87602e-03
 61  0.00279  2.50228e-03 | 62  0.06781 -1.88385e-03 | 63  0.10034  2.70513e-03
 64 -0.06238  1.09275e-03 | 65 -0.01216 -1.33260e-04 | 66  0.04289  3.93622e-04
 67  0.01155 -7.27737e-03 | 68 -0.04221  2.70971e-03 | 69  0.03733 -1.38838e-02
 70  0.01322 -2.19162e-03 | 71  0.15491 -5.71587e-04 | 72 -0.04536 -4.51176e-03
 73 -0.02347 -2.81582e-03 | 74 -0.06641 -8.69923e-03 | 75 -0.52402  8.22216e-04
 76 -0.65833 -3.48519e-03 | 77 -0.80423 -7.38225e-04 | 78 -0.70416 -3.89886e-03
 79 -0.75301 -4.49845e-03 | 80 -0.76910 -2.92913e-03 | 81 -0.82186 -3.47166e-03
 82 -0.84965 -9.85433e-04 | 83 -0.82763 -6.44230e-04 | 84 -0.73877 -7.83063e-04
 85 -0.81804 -2.36635e-03 | 86 -0.81157 -3.52856e-04 | 87 -1.20668  1.26132e-03
 88 -0.79965 -4.21176e-04 | 89 -0.80933 -6.91016e-04 | 90 -0.81227 -5.63421e-04
 91 -0.78952 -4.19301e-04 | 92 -0.80127 -4.94034e-04 | 93 -0.79841 -2.07410e-03
 94 -0.85168  1.00091e-03 | 95 -1.14457  1.27672e-03 | 96 -0.81203 -4.49101e-06
 97 -0.45004 -1.16530e-06 | 98 -0.74589 -3.23831e-06 | 99  0.75628 -2.00216e-02
100  0.27237 -5.26904e-02 |101  0.20322 -6.96448e-02 |102  0.09024  4.50805e-02
103 -0.16647  1.00652e-02 |104 -0.20500  1.11627e-02 |105 -0.16539  1.29545e-02
106  0.00041  4.27940e-02 |107  0.16871 -6.23893e-02 |108 -0.02459 -4.25153e-02
109  0.17747 -2.45348e-02 |110 -0.05938 -6.45875e-03 |111  0.46387  2.52258e-03
112 -0.05043  1.19315e-02 |113 -0.33980 -2.47259e-02 |114 -0.20355 -3.78289e-03
115 -0.24040 -4.86777e-03 |116 -0.26294 -3.99126e-03 |117  1.87646 -3.16814e-03
118  2.18184 -4.92603e-03 |119  0.00047 -1.95132e-01 |120 -0.00018 -1.92049e-01
121 -0.00056 -1.88797e-01 |122 -0.00591 -1.89406e-01 |123 -0.00621 -1.91797e-01
124 -0.00655 -1.90510e-01 |125 -0.00694 -1.92966e-01 |126 -0.00773 -2.00447e-01
127  0.00874 -1.96294e-01 |128 -0.00291 -1.95545e-01 |129 -0.00663 -2.00666e-01
130 -0.02024 -2.00914e-01 |131  0.00187 -1.95152e-01 |132 -0.01013 -1.92958e-01
133  0.00726 -1.85001e-01 |134  0.00632 -1.86405e-01 |135 -0.00399 -1.82874e-01
136  0.01640 -1.76215e-01 |137 -0.01565 -1.74301e-01 |138 -0.01457 -1.74060e-01
139  0.00893 -1.64133e-01 |140  0.02035 -1.56007e-01 |141 -0.00394 -1.55523e-01
142 -0.02061 -1.57298e-01 |143  0.01983 -1.53778e-01 |144 -0.02350 -1.48599e-01
145  0.02556 -1.36599e-01 |146  0.00153 -1.33830e-01 |147  0.00281 -1.34006e-01
148 -0.00895 -1.33130e-01 |149  0.01254 -1.32338e-01 |150  0.02231 -1.32189e-01
151 -0.02542 -1.29021e-01 |152 -0.02051 -1.27304e-01 |153  0.00576 -1.29332e-01
154  0.00383 -1.28074e-01 |155  0.00340 -1.25388e-01 |156 -0.02143 -1.20600e-01
157 -0.01137 -1.14098e-01 |158  0.02742 -9.94636e-02 |159 -0.00975 -9.65862e-02
160  0.01797 -8.88902e-02 |161 -0.00705 -9.72595e-02 |162 -0.01905 -9.42949e-02
163  0.00803 -8.02833e-02 |164  0.00418 -7.65223e-02 |165 -0.00355 -7.40776e-02
166  0.00535 -7.88590e-02 |167 -0.01843 -8.11797e-02 |168 -0.00169 -7.54789e-02
169  0.02266 -4.88519e-02 |170 -0.02929 -4.81676e-02 |171  0.01050 -3.47082e-02
172  0.02304 -2.69624e-02 |173  0.02170 -2.80369e-02 |174 -0.00256 -3.23767e-02
175 -0.00629 -3.41915e-02 |176 -0.02012 -3.60669e-02 |177  0.00330 -2.98132e-02
178 -0.00242 -2.27779e-02 |179  0.00294 -1.66787e-02 |180 -0.00468  2.15764e-02
181  0.00471  1.46129e-02 |182 -0.00534 -9.82590e-03 |183 -0.01487 -1.49272e-02
184 -0.00000 -4.22533e-05 |185 -0.00000 -2.65104e-05 |186  0.00000  1.36588e-05
187  0.00001 -2.44893e-01 |188  0.00232 -2.45086e-01 |189 -0.01044 -2.37235e-01
190  0.00864 -2.40463e-01 |191  0.00654 -2.55457e-01 |192 -0.02455 -2.55600e-01
193  0.01848 -2.58835e-01 |194  0.00011 -2.73460e-01 |195 -0.02840 -2.63167e-01
196  0.01807 -2.70826e-01 |197 -0.00266 -2.73733e-01 |198 -0.00083 -2.76170e-01
199 -0.00139 -2.72630e-01 |200  0.00830 -2.73398e-01 |201 -0.00997 -2.69307e-01
202  0.00426 -2.79216e-01 |203  0.00283 -2.75418e-01 |204  0.00146 -2.78407e-01
205 -0.00670 -2.74435e-01 |206  0.01015 -2.69884e-01 |207 -0.00970 -2.63032e-01
208  0.00338 -2.49576e-01 |209 -0.00009 -2.51410e-01 |210  0.01015 -2.55097e-01
211 -0.02421 -2.50441e-01 |212  0.01639 -2.50728e-01 |213 -0.00770 -2.38941e-01
214  0.00383 -2.39277e-01 |215 -0.00070 -2.49044e-01 |216  0.00684 -2.41260e-01
217 -0.00767 -2.33049e-01 |218 -0.00024 -2.34644e-01 |219  0.01242 -2.28397e-01
220 -0.00514 -2.34250e-01 |221 -0.00239 -2.40807e-01 |222  0.00066 -2.30880e-01
223 -0.00031 -2.30606e-01 |224  0.00216 -2.29866e-01 |225 -0.01658 -2.22499e-01
226  0.00861 -1.99117e-01 |227  0.00782 -1.93365e-01 |228 -0.00742 -1.86169e-01
229  0.00730 -1.92371e-01 |230 -0.00374 -1.78724e-01 |231 -0.00552 -1.67491e-01
232  0.00630 -1.52771e-01 |233 -0.00428 -1.47215e-01 |234  0.00294 -1.54632e-01
235  0.00182 -1.57414e-01 |236 -0.00450 -1.50712e-01 |237 -0.00713 -1.24601e-01
238  0.01244 -1.03001e-01 |239 -0.00968 -9.33510e-02 |240  0.00344 -7.80567e-02
241  0.01234 -6.82727e-02 |242  0.00515 -7.81948e-02 |243 -0.00966 -8.32994e-02
244 -0.01326 -8.65232e-02 |245  0.01051 -7.42001e-02 |246  0.00500 -6.52280e-02
247 -0.00699 -4.50858e-02 |248 -0.00157  8.34050e-03 |249  0.00373 -1.11245e-03
250 -0.00548 -2.82681e-02 |251  0.00859 -2.64487e-02 |252 -0.00000 -7.20022e-05
253  0.00000  1.32565e-04 |254 -0.00000 -1.47259e-05 |255  0.00003 -3.02435e-01
256  0.00328 -2.80796e-01 |257 -0.00274 -2.69993e-01 |258 -0.00147 -2.75245e-01
259  0.00339 -2.87839e-01 |260  0.01768 -2.86418e-01 |261 -0.01672 -2.88240e-01
262  0.00618 -2.98912e-01 |263 -0.00012 -2.87472e-01 |264 -0.02520 -2.90941e-01
265  0.01220 -2.86189e-01 |266 -0.01064 -2.82520e-01 |267  0.00012 -2.72272e-01
268 -0.00129 -2.74987e-01 |269  0.00308 -2.73504e-01 |270 -0.00221 -2.73761e-01
271  0.00178 -2.73200e-01 |272  0.00056 -2.71357e-01 |273  0.00384 -2.66810e-01
274 -0.00008 -2.56603e-01 |275 -0.00200 -2.59118e-01 |276  0.00036 -2.48718e-01
277  0.00157 -2.43980e-01 |278  0.00249 -2.46257e-01 |279  0.00579 -2.41148e-01
280 -0.01415 -2.39924e-01 |281  0.00746 -2.34708e-01 |282 -0.00219 -2.31212e-01
283  0.00014 -2.34984e-01 |284  0.00402 -2.33279e-01 |285 -0.00253 -2.22174e-01
286 -0.00072 -2.22671e-01 |287 -0.00248 -2.24406e-01 |288  0.00755 -2.28570e-01
289  0.00568 -2.22463e-01 |290 -0.00766 -2.17500e-01 |291 -0.00039 -2.19942e-01
292  0.00234 -2.16208e-01 |293  0.00701 -2.08627e-01 |294 -0.00896 -1.84457e-01
295 -0.00335 -1.77238e-01 |296 -0.00095 -1.73290e-01 |297 -0.00149 -1.75173e-01
298  0.00597 -1.75585e-01 |299  0.00191 -1.67760e-01 |300 -0.00650 -1.55227e-01
301  0.00357 -1.46068e-01 |302 -0.00299 -1.46756e-01 |303  0.00388 -1.49802e-01
304 -0.00140 -1.43004e-01 |305  0.00058 -1.24069e-01 |306 -0.00376 -1.07305e-01
307  0.00777 -9.72285e-02 |308 -0.00223 -8.00499e-02 |309 -0.00458 -5.78384e-02
310  0.00681 -6.03192e-02 |311  0.00478 -5.92049e-02 |312  0.00223 -5.62274e-02
313 -0.00975 -4.61954e-02 |314  0.00253 -4.61361e-02 |315  0.00120 -3.30450e-02
316  0.00025  1.07817e-02 |317  0.00018  2.91848e-03 |318  0.00098 -9.50709e-03
319 -0.00620 -1.18795e-02 |320 -0.00000 -2.00050e-04 |321 -0.00000 -6.68694e-05
322  0.00000  1.95130e-05 |
322 variables; iteration 560; function evaluation 611; phase 5
Function value 2.9094360e+03; maximum gradient component mag -3.7823e-01
Var    Value     Gradient |Var    Value     Gradient |Var    Value     Gradient
  1 -0.03392 -3.78227e-01 |  2  0.04188 -9.84733e-05 |  3  0.13379 -7.58933e-04
  4 -0.03140 -5.00901e-04 |  5 -0.07747  1.10233e-04 |  6  0.05400 -2.10487e-03
  7  0.04310 -1.57134e-03 |  8 -0.00152 -1.22249e-03 |  9  0.04849 -3.00199e-03
 10  0.01750  1.77565e-03 | 11  0.21578 -4.30475e-03 | 12 -0.12390  2.95486e-03
 13 -0.04219  2.31668e-03 | 14 -0.15828  2.66337e-03 | 15 -0.17657  2.79601e-03
 16  0.23923 -1.12326e-02 | 17  0.00157 -2.12888e-04 | 18 -0.11041  2.15346e-03
 19 -0.04911  4.25907e-04 | 20 -0.01326 -1.68706e-03 | 21 -0.09671  9.54434e-04
 22  0.03512 -4.22545e-03 | 23 -0.12279  1.39154e-03 | 24 -0.03620 -6.70595e-04
 25  0.00938 -2.13417e-03 | 26  0.02248 -3.34641e-03 | 27 -0.11497  1.18315e-03
 28  0.01432 -2.31141e-03 | 29  0.05367 -7.59537e-03 | 30 -0.08372  1.67641e-04
 31 -0.18892  3.50947e-03 | 32  0.03832 -3.86471e-03 | 33  0.05098 -3.66439e-03
 34  0.05669 -4.43243e-03 | 35  0.04356 -5.15574e-03 | 36 -0.04748  7.30988e-04
 37 -0.01988 -1.49861e-03 | 38  0.06089 -2.95965e-03 | 39 -0.06669  3.01765e-03
 40  0.21403 -1.02245e-02 | 41  0.02180  8.54890e-05 | 42  0.08254 -1.15848e-03
 43 -0.06430  2.45369e-03 | 44  0.17622 -1.43047e-02 | 45 -0.03807  8.35782e-04
 46 -0.03118 -1.49820e-03 | 47 -0.01469 -1.70360e-03 | 48 -0.09100  1.99240e-03
 49  0.11421 -8.39851e-03 | 50  0.01034 -3.16505e-03 | 51  0.00126 -2.94689e-03
 52  0.01955 -2.80419e-03 | 53 -0.03585  7.20689e-04 | 54  0.08304 -8.10984e-03
 55  0.00493 -1.96371e-03 | 56 -0.04990  2.75530e-03 | 57 -0.05499  3.19011e-03
 58  0.08563 -9.41626e-04 | 59 -0.03450  3.22689e-03 | 60  0.02232 -2.26723e-04
 61  0.00279  4.00145e-03 | 62  0.06781  6.29030e-03 | 63  0.10034  8.73141e-03
 64 -0.06238  4.53050e-03 | 65 -0.01216  5.75864e-03 | 66  0.04289  5.60137e-03
 67  0.01155  7.97266e-03 | 68 -0.04221  3.97276e-03 | 69  0.03733  4.52395e-03
 70  0.01322  6.57930e-03 | 71  0.15491  4.89923e-03 | 72 -0.04536  4.35207e-03
 73 -0.02347  3.14962e-03 | 74 -0.06641  4.92972e-03 | 75 -0.52402  7.43516e-04
 76 -0.65832  1.68733e-03 | 77 -0.80423  5.97409e-04 | 78 -0.70416  8.70698e-04
 79 -0.75301  1.29825e-03 | 80 -0.76909  7.87993e-04 | 81 -0.82185  9.87564e-04
 82 -0.84965 -1.91664e-04 | 83 -0.82763 -3.09038e-04 | 84 -0.73877 -8.91599e-05
 85 -0.81804  2.42161e-04 | 86 -0.81157 -3.36691e-04 | 87 -1.20668 -9.56120e-04
 88 -0.79965 -2.94917e-04 | 89 -0.80933 -3.07771e-04 | 90 -0.81227 -3.38418e-04
 91 -0.78952  1.44018e-04 | 92 -0.80127 -2.76193e-04 | 93 -0.79840  1.43462e-04
 94 -0.85168  6.03308e-05 | 95 -1.14457  5.24523e-04 | 96 -0.13971  6.04111e-05
 97 -0.29690 -6.52433e-07 | 98 -0.30240 -6.78136e-07 | 99  0.75760 -8.27527e-04
100  0.27229  6.01036e-03 |101  0.20327 -1.76719e-03 |102  0.09024 -5.58645e-03
103 -0.16647 -3.91525e-03 |104 -0.20500 -6.78939e-03 |105 -0.16539 -6.48249e-03
106  0.00041  1.59608e-02 |107  0.16871  2.32701e-02 |108 -0.02459  4.54204e-03
109  0.17747  6.57339e-03 |110 -0.05934  5.74309e-04 |111  0.44650  2.09903e-03
112 -0.05043 -1.42009e-03 |113 -0.33980  1.38667e-04 |114 -0.20355 -1.30322e-03
115 -0.24040 -2.67627e-04 |116 -0.26294 -2.89700e-04 |117  1.87646  2.42405e-05
118  2.18184  1.37198e-03 |119  0.00045  1.37211e-02 |120 -0.00021  1.24913e-02
121 -0.00060  1.33364e-02 |122 -0.00593  1.25906e-02 |123 -0.00622  1.37363e-02
124 -0.00658  1.11451e-02 |125 -0.00695  1.34262e-02 |126 -0.00771  1.19049e-02
127  0.00873  1.37935e-02 |128 -0.00291  1.45428e-02 |129 -0.00662  1.48222e-02
130 -0.02023  1.46348e-02 |131  0.00187  1.33524e-02 |132 -0.01013  1.38049e-02
133  0.00726  1.63824e-02 |134  0.00632  1.91028e-02 |135 -0.00399  2.03268e-02
136  0.01640  2.35277e-02 |137 -0.01565  2.33691e-02 |138 -0.01457  2.33501e-02
139  0.00893  2.48292e-02 |140  0.02035  2.44172e-02 |141 -0.00394  2.34252e-02
142 -0.02061  2.41920e-02 |143  0.01983  2.38670e-02 |144 -0.02350  2.28928e-02
145  0.02556  2.15271e-02 |146  0.00153  2.11655e-02 |147  0.00281  1.96872e-02
148 -0.00895  2.00557e-02 |149  0.01254  2.21720e-02 |150  0.02231  2.13030e-02
151 -0.02542  2.06595e-02 |152 -0.02051  2.18925e-02 |153  0.00576  2.52603e-02
154  0.00383  2.74896e-02 |155  0.00340  2.80992e-02 |156 -0.02143  2.70111e-02
157 -0.01138  2.28276e-02 |158  0.02742  1.64963e-02 |159 -0.00976  1.36796e-02
160  0.01797  9.52982e-03 |161 -0.00704  1.18162e-02 |162 -0.01905  1.35254e-02
163  0.00803  1.29633e-02 |164  0.00418  1.17677e-02 |165 -0.00355  6.90692e-03
166  0.00535  2.43940e-03 |167 -0.01843  2.11700e-04 |168 -0.00169 -3.29292e-03
169  0.02266 -1.13402e-02 |170 -0.02929 -1.24452e-02 |171  0.01050 -1.43436e-02
172  0.02304 -1.50692e-02 |173  0.02169 -1.28491e-02 |174 -0.00256 -1.07073e-02
175 -0.00628 -1.16063e-02 |176 -0.02012 -1.29046e-02 |177  0.00330 -1.26066e-02
178 -0.00242 -9.06235e-03 |179  0.00294 -7.03341e-03 |180 -0.00469 -6.93316e-03
181  0.00471 -7.63804e-03 |182 -0.00534 -9.99354e-03 |183 -0.01486 -8.00201e-03
184 -0.00000 -9.39339e-06 |185  0.00000  5.24736e-06 |186 -0.00000 -2.88620e-06
187  0.00003  2.79626e-02 |188  0.00232  3.72153e-02 |189 -0.01044  3.63500e-02
190  0.00864  3.34995e-02 |191  0.00654  3.71270e-02 |192 -0.02455  3.60466e-02
193  0.01848  3.89926e-02 |194  0.00012  3.76241e-02 |195 -0.02840  4.02615e-02
196  0.01807  4.24247e-02 |197 -0.00266  4.33343e-02 |198 -0.00083  4.14115e-02
199 -0.00139  4.00107e-02 |200  0.00830  4.05894e-02 |201 -0.00997  4.41040e-02
202  0.00426  4.58647e-02 |203  0.00283  4.58886e-02 |204  0.00146  4.88655e-02
205 -0.00670  4.94284e-02 |206  0.01015  4.78433e-02 |207 -0.00970  5.04191e-02
208  0.00338  5.16253e-02 |209 -0.00009  4.76403e-02 |210  0.01015  5.01950e-02
211 -0.02421  5.30384e-02 |212  0.01639  5.46845e-02 |213 -0.00770  5.16696e-02
214  0.00382  4.96488e-02 |215 -0.00070  4.76692e-02 |216  0.00684  4.63846e-02
217 -0.00767  4.71752e-02 |218 -0.00024  4.46529e-02 |219  0.01242  4.17012e-02
220 -0.00514  4.39363e-02 |221 -0.00239  5.16414e-02 |222  0.00066  5.63781e-02
223 -0.00031  5.88296e-02 |224  0.00216  5.76943e-02 |225 -0.01658  5.27790e-02
226  0.00861  4.43418e-02 |227  0.00782  3.77801e-02 |228 -0.00742  3.48530e-02
229  0.00730  3.40749e-02 |230 -0.00374  3.66481e-02 |231 -0.00552  3.72404e-02
232  0.00630  3.43920e-02 |233 -0.00428  3.13972e-02 |234  0.00294  2.78580e-02
235  0.00182  2.07192e-02 |236 -0.00450  1.43640e-02 |237 -0.00713  6.87968e-03
238  0.01244  4.38617e-03 |239 -0.00968  1.79383e-03 |240  0.00344 -1.18887e-03
241  0.01234 -3.99217e-05 |242  0.00515  8.42557e-04 |243 -0.00966 -3.89667e-03
244 -0.01325 -6.20869e-03 |245  0.01051 -9.40082e-03 |246  0.00500 -4.23233e-03
247 -0.00699 -3.46375e-03 |248 -0.00157 -4.18380e-03 |249  0.00373 -5.92391e-03
250 -0.00548 -1.26091e-02 |251  0.00859 -1.19887e-02 |252  0.00000  2.28653e-05
253  0.00000  1.83372e-05 |254 -0.00000 -1.50628e-05 |255  0.00002 -6.92209e-03
256  0.00328  3.23945e-03 |257 -0.00274  2.20939e-03 |258 -0.00147  1.58534e-04
259  0.00339  2.47844e-03 |260  0.01768  6.08356e-03 |261 -0.01672  1.10011e-02
262  0.00618  9.72584e-03 |263 -0.00012  1.44032e-02 |264 -0.02520  1.59934e-02
265  0.01220  1.82451e-02 |266 -0.01064  1.47869e-02 |267  0.00012  1.38318e-02
268 -0.00129  1.63510e-02 |269  0.00308  1.95713e-02 |270 -0.00221  2.08347e-02
271  0.00179  2.23938e-02 |272  0.00056  2.60985e-02 |273  0.00384  2.70161e-02
274 -0.00008  2.66182e-02 |275 -0.00200  3.34143e-02 |276  0.00036  3.26373e-02
277  0.00157  2.83455e-02 |278  0.00249  2.95839e-02 |279  0.00579  3.15452e-02
280 -0.01415  3.20233e-02 |281  0.00746  2.82973e-02 |282 -0.00219  2.79287e-02
283  0.00014  2.72259e-02 |284  0.00402  3.05393e-02 |285 -0.00253  3.32818e-02
286 -0.00072  3.20355e-02 |287 -0.00248  3.23088e-02 |288  0.00755  3.16398e-02
289  0.00568  3.51227e-02 |290 -0.00766  3.92583e-02 |291 -0.00039  3.99122e-02
292  0.00234  3.87721e-02 |293  0.00701  3.64959e-02 |294 -0.00896  3.12694e-02
295 -0.00335  2.81403e-02 |296 -0.00095  2.75266e-02 |297 -0.00149  2.68889e-02
298  0.00597  2.76795e-02 |299  0.00191  2.83182e-02 |300 -0.00650  2.66343e-02
301  0.00357  2.66270e-02 |302 -0.00299  2.66623e-02 |303  0.00388  2.40955e-02
304 -0.00140  2.01925e-02 |305  0.00058  1.43217e-02 |306 -0.00376  1.13043e-02
307  0.00777  9.48796e-03 |308 -0.00223  6.11585e-03 |309 -0.00458  7.11272e-03
310  0.00681  9.33737e-03 |311  0.00478  3.25766e-03 |312  0.00223 -3.91517e-03
313 -0.00975 -7.88423e-03 |314  0.00253 -4.88966e-03 |315  0.00120 -2.22907e-03
316  0.00025 -1.14869e-03 |317  0.00018 -9.73230e-04 |318  0.00098 -4.88403e-03
319 -0.00620 -4.58232e-03 |320  0.00000 -2.06149e-05 |321 -0.00000 -6.16091e-06
322 -0.00000 -5.13259e-06 |
322 variables; iteration 580; function evaluation 631; phase 5
Function value 2.9094359e+03; maximum gradient component mag 6.1249e-02
Var    Value     Gradient |Var    Value     Gradient |Var    Value     Gradient
  1 -0.03392 -1.97180e-02 |  2  0.04188 -1.48650e-04 |  3  0.13379 -7.05616e-04
  4 -0.03140  2.98632e-05 |  5 -0.07747  2.55211e-04 |  6  0.05400 -4.54241e-04
  7  0.04310 -5.51313e-04 |  8 -0.00152 -5.03612e-04 |  9  0.04849  5.46515e-04
 10  0.01750  4.43456e-04 | 11  0.21578  9.04134e-04 | 12 -0.12390  2.87918e-05
 13 -0.04219 -2.59787e-05 | 14 -0.15828  5.48499e-04 | 15 -0.17657  3.52997e-04
 16  0.23923  6.54095e-04 | 17  0.00157  4.70325e-04 | 18 -0.11041  2.11890e-04
 19 -0.04911  6.45803e-04 | 20 -0.01326  5.37148e-04 | 21 -0.09671  5.84004e-04
 22  0.03512  7.23843e-04 | 23 -0.12279  4.54741e-04 | 24 -0.03620  1.26147e-03
 25  0.00938  6.63724e-04 | 26  0.02248  1.62093e-03 | 27 -0.11497  7.48581e-04
 28  0.01432  8.78497e-04 | 29  0.05367  1.53459e-03 | 30 -0.08372  1.11788e-03
 31 -0.18892  2.17701e-04 | 32  0.03832  9.56537e-04 | 33  0.05098  7.37916e-04
 34  0.05669  1.11494e-03 | 35  0.04356  1.48619e-03 | 36 -0.04748  2.15633e-04
 37 -0.01988  7.50879e-04 | 38  0.06089  1.07219e-03 | 39 -0.06670  6.68367e-04
 40  0.21403  2.52501e-03 | 41  0.02180  8.63893e-04 | 42  0.08254  3.82179e-04
 43 -0.06430  4.72231e-04 | 44  0.17622  7.42432e-05 | 45 -0.03807 -6.82126e-04
 46 -0.03118  7.46013e-04 | 47 -0.01469 -2.46200e-04 | 48 -0.09100  4.36720e-04
 49  0.11421 -4.48449e-04 | 50  0.01034  6.88985e-04 | 51  0.00126 -3.69427e-04
 52  0.01955  8.60395e-04 | 53 -0.03585  5.31817e-04 | 54  0.08304 -1.01043e-03
 55  0.00493 -2.61154e-04 | 56 -0.04990  4.77759e-05 | 57 -0.05499 -4.10994e-04
 58  0.08563 -3.92396e-03 | 59 -0.03450 -5.74925e-04 | 60  0.02232 -5.61646e-04
 61  0.00279 -1.52687e-03 | 62  0.06781 -2.50488e-03 | 63  0.10034 -3.28894e-03
 64 -0.06238 -1.94026e-03 | 65 -0.01216 -2.60260e-03 | 66  0.04289 -1.15215e-03
 67  0.01155 -2.69018e-03 | 68 -0.04221 -1.23217e-03 | 69  0.03733 -9.84324e-04
 70  0.01322 -8.98410e-04 | 71  0.15491 -6.57862e-04 | 72 -0.04536 -1.75658e-04
 73 -0.02347 -7.73484e-04 | 74 -0.06641 -1.24233e-04 | 75 -0.52402  3.88481e-05
 76 -0.65832  3.25752e-05 | 77 -0.80423 -2.06396e-04 | 78 -0.70416  1.50256e-04
 79 -0.75301 -2.01385e-04 | 80 -0.76910 -3.70294e-05 | 81 -0.82186  1.55104e-04
 82 -0.84965  2.49376e-04 | 83 -0.82763 -7.65293e-06 | 84 -0.73877  3.33340e-04
 85 -0.81804  2.05433e-04 | 86 -0.81157  2.46727e-04 | 87 -1.20668  2.73721e-04
 88 -0.79965  3.55044e-04 | 89 -0.80933  1.27415e-04 | 90 -0.81227  8.45017e-05
 91 -0.78952  6.89100e-05 | 92 -0.80127  1.80316e-04 | 93 -0.79840  1.74717e-04
 94 -0.85168 -3.65269e-04 | 95 -1.14457 -6.79515e-04 | 96 -0.36352  2.88579e-07
 97 -0.08126 -9.61674e-06 | 98  0.30036  3.86146e-05 | 99  0.75967 -2.45644e-04
100  0.27229 -1.01271e-02 |101  0.20328 -4.92432e-03 |102  0.09024 -8.11666e-03
103 -0.16647 -1.13100e-03 |104 -0.20500  6.39064e-04 |105 -0.16539 -9.04404e-04
106  0.00041  6.12490e-02 |107  0.16871  2.27818e-02 |108 -0.02459  2.05250e-02
109  0.17747  2.49695e-03 |110 -0.05934  7.65725e-04 |111  0.42132  7.86093e-04
112 -0.05043 -4.28148e-04 |113 -0.33980  3.70086e-03 |114 -0.20355  1.70869e-03
115 -0.24040  6.28980e-04 |116 -0.26294  3.62902e-04 |117  1.87646  3.01789e-04
118  2.18184  4.62467e-05 |119  0.00040  6.51316e-03 |120 -0.00025  6.04666e-03
121 -0.00064  5.98994e-03 |122 -0.00594  6.98986e-03 |123 -0.00624  5.38379e-03
124 -0.00658  7.27456e-03 |125 -0.00696  6.17909e-03 |126 -0.00771  6.28189e-03
127  0.00873  5.46731e-03 |128 -0.00292  5.36868e-03 |129 -0.00662  5.76440e-03
130 -0.02024  4.50515e-03 |131  0.00187  4.05633e-03 |132 -0.01013  4.16627e-03
133  0.00726  4.03728e-03 |134  0.00632  5.10306e-03 |135 -0.00399  7.63474e-03
136  0.01640  1.06306e-02 |137 -0.01565  1.08415e-02 |138 -0.01457  1.10471e-02
139  0.00893  1.07464e-02 |140  0.02035  1.04672e-02 |141 -0.00394  1.06657e-02
142 -0.02061  1.18115e-02 |143  0.01983  1.08821e-02 |144 -0.02350  1.02466e-02
145  0.02556  9.40815e-03 |146  0.00153  8.47042e-03 |147  0.00281  7.21057e-03
148 -0.00895  6.51201e-03 |149  0.01254  6.68648e-03 |150  0.02231  7.36707e-03
151 -0.02542  8.54256e-03 |152 -0.02052  7.36612e-03 |153  0.00576  6.27607e-03
154  0.00383  5.70516e-03 |155  0.00340  7.76820e-03 |156 -0.02143  6.73305e-03
157 -0.01138  4.72120e-03 |158  0.02742  1.65520e-03 |159 -0.00976  2.71159e-04
160  0.01797 -8.61277e-04 |161 -0.00704  1.14454e-03 |162 -0.01905  2.04257e-03
163  0.00803  1.82168e-03 |164  0.00418  1.79882e-03 |165 -0.00355  3.39788e-03
166  0.00535  4.22747e-03 |167 -0.01843  4.39133e-03 |168 -0.00169  3.60063e-03
169  0.02266  1.79689e-03 |170 -0.02929  1.69223e-03 |171  0.01050  2.02635e-04
172  0.02304 -1.21068e-03 |173  0.02169 -2.88172e-03 |174 -0.00256 -4.79219e-03
175 -0.00628 -3.78544e-03 |176 -0.02011 -1.95899e-03 |177  0.00330  9.68719e-04
178 -0.00241  1.37478e-03 |179  0.00294  3.70643e-04 |180 -0.00469 -2.14520e-03
181  0.00471 -4.03096e-03 |182 -0.00534 -9.99481e-04 |183 -0.01486 -7.90745e-04
184 -0.00000 -5.56557e-06 |185 -0.00000 -5.08430e-06 |186 -0.00000 -1.23988e-06
187  0.00003 -4.54683e-02 |188  0.00232 -4.74020e-02 |189 -0.01044 -4.73928e-02
190  0.00864 -4.44454e-02 |191  0.00653 -4.24503e-02 |192 -0.02455 -4.22130e-02
193  0.01848 -4.26411e-02 |194  0.00012 -4.26970e-02 |195 -0.02840 -4.37315e-02
196  0.01807 -4.07703e-02 |197 -0.00266 -4.05697e-02 |198 -0.00083 -4.08536e-02
199 -0.00139 -3.98639e-02 |200  0.00830 -3.80713e-02 |201 -0.00997 -3.72628e-02
202  0.00426 -3.36007e-02 |203  0.00283 -3.08802e-02 |204  0.00146 -2.43406e-02
205 -0.00670 -2.45396e-02 |206  0.01015 -2.27281e-02 |207 -0.00970 -2.23764e-02
208  0.00338 -2.42761e-02 |209 -0.00009 -2.13729e-02 |210  0.01015 -1.87690e-02
211 -0.02421 -2.38036e-02 |212  0.01639 -2.25189e-02 |213 -0.00770 -2.19892e-02
214  0.00382 -1.99922e-02 |215 -0.00070 -2.01446e-02 |216  0.00684 -2.13330e-02
217 -0.00767 -2.04292e-02 |218 -0.00024 -1.69876e-02 |219  0.01242 -1.44676e-02
220 -0.00514 -1.23075e-02 |221 -0.00239 -1.35969e-02 |222  0.00066 -1.39988e-02
223 -0.00031 -1.13958e-02 |224  0.00216 -9.40858e-03 |225 -0.01658 -1.17583e-02
226  0.00861 -1.44707e-02 |227  0.00782 -1.43673e-02 |228 -0.00742 -1.38755e-02
229  0.00730 -8.89241e-03 |230 -0.00374 -7.49771e-03 |231 -0.00552 -6.31094e-03
232  0.00630 -6.12612e-03 |233 -0.00428 -4.72230e-03 |234  0.00294 -3.33496e-03
235  0.00182 -3.50548e-03 |236 -0.00450 -3.57994e-03 |237 -0.00712 -4.35639e-03
238  0.01244 -2.60838e-03 |239 -0.00968 -4.19243e-03 |240  0.00344 -5.66623e-03
241  0.01234 -8.33075e-03 |242  0.00515 -1.03072e-02 |243 -0.00966 -7.54764e-03
244 -0.01325 -4.81069e-03 |245  0.01051  5.89866e-04 |246  0.00500  7.97338e-04
247 -0.00699 -2.59366e-03 |248 -0.00157 -7.15577e-03 |249  0.00373 -9.72782e-03
250 -0.00548 -5.08940e-03 |251  0.00859 -2.24664e-03 |252  0.00000 -2.06437e-05
253  0.00000 -3.36672e-05 |254  0.00000  8.90043e-06 |255  0.00002 -2.14479e-02
256  0.00328 -1.86346e-02 |257 -0.00274 -1.99124e-02 |258 -0.00147 -1.62644e-02
259  0.00339 -1.35127e-02 |260  0.01768 -1.34386e-02 |261 -0.01673 -1.43453e-02
262  0.00618 -1.33563e-02 |263 -0.00012 -1.26139e-02 |264 -0.02520 -9.72088e-03
265  0.01220 -9.03695e-03 |266 -0.01064 -9.63772e-03 |267  0.00012 -8.04394e-03
268 -0.00129 -5.12681e-03 |269  0.00308 -3.80235e-03 |270 -0.00221  2.02155e-04
271  0.00179  3.54287e-03 |272  0.00056  9.36630e-03 |273  0.00384  9.06724e-03
274 -0.00008  8.58707e-03 |275 -0.00200  1.00567e-02 |276  0.00036  8.63320e-03
277  0.00157  1.02192e-02 |278  0.00249  1.20254e-02 |279  0.00579  8.26670e-03
280 -0.01415  9.84494e-03 |281  0.00746  9.18744e-03 |282 -0.00219  9.50425e-03
283  0.00014  7.52397e-03 |284  0.00402  5.73076e-03 |285 -0.00253  4.98602e-03
286 -0.00072  7.47101e-03 |287 -0.00248  9.28741e-03 |288  0.00755  1.12402e-02
289  0.00568  8.07512e-03 |290 -0.00766  8.16737e-03 |291 -0.00039  1.03595e-02
292  0.00234  1.16707e-02 |293  0.00701  1.16372e-02 |294 -0.00896  8.61996e-03
295 -0.00335  7.92044e-03 |296 -0.00095  8.24644e-03 |297 -0.00149  1.12989e-02
298  0.00597  1.12513e-02 |299  0.00191  1.14799e-02 |300 -0.00650  1.14299e-02
301  0.00357  1.06805e-02 |302 -0.00299  1.01834e-02 |303  0.00388  1.02485e-02
304 -0.00140  1.04397e-02 |305  0.00058  7.41668e-03 |306 -0.00376  7.45024e-03
307  0.00777  5.69169e-03 |308 -0.00223  4.14141e-03 |309 -0.00458 -4.20315e-04
310  0.00681 -4.04135e-03 |311  0.00478 -2.50411e-03 |312  0.00223  2.83738e-04
313 -0.00975  5.09295e-03 |314  0.00253  5.09426e-03 |315  0.00120  1.26178e-03
316  0.00025 -2.02107e-03 |317  0.00018 -4.28228e-03 |318  0.00098 -2.30294e-03
319 -0.00620 -3.04390e-04 |320  0.00000  3.04610e-05 |321  0.00000  5.50814e-05
322  0.00000 -7.06307e-06 |
322 variables; iteration 600; function evaluation 651; phase 5
Function value 2.9094359e+03; maximum gradient component mag 6.2840e-01
Var    Value     Gradient |Var    Value     Gradient |Var    Value     Gradient
  1 -0.03392 -3.94981e-01 |  2  0.04187 -2.79415e-03 |  3  0.13378 -9.37289e-04
  4 -0.03139  4.83740e-03 |  5 -0.07748 -2.07505e-03 |  6  0.05399 -6.96889e-03
  7  0.04311  4.79802e-04 |  8 -0.00152 -1.44707e-03 |  9  0.04850  2.12132e-04
 10  0.01750  6.91750e-04 | 11  0.21578 -1.76307e-02 | 12 -0.12390  2.02451e-03
 13 -0.04219  4.12001e-03 | 14 -0.15828  3.28108e-03 | 15 -0.17657  3.86794e-03
 16  0.23923 -2.77484e-02 | 17  0.00157 -3.20931e-03 | 18 -0.11042 -3.81711e-03
 19 -0.04911 -3.10123e-03 | 20 -0.01326 -6.21182e-03 | 21 -0.09671 -3.87559e-04
 22  0.03512 -1.30231e-02 | 23 -0.12279  1.30498e-03 | 24 -0.03620 -2.56592e-04
 25  0.00938 -1.20706e-03 | 26  0.02248 -1.04364e-02 | 27 -0.11497  9.16623e-04
 28  0.01432  7.80899e-03 | 29  0.05366 -1.58528e-02 | 30 -0.08372  3.65404e-03
 31 -0.18892  5.23083e-03 | 32  0.03832  3.40897e-03 | 33  0.05098 -5.88525e-05
 34  0.05669 -5.70280e-03 | 35  0.04356 -6.40184e-03 | 36 -0.04748  8.42416e-03
 37 -0.01988  7.74111e-04 | 38  0.06089  3.61234e-03 | 39 -0.06669  4.73211e-03
 40  0.21403 -7.77857e-03 | 41  0.02180  2.51181e-03 | 42  0.08254  4.51555e-03
 43 -0.06430  6.52789e-03 | 44  0.17622 -1.67754e-02 | 45 -0.03807  1.51186e-02
 46 -0.03118  9.20519e-03 | 47 -0.01469  1.39204e-03 | 48 -0.09100  3.40379e-03
 49  0.11421 -2.36652e-03 | 50  0.01034  1.15502e-03 | 51  0.00126  2.56241e-03
 52  0.01955 -6.89227e-03 | 53 -0.03585  2.03686e-03 | 54  0.08304 -1.53931e-02
 55  0.00492 -5.83350e-03 | 56 -0.04990  3.59660e-03 | 57 -0.05499  4.15626e-04
 58  0.08563  3.28131e-03 | 59 -0.03450 -1.21470e-03 | 60  0.02232 -4.31155e-03
 61  0.00279  4.80585e-03 | 62  0.06781 -3.97040e-03 | 63  0.10034 -3.63797e-03
 64 -0.06238  1.22256e-02 | 65 -0.01216  1.40077e-02 | 66  0.04289 -2.48610e-03
 67  0.01155  6.59261e-03 | 68 -0.04221  7.61430e-03 | 69  0.03733  2.78348e-03
 70  0.01322  1.49326e-02 | 71  0.15491 -9.50762e-03 | 72 -0.04535  1.06169e-02
 73 -0.02347  1.01711e-02 | 74 -0.06641  4.30153e-03 | 75 -0.52402  4.17061e-03
 76 -0.65832  2.14474e-03 | 77 -0.80423 -4.30967e-03 | 78 -0.70416  1.71419e-03
 79 -0.75301 -2.98637e-03 | 80 -0.76910 -5.96198e-04 | 81 -0.82186 -4.73541e-03
 82 -0.84965  9.73001e-04 | 83 -0.82763 -2.00705e-03 | 84 -0.73877  2.31433e-04
 85 -0.81804 -1.65607e-03 | 86 -0.81157 -9.45645e-05 | 87 -1.20668  2.06193e-03
 88 -0.79965 -2.28057e-04 | 89 -0.80933 -1.28591e-03 | 90 -0.81227 -7.40540e-04
 91 -0.78952 -4.43340e-04 | 92 -0.80127 -1.11356e-03 | 93 -0.79841 -5.97153e-04
 94 -0.85168  3.45953e-03 | 95 -1.14457  5.17634e-04 | 96 -0.30121 -1.07003e-06
 97 -0.01030  1.07501e-05 | 98  0.20619  1.63177e-05 | 99  0.76093  2.44398e-03
100  0.27231  1.31451e-01 |101  0.20331  6.75104e-02 |102  0.09024  1.20247e-01
103 -0.16647  2.90279e-04 |104 -0.20500 -2.63816e-02 |105 -0.16539 -1.77388e-02
106  0.00041 -5.51087e-01 |107  0.16871 -2.20648e-01 |108 -0.02459 -1.01831e-01
109  0.17747 -3.45244e-03 |110 -0.05935 -9.54563e-04 |111  0.41675  3.54562e-04
112 -0.05043  1.05459e-02 |113 -0.33980 -1.34338e-02 |114 -0.20355 -6.37177e-03
115 -0.24040 -3.92186e-03 |116 -0.26294 -2.66557e-03 |117  1.87646 -2.11696e-03
118  2.18184 -1.46249e-03 |119  0.00036  2.51469e-02 |120 -0.00026  3.24835e-02
121 -0.00068  2.50733e-02 |122 -0.00594  3.30709e-02 |123 -0.00625  2.65759e-02
124 -0.00658  3.30860e-02 |125 -0.00696  3.28171e-02 |126 -0.00772  3.05264e-02
127  0.00873  3.59060e-02 |128 -0.00291  3.70292e-02 |129 -0.00663  3.41402e-02
130 -0.02023  3.66263e-02 |131  0.00187  3.06391e-02 |132 -0.01013  3.11854e-02
133  0.00726  4.51327e-02 |134  0.00632  5.72718e-02 |135 -0.00398  7.12061e-02
136  0.01639  9.12423e-02 |137 -0.01565  1.08629e-01 |138 -0.01457  1.10230e-01
139  0.00893  1.25095e-01 |140  0.02036  1.23134e-01 |141 -0.00394  1.18308e-01
142 -0.02060  1.22495e-01 |143  0.01983  1.17430e-01 |144 -0.02350  1.18395e-01
145  0.02556  1.11924e-01 |146  0.00153  1.15453e-01 |147  0.00281  1.17913e-01
148 -0.00895  1.19976e-01 |149  0.01254  1.22441e-01 |150  0.02230  1.16255e-01
151 -0.02542  1.21685e-01 |152 -0.02052  1.15095e-01 |153  0.00576  1.22016e-01
154  0.00384  1.29042e-01 |155  0.00340  1.31667e-01 |156 -0.02143  1.35739e-01
157 -0.01137  1.31504e-01 |158  0.02742  1.06605e-01 |159 -0.00975  1.05591e-01
160  0.01797  9.86489e-02 |161 -0.00705  1.00123e-01 |162 -0.01905  1.07954e-01
163  0.00803  1.07718e-01 |164  0.00418  1.06749e-01 |165 -0.00355  1.04882e-01
166  0.00535  9.15307e-02 |167 -0.01843  8.25707e-02 |168 -0.00169  6.60872e-02
169  0.02266  6.29506e-03 |170 -0.02929 -2.42555e-03 |171  0.01050 -1.23123e-02
172  0.02304 -2.02214e-02 |173  0.02168 -1.66265e-02 |174 -0.00254 -3.34080e-03
175 -0.00628 -9.21598e-03 |176 -0.02012 -1.47021e-02 |177  0.00330 -1.36508e-02
178 -0.00242 -1.39328e-02 |179  0.00294 -1.43455e-02 |180 -0.00469 -9.74379e-04
181  0.00472  1.31127e-02 |182 -0.00534 -7.27606e-03 |183 -0.01486 -4.68824e-04
184 -0.00000 -1.53034e-04 |185 -0.00000 -1.48627e-04 |186 -0.00000 -1.26306e-04
187  0.00002  6.00605e-01 |188  0.00233  6.28396e-01 |189 -0.01044  6.24401e-01
190  0.00864  6.20404e-01 |191  0.00655  6.05966e-01 |192 -0.02455  5.90851e-01
193  0.01847  5.98130e-01 |194  0.00012  5.97296e-01 |195 -0.02840  6.11442e-01
196  0.01807  5.90709e-01 |197 -0.00266  5.76686e-01 |198 -0.00083  5.66409e-01
199 -0.00139  5.42543e-01 |200  0.00830  5.37719e-01 |201 -0.00997  5.44128e-01
202  0.00426  5.26466e-01 |203  0.00283  5.26005e-01 |204  0.00146  5.16609e-01
205 -0.00670  5.28387e-01 |206  0.01015  5.01082e-01 |207 -0.00970  5.11240e-01
208  0.00338  5.07676e-01 |209 -0.00009  4.65840e-01 |210  0.01015  4.73188e-01
211 -0.02421  4.62415e-01 |212  0.01639  4.48218e-01 |213 -0.00770  4.26689e-01
214  0.00382  3.98776e-01 |215 -0.00070  3.77166e-01 |216  0.00684  3.73269e-01
217 -0.00767  3.75293e-01 |218 -0.00024  3.51602e-01 |219  0.01242  3.43906e-01
220 -0.00514  3.39342e-01 |221 -0.00239  3.41748e-01 |222  0.00067  3.70457e-01
223 -0.00031  3.73507e-01 |224  0.00216  3.69602e-01 |225 -0.01658  3.55614e-01
226  0.00861  3.16453e-01 |227  0.00782  2.96016e-01 |228 -0.00742  2.86296e-01
229  0.00730  2.63927e-01 |230 -0.00374  2.81158e-01 |231 -0.00552  2.70954e-01
232  0.00630  2.76388e-01 |233 -0.00428  2.70688e-01 |234  0.00294  2.53995e-01
235  0.00182  2.21164e-01 |236 -0.00450  1.82637e-01 |237 -0.00713  1.16270e-01
238  0.01244  9.71644e-02 |239 -0.00968  8.47820e-02 |240  0.00344  6.74937e-02
241  0.01234  7.23660e-02 |242  0.00515  9.04809e-02 |243 -0.00966  7.73001e-02
244 -0.01325  7.07839e-02 |245  0.01051  5.93240e-02 |246  0.00500  4.81203e-02
247 -0.00699  4.07119e-02 |248 -0.00157  5.24227e-02 |249  0.00373  5.50596e-02
250 -0.00548  2.11347e-02 |251  0.00859  3.31249e-03 |252  0.00000  2.52511e-04
253  0.00000  4.35001e-04 |254  0.00000  2.74391e-04 |255  0.00001  2.95053e-01
256  0.00328  2.37372e-01 |257 -0.00274  2.43760e-01 |258 -0.00147  2.53619e-01
259  0.00339  2.45772e-01 |260  0.01767  2.63615e-01 |261 -0.01671  2.97354e-01
262  0.00618  3.24734e-01 |263 -0.00012  3.52745e-01 |264 -0.02520  3.41563e-01
265  0.01220  3.55285e-01 |266 -0.01064  3.48987e-01 |267  0.00012  3.37040e-01
268 -0.00129  3.45029e-01 |269  0.00308  3.47717e-01 |270 -0.00221  3.40080e-01
271  0.00179  3.36255e-01 |272  0.00056  3.29974e-01 |273  0.00384  3.34662e-01
274 -0.00008  3.28848e-01 |275 -0.00200  3.30774e-01 |276  0.00036  3.21544e-01
277  0.00157  2.87456e-01 |278  0.00249  2.85014e-01 |279  0.00579  2.68852e-01
280 -0.01415  2.55370e-01 |281  0.00746  2.43217e-01 |282 -0.00219  2.36041e-01
283  0.00014  2.14021e-01 |284  0.00402  2.04972e-01 |285 -0.00253  2.19683e-01
286 -0.00072  2.04912e-01 |287 -0.00248  1.83088e-01 |288  0.00755  1.69380e-01
289  0.00568  1.74699e-01 |290 -0.00766  1.93698e-01 |291 -0.00039  1.96292e-01
292  0.00234  1.97777e-01 |293  0.00701  1.97060e-01 |294 -0.00896  1.68172e-01
295 -0.00335  1.57438e-01 |296 -0.00095  1.50171e-01 |297 -0.00149  1.34240e-01
298  0.00597  1.36201e-01 |299  0.00191  1.29957e-01 |300 -0.00650  1.32998e-01
301  0.00357  1.31975e-01 |302 -0.00299  1.28166e-01 |303  0.00388  1.11771e-01
304 -0.00140  8.81155e-02 |305  0.00058  5.94890e-02 |306 -0.00376  4.88114e-02
307  0.00777  4.24531e-02 |308 -0.00223  2.30745e-02 |309 -0.00458  3.61234e-02
310  0.00681  5.41246e-02 |311  0.00478  4.54178e-02 |312  0.00223  3.47816e-02
313 -0.00975  2.52447e-02 |314  0.00253  1.51132e-02 |315  0.00120  6.92415e-03
316  0.00025  2.37778e-02 |317  0.00018  2.89116e-02 |318  0.00098  1.26732e-02
319 -0.00620 -1.76117e-03 |320  0.00000 -4.34136e-05 |321  0.00000  5.78442e-05
322  0.00000  4.71940e-04 |
322 variables; iteration 620; function evaluation 671; phase 5
Function value 2.9094359e+03; maximum gradient component mag -2.9616e-01
Var    Value     Gradient |Var    Value     Gradient |Var    Value     Gradient
  1 -0.03392 -2.96157e-01 |  2  0.04188  8.49206e-04 |  3  0.13379  1.21942e-03
  4 -0.03140 -8.07352e-04 |  5 -0.07748 -1.84987e-03 |  6  0.05400  1.86087e-03
  7  0.04310  1.63192e-03 |  8 -0.00152  2.55900e-03 |  9  0.04849  5.84058e-04
 10  0.01750  6.14004e-03 | 11  0.21578  5.85236e-03 | 12 -0.12390  3.13351e-03
 13 -0.04219  3.78377e-03 | 14 -0.15828  4.36991e-03 | 15 -0.17657  3.19146e-03
 16  0.23923  9.56881e-03 | 17  0.00158  6.50948e-03 | 18 -0.11041  5.20157e-03
 19 -0.04911  5.20764e-03 | 20 -0.01326  2.89880e-03 | 21 -0.09671  3.78156e-03
 22  0.03512  4.72962e-03 | 23 -0.12279  3.99423e-03 | 24 -0.03620  4.83196e-03
 25  0.00938  2.76523e-03 | 26  0.02248  3.13013e-03 | 27 -0.11497  4.06776e-03
 28  0.01432  2.72731e-03 | 29  0.05367  3.95092e-03 | 30 -0.08372  3.95544e-03
 31 -0.18892  3.12272e-03 | 32  0.03832  3.47708e-03 | 33  0.05098  1.35221e-03
 34  0.05669  2.54257e-03 | 35  0.04356  1.53649e-03 | 36 -0.04748  1.57322e-03
 37 -0.01988  2.57845e-03 | 38  0.06089  4.01591e-04 | 39 -0.06670  2.34023e-03
 40  0.21403  2.92131e-03 | 41  0.02180 -1.61555e-03 | 42  0.08254  3.09734e-03
 43 -0.06430  2.11471e-03 | 44  0.17622 -1.27487e-02 | 45 -0.03807 -9.36127e-04
 46 -0.03118  2.34960e-03 | 47 -0.01469 -1.97901e-03 | 48 -0.09100 -1.66343e-04
 49  0.11421 -6.52920e-03 | 50  0.01034 -1.63358e-03 | 51  0.00126 -3.60491e-03
 52  0.01955 -2.85497e-03 | 53 -0.03585 -4.55383e-04 | 54  0.08304 -1.16141e-02
 55  0.00493 -5.68607e-03 | 56 -0.04990 -3.17908e-03 | 57 -0.05499 -2.44270e-03
 58  0.08563 -1.85655e-02 | 59 -0.03450 -3.73423e-03 | 60  0.02232 -4.44586e-03
 61  0.00279 -4.16619e-03 | 62  0.06781 -1.05142e-02 | 63  0.10034 -1.26737e-02
 64 -0.06238 -1.95276e-03 | 65 -0.01216 -4.75828e-03 | 66  0.04289 -8.74282e-03
 67  0.01155 -5.11158e-03 | 68 -0.04221 -3.14920e-03 | 69  0.03733  5.29464e-04
 70  0.01322  2.67670e-03 | 71  0.15491 -1.99679e-03 | 72 -0.04536  1.89204e-03
 73 -0.02347  2.41660e-03 | 74 -0.06641  4.70172e-03 | 75 -0.52403 -2.26910e-03
 76 -0.65833  1.51039e-03 | 77 -0.80423  3.28074e-03 | 78 -0.70415  4.29488e-03
 79 -0.75301  3.38974e-03 | 80 -0.76909  4.36522e-03 | 81 -0.82185  1.99059e-03
 82 -0.84965  1.69185e-03 | 83 -0.82763  3.02808e-03 | 84 -0.73877  2.00898e-03
 85 -0.81804  3.75498e-03 | 86 -0.81157  2.46474e-03 | 87 -1.20668  4.07340e-04
 88 -0.79965  1.58378e-03 | 89 -0.80933  2.09450e-03 | 90 -0.81227  1.74046e-03
 91 -0.78952  8.57613e-04 | 92 -0.80127  4.54595e-04 | 93 -0.79841 -3.68165e-04
 94 -0.85168  9.62069e-04 | 95 -1.14457  2.12959e-03 | 96 -0.28560 -7.44970e-07
 97 -0.00975  1.50288e-05 | 98  0.04152  3.38901e-06 | 99  0.76065 -5.72930e-03
100  0.27238  2.53251e-02 |101  0.20329  1.44301e-02 |102  0.09024  3.20182e-02
103 -0.16647  6.13356e-03 |104 -0.20500  3.38136e-03 |105 -0.16538  4.68344e-03
106  0.00041 -1.15438e-01 |107  0.16871 -8.14710e-02 |108 -0.02459  7.57388e-03
109  0.17747  4.33000e-03 |110 -0.05935 -6.99805e-04 |111  0.41493  1.56244e-04
112 -0.05043 -7.52908e-03 |113 -0.33980  3.64543e-02 |114 -0.20355  1.33598e-02
115 -0.24040  6.34609e-03 |116 -0.26294  3.93999e-03 |117  1.87646  3.95105e-04
118  2.18184  5.85378e-04 |119  0.00038 -6.27753e-02 |120 -0.00027 -6.23976e-02
121 -0.00066 -6.26065e-02 |122 -0.00595 -6.24108e-02 |123 -0.00624 -6.15055e-02
124 -0.00658 -6.09580e-02 |125 -0.00697 -6.17994e-02 |126 -0.00772 -6.22861e-02
127  0.00873 -6.05663e-02 |128 -0.00292 -6.03598e-02 |129 -0.00662 -5.97453e-02
130 -0.02023 -5.73550e-02 |131  0.00187 -6.50294e-02 |132 -0.01013 -6.79472e-02
133  0.00726 -7.12966e-02 |134  0.00632 -7.39559e-02 |135 -0.00399 -7.48761e-02
136  0.01640 -7.41287e-02 |137 -0.01565 -7.08902e-02 |138 -0.01457 -6.88026e-02
139  0.00893 -6.57451e-02 |140  0.02035 -6.27564e-02 |141 -0.00394 -6.28250e-02
142 -0.02061 -6.20178e-02 |143  0.01983 -6.36297e-02 |144 -0.02350 -6.60389e-02
145  0.02556 -6.20256e-02 |146  0.00153 -6.40391e-02 |147  0.00281 -6.61418e-02
148 -0.00895 -6.71368e-02 |149  0.01254 -6.47093e-02 |150  0.02231 -6.68278e-02
151 -0.02543 -6.90699e-02 |152 -0.02051 -6.61211e-02 |153  0.00577 -6.32178e-02
154  0.00383 -6.65162e-02 |155  0.00340 -6.11429e-02 |156 -0.02144 -6.43330e-02
157 -0.01138 -6.71361e-02 |158  0.02742 -6.49383e-02 |159 -0.00976 -6.82315e-02
160  0.01797 -6.43707e-02 |161 -0.00704 -5.73523e-02 |162 -0.01905 -5.41400e-02
163  0.00803 -5.02335e-02 |164  0.00418 -4.91480e-02 |165 -0.00355 -4.90504e-02
166  0.00535 -4.50344e-02 |167 -0.01843 -4.38408e-02 |168 -0.00169 -3.99861e-02
169  0.02266 -1.80092e-02 |170 -0.02929 -1.50120e-02 |171  0.01050 -1.23701e-02
172  0.02304 -8.71734e-03 |173  0.02169 -5.30728e-03 |174 -0.00256 -7.47445e-03
175 -0.00628 -6.66448e-03 |176 -0.02012 -8.20059e-03 |177  0.00330 -7.60360e-03
178 -0.00242 -4.49251e-03 |179  0.00294 -3.39346e-03 |180 -0.00469 -4.94494e-04
181  0.00471 -5.33634e-03 |182 -0.00533  3.48686e-03 |183 -0.01486  2.45153e-04
184  0.00000  1.03447e-04 |185  0.00000  9.71305e-05 |186  0.00000  2.55642e-05
187  0.00001  1.11953e-01 |188  0.00232  1.10433e-01 |189 -0.01044  1.11297e-01
190  0.00864  1.15562e-01 |191  0.00654  1.12521e-01 |192 -0.02455  1.08761e-01
193  0.01848  1.05746e-01 |194  0.00012  1.00236e-01 |195 -0.02840  9.66574e-02
196  0.01807  8.75348e-02 |197 -0.00266  8.15535e-02 |198 -0.00083  8.30891e-02
199 -0.00139  6.29585e-02 |200  0.00831  5.56128e-02 |201 -0.00997  4.84515e-02
202  0.00426  3.65881e-02 |203  0.00283  3.32620e-02 |204  0.00146  3.12194e-02
205 -0.00670  3.17941e-02 |206  0.01015  3.33178e-02 |207 -0.00970  3.47756e-02
208  0.00338  3.06081e-02 |209 -0.00009  2.78841e-02 |210  0.01015  2.86526e-02
211 -0.02421  3.00163e-02 |212  0.01639  2.46655e-02 |213 -0.00770  2.44797e-02
214  0.00382  2.14310e-02 |215 -0.00070  1.77964e-02 |216  0.00684  1.33137e-02
217 -0.00767  1.47142e-02 |218 -0.00024  3.40603e-03 |219  0.01242 -1.47367e-03
220 -0.00514 -6.08197e-03 |221 -0.00239 -1.72263e-03 |222  0.00066 -1.50990e-02
223 -0.00031 -1.16394e-02 |224  0.00216 -1.73242e-02 |225 -0.01658 -1.93107e-02
226  0.00861 -2.22886e-02 |227  0.00782 -3.35857e-02 |228 -0.00742 -3.18861e-02
229  0.00730 -2.94892e-02 |230 -0.00374 -2.87393e-02 |231 -0.00552 -2.82195e-02
232  0.00630 -3.34755e-02 |233 -0.00428 -3.49115e-02 |234  0.00294 -3.30511e-02
235  0.00182 -3.91803e-02 |236 -0.00450 -3.36752e-02 |237 -0.00712 -1.68438e-02
238  0.01244 -1.23375e-02 |239 -0.00968 -8.71824e-03 |240  0.00344 -3.33615e-03
241  0.01234 -3.76926e-04 |242  0.00515 -5.48998e-03 |243 -0.00966 -5.79394e-03
244 -0.01325 -8.47153e-03 |245  0.01051 -1.10441e-02 |246  0.00500 -7.03563e-03
247 -0.00699 -6.31072e-03 |248 -0.00157 -3.57976e-03 |249  0.00373 -6.12756e-03
250 -0.00548  2.50902e-03 |251  0.00859 -7.41110e-04 |252  0.00000 -2.51500e-05
253  0.00000 -1.58392e-05 |254 -0.00000 -5.70503e-05 |255  0.00002  6.30242e-02
256  0.00328  7.14595e-02 |257 -0.00274  7.14681e-02 |258 -0.00147  8.05305e-02
259  0.00339  7.80564e-02 |260  0.01768  6.26053e-02 |261 -0.01673  5.47056e-02
262  0.00618  4.79661e-02 |263 -0.00012  4.43428e-02 |264 -0.02520  3.57999e-02
265  0.01220  3.13912e-02 |266 -0.01064  3.23472e-02 |267  0.00012  1.10692e-02
268 -0.00129  4.86483e-03 |269  0.00308 -4.47879e-03 |270 -0.00221 -1.17020e-02
271  0.00179 -1.62412e-02 |272  0.00056 -1.80530e-02 |273  0.00384 -1.39587e-02
274 -0.00008 -1.66675e-02 |275 -0.00200 -1.52147e-02 |276  0.00036 -1.61365e-02
277  0.00157 -1.83716e-02 |278  0.00249 -1.16465e-02 |279  0.00579 -8.85852e-03
280 -0.01415 -1.46361e-02 |281  0.00746 -1.78218e-02 |282 -0.00219 -1.64512e-02
283  0.00014 -1.85178e-02 |284  0.00402 -1.84568e-02 |285 -0.00253 -1.64420e-02
286 -0.00072 -2.37727e-02 |287 -0.00248 -2.64247e-02 |288  0.00755 -2.78711e-02
289  0.00568 -3.47358e-02 |290 -0.00766 -4.50254e-02 |291 -0.00039 -3.97019e-02
292  0.00234 -4.49564e-02 |293  0.00701 -4.28129e-02 |294 -0.00896 -4.47772e-02
295 -0.00335 -5.46158e-02 |296 -0.00095 -5.40982e-02 |297 -0.00149 -5.36957e-02
298  0.00597 -5.30618e-02 |299  0.00191 -5.13641e-02 |300 -0.00650 -5.21478e-02
301  0.00357 -5.49720e-02 |302 -0.00299 -5.42810e-02 |303  0.00388 -5.24236e-02
304 -0.00140 -4.90480e-02 |305  0.00058 -3.93643e-02 |306 -0.00376 -3.35730e-02
307  0.00777 -2.79267e-02 |308 -0.00223 -1.92447e-02 |309 -0.00458 -1.32979e-02
310  0.00681 -1.73149e-02 |311  0.00478 -1.58168e-02 |312  0.00223 -1.61024e-02
313 -0.00975 -1.87871e-02 |314  0.00253 -1.35060e-02 |315  0.00120 -6.29745e-03
316  0.00025 -4.00529e-03 |317  0.00018 -6.26433e-03 |318  0.00098 -2.26164e-03
319 -0.00620 -1.20570e-03 |320  0.00000  4.18773e-05 |321  0.00000  2.69252e-05
322 -0.00000 -9.57350e-05 |
  ic > imax  in fminim is answer attained ?
Var    Value     Gradient |Var    Value     Gradient |Var    Value     Gradient
  1 -0.03392  2.50334e-03 |  2  0.04188 -2.45071e-05 |  3  0.13379  4.08589e-05
  4 -0.03140  6.74094e-06 |  5 -0.07747  3.00418e-05 |  6  0.05400  1.17549e-05
  7  0.04310  2.66721e-05 |  8 -0.00152 -9.92002e-07 |  9  0.04849 -3.96264e-06
 10  0.01750 -3.41111e-05 | 11  0.21578 -4.62008e-05 | 12 -0.12390 -2.76498e-05
 13 -0.04219 -2.99207e-05 | 14 -0.15828 -3.51142e-05 | 15 -0.17657 -3.05007e-05
 16  0.23923 -8.08633e-05 | 17  0.00157 -2.75591e-05 | 18 -0.11041 -2.84305e-05
 19 -0.04911 -4.44076e-05 | 20 -0.01326 -5.89565e-05 | 21 -0.09671 -3.45895e-05
 22  0.03512 -3.63255e-05 | 23 -0.12279 -3.18723e-05 | 24 -0.03620 -5.96130e-05
 25  0.00938 -2.84415e-05 | 26  0.02248 -5.25094e-05 | 27 -0.11497 -3.71945e-05
 28  0.01432 -2.99506e-05 | 29  0.05367 -4.17454e-05 | 30 -0.08372 -2.85032e-05
 31 -0.18892 -3.07181e-05 | 32  0.03832 -3.99533e-05 | 33  0.05098 -4.93890e-05
 34  0.05669 -3.05939e-05 | 35  0.04356 -3.86843e-05 | 36 -0.04748 -4.44849e-05
 37 -0.01988 -3.31784e-05 | 38  0.06089 -4.61007e-05 | 39 -0.06670 -2.77235e-05
 40  0.21403 -6.00147e-05 | 41  0.02180 -5.39510e-05 | 42  0.08254 -6.18145e-05
 43 -0.06430 -6.59958e-05 | 44  0.17622 -2.15918e-05 | 45 -0.03807 -2.16909e-05
 46 -0.03118 -7.29492e-05 | 47 -0.01469  1.26613e-05 | 48 -0.09100 -2.92808e-05
 49  0.11421  3.91078e-05 | 50  0.01034 -2.77410e-05 | 51  0.00126 -1.07151e-06
 52  0.01955  1.41022e-05 | 53 -0.03585  2.97278e-05 | 54  0.08304  1.05402e-04
 55  0.00493  9.33382e-05 | 56 -0.04990  4.95128e-05 | 57 -0.05499  8.17069e-05
 58  0.08563  3.73709e-04 | 59 -0.03450  2.55027e-05 | 60  0.02232  6.99523e-05
 61  0.00279  1.00021e-04 | 62  0.06781  1.62608e-04 | 63  0.10034  2.14464e-04
 64 -0.06238  6.39299e-05 | 65 -0.01216  9.79000e-05 | 66  0.04289  5.64730e-05
 67  0.01155  5.25197e-05 | 68 -0.04221  1.72019e-05 | 69  0.03733  4.08085e-07
 70  0.01322 -2.86629e-05 | 71  0.15491  7.18080e-05 | 72 -0.04536 -3.03847e-05
 73 -0.02347 -5.17183e-05 | 74 -0.06641 -7.00616e-05 | 75 -0.52402 -5.71978e-07
 76 -0.65832 -1.50289e-05 | 77 -0.80423 -2.69170e-05 | 78 -0.70416 -3.00393e-05
 79 -0.75301 -6.05289e-06 | 80 -0.76910 -1.79893e-05 | 81 -0.82185 -1.35814e-05
 82 -0.84965 -1.74232e-05 | 83 -0.82763 -5.11406e-06 | 84 -0.73877 -2.10993e-05
 85 -0.81804 -1.91715e-05 | 86 -0.81157 -2.55869e-05 | 87 -1.20668 -1.02954e-06
 88 -0.79965 -2.03920e-05 | 89 -0.80933 -1.03998e-05 | 90 -0.81227 -1.48240e-05
 91 -0.78952 -4.71668e-06 | 92 -0.80127 -6.27897e-06 | 93 -0.79840 -7.79703e-06
 94 -0.85168  6.88310e-06 | 95 -1.14457  1.74376e-05 | 96 -0.33081 -2.72874e-08
 97 -0.20554  8.84095e-08 | 98 -0.16133 -3.94577e-08 | 99  0.76108  4.12555e-05
100  0.27230  8.94377e-04 |101  0.20328  6.72614e-04 |102  0.09024  6.20512e-04
103 -0.16647 -4.56143e-05 |104 -0.20500 -1.88738e-04 |105 -0.16539 -1.87203e-04
106  0.00041  3.48737e-03 |107  0.16871  9.87712e-04 |108 -0.02459  3.96550e-04
109  0.17747  1.17636e-04 |110 -0.05935  1.48962e-05 |111  0.41361 -1.85808e-07
112 -0.05043  1.08674e-04 |113 -0.33980 -3.39066e-04 |114 -0.20355 -1.38315e-04
115 -0.24040 -5.68800e-05 |116 -0.26294 -3.53715e-05 |117  1.87646 -4.56646e-06
118  2.18184  8.62440e-06 |119  0.00037  4.60419e-04 |120 -0.00027  4.34065e-04
121 -0.00066  4.58583e-04 |122 -0.00595  4.52945e-04 |123 -0.00624  4.58712e-04
124 -0.00659  4.44644e-04 |125 -0.00697  4.52015e-04 |126 -0.00772  4.47348e-04
127  0.00873  4.34462e-04 |128 -0.00292  4.12496e-04 |129 -0.00662  3.76567e-04
130 -0.02023  4.01159e-04 |131  0.00187  3.20840e-04 |132 -0.01013  3.21869e-04
133  0.00726  3.51029e-04 |134  0.00632  3.63229e-04 |135 -0.00399  2.99465e-04
136  0.01640  2.46378e-04 |137 -0.01565  2.19370e-04 |138 -0.01457  2.13786e-04
139  0.00893  2.77350e-04 |140  0.02035  2.58847e-04 |141 -0.00394  2.48270e-04
142 -0.02061  2.58261e-04 |143  0.01983  2.96979e-04 |144 -0.02350  2.41692e-04
145  0.02556  1.96453e-04 |146  0.00153  1.73224e-04 |147  0.00281  1.38784e-04
148 -0.00895  1.15428e-04 |149  0.01254  1.93211e-04 |150  0.02231  1.75155e-04
151 -0.02542  1.79176e-04 |152 -0.02051  1.83025e-04 |153  0.00576  1.51819e-04
154  0.00383  1.54839e-04 |155  0.00340  2.62974e-04 |156 -0.02143  2.42929e-04
157 -0.01137  1.97463e-04 |158  0.02742  1.47967e-04 |159 -0.00975  1.22933e-04
160  0.01797  6.52264e-06 |161 -0.00704  1.57735e-05 |162 -0.01905  2.89420e-05
163  0.00803 -2.28702e-06 |164  0.00418 -1.03702e-05 |165 -0.00355 -8.79021e-05
166  0.00535 -1.80916e-04 |167 -0.01843 -2.11182e-04 |168 -0.00169 -2.43380e-04
169  0.02266 -2.32486e-04 |170 -0.02929 -1.94256e-04 |171  0.01050 -1.95689e-04
172  0.02304 -1.56894e-04 |173  0.02169 -7.67689e-05 |174 -0.00256 -1.14560e-05
175 -0.00628 -5.25492e-05 |176 -0.02011 -7.04343e-05 |177  0.00330 -3.07760e-05
178 -0.00242  8.43610e-05 |179  0.00294  1.23248e-04 |180 -0.00469  1.02876e-04
181  0.00471  4.07269e-05 |182 -0.00534  4.27407e-06 |183 -0.01486  6.25894e-05
184  0.00000  3.61963e-07 |185 -0.00000  3.24614e-08 |186 -0.00000 -8.51758e-07
187  0.00003  4.09194e-03 |188  0.00232  4.28643e-03 |189 -0.01044  4.29801e-03
190  0.00864  4.20345e-03 |191  0.00654  4.02333e-03 |192 -0.02455  4.04044e-03
193  0.01848  3.95723e-03 |194  0.00012  3.90501e-03 |195 -0.02840  3.81585e-03
196  0.01807  3.51215e-03 |197 -0.00266  3.35219e-03 |198 -0.00083  3.25281e-03
199 -0.00139  2.94241e-03 |200  0.00830  2.77937e-03 |201 -0.00997  2.73618e-03
202  0.00426  2.61682e-03 |203  0.00283  2.46124e-03 |204  0.00146  2.28253e-03
205 -0.00670  2.22771e-03 |206  0.01015  2.17063e-03 |207 -0.00970  2.21377e-03
208  0.00338  2.16349e-03 |209 -0.00009  2.03956e-03 |210  0.01015  2.06083e-03
211 -0.02421  2.17062e-03 |212  0.01639  2.07203e-03 |213 -0.00770  1.92998e-03
214  0.00382  1.91459e-03 |215 -0.00070  1.80616e-03 |216  0.00684  1.75171e-03
217 -0.00767  1.86247e-03 |218 -0.00024  1.70646e-03 |219  0.01242  1.66142e-03
220 -0.00514  1.48653e-03 |221 -0.00239  1.37311e-03 |222  0.00066  1.37930e-03
223 -0.00031  1.45657e-03 |224  0.00216  1.28470e-03 |225 -0.01658  1.16886e-03
226  0.00861  1.04408e-03 |227  0.00782  8.26996e-04 |228 -0.00742  6.53384e-04
229  0.00730  4.79476e-04 |230 -0.00374  4.89109e-04 |231 -0.00552  4.61770e-04
232  0.00630  3.87164e-04 |233 -0.00428  2.96422e-04 |234  0.00294  1.40754e-04
235  0.00182  1.61736e-06 |236 -0.00450 -6.11700e-05 |237 -0.00712 -5.18447e-05
238  0.01244 -9.96119e-07 |239 -0.00968  9.54342e-07 |240  0.00344  5.97382e-05
241  0.01234  1.77396e-04 |242  0.00515  1.06650e-04 |243 -0.00966 -9.59717e-05
244 -0.01325 -1.65891e-04 |245  0.01051 -1.55114e-04 |246  0.00500  1.61587e-04
247 -0.00699  3.91150e-04 |248 -0.00157  4.45544e-04 |249  0.00373  3.04178e-04
250 -0.00548  2.50693e-04 |251  0.00859  9.93040e-05 |252  0.00000  3.11081e-06
253  0.00000  2.97685e-06 |254  0.00000  2.26737e-06 |255  0.00002  2.95004e-03
256  0.00328  2.95604e-03 |257 -0.00274  2.90410e-03 |258 -0.00147  2.79644e-03
259  0.00339  2.49844e-03 |260  0.01768  2.42732e-03 |261 -0.01673  2.28278e-03
262  0.00618  2.10550e-03 |263 -0.00012  1.94644e-03 |264 -0.02520  1.66732e-03
265  0.01220  1.56762e-03 |266 -0.01064  1.48724e-03 |267  0.00012  1.18913e-03
268 -0.00129  1.05376e-03 |269  0.00308  9.62924e-04 |270 -0.00221  8.25141e-04
271  0.00179  6.77499e-04 |272  0.00056  5.08887e-04 |273  0.00384  4.59535e-04
274 -0.00008  4.61990e-04 |275 -0.00200  5.06813e-04 |276  0.00036  4.83104e-04
277  0.00157  3.66187e-04 |278  0.00249  3.66327e-04 |279  0.00579  5.00576e-04
280 -0.01415  3.51907e-04 |281  0.00746  2.29886e-04 |282 -0.00219  2.45883e-04
283  0.00014  2.61899e-04 |284  0.00402  3.23539e-04 |285 -0.00253  4.51393e-04
286 -0.00072  3.59145e-04 |287 -0.00248  3.20597e-04 |288  0.00755  1.61212e-04
289  0.00568  1.40742e-04 |290 -0.00766  1.48269e-04 |291 -0.00039  2.31344e-04
292  0.00234  8.52702e-05 |293  0.00701  1.73738e-05 |294 -0.00896 -7.43222e-05
295 -0.00335 -2.47925e-04 |296 -0.00095 -2.97282e-04 |297 -0.00149 -4.37150e-04
298  0.00597 -4.24559e-04 |299  0.00191 -4.40638e-04 |300 -0.00650 -5.23207e-04
301  0.00357 -5.14682e-04 |302 -0.00299 -5.91514e-04 |303  0.00388 -5.81899e-04
304 -0.00140 -6.43071e-04 |305  0.00058 -6.52648e-04 |306 -0.00376 -6.26365e-04
307  0.00777 -5.46651e-04 |308 -0.00223 -4.26478e-04 |309 -0.00458 -1.76286e-04
310  0.00681 -1.72068e-04 |311  0.00478 -2.63644e-04 |312  0.00223 -4.14701e-04
313 -0.00975 -4.01652e-04 |314  0.00253 -1.86902e-04 |315  0.00120  7.37548e-05
316  0.00025  1.84841e-04 |317  0.00018  1.00925e-04 |318  0.00098  1.22513e-04
319 -0.00620  2.40263e-05 |320  0.00000  1.66202e-06 |321  0.00000  1.08754e-06
322  0.00000  3.19278e-06 |
Function minimizer not making progress ... is minimum attained?
Minimprove criterion = 0.0000e+00

 - final statistics:
322 variables; iteration 633; function evaluation 713
Function value 2.9094e+03; maximum gradient component mag 4.2980e-03
Exit code = 1;  converg criter 1.0000e-04
Var    Value     Gradient |Var    Value     Gradient |Var    Value     Gradient
  1 -0.03392  2.50334e-03 |  2  0.04188 -2.45071e-05 |  3  0.13379  4.08589e-05
  4 -0.03140  6.74094e-06 |  5 -0.07747  3.00418e-05 |  6  0.05400  1.17549e-05
  7  0.04310  2.66721e-05 |  8 -0.00152 -9.92002e-07 |  9  0.04849 -3.96264e-06
 10  0.01750 -3.41111e-05 | 11  0.21578 -4.62008e-05 | 12 -0.12390 -2.76498e-05
 13 -0.04219 -2.99207e-05 | 14 -0.15828 -3.51142e-05 | 15 -0.17657 -3.05007e-05
 16  0.23923 -8.08633e-05 | 17  0.00157 -2.75591e-05 | 18 -0.11041 -2.84305e-05
 19 -0.04911 -4.44076e-05 | 20 -0.01326 -5.89565e-05 | 21 -0.09671 -3.45895e-05
 22  0.03512 -3.63255e-05 | 23 -0.12279 -3.18723e-05 | 24 -0.03620 -5.96130e-05
 25  0.00938 -2.84415e-05 | 26  0.02248 -5.25094e-05 | 27 -0.11497 -3.71945e-05
 28  0.01432 -2.99506e-05 | 29  0.05367 -4.17454e-05 | 30 -0.08372 -2.85032e-05
 31 -0.18892 -3.07181e-05 | 32  0.03832 -3.99533e-05 | 33  0.05098 -4.93890e-05
 34  0.05669 -3.05939e-05 | 35  0.04356 -3.86843e-05 | 36 -0.04748 -4.44849e-05
 37 -0.01988 -3.31784e-05 | 38  0.06089 -4.61007e-05 | 39 -0.06670 -2.77235e-05
 40  0.21403 -6.00147e-05 | 41  0.02180 -5.39510e-05 | 42  0.08254 -6.18145e-05
 43 -0.06430 -6.59958e-05 | 44  0.17622 -2.15918e-05 | 45 -0.03807 -2.16909e-05
 46 -0.03118 -7.29492e-05 | 47 -0.01469  1.26613e-05 | 48 -0.09100 -2.92808e-05
 49  0.11421  3.91078e-05 | 50  0.01034 -2.77410e-05 | 51  0.00126 -1.07151e-06
 52  0.01955  1.41022e-05 | 53 -0.03585  2.97278e-05 | 54  0.08304  1.05402e-04
 55  0.00493  9.33382e-05 | 56 -0.04990  4.95128e-05 | 57 -0.05499  8.17069e-05
 58  0.08563  3.73709e-04 | 59 -0.03450  2.55027e-05 | 60  0.02232  6.99523e-05
 61  0.00279  1.00021e-04 | 62  0.06781  1.62608e-04 | 63  0.10034  2.14464e-04
 64 -0.06238  6.39299e-05 | 65 -0.01216  9.79000e-05 | 66  0.04289  5.64730e-05
 67  0.01155  5.25197e-05 | 68 -0.04221  1.72019e-05 | 69  0.03733  4.08085e-07
 70  0.01322 -2.86629e-05 | 71  0.15491  7.18080e-05 | 72 -0.04536 -3.03847e-05
 73 -0.02347 -5.17183e-05 | 74 -0.06641 -7.00616e-05 | 75 -0.52402 -5.71978e-07
 76 -0.65832 -1.50289e-05 | 77 -0.80423 -2.69170e-05 | 78 -0.70416 -3.00393e-05
 79 -0.75301 -6.05289e-06 | 80 -0.76910 -1.79893e-05 | 81 -0.82185 -1.35814e-05
 82 -0.84965 -1.74232e-05 | 83 -0.82763 -5.11406e-06 | 84 -0.73877 -2.10993e-05
 85 -0.81804 -1.91715e-05 | 86 -0.81157 -2.55869e-05 | 87 -1.20668 -1.02954e-06
 88 -0.79965 -2.03920e-05 | 89 -0.80933 -1.03998e-05 | 90 -0.81227 -1.48240e-05
 91 -0.78952 -4.71668e-06 | 92 -0.80127 -6.27897e-06 | 93 -0.79840 -7.79703e-06
 94 -0.85168  6.88310e-06 | 95 -1.14457  1.74376e-05 | 96 -0.33081 -2.72874e-08
 97 -0.20554  8.84095e-08 | 98 -0.16133 -3.94577e-08 | 99  0.76108  4.12555e-05
100  0.27230  8.94377e-04 |101  0.20328  6.72614e-04 |102  0.09024  6.20512e-04
103 -0.16647 -4.56143e-05 |104 -0.20500 -1.88738e-04 |105 -0.16539 -1.87203e-04
106  0.00041  3.48737e-03 |107  0.16871  9.87712e-04 |108 -0.02459  3.96550e-04
109  0.17747  1.17636e-04 |110 -0.05935  1.48962e-05 |111  0.41361 -1.85808e-07
112 -0.05043  1.08674e-04 |113 -0.33980 -3.39066e-04 |114 -0.20355 -1.38315e-04
115 -0.24040 -5.68800e-05 |116 -0.26294 -3.53715e-05 |117  1.87646 -4.56646e-06
118  2.18184  8.62440e-06 |119  0.00037  4.60419e-04 |120 -0.00027  4.34065e-04
121 -0.00066  4.58583e-04 |122 -0.00595  4.52945e-04 |123 -0.00624  4.58712e-04
124 -0.00659  4.44644e-04 |125 -0.00697  4.52015e-04 |126 -0.00772  4.47348e-04
127  0.00873  4.34462e-04 |128 -0.00292  4.12496e-04 |129 -0.00662  3.76567e-04
130 -0.02023  4.01159e-04 |131  0.00187  3.20840e-04 |132 -0.01013  3.21869e-04
133  0.00726  3.51029e-04 |134  0.00632  3.63229e-04 |135 -0.00399  2.99465e-04
136  0.01640  2.46378e-04 |137 -0.01565  2.19370e-04 |138 -0.01457  2.13786e-04
139  0.00893  2.77350e-04 |140  0.02035  2.58847e-04 |141 -0.00394  2.48270e-04
142 -0.02061  2.58261e-04 |143  0.01983  2.96979e-04 |144 -0.02350  2.41692e-04
145  0.02556  1.96453e-04 |146  0.00153  1.73224e-04 |147  0.00281  1.38784e-04
148 -0.00895  1.15428e-04 |149  0.01254  1.93211e-04 |150  0.02231  1.75155e-04
151 -0.02542  1.79176e-04 |152 -0.02051  1.83025e-04 |153  0.00576  1.51819e-04
154  0.00383  1.54839e-04 |155  0.00340  2.62974e-04 |156 -0.02143  2.42929e-04
157 -0.01137  1.97463e-04 |158  0.02742  1.47967e-04 |159 -0.00975  1.22933e-04
160  0.01797  6.52264e-06 |161 -0.00704  1.57735e-05 |162 -0.01905  2.89420e-05
163  0.00803 -2.28702e-06 |164  0.00418 -1.03702e-05 |165 -0.00355 -8.79021e-05
166  0.00535 -1.80916e-04 |167 -0.01843 -2.11182e-04 |168 -0.00169 -2.43380e-04
169  0.02266 -2.32486e-04 |170 -0.02929 -1.94256e-04 |171  0.01050 -1.95689e-04
172  0.02304 -1.56894e-04 |173  0.02169 -7.67689e-05 |174 -0.00256 -1.14560e-05
175 -0.00628 -5.25492e-05 |176 -0.02011 -7.04343e-05 |177  0.00330 -3.07760e-05
178 -0.00242  8.43610e-05 |179  0.00294  1.23248e-04 |180 -0.00469  1.02876e-04
181  0.00471  4.07269e-05 |182 -0.00534  4.27407e-06 |183 -0.01486  6.25894e-05
184  0.00000  3.61963e-07 |185 -0.00000  3.24614e-08 |186 -0.00000 -8.51758e-07
187  0.00003  4.09194e-03 |188  0.00232  4.28643e-03 |189 -0.01044  4.29801e-03
190  0.00864  4.20345e-03 |191  0.00654  4.02333e-03 |192 -0.02455  4.04044e-03
193  0.01848  3.95723e-03 |194  0.00012  3.90501e-03 |195 -0.02840  3.81585e-03
196  0.01807  3.51215e-03 |197 -0.00266  3.35219e-03 |198 -0.00083  3.25281e-03
199 -0.00139  2.94241e-03 |200  0.00830  2.77937e-03 |201 -0.00997  2.73618e-03
202  0.00426  2.61682e-03 |203  0.00283  2.46124e-03 |204  0.00146  2.28253e-03
205 -0.00670  2.22771e-03 |206  0.01015  2.17063e-03 |207 -0.00970  2.21377e-03
208  0.00338  2.16349e-03 |209 -0.00009  2.03956e-03 |210  0.01015  2.06083e-03
211 -0.02421  2.17062e-03 |212  0.01639  2.07203e-03 |213 -0.00770  1.92998e-03
214  0.00382  1.91459e-03 |215 -0.00070  1.80616e-03 |216  0.00684  1.75171e-03
217 -0.00767  1.86247e-03 |218 -0.00024  1.70646e-03 |219  0.01242  1.66142e-03
220 -0.00514  1.48653e-03 |221 -0.00239  1.37311e-03 |222  0.00066  1.37930e-03
223 -0.00031  1.45657e-03 |224  0.00216  1.28470e-03 |225 -0.01658  1.16886e-03
226  0.00861  1.04408e-03 |227  0.00782  8.26996e-04 |228 -0.00742  6.53384e-04
229  0.00730  4.79476e-04 |230 -0.00374  4.89109e-04 |231 -0.00552  4.61770e-04
232  0.00630  3.87164e-04 |233 -0.00428  2.96422e-04 |234  0.00294  1.40754e-04
235  0.00182  1.61736e-06 |236 -0.00450 -6.11700e-05 |237 -0.00712 -5.18447e-05
238  0.01244 -9.96119e-07 |239 -0.00968  9.54342e-07 |240  0.00344  5.97382e-05
241  0.01234  1.77396e-04 |242  0.00515  1.06650e-04 |243 -0.00966 -9.59717e-05
244 -0.01325 -1.65891e-04 |245  0.01051 -1.55114e-04 |246  0.00500  1.61587e-04
247 -0.00699  3.91150e-04 |248 -0.00157  4.45544e-04 |249  0.00373  3.04178e-04
250 -0.00548  2.50693e-04 |251  0.00859  9.93040e-05 |252  0.00000  3.11081e-06
253  0.00000  2.97685e-06 |254  0.00000  2.26737e-06 |255  0.00002  2.95004e-03
256  0.00328  2.95604e-03 |257 -0.00274  2.90410e-03 |258 -0.00147  2.79644e-03
259  0.00339  2.49844e-03 |260  0.01768  2.42732e-03 |261 -0.01673  2.28278e-03
262  0.00618  2.10550e-03 |263 -0.00012  1.94644e-03 |264 -0.02520  1.66732e-03
265  0.01220  1.56762e-03 |266 -0.01064  1.48724e-03 |267  0.00012  1.18913e-03
268 -0.00129  1.05376e-03 |269  0.00308  9.62924e-04 |270 -0.00221  8.25141e-04
271  0.00179  6.77499e-04 |272  0.00056  5.08887e-04 |273  0.00384  4.59535e-04
274 -0.00008  4.61990e-04 |275 -0.00200  5.06813e-04 |276  0.00036  4.83104e-04
277  0.00157  3.66187e-04 |278  0.00249  3.66327e-04 |279  0.00579  5.00576e-04
280 -0.01415  3.51907e-04 |281  0.00746  2.29886e-04 |282 -0.00219  2.45883e-04
283  0.00014  2.61899e-04 |284  0.00402  3.23539e-04 |285 -0.00253  4.51393e-04
286 -0.00072  3.59145e-04 |287 -0.00248  3.20597e-04 |288  0.00755  1.61212e-04
289  0.00568  1.40742e-04 |290 -0.00766  1.48269e-04 |291 -0.00039  2.31344e-04
292  0.00234  8.52702e-05 |293  0.00701  1.73738e-05 |294 -0.00896 -7.43222e-05
295 -0.00335 -2.47925e-04 |296 -0.00095 -2.97282e-04 |297 -0.00149 -4.37150e-04
298  0.00597 -4.24559e-04 |299  0.00191 -4.40638e-04 |300 -0.00650 -5.23207e-04
301  0.00357 -5.14682e-04 |302 -0.00299 -5.91514e-04 |303  0.00388 -5.81899e-04
304 -0.00140 -6.43071e-04 |305  0.00058 -6.52648e-04 |306 -0.00376 -6.26365e-04
307  0.00777 -5.46651e-04 |308 -0.00223 -4.26478e-04 |309 -0.00458 -1.76286e-04
310  0.00681 -1.72068e-04 |311  0.00478 -2.63644e-04 |312  0.00223 -4.14701e-04
313 -0.00975 -4.01652e-04 |314  0.00253 -1.86902e-04 |315  0.00120  7.37548e-05
316  0.00025  1.84841e-04 |317  0.00018  1.00925e-04 |318  0.00098  1.22513e-04
319 -0.00620  2.40263e-05 |320  0.00000  1.66202e-06 |321  0.00000  1.08754e-06
322  0.00000  3.19278e-06 |
Estimating row 1 out of 322 for hessian
Estimating row 2 out of 322 for hessian
Estimating row 3 out of 322 for hessian
Estimating row 4 out of 322 for hessian
Estimating row 5 out of 322 for hessian
Estimating row 6 out of 322 for hessian
Estimating row 7 out of 322 for hessian
Estimating row 8 out of 322 for hessian
Estimating row 9 out of 322 for hessian
Estimating row 10 out of 322 for hessian
Estimating row 11 out of 322 for hessian
Estimating row 12 out of 322 for hessian
Estimating row 13 out of 322 for hessian
Estimating row 14 out of 322 for hessian
Estimating row 15 out of 322 for hessian
Estimating row 16 out of 322 for hessian
Estimating row 17 out of 322 for hessian
Estimating row 18 out of 322 for hessian
Estimating row 19 out of 322 for hessian
Estimating row 20 out of 322 for hessian
Estimating row 21 out of 322 for hessian
Estimating row 22 out of 322 for hessian
Estimating row 23 out of 322 for hessian
Estimating row 24 out of 322 for hessian
Estimating row 25 out of 322 for hessian
Estimating row 26 out of 322 for hessian
Estimating row 27 out of 322 for hessian
Estimating row 28 out of 322 for hessian
Estimating row 29 out of 322 for hessian
Estimating row 30 out of 322 for hessian
Estimating row 31 out of 322 for hessian
Estimating row 32 out of 322 for hessian
Estimating row 33 out of 322 for hessian
Estimating row 34 out of 322 for hessian
Estimating row 35 out of 322 for hessian
Estimating row 36 out of 322 for hessian
Estimating row 37 out of 322 for hessian
Estimating row 38 out of 322 for hessian
Estimating row 39 out of 322 for hessian
Estimating row 40 out of 322 for hessian
Estimating row 41 out of 322 for hessian
Estimating row 42 out of 322 for hessian
Estimating row 43 out of 322 for hessian
Estimating row 44 out of 322 for hessian
Estimating row 45 out of 322 for hessian
Estimating row 46 out of 322 for hessian
Estimating row 47 out of 322 for hessian
Estimating row 48 out of 322 for hessian
Estimating row 49 out of 322 for hessian
Estimating row 50 out of 322 for hessian
Estimating row 51 out of 322 for hessian
Estimating row 52 out of 322 for hessian
Estimating row 53 out of 322 for hessian
Estimating row 54 out of 322 for hessian
Estimating row 55 out of 322 for hessian
Estimating row 56 out of 322 for hessian
Estimating row 57 out of 322 for hessian
Estimating row 58 out of 322 for hessian
Estimating row 59 out of 322 for hessian
Estimating row 60 out of 322 for hessian
Estimating row 61 out of 322 for hessian
Estimating row 62 out of 322 for hessian
Estimating row 63 out of 322 for hessian
Estimating row 64 out of 322 for hessian
Estimating row 65 out of 322 for hessian
Estimating row 66 out of 322 for hessian
Estimating row 67 out of 322 for hessian
Estimating row 68 out of 322 for hessian
Estimating row 69 out of 322 for hessian
Estimating row 70 out of 322 for hessian
Estimating row 71 out of 322 for hessian
Estimating row 72 out of 322 for hessian
Estimating row 73 out of 322 for hessian
Estimating row 74 out of 322 for hessian
Estimating row 75 out of 322 for hessian
Estimating row 76 out of 322 for hessian
Estimating row 77 out of 322 for hessian
Estimating row 78 out of 322 for hessian
Estimating row 79 out of 322 for hessian
Estimating row 80 out of 322 for hessian
Estimating row 81 out of 322 for hessian
Estimating row 82 out of 322 for hessian
Estimating row 83 out of 322 for hessian
Estimating row 84 out of 322 for hessian
Estimating row 85 out of 322 for hessian
Estimating row 86 out of 322 for hessian
Estimating row 87 out of 322 for hessian
Estimating row 88 out of 322 for hessian
Estimating row 89 out of 322 for hessian
Estimating row 90 out of 322 for hessian
Estimating row 91 out of 322 for hessian
Estimating row 92 out of 322 for hessian
Estimating row 93 out of 322 for hessian
Estimating row 94 out of 322 for hessian
Estimating row 95 out of 322 for hessian
Estimating row 96 out of 322 for hessian
Estimating row 97 out of 322 for hessian
Estimating row 98 out of 322 for hessian
Estimating row 99 out of 322 for hessian
Estimating row 100 out of 322 for hessian
Estimating row 101 out of 322 for hessian
Estimating row 102 out of 322 for hessian
Estimating row 103 out of 322 for hessian
Estimating row 104 out of 322 for hessian
Estimating row 105 out of 322 for hessian
Estimating row 106 out of 322 for hessian
Estimating row 107 out of 322 for hessian
Estimating row 108 out of 322 for hessian
Estimating row 109 out of 322 for hessian
Estimating row 110 out of 322 for hessian
Estimating row 111 out of 322 for hessian
Estimating row 112 out of 322 for hessian
Estimating row 113 out of 322 for hessian
Estimating row 114 out of 322 for hessian
Estimating row 115 out of 322 for hessian
Estimating row 116 out of 322 for hessian
Estimating row 117 out of 322 for hessian
Estimating row 118 out of 322 for hessian
Estimating row 119 out of 322 for hessian
Estimating row 120 out of 322 for hessian
Estimating row 121 out of 322 for hessian
Estimating row 122 out of 322 for hessian
Estimating row 123 out of 322 for hessian
Estimating row 124 out of 322 for hessian
Estimating row 125 out of 322 for hessian
Estimating row 126 out of 322 for hessian
Estimating row 127 out of 322 for hessian
Estimating row 128 out of 322 for hessian
Estimating row 129 out of 322 for hessian
Estimating row 130 out of 322 for hessian
Estimating row 131 out of 322 for hessian
Estimating row 132 out of 322 for hessian
Estimating row 133 out of 322 for hessian
Estimating row 134 out of 322 for hessian
Estimating row 135 out of 322 for hessian
Estimating row 136 out of 322 for hessian
Estimating row 137 out of 322 for hessian
Estimating row 138 out of 322 for hessian
Estimating row 139 out of 322 for hessian
Estimating row 140 out of 322 for hessian
Estimating row 141 out of 322 for hessian
Estimating row 142 out of 322 for hessian
Estimating row 143 out of 322 for hessian
Estimating row 144 out of 322 for hessian
Estimating row 145 out of 322 for hessian
Estimating row 146 out of 322 for hessian
Estimating row 147 out of 322 for hessian
Estimating row 148 out of 322 for hessian
Estimating row 149 out of 322 for hessian
Estimating row 150 out of 322 for hessian
Estimating row 151 out of 322 for hessian
Estimating row 152 out of 322 for hessian
Estimating row 153 out of 322 for hessian
Estimating row 154 out of 322 for hessian
Estimating row 155 out of 322 for hessian
Estimating row 156 out of 322 for hessian
Estimating row 157 out of 322 for hessian
Estimating row 158 out of 322 for hessian
Estimating row 159 out of 322 for hessian
Estimating row 160 out of 322 for hessian
Estimating row 161 out of 322 for hessian
Estimating row 162 out of 322 for hessian
Estimating row 163 out of 322 for hessian
Estimating row 164 out of 322 for hessian
Estimating row 165 out of 322 for hessian
Estimating row 166 out of 322 for hessian
Estimating row 167 out of 322 for hessian
Estimating row 168 out of 322 for hessian
Estimating row 169 out of 322 for hessian
Estimating row 170 out of 322 for hessian
Estimating row 171 out of 322 for hessian
Estimating row 172 out of 322 for hessian
Estimating row 173 out of 322 for hessian
Estimating row 174 out of 322 for hessian
Estimating row 175 out of 322 for hessian
Estimating row 176 out of 322 for hessian
Estimating row 177 out of 322 for hessian
Estimating row 178 out of 322 for hessian
Estimating row 179 out of 322 for hessian
Estimating row 180 out of 322 for hessian
Estimating row 181 out of 322 for hessian
Estimating row 182 out of 322 for hessian
Estimating row 183 out of 322 for hessian
Estimating row 184 out of 322 for hessian
Estimating row 185 out of 322 for hessian
Estimating row 186 out of 322 for hessian
Estimating row 187 out of 322 for hessian
Estimating row 188 out of 322 for hessian
Estimating row 189 out of 322 for hessian
Estimating row 190 out of 322 for hessian
Estimating row 191 out of 322 for hessian
Estimating row 192 out of 322 for hessian
Estimating row 193 out of 322 for hessian
Estimating row 194 out of 322 for hessian
Estimating row 195 out of 322 for hessian
Estimating row 196 out of 322 for hessian
Estimating row 197 out of 322 for hessian
Estimating row 198 out of 322 for hessian
Estimating row 199 out of 322 for hessian
Estimating row 200 out of 322 for hessian
Estimating row 201 out of 322 for hessian
Estimating row 202 out of 322 for hessian
Estimating row 203 out of 322 for hessian
Estimating row 204 out of 322 for hessian
Estimating row 205 out of 322 for hessian
Estimating row 206 out of 322 for hessian
Estimating row 207 out of 322 for hessian
Estimating row 208 out of 322 for hessian
Estimating row 209 out of 322 for hessian
Estimating row 210 out of 322 for hessian
Estimating row 211 out of 322 for hessian
Estimating row 212 out of 322 for hessian
Estimating row 213 out of 322 for hessian
Estimating row 214 out of 322 for hessian
Estimating row 215 out of 322 for hessian
Estimating row 216 out of 322 for hessian
Estimating row 217 out of 322 for hessian
Estimating row 218 out of 322 for hessian
Estimating row 219 out of 322 for hessian
Estimating row 220 out of 322 for hessian
Estimating row 221 out of 322 for hessian
Estimating row 222 out of 322 for hessian
Estimating row 223 out of 322 for hessian
Estimating row 224 out of 322 for hessian
Estimating row 225 out of 322 for hessian
Estimating row 226 out of 322 for hessian
Estimating row 227 out of 322 for hessian
Estimating row 228 out of 322 for hessian
Estimating row 229 out of 322 for hessian
Estimating row 230 out of 322 for hessian
Estimating row 231 out of 322 for hessian
Estimating row 232 out of 322 for hessian
Estimating row 233 out of 322 for hessian
Estimating row 234 out of 322 for hessian
Estimating row 235 out of 322 for hessian
Estimating row 236 out of 322 for hessian
Estimating row 237 out of 322 for hessian
Estimating row 238 out of 322 for hessian
Estimating row 239 out of 322 for hessian
Estimating row 240 out of 322 for hessian
Estimating row 241 out of 322 for hessian
Estimating row 242 out of 322 for hessian
Estimating row 243 out of 322 for hessian
Estimating row 244 out of 322 for hessian
Estimating row 245 out of 322 for hessian
Estimating row 246 out of 322 for hessian
Estimating row 247 out of 322 for hessian
Estimating row 248 out of 322 for hessian
Estimating row 249 out of 322 for hessian
Estimating row 250 out of 322 for hessian
Estimating row 251 out of 322 for hessian
Estimating row 252 out of 322 for hessian
Estimating row 253 out of 322 for hessian
Estimating row 254 out of 322 for hessian
Estimating row 255 out of 322 for hessian
Estimating row 256 out of 322 for hessian
Estimating row 257 out of 322 for hessian
Estimating row 258 out of 322 for hessian
Estimating row 259 out of 322 for hessian
Estimating row 260 out of 322 for hessian
Estimating row 261 out of 322 for hessian
Estimating row 262 out of 322 for hessian
Estimating row 263 out of 322 for hessian
Estimating row 264 out of 322 for hessian
Estimating row 265 out of 322 for hessian
Estimating row 266 out of 322 for hessian
Estimating row 267 out of 322 for hessian
Estimating row 268 out of 322 for hessian
Estimating row 269 out of 322 for hessian
Estimating row 270 out of 322 for hessian
Estimating row 271 out of 322 for hessian
Estimating row 272 out of 322 for hessian
Estimating row 273 out of 322 for hessian
Estimating row 274 out of 322 for hessian
Estimating row 275 out of 322 for hessian
Estimating row 276 out of 322 for hessian
Estimating row 277 out of 322 for hessian
Estimating row 278 out of 322 for hessian
Estimating row 279 out of 322 for hessian
Estimating row 280 out of 322 for hessian
Estimating row 281 out of 322 for hessian
Estimating row 282 out of 322 for hessian
Estimating row 283 out of 322 for hessian
Estimating row 284 out of 322 for hessian
Estimating row 285 out of 322 for hessian
Estimating row 286 out of 322 for hessian
Estimating row 287 out of 322 for hessian
Estimating row 288 out of 322 for hessian
Estimating row 289 out of 322 for hessian
Estimating row 290 out of 322 for hessian
Estimating row 291 out of 322 for hessian
Estimating row 292 out of 322 for hessian
Estimating row 293 out of 322 for hessian
Estimating row 294 out of 322 for hessian
Estimating row 295 out of 322 for hessian
Estimating row 296 out of 322 for hessian
Estimating row 297 out of 322 for hessian
Estimating row 298 out of 322 for hessian
Estimating row 299 out of 322 for hessian
Estimating row 300 out of 322 for hessian
Estimating row 301 out of 322 for hessian
Estimating row 302 out of 322 for hessian
Estimating row 303 out of 322 for hessian
Estimating row 304 out of 322 for hessian
Estimating row 305 out of 322 for hessian
Estimating row 306 out of 322 for hessian
Estimating row 307 out of 322 for hessian
Estimating row 308 out of 322 for hessian
Estimating row 309 out of 322 for hessian
Estimating row 310 out of 322 for hessian
Estimating row 311 out of 322 for hessian
Estimating row 312 out of 322 for hessian
Estimating row 313 out of 322 for hessian
Estimating row 314 out of 322 for hessian
Estimating row 315 out of 322 for hessian
Estimating row 316 out of 322 for hessian
Estimating row 317 out of 322 for hessian
Estimating row 318 out of 322 for hessian
Estimating row 319 out of 322 for hessian
Estimating row 320 out of 322 for hessian
Estimating row 321 out of 322 for hessian
Estimating row 322 out of 322 for hessian
size of file gradfil1.tmp = 0
size of file gradfil2.tmp = 0
size of file varssave.tmp = 0
size of file cmpdiff.tmp = 0
