
Initial statistics: 68 variables; iteration 0; function evaluation 0; phase 1
Function value 1.5030904e+04; maximum gradient component mag -1.8533e+05
Var    Value     Gradient |Var    Value     Gradient |Var    Value     Gradient
  1 -0.01997 -1.85331e+05 |  2 -0.52112  8.20142e+02 |  3 -0.81158  3.09512e+02
  4 -0.81158  3.65264e+02 |  5 -0.81158  3.29173e+02 |  6 -0.81158  2.48253e+02
  7 -0.81158  1.47769e+02 |  8 -0.81158  1.31593e+02 |  9 -0.81158  2.18307e+02
 10 -0.81158  1.62602e+02 | 11 -0.81158  1.40407e+02 | 12 -0.81158  1.71231e+02
 13 -0.81158  1.69064e+02 | 14 -0.81158  1.61335e+02 | 15 -0.81158  1.94450e+02
 16 -0.81158  2.08537e+02 | 17 -0.81158  2.43603e+02 | 18 -0.81158  2.90521e+02
 19 -0.81158  3.97877e+02 | 20 -0.81158  4.67913e+02 | 21 -0.81158  4.26275e+02
 22 -0.81158  5.96686e+02 | 23 -0.81158  9.57348e+02 | 24 -0.81158  7.44417e+02
 25 -0.81158  3.88956e+02 | 26 -0.81158  3.16651e+02 | 27 -0.81158  3.91834e+02
 28 -0.81158  3.92692e+02 | 29 -0.81158  3.28953e+02 | 30 -0.81158  3.94118e+02
 31 -0.81158  4.23748e+02 | 32 -0.81158  4.18229e+02 | 33 -0.81158  5.28895e+02
 34 -0.81158  6.08663e+02 | 35 -0.81158  4.71145e+02 | 36 -0.81158  4.69866e+02
 37 -0.81158  4.34529e+02 | 38 -0.81158  3.94623e+02 | 39 -0.81158  4.15551e+02
 40 -0.81158  2.42556e+02 | 41 -0.81158  2.97302e+02 | 42 -0.81158  3.03936e+02
 43 -0.81158  2.32950e+02 | 44 -0.81158  3.20638e+02 | 45 -0.81158  1.97714e+02
 46 -0.81158  1.05563e+02 | 47 -0.81158  2.39400e+02 | 48 -0.81158  2.97691e+02
 49 -0.81158  1.81400e+02 | 50 -0.81158  2.61604e+02 | 51 -0.81158  2.58620e+02
 52 -0.81158  3.67054e+02 | 53 -0.81158  3.70356e+02 | 54 -0.81158  2.38571e+02
 55 -0.81158  4.05459e+02 | 56 -0.81158  4.95929e+02 | 57 -0.81158  3.72688e+02
 58 -0.81158  4.07835e+02 | 59 -0.81158  3.73081e+02 | 60 -0.81158  3.51052e+02
 61 -0.81158  4.35289e+02 | 62 -0.81158  1.50672e+02 | 63 -0.81158  1.40733e+02
 64 -0.81158  2.09166e+02 | 65 -0.81158  7.44692e+01 | 66 -0.81158 -6.34963e+01
 67 -0.81158 -2.74194e+01 | 68 -0.81158 -2.48289e+01 |

Intermediate statistics: 68 variables; iteration 20; function evaluation 44; phase 1
Function value 7.5171892e+03; maximum gradient component mag -9.1661e+04
Var    Value     Gradient |Var    Value     Gradient |Var    Value     Gradient
  1 -0.00004 -9.16614e+04 |  2 -0.69304 -4.50378e+01 |  3 -0.80228  9.26005e+01
  4 -0.83610  7.67569e+01 |  5 -0.84328  5.56337e+01 |  6 -0.77324  1.76920e+02
  7 -0.79296  1.58119e+02 |  8 -0.73636  2.96748e+02 |  9 -0.83347  1.18104e+02
 10 -0.77562  1.79210e+02 | 11 -0.63751  4.34119e+02 | 12 -0.60005  2.75251e+02
 13 -1.54227 -7.93084e+02 | 14 -0.68187  2.40764e+02 | 15 -0.59548  3.94415e+02
 16 -0.71312  1.79414e+02 | 17 -0.69010  1.95327e+02 | 18 -0.70888  1.93249e+02
 19 -0.76810  8.32586e+01 | 20 -0.75080  1.78023e+02 | 21 -0.85519  1.52919e+00
 22 -1.13277 -1.61992e+01 | 23 -0.79747  1.44744e+02 | 24 -0.76247  3.14310e+02
 25 -0.77785  2.09632e+02 | 26 -0.73402  2.78663e+02 | 27 -0.78773  1.97892e+02
 28 -0.81316  1.80579e+02 | 29 -0.78808  2.43822e+02 | 30 -0.83152  1.82940e+02
 31 -0.85687  1.58040e+02 | 32 -0.96999  4.05280e+01 | 33 -1.14919 -2.91721e+02
 34 -1.23745 -5.11948e+02 | 35 -1.09763 -1.72596e+02 | 36 -1.09064 -1.72844e+02
 37 -1.07553 -1.59989e+02 | 38 -0.88207  1.85247e+02 | 39 -0.81367  2.69765e+02
 40 -0.67777  5.97106e+02 | 41 -0.73435  4.64823e+02 | 42 -0.69159  5.40777e+02
 43 -0.63342  6.99238e+02 | 44 -0.65196  5.90590e+02 | 45 -0.59440  6.31229e+02
 46 -0.45745  8.07600e+02 | 47 -0.82311  2.02970e+02 | 48 -0.68057  4.03270e+02
 49 -0.70764  1.69323e+02 | 50 -0.75761  1.00540e+02 | 51 -0.81760  7.45733e+01
 52 -0.80298  3.37648e+02 | 53 -0.81248  8.85560e+01 | 54 -0.68054 -1.47223e+01
 55 -1.23654 -1.31935e+02 | 56 -1.38934 -4.46811e+02 | 57 -0.80108 -7.58927e+01
 58 -1.34342 -1.98186e+02 | 59 -1.30509 -2.53199e+02 | 60 -1.22100 -2.18857e+01
 61 -1.36278 -6.91949e+02 | 62 -1.24819  8.37336e+01 | 63 -0.68233  1.32528e+02
 64 -1.20954 -6.05878e+01 | 65 -1.29645 -1.11298e+03 | 66 -1.15166 -6.90112e+01
 67 -0.89026  2.08078e+02 | 68 -0.91624 -6.56968e+01 |
68 variables; iteration 40; function evaluation 74; phase 1
Function value 7.2457954e+03; maximum gradient component mag -6.3422e+04
Var    Value     Gradient |Var    Value     Gradient |Var    Value     Gradient
  1 -0.00102 -6.34222e+04 |  2 -0.57105  2.29035e+02 |  3 -0.81311  6.24197e+01
  4 -0.82513  8.55008e+01 |  5 -0.84209  5.01241e+01 |  6 -0.79817  8.57045e+01
  7 -0.78293  1.61796e+02 |  8 -0.74138  2.23452e+02 |  9 -0.82217  1.10510e+02
 10 -0.89448  3.63065e+01 | 11 -0.70172  2.09240e+02 | 12 -0.56026  3.08484e+02
 13 -1.43264 -3.33088e+02 | 14 -0.69934  1.25116e+02 | 15 -0.66679  1.36722e+02
 16 -0.70627  1.42557e+02 | 17 -0.70330  1.06590e+02 | 18 -0.71589  1.22672e+02
 19 -0.71372  1.49576e+02 | 20 -0.72024  2.50241e+02 | 21 -0.87823 -3.36687e+01
 22 -1.15269  9.98187e-02 | 23 -0.80288  8.56739e+01 | 24 -0.75420  3.07163e+02
 25 -0.75354  2.38072e+02 | 26 -0.73672  2.07551e+02 | 27 -0.74565  2.09502e+02
 28 -0.78530  1.69130e+02 | 29 -0.78010  1.95086e+02 | 30 -0.80953  1.70761e+02
 31 -0.83786  1.42296e+02 | 32 -0.96067  3.83059e+01 | 33 -1.09232 -1.37152e+02
 34 -1.14146 -2.31089e+02 | 35 -1.08861 -1.15212e+02 | 36 -1.08804 -1.22239e+02
 37 -1.07065 -1.09682e+02 | 38 -0.87211  1.29138e+02 | 39 -0.78141  2.03545e+02
 40 -0.71398  2.61316e+02 | 41 -0.74476  2.40295e+02 | 42 -0.72682  2.53863e+02
 43 -0.66651  3.56638e+02 | 44 -0.69455  2.59000e+02 | 45 -0.62774  2.99861e+02
 46 -0.51961  3.84136e+02 | 47 -0.79880  1.39371e+02 | 48 -0.67349  2.48876e+02
 49 -0.68144  1.62895e+02 | 50 -0.73822  7.38800e+01 | 51 -0.77964  1.06217e+02
 52 -0.84418  5.70053e+01 | 53 -0.79559  1.48981e+02 | 54 -0.61835  6.27881e+01
 55 -1.23411 -9.08074e+01 | 56 -1.28281 -1.45284e+02 | 57 -0.78135 -9.77976e+01
 58 -1.28810 -2.90838e+01 | 59 -1.23764 -3.97115e+01 | 60 -1.21223 -6.31915e+00
 61 -1.27676 -2.36711e+02 | 62 -1.24195  2.38596e+01 | 63 -0.70179  1.74241e+02
 64 -1.16589  2.54810e+01 | 65 -1.21809 -4.18062e+02 | 66 -1.13427 -2.19155e+01
 67 -0.88840  4.12890e+02 | 68 -0.90782  1.22907e+02 |
Maximum number of function evaluations exceeded

 - final statistics:
68 variables; iteration 56; function evaluation 100
Function value 7.1644e+03; maximum gradient component mag -3.5562e+04
Exit code = 3;  converg criter 1.0000e+01
Var    Value     Gradient |Var    Value     Gradient |Var    Value     Gradient
  1 -0.00104 -3.55617e+04 |  2 -0.58465  1.39734e+02 |  3 -0.79902  5.36037e+01
  4 -0.80812  6.97101e+01 |  5 -0.80944  8.88919e+01 |  6 -0.79450  5.07078e+01
  7 -0.80123  4.50076e+01 |  8 -0.77554  6.10171e+01 |  9 -0.84463  4.36202e+01
 10 -0.83527  3.33429e+01 | 11 -0.70575  1.24566e+02 | 12 -0.58819  1.62794e+02
 13 -1.39067 -1.51758e+02 | 14 -0.69900  6.38533e+01 | 15 -0.65088  1.01818e+02
 16 -0.71536  6.97868e+01 | 17 -0.69535  7.71381e+01 | 18 -0.72397  5.60021e+01
 19 -0.72784  6.89309e+01 | 20 -0.72974  1.74341e+02 | 21 -0.73111  7.84596e+01
 22 -1.16759  2.62899e+01 | 23 -0.81012  1.60485e+01 | 24 -0.75091  2.60461e+02
 25 -0.76661  1.26834e+02 | 26 -0.75337  1.00323e+02 | 27 -0.75321  1.19051e+02
 28 -0.80677  7.26274e+01 | 29 -0.79271  9.68071e+01 | 30 -0.81744  8.50553e+01
 31 -0.82514  1.00927e+02 | 32 -0.95091  2.61439e+01 | 33 -1.09484 -9.75173e+01
 34 -1.12092 -1.39299e+02 | 35 -1.09079 -7.55712e+01 | 36 -1.08138 -7.26651e+01
 37 -1.01947 -2.02675e+01 | 38 -0.86911  7.06851e+01 | 39 -0.75707  1.36351e+02
 40 -0.70412  1.69856e+02 | 41 -0.75084  1.18105e+02 | 42 -0.71437  1.55796e+02
 43 -0.70274  1.52936e+02 | 44 -0.69608  1.36212e+02 | 45 -0.63091  1.72124e+02
 46 -0.53442  2.16132e+02 | 47 -0.78998  8.95327e+01 | 48 -0.68879  1.22902e+02
 49 -0.69448  6.51581e+01 | 50 -0.72907  4.87411e+01 | 51 -0.77967  6.86068e+01
 52 -0.85783 -1.97441e+01 | 53 -0.80365  9.95652e+01 | 54 -0.62739  2.69084e+01
 55 -1.22970 -6.22629e+01 | 56 -1.26327 -8.93845e+01 | 57 -0.72804 -5.07279e+01
 58 -1.27570 -5.70853e+00 | 59 -1.21992 -3.01377e+00 | 60 -1.21707 -3.99250e+01
 61 -1.20656  2.95012e+01 | 62 -1.23864 -2.49556e+01 | 63 -0.72992  1.21621e+02
 64 -1.16148  1.48362e+01 | 65 -1.16345 -3.39943e+01 | 66 -1.12297  2.23973e+01
 67 -0.89700  3.08645e+02 | 68 -0.90544  2.34008e+02 |

Initial statistics: 76 variables; iteration 0; function evaluation 0; phase 2
Function value 7.1643525e+03; maximum gradient component mag -3.5562e+04
Var    Value     Gradient |Var    Value     Gradient |Var    Value     Gradient
  1 -0.00104 -3.55617e+04 |  2  0.00000 -8.74807e+01 |  3  0.00000 -1.48058e+02
  4  0.00000 -9.47260e+01 |  5  0.00000 -5.94408e+01 |  6  0.00000 -2.47291e+02
  7  0.00000 -2.99842e+02 |  8  0.00000 -1.90356e+02 |  9  0.00000 -2.95443e+02
 10 -0.58465  1.39734e+02 | 11 -0.79902  5.36037e+01 | 12 -0.80812  6.97101e+01
 13 -0.80944  8.88919e+01 | 14 -0.79450  5.07078e+01 | 15 -0.80123  4.50076e+01
 16 -0.77554  6.10171e+01 | 17 -0.84463  4.36202e+01 | 18 -0.83527  3.33429e+01
 19 -0.70575  1.24566e+02 | 20 -0.58819  1.62794e+02 | 21 -0.60933  1.51758e+02
 22 -0.69900  6.38533e+01 | 23 -0.65088  1.01818e+02 | 24 -0.71536  6.97868e+01
 25 -0.69535  7.71381e+01 | 26 -0.72397  5.60021e+01 | 27 -0.72784  6.89309e+01
 28 -0.72974  1.74341e+02 | 29 -0.73111  7.84596e+01 | 30 -0.83241 -2.62899e+01
 31 -0.81012  1.60485e+01 | 32 -0.75091  2.60461e+02 | 33 -0.76661  1.26834e+02
 34 -0.75337  1.00323e+02 | 35 -0.75321  1.19051e+02 | 36 -0.80677  7.26274e+01
 37 -0.79271  9.68071e+01 | 38 -0.81744  8.50553e+01 | 39 -0.82514  1.00927e+02
 40 -0.95091  2.61439e+01 | 41 -0.90516  9.75173e+01 | 42 -0.87908  1.39299e+02
 43 -0.90921  7.55712e+01 | 44 -0.91862  7.26651e+01 | 45 -0.98053  2.02675e+01
 46 -0.86911  7.06851e+01 | 47 -0.75707  1.36351e+02 | 48 -0.70412  1.69856e+02
 49 -0.75084  1.18105e+02 | 50 -0.71437  1.55796e+02 | 51 -0.70274  1.52936e+02
 52 -0.69608  1.36212e+02 | 53 -0.63091  1.72124e+02 | 54 -0.53442  2.16132e+02
 55 -0.78998  8.95327e+01 | 56 -0.68879  1.22902e+02 | 57 -0.69448  6.51581e+01
 58 -0.72907  4.87411e+01 | 59 -0.77967  6.86068e+01 | 60 -0.85783 -1.97441e+01
 61 -0.80365  9.95652e+01 | 62 -0.62739  2.69084e+01 | 63 -0.77030  6.22629e+01
 64 -0.73673  8.93845e+01 | 65 -0.72804 -5.07279e+01 | 66 -0.72430  5.70853e+00
 67 -0.78008  3.01377e+00 | 68 -0.78293  3.99250e+01 | 69 -0.79344 -2.95012e+01
 70 -0.76136  2.49556e+01 | 71 -0.72992  1.21621e+02 | 72 -0.83852 -1.48362e+01
 73 -0.83655  3.39943e+01 | 74 -0.87703 -2.23973e+01 | 75 -0.89700  3.08645e+02
 76 -0.90544  2.34008e+02 |

Intermediate statistics: 76 variables; iteration 20; function evaluation 26; phase 2
Function value 7.1233182e+03; maximum gradient component mag -4.9613e+03
Var    Value     Gradient |Var    Value     Gradient |Var    Value     Gradient
  1 -0.00128 -4.96133e+03 |  2  0.04319  1.57265e+00 |  3  0.18026  3.71458e+01
  4 -0.04383 -1.06933e+01 |  5 -0.19803 -4.31231e+01 |  6  0.05988 -2.25123e+01
  7  0.02336 -2.84676e+01 |  8 -0.04300 -3.63660e+01 |  9  0.01480 -2.98610e-01
 10 -0.54013  2.97104e+01 | 11 -0.79710  5.64187e+00 | 12 -0.81616  5.86815e+00
 13 -0.81512  2.33069e+01 | 14 -0.79211 -3.51342e+00 | 15 -0.80316 -1.11219e+01
 16 -0.77705 -5.67858e+00 | 17 -0.81156  3.49988e+00 | 18 -0.78753  2.55216e+00
 19 -0.71815  1.56411e+01 | 20 -0.61297  2.35081e+01 | 21 -0.62666  3.94179e+01
 22 -0.70214 -1.30283e+00 | 23 -0.66246  1.70962e+01 | 24 -0.72309  9.78836e+00
 25 -0.70467  1.14354e+01 | 26 -0.72849 -2.87591e-01 | 27 -0.73544  6.45311e+00
 28 -0.73958  1.04355e+02 | 29 -0.73849  1.11595e+01 | 30 -0.76241  4.31790e+00
 31 -0.80539 -1.98211e+01 | 32 -0.74840  2.19817e+02 | 33 -0.77193  4.72330e+01
 34 -0.75446  2.28504e+01 | 35 -0.76264  2.70346e+01 | 36 -0.79112  1.62694e+01
 37 -0.79259  2.13659e+01 | 38 -0.81432  1.70614e+01 | 39 -0.82667  2.27242e+01
 40 -0.89053  1.36774e+01 | 41 -0.97069  1.42142e+01 | 42 -0.97215  1.65853e+01
 43 -0.97958  5.87311e+00 | 44 -0.97619  8.45220e+00 | 45 -0.99510  2.56463e+00
 46 -0.85199  1.44672e+01 | 47 -0.75975  3.06746e+01 | 48 -0.70696  5.75909e+01
 49 -0.74851  3.31689e+01 | 50 -0.72028  4.51123e+01 | 51 -0.70617  4.75725e+01
 52 -0.69322  4.51388e+01 | 53 -0.63387  7.88836e+01 | 54 -0.54340  1.05830e+02
 55 -0.78914  4.10335e+01 | 56 -0.68997  5.19981e+01 | 57 -0.69458  3.14601e+01
 58 -0.72769  2.22389e+01 | 59 -0.78264  3.70414e+01 | 60 -0.85450 -1.81706e+01
 61 -0.80176  1.08605e+02 | 62 -0.62863  1.49696e+01 | 63 -0.77499  3.84407e+01
 64 -0.76545  3.15012e+01 | 65 -0.71102 -2.57544e+01 | 66 -0.72771  1.09372e+00
 67 -0.78261 -6.96538e-01 | 68 -0.78749  3.41674e+01 | 69 -0.79331 -1.91573e+01
 70 -0.76924  1.75226e+01 | 71 -0.74100  1.04069e+02 | 72 -0.83965 -8.34915e+00
 73 -0.83634  5.55447e+01 | 74 -0.87870 -1.92691e+01 | 75 -0.89868  3.02460e+02
 76 -0.91630  4.07646e+01 |
76 variables; iteration 40; function evaluation 53; phase 2
Function value 7.1035657e+03; maximum gradient component mag -6.3646e+03
Var    Value     Gradient |Var    Value     Gradient |Var    Value     Gradient
  1 -0.00197 -6.36460e+03 |  2  0.02019 -1.12940e+01 |  3  0.16001 -1.10404e+01
  4 -0.05247 -1.64615e+01 |  5 -0.09259 -1.70877e+01 |  6  0.05550 -3.09613e+01
  7  0.02831 -4.38166e+01 |  8 -0.03427 -4.37765e+01 |  9  0.01052 -5.35027e+01
 10 -0.56707  2.16923e+01 | 11 -0.79821  9.65584e+00 | 12 -0.82032  9.56513e+00
 13 -0.82291  1.15564e+01 | 14 -0.78828  1.13972e+01 | 15 -0.79855  9.07024e+00
 16 -0.77205  1.36201e+01 | 17 -0.82478  5.68427e+00 | 18 -0.78900  1.25452e+01
 19 -0.72419  1.86448e+01 | 20 -0.62335  2.23402e+01 | 21 -0.64521  1.38031e+01
 22 -0.69924  1.30556e+01 | 23 -0.66612  1.82277e+01 | 24 -0.72452  1.22000e+01
 25 -0.70733  1.11038e+01 | 26 -0.72574  1.10950e+01 | 27 -0.73646  1.08129e+01
 28 -0.76778  1.13108e+01 | 29 -0.73926  1.37371e+01 | 30 -0.76482  3.47115e+00
 31 -0.79630  1.06753e+01 | 32 -0.79369  2.09539e+01 | 33 -0.78477  1.55911e+01
 34 -0.75547  2.02809e+01 | 35 -0.76677  2.14494e+01 | 36 -0.79641  1.06000e+01
 37 -0.79424  1.81533e+01 | 38 -0.81419  1.64665e+01 | 39 -0.83118  1.45940e+01
 40 -0.93237  4.95201e+00 | 41 -0.97345  1.28790e+01 | 42 -0.97285  1.62512e+01
 43 -0.95872  1.24588e+01 | 44 -0.96809  1.15071e+01 | 45 -0.99534  2.43079e+00
 46 -0.85951  1.00523e+01 | 47 -0.76084  2.43196e+01 | 48 -0.71786  2.03273e+01
 49 -0.74943  1.73233e+01 | 50 -0.73056  1.95989e+01 | 51 -0.71172  2.22329e+01
 52 -0.69523  2.16890e+01 | 53 -0.65029  1.50872e+01 | 54 -0.56963  1.87405e+01
 55 -0.79612  6.92603e+00 | 56 -0.69896  1.33863e+01 | 57 -0.69877  7.83910e+00
 58 -0.72882  9.13401e+00 | 59 -0.79174  6.06625e+00 | 60 -0.84977  7.30853e-01
 61 -0.82231  2.90785e-01 | 62 -0.63151  8.67847e+00 | 63 -0.78821  4.49277e+00
 64 -0.78278  5.65083e+00 | 65 -0.69985  2.33593e+00 | 66 -0.72949  4.19504e+00
 67 -0.78327  3.68079e+00 | 68 -0.80380 -1.29623e+01 | 69 -0.79154 -3.29282e+00
 70 -0.77932 -9.47965e+00 | 71 -0.77649 -9.97945e+00 | 72 -0.84021 -1.52561e+00
 73 -0.84799 -4.48442e+00 | 74 -0.87826 -3.45043e+00 | 75 -0.91587 -9.94851e+00
 76 -0.91782  2.38141e+01 |
76 variables; iteration 60; function evaluation 78; phase 2
Function value 7.1025317e+03; maximum gradient component mag -5.0184e+03
Var    Value     Gradient |Var    Value     Gradient |Var    Value     Gradient
  1 -0.00198 -5.01843e+03 |  2  0.02885 -8.88479e+00 |  3  0.14842 -1.13091e+01
  4 -0.04076 -1.07560e+01 |  5 -0.08023 -8.58480e+00 |  6  0.05337 -1.93702e+01
  7  0.03092 -2.33565e+01 |  8 -0.03065 -2.59238e+01 |  9  0.01031 -3.80159e+01
 10 -0.57185  1.13836e+01 | 11 -0.79816  7.22760e+00 | 12 -0.82002  6.86673e+00
 13 -0.82490  4.62123e+00 | 14 -0.78868  7.30580e+00 | 15 -0.79779  9.04486e+00
 16 -0.77322  7.41518e+00 | 17 -0.81739  6.33756e+00 | 18 -0.78919  8.25972e+00
 19 -0.72796  8.61461e+00 | 20 -0.62798  1.08590e+01 | 21 -0.64346  1.38618e+01
 22 -0.69976  9.64414e+00 | 23 -0.66933  1.01502e+01 | 24 -0.72481  1.07001e+01
 25 -0.70769  9.21092e+00 | 26 -0.72536  1.04949e+01 | 27 -0.73720  7.88313e+00
 28 -0.77084  1.72495e+00 | 29 -0.74055  9.27111e+00 | 30 -0.76242  5.18508e+00
 31 -0.79654  8.53972e+00 | 32 -0.80096 -4.00851e+00 | 33 -0.78849  4.39772e+00
 34 -0.75688  1.42896e+01 | 35 -0.77392  1.01734e+01 | 36 -0.79014  1.18130e+01
 37 -0.79499  1.31212e+01 | 38 -0.81483  1.16691e+01 | 39 -0.83044  1.20587e+01
 40 -0.92287  4.33651e+00 | 41 -0.98224  8.07778e+00 | 42 -0.98454  8.79671e+00
 43 -0.97447  6.93278e+00 | 44 -0.97565  8.18411e+00 | 45 -1.00228 -1.14118e+00
 46 -0.83893  1.64541e+01 | 47 -0.76695  1.60786e+01 | 48 -0.71763  1.84655e+01
 49 -0.74801  1.84169e+01 | 50 -0.72713  2.05342e+01 | 51 -0.71226  1.90662e+01
 52 -0.69585  1.83487e+01 | 53 -0.64977  1.40623e+01 | 54 -0.57076  1.41970e+01
 55 -0.79446  8.87982e+00 | 56 -0.69854  1.18739e+01 | 57 -0.69906  5.43871e+00
 58 -0.73062  2.71109e+00 | 59 -0.79206  4.04357e+00 | 60 -0.84938  2.04265e+00
 61 -0.82345 -5.43615e+00 | 62 -0.63286  4.27354e+00 | 63 -0.79024 -9.40798e-01
 64 -0.78438  2.47986e+00 | 65 -0.70058  3.50498e-01 | 66 -0.72918  5.17247e+00
 67 -0.78343  3.32832e+00 | 68 -0.79948  1.45213e+00 | 69 -0.79068  5.14012e-01
 70 -0.77833 -3.46413e+00 | 71 -0.77752 -1.19819e+01 | 72 -0.84109 -3.90558e+00
 73 -0.84843 -6.01249e+00 | 74 -0.87807 -8.23641e-01 | 75 -0.91721 -2.81845e+01
 76 -0.91902  5.33517e+00 |
Maximum number of function evaluations exceeded

 - final statistics:
76 variables; iteration 75; function evaluation 100
Function value 7.1021e+03; maximum gradient component mag -2.1766e+03
Exit code = 3;  converg criter 1.0000e+01
Var    Value     Gradient |Var    Value     Gradient |Var    Value     Gradient
  1 -0.00194 -2.17655e+03 |  2  0.03822 -4.60453e+00 |  3  0.13950 -5.61953e+00
  4 -0.02787 -2.73558e+00 |  5 -0.07767 -2.91464e+00 |  6  0.05195 -6.49129e+00
  7  0.03200 -2.78352e+00 |  8 -0.02863 -6.82229e+00 |  9  0.01189 -1.08718e+01
 10 -0.57365  1.41670e+00 | 11 -0.79802  3.95712e+00 | 12 -0.81921  3.34808e+00
 13 -0.82567 -7.51447e-01 | 14 -0.78982  3.29711e-01 | 15 -0.79786  4.91824e+00
 16 -0.77200  5.33510e+00 | 17 -0.81459  2.79351e+00 | 18 -0.78971  1.94227e+00
 19 -0.72797  1.92822e+00 | 20 -0.62860  2.51937e+00 | 21 -0.64681  1.97001e+00
 22 -0.70098  2.58314e+00 | 23 -0.67047  3.25020e+00 | 24 -0.72544  6.19531e+00
 25 -0.70847  4.20812e+00 | 26 -0.72662  4.11805e+00 | 27 -0.73792  2.61457e+00
 28 -0.77057 -3.25220e-01 | 29 -0.74175  2.45451e+00 | 30 -0.76202  1.00349e+00
 31 -0.79704  3.31758e+00 | 32 -0.80219 -1.18274e+01 | 33 -0.78724  1.86571e+00
 34 -0.75962  3.51076e+00 | 35 -0.77265  3.94952e+00 | 36 -0.78563  8.59582e+00
 37 -0.79464  6.37803e+00 | 38 -0.81615  2.70009e+00 | 39 -0.83142  3.40789e+00
 40 -0.91469  1.50327e+00 | 41 -0.99218  3.14833e+00 | 42 -0.99702  1.54050e+00
 43 -0.98256  3.81221e+00 | 44 -0.98572  4.03412e+00 | 45 -1.00424 -1.90538e+00
 46 -0.83804  9.28598e+00 | 47 -0.76430  8.39039e+00 | 48 -0.71517  1.36850e+01
 49 -0.74658  1.25999e+01 | 50 -0.73056  7.55552e+00 | 51 -0.71176  1.00650e+01
 52 -0.69698  7.62966e+00 | 53 -0.64865  8.58342e+00 | 54 -0.57123  5.13883e+00
 55 -0.79523  2.60831e+00 | 56 -0.69816  5.87055e+00 | 57 -0.69889  3.24482e+00
 58 -0.72983  2.29298e+00 | 59 -0.79260  5.69707e-01 | 60 -0.84933  1.57091e+00
 61 -0.82316 -4.44833e+00 | 62 -0.63330  2.80136e+00 | 63 -0.78661  5.66790e+00
 64 -0.78430  9.70866e-01 | 65 -0.70065 -4.66680e-01 | 66 -0.73241 -2.93504e+00
 67 -0.78379  2.12085e+00 | 68 -0.79854  5.07965e+00 | 69 -0.79074  1.10520e+00
 70 -0.77798  5.50475e-01 | 71 -0.77579 -5.06435e+00 | 72 -0.84089 -2.33149e+00
 73 -0.84821 -3.33272e+00 | 74 -0.87812  3.22949e-01 | 75 -0.91675 -2.02597e+01
 76 -0.91985 -6.33346e+00 |

Initial statistics: 144 variables; iteration 0; function evaluation 0; phase 3
Function value 7.1020512e+03; maximum gradient component mag -3.8808e+03
Var    Value     Gradient |Var    Value     Gradient |Var    Value     Gradient
  1 -0.00194 -2.17655e+03 |  2  0.03822 -4.60453e+00 |  3  0.13950 -5.61953e+00
  4 -0.02787 -2.73558e+00 |  5 -0.07767 -2.91464e+00 |  6  0.05195 -6.49129e+00
  7  0.03200 -2.78352e+00 |  8 -0.02863 -6.82229e+00 |  9  0.01189 -1.08718e+01
 10  0.00000 -2.56805e+02 | 11  0.00000 -1.04402e+03 | 12  0.00000  2.18310e+00
 13  0.00000  2.23253e+02 | 14  0.00000  5.20278e+02 | 15  0.00000  2.59579e+02
 16  0.00000 -1.55657e+03 | 17  0.00000 -2.26544e+02 | 18  0.00000  4.04647e+02
 19  0.00000  4.09942e+02 | 20  0.00000  4.20869e+02 | 21  0.00000  6.77767e+02
 22  0.00000  4.37266e+01 | 23  0.00000  6.43357e+02 | 24  0.00000  4.03548e+02
 25  0.00000  8.75939e+01 | 26  0.00000  2.23485e+01 | 27  0.00000  5.17335e+02
 28  0.00000 -1.15243e+02 | 29  0.00000 -4.04094e+02 | 30  0.00000  2.51636e+02
 31  0.00000  4.23468e+02 | 32  0.00000 -5.31627e+02 | 33  0.00000 -4.34647e+02
 34  0.00000 -5.71783e+02 | 35  0.00000 -6.31483e+02 | 36  0.00000 -3.34286e+02
 37  0.00000 -5.39902e+02 | 38  0.00000 -9.29901e+02 | 39  0.00000 -6.20941e+02
 40  0.00000 -2.03134e+03 | 41  0.00000 -9.82323e+02 | 42  0.00000 -1.05772e+03
 43  0.00000 -2.83289e+02 | 44  0.00000 -3.88082e+03 | 45  0.00000 -5.02975e+02
 46  0.00000  1.23885e+02 | 47  0.00000  3.90620e+02 | 48  0.00000  8.92634e+02
 49  0.00000 -2.71621e+03 | 50  0.00000 -3.59799e+02 | 51  0.00000  1.14023e+02
 52  0.00000  2.79819e+02 | 53  0.00000  1.59974e+03 | 54  0.00000 -1.74025e+03
 55  0.00000  1.38485e+02 | 56  0.00000  2.50016e+03 | 57  0.00000  1.96340e+03
 58  0.00000 -1.94568e+03 | 59  0.00000  1.51512e+03 | 60  0.00000  7.04742e+02
 61  0.00000  1.27834e+03 | 62  0.00000 -6.90161e+02 | 63  0.00000 -1.68076e+03
 64  0.00000  2.40073e+03 | 65  0.00000  1.53388e+03 | 66  0.00000 -4.70363e+02
 67  0.00000  6.79088e+02 | 68  0.00000  1.81843e+03 | 69  0.00000  6.82606e+02
 70  0.00000  8.26543e+02 | 71  0.00000 -3.44949e+03 | 72  0.00000  1.70455e+03
 73  0.00000  1.54885e+03 | 74  0.00000  8.82571e+02 | 75  0.00000 -1.39806e+02
 76  0.00000  1.12066e+03 | 77  0.00000  1.18430e+02 | 78 -0.57365  1.41670e+00
 79 -0.79802  3.95712e+00 | 80 -0.81921  3.34808e+00 | 81 -0.82567 -7.51447e-01
 82 -0.78982  3.29711e-01 | 83 -0.79786  4.91824e+00 | 84 -0.77200  5.33510e+00
 85 -0.81459  2.79351e+00 | 86 -0.78971  1.94227e+00 | 87 -0.72797  1.92822e+00
 88 -0.62860  2.51937e+00 | 89 -0.64681  1.97001e+00 | 90 -0.70098  2.58314e+00
 91 -0.67047  3.25020e+00 | 92 -0.72544  6.19531e+00 | 93 -0.70847  4.20812e+00
 94 -0.72662  4.11805e+00 | 95 -0.73792  2.61457e+00 | 96 -0.77057 -3.25220e-01
 97 -0.74175  2.45451e+00 | 98 -0.76202  1.00349e+00 | 99 -0.79704  3.31758e+00
100 -0.80219 -1.18274e+01 |101 -0.78724  1.86571e+00 |102 -0.75962  3.51076e+00
103 -0.77265  3.94952e+00 |104 -0.78563  8.59582e+00 |105 -0.79464  6.37803e+00
106 -0.81615  2.70009e+00 |107 -0.83142  3.40789e+00 |108 -0.91469  1.50327e+00
109 -0.99218  3.14833e+00 |110 -0.99702  1.54050e+00 |111 -0.98256  3.81221e+00
112 -0.98572  4.03412e+00 |113 -0.99576  1.90538e+00 |114 -0.83804  9.28598e+00
115 -0.76430  8.39039e+00 |116 -0.71517  1.36850e+01 |117 -0.74658  1.25999e+01
118 -0.73056  7.55552e+00 |119 -0.71176  1.00650e+01 |120 -0.69698  7.62966e+00
121 -0.64865  8.58342e+00 |122 -0.57123  5.13883e+00 |123 -0.79523  2.60831e+00
124 -0.69816  5.87055e+00 |125 -0.69889  3.24482e+00 |126 -0.72983  2.29298e+00
127 -0.79260  5.69707e-01 |128 -0.84933  1.57091e+00 |129 -0.82316 -4.44833e+00
130 -0.63330  2.80136e+00 |131 -0.78661  5.66790e+00 |132 -0.78430  9.70866e-01
133 -0.70065 -4.66680e-01 |134 -0.73241 -2.93504e+00 |135 -0.78379  2.12085e+00
136 -0.79854  5.07965e+00 |137 -0.79074  1.10520e+00 |138 -0.77798  5.50475e-01
139 -0.77579 -5.06435e+00 |140 -0.84089 -2.33149e+00 |141 -0.84821 -3.33272e+00
142 -0.87812  3.22949e-01 |143 -0.91675 -2.02597e+01 |144 -0.91985 -6.33346e+00

Intermediate statistics: 144 variables; iteration 20; function evaluation 31; phase 3
Function value 5.5442662e+03; maximum gradient component mag 6.0340e+04
Var    Value     Gradient |Var    Value     Gradient |Var    Value     Gradient
  1 -0.00061  6.03402e+04 |  2  0.05932  7.82645e+01 |  3  0.13378  1.75944e+02
  4 -0.01923  8.31757e+01 |  5 -0.06696  8.24683e+01 |  6  0.05161  3.01302e+02
  7  0.03631  3.84314e+02 |  8 -0.02909  2.78549e+02 |  9  0.02894  4.90038e+02
 10  0.03162 -1.51492e+02 | 11  0.14374  1.25554e+02 | 12 -0.01701 -6.07305e+01
 13 -0.02132 -1.00210e+00 | 14 -0.04813  7.63704e+01 | 15 -0.05418 -2.14708e+01
 16  0.14618  1.88712e+02 | 17  0.01750  1.18493e+02 | 18 -0.02217  1.69469e+02
 19 -0.02501  9.39267e+01 | 20 -0.02127  7.11789e+01 | 21 -0.06753  2.21984e+01
 22 -0.01367 -1.05204e+02 | 23 -0.10061 -1.53593e+02 | 24 -0.06182 -1.85046e+02
 25 -0.03553 -2.31648e+02 | 26 -0.01963 -2.65862e+02 | 27 -0.08634 -2.18426e+02
 28 -0.00218 -2.56947e+02 | 29  0.01688 -2.50511e+02 | 30 -0.06552 -9.18167e+01
 31 -0.11232 -4.89350e+01 | 32  0.01940 -2.56867e+02 | 33  0.06911 -1.69129e+02
 34  0.11290 -1.33789e+02 | 35  0.06472 -1.13925e+02 | 36  0.00077 -3.58458e-01
 37 -0.00141 -2.96160e+01 | 38  0.06614 -4.51986e+01 | 39  0.01751 -1.52917e+02
 40  0.15856 -2.75092e+02 | 41  0.02016 -1.88145e+02 | 42  0.04262 -5.48144e+02
 43 -0.10468 -6.00142e+02 | 44  0.16797  1.30234e+03 | 45 -0.08196 -4.58966e+02
 46 -0.00623  3.27229e+02 | 47  0.00865  1.20691e+03 | 48 -0.05123  4.19548e+02
 49  0.08115 -3.07183e+02 | 50  0.00537  1.89659e+02 | 51  0.00507  3.54349e+02
 52 -0.00464  2.71877e+02 | 53 -0.01187  1.36971e+03 | 54  0.00530 -1.65172e+03
 55 -0.02937 -4.95335e+02 | 56  0.00613  2.87880e+03 | 57 -0.03139  1.04664e+03
 58 -0.00723 -2.34150e+03 | 59 -0.02440  7.29430e+02 | 60  0.00646  7.97896e+02
 61 -0.00121  7.13127e+02 | 62 -0.00257 -1.27697e+03 | 63  0.01262 -1.69302e+03
 64 -0.00303  1.96327e+03 | 65 -0.00809  7.90216e+02 | 66 -0.00927 -1.05668e+03
 67 -0.00974  3.57724e+01 | 68 -0.02028  9.03598e+02 | 69  0.01477  3.04514e+02
 70 -0.01074 -1.30183e+02 | 71  0.08572 -1.71009e+03 | 72 -0.03477  3.91428e+02
 73 -0.00742  5.92495e+02 | 74 -0.03978 -4.11511e+02 | 75 -0.00223 -6.84943e+02
 76 -0.04265 -1.42425e+02 | 77 -0.00359 -5.80554e+02 | 78 -0.53931 -1.27369e+02
 79 -0.80239 -3.00659e+01 | 80 -0.80623 -7.57391e+01 | 81 -0.82342 -2.22138e+01
 82 -0.78137 -5.28509e+01 | 83 -0.78132 -2.92233e+01 | 84 -0.79347 -9.43810e+01
 85 -0.79045 -1.16803e+02 | 86 -0.76580 -1.22312e+02 | 87 -0.73877 -1.39131e+02
 88 -0.64039 -1.36788e+02 | 89 -0.63164 -5.12173e+01 | 90 -0.66231 -1.00184e+01
 91 -0.61109  1.71818e+00 | 92 -0.63373  4.81785e+01 | 93 -0.58826  7.58663e+01
 94 -0.64182  2.31661e+01 | 95 -0.64210  3.11076e+01 | 96 -0.67713  1.66809e+01
 97 -0.65522  1.11406e+01 | 98 -0.64319  3.57151e+01 | 99 -0.58535  1.67350e+02
100 -0.54239  1.98225e+02 |101 -0.69167  1.60313e+01 |102 -0.68903 -2.73222e+01
103 -0.66791 -2.53261e+01 |104 -0.62550  1.65754e+01 |105 -0.59521  9.89654e+01
106 -0.64088  1.01120e+02 |107 -0.73326  3.25339e+01 |108 -0.57396  1.33463e+02
109 -0.86885 -1.05467e+02 |110 -0.96482 -3.12893e+01 |111 -0.79658 -1.11714e+02
112 -0.83236 -1.41067e+02 |113 -0.80215 -2.87385e+02 |114 -0.63254  1.82295e+00
115 -0.58082 -5.59190e+01 |116 -0.68071 -1.04931e+02 |117 -0.74339 -1.34237e+02
118 -0.69267 -1.65228e+02 |119 -0.70209 -1.71707e+02 |120 -0.66400 -1.30019e+02
121 -0.70628 -2.02197e+02 |122 -0.78481 -3.04633e+02 |123 -0.80454 -7.14556e+01
124 -0.67502 -8.10488e+01 |125 -0.72449 -3.33317e+01 |126 -0.76593 -1.18784e+02
127 -0.83785 -1.15197e+02 |128 -0.85848 -2.72653e+01 |129 -0.83607 -2.19910e+01
130 -0.73174 -1.62474e+02 |131 -0.82160 -7.93839e+01 |132 -0.78163 -5.24297e+01
133 -0.76442 -1.13878e+02 |134 -0.76564 -4.98017e+01 |135 -0.80158 -3.86474e+01
136 -0.80505  2.32840e+01 |137 -0.78108  9.35554e+01 |138 -0.77968  1.84891e+02
139 -0.77856  1.34774e+02 |140 -0.84996  7.77933e+01 |141 -0.85036  1.51654e+02
142 -0.87430  1.70736e+02 |143 -0.90225  3.05108e+02 |144 -0.90937  2.08515e+02
144 variables; iteration 40; function evaluation 55; phase 3
Function value 5.4244179e+03; maximum gradient component mag 2.4367e+04
Var    Value     Gradient |Var    Value     Gradient |Var    Value     Gradient
  1 -0.00139  2.43671e+04 |  2  0.18519  1.11703e+02 |  3  0.06149  2.30085e+01
  4  0.01576  6.32538e+01 |  5 -0.06030  5.79734e+01 |  6  0.02805  1.28480e+02
  7  0.00878  1.61436e+02 |  8 -0.05957  1.04740e+02 |  9 -0.01101  1.67150e+02
 10 -0.00509 -9.94358e+01 | 11  0.13486 -3.53749e+01 | 12 -0.02737  1.28052e+02
 13 -0.03282  1.64221e+02 | 14 -0.05702  2.88677e+02 | 15 -0.05217  2.20164e+02
 16  0.16056 -1.11376e+02 | 17  0.02910  1.70124e+02 | 18 -0.01529  2.58891e+02
 19 -0.02416  1.30776e+02 | 20 -0.02789 -2.62926e+00 | 21 -0.05296  1.21700e+02
 22 -0.02102 -2.81715e+02 | 23 -0.04843  1.68956e+02 | 24 -0.06012 -1.51690e+02
 25 -0.03065 -3.39396e+02 | 26 -0.02941 -4.11582e+02 | 27 -0.02037  1.29155e+02
 28 -0.00955 -3.89756e+02 | 29 -0.00973 -5.56953e+02 | 30 -0.08924 -3.49168e+01
 31 -0.15230  5.96856e+01 | 32 -0.00948 -4.91297e+02 | 33  0.08831 -2.32245e+02
 34  0.12454 -2.61402e+02 | 35  0.08799 -2.36013e+02 | 36 -0.00406  2.69452e+00
 37  0.02060  3.80219e+01 | 38  0.06276 -2.48856e+02 | 39  0.03190 -1.20772e+02
 40  0.18186 -9.39632e+02 | 41  0.03389 -3.76429e+02 | 42  0.03300 -7.83068e+02
 43 -0.10246 -4.33294e+02 | 44  0.16708 -4.76418e+01 | 45 -0.09223 -4.08487e+02
 46 -0.01661  5.64830e+01 | 47  0.00094  9.71744e+02 | 48 -0.04391  6.17253e+02
 49  0.08195 -8.64459e+02 | 50  0.02361  3.59135e+02 | 51  0.02137  5.82042e+02
 52 -0.01295 -1.30133e+00 | 53 -0.02693  1.01887e+03 | 54  0.01008 -1.68257e+03
 55 -0.03558 -7.42188e+02 | 56  0.00007  2.51756e+03 | 57 -0.03250  1.14589e+03
 58 -0.01270 -2.58217e+03 | 59 -0.03792  3.55276e+02 | 60  0.00731  8.24258e+02
 61 -0.01072  6.11061e+02 | 62 -0.00043 -1.11394e+03 | 63  0.01868 -1.51552e+03
 64 -0.00796  1.84905e+03 | 65 -0.00363  1.09688e+03 | 66 -0.00352 -6.77386e+02
 67 -0.00728  3.40781e+02 | 68 -0.02906  8.92980e+02 | 69  0.01038  5.47981e+02
 70 -0.00831  3.56679e+02 | 71  0.08979 -1.17979e+03 | 72 -0.04062  6.53538e+02
 73 -0.01208  9.18534e+02 | 74 -0.04072  4.68920e+01 | 75 -0.00184 -2.21205e+02
 76 -0.02444  5.43437e+02 | 77 -0.01609 -2.62432e+02 | 78 -0.42352 -6.78067e+00
 79 -0.77534  1.29961e+01 | 80 -0.79848 -3.87853e+01 | 81 -0.79514  6.77092e+01
 82 -0.75367  6.18842e+00 | 83 -0.75112  2.29633e+01 | 84 -0.77133 -1.29042e+01
 85 -0.79060 -3.48309e+01 | 86 -0.76466 -2.98253e+01 | 87 -0.74760 -7.10970e+01
 88 -0.67399 -8.16843e+01 | 89 -0.65968 -1.95627e+01 | 90 -0.69807 -3.16169e+00
 91 -0.64187  5.22255e+01 | 92 -0.67496  8.61740e+01 | 93 -0.63281  1.00818e+02
 94 -0.68594  5.05513e+01 | 95 -0.69252  5.65009e+01 | 96 -0.75082 -1.65540e+00
 97 -0.69888  4.32645e+01 | 98 -0.63996  1.49608e+02 | 99 -0.56440  3.09694e+02
100 -0.45089  4.24591e+02 |101 -0.66630  1.37764e+02 |102 -0.67120  1.17661e+02
103 -0.64544  1.43338e+02 |104 -0.60697  1.99442e+02 |105 -0.56812  3.13993e+02
106 -0.60696  3.85088e+02 |107 -0.71471  1.99768e+02 |108 -0.57773  3.60496e+02
109 -0.81362  1.66987e+00 |110 -0.64693  2.05239e+02 |111 -0.69706  8.42933e+01
112 -0.67976  2.16587e+01 |113 -0.73747 -6.83254e+01 |114 -0.65260  1.06523e+02
115 -0.54385  1.55735e+02 |116 -0.66948 -2.22866e+01 |117 -0.73590 -4.99184e+01
118 -0.70633 -4.95195e+01 |119 -0.70928 -5.86105e+01 |120 -0.66419 -8.97090e+00
121 -0.65612 -1.57643e+01 |122 -1.16689  1.75452e+02 |123 -0.80493  2.65523e-01
124 -0.66894  5.70122e+01 |125 -0.70395  4.89612e+01 |126 -0.73461 -3.63745e+00
127 -0.83044 -4.20605e+01 |128 -0.85251 -1.18673e+01 |129 -0.82228  9.63999e+00
130 -0.67720 -6.13739e+01 |131 -0.79729 -7.73863e+00 |132 -0.76670  1.74482e+01
133 -0.72158 -2.33119e+01 |134 -0.72143  4.27220e+01 |135 -0.77366  1.46191e+01
136 -0.78575  3.37999e+01 |137 -0.77150  2.89614e+01 |138 -0.76440  9.99689e+01
139 -0.76566  6.17451e+01 |140 -0.83967  4.06240e+01 |141 -0.83660  1.25772e+02
142 -0.85929  1.94900e+02 |143 -0.89865  2.12375e+02 |144 -0.90191  2.61174e+02
144 variables; iteration 60; function evaluation 75; phase 3
Function value 4.8113607e+03; maximum gradient component mag 2.9401e+04
Var    Value     Gradient |Var    Value     Gradient |Var    Value     Gradient
  1 -0.00747  2.94012e+04 |  2 -0.02964 -5.06010e-01 |  3  0.05382 -2.44244e+01
  4 -0.08781 -1.34632e+01 |  5 -0.07595  3.13216e+01 |  6  0.04132  1.24028e+02
  7  0.02269  1.49736e+02 |  8 -0.02357  1.56656e+02 |  9  0.01323  1.98601e+02
 10 -0.00125 -2.42832e+02 | 11  0.12237 -4.59791e+02 | 12 -0.02938 -2.57410e+01
 13 -0.01154  1.19646e+02 | 14 -0.07942  5.51301e+01 | 15 -0.08332 -7.08424e+00
 16  0.16462 -3.23590e+02 | 17  0.00738 -7.04778e+01 | 18 -0.02495  7.79496e+01
 19 -0.02726 -1.25801e+01 | 20 -0.04319 -2.14760e+02 | 21 -0.05790 -1.95774e+01
 22 -0.00936 -3.35496e+02 | 23 -0.03810  1.09045e+02 | 24 -0.04241 -1.63454e+02
 25 -0.02807 -3.57768e+02 | 26 -0.01852 -3.79464e+02 | 27 -0.01188  2.07699e+02
 28  0.02239 -2.03080e+02 | 29 -0.05950 -7.23979e+02 | 30 -0.09749 -2.09062e+02
 31 -0.12609  3.07877e+01 | 32  0.00791 -3.79421e+02 | 33  0.07262 -2.33013e+02
 34  0.08304 -3.23032e+02 | 35  0.09007 -5.42642e+01 | 36 -0.00390  1.27731e+01
 37  0.03090  1.76897e+02 | 38  0.06625 -7.35580e+01 | 39  0.04244 -2.33744e+01
 40  0.18994 -5.09371e+02 | 41  0.04534 -1.67295e+02 | 42  0.05487 -3.32217e+02
 43 -0.04620 -3.18805e+01 | 44  0.15149 -8.88585e+01 | 45 -0.03170  2.28344e-02
 46 -0.03220 -5.98262e+01 | 47 -0.01871  2.15877e+02 | 48 -0.06483  2.58452e+02
 49  0.09878 -1.36392e+02 | 50  0.00971  1.21103e+02 | 51  0.00484  3.53524e+02
 52  0.00434  2.85879e+02 | 53 -0.04268  4.13383e+02 | 54  0.07664  1.10230e+03
 55 -0.01770  8.43884e+01 | 56 -0.04672  6.39918e+02 | 57 -0.07581  1.72020e+02
 58  0.03674 -4.51327e+02 | 59 -0.04002  5.36329e+02 | 60 -0.00268  2.54505e+02
 61 -0.00926  3.51879e+02 | 62  0.03532  3.64448e+01 | 63  0.07883  6.59011e+02
 64 -0.06940  2.00316e+02 | 65 -0.03904 -3.95534e+01 | 66  0.02007  3.03330e+02
 67  0.00178  7.03395e+02 | 68 -0.05483  1.50987e+02 | 69  0.00923  2.60805e+01
 70 -0.00807  4.67749e+01 | 71  0.13235  4.90804e+02 | 72 -0.07800 -8.35567e+01
 73 -0.06062 -4.69610e+02 | 74 -0.04868 -2.02000e+02 | 75  0.00392 -2.48825e+02
 76 -0.05639 -6.29955e+01 | 77 -0.02175 -4.64791e+02 | 78 -0.65740 -2.05380e+02
 79 -0.80162 -4.43278e+01 | 80 -0.82480 -7.08393e+01 | 81 -0.79358  5.47228e+01
 82 -0.77171 -3.86246e+01 | 83 -0.75402 -2.20067e+01 | 84 -0.77479 -4.74067e+01
 85 -0.81855 -8.71871e+01 | 86 -0.84210 -1.21990e+02 | 87 -0.76412 -1.01274e+02
 88 -0.70300 -1.11224e+02 | 89 -0.70238 -9.28847e+01 | 90 -0.76176 -1.03166e+02
 91 -0.69894 -5.65037e+01 | 92 -0.74600 -7.62267e+01 | 93 -0.69840 -4.40268e+01
 94 -0.77534 -7.97882e+01 | 95 -0.73862 -3.97689e+01 | 96 -0.79600 -9.46035e+01
 97 -0.72477 -2.96279e+01 | 98 -0.66296  4.35659e+01 | 99 -0.64442  7.19957e+01
100 -0.53781  2.51719e+02 |101 -0.68403  7.39774e+01 |102 -0.65892  8.69399e+01
103 -0.63347  9.92268e+01 |104 -0.62153  1.17865e+02 |105 -0.60000  1.58651e+02
106 -0.60846  2.84786e+02 |107 -0.70162  1.83313e+02 |108 -0.63297  1.32256e+02
109 -0.74787  4.55134e+01 |110 -0.77640 -5.19159e+01 |111 -0.63479  1.15044e+02
112 -0.67565 -3.29160e+01 |113 -0.91453 -8.61792e+01 |114 -0.63836  9.87733e+01
115 -0.53429  1.05114e+02 |116 -0.71607 -1.11640e+02 |117 -0.74886 -1.04643e+02
118 -0.72999 -1.50346e+02 |119 -0.72080 -1.54993e+02 |120 -0.68502 -1.69837e+02
121 -0.69500 -1.17345e+02 |122 -1.17345  1.92238e+02 |123 -0.80390 -6.92381e+01
124 -0.66367 -1.02018e+02 |125 -0.72665 -7.33408e+01 |126 -0.73654 -3.25799e+01
127 -0.80089 -3.56164e+01 |128 -0.85485 -6.70785e+01 |129 -0.81849 -1.64767e+01
130 -0.68614 -2.22447e+01 |131 -0.79857 -2.78668e+01 |132 -0.77071 -7.51720e+01
133 -0.71937 -1.01110e+01 |134 -0.71437  5.25981e+01 |135 -0.77321  9.73242e+00
136 -0.77095  9.12702e+01 |137 -0.74990  7.60723e+01 |138 -0.75100  1.88053e+02
139 -0.74663  1.77406e+02 |140 -0.83332  1.03828e+02 |141 -0.81990  2.66988e+02
142 -0.89414 -1.18067e+02 |143 -0.88765  2.92141e+02 |144 -0.92674 -1.48524e+02
144 variables; iteration 80; function evaluation 96; phase 3
Function value 4.6588931e+03; maximum gradient component mag 2.0573e+04
Var    Value     Gradient |Var    Value     Gradient |Var    Value     Gradient
  1 -0.00885  2.05728e+04 |  2  0.18303  5.06139e+01 |  3 -0.01015 -3.99681e+01
  4 -0.04812 -4.42214e+00 |  5  0.04595  1.68614e+02 |  6  0.04794  1.16708e+02
  7  0.01220  5.36172e+01 |  8 -0.01648  1.10558e+02 |  9 -0.01207  2.31797e+01
 10 -0.00694 -2.05508e+02 | 11  0.14338 -3.02265e+02 | 12 -0.03616  7.00511e+00
 13 -0.05072 -1.29233e+01 | 14 -0.11084  1.28889e+01 | 15 -0.09057  2.89113e+01
 16  0.18466 -3.31367e+02 | 17  0.01866 -1.70866e+01 | 18 -0.03764  2.76472e+01
 19 -0.03647 -5.96117e+01 | 20 -0.04364 -2.31948e+02 | 21 -0.05179 -5.46950e+00
 22  0.00493 -3.24525e+02 | 23 -0.02553  1.36704e+02 | 24 -0.03859 -1.85632e+02
 25 -0.03780 -4.02587e+02 | 26 -0.01869 -4.08465e+02 | 27 -0.03770  7.27318e+01
 28  0.02672 -2.41195e+02 | 29 -0.03185 -6.43586e+02 | 30 -0.08349 -1.44715e+02
 31 -0.14618 -5.82182e+00 | 32  0.02568 -3.10538e+02 | 33  0.06443 -2.27562e+02
 34  0.09017 -2.48362e+02 | 35  0.07738 -4.73228e+01 | 36 -0.01059  6.48364e+01
 37  0.02711  2.23975e+02 | 38  0.05811 -6.99378e+01 | 39  0.04983  1.26731e+02
 40  0.18860 -3.01534e+02 | 41  0.06153  7.75160e+01 | 42  0.05441 -1.59828e+02
 43 -0.03003  2.57403e+02 | 44  0.14565 -7.88208e+01 | 45 -0.01137  3.53311e+02
 46 -0.02883  1.20338e+02 | 47 -0.02015  2.33144e+02 | 48 -0.06728  2.96331e+02
 49  0.10289  3.49824e+01 | 50  0.01299  2.05260e+02 | 51  0.01181  4.58610e+02
 52 -0.00241  5.67546e+00 | 53 -0.05114  1.35185e+02 | 54  0.06888  6.53203e+02
 55 -0.01211  1.46224e+02 | 56 -0.05203  3.53004e+02 | 57 -0.07300  1.37731e+02
 58  0.05452  8.06065e+01 | 59 -0.04945  2.28262e+02 | 60  0.00240  1.68544e+02
 61 -0.01441  1.73146e+02 | 62  0.04449  2.01789e+02 | 63  0.08111  4.87214e+02
 64 -0.06861  1.66656e+02 | 65 -0.03462  3.02327e+00 | 66  0.02119  2.00326e+02
 67 -0.00661  3.10092e+02 | 68 -0.06479 -5.93095e+01 | 69  0.00480 -1.58339e+02
 70 -0.01658 -1.66064e+02 | 71  0.13184  3.46720e+02 | 72 -0.07667 -1.16274e+01
 73 -0.05766 -3.80084e+02 | 74 -0.05088 -1.93957e+02 | 75  0.00372 -1.88280e+02
 76 -0.06666 -8.21013e+01 | 77  0.00018 -2.15364e+02 | 78 -0.49800 -9.11924e+00
 79 -0.77962  1.42724e+01 | 80 -0.80054 -1.68602e+01 | 81 -0.81163  5.34842e+00
 82 -0.73464  3.98227e+01 | 83 -0.73344 -2.91381e+00 | 84 -0.78578 -4.71967e+01
 85 -0.82255 -6.46392e+01 | 86 -0.70763  1.70168e+02 | 87 -0.81202 -9.80158e+01
 88 -0.59506  2.78488e+01 | 89 -0.77220 -8.70431e+01 | 90 -0.78564 -8.94607e+01
 91 -0.69287 -1.12199e+01 | 92 -0.72964 -1.94091e+01 | 93 -0.72291 -4.57952e+01
 94 -0.67835  4.54209e+01 | 95 -0.74913 -3.01735e+01 | 96 -0.82569 -9.44020e+01
 97 -0.76253 -5.01061e+01 | 98 -0.67942  5.28808e+01 | 99 -0.63975  1.07967e+02
100 -0.57298  1.87340e+02 |101 -0.72211  2.37456e+01 |102 -0.68240  4.75087e+01
103 -0.64554  8.08814e+01 |104 -0.63168  9.19635e+01 |105 -0.60760  1.22218e+02
106 -0.62556  1.95904e+02 |107 -0.73695  4.67440e+01 |108 -0.63881  9.73360e+01
109 -0.82640 -7.97065e+01 |110 -0.71865 -2.28262e+01 |111 -0.67715  2.24786e+01
112 -0.64443 -2.46225e+01 |113 -0.94918 -5.41702e+01 |114 -0.68251 -2.22203e+01
115 -0.58454  1.48263e+01 |116 -0.69817 -8.85207e+01 |117 -0.74900 -8.97760e+01
118 -0.72476 -1.11739e+02 |119 -0.73448 -1.32993e+02 |120 -0.65981 -8.53918e+01
121 -0.64924  1.10605e+01 |122 -1.25489  1.49804e+02 |123 -0.79207 -6.27310e-01
124 -0.67440 -7.16143e+01 |125 -0.71911 -1.49813e+01 |126 -0.72917  1.75850e+01
127 -0.80520 -1.74036e+01 |128 -0.85515 -5.40767e+01 |129 -0.81568  1.40035e+01
130 -0.68096  2.12885e+01 |131 -0.79433  1.51807e+01 |132 -0.78442 -5.47267e+01
133 -0.71976  3.33848e+01 |134 -0.71570  8.51173e+01 |135 -0.77505  3.29118e+01
136 -0.78302  5.39271e+01 |137 -0.78102 -1.88567e+01 |138 -0.76976  8.66233e+01
139 -0.76583  7.87255e+01 |140 -0.83599  6.97090e+01 |141 -0.82315  2.09388e+02
142 -0.89349 -1.18370e+02 |143 -0.89732  9.79791e+01 |144 -0.90961 -6.56665e-01
Maximum number of function evaluations exceeded

 - final statistics:
144 variables; iteration 85; function evaluation 100
Function value 4.6560e+03; maximum gradient component mag 1.7187e+04
Exit code = 3;  converg criter 1.0000e+00
Var    Value     Gradient |Var    Value     Gradient |Var    Value     Gradient
  1 -0.00889  1.71867e+04 |  2  0.19252  4.62728e+01 |  3 -0.01969 -4.22518e+01
  4 -0.04405 -7.55268e+00 |  5  0.04518  1.53503e+02 |  6  0.04795  9.37115e+01
  7  0.01231  3.04442e+01 |  8 -0.01550  9.09764e+01 |  9 -0.00940  8.60707e+00
 10 -0.00553 -1.91689e+02 | 11  0.14291 -3.53543e+02 | 12 -0.03781  1.36846e+01
 13 -0.05069 -4.00967e+00 | 14 -0.11325  2.40025e+01 | 15 -0.08811  4.78788e+01
 16  0.18491 -4.67054e+02 | 17  0.01921 -3.44699e+01 | 18 -0.04002  1.91854e+01
 19 -0.03929 -7.66194e+01 | 20 -0.04795 -2.56261e+02 | 21 -0.05507 -3.18849e+01
 22  0.01109 -3.38541e+02 | 23 -0.02647  1.01169e+02 | 24 -0.04009 -2.21835e+02
 25 -0.03877 -4.41371e+02 | 26 -0.01914 -4.50898e+02 | 27 -0.04016  3.31458e+01
 28  0.02558 -3.13558e+02 | 29 -0.03200 -6.79483e+02 | 30 -0.07893 -1.44189e+02
 31 -0.14333  4.94794e+00 | 32  0.02732 -3.39854e+02 | 33  0.06511 -2.46857e+02
 34  0.09004 -2.74005e+02 | 35  0.07614 -7.98719e+01 | 36 -0.00984  6.74976e+01
 37  0.02505  1.99118e+02 | 38  0.05853 -7.27744e+01 | 39  0.04924  1.30716e+02
 40  0.18939 -3.34139e+02 | 41  0.06342  8.93681e+01 | 42  0.05383 -1.63094e+02
 43 -0.03046  2.65735e+02 | 44  0.14533 -1.40421e+02 | 45 -0.01152  3.60258e+02
 46 -0.02795  1.40445e+02 | 47 -0.02016  2.41188e+02 | 48 -0.06685  3.16978e+02
 49  0.10300  1.36597e+01 | 50  0.01313  2.11048e+02 | 51  0.01209  4.70253e+02
 52 -0.00245  1.45581e+01 | 53 -0.05104  1.51918e+02 | 54  0.06862  6.30809e+02
 55 -0.01185  1.63810e+02 | 56 -0.05201  3.70742e+02 | 57 -0.07259  1.68255e+02
 58  0.05510  1.16254e+02 | 59 -0.04942  2.51457e+02 | 60  0.00236  1.85328e+02
 61 -0.01432  2.06467e+02 | 62  0.04476  2.34727e+02 | 63  0.08102  4.96235e+02
 64 -0.06773  2.05186e+02 | 65 -0.03433  3.88893e+01 | 66  0.02195  2.51963e+02
 67 -0.00704  3.22947e+02 | 68 -0.06484 -3.20975e+01 | 69  0.00450 -1.32249e+02
 70 -0.01695 -1.42678e+02 | 71  0.13182  3.71192e+02 | 72 -0.07534  3.56761e+01
 73 -0.05694 -3.35889e+02 | 74 -0.05117 -1.64430e+02 | 75  0.00360 -1.55294e+02
 76 -0.06789 -6.01465e+01 | 77  0.00160 -1.70227e+02 | 78 -0.49849 -2.10008e+00
 79 -0.78268  1.46441e+01 | 80 -0.79937 -5.44568e+00 | 81 -0.80915  2.11124e+01
 82 -0.73310  5.25482e+01 | 83 -0.73130  6.71940e+00 | 84 -0.78556 -3.91697e+01
 85 -0.81842 -4.33836e+01 | 86 -0.71177  1.75772e+02 | 87 -0.79964 -8.17350e+01
 88 -0.59475  4.09095e+01 | 89 -0.83338 -7.61063e+01 | 90 -0.78048 -7.62804e+01
 91 -0.69106  1.05934e+01 | 92 -0.73001 -3.98365e+00 | 93 -0.71199 -1.77225e+01
 94 -0.68911  4.52205e+01 | 95 -0.74200 -1.03348e+01 | 96 -0.82296 -8.30109e+01
 97 -0.75177 -2.33932e+01 | 98 -0.67881  7.21667e+01 | 99 -0.64271  1.19024e+02
100 -0.57857  1.91939e+02 |101 -0.72072  3.53912e+01 |102 -0.67992  6.18578e+01
103 -0.64624  9.22225e+01 |104 -0.63086  1.05020e+02 |105 -0.60806  1.30454e+02
106 -0.62587  2.00107e+02 |107 -0.73695  5.10737e+01 |108 -0.63589  1.11109e+02
109 -0.81867 -6.80918e+01 |110 -0.72002 -1.53417e+01 |111 -0.67963  2.66627e+01
112 -0.64063 -1.17855e+01 |113 -0.95454 -4.64158e+01 |114 -0.68194 -1.14743e+01
115 -0.58897  1.66098e+01 |116 -0.69964 -8.48141e+01 |117 -0.74659 -8.15393e+01
118 -0.72114 -9.83607e+01 |119 -0.72812 -1.17804e+02 |120 -0.65855 -7.58457e+01
121 -0.64952  1.49677e+01 |122 -1.25388  1.45789e+02 |123 -0.79374 -5.61643e+00
124 -0.67295 -6.49315e+01 |125 -0.72152 -1.77783e+01 |126 -0.72906  1.96704e+01
127 -0.80516 -1.60848e+01 |128 -0.85290 -4.49072e+01 |129 -0.81426  2.00525e+01
130 -0.67874  2.63879e+01 |131 -0.79378  1.76747e+01 |132 -0.78251 -4.99019e+01
133 -0.71774  3.93664e+01 |134 -0.71230  9.40681e+01 |135 -0.77443  3.50568e+01
136 -0.78319  5.23171e+01 |137 -0.77989 -1.69933e+01 |138 -0.76915  8.61299e+01
139 -0.76780  6.85972e+01 |140 -0.83493  7.42512e+01 |141 -0.82307  2.07319e+02
142 -0.89307 -1.17429e+02 |143 -0.89711  9.85427e+01 |144 -0.90935  3.78484e-01

Initial statistics: 162 variables; iteration 0; function evaluation 0; phase 4
Function value 4.6559985e+03; maximum gradient component mag 1.7187e+04
Var    Value     Gradient |Var    Value     Gradient |Var    Value     Gradient
  1 -0.00889  1.71867e+04 |  2  0.19252  4.62728e+01 |  3 -0.01969 -4.22518e+01
  4 -0.04405 -7.55268e+00 |  5  0.04518  1.53503e+02 |  6  0.04795  9.37115e+01
  7  0.01231  3.04442e+01 |  8 -0.01550  9.09764e+01 |  9 -0.00940  8.60707e+00
 10 -0.00559 -1.92904e+02 | 11  0.14284 -3.54736e+02 | 12 -0.03788  1.24716e+01
 13 -0.05076 -5.22087e+00 | 14 -0.11332  2.28061e+01 | 15 -0.08817  4.66747e+01
 16  0.18484 -4.68233e+02 | 17  0.01915 -3.56846e+01 | 18 -0.04009  1.79726e+01
 19 -0.03936 -7.78317e+01 | 20 -0.04802 -2.57471e+02 | 21 -0.05513 -3.30952e+01
 22  0.01102 -3.39756e+02 | 23 -0.02653  9.99546e+01 | 24 -0.04016 -2.23046e+02
 25 -0.03884 -4.42581e+02 | 26 -0.01920 -4.52112e+02 | 27 -0.04023  3.19330e+01
 28  0.02552 -3.14774e+02 | 29 -0.03207 -6.80693e+02 | 30 -0.07900 -1.45392e+02
 31 -0.14340  3.76343e+00 | 32  0.02726 -3.41070e+02 | 33  0.06504 -2.48068e+02
 34  0.08998 -2.75212e+02 | 35  0.07607 -8.10794e+01 | 36 -0.00990  6.62826e+01
 37  0.02499  1.97904e+02 | 38  0.05846 -7.39851e+01 | 39  0.04917  1.29505e+02
 40  0.18932 -3.35312e+02 | 41  0.06335  8.81599e+01 | 42  0.05376 -1.64306e+02
 43 -0.03052  2.64520e+02 | 44  0.14526 -1.41608e+02 | 45 -0.01159  3.59042e+02
 46 -0.02801  1.39230e+02 | 47 -0.02022  2.39973e+02 | 48 -0.06692  3.15766e+02
 49  0.10294  1.24607e+01 | 50  0.01306  2.09833e+02 | 51  0.01203  4.69039e+02
 52 -0.00252  1.33430e+01 | 53 -0.05111  1.50706e+02 | 54  0.06855  6.29608e+02
 55 -0.01192  1.62595e+02 | 56 -0.05208  3.69528e+02 | 57 -0.07266  1.67046e+02
 58  0.05504  1.15044e+02 | 59 -0.04949  2.50243e+02 | 60  0.00229  1.84113e+02
 61 -0.01439  2.05252e+02 | 62  0.04470  2.33517e+02 | 63  0.08095  4.95036e+02
 64 -0.06780  2.03976e+02 | 65 -0.03439  3.76758e+01 | 66  0.02188  2.50750e+02
 67 -0.00710  3.21732e+02 | 68 -0.06490 -3.33059e+01 | 69  0.00443 -1.33464e+02
 70 -0.01702 -1.43892e+02 | 71  0.13175  3.70012e+02 | 72 -0.07541  3.44691e+01
 73 -0.05701 -3.37096e+02 | 74 -0.05124 -1.65640e+02 | 75  0.00354 -1.56509e+02
 76 -0.06796 -6.13540e+01 | 77  0.00153 -1.71442e+02 | 78 -0.49849 -2.10008e+00
 79 -0.78268  1.46441e+01 | 80 -0.79937 -5.44568e+00 | 81 -0.80915  2.11124e+01
 82 -0.73310  5.25482e+01 | 83 -0.73130  6.71940e+00 | 84 -0.78556 -3.91697e+01
 85 -0.81842 -4.33836e+01 | 86 -0.71177  1.75772e+02 | 87 -0.79964 -8.17350e+01
 88 -0.59475  4.09095e+01 | 89 -0.83338 -7.61063e+01 | 90 -0.78048 -7.62804e+01
 91 -0.69106  1.05934e+01 | 92 -0.73001 -3.98365e+00 | 93 -0.71199 -1.77225e+01
 94 -0.68911  4.52205e+01 | 95 -0.74200 -1.03348e+01 | 96 -0.82296 -8.30109e+01
 97 -0.75177 -2.33932e+01 | 98 -0.67881  7.21667e+01 | 99 -0.64271  1.19024e+02
100 -0.57857  1.91939e+02 |101 -0.72072  3.53912e+01 |102 -0.67992  6.18578e+01
103 -0.64624  9.22225e+01 |104 -0.63086  1.05020e+02 |105 -0.60806  1.30454e+02
106 -0.62587  2.00107e+02 |107 -0.73695  5.10737e+01 |108 -0.63589  1.11109e+02
109 -0.81867 -6.80918e+01 |110 -0.72002 -1.53417e+01 |111 -0.67963  2.66627e+01
112 -0.64063 -1.17855e+01 |113 -0.95454 -4.64158e+01 |114 -0.68194 -1.14743e+01
115 -0.58897  1.66098e+01 |116 -0.69964 -8.48141e+01 |117 -0.74659 -8.15393e+01
118 -0.72114 -9.83607e+01 |119 -0.72812 -1.17804e+02 |120 -0.65855 -7.58457e+01
121 -0.64952  1.49677e+01 |122 -0.74612 -1.45789e+02 |123 -0.79374 -5.61643e+00
124 -0.67295 -6.49315e+01 |125 -0.72152 -1.77783e+01 |126 -0.72906  1.96704e+01
127 -0.80516 -1.60848e+01 |128 -0.85290 -4.49072e+01 |129 -0.81426  2.00525e+01
130 -0.67874  2.63879e+01 |131 -0.79378  1.76747e+01 |132 -0.78251 -4.99019e+01
133 -0.71774  3.93664e+01 |134 -0.71230  9.40681e+01 |135 -0.77443  3.50568e+01
136 -0.78319  5.23171e+01 |137 -0.77989 -1.69933e+01 |138 -0.76915  8.61299e+01
139 -0.76780  6.85972e+01 |140 -0.83493  7.42512e+01 |141 -0.82307  2.07319e+02
142 -0.89307 -1.17429e+02 |143 -0.89711  9.85427e+01 |144 -0.90935  3.78484e-01
145  0.76746  3.11560e+02 |146  0.27255  1.20374e+04 |147  0.19994  1.31620e+04
148  0.08878 -7.46298e+01 |149 -0.16831 -2.84148e+02 |150 -0.20551 -7.21840e+02
151 -0.17335 -9.41838e+02 |152  0.00070  1.63296e+02 |153  0.16852  8.56000e+01
154 -0.02571 -1.53393e+02 |155  0.17438 -8.80461e+01 |156 -0.08638 -6.53773e+00
157  0.41898 -3.03964e-04 |158 -0.05240 -5.89855e+02 |159 -0.34501  9.28528e+02
160 -0.20710  2.66913e+02 |161 -0.23125  1.21539e+02 |162 -0.30669  1.66908e+01

Intermediate statistics: 162 variables; iteration 20; function evaluation 31; phase 4
Function value 3.8173939e+03; maximum gradient component mag 1.9226e+04
Var    Value     Gradient |Var    Value     Gradient |Var    Value     Gradient
  1 -0.01677  1.92263e+04 |  2  0.23684  1.70016e+02 |  3  0.07077  2.26737e+01
  4  0.01372  4.02396e+01 |  5  0.02892  1.26647e+02 |  6  0.10849  2.64044e+02
  7  0.08456  2.60178e+02 |  8  0.00598  1.75395e+02 |  9  0.05138  2.47915e+02
 10  0.03286  5.58554e+01 | 11  0.18281  3.70498e+02 | 12 -0.09600 -2.25183e+01
 13 -0.05258  2.57613e+01 | 14 -0.18918 -8.26491e+01 | 15 -0.21281 -8.89200e+01
 16  0.21241  8.08278e+02 | 17  0.00008  1.17939e+02 | 18 -0.08596  1.83270e+01
 19 -0.02692  1.62241e+02 | 20  0.00970  2.92425e+02 | 21 -0.08333  1.05933e+02
 22  0.04609  3.69378e+02 | 23 -0.07027  1.79760e+02 | 24 -0.00920  2.46992e+02
 25  0.00489  2.37411e+02 | 26  0.02734  2.75130e+02 | 27 -0.08197  1.18212e+02
 28  0.04046  3.74373e+02 | 29  0.04620  3.13353e+02 | 30 -0.07016  8.68680e+01
 31 -0.21910 -7.50375e+01 | 32  0.05956  2.82641e+02 | 33  0.04723  1.52131e+02
 34  0.07796  1.52674e+02 | 35  0.06433  2.14965e+02 | 36 -0.01421  7.08651e+01
 37  0.00341  1.16566e+02 | 38  0.09627  2.36696e+02 | 39 -0.03447 -5.94812e+01
 40  0.20748  9.60034e+01 | 41  0.02491  2.23475e+00 | 42  0.08649  2.61318e+02
 43 -0.05756  4.44480e+01 | 44  0.16328 -1.09425e+02 | 45 -0.01839  1.51528e+02
 46 -0.01404  1.48203e+02 | 47 -0.00761  8.39648e+01 | 48 -0.07772  1.04377e+01
 49  0.10779 -5.56330e+02 | 50  0.01839 -9.15051e+01 | 51  0.02191  1.76834e+02
 52  0.00511 -4.20245e+02 | 53 -0.03874 -1.00268e+02 | 54  0.06881 -4.44150e+02
 55 -0.00870 -3.53393e+02 | 56 -0.04529  1.09379e+02 | 57 -0.06472 -1.15112e+02
 58  0.06118 -7.46836e+02 | 59 -0.04261 -6.66144e+01 | 60  0.00267 -3.71470e+02
 61 -0.00785 -9.91596e+01 | 62  0.04908 -2.66730e+02 | 63  0.07838 -4.07429e+02
 64 -0.06711 -3.47753e+01 | 65 -0.02876 -1.72775e+02 | 66  0.02535 -2.13387e+02
 67 -0.00302 -7.26226e+01 | 68 -0.05934 -1.82549e+02 | 69  0.01159 -2.50509e+02
 70 -0.01199 -1.89289e+02 | 71  0.13122 -6.28243e+01 | 72 -0.07992 -9.03369e+01
 73 -0.04926 -2.78259e+02 | 74 -0.04154 -7.33345e+01 | 75  0.01415 -1.00277e+02
 76 -0.06616 -9.36563e+01 | 77  0.01419 -1.18362e+02 | 78 -0.58551 -1.82505e+02
 79 -0.81487 -2.23084e+00 | 80 -0.82258 -6.33842e+01 | 81 -0.82783 -5.29954e-01
 82 -0.77246 -8.41582e+00 | 83 -0.73116  2.29835e+01 | 84 -0.76523  1.88680e+01
 85 -0.80293 -6.47017e+01 | 86 -0.79225 -9.88605e+01 | 87 -0.72722 -4.97910e+01
 88 -0.64503 -6.39323e+01 | 89 -0.73687 -1.22425e+02 | 90 -0.71066 -4.95586e+01
 91 -0.70869 -8.25290e+01 | 92 -0.72065 -3.98092e+01 | 93 -0.70921 -5.32307e+01
 94 -0.73107 -6.25128e+01 | 95 -0.72535 -4.73633e+01 | 96 -0.74385 -3.08436e+01
 97 -0.72887 -4.98768e+01 | 98 -0.74148 -7.70934e+01 | 99 -0.72896 -2.68032e+01
100 -0.70230  1.40281e+01 |101 -0.75224 -2.63257e+01 |102 -0.71848 -3.39073e+01
103 -0.71261 -4.53032e+01 |104 -0.71227 -4.32456e+01 |105 -0.69341  1.68894e+01
106 -0.72623  3.12966e+01 |107 -0.77707  1.58584e+01 |108 -0.71035  1.09929e+01
109 -0.76910  2.33234e+00 |110 -0.71379  4.35085e+00 |111 -0.72243 -9.93936e-01
112 -0.65867  2.57082e+01 |113 -0.88134 -9.29739e+01 |114 -0.70734  4.11698e+01
115 -0.65131  5.37779e+01 |116 -0.69421  3.19333e+01 |117 -0.72768  6.02500e+01
118 -0.71289  4.75187e+01 |119 -0.70676  6.37622e+01 |120 -0.67218  7.98488e+01
121 -0.71296  3.71208e+01 |122 -0.68104  3.74103e+01 |123 -0.80750  5.10109e+01
124 -0.69202  7.78638e+01 |125 -0.74129  5.78962e+01 |126 -0.76384  5.70071e+01
127 -0.82493  1.35805e+01 |128 -0.84389  7.73859e+01 |129 -0.82602  5.23232e+01
130 -0.73063  3.27870e+01 |131 -0.81806  2.15203e+01 |132 -0.79950  1.61372e+01
133 -0.76333  4.11236e+01 |134 -0.78514  2.00172e+01 |135 -0.80563  1.64967e+01
136 -0.80418  3.23730e+01 |137 -0.77718  4.87215e+01 |138 -0.79526  2.36176e+01
139 -0.77947  6.09574e+01 |140 -0.84034  3.67620e+01 |141 -0.83031  1.40689e+02
142 -0.85373  1.63587e+02 |143 -0.90090  7.79569e+01 |144 -0.90497  7.24175e+01
145  0.38295  1.43326e+02 |146  0.21703  2.41573e+03 |147  0.20123  7.66176e+03
148  0.08355 -2.01064e+03 |149 -0.17455 -1.57268e+03 |150 -0.20650 -1.26083e+03
151 -0.18045 -1.11686e+03 |152  0.00092  1.22170e+03 |153  0.16721  5.30630e+02
154 -0.01953  1.03414e+03 |155  0.17696  3.56739e+02 |156 -0.08573  3.79628e+00
157  0.41898 -1.69886e-03 |158 -0.06760 -8.33509e+02 |159 -0.33815  1.91946e+02
160 -0.19751  1.11829e+02 |161 -0.22024  3.52208e+01 |162 -0.29496 -9.56047e-01
162 variables; iteration 40; function evaluation 52; phase 4
Function value 3.7937583e+03; maximum gradient component mag 1.2576e+04
Var    Value     Gradient |Var    Value     Gradient |Var    Value     Gradient
  1 -0.01726  1.25756e+04 |  2  0.22394  1.34975e+02 |  3  0.15724  8.27536e+01
  4  0.02338  5.18278e+01 |  5  0.03651  1.24022e+02 |  6  0.10711  2.16405e+02
  7  0.07819  1.93163e+02 |  8  0.00625  1.48057e+02 |  9  0.04892  1.98433e+02
 10  0.03114  7.47318e+01 | 11  0.18649  3.50182e+02 | 12 -0.09206  2.76254e+01
 13 -0.04740  7.14669e+01 | 14 -0.18856 -3.50336e+01 | 15 -0.22935 -5.54508e+01
 16  0.21211  6.45516e+02 | 17 -0.00103  1.37483e+02 | 18 -0.08381  6.26287e+01
 19 -0.02571  1.82727e+02 | 20  0.01412  3.21792e+02 | 21 -0.08282  1.35130e+02
 22  0.04609  3.28624e+02 | 23 -0.06903  1.97921e+02 | 24 -0.00724  2.47466e+02
 25  0.00687  2.26664e+02 | 26  0.02861  2.51443e+02 | 27 -0.08476  1.28723e+02
 28  0.03996  3.21539e+02 | 29  0.05036  2.77399e+02 | 30 -0.06820  1.03579e+02
 31 -0.21124 -2.34954e+01 | 32  0.06020  2.23903e+02 | 33  0.04351  1.01450e+02
 34  0.07556  9.94475e+01 | 35  0.06216  1.41271e+02 | 36 -0.01452  5.18479e+01
 37 -0.00049  6.14378e+01 | 38  0.09857  1.75732e+02 | 39 -0.03426 -4.05215e+01
 40  0.20575 -1.00624e+02 | 41  0.01918 -3.94602e+01 | 42  0.08427  1.61225e+02
 43 -0.06152  1.41850e+01 | 44  0.16976 -3.05711e+02 | 45 -0.01790  1.07010e+02
 46 -0.01656  8.82447e+01 | 47 -0.00339  9.57996e+01 | 48 -0.07917 -9.79132e+00
 49  0.10465 -8.48218e+02 | 50  0.01971 -1.20905e+02 | 51  0.02011  1.05404e+02
 52 -0.00211 -5.96470e+02 | 53 -0.03851 -9.73243e+01 | 54  0.06719 -5.41733e+02
 55 -0.01246 -4.46557e+02 | 56 -0.04485  1.24694e+02 | 57 -0.06524 -1.11491e+02
 58  0.06258 -6.95451e+02 | 59 -0.04010  1.59202e+01 | 60 -0.00101 -4.34764e+02
 61 -0.00821 -5.38452e+01 | 62  0.05037 -1.44561e+02 | 63  0.07722 -3.98872e+02
 64 -0.06742  2.29834e+01 | 65 -0.02703 -5.32003e+01 | 66  0.02276 -2.14083e+02
 67 -0.00076  6.35790e+01 | 68 -0.05801 -7.37472e+01 | 69  0.01624 -8.41628e+01
 70 -0.01099 -1.09705e+02 | 71  0.13589  2.60148e+02 | 72 -0.08104 -2.64554e+01
 73 -0.05071 -2.32564e+02 | 74 -0.03992  3.50215e+01 | 75  0.01482 -1.12244e+01
 76 -0.06700 -2.87554e+01 | 77  0.01380 -5.40616e+01 | 78 -0.54884 -1.36822e+02
 79 -0.82447 -2.03552e+01 | 80 -0.82522 -5.66893e+01 | 81 -0.83945 -1.81838e+01
 82 -0.78552 -1.66750e+01 | 83 -0.75768 -3.18172e+00 | 84 -0.78246 -1.24963e+01
 85 -0.80774 -6.43599e+01 | 86 -0.79457 -8.03392e+01 | 87 -0.73229 -3.19695e+01
 88 -0.69135 -8.89001e+01 | 89 -0.66504 -3.26722e+01 | 90 -0.71089 -2.81873e+01
 91 -0.71596 -7.24164e+01 | 92 -0.73449 -4.08500e+01 | 93 -0.71766 -4.52198e+01
 94 -0.74055 -5.58497e+01 | 95 -0.73209 -3.70799e+01 | 96 -0.75246 -2.45726e+01
 97 -0.73881 -4.31194e+01 | 98 -0.75577 -7.21902e+01 | 99 -0.74234 -1.88112e+01
100 -0.71189  3.23426e+01 |101 -0.75644 -1.54359e+01 |102 -0.72594 -2.24542e+01
103 -0.72196 -3.16922e+01 |104 -0.72636 -3.48409e+01 |105 -0.72072 -2.35801e+00
106 -0.74020  2.95811e+01 |107 -0.78461  1.80564e+01 |108 -0.72419  1.78077e+01
109 -0.77599  1.14333e+01 |110 -0.73182  1.65733e+01 |111 -0.73320  1.78824e+01
112 -0.70580  1.76463e+01 |113 -0.72454 -8.32116e+00 |114 -0.72869  4.63404e+01
115 -0.66747  7.31202e+01 |116 -0.71251  3.08397e+01 |117 -0.74973  3.68004e+01
118 -0.71953  6.26152e+01 |119 -0.73062  4.69833e+01 |120 -0.69109  7.49846e+01
121 -0.72132  4.52784e+01 |122 -0.68669  5.08413e+01 |123 -0.80827  6.03295e+01
124 -0.71103  6.84839e+01 |125 -0.75408  4.72040e+01 |126 -0.77408  4.96650e+01
127 -0.82487  1.61715e+01 |128 -0.85229  4.68984e+01 |129 -0.83140  3.76856e+01
130 -0.74149  2.09099e+01 |131 -0.82093  1.44943e+01 |132 -0.80070  1.44407e+01
133 -0.77776  2.00835e+01 |134 -0.79096  1.08880e+01 |135 -0.80993  6.17314e+00
136 -0.81055  1.32822e+01 |137 -0.79057  1.38055e+01 |138 -0.80082  1.52836e+01
139 -0.79076  3.78127e+01 |140 -0.84585  1.73441e+01 |141 -0.83846  1.23892e+02
142 -0.85538  1.93058e+02 |143 -0.90135  1.13045e+02 |144 -0.90531  8.94751e+01
145  0.37698  7.06223e+01 |146  0.21710  2.37628e+03 |147  0.20057  7.50875e+03
148  0.08396 -1.94334e+03 |149 -0.17672 -1.74178e+03 |150 -0.20362 -1.23280e+03
151 -0.18340 -1.16822e+03 |152  0.00085  1.09363e+03 |153  0.16788  4.89513e+02
154 -0.02094  8.80212e+02 |155  0.17760  3.16648e+02 |156 -0.09965 -3.44321e-01
157  0.41897 -1.79223e-03 |158 -0.07192 -7.47979e+02 |159 -0.33220  4.75874e+01
160 -0.19887  3.26293e+02 |161 -0.21145  1.05909e+02 |162 -0.31196  7.93340e+00
162 variables; iteration 60; function evaluation 75; phase 4
Function value 3.6462921e+03; maximum gradient component mag 4.1458e+03
Var    Value     Gradient |Var    Value     Gradient |Var    Value     Gradient
  1 -0.01983  4.14584e+03 |  2  0.18437  2.94956e+01 |  3  0.11259 -1.14181e+01
  4  0.05974  2.80325e+01 |  5 -0.02602  2.39287e+01 |  6  0.10729  6.26740e+01
  7  0.06854  5.40024e+01 |  8 -0.02563  1.85669e+01 |  9  0.05471  1.41016e+02
 10  0.02848  5.04840e+01 | 11  0.19599  1.73901e+02 | 12 -0.10598  2.94782e+01
 13 -0.05766  3.73920e+01 | 14 -0.18378  1.03696e+01 | 15 -0.19761  2.20544e+01
 16  0.23057  4.39817e+02 | 17 -0.00476  7.55393e+01 | 18 -0.08082  5.65831e+01
 19 -0.02302  1.16315e+02 | 20  0.01880  1.92649e+02 | 21 -0.08047  9.70183e+01
 22  0.05113  1.45862e+02 | 23 -0.06893  1.42337e+02 | 24 -0.01038  1.25875e+02
 25  0.01004  9.87914e+01 | 26  0.02681  9.16859e+01 | 27 -0.07839  1.30613e+02
 28  0.03811  1.57322e+02 | 29  0.04464  1.30426e+01 | 30 -0.06947  5.92751e+01
 31 -0.20880  1.13826e+01 | 32  0.06071  7.59505e+01 | 33  0.05578  7.61492e+01
 34  0.07914  3.17448e+01 | 35  0.06648  6.19556e+01 | 36 -0.02679 -5.35601e+00
 37 -0.02364 -3.67336e+01 | 38  0.08482  1.02193e+01 | 39 -0.06242 -7.66186e+01
 40  0.21098 -1.55319e+02 | 41  0.01991 -3.24502e+01 | 42  0.07577 -1.18351e+01
 43 -0.05760  4.29144e+01 | 44  0.17480 -2.83069e+02 | 45 -0.02829  2.75135e+01
 46 -0.02694 -2.36871e+01 | 47 -0.00615  4.20664e+01 | 48 -0.08910 -2.23038e+01
 49  0.12142 -1.28599e+02 | 50  0.01774 -5.62065e+01 | 51  0.01127  3.40080e+00
 52  0.01227 -1.98292e+02 | 53 -0.03859  1.71292e+01 | 54  0.07038 -2.92267e+02
 55 -0.00512 -1.32975e+02 | 56 -0.05419  2.71442e+01 | 57 -0.06807 -8.81339e+01
 58  0.07400 -1.03510e+02 | 59 -0.04637 -1.38051e+01 | 60  0.00474 -2.27468e+02
 61 -0.01467 -1.57083e+02 | 62  0.04800 -2.05433e+02 | 63  0.08452 -9.74425e+01
 64 -0.07304 -2.63058e+00 | 65 -0.02123  6.57721e+01 | 66  0.03023 -2.42869e+01
 67 -0.00530 -6.91612e+01 | 68 -0.04972  7.65558e+01 | 69  0.01237 -1.35049e+02
 70 -0.00841 -3.28030e+01 | 71  0.12947 -1.51154e+02 | 72 -0.07994  2.89423e+01
 73 -0.04310 -2.43272e+01 | 74 -0.04338  1.41387e+01 | 75  0.01650  5.43834e+01
 76 -0.06219  3.96640e+01 | 77  0.01422 -1.09898e+01 | 78 -0.56903 -4.97021e+01
 79 -0.82777 -3.68694e+01 | 80 -0.82132 -2.36691e+01 | 81 -0.83937 -2.01136e+01
 82 -0.76867 -8.64276e+00 | 83 -0.73422  6.26523e+00 | 84 -0.77516  4.13525e+00
 85 -0.81565 -3.59697e+01 | 86 -0.81382 -7.26977e+01 | 87 -0.72618 -1.16156e+01
 88 -0.66320 -2.65936e+01 | 89 -0.71554 -5.72594e+01 | 90 -0.71750 -1.18708e+01
 91 -0.71980 -3.37022e+01 | 92 -0.74212 -2.48192e+01 | 93 -0.71937 -2.08218e+01
 94 -0.74442 -2.66416e+01 | 95 -0.73954 -1.46732e+01 | 96 -0.75233 -1.06513e+01
 97 -0.73932 -1.95908e+01 | 98 -0.76001 -3.86557e+01 | 99 -0.76048 -3.28777e+01
100 -0.71823  5.15678e+00 |101 -0.75894 -4.42779e+00 |102 -0.73184 -2.94535e+00
103 -0.72357 -6.28605e+00 |104 -0.72019 -1.40041e+00 |105 -0.71479  7.00184e+00
106 -0.72982  1.96870e+01 |107 -0.78589 -8.06616e+00 |108 -0.72903 -4.07425e-01
109 -0.78116  6.54544e+00 |110 -0.74096  8.70207e+00 |111 -0.74092 -1.07080e+00
112 -0.72037 -7.43385e+00 |113 -0.72070 -7.85563e+00 |114 -0.74289 -1.35505e+00
115 -0.66684  1.50182e+01 |116 -0.69991  1.21906e+01 |117 -0.74263  7.53175e+00
118 -0.72154  1.37624e+01 |119 -0.73854 -6.86034e+00 |120 -0.68852  1.56455e+01
121 -0.71778  9.82185e+00 |122 -0.67892  1.70965e+01 |123 -0.80952  1.30135e+01
124 -0.71044  2.02315e+01 |125 -0.75363  1.23706e+01 |126 -0.76926  2.01665e+01
127 -0.82887 -7.87015e+00 |128 -0.85160  2.26967e+01 |129 -0.82876  8.11800e+00
130 -0.73424  1.52355e+01 |131 -0.82985 -1.57221e+01 |132 -0.79857  1.40517e+01
133 -0.78361  6.12634e+00 |134 -0.79035 -1.79559e+00 |135 -0.80819  7.63039e+00
136 -0.81944 -1.14788e+01 |137 -0.78305  2.17719e+01 |138 -0.81230 -3.31635e+01
139 -0.78500  2.82362e+01 |140 -0.84167  1.63894e+01 |141 -0.84888 -1.11646e+00
142 -0.85667  5.60476e+01 |143 -0.90290  2.83884e+00 |144 -0.90602  2.17965e+01
145  0.38597  5.43380e+01 |146  0.22076 -5.45294e+02 |147  0.17933  1.39148e+02
148  0.08811 -2.44003e+02 |149 -0.16863 -2.50025e+02 |150 -0.20799 -2.36104e+02
151 -0.16813  2.37935e+01 |152  0.00119  5.90435e+02 |153  0.16852  1.05297e+02
154 -0.02472  1.30376e+02 |155  0.17713  1.08460e+02 |156 -0.06230  9.70231e+00
157  0.41886 -7.50721e-04 |158 -0.05976 -2.32469e+02 |159 -0.33427  7.43751e+00
160 -0.22381 -1.81599e+02 |161 -0.21186 -3.02399e+01 |162 -0.29668  7.27307e+00
162 variables; iteration 80; function evaluation 96; phase 4
Function value 3.6309888e+03; maximum gradient component mag 9.6252e+03
Var    Value     Gradient |Var    Value     Gradient |Var    Value     Gradient
  1 -0.02008  9.62517e+03 |  2  0.18995  4.82416e+01 |  3  0.15786  1.35984e+01
  4  0.00314  4.48006e+00 |  5 -0.01660  2.66751e+01 |  6  0.11559  8.90428e+01
  7  0.06654  6.03757e+01 |  8 -0.02326  2.24792e+01 |  9  0.04709  1.11347e+02
 10  0.01883 -2.49752e+01 | 11  0.19385  1.16874e+02 | 12 -0.10642 -2.30384e+01
 13 -0.06342 -2.58375e+01 | 14 -0.17765 -3.32564e+01 | 15 -0.20607 -3.50014e+01
 16  0.23352  4.75222e+02 | 17  0.00253  5.34799e+01 | 18 -0.07707  1.72382e+01
 19 -0.02796  5.13492e+01 | 20  0.01098  1.06912e+02 | 21 -0.08078  5.45460e+01
 22  0.05481  1.68565e+02 | 23 -0.08323  5.90872e+01 | 24 -0.01221  8.46045e+01
 25  0.00832  7.69956e+01 | 26  0.03155  1.12011e+02 | 27 -0.08545  7.30767e+01
 28  0.03788  1.49955e+02 | 29  0.05494  1.14242e+02 | 30 -0.06497  5.35615e+01
 31 -0.20341 -2.25493e+01 | 32  0.06095  9.72318e+01 | 33  0.05274  7.50244e+01
 34  0.07948  6.93725e+01 | 35  0.06262  8.41950e+01 | 36 -0.02802 -4.86449e+00
 37 -0.01084  3.00019e+01 | 38  0.08160  4.94662e+01 | 39 -0.03946 -4.56495e+01
 40  0.21428  1.21304e+02 | 41  0.02305  7.10646e+00 | 42  0.07821  5.48812e+01
 43 -0.06473 -1.44723e+01 | 44  0.18193  1.97935e+02 | 45 -0.03723 -2.03998e+01
 46 -0.02732 -1.04332e+01 | 47 -0.00746  4.54502e+01 | 48 -0.08889 -2.91623e+01
 49  0.12345  1.42937e+02 | 50  0.01827  1.01081e+01 | 51  0.01031  5.32114e+01
 52  0.01739 -3.21531e+01 | 53 -0.04041  2.93045e+00 | 54  0.07293 -8.18261e+01
 55 -0.00576 -8.65195e+01 | 56 -0.05668 -1.45010e+01 | 57 -0.07083 -1.36921e+02
 58  0.07494  2.39741e+00 | 59 -0.04742 -4.93994e+01 | 60  0.01103 -1.03542e+02
 61 -0.00962 -9.21536e+01 | 62  0.05192 -1.38162e+02 | 63  0.08380 -1.17626e+02
 64 -0.07371 -4.95873e+01 | 65 -0.02648 -1.01059e+02 | 66  0.03021 -8.78629e+01
 67 -0.00503 -1.26795e+02 | 68 -0.05294 -6.09503e+01 | 69  0.01663 -1.17397e+02
 70 -0.00674 -9.17301e+01 | 71  0.13078 -2.29595e+02 | 72 -0.08312 -7.44049e+01
 73 -0.04275 -9.44030e+01 | 74 -0.04292 -6.04487e+01 | 75  0.01463 -8.88561e+01
 76 -0.06962 -9.98413e+01 | 77  0.01351 -7.97742e+01 | 78 -0.56695 -5.86531e+01
 79 -0.80701  6.76565e+00 | 80 -0.81375 -8.33548e+00 | 81 -0.83926 -2.94357e+01
 82 -0.76980 -1.26744e+01 | 83 -0.74400 -1.75101e+01 | 84 -0.78718 -3.05917e+01
 85 -0.80878 -2.07754e+01 | 86 -0.80727 -6.75659e+01 | 87 -0.72998 -1.87570e+01
 88 -0.68867 -5.80693e+01 | 89 -0.66424 -8.87927e+00 | 90 -0.71891 -2.62499e+01
 91 -0.71313 -3.34255e+01 | 92 -0.73171 -2.31299e+01 | 93 -0.71134 -2.22511e+01
 94 -0.73723 -2.86666e+01 | 95 -0.74128 -2.98779e+01 | 96 -0.74376 -1.01987e+01
 97 -0.73512 -2.58236e+01 | 98 -0.75462 -4.37466e+01 | 99 -0.75250 -3.03796e+01
100 -0.73375 -2.97100e+01 |101 -0.76593 -3.13596e+01 |102 -0.73691 -3.07940e+01
103 -0.72931 -3.64058e+01 |104 -0.73140 -3.95157e+01 |105 -0.72473 -2.69276e+01
106 -0.74182 -1.82972e+01 |107 -0.78305 -1.57593e+01 |108 -0.72324 -1.46877e+01
109 -0.77215 -1.37235e+00 |110 -0.73969 -2.61071e+01 |111 -0.74966 -3.22251e+01
112 -0.70466 -2.78023e+01 |113 -0.71558 -4.82775e+01 |114 -0.73806 -3.16191e+01
115 -0.66426 -1.38076e+01 |116 -0.69695 -6.97789e+00 |117 -0.74139 -1.38074e+01
118 -0.73094 -3.66488e+01 |119 -0.72514 -1.78898e+01 |120 -0.68865 -1.64885e+01
121 -0.72398 -2.25362e+01 |122 -0.67722 -7.51851e+00 |123 -0.81468 -1.96879e+01
124 -0.70755 -8.02349e+00 |125 -0.74658  8.58839e+00 |126 -0.76717  7.90288e+00
127 -0.82502 -8.59595e+00 |128 -0.86145 -2.37327e+01 |129 -0.82653  1.86442e+01
130 -0.73100  1.17046e+01 |131 -0.82721 -1.55355e+01 |132 -0.80790 -6.59883e+00
133 -0.79058 -5.75589e+00 |134 -0.78212  1.02444e+01 |135 -0.81204 -1.47025e+00
136 -0.81137  1.23478e+01 |137 -0.80460 -2.26811e+01 |138 -0.80218 -1.39925e+00
139 -0.78851  2.46407e+01 |140 -0.84648  5.11997e+00 |141 -0.84925  5.88949e+00
142 -0.86121  3.91292e+01 |143 -0.90364 -5.34481e+00 |144 -0.91069 -3.65559e+01
145  0.38576  6.20876e+01 |146  0.22425 -1.18950e+02 |147  0.17667 -1.92839e+02
148  0.08873  1.16188e+01 |149 -0.16872  7.67151e+01 |150 -0.20366  1.74373e+02
151 -0.17315  1.92881e+02 |152  0.00088  1.62872e+02 |153  0.16853  3.38296e+01
154 -0.02534  7.28611e+01 |155  0.17734  9.39224e+01 |156 -0.09290  1.47585e+00
157  0.41884  1.62406e-04 |158 -0.05651  1.27228e+02 |159 -0.33544 -6.38557e+02
160 -0.21729 -3.43682e+02 |161 -0.21869 -1.29434e+02 |162 -0.30585 -2.85769e+01
Maximum number of function evaluations exceeded

 - final statistics:
162 variables; iteration 84; function evaluation 100
Function value 3.6306e+03; maximum gradient component mag 9.4716e+03
Exit code = 3;  converg criter 1.0000e+00
Var    Value     Gradient |Var    Value     Gradient |Var    Value     Gradient
  1 -0.02017  9.47164e+03 |  2  0.20219  5.28064e+01 |  3  0.14929  7.80750e+00
  4  0.00435  2.44910e+00 |  5 -0.01693  2.52731e+01 |  6  0.11556  8.61280e+01
  7  0.06686  6.10879e+01 |  8 -0.02018  2.78193e+01 |  9  0.04536  1.02918e+02
 10  0.02012 -2.28702e+01 | 11  0.19446  1.19897e+02 | 12 -0.10749 -2.31510e+01
 13 -0.06308 -2.43848e+01 | 14 -0.17745 -3.19953e+01 | 15 -0.20821 -3.61484e+01
 16  0.23375  4.64826e+02 | 17  0.00122  4.86948e+01 | 18 -0.07865  1.32309e+01
 19 -0.02959  4.41118e+01 | 20  0.01211  1.13554e+02 | 21 -0.08137  5.24168e+01
 22  0.05491  1.62228e+02 | 23 -0.08152  6.35115e+01 | 24 -0.01048  9.12503e+01
 25  0.00671  6.24451e+01 | 26  0.03105  1.03665e+02 | 27 -0.08544  7.23242e+01
 28  0.03672  1.37666e+02 | 29  0.05512  1.12217e+02 | 30 -0.06482  5.39249e+01
 31 -0.20326 -2.17275e+01 | 32  0.06125  9.97174e+01 | 33  0.05467  8.47018e+01
 34  0.07928  6.53051e+01 | 35  0.06363  8.87701e+01 | 36 -0.02835 -4.86102e+00
 37 -0.01034  3.20135e+01 | 38  0.08147  4.83648e+01 | 39 -0.03815 -4.17018e+01
 40  0.21451  1.23233e+02 | 41  0.02173  1.25090e+00 | 42  0.07806  5.19276e+01
 43 -0.06587 -2.11203e+01 | 44  0.18193  2.00035e+02 | 45 -0.03661 -1.46826e+01
 46 -0.02744 -1.10315e+01 | 47 -0.00766  4.24152e+01 | 48 -0.08774 -2.01992e+01
 49  0.12344  1.42950e+02 | 50  0.01838  1.07972e+01 | 51  0.00988  4.83496e+01
 52  0.01768 -2.58863e+01 | 53 -0.04045  3.14762e+00 | 54  0.07307 -7.74763e+01
 55 -0.00547 -8.03002e+01 | 56 -0.05686 -1.64188e+01 | 57 -0.07071 -1.33631e+02
 58  0.07507  6.09759e+00 | 59 -0.04757 -5.16390e+01 | 60  0.01112 -1.00467e+02
 61 -0.00945 -8.88838e+01 | 62  0.05211 -1.33616e+02 | 63  0.08394 -1.14230e+02
 64 -0.07407 -5.33022e+01 | 65 -0.02638 -1.00287e+02 | 66  0.03026 -8.73756e+01
 67 -0.00498 -1.25914e+02 | 68 -0.05337 -6.85742e+01 | 69  0.01673 -1.15375e+02
 70 -0.00684 -9.32849e+01 | 71  0.13084 -2.30687e+02 | 72 -0.08352 -7.70624e+01
 73 -0.04253 -8.90366e+01 | 74 -0.04319 -6.35853e+01 | 75  0.01447 -9.08939e+01
 76 -0.06974 -1.00029e+02 | 77  0.01337 -8.03506e+01 | 78 -0.56353 -5.49816e+01
 79 -0.80881  2.16221e+00 | 80 -0.81498 -1.11520e+01 | 81 -0.83880 -2.74341e+01
 82 -0.76697 -8.18306e+00 | 83 -0.74294 -1.40429e+01 | 84 -0.78477 -2.61813e+01
 85 -0.81008 -2.36536e+01 | 86 -0.80466 -6.17947e+01 | 87 -0.72840 -1.74547e+01
 88 -0.69201 -5.92965e+01 | 89 -0.65800 -3.94423e-01 | 90 -0.71678 -2.32306e+01
 91 -0.71198 -3.10829e+01 | 92 -0.73214 -2.29001e+01 | 93 -0.71111 -2.16310e+01
 94 -0.73803 -2.98152e+01 | 95 -0.74102 -2.97408e+01 | 96 -0.74507 -1.37587e+01
 97 -0.73648 -2.84946e+01 | 98 -0.75358 -4.22082e+01 | 99 -0.75327 -3.24033e+01
100 -0.73257 -2.87107e+01 |101 -0.76615 -3.15392e+01 |102 -0.73700 -3.06009e+01
103 -0.73032 -3.77307e+01 |104 -0.73221 -4.04098e+01 |105 -0.72299 -2.47255e+01
106 -0.74236 -1.91873e+01 |107 -0.78209 -1.35561e+01 |108 -0.72136 -1.20362e+01
109 -0.77373 -4.81303e+00 |110 -0.73804 -2.40774e+01 |111 -0.75017 -3.30257e+01
112 -0.71293 -3.44305e+01 |113 -0.71585 -4.90920e+01 |114 -0.73643 -2.90153e+01
115 -0.66344 -1.35198e+01 |116 -0.69691 -6.20909e+00 |117 -0.74287 -1.64010e+01
118 -0.72923 -3.40905e+01 |119 -0.72651 -2.03344e+01 |120 -0.68855 -1.70668e+01
121 -0.72447 -2.32546e+01 |122 -0.67845 -9.41734e+00 |123 -0.81406 -1.80770e+01
124 -0.70576 -5.46731e+00 |125 -0.74693  7.51243e+00 |126 -0.76904  4.62048e+00
127 -0.82404 -6.11531e+00 |128 -0.86014 -1.89054e+01 |129 -0.82647  1.80710e+01
130 -0.73193  1.08126e+01 |131 -0.82628 -1.37451e+01 |132 -0.80973 -8.75910e+00
133 -0.79146 -6.70312e+00 |134 -0.78150  1.12138e+01 |135 -0.81231 -1.51518e+00
136 -0.81211  1.02733e+01 |137 -0.80217 -1.79735e+01 |138 -0.80226 -1.67222e+00
139 -0.78920  2.22834e+01 |140 -0.84787 -2.67686e+00 |141 -0.84836  1.03589e+01
142 -0.86028  4.31778e+01 |143 -0.90330 -1.52488e+00 |144 -0.90963 -2.73211e+01
145  0.38598  6.49680e+01 |146  0.22434 -1.20416e+02 |147  0.17657 -2.34772e+02
148  0.08874  1.55957e+01 |149 -0.16869  8.07146e+01 |150 -0.20359  1.74868e+02
151 -0.17336  1.88109e+02 |152  0.00087  1.48371e+02 |153  0.16854  2.96683e+01
154 -0.02532  6.86327e+01 |155  0.17718  8.99719e+01 |156 -0.09341  1.26564e+00
157  0.41884  1.87118e-04 |158 -0.05635  1.35221e+02 |159 -0.33546 -6.08499e+02
160 -0.21841 -3.31961e+02 |161 -0.21454 -1.19154e+02 |162 -0.31178 -2.87241e+01

Initial statistics: 368 variables; iteration 0; function evaluation 0; phase 5
Function value 3.6305313e+03; maximum gradient component mag 9.4716e+03
Var    Value     Gradient |Var    Value     Gradient |Var    Value     Gradient
  1 -0.02017  9.47164e+03 |  2  0.20219  5.28064e+01 |  3  0.14929  7.80750e+00
  4  0.00435  2.44910e+00 |  5 -0.01693  2.52731e+01 |  6  0.11556  8.61280e+01
  7  0.06686  6.10879e+01 |  8 -0.02018  2.78193e+01 |  9  0.04536  1.02918e+02
 10  0.01985 -2.78769e+01 | 11  0.19417  1.15136e+02 | 12 -0.10777 -2.80866e+01
 13 -0.06336 -2.93678e+01 | 14 -0.17774 -3.68061e+01 | 15 -0.20850 -4.08854e+01
 16  0.23346  4.60233e+02 | 17  0.00095  4.36859e+01 | 18 -0.07893  8.25972e+00
 19 -0.02986  3.91075e+01 | 20  0.01183  1.08547e+02 | 21 -0.08165  4.74461e+01
 22  0.05463  1.57244e+02 | 23 -0.08180  5.85403e+01 | 24 -0.01076  8.62414e+01
 25  0.00644  5.74367e+01 | 26  0.03077  9.86645e+01 | 27 -0.08572  6.73563e+01
 28  0.03644  1.32668e+02 | 29  0.05485  1.07231e+02 | 30 -0.06510  4.89398e+01
 31 -0.20355 -2.64792e+01 | 32  0.06097  9.47357e+01 | 33  0.05440  7.97143e+01
 34  0.07900  6.03383e+01 | 35  0.06335  8.37899e+01 | 36 -0.02862 -9.86477e+00
 37 -0.01062  2.70051e+01 | 38  0.08119  4.33993e+01 | 39 -0.03843 -4.67005e+01
 40  0.21422  1.18525e+02 | 41  0.02145 -3.75513e+00 | 42  0.07779  4.69588e+01
 43 -0.06615 -2.61013e+01 | 44  0.18164  1.95255e+02 | 45 -0.03689 -1.96828e+01
 46 -0.02772 -1.60354e+01 | 47 -0.00794  3.74065e+01 | 48 -0.08802 -2.51590e+01
 49  0.12316  1.38046e+02 | 50  0.01810  5.79051e+00 | 51  0.00960  4.33416e+01
 52  0.01741 -3.08936e+01 | 53 -0.04073 -1.85112e+00 | 54  0.07280 -8.24564e+01
 55 -0.00574 -8.53086e+01 | 56 -0.05713 -2.14069e+01 | 57 -0.07099 -1.38602e+02
 58  0.07479  1.12353e+00 | 59 -0.04784 -5.66320e+01 | 60  0.01085 -1.05476e+02
 61 -0.00973 -9.38916e+01 | 62  0.05184 -1.38613e+02 | 63  0.08367 -1.19203e+02
 64 -0.07435 -5.82742e+01 | 65 -0.02665 -1.05290e+02 | 66  0.02998 -9.23807e+01
 67 -0.00525 -1.30922e+02 | 68 -0.05365 -7.35628e+01 | 69  0.01646 -1.20384e+02
 70 -0.00711 -9.82931e+01 | 71  0.13056 -2.35612e+02 | 72 -0.08380 -8.20235e+01
 73 -0.04281 -9.40316e+01 | 74 -0.04347 -6.85806e+01 | 75  0.01419 -9.59025e+01
 76 -0.07002 -1.05003e+02 | 77  0.01310 -8.53592e+01 | 78 -0.56353 -5.49816e+01
 79 -0.80881  2.16221e+00 | 80 -0.81498 -1.11520e+01 | 81 -0.83880 -2.74341e+01
 82 -0.76697 -8.18306e+00 | 83 -0.74294 -1.40429e+01 | 84 -0.78477 -2.61813e+01
 85 -0.81008 -2.36536e+01 | 86 -0.80466 -6.17947e+01 | 87 -0.72840 -1.74547e+01
 88 -0.69201 -5.92965e+01 | 89 -0.65800 -3.94423e-01 | 90 -0.71678 -2.32306e+01
 91 -0.71198 -3.10829e+01 | 92 -0.73214 -2.29001e+01 | 93 -0.71111 -2.16310e+01
 94 -0.73803 -2.98152e+01 | 95 -0.74102 -2.97408e+01 | 96 -0.74507 -1.37587e+01
 97 -0.73648 -2.84946e+01 | 98 -0.75358 -4.22082e+01 | 99 -0.75327 -3.24033e+01
100 -0.73257 -2.87107e+01 |101 -0.76615 -3.15392e+01 |102 -0.73700 -3.06009e+01
103 -0.73032 -3.77307e+01 |104 -0.73221 -4.04098e+01 |105 -0.72299 -2.47255e+01
106 -0.74236 -1.91873e+01 |107 -0.78209 -1.35561e+01 |108 -0.72136 -1.20362e+01
109 -0.77373 -4.81303e+00 |110 -0.73804 -2.40774e+01 |111 -0.75017 -3.30257e+01
112 -0.71293 -3.44305e+01 |113 -0.71585 -4.90920e+01 |114 -0.73643 -2.90153e+01
115 -0.66344 -1.35198e+01 |116 -0.69691 -6.20909e+00 |117 -0.74287 -1.64010e+01
118 -0.72923 -3.40905e+01 |119 -0.72651 -2.03344e+01 |120 -0.68855 -1.70668e+01
121 -0.72447 -2.32546e+01 |122 -0.67845 -9.41734e+00 |123 -0.81406 -1.80770e+01
124 -0.70576 -5.46731e+00 |125 -0.74693  7.51243e+00 |126 -0.76904  4.62048e+00
127 -0.82404 -6.11531e+00 |128 -0.86014 -1.89054e+01 |129 -0.82647  1.80710e+01
130 -0.73193  1.08126e+01 |131 -0.82628 -1.37451e+01 |132 -0.80973 -8.75910e+00
133 -0.79146 -6.70312e+00 |134 -0.78150  1.12138e+01 |135 -0.81231 -1.51518e+00
136 -0.81211  1.02733e+01 |137 -0.80217 -1.79735e+01 |138 -0.80226 -1.67222e+00
139 -0.78920  2.22834e+01 |140 -0.84787 -2.67686e+00 |141 -0.84836  1.03589e+01
142 -0.86028  4.31778e+01 |143 -0.90330 -1.52488e+00 |144 -0.90963 -2.73211e+01
145  0.38598  6.49680e+01 |146  0.22434 -1.20416e+02 |147  0.17657 -2.34772e+02
148  0.08874  1.55957e+01 |149 -0.16869  8.07146e+01 |150 -0.20359  1.74868e+02
151 -0.17336  1.88109e+02 |152  0.00087  1.48371e+02 |153  0.16854  2.96683e+01
154 -0.02532  6.86327e+01 |155  0.17718  8.99719e+01 |156 -0.09341  1.26564e+00
157  0.41884  1.87118e-04 |158 -0.05635  1.35221e+02 |159 -0.33546 -6.08499e+02
160 -0.21841 -3.31961e+02 |161 -0.21454 -1.19154e+02 |162 -0.31178 -2.87241e+01
163  0.05825  2.25819e+01 |164 -0.16620  8.67013e+00 |165  0.00000  3.29400e+02
166  0.00000  3.57573e+02 |167  0.00000  3.91159e+02 |168  0.00000  5.21999e+02
169  0.00000  5.31872e+02 |170  0.00000  5.44759e+02 |171  0.00000  5.51329e+02
172  0.00000  5.58783e+02 |173  0.00000  8.89130e+02 |174  0.00000  9.20717e+02
175  0.00000  9.31889e+02 |176  0.00000  9.56908e+02 |177  0.00000  9.36655e+02
178  0.00000  9.33285e+02 |179  0.00000  8.76052e+02 |180  0.00000  8.69113e+02
181  0.00000  8.89730e+02 |182  0.00000  8.76937e+02 |183  0.00000  9.61176e+02
184  0.00000  9.66913e+02 |185  0.00000  9.24784e+02 |186  0.00000  8.32844e+02
187  0.00000  8.66469e+02 |188  0.00000  8.77899e+02 |189  0.00000  9.21712e+02
190  0.00000  9.92369e+02 |191  0.00000  8.67826e+02 |192  0.00000  9.32141e+02
193  0.00000  9.64065e+02 |194  0.00000  1.00764e+03 |195  0.00000  1.09865e+03
196  0.00000  1.13310e+03 |197  0.00000  1.41384e+03 |198  0.00000  1.44914e+03
199  0.00000  1.45440e+03 |200  0.00000  1.46842e+03 |201  0.00000  1.57890e+03
202  0.00000  1.60342e+03 |203  0.00000  1.59143e+03 |204  0.00000  1.34493e+03
205  0.00000  1.36561e+03 |206  0.00000  1.37556e+03 |207  0.00000  1.42434e+03
208  0.00000  1.45596e+03 |209  0.00000  1.35397e+03 |210  0.00000  1.32768e+03
211  0.00000  1.33667e+03 |212  0.00000  1.30499e+03 |213  0.00000  1.31515e+03
214  0.00000  1.22651e+03 |215  0.00000  6.93949e+02 |216  0.00000  7.06684e+02
217  0.00000  4.61743e+02 |218  0.00000  3.04629e+02 |219  0.00000  3.50264e+02
220  0.00000  4.61764e+02 |221  0.00000  4.85009e+02 |222  0.00000  5.22815e+02
223  0.00000  5.31697e+02 |224  0.00000  5.56393e+02 |225  0.00000  5.73436e+02
226  0.00000  6.07941e+02 |227  0.00000  6.12286e+02 |228  0.00000  7.01109e+02
229  0.00000  7.00652e+02 |230  0.00000  6.65781e+02 |231  0.00000  6.10368e+02
232  0.00000  7.97013e+01 |233  0.00000 -5.34587e+02 |234  0.00000 -3.83337e+02
235  0.00000  4.16236e+02 |236  0.00000  8.46765e+02 |237  0.00000  2.20560e+03
238  0.00000  2.36915e+03 |239  0.00000  2.64883e+03 |240  0.00000  2.81595e+03
241  0.00000  3.37005e+03 |242  0.00000  3.33045e+03 |243  0.00000  3.37006e+03
244  0.00000  3.49157e+03 |245  0.00000  3.12425e+03 |246  0.00000  2.59837e+03
247  0.00000  2.61009e+03 |248  0.00000  1.72662e+03 |249  0.00000  1.71130e+03
250  0.00000  1.61958e+03 |251  0.00000  1.61056e+03 |252  0.00000  1.28039e+03
253  0.00000  1.58937e+03 |254  0.00000  1.07664e+03 |255  0.00000  9.26792e+02
256  0.00000  9.79272e+02 |257  0.00000  1.20822e+03 |258  0.00000  4.69780e+02
259  0.00000  3.48413e+02 |260  0.00000 -1.14661e+01 |261  0.00000 -1.29256e+02
262  0.00000 -2.83239e+02 |263  0.00000  1.85118e+02 |264  0.00000 -1.19252e+02
265  0.00000 -2.22111e+01 |266  0.00000  5.78304e+02 |267  0.00000  7.88751e+02
268  0.00000  1.46544e+03 |269  0.00000  1.71243e+03 |270  0.00000  2.36880e+03
271  0.00000  2.55185e+03 |272  0.00000  2.25635e+03 |273  0.00000  2.19365e+03
274  0.00000  2.43724e+03 |275  0.00000  1.87191e+03 |276  0.00000  2.14564e+03
277  0.00000  2.19737e+03 |278  0.00000  1.93772e+03 |279  0.00000  1.96716e+03
280  0.00000  1.53132e+03 |281  0.00000  1.44992e+03 |282  0.00000  1.53277e+03
283  0.00000  8.40733e+02 |284  0.00000 -5.49598e+02 |285  0.00000 -6.87275e+02
286  0.00000 -1.08206e+03 |287  0.00000 -1.21552e+03 |288  0.00000 -4.03443e+02
289  0.00000  9.46628e+02 |290  0.00000  1.23154e+03 |291  0.00000  1.30901e+03
292  0.00000  1.62032e+03 |293  0.00000  2.18920e+03 |294  0.00000  2.37253e+03
295  0.00000  2.47844e+03 |296  0.00000  2.83857e+03 |297  0.00000  2.89168e+03
298  0.00000  2.90407e+03 |299  0.00000  2.64592e+03 |300  0.00000  1.32416e+03
301  0.00000 -1.01709e+03 |302  0.00000 -7.77407e+02 |303  0.00000  1.87833e+02
304  0.00000  9.00733e+02 |305  0.00000  2.21223e+03 |306  0.00000  3.03466e+03
307  0.00000  3.55903e+03 |308  0.00000  4.07546e+03 |309  0.00000  4.83191e+03
310  0.00000  4.93186e+03 |311  0.00000  4.34897e+03 |312  0.00000  4.56649e+03
313  0.00000  4.05544e+03 |314  0.00000  3.25387e+03 |315  0.00000  2.66296e+03
316  0.00000  1.75022e+03 |317  0.00000  1.12404e+03 |318  0.00000  9.24999e+02
319  0.00000  5.31062e+02 |320  0.00000  7.62978e+01 |321  0.00000  8.85223e+01
322  0.00000 -3.93715e+02 |323  0.00000 -6.21017e+02 |324  0.00000 -9.17117e+02
325  0.00000 -6.96126e+02 |326  0.00000 -1.27564e+03 |327  0.00000 -1.70748e+03
328  0.00000 -2.06042e+03 |329  0.00000 -2.25506e+03 |330  0.00000 -2.57377e+03
331  0.00000 -2.20940e+03 |332  0.00000 -2.67010e+03 |333  0.00000 -2.84436e+03
334  0.00000 -2.53895e+03 |335  0.00000 -2.42918e+03 |336  0.00000 -1.50444e+03
337  0.00000 -1.28527e+03 |338  0.00000 -6.57991e+02 |339  0.00000 -7.63632e+01
340  0.00000  5.79210e+01 |341  0.00000  1.45049e+02 |342  0.00000  2.32898e+02
343  0.00000 -2.76998e+02 |344  0.00000 -4.75932e+02 |345  0.00000 -3.08779e+02
346  0.00000 -2.35254e+02 |347  0.00000 -4.91361e+02 |348  0.00000 -7.53946e+02
349  0.00000 -1.14877e+03 |350  0.00000 -1.00487e+03 |351  0.00000 -1.51666e+03
352  0.00000 -2.46862e+03 |353  0.00000 -2.85953e+03 |354  0.00000 -2.93401e+03
355  0.00000 -2.81476e+03 |356  0.00000 -2.52406e+03 |357  0.00000 -1.55893e+03
358  0.00000 -5.12296e+02 |359  0.00000 -3.68082e+01 |360  0.00000  2.84908e+02
361  0.00000  1.07760e+03 |362  0.00000  1.56874e+03 |363  0.00000  1.95831e+03
364  0.00000  2.55503e+03 |365  0.00000  2.91142e+03 |366  0.00000  2.94354e+03
367  0.00000  3.01025e+03 |368  0.00000  1.67153e+03 |

Intermediate statistics: 368 variables; iteration 20; function evaluation 24; phase 5
Function value 3.4995912e+03; maximum gradient component mag -4.7174e+03
Var    Value     Gradient |Var    Value     Gradient |Var    Value     Gradient
  1 -0.02113  4.38640e+03 |  2  0.19775  5.71492e+01 |  3  0.14787  1.43733e+01
  4  0.00373  6.23549e+00 |  5 -0.01930  2.79656e+01 |  6  0.10735  8.60395e+01
  7  0.06152  7.22953e+01 |  8 -0.02015  9.06698e+00 |  9  0.04392  4.34284e+01
 10  0.02045  2.44471e+00 | 11  0.20273  1.06631e+02 | 12 -0.10857 -3.12512e+00
 13 -0.06042 -3.24408e+01 | 14 -0.17746 -2.84388e+01 | 15 -0.20888 -2.26098e+01
 16  0.24097  3.87910e+02 | 17  0.00041  3.44850e+01 | 18 -0.08108  1.44024e+01
 19 -0.03191  4.60372e+01 | 20  0.00855  7.84380e+01 | 21 -0.08550  2.92608e+01
 22  0.05060  1.02841e+02 | 23 -0.08661  4.45195e+01 | 24 -0.01460  3.57510e+01
 25  0.00688 -3.89283e+00 | 26  0.03048 -9.92645e+00 | 27 -0.09107  1.39015e+01
 28  0.03166  1.39717e+01 | 29  0.05627 -1.19742e+01 | 30 -0.06730 -2.88909e+01
 31 -0.20525 -2.98559e+01 | 32  0.05825  8.87518e+00 | 33  0.05141 -1.47993e+01
 34  0.07709 -1.89539e+01 | 35  0.05991  1.11456e+01 | 36 -0.02920 -2.19395e+01
 37 -0.01160 -3.82476e+01 | 38  0.07709  1.25956e+00 | 39 -0.03901 -1.96827e+01
 40  0.21965 -2.63743e+01 | 41  0.02274 -3.36568e+01 | 42  0.08031 -9.91468e+00
 43 -0.06605 -1.98474e+01 | 44  0.18648  1.41235e+02 | 45 -0.03589 -2.21881e+01
 46 -0.02580 -1.29502e+01 | 47 -0.00762  2.39771e+01 | 48 -0.08763 -2.81181e+01
 49  0.12308  7.27430e+01 | 50  0.02024 -1.87899e+00 | 51  0.00915  2.77641e+01
 52  0.01989  2.63456e+01 | 53 -0.04176 -2.02901e+01 | 54  0.07601  1.60393e+01
 55 -0.00284 -1.09699e+01 | 56 -0.05844 -1.41355e+01 | 57 -0.06800 -5.25028e+01
 58  0.07197 -8.03440e+01 | 59 -0.04896 -4.91745e+01 | 60  0.01029 -3.53287e+01
 61 -0.01110 -5.72384e+01 | 62  0.05314 -5.06010e+01 | 63  0.08574 -3.70060e+01
 64 -0.07562 -3.25515e+01 | 65 -0.02575 -3.11202e+01 | 66  0.03057 -2.87084e+01
 67 -0.00274 -2.89985e+01 | 68 -0.05338 -2.00708e+01 | 69  0.02044 -2.13389e+01
 70 -0.00307 -4.40544e+01 | 71  0.13996  9.10219e+01 | 72 -0.08182 -4.95180e+01
 73 -0.04168 -6.23202e+01 | 74 -0.04996 -6.10513e+01 | 75  0.00658 -8.05663e+01
 76 -0.07029 -3.93549e+01 | 77  0.01284 -5.45238e+01 | 78 -0.55818 -5.90896e+01
 79 -0.80914 -6.03870e-01 | 80 -0.81551 -3.91218e+00 | 81 -0.83763 -2.26255e+01
 82 -0.76757 -3.40850e-01 | 83 -0.74280 -5.85395e+00 | 84 -0.78435 -1.23753e+01
 85 -0.81184 -5.69761e+00 | 86 -0.80348 -4.60267e+01 | 87 -0.72992 -4.05110e+00
 88 -0.69082 -4.32358e+01 | 89 -0.65995  5.55966e+00 | 90 -0.71681 -1.66451e+01
 91 -0.71196 -2.09715e+01 | 92 -0.73180 -1.95925e+01 | 93 -0.71113 -1.27251e+01
 94 -0.73774 -1.58876e+01 | 95 -0.74069 -1.31270e+01 | 96 -0.74507 -3.87353e+00
 97 -0.73608 -1.07034e+01 | 98 -0.75266 -1.83570e+01 | 99 -0.75223 -1.55347e+01
100 -0.73148 -1.54945e+01 |101 -0.76497 -1.90311e+01 |102 -0.73608 -1.50294e+01
103 -0.72905 -1.89434e+01 |104 -0.73062 -2.41947e+01 |105 -0.72202 -1.61369e+01
106 -0.74167 -1.12906e+01 |107 -0.78113 -1.49043e+01 |108 -0.72109 -4.90038e+00
109 -0.77465  9.47726e+00 |110 -0.73798 -7.50736e+00 |111 -0.74941 -1.69935e+01
112 -0.71237 -2.00433e+01 |113 -0.71536 -2.57199e+01 |114 -0.73635 -1.52383e+01
115 -0.66441  2.50532e-01 |116 -0.69770  7.30510e-01 |117 -0.74258 -1.21399e+01
118 -0.72840 -2.57441e+01 |119 -0.72623 -1.66997e+01 |120 -0.68841 -1.47847e+01
121 -0.72374 -2.01060e+01 |122 -0.67853 -6.67246e+00 |123 -0.81309 -1.39854e+01
124 -0.70595 -4.77178e+00 |125 -0.74742  4.17080e+00 |126 -0.76924  1.32240e+00
127 -0.82350 -6.20077e+00 |128 -0.85813 -2.10463e+01 |129 -0.82676  8.95000e+00
130 -0.73200  2.76064e+00 |131 -0.82490 -1.81754e+01 |132 -0.80880 -1.39841e+01
133 -0.79057 -1.36275e+01 |134 -0.78196  3.72309e+00 |135 -0.81186 -9.44001e+00
136 -0.81226 -1.44900e+00 |137 -0.80060 -2.36418e+01 |138 -0.80207  2.23350e-01
139 -0.79071  2.03623e+01 |140 -0.84813  8.79970e+00 |141 -0.84906  1.86517e+01
142 -0.86263  3.79503e+01 |143 -0.90215 -3.11981e+00 |144 -0.90666 -2.22567e+01
145  0.38659 -7.09928e+01 |146  0.22491 -5.38547e+02 |147  0.17650 -3.85269e+02
148  0.08895  5.05941e+01 |149 -0.16820  5.72595e+01 |150 -0.20524  6.81736e+01
151 -0.17378  1.26588e+02 |152  0.00129  9.33122e+02 |153  0.16888  2.45160e+02
154 -0.02540  1.19006e+02 |155  0.17450  5.32980e+01 |156 -0.09332  2.67290e-01
157  0.41884  3.96277e-05 |158 -0.05579  7.68419e+01 |159 -0.33919 -3.36399e+02
160 -0.21526 -1.58249e+02 |161 -0.21483 -3.67325e+01 |162 -0.31202 -7.17711e+00
163  0.05854  2.32878e+01 |164 -0.16567  1.99799e+01 |165  0.00306 -3.59452e+02
166  0.00202 -3.40671e+02 |167  0.00155 -3.28936e+02 |168 -0.00028 -2.53287e+02
169 -0.00040 -2.48687e+02 |170 -0.00046 -2.42292e+02 |171 -0.00040 -2.39434e+02
172 -0.00036 -2.36050e+02 |173 -0.00022 -1.11882e+02 |174 -0.00131 -8.98842e+01
175 -0.00171 -8.09115e+01 |176 -0.00278 -6.82483e+01 |177 -0.00155 -6.50407e+01
178 -0.00158 -5.12904e+01 |179  0.00198 -9.23719e+01 |180  0.00191 -8.54421e+01
181  0.00059 -6.92084e+01 |182  0.00167 -9.46407e+01 |183 -0.00358 -3.71424e+01
184 -0.00415 -2.83553e+01 |185 -0.00066 -9.34863e+01 |186  0.00317 -1.01212e+02
187  0.00084 -5.87013e+01 |188  0.00021 -4.75374e+01 |189  0.00057 -6.20074e+01
190 -0.00345  5.00373e+01 |191  0.00638 -1.40425e+01 |192  0.00376  5.28594e+01
193  0.00296  7.31230e+01 |194  0.00202  1.01082e+02 |195  0.00236  1.04328e+02
196  0.00183  1.14764e+02 |197 -0.00438  2.36828e+02 |198 -0.00490  2.47249e+02
199 -0.00281  2.37131e+02 |200 -0.00274  2.44580e+02 |201 -0.00465  3.76361e+02
202 -0.00604  4.12547e+02 |203 -0.00544  4.28996e+02 |204  0.00905  3.73266e+02
205  0.00675  4.30327e+02 |206  0.00468  4.03833e+02 |207 -0.00013  4.45344e+02
208 -0.00289  4.55123e+02 |209  0.00234  3.53623e+02 |210  0.00227  3.24853e+02
211 -0.00365  2.79858e+02 |212 -0.00538  2.41012e+02 |213 -0.00868  2.54437e+02
214 -0.00651  1.96259e+02 |215  0.00534  1.08988e+02 |216 -0.00242  2.36957e+02
217  0.00909  9.90244e+01 |218  0.01613 -7.10948e-01 |219  0.01078  9.33722e-02
220  0.00364  1.95252e+01 |221  0.00238  2.15123e+01 |222  0.00054  2.49080e+01
223  0.00119 -2.71203e+01 |224  0.00002 -5.13935e+01 |225 -0.00083 -6.51831e+01
226 -0.00274 -9.80382e+01 |227 -0.00325 -1.45889e+02 |228 -0.01124 -2.02642e+02
229 -0.01194 -2.15263e+02 |230 -0.01163 -2.45803e+02 |231 -0.01258 -2.47902e+02
232  0.00437 -1.28930e+02 |233  0.00254 -2.39101e+03 |234  0.00255 -2.29141e+03
235 -0.00557 -1.99452e+03 |236  0.00202 -1.67180e+03 |237 -0.00055 -7.48682e+02
238 -0.00272 -6.33871e+02 |239  0.00046 -4.76908e+02 |240  0.00029 -3.72950e+02
241 -0.00399 -1.37096e+02 |242  0.00409  1.53274e+02 |243  0.00220  2.31166e+02
244 -0.00499  2.21113e+02 |245  0.00084  1.44615e+02 |246  0.00551  7.51141e+00
247 -0.00536 -8.20179e+01 |248  0.00424 -5.55774e+02 |249  0.00017 -6.33406e+02
250  0.00072 -9.77428e+02 |251 -0.00255 -1.24527e+03 |252  0.00747 -1.57467e+03
253 -0.00800 -1.66703e+03 |254  0.00129 -2.13566e+03 |255  0.00289 -2.32333e+03
256  0.00107 -2.38866e+03 |257 -0.00880 -2.38328e+03 |258  0.00420 -2.57551e+03
259 -0.00239 -2.56650e+03 |260  0.00070 -2.62151e+03 |261 -0.00157 -2.56748e+03
262  0.00474 -2.38501e+03 |263 -0.00480 -2.25311e+03 |264  0.00062 -2.05998e+03
265  0.00487 -1.89544e+03 |266 -0.00286 -1.39476e+03 |267 -0.00057 -1.17512e+03
268  0.00116 -7.69338e+02 |269  0.00085 -4.82311e+02 |270 -0.00015  8.98411e-01
271 -0.00856  1.36889e+02 |272  0.00556  2.49960e+02 |273  0.00705  3.68058e+02
274 -0.00518  3.77571e+02 |275  0.00520  4.67706e+02 |276 -0.00570  5.03377e+02
277 -0.00366  6.07168e+02 |278  0.00707  7.34610e+02 |279 -0.00174  6.22128e+02
280  0.00355  2.23660e+02 |281  0.00210 -2.33783e+01 |282 -0.00564 -2.30247e+02
283 -0.00446 -5.88359e+02 |284  0.00621 -1.29330e+03 |285 -0.00712 -1.41107e+03
286  0.00032 -1.57908e+03 |287  0.00853 -1.48738e+03 |288  0.00303 -9.26095e+02
289 -0.00734 -3.70935e+02 |290 -0.00718 -2.28747e+02 |291  0.00672  1.10899e+02
292  0.00454  4.58760e+02 |293 -0.00477  6.38820e+02 |294 -0.00235  7.52373e+02
295  0.00431  1.01146e+03 |296 -0.00291  1.03812e+03 |297  0.00143  1.08317e+03
298 -0.00429  1.09555e+03 |299 -0.00319  7.94330e+02 |300  0.00608  6.20062e+02
301 -0.00028 -1.66910e+03 |302  0.00533 -1.47605e+03 |303 -0.00250 -1.17169e+03
304  0.00102 -7.17573e+02 |305  0.00079  8.46881e+01 |306  0.00305  4.56452e+02
307 -0.00055  7.36986e+02 |308  0.00231  8.83625e+02 |309 -0.00639  1.13751e+03
310 -0.00785  1.50369e+03 |311  0.01025  1.30052e+03 |312 -0.00714  1.23931e+03
313 -0.00079  1.05214e+03 |314  0.00136  6.89707e+02 |315 -0.00018  6.05904e+01
316  0.00029 -4.76919e+02 |317  0.00231 -1.07647e+03 |318 -0.00086 -1.54247e+03
319  0.00060 -2.09846e+03 |320  0.00324 -2.56903e+03 |321 -0.00363 -3.12072e+03
322 -0.00057 -3.57614e+03 |323 -0.00094 -3.82384e+03 |324  0.00619 -3.98961e+03
325 -0.00489 -4.18988e+03 |326 -0.00324 -4.27480e+03 |327  0.00241 -4.45546e+03
328  0.00054 -4.58379e+03 |329 -0.00155 -4.66444e+03 |330  0.00496 -4.62160e+03
331 -0.00431 -4.66622e+03 |332  0.00017 -4.67076e+03 |333  0.00003 -4.71739e+03
334  0.00201 -4.45046e+03 |335  0.00400 -4.36281e+03 |336 -0.00639 -3.88515e+03
337  0.00175 -3.48870e+03 |338  0.00287 -3.03750e+03 |339  0.00018 -2.84306e+03
340 -0.00333 -2.51676e+03 |341 -0.00231 -2.32825e+03 |342 -0.00441 -2.21703e+03
343  0.00084 -1.98221e+03 |344  0.00606 -1.83794e+03 |345  0.00127 -1.63381e+03
346 -0.00422 -1.43773e+03 |347  0.00094 -1.53452e+03 |348 -0.00398 -1.67548e+03
349  0.00548 -1.59797e+03 |350 -0.00028 -1.63400e+03 |351 -0.00092 -1.87964e+03
352 -0.00174 -2.27371e+03 |353  0.00617 -2.38292e+03 |354 -0.00144 -2.45413e+03
355 -0.00628 -2.32716e+03 |356  0.00568 -1.84776e+03 |357  0.00539 -1.33941e+03
358 -0.00254 -1.04861e+03 |359 -0.00428 -5.26140e+02 |360  0.00253 -1.68147e+02
361 -0.00073  1.71832e+02 |362  0.00069  5.13716e+02 |363  0.00085  8.81613e+02
364 -0.00001  1.00620e+03 |365 -0.00247  1.17454e+03 |366  0.00580  1.19040e+03
367 -0.00859  1.01041e+03 |368 -0.00511  6.90947e+02 |
368 variables; iteration 40; function evaluation 44; phase 5
Function value 3.4720500e+03; maximum gradient component mag 5.4126e+03
Var    Value     Gradient |Var    Value     Gradient |Var    Value     Gradient
  1 -0.02057  5.41264e+03 |  2  0.15774  2.64522e+01 |  3  0.13600 -3.38163e+00
  4 -0.00257  2.25393e+00 |  5 -0.03929  1.05043e+01 |  6  0.06093 -1.99316e+01
  7  0.03054 -1.16612e+01 |  8 -0.01666  9.73749e+00 |  9  0.04245  5.25192e+01
 10  0.01613 -7.15061e+00 | 11  0.21228  1.54680e+02 | 12 -0.11369 -2.13397e+01
 13 -0.03863  9.62528e+00 | 14 -0.16780 -3.69968e+01 | 15 -0.20339 -4.24860e+01
 16  0.24299  4.48699e+02 | 17  0.00413  2.70565e+01 | 18 -0.08726 -7.42308e+00
 19 -0.03508  1.45389e+01 | 20  0.00416  4.90059e+01 | 21 -0.08716 -3.78610e+00
 22  0.04741  8.26546e+01 | 23 -0.10434 -1.02274e+01 | 24 -0.02533 -1.19400e+01
 25  0.02033  3.82281e+01 | 26  0.03332  1.43003e+01 | 27 -0.10473 -3.59878e+01
 28  0.02278 -7.71554e+00 | 29  0.06367  2.54517e+01 | 30 -0.06830 -3.46241e+01
 31 -0.20360 -6.24601e+01 | 32  0.04818 -4.27685e+01 | 33  0.05849 -4.68280e+01
 34  0.07361 -3.69931e+01 | 35  0.05291 -4.68448e+01 | 36 -0.03284 -4.06941e+01
 37 -0.00883 -3.11847e+01 | 38  0.07119 -1.66409e+01 | 39 -0.05137 -3.47838e+01
 40  0.22549  3.33286e+01 | 41  0.03373 -3.96759e+00 | 42  0.08578  2.64349e+01
 43 -0.06635 -3.17222e+01 | 44  0.18546  1.57612e+02 | 45 -0.03129 -1.26187e-01
 46 -0.02575 -1.32626e+01 | 47 -0.00867  5.07885e+00 | 48 -0.08262 -8.23412e+00
 49  0.12216  8.76350e+01 | 50  0.02061  1.06676e+01 | 51  0.00881  3.88713e+01
 52  0.01994  5.08129e+01 | 53 -0.04158 -1.41117e+01 | 54  0.07546  6.42744e+01
 55 -0.00237  2.49337e+01 | 56 -0.05913 -1.71639e+01 | 57 -0.06736 -4.18903e+01
 58  0.07197 -1.83099e+01 | 59 -0.04844 -4.10410e+01 | 60  0.00871 -3.43685e+01
 61 -0.01120 -4.62129e+01 | 62  0.05307 -4.37606e+01 | 63  0.08611  1.03667e-01
 64 -0.07392 -2.15767e+01 | 65 -0.02619 -4.11088e+01 | 66  0.03054 -3.32140e+01
 67 -0.00259 -3.34839e+01 | 68 -0.05297 -2.97594e+01 | 69  0.02117 -1.03172e+01
 70 -0.00182 -3.07814e+01 | 71  0.13959  6.52235e+01 | 72 -0.07678 -2.64487e+01
 73 -0.04212 -5.62163e+01 | 74 -0.04887 -7.28401e+01 | 75  0.00411 -1.37532e+02
 76 -0.06909 -5.20988e+01 | 77  0.01379 -6.36276e+01 | 78 -0.51777 -2.43337e+00
 79 -0.81003 -1.21792e+01 | 80 -0.82128 -2.03399e+01 | 81 -0.83343 -1.48795e+01
 82 -0.77597 -1.05775e+01 | 83 -0.74410 -1.06785e+01 | 84 -0.78604 -1.58889e+01
 85 -0.82437 -4.41799e+01 | 86 -0.79600 -3.74051e+01 | 87 -0.74465 -2.71858e+01
 88 -0.68149 -4.02154e+01 | 89 -0.67499 -1.69207e+01 | 90 -0.71695 -2.11737e+01
 91 -0.71235 -2.55931e+01 | 92 -0.72666 -2.31998e+01 | 93 -0.71137 -1.63152e+01
 94 -0.73750 -1.27633e+01 | 95 -0.73941 -1.13404e+01 | 96 -0.74346 -7.82761e+00
 97 -0.73297 -1.04407e+01 | 98 -0.74675 -1.00250e+01 | 99 -0.74458 -4.03542e+00
100 -0.72192 -5.52331e+00 |101 -0.75400 -3.95993e+00 |102 -0.72769 -1.65029e+00
103 -0.71778 -5.26244e+00 |104 -0.71523 -9.06281e+00 |105 -0.70923 -7.10479e+00
106 -0.73159 -5.00972e+00 |107 -0.76808 -3.63068e+00 |108 -0.71628 -6.75949e+00
109 -0.78087 -5.88079e+00 |110 -0.73440 -1.18021e+01 |111 -0.74094 -1.39766e+01
112 -0.70377 -2.12564e+01 |113 -0.70850 -2.57638e+01 |114 -0.73209 -2.16096e+01
115 -0.67051 -1.33831e+01 |116 -0.70108 -1.12013e+01 |117 -0.73909 -1.08002e+01
118 -0.71994 -1.84172e+01 |119 -0.72103 -1.79414e+01 |120 -0.68516 -1.71875e+01
121 -0.71590 -1.65322e+01 |122 -0.67799 -1.47504e+01 |123 -0.80787 -5.28579e+00
124 -0.70505 -1.68343e+01 |125 -0.75026 -5.42873e+00 |126 -0.76984 -5.42710e+00
127 -0.81981 -2.29374e+00 |128 -0.84913  8.67558e+00 |129 -0.82823  2.65121e+00
130 -0.73118 -1.06000e+00 |131 -0.81516  4.66018e-01 |132 -0.79949 -7.19823e+00
133 -0.78115 -7.43973e+00 |134 -0.78394 -5.91472e-01 |135 -0.80636 -2.53820e+00
136 -0.81106  1.60048e-02 |137 -0.78954  7.71463e-01 |138 -0.80224  1.50487e+00
139 -0.79978 -4.98440e+00 |140 -0.85191 -4.94792e+00 |141 -0.85301 -3.11695e+00
142 -0.86950  2.33145e+00 |143 -0.90158  1.39133e+00 |144 -0.90539 -9.75865e+00
145  0.38771 -7.34762e+01 |146  0.22616 -5.49869e+02 |147  0.17706 -4.26162e+02
148  0.08903  7.23004e+01 |149 -0.16843  5.50086e+01 |150 -0.20552  1.03181e+02
151 -0.17391  1.63425e+02 |152  0.00151  1.35764e+03 |153  0.16884  3.49149e+02
154 -0.02540  1.88605e+02 |155  0.17447  7.37605e+01 |156 -0.09229  1.70329e+00
157  0.41884 -2.05281e-05 |158 -0.05477  9.14917e+01 |159 -0.34191 -4.90309e+02
160 -0.20781 -1.94294e+02 |161 -0.22690 -7.93365e+01 |162 -0.31476 -2.47367e+01
163  0.05808  2.31775e+01 |164 -0.16603  2.93046e+01 |165  0.00761 -3.71363e+02
166  0.00082 -3.62483e+02 |167  0.00195 -3.53748e+02 |168 -0.00343 -2.90678e+02
169 -0.00310 -2.86859e+02 |170 -0.00232 -2.79315e+02 |171 -0.00149 -2.74863e+02
172 -0.00124 -2.70982e+02 |173  0.01073 -1.01187e+02 |174  0.00137 -8.83412e+01
175 -0.00193 -8.48440e+01 |176 -0.00733 -7.77853e+01 |177 -0.00198 -9.09074e+01
178 -0.01035 -8.72038e+01 |179  0.00939 -8.21984e+01 |180  0.00419 -8.49678e+01
181 -0.00209 -8.23485e+01 |182  0.01519 -9.33203e+01 |183 -0.01439 -9.15563e+01
184 -0.01833 -9.37262e+01 |185  0.01466 -8.15866e+01 |186  0.01384 -1.18760e+02
187 -0.00663 -1.13274e+02 |188 -0.01212 -1.08243e+02 |189  0.01474 -1.17480e+02
190 -0.02126 -9.58286e+01 |191  0.02411 -5.40584e+01 |192  0.00175 -4.42778e+01
193 -0.00183 -3.93513e+01 |194 -0.00829 -2.17238e+01 |195  0.00935  2.13079e+01
196  0.00945  3.11444e+01 |197 -0.01353  1.09509e+02 |198 -0.01375  1.23830e+02
199  0.00458  1.50051e+02 |200  0.00567  1.61643e+02 |201  0.00096  2.17106e+02
202 -0.01329  2.28196e+02 |203 -0.01187  2.25131e+02 |204  0.02194  2.03086e+02
205 -0.00692  2.14197e+02 |206  0.02003  2.41572e+02 |207 -0.00558  2.42209e+02
208 -0.01855  2.39350e+02 |209  0.00893  2.38975e+02 |210  0.00598  2.27448e+02
211 -0.00474  1.84816e+02 |212  0.00122  1.53547e+02 |213 -0.02036  1.49352e+02
214 -0.00284  1.36321e+02 |215  0.02814  8.70508e+01 |216 -0.03629  7.07137e+01
217  0.01372  8.99295e+01 |218  0.03732  1.07166e+02 |219  0.02260  6.58804e+01
220 -0.00755  6.05575e+01 |221 -0.01262  6.00638e+01 |222 -0.02055  6.17581e+01
223  0.00057  6.67032e+01 |224  0.00144  7.48203e+01 |225  0.00163  7.38873e+01
226 -0.00045  7.34673e+01 |227  0.01021  5.73968e+01 |228 -0.01158  6.99275e+00
229 -0.01263 -1.31450e+00 |230 -0.00246 -2.59333e+01 |231 -0.01730 -4.68365e+01
232  0.01319 -1.49621e+01 |233  0.00804 -2.44154e+03 |234 -0.00254 -2.35190e+03
235 -0.00751 -2.05282e+03 |236  0.00623 -1.71544e+03 |237 -0.00176 -8.96282e+02
238 -0.01050 -8.07671e+02 |239  0.01131 -6.07409e+02 |240 -0.00376 -5.37426e+02
241 -0.01643 -2.79104e+02 |242  0.01675  7.90853e+01 |243 -0.00300  1.26838e+02
244 -0.00086  1.39167e+02 |245 -0.00022  4.24836e+01 |246  0.00917 -1.10098e+02
247 -0.01013 -2.33775e+02 |248  0.00501 -6.84891e+02 |249  0.00020 -7.71820e+02
250  0.00309 -1.05873e+03 |251 -0.00644 -1.27812e+03 |252  0.01175 -1.47927e+03
253 -0.01227 -1.56131e+03 |254  0.00439 -1.83289e+03 |255  0.00041 -1.95192e+03
256  0.00685 -1.98255e+03 |257 -0.02070 -2.01996e+03 |258  0.01602 -2.33525e+03
259 -0.00708 -2.41296e+03 |260  0.00156 -2.45359e+03 |261  0.00081 -2.36651e+03
262  0.00516 -2.28022e+03 |263 -0.00646 -2.08745e+03 |264 -0.00015 -1.94200e+03
265  0.01018 -1.78256e+03 |266 -0.00471 -1.37334e+03 |267 -0.00345 -1.23611e+03
268  0.00246 -8.66597e+02 |269 -0.00060 -6.96088e+02 |270  0.00241 -2.45252e+02
271 -0.01425 -1.87449e+02 |272  0.00863 -1.58366e+02 |273  0.00678 -1.66355e+02
274 -0.00798 -1.25608e+02 |275  0.00666  7.36995e+01 |276 -0.00539  1.91105e+02
277 -0.00414  4.49283e+02 |278  0.00733  7.44159e+02 |279 -0.00250  7.46033e+02
280  0.00382  5.08791e+02 |281  0.00249  3.27990e+02 |282 -0.00364  1.60702e+02
283 -0.00698 -2.52680e+02 |284  0.01303 -8.78796e+02 |285 -0.01265 -1.05181e+03
286  0.00114 -1.06445e+03 |287  0.00963 -9.49644e+02 |288  0.00274 -5.10779e+02
289 -0.00553 -1.81778e+01 |290 -0.01155  7.28228e+01 |291  0.00953  3.44598e+02
292  0.00320  6.01191e+02 |293 -0.00450  7.88385e+02 |294 -0.00270  9.12822e+02
295  0.00443  1.16838e+03 |296 -0.00352  1.23536e+03 |297  0.00575  1.35864e+03
298 -0.01809  1.31026e+03 |299  0.00947  1.10719e+03 |300  0.00283  6.87128e+02
301  0.00204 -1.84613e+03 |302  0.00498 -1.60258e+03 |303 -0.00217 -1.22738e+03
304 -0.00154 -7.34182e+02 |305  0.00208  5.21112e+01 |306  0.00791  4.99158e+02
307 -0.00713  7.57938e+02 |308  0.00477  9.75847e+02 |309  0.00378  1.26368e+03
310 -0.02011  1.60641e+03 |311  0.01240  1.42214e+03 |312 -0.00909  1.35275e+03
313  0.00037  1.13248e+03 |314 -0.00069  6.59429e+02 |315  0.00307  5.13700e+01
316 -0.00190 -5.73063e+02 |317  0.00255 -1.21670e+03 |318 -0.00106 -1.71961e+03
319  0.00342 -2.31813e+03 |320 -0.00049 -2.82725e+03 |321 -0.00246 -3.32489e+03
322 -0.00046 -3.71139e+03 |323  0.00108 -4.05298e+03 |324  0.00364 -4.36336e+03
325  0.00394 -4.59690e+03 |326 -0.01391 -4.94704e+03 |327  0.00549 -5.09982e+03
328 -0.00175 -5.20046e+03 |329 -0.00200 -5.20567e+03 |330  0.00413 -5.12655e+03
331 -0.00307 -4.94346e+03 |332 -0.00140 -4.82366e+03 |333 -0.00171 -4.64650e+03
334  0.00506 -4.31812e+03 |335  0.00534 -4.11208e+03 |336 -0.00734 -3.63822e+03
337  0.00245 -3.21667e+03 |338  0.00256 -2.78576e+03 |339  0.00618 -2.56319e+03
340 -0.00783 -2.46844e+03 |341 -0.00218 -2.42152e+03 |342 -0.00287 -2.40819e+03
343 -0.00134 -2.19346e+03 |344  0.00584 -2.06415e+03 |345  0.00134 -1.77683e+03
346 -0.00510 -1.49269e+03 |347  0.00269 -1.49739e+03 |348 -0.00311 -1.60730e+03
349  0.00529 -1.71095e+03 |350 -0.00145 -1.88176e+03 |351 -0.00045 -2.22212e+03
352 -0.00421 -2.62611e+03 |353  0.00719 -2.65223e+03 |354 -0.00253 -2.57059e+03
355 -0.00584 -2.32411e+03 |356  0.00572 -1.84393e+03 |357  0.00494 -1.28536e+03
358  0.00182 -8.88117e+02 |359 -0.00769 -5.21762e+02 |360  0.00300 -1.96002e+02
361 -0.00074  1.31345e+02 |362  0.00084  4.67183e+02 |363 -0.00030  8.16465e+02
364  0.00058  1.04505e+03 |365 -0.00367  1.27875e+03 |366  0.01533  1.40790e+03
367 -0.01753  1.20285e+03 |368 -0.00412  7.47675e+02 |
368 variables; iteration 60; function evaluation 64; phase 5
Function value 3.4683629e+03; maximum gradient component mag -5.0338e+03
Var    Value     Gradient |Var    Value     Gradient |Var    Value     Gradient
  1 -0.01979  4.99825e+03 |  2  0.10502  3.11917e+00 |  3  0.14416 -1.26013e+01
  4 -0.00946 -1.56006e+00 |  5 -0.06569 -2.47093e+00 |  6  0.05592 -1.29582e+01
  7  0.03880  8.83016e+00 |  8 -0.01298  2.22435e+01 |  9  0.03615  4.96264e+01
 10  0.01732  1.26707e+00 | 11  0.21127  1.70174e+02 | 12 -0.11471 -1.66640e+01
 13 -0.04240  8.27853e+00 | 14 -0.15080 -1.92402e+01 | 15 -0.18003 -2.51629e+01
 16  0.24086  4.58100e+02 | 17  0.00977  4.44908e+01 | 18 -0.08971 -2.83771e+00
 19 -0.03432  2.46870e+01 | 20  0.00219  4.49044e+01 | 21 -0.08522  5.21042e+00
 22  0.04494  8.00673e+01 | 23 -0.10670 -3.11348e+00 | 24 -0.02322 -3.59942e-01
 25  0.01368  1.49763e+01 | 26  0.03159  1.09995e+01 | 27 -0.10330 -2.55013e+01
 28  0.02246 -7.52337e+00 | 29  0.05945  1.06426e+01 | 30 -0.07277 -3.51419e+01
 31 -0.18222 -4.53324e+01 | 32  0.04309 -5.15798e+01 | 33  0.06287 -3.74509e+01
 34  0.07015 -4.15101e+01 | 35  0.05676 -3.41968e+01 | 36 -0.03637 -3.46655e+01
 37 -0.00875 -2.43516e+01 | 38  0.07223 -1.90571e+01 | 39 -0.05510 -3.92238e+01
 40  0.22861  5.17362e+01 | 41  0.03193 -8.93697e+00 | 42  0.08711  3.42612e+01
 43 -0.06642 -2.05899e+01 | 44  0.18459  1.45922e+02 | 45 -0.03277 -4.76307e+00
 46 -0.02564 -9.39409e+00 | 47 -0.01026  1.33863e+00 | 48 -0.08468 -1.64393e+01
 49  0.12100  6.98818e+01 | 50  0.02042  1.72266e+01 | 51  0.00785  2.81069e+01
 52  0.01859  2.82345e+01 | 53 -0.04183 -6.81929e+00 | 54  0.07464  4.94096e+01
 55 -0.00348  7.76585e+00 | 56 -0.05922 -6.85270e+00 | 57 -0.06828 -4.17363e+01
 58  0.07100 -4.62913e+01 | 59 -0.04872 -3.42427e+01 | 60  0.00832 -3.55542e+01
 61 -0.01195 -4.67652e+01 | 62  0.05234 -4.42591e+01 | 63  0.08503 -2.72708e+01
 64 -0.07550 -3.03944e+01 | 65 -0.02707 -3.72828e+01 | 66  0.02960 -3.48461e+01
 67 -0.00333 -3.84916e+01 | 68 -0.05369 -2.36653e+01 | 69  0.01985 -1.29133e+01
 70 -0.00304 -2.60457e+01 | 71  0.13836  4.20210e+01 | 72 -0.07860 -3.03319e+01
 73 -0.04244 -4.45575e+01 | 74 -0.05104 -8.26696e+01 | 75  0.00409 -1.06341e+02
 76 -0.07024 -5.17935e+01 | 77  0.01252 -6.18982e+01 | 78 -0.50358  2.05098e+01
 79 -0.80466 -4.58471e+00 | 80 -0.81826 -1.48134e+01 | 81 -0.82938 -1.05474e+01
 82 -0.77666 -1.60556e+01 | 83 -0.74145 -9.54801e+00 | 84 -0.78345 -1.33467e+01
 85 -0.82005 -3.35683e+01 | 86 -0.79229 -3.37052e+01 | 87 -0.74824 -3.53040e+01
 88 -0.66687 -3.11380e+01 | 89 -0.68382 -2.66069e+01 | 90 -0.71470 -2.04102e+01
 91 -0.71037 -2.45665e+01 | 92 -0.71683 -1.38938e+01 | 93 -0.70827 -1.44795e+01
 94 -0.73559 -1.42821e+01 | 95 -0.73659 -1.01160e+01 | 96 -0.73737 -2.54528e+00
 97 -0.72761 -5.87032e+00 | 98 -0.74117 -5.75063e+00 | 99 -0.73723  4.61497e-01
100 -0.71069  3.88440e+00 |101 -0.74666  3.82448e+00 |102 -0.72365  2.54054e+00
103 -0.70774  4.04409e+00 |104 -0.70104  4.94919e+00 |105 -0.69448  3.97609e+00
106 -0.72297  2.23595e+00 |107 -0.76287  4.12618e+00 |108 -0.70853  1.33943e-01
109 -0.78116 -4.81583e+00 |110 -0.72869 -6.16562e+00 |111 -0.73357 -5.50977e+00
112 -0.69048 -1.07669e+01 |113 -0.70523 -1.76418e+01 |114 -0.72505 -1.19425e+01
115 -0.67256 -1.50432e+01 |116 -0.69799 -8.79248e+00 |117 -0.73478 -6.59800e+00
118 -0.71717 -1.20473e+01 |119 -0.71554 -1.01607e+01 |120 -0.68156 -1.18830e+01
121 -0.71024 -7.85701e+00 |122 -0.67364 -9.75946e+00 |123 -0.80787 -4.94566e+00
124 -0.69974 -9.30140e+00 |125 -0.74839 -3.98557e+00 |126 -0.76660 -1.90597e+00
127 -0.81916 -2.51171e-01 |128 -0.84853  6.53266e+00 |129 -0.82628  6.76757e+00
130 -0.72738  2.50923e+00 |131 -0.81482  7.63615e-01 |132 -0.79331  2.74150e+00
133 -0.77215  2.94985e+00 |134 -0.78407 -9.26059e-01 |135 -0.80354  1.27975e+00
136 -0.80875  3.20305e+00 |137 -0.78771  7.75727e-01 |138 -0.80032  1.88590e+00
139 -0.79428  2.46613e+00 |140 -0.84988 -8.53090e-01 |141 -0.84945  3.89885e+00
142 -0.86705  8.76743e+00 |143 -0.89983  5.53751e+00 |144 -0.90365  1.67940e+00
145  0.38855 -5.59740e+01 |146  0.22598 -4.99386e+02 |147  0.17787 -3.34353e+02
148  0.08863 -4.42391e+01 |149 -0.16839 -1.58108e+01 |150 -0.20576  3.10358e+01
151 -0.17397  1.08130e+02 |152  0.00146  1.34248e+03 |153  0.16910  3.66985e+02
154 -0.02557  1.91127e+02 |155  0.17496  8.00022e+01 |156 -0.09004  2.01896e+00
157  0.41884  1.64524e-04 |158 -0.05231  7.79779e+01 |159 -0.34406 -3.83687e+02
160 -0.20651 -1.66440e+02 |161 -0.23221 -7.12339e+01 |162 -0.30717 -1.84203e+01
163  0.06109  2.32896e+01 |164 -0.16598  3.02029e+01 |165  0.00802 -2.82620e+02
166 -0.00171 -2.76134e+02 |167  0.00492 -2.64080e+02 |168 -0.00432 -2.08062e+02
169 -0.00280 -2.04030e+02 |170 -0.00257 -1.97274e+02 |171 -0.00234 -1.92716e+02
172 -0.00260 -1.88213e+02 |173  0.01766 -3.21128e+01 |174  0.00063 -2.53209e+01
175 -0.00275 -2.30646e+01 |176 -0.01272 -1.93227e+01 |177  0.00243 -2.28214e+01
178 -0.01255 -2.73421e+01 |179  0.00954 -2.75470e+01 |180  0.00515 -3.05929e+01
181 -0.00482 -3.05053e+01 |182  0.01784 -3.63087e+01 |183 -0.01597 -3.72666e+01
184 -0.01688 -3.67902e+01 |185  0.01128 -3.33872e+01 |186  0.02123 -4.43730e+01
187 -0.00752 -4.54594e+01 |188 -0.02150 -4.36255e+01 |189  0.02262 -3.53375e+01
190 -0.02279 -2.78718e+01 |191  0.02178 -1.57126e+01 |192 -0.00012  1.80862e+00
193  0.00276  1.18681e+01 |194 -0.00892  2.57019e+01 |195  0.00713  6.28078e+01
196  0.00924  7.43416e+01 |197 -0.01131  1.65641e+02 |198 -0.01304  1.78109e+02
199  0.00476  1.98982e+02 |200  0.00233  2.07625e+02 |201  0.00447  2.84791e+02
202 -0.01794  2.91405e+02 |203 -0.01006  2.97462e+02 |204  0.02722  2.81934e+02
205 -0.01136  2.81645e+02 |206  0.01960  3.21182e+02 |207 -0.00599  3.23283e+02
208 -0.01710  3.22540e+02 |209  0.00838  3.13195e+02 |210  0.00425  3.01234e+02
211 -0.00555  2.71269e+02 |212  0.00859  2.57397e+02 |213 -0.02425  2.43018e+02
214 -0.00214  2.22892e+02 |215  0.02085  1.14731e+02 |216 -0.02886  1.20441e+02
217  0.01396  1.17774e+02 |218  0.02614  1.02701e+02 |219  0.03773  9.38088e+01
220 -0.00506  8.43629e+01 |221 -0.01311  8.27571e+01 |222 -0.02710  8.13759e+01
223  0.00403  8.29639e+01 |224  0.00016  7.74050e+01 |225  0.00136  7.27757e+01
226 -0.00541  6.21376e+01 |227  0.01238  5.49271e+01 |228 -0.01237  4.74894e+00
229 -0.01544 -3.95587e+00 |230  0.00138 -1.54286e+01 |231 -0.01745 -4.25207e+01
232  0.01278 -1.53833e+01 |233  0.00738 -2.21716e+03 |234 -0.00331 -2.13682e+03
235 -0.00526 -1.83329e+03 |236  0.00558 -1.50893e+03 |237 -0.00144 -7.11311e+02
238 -0.00974 -6.28106e+02 |239  0.01062 -4.52379e+02 |240 -0.00299 -3.72482e+02
241 -0.02371 -1.38861e+02 |242  0.02282  2.41281e+02 |243 -0.00326  3.08539e+02
244  0.00010  3.06709e+02 |245 -0.00041  1.87810e+02 |246  0.00856 -1.55946e+01
247 -0.01088 -1.40381e+02 |248  0.00520 -5.48640e+02 |249  0.00171 -6.22402e+02
250  0.00148 -9.10970e+02 |251 -0.00580 -1.15466e+03 |252  0.01142 -1.32186e+03
253 -0.01139 -1.40068e+03 |254  0.00375 -1.71423e+03 |255  0.00097 -1.85175e+03
256  0.01041 -1.90181e+03 |257 -0.02627 -1.93738e+03 |258  0.01794 -2.26031e+03
259 -0.00848 -2.31200e+03 |260  0.00392 -2.32901e+03 |261 -0.00102 -2.30563e+03
262  0.00629 -2.20978e+03 |263 -0.00686 -2.03723e+03 |264 -0.00062 -1.90511e+03
265  0.01089 -1.77033e+03 |266 -0.00571 -1.30969e+03 |267 -0.00340 -1.16686e+03
268  0.00269 -7.95216e+02 |269  0.00021 -5.98702e+02 |270  0.00230 -1.72348e+02
271 -0.01375 -1.21824e+02 |272  0.00736 -1.28544e+02 |273  0.00710 -1.36168e+02
274 -0.00803 -6.59756e+01 |275  0.00684  1.15768e+02 |276 -0.00524  2.27369e+02
277 -0.00414  4.51752e+02 |278  0.00716  7.05360e+02 |279 -0.00346  7.07509e+02
280  0.00401  5.05856e+02 |281  0.00360  3.62433e+02 |282 -0.00447  1.80336e+02
283 -0.00674 -2.67644e+02 |284  0.01233 -9.53224e+02 |285 -0.01190 -1.11484e+03
286  0.00121 -1.14418e+03 |287  0.00942 -9.98220e+02 |288  0.00291 -5.43474e+02
289 -0.00649 -5.67824e+01 |290 -0.01022  5.55671e+01 |291  0.00971  3.27974e+02
292  0.00323  5.35593e+02 |293 -0.00515  6.85585e+02 |294 -0.00263  8.07188e+02
295  0.00390  1.12233e+03 |296 -0.00275  1.25261e+03 |297  0.00507  1.31971e+03
298 -0.01534  1.28490e+03 |299  0.00654  1.06737e+03 |300  0.00359  6.61357e+02
301  0.00489 -1.44810e+03 |302  0.00309 -1.25193e+03 |303 -0.00386 -8.81945e+02
304 -0.00078 -3.83688e+02 |305  0.00213  3.85893e+02 |306  0.00738  8.09583e+02
307 -0.00648  1.04696e+03 |308  0.00641  1.24927e+03 |309  0.00749  1.51401e+03
310 -0.02663  1.86524e+03 |311  0.01415  1.71706e+03 |312 -0.01042  1.62327e+03
313  0.00044  1.39356e+03 |314 -0.00023  9.03214e+02 |315  0.00312  2.72078e+02
316 -0.00208 -3.17923e+02 |317  0.00184 -9.91329e+02 |318  0.00012 -1.48141e+03
319  0.00256 -2.10902e+03 |320  0.00021 -2.61068e+03 |321 -0.00270 -3.13044e+03
322 -0.00062 -3.54009e+03 |323  0.00077 -3.87137e+03 |324  0.00343 -4.17662e+03
325  0.00621 -4.38701e+03 |326 -0.01555 -4.73472e+03 |327  0.00660 -4.89582e+03
328 -0.00346 -5.00636e+03 |329 -0.00117 -5.03379e+03 |330  0.00383 -4.92684e+03
331 -0.00232 -4.76160e+03 |332 -0.00099 -4.66256e+03 |333 -0.00347 -4.53853e+03
334  0.00608 -4.16183e+03 |335  0.00541 -3.97082e+03 |336 -0.00778 -3.52126e+03
337  0.00189 -3.09021e+03 |338  0.00318 -2.66519e+03 |339  0.00588 -2.46192e+03
340 -0.00751 -2.39568e+03 |341 -0.00310 -2.34922e+03 |342 -0.00183 -2.24564e+03
343 -0.00161 -2.05591e+03 |344  0.00592 -1.92665e+03 |345  0.00138 -1.65843e+03
346 -0.00498 -1.40397e+03 |347  0.00347 -1.42160e+03 |348 -0.00415 -1.55829e+03
349  0.00494 -1.63608e+03 |350 -0.00079 -1.78480e+03 |351  0.00016 -2.16090e+03
352 -0.00513 -2.65143e+03 |353  0.00720 -2.66408e+03 |354 -0.00261 -2.59073e+03
355 -0.00552 -2.31222e+03 |356  0.00576 -1.83625e+03 |357  0.00485 -1.29589e+03
358  0.00129 -8.96104e+02 |359 -0.00742 -5.17857e+02 |360  0.00323 -2.05989e+02
361 -0.00083  9.57766e+01 |362  0.00026  4.36437e+02 |363 -0.00006  8.66760e+02
364  0.00135  1.16396e+03 |365 -0.00327  1.33418e+03 |366  0.01244  1.38565e+03
367 -0.01492  1.18908e+03 |368 -0.00491  7.12143e+02 |
368 variables; iteration 80; function evaluation 84; phase 5
Function value 3.4674334e+03; maximum gradient component mag 5.5977e+03
Var    Value     Gradient |Var    Value     Gradient |Var    Value     Gradient
  1 -0.01967  5.59770e+03 |  2  0.04895 -4.42302e+00 |  3  0.15967 -1.52974e+00
  4 -0.02264 -2.03858e+00 |  5 -0.07631 -5.18194e+00 |  6  0.06154 -1.36038e-01
  7  0.03292  4.73104e+00 |  8 -0.01596  1.74828e+01 |  9  0.03813  5.32906e+01
 10  0.01566 -4.70055e+00 | 11  0.21101  1.70484e+02 | 12 -0.11522 -2.28100e+01
 13 -0.04294  4.18575e+00 | 14 -0.15332 -2.60173e+01 | 15 -0.17408 -2.70260e+01
 16  0.24064  4.65927e+02 | 17  0.00771  3.74035e+01 | 18 -0.08880 -6.73391e+00
 19 -0.03461  2.20079e+01 | 20  0.00270  4.81726e+01 | 21 -0.08677  2.14908e-01
 22  0.04586  8.97581e+01 | 23 -0.10568 -6.49709e+00 | 24 -0.02363 -4.04275e+00
 25  0.01402  1.83928e+01 | 26  0.03216  1.71289e+01 | 27 -0.10413 -3.13908e+01
 28  0.02244 -6.59150e+00 | 29  0.05846  6.69847e+00 | 30 -0.07266 -3.60938e+01
 31 -0.17571 -4.61993e+01 | 32  0.04335 -5.21810e+01 | 33  0.06172 -3.56553e+01
 34  0.07048 -4.05752e+01 | 35  0.05532 -3.61647e+01 | 36 -0.03560 -3.59505e+01
 37 -0.00914 -2.37698e+01 | 38  0.07193 -1.70575e+01 | 39 -0.05223 -3.73713e+01
 40  0.22777  6.12629e+01 | 41  0.03197 -9.71915e+00 | 42  0.08599  2.71244e+01
 43 -0.06686 -2.71661e+01 | 44  0.18432  1.59020e+02 | 45 -0.03325 -8.26110e+00
 46 -0.02569 -7.48315e+00 | 47 -0.01001  7.93606e+00 | 48 -0.08450 -1.55160e+01
 49  0.12093  8.42630e+01 | 50  0.02070  2.82010e+01 | 51  0.00817  3.69005e+01
 52  0.01853  3.35832e+01 | 53 -0.04210 -7.16562e+00 | 54  0.07440  5.82331e+01
 55 -0.00358  1.27622e+01 | 56 -0.05940 -6.64466e+00 | 57 -0.06805 -3.49317e+01
 58  0.07085 -3.66656e+01 | 59 -0.04917 -3.98843e+01 | 60  0.00840 -2.59150e+01
 61 -0.01234 -5.30397e+01 | 62  0.05230 -3.96987e+01 | 63  0.08497 -1.86657e+01
 64 -0.07568 -3.32913e+01 | 65 -0.02694 -3.72928e+01 | 66  0.02945 -3.74360e+01
 67 -0.00352 -4.19320e+01 | 68 -0.05394 -3.04249e+01 | 69  0.01967 -1.86411e+01
 70 -0.00295 -3.08975e+01 | 71  0.13824  3.67726e+01 | 72 -0.07807 -3.04540e+01
 73 -0.04283 -5.32886e+01 | 74 -0.05171 -9.59655e+01 | 75  0.00365 -1.15818e+02
 76 -0.07079 -6.14986e+01 | 77  0.01252 -6.78426e+01 | 78 -0.52596  2.49746e+00
 79 -0.80436 -5.94947e+00 | 80 -0.81811 -1.60716e+01 | 81 -0.82897 -1.19611e+01
 82 -0.77411 -1.36250e+01 | 83 -0.73801 -7.53111e+00 | 84 -0.78443 -1.60900e+01
 85 -0.82074 -3.71094e+01 | 86 -0.79186 -3.56227e+01 | 87 -0.74394 -3.13303e+01
 88 -0.66436 -3.13177e+01 | 89 -0.67614 -2.10013e+01 | 90 -0.71186 -1.88956e+01
 91 -0.70909 -2.45207e+01 | 92 -0.71720 -1.58574e+01 | 93 -0.70623 -1.33894e+01
 94 -0.73425 -1.38626e+01 | 95 -0.73564 -1.02433e+01 | 96 -0.73621 -2.64622e+00
 97 -0.72705 -7.03373e+00 | 98 -0.74131 -8.34664e+00 | 99 -0.73735 -1.79741e+00
100 -0.71524 -2.49675e+00 |101 -0.74876 -8.02320e-01 |102 -0.72288  1.19011e+00
103 -0.70986 -6.55948e-01 |104 -0.70438 -1.23939e+00 |105 -0.69556  1.13233e+00
106 -0.72329  2.78610e-01 |107 -0.76279  3.30234e+00 |108 -0.70849 -1.46041e+00
109 -0.78091 -6.58665e+00 |110 -0.72826 -8.49664e+00 |111 -0.73565 -9.83300e+00
112 -0.68915 -1.24103e+01 |113 -0.70600 -2.24292e+01 |114 -0.72529 -1.61874e+01
115 -0.66772 -1.32308e+01 |116 -0.69610 -9.12887e+00 |117 -0.73433 -8.00088e+00
118 -0.71722 -1.51741e+01 |119 -0.71577 -1.38677e+01 |120 -0.68092 -1.40406e+01
121 -0.71124 -1.16856e+01 |122 -0.67280 -1.12368e+01 |123 -0.80774 -6.48097e+00
124 -0.69986 -1.23526e+01 |125 -0.74753 -4.54015e+00 |126 -0.76631 -3.22450e+00
127 -0.81899 -1.02384e+00 |128 -0.84827  6.12641e+00 |129 -0.82617  6.16534e+00
130 -0.72618  2.57049e+00 |131 -0.81410  1.28650e+00 |132 -0.79520 -1.26462e+00
133 -0.77358 -3.01399e-01 |134 -0.78208  6.44712e-01 |135 -0.80321  1.16269e+00
136 -0.80878  2.58795e+00 |137 -0.78707  1.85794e+00 |138 -0.80034  1.76402e+00
139 -0.79475  1.35130e+00 |140 -0.85022 -1.98002e+00 |141 -0.84953  3.13664e+00
142 -0.86663  1.09443e+01 |143 -0.89914  1.04357e+01 |144 -0.90311  5.78460e+00
145  0.39066 -4.91525e+01 |146  0.22621 -4.57860e+02 |147  0.17823 -2.42071e+02
148  0.08866 -3.86412e+01 |149 -0.16847 -1.64606e+01 |150 -0.20588  3.69042e+01
151 -0.17398  1.19567e+02 |152  0.00144  1.33772e+03 |153  0.16909  3.77150e+02
154 -0.02540  2.09016e+02 |155  0.17461  8.30463e+01 |156 -0.08625  3.12912e+00
157  0.41884  1.52408e-04 |158 -0.05220  8.68808e+01 |159 -0.34448 -4.79836e+02
160 -0.20643 -1.92572e+02 |161 -0.23370 -8.13117e+01 |162 -0.30603 -1.93909e+01
163  0.06083  2.42353e+01 |164 -0.16588  3.05344e+01 |165  0.00871 -2.48345e+02
166 -0.00245 -2.42961e+02 |167  0.00455 -2.31755e+02 |168 -0.00439 -1.75652e+02
169 -0.00165 -1.71326e+02 |170 -0.00097 -1.65032e+02 |171 -0.00269 -1.61803e+02
172 -0.00562 -1.58488e+02 |173  0.01686 -3.74060e+00 |174 -0.00084  4.03356e+00
175 -0.00075  7.97602e+00 |176 -0.01176  1.18552e+01 |177  0.00085  8.24641e+00
178 -0.01047  8.22105e+00 |179  0.00939  4.96761e+00 |180  0.00410  8.97076e-01
181 -0.00388  3.09230e+00 |182  0.01708 -4.72822e+00 |183 -0.01465 -4.03092e+00
184 -0.01772 -6.09902e+00 |185  0.01191 -4.73738e+00 |186  0.01749 -2.66472e+01
187 -0.00299 -2.31148e+01 |188 -0.02344 -2.31182e+01 |189  0.02276 -1.82316e+01
190 -0.02158 -8.96717e+00 |191  0.02173 -6.77205e+00 |192 -0.00021  6.94221e+00
193  0.00154  1.60266e+01 |194 -0.00902  3.13631e+01 |195  0.00796  7.29894e+01
196  0.00918  8.43817e+01 |197 -0.01150  1.72731e+02 |198 -0.01306  1.85424e+02
199  0.00433  2.06433e+02 |200  0.00250  2.16065e+02 |201  0.00344  2.95041e+02
202 -0.01645  3.04117e+02 |203 -0.01000  3.09188e+02 |204  0.02461  2.93241e+02
205 -0.00810  2.99022e+02 |206  0.01943  3.23337e+02 |207 -0.00630  3.24177e+02
208 -0.01813  3.23014e+02 |209  0.00949  3.21123e+02 |210  0.00509  3.06936e+02
211 -0.00513  2.69881e+02 |212  0.00496  2.45700e+02 |213 -0.02199  2.35964e+02
214 -0.00308  2.13419e+02 |215  0.02434  1.35544e+02 |216 -0.03101  1.29495e+02
217  0.01297  1.15608e+02 |218  0.02675  1.04082e+02 |219  0.03749  9.42351e+01
220 -0.00464  8.49563e+01 |221 -0.01318  8.32135e+01 |222 -0.02711  8.18090e+01
223  0.00330  8.10916e+01 |224 -0.00088  7.61327e+01 |225  0.00201  7.30831e+01
226 -0.00363  6.45080e+01 |227  0.00937  5.24189e+01 |228 -0.01096  9.66254e+00
229 -0.01408  1.71560e+00 |230  0.00043 -1.51995e+01 |231 -0.01726 -4.11682e+01
232  0.01278 -1.50250e+01 |233  0.00803 -2.03272e+03 |234 -0.00315 -1.97046e+03
235 -0.00654 -1.68729e+03 |236  0.00613 -1.37106e+03 |237 -0.00160 -5.88761e+02
238 -0.01126 -5.06992e+02 |239  0.01206 -3.27540e+02 |240 -0.00178 -2.49359e+02
241 -0.02508 -2.05735e+01 |242  0.02322  3.36079e+02 |243 -0.00301  3.95208e+02
244 -0.00052  3.92559e+02 |245 -0.00010  2.74434e+02 |246  0.00839  6.35146e+01
247 -0.01075 -6.25672e+01 |248  0.00532 -4.67632e+02 |249  0.00123 -5.45114e+02
250  0.00178 -8.45407e+02 |251 -0.00574 -1.07565e+03 |252  0.01176 -1.24904e+03
253 -0.01184 -1.33723e+03 |254  0.00387 -1.65917e+03 |255  0.00068 -1.79932e+03
256  0.01183 -1.83737e+03 |257 -0.02776 -1.88135e+03 |258  0.01796 -2.20808e+03
259 -0.00791 -2.25913e+03 |260  0.00334 -2.28976e+03 |261 -0.00068 -2.25467e+03
262  0.00610 -2.15269e+03 |263 -0.00645 -1.97802e+03 |264 -0.00055 -1.87091e+03
265  0.01050 -1.73630e+03 |266 -0.00559 -1.28889e+03 |267 -0.00362 -1.14665e+03
268  0.00301 -7.68686e+02 |269 -0.00002 -5.78364e+02 |270  0.00250 -1.39399e+02
271 -0.01352 -9.27188e+01 |272  0.00752 -9.31295e+01 |273  0.00663 -1.20856e+02
274 -0.00808 -6.52586e+01 |275  0.00670  1.24636e+02 |276 -0.00478  2.48205e+02
277 -0.00438  4.58785e+02 |278  0.00671  7.07528e+02 |279 -0.00301  7.27731e+02
280  0.00401  5.21477e+02 |281  0.00333  3.78945e+02 |282 -0.00421  1.97210e+02
283 -0.00669 -2.25490e+02 |284  0.01219 -9.21078e+02 |285 -0.01169 -1.09011e+03
286  0.00091 -1.12906e+03 |287  0.00954 -9.75131e+02 |288  0.00300 -5.13192e+02
289 -0.00682 -3.44826e+01 |290 -0.00950  8.17001e+01 |291  0.00916  3.42366e+02
292  0.00352  5.46906e+02 |293 -0.00525  6.92330e+02 |294 -0.00281  8.12814e+02
295  0.00410  1.11680e+03 |296 -0.00322  1.24810e+03 |297  0.00598  1.32928e+03
298 -0.01605  1.27965e+03 |299  0.00663  1.06588e+03 |300  0.00368  6.59189e+02
301  0.00388 -1.04852e+03 |302  0.00395 -9.04594e+02 |303 -0.00317 -5.66423e+02
304 -0.00137 -1.01830e+02 |305  0.00236  6.49181e+02 |306  0.00853  1.04251e+03
307 -0.00783  1.27367e+03 |308  0.00619  1.47165e+03 |309  0.00821  1.73206e+03
310 -0.02731  2.05929e+03 |311  0.01409  1.91814e+03 |312 -0.00993  1.82453e+03
313  0.00030  1.58758e+03 |314 -0.00038  1.07931e+03 |315  0.00327  4.53249e+02
316 -0.00200 -1.45143e+02 |317  0.00211 -8.28501e+02 |318 -0.00044 -1.34130e+03
319  0.00274 -1.96002e+03 |320 -0.00003 -2.47412e+03 |321 -0.00244 -2.98470e+03
322 -0.00083 -3.40999e+03 |323  0.00092 -3.73634e+03 |324  0.00332 -4.04915e+03
325  0.00665 -4.26388e+03 |326 -0.01575 -4.61114e+03 |327  0.00625 -4.78960e+03
328 -0.00311 -4.91259e+03 |329 -0.00136 -4.94138e+03 |330  0.00395 -4.84581e+03
331 -0.00271 -4.68646e+03 |332 -0.00098 -4.59255e+03 |333 -0.00320 -4.45795e+03
334  0.00620 -4.08084e+03 |335  0.00536 -3.90314e+03 |336 -0.00775 -3.45136e+03
337  0.00178 -3.04337e+03 |338  0.00327 -2.60854e+03 |339  0.00527 -2.41828e+03
340 -0.00725 -2.33463e+03 |341 -0.00279 -2.29288e+03 |342 -0.00194 -2.20159e+03
343 -0.00149 -2.00509e+03 |344  0.00578 -1.88051e+03 |345  0.00139 -1.62021e+03
346 -0.00484 -1.36668e+03 |347  0.00325 -1.38877e+03 |348 -0.00408 -1.52451e+03
349  0.00520 -1.59989e+03 |350 -0.00109 -1.76679e+03 |351  0.00014 -2.12125e+03
352 -0.00511 -2.61256e+03 |353  0.00728 -2.62108e+03 |354 -0.00257 -2.55579e+03
355 -0.00565 -2.27307e+03 |356  0.00592 -1.79017e+03 |357  0.00495 -1.26389e+03
358  0.00071 -8.83354e+02 |359 -0.00686 -5.02729e+02 |360  0.00287 -2.08619e+02
361 -0.00070  1.10937e+02 |362  0.00051  4.56180e+02 |363 -0.00033  8.67298e+02
364  0.00177  1.17197e+03 |365 -0.00365  1.33167e+03 |366  0.01254  1.37902e+03
367 -0.01500  1.18556e+03 |368 -0.00501  7.06848e+02 |
368 variables; iteration 100; function evaluation 104; phase 5
Function value 3.4615925e+03; maximum gradient component mag 5.9215e+03
Var    Value     Gradient |Var    Value     Gradient |Var    Value     Gradient
  1 -0.02003  5.92147e+03 |  2 -0.00128 -1.21933e+01 |  3  0.18614  1.86100e+01
  4 -0.04323 -5.70448e-01 |  5 -0.01999  3.17540e+01 |  6  0.06303  2.38826e+01
  7  0.04097  2.21487e+01 |  8 -0.02461  8.28709e+00 |  9  0.03948  4.52337e+01
 10  0.01807 -1.08993e+01 | 11  0.21163  1.76535e+02 | 12 -0.11034 -2.32292e+01
 13 -0.04918 -1.18364e+01 | 14 -0.14193 -2.37754e+01 | 15 -0.18848 -3.74308e+01
 16  0.24107  4.42234e+02 | 17  0.00354  2.79766e+01 | 18 -0.09074 -9.68379e+00
 19 -0.03290  2.87388e+01 | 20  0.00742  5.83714e+01 | 21 -0.08568  4.14425e+00
 22  0.04868  1.10042e+02 | 23 -0.10618 -4.43521e+00 | 24 -0.02194  5.38830e+00
 25  0.01110  7.06346e+00 | 26  0.03214  2.31694e+01 | 27 -0.10679 -3.67494e+01
 28  0.02027 -6.51488e+00 | 29  0.05957  2.87136e+01 | 30 -0.07405 -3.71765e+01
 31 -0.19964 -6.16230e+01 | 32  0.04639 -3.18217e+01 | 33  0.06205 -2.84577e+01
 34  0.07432 -2.06800e+01 | 35  0.05618 -2.55619e+01 | 36 -0.03623 -3.26215e+01
 37 -0.01226 -2.71122e+01 | 38  0.07263 -1.20312e+01 | 39 -0.04862 -3.03783e+01
 40  0.22865  7.69273e+01 | 41  0.03317 -4.79157e+00 | 42  0.08702  3.93656e+01
 43 -0.06528 -1.77794e+01 | 44  0.18460  1.62174e+02 | 45 -0.03387 -1.59984e+01
 46 -0.02549 -9.98267e+00 | 47 -0.00983  4.76914e+00 | 48 -0.08301 -9.79739e+00
 49  0.12117  8.08553e+01 | 50  0.02119  2.81319e+01 | 51  0.00879  4.01351e+01
 52  0.01895  2.86402e+01 | 53 -0.04216 -2.09770e+01 | 54  0.07460  5.14550e+01
 55 -0.00256  2.50819e+01 | 56 -0.05968 -1.98663e+01 | 57 -0.06729 -3.31693e+01
 58  0.07118 -3.73364e+01 | 59 -0.04914 -5.04835e+01 | 60  0.00817 -3.43236e+01
 61 -0.01143 -3.84997e+01 | 62  0.05191 -6.59609e+01 | 63  0.08586 -8.12293e+00
 64 -0.07479 -2.99129e+01 | 65 -0.02597 -2.98348e+01 | 66  0.02992 -3.71091e+01
 67 -0.00332 -5.25468e+01 | 68 -0.05380 -3.96255e+01 | 69  0.01957 -3.04028e+01
 70 -0.00274 -3.43760e+01 | 71  0.13789 -2.56227e+00 | 72 -0.07757 -3.27291e+01
 73 -0.04272 -6.62947e+01 | 74 -0.05131 -9.14968e+01 | 75  0.00485 -1.05023e+02
 76 -0.07101 -7.13536e+01 | 77  0.01319 -6.77809e+01 | 78 -0.51400  6.74443e+00
 79 -0.80700 -1.04555e+01 | 80 -0.81730 -1.32813e+01 | 81 -0.82963 -1.16608e+01
 82 -0.77199 -1.09667e+01 | 83 -0.74406 -1.17187e+01 | 84 -0.78677 -2.09268e+01
 85 -0.81843 -2.96386e+01 | 86 -0.79251 -3.66342e+01 | 87 -0.73632 -2.19296e+01
 88 -0.67326 -3.71773e+01 | 89 -0.69154 -3.33638e+01 | 90 -0.71575 -2.14509e+01
 91 -0.70861 -2.29500e+01 | 92 -0.71766 -1.49369e+01 | 93 -0.70650 -1.39529e+01
 94 -0.73324 -1.34850e+01 | 95 -0.73490 -1.02432e+01 | 96 -0.73737 -6.08357e+00
 97 -0.72794 -1.07026e+01 | 98 -0.74181 -1.13619e+01 | 99 -0.73452 -1.44876e+00
100 -0.70775  1.70246e+00 |101 -0.75228 -7.27619e+00 |102 -0.72717 -5.71683e+00
103 -0.71107 -3.86873e+00 |104 -0.70305 -1.99520e+00 |105 -0.69199  2.54208e+00
106 -0.72514 -5.10876e+00 |107 -0.76602 -3.66734e+00 |108 -0.70871 -2.62936e+00
109 -0.78084 -8.41949e+00 |110 -0.72922 -1.11443e+01 |111 -0.73338 -9.42091e+00
112 -0.69374 -1.69720e+01 |113 -0.70785 -2.66893e+01 |114 -0.72564 -1.70241e+01
115 -0.66964 -1.69181e+01 |116 -0.69526 -7.51540e+00 |117 -0.73378 -6.58737e+00
118 -0.71798 -1.63222e+01 |119 -0.71670 -1.45943e+01 |120 -0.68050 -1.33227e+01
121 -0.71438 -1.52156e+01 |122 -0.67210 -8.68650e+00 |123 -0.80760 -5.58969e+00
124 -0.70004 -1.12806e+01 |125 -0.74596 -1.79649e+00 |126 -0.76669 -2.99086e+00
127 -0.81997 -3.22794e+00 |128 -0.84805  7.44994e+00 |129 -0.82499  9.00392e+00
130 -0.72670  2.31917e+00 |131 -0.81503 -6.63484e-01 |132 -0.79863 -5.37678e+00
133 -0.77442 -9.44966e-01 |134 -0.78250  2.35098e-01 |135 -0.80382  1.13512e+00
136 -0.80888  3.18697e+00 |137 -0.78748  1.87229e+00 |138 -0.79948  4.14344e+00
139 -0.79239  8.40992e+00 |140 -0.84837  6.44830e+00 |141 -0.84825  9.97805e+00
142 -0.86612  1.12572e+01 |143 -0.89978  5.41432e+00 |144 -0.90307  5.86927e+00
145  0.41176 -5.22204e+01 |146  0.22721 -4.06548e+02 |147  0.18413 -1.23985e+02
148  0.08866 -3.13457e+01 |149 -0.16837 -1.13231e+00 |150 -0.20572  4.42902e+01
151 -0.17448  1.10471e+02 |152  0.00133  1.20405e+03 |153  0.16921  3.56407e+02
154 -0.02536  1.84752e+02 |155  0.17405  6.32763e+01 |156 -0.08418  3.20452e+00
157  0.41885  1.05562e-04 |158 -0.05256  9.01456e+01 |159 -0.34418 -5.29306e+02
160 -0.20844 -2.16655e+02 |161 -0.22797 -8.71148e+01 |162 -0.31211 -2.43447e+01
163  0.06410  2.61370e+01 |164 -0.16672  2.19236e+01 |165  0.00145 -2.72311e+02
166  0.00090 -2.61150e+02 |167  0.00368 -2.51359e+02 |168 -0.00005 -1.98603e+02
169 -0.00404 -1.96825e+02 |170 -0.00666 -1.92718e+02 |171 -0.00145 -1.85759e+02
172 -0.00000 -1.81659e+02 |173  0.01719 -4.66293e+01 |174  0.00162 -4.11521e+01
175 -0.00346 -3.97118e+01 |176 -0.01493 -3.67187e+01 |177  0.00221 -3.13846e+01
178 -0.01208 -3.57157e+01 |179  0.01049 -2.47249e+01 |180  0.00469 -2.99571e+01
181 -0.00499 -2.87585e+01 |182  0.01654 -3.69897e+01 |183 -0.01582 -3.44902e+01
184 -0.01500 -3.08047e+01 |185  0.01121 -3.62011e+01 |186  0.02353 -4.67074e+01
187 -0.01281 -5.16063e+01 |188 -0.01551 -4.67044e+01 |189  0.01884 -5.35133e+01
190 -0.02209 -4.54055e+01 |191  0.02290 -3.50747e+01 |192 -0.00266 -2.56789e+01
193  0.00350 -1.29761e+01 |194 -0.01031  3.14317e-01 |195  0.00607  4.87908e+01
196  0.01365  6.74493e+01 |197 -0.01317  1.40205e+02 |198 -0.01381  1.53063e+02
199  0.00682  1.75217e+02 |200  0.00189  1.81710e+02 |201  0.00609  2.50077e+02
202 -0.02114  2.52649e+02 |203 -0.00947  2.61649e+02 |204  0.02261  2.55286e+02
205 -0.00576  2.68190e+02 |206  0.02083  2.81607e+02 |207 -0.00704  2.79214e+02
208 -0.01842  2.77101e+02 |209  0.00750  2.72815e+02 |210  0.00502  2.67114e+02
211 -0.00447  2.40686e+02 |212  0.01154  2.25951e+02 |213 -0.02716  2.05316e+02
214 -0.00347  1.86500e+02 |215  0.02566  1.05851e+02 |216 -0.03365  9.63727e+01
217  0.01347  1.02742e+02 |218  0.02986  1.03943e+02 |219  0.03169  8.44327e+01
220 -0.00365  7.73862e+01 |221 -0.01129  7.59348e+01 |222 -0.02456  7.46773e+01
223 -0.00297  6.36464e+01 |224  0.00147  7.24163e+01 |225  0.00159  6.99598e+01
226 -0.00195  6.67500e+01 |227  0.00956  5.72010e+01 |228 -0.01193  1.67586e+01
229 -0.01330  1.09370e+01 |230 -0.00212 -1.90710e+00 |231 -0.01226 -4.48382e+00
232  0.01110 -1.73075e+01 |233  0.00622 -1.80626e+03 |234 -0.00061 -1.75117e+03
235 -0.00651 -1.49100e+03 |236  0.00482 -1.26379e+03 |237  0.00000 -5.39049e+02
238 -0.01517 -4.67439e+02 |239  0.01769 -2.93530e+02 |240 -0.00859 -2.32889e+02
241 -0.01648 -2.37984e+01 |242  0.01766  2.60641e+02 |243 -0.00190  3.29455e+02
244 -0.00047  3.35050e+02 |245  0.00033  2.63037e+02 |246  0.00696  1.89452e+01
247 -0.00950 -9.10521e+01 |248  0.00420 -4.73552e+02 |249  0.00225 -5.31024e+02
250  0.00129 -8.32068e+02 |251 -0.00602 -1.06552e+03 |252  0.01169 -1.18854e+03
253 -0.01231 -1.27825e+03 |254  0.00510 -1.52963e+03 |255  0.00093 -1.68906e+03
256  0.00888 -1.75318e+03 |257 -0.02465 -1.80024e+03 |258  0.01698 -2.09358e+03
259 -0.00782 -2.14320e+03 |260  0.00343 -2.16322e+03 |261 -0.00098 -2.14695e+03
262  0.00644 -2.04058e+03 |263 -0.00609 -1.88354e+03 |264 -0.00075 -1.77964e+03
265  0.01017 -1.66863e+03 |266 -0.00474 -1.25546e+03 |267 -0.00447 -1.14497e+03
268  0.00261 -7.80846e+02 |269  0.00048 -5.95169e+02 |270  0.00257 -2.00208e+02
271 -0.01303 -1.56723e+02 |272  0.00685 -1.40299e+02 |273  0.00740 -1.63710e+02
274 -0.00863 -1.50757e+02 |275  0.00657  2.64949e+01 |276 -0.00531  1.47897e+02
277 -0.00393  3.75475e+02 |278  0.00714  5.95183e+02 |279 -0.00410  5.94655e+02
280  0.00492  4.60936e+02 |281  0.00239  2.99786e+02 |282 -0.00291  1.45927e+02
283 -0.00805 -2.85864e+02 |284  0.01326 -8.36610e+02 |285 -0.01225 -1.00506e+03
286  0.00114 -1.05585e+03 |287  0.00970 -8.83377e+02 |288  0.00352 -4.55322e+02
289 -0.00677 -3.05262e+01 |290 -0.01092  6.16277e+01 |291  0.00970  3.00917e+02
292  0.00452  5.45897e+02 |293 -0.00540  6.43738e+02 |294 -0.00403  7.25079e+02
295  0.00465  1.03342e+03 |296 -0.00301  1.18018e+03 |297  0.00516  1.19987e+03
298 -0.01511  1.16673e+03 |299  0.00548  9.76606e+02 |300  0.00448  6.13641e+02
301  0.00261 -5.38347e+02 |302  0.00308 -4.31588e+02 |303 -0.00131 -1.41797e+02
304 -0.00162  1.38581e+02 |305  0.00161  8.05430e+02 |306  0.01098  1.16187e+03
307 -0.01078  1.37304e+03 |308  0.00954  1.55176e+03 |309  0.00066  1.75839e+03
310 -0.02233  2.03311e+03 |311  0.01240  1.86904e+03 |312 -0.00955  1.80001e+03
313  0.00106  1.62443e+03 |314  0.00023  1.11106e+03 |315  0.00160  5.03846e+02
316 -0.00145 -2.87473e+01 |317  0.00193 -6.44348e+02 |318 -0.00046 -1.14125e+03
319  0.00317 -1.70140e+03 |320  0.00021 -2.19068e+03 |321 -0.00225 -2.68906e+03
322 -0.00121 -3.06522e+03 |323  0.00087 -3.38857e+03 |324  0.00326 -3.65580e+03
325  0.00654 -3.84904e+03 |326 -0.01465 -4.18722e+03 |327  0.00590 -4.35192e+03
328 -0.00313 -4.47651e+03 |329 -0.00141 -4.51353e+03 |330  0.00376 -4.42567e+03
331 -0.00288 -4.28321e+03 |332 -0.00003 -4.18817e+03 |333 -0.00352 -4.09707e+03
334  0.00598 -3.73997e+03 |335  0.00560 -3.57680e+03 |336 -0.00749 -3.14802e+03
337  0.00147 -2.80580e+03 |338  0.00315 -2.41429e+03 |339  0.00427 -2.24418e+03
340 -0.00634 -2.12468e+03 |341 -0.00274 -2.08658e+03 |342 -0.00222 -2.03925e+03
343 -0.00134 -1.84165e+03 |344  0.00623 -1.71818e+03 |345  0.00140 -1.48201e+03
346 -0.00534 -1.27978e+03 |347  0.00359 -1.30676e+03 |348 -0.00449 -1.41135e+03
349  0.00535 -1.48342e+03 |350 -0.00173 -1.63169e+03 |351  0.00046 -1.95781e+03
352 -0.00427 -2.33317e+03 |353  0.00735 -2.39381e+03 |354 -0.00341 -2.37136e+03
355 -0.00512 -2.06085e+03 |356  0.00580 -1.61906e+03 |357  0.00522 -1.13815e+03
358  0.00129 -8.15391e+02 |359 -0.00809 -4.85254e+02 |360  0.00320 -1.46117e+02
361 -0.00056  1.26289e+02 |362  0.00090  4.20184e+02 |363 -0.00121  7.96617e+02
364  0.00239  1.12699e+03 |365 -0.00384  1.22066e+03 |366  0.01198  1.25299e+03
367 -0.01465  1.08712e+03 |368 -0.00537  6.44756e+02 |
368 variables; iteration 120; function evaluation 124; phase 5
Function value 3.4181228e+03; maximum gradient component mag -1.9226e+03
Var    Value     Gradient |Var    Value     Gradient |Var    Value     Gradient
  1 -0.02009 -8.06154e+02 |  2  0.07931  9.68224e-01 |  3  0.16119 -8.14130e+00
  4 -0.05869 -1.81260e+01 |  5 -0.07320 -8.59191e+00 |  6  0.06140 -1.04800e+01
  7  0.02766 -2.27356e+01 |  8 -0.02148 -1.44402e+01 |  9  0.03432 -8.02099e+00
 10  0.02808  1.64313e+01 | 11  0.21538 -1.11850e+01 | 12 -0.12268  3.63026e+00
 13 -0.04208 -3.81241e+00 | 14 -0.15720  2.16574e+00 | 15 -0.16952  7.06331e+00
 16  0.24234 -1.61278e+01 | 17  0.00931 -1.72475e+00 | 18 -0.09617  2.60033e+00
 19 -0.03570  3.22086e+00 | 20  0.00016  6.63857e+00 | 21 -0.08283  3.45726e+00
 22  0.04587  5.44117e+00 | 23 -0.11355  9.91226e+00 | 24 -0.02384  1.40652e+01
 25  0.01953  1.11180e+01 | 26  0.02876 -4.92045e+00 | 27 -0.10375  6.08838e+00
 28  0.02142  3.71399e+00 | 29  0.05999 -5.07338e+00 | 30 -0.07519 -2.88700e-01
 31 -0.18067  2.22935e+00 | 32  0.04268 -1.16169e+00 | 33  0.06373 -4.47984e+00
 34  0.06936 -7.05079e+00 | 35  0.05814  6.17386e+00 | 36 -0.03161  2.78339e+00
 37 -0.00890 -1.32942e+01 | 38  0.07291  6.97322e+00 | 39 -0.05316  1.14308e+01
 40  0.22692 -2.85544e+01 | 41  0.03401  9.08403e+00 | 42  0.08537  6.16978e+00
 43 -0.06610  9.55853e+00 | 44  0.18359 -3.98521e+01 | 45 -0.03464 -7.84179e+00
 46 -0.02481 -5.68698e-03 | 47 -0.01228 -2.82850e+01 | 48 -0.08587 -1.11587e+01
 49  0.12001 -4.93619e+01 | 50  0.02069 -1.20872e+01 | 51  0.00738 -1.43833e+01
 52  0.01813 -1.85402e+01 | 53 -0.04104  9.66703e+00 | 54  0.07399 -5.26718e+01
 55 -0.00301 -8.73136e+00 | 56 -0.05924  4.67284e-02 | 57 -0.06818 -8.48875e+00
 58  0.07148 -1.60813e+01 | 59 -0.04915 -9.05728e+00 | 60  0.00867 -4.50856e+00
 61 -0.01129  2.58884e+01 | 62  0.05331  2.59845e+01 | 63  0.08482 -2.22032e+01
 64 -0.07625  2.64799e+00 | 65 -0.02789 -5.17242e+00 | 66  0.03055  4.09651e+01
 67 -0.00322  1.69395e+01 | 68 -0.05348  1.83883e+01 | 69  0.01990  1.73620e+01
 70 -0.00342 -1.22526e+01 | 71  0.13936  5.03183e+01 | 72 -0.07885  1.07473e+00
 73 -0.04268  4.60522e+00 | 74 -0.05236  1.56692e+01 | 75  0.00325  2.03547e+01
 76 -0.07022  1.64512e+01 | 77  0.01255  1.20551e+01 | 78 -0.52346  6.45263e+00
 79 -0.80719  5.83068e-01 | 80 -0.82020  8.95046e-01 | 81 -0.82888  4.80311e+00
 82 -0.77819 -4.15335e+00 | 83 -0.74044  3.79576e-01 | 84 -0.78845 -5.79083e+00
 85 -0.82136  3.21650e+00 | 86 -0.79183  3.54227e+00 | 87 -0.74380  2.88321e+00
 88 -0.66184  5.02938e+00 | 89 -0.67855 -4.62567e-01 | 90 -0.71417 -2.67295e-01
 91 -0.70891  2.19369e+00 | 92 -0.71332  3.56963e+00 | 93 -0.70704  1.54415e+00
 94 -0.73466  3.54672e+00 | 95 -0.73605  1.67109e+00 | 96 -0.74061 -2.63288e+00
 97 -0.72803  1.86086e+00 | 98 -0.74282  6.94388e-01 | 99 -0.74079 -2.93678e+00
100 -0.71151  3.18235e+00 |101 -0.75138 -3.08950e+00 |102 -0.72610  6.34560e-01
103 -0.70777  4.87256e+00 |104 -0.70079  6.66590e+00 |105 -0.69915  2.31148e+00
106 -0.72927 -9.06584e-01 |107 -0.76601  6.95620e-01 |108 -0.70791  4.10306e+00
109 -0.78166  1.79121e+00 |110 -0.72793  4.16869e+00 |111 -0.73280  4.86881e+00
112 -0.68977  4.59828e+00 |113 -0.70666  6.47348e+00 |114 -0.72283  8.12982e+00
115 -0.67745 -3.67426e+00 |116 -0.69580  4.34354e+00 |117 -0.73233  6.01071e+00
118 -0.71573  7.69700e+00 |119 -0.71438  5.89948e+00 |120 -0.67988  5.82034e+00
121 -0.71073  2.83105e+00 |122 -0.67167  4.61930e+00 |123 -0.80621  6.25896e+00
124 -0.69682  7.13450e+00 |125 -0.74674  3.08238e+00 |126 -0.76613  1.85301e+00
127 -0.81973 -1.23050e+00 |128 -0.85100 -9.86512e+00 |129 -0.82778 -3.11140e+00
130 -0.72818 -1.16456e+00 |131 -0.81605 -3.60999e+00 |132 -0.79489  1.79353e-01
133 -0.77183  1.99260e+00 |134 -0.78621 -3.89995e+00 |135 -0.80283  1.10146e+00
136 -0.80847  4.97940e-01 |137 -0.78778 -2.74779e+00 |138 -0.79842  5.46204e+00
139 -0.79109  1.13566e+01 |140 -0.85057 -3.28149e+00 |141 -0.84957 -4.22890e-02
142 -0.86783 -2.21330e+00 |143 -0.89980 -5.74161e+00 |144 -0.90316 -7.48530e+00
145  0.49406 -9.91881e+01 |146  0.23079 -4.31909e+02 |147  0.21275 -4.25334e+02
148  0.08875 -6.52844e+00 |149 -0.16723  5.31052e+01 |150 -0.20656 -3.05581e+01
151 -0.17326  9.92044e-01 |152  0.00068 -1.23415e+02 |153  0.16839 -7.05681e+01
154 -0.02588 -1.33420e+01 |155  0.17525  9.70547e+00 |156 -0.09030 -4.71356e-01
157  0.41890 -1.41291e-04 |158 -0.05276 -5.45485e+01 |159 -0.34584  4.72435e+01
160 -0.20698  1.61759e+01 |161 -0.23127  6.37138e+00 |162 -0.30645  1.63475e+00
163  0.05760  1.19379e+00 |164 -0.16700 -3.01032e+00 |165 -0.00460 -5.80233e+02
166  0.00471 -5.73245e+02 |167  0.00298 -5.71272e+02 |168  0.00807 -5.53635e+02
169 -0.00826 -5.57312e+02 |170 -0.01628 -5.58409e+02 |171 -0.00947 -5.55309e+02
172  0.00240 -5.49022e+02 |173  0.02102 -4.92228e+02 |174  0.00408 -4.90287e+02
175 -0.01051 -4.92609e+02 |176 -0.01696 -4.88085e+02 |177  0.00408 -4.64428e+02
178 -0.01316 -4.60570e+02 |179  0.01358 -4.05805e+02 |180  0.00388 -4.13907e+02
181 -0.00603 -4.09645e+02 |182  0.01497 -3.87574e+02 |183 -0.01274 -3.79838e+02
184 -0.01519 -3.77167e+02 |185  0.01002 -3.61404e+02 |186  0.02240 -3.51525e+02
187 -0.01197 -3.54961e+02 |188 -0.01899 -3.49490e+02 |189  0.02696 -3.28527e+02
190 -0.02682 -3.39041e+02 |191  0.02300 -3.23177e+02 |192  0.00335 -3.09387e+02
193  0.00186 -3.07188e+02 |194 -0.01068 -3.03503e+02 |195  0.01095 -2.88443e+02
196  0.01458 -2.84703e+02 |197 -0.01803 -2.55259e+02 |198 -0.01729 -2.50436e+02
199  0.00506 -2.44371e+02 |200  0.00500 -2.40230e+02 |201  0.00143 -2.18420e+02
202 -0.01878 -2.13180e+02 |203 -0.01017 -2.09409e+02 |204  0.02801 -2.06266e+02
205 -0.01096 -2.06924e+02 |206  0.02003 -1.84811e+02 |207 -0.00908 -1.86871e+02
208 -0.02011 -1.86251e+02 |209  0.00956 -1.65311e+02 |210  0.00365 -1.64015e+02
211 -0.00269 -1.56865e+02 |212  0.00658 -1.57012e+02 |213 -0.02198 -1.59167e+02
214  0.00023 -1.29637e+02 |215  0.02231 -8.71473e+01 |216 -0.02888 -8.17868e+01
217  0.00955 -8.53824e+01 |218  0.02436 -6.10593e+01 |219  0.00703 -6.45032e+01
220 -0.00010 -4.49159e+01 |221  0.00106 -4.20916e+01 |222 -0.01103 -3.99474e+01
223 -0.00399 -5.37270e+01 |224 -0.00267 -4.42058e+01 |225  0.00546 -3.78161e+01
226 -0.00341 -3.75161e+01 |227  0.00446 -3.96521e+01 |228 -0.00582 -4.26302e+01
229 -0.01157 -4.47708e+01 |230  0.00114 -4.33108e+01 |231 -0.01102 -3.69074e+01
232  0.01291 -1.16945e+01 |233  0.00804 -1.92259e+03 |234  0.00148 -1.88809e+03
235 -0.00843 -1.81050e+03 |236  0.00572 -1.73782e+03 |237  0.00306 -1.57526e+03
238 -0.01763 -1.55687e+03 |239  0.01539 -1.50922e+03 |240 -0.00063 -1.48788e+03
241 -0.02655 -1.41050e+03 |242  0.01997 -1.34834e+03 |243 -0.00274 -1.33841e+03
244 -0.00106 -1.32523e+03 |245 -0.00033 -1.26496e+03 |246  0.00902 -1.25407e+03
247 -0.01128 -1.21660e+03 |248  0.00394 -1.19545e+03 |249  0.00402 -1.16946e+03
250  0.00098 -1.11832e+03 |251 -0.00708 -1.12269e+03 |252  0.01068 -1.11248e+03
253 -0.01046 -1.09340e+03 |254  0.00331 -1.05509e+03 |255  0.00129 -1.01806e+03
256  0.01190 -1.05356e+03 |257 -0.02632 -1.05980e+03 |258  0.01619 -1.05537e+03
259 -0.00850 -1.02818e+03 |260  0.00428 -1.02534e+03 |261 -0.00041 -9.99925e+02
262  0.00657 -9.73263e+02 |263 -0.00781 -1.01255e+03 |264 -0.00083 -9.50230e+02
265  0.01291 -8.91304e+02 |266 -0.00486 -8.70047e+02 |267 -0.00559 -8.65664e+02
268  0.00292 -7.96320e+02 |269 -0.00035 -7.43116e+02 |270  0.00249 -6.83749e+02
271 -0.01804 -6.71148e+02 |272  0.00991 -6.30170e+02 |273  0.00864 -6.03789e+02
274 -0.00883 -5.70711e+02 |275  0.00823 -5.80931e+02 |276 -0.00365 -5.73388e+02
277 -0.00539 -5.80512e+02 |278  0.00633 -5.91236e+02 |279 -0.00455 -5.92833e+02
280  0.00197 -6.54407e+02 |281  0.00171 -5.76204e+02 |282 -0.00500 -5.36327e+02
283 -0.00685 -4.68510e+02 |284  0.01466 -3.76643e+02 |285 -0.01053 -4.30303e+02
286  0.00277 -4.01096e+02 |287  0.01213 -3.85916e+02 |288  0.00569 -3.83345e+02
289 -0.00972 -3.70658e+02 |290 -0.01580 -3.57874e+02 |291  0.01356 -2.59946e+02
292  0.00429 -2.62814e+02 |293 -0.00605 -2.35649e+02 |294 -0.00227 -2.33763e+02
295  0.00447 -2.26479e+02 |296 -0.00565 -2.79843e+02 |297  0.00367 -2.33804e+02
298 -0.01793 -2.15726e+02 |299  0.00784 -1.98952e+02 |300  0.00367 -5.14102e+01
301 -0.00376 -1.87691e+03 |302  0.00459 -1.78775e+03 |303 -0.00107 -1.68958e+03
304 -0.00029 -1.65516e+03 |305  0.00122 -1.53616e+03 |306  0.01243 -1.48985e+03
307 -0.01219 -1.42387e+03 |308  0.00643 -1.37430e+03 |309  0.00275 -1.29686e+03
310 -0.02697 -1.24158e+03 |311  0.01200 -1.24192e+03 |312 -0.01017 -1.22755e+03
313 -0.00051 -1.16740e+03 |314 -0.00166 -1.13049e+03 |315  0.00384 -1.02491e+03
316 -0.00222 -9.92682e+02 |317  0.00056 -9.80349e+02 |318  0.00181 -8.83572e+02
319  0.00328 -8.82485e+02 |320 -0.00021 -8.39811e+02 |321 -0.00153 -8.19669e+02
322  0.00053 -7.79602e+02 |323  0.00138 -7.81994e+02 |324  0.00190 -8.21132e+02
325  0.00553 -7.95667e+02 |326 -0.01304 -7.75101e+02 |327  0.00806 -7.86206e+02
328 -0.00322 -8.28992e+02 |329  0.00011 -8.27393e+02 |330  0.00483 -8.06374e+02
331 -0.00401 -8.60795e+02 |332 -0.00032 -8.05723e+02 |333 -0.00311 -7.86773e+02
334  0.00776 -7.53120e+02 |335  0.00713 -7.88722e+02 |336 -0.00943 -7.35115e+02
337  0.00148 -7.01460e+02 |338  0.00192 -6.63862e+02 |339  0.00791 -6.22731e+02
340 -0.01006 -5.79729e+02 |341 -0.00376 -5.40053e+02 |342  0.00056 -4.77064e+02
343 -0.00185 -5.15534e+02 |344  0.00487 -5.75132e+02 |345  0.00157 -5.35816e+02
346 -0.00624 -5.34649e+02 |347  0.00298 -5.25613e+02 |348 -0.00400 -5.27658e+02
349  0.00576 -4.75549e+02 |350 -0.00144 -4.94062e+02 |351  0.00007 -4.71233e+02
352 -0.00424 -4.09248e+02 |353  0.00805 -4.40777e+02 |354 -0.00193 -4.01775e+02
355 -0.00456 -3.82877e+02 |356  0.00553 -4.16637e+02 |357  0.00544 -3.73115e+02
358  0.00357 -3.88217e+02 |359 -0.01063 -3.03569e+02 |360  0.00198 -3.60868e+02
361  0.00058 -2.66257e+02 |362  0.00003 -2.33703e+02 |363 -0.00007 -1.71382e+02
364  0.00111 -1.85334e+02 |365 -0.00406 -1.42076e+02 |366  0.01251 -1.90989e+02
367 -0.01950 -1.77063e+02 |368 -0.00554 -2.19261e+01 |
368 variables; iteration 140; function evaluation 145; phase 5
Function value 3.4159120e+03; maximum gradient component mag -1.2893e+03
Var    Value     Gradient |Var    Value     Gradient |Var    Value     Gradient
  1 -0.02020 -8.33988e+02 |  2  0.07043 -3.46102e+00 |  3  0.15516 -6.89666e+00
  4 -0.01062  1.10935e+00 |  5 -0.06980 -2.12047e+00 |  6  0.06087 -4.32473e+00
  7  0.03513 -8.63106e+00 |  8 -0.01830 -8.60603e+00 |  9  0.03482 -7.88377e+00
 10  0.01832  3.82532e+00 | 11  0.21615 -1.19900e+01 | 12 -0.12072  5.60088e+00
 13 -0.03791  4.87003e+00 | 14 -0.15342  7.37872e+00 | 15 -0.17250  6.80801e+00
 16  0.24116 -3.14325e+01 | 17  0.01291  1.75177e+00 | 18 -0.09629  4.36905e+00
 19 -0.03455  4.83228e+00 | 20  0.00046  8.35966e+00 | 21 -0.08397  6.34196e+00
 22  0.04514  1.21763e+00 | 23 -0.11195  6.21694e+00 | 24 -0.02640  1.09500e+01
 25  0.01766  8.22561e+00 | 26  0.03113  6.35663e+00 | 27 -0.10467  9.39177e+00
 28  0.02012  5.69695e+00 | 29  0.06134  5.14682e+00 | 30 -0.07291  6.02022e+00
 31 -0.17742  4.61781e+00 | 32  0.04404  8.20461e+00 | 33  0.06180 -3.31069e-01
 34  0.07138  1.26451e+00 | 35  0.05832  9.21555e+00 | 36 -0.03283  1.71750e+00
 37 -0.00680 -6.64251e+00 | 38  0.06988 -2.76652e+00 | 39 -0.05497  6.04250e+00
 40  0.22733 -2.04407e+01 | 41  0.03100  3.59144e-01 | 42  0.08677  1.05122e+01
 43 -0.06872 -4.76845e+00 | 44  0.18319 -5.96464e+01 | 45 -0.03408 -4.99211e+00
 46 -0.02556 -6.17839e+00 | 47 -0.01087 -8.24397e+00 | 48 -0.08555 -6.21288e+00
 49  0.11994 -5.95118e+01 | 50  0.02093 -1.28628e+01 | 51  0.00714 -1.28782e+01
 52  0.01821 -2.03802e+01 | 53 -0.04156  8.96524e-01 | 54  0.07440 -3.17424e+01
 55 -0.00357 -2.08714e+01 | 56 -0.05903  2.79642e+00 | 57 -0.06747  6.59013e+00
 58  0.07172 -9.25995e+00 | 59 -0.04842  5.69771e+00 | 60  0.00878 -3.42667e+00
 61 -0.01164  1.71375e+01 | 62  0.05341  2.57191e+01 | 63  0.08502 -2.18521e+01
 64 -0.07576  7.00326e+00 | 65 -0.02700  5.94402e+00 | 66  0.03050  3.37049e+01
 67 -0.00354  4.64750e+00 | 68 -0.05395  7.24438e+00 | 69  0.01964  8.57440e+00
 70 -0.00317 -6.36925e+00 | 71  0.13886  1.93596e+01 | 72 -0.07838  4.26829e+00
 73 -0.04272  6.82294e+00 | 74 -0.05254  1.24057e+01 | 75  0.00313  1.90817e+01
 76 -0.07082  1.05050e+01 | 77  0.01223  9.77575e+00 | 78 -0.51955  7.12802e+00
 79 -0.80679 -5.43763e-01 | 80 -0.81925  4.34032e+00 | 81 -0.83096  4.68912e-01
 82 -0.77600  2.11079e+00 | 83 -0.74399 -6.81373e-01 | 84 -0.78560 -4.37436e-01
 85 -0.81980  7.46698e+00 | 86 -0.79346  1.64420e+00 | 87 -0.74607  1.96224e-02
 88 -0.66702  1.71713e+00 | 89 -0.67714  1.49622e+00 | 90 -0.71343  2.40506e-01
 91 -0.70978  6.91366e-01 | 92 -0.71586  5.78329e-01 | 93 -0.70711 -2.47543e-01
 94 -0.73590  3.35841e-01 | 95 -0.73700  3.54347e-01 | 96 -0.73971 -2.14419e+00
 97 -0.72908 -1.20616e+00 | 98 -0.74300  2.53357e-04 | 99 -0.74112 -2.48444e+00
100 -0.71427  1.27090e+00 |101 -0.75012 -1.00684e+00 |102 -0.72602 -3.25143e-01
103 -0.71058  1.67072e+00 |104 -0.70557  1.46684e+00 |105 -0.70024  1.63570e+00
106 -0.72798  1.01056e+00 |107 -0.76792 -4.15446e+00 |108 -0.71036  1.39621e+00
109 -0.78121  3.05591e+00 |110 -0.72961  2.50851e+00 |111 -0.73544  2.25669e+00
112 -0.69190  3.57526e+00 |113 -0.70701  6.30943e+00 |114 -0.72551  5.15002e+00
115 -0.67186  2.57020e+00 |116 -0.69799  2.07074e+00 |117 -0.73449  2.67465e+00
118 -0.71772  3.99496e+00 |119 -0.71571  4.12515e+00 |120 -0.68125  3.39531e+00
121 -0.71068  3.16920e+00 |122 -0.67309  2.57085e+00 |123 -0.80783  7.45682e-01
124 -0.69882  4.48648e+00 |125 -0.74768  1.46855e+00 |126 -0.76624  1.70504e+00
127 -0.81932 -2.53533e-01 |128 -0.84965 -4.22782e+00 |129 -0.82636  1.32458e+00
130 -0.72847 -1.01208e+00 |131 -0.81441  5.96151e-01 |132 -0.79476  1.43303e+00
133 -0.77387  5.58179e-01 |134 -0.78455 -1.35767e+00 |135 -0.80404 -2.83108e-01
136 -0.80964 -1.51243e+00 |137 -0.78711 -5.02737e-01 |138 -0.80082 -1.12109e+00
139 -0.79559 -1.81635e-01 |140 -0.84939  2.39563e+00 |141 -0.84998 -1.76302e+00
142 -0.86698  1.87948e+00 |143 -0.89918  3.05355e-01 |144 -0.90250 -1.98659e+00
145  0.42063 -3.90939e+01 |146  0.22724 -2.90435e+02 |147  0.18583 -2.47822e+02
148  0.08876 -3.80391e-01 |149 -0.16753  4.06633e+01 |150 -0.20568 -7.03935e+00
151 -0.17391 -1.68421e+01 |152  0.00060 -1.88062e+02 |153  0.16842 -8.37840e+01
154 -0.02571 -1.86779e+01 |155  0.17459 -5.25109e+00 |156 -0.08817 -3.92712e-01
157  0.41890 -1.09855e-04 |158 -0.05276 -3.26202e+01 |159 -0.34531  3.28484e+01
160 -0.20792  1.20369e+01 |161 -0.22948  4.81259e+00 |162 -0.30869 -3.94032e-01
163  0.05789  2.11877e-01 |164 -0.16598 -1.45887e+00 |165  0.01148 -2.03456e+02
166  0.00337 -2.01926e+02 |167  0.00636 -1.99201e+02 |168 -0.00813 -1.90885e+02
169 -0.00606 -1.89541e+02 |170 -0.00283 -1.87461e+02 |171 -0.00264 -1.86407e+02
172 -0.00690 -1.86020e+02 |173  0.01875 -1.35089e+02 |174 -0.00179 -1.33421e+02
175 -0.00344 -1.31864e+02 |176 -0.01627 -1.29334e+02 |177  0.00392 -1.16526e+02
178 -0.01109 -1.16083e+02 |179  0.00694 -1.04426e+02 |180  0.00608 -9.90513e+01
181 -0.00283 -9.35597e+01 |182  0.01507 -8.85123e+01 |183 -0.01453 -8.46169e+01
184 -0.01335 -8.29822e+01 |185  0.00905 -9.11760e+01 |186  0.01927 -9.86088e+01
187  0.00176 -9.65583e+01 |188 -0.02663 -1.01221e+02 |189  0.02044 -1.03695e+02
190 -0.02308 -1.01431e+02 |191  0.02393 -1.06256e+02 |192  0.00063 -1.02381e+02
193  0.00199 -9.94252e+01 |194 -0.00985 -9.52489e+01 |195  0.01041 -8.45954e+01
196  0.01755 -8.00574e+01 |197 -0.01943 -6.02275e+01 |198 -0.01779 -5.73915e+01
199  0.00597 -5.33411e+01 |200  0.00393 -5.20352e+01 |201  0.00404 -3.80468e+01
202 -0.02075 -3.73415e+01 |203 -0.01177 -3.96975e+01 |204  0.02895 -3.99203e+01
205 -0.01148 -4.28774e+01 |206  0.01980 -3.03030e+01 |207 -0.00777 -3.25336e+01
208 -0.01925 -3.55804e+01 |209  0.00676 -4.51001e+01 |210  0.00344 -4.21589e+01
211 -0.00250 -3.10873e+01 |212  0.00617 -2.77057e+01 |213 -0.01803 -2.75584e+01
214 -0.00246 -3.12203e+01 |215  0.02553 -8.61353e+00 |216 -0.03136 -1.77923e+01
217  0.00849 -3.01025e+01 |218  0.02209 -1.22845e+01 |219  0.01973 -1.25439e+00
220 -0.00266  1.87808e+00 |221 -0.00454  2.74237e+00 |222 -0.01656  4.14406e+00
223  0.00202  3.29039e+00 |224 -0.00196  3.33446e+00 |225  0.00201  3.96025e+00
226 -0.00406  4.55944e+00 |227  0.00596  4.33074e+00 |228 -0.00713 -4.87919e+00
229 -0.01169 -6.18230e+00 |230  0.00172 -5.36319e+00 |231 -0.01070  2.14395e+00
232  0.01415  2.00282e+00 |233  0.00853 -1.28934e+03 |234  0.00106 -1.26492e+03
235 -0.00831 -1.18936e+03 |236  0.00758 -1.12904e+03 |237  0.00411 -1.00316e+03
238 -0.02077 -9.91407e+02 |239  0.01551 -9.55649e+02 |240 -0.00012 -9.32618e+02
241 -0.02494 -8.62470e+02 |242  0.01887 -8.41752e+02 |243 -0.00301 -8.27400e+02
244 -0.00079 -8.15946e+02 |245 -0.00088 -7.72813e+02 |246  0.00861 -7.37055e+02
247 -0.01010 -7.16451e+02 |248  0.00427 -6.87622e+02 |249  0.00205 -6.76531e+02
250  0.00206 -6.24699e+02 |251 -0.00659 -6.01594e+02 |252  0.00975 -5.96043e+02
253 -0.00982 -5.94132e+02 |254  0.00383 -5.68459e+02 |255  0.00037 -5.53304e+02
256  0.01028 -5.80395e+02 |257 -0.02590 -5.91301e+02 |258  0.01745 -5.81299e+02
259 -0.00776 -5.77325e+02 |260  0.00356 -5.92095e+02 |261 -0.00032 -5.72703e+02
262  0.00667 -5.67387e+02 |263 -0.00836 -5.95902e+02 |264  0.00012 -5.41471e+02
265  0.01243 -5.10961e+02 |266 -0.00541 -5.05589e+02 |267 -0.00415 -4.94997e+02
268  0.00209 -4.54388e+02 |269 -0.00017 -4.22414e+02 |270  0.00263 -3.83382e+02
271 -0.01825 -3.86169e+02 |272  0.00964 -3.61315e+02 |273  0.00856 -3.42605e+02
274 -0.00819 -3.21886e+02 |275  0.00822 -3.59678e+02 |276 -0.00490 -3.77840e+02
277 -0.00425 -3.92274e+02 |278  0.00625 -4.32847e+02 |279 -0.00549 -4.50542e+02
280  0.00295 -4.77652e+02 |281  0.00125 -4.24585e+02 |282 -0.00492 -3.99634e+02
283 -0.00659 -3.41301e+02 |284  0.01356 -2.56826e+02 |285 -0.00937 -2.76982e+02
286  0.00243 -2.72052e+02 |287  0.01250 -2.65160e+02 |288  0.00544 -2.93783e+02
289 -0.01023 -2.95983e+02 |290 -0.01384 -2.77094e+02 |291  0.01213 -2.29036e+02
292  0.00386 -2.45832e+02 |293 -0.00589 -2.15968e+02 |294 -0.00193 -2.13163e+02
295  0.00403 -2.33338e+02 |296 -0.00538 -2.78490e+02 |297  0.00439 -2.47092e+02
298 -0.01819 -2.44459e+02 |299  0.00736 -2.03432e+02 |300  0.00347 -9.28793e+01
301  0.00323 -1.07739e+03 |302  0.00427 -1.03043e+03 |303 -0.00206 -9.53787e+02
304 -0.00072 -9.17430e+02 |305  0.00261 -8.41246e+02 |306  0.01417 -8.42303e+02
307 -0.01415 -7.95078e+02 |308  0.00581 -7.45340e+02 |309  0.00167 -6.67369e+02
310 -0.02571 -6.47228e+02 |311  0.01225 -6.44070e+02 |312 -0.01041 -6.24123e+02
313 -0.00045 -5.70366e+02 |314 -0.00158 -4.99174e+02 |315  0.00303 -4.05491e+02
316 -0.00198 -3.33626e+02 |317  0.00207 -2.72442e+02 |318  0.00027 -2.08186e+02
319  0.00373 -1.57234e+02 |320  0.00026 -1.11105e+02 |321 -0.00226 -8.78211e+01
322  0.00034 -4.06717e+01 |323  0.00233 -1.54517e+01 |324  0.00215 -5.94702e+01
325  0.00652 -5.43587e+01 |326 -0.01495 -5.21112e+01 |327  0.00790 -4.73872e+01
328 -0.00238 -8.55857e+01 |329 -0.00003 -9.08252e+01 |330  0.00441 -9.88965e+01
331 -0.00347 -1.49101e+02 |332 -0.00098 -1.11272e+02 |333 -0.00230 -1.04264e+02
334  0.00758 -1.01574e+02 |335  0.00652 -1.45202e+02 |336 -0.00877 -1.13369e+02
337  0.00105 -1.11889e+02 |338  0.00229 -9.17811e+01 |339  0.00770 -8.64778e+01
340 -0.00970 -5.85206e+01 |341 -0.00370 -5.06333e+01 |342 -0.00030 -1.87145e+01
343 -0.00158 -5.88518e+01 |344  0.00577 -1.14385e+02 |345  0.00070 -1.33017e+02
346 -0.00610 -1.47168e+02 |347  0.00363 -1.44842e+02 |348 -0.00466 -1.62684e+02
349  0.00560 -1.23100e+02 |350 -0.00128 -1.42728e+02 |351 -0.00021 -1.30768e+02
352 -0.00382 -6.34116e+01 |353  0.00785 -1.01767e+02 |354 -0.00153 -8.25352e+01
355 -0.00496 -9.99330e+01 |356  0.00604 -1.51901e+02 |357  0.00517 -1.65884e+02
358  0.00263 -1.97787e+02 |359 -0.00983 -1.46641e+02 |360  0.00234 -2.17084e+02
361  0.00043 -1.69634e+02 |362  0.00001 -1.60575e+02 |363 -0.00002 -1.35105e+02
364  0.00099 -1.72100e+02 |365 -0.00424 -1.47522e+02 |366  0.01174 -2.10601e+02
367 -0.01841 -1.66497e+02 |368 -0.00606 -6.13887e+01 |
368 variables; iteration 160; function evaluation 165; phase 5
Function value 3.4158353e+03; maximum gradient component mag -1.2502e+03
Var    Value     Gradient |Var    Value     Gradient |Var    Value     Gradient
  1 -0.02019 -8.36678e+02 |  2  0.07170 -2.63646e+00 |  3  0.15732 -6.10876e+00
  4 -0.01850 -2.44440e+00 |  5 -0.07104 -3.43890e+00 |  6  0.06114 -3.12709e+00
  7  0.03592 -6.09684e+00 |  8 -0.01845 -9.07300e+00 |  9  0.03402 -9.35976e+00
 10  0.01847  3.86922e+00 | 11  0.21599 -1.18006e+01 | 12 -0.12098  5.79715e+00
 13 -0.03737  5.89777e+00 | 14 -0.15490  6.82531e+00 | 15 -0.17169  7.34675e+00
 16  0.24116 -2.97057e+01 | 17  0.01327  2.62359e+00 | 18 -0.09599  4.90118e+00
 19 -0.03439  5.37231e+00 | 20  0.00050  9.05157e+00 | 21 -0.08405  6.35897e+00
 22  0.04515  1.98905e+00 | 23 -0.11188  6.02700e+00 | 24 -0.02637  1.16228e+01
 25  0.01793  8.28355e+00 | 26  0.03088  6.07397e+00 | 27 -0.10421  1.04890e+01
 28  0.02016  5.07419e+00 | 29  0.06121  4.66148e+00 | 30 -0.07233  6.76848e+00
 31 -0.17721  5.19543e+00 | 32  0.04420  7.79073e+00 | 33  0.06141 -7.35928e-01
 34  0.07162  1.25835e+00 | 35  0.05797  8.37008e+00 | 36 -0.03291  8.38579e-01
 37 -0.00672 -6.80601e+00 | 38  0.06968 -3.77659e+00 | 39 -0.05508  5.93591e+00
 40  0.22736 -2.02418e+01 | 41  0.03103  4.45646e-01 | 42  0.08660  8.33197e+00
 43 -0.06880 -5.37431e+00 | 44  0.18316 -6.04526e+01 | 45 -0.03434 -6.09575e+00
 46 -0.02522 -2.03652e+00 | 47 -0.01092 -7.51455e+00 | 48 -0.08545 -5.11126e+00
 49  0.11997 -5.59629e+01 | 50  0.02089 -1.22253e+01 | 51  0.00713 -1.19612e+01
 52  0.01827 -1.73455e+01 | 53 -0.04157  1.45697e+00 | 54  0.07433 -3.34358e+01
 55 -0.00360 -2.02794e+01 | 56 -0.05915  1.76741e+00 | 57 -0.06759  4.60655e+00
 58  0.07178 -5.78626e+00 | 59 -0.04850  4.28498e+00 | 60  0.00880 -2.92462e+00
 61 -0.01166  1.68954e+01 | 62  0.05339  2.56007e+01 | 63  0.08499 -2.29357e+01
 64 -0.07583  6.17086e+00 | 65 -0.02698  6.39233e+00 | 66  0.03052  3.40554e+01
 67 -0.00346  6.02414e+00 | 68 -0.05397  6.40971e+00 | 69  0.01960  8.32036e+00
 70 -0.00310 -4.00384e+00 | 71  0.13871  1.26891e+01 | 72 -0.07851  3.23595e+00
 73 -0.04282  5.76073e+00 | 74 -0.05249  1.31395e+01 | 75  0.00315  1.91634e+01
 76 -0.07085  1.04424e+01 | 77  0.01231  1.05035e+01 | 78 -0.51900  7.24316e+00
 79 -0.80641  2.08633e-01 | 80 -0.81892  5.09059e+00 | 81 -0.83082  7.15542e-01
 82 -0.77578  2.50504e+00 | 83 -0.74335 -2.84896e-01 | 84 -0.78531  1.15261e-01
 85 -0.81958  8.02170e+00 | 86 -0.79351  1.52422e+00 | 87 -0.74625 -1.55776e-01
 88 -0.66698  1.64525e+00 | 89 -0.67655  2.06578e+00 | 90 -0.71313  5.80165e-01
 91 -0.70992  4.93475e-01 | 92 -0.71601  4.05107e-01 | 93 -0.70720 -2.83830e-01
 94 -0.73577  6.53791e-01 | 95 -0.73713  1.45629e-01 | 96 -0.73978 -2.13517e+00
 97 -0.72909 -1.13217e+00 | 98 -0.74328 -3.56375e-01 | 99 -0.74133 -2.49033e+00
100 -0.71447  1.34407e+00 |101 -0.74986 -4.47540e-01 |102 -0.72605 -3.59662e-01
103 -0.71045  1.99964e+00 |104 -0.70571  1.34645e+00 |105 -0.70037  1.55997e+00
106 -0.72776  1.38256e+00 |107 -0.76777 -3.96056e+00 |108 -0.71039  1.41654e+00
109 -0.78135  2.79008e+00 |110 -0.72958  2.58056e+00 |111 -0.73570  1.99626e+00
112 -0.69174  3.65469e+00 |113 -0.70711  6.07886e+00 |114 -0.72561  4.77900e+00
115 -0.67216  2.06358e+00 |116 -0.69806  1.77831e+00 |117 -0.73473  2.17716e+00
118 -0.71798  3.33383e+00 |119 -0.71593  3.66554e+00 |120 -0.68142  3.09952e+00
121 -0.71086  2.80453e+00 |122 -0.67320  2.40440e+00 |123 -0.80773  1.03004e+00
124 -0.69882  4.44368e+00 |125 -0.74783  1.34101e+00 |126 -0.76642  1.43621e+00
127 -0.81937 -3.50540e-01 |128 -0.84942 -3.32097e+00 |129 -0.82644  1.17385e+00
130 -0.72852 -1.02605e+00 |131 -0.81395  1.66932e+00 |132 -0.79472  1.60694e+00
133 -0.77386  6.94119e-01 |134 -0.78471 -1.46049e+00 |135 -0.80418 -5.16274e-01
136 -0.80992 -2.05831e+00 |137 -0.78686  2.58334e-01 |138 -0.80076 -9.52097e-01
139 -0.79531  5.11731e-01 |140 -0.84937  2.41889e+00 |141 -0.85002 -2.23280e+00
142 -0.86693  1.95712e+00 |143 -0.89913  4.87442e-01 |144 -0.90255 -2.56546e+00
145  0.41072 -3.87705e+01 |146  0.22926 -2.81272e+02 |147  0.17878 -2.36243e+02
148  0.08877 -3.00580e-01 |149 -0.16758  3.69262e+01 |150 -0.20559 -4.32512e+00
151 -0.17394 -1.70823e+01 |152  0.00060 -1.85604e+02 |153  0.16842 -8.23255e+01
154 -0.02571 -1.84651e+01 |155  0.17460 -4.36801e+00 |156 -0.08726 -1.68022e-01
157  0.41890 -1.06686e-04 |158 -0.05276 -3.31214e+01 |159 -0.34528  3.46566e+01
160 -0.20787  1.19983e+01 |161 -0.22984  4.09508e+00 |162 -0.30839 -3.39126e-01
163  0.05768 -5.33820e-01 |164 -0.16581 -9.91576e-01 |165  0.01242 -1.99091e+02
166  0.00475 -1.97235e+02 |167  0.00600 -1.94992e+02 |168 -0.00544 -1.86081e+02
169 -0.00627 -1.85609e+02 |170 -0.00554 -1.84366e+02 |171 -0.00583 -1.83440e+02
172 -0.00371 -1.81058e+02 |173  0.01852 -1.31752e+02 |174  0.00016 -1.29312e+02
175 -0.00488 -1.28815e+02 |176 -0.01635 -1.26001e+02 |177  0.00367 -1.13669e+02
178 -0.01094 -1.12484e+02 |179  0.00720 -1.00240e+02 |180  0.00622 -9.55187e+01
181 -0.00294 -9.14989e+01 |182  0.01473 -8.78698e+01 |183 -0.01459 -8.38045e+01
184 -0.01288 -8.14507e+01 |185  0.00872 -9.20344e+01 |186  0.02082 -9.89186e+01
187 -0.00429 -9.97372e+01 |188 -0.02173 -1.00335e+02 |189  0.01977 -1.06331e+02
190 -0.02262 -1.02276e+02 |191  0.02405 -1.08047e+02 |192  0.00043 -1.05202e+02
193  0.00164 -1.02313e+02 |194 -0.00973 -9.75364e+01 |195  0.01075 -8.62223e+01
196  0.01770 -8.19031e+01 |197 -0.01954 -6.27925e+01 |198 -0.01810 -6.02011e+01
199  0.00582 -5.57081e+01 |200  0.00422 -5.41092e+01 |201  0.00384 -4.09584e+01
202 -0.02038 -3.99842e+01 |203 -0.01204 -4.26703e+01 |204  0.02939 -4.17107e+01
205 -0.01196 -4.55107e+01 |206  0.01978 -3.15708e+01 |207 -0.00759 -3.35004e+01
208 -0.01907 -3.66391e+01 |209  0.00643 -4.88336e+01 |210  0.00346 -4.52883e+01
211 -0.00243 -3.30389e+01 |212  0.00631 -2.95657e+01 |213 -0.01779 -2.97022e+01
214 -0.00294 -3.66530e+01 |215  0.02638 -1.06344e+01 |216 -0.03247 -2.24718e+01
217  0.00891 -2.88995e+01 |218  0.02195 -1.17419e+01 |219  0.02029 -6.34337e-02
220 -0.00180  2.83788e+00 |221 -0.00518  3.19527e+00 |222 -0.01741  4.32962e+00
223  0.00254  4.43493e+00 |224 -0.00198  3.47279e+00 |225  0.00183  3.61535e+00
226 -0.00444  3.90991e+00 |227  0.00629  4.83933e+00 |228 -0.00718 -5.10898e+00
229 -0.01189 -6.58135e+00 |230  0.00194 -4.86342e+00 |231 -0.01082  1.72928e+00
232  0.01418  1.88832e+00 |233  0.00811 -1.25020e+03 |234  0.00083 -1.22750e+03
235 -0.00796 -1.15141e+03 |236  0.00745 -1.09415e+03 |237  0.00408 -9.70529e+02
238 -0.02037 -9.58968e+02 |239  0.01504 -9.24353e+02 |240  0.00047 -9.01613e+02
241 -0.02555 -8.33721e+02 |242  0.01900 -8.10684e+02 |243 -0.00304 -7.96548e+02
244 -0.00079 -7.84816e+02 |245 -0.00092 -7.44394e+02 |246  0.00867 -7.07391e+02
247 -0.01014 -6.88142e+02 |248  0.00435 -6.59174e+02 |249  0.00194 -6.51044e+02
250  0.00218 -5.99451e+02 |251 -0.00673 -5.79307e+02 |252  0.00981 -5.71909e+02
253 -0.00976 -5.69750e+02 |254  0.00375 -5.47997e+02 |255  0.00051 -5.31614e+02
256  0.01012 -5.58580e+02 |257 -0.02578 -5.70934e+02 |258  0.01734 -5.62813e+02
259 -0.00760 -5.56859e+02 |260  0.00341 -5.73535e+02 |261 -0.00018 -5.54274e+02
262  0.00658 -5.50492e+02 |263 -0.00839 -5.77963e+02 |264  0.00016 -5.24504e+02
265  0.01247 -4.93169e+02 |266 -0.00545 -4.89968e+02 |267 -0.00409 -4.78528e+02
268  0.00217 -4.39209e+02 |269 -0.00031 -4.10960e+02 |270  0.00254 -3.73015e+02
271 -0.01812 -3.74085e+02 |272  0.00966 -3.50262e+02 |273  0.00857 -3.34462e+02
274 -0.00824 -3.14443e+02 |275  0.00822 -3.51410e+02 |276 -0.00490 -3.70333e+02
277 -0.00426 -3.84513e+02 |278  0.00623 -4.26554e+02 |279 -0.00546 -4.40523e+02
280  0.00297 -4.68751e+02 |281  0.00119 -4.16142e+02 |282 -0.00476 -3.91553e+02
283 -0.00678 -3.37079e+02 |284  0.01377 -2.50327e+02 |285 -0.00954 -2.71574e+02
286  0.00246 -2.65373e+02 |287  0.01245 -2.59315e+02 |288  0.00550 -2.82998e+02
289 -0.01028 -2.87608e+02 |290 -0.01375 -2.68095e+02 |291  0.01211 -2.22153e+02
292  0.00386 -2.39824e+02 |293 -0.00609 -2.12256e+02 |294 -0.00184 -2.04406e+02
295  0.00408 -2.23186e+02 |296 -0.00531 -2.67293e+02 |297  0.00432 -2.38614e+02
298 -0.01795 -2.34634e+02 |299  0.00720 -1.97321e+02 |300  0.00342 -9.24134e+01
301  0.00493 -1.02323e+03 |302  0.00429 -9.75627e+02 |303 -0.00223 -9.02882e+02
304 -0.00064 -8.70023e+02 |305  0.00260 -7.95045e+02 |306  0.01392 -7.95858e+02
307 -0.01376 -7.48876e+02 |308  0.00551 -7.03038e+02 |309  0.00195 -6.26001e+02
310 -0.02584 -6.04178e+02 |311  0.01227 -5.99659e+02 |312 -0.01037 -5.78784e+02
313 -0.00047 -5.28475e+02 |314 -0.00159 -4.57985e+02 |315  0.00303 -3.67733e+02
316 -0.00201 -2.97666e+02 |317  0.00214 -2.36873e+02 |318  0.00020 -1.75458e+02
319  0.00381 -1.25717e+02 |320  0.00015 -8.21936e+01 |321 -0.00222 -5.89689e+01
322  0.00037 -1.30289e+01 |323  0.00227  1.10288e+01 |324  0.00222 -3.28205e+01
325  0.00645 -2.79634e+01 |326 -0.01493 -2.66457e+01 |327  0.00783 -2.13198e+01
328 -0.00225 -5.94967e+01 |329 -0.00019 -6.59677e+01 |330  0.00454 -6.90239e+01
331 -0.00347 -1.21045e+02 |332 -0.00108 -8.52471e+01 |333 -0.00226 -7.47894e+01
334  0.00758 -7.35983e+01 |335  0.00649 -1.15911e+02 |336 -0.00875 -8.41340e+01
337  0.00111 -8.37879e+01 |338  0.00227 -6.59788e+01 |339  0.00772 -6.25886e+01
340 -0.00976 -3.65323e+01 |341 -0.00368 -2.90798e+01 |342 -0.00030  1.93760e+00
343 -0.00156 -3.76060e+01 |344  0.00570 -9.54484e+01 |345  0.00079 -1.10954e+02
346 -0.00615 -1.29744e+02 |347  0.00365 -1.25787e+02 |348 -0.00469 -1.45897e+02
349  0.00560 -1.06752e+02 |350 -0.00133 -1.26966e+02 |351 -0.00008 -1.15080e+02
352 -0.00396 -4.99780e+01 |353  0.00793 -8.37382e+01 |354 -0.00153 -6.45521e+01
355 -0.00499 -8.39179e+01 |356  0.00610 -1.31943e+02 |357  0.00510 -1.52538e+02
358  0.00262 -1.82199e+02 |359 -0.00985 -1.32622e+02 |360  0.00240 -1.99377e+02
361  0.00049 -1.54347e+02 |362  0.00002 -1.47200e+02 |363 -0.00009 -1.25553e+02
364  0.00094 -1.63790e+02 |365 -0.00420 -1.38290e+02 |366  0.01157 -2.01474e+02
367 -0.01821 -1.59285e+02 |368 -0.00606 -6.04781e+01 |
368 variables; iteration 180; function evaluation 185; phase 5
Function value 3.4142561e+03; maximum gradient component mag -7.5732e+02
Var    Value     Gradient |Var    Value     Gradient |Var    Value     Gradient
  1 -0.02017 -2.26246e+02 |  2  0.06886 -2.92722e+00 |  3  0.15714 -4.67643e+00
  4 -0.01559 -1.00725e+00 |  5 -0.07695 -6.07741e+00 |  6  0.05897 -7.99427e+00
  7  0.03372 -6.33186e+00 |  8 -0.01560 -2.19860e+00 |  9  0.03638 -1.93730e+00
 10  0.01673 -1.04738e+00 | 11  0.21584 -1.38161e+01 | 12 -0.12008  9.33878e-01
 13 -0.03802  1.81204e-02 | 14 -0.15164  2.64238e+00 | 15 -0.17591 -5.97294e-01
 16  0.24148 -2.03602e+01 | 17  0.01174 -2.59225e+00 | 18 -0.09609 -1.52084e+00
 19 -0.03454 -2.65203e+00 | 20  0.00035 -2.35039e+00 | 21 -0.08493 -3.69465e+00
 22  0.04557 -3.89641e+00 | 23 -0.11290 -1.24531e+00 | 24 -0.02727 -3.15225e+00
 25  0.01847 -2.92138e+00 | 26  0.03071 -4.17289e+00 | 27 -0.10522 -9.24461e-01
 28  0.02145 -4.98891e+00 | 29  0.06097 -7.87517e+00 | 30 -0.07395 -9.29226e-01
 31 -0.17771 -6.82703e-01 | 32  0.04367 -7.27606e+00 | 33  0.06262 -4.34930e+00
 34  0.07096 -4.34264e+00 | 35  0.05721 -6.33172e+00 | 36 -0.03433 -9.09193e-04
 37 -0.00651 -9.21403e-01 | 38  0.07144 -2.61148e+00 | 39 -0.05491  6.51151e-01
 40  0.22762 -6.61967e+00 | 41  0.03112 -5.04138e-01 | 42  0.08579 -7.91980e-01
 43 -0.06655  3.13437e+00 | 44  0.18413  1.07394e+01 | 45 -0.03392  2.46206e+00
 46 -0.02547  1.77541e+00 | 47 -0.01023  9.05999e+00 | 48 -0.08463  4.53108e+00
 49  0.12094  8.20644e+00 | 50  0.02147  1.22535e+01 | 51  0.00803  1.16507e+01
 52  0.01842  1.27785e+00 | 53 -0.04160  7.71508e+00 | 54  0.07469  5.28784e+00
 55 -0.00324  3.11916e+00 | 56 -0.05908  8.31880e+00 | 57 -0.06838 -9.59490e+00
 58  0.07191  6.84535e+00 | 59 -0.04807  1.12910e+01 | 60  0.00933  1.61178e+01
 61 -0.01185  5.75872e+00 | 62  0.05259 -4.83301e+00 | 63  0.08555  6.40962e-01
 64 -0.07624 -2.99834e+00 | 65 -0.02670  4.22106e+00 | 66  0.02952 -5.81662e+00
 67 -0.00335  2.25378e-01 | 68 -0.05380 -6.72656e-01 | 69  0.01960 -3.19022e+00
 70 -0.00267 -2.81641e-01 | 71  0.13850  2.12914e+00 | 72 -0.07811  4.27536e-01
 73 -0.04228  7.87166e+00 | 74 -0.05193  4.73170e+00 | 75  0.00374  8.20799e+00
 76 -0.07034  5.54858e+00 | 77  0.01236  1.20181e+00 | 78 -0.51756  7.93217e+00
 79 -0.80671 -1.68708e+00 | 80 -0.81976  1.44576e+00 | 81 -0.83057  1.78689e+00
 82 -0.77577  2.23246e+00 | 83 -0.74196  1.61572e+00 | 84 -0.78493 -9.57216e-02
 85 -0.82165  4.87962e-01 | 86 -0.79312  2.11273e+00 | 87 -0.74390  3.02940e+00
 88 -0.66678  1.07744e+00 | 89 -0.67778  1.09585e+00 | 90 -0.71239  1.91033e+00
 91 -0.70940  1.50645e+00 | 92 -0.71509  1.82029e+00 | 93 -0.70575  1.73254e+00
 94 -0.73528  2.21528e+00 | 95 -0.73689  1.38363e+00 | 96 -0.73809  1.37096e+00
 97 -0.72836  1.38802e+00 | 98 -0.74336  5.84146e-01 | 99 -0.73854  1.74704e+00
100 -0.71503 -6.43151e-02 |101 -0.74863  1.51828e+00 |102 -0.72559  6.25543e-01
103 -0.71068  1.33233e+00 |104 -0.70527  1.30998e+00 |105 -0.69931  7.88559e-01
106 -0.72653  1.08093e+00 |107 -0.76478  1.31387e+00 |108 -0.70966  9.42443e-01
109 -0.78119  5.01692e-01 |110 -0.72873  1.36528e+00 |111 -0.73558 -3.79781e-02
112 -0.69059  5.95659e-01 |113 -0.70669 -8.34067e-01 |114 -0.72547 -2.41390e-01
115 -0.67052 -2.00040e+00 |116 -0.69649  1.73566e-01 |117 -0.73444 -3.27024e-01
118 -0.71674  1.15640e-01 |119 -0.71534  1.55826e-01 |120 -0.68005  4.68849e-01
121 -0.71119 -9.94059e-01 |122 -0.67244 -8.78606e-02 |123 -0.80722  4.38745e-01
124 -0.69974 -1.04517e+00 |125 -0.74802 -8.76046e-01 |126 -0.76665 -5.13050e-01
127 -0.81882  4.32680e-01 |128 -0.84882  3.12523e-02 |129 -0.82724 -1.05785e+00
130 -0.72777 -2.41170e-01 |131 -0.81489 -5.14547e-01 |132 -0.79630 -8.66972e-01
133 -0.77389  4.16845e-01 |134 -0.78373 -3.00685e-01 |135 -0.80357  9.01465e-01
136 -0.80906  6.74625e-01 |137 -0.78750 -1.74904e-01 |138 -0.80082 -6.56653e-01
139 -0.79623 -1.68398e+00 |140 -0.85039 -2.18276e+00 |141 -0.85015 -1.58382e+00
142 -0.86735  7.09070e-01 |143 -0.89966 -2.79344e+00 |144 -0.90243  2.48420e+00
145  0.43739 -3.96385e+01 |146  0.25092 -1.43618e+02 |147  0.14667 -1.77697e+02
148  0.08881 -4.39296e-01 |149 -0.16815 -8.51979e+00 |150 -0.20560 -1.03519e+00
151 -0.17329  1.48438e+01 |152  0.00068  3.58722e+00 |153  0.16878  6.39802e+00
154 -0.02576 -4.12390e+00 |155  0.17430 -4.60773e+00 |156 -0.08709 -2.68394e-03
157  0.41890  1.17535e-05 |158 -0.05235  1.56950e+00 |159 -0.34478  4.72946e+01
160 -0.20796  8.55435e+00 |161 -0.23103  1.30574e+00 |162 -0.30756  5.40761e-01
163  0.05861  8.71039e-01 |164 -0.16619 -3.57906e-02 |165  0.01336 -2.10300e+02
166  0.00395 -2.10375e+02 |167  0.00311 -2.09553e+02 |168 -0.00284 -2.01554e+02
169 -0.00833 -2.02456e+02 |170 -0.00525 -2.00994e+02 |171 -0.00295 -1.99736e+02
172 -0.00679 -1.99773e+02 |173  0.01661 -1.66631e+02 |174  0.00215 -1.63857e+02
175 -0.00265 -1.63677e+02 |176 -0.02073 -1.64375e+02 |177  0.00187 -1.58487e+02
178 -0.00958 -1.54474e+02 |179  0.00787 -1.49185e+02 |180  0.00621 -1.48841e+02
181 -0.00436 -1.48742e+02 |182  0.01601 -1.43299e+02 |183 -0.01459 -1.41664e+02
184 -0.01521 -1.42008e+02 |185  0.00935 -1.38505e+02 |186  0.01822 -1.38092e+02
187 -0.00147 -1.35218e+02 |188 -0.02147 -1.35949e+02 |189  0.02029 -1.36049e+02
190 -0.02365 -1.32879e+02 |191  0.02490 -1.28204e+02 |192  0.00130 -1.25011e+02
193  0.00185 -1.23725e+02 |194 -0.00901 -1.20217e+02 |195  0.01159 -1.13417e+02
196  0.01816 -1.11969e+02 |197 -0.02065 -9.97745e+01 |198 -0.01918 -9.89282e+01
199  0.00546 -9.77533e+01 |200  0.00388 -9.68066e+01 |201  0.00269 -8.94805e+01
202 -0.02091 -8.77679e+01 |203 -0.01113 -8.66219e+01 |204  0.02813 -8.04229e+01
205 -0.00979 -8.04548e+01 |206  0.01840 -7.42916e+01 |207 -0.00832 -7.39842e+01
208 -0.01843 -7.30426e+01 |209  0.00798 -7.11685e+01 |210  0.00414 -6.94405e+01
211 -0.00378 -6.58099e+01 |212  0.00572 -5.96755e+01 |213 -0.01891 -5.93755e+01
214 -0.00086 -5.24323e+01 |215  0.02151 -5.20136e+01 |216 -0.02790 -4.63010e+01
217  0.00982 -4.47563e+01 |218  0.02325 -3.85213e+01 |219  0.01848 -3.88438e+01
220 -0.00212 -3.56509e+01 |221 -0.00427 -3.49677e+01 |222 -0.01971 -3.51467e+01
223  0.00257 -3.08659e+01 |224 -0.00172 -2.76013e+01 |225  0.00224 -2.65905e+01
226 -0.00375 -2.47132e+01 |227  0.00440 -2.32626e+01 |228 -0.00657 -1.66261e+01
229 -0.01103 -1.58104e+01 |230  0.00270 -1.32812e+01 |231 -0.01232 -1.35063e+01
232  0.01437 -1.20900e+00 |233  0.00425 -6.47043e+02 |234  0.00244 -6.29952e+02
235 -0.01011 -6.09539e+02 |236  0.00843 -5.78577e+02 |237  0.00505 -5.34550e+02
238 -0.02369 -5.28560e+02 |239  0.01868 -5.10287e+02 |240 -0.00136 -5.01893e+02
241 -0.02644 -4.58790e+02 |242  0.01914 -4.39785e+02 |243 -0.00324 -4.32233e+02
244 -0.00081 -4.24434e+02 |245 -0.00089 -4.20803e+02 |246  0.00856 -4.06926e+02
247 -0.01052 -4.04474e+02 |248  0.00451 -3.79487e+02 |249  0.00254 -3.70762e+02
250  0.00207 -3.57553e+02 |251 -0.00719 -3.51652e+02 |252  0.01035 -3.34236e+02
253 -0.01002 -3.27449e+02 |254  0.00362 -3.17439e+02 |255  0.00011 -3.04677e+02
256  0.01043 -3.01138e+02 |257 -0.02510 -3.01780e+02 |258  0.01705 -2.85082e+02
259 -0.00782 -2.73461e+02 |260  0.00395 -2.63933e+02 |261 -0.00083 -2.62617e+02
262  0.00690 -2.52260e+02 |263 -0.00786 -2.41643e+02 |264 -0.00052 -2.39116e+02
265  0.01246 -2.18160e+02 |266 -0.00519 -2.11968e+02 |267 -0.00373 -2.01136e+02
268  0.00257 -1.93963e+02 |269 -0.00072 -1.87328e+02 |270  0.00216 -1.78561e+02
271 -0.01792 -1.78626e+02 |272  0.00967 -1.71946e+02 |273  0.00807 -1.65607e+02
274 -0.00811 -1.53647e+02 |275  0.00806 -1.47454e+02 |276 -0.00469 -1.36104e+02
277 -0.00473 -1.36278e+02 |278  0.00610 -1.34423e+02 |279 -0.00511 -1.20415e+02
280  0.00373 -9.87425e+01 |281  0.00162 -9.78581e+01 |282 -0.00489 -9.20667e+01
283 -0.00718 -8.82644e+01 |284  0.01304 -8.09183e+01 |285 -0.01006 -7.19001e+01
286  0.00340 -5.34506e+01 |287  0.01225 -4.57859e+01 |288  0.00542 -4.53314e+01
289 -0.00895 -3.45739e+01 |290 -0.01493 -3.07710e+01 |291  0.01213 -3.12542e+01
292  0.00423 -1.62778e+01 |293 -0.00629 -1.15571e+01 |294 -0.00323 -1.16637e+01
295  0.00469  1.75203e+00 |296 -0.00457  1.74702e+01 |297  0.00475  2.63655e+01
298 -0.01843  2.62679e+01 |299  0.00805  2.42654e+01 |300  0.00335  1.68163e+01
301  0.01232 -7.57316e+02 |302  0.00467 -7.14147e+02 |303 -0.00248 -6.87447e+02
304 -0.00126 -6.53705e+02 |305  0.00296 -6.24357e+02 |306  0.01696 -6.02471e+02
307 -0.01632 -5.80855e+02 |308  0.00608 -5.57494e+02 |309  0.00120 -5.09256e+02
310 -0.02609 -4.93271e+02 |311  0.01270 -4.80939e+02 |312 -0.00998 -4.75172e+02
313 -0.00058 -4.83823e+02 |314 -0.00146 -4.67818e+02 |315  0.00327 -4.49421e+02
316 -0.00236 -4.32206e+02 |317  0.00180 -4.22661e+02 |318  0.00029 -4.08458e+02
319  0.00404 -3.95354e+02 |320 -0.00029 -3.79584e+02 |321 -0.00180 -3.65733e+02
322  0.00018 -3.56886e+02 |323  0.00141 -3.47559e+02 |324  0.00251 -3.32876e+02
325  0.00628 -3.19516e+02 |326 -0.01435 -3.03657e+02 |327  0.00714 -3.02662e+02
328 -0.00223 -2.82950e+02 |329  0.00034 -2.70365e+02 |330  0.00379 -2.70556e+02
331 -0.00260 -2.49306e+02 |332 -0.00087 -2.38789e+02 |333 -0.00254 -2.31981e+02
334  0.00665 -2.31006e+02 |335  0.00740 -2.12476e+02 |336 -0.00900 -2.10834e+02
337  0.00101 -2.04043e+02 |338  0.00261 -1.97306e+02 |339  0.00773 -1.97508e+02
340 -0.00997 -1.88426e+02 |341 -0.00311 -1.81421e+02 |342 -0.00106 -1.84939e+02
343 -0.00215 -1.77168e+02 |344  0.00663 -1.53285e+02 |345  0.00088 -1.59207e+02
346 -0.00615 -1.51159e+02 |347  0.00337 -1.45320e+02 |348 -0.00424 -1.23395e+02
349  0.00481 -1.26344e+02 |350 -0.00151 -1.17640e+02 |351  0.00082 -9.83811e+01
352 -0.00461 -9.73096e+01 |353  0.00910 -7.95160e+01 |354 -0.00268 -8.27965e+01
355 -0.00500 -6.55737e+01 |356  0.00629 -6.28021e+01 |357  0.00482 -5.66166e+01
358  0.00385 -4.01034e+01 |359 -0.01113 -4.67224e+01 |360  0.00314 -3.71722e+01
361  0.00042 -2.74781e+01 |362  0.00101 -2.98575e+01 |363 -0.00132 -3.53083e+01
364  0.00100 -2.54218e+01 |365 -0.00484 -1.02593e+01 |366  0.01281  1.33641e+00
367 -0.01837  4.53490e-01 |368 -0.00642 -3.59725e+00 |
368 variables; iteration 200; function evaluation 205; phase 5
Function value 3.4141031e+03; maximum gradient component mag -1.9880e+02
Var    Value     Gradient |Var    Value     Gradient |Var    Value     Gradient
  1 -0.02010 -1.13644e+02 |  2  0.06952 -1.63947e+00 |  3  0.15715 -2.60835e+00
  4 -0.01969 -1.55970e+00 |  5 -0.07133 -3.24919e+00 |  6  0.05776 -7.38227e+00
  7  0.03354 -4.11211e+00 |  8 -0.01508 -8.52364e-01 |  9  0.03596 -1.06561e+00
 10  0.01561 -1.00245e+00 | 11  0.21590 -7.40830e+00 | 12 -0.12074  6.45429e-01
 13 -0.03689  2.02366e+00 | 14 -0.15288  1.81753e+00 | 15 -0.17104  1.71387e+00
 16  0.24121 -8.34597e+00 | 17  0.01226  2.66948e-01 | 18 -0.09564 -4.61932e-01
 19 -0.03489 -1.93027e+00 | 20 -0.00018 -2.77325e+00 | 21 -0.08369 -1.51608e+00
 22  0.04491 -3.24453e+00 | 23 -0.11259 -1.16102e+00 | 24 -0.02766 -4.15134e+00
 25  0.01769 -4.56653e+00 | 26  0.03062 -3.35540e+00 | 27 -0.10539 -1.60590e+00
 28  0.02114 -5.31289e+00 | 29  0.06060 -6.41628e+00 | 30 -0.07358 -1.20590e+00
 31 -0.17539  7.72198e-01 | 32  0.04335 -6.47025e+00 | 33  0.06300 -3.03529e+00
 34  0.07115 -3.29706e+00 | 35  0.05672 -7.36318e+00 | 36 -0.03413 -3.34085e-01
 37 -0.00613  5.68610e-01 | 38  0.07141 -2.63363e+00 | 39 -0.05506 -3.69458e-01
 40  0.22738 -7.31387e+00 | 41  0.03125  6.83656e-01 | 42  0.08553 -2.70864e+00
 43 -0.06667  3.45741e+00 | 44  0.18406  1.69217e+01 | 45 -0.03409  2.82383e+00
 46 -0.02555  2.86671e+00 | 47 -0.01036  9.71076e+00 | 48 -0.08447  6.25606e+00
 49  0.12093  1.39003e+01 | 50  0.02133  1.23334e+01 | 51  0.00784  1.04483e+01
 52  0.01820 -1.38557e-01 | 53 -0.04181  5.74552e+00 | 54  0.07463  7.63929e+00
 55 -0.00322  4.93518e+00 | 56 -0.05920  7.01222e+00 | 57 -0.06844 -9.59461e+00
 58  0.07179  5.18781e+00 | 59 -0.04841  6.11085e+00 | 60  0.00923  1.41568e+01
 61 -0.01214 -2.76911e-01 | 62  0.05246 -8.43417e+00 | 63  0.08562  2.62016e+00
 64 -0.07612 -2.04457e+00 | 65 -0.02669  4.67286e+00 | 66  0.02935 -1.10378e+01
 67 -0.00343 -2.62446e-01 | 68 -0.05377 -2.37212e-01 | 69  0.01937 -7.39362e+00
 70 -0.00271  2.08666e-02 | 71  0.13834 -1.54694e+00 | 72 -0.07812  1.82375e-01
 73 -0.04242  6.17263e+00 | 74 -0.05208  1.64899e+00 | 75  0.00342 -2.08035e-01
 76 -0.07083  1.04846e+00 | 77  0.01237  1.14091e+00 | 78 -0.51985  4.22101e+00
 79 -0.80565  2.19100e-01 | 80 -0.82000  2.76388e-01 | 81 -0.83061  1.31898e+00
 82 -0.77701 -4.03539e-02 | 83 -0.74325  9.53876e-02 | 84 -0.78482  2.22307e-01
 85 -0.82172 -6.10787e-01 | 86 -0.79293  1.69809e+00 | 87 -0.74509  6.78400e-01
 88 -0.66566  1.30839e+00 | 89 -0.67688  1.50896e+00 | 90 -0.71228  1.82007e+00
 91 -0.70902  1.31758e+00 | 92 -0.71542  9.79856e-01 | 93 -0.70624  6.40266e-01
 94 -0.73553  1.07801e+00 | 95 -0.73672  1.08924e+00 | 96 -0.73790  1.18123e+00
 97 -0.72796  1.30737e+00 | 98 -0.74237  1.33955e+00 | 99 -0.73850  1.48728e+00
100 -0.71420  9.23646e-01 |101 -0.74845  1.48107e+00 |102 -0.72474  1.54224e+00
103 -0.71020  1.60170e+00 |104 -0.70464  1.61667e+00 |105 -0.69911  8.13997e-01
106 -0.72684  5.72327e-01 |107 -0.76433  2.02216e+00 |108 -0.70980  4.14517e-01
109 -0.78134 -1.37240e-01 |110 -0.72891  7.00819e-01 |111 -0.73508  2.95669e-01
112 -0.69067  8.50512e-02 |113 -0.70658 -1.26254e+00 |114 -0.72541 -7.13901e-01
115 -0.66942 -1.22316e+00 |116 -0.69728 -1.15136e+00 |117 -0.73443 -5.72391e-01
118 -0.71704 -8.12051e-01 |119 -0.71562 -7.39798e-01 |120 -0.68074 -8.80027e-01
121 -0.71066 -4.54042e-01 |122 -0.67279 -7.05681e-01 |123 -0.80743 -2.23424e-01
124 -0.69946 -7.97203e-01 |125 -0.74790 -6.32281e-01 |126 -0.76669 -6.12599e-01
127 -0.81884  4.86673e-01 |128 -0.84825  2.06760e+00 |129 -0.82681  2.18620e-01
130 -0.72750  2.41577e-01 |131 -0.81483 -2.82609e-01 |132 -0.79514  7.86338e-01
133 -0.77371  6.03120e-01 |134 -0.78324  3.39952e-01 |135 -0.80383  3.84333e-01
136 -0.80900  6.93257e-01 |137 -0.78727  2.06053e-01 |138 -0.80065 -4.67502e-01
139 -0.79594 -1.26983e+00 |140 -0.85019 -1.55659e+00 |141 -0.84978 -2.04448e-01
142 -0.86756 -8.52896e-01 |143 -0.89950 -1.75056e+00 |144 -0.90254  7.05674e-01
145  0.42385 -2.57768e+01 |146  0.23257 -2.82290e+01 |147  0.18150 -4.60220e+01
148  0.08882 -6.28678e-01 |149 -0.16822 -1.59321e+01 |150 -0.20564 -6.67566e+00
151 -0.17306  1.16888e+01 |152  0.00069  2.76880e+01 |153  0.16881  1.76415e+01
154 -0.02577 -1.41037e+00 |155  0.17433 -4.44969e+00 |156 -0.08771 -2.14209e-01
157  0.41890  3.60887e-05 |158 -0.05223  7.09312e+00 |159 -0.34482  3.66101e+01
160 -0.20776  5.01979e+00 |161 -0.23111  5.31966e-01 |162 -0.30711  7.44601e-01
163  0.05802 -3.75255e-01 |164 -0.16630 -9.46434e-01 |165  0.01346 -1.33233e+02
166  0.00540 -1.32548e+02 |167  0.00464 -1.31649e+02 |168 -0.00441 -1.24847e+02
169 -0.00471 -1.24457e+02 |170 -0.00579 -1.24137e+02 |171 -0.00646 -1.23748e+02
172 -0.00550 -1.22489e+02 |173  0.01741 -9.17695e+01 |174  0.00068 -8.98277e+01
175 -0.00448 -8.96406e+01 |176 -0.01765 -8.84414e+01 |177  0.00193 -8.62545e+01
178 -0.00992 -8.35891e+01 |179  0.00778 -8.15723e+01 |180  0.00588 -8.12970e+01
181 -0.00346 -8.03434e+01 |182  0.01578 -8.06377e+01 |183 -0.01522 -7.97351e+01
184 -0.01488 -7.94235e+01 |185  0.00930 -7.77066e+01 |186  0.01969 -7.83771e+01
187 -0.00320 -7.74338e+01 |188 -0.02156 -7.76489e+01 |189  0.02080 -7.61212e+01
190 -0.02390 -7.41287e+01 |191  0.02508 -6.96416e+01 |192  0.00146 -6.70443e+01
193  0.00239 -6.59725e+01 |194 -0.00933 -6.40495e+01 |195  0.01154 -5.91002e+01
196  0.01837 -5.80176e+01 |197 -0.02175 -4.74719e+01 |198 -0.01917 -4.60209e+01
199  0.00591 -4.30849e+01 |200  0.00422 -4.23105e+01 |201  0.00298 -3.74593e+01
202 -0.02150 -3.65802e+01 |203 -0.01114 -3.61643e+01 |204  0.02807 -3.23011e+01
205 -0.00959 -3.23226e+01 |206  0.01796 -3.08059e+01 |207 -0.00823 -2.98708e+01
208 -0.01823 -2.87004e+01 |209  0.00806 -2.83499e+01 |210  0.00410 -2.74657e+01
211 -0.00341 -2.48766e+01 |212  0.00500 -2.24130e+01 |213 -0.01832 -2.14140e+01
214 -0.00112 -1.90986e+01 |215  0.02215 -2.57242e+01 |216 -0.02875 -2.34066e+01
217  0.01032 -1.79444e+01 |218  0.02281 -1.90270e+01 |219  0.01897 -1.87724e+01
220 -0.00272 -1.61261e+01 |221 -0.00538 -1.55594e+01 |222 -0.01780 -1.46666e+01
223  0.00278 -1.42401e+01 |224 -0.00221 -1.32877e+01 |225  0.00214 -1.26982e+01
226 -0.00403 -1.18432e+01 |227  0.00465 -1.01326e+01 |228 -0.00648 -4.67885e+00
229 -0.01088 -4.43263e+00 |230  0.00238 -4.11544e+00 |231 -0.01244 -5.98780e+00
232  0.01424 -1.51693e+00 |233  0.00869 -1.23782e+02 |234  0.00207 -1.11850e+02
235 -0.01004 -9.62728e+01 |236  0.00879 -7.23747e+01 |237  0.00461 -4.31660e+01
238 -0.02295 -3.74568e+01 |239  0.01817 -2.52899e+01 |240 -0.00066 -1.77949e+01
241 -0.02748  2.05139e+01 |242  0.01934  2.66745e+01 |243 -0.00302  3.40890e+01
244 -0.00100  3.86339e+01 |245 -0.00089  2.84964e+01 |246  0.00852  2.80524e+01
247 -0.01077  2.86474e+01 |248  0.00486  4.06312e+01 |249  0.00239  4.51497e+01
250  0.00204  4.30527e+01 |251 -0.00705  4.04905e+01 |252  0.01028  4.79698e+01
253 -0.01014  5.15329e+01 |254  0.00372  4.93487e+01 |255  0.00023  5.50423e+01
256  0.01019  5.62765e+01 |257 -0.02518  5.83898e+01 |258  0.01740  6.15917e+01
259 -0.00799  6.32062e+01 |260  0.00390  6.78582e+01 |261 -0.00062  6.24137e+01
262  0.00668  6.44705e+01 |263 -0.00779  7.67464e+01 |264 -0.00046  6.47737e+01
265  0.01249  7.77051e+01 |266 -0.00535  6.88651e+01 |267 -0.00340  8.40075e+01
268  0.00233  8.02410e+01 |269 -0.00050  8.22907e+01 |270  0.00213  7.68424e+01
271 -0.01821  7.04005e+01 |272  0.00980  7.14887e+01 |273  0.00809  6.75742e+01
274 -0.00824  7.10263e+01 |275  0.00815  7.41020e+01 |276 -0.00462  8.21274e+01
277 -0.00488  7.42532e+01 |278  0.00614  7.29247e+01 |279 -0.00513  8.21356e+01
280  0.00388  9.87990e+01 |281  0.00161  8.75002e+01 |282 -0.00487  8.19582e+01
283 -0.00721  6.89869e+01 |284  0.01292  5.36955e+01 |285 -0.00992  6.57047e+01
286  0.00323  6.96343e+01 |287  0.01232  7.28849e+01 |288  0.00548  7.16150e+01
289 -0.00884  7.70373e+01 |290 -0.01499  7.76550e+01 |291  0.01202  6.30781e+01
292  0.00429  7.44028e+01 |293 -0.00638  7.17340e+01 |294 -0.00325  6.79096e+01
295  0.00466  7.39861e+01 |296 -0.00453  9.12431e+01 |297  0.00481  8.81646e+01
298 -0.01852  8.57530e+01 |299  0.00831  7.26949e+01 |300  0.00322  3.51630e+01
301  0.00413 -1.98805e+02 |302  0.00503 -1.61350e+02 |303 -0.00272 -1.48214e+02
304 -0.00152 -1.24958e+02 |305  0.00328 -1.01117e+02 |306  0.01696 -8.46899e+01
307 -0.01633 -6.92225e+01 |308  0.00600 -4.63902e+01 |309  0.00140 -2.14723e+00
310 -0.02619  1.51736e+00 |311  0.01267  6.45757e+00 |312 -0.01000  8.56252e+00
313 -0.00060 -1.11315e+01 |314 -0.00136 -9.88260e+00 |315  0.00345 -1.02333e+01
316 -0.00264 -1.11080e+01 |317  0.00194 -1.06422e+01 |318  0.00024 -1.27828e+01
319  0.00399 -1.26958e+01 |320 -0.00024 -8.38721e+00 |321 -0.00167 -8.95416e-01
322  0.00001 -1.02741e+01 |323  0.00134 -7.71138e+00 |324  0.00280  7.03293e+00
325  0.00628  1.15719e+01 |326 -0.01473  1.53963e+01 |327  0.00735  1.77716e+01
328 -0.00225  3.21051e+01 |329  0.00019  3.67633e+01 |330  0.00394  3.39017e+01
331 -0.00256  5.45430e+01 |332 -0.00100  5.30408e+01 |333 -0.00256  5.59210e+01
334  0.00663  4.67482e+01 |335  0.00735  6.82812e+01 |336 -0.00885  6.31542e+01
337  0.00076  5.94566e+01 |338  0.00287  5.96397e+01 |339  0.00779  4.69779e+01
340 -0.01005  4.83436e+01 |341 -0.00311  4.35189e+01 |342 -0.00103  3.15637e+01
343 -0.00223  3.43756e+01 |344  0.00657  5.62957e+01 |345  0.00100  4.77470e+01
346 -0.00613  4.77338e+01 |347  0.00334  4.18493e+01 |348 -0.00425  5.73150e+01
349  0.00479  4.55949e+01 |350 -0.00155  4.52133e+01 |351  0.00089  5.35406e+01
352 -0.00466  3.68074e+01 |353  0.00906  5.55364e+01 |354 -0.00253  4.17851e+01
355 -0.00513  4.74282e+01 |356  0.00634  5.09415e+01 |357  0.00480  5.13579e+01
358  0.00386  6.56444e+01 |359 -0.01116  4.56653e+01 |360  0.00324  5.42310e+01
361  0.00042  5.05026e+01 |362  0.00102  3.90585e+01 |363 -0.00139  2.35326e+01
364  0.00109  3.14199e+01 |365 -0.00503  3.19558e+01 |366  0.01308  5.12322e+01
367 -0.01854  3.79642e+01 |368 -0.00639  1.07472e+01 |
368 variables; iteration 220; function evaluation 225; phase 5
Function value 3.4140720e+03; maximum gradient component mag -4.7635e+02
Var    Value     Gradient |Var    Value     Gradient |Var    Value     Gradient
  1 -0.02010 -1.33445e+02 |  2  0.06963 -1.81130e+00 |  3  0.15714 -3.13931e+00
  4 -0.01980 -1.78897e+00 |  5 -0.07123 -3.32834e+00 |  6  0.05788 -7.61205e+00
  7  0.03360 -4.55401e+00 |  8 -0.01498 -1.25333e+00 |  9  0.03570 -2.24178e+00
 10  0.01566 -1.50796e+00 | 11  0.21588 -9.96766e+00 | 12 -0.12053  4.82091e-01
 13 -0.03701  1.21004e+00 | 14 -0.15270  1.72873e+00 | 15 -0.17118  1.36474e+00
 16  0.24123 -1.29319e+01 | 17  0.01212 -9.46635e-01 | 18 -0.09620 -1.26665e+00
 19 -0.03480 -2.66082e+00 | 20 -0.00036 -4.13049e+00 | 21 -0.08321 -1.54730e+00
 22  0.04490 -4.53575e+00 | 23 -0.11222 -1.29058e+00 | 24 -0.02772 -4.69108e+00
 25  0.01760 -5.63720e+00 | 26  0.03075 -3.95494e+00 | 27 -0.10588 -2.15328e+00
 28  0.02121 -5.74662e+00 | 29  0.06062 -7.15700e+00 | 30 -0.07366 -1.72015e+00
 31 -0.17534  7.39712e-01 | 32  0.04326 -7.01768e+00 | 33  0.06296 -3.38101e+00
 34  0.07119 -3.12442e+00 | 35  0.05678 -7.02644e+00 | 36 -0.03432 -7.24418e-01
 37 -0.00616  1.01885e+00 | 38  0.07137 -2.14399e+00 | 39 -0.05500  6.04124e-02
 40  0.22739 -5.67846e+00 | 41  0.03117  7.92172e-01 | 42  0.08562 -1.23329e+00
 43 -0.06669  3.54064e+00 | 44  0.18402  1.62012e+01 | 45 -0.03404  3.14594e+00
 46 -0.02553  3.29122e+00 | 47 -0.01034  9.82361e+00 | 48 -0.08451  5.89055e+00
 49  0.12092  1.45357e+01 | 50  0.02141  1.38281e+01 | 51  0.00771  8.89117e+00
 52  0.01824  1.10254e+00 | 53 -0.04187  5.20868e+00 | 54  0.07462  9.09640e+00
 55 -0.00321  5.71396e+00 | 56 -0.05924  6.67559e+00 | 57 -0.06833 -7.11576e+00
 58  0.07179  6.39300e+00 | 59 -0.04846  5.71310e+00 | 60  0.00917  1.39246e+01
 61 -0.01214  6.57184e-02 | 62  0.05247 -7.53260e+00 | 63  0.08562  3.13742e+00
 64 -0.07617 -2.41703e+00 | 65 -0.02671  4.31349e+00 | 66  0.02935 -1.12116e+01
 67 -0.00343 -6.86248e-01 | 68 -0.05377 -2.72829e-01 | 69  0.01939 -7.19652e+00
 70 -0.00267  6.02541e-01 | 71  0.13833 -2.10226e+00 | 72 -0.07816 -1.66004e-01
 73 -0.04245  5.90739e+00 | 74 -0.05213  1.19686e+00 | 75  0.00337 -2.58627e-01
 76 -0.07080  1.35107e+00 | 77  0.01259  2.81749e+00 | 78 -0.51972  4.69438e+00
 79 -0.80563  4.14726e-01 | 80 -0.81992  7.14829e-01 | 81 -0.83067  1.37594e+00
 82 -0.77686  3.58851e-01 | 83 -0.74320  4.54874e-01 | 84 -0.78484  3.48929e-01
 85 -0.82171 -2.08879e-01 | 86 -0.79299  1.95240e+00 | 87 -0.74500  9.76561e-01
 88 -0.66553  1.79252e+00 | 89 -0.67673  1.82199e+00 | 90 -0.71273  1.54626e+00
 91 -0.70922  1.37334e+00 | 92 -0.71564  1.03967e+00 | 93 -0.70601  1.07997e+00
 94 -0.73558  1.20609e+00 | 95 -0.73682  1.18764e+00 | 96 -0.73770  1.55998e+00
 97 -0.72809  1.30114e+00 | 98 -0.74233  1.59657e+00 | 99 -0.73831  1.89468e+00
100 -0.71446  6.62829e-01 |101 -0.74848  1.45842e+00 |102 -0.72482  1.50227e+00
103 -0.71058  1.23479e+00 |104 -0.70516  1.08179e+00 |105 -0.69921  7.06726e-01
106 -0.72667  7.68458e-01 |107 -0.76438  1.91656e+00 |108 -0.70992  2.68895e-01
109 -0.78135 -2.23210e-01 |110 -0.72901  5.16226e-01 |111 -0.73521  4.06201e-02
112 -0.69106 -2.82771e-01 |113 -0.70635 -9.92410e-01 |114 -0.72551 -8.27962e-01
115 -0.66923 -1.03122e+00 |116 -0.69724 -1.03550e+00 |117 -0.73448 -6.23634e-01
118 -0.71713 -1.05375e+00 |119 -0.71575 -9.70180e-01 |120 -0.68073 -9.53864e-01
121 -0.71065 -4.78252e-01 |122 -0.67284 -7.99888e-01 |123 -0.80731  1.68341e-02
124 -0.69976 -1.21554e+00 |125 -0.74789 -6.43680e-01 |126 -0.76661 -5.04039e-01
127 -0.81887  3.91006e-01 |128 -0.84825  2.11562e+00 |129 -0.82705 -5.35169e-01
130 -0.72751  2.90654e-01 |131 -0.81474 -5.26804e-02 |132 -0.79522  6.99594e-01
133 -0.77374  6.37403e-01 |134 -0.78314  5.11035e-01 |135 -0.80387  4.26934e-01
136 -0.80900  8.13032e-01 |137 -0.78728  3.48122e-01 |138 -0.80064 -2.47451e-01
139 -0.79593 -1.04255e+00 |140 -0.85012 -1.06967e+00 |141 -0.84980 -8.41255e-02
142 -0.86749 -4.68635e-01 |143 -0.89951 -1.74132e+00 |144 -0.90247  1.24376e+00
145  0.41808 -2.67389e+01 |146  0.25323 -9.52137e+01 |147  0.19644 -1.08964e+02
148  0.08882 -2.90053e-01 |149 -0.16823 -1.48116e+01 |150 -0.20560 -1.71740e+00
151 -0.17315  1.56291e+01 |152  0.00069  2.55975e+01 |153  0.16881  1.58675e+01
154 -0.02578 -1.74654e+00 |155  0.17435 -3.27634e+00 |156 -0.08699  1.16294e-02
157  0.41890  3.10787e-05 |158 -0.05226  6.52710e+00 |159 -0.34480  4.17259e+01
160 -0.20787  7.31032e+00 |161 -0.23081  1.80879e+00 |162 -0.30765  6.68852e-01
163  0.05823  4.10081e-01 |164 -0.16624 -6.39659e-01 |165  0.01447 -1.37080e+02
166  0.00556 -1.36600e+02 |167  0.00489 -1.35685e+02 |168 -0.00448 -1.29187e+02
169 -0.00586 -1.29069e+02 |170 -0.00485 -1.28195e+02 |171 -0.00502 -1.27688e+02
172 -0.00645 -1.27122e+02 |173  0.01627 -9.77562e+01 |174  0.00034 -9.53147e+01
175 -0.00357 -9.47135e+01 |176 -0.01756 -9.36586e+01 |177  0.00201 -9.16040e+01
178 -0.01010 -8.90935e+01 |179  0.00773 -8.64912e+01 |180  0.00593 -8.56789e+01
181 -0.00328 -8.45210e+01 |182  0.01572 -8.54257e+01 |183 -0.01534 -8.45499e+01
184 -0.01465 -8.41125e+01 |185  0.00917 -8.29358e+01 |186  0.02037 -8.35867e+01
187 -0.00441 -8.36244e+01 |188 -0.02107 -8.31971e+01 |189  0.02082 -8.08583e+01
190 -0.02389 -7.88830e+01 |191  0.02522 -7.43570e+01 |192  0.00126 -7.22726e+01
193  0.00257 -7.10537e+01 |194 -0.00946 -6.93538e+01 |195  0.01157 -6.41843e+01
196  0.01853 -6.30780e+01 |197 -0.02184 -5.28667e+01 |198 -0.01917 -5.14673e+01
199  0.00593 -4.87876e+01 |200  0.00418 -4.80898e+01 |201  0.00305 -4.33020e+01
202 -0.02158 -4.25402e+01 |203 -0.01118 -4.19444e+01 |204  0.02815 -3.78789e+01
205 -0.00975 -3.81122e+01 |206  0.01794 -3.51298e+01 |207 -0.00812 -3.39694e+01
208 -0.01822 -3.28816e+01 |209  0.00804 -3.24386e+01 |210  0.00406 -3.15072e+01
211 -0.00334 -2.86045e+01 |212  0.00505 -2.64434e+01 |213 -0.01839 -2.56948e+01
214 -0.00120 -2.32376e+01 |215  0.02222 -2.72004e+01 |216 -0.02874 -2.49655e+01
217  0.01033 -1.91494e+01 |218  0.02265 -2.05610e+01 |219  0.01962 -1.94505e+01
220 -0.00269 -1.73039e+01 |221 -0.00550 -1.68239e+01 |222 -0.01852 -1.62067e+01
223  0.00308 -1.41776e+01 |224 -0.00216 -1.33430e+01 |225  0.00214 -1.28102e+01
226 -0.00394 -1.20697e+01 |227  0.00455 -1.10793e+01 |228 -0.00660 -6.00191e+00
229 -0.01075 -5.58269e+00 |230  0.00225 -5.49986e+00 |231 -0.01236 -6.57324e+00
232  0.01425 -1.64632e+00 |233  0.00410 -4.29307e+02 |234  0.00208 -4.16148e+02
235 -0.01002 -4.00995e+02 |236  0.00875 -3.76606e+02 |237  0.00466 -3.45609e+02
238 -0.02284 -3.39700e+02 |239  0.01793 -3.28127e+02 |240 -0.00057 -3.20481e+02
241 -0.02763 -2.82988e+02 |242  0.01947 -2.68676e+02 |243 -0.00307 -2.61191e+02
244 -0.00088 -2.55829e+02 |245 -0.00102 -2.61759e+02 |246  0.00861 -2.55853e+02
247 -0.01084 -2.52180e+02 |248  0.00491 -2.33692e+02 |249  0.00227 -2.26662e+02
250  0.00211 -2.22350e+02 |251 -0.00701 -2.18513e+02 |252  0.01015 -2.05355e+02
253 -0.00996 -1.99822e+02 |254  0.00365 -1.95156e+02 |255  0.00022 -1.83231e+02
256  0.01012 -1.79565e+02 |257 -0.02510 -1.74552e+02 |258  0.01741 -1.63716e+02
259 -0.00799 -1.56527e+02 |260  0.00388 -1.45530e+02 |261 -0.00062 -1.44397e+02
262  0.00666 -1.39051e+02 |263 -0.00775 -1.20940e+02 |264 -0.00046 -1.26094e+02
265  0.01248 -1.10374e+02 |266 -0.00534 -1.09984e+02 |267 -0.00338 -9.42069e+01
268  0.00227 -9.50680e+01 |269 -0.00047 -9.10188e+01 |270  0.00205 -8.85736e+01
271 -0.01809 -9.17780e+01 |272  0.00978 -8.82073e+01 |273  0.00807 -8.73030e+01
274 -0.00824 -7.98284e+01 |275  0.00818 -6.74185e+01 |276 -0.00465 -5.74803e+01
277 -0.00491 -6.01165e+01 |278  0.00620 -5.27618e+01 |279 -0.00517 -4.06760e+01
280  0.00390 -1.46379e+01 |281  0.00158 -2.18596e+01 |282 -0.00484 -2.28517e+01
283 -0.00721 -2.95726e+01 |284  0.01288 -3.58347e+01 |285 -0.00986 -1.94298e+01
286  0.00320 -1.00328e+01 |287  0.01230 -7.58949e-01 |288  0.00549  5.06651e+00
289 -0.00884  1.37053e+01 |290 -0.01496  1.52112e+01 |291  0.01202  5.94531e+00
292  0.00424  2.16615e+01 |293 -0.00638  2.24557e+01 |294 -0.00323  2.20223e+01
295  0.00466  3.44681e+01 |296 -0.00456  5.58993e+01 |297  0.00482  6.16450e+01
298 -0.01854  6.06549e+01 |299  0.00832  5.35099e+01 |300  0.00322  2.42331e+01
301  0.00071 -4.76353e+02 |302  0.00500 -4.36911e+02 |303 -0.00275 -4.22879e+02
304 -0.00148 -3.97087e+02 |305  0.00330 -3.70605e+02 |306  0.01685 -3.53975e+02
307 -0.01619 -3.38646e+02 |308  0.00590 -3.17218e+02 |309  0.00157 -2.73150e+02
310 -0.02631 -2.61887e+02 |311  0.01264 -2.56234e+02 |312 -0.01006 -2.52518e+02
313 -0.00049 -2.66498e+02 |314 -0.00139 -2.59781e+02 |315  0.00348 -2.57459e+02
316 -0.00267 -2.51323e+02 |317  0.00200 -2.47717e+02 |318  0.00017 -2.45355e+02
319  0.00398 -2.40601e+02 |320 -0.00019 -2.31722e+02 |321 -0.00177 -2.22209e+02
322  0.00010 -2.24319e+02 |323  0.00135 -2.17725e+02 |324  0.00280 -2.01383e+02
325  0.00627 -1.94743e+02 |326 -0.01475 -1.83643e+02 |327  0.00737 -1.77961e+02
328 -0.00223 -1.59608e+02 |329  0.00017 -1.51487e+02 |330  0.00394 -1.50723e+02
331 -0.00257 -1.26985e+02 |332 -0.00098 -1.23517e+02 |333 -0.00259 -1.18926e+02
334  0.00665 -1.19934e+02 |335  0.00732 -9.74434e+01 |336 -0.00881 -9.90204e+01
337  0.00075 -9.97465e+01 |338  0.00286 -9.21636e+01 |339  0.00778 -9.99949e+01
340 -0.01005 -9.56547e+01 |341 -0.00310 -9.49917e+01 |342 -0.00103 -1.03346e+02
343 -0.00221 -9.34446e+01 |344  0.00653 -7.11605e+01 |345  0.00105 -7.29378e+01
346 -0.00617 -6.77373e+01 |347  0.00336 -6.91798e+01 |348 -0.00427 -4.72385e+01
349  0.00479 -5.55316e+01 |350 -0.00154 -5.08959e+01 |351  0.00087 -3.78560e+01
352 -0.00464 -4.67614e+01 |353  0.00902 -2.53042e+01 |354 -0.00249 -3.20531e+01
355 -0.00514 -2.13540e+01 |356  0.00634 -1.19759e+01 |357  0.00481 -7.97220e+00
358  0.00383  8.09425e+00 |359 -0.01116 -6.22206e+00 |360  0.00328  9.23645e+00
361  0.00041  8.09005e+00 |362  0.00101 -2.21747e-02 |363 -0.00139 -9.37504e+00
364  0.00113  3.25926e+00 |365 -0.00507  9.28343e+00 |366  0.01311  3.19069e+01
367 -0.01855  2.41834e+01 |368 -0.00640  3.49654e+00 |
368 variables; iteration 240; function evaluation 247; phase 5
Function value 3.4137380e+03; maximum gradient component mag -1.5359e+02
Var    Value     Gradient |Var    Value     Gradient |Var    Value     Gradient
  1 -0.02014 -2.61595e+01 |  2  0.07228 -9.00973e-02 |  3  0.15596 -7.52766e-01
  4 -0.01993 -5.65723e-01 |  5 -0.06740  1.18709e-02 |  6  0.05859 -4.22777e-01
  7  0.03413 -7.69590e-01 |  8 -0.01548  3.40241e-02 |  9  0.03544 -1.61201e-02
 10  0.01601 -2.24488e+00 | 11  0.21552 -6.64883e+00 | 12 -0.12099 -8.21819e-01
 13 -0.03722 -9.86533e-02 | 14 -0.15284  4.70794e-02 | 15 -0.17179  2.37501e-01
 16  0.24128 -4.99673e-02 | 17  0.01181 -1.22466e+00 | 18 -0.09575 -4.92736e-01
 19 -0.03489  4.55078e-02 | 20  0.00029 -1.05736e+00 | 21 -0.08495 -5.42370e-01
 22  0.04491  7.90215e-01 | 23 -0.11202  4.90803e-01 | 24 -0.02708 -6.92286e-01
 25  0.01716  2.57438e-01 | 26  0.03081  6.42471e-01 | 27 -0.10549  2.67470e-01
 28  0.02136  2.18195e+00 | 29  0.06089  1.97428e+00 | 30 -0.07390 -5.19929e-01
 31 -0.17504  7.28306e-01 | 32  0.04365  2.35124e+00 | 33  0.06305  2.42779e+00
 34  0.07075  1.05905e+00 | 35  0.05728  3.26584e+00 | 36 -0.03428 -7.55760e-01
 37 -0.00624  7.37116e-01 | 38  0.07166  2.32726e+00 | 39 -0.05455  4.05871e-01
 40  0.22781  5.52236e+00 | 41  0.03119  5.31923e-02 | 42  0.08532 -1.39264e+00
 43 -0.06694  3.91566e-01 | 44  0.18380 -5.61963e-01 | 45 -0.03408 -1.18539e+00
 46 -0.02553 -1.13323e+00 | 47 -0.01080 -4.90512e+00 | 48 -0.08511 -3.09914e+00
 49  0.12092  1.82907e+00 | 50  0.02042 -8.25433e+00 | 51  0.00716 -5.97812e+00
 52  0.01865  2.15569e+00 | 53 -0.04207 -4.74087e+00 | 54  0.07478  3.08673e+00
 55 -0.00318 -2.78599e+00 | 56 -0.05953 -5.50799e+00 | 57 -0.06725  9.10601e+00
 58  0.07165 -2.50576e+00 | 59 -0.04907 -6.41776e+00 | 60  0.00811 -1.15603e+01
 61 -0.01221 -2.73476e+00 | 62  0.05278  1.36010e+00 | 63  0.08564  1.66314e+00
 64 -0.07538  5.11552e+00 | 65 -0.02715 -5.39132e+00 | 66  0.02971 -9.96482e-01
 67 -0.00345 -3.31693e-01 | 68 -0.05372  2.01225e-01 | 69  0.01973  1.51915e+00
 70 -0.00239  3.31214e+00 | 71  0.13846  6.13748e-01 | 72 -0.07788  2.38663e+00
 73 -0.04301 -5.64841e+00 | 74 -0.05235 -3.43131e+00 | 75  0.00316  6.78265e-02
 76 -0.07115 -2.98235e+00 | 77  0.01209 -2.59035e+00 | 78 -0.52118 -1.53714e-01
 79 -0.80545  3.08838e-01 | 80 -0.81981 -5.00414e-02 | 81 -0.83073 -6.77272e-01
 82 -0.77684 -2.41842e-01 | 83 -0.74341  2.14221e-01 | 84 -0.78484  1.95595e-01
 85 -0.82145 -4.71265e-01 | 86 -0.79323 -6.20875e-01 | 87 -0.74515 -3.81791e-01
 88 -0.66766 -8.86647e-01 | 89 -0.67875 -8.50255e-01 | 90 -0.71265  2.67931e-01
 91 -0.70905  1.92458e-01 | 92 -0.71528  3.59361e-01 | 93 -0.70643 -2.57313e-01
 94 -0.73559 -2.25418e-01 | 95 -0.73689 -3.40523e-01 | 96 -0.73796  7.64371e-02
 97 -0.72816 -3.16072e-02 | 98 -0.74281 -5.80045e-01 | 99 -0.73919 -6.22129e-01
100 -0.71515 -5.41164e-01 |101 -0.74917 -7.44674e-02 |102 -0.72542 -3.49083e-01
103 -0.71038  1.68577e-02 |104 -0.70461  3.82736e-01 |105 -0.69926  2.21102e-02
106 -0.72736 -2.62906e-01 |107 -0.76583 -4.49632e-01 |108 -0.71006  7.44865e-02
109 -0.78132 -1.75972e-01 |110 -0.72913 -1.68744e-01 |111 -0.73498  3.53589e-01
112 -0.69116  3.91468e-01 |113 -0.70653  6.51110e-01 |114 -0.72542  5.60435e-01
115 -0.66989  4.30223e-01 |116 -0.69705  1.00685e+00 |117 -0.73454  3.95755e-01
118 -0.71743  2.99506e-01 |119 -0.71576  3.76423e-01 |120 -0.68045  8.42234e-01
121 -0.71084  5.92399e-01 |122 -0.67273  7.07660e-01 |123 -0.80735  8.49437e-01
124 -0.69936  1.02736e+00 |125 -0.74787  5.83061e-01 |126 -0.76627  8.36362e-01
127 -0.81918 -2.18289e-01 |128 -0.84853  2.68770e-01 |129 -0.82718 -1.27590e+00
130 -0.72781  1.28456e-01 |131 -0.81447  5.40289e-01 |132 -0.79561 -3.30279e-01
133 -0.77404 -2.18476e-01 |134 -0.78357 -1.73798e-01 |135 -0.80392  1.07810e-01
136 -0.80954 -7.92411e-01 |137 -0.78749 -2.58230e-01 |138 -0.80047  6.74583e-01
139 -0.79528  1.17748e+00 |140 -0.84995  5.04199e-01 |141 -0.84963  8.27428e-01
142 -0.86760 -3.51169e-01 |143 -0.89955 -1.64219e+00 |144 -0.90263 -1.03597e+00
145  0.42594 -1.27551e+01 |146  0.25163 -3.19269e+01 |147  0.18201 -2.29552e+01
148  0.08880 -8.39826e-01 |149 -0.16814 -2.15395e-01 |150 -0.20518  5.04389e+00
151 -0.17415 -9.87973e+00 |152  0.00069  1.33318e+01 |153  0.16870  2.97665e+00
154 -0.02582  1.84210e+00 |155  0.17451  8.62741e-01 |156 -0.08879 -3.07189e-01
157  0.41892 -1.05065e-05 |158 -0.05239 -5.13145e-01 |159 -0.34519  5.80803e+00
160 -0.20730  1.02664e+01 |161 -0.22992  5.46761e+00 |162 -0.30755  1.80577e+00
163  0.05825  1.72715e-01 |164 -0.16597  5.77332e-01 |165  0.01502 -6.40430e+01
166  0.00778 -6.36732e+01 |167  0.00606 -6.33703e+01 |168 -0.00493 -6.06088e+01
169 -0.00477 -6.02705e+01 |170 -0.00535 -6.00920e+01 |171 -0.00560 -5.98217e+01
172 -0.00682 -5.95719e+01 |173  0.01388 -4.40874e+01 |174 -0.00085 -4.23684e+01
175 -0.00440 -4.18612e+01 |176 -0.01778 -4.09009e+01 |177  0.00200 -3.73958e+01
178 -0.01010 -3.57086e+01 |179  0.00754 -3.01191e+01 |180  0.00636 -2.86487e+01
181 -0.00353 -2.86337e+01 |182  0.01638 -2.99971e+01 |183 -0.01565 -3.02952e+01
184 -0.01469 -3.04894e+01 |185  0.00903 -3.48135e+01 |186  0.01944 -3.73013e+01
187 -0.00346 -3.63464e+01 |188 -0.02168 -3.64004e+01 |189  0.02119 -2.95978e+01
190 -0.02346 -2.73309e+01 |191  0.02556 -2.94230e+01 |192  0.00095 -2.93105e+01
193  0.00325 -2.82326e+01 |194 -0.00955 -2.83693e+01 |195  0.01197 -2.65697e+01
196  0.02077 -2.59737e+01 |197 -0.02438 -2.22804e+01 |198 -0.02016 -2.13481e+01
199  0.00629 -2.08448e+01 |200  0.00411 -2.05690e+01 |201  0.00323 -1.77692e+01
202 -0.02201 -1.76156e+01 |203 -0.01116 -1.62667e+01 |204  0.02736 -1.87415e+01
205 -0.00921 -1.73902e+01 |206  0.01805 -1.50152e+01 |207 -0.00829 -1.40680e+01
208 -0.01809 -1.29093e+01 |209  0.00840 -9.94479e+00 |210  0.00429 -1.12154e+01
211 -0.00358 -1.40475e+01 |212  0.00508 -1.44820e+01 |213 -0.01845 -1.44763e+01
214 -0.00167 -1.44693e+01 |215  0.02216 -7.23410e+00 |216 -0.02862 -3.99439e+00
217  0.01059  1.70829e-01 |218  0.02271 -4.87129e+00 |219  0.02042 -4.47721e+00
220 -0.00255 -3.14067e+00 |221 -0.00567 -2.83448e+00 |222 -0.01865 -2.56197e+00
223  0.00254 -3.58788e+00 |224 -0.00224 -3.96933e+00 |225  0.00218 -3.43533e+00
226 -0.00419 -3.33615e+00 |227  0.00453 -2.78291e+00 |228 -0.00627  1.02307e+00
229 -0.01088  7.92991e-01 |230  0.00231  1.13577e+00 |231 -0.01212 -3.61778e-01
232  0.01438  1.62168e+00 |233  0.00494 -1.42926e+02 |234  0.00259 -1.44781e+02
235 -0.01032 -1.46567e+02 |236  0.00833 -1.46539e+02 |237  0.00666 -1.53587e+02
238 -0.02525 -1.52726e+02 |239  0.01922 -1.47642e+02 |240 -0.00099 -1.46286e+02
241 -0.02759 -1.27512e+02 |242  0.01929 -1.18139e+02 |243 -0.00309 -1.28690e+02
244 -0.00145 -1.29925e+02 |245 -0.00091 -1.21337e+02 |246  0.00812 -1.26401e+02
247 -0.01002 -1.18732e+02 |248  0.00458 -1.23871e+02 |249  0.00226 -1.24737e+02
250  0.00180 -1.24830e+02 |251 -0.00672 -1.20860e+02 |252  0.01025 -1.15247e+02
253 -0.01001 -1.22158e+02 |254  0.00362 -1.17699e+02 |255  0.00004 -1.18004e+02
256  0.01004 -1.18313e+02 |257 -0.02525 -1.08308e+02 |258  0.01765 -1.03989e+02
259 -0.00802 -1.02275e+02 |260  0.00394 -9.81222e+01 |261 -0.00045 -9.31473e+01
262  0.00639 -9.74612e+01 |263 -0.00780 -8.79893e+01 |264 -0.00016 -8.60237e+01
265  0.01231 -8.28405e+01 |266 -0.00474 -7.43015e+01 |267 -0.00388 -8.44969e+01
268  0.00220 -8.69669e+01 |269 -0.00067 -8.46286e+01 |270  0.00192 -9.04501e+01
271 -0.01794 -8.55176e+01 |272  0.00982 -9.29027e+01 |273  0.00848 -8.93832e+01
274 -0.00840 -9.27960e+01 |275  0.00810 -8.96588e+01 |276 -0.00473 -9.37238e+01
277 -0.00484 -8.68299e+01 |278  0.00621 -8.53060e+01 |279 -0.00526 -8.02321e+01
280  0.00393 -7.73437e+01 |281  0.00153 -8.10955e+01 |282 -0.00510 -8.19001e+01
283 -0.00692 -7.10027e+01 |284  0.01308 -7.16869e+01 |285 -0.00956 -6.91249e+01
286  0.00278 -7.43406e+01 |287  0.01223 -6.80571e+01 |288  0.00555 -6.44469e+01
289 -0.00872 -5.70618e+01 |290 -0.01505 -6.00666e+01 |291  0.01228 -6.02733e+01
292  0.00361 -7.26118e+01 |293 -0.00609 -6.20508e+01 |294 -0.00272 -6.05810e+01
295  0.00440 -6.39522e+01 |296 -0.00481 -6.01494e+01 |297  0.00448 -5.33122e+01
298 -0.01837 -4.79449e+01 |299  0.00798 -4.44726e+01 |300  0.00324 -2.07771e+01
301  0.00418 -9.86643e+01 |302  0.00462 -1.02377e+02 |303 -0.00262 -9.98999e+01
304 -0.00118 -9.41969e+01 |305  0.00318 -1.09318e+02 |306  0.01781 -1.11308e+02
307 -0.01692 -1.05775e+02 |308  0.00634 -1.01512e+02 |309  0.00003 -8.25623e+01
310 -0.02531 -7.20155e+01 |311  0.01227 -8.00635e+01 |312 -0.01017 -7.81994e+01
313 -0.00020 -6.78731e+01 |314 -0.00127 -7.33947e+01 |315  0.00294 -7.56300e+01
316 -0.00227 -7.66843e+01 |317  0.00193 -7.72268e+01 |318  0.00036 -7.35345e+01
319  0.00374 -7.54024e+01 |320  0.00002 -6.87139e+01 |321 -0.00215 -7.62076e+01
322  0.00032 -6.42944e+01 |323  0.00159 -6.03569e+01 |324  0.00266 -6.20299e+01
325  0.00656 -5.66273e+01 |326 -0.01505 -5.75662e+01 |327  0.00744 -5.67245e+01
328 -0.00237 -5.15909e+01 |329  0.00011 -4.47265e+01 |330  0.00422 -4.09213e+01
331 -0.00265 -3.75727e+01 |332 -0.00122 -4.21178e+01 |333 -0.00258 -3.52105e+01
334  0.00712 -2.58161e+01 |335  0.00682 -3.65067e+01 |336 -0.00879 -3.52658e+01
337  0.00113 -3.01688e+01 |338  0.00244 -3.77891e+01 |339  0.00823 -2.19172e+01
340 -0.01029 -3.19589e+01 |341 -0.00336 -3.02137e+01 |342 -0.00090 -3.24649e+01
343 -0.00173 -2.82857e+01 |344  0.00597 -3.86784e+01 |345  0.00124 -2.50821e+01
346 -0.00624 -2.82427e+01 |347  0.00367 -2.45991e+01 |348 -0.00468 -3.29596e+01
349  0.00495 -2.79984e+01 |350 -0.00122 -2.28912e+01 |351  0.00053 -1.91157e+01
352 -0.00444 -2.24905e+01 |353  0.00840 -2.19651e+01 |354 -0.00204 -1.94141e+01
355 -0.00504 -1.27140e+01 |356  0.00621 -1.19058e+01 |357  0.00499 -2.31445e+00
358  0.00341 -6.56275e+00 |359 -0.01091 -6.96562e+00 |360  0.00344 -1.16510e+01
361  0.00018 -2.05226e+01 |362  0.00068 -2.15141e+01 |363 -0.00095 -2.38174e+01
364  0.00112 -2.34244e+01 |365 -0.00486 -1.70030e+01 |366  0.01285 -1.80352e+01
367 -0.01855 -1.49962e+01 |368 -0.00613  3.26207e-01 |
368 variables; iteration 260; function evaluation 267; phase 5
Function value 3.4136194e+03; maximum gradient component mag 7.3222e+01
Var    Value     Gradient |Var    Value     Gradient |Var    Value     Gradient
  1 -0.02015  7.32218e+01 |  2  0.07181  4.71619e-02 |  3  0.15636  8.44216e-01
  4 -0.01660  1.37389e+00 |  5 -0.06761  4.25767e-01 |  6  0.05871  7.26099e-01
  7  0.03474  1.35078e+00 |  8 -0.01582 -5.52502e-01 |  9  0.03574  8.32366e-01
 10  0.01608  1.33085e-01 | 11  0.21582 -1.84172e-01 | 12 -0.12101 -1.06930e+00
 13 -0.03798 -2.28282e+00 | 14 -0.15371 -1.07869e+00 | 15 -0.17192 -5.43213e-01
 16  0.24148  2.38614e+00 | 17  0.01167 -4.44319e-01 | 18 -0.09545 -1.36727e-01
 19 -0.03461 -5.51465e-01 | 20 -0.00021 -7.70377e-01 | 21 -0.08331  1.40771e+00
 22  0.04508  7.71655e-01 | 23 -0.11286 -1.13190e+00 | 24 -0.02715 -5.49525e-01
 25  0.01785  2.00920e+00 | 26  0.03053  1.55071e-01 | 27 -0.10487  3.98271e-02
 28  0.02115  9.93247e-01 | 29  0.06057 -4.14776e-01 | 30 -0.07362  5.07467e-01
 31 -0.17732 -5.59193e-01 | 32  0.04340 -5.08226e-01 | 33  0.06314  9.48159e-01
 34  0.07137  1.19457e+00 | 35  0.05720  7.59258e-01 | 36 -0.03373 -8.78120e-02
 37 -0.00644 -2.54082e-01 | 38  0.07136  1.04026e+00 | 39 -0.05437 -7.16715e-01
 40  0.22773  3.52270e+00 | 41  0.03106 -8.13887e-01 | 42  0.08552 -8.97622e-01
 43 -0.06674  1.34220e+00 | 44  0.18385  7.63993e-01 | 45 -0.03395 -2.27946e-01
 46 -0.02543 -2.03116e-01 | 47 -0.01071 -1.85393e+00 | 48 -0.08471 -1.15198e-01
 49  0.12082  2.91267e-01 | 50  0.02102  5.42759e-01 | 51  0.00736 -1.86133e+00
 52  0.01852  1.35372e-01 | 53 -0.04180  1.50824e-01 | 54  0.07470  1.46099e+00
 55 -0.00315 -3.71556e-01 | 56 -0.05939 -1.30992e+00 | 57 -0.06773  3.01405e-01
 58  0.07174  2.83403e-01 | 59 -0.04876 -1.15889e+00 | 60  0.00861 -1.40781e+00
 61 -0.01207 -3.09137e-01 | 62  0.05277  9.56730e-01 | 63  0.08560 -3.46783e-02
 64 -0.07587 -9.60310e-01 | 65 -0.02686 -6.68606e-01 | 66  0.02974 -3.42218e-01
 67 -0.00340 -7.81121e-01 | 68 -0.05373 -3.18246e-01 | 69  0.01964 -4.14071e-01
 70 -0.00254 -8.68518e-01 | 71  0.13852  1.05128e+00 | 72 -0.07811 -1.16468e+00
 73 -0.04271 -9.63643e-01 | 74 -0.05212  5.27041e-01 | 75  0.00334 -7.21273e-01
 76 -0.07096 -1.67099e+00 | 77  0.01238 -7.33919e-01 | 78 -0.52059 -4.47361e-01
 79 -0.80529  6.52206e-01 | 80 -0.81966  1.93864e-01 | 81 -0.83050  2.87074e-01
 82 -0.77605  6.38442e-01 | 83 -0.74303  7.01320e-02 | 84 -0.78465  5.31488e-01
 85 -0.82086  1.35896e+00 | 86 -0.79301 -2.22848e-02 | 87 -0.74503 -5.43492e-01
 88 -0.66584  4.69736e-01 | 89 -0.67741  7.60988e-02 | 90 -0.71329 -3.30838e-01
 91 -0.70940 -1.89286e-01 | 92 -0.71628 -9.95332e-01 | 93 -0.70612  1.98924e-02
 94 -0.73543  2.09976e-01 | 95 -0.73684 -2.53321e-01 | 96 -0.73844 -4.98682e-01
 97 -0.72810 -7.68231e-02 | 98 -0.74244 -1.91644e-01 | 99 -0.73839  2.58177e-01
100 -0.71388  1.47002e-01 |101 -0.74907 -4.26844e-01 |102 -0.72472  5.88473e-01
103 -0.71149 -1.07557e+00 |104 -0.70610 -1.20155e+00 |105 -0.69978 -4.89374e-01
106 -0.72724 -3.72400e-01 |107 -0.76512  3.67821e-01 |108 -0.71030 -2.89394e-01
109 -0.78111  6.22048e-02 |110 -0.72941 -5.65957e-01 |111 -0.73582 -8.25803e-01
112 -0.69094  2.60007e-01 |113 -0.70625  4.61389e-01 |114 -0.72545  1.37037e-01
115 -0.66917  4.32830e-01 |116 -0.69738 -2.30882e-01 |117 -0.73445  1.27526e-01
118 -0.71665  9.41848e-01 |119 -0.71596 -4.78434e-01 |120 -0.68059 -4.61338e-03
121 -0.71107 -4.41828e-01 |122 -0.67304 -3.80720e-01 |123 -0.80734  3.48443e-01
124 -0.69964 -2.31016e-01 |125 -0.74794 -2.43769e-01 |126 -0.76637  2.26975e-01
127 -0.81906 -1.75293e-01 |128 -0.84863 -2.57569e-02 |129 -0.82681 -1.78077e-01
130 -0.72793 -3.72648e-01 |131 -0.81429  6.56346e-01 |132 -0.79625 -1.23044e+00
133 -0.77448 -7.57668e-01 |134 -0.78320  1.02279e-01 |135 -0.80376  3.54064e-01
136 -0.80879  1.05813e+00 |137 -0.78717  2.91452e-01 |138 -0.80050  2.02941e-01
139 -0.79576 -4.10777e-01 |140 -0.84966  1.55289e+00 |141 -0.84994 -9.46217e-01
142 -0.86737  4.39771e-01 |143 -0.89936  1.30287e-01 |144 -0.90270 -1.54011e+00
145  0.42976 -6.73151e+00 |146  0.25652 -1.22081e+01 |147  0.18701 -9.38524e+00
148  0.08881  2.59849e-01 |149 -0.16808  2.33854e+00 |150 -0.20544  2.90744e+00
151 -0.17369  2.08199e+00 |152  0.00068 -1.93543e+00 |153  0.16870 -9.18573e-01
154 -0.02580  3.58575e-01 |155  0.17443  7.55978e-01 |156 -0.08461  6.45828e-01
157  0.41893 -8.42742e-07 |158 -0.05240  4.42027e-01 |159 -0.34507 -8.49364e+00
160 -0.20769 -1.03241e+00 |161 -0.23007  8.47926e-01 |162 -0.30763  3.87186e-01
163  0.05803  7.72894e-02 |164 -0.16584  7.69562e-01 |165  0.01632 -3.19040e+01
166  0.00990 -3.16265e+01 |167  0.00663 -3.19133e+01 |168 -0.00882 -3.19198e+01
169 -0.00380 -3.04045e+01 |170 -0.00746 -3.10491e+01 |171 -0.00693 -3.06013e+01
172 -0.00233 -2.88626e+01 |173  0.01506 -1.95305e+01 |174 -0.00086 -1.95711e+01
175 -0.00550 -1.96741e+01 |176 -0.02025 -1.99303e+01 |177  0.00185 -1.89391e+01
178 -0.01016 -1.73372e+01 |179  0.00732 -1.61239e+01 |180  0.00676 -1.49102e+01
181 -0.00448 -1.62117e+01 |182  0.01616 -1.30418e+01 |183 -0.01530 -1.21231e+01
184 -0.01464 -1.13472e+01 |185  0.00931 -1.20872e+01 |186  0.02034 -1.36523e+01
187 -0.00459 -1.37502e+01 |188 -0.02013 -1.30872e+01 |189  0.02024 -1.63781e+01
190 -0.02392 -1.54159e+01 |191  0.02486 -1.45440e+01 |192  0.00280 -1.14913e+01
193  0.00248 -1.21071e+01 |194 -0.00903 -1.21968e+01 |195  0.01196 -1.31912e+01
196  0.02154 -1.28620e+01 |197 -0.02506 -1.13422e+01 |198 -0.02076 -1.10081e+01
199  0.00635 -1.03784e+01 |200  0.00440 -1.02203e+01 |201  0.00261 -1.04284e+01
202 -0.02182 -1.00216e+01 |203 -0.01132 -9.53990e+00 |204  0.02757 -1.02212e+01
205 -0.00930 -9.24580e+00 |206  0.01881 -7.44616e+00 |207 -0.00814 -8.34677e+00
208 -0.01925 -9.30356e+00 |209  0.00887 -4.70801e+00 |210  0.00356 -8.09452e+00
211 -0.00330 -7.30929e+00 |212  0.00554 -6.87299e+00 |213 -0.01881 -7.72002e+00
214 -0.00148 -6.48742e+00 |215  0.02244 -6.39931e+00 |216 -0.02888 -4.85441e+00
217  0.01021 -3.67136e+00 |218  0.02317 -4.60612e+00 |219  0.02021 -5.74204e+00
220 -0.00300 -4.49044e+00 |221 -0.00569 -4.05304e+00 |222 -0.01854 -3.57000e+00
223  0.00243 -3.21023e+00 |224 -0.00174 -2.06125e+00 |225  0.00225 -1.97197e+00
226 -0.00423 -2.10624e+00 |227  0.00485 -1.65404e+00 |228 -0.00709 -1.21841e+00
229 -0.01035 -4.28817e-01 |230  0.00167 -1.61218e+00 |231 -0.01170  2.85875e-01
232  0.01404 -9.18205e-01 |233  0.00372 -5.43825e+01 |234  0.00264 -5.56417e+01
235 -0.01033 -5.96097e+01 |236  0.00872 -5.90041e+01 |237  0.00742 -7.06939e+01
238 -0.02580 -7.15132e+01 |239  0.01911 -7.24592e+01 |240 -0.00059 -7.27563e+01
241 -0.02868 -6.19143e+01 |242  0.01918 -6.14619e+01 |243 -0.00265 -6.11360e+01
244 -0.00128 -6.37801e+01 |245 -0.00126 -6.27429e+01 |246  0.00854 -6.07422e+01
247 -0.01036 -5.63154e+01 |248  0.00449 -6.19015e+01 |249  0.00248 -6.00540e+01
250  0.00192 -5.79866e+01 |251 -0.00696 -5.86716e+01 |252  0.01036 -5.53407e+01
253 -0.01019 -5.70963e+01 |254  0.00376 -5.42198e+01 |255 -0.00000 -5.58701e+01
256  0.01011 -5.15076e+01 |257 -0.02478 -5.31488e+01 |258  0.01724 -5.05224e+01
259 -0.00807 -5.09561e+01 |260  0.00387 -4.92808e+01 |261 -0.00048 -4.82862e+01
262  0.00651 -4.72313e+01 |263 -0.00782 -4.66446e+01 |264 -0.00009 -4.46453e+01
265  0.01210 -4.46473e+01 |266 -0.00480 -4.09560e+01 |267 -0.00374 -4.46049e+01
268  0.00217 -4.71613e+01 |269 -0.00059 -4.56691e+01 |270  0.00203 -4.58773e+01
271 -0.01785 -4.46952e+01 |272  0.00959 -4.66034e+01 |273  0.00841 -4.17530e+01
274 -0.00837 -4.05659e+01 |275  0.00813 -3.93759e+01 |276 -0.00476 -3.92346e+01
277 -0.00476 -3.44222e+01 |278  0.00626 -3.28651e+01 |279 -0.00524 -2.99216e+01
280  0.00376 -2.84096e+01 |281  0.00148 -2.74962e+01 |282 -0.00493 -2.35873e+01
283 -0.00689 -2.12181e+01 |284  0.01298 -1.83777e+01 |285 -0.00966 -1.72347e+01
286  0.00292 -1.61378e+01 |287  0.01221 -1.47188e+01 |288  0.00563 -1.21941e+01
289 -0.00899 -1.00077e+01 |290 -0.01476 -9.83457e+00 |291  0.01200 -7.70694e+00
292  0.00418 -6.83345e+00 |293 -0.00654 -8.25140e+00 |294 -0.00276 -2.89902e+00
295  0.00462  5.29724e-01 |296 -0.00491 -2.24921e+00 |297  0.00463  1.93291e+00
298 -0.01859  2.21438e+00 |299  0.00830  2.53864e+00 |300  0.00326  3.11901e+00
301  0.00302 -4.01129e+01 |302  0.00483 -4.27367e+01 |303 -0.00280 -5.34579e+01
304 -0.00148 -4.97737e+01 |305  0.00344 -5.57114e+01 |306  0.01809 -5.80344e+01
307 -0.01713 -5.92588e+01 |308  0.00619 -6.15966e+01 |309  0.00052 -5.06538e+01
310 -0.02583 -5.14678e+01 |311  0.01242 -5.14003e+01 |312 -0.01031 -5.29392e+01
313 -0.00005 -4.48932e+01 |314 -0.00146 -4.77605e+01 |315  0.00320 -4.59653e+01
316 -0.00236 -4.52779e+01 |317  0.00186 -4.62456e+01 |318  0.00034 -4.49118e+01
319  0.00392 -4.57176e+01 |320 -0.00016 -4.39583e+01 |321 -0.00189 -4.81699e+01
322  0.00011 -4.42808e+01 |323  0.00159 -4.20619e+01 |324  0.00262 -4.43106e+01
325  0.00608 -4.42023e+01 |326 -0.01447 -4.11751e+01 |327  0.00754 -4.29506e+01
328 -0.00245 -4.53296e+01 |329  0.00008 -4.17037e+01 |330  0.00418 -4.17522e+01
331 -0.00275 -4.32434e+01 |332 -0.00113 -4.40299e+01 |333 -0.00234 -4.04612e+01
334  0.00679 -4.18798e+01 |335  0.00699 -4.32376e+01 |336 -0.00882 -4.46189e+01
337  0.00104 -4.23516e+01 |338  0.00257 -4.34393e+01 |339  0.00785 -3.83717e+01
340 -0.00998 -3.84717e+01 |341 -0.00336 -3.64341e+01 |342 -0.00084 -3.54174e+01
343 -0.00192 -3.39076e+01 |344  0.00624 -3.45453e+01 |345  0.00102 -3.10270e+01
346 -0.00618 -2.82079e+01 |347  0.00355 -2.67884e+01 |348 -0.00451 -2.83290e+01
349  0.00499 -2.44956e+01 |350 -0.00133 -2.29733e+01 |351  0.00042 -2.29104e+01
352 -0.00428 -1.77666e+01 |353  0.00849 -1.95068e+01 |354 -0.00214 -1.77412e+01
355 -0.00504 -1.56432e+01 |356  0.00622 -1.77799e+01 |357  0.00496 -1.51764e+01
358  0.00330 -1.75022e+01 |359 -0.01073 -1.41089e+01 |360  0.00315 -1.62333e+01
361  0.00039 -1.11149e+01 |362  0.00073 -9.19775e+00 |363 -0.00109 -8.99620e+00
364  0.00124 -4.81619e+00 |365 -0.00492 -2.67160e+00 |366  0.01305 -1.96513e+00
367 -0.01879 -3.75755e+00 |368 -0.00620  1.48005e+00 |
368 variables; iteration 280; function evaluation 295; phase 5
Function value 3.4135666e+03; maximum gradient component mag -6.3386e+01
Var    Value     Gradient |Var    Value     Gradient |Var    Value     Gradient
  1 -0.02015  3.65426e+01 |  2  0.07205  2.40067e-01 |  3  0.15668  1.19144e+00
  4 -0.01734  1.10141e+00 |  5 -0.06755  4.41677e-01 |  6  0.05897  8.17298e-01
  7  0.03399 -1.66934e-02 |  8 -0.01552 -1.45098e-01 |  9  0.03570  4.72563e-01
 10  0.01606  1.03948e-01 | 11  0.21591  5.84256e-01 | 12 -0.12023 -9.69193e-02
 13 -0.03731 -7.56639e-01 | 14 -0.15343 -5.02177e-01 | 15 -0.17344 -8.10573e-01
 16  0.24156  1.54443e+00 | 17  0.01093 -8.50132e-01 | 18 -0.09560 -2.27018e-01
 19 -0.03474 -3.29339e-01 | 20 -0.00008  1.71464e-02 | 21 -0.08347  7.92154e-01
 22  0.04483 -3.61049e-02 | 23 -0.11255 -4.71970e-01 | 24 -0.02658  8.26989e-01
 25  0.01737  3.66604e-01 | 26  0.03068  1.28863e-01 | 27 -0.10459  4.50664e-01
 28  0.02113  4.54018e-01 | 29  0.06073 -2.81257e-01 | 30 -0.07367  2.24539e-01
 31 -0.17640 -8.38016e-03 | 32  0.04379  1.47771e-01 | 33  0.06264 -4.36614e-01
 34  0.07134  5.48842e-01 | 35  0.05694 -5.54048e-02 | 36 -0.03354  3.49983e-01
 37 -0.00648 -2.50199e-01 | 38  0.07128 -3.58330e-02 | 39 -0.05470 -6.25237e-01
 40  0.22775  9.68971e-01 | 41  0.03142  6.15630e-01 | 42  0.08566 -4.30404e-01
 43 -0.06708 -3.33313e-01 | 44  0.18381  9.74771e-02 | 45 -0.03399 -1.11944e-01
 46 -0.02545  4.39213e-03 | 47 -0.01067 -6.12785e-01 | 48 -0.08476  2.92741e-01
 49  0.12079 -4.38004e-01 | 50  0.02099  1.02833e+00 | 51  0.00746 -2.41053e-01
 52  0.01847 -4.53462e-01 | 53 -0.04181  8.33911e-01 | 54  0.07466  2.40175e-01
 55 -0.00316  1.75847e-01 | 56 -0.05934 -9.25740e-02 | 57 -0.06780 -9.59384e-01
 58  0.07174  4.76382e-02 | 59 -0.04867  1.63731e-01 | 60  0.00871  5.75652e-01
 61 -0.01204  4.40069e-01 | 62  0.05276  4.45104e-01 | 63  0.08562 -4.26125e-02
 64 -0.07588 -8.90461e-01 | 65 -0.02685  4.02851e-01 | 66  0.02974  1.83347e-01
 67 -0.00338 -4.10712e-01 | 68 -0.05374 -2.17924e-02 | 69  0.01968 -1.00816e-01
 70 -0.00260 -8.53784e-01 | 71  0.13849  1.01933e+00 | 72 -0.07818 -1.22538e+00
 73 -0.04265  1.26153e-01 | 74 -0.05214  7.06012e-01 | 75  0.00330 -3.30432e-01
 76 -0.07083 -3.23822e-01 | 77  0.01237 -1.76427e-01 | 78 -0.52079 -6.33086e-01
 79 -0.80548  2.02141e-01 | 80 -0.81977  1.91674e-02 | 81 -0.83063  1.77661e-01
 82 -0.77658  6.33521e-02 | 83 -0.74305  3.16660e-01 | 84 -0.78504 -2.71965e-01
 85 -0.82144 -3.32471e-01 | 86 -0.79303 -8.04408e-02 | 87 -0.74461  1.47238e-01
 88 -0.66600  2.82500e-01 | 89 -0.67687  6.17624e-01 | 90 -0.71315 -1.77728e-01
 91 -0.70937 -2.21140e-01 | 92 -0.71536  2.75267e-01 | 93 -0.70631  4.31472e-04
 94 -0.73557 -4.86327e-02 | 95 -0.73673  1.70984e-02 | 96 -0.73810  1.66391e-01
 97 -0.72819 -1.44192e-02 | 98 -0.74247  2.81529e-02 | 99 -0.73873  5.42899e-02
100 -0.71481 -4.66506e-01 |101 -0.74905 -1.95483e-02 |102 -0.72507  1.25655e-01
103 -0.71075 -7.27342e-02 |104 -0.70502  1.33839e-01 |105 -0.69943  6.56405e-03
106 -0.72691  1.13655e-01 |107 -0.76495  5.48365e-01 |108 -0.71006  3.43077e-02
109 -0.78134 -2.23609e-01 |110 -0.72908  2.63379e-02 |111 -0.73493  2.06532e-01
112 -0.69229 -9.10070e-01 |113 -0.70673 -2.91193e-01 |114 -0.72593 -6.87297e-01
115 -0.66943  6.91953e-02 |116 -0.69704  1.56960e-01 |117 -0.73440  1.59205e-01
118 -0.71734 -2.59658e-01 |119 -0.71587 -3.37859e-01 |120 -0.68059  8.69003e-02
121 -0.71094 -2.28345e-01 |122 -0.67282 -4.62572e-02 |123 -0.80752 -1.66589e-01
124 -0.69961 -1.69696e-01 |125 -0.74784 -9.18455e-02 |126 -0.76667 -2.04624e-01
127 -0.81897  8.65453e-02 |128 -0.84873 -3.12663e-01 |129 -0.82672  2.03529e-01
130 -0.72758  1.20652e-01 |131 -0.81472 -2.01242e-01 |132 -0.79560 -2.32614e-01
133 -0.77377  2.23989e-01 |134 -0.78323  1.33901e-01 |135 -0.80397 -8.01232e-02
136 -0.80903  4.25039e-01 |137 -0.78734 -1.22539e-01 |138 -0.80056  2.19733e-02
139 -0.79560 -6.96454e-02 |140 -0.85006 -6.19618e-01 |141 -0.84973  6.00814e-02
142 -0.86743  7.39219e-02 |143 -0.89930  5.05705e-01 |144 -0.90257 -2.68283e-01
145  0.43511 -4.83063e+00 |146  0.26020 -9.06285e+00 |147  0.18728 -1.82369e+00
148  0.08881  1.79936e-02 |149 -0.16808  1.65237e+00 |150 -0.20548  1.23715e+00
151 -0.17363  2.44736e+00 |152  0.00068 -7.37196e-01 |153  0.16870 -4.92961e-01
154 -0.02580  4.21490e-01 |155  0.17449  6.71269e-01 |156 -0.08508  4.91607e-01
157  0.41893 -2.56972e-06 |158 -0.05240  3.74866e-01 |159 -0.34506 -4.37839e+00
160 -0.20766 -1.22835e+00 |161 -0.23023 -3.45589e-01 |162 -0.30782 -3.06487e-01
163  0.05837  4.29040e-01 |164 -0.16629 -2.39501e-01 |165  0.01568 -2.20979e+01
166  0.00946 -2.18162e+01 |167  0.00754 -2.17700e+01 |168 -0.00689 -2.17831e+01
169 -0.00484 -2.10515e+01 |170 -0.00541 -2.09652e+01 |171 -0.00651 -2.10042e+01
172 -0.00377 -1.99063e+01 |173  0.01421 -1.35905e+01 |174 -0.00206 -1.42760e+01
175 -0.00690 -1.44753e+01 |176 -0.01952 -1.40004e+01 |177  0.00209 -1.32425e+01
178 -0.01046 -1.25980e+01 |179  0.00771 -1.14612e+01 |180  0.00616 -1.13967e+01
181 -0.00421 -1.16128e+01 |182  0.01630 -9.39369e+00 |183 -0.01496 -8.60248e+00
184 -0.01524 -9.12076e+00 |185  0.00936 -8.70402e+00 |186  0.02060 -9.10469e+00
187 -0.00490 -9.48898e+00 |188 -0.02040 -8.74516e+00 |189  0.02073 -1.08138e+01
190 -0.02402 -1.11326e+01 |191  0.02564 -9.24140e+00 |192  0.00192 -8.93768e+00
193  0.00215 -9.29178e+00 |194 -0.00867 -8.68754e+00 |195  0.01233 -9.59946e+00
196  0.02212 -9.45320e+00 |197 -0.02547 -9.07870e+00 |198 -0.02084 -8.99846e+00
199  0.00613 -9.37070e+00 |200  0.00412 -9.34785e+00 |201  0.00278 -9.05711e+00
202 -0.02173 -8.72729e+00 |203 -0.01150 -8.86712e+00 |204  0.02819 -8.41031e+00
205 -0.00979 -8.88217e+00 |206  0.01814 -8.20202e+00 |207 -0.00791 -7.76301e+00
208 -0.01869 -8.02728e+00 |209  0.00809 -7.08914e+00 |210  0.00406 -6.92850e+00
211 -0.00312 -5.94480e+00 |212  0.00524 -6.60854e+00 |213 -0.01869 -6.93528e+00
214 -0.00143 -5.45241e+00 |215  0.02255 -6.34508e+00 |216 -0.02892 -5.30477e+00
217  0.01003 -5.73302e+00 |218  0.02294 -5.23341e+00 |219  0.02202 -4.34370e+00
220 -0.00300 -4.40464e+00 |221 -0.00673 -4.34561e+00 |222 -0.01899 -3.83200e+00
223  0.00257 -3.17370e+00 |224 -0.00190 -2.41730e+00 |225  0.00207 -2.28049e+00
226 -0.00389 -1.72188e+00 |227  0.00471 -2.02204e+00 |228 -0.00673 -1.20453e+00
229 -0.01102 -1.34390e+00 |230  0.00217 -9.24907e-01 |231 -0.01193 -5.84733e-01
232  0.01419 -2.54751e-01 |233  0.00297 -4.04234e+01 |234  0.00270 -4.08768e+01
235 -0.01041 -4.63324e+01 |236  0.00865 -4.85219e+01 |237  0.00726 -5.92167e+01
238 -0.02574 -5.97509e+01 |239  0.01942 -6.21488e+01 |240 -0.00102 -6.33855e+01
241 -0.02797 -5.56745e+01 |242  0.01861 -5.73082e+01 |243 -0.00260 -5.57209e+01
244 -0.00129 -5.70113e+01 |245 -0.00115 -5.69495e+01 |246  0.00854 -5.50890e+01
247 -0.01048 -5.27909e+01 |248  0.00467 -5.43031e+01 |249  0.00243 -5.28674e+01
250  0.00177 -5.16469e+01 |251 -0.00679 -5.17231e+01 |252  0.01030 -5.00631e+01
253 -0.01025 -5.01962e+01 |254  0.00381 -4.80718e+01 |255  0.00003 -4.86876e+01
256  0.01037 -4.58302e+01 |257 -0.02510 -4.89916e+01 |258  0.01717 -4.67499e+01
259 -0.00791 -4.52604e+01 |260  0.00378 -4.45027e+01 |261 -0.00041 -4.30309e+01
262  0.00648 -4.18227e+01 |263 -0.00782 -4.24390e+01 |264 -0.00016 -4.11133e+01
265  0.01225 -4.08139e+01 |266 -0.00500 -3.99332e+01 |267 -0.00370 -4.02194e+01
268  0.00225 -4.11664e+01 |269 -0.00055 -4.04484e+01 |270  0.00200 -3.98111e+01
271 -0.01799 -3.97010e+01 |272  0.00977 -3.89632e+01 |273  0.00831 -3.60817e+01
274 -0.00832 -3.40478e+01 |275  0.00813 -3.35894e+01 |276 -0.00476 -3.27835e+01
277 -0.00476 -3.08693e+01 |278  0.00629 -2.95768e+01 |279 -0.00524 -2.83144e+01
280  0.00372 -2.78914e+01 |281  0.00152 -2.64817e+01 |282 -0.00494 -2.33737e+01
283 -0.00692 -2.29269e+01 |284  0.01299 -2.06259e+01 |285 -0.00967 -2.01635e+01
286  0.00294 -1.80756e+01 |287  0.01222 -1.62393e+01 |288  0.00564 -1.39960e+01
289 -0.00902 -1.25511e+01 |290 -0.01487 -1.18873e+01 |291  0.01213 -8.33598e+00
292  0.00414 -7.22832e+00 |293 -0.00646 -8.00722e+00 |294 -0.00280 -4.67836e+00
295  0.00454 -2.34644e+00 |296 -0.00484 -2.78871e+00 |297  0.00466 -1.79477e-01
298 -0.01838  3.43793e-01 |299  0.00801  2.66342e-01 |300  0.00327  1.27721e+00
301  0.00288 -7.23265e+00 |302  0.00488 -1.01894e+01 |303 -0.00274 -2.01373e+01
304 -0.00149 -2.02480e+01 |305  0.00343 -2.60543e+01 |306  0.01845 -2.82024e+01
307 -0.01749 -3.16584e+01 |308  0.00633 -3.33188e+01 |309 -0.00012 -2.67503e+01
310 -0.02536 -2.75176e+01 |311  0.01240 -2.68858e+01 |312 -0.01020 -2.80983e+01
313 -0.00016 -2.48575e+01 |314 -0.00142 -2.60353e+01 |315  0.00325 -2.49026e+01
316 -0.00245 -2.46510e+01 |317  0.00193 -2.54314e+01 |318  0.00037 -2.48851e+01
319  0.00379 -2.62865e+01 |320 -0.00009 -2.52690e+01 |321 -0.00183 -2.78471e+01
322  0.00005 -2.64149e+01 |323  0.00157 -2.54392e+01 |324  0.00262 -2.65047e+01
325  0.00616 -2.74053e+01 |326 -0.01452 -2.43692e+01 |327  0.00741 -2.58480e+01
328 -0.00229 -2.71073e+01 |329  0.00003 -2.56885e+01 |330  0.00422 -2.56267e+01
331 -0.00279 -2.74466e+01 |332 -0.00108 -2.70164e+01 |333 -0.00246 -2.62103e+01
334  0.00688 -2.74420e+01 |335  0.00702 -2.79701e+01 |336 -0.00885 -2.86649e+01
337  0.00096 -2.81057e+01 |338  0.00265 -2.70999e+01 |339  0.00792 -2.52036e+01
340 -0.01011 -2.45028e+01 |341 -0.00330 -2.18903e+01 |342 -0.00083 -2.13309e+01
343 -0.00195 -2.10931e+01 |344  0.00627 -2.04998e+01 |345  0.00103 -2.02375e+01
346 -0.00621 -1.93898e+01 |347  0.00353 -1.87117e+01 |348 -0.00445 -1.96691e+01
349  0.00495 -1.88000e+01 |350 -0.00133 -1.76634e+01 |351  0.00044 -1.85228e+01
352 -0.00431 -1.47746e+01 |353  0.00853 -1.58633e+01 |354 -0.00215 -1.43726e+01
355 -0.00507 -1.23543e+01 |356  0.00624 -1.29881e+01 |357  0.00493 -1.14153e+01
358  0.00344 -1.02978e+01 |359 -0.01087 -7.88765e+00 |360  0.00319 -7.99076e+00
361  0.00035 -4.83943e+00 |362  0.00073 -3.20710e+00 |363 -0.00103 -3.08396e+00
364  0.00120 -1.03524e+00 |365 -0.00490  8.67317e-02 |366  0.01276 -1.10197e+00
367 -0.01846 -7.73850e-01 |368 -0.00626  8.59749e-01 |
368 variables; iteration 300; function evaluation 320; phase 5
Function value 3.4135360e+03; maximum gradient component mag -3.2075e+01
Var    Value     Gradient |Var    Value     Gradient |Var    Value     Gradient
  1 -0.02014  1.11319e+01 |  2  0.07212  1.22148e-01 |  3  0.15657  5.40916e-01
  4 -0.01866  3.31358e-01 |  5 -0.06760  2.04537e-01 |  6  0.05884  3.19564e-01
  7  0.03372 -6.16401e-01 |  8 -0.01532  1.13224e-01 |  9  0.03557  2.32629e-01
 10  0.01610  4.03383e-02 | 11  0.21585  3.45468e-01 | 12 -0.12027  1.09908e-01
 13 -0.03714 -5.33174e-02 | 14 -0.15278  1.76505e-01 | 15 -0.17269 -3.00438e-01
 16  0.24144  8.20239e-01 | 17  0.01141 -1.49195e-01 | 18 -0.09531  1.10973e-01
 19 -0.03505 -3.37327e-01 | 20  0.00013  6.15187e-02 | 21 -0.08413 -3.37992e-01
 22  0.04473 -1.12164e-01 | 23 -0.11170  4.44623e-01 | 24 -0.02670  1.12011e+00
 25  0.01734 -2.85880e-02 | 26  0.03062 -1.90710e-01 | 27 -0.10517  2.02396e-01
 28  0.02139  6.25299e-01 | 29  0.06070  6.59263e-02 | 30 -0.07377 -3.51826e-01
 31 -0.17650 -1.62886e-01 | 32  0.04376  1.80202e-01 | 33  0.06268 -2.84641e-01
 34  0.07113  2.73473e-02 | 35  0.05706  7.90971e-02 | 36 -0.03430 -3.80914e-01
 37 -0.00617  1.09905e-01 | 38  0.07119 -1.54626e-01 | 39 -0.05446 -4.10268e-03
 40  0.22764 -5.16268e-01 | 41  0.03143  7.54557e-01 | 42  0.08563 -1.45190e-01
 43 -0.06719 -5.81266e-01 | 44  0.18379  1.81306e-01 | 45 -0.03404 -3.52874e-02
 46 -0.02552 -4.76464e-02 | 47 -0.01065  2.48472e-01 | 48 -0.08483  2.78343e-01
 49  0.12079 -2.24708e-01 | 50  0.02094  6.04483e-01 | 51  0.00750  4.81634e-01
 52  0.01845 -4.99211e-01 | 53 -0.04184  5.32680e-01 | 54  0.07464 -1.83758e-01
 55 -0.00318  1.20778e-01 | 56 -0.05932  2.79764e-01 | 57 -0.06781 -8.87116e-01
 58  0.07171 -2.61880e-01 | 59 -0.04866  3.70990e-01 | 60  0.00871  7.03187e-01
 61 -0.01208  3.08041e-01 | 62  0.05274 -3.51498e-02 | 63  0.08559 -2.78898e-01
 64 -0.07586 -2.80387e-01 | 65 -0.02688  4.78488e-01 | 66  0.02972  1.64049e-01
 67 -0.00341 -2.95218e-01 | 68 -0.05376  1.74696e-02 | 69  0.01967  6.21003e-02
 70 -0.00262 -5.13482e-01 | 71  0.13846  4.68539e-01 | 72 -0.07812 -4.15848e-01
 73 -0.04266  3.06231e-01 | 74 -0.05220  2.00504e-01 | 75  0.00328  1.60868e-02
 76 -0.07083  1.40002e-01 | 77  0.01235  3.56434e-02 | 78 -0.52060 -9.80619e-02
 79 -0.80567 -1.64924e-01 | 80 -0.81977  3.17720e-02 | 81 -0.83067  1.89247e-01
 82 -0.77706 -5.79281e-01 | 83 -0.74318  2.39777e-01 | 84 -0.78525 -4.69110e-01
 85 -0.82158 -7.80530e-01 | 86 -0.79300  2.46876e-01 | 87 -0.74463  5.13993e-01
 88 -0.66583  4.16193e-01 | 89 -0.67793 -2.27565e-01 | 90 -0.71318 -1.49360e-01
 91 -0.70949 -2.74742e-01 | 92 -0.71561  2.85356e-01 | 93 -0.70649 -3.37940e-02
 94 -0.73566 -6.50182e-02 | 95 -0.73675  9.80400e-02 | 96 -0.73834 -6.92580e-02
 97 -0.72847 -1.38595e-01 | 98 -0.74248  1.49750e-01 | 99 -0.73915 -3.21138e-01
100 -0.71535 -9.07072e-01 |101 -0.74927 -2.44286e-01 |102 -0.72559 -4.18152e-01
103 -0.71089 -1.13520e-01 |104 -0.70513  1.51259e-01 |105 -0.69894  5.26799e-01
106 -0.72709  5.74349e-02 |107 -0.76504  4.96671e-01 |108 -0.71030 -1.20214e-01
109 -0.78133 -1.35982e-01 |110 -0.72913  1.16803e-01 |111 -0.73507  2.01511e-01
112 -0.69253 -1.05841e+00 |113 -0.70695 -5.37373e-01 |114 -0.72601 -6.83050e-01
115 -0.66972 -5.17241e-02 |116 -0.69701  2.52765e-01 |117 -0.73442  2.91833e-01
118 -0.71719  1.60716e-01 |119 -0.71565  2.12289e-01 |120 -0.68092 -1.18491e-01
121 -0.71070  2.29465e-01 |122 -0.67278  1.81228e-01 |123 -0.80780 -8.97727e-01
124 -0.69985 -3.46784e-01 |125 -0.74770  2.70283e-01 |126 -0.76684 -3.71851e-01
127 -0.81901  5.98560e-02 |128 -0.84867  9.81071e-02 |129 -0.82695 -3.41398e-01
130 -0.72765  9.33913e-02 |131 -0.81483 -3.61401e-01 |132 -0.79536  1.58073e-01
133 -0.77400  7.07671e-02 |134 -0.78347 -7.34523e-02 |135 -0.80391  7.07746e-02
136 -0.80923  2.63205e-02 |137 -0.78734  2.71303e-02 |138 -0.80081 -5.63150e-01
139 -0.79545  4.20368e-01 |140 -0.85017 -1.01590e+00 |141 -0.84968  5.37416e-01
142 -0.86754 -3.16408e-01 |143 -0.89933  2.18519e-01 |144 -0.90253  3.26988e-01
145  0.44532 -2.25144e+00 |146  0.26454 -4.20032e+00 |147  0.18862  1.59201e+00
148  0.08881  1.26822e-01 |149 -0.16809  5.39499e-01 |150 -0.20547  1.37299e-01
151 -0.17363  1.20212e+00 |152  0.00068 -1.09653e-01 |153  0.16870 -9.32980e-02
154 -0.02579  4.38628e-01 |155  0.17449  2.72807e-01 |156 -0.08603  2.64031e-01
157  0.41895 -5.82407e-06 |158 -0.05246  1.91978e-01 |159 -0.34500 -6.89307e-01
160 -0.20753 -5.36989e-01 |161 -0.23073 -8.26655e-01 |162 -0.30710  7.92442e-02
163  0.05835  3.00147e-01 |164 -0.16631 -2.59941e-01 |165  0.01321 -9.01253e+00
166  0.01130 -7.59501e+00 |167  0.00888 -7.71732e+00 |168 -0.00605 -8.49999e+00
169 -0.00688 -8.53404e+00 |170 -0.00281 -7.32576e+00 |171 -0.00653 -8.07523e+00
172 -0.00466 -7.30373e+00 |173  0.01114 -4.83098e+00 |174 -0.00136 -4.58079e+00
175 -0.00680 -4.98659e+00 |176 -0.02019 -4.92088e+00 |177  0.00195 -4.55263e+00
178 -0.01042 -4.20022e+00 |179  0.00785 -3.63286e+00 |180  0.00558 -4.09534e+00
181 -0.00352 -3.17922e+00 |182  0.01615 -3.40598e+00 |183 -0.01531 -2.98098e+00
184 -0.01486 -3.09246e+00 |185  0.00902 -3.78316e+00 |186  0.02039 -2.98543e+00
187 -0.00361 -2.76822e+00 |188 -0.02157 -3.05607e+00 |189  0.02102 -3.16059e+00
190 -0.02406 -3.95446e+00 |191  0.02586 -2.87955e+00 |192  0.00173 -3.28959e+00
193  0.00241 -3.68408e+00 |194 -0.00921 -3.57511e+00 |195  0.01299 -3.61170e+00
196  0.02245 -3.80835e+00 |197 -0.02586 -4.38404e+00 |198 -0.02122 -4.54557e+00
199  0.00624 -4.67078e+00 |200  0.00408 -4.72916e+00 |201  0.00308 -4.56436e+00
202 -0.02212 -4.66654e+00 |203 -0.01145 -4.60522e+00 |204  0.02802 -4.21675e+00
205 -0.00957 -4.34949e+00 |206  0.01805 -4.60867e+00 |207 -0.00810 -4.16222e+00
208 -0.01836 -3.90110e+00 |209  0.00777 -4.85339e+00 |210  0.00433 -3.38403e+00
211 -0.00321 -3.24415e+00 |212  0.00496 -3.89825e+00 |213 -0.01835 -3.39351e+00
214 -0.00148 -2.71126e+00 |215  0.02272 -3.61094e+00 |216 -0.02911 -3.26223e+00
217  0.01001 -3.52556e+00 |218  0.02312 -2.37888e+00 |219  0.02186 -2.21613e+00
220 -0.00128 -1.80713e+00 |221 -0.00739 -2.45773e+00 |222 -0.01995 -2.29308e+00
223  0.00270 -1.81704e+00 |224 -0.00201 -1.67475e+00 |225  0.00185 -1.65473e+00
226 -0.00371 -7.86658e-01 |227  0.00474 -1.44377e+00 |228 -0.00649 -1.06075e+00
229 -0.01149 -1.94850e+00 |230  0.00233 -9.20923e-01 |231 -0.01194 -6.94095e-01
232  0.01421 -9.59644e-02 |233  0.00213 -1.86102e+01 |234  0.00250 -1.94061e+01
235 -0.01038 -2.28907e+01 |236  0.00858 -2.36726e+01 |237  0.00739 -2.82924e+01
238 -0.02571 -2.89022e+01 |239  0.01941 -3.10063e+01 |240 -0.00071 -3.20752e+01
241 -0.02840 -2.88289e+01 |242  0.01877 -2.94978e+01 |243 -0.00281 -2.87672e+01
244 -0.00132 -2.86340e+01 |245 -0.00090 -2.83107e+01 |246  0.00839 -2.82108e+01
247 -0.01044 -2.76974e+01 |248  0.00482 -2.73193e+01 |249  0.00217 -2.70516e+01
250  0.00190 -2.65199e+01 |251 -0.00679 -2.70630e+01 |252  0.01020 -2.65577e+01
253 -0.01005 -2.61005e+01 |254  0.00366 -2.57024e+01 |255  0.00013 -2.55724e+01
256  0.01030 -2.53920e+01 |257 -0.02515 -2.70376e+01 |258  0.01724 -2.54537e+01
259 -0.00793 -2.43872e+01 |260  0.00382 -2.43751e+01 |261 -0.00051 -2.30375e+01
262  0.00669 -2.24124e+01 |263 -0.00797 -2.33494e+01 |264 -0.00014 -2.30098e+01
265  0.01226 -2.28132e+01 |266 -0.00504 -2.29234e+01 |267 -0.00374 -2.19169e+01
268  0.00230 -2.06125e+01 |269 -0.00053 -1.99597e+01 |270  0.00198 -1.92550e+01
271 -0.01801 -1.91450e+01 |272  0.00983 -1.81276e+01 |273  0.00826 -1.75164e+01
274 -0.00831 -1.62274e+01 |275  0.00814 -1.62277e+01 |276 -0.00476 -1.55178e+01
277 -0.00477 -1.53575e+01 |278  0.00629 -1.48722e+01 |279 -0.00522 -1.47115e+01
280  0.00370 -1.54058e+01 |281  0.00155 -1.43505e+01 |282 -0.00497 -1.31692e+01
283 -0.00695 -1.32851e+01 |284  0.01303 -1.23351e+01 |285 -0.00969 -1.26430e+01
286  0.00293 -1.13614e+01 |287  0.01225 -1.03160e+01 |288  0.00560 -9.59408e+00
289 -0.00902 -8.14392e+00 |290 -0.01483 -7.47147e+00 |291  0.01211 -5.37389e+00
292  0.00408 -5.36665e+00 |293 -0.00634 -4.80598e+00 |294 -0.00283 -3.97018e+00
295  0.00446 -3.50629e+00 |296 -0.00478 -3.11575e+00 |297  0.00470 -1.96842e+00
298 -0.01844 -2.13227e+00 |299  0.00799 -2.01347e+00 |300  0.00329  7.33780e-02
301  0.00258  7.56700e+00 |302  0.00486  5.62275e+00 |303 -0.00270  6.62899e-02
304 -0.00144  3.69876e-01 |305  0.00337 -3.13693e+00 |306  0.01839 -4.90121e+00
307 -0.01743 -7.92183e+00 |308  0.00641 -8.65528e+00 |309 -0.00012 -6.11048e+00
310 -0.02544 -5.99663e+00 |311  0.01247 -5.75936e+00 |312 -0.01012 -6.16891e+00
313 -0.00036 -6.46733e+00 |314 -0.00133 -6.71765e+00 |315  0.00321 -6.04555e+00
316 -0.00245 -6.77484e+00 |317  0.00205 -7.26240e+00 |318  0.00024 -7.21497e+00
319  0.00381 -8.34520e+00 |320 -0.00009 -7.74949e+00 |321 -0.00187 -8.42783e+00
322  0.00016 -8.45579e+00 |323  0.00148 -8.60293e+00 |324  0.00266 -8.23115e+00
325  0.00621 -9.00426e+00 |326 -0.01460 -7.76488e+00 |327  0.00741 -8.47154e+00
328 -0.00228 -8.86260e+00 |329  0.00005 -8.40174e+00 |330  0.00409 -8.51376e+00
331 -0.00264 -9.26449e+00 |332 -0.00111 -8.83670e+00 |333 -0.00249 -9.55932e+00
334  0.00690 -9.65088e+00 |335  0.00706 -9.73617e+00 |336 -0.00888 -9.25814e+00
337  0.00094 -9.21503e+00 |338  0.00269 -7.81528e+00 |339  0.00793 -8.04741e+00
340 -0.01015 -7.48377e+00 |341 -0.00329 -6.39277e+00 |342 -0.00084 -6.64332e+00
343 -0.00195 -7.06005e+00 |344  0.00627 -6.31033e+00 |345  0.00105 -7.10044e+00
346 -0.00623 -7.52960e+00 |347  0.00351 -7.34862e+00 |348 -0.00441 -7.98902e+00
349  0.00492 -8.53664e+00 |350 -0.00132 -7.66822e+00 |351  0.00048 -8.48123e+00
352 -0.00436 -7.32232e+00 |353  0.00855 -7.66145e+00 |354 -0.00216 -7.28342e+00
355 -0.00509 -6.41528e+00 |356  0.00627 -6.49932e+00 |357  0.00491 -6.07815e+00
358  0.00343 -4.44380e+00 |359 -0.01086 -3.05917e+00 |360  0.00323 -3.03521e+00
361  0.00031 -2.39629e+00 |362  0.00072 -1.31965e+00 |363 -0.00097 -1.15876e+00
364  0.00115 -1.19771e+00 |365 -0.00489 -1.19068e-01 |366  0.01277 -1.06600e+00
367 -0.01844 -5.00846e-01 |368 -0.00628  4.22266e-01 |
368 variables; iteration 320; function evaluation 349; phase 5
Function value 3.4135142e+03; maximum gradient component mag -1.1111e+01
Var    Value     Gradient |Var    Value     Gradient |Var    Value     Gradient
  1 -0.02014 -2.46652e+00 |  2  0.07222  7.11018e-02 |  3  0.15659  5.64995e-02
  4 -0.01996 -3.94444e-01 |  5 -0.06751  4.31398e-02 |  6  0.05879  1.17425e-01
  7  0.03393 -4.33647e-01 |  8 -0.01562 -5.63213e-02 |  9  0.03549 -3.84538e-01
 10  0.01575 -5.56715e-01 | 11  0.21590  1.60714e-01 | 12 -0.12112 -3.07649e-01
 13 -0.03720 -8.08734e-02 | 14 -0.15300  9.56259e-02 | 15 -0.17228 -2.22290e-01
 16  0.24147  1.54679e-01 | 17  0.01151 -1.61573e-01 | 18 -0.09521  1.59414e-01
 19 -0.03487  2.97731e-02 | 20  0.00022  1.71207e-01 | 21 -0.08428 -7.56900e-01
 22  0.04472 -1.96388e-01 | 23 -0.11153  3.42409e-01 | 24 -0.02734 -4.13820e-01
 25  0.01742 -1.34014e-01 | 26  0.03069  1.30929e-02 | 27 -0.10550 -3.13164e-01
 28  0.02125 -3.82266e-02 | 29  0.06077  3.82345e-01 | 30 -0.07363 -1.50586e-01
 31 -0.17619  3.56005e-01 | 32  0.04379  3.32388e-01 | 33  0.06262 -5.34398e-01
 34  0.07111 -4.58595e-01 | 35  0.05706  6.91416e-02 | 36 -0.03384  1.96258e-01
 37 -0.00624  1.18431e-01 | 38  0.07124 -3.93516e-02 | 39 -0.05416  4.08522e-01
 40  0.22762 -1.04869e+00 | 41  0.03140  4.86093e-01 | 42  0.08563  1.89882e-02
 43 -0.06712 -3.05499e-01 | 44  0.18384  3.56247e-01 | 45 -0.03399  9.07922e-02
 46 -0.02548  1.56388e-03 | 47 -0.01060  5.46343e-01 | 48 -0.08483  1.28137e-01
 49  0.12081  6.89028e-02 | 50  0.02090  8.83521e-02 | 51  0.00750  5.90490e-01
 52  0.01845 -2.08653e-01 | 53 -0.04188  1.84486e-01 | 54  0.07464  2.28038e-02
 55 -0.00319  1.49754e-01 | 56 -0.05933  3.43084e-01 | 57 -0.06778 -3.80627e-01
 58  0.07172 -2.00331e-01 | 59 -0.04866  4.16935e-01 | 60  0.00869  6.28402e-01
 61 -0.01208  3.08262e-01 | 62  0.05274 -1.10265e-01 | 63  0.08561 -6.97416e-02
 64 -0.07583  1.24140e-01 | 65 -0.02689  3.42392e-01 | 66  0.02972  3.12998e-01
 67 -0.00340  7.33645e-02 | 68 -0.05376  7.20232e-02 | 69  0.01967  2.55384e-01
 70 -0.00260 -5.01802e-02 | 71  0.13844  8.34257e-02 | 72 -0.07811  8.35288e-02
 73 -0.04266  1.90687e-01 | 74 -0.05220 -2.65407e-02 | 75  0.00328  1.17180e-01
 76 -0.07082  2.49846e-01 | 77  0.01236  1.07158e-01 | 78 -0.52061  1.86376e-01
 79 -0.80541  2.92079e-01 | 80 -0.81988 -3.14750e-01 | 81 -0.83067 -6.62087e-02
 82 -0.77656  7.29994e-02 | 83 -0.74367 -5.57555e-01 | 84 -0.78507 -2.02998e-01
 85 -0.82147 -4.12347e-01 | 86 -0.79286  5.89629e-01 | 87 -0.74450  6.09725e-01
 88 -0.66683 -3.31435e-01 | 89 -0.67805 -2.55369e-01 | 90 -0.71314 -1.28043e-01
 91 -0.70920  8.36271e-02 | 92 -0.71574  3.47124e-02 | 93 -0.70620  3.51156e-02
 94 -0.73559  1.75613e-02 | 95 -0.73661  2.71265e-01 | 96 -0.73811  6.41664e-02
 97 -0.72836 -1.15535e-01 | 98 -0.74278 -3.03384e-01 | 99 -0.73890  1.25774e-02
100 -0.71456  4.13528e-02 |101 -0.74914 -5.30449e-02 |102 -0.72563 -5.23170e-01
103 -0.71067  9.10891e-02 |104 -0.70502  2.60504e-01 |105 -0.69952 -1.56394e-02
106 -0.72702  1.43990e-01 |107 -0.76514  3.71913e-01 |108 -0.71014  6.61978e-02
109 -0.78131 -4.67372e-02 |110 -0.72913  1.68819e-01 |111 -0.73500  3.09373e-01
112 -0.69135  9.13002e-02 |113 -0.70648  2.84943e-01 |114 -0.72523  5.81978e-01
115 -0.67004 -4.91261e-01 |116 -0.69730 -9.95478e-02 |117 -0.73436  2.92374e-01
118 -0.71757 -5.76085e-01 |119 -0.71582 -1.66852e-01 |120 -0.68089 -2.16868e-01
121 -0.71092 -1.30074e-01 |122 -0.67279  8.46024e-02 |123 -0.80738  3.46438e-01
124 -0.69965 -8.51921e-02 |125 -0.74793 -1.22966e-01 |126 -0.76671 -1.98633e-01
127 -0.81869  8.35508e-01 |128 -0.84870 -1.12293e-01 |129 -0.82675  1.63325e-01
130 -0.72761  1.16975e-01 |131 -0.81485 -4.45761e-01 |132 -0.79520  3.35813e-01
133 -0.77393  7.52744e-02 |134 -0.78339 -4.08038e-02 |135 -0.80422 -5.44579e-01
136 -0.80929 -2.04526e-01 |137 -0.78780 -1.07593e+00 |138 -0.80047  3.12587e-01
139 -0.79549  2.65716e-01 |140 -0.85008 -6.17218e-01 |141 -0.84969  3.96014e-01
142 -0.86749 -2.31353e-01 |143 -0.89935  7.53992e-02 |144 -0.90251  4.39235e-01
145  0.46219 -2.49696e+00 |146  0.26838  2.09879e+00 |147  0.19114  2.03077e+00
148  0.08881 -1.04897e-01 |149 -0.16809  1.64422e-01 |150 -0.20546 -2.77350e-01
151 -0.17367  1.18773e-01 |152  0.00068  7.55230e-01 |153  0.16870  2.48970e-01
154 -0.02579  2.62837e-01 |155  0.17449  7.12069e-03 |156 -0.08706  3.71742e-02
157  0.41896 -1.59917e-07 |158 -0.05242  3.62431e-01 |159 -0.34503  5.18193e-01
160 -0.20765 -3.30250e-01 |161 -0.23031 -3.60408e-01 |162 -0.30762 -1.43052e-02
163  0.05832  1.90452e-01 |164 -0.16627 -1.33566e-01 |165  0.01429 -1.03989e+01
166  0.00903 -1.03250e+01 |167  0.00835 -1.00777e+01 |168 -0.00486 -1.07160e+01
169 -0.00588 -1.08281e+01 |170 -0.00336 -1.00475e+01 |171 -0.00468 -1.02367e+01
172 -0.00591 -1.03242e+01 |173  0.00805 -1.11115e+01 |174 -0.00066 -1.00454e+01
175 -0.00740 -1.08556e+01 |176 -0.02078 -1.09262e+01 |177  0.00213 -1.03641e+01
178 -0.01063 -1.06802e+01 |179  0.00797 -9.69411e+00 |180  0.00548 -1.04094e+01
181 -0.00344 -9.70464e+00 |182  0.01623 -9.85999e+00 |183 -0.01518 -9.66186e+00
184 -0.01528 -1.05533e+01 |185  0.00917 -9.64942e+00 |186  0.02049 -8.36118e+00
187 -0.00305 -8.09379e+00 |188 -0.02237 -8.97399e+00 |189  0.02108 -7.54115e+00
190 -0.02395 -7.94263e+00 |191  0.02583 -7.30852e+00 |192  0.00157 -7.76563e+00
193  0.00256 -7.86798e+00 |194 -0.00918 -7.84933e+00 |195  0.01295 -7.91046e+00
196  0.02259 -8.03366e+00 |197 -0.02584 -8.78882e+00 |198 -0.02138 -9.09090e+00
199  0.00609 -9.13029e+00 |200  0.00428 -8.98710e+00 |201  0.00301 -9.09980e+00
202 -0.02221 -9.18337e+00 |203 -0.01135 -8.75065e+00 |204  0.02815 -7.68675e+00
205 -0.00974 -8.11832e+00 |206  0.01829 -7.60772e+00 |207 -0.00829 -7.62659e+00
208 -0.01839 -7.29963e+00 |209  0.00789 -7.66581e+00 |210  0.00427 -6.64564e+00
211 -0.00334 -6.55846e+00 |212  0.00510 -6.25182e+00 |213 -0.01836 -5.83904e+00
214 -0.00153 -5.45618e+00 |215  0.02276 -4.69235e+00 |216 -0.02912 -4.35490e+00
217  0.01001 -4.21738e+00 |218  0.02310 -2.97879e+00 |219  0.02260 -2.48674e+00
220 -0.00297 -3.05701e+00 |221 -0.00753 -3.25604e+00 |222 -0.01866 -2.44466e+00
223  0.00245 -3.13446e+00 |224 -0.00201 -2.70862e+00 |225  0.00210 -2.51377e+00
226 -0.00384 -2.31165e+00 |227  0.00466 -3.11062e+00 |228 -0.00688 -2.48350e+00
229 -0.01083 -2.34101e+00 |230  0.00208 -2.43880e+00 |231 -0.01195 -2.08501e+00
232  0.01425 -9.52125e-02 |233  0.00118  9.86812e+00 |234  0.00253  9.78784e+00
235 -0.01035  9.06627e+00 |236  0.00860  8.59559e+00 |237  0.00694  8.17667e+00
238 -0.02530  8.18183e+00 |239  0.01926  7.37728e+00 |240  0.00000  7.16295e+00
241 -0.02904  6.34574e+00 |242  0.01894  6.53347e+00 |243 -0.00286  6.68038e+00
244 -0.00131  7.19916e+00 |245 -0.00088  7.50237e+00 |246  0.00839  6.62807e+00
247 -0.01043  6.42107e+00 |248  0.00485  7.07979e+00 |249  0.00205  6.38501e+00
250  0.00207  6.82082e+00 |251 -0.00686  5.70493e+00 |252  0.01019  5.20871e+00
253 -0.01003  5.99681e+00 |254  0.00366  5.69161e+00 |255  0.00014  5.36199e+00
256  0.01021  4.30883e+00 |257 -0.02504  4.50502e+00 |258  0.01718  3.71444e+00
259 -0.00791  4.41231e+00 |260  0.00382  3.42986e+00 |261 -0.00046  3.27996e+00
262  0.00657  2.91933e+00 |263 -0.00789  2.13363e+00 |264 -0.00011  1.11527e+00
265  0.01219  2.22401e-01 |266 -0.00502 -8.38646e-01 |267 -0.00376  9.86099e-02
268  0.00232  1.84331e+00 |269 -0.00054  2.01337e+00 |270  0.00200  1.88979e+00
271 -0.01804  1.89635e+00 |272  0.00986  3.35696e+00 |273  0.00827  2.62364e+00
274 -0.00832  3.21598e+00 |275  0.00814  2.47155e+00 |276 -0.00474  2.57457e+00
277 -0.00479  2.07549e+00 |278  0.00629  1.48188e+00 |279 -0.00520  1.40426e+00
280  0.00369 -4.03149e-01 |281  0.00157 -1.86928e-01 |282 -0.00498 -5.08822e-01
283 -0.00697  2.37659e-02 |284  0.01303 -5.05593e-01 |285 -0.00967 -5.70339e-01
286  0.00292 -9.84598e-02 |287  0.01226  1.36966e-01 |288  0.00560 -4.66446e-01
289 -0.00900  5.27723e-02 |290 -0.01483  3.44651e-01 |291  0.01208  6.13521e-01
292  0.00406  1.10010e-01 |293 -0.00630  7.26627e-01 |294 -0.00283 -5.86387e-02
295  0.00443 -1.29250e+00 |296 -0.00477 -8.88433e-01 |297  0.00464 -1.34787e+00
298 -0.01832 -1.39776e+00 |299  0.00790 -2.27216e+00 |300  0.00329  5.68884e-02
301  0.00202  9.35165e+00 |302  0.00476  9.85987e+00 |303 -0.00261  9.66677e+00
304 -0.00146  9.41265e+00 |305  0.00338  8.76630e+00 |306  0.01823  8.84343e+00
307 -0.01729  7.45908e+00 |308  0.00631  7.47344e+00 |309  0.00016  7.41470e+00
310 -0.02558  7.50390e+00 |311  0.01245  7.54787e+00 |312 -0.01008  7.94166e+00
313 -0.00039  6.53521e+00 |314 -0.00133  6.68359e+00 |315  0.00319  7.26177e+00
316 -0.00245  6.49129e+00 |317  0.00209  6.53786e+00 |318  0.00014  6.66029e+00
319  0.00392  6.65173e+00 |320 -0.00011  6.64244e+00 |321 -0.00191  6.58610e+00
322  0.00019  6.03535e+00 |323  0.00148  5.46490e+00 |324  0.00270  6.19716e+00
325  0.00614  5.46162e+00 |326 -0.01456  5.66375e+00 |327  0.00739  5.04907e+00
328 -0.00226  5.10712e+00 |329  0.00004  4.58440e+00 |330  0.00415  4.66075e+00
331 -0.00273  4.26169e+00 |332 -0.00109  4.33358e+00 |333 -0.00247  3.18535e+00
334  0.00686  2.95905e+00 |335  0.00708  3.45431e+00 |336 -0.00888  4.14060e+00
337  0.00095  4.27098e+00 |338  0.00268  4.63656e+00 |339  0.00793  3.80714e+00
340 -0.01016  4.56432e+00 |341 -0.00328  4.83126e+00 |342 -0.00085  4.71776e+00
343 -0.00195  4.06471e+00 |344  0.00626  4.82265e+00 |345  0.00106  4.01953e+00
346 -0.00623  2.78132e+00 |347  0.00349  3.08334e+00 |348 -0.00439  2.45414e+00
349  0.00491  1.59706e+00 |350 -0.00132  1.94177e+00 |351  0.00051  2.16293e+00
352 -0.00438  1.52211e+00 |353  0.00854  1.70425e+00 |354 -0.00215  1.88075e+00
355 -0.00511  2.09887e+00 |356  0.00629  2.42617e+00 |357  0.00492  2.55119e+00
358  0.00340  3.54447e+00 |359 -0.01083  3.80069e+00 |360  0.00325  3.56595e+00
361  0.00029  2.46757e+00 |362  0.00071  2.76880e+00 |363 -0.00095  2.40020e+00
364  0.00114  1.35480e+00 |365 -0.00488  1.33725e+00 |366  0.01270  6.70783e-03
367 -0.01836  3.02104e-01 |368 -0.00629  4.75579e-01 |
368 variables; iteration 340; function evaluation 380; phase 5
Function value 3.4135000e+03; maximum gradient component mag 5.6714e+01
Var    Value     Gradient |Var    Value     Gradient |Var    Value     Gradient
  1 -0.02014 -1.96136e+01 |  2  0.07209  2.26146e-02 |  3  0.15644  2.98941e-02
  4 -0.01938 -1.56545e-01 |  5 -0.06775 -6.90347e-02 |  6  0.05864 -1.56722e-01
  7  0.03422  2.72092e-02 |  8 -0.01568 -1.29559e-03 |  9  0.03545 -2.96673e-01
 10  0.01604 -2.74626e-02 | 11  0.21578  1.34696e-01 | 12 -0.12086 -3.18664e-02
 13 -0.03742  1.89570e-02 | 14 -0.15325  2.30697e-01 | 15 -0.17199  9.51628e-02
 16  0.24139 -3.40246e-01 | 17  0.01212  4.01489e-01 | 18 -0.09574 -4.57650e-02
 19 -0.03500 -2.15725e-01 | 20  0.00018  2.76629e-01 | 21 -0.08391  9.09843e-02
 22  0.04476 -7.31396e-02 | 23 -0.11168  3.90410e-01 | 24 -0.02725 -1.77388e-01
 25  0.01746  5.79865e-02 | 26  0.03069  4.12059e-02 | 27 -0.10511  2.36002e-01
 28  0.02116 -1.27673e-01 | 29  0.06067 -1.09183e-01 | 30 -0.07356  2.41854e-01
 31 -0.17669  2.17468e-01 | 32  0.04374  9.81222e-02 | 33  0.06264 -3.33915e-01
 34  0.07135 -4.09263e-03 | 35  0.05696 -3.01713e-01 | 36 -0.03366  2.12633e-01
 37 -0.00649 -2.52597e-01 | 38  0.07144  1.51894e-01 | 39 -0.05454  1.53819e-01
 40  0.22768 -7.93744e-01 | 41  0.03123  5.92054e-02 | 42  0.08561 -1.26893e-01
 43 -0.06705  1.43037e-01 | 44  0.18382 -3.15498e-01 | 45 -0.03401  5.78770e-02
 46 -0.02549 -4.24544e-02 | 47 -0.01063  1.33026e-01 | 48 -0.08484  6.10360e-02
 49  0.12081 -4.87428e-01 | 50  0.02090 -2.21939e-01 | 51  0.00748 -2.14690e-02
 52  0.01847 -1.50144e-01 | 53 -0.04188 -8.11254e-02 | 54  0.07464 -4.70123e-01
 55 -0.00319 -2.08200e-01 | 56 -0.05934  7.20701e-02 | 57 -0.06776 -1.49537e-02
 58  0.07171 -5.01384e-01 | 59 -0.04869  1.96540e-02 | 60  0.00867 -5.67848e-02
 61 -0.01209  1.92909e-02 | 62  0.05273 -2.16523e-01 | 63  0.08561 -1.03726e-01
 64 -0.07584  1.71889e-01 | 65 -0.02691  4.43844e-03 | 66  0.02973  1.23314e-01
 67 -0.00339  2.40955e-01 | 68 -0.05375  1.80499e-01 | 69  0.01967  2.45866e-01
 70 -0.00259  1.81955e-01 | 71  0.13845  1.65533e-01 | 72 -0.07808  3.27211e-01
 73 -0.04269  2.14433e-01 | 74 -0.05221  1.56885e-01 | 75  0.00327  1.07592e-01
 76 -0.07085  2.36052e-01 | 77  0.01233  1.81617e-01 | 78 -0.52067  8.52512e-02
 79 -0.80546  2.27117e-01 | 80 -0.81976 -7.67702e-02 | 81 -0.83063 -9.86186e-04
 82 -0.77648  9.58864e-02 | 83 -0.74313  3.47831e-02 | 84 -0.78495 -4.13344e-02
 85 -0.82132  3.21672e-03 | 86 -0.79309  1.38991e-01 | 87 -0.74482  1.13294e-01
 88 -0.66642 -1.20832e-02 | 89 -0.67781 -5.84501e-02 | 90 -0.71300  1.02817e-01
 91 -0.70940 -1.29091e-01 | 92 -0.71586 -1.08013e-01 | 93 -0.70624  2.93032e-02
 94 -0.73555  1.06554e-01 | 95 -0.73711 -3.87766e-01 | 96 -0.73844 -2.90682e-01
 97 -0.72835 -1.13833e-01 | 98 -0.74254  2.78856e-02 | 99 -0.73869  2.87717e-01
100 -0.71432  2.29917e-01 |101 -0.74921 -2.04325e-01 |102 -0.72517  1.23701e-01
103 -0.71071  1.51428e-01 |104 -0.70492  4.27396e-01 |105 -0.69987 -3.43395e-01
106 -0.72717 -3.78197e-02 |107 -0.76542  6.10219e-03 |108 -0.71025 -4.34902e-02
109 -0.78112  3.86626e-01 |110 -0.72902  3.38670e-01 |111 -0.73517  1.60554e-01
112 -0.69149  5.53386e-03 |113 -0.70676 -5.44105e-02 |114 -0.72562  6.81436e-02
115 -0.66955  1.85506e-01 |116 -0.69698  4.09117e-01 |117 -0.73445  2.26108e-01
118 -0.71744 -2.18395e-01 |119 -0.71595 -2.18076e-01 |120 -0.68074  1.17087e-01
121 -0.71080  1.29036e-01 |122 -0.67284  1.28996e-01 |123 -0.80742  2.69949e-01
124 -0.69975 -1.09650e-01 |125 -0.74799 -1.32947e-01 |126 -0.76656  7.92559e-02
127 -0.81903  4.44018e-02 |128 -0.84868  5.58051e-03 |129 -0.82680  3.69377e-02
130 -0.72781 -7.99842e-02 |131 -0.81461  1.30119e-01 |132 -0.79526  3.03108e-01
133 -0.77383  2.34363e-01 |134 -0.78361 -2.64768e-01 |135 -0.80371  4.63720e-01
136 -0.80933 -2.60566e-01 |137 -0.78742 -2.06346e-01 |138 -0.80059 -1.85880e-02
139 -0.79570 -2.63748e-01 |140 -0.84999 -1.43105e-01 |141 -0.84977 -8.53793e-03
142 -0.86747 -9.24413e-02 |143 -0.89935 -4.71014e-02 |144 -0.90255  2.35476e-02
145  0.47838 -2.86353e-01 |146  0.26856  1.19397e+01 |147  0.19401  2.45209e+00
148  0.08881 -1.96658e-01 |149 -0.16809 -4.40752e-01 |150 -0.20545 -1.23366e+00
151 -0.17367 -1.19152e+00 |152  0.00068  7.19877e-01 |153  0.16870  1.87901e-01
154 -0.02580 -1.97714e-01 |155  0.17451 -1.26520e-01 |156 -0.08743 -6.33153e-02
157  0.41897 -3.35855e-07 |158 -0.05242 -3.29684e-01 |159 -0.34502  2.30451e+00
160 -0.20764  6.79559e-01 |161 -0.23038  1.68657e-01 |162 -0.30753  1.37473e-01
163  0.05810 -1.70519e-01 |164 -0.16636 -4.55072e-01 |165  0.01353  1.68913e+00
166  0.00876  1.67832e+00 |167  0.00693  1.58615e+00 |168 -0.00377  1.47850e+00
169 -0.00407  1.52947e+00 |170 -0.00448  1.54977e+00 |171 -0.00518  1.48916e+00
172 -0.00641  1.37856e+00 |173  0.00785 -1.22056e-01 |174 -0.00227  3.69437e-01
175 -0.00709  6.22140e-02 |176 -0.02035  9.60748e-02 |177  0.00207 -1.22220e-01
178 -0.01067 -5.39624e-01 |179  0.00785 -3.07962e-01 |180  0.00573 -7.49694e-01
181 -0.00359 -6.12722e-01 |182  0.01622 -9.24194e-01 |183 -0.01544 -7.95329e-01
184 -0.01503 -9.60176e-01 |185  0.00925 -7.47945e-01 |186  0.02045 -7.49404e-01
187 -0.00377 -6.61021e-01 |188 -0.02157 -9.23469e-01 |189  0.02095 -9.73450e-02
190 -0.02386 -3.32588e-01 |191  0.02548 -8.70065e-01 |192  0.00164 -5.46546e-01
193  0.00265 -4.09514e-01 |194 -0.00900 -2.89019e-01 |195  0.01221 -6.67790e-01
196  0.02279 -1.68652e-01 |197 -0.02583 -4.80143e-01 |198 -0.02112 -4.18763e-01
199  0.00674  1.43979e-01 |200  0.00371 -3.12339e-01 |201  0.00314  1.56077e-01
202 -0.02211  4.33320e-02 |203 -0.01144  1.03793e-01 |204  0.02787  8.64044e-02
205 -0.00948  2.53926e-01 |206  0.01825  2.86068e-01 |207 -0.00810  3.86209e-01
208 -0.01858  3.07396e-01 |209  0.00811  3.51079e-01 |210  0.00407  4.30184e-02
211 -0.00331  2.02804e-01 |212  0.00535  4.01002e-01 |213 -0.01861  2.50588e-02
214 -0.00151  2.39308e-01 |215  0.02266 -7.02438e-01 |216 -0.02903 -1.10218e-01
217  0.01005 -7.16934e-01 |218  0.02307 -6.22735e-01 |219  0.02194 -4.98575e-01
220 -0.00286 -5.45682e-01 |221 -0.00648 -4.73547e-01 |222 -0.01924 -2.17451e-01
223  0.00263 -5.66464e-01 |224 -0.00237 -6.14853e-01 |225  0.00237 -3.54453e-02
226 -0.00400 -1.01614e-01 |227  0.00484 -3.30011e-01 |228 -0.00694 -2.57422e-01
229 -0.01093 -1.19014e-01 |230  0.00231  2.17513e-01 |231 -0.01205 -3.47700e-01
232  0.01422 -1.22747e-02 |233  0.00107  5.47869e+01 |234  0.00251  5.48760e+01
235 -0.01024  5.55448e+01 |236  0.00853  5.54835e+01 |237  0.00705  5.59459e+01
238 -0.02563  5.57454e+01 |239  0.01938  5.64284e+01 |240  0.00033  5.67141e+01
241 -0.02916  5.46454e+01 |242  0.01895  5.34316e+01 |243 -0.00299  5.31055e+01
244 -0.00120  5.32323e+01 |245 -0.00093  5.26159e+01 |246  0.00841  5.11884e+01
247 -0.01047  5.04453e+01 |248  0.00483  4.93145e+01 |249  0.00211  4.83184e+01
250  0.00203  4.76927e+01 |251 -0.00685  4.62537e+01 |252  0.01024  4.46673e+01
253 -0.01013  4.43109e+01 |254  0.00372  4.29330e+01 |255  0.00014  4.13159e+01
256  0.01014  4.05884e+01 |257 -0.02496  4.07143e+01 |258  0.01718  3.92291e+01
259 -0.00790  3.77492e+01 |260  0.00377  3.59843e+01 |261 -0.00041  3.48208e+01
262  0.00648  3.36915e+01 |263 -0.00779  3.35572e+01 |264 -0.00021  3.14725e+01
265  0.01228  3.09901e+01 |266 -0.00501  2.95620e+01 |267 -0.00373  2.92862e+01
268  0.00229  2.93908e+01 |269 -0.00058  2.93205e+01 |270  0.00201  2.78197e+01
271 -0.01798  2.75559e+01 |272  0.00980  2.69474e+01 |273  0.00829  2.55031e+01
274 -0.00833  2.48876e+01 |275  0.00813  2.29296e+01 |276 -0.00474  2.23902e+01
277 -0.00479  2.13765e+01 |278  0.00629  1.97517e+01 |279 -0.00521  1.91003e+01
280  0.00370  1.69347e+01 |281  0.00156  1.59488e+01 |282 -0.00498  1.50701e+01
283 -0.00696  1.41098e+01 |284  0.01302  1.18581e+01 |285 -0.00966  1.10245e+01
286  0.00292  9.94722e+00 |287  0.01225  9.10241e+00 |288  0.00561  8.21950e+00
289 -0.00900  8.39463e+00 |290 -0.01483  8.28806e+00 |291  0.01207  7.51730e+00
292  0.00409  6.51246e+00 |293 -0.00633  6.27472e+00 |294 -0.00282  5.32883e+00
295  0.00445  4.14681e+00 |296 -0.00478  3.57938e+00 |297  0.00468  2.81630e+00
298 -0.01846  2.52793e+00 |299  0.00805  2.04276e+00 |300  0.00327  1.29943e+00
301  0.00139  1.10501e+01 |302  0.00472  1.16853e+01 |303 -0.00262  1.28880e+01
304 -0.00143  1.31109e+01 |305  0.00333  1.33708e+01 |306  0.01833  1.53747e+01
307 -0.01737  1.52443e+01 |308  0.00628  1.58167e+01 |309  0.00015  1.46587e+01
310 -0.02554  1.37571e+01 |311  0.01250  1.37967e+01 |312 -0.01021  1.39834e+01
313 -0.00032  1.30985e+01 |314 -0.00132  1.28594e+01 |315  0.00321  1.30533e+01
316 -0.00246  1.21307e+01 |317  0.00206  1.21783e+01 |318  0.00018  1.18417e+01
319  0.00391  1.19706e+01 |320 -0.00012  1.15471e+01 |321 -0.00187  1.19386e+01
322  0.00013  1.09569e+01 |323  0.00150  1.07161e+01 |324  0.00270  1.16827e+01
325  0.00613  1.20079e+01 |326 -0.01456  1.11335e+01 |327  0.00741  1.08905e+01
328 -0.00225  1.09966e+01 |329  0.00000  1.06328e+01 |330  0.00419  1.10429e+01
331 -0.00277  1.14597e+01 |332 -0.00105  1.09372e+01 |333 -0.00253  1.09002e+01
334  0.00690  1.01931e+01 |335  0.00704  1.06771e+01 |336 -0.00885  1.08622e+01
337  0.00097  1.13220e+01 |338  0.00266  1.01812e+01 |339  0.00790  1.01233e+01
340 -0.01011  9.72977e+00 |341 -0.00330  9.06188e+00 |342 -0.00085  9.09334e+00
343 -0.00193  8.00436e+00 |344  0.00625  8.15644e+00 |345  0.00105  7.67917e+00
346 -0.00622  6.53095e+00 |347  0.00350  6.55700e+00 |348 -0.00442  5.52643e+00
349  0.00493  5.63093e+00 |350 -0.00133  5.56470e+00 |351  0.00051  5.15242e+00
352 -0.00438  3.59299e+00 |353  0.00854  3.51758e+00 |354 -0.00214  2.81999e+00
355 -0.00511  2.52772e+00 |356  0.00628  2.77981e+00 |357  0.00493  3.57179e+00
358  0.00340  4.04152e+00 |359 -0.01083  3.36836e+00 |360  0.00324  2.75017e+00
361  0.00030  2.31660e+00 |362  0.00071  2.15648e+00 |363 -0.00097  1.65467e+00
364  0.00115  1.44231e+00 |365 -0.00490  1.20333e+00 |366  0.01281  1.43254e+00
367 -0.01848  1.15625e+00 |368 -0.00627  5.94974e-01 |
368 variables; iteration 360; function evaluation 412; phase 5
Function value 3.4134888e+03; maximum gradient component mag -2.5701e+01
Var    Value     Gradient |Var    Value     Gradient |Var    Value     Gradient
  1 -0.02014  1.16308e+01 |  2  0.07196 -3.00610e-03 |  3  0.15625  5.72883e-02
  4 -0.01877  1.55860e-01 |  5 -0.06777  2.96015e-02 |  6  0.05864 -1.29456e-02
  7  0.03418  3.64633e-02 |  8 -0.01560  2.54937e-01 |  9  0.03563  4.58800e-01
 10  0.01643  3.81643e-01 | 11  0.21574 -3.40159e-02 | 12 -0.12021  1.80917e-01
 13 -0.03747 -3.94130e-01 | 14 -0.15314 -1.39807e-01 | 15 -0.17193 -1.41487e-01
 16  0.24140 -3.78683e-01 | 17  0.01142 -5.48393e-01 | 18 -0.09514  1.61353e-01
 19 -0.03486 -1.25702e-01 | 20  0.00008  2.64275e-02 | 21 -0.08391  9.45031e-02
 22  0.04486  1.15066e-01 | 23 -0.11238 -2.67944e-01 | 24 -0.02678  3.82106e-01
 25  0.01729 -1.39600e-01 | 26  0.03078  3.12042e-02 | 27 -0.10585 -5.25854e-01
 28  0.02123  1.49430e-01 | 29  0.06067 -8.61988e-03 | 30 -0.07368 -2.44932e-01
 31 -0.17688 -1.70266e-01 | 32  0.04362 -5.26217e-02 | 33  0.06303  4.14445e-01
 34  0.07115 -1.98660e-02 | 35  0.05725  2.15624e-01 | 36 -0.03417 -1.69252e-01
 37 -0.00593  4.34336e-01 | 38  0.07118 -1.50877e-01 | 39 -0.05439  3.29256e-02
 40  0.22761  3.25682e-01 | 41  0.03112 -3.09557e-01 | 42  0.08562 -9.19433e-02
 43 -0.06705  1.34931e-01 | 44  0.18383  4.73390e-01 | 45 -0.03400  5.49490e-02
 46 -0.02550 -2.83858e-02 | 47 -0.01064 -8.51550e-02 | 48 -0.08482 -8.39127e-02
 49  0.12081  3.54352e-01 | 50  0.02093  1.09183e-01 | 51  0.00744 -1.48292e-01
 52  0.01848  1.86608e-01 | 53 -0.04187  3.60601e-02 | 54  0.07465  2.32740e-01
 55 -0.00318  1.27882e-02 | 56 -0.05935 -5.50117e-02 | 57 -0.06776  1.14386e-01
 58  0.07172  2.90014e-01 | 59 -0.04870 -1.56653e-01 | 60  0.00867 -5.92159e-02
 61 -0.01210 -1.38204e-01 | 62  0.05273  8.67927e-04 | 63  0.08560  3.48056e-01
 64 -0.07585 -2.15257e-02 | 65 -0.02690 -3.10093e-01 | 66  0.02972 -7.55322e-02
 67 -0.00340  3.59034e-02 | 68 -0.05375 -3.82421e-02 | 69  0.01964 -2.48251e-01
 70 -0.00259 -1.53054e-01 | 71  0.13845 -4.53936e-02 | 72 -0.07810 -8.23700e-02
 73 -0.04271 -2.35654e-01 | 74 -0.05222 -1.81481e-01 | 75  0.00328 -4.86308e-02
 76 -0.07088 -2.00840e-01 | 77  0.01233 -2.06871e-01 | 78 -0.52075 -5.23782e-02
 79 -0.80569 -2.21282e-01 | 80 -0.81976 -6.77133e-02 | 81 -0.83067 -3.29600e-02
 82 -0.77652  6.47417e-02 | 83 -0.74330 -5.52117e-02 | 84 -0.78482  3.13929e-01
 85 -0.82132  1.41986e-02 | 86 -0.79303  1.16827e-01 | 87 -0.74493 -1.14143e-01
 88 -0.66675 -3.05446e-01 | 89 -0.67746  2.26259e-01 | 90 -0.71314 -8.72568e-02
 91 -0.70911  1.97344e-01 | 92 -0.71562  8.51928e-02 | 93 -0.70642 -8.49502e-02
 94 -0.73566 -9.17844e-02 | 95 -0.73684 -6.03789e-02 | 96 -0.73798  1.66870e-01
 97 -0.72777  5.88741e-01 | 98 -0.74216  5.19690e-01 | 99 -0.73905 -4.08372e-01
100 -0.71451 -2.25230e-01 |101 -0.74889  2.05544e-01 |102 -0.72544 -1.95048e-01
103 -0.71086 -1.38668e-01 |104 -0.70536 -1.27566e-01 |105 -0.69954 -9.63137e-02
106 -0.72729 -1.39407e-01 |107 -0.76531  7.61139e-02 |108 -0.71001  1.48397e-01
109 -0.78148 -4.67807e-01 |110 -0.72939 -2.79741e-01 |111 -0.73529 -8.38222e-02
112 -0.69145 -5.44468e-02 |113 -0.70646  2.68651e-01 |114 -0.72551  1.55016e-01
115 -0.66938  2.68343e-01 |116 -0.69737 -1.71896e-01 |117 -0.73463 -1.11493e-01
118 -0.71705  3.44494e-01 |119 -0.71577 -4.98800e-02 |120 -0.68070  3.05315e-02
121 -0.71099 -2.36878e-01 |122 -0.67286 -1.65850e-02 |123 -0.80754 -1.45495e-01
124 -0.69963 -8.09011e-02 |125 -0.74764  2.91686e-01 |126 -0.76652  8.04010e-02
127 -0.81908 -1.43934e-01 |128 -0.84868 -5.37223e-02 |129 -0.82682 -1.00678e-01
130 -0.72780 -1.21613e-01 |131 -0.81445  4.28312e-01 |132 -0.79553 -1.50938e-01
133 -0.77433 -4.40874e-01 |134 -0.78320  1.82820e-01 |135 -0.80413 -3.55942e-01
136 -0.80918  1.23626e-01 |137 -0.78730  6.91667e-02 |138 -0.80064 -1.23429e-01
139 -0.79561 -3.69827e-03 |140 -0.84992  2.13782e-01 |141 -0.84979 -8.69246e-02
142 -0.86744  1.12332e-01 |143 -0.89935 -5.56506e-03 |144 -0.90256 -1.36968e-01
145  0.50501 -4.56981e+00 |146  0.26710  4.97426e+00 |147  0.19798 -5.79495e-01
148  0.08881 -7.49808e-02 |149 -0.16809  3.66647e-01 |150 -0.20544  3.32664e-01
151 -0.17367  1.27324e-01 |152  0.00068  9.68585e-01 |153  0.16871  4.44613e-01
154 -0.02580  9.97361e-02 |155  0.17450  1.24598e-01 |156 -0.08733 -1.60439e-02
157  0.41897  1.66024e-06 |158 -0.05241 -1.86793e-02 |159 -0.34503 -1.18245e+00
160 -0.20766 -6.52664e-02 |161 -0.23029  8.10864e-02 |162 -0.30759  1.64721e-01
163  0.05792 -3.45459e-01 |164 -0.16620 -8.26427e-02 |165  0.01144 -2.43346e+01
166  0.00754 -2.43376e+01 |167  0.00591 -2.44127e+01 |168 -0.00346 -2.42499e+01
169 -0.00360 -2.41655e+01 |170 -0.00544 -2.45088e+01 |171 -0.00575 -2.44700e+01
172 -0.00638 -2.44295e+01 |173  0.00949 -2.51692e+01 |174 -0.00362 -2.57005e+01
175 -0.00684 -2.55914e+01 |176 -0.02055 -2.56986e+01 |177  0.00203 -2.53661e+01
178 -0.01049 -2.52194e+01 |179  0.00758 -2.49006e+01 |180  0.00614 -2.45825e+01
181 -0.00394 -2.47037e+01 |182  0.01632 -2.39971e+01 |183 -0.01550 -2.37155e+01
184 -0.01483 -2.36362e+01 |185  0.00916 -2.31351e+01 |186  0.02020 -2.25607e+01
187 -0.00423 -2.23420e+01 |188 -0.02068 -2.19457e+01 |189  0.02071 -2.19831e+01
190 -0.02392 -2.13349e+01 |191  0.02572 -2.01330e+01 |192  0.00131 -2.00380e+01
193  0.00318 -1.94897e+01 |194 -0.00965 -1.98682e+01 |195  0.01242 -1.90703e+01
196  0.02192 -1.86882e+01 |197 -0.02498 -1.75266e+01 |198 -0.02093 -1.75108e+01
199  0.00608 -1.71736e+01 |200  0.00435 -1.69147e+01 |201  0.00254 -1.65488e+01
202 -0.02180 -1.59703e+01 |203 -0.01117 -1.51738e+01 |204  0.02797 -1.45112e+01
205 -0.00962 -1.45209e+01 |206  0.01816 -1.35483e+01 |207 -0.00807 -1.30877e+01
208 -0.01848 -1.29213e+01 |209  0.00809 -1.23230e+01 |210  0.00408 -1.22566e+01
211 -0.00329 -1.16369e+01 |212  0.00519 -1.12551e+01 |213 -0.01843 -1.10953e+01
214 -0.00158 -1.07570e+01 |215  0.02287 -8.13851e+00 |216 -0.02926 -8.14445e+00
217  0.01012 -6.62765e+00 |218  0.02302 -6.10116e+00 |219  0.02147 -5.75356e+00
220 -0.00266 -5.33829e+00 |221 -0.00577 -5.11802e+00 |222 -0.01993 -5.30239e+00
223  0.00339 -3.90325e+00 |224 -0.00333 -5.43981e+00 |225  0.00316 -3.83776e+00
226 -0.00467 -5.10076e+00 |227  0.00519 -3.32517e+00 |228 -0.00680 -3.02907e+00
229 -0.01100 -3.13785e+00 |230  0.00213 -2.85576e+00 |231 -0.01194 -2.26513e+00
232  0.01419 -5.70057e-01 |233  0.00138  2.30293e+01 |234  0.00253  2.29647e+01
235 -0.01024  2.34691e+01 |236  0.00850  2.34904e+01 |237  0.00689  2.23905e+01
238 -0.02478  2.27376e+01 |239  0.01889  2.26572e+01 |240 -0.00013  2.23989e+01
241 -0.02901  2.13493e+01 |242  0.01904  1.98965e+01 |243 -0.00277  1.95927e+01
244 -0.00137  1.91285e+01 |245 -0.00095  1.91070e+01 |246  0.00844  1.87519e+01
247 -0.01043  1.89677e+01 |248  0.00470  1.76970e+01 |249  0.00235  1.76703e+01
250  0.00182  1.69755e+01 |251 -0.00676  1.65123e+01 |252  0.01014  1.54040e+01
253 -0.00996  1.56140e+01 |254  0.00363  1.48376e+01 |255  0.00011  1.34263e+01
256  0.01010  1.33801e+01 |257 -0.02490  1.38275e+01 |258  0.01725  1.29401e+01
259 -0.00804  1.20482e+01 |260  0.00389  1.15253e+01 |261 -0.00054  1.02855e+01
262  0.00668  1.01437e+01 |263 -0.00800  1.00252e+01 |264 -0.00008  9.00751e+00
265  0.01222  9.16413e+00 |266 -0.00500  8.36200e+00 |267 -0.00368  7.93285e+00
268  0.00223  6.70496e+00 |269 -0.00056  7.38734e+00 |270  0.00204  6.05258e+00
271 -0.01801  5.92380e+00 |272  0.00979  6.35773e+00 |273  0.00832  5.76623e+00
274 -0.00835  5.57061e+00 |275  0.00813  4.12237e+00 |276 -0.00476  3.53742e+00
277 -0.00477  3.66739e+00 |278  0.00628  2.95243e+00 |279 -0.00523  2.80492e+00
280  0.00372  2.07268e+00 |281  0.00154  1.38478e+00 |282 -0.00495  1.46707e+00
283 -0.00696  2.98940e+00 |284  0.01302  1.64409e+00 |285 -0.00967  2.46910e+00
286  0.00293  2.87587e+00 |287  0.01224  2.33325e+00 |288  0.00562  2.10642e+00
289 -0.00901  2.13798e+00 |290 -0.01483  1.93675e+00 |291  0.01205  1.65726e+00
292  0.00413  1.32659e+00 |293 -0.00640  7.47300e-01 |294 -0.00278  8.21099e-01
295  0.00446  7.38401e-01 |296 -0.00480  3.39062e-01 |297  0.00465 -1.79690e-01
298 -0.01846  1.64064e-01 |299  0.00809  5.59510e-01 |300  0.00327  8.12533e-01
301  0.00049 -2.42001e+00 |302  0.00473 -2.71725e+00 |303 -0.00261 -2.07205e+00
304 -0.00142 -2.13236e+00 |305  0.00330 -3.01583e+00 |306  0.01773 -3.29835e+00
307 -0.01677 -2.46327e+00 |308  0.00639 -2.70330e+00 |309  0.00018 -4.03431e+00
310 -0.02568 -5.89339e+00 |311  0.01243 -5.65994e+00 |312 -0.01010 -5.59375e+00
313 -0.00034 -5.15813e+00 |314 -0.00136 -5.06077e+00 |315  0.00320 -4.69025e+00
316 -0.00243 -4.83625e+00 |317  0.00196 -4.49968e+00 |318  0.00033 -4.46261e+00
319  0.00382 -4.29682e+00 |320 -0.00009 -4.42862e+00 |321 -0.00196 -3.75732e+00
322  0.00024 -3.67774e+00 |323  0.00151 -3.92199e+00 |324  0.00267 -3.77964e+00
325  0.00615 -2.92466e+00 |326 -0.01458 -3.69635e+00 |327  0.00748 -3.37284e+00
328 -0.00236 -3.68129e+00 |329  0.00008 -3.59750e+00 |330  0.00409 -3.05966e+00
331 -0.00263 -2.55547e+00 |332 -0.00117 -3.38303e+00 |333 -0.00245 -2.58970e+00
334  0.00688 -3.29015e+00 |335  0.00702 -3.09627e+00 |336 -0.00883 -3.78598e+00
337  0.00098 -2.87641e+00 |338  0.00265 -4.05022e+00 |339  0.00790 -3.37192e+00
340 -0.01010 -2.66179e+00 |341 -0.00330 -2.86689e+00 |342 -0.00085 -2.55450e+00
343 -0.00193 -3.22361e+00 |344  0.00625 -3.36005e+00 |345  0.00104 -3.32506e+00
346 -0.00621 -3.62629e+00 |347  0.00350 -3.66684e+00 |348 -0.00443 -4.06875e+00
349  0.00494 -3.56149e+00 |350 -0.00134 -3.52532e+00 |351  0.00050 -2.25851e+00
352 -0.00437 -2.86354e+00 |353  0.00853 -2.48577e+00 |354 -0.00214 -1.86987e+00
355 -0.00510 -1.89686e+00 |356  0.00627 -1.79421e+00 |357  0.00494 -1.05189e+00
358  0.00341 -1.16220e+00 |359 -0.01084 -1.57829e+00 |360  0.00323 -2.04137e+00
361  0.00032 -1.70221e+00 |362  0.00071 -1.75831e+00 |363 -0.00098 -1.72616e+00
364  0.00117 -1.35624e+00 |365 -0.00491 -1.83927e+00 |366  0.01284 -1.20147e+00
367 -0.01852 -9.40355e-01 |368 -0.00627 -1.65137e-01 |
368 variables; iteration 380; function evaluation 449; phase 5
Function value 3.4134740e+03; maximum gradient component mag -6.6678e+01
Var    Value     Gradient |Var    Value     Gradient |Var    Value     Gradient
  1 -0.02014  1.87922e+01 |  2  0.07198  6.13230e-03 |  3  0.15630  8.34186e-02
  4 -0.01878  1.51251e-01 |  5 -0.06775  5.90649e-02 |  6  0.05876  1.69580e-01
  7  0.03405 -1.97407e-01 |  8 -0.01547  2.77722e-01 |  9  0.03553  8.86600e-02
 10  0.01619  3.19300e-02 | 11  0.21576 -1.90512e-01 | 12 -0.12050 -7.03279e-02
 13 -0.03730 -2.48141e-01 | 14 -0.15330 -2.79677e-01 | 15 -0.17182 -9.06369e-02
 16  0.24138 -1.84584e-01 | 17  0.01191 -1.21517e-01 | 18 -0.09560 -1.63015e-01
 19 -0.03467  1.34466e-01 | 20  0.00003 -2.53260e-01 | 21 -0.08390  1.36810e-02
 22  0.04483 -2.84985e-02 | 23 -0.11203  4.76217e-02 | 24 -0.02703 -8.35406e-02
 25  0.01741  2.06600e-02 | 26  0.03062 -2.18890e-01 | 27 -0.10536 -2.58220e-01
 28  0.02121  9.56854e-02 | 29  0.06069  1.24133e-01 | 30 -0.07373 -2.57042e-01
 31 -0.17684 -2.01998e-01 | 32  0.04376  1.38958e-01 | 33  0.06287  2.35698e-01
 34  0.07129  3.30819e-01 | 35  0.05715  2.58048e-01 | 36 -0.03408 -1.67774e-01
 37 -0.00595  4.18667e-01 | 38  0.07126 -3.09656e-02 | 39 -0.05474 -3.72292e-01
 40  0.22764  8.23544e-01 | 41  0.03114 -1.09599e-01 | 42  0.08563  3.13468e-02
 43 -0.06708 -2.99051e-02 | 44  0.18380  5.90021e-01 | 45 -0.03404 -7.63854e-02
 46 -0.02550  6.29223e-02 | 47 -0.01067 -1.10093e-01 | 48 -0.08485 -1.19950e-01
 49  0.12080  5.88732e-01 | 50  0.02090  1.85744e-01 | 51  0.00744 -1.69772e-02
 52  0.01847  2.27387e-01 | 53 -0.04187  4.06059e-02 | 54  0.07465  3.72023e-01
 55 -0.00318  1.73279e-01 | 56 -0.05936 -8.92732e-02 | 57 -0.06777  7.00377e-02
 58  0.07172  4.62306e-01 | 59 -0.04871 -7.74531e-02 | 60  0.00865  1.60019e-01
 61 -0.01209 -2.32546e-02 | 62  0.05274  8.35246e-02 | 63  0.08561  2.20372e-01
 64 -0.07583 -7.80511e-02 | 65 -0.02689 -1.34815e-01 | 66  0.02972 -6.78032e-02
 67 -0.00340 -2.55069e-01 | 68 -0.05375 -1.89878e-01 | 69  0.01964 -3.73891e-01
 70 -0.00259 -2.48667e-01 | 71  0.13845 -2.02865e-01 | 72 -0.07810 -2.56004e-01
 73 -0.04271 -3.15581e-01 | 74 -0.05220 -2.15843e-01 | 75  0.00329  1.21365e-01
 76 -0.07087 -2.19861e-01 | 77  0.01235 -2.02798e-01 | 78 -0.52076 -5.17636e-02
 79 -0.80557 -2.41897e-02 | 80 -0.81969  1.23442e-01 | 81 -0.83060  9.88147e-02
 82 -0.77666 -1.47872e-01 | 83 -0.74310  2.88504e-01 | 84 -0.78496 -3.11862e-02
 85 -0.82128  9.57506e-02 | 86 -0.79310 -1.72854e-02 | 87 -0.74513 -3.65071e-01
 88 -0.66622  2.68437e-01 | 89 -0.67760  8.30610e-02 | 90 -0.71312 -8.07899e-02
 91 -0.70927  1.47841e-02 | 92 -0.71548  2.77397e-01 | 93 -0.70622  1.02714e-01
 94 -0.73565 -7.32404e-02 | 95 -0.73631  6.36789e-01 | 96 -0.73842 -4.05474e-01
 97 -0.72783  5.32981e-01 | 98 -0.74256 -1.09283e-01 | 99 -0.73861  1.94930e-01
100 -0.71443 -4.26460e-02 |101 -0.74924 -2.76216e-01 |102 -0.72522  4.75279e-02
103 -0.71045  3.31799e-01 |104 -0.70513  9.89111e-02 |105 -0.69944  7.04559e-03
106 -0.72744 -3.22082e-01 |107 -0.76544 -1.61533e-01 |108 -0.71011 -2.44092e-02
109 -0.78123 -2.97215e-02 |110 -0.72904  6.58256e-02 |111 -0.73620 -1.08081e+00
112 -0.69144 -1.45836e-01 |113 -0.70706 -7.24395e-01 |114 -0.72522  4.52621e-01
115 -0.66999 -4.75881e-01 |116 -0.69747 -3.28420e-01 |117 -0.73456 -3.49999e-02
118 -0.71722  1.34513e-02 |119 -0.71545  4.14523e-01 |120 -0.68050  2.91301e-01
121 -0.71120 -5.53330e-01 |122 -0.67297 -1.95979e-01 |123 -0.80753 -1.84503e-01
124 -0.69967 -2.13655e-01 |125 -0.74812 -4.28250e-01 |126 -0.76664 -1.23633e-01
127 -0.81906 -1.06837e-01 |128 -0.84867 -5.39476e-02 |129 -0.82683 -1.02878e-01
130 -0.72765  7.24991e-02 |131 -0.81471 -1.46821e-01 |132 -0.79528  2.00862e-01
133 -0.77412 -1.61255e-01 |134 -0.78332  8.90227e-02 |135 -0.80403 -1.30239e-01
136 -0.80917  1.33654e-01 |137 -0.78727  1.31914e-01 |138 -0.80062 -7.50882e-02
139 -0.79556  1.24349e-01 |140 -0.84991  2.41944e-01 |141 -0.84975  2.05259e-02
142 -0.86745  6.32600e-02 |143 -0.89936 -3.70850e-03 |144 -0.90255 -2.77678e-02
145  0.53439 -4.78779e+00 |146  0.26829 -1.44989e+01 |147  0.20265 -5.80988e+00
148  0.08881  1.48447e-01 |149 -0.16809  6.11500e-01 |150 -0.20545  1.23824e+00
151 -0.17368  1.17510e+00 |152  0.00068 -3.53750e-01 |153  0.16870  3.83243e-03
154 -0.02579  3.41624e-01 |155  0.17448  1.95097e-01 |156 -0.08719  2.37589e-02
157  0.41897 -2.19910e-07 |158 -0.05242  1.10428e-01 |159 -0.34505 -1.44179e+00
160 -0.20757 -2.57393e-01 |161 -0.23025  6.46912e-02 |162 -0.30802 -4.70866e-01
163  0.05819  1.26033e-01 |164 -0.16604  3.37128e-01 |165  0.00944 -2.75577e+01
166  0.00626 -2.75773e+01 |167  0.00513 -2.75681e+01 |168 -0.00407 -2.75002e+01
169 -0.00446 -2.74781e+01 |170 -0.00554 -2.76238e+01 |171 -0.00584 -2.75770e+01
172 -0.00674 -2.75894e+01 |173  0.00974 -2.72962e+01 |174 -0.00351 -2.76239e+01
175 -0.00642 -2.73748e+01 |176 -0.02004 -2.73120e+01 |177  0.00182 -2.73617e+01
178 -0.01026 -2.65461e+01 |179  0.00738 -2.66684e+01 |180  0.00631 -2.56430e+01
181 -0.00391 -2.59855e+01 |182  0.01634 -2.52565e+01 |183 -0.01563 -2.51463e+01
184 -0.01476 -2.47164e+01 |185  0.00915 -2.44032e+01 |186  0.02057 -2.33256e+01
187 -0.00437 -2.34773e+01 |188 -0.02089 -2.31805e+01 |189  0.02069 -2.30831e+01
190 -0.02385 -2.24391e+01 |191  0.02551 -2.14744e+01 |192  0.00190 -2.07788e+01
193  0.00258 -2.09689e+01 |194 -0.00945 -2.09320e+01 |195  0.01286 -2.01438e+01
196  0.02168 -2.02731e+01 |197 -0.02517 -1.93019e+01 |198 -0.02091 -1.92711e+01
199  0.00599 -1.91403e+01 |200  0.00431 -1.88545e+01 |201  0.00317 -1.80752e+01
202 -0.02203 -1.81297e+01 |203 -0.01154 -1.81411e+01 |204  0.02782 -1.66884e+01
205 -0.00941 -1.62665e+01 |206  0.01815 -1.55367e+01 |207 -0.00793 -1.50926e+01
208 -0.01868 -1.52882e+01 |209  0.00808 -1.42273e+01 |210  0.00411 -1.38981e+01
211 -0.00328 -1.31821e+01 |212  0.00516 -1.27753e+01 |213 -0.01840 -1.25275e+01
214 -0.00159 -1.20521e+01 |215  0.02288 -8.61230e+00 |216 -0.02926 -8.59805e+00
217  0.01012 -6.97330e+00 |218  0.02300 -6.28722e+00 |219  0.02188 -5.66332e+00
220 -0.00250 -5.51660e+00 |221 -0.00593 -5.41355e+00 |222 -0.02013 -5.70206e+00
223  0.00261 -5.19918e+00 |224 -0.00160 -4.65621e+00 |225  0.00161 -5.13878e+00
226 -0.00390 -4.45114e+00 |227  0.00479 -4.44210e+00 |228 -0.00683 -3.61335e+00
229 -0.01087 -3.51677e+00 |230  0.00208 -3.40752e+00 |231 -0.01193 -2.66361e+00
232  0.01420 -5.26777e-01 |233  0.00114 -6.59299e+01 |234  0.00250 -6.59885e+01
235 -0.01025 -6.58213e+01 |236  0.00856 -6.55299e+01 |237  0.00676 -6.64158e+01
238 -0.02493 -6.59247e+01 |239  0.01912 -6.62682e+01 |240 -0.00031 -6.66777e+01
241 -0.02878 -6.61572e+01 |242  0.01903 -6.57219e+01 |243 -0.00293 -6.57100e+01
244 -0.00121 -6.57188e+01 |245 -0.00103 -6.52066e+01 |246  0.00845 -6.39730e+01
247 -0.01043 -6.28492e+01 |248  0.00474 -6.18828e+01 |249  0.00225 -6.10489e+01
250  0.00192 -5.99445e+01 |251 -0.00683 -5.86605e+01 |252  0.01022 -5.74222e+01
253 -0.01006 -5.65961e+01 |254  0.00368 -5.49913e+01 |255  0.00011 -5.37720e+01
256  0.01012 -5.30904e+01 |257 -0.02492 -5.24899e+01 |258  0.01721 -5.13046e+01
259 -0.00796 -4.95767e+01 |260  0.00384 -4.82224e+01 |261 -0.00050 -4.70593e+01
262  0.00666 -4.58329e+01 |263 -0.00799 -4.50989e+01 |264 -0.00013 -4.32890e+01
265  0.01231 -4.21286e+01 |266 -0.00505 -4.07875e+01 |267 -0.00369 -4.03718e+01
268  0.00225 -4.03480e+01 |269 -0.00058 -3.94431e+01 |270  0.00200 -3.82758e+01
271 -0.01795 -3.77732e+01 |272  0.00977 -3.63727e+01 |273  0.00831 -3.53210e+01
274 -0.00834 -3.43453e+01 |275  0.00813 -3.30830e+01 |276 -0.00474 -3.22500e+01
277 -0.00478 -3.07298e+01 |278  0.00628 -2.91785e+01 |279 -0.00524 -2.81897e+01
280  0.00373 -2.61039e+01 |281  0.00153 -2.53182e+01 |282 -0.00494 -2.39768e+01
283 -0.00697 -2.07537e+01 |284  0.01303 -1.91114e+01 |285 -0.00968 -1.74962e+01
286  0.00293 -1.55528e+01 |287  0.01224 -1.45706e+01 |288  0.00562 -1.33674e+01
289 -0.00902 -1.26657e+01 |290 -0.01482 -1.24806e+01 |291  0.01207 -1.15664e+01
292  0.00409 -1.05148e+01 |293 -0.00635 -1.01800e+01 |294 -0.00282 -9.26514e+00
295  0.00448 -7.81202e+00 |296 -0.00480 -6.82594e+00 |297  0.00465 -5.35987e+00
298 -0.01847 -4.72343e+00 |299  0.00810 -3.57712e+00 |300  0.00327 -1.26147e+00
301 -0.00059 -2.56391e+01 |302  0.00476 -2.59767e+01 |303 -0.00264 -2.61419e+01
304 -0.00144 -2.58910e+01 |305  0.00335 -2.60588e+01 |306  0.01802 -2.66878e+01
307 -0.01707 -2.68884e+01 |308  0.00641 -2.67365e+01 |309  0.00009 -2.68725e+01
310 -0.02562 -2.63964e+01 |311  0.01250 -2.62674e+01 |312 -0.01021 -2.64282e+01
313 -0.00027 -2.54377e+01 |314 -0.00138 -2.50570e+01 |315  0.00321 -2.50143e+01
316 -0.00244 -2.41631e+01 |317  0.00201 -2.41728e+01 |318  0.00025 -2.36611e+01
319  0.00387 -2.31041e+01 |320 -0.00013 -2.28863e+01 |321 -0.00188 -2.25907e+01
322  0.00017 -2.14171e+01 |323  0.00151 -2.11754e+01 |324  0.00267 -2.15390e+01
325  0.00617 -2.10951e+01 |326 -0.01457 -2.02947e+01 |327  0.00743 -2.00303e+01
328 -0.00231 -1.99532e+01 |329  0.00005 -1.95361e+01 |330  0.00412 -1.92912e+01
331 -0.00265 -1.90029e+01 |332 -0.00116 -1.86221e+01 |333 -0.00251 -1.85611e+01
334  0.00694 -1.77114e+01 |335  0.00702 -1.80683e+01 |336 -0.00883 -1.80187e+01
337  0.00097 -1.77548e+01 |338  0.00265 -1.69019e+01 |339  0.00789 -1.67452e+01
340 -0.01009 -1.52194e+01 |341 -0.00331 -1.46304e+01 |342 -0.00084 -1.44096e+01
343 -0.00194 -1.38081e+01 |344  0.00625 -1.39516e+01 |345  0.00104 -1.33859e+01
346 -0.00620 -1.24436e+01 |347  0.00351 -1.24203e+01 |348 -0.00443 -1.15445e+01
349  0.00494 -1.13621e+01 |350 -0.00134 -1.08944e+01 |351  0.00051 -8.89781e+00
352 -0.00437 -7.85252e+00 |353  0.00854 -7.72036e+00 |354 -0.00214 -6.31773e+00
355 -0.00510 -5.89122e+00 |356  0.00627 -5.80435e+00 |357  0.00493 -6.00725e+00
358  0.00341 -6.32749e+00 |359 -0.01084 -5.74234e+00 |360  0.00323 -5.29750e+00
361  0.00032 -5.11319e+00 |362  0.00071 -5.01763e+00 |363 -0.00099 -4.25388e+00
364  0.00117 -3.77327e+00 |365 -0.00491 -3.11483e+00 |366  0.01286 -3.16628e+00
367 -0.01853 -2.37105e+00 |368 -0.00627 -6.08810e-01 |
368 variables; iteration 400; function evaluation 479; phase 5
Function value 3.4134461e+03; maximum gradient component mag -2.2727e+01
Var    Value     Gradient |Var    Value     Gradient |Var    Value     Gradient
  1 -0.02014  1.07995e+01 |  2  0.07196 -1.09710e-02 |  3  0.15632  3.03742e-02
  4 -0.01895  5.84258e-02 |  5 -0.06774  2.15418e-02 |  6  0.05870  2.32321e-02
  7  0.03410 -9.02602e-02 |  8 -0.01560  1.36154e-01 |  9  0.03561  7.08959e-02
 10  0.01608 -6.60152e-02 | 11  0.21579 -9.41887e-02 | 12 -0.12053 -4.40613e-02
 13 -0.03731 -1.81987e-01 | 14 -0.15324 -1.46621e-01 | 15 -0.17194 -8.95067e-02
 16  0.24140 -1.11491e-01 | 17  0.01177 -1.64933e-01 | 18 -0.09551 -1.06925e-01
 19 -0.03484 -1.03572e-01 | 20  0.00011 -5.84366e-02 | 21 -0.08395 -6.62697e-02
 22  0.04481 -8.49045e-03 | 23 -0.11200  2.24333e-02 | 24 -0.02704 -4.16198e-02
 25  0.01738 -4.82502e-02 | 26  0.03067 -8.19593e-02 | 27 -0.10537 -1.80784e-01
 28  0.02121  4.72641e-02 | 29  0.06069  6.06895e-02 | 30 -0.07362 -1.06246e-01
 31 -0.17675 -9.08254e-02 | 32  0.04369  2.04600e-03 | 33  0.06285  9.42723e-02
 34  0.07121  5.38395e-02 | 35  0.05713  7.50754e-02 | 36 -0.03400 -1.08068e-01
 37 -0.00614  1.53500e-01 | 38  0.07128  7.06023e-04 | 39 -0.05451 -7.44665e-02
 40  0.22765  2.24046e-01 | 41  0.03118 -7.67135e-02 | 42  0.08563 -1.06309e-03
 43 -0.06707 -3.62155e-02 | 44  0.18382  2.71485e-01 | 45 -0.03402 -3.62128e-02
 46 -0.02549 -1.01205e-02 | 47 -0.01064  3.35356e-02 | 48 -0.08483 -4.38462e-02
 49  0.12081  4.10051e-01 | 50  0.02091  1.26908e-01 | 51  0.00746  6.75927e-02
 52  0.01847  1.35992e-01 | 53 -0.04187  6.26502e-02 | 54  0.07465  3.61302e-01
 55 -0.00318  1.48848e-01 | 56 -0.05935  1.99801e-02 | 57 -0.06777  4.70239e-02
 58  0.07172  3.60599e-01 | 59 -0.04870  4.02625e-02 | 60  0.00867  2.21083e-01
 61 -0.01209  2.36227e-02 | 62  0.05274  1.13957e-01 | 63  0.08561  1.95726e-01
 64 -0.07584 -2.48811e-02 | 65 -0.02689 -6.95725e-02 | 66  0.02972 -3.75510e-02
 67 -0.00340 -7.03970e-02 | 68 -0.05375 -6.78810e-02 | 69  0.01965 -1.42279e-01
 70 -0.00259 -1.15577e-01 | 71  0.13845 -1.47811e-01 | 72 -0.07810 -1.11437e-01
 73 -0.04270 -1.56060e-01 | 74 -0.05220 -1.88046e-01 | 75  0.00328  4.01575e-02
 76 -0.07087 -1.11344e-01 | 77  0.01234 -1.31831e-01 | 78 -0.52074  8.30149e-03
 79 -0.80556 -8.44978e-03 | 80 -0.81974 -8.71118e-05 | 81 -0.83064  1.64169e-02
 82 -0.77658 -1.58908e-02 | 83 -0.74323  6.47867e-02 | 84 -0.78495  4.69286e-03
 85 -0.82132 -1.95728e-02 | 86 -0.79309  3.33743e-02 | 87 -0.74494 -9.92855e-02
 88 -0.66642  2.58061e-02 | 89 -0.67769  2.85455e-02 | 90 -0.71323 -2.06291e-01
 91 -0.70924  4.31494e-02 | 92 -0.71565  9.19063e-02 | 93 -0.70631 -9.28665e-03
 94 -0.73560 -1.15733e-02 | 95 -0.73662  2.26799e-01 | 96 -0.73826 -1.49236e-01
 97 -0.72807  2.23968e-01 | 98 -0.74249  3.59911e-02 | 99 -0.73883 -2.37063e-02
100 -0.71444 -2.41367e-02 |101 -0.74911 -9.68618e-02 |102 -0.72531 -5.66736e-02
103 -0.71065  1.10305e-01 |104 -0.70520  4.73863e-02 |105 -0.69952 -6.51566e-02
106 -0.72725 -1.34453e-01 |107 -0.76538 -3.03740e-02 |108 -0.71012  1.46605e-02
109 -0.78128 -7.17590e-02 |110 -0.72917 -7.45539e-03 |111 -0.73558 -3.88012e-01
112 -0.69143 -5.84409e-02 |113 -0.70677 -2.17796e-01 |114 -0.72545  1.81982e-01
115 -0.66969 -1.03469e-01 |116 -0.69727 -5.47065e-02 |117 -0.73458 -4.48105e-02
118 -0.71726 -4.19106e-02 |119 -0.71567  8.49891e-02 |120 -0.68070  2.33352e-02
121 -0.71098 -2.37136e-01 |122 -0.67294 -1.30900e-01 |123 -0.80750 -6.00489e-02
124 -0.69959 -6.68878e-02 |125 -0.74791 -1.09641e-01 |126 -0.76663 -9.69092e-02
127 -0.81904 -4.67689e-02 |128 -0.84867 -2.79676e-02 |129 -0.82681 -4.48809e-02
130 -0.72780 -1.22488e-01 |131 -0.81465 -2.30633e-03 |132 -0.79537  8.47783e-02
133 -0.77390  9.50110e-02 |134 -0.78339 -2.44131e-02 |135 -0.80399 -7.47221e-02
136 -0.80922  2.26395e-02 |137 -0.78733  7.59633e-04 |138 -0.80060 -2.01392e-02
139 -0.79560  2.44574e-02 |140 -0.84995  4.77889e-02 |141 -0.84977  1.25861e-02
142 -0.86746  1.68238e-02 |143 -0.89935  1.34136e-03 |144 -0.90255 -2.41440e-03
145  0.63328 -3.10307e+00 |146  0.27758 -2.55420e+00 |147  0.19902 -2.78360e+00
148  0.08881  6.54129e-02 |149 -0.16809  3.34711e-01 |150 -0.20545  5.24214e-01
151 -0.17367  5.29304e-01 |152  0.00068  8.41631e-02 |153  0.16870  1.65863e-01
154 -0.02580  1.53414e-01 |155  0.17449  8.23678e-02 |156 -0.08723  4.22560e-03
157  0.41896 -1.02947e-06 |158 -0.05242  2.00325e-01 |159 -0.34504 -9.73450e-01
160 -0.20762 -2.20527e-01 |161 -0.23029 -2.30119e-02 |162 -0.30776 -1.60564e-01
163  0.05809 -6.87146e-02 |164 -0.16617  2.10611e-02 |165  0.00445 -2.26739e+01
166  0.00296 -2.26781e+01 |167  0.00224 -2.26768e+01 |168 -0.00494 -2.26335e+01
169 -0.00528 -2.26218e+01 |170 -0.00588 -2.26652e+01 |171 -0.00632 -2.26634e+01
172 -0.00708 -2.26520e+01 |173  0.00929 -2.26538e+01 |174 -0.00297 -2.27273e+01
175 -0.00668 -2.27098e+01 |176 -0.02027 -2.27060e+01 |177  0.00190 -2.25761e+01
178 -0.01039 -2.20873e+01 |179  0.00760 -2.16824e+01 |180  0.00604 -2.13099e+01
181 -0.00379 -2.12953e+01 |182  0.01635 -2.08091e+01 |183 -0.01556 -2.07276e+01
184 -0.01490 -2.06017e+01 |185  0.00918 -2.00864e+01 |186  0.02042 -1.92027e+01
187 -0.00401 -1.91220e+01 |188 -0.02117 -1.90800e+01 |189  0.02082 -1.86817e+01
190 -0.02393 -1.84307e+01 |191  0.02565 -1.74205e+01 |192  0.00167 -1.71916e+01
193  0.00270 -1.71810e+01 |194 -0.00932 -1.72155e+01 |195  0.01270 -1.68967e+01
196  0.02223 -1.68280e+01 |197 -0.02557 -1.66673e+01 |198 -0.02101 -1.66458e+01
199  0.00617 -1.65177e+01 |200  0.00420 -1.64264e+01 |201  0.00299 -1.61444e+01
202 -0.02203 -1.60922e+01 |203 -0.01144 -1.59024e+01 |204  0.02792 -1.46649e+01
205 -0.00951 -1.44971e+01 |206  0.01823 -1.37741e+01 |207 -0.00810 -1.35492e+01
208 -0.01858 -1.35283e+01 |209  0.00807 -1.26995e+01 |210  0.00412 -1.23726e+01
211 -0.00330 -1.17941e+01 |212  0.00525 -1.12924e+01 |213 -0.01850 -1.12675e+01
214 -0.00156 -1.06413e+01 |215  0.02284 -7.83785e+00 |216 -0.02921 -7.68641e+00
217  0.01009 -6.33249e+00 |218  0.02307 -5.43349e+00 |219  0.02201 -5.05310e+00
220 -0.00258 -5.06547e+00 |221 -0.00633 -5.04897e+00 |222 -0.01983 -5.09053e+00
223  0.00276 -4.66825e+00 |224 -0.00212 -4.66881e+00 |225  0.00210 -4.49485e+00
226 -0.00410 -4.41935e+00 |227  0.00490 -4.06743e+00 |228 -0.00687 -3.61595e+00
229 -0.01091 -3.53058e+00 |230  0.00215 -3.28199e+00 |231 -0.01197 -2.82686e+00
232  0.01421 -4.81907e-01 |233 -0.00089 -1.19674e+01 |234  0.00252 -1.20110e+01
235 -0.01030 -1.18663e+01 |236  0.00858 -1.17798e+01 |237  0.00692 -1.19214e+01
238 -0.02513 -1.17549e+01 |239  0.01909 -1.17907e+01 |240 -0.00017 -1.19076e+01
241 -0.02881 -1.18314e+01 |242  0.01899 -1.20479e+01 |243 -0.00289 -1.20808e+01
244 -0.00126 -1.21192e+01 |245 -0.00097 -1.19270e+01 |246  0.00842 -1.19759e+01
247 -0.01043 -1.13687e+01 |248  0.00476 -1.15288e+01 |249  0.00223 -1.14501e+01
250  0.00193 -1.12276e+01 |251 -0.00682 -1.13260e+01 |252  0.01021 -1.13845e+01
253 -0.01006 -1.08722e+01 |254  0.00368 -1.05130e+01 |255  0.00013 -1.06770e+01
256  0.01012 -1.07142e+01 |257 -0.02494 -1.02600e+01 |258  0.01723 -1.03063e+01
259 -0.00797 -9.84331e+00 |260  0.00384 -9.88343e+00 |261 -0.00049 -9.98018e+00
262  0.00661 -9.93858e+00 |263 -0.00792 -9.87969e+00 |264 -0.00014 -9.97069e+00
265  0.01226 -9.95812e+00 |266 -0.00503 -1.00445e+01 |267 -0.00370 -9.98422e+00
268  0.00226 -1.01047e+01 |269 -0.00057 -9.82619e+00 |270  0.00201 -9.87173e+00
271 -0.01798 -9.72444e+00 |272  0.00980 -8.67014e+00 |273  0.00830 -8.72001e+00
274 -0.00834 -8.09588e+00 |275  0.00814 -8.16874e+00 |276 -0.00474 -8.15446e+00
277 -0.00478 -7.51010e+00 |278  0.00628 -7.36512e+00 |279 -0.00522 -6.95929e+00
280  0.00372 -6.76065e+00 |281  0.00155 -6.79112e+00 |282 -0.00496 -6.28276e+00
283 -0.00697 -4.17827e+00 |284  0.01303 -4.21656e+00 |285 -0.00967 -3.17175e+00
286  0.00292 -2.44565e+00 |287  0.01225 -2.37628e+00 |288  0.00562 -2.47939e+00
289 -0.00901 -2.53644e+00 |290 -0.01482 -2.56672e+00 |291  0.01206 -2.44026e+00
292  0.00409 -2.41098e+00 |293 -0.00635 -2.42901e+00 |294 -0.00282 -2.26667e+00
295  0.00446 -2.10397e+00 |296 -0.00479 -1.90931e+00 |297  0.00465 -2.06936e+00
298 -0.01845 -1.81410e+00 |299  0.00806 -1.53563e+00 |300  0.00327 -2.49862e-02
301  0.00023 -1.21357e+01 |302  0.00475 -1.20358e+01 |303 -0.00261 -1.18788e+01
304 -0.00145 -1.17456e+01 |305  0.00335 -1.17126e+01 |306  0.01802 -1.17139e+01
307 -0.01706 -1.16646e+01 |308  0.00637 -1.15365e+01 |309  0.00011 -1.16501e+01
310 -0.02560 -1.17893e+01 |311  0.01247 -1.17239e+01 |312 -0.01017 -1.17018e+01
313 -0.00031 -1.14576e+01 |314 -0.00135 -1.14386e+01 |315  0.00320 -1.10602e+01
316 -0.00244 -1.10826e+01 |317  0.00201 -1.09568e+01 |318  0.00025 -1.07805e+01
319  0.00387 -1.06987e+01 |320 -0.00011 -1.06541e+01 |321 -0.00189 -1.02168e+01
322  0.00017 -9.85370e+00 |323  0.00151 -9.90483e+00 |324  0.00268 -9.89930e+00
325  0.00615 -9.47666e+00 |326 -0.01458 -9.50174e+00 |327  0.00745 -9.32014e+00
328 -0.00232 -9.36956e+00 |329  0.00006 -9.26391e+00 |330  0.00413 -9.21460e+00
331 -0.00268 -9.00759e+00 |332 -0.00112 -9.10743e+00 |333 -0.00249 -8.96641e+00
334  0.00690 -8.96465e+00 |335  0.00703 -8.90333e+00 |336 -0.00884 -8.94164e+00
337  0.00097 -8.66619e+00 |338  0.00266 -8.64584e+00 |339  0.00791 -8.39934e+00
340 -0.01011 -7.38426e+00 |341 -0.00330 -7.33263e+00 |342 -0.00085 -6.92044e+00
343 -0.00194 -6.93859e+00 |344  0.00625 -6.81469e+00 |345  0.00105 -6.34090e+00
346 -0.00621 -6.13645e+00 |347  0.00350 -5.82720e+00 |348 -0.00442 -5.70080e+00
349  0.00494 -5.55204e+00 |350 -0.00133 -5.16504e+00 |351  0.00051 -3.67012e+00
352 -0.00437 -3.64222e+00 |353  0.00854 -3.23542e+00 |354 -0.00214 -2.59896e+00
355 -0.00510 -2.38523e+00 |356  0.00627 -2.45675e+00 |357  0.00493 -2.49418e+00
358  0.00340 -2.39791e+00 |359 -0.01083 -2.27029e+00 |360  0.00324 -2.11995e+00
361  0.00031 -1.94905e+00 |362  0.00071 -1.83764e+00 |363 -0.00098 -1.71452e+00
364  0.00116 -1.50956e+00 |365 -0.00490 -1.63557e+00 |366  0.01283 -1.48812e+00
367 -0.01850 -1.22147e+00 |368 -0.00627 -8.31515e-02 |
368 variables; iteration 420; function evaluation 501; phase 5
Function value 3.4134379e+03; maximum gradient component mag -1.4793e+01
Var    Value     Gradient |Var    Value     Gradient |Var    Value     Gradient
  1 -0.02014 -1.24068e+00 |  2  0.07200 -1.13491e-02 |  3  0.15630 -2.63149e-02
  4 -0.01907 -1.21942e-02 |  5 -0.06776 -1.52587e-02 |  6  0.05866 -3.52496e-02
  7  0.03421 -2.93864e-02 |  8 -0.01578 -2.95395e-02 |  9  0.03563 -4.58964e-02
 10  0.01603 -3.52562e-02 | 11  0.21581 -1.38509e-01 | 12 -0.12062 -1.50646e-02
 13 -0.03724 -1.41042e-02 | 14 -0.15320 -8.29543e-04 | 15 -0.17197 -9.74082e-03
 16  0.24140 -2.52448e-01 | 17  0.01182 -4.09530e-02 | 18 -0.09553 -1.90473e-02
 19 -0.03482 -4.57288e-02 | 20  0.00007 -6.94158e-02 | 21 -0.08394 -4.71075e-02
 22  0.04480 -1.06270e-01 | 23 -0.11206 -3.27568e-02 | 24 -0.02705 -4.75703e-02
 25  0.01739 -6.28398e-02 | 26  0.03067 -7.85255e-02 | 27 -0.10527 -9.36759e-03
 28  0.02119 -4.48248e-02 | 29  0.06070 -5.20461e-02 | 30 -0.07360 -1.06962e-02
 31 -0.17674 -1.24096e-03 | 32  0.04368 -3.64112e-02 | 33  0.06279 -3.77189e-02
 34  0.07123 -8.24169e-04 | 35  0.05710 -8.67045e-03 | 36 -0.03392  5.91395e-03
 37 -0.00628 -8.05000e-03 | 38  0.07130  4.74043e-03 | 39 -0.05451  1.12322e-02
 40  0.22767  3.04656e-02 | 41  0.03121  1.15412e-02 | 42  0.08564  1.86326e-02
 43 -0.06707 -1.05378e-02 | 44  0.18382  1.05184e-02 | 45 -0.03401  7.67008e-03
 46 -0.02549  2.25513e-02 | 47 -0.01064  2.74137e-02 | 48 -0.08483  1.27050e-02
 49  0.12081  8.80839e-02 | 50  0.02091  4.90691e-02 | 51  0.00746  5.33646e-02
 52  0.01847  5.36195e-02 | 53 -0.04187  4.64176e-02 | 54  0.07464  8.57561e-02
 55 -0.00318  5.71212e-02 | 56 -0.05934  3.94033e-02 | 57 -0.06777  4.12050e-02
 58  0.07172  1.21649e-01 | 59 -0.04869  4.34542e-02 | 60  0.00867  1.08112e-01
 61 -0.01209  4.90014e-02 | 62  0.05274  4.39780e-02 | 63  0.08560  8.18987e-02
 64 -0.07584  1.70890e-02 | 65 -0.02689  1.78476e-02 | 66  0.02972  1.80466e-02
 67 -0.00340  4.14246e-03 | 68 -0.05376  7.44631e-03 | 69  0.01965 -2.17383e-02
 70 -0.00259 -1.42910e-02 | 71  0.13845  1.08127e-02 | 72 -0.07809  1.68659e-03
 73 -0.04269  6.75042e-03 | 74 -0.05220  1.46117e-02 | 75  0.00328  8.12310e-02
 76 -0.07086  2.43494e-02 | 77  0.01235  5.41965e-03 | 78 -0.52074  2.49587e-02
 79 -0.80556  1.04057e-02 | 80 -0.81975  1.67663e-02 | 81 -0.83065  1.23207e-02
 82 -0.77658  1.42587e-02 | 83 -0.74327  5.11750e-03 | 84 -0.78495  7.50877e-03
 85 -0.82132  2.35776e-02 | 86 -0.79312  2.00448e-02 | 87 -0.74487  2.92700e-02
 88 -0.66643  2.12525e-02 | 89 -0.67771  1.51104e-02 | 90 -0.71306  2.61118e-02
 91 -0.70928  1.26156e-02 | 92 -0.71572  8.29982e-03 | 93 -0.70629  1.29057e-02
 94 -0.73560  1.25820e-02 | 95 -0.73680  2.74967e-03 | 96 -0.73818  1.89981e-02
 97 -0.72826 -5.19733e-03 | 98 -0.74254  6.64770e-03 | 99 -0.73884  1.28378e-02
100 -0.71444  8.27524e-03 |101 -0.74904  1.22681e-02 |102 -0.72526  1.01205e-02
103 -0.71078 -1.12961e-03 |104 -0.70526  4.80648e-03 |105 -0.69948  8.67047e-03
106 -0.72712  1.20824e-02 |107 -0.76536  3.12340e-03 |108 -0.71016 -7.38399e-04
109 -0.78127  5.74179e-03 |110 -0.72921  2.35600e-03 |111 -0.73523  2.15591e-02
112 -0.69141  2.30301e-04 |113 -0.70666  4.10327e-03 |114 -0.72562 -1.58939e-02
115 -0.66963 -2.33004e-03 |116 -0.69724 -1.47036e-03 |117 -0.73456 -4.63639e-03
118 -0.71727 -1.37189e-02 |119 -0.71576 -1.70660e-02 |120 -0.68076 -1.51999e-02
121 -0.71084  5.86782e-03 |122 -0.67288 -3.79524e-03 |123 -0.80749 -6.37238e-03
124 -0.69960 -9.57252e-03 |125 -0.74785 -3.79631e-03 |126 -0.76658 -4.60281e-03
127 -0.81903 -6.02709e-04 |128 -0.84867 -5.06843e-03 |129 -0.82680  2.48247e-03
130 -0.72771  3.48210e-03 |131 -0.81465 -7.26361e-03 |132 -0.79546 -6.23366e-03
133 -0.77399 -2.00891e-03 |134 -0.78337 -2.02310e-03 |135 -0.80395  8.99871e-03
136 -0.80922  3.69745e-03 |137 -0.78732  5.37985e-03 |138 -0.80058  9.39367e-03
139 -0.79560  5.84194e-03 |140 -0.84996  4.31392e-04 |141 -0.84976  1.38336e-02
142 -0.86745  2.43401e-03 |143 -0.89935  1.27928e-02 |144 -0.90255  1.49475e-02
145  0.73003 -6.39851e-01 |146  0.27113 -2.97693e+00 |147  0.19796 -3.40693e+00
148  0.08881  1.61237e-02 |149 -0.16809  8.52316e-02 |150 -0.20545  1.92252e-01
151 -0.17367  2.72165e-01 |152  0.00068 -8.05304e-02 |153  0.16870 -3.75158e-02
154 -0.02580  7.03753e-03 |155  0.17450  2.30249e-02 |156 -0.08721  3.86280e-03
157  0.41896 -6.60845e-07 |158 -0.05241 -1.49860e-02 |159 -0.34503  3.71329e-01
160 -0.20764  1.53966e-01 |161 -0.23033  6.54846e-02 |162 -0.30761  3.48005e-02
163  0.05819  3.23186e-02 |164 -0.16618  2.36769e-04 |165  0.00132 -6.22501e+00
166  0.00051 -6.22940e+00 |167  0.00004 -6.23158e+00 |168 -0.00574 -6.26099e+00
169 -0.00610 -6.27023e+00 |170 -0.00643 -6.26195e+00 |171 -0.00683 -6.26300e+00
172 -0.00759 -6.25998e+00 |173  0.00908 -6.27484e+00 |174 -0.00290 -6.25946e+00
175 -0.00669 -6.26581e+00 |176 -0.02025 -6.26090e+00 |177  0.00203 -6.18194e+00
178 -0.01052 -6.15496e+00 |179  0.00767 -5.97772e+00 |180  0.00595 -5.94291e+00
181 -0.00373 -5.87246e+00 |182  0.01633 -5.77445e+00 |183 -0.01554 -5.74128e+00
184 -0.01492 -5.71166e+00 |185  0.00920 -5.55519e+00 |186  0.02047 -5.31126e+00
187 -0.00403 -5.30280e+00 |188 -0.02121 -5.29776e+00 |189  0.02081 -5.17043e+00
190 -0.02390 -5.08103e+00 |191  0.02566 -4.81216e+00 |192  0.00161 -4.76471e+00
193  0.00265 -4.74416e+00 |194 -0.00919 -4.69912e+00 |195  0.01269 -4.62934e+00
196  0.02222 -4.60933e+00 |197 -0.02561 -4.51581e+00 |198 -0.02100 -4.49016e+00
199  0.00623 -4.41830e+00 |200  0.00415 -4.40651e+00 |201  0.00300 -4.27785e+00
202 -0.02202 -4.26299e+00 |203 -0.01146 -4.22542e+00 |204  0.02795 -3.86074e+00
205 -0.00955 -3.83890e+00 |206  0.01828 -3.61405e+00 |207 -0.00817 -3.58866e+00
208 -0.01854 -3.55086e+00 |209  0.00806 -3.35449e+00 |210  0.00413 -3.24773e+00
211 -0.00330 -3.09263e+00 |212  0.00520 -2.98614e+00 |213 -0.01845 -2.93843e+00
214 -0.00156 -2.78841e+00 |215  0.02282 -2.04473e+00 |216 -0.02919 -1.98461e+00
217  0.01008 -1.67504e+00 |218  0.02309 -1.43388e+00 |219  0.02194 -1.35239e+00
220 -0.00257 -1.33581e+00 |221 -0.00638 -1.33824e+00 |222 -0.01971 -1.32457e+00
223  0.00268 -1.26614e+00 |224 -0.00200 -1.20530e+00 |225  0.00201 -1.20585e+00
226 -0.00404 -1.12973e+00 |227  0.00489 -1.08623e+00 |228 -0.00689 -9.78557e-01
229 -0.01091 -9.47501e-01 |230  0.00216 -8.76545e-01 |231 -0.01197 -7.57259e-01
232  0.01422 -1.00677e-01 |233  0.00044 -1.35181e+01 |234  0.00262 -1.34883e+01
235 -0.01033 -1.35405e+01 |236  0.00859 -1.36476e+01 |237  0.00701 -1.36270e+01
238 -0.02525 -1.36558e+01 |239  0.01907 -1.36805e+01 |240 -0.00013 -1.36764e+01
241 -0.02882 -1.36626e+01 |242  0.01900 -1.33428e+01 |243 -0.00290 -1.33145e+01
244 -0.00124 -1.32808e+01 |245 -0.00098 -1.31000e+01 |246  0.00844 -1.28637e+01
247 -0.01045 -1.26607e+01 |248  0.00476 -1.23293e+01 |249  0.00223 -1.22301e+01
250  0.00193 -1.19920e+01 |251 -0.00682 -1.17571e+01 |252  0.01022 -1.15741e+01
253 -0.01009 -1.13740e+01 |254  0.00369 -1.09876e+01 |255  0.00013 -1.08134e+01
256  0.01012 -1.07515e+01 |257 -0.02495 -1.06015e+01 |258  0.01722 -1.03089e+01
259 -0.00796 -9.96188e+00 |260  0.00383 -9.78569e+00 |261 -0.00047 -9.59887e+00
262  0.00658 -9.45109e+00 |263 -0.00788 -9.25717e+00 |264 -0.00016 -8.99384e+00
265  0.01226 -8.77555e+00 |266 -0.00502 -8.48295e+00 |267 -0.00371 -8.37843e+00
268  0.00227 -8.23571e+00 |269 -0.00057 -8.06914e+00 |270  0.00201 -7.74961e+00
271 -0.01798 -7.67356e+00 |272  0.00980 -7.23774e+00 |273  0.00830 -7.05261e+00
274 -0.00834 -6.77811e+00 |275  0.00814 -6.45597e+00 |276 -0.00474 -6.32076e+00
277 -0.00478 -6.03735e+00 |278  0.00628 -5.74772e+00 |279 -0.00522 -5.52729e+00
280  0.00371 -5.19193e+00 |281  0.00155 -5.05792e+00 |282 -0.00496 -4.82683e+00
283 -0.00697 -4.08621e+00 |284  0.01303 -3.80385e+00 |285 -0.00967 -3.45679e+00
286  0.00292 -3.09467e+00 |287  0.01225 -2.90734e+00 |288  0.00562 -2.71994e+00
289 -0.00901 -2.61724e+00 |290 -0.01482 -2.57273e+00 |291  0.01206 -2.35167e+00
292  0.00409 -2.16674e+00 |293 -0.00635 -2.04562e+00 |294 -0.00282 -1.93062e+00
295  0.00446 -1.72963e+00 |296 -0.00479 -1.52718e+00 |297  0.00466 -1.25632e+00
298 -0.01845 -1.17131e+00 |299  0.00806 -9.23219e-01 |300  0.00327 -2.78240e-01
301  0.00049 -1.47931e+01 |302  0.00471 -1.46394e+01 |303 -0.00260 -1.45877e+01
304 -0.00146 -1.45578e+01 |305  0.00335 -1.44089e+01 |306  0.01804 -1.42436e+01
307 -0.01708 -1.42696e+01 |308  0.00635 -1.42050e+01 |309  0.00013 -1.41719e+01
310 -0.02560 -1.38311e+01 |311  0.01248 -1.37331e+01 |312 -0.01018 -1.36723e+01
313 -0.00031 -1.34681e+01 |314 -0.00136 -1.31809e+01 |315  0.00321 -1.29467e+01
316 -0.00245 -1.26640e+01 |317  0.00201 -1.24610e+01 |318  0.00025 -1.22210e+01
319  0.00387 -1.19708e+01 |320 -0.00012 -1.17936e+01 |321 -0.00188 -1.15603e+01
322  0.00016 -1.12231e+01 |323  0.00151 -1.10423e+01 |324  0.00268 -1.09051e+01
325  0.00615 -1.06918e+01 |326 -0.01458 -1.03907e+01 |327  0.00744 -1.02199e+01
328 -0.00230 -1.00556e+01 |329  0.00004 -9.88146e+00 |330  0.00414 -9.69574e+00
331 -0.00271 -9.51039e+00 |332 -0.00109 -9.28998e+00 |333 -0.00250 -9.12725e+00
334  0.00690 -8.87040e+00 |335  0.00703 -8.74532e+00 |336 -0.00884 -8.59537e+00
337  0.00097 -8.33351e+00 |338  0.00266 -8.01278e+00 |339  0.00791 -7.80309e+00
340 -0.01011 -7.37516e+00 |341 -0.00330 -7.11633e+00 |342 -0.00085 -6.86644e+00
343 -0.00194 -6.60548e+00 |344  0.00625 -6.45663e+00 |345  0.00105 -6.18784e+00
346 -0.00621 -5.90614e+00 |347  0.00350 -5.70734e+00 |348 -0.00442 -5.39563e+00
349  0.00493 -5.24826e+00 |350 -0.00133 -4.96149e+00 |351  0.00051 -4.33988e+00
352 -0.00437 -4.10187e+00 |353  0.00854 -3.88427e+00 |354 -0.00214 -3.52416e+00
355 -0.00510 -3.28418e+00 |356  0.00628 -3.07582e+00 |357  0.00493 -2.91866e+00
358  0.00340 -2.70898e+00 |359 -0.01083 -2.48911e+00 |360  0.00324 -2.27444e+00
361  0.00031 -2.09130e+00 |362  0.00071 -1.91291e+00 |363 -0.00098 -1.64477e+00
364  0.00116 -1.44115e+00 |365 -0.00490 -1.17972e+00 |366  0.01282 -1.05373e+00
367 -0.01850 -7.83158e-01 |368 -0.00627 -2.44307e-01 |
368 variables; iteration 440; function evaluation 522; phase 5
Function value 3.4134373e+03; maximum gradient component mag -2.6870e-01
Var    Value     Gradient |Var    Value     Gradient |Var    Value     Gradient
  1 -0.02014 -4.28758e-02 |  2  0.07201 -1.77727e-04 |  3  0.15629 -1.41915e-03
  4 -0.01907 -1.51863e-03 |  5 -0.06775 -4.63423e-04 |  6  0.05866 -3.90078e-04
  7  0.03421 -1.61470e-03 |  8 -0.01577 -1.30902e-03 |  9  0.03563  1.28661e-03
 10  0.01603  2.11440e-03 | 11  0.21581  6.41036e-04 | 12 -0.12061  3.75782e-05
 13 -0.03725 -2.00679e-03 | 14 -0.15320 -1.91702e-04 | 15 -0.17197 -8.24406e-04
 16  0.24140 -7.48582e-03 | 17  0.01182 -1.23615e-03 | 18 -0.09553  2.31997e-04
 19 -0.03482 -3.13624e-04 | 20  0.00007  1.10076e-03 | 21 -0.08394 -9.62852e-04
 22  0.04480 -5.33334e-04 | 23 -0.11206  1.59265e-03 | 24 -0.02705 -9.24533e-04
 25  0.01739 -2.36049e-03 | 26  0.03067  2.60025e-04 | 27 -0.10528  2.66031e-05
 28  0.02119 -1.00735e-03 | 29  0.06070  7.66835e-04 | 30 -0.07360  1.30639e-04
 31 -0.17674  4.85550e-04 | 32  0.04368  1.23949e-03 | 33  0.06279 -1.17517e-03
 34  0.07123 -7.31839e-05 | 35  0.05710  2.13324e-05 | 36 -0.03392 -4.84135e-04
 37 -0.00627  6.44951e-04 | 38  0.07130 -3.72670e-04 | 39 -0.05451  9.65054e-04
 40  0.22767 -1.55362e-03 | 41  0.03121  2.91348e-04 | 42  0.08564 -7.85433e-05
 43 -0.06707  2.08300e-04 | 44  0.18382 -4.38963e-04 | 45 -0.03401 -2.14908e-05
 46 -0.02549  7.11993e-05 | 47 -0.01064  1.69752e-03 | 48 -0.08483  1.38492e-03
 49  0.12081  2.89913e-03 | 50  0.02091  1.85364e-03 | 51  0.00746  1.62165e-03
 52  0.01847 -7.50188e-04 | 53 -0.04187  3.12072e-04 | 54  0.07464  3.14746e-05
 55 -0.00318  1.46968e-04 | 56 -0.05934  7.48345e-04 | 57 -0.06777 -2.14382e-04
 58  0.07172  4.60346e-03 | 59 -0.04869  8.30961e-04 | 60  0.00867  1.35701e-03
 61 -0.01209  1.33081e-03 | 62  0.05274 -2.83863e-04 | 63  0.08560 -9.95548e-04
 64 -0.07584  9.55478e-04 | 65 -0.02689  2.48874e-03 | 66  0.02972  5.39126e-04
 67 -0.00340 -4.88546e-03 | 68 -0.05376  3.72361e-04 | 69  0.01965 -1.38604e-03
 70 -0.00259 -2.41145e-03 | 71  0.13845 -6.06117e-04 | 72 -0.07809 -1.18674e-04
 73 -0.04269  1.18204e-04 | 74 -0.05220 -6.60785e-04 | 75  0.00328  2.32406e-03
 76 -0.07086  1.13845e-03 | 77  0.01234  4.67567e-04 | 78 -0.52074  1.33495e-03
 79 -0.80556 -1.94586e-04 | 80 -0.81975 -4.28919e-04 | 81 -0.83065 -3.48778e-04
 82 -0.77658  1.11567e-03 | 83 -0.74327 -4.15290e-04 | 84 -0.78495 -7.91024e-04
 85 -0.82132 -6.67947e-04 | 86 -0.79311  5.91847e-04 | 87 -0.74487  5.95063e-04
 88 -0.66643  5.34907e-04 | 89 -0.67771  7.82488e-04 | 90 -0.71307  7.56741e-04
 91 -0.70928  3.37338e-04 | 92 -0.71571  7.96786e-04 | 93 -0.70629  8.33113e-05
 94 -0.73560 -5.98143e-05 | 95 -0.73679  3.92043e-04 | 96 -0.73818  2.12423e-04
 97 -0.72825  4.20416e-04 | 98 -0.74254  3.90422e-04 | 99 -0.73884  4.88927e-04
100 -0.71444  9.48276e-05 |101 -0.74905  5.45885e-04 |102 -0.72526  1.06117e-04
103 -0.71077  8.06367e-04 |104 -0.70526  1.11869e-03 |105 -0.69948  1.58130e-04
106 -0.72713  5.23723e-04 |107 -0.76536  9.49686e-05 |108 -0.71016  2.37750e-04
109 -0.78127  1.13415e-04 |110 -0.72921  7.75114e-04 |111 -0.73525  1.43028e-04
112 -0.69142  3.02122e-04 |113 -0.70666 -5.30741e-04 |114 -0.72561  5.28168e-04
115 -0.66964 -2.78018e-05 |116 -0.69725  5.52910e-04 |117 -0.73456 -3.44877e-04
118 -0.71727 -1.14205e-03 |119 -0.71576  1.32563e-04 |120 -0.68076 -3.74440e-04
121 -0.71085 -1.53394e-04 |122 -0.67288 -5.22304e-05 |123 -0.80749  1.01467e-04
124 -0.69960 -4.73192e-04 |125 -0.74786 -1.63755e-04 |126 -0.76658 -6.54512e-04
127 -0.81903  8.81514e-04 |128 -0.84867  1.90106e-04 |129 -0.82680  8.72868e-04
130 -0.72772  3.33138e-04 |131 -0.81465 -4.90731e-04 |132 -0.79545  1.61803e-03
133 -0.77399  1.16277e-03 |134 -0.78337 -1.14621e-04 |135 -0.80395  2.57200e-04
136 -0.80922  5.41200e-04 |137 -0.78732  2.40585e-04 |138 -0.80058  4.21124e-04
139 -0.79560 -3.13146e-04 |140 -0.84996 -7.68798e-04 |141 -0.84976  1.40689e-03
142 -0.86745 -4.82720e-04 |143 -0.89935 -1.05650e-03 |144 -0.90255 -1.22211e-04
145  0.76521 -7.91402e-03 |146  0.27299 -4.83982e-02 |147  0.20001 -5.87623e-02
148  0.08881  8.05653e-04 |149 -0.16809  1.06754e-03 |150 -0.20545  5.11137e-03
151 -0.17367  6.16222e-03 |152  0.00068 -4.04700e-03 |153  0.16870 -1.60582e-03
154 -0.02580  4.46577e-04 |155  0.17449 -5.06420e-04 |156 -0.08722  1.79409e-04
157  0.41896 -7.78789e-07 |158 -0.05241 -3.93683e-03 |159 -0.34503  8.63497e-03
160 -0.20764  2.49911e-03 |161 -0.23033  8.31972e-04 |162 -0.30762  7.61664e-04
163  0.05818  1.00566e-04 |164 -0.16618 -2.15624e-03 |165  0.00039 -9.01300e-02
166 -0.00027 -8.92877e-02 |167 -0.00066 -8.84700e-02 |168 -0.00594 -8.35799e-02
169 -0.00624 -8.41126e-02 |170 -0.00659 -8.26906e-02 |171 -0.00698 -8.32472e-02
172 -0.00774 -8.23394e-02 |173  0.00907 -8.71084e-02 |174 -0.00292 -8.39688e-02
175 -0.00669 -8.54047e-02 |176 -0.02025 -8.53633e-02 |177  0.00203 -8.31693e-02
178 -0.01051 -8.31078e-02 |179  0.00767 -8.04497e-02 |180  0.00596 -8.08588e-02
181 -0.00374 -7.73924e-02 |182  0.01633 -7.77478e-02 |183 -0.01555 -7.55004e-02
184 -0.01492 -7.66667e-02 |185  0.00920 -7.66589e-02 |186  0.02047 -7.48839e-02
187 -0.00403 -7.38212e-02 |188 -0.02120 -7.46211e-02 |189  0.02081 -7.13852e-02
190 -0.02390 -7.05660e-02 |191  0.02566 -6.87401e-02 |192  0.00162 -6.68091e-02
193  0.00266 -6.54988e-02 |194 -0.00920 -6.35957e-02 |195  0.01270 -5.93162e-02
196  0.02225 -5.72873e-02 |197 -0.02564 -4.83880e-02 |198 -0.02102 -4.59527e-02
199  0.00623 -4.34534e-02 |200  0.00415 -4.29756e-02 |201  0.00300 -3.33406e-02
202 -0.02202 -3.29231e-02 |203 -0.01145 -3.22970e-02 |204  0.02795 -2.98861e-02
205 -0.00955 -3.04729e-02 |206  0.01828 -2.84707e-02 |207 -0.00817 -2.65244e-02
208 -0.01854 -2.53688e-02 |209  0.00806 -2.79972e-02 |210  0.00413 -2.59162e-02
211 -0.00330 -2.36523e-02 |212  0.00520 -2.27333e-02 |213 -0.01845 -2.17230e-02
214 -0.00156 -2.05962e-02 |215  0.02282 -1.52300e-02 |216 -0.02919 -1.60498e-02
217  0.01008 -1.25603e-02 |218  0.02309 -1.04022e-02 |219  0.02195 -8.07667e-03
220 -0.00257 -8.33006e-03 |221 -0.00638 -9.36726e-03 |222 -0.01972 -7.74014e-03
223  0.00269 -6.33187e-03 |224 -0.00202 -7.07133e-03 |225  0.00202 -6.59538e-03
226 -0.00405 -6.43596e-03 |227  0.00489 -7.21299e-03 |228 -0.00689 -5.47618e-03
229 -0.01091 -4.59154e-03 |230  0.00216 -3.09128e-03 |231 -0.01197 -2.31046e-03
232  0.01422 -1.34242e-03 |233  0.00004 -2.17849e-01 |234  0.00260 -2.14502e-01
235 -0.01033 -2.14166e-01 |236  0.00860 -1.87469e-01 |237  0.00699 -1.93668e-01
238 -0.02523 -1.98370e-01 |239  0.01907 -2.20865e-01 |240 -0.00014 -2.30507e-01
241 -0.02881 -2.39912e-01 |242  0.01900 -2.44558e-01 |243 -0.00290 -2.48026e-01
244 -0.00124 -2.47330e-01 |245 -0.00098 -2.43547e-01 |246  0.00844 -2.42718e-01
247 -0.01045 -2.40009e-01 |248  0.00476 -2.35364e-01 |249  0.00223 -2.28398e-01
250  0.00193 -2.25596e-01 |251 -0.00682 -2.21806e-01 |252  0.01022 -2.17963e-01
253 -0.01008 -2.16660e-01 |254  0.00369 -2.08976e-01 |255  0.00013 -2.04128e-01
256  0.01012 -2.04587e-01 |257 -0.02495 -2.02073e-01 |258  0.01722 -1.94310e-01
259 -0.00796 -1.93983e-01 |260  0.00383 -1.91249e-01 |261 -0.00047 -1.85881e-01
262  0.00658 -1.85669e-01 |263 -0.00789 -1.78228e-01 |264 -0.00015 -1.73719e-01
265  0.01226 -1.60005e-01 |266 -0.00502 -1.51790e-01 |267 -0.00370 -1.48585e-01
268  0.00227 -1.44791e-01 |269 -0.00057 -1.28547e-01 |270  0.00201 -1.23723e-01
271 -0.01798 -1.21378e-01 |272  0.00980 -1.17221e-01 |273  0.00830 -1.14289e-01
274 -0.00834 -1.11313e-01 |275  0.00814 -1.10197e-01 |276 -0.00474 -1.05729e-01
277 -0.00478 -1.03884e-01 |278  0.00628 -9.69256e-02 |279 -0.00522 -9.66553e-02
280  0.00371 -8.68121e-02 |281  0.00155 -9.13192e-02 |282 -0.00496 -8.40677e-02
283 -0.00697 -7.94746e-02 |284  0.01303 -7.08525e-02 |285 -0.00967 -6.97318e-02
286  0.00292 -6.00584e-02 |287  0.01225 -6.11981e-02 |288  0.00562 -6.14929e-02
289 -0.00901 -4.58774e-02 |290 -0.01482 -4.24360e-02 |291  0.01206 -3.46547e-02
292  0.00409 -3.23063e-02 |293 -0.00635 -3.03771e-02 |294 -0.00282 -2.56604e-02
295  0.00446 -1.59052e-02 |296 -0.00479 -1.63832e-02 |297  0.00466 -1.34263e-02
298 -0.01845 -1.06401e-02 |299  0.00806 -5.24762e-03 |300  0.00327 -2.62890e-03
301  0.00003 -2.55042e-01 |302  0.00472 -2.42652e-01 |303 -0.00260 -2.45968e-01
304 -0.00146 -2.03279e-01 |305  0.00335 -2.04265e-01 |306  0.01804 -2.13121e-01
307 -0.01708 -2.38224e-01 |308  0.00635 -2.56509e-01 |309  0.00013 -2.67211e-01
310 -0.02560 -2.68705e-01 |311  0.01248 -2.62345e-01 |312 -0.01018 -2.61732e-01
313 -0.00031 -2.58742e-01 |314 -0.00136 -2.53286e-01 |315  0.00321 -2.50579e-01
316 -0.00245 -2.47155e-01 |317  0.00201 -2.40852e-01 |318  0.00025 -2.40124e-01
319  0.00387 -2.32717e-01 |320 -0.00011 -2.27363e-01 |321 -0.00188 -2.22820e-01
322  0.00016 -2.14853e-01 |323  0.00151 -2.11531e-01 |324  0.00268 -2.08025e-01
325  0.00615 -2.04436e-01 |326 -0.01458 -1.97666e-01 |327  0.00744 -2.00453e-01
328 -0.00230 -1.95240e-01 |329  0.00004 -1.89051e-01 |330  0.00414 -1.90023e-01
331 -0.00271 -1.82224e-01 |332 -0.00110 -1.77037e-01 |333 -0.00250 -1.70227e-01
334  0.00690 -1.61767e-01 |335  0.00703 -1.63332e-01 |336 -0.00884 -1.58896e-01
337  0.00097 -1.47019e-01 |338  0.00266 -1.43453e-01 |339  0.00791 -1.38641e-01
340 -0.01011 -1.32863e-01 |341 -0.00330 -1.30189e-01 |342 -0.00085 -1.26477e-01
343 -0.00194 -1.24278e-01 |344  0.00625 -1.19210e-01 |345  0.00105 -1.16980e-01
346 -0.00621 -1.09578e-01 |347  0.00350 -1.08186e-01 |348 -0.00442 -9.85035e-02
349  0.00493 -9.78284e-02 |350 -0.00133 -9.01078e-02 |351  0.00051 -8.67261e-02
352 -0.00437 -8.14735e-02 |353  0.00854 -8.19984e-02 |354 -0.00214 -7.26607e-02
355 -0.00510 -6.62581e-02 |356  0.00628 -6.68720e-02 |357  0.00493 -5.96574e-02
358  0.00340 -5.88123e-02 |359 -0.01083 -5.32708e-02 |360  0.00324 -4.47266e-02
361  0.00031 -3.70295e-02 |362  0.00071 -3.47101e-02 |363 -0.00098 -2.79823e-02
364  0.00116 -2.26773e-02 |365 -0.00490 -1.65979e-02 |366  0.01283 -1.60209e-02
367 -0.01850 -8.48569e-03 |368 -0.00627 -7.78051e-03 |
  ic > imax  in fminim is answer attained ?
Var    Value     Gradient |Var    Value     Gradient |Var    Value     Gradient
  1 -0.02014 -1.86680e-03 |  2  0.07201 -1.84158e-06 |  3  0.15629 -1.72584e-05
  4 -0.01907 -2.29993e-05 |  5 -0.06775 -9.23304e-06 |  6  0.05866 -1.35850e-05
  7  0.03421  1.32289e-05 |  8 -0.01577 -9.61677e-06 |  9  0.03563 -6.10465e-05
 10  0.01603 -4.15051e-05 | 11  0.21581 -9.17373e-05 | 12 -0.12061  7.91601e-06
 13 -0.03725  2.43546e-05 | 14 -0.15321  2.07883e-05 | 15 -0.17197  1.25932e-05
 16  0.24140 -4.20797e-05 | 17  0.01182  3.43427e-06 | 18 -0.09553 -7.32499e-06
 19 -0.03482 -3.17591e-05 | 20  0.00007 -2.59868e-05 | 21 -0.08393 -2.06229e-05
 22  0.04480 -5.25973e-05 | 23 -0.11206 -4.79275e-06 | 24 -0.02705 -3.38777e-05
 25  0.01739 -8.48351e-06 | 26  0.03067 -1.70157e-05 | 27 -0.10528 -1.59922e-05
 28  0.02119 -4.21646e-05 | 29  0.06070 -2.60816e-05 | 30 -0.07360 -3.82829e-06
 31 -0.17674  2.22683e-06 | 32  0.04368 -2.79286e-05 | 33  0.06279 -3.07489e-05
 34  0.07123 -2.93802e-05 | 35  0.05710 -1.74331e-05 | 36 -0.03392  1.40041e-05
 37 -0.00627 -9.79872e-06 | 38  0.07130 -1.07487e-05 | 39 -0.05451  1.48859e-05
 40  0.22767 -4.02190e-05 | 41  0.03121  5.57851e-06 | 42  0.08564  3.21568e-05
 43 -0.06707 -1.82304e-05 | 44  0.18382 -3.77346e-05 | 45 -0.03401  1.55833e-05
 46 -0.02549  1.41166e-05 | 47 -0.01064  7.05178e-06 | 48 -0.08483  3.68446e-06
 49  0.12081 -5.83368e-06 | 50  0.02091 -8.64107e-06 | 51  0.00746  2.54970e-05
 52  0.01847  2.37764e-05 | 53 -0.04187  1.68389e-05 | 54  0.07464  3.29659e-05
 55 -0.00318  3.22870e-05 | 56 -0.05934  2.18093e-05 | 57 -0.06777  8.67023e-06
 58  0.07172  8.81101e-06 | 59 -0.04869  3.42108e-05 | 60  0.00867  3.25802e-05
 61 -0.01209  2.69519e-05 | 62  0.05274  2.43678e-05 | 63  0.08560  1.71049e-05
 64 -0.07584  2.64316e-06 | 65 -0.02689  8.15845e-06 | 66  0.02972  4.25523e-06
 67 -0.00340  5.60144e-05 | 68 -0.05376  1.25558e-05 | 69  0.01965  3.99096e-05
 70 -0.00259  4.41490e-05 | 71  0.13845  6.89792e-06 | 72 -0.07809  2.32987e-05
 73 -0.04269  3.21256e-05 | 74 -0.05220  2.46466e-05 | 75  0.00328  1.27163e-05
 76 -0.07086  2.91431e-05 | 77  0.01234  1.79712e-05 | 78 -0.52074  1.02682e-05
 79 -0.80556  3.89331e-06 | 80 -0.81975  1.21888e-05 | 81 -0.83065  5.27726e-06
 82 -0.77658  2.90893e-05 | 83 -0.74327 -2.84046e-06 | 84 -0.78495  1.89235e-05
 85 -0.82132  2.59693e-05 | 86 -0.79311  1.15864e-05 | 87 -0.74487 -1.91208e-06
 88 -0.66643  5.94715e-06 | 89 -0.67771  1.14650e-05 | 90 -0.71307  2.60495e-05
 91 -0.70928  1.01012e-05 | 92 -0.71571 -1.95455e-06 | 93 -0.70629  7.62270e-06
 94 -0.73560  1.18118e-05 | 95 -0.73679 -8.00611e-06 | 96 -0.73818 -3.07555e-06
 97 -0.72825  5.77039e-06 | 98 -0.74254  1.20037e-05 | 99 -0.73885  3.23538e-06
100 -0.71444  1.19529e-05 |101 -0.74905  4.09982e-06 |102 -0.72526  1.20862e-05
103 -0.71077  1.51718e-05 |104 -0.70526  6.26919e-06 |105 -0.69948 -6.29056e-06
106 -0.72713  6.62329e-06 |107 -0.76536 -1.54791e-05 |108 -0.71016  5.20510e-07
109 -0.78127  1.23034e-06 |110 -0.72921  7.99488e-06 |111 -0.73525  4.78140e-06
112 -0.69142  1.72257e-05 |113 -0.70666  1.75044e-05 |114 -0.72561  1.17617e-05
115 -0.66964  1.16634e-05 |116 -0.69725  6.49028e-06 |117 -0.73456 -6.45604e-06
118 -0.71727 -1.41792e-05 |119 -0.71576 -8.60775e-06 |120 -0.68076 -8.47102e-06
121 -0.71085  1.01641e-06 |122 -0.67288 -2.42772e-07 |123 -0.80749  1.32454e-05
124 -0.69960 -7.46717e-06 |125 -0.74786  6.28778e-06 |126 -0.76658 -7.24240e-07
127 -0.81903  3.15451e-06 |128 -0.84867 -5.59121e-07 |129 -0.82680  4.17534e-06
130 -0.72772 -6.56777e-07 |131 -0.81465  2.88975e-05 |132 -0.79545 -1.35882e-06
133 -0.77399 -1.13671e-05 |134 -0.78337 -4.96375e-07 |135 -0.80395  5.29118e-06
136 -0.80922 -1.52425e-05 |137 -0.78732  7.56673e-06 |138 -0.80058  5.72590e-06
139 -0.79560 -9.74282e-06 |140 -0.84996  9.56546e-06 |141 -0.84976 -1.24712e-05
142 -0.86745  5.77727e-06 |143 -0.89935  1.73428e-05 |144 -0.90255  2.00092e-05
145  0.76583 -8.74330e-05 |146  0.27306 -3.64755e-04 |147  0.20005 -9.38932e-04
148  0.08881 -8.65711e-06 |149 -0.16809 -1.56167e-05 |150 -0.20545  1.52731e-06
151 -0.17367  4.44970e-05 |152  0.00068 -5.47851e-05 |153  0.16870 -2.86752e-05
154 -0.02580 -3.38510e-05 |155  0.17449 -3.69793e-06 |156 -0.08722 -5.71551e-06
157  0.41896 -2.20469e-07 |158 -0.05241  3.42136e-05 |159 -0.34503  2.46702e-04
160 -0.20764  8.18706e-05 |161 -0.23033  2.28622e-05 |162 -0.30762  9.39192e-06
163  0.05818 -8.39221e-06 |164 -0.16618  4.21276e-06 |165  0.00038 -9.61890e-04
166 -0.00027 -9.78113e-04 |167 -0.00067 -9.97277e-04 |168 -0.00595 -1.03093e-03
169 -0.00625 -1.04748e-03 |170 -0.00660 -1.05462e-03 |171 -0.00699 -1.04652e-03
172 -0.00775 -1.05178e-03 |173  0.00907 -9.11231e-04 |174 -0.00293 -8.72712e-04
175 -0.00669 -8.78719e-04 |176 -0.02025 -8.80541e-04 |177  0.00203 -8.23361e-04
178 -0.01051 -8.31574e-04 |179  0.00767 -7.59360e-04 |180  0.00596 -7.35518e-04
181 -0.00374 -7.28968e-04 |182  0.01633 -7.27567e-04 |183 -0.01555 -7.30894e-04
184 -0.01492 -7.27599e-04 |185  0.00920 -6.77679e-04 |186  0.02047 -6.26803e-04
187 -0.00404 -6.25572e-04 |188 -0.02120 -6.21064e-04 |189  0.02081 -6.30906e-04
190 -0.02390 -6.09588e-04 |191  0.02566 -5.78485e-04 |192  0.00162 -6.14082e-04
193  0.00266 -6.21855e-04 |194 -0.00920 -6.44271e-04 |195  0.01270 -7.07988e-04
196  0.02225 -7.21799e-04 |197 -0.02564 -8.87448e-04 |198 -0.02102 -9.09207e-04
199  0.00623 -9.40457e-04 |200  0.00415 -9.58273e-04 |201  0.00299 -1.04619e-03
202 -0.02202 -1.05472e-03 |203 -0.01145 -1.05556e-03 |204  0.02795 -9.70974e-04
205 -0.00955 -9.83816e-04 |206  0.01828 -9.14093e-04 |207 -0.00817 -9.28108e-04
208 -0.01854 -9.34572e-04 |209  0.00806 -8.64518e-04 |210  0.00413 -8.23339e-04
211 -0.00330 -7.97409e-04 |212  0.00520 -7.59871e-04 |213 -0.01845 -7.46213e-04
214 -0.00156 -7.30037e-04 |215  0.02282 -4.72234e-04 |216 -0.02919 -4.89709e-04
217  0.01008 -4.32806e-04 |218  0.02309 -3.61190e-04 |219  0.02195 -3.40046e-04
220 -0.00257 -3.54169e-04 |221 -0.00637 -3.58544e-04 |222 -0.01972 -3.58593e-04
223  0.00269 -3.47644e-04 |224 -0.00202 -3.76811e-04 |225  0.00202 -3.44299e-04
226 -0.00405 -3.56055e-04 |227  0.00490 -3.14542e-04 |228 -0.00689 -3.37386e-04
229 -0.01091 -3.26592e-04 |230  0.00216 -3.13978e-04 |231 -0.01197 -2.79764e-04
232  0.01422 -2.84797e-05 |233  0.00003 -1.56354e-03 |234  0.00260 -1.60445e-03
235 -0.01033 -1.71954e-03 |236  0.00860 -2.11608e-03 |237  0.00699 -2.20271e-03
238 -0.02522 -2.19048e-03 |239  0.01907 -2.06536e-03 |240 -0.00014 -1.98828e-03
241 -0.02881 -1.78549e-03 |242  0.01900 -1.56425e-03 |243 -0.00290 -1.54441e-03
244 -0.00124 -1.52563e-03 |245 -0.00098 -1.46907e-03 |246  0.00844 -1.43791e-03
247 -0.01045 -1.42147e-03 |248  0.00476 -1.29750e-03 |249  0.00223 -1.33960e-03
250  0.00193 -1.27699e-03 |251 -0.00682 -1.25705e-03 |252  0.01022 -1.24267e-03
253 -0.01008 -1.18639e-03 |254  0.00369 -1.15622e-03 |255  0.00013 -1.14116e-03
256  0.01012 -1.16646e-03 |257 -0.02495 -1.14983e-03 |258  0.01722 -1.10657e-03
259 -0.00796 -1.05277e-03 |260  0.00383 -1.06716e-03 |261 -0.00047 -1.08900e-03
262  0.00658 -1.05513e-03 |263 -0.00789 -1.10732e-03 |264 -0.00015 -1.13826e-03
265  0.01226 -1.33201e-03 |266 -0.00502 -1.38813e-03 |267 -0.00370 -1.31856e-03
268  0.00227 -1.18011e-03 |269 -0.00057 -1.31326e-03 |270  0.00201 -1.22673e-03
271 -0.01798 -1.22374e-03 |272  0.00980 -1.10675e-03 |273  0.00830 -1.06421e-03
274 -0.00834 -9.48378e-04 |275  0.00814 -8.53800e-04 |276 -0.00474 -9.16979e-04
277 -0.00478 -8.64812e-04 |278  0.00628 -8.33312e-04 |279 -0.00522 -8.01499e-04
280  0.00371 -7.90928e-04 |281  0.00155 -7.20923e-04 |282 -0.00496 -7.20377e-04
283 -0.00697 -5.42603e-04 |284  0.01303 -5.20212e-04 |285 -0.00967 -4.41061e-04
286  0.00292 -3.93700e-04 |287  0.01225 -3.15536e-04 |288  0.00562 -2.66172e-04
289 -0.00901 -4.10540e-04 |290 -0.01482 -3.98676e-04 |291  0.01206 -4.39843e-04
292  0.00409 -4.02077e-04 |293 -0.00635 -3.59969e-04 |294 -0.00282 -3.68096e-04
295  0.00446 -4.54311e-04 |296 -0.00479 -3.39120e-04 |297  0.00466 -3.22001e-04
298 -0.01845 -3.42540e-04 |299  0.00806 -3.17208e-04 |300  0.00327 -8.44287e-05
301  0.00002 -4.06084e-03 |302  0.00472 -4.00261e-03 |303 -0.00260 -4.02353e-03
304 -0.00146 -4.44264e-03 |305  0.00335 -4.48134e-03 |306  0.01804 -4.34026e-03
307 -0.01708 -4.20472e-03 |308  0.00635 -4.04566e-03 |309  0.00013 -3.80453e-03
310 -0.02560 -3.61433e-03 |311  0.01248 -3.59745e-03 |312 -0.01018 -3.55483e-03
313 -0.00031 -3.54064e-03 |314 -0.00136 -3.41776e-03 |315  0.00321 -3.29966e-03
316 -0.00245 -3.22090e-03 |317  0.00201 -3.09410e-03 |318  0.00025 -2.99136e-03
319  0.00387 -2.94146e-03 |320 -0.00011 -2.85802e-03 |321 -0.00188 -2.76575e-03
322  0.00016 -2.72445e-03 |323  0.00151 -2.65958e-03 |324  0.00268 -2.58724e-03
325  0.00615 -2.57423e-03 |326 -0.01458 -2.52329e-03 |327  0.00744 -2.40592e-03
328 -0.00230 -2.37006e-03 |329  0.00004 -2.38175e-03 |330  0.00414 -2.27784e-03
331 -0.00271 -2.27334e-03 |332 -0.00110 -2.23214e-03 |333 -0.00250 -2.27326e-03
334  0.00690 -2.27603e-03 |335  0.00703 -2.15789e-03 |336 -0.00884 -2.04504e-03
337  0.00097 -2.08954e-03 |338  0.00266 -2.00614e-03 |339  0.00791 -1.93955e-03
340 -0.01011 -1.86650e-03 |341 -0.00330 -1.83050e-03 |342 -0.00085 -1.70775e-03
343 -0.00194 -1.65931e-03 |344  0.00625 -1.62400e-03 |345  0.00105 -1.52590e-03
346 -0.00621 -1.49265e-03 |347  0.00350 -1.41936e-03 |348 -0.00442 -1.35161e-03
349  0.00493 -1.36431e-03 |350 -0.00133 -1.29191e-03 |351  0.00051 -1.07109e-03
352 -0.00437 -1.04034e-03 |353  0.00854 -9.01189e-04 |354 -0.00214 -8.42771e-04
355 -0.00510 -8.44509e-04 |356  0.00628 -7.06131e-04 |357  0.00493 -7.04383e-04
358  0.00340 -5.84075e-04 |359 -0.01083 -5.48110e-04 |360  0.00324 -4.90490e-04
361  0.00031 -5.14468e-04 |362  0.00071 -4.46122e-04 |363 -0.00098 -4.34816e-04
364  0.00116 -4.12840e-04 |365 -0.00490 -3.87799e-04 |366  0.01283 -2.77608e-04
367 -0.01850 -2.53503e-04 |368 -0.00627 -6.59451e-05 |
Function minimizer not making progress ... is minimum attained?
Minimprove criterion = 0.0000e+00
Warning: the following parameters had issues
  F_rate[133] is within 1% of lower bound: 0.0000e+00 < 1.4343e-02 < 2.3000e+00
  F_rate[134] is within 1% of lower bound: 0.0000e+00 < 1.3448e-02 < 2.3000e+00


 - final statistics:
368 variables; iteration 447; function evaluation 558
Function value 3.4134e+03; maximum gradient component mag -4.4813e-03
Exit code = 1;  converg criter 1.0000e-04
Var    Value     Gradient |Var    Value     Gradient |Var    Value     Gradient
  1 -0.02014 -1.86680e-03 |  2  0.07201 -1.84158e-06 |  3  0.15629 -1.72584e-05
  4 -0.01907 -2.29993e-05 |  5 -0.06775 -9.23304e-06 |  6  0.05866 -1.35850e-05
  7  0.03421  1.32289e-05 |  8 -0.01577 -9.61677e-06 |  9  0.03563 -6.10465e-05
 10  0.01603 -4.15051e-05 | 11  0.21581 -9.17373e-05 | 12 -0.12061  7.91601e-06
 13 -0.03725  2.43546e-05 | 14 -0.15321  2.07883e-05 | 15 -0.17197  1.25932e-05
 16  0.24140 -4.20797e-05 | 17  0.01182  3.43427e-06 | 18 -0.09553 -7.32499e-06
 19 -0.03482 -3.17591e-05 | 20  0.00007 -2.59868e-05 | 21 -0.08393 -2.06229e-05
 22  0.04480 -5.25973e-05 | 23 -0.11206 -4.79275e-06 | 24 -0.02705 -3.38777e-05
 25  0.01739 -8.48351e-06 | 26  0.03067 -1.70157e-05 | 27 -0.10528 -1.59922e-05
 28  0.02119 -4.21646e-05 | 29  0.06070 -2.60816e-05 | 30 -0.07360 -3.82829e-06
 31 -0.17674  2.22683e-06 | 32  0.04368 -2.79286e-05 | 33  0.06279 -3.07489e-05
 34  0.07123 -2.93802e-05 | 35  0.05710 -1.74331e-05 | 36 -0.03392  1.40041e-05
 37 -0.00627 -9.79872e-06 | 38  0.07130 -1.07487e-05 | 39 -0.05451  1.48859e-05
 40  0.22767 -4.02190e-05 | 41  0.03121  5.57851e-06 | 42  0.08564  3.21568e-05
 43 -0.06707 -1.82304e-05 | 44  0.18382 -3.77346e-05 | 45 -0.03401  1.55833e-05
 46 -0.02549  1.41166e-05 | 47 -0.01064  7.05178e-06 | 48 -0.08483  3.68446e-06
 49  0.12081 -5.83368e-06 | 50  0.02091 -8.64107e-06 | 51  0.00746  2.54970e-05
 52  0.01847  2.37764e-05 | 53 -0.04187  1.68389e-05 | 54  0.07464  3.29659e-05
 55 -0.00318  3.22870e-05 | 56 -0.05934  2.18093e-05 | 57 -0.06777  8.67023e-06
 58  0.07172  8.81101e-06 | 59 -0.04869  3.42108e-05 | 60  0.00867  3.25802e-05
 61 -0.01209  2.69519e-05 | 62  0.05274  2.43678e-05 | 63  0.08560  1.71049e-05
 64 -0.07584  2.64316e-06 | 65 -0.02689  8.15845e-06 | 66  0.02972  4.25523e-06
 67 -0.00340  5.60144e-05 | 68 -0.05376  1.25558e-05 | 69  0.01965  3.99096e-05
 70 -0.00259  4.41490e-05 | 71  0.13845  6.89792e-06 | 72 -0.07809  2.32987e-05
 73 -0.04269  3.21256e-05 | 74 -0.05220  2.46466e-05 | 75  0.00328  1.27163e-05
 76 -0.07086  2.91431e-05 | 77  0.01234  1.79712e-05 | 78 -0.52074  1.02682e-05
 79 -0.80556  3.89331e-06 | 80 -0.81975  1.21888e-05 | 81 -0.83065  5.27726e-06
 82 -0.77658  2.90893e-05 | 83 -0.74327 -2.84046e-06 | 84 -0.78495  1.89235e-05
 85 -0.82132  2.59693e-05 | 86 -0.79311  1.15864e-05 | 87 -0.74487 -1.91208e-06
 88 -0.66643  5.94715e-06 | 89 -0.67771  1.14650e-05 | 90 -0.71307  2.60495e-05
 91 -0.70928  1.01012e-05 | 92 -0.71571 -1.95455e-06 | 93 -0.70629  7.62270e-06
 94 -0.73560  1.18118e-05 | 95 -0.73679 -8.00611e-06 | 96 -0.73818 -3.07555e-06
 97 -0.72825  5.77039e-06 | 98 -0.74254  1.20037e-05 | 99 -0.73885  3.23538e-06
100 -0.71444  1.19529e-05 |101 -0.74905  4.09982e-06 |102 -0.72526  1.20862e-05
103 -0.71077  1.51718e-05 |104 -0.70526  6.26919e-06 |105 -0.69948 -6.29056e-06
106 -0.72713  6.62329e-06 |107 -0.76536 -1.54791e-05 |108 -0.71016  5.20510e-07
109 -0.78127  1.23034e-06 |110 -0.72921  7.99488e-06 |111 -0.73525  4.78140e-06
112 -0.69142  1.72257e-05 |113 -0.70666  1.75044e-05 |114 -0.72561  1.17617e-05
115 -0.66964  1.16634e-05 |116 -0.69725  6.49028e-06 |117 -0.73456 -6.45604e-06
118 -0.71727 -1.41792e-05 |119 -0.71576 -8.60775e-06 |120 -0.68076 -8.47102e-06
121 -0.71085  1.01641e-06 |122 -0.67288 -2.42772e-07 |123 -0.80749  1.32454e-05
124 -0.69960 -7.46717e-06 |125 -0.74786  6.28778e-06 |126 -0.76658 -7.24240e-07
127 -0.81903  3.15451e-06 |128 -0.84867 -5.59121e-07 |129 -0.82680  4.17534e-06
130 -0.72772 -6.56777e-07 |131 -0.81465  2.88975e-05 |132 -0.79545 -1.35882e-06
133 -0.77399 -1.13671e-05 |134 -0.78337 -4.96375e-07 |135 -0.80395  5.29118e-06
136 -0.80922 -1.52425e-05 |137 -0.78732  7.56673e-06 |138 -0.80058  5.72590e-06
139 -0.79560 -9.74282e-06 |140 -0.84996  9.56546e-06 |141 -0.84976 -1.24712e-05
142 -0.86745  5.77727e-06 |143 -0.89935  1.73428e-05 |144 -0.90255  2.00092e-05
145  0.76583 -8.74330e-05 |146  0.27306 -3.64755e-04 |147  0.20005 -9.38932e-04
148  0.08881 -8.65711e-06 |149 -0.16809 -1.56167e-05 |150 -0.20545  1.52731e-06
151 -0.17367  4.44970e-05 |152  0.00068 -5.47851e-05 |153  0.16870 -2.86752e-05
154 -0.02580 -3.38510e-05 |155  0.17449 -3.69793e-06 |156 -0.08722 -5.71551e-06
157  0.41896 -2.20469e-07 |158 -0.05241  3.42136e-05 |159 -0.34503  2.46702e-04
160 -0.20764  8.18706e-05 |161 -0.23033  2.28622e-05 |162 -0.30762  9.39192e-06
163  0.05818 -8.39221e-06 |164 -0.16618  4.21276e-06 |165  0.00038 -9.61890e-04
166 -0.00027 -9.78113e-04 |167 -0.00067 -9.97277e-04 |168 -0.00595 -1.03093e-03
169 -0.00625 -1.04748e-03 |170 -0.00660 -1.05462e-03 |171 -0.00699 -1.04652e-03
172 -0.00775 -1.05178e-03 |173  0.00907 -9.11231e-04 |174 -0.00293 -8.72712e-04
175 -0.00669 -8.78719e-04 |176 -0.02025 -8.80541e-04 |177  0.00203 -8.23361e-04
178 -0.01051 -8.31574e-04 |179  0.00767 -7.59360e-04 |180  0.00596 -7.35518e-04
181 -0.00374 -7.28968e-04 |182  0.01633 -7.27567e-04 |183 -0.01555 -7.30894e-04
184 -0.01492 -7.27599e-04 |185  0.00920 -6.77679e-04 |186  0.02047 -6.26803e-04
187 -0.00404 -6.25572e-04 |188 -0.02120 -6.21064e-04 |189  0.02081 -6.30906e-04
190 -0.02390 -6.09588e-04 |191  0.02566 -5.78485e-04 |192  0.00162 -6.14082e-04
193  0.00266 -6.21855e-04 |194 -0.00920 -6.44271e-04 |195  0.01270 -7.07988e-04
196  0.02225 -7.21799e-04 |197 -0.02564 -8.87448e-04 |198 -0.02102 -9.09207e-04
199  0.00623 -9.40457e-04 |200  0.00415 -9.58273e-04 |201  0.00299 -1.04619e-03
202 -0.02202 -1.05472e-03 |203 -0.01145 -1.05556e-03 |204  0.02795 -9.70974e-04
205 -0.00955 -9.83816e-04 |206  0.01828 -9.14093e-04 |207 -0.00817 -9.28108e-04
208 -0.01854 -9.34572e-04 |209  0.00806 -8.64518e-04 |210  0.00413 -8.23339e-04
211 -0.00330 -7.97409e-04 |212  0.00520 -7.59871e-04 |213 -0.01845 -7.46213e-04
214 -0.00156 -7.30037e-04 |215  0.02282 -4.72234e-04 |216 -0.02919 -4.89709e-04
217  0.01008 -4.32806e-04 |218  0.02309 -3.61190e-04 |219  0.02195 -3.40046e-04
220 -0.00257 -3.54169e-04 |221 -0.00637 -3.58544e-04 |222 -0.01972 -3.58593e-04
223  0.00269 -3.47644e-04 |224 -0.00202 -3.76811e-04 |225  0.00202 -3.44299e-04
226 -0.00405 -3.56055e-04 |227  0.00490 -3.14542e-04 |228 -0.00689 -3.37386e-04
229 -0.01091 -3.26592e-04 |230  0.00216 -3.13978e-04 |231 -0.01197 -2.79764e-04
232  0.01422 -2.84797e-05 |233  0.00003 -1.56354e-03 |234  0.00260 -1.60445e-03
235 -0.01033 -1.71954e-03 |236  0.00860 -2.11608e-03 |237  0.00699 -2.20271e-03
238 -0.02522 -2.19048e-03 |239  0.01907 -2.06536e-03 |240 -0.00014 -1.98828e-03
241 -0.02881 -1.78549e-03 |242  0.01900 -1.56425e-03 |243 -0.00290 -1.54441e-03
244 -0.00124 -1.52563e-03 |245 -0.00098 -1.46907e-03 |246  0.00844 -1.43791e-03
247 -0.01045 -1.42147e-03 |248  0.00476 -1.29750e-03 |249  0.00223 -1.33960e-03
250  0.00193 -1.27699e-03 |251 -0.00682 -1.25705e-03 |252  0.01022 -1.24267e-03
253 -0.01008 -1.18639e-03 |254  0.00369 -1.15622e-03 |255  0.00013 -1.14116e-03
256  0.01012 -1.16646e-03 |257 -0.02495 -1.14983e-03 |258  0.01722 -1.10657e-03
259 -0.00796 -1.05277e-03 |260  0.00383 -1.06716e-03 |261 -0.00047 -1.08900e-03
262  0.00658 -1.05513e-03 |263 -0.00789 -1.10732e-03 |264 -0.00015 -1.13826e-03
265  0.01226 -1.33201e-03 |266 -0.00502 -1.38813e-03 |267 -0.00370 -1.31856e-03
268  0.00227 -1.18011e-03 |269 -0.00057 -1.31326e-03 |270  0.00201 -1.22673e-03
271 -0.01798 -1.22374e-03 |272  0.00980 -1.10675e-03 |273  0.00830 -1.06421e-03
274 -0.00834 -9.48378e-04 |275  0.00814 -8.53800e-04 |276 -0.00474 -9.16979e-04
277 -0.00478 -8.64812e-04 |278  0.00628 -8.33312e-04 |279 -0.00522 -8.01499e-04
280  0.00371 -7.90928e-04 |281  0.00155 -7.20923e-04 |282 -0.00496 -7.20377e-04
283 -0.00697 -5.42603e-04 |284  0.01303 -5.20212e-04 |285 -0.00967 -4.41061e-04
286  0.00292 -3.93700e-04 |287  0.01225 -3.15536e-04 |288  0.00562 -2.66172e-04
289 -0.00901 -4.10540e-04 |290 -0.01482 -3.98676e-04 |291  0.01206 -4.39843e-04
292  0.00409 -4.02077e-04 |293 -0.00635 -3.59969e-04 |294 -0.00282 -3.68096e-04
295  0.00446 -4.54311e-04 |296 -0.00479 -3.39120e-04 |297  0.00466 -3.22001e-04
298 -0.01845 -3.42540e-04 |299  0.00806 -3.17208e-04 |300  0.00327 -8.44287e-05
301  0.00002 -4.06084e-03 |302  0.00472 -4.00261e-03 |303 -0.00260 -4.02353e-03
304 -0.00146 -4.44264e-03 |305  0.00335 -4.48134e-03 |306  0.01804 -4.34026e-03
307 -0.01708 -4.20472e-03 |308  0.00635 -4.04566e-03 |309  0.00013 -3.80453e-03
310 -0.02560 -3.61433e-03 |311  0.01248 -3.59745e-03 |312 -0.01018 -3.55483e-03
313 -0.00031 -3.54064e-03 |314 -0.00136 -3.41776e-03 |315  0.00321 -3.29966e-03
316 -0.00245 -3.22090e-03 |317  0.00201 -3.09410e-03 |318  0.00025 -2.99136e-03
319  0.00387 -2.94146e-03 |320 -0.00011 -2.85802e-03 |321 -0.00188 -2.76575e-03
322  0.00016 -2.72445e-03 |323  0.00151 -2.65958e-03 |324  0.00268 -2.58724e-03
325  0.00615 -2.57423e-03 |326 -0.01458 -2.52329e-03 |327  0.00744 -2.40592e-03
328 -0.00230 -2.37006e-03 |329  0.00004 -2.38175e-03 |330  0.00414 -2.27784e-03
331 -0.00271 -2.27334e-03 |332 -0.00110 -2.23214e-03 |333 -0.00250 -2.27326e-03
334  0.00690 -2.27603e-03 |335  0.00703 -2.15789e-03 |336 -0.00884 -2.04504e-03
337  0.00097 -2.08954e-03 |338  0.00266 -2.00614e-03 |339  0.00791 -1.93955e-03
340 -0.01011 -1.86650e-03 |341 -0.00330 -1.83050e-03 |342 -0.00085 -1.70775e-03
343 -0.00194 -1.65931e-03 |344  0.00625 -1.62400e-03 |345  0.00105 -1.52590e-03
346 -0.00621 -1.49265e-03 |347  0.00350 -1.41936e-03 |348 -0.00442 -1.35161e-03
349  0.00493 -1.36431e-03 |350 -0.00133 -1.29191e-03 |351  0.00051 -1.07109e-03
352 -0.00437 -1.04034e-03 |353  0.00854 -9.01189e-04 |354 -0.00214 -8.42771e-04
355 -0.00510 -8.44509e-04 |356  0.00628 -7.06131e-04 |357  0.00493 -7.04383e-04
358  0.00340 -5.84075e-04 |359 -0.01083 -5.48110e-04 |360  0.00324 -4.90490e-04
361  0.00031 -5.14468e-04 |362  0.00071 -4.46122e-04 |363 -0.00098 -4.34816e-04
364  0.00116 -4.12840e-04 |365 -0.00490 -3.87799e-04 |366  0.01283 -2.77608e-04
367 -0.01850 -2.53503e-04 |368 -0.00627 -6.59451e-05 |
Estimating row 1 out of 368 for hessian
Estimating row 2 out of 368 for hessian
Estimating row 3 out of 368 for hessian
Estimating row 4 out of 368 for hessian
Estimating row 5 out of 368 for hessian
Estimating row 6 out of 368 for hessian
Estimating row 7 out of 368 for hessian
Estimating row 8 out of 368 for hessian
Estimating row 9 out of 368 for hessian
Estimating row 10 out of 368 for hessian
Estimating row 11 out of 368 for hessian
Estimating row 12 out of 368 for hessian
Estimating row 13 out of 368 for hessian
Estimating row 14 out of 368 for hessian
Estimating row 15 out of 368 for hessian
Estimating row 16 out of 368 for hessian
Estimating row 17 out of 368 for hessian
Estimating row 18 out of 368 for hessian
Estimating row 19 out of 368 for hessian
Estimating row 20 out of 368 for hessian
Estimating row 21 out of 368 for hessian
Estimating row 22 out of 368 for hessian
Estimating row 23 out of 368 for hessian
Estimating row 24 out of 368 for hessian
Estimating row 25 out of 368 for hessian
Estimating row 26 out of 368 for hessian
Estimating row 27 out of 368 for hessian
Estimating row 28 out of 368 for hessian
Estimating row 29 out of 368 for hessian
Estimating row 30 out of 368 for hessian
Estimating row 31 out of 368 for hessian
Estimating row 32 out of 368 for hessian
Estimating row 33 out of 368 for hessian
Estimating row 34 out of 368 for hessian
Estimating row 35 out of 368 for hessian
Estimating row 36 out of 368 for hessian
Estimating row 37 out of 368 for hessian
Estimating row 38 out of 368 for hessian
Estimating row 39 out of 368 for hessian
Estimating row 40 out of 368 for hessian
Estimating row 41 out of 368 for hessian
Estimating row 42 out of 368 for hessian
Estimating row 43 out of 368 for hessian
Estimating row 44 out of 368 for hessian
Estimating row 45 out of 368 for hessian
Estimating row 46 out of 368 for hessian
Estimating row 47 out of 368 for hessian
Estimating row 48 out of 368 for hessian
Estimating row 49 out of 368 for hessian
Estimating row 50 out of 368 for hessian
Estimating row 51 out of 368 for hessian
Estimating row 52 out of 368 for hessian
Estimating row 53 out of 368 for hessian
Estimating row 54 out of 368 for hessian
Estimating row 55 out of 368 for hessian
Estimating row 56 out of 368 for hessian
Estimating row 57 out of 368 for hessian
Estimating row 58 out of 368 for hessian
Estimating row 59 out of 368 for hessian
Estimating row 60 out of 368 for hessian
Estimating row 61 out of 368 for hessian
Estimating row 62 out of 368 for hessian
Estimating row 63 out of 368 for hessian
Estimating row 64 out of 368 for hessian
Estimating row 65 out of 368 for hessian
Estimating row 66 out of 368 for hessian
Estimating row 67 out of 368 for hessian
Estimating row 68 out of 368 for hessian
Estimating row 69 out of 368 for hessian
Estimating row 70 out of 368 for hessian
Estimating row 71 out of 368 for hessian
Estimating row 72 out of 368 for hessian
Estimating row 73 out of 368 for hessian
Estimating row 74 out of 368 for hessian
Estimating row 75 out of 368 for hessian
Estimating row 76 out of 368 for hessian
Estimating row 77 out of 368 for hessian
Estimating row 78 out of 368 for hessian
Estimating row 79 out of 368 for hessian
Estimating row 80 out of 368 for hessian
Estimating row 81 out of 368 for hessian
Estimating row 82 out of 368 for hessian
Estimating row 83 out of 368 for hessian
Estimating row 84 out of 368 for hessian
Estimating row 85 out of 368 for hessian
Estimating row 86 out of 368 for hessian
Estimating row 87 out of 368 for hessian
Estimating row 88 out of 368 for hessian
Estimating row 89 out of 368 for hessian
Estimating row 90 out of 368 for hessian
Estimating row 91 out of 368 for hessian
Estimating row 92 out of 368 for hessian
Estimating row 93 out of 368 for hessian
Estimating row 94 out of 368 for hessian
Estimating row 95 out of 368 for hessian
Estimating row 96 out of 368 for hessian
Estimating row 97 out of 368 for hessian
Estimating row 98 out of 368 for hessian
Estimating row 99 out of 368 for hessian
Estimating row 100 out of 368 for hessian
Estimating row 101 out of 368 for hessian
Estimating row 102 out of 368 for hessian
Estimating row 103 out of 368 for hessian
Estimating row 104 out of 368 for hessian
Estimating row 105 out of 368 for hessian
Estimating row 106 out of 368 for hessian
Estimating row 107 out of 368 for hessian
Estimating row 108 out of 368 for hessian
Estimating row 109 out of 368 for hessian
Estimating row 110 out of 368 for hessian
Estimating row 111 out of 368 for hessian
Estimating row 112 out of 368 for hessian
Estimating row 113 out of 368 for hessian
Estimating row 114 out of 368 for hessian
Estimating row 115 out of 368 for hessian
Estimating row 116 out of 368 for hessian
Estimating row 117 out of 368 for hessian
Estimating row 118 out of 368 for hessian
Estimating row 119 out of 368 for hessian
Estimating row 120 out of 368 for hessian
Estimating row 121 out of 368 for hessian
Estimating row 122 out of 368 for hessian
Estimating row 123 out of 368 for hessian
Estimating row 124 out of 368 for hessian
Estimating row 125 out of 368 for hessian
Estimating row 126 out of 368 for hessian
Estimating row 127 out of 368 for hessian
Estimating row 128 out of 368 for hessian
Estimating row 129 out of 368 for hessian
Estimating row 130 out of 368 for hessian
Estimating row 131 out of 368 for hessian
Estimating row 132 out of 368 for hessian
Estimating row 133 out of 368 for hessian
Estimating row 134 out of 368 for hessian
Estimating row 135 out of 368 for hessian
Estimating row 136 out of 368 for hessian
Estimating row 137 out of 368 for hessian
Estimating row 138 out of 368 for hessian
Estimating row 139 out of 368 for hessian
Estimating row 140 out of 368 for hessian
Estimating row 141 out of 368 for hessian
Estimating row 142 out of 368 for hessian
Estimating row 143 out of 368 for hessian
Estimating row 144 out of 368 for hessian
Estimating row 145 out of 368 for hessian
Estimating row 146 out of 368 for hessian
Estimating row 147 out of 368 for hessian
Estimating row 148 out of 368 for hessian
Estimating row 149 out of 368 for hessian
Estimating row 150 out of 368 for hessian
Estimating row 151 out of 368 for hessian
Estimating row 152 out of 368 for hessian
Estimating row 153 out of 368 for hessian
Estimating row 154 out of 368 for hessian
Estimating row 155 out of 368 for hessian
Estimating row 156 out of 368 for hessian
Estimating row 157 out of 368 for hessian
Estimating row 158 out of 368 for hessian
Estimating row 159 out of 368 for hessian
Estimating row 160 out of 368 for hessian
Estimating row 161 out of 368 for hessian
Estimating row 162 out of 368 for hessian
Estimating row 163 out of 368 for hessian
Estimating row 164 out of 368 for hessian
Estimating row 165 out of 368 for hessian
Estimating row 166 out of 368 for hessian
Estimating row 167 out of 368 for hessian
Estimating row 168 out of 368 for hessian
Estimating row 169 out of 368 for hessian
Estimating row 170 out of 368 for hessian
Estimating row 171 out of 368 for hessian
Estimating row 172 out of 368 for hessian
Estimating row 173 out of 368 for hessian
Estimating row 174 out of 368 for hessian
Estimating row 175 out of 368 for hessian
Estimating row 176 out of 368 for hessian
Estimating row 177 out of 368 for hessian
Estimating row 178 out of 368 for hessian
Estimating row 179 out of 368 for hessian
Estimating row 180 out of 368 for hessian
Estimating row 181 out of 368 for hessian
Estimating row 182 out of 368 for hessian
Estimating row 183 out of 368 for hessian
Estimating row 184 out of 368 for hessian
Estimating row 185 out of 368 for hessian
Estimating row 186 out of 368 for hessian
Estimating row 187 out of 368 for hessian
Estimating row 188 out of 368 for hessian
Estimating row 189 out of 368 for hessian
Estimating row 190 out of 368 for hessian
Estimating row 191 out of 368 for hessian
Estimating row 192 out of 368 for hessian
Estimating row 193 out of 368 for hessian
Estimating row 194 out of 368 for hessian
Estimating row 195 out of 368 for hessian
Estimating row 196 out of 368 for hessian
Estimating row 197 out of 368 for hessian
Estimating row 198 out of 368 for hessian
Estimating row 199 out of 368 for hessian
Estimating row 200 out of 368 for hessian
Estimating row 201 out of 368 for hessian
Estimating row 202 out of 368 for hessian
Estimating row 203 out of 368 for hessian
Estimating row 204 out of 368 for hessian
Estimating row 205 out of 368 for hessian
Estimating row 206 out of 368 for hessian
Estimating row 207 out of 368 for hessian
Estimating row 208 out of 368 for hessian
Estimating row 209 out of 368 for hessian
Estimating row 210 out of 368 for hessian
Estimating row 211 out of 368 for hessian
Estimating row 212 out of 368 for hessian
Estimating row 213 out of 368 for hessian
Estimating row 214 out of 368 for hessian
Estimating row 215 out of 368 for hessian
Estimating row 216 out of 368 for hessian
Estimating row 217 out of 368 for hessian
Estimating row 218 out of 368 for hessian
Estimating row 219 out of 368 for hessian
Estimating row 220 out of 368 for hessian
Estimating row 221 out of 368 for hessian
Estimating row 222 out of 368 for hessian
Estimating row 223 out of 368 for hessian
Estimating row 224 out of 368 for hessian
Estimating row 225 out of 368 for hessian
Estimating row 226 out of 368 for hessian
Estimating row 227 out of 368 for hessian
Estimating row 228 out of 368 for hessian
Estimating row 229 out of 368 for hessian
Estimating row 230 out of 368 for hessian
Estimating row 231 out of 368 for hessian
Estimating row 232 out of 368 for hessian
Estimating row 233 out of 368 for hessian
Estimating row 234 out of 368 for hessian
Estimating row 235 out of 368 for hessian
Estimating row 236 out of 368 for hessian
Estimating row 237 out of 368 for hessian
Estimating row 238 out of 368 for hessian
Estimating row 239 out of 368 for hessian
Estimating row 240 out of 368 for hessian
Estimating row 241 out of 368 for hessian
Estimating row 242 out of 368 for hessian
Estimating row 243 out of 368 for hessian
Estimating row 244 out of 368 for hessian
Estimating row 245 out of 368 for hessian
Estimating row 246 out of 368 for hessian
Estimating row 247 out of 368 for hessian
Estimating row 248 out of 368 for hessian
Estimating row 249 out of 368 for hessian
Estimating row 250 out of 368 for hessian
Estimating row 251 out of 368 for hessian
Estimating row 252 out of 368 for hessian
Estimating row 253 out of 368 for hessian
Estimating row 254 out of 368 for hessian
Estimating row 255 out of 368 for hessian
Estimating row 256 out of 368 for hessian
Estimating row 257 out of 368 for hessian
Estimating row 258 out of 368 for hessian
Estimating row 259 out of 368 for hessian
Estimating row 260 out of 368 for hessian
Estimating row 261 out of 368 for hessian
Estimating row 262 out of 368 for hessian
Estimating row 263 out of 368 for hessian
Estimating row 264 out of 368 for hessian
Estimating row 265 out of 368 for hessian
Estimating row 266 out of 368 for hessian
Estimating row 267 out of 368 for hessian
Estimating row 268 out of 368 for hessian
Estimating row 269 out of 368 for hessian
Estimating row 270 out of 368 for hessian
Estimating row 271 out of 368 for hessian
Estimating row 272 out of 368 for hessian
Estimating row 273 out of 368 for hessian
Estimating row 274 out of 368 for hessian
Estimating row 275 out of 368 for hessian
Estimating row 276 out of 368 for hessian
Estimating row 277 out of 368 for hessian
Estimating row 278 out of 368 for hessian
Estimating row 279 out of 368 for hessian
Estimating row 280 out of 368 for hessian
Estimating row 281 out of 368 for hessian
Estimating row 282 out of 368 for hessian
Estimating row 283 out of 368 for hessian
Estimating row 284 out of 368 for hessian
Estimating row 285 out of 368 for hessian
Estimating row 286 out of 368 for hessian
Estimating row 287 out of 368 for hessian
Estimating row 288 out of 368 for hessian
Estimating row 289 out of 368 for hessian
Estimating row 290 out of 368 for hessian
Estimating row 291 out of 368 for hessian
Estimating row 292 out of 368 for hessian
Estimating row 293 out of 368 for hessian
Estimating row 294 out of 368 for hessian
Estimating row 295 out of 368 for hessian
Estimating row 296 out of 368 for hessian
Estimating row 297 out of 368 for hessian
Estimating row 298 out of 368 for hessian
Estimating row 299 out of 368 for hessian
Estimating row 300 out of 368 for hessian
Estimating row 301 out of 368 for hessian
Estimating row 302 out of 368 for hessian
Estimating row 303 out of 368 for hessian
Estimating row 304 out of 368 for hessian
Estimating row 305 out of 368 for hessian
Estimating row 306 out of 368 for hessian
Estimating row 307 out of 368 for hessian
Estimating row 308 out of 368 for hessian
Estimating row 309 out of 368 for hessian
Estimating row 310 out of 368 for hessian
Estimating row 311 out of 368 for hessian
Estimating row 312 out of 368 for hessian
Estimating row 313 out of 368 for hessian
Estimating row 314 out of 368 for hessian
Estimating row 315 out of 368 for hessian
Estimating row 316 out of 368 for hessian
Estimating row 317 out of 368 for hessian
Estimating row 318 out of 368 for hessian
Estimating row 319 out of 368 for hessian
Estimating row 320 out of 368 for hessian
Estimating row 321 out of 368 for hessian
Estimating row 322 out of 368 for hessian
Estimating row 323 out of 368 for hessian
Estimating row 324 out of 368 for hessian
Estimating row 325 out of 368 for hessian
Estimating row 326 out of 368 for hessian
Estimating row 327 out of 368 for hessian
Estimating row 328 out of 368 for hessian
Estimating row 329 out of 368 for hessian
Estimating row 330 out of 368 for hessian
Estimating row 331 out of 368 for hessian
Estimating row 332 out of 368 for hessian
Estimating row 333 out of 368 for hessian
Estimating row 334 out of 368 for hessian
Estimating row 335 out of 368 for hessian
Estimating row 336 out of 368 for hessian
Estimating row 337 out of 368 for hessian
Estimating row 338 out of 368 for hessian
Estimating row 339 out of 368 for hessian
Estimating row 340 out of 368 for hessian
Estimating row 341 out of 368 for hessian
Estimating row 342 out of 368 for hessian
Estimating row 343 out of 368 for hessian
Estimating row 344 out of 368 for hessian
Estimating row 345 out of 368 for hessian
Estimating row 346 out of 368 for hessian
Estimating row 347 out of 368 for hessian
Estimating row 348 out of 368 for hessian
Estimating row 349 out of 368 for hessian
Estimating row 350 out of 368 for hessian
Estimating row 351 out of 368 for hessian
Estimating row 352 out of 368 for hessian
Estimating row 353 out of 368 for hessian
Estimating row 354 out of 368 for hessian
Estimating row 355 out of 368 for hessian
Estimating row 356 out of 368 for hessian
Estimating row 357 out of 368 for hessian
Estimating row 358 out of 368 for hessian
Estimating row 359 out of 368 for hessian
Estimating row 360 out of 368 for hessian
Estimating row 361 out of 368 for hessian
Estimating row 362 out of 368 for hessian
Estimating row 363 out of 368 for hessian
Estimating row 364 out of 368 for hessian
Estimating row 365 out of 368 for hessian
Estimating row 366 out of 368 for hessian
Estimating row 367 out of 368 for hessian
Estimating row 368 out of 368 for hessian
size of file gradfil1.tmp = 0
size of file gradfil2.tmp = 0
size of file varssave.tmp = 0
size of file cmpdiff.tmp = 0
