
Initial statistics: 25 variables; iteration 0; function evaluation 0; phase 1
Function value 2.5822803e+05; maximum gradient component mag 7.3220e+06
Var    Value     Gradient |Var    Value     Gradient |Var    Value     Gradient
  1  0.15626  7.32200e+06 |  2 -0.41094  7.36938e+02 |  3 -0.81158 -3.65892e+03
  4 -0.81158  3.03108e+05 |  5 -0.81158  2.84728e+04 |  6 -0.81158  1.56450e+05
  7 -0.81158  7.09654e+04 |  8 -0.81158  1.32729e+05 |  9 -0.81158  4.95567e+05
 10 -0.81158  2.64302e+05 | 11 -0.81158  2.09146e+04 | 12 -0.81158  1.17965e+05
 13 -0.81158  5.33509e+03 | 14 -0.81158  2.16359e+04 | 15 -0.81158  3.69401e+04
 16 -0.81158  9.07307e+04 | 17 -0.81158  2.23245e+05 | 18 -0.81158  1.35524e+05
 19 -0.81158  1.39246e+05 | 20 -0.81158  1.58514e+05 | 21 -0.81158  4.04304e+05
 22 -0.81158  3.64238e+05 | 23 -0.81158  8.57737e+05 | 24 -0.81158 -4.47959e-06
 25 -0.81158 -4.47959e-06 |

Intermediate statistics: 25 variables; iteration 20; function evaluation 59; phase 1
Function value 1.9714002e+04; maximum gradient component mag -3.5230e+06
Var    Value     Gradient |Var    Value     Gradient |Var    Value     Gradient
  1 -0.01909 -3.52304e+06 |  2 -0.49759  1.12994e+04 |  3 -0.77567  3.07163e+03
  4 -0.53170  5.92181e+03 |  5 -0.77346  2.81119e+03 |  6 -0.64859  3.49201e+03
  7 -0.81754  1.75658e+03 |  8 -0.75138  2.17222e+03 |  9 -0.61185  3.34330e+03
 10 -0.75106  1.75925e+03 | 11 -0.78248  1.28548e+03 | 12 -0.79049  1.23116e+03
 13 -0.83247  9.38837e+02 | 14 -0.81487  8.55902e+02 | 15 -0.80136  7.31672e+02
 16 -0.81119  5.90121e+02 | 17 -0.81589  5.13875e+02 | 18 -0.88655  2.69193e+02
 19 -0.45599  4.79289e+02 | 20 -0.47607  4.63166e+02 | 21 -0.52193  4.13633e+02
 22 -0.49352  2.81346e+02 | 23 -0.04149  4.29725e+02 | 24 -0.81158 -4.47953e-06
 25 -0.81158 -4.47953e-06 |
25 variables; iteration 40; function evaluation 84; phase 1
Function value 1.9473379e+04; maximum gradient component mag 6.0060e+03
Var    Value     Gradient |Var    Value     Gradient |Var    Value     Gradient
  1 -0.01970  6.00599e+03 |  2 -0.68656  8.93780e-01 |  3 -0.73080 -1.71006e+01
  4 -0.60708  2.34135e+02 |  5 -0.98331  1.32639e+01 |  6 -0.57379  1.28177e+02
  7 -0.82912  5.21208e+01 |  8 -0.77836  1.00260e+02 |  9 -0.70858  3.63312e+02
 10 -0.73567  2.01864e+02 | 11 -0.83760  1.61009e+01 | 12 -0.81840  8.86474e+01
 13 -0.99079  7.27204e+00 | 14 -0.96800  1.75529e+01 | 15 -0.90652  2.52258e+01
 16 -0.81554  6.93767e+01 | 17 -0.76690  1.62298e+02 | 18 -0.86306  9.94809e+01
 19 -0.37713  1.06687e+02 | 20 -0.47394  1.19834e+02 | 21 -0.41465  2.99833e+02
 22 -0.38374  2.70487e+02 | 23 -0.07450  6.33639e+02 | 24 -0.81123 -4.47076e-06
 25 -0.81123 -4.47076e-06 |
Maximum number of function evaluations exceeded

 - final statistics:
25 variables; iteration 56; function evaluation 100
Function value 1.9468e+04; maximum gradient component mag 8.2912e+04
Exit code = 3;  converg criter 1.0000e+01
Var    Value     Gradient |Var    Value     Gradient |Var    Value     Gradient
  1 -0.01944  8.29117e+04 |  2 -0.69341 -1.66292e+02 |  3 -0.53197 -8.81545e+01
  4 -0.61622  1.20785e+02 |  5 -0.96182  2.03369e+01 |  6 -0.58894  2.79866e+01
  7 -0.84024  1.38951e+01 |  8 -0.79037  5.12786e+01 |  9 -0.70296  3.29125e+02
 10 -0.73675  1.60432e+02 | 11 -0.84589 -7.72862e+00 | 12 -0.81910  6.28423e+01
 13 -1.00150 -9.87920e-01 | 14 -0.98474  6.58249e+00 | 15 -0.91510  1.41434e+01
 16 -0.80218  6.01383e+01 | 17 -0.74953  1.63324e+02 | 18 -0.85536  9.71638e+01
 19 -0.37914  9.00000e+01 | 20 -0.47306  1.08168e+02 | 21 -0.41096  2.98116e+02
 22 -0.38437  2.68933e+02 | 23 -0.09248  6.48046e+02 | 24 -0.80936 -4.42404e-06
 25 -0.80936 -4.42404e-06 |

Initial statistics: 33 variables; iteration 0; function evaluation 0; phase 2
Function value 1.9467844e+04; maximum gradient component mag 8.2912e+04
Var    Value     Gradient |Var    Value     Gradient |Var    Value     Gradient
  1 -0.01944  8.29117e+04 |  2  0.00000  6.06696e-01 |  3  0.00000 -4.35132e+01
  4  0.00000  3.28757e+01 |  5  0.00000  6.95980e+01 |  6  0.00000 -1.11763e+02
  7  0.00000 -8.37915e+01 |  8  0.00000  2.34639e+02 |  9  0.00000  2.96956e+02
 10 -0.69341 -1.66292e+02 | 11 -0.53197 -8.81545e+01 | 12 -0.61622  1.20785e+02
 13 -0.96182  2.03369e+01 | 14 -0.58894  2.79866e+01 | 15 -0.84024  1.38951e+01
 16 -0.79037  5.12786e+01 | 17 -0.70296  3.29125e+02 | 18 -0.73675  1.60432e+02
 19 -0.84589 -7.72862e+00 | 20 -0.81910  6.28423e+01 | 21 -0.99850  9.87920e-01
 22 -0.98474  6.58249e+00 | 23 -0.91510  1.41434e+01 | 24 -0.80218  6.01383e+01
 25 -0.74953  1.63324e+02 | 26 -0.85536  9.71638e+01 | 27 -0.37914  9.00000e+01
 28 -0.47306  1.08168e+02 | 29 -0.41096  2.98116e+02 | 30 -0.38437  2.68933e+02
 31 -0.09248  6.48046e+02 | 32 -0.80936 -4.42404e-06 | 33 -0.80936 -4.42404e-06

Intermediate statistics: 33 variables; iteration 20; function evaluation 29; phase 2
Function value 1.9034247e+04; maximum gradient component mag -2.9033e+05
Var    Value     Gradient |Var    Value     Gradient |Var    Value     Gradient
  1 -0.01983 -2.90329e+05 |  2  0.06770 -2.78069e+02 |  3  0.06364 -4.12503e+02
  4 -0.10934 -1.54042e+02 |  5  0.02530 -3.98868e+02 |  6  0.03230 -6.54813e+02
  7  0.10160 -1.13763e+03 |  8 -0.04349 -5.11509e+02 |  9 -0.03566 -7.00885e+02
 10 -0.64072  6.19051e+02 | 11 -0.54953  5.43696e+02 | 12 -0.75500  3.54065e+02
 13 -0.97208  5.00037e+01 | 14 -0.53329  5.26127e+02 | 15 -0.97402  2.66828e+01
 16 -0.85703  1.51170e+02 | 17 -0.81549  2.52703e+02 | 18 -0.86289  1.38546e+02
 19 -0.57962  2.75091e+02 | 20 -0.84310  1.42189e+02 | 21 -0.99936  7.34390e-01
 22 -0.99267  6.18604e+00 | 23 -1.02349 -1.14048e+01 | 24 -0.87053  6.74311e+01
 25 -0.92830  4.96144e+01 | 26 -0.94076  4.43624e+01 | 27 -0.42177  8.90627e+01
 28 -0.56285  9.51778e+01 | 29 -0.71033  4.77631e+01 | 30 -0.66016  4.13381e+01
 31 -0.59346  1.00779e+02 | 32 -0.80935 -4.42398e-06 | 33 -0.80935 -4.42398e-06
33 variables; iteration 40; function evaluation 65; phase 2
Function value 1.8974944e+04; maximum gradient component mag 6.1152e+04
Var    Value     Gradient |Var    Value     Gradient |Var    Value     Gradient
  1 -0.02055  6.11523e+04 |  2  0.04551  1.94243e+01 |  3  0.18744  7.64488e+01
  4 -0.06151 -3.68771e+00 |  5 -0.04279  2.20008e+01 |  6  0.12496  1.70817e+02
  7  0.12614  3.13442e+02 |  8 -0.07142 -2.47580e+01 |  9 -0.00996  7.73066e+00
 10 -0.63872 -8.35085e+01 | 11 -0.54762 -1.08013e+02 | 12 -0.82866 -1.09982e+01
 13 -1.00994 -4.62267e+00 | 14 -0.65572 -5.28925e+01 | 15 -0.94296 -4.45599e+00
 16 -0.89624  2.79017e+00 | 17 -0.95267  8.82349e+00 | 18 -0.94123  7.27122e+00
 19 -0.69579 -3.46520e+01 | 20 -0.91217  1.61052e+01 | 21 -1.00420 -2.22957e+00
 22 -1.00510 -1.59957e+00 | 23 -0.94417  2.03713e+00 | 24 -1.01670 -1.85137e+00
 25 -0.97103  1.08443e+01 | 26 -0.99085  4.59577e+00 | 27 -0.42739  2.71718e+00
 28 -0.64509  3.91590e+00 | 29 -0.73346  3.38073e+00 | 30 -0.70653 -7.38140e+00
 31 -0.66801  4.11965e+00 | 32 -0.80931 -4.42286e-06 | 33 -0.80931 -4.42286e-06
33 variables; iteration 60; function evaluation 86; phase 2
Function value 1.8965628e+04; maximum gradient component mag -2.0714e+04
Var    Value     Gradient |Var    Value     Gradient |Var    Value     Gradient
  1 -0.02058 -2.07140e+04 |  2 -0.00463 -1.52792e+01 |  3  0.21950 -1.37927e+01
  4 -0.05395 -2.12507e+01 |  5 -0.06244 -1.83305e+01 |  6  0.13598 -4.04686e+01
  7  0.07190 -8.02082e+01 |  8 -0.01663 -4.66541e+01 |  9  0.01295 -3.63603e+01
 10 -0.63624  3.74821e+01 | 11 -0.53057  3.91350e+01 | 12 -0.87853  2.56319e+01
 13 -0.99738  1.94635e+00 | 14 -0.65107  2.55366e+01 | 15 -0.96568  4.34170e+00
 16 -0.95742  7.97478e+00 | 17 -0.98489  4.96293e+00 | 18 -0.97246  6.91032e+00
 19 -0.67338  5.49983e+00 | 20 -0.97362  7.52212e+00 | 21 -0.99991  5.01894e-02
 22 -0.99890  4.41672e-01 | 23 -1.00356 -3.71276e-01 | 24 -0.97163  4.82531e+00
 25 -0.99839  6.78132e-01 | 26 -0.99908  4.98948e-01 | 27 -0.43048  2.94886e+00
 28 -0.65856  3.12911e+00 | 29 -0.74710  9.97257e-01 | 30 -0.69816 -4.57304e-01
 31 -0.66950 -5.63383e-01 | 32 -0.80845 -4.40176e-06 | 33 -0.80845 -4.40176e-06
Maximum number of function evaluations exceeded

 - final statistics:
33 variables; iteration 75; function evaluation 100
Function value 1.8965e+04; maximum gradient component mag -1.0442e+04
Exit code = 3;  converg criter 1.0000e+01
Var    Value     Gradient |Var    Value     Gradient |Var    Value     Gradient
  1 -0.02058 -1.04424e+04 |  2  0.02789 -9.01148e+00 |  3  0.20291 -1.94043e+00
  4 -0.00208 -6.84856e+00 |  5 -0.09925 -2.25643e+01 |  6  0.13871 -1.18224e+01
  7  0.07342 -4.97329e+01 |  8 -0.01201 -2.50178e+01 |  9  0.00853 -2.89424e+01
 10 -0.63771  2.00628e+01 | 11 -0.53074  2.05210e+01 | 12 -0.89045  1.78807e+01
 13 -0.99804  1.38432e+00 | 14 -0.65009  1.71742e+01 | 15 -0.95986  4.16707e+00
 16 -0.95865  6.91148e+00 | 17 -0.97104  9.15368e+00 | 18 -0.97671  5.53955e+00
 19 -0.65728  6.94783e+00 | 20 -0.98817  3.29565e+00 | 21 -1.00066 -4.10190e-01
 22 -0.99914  3.40197e-01 | 23 -0.99085  9.11129e-01 | 24 -0.98998  1.64414e+00
 25 -0.99594  1.69670e+00 | 26 -0.99821  9.60102e-01 | 27 -0.43047  1.86258e+00
 28 -0.66263  1.10299e+00 | 29 -0.74587  9.10396e-01 | 30 -0.69622  6.09240e-01
 31 -0.67112 -2.33239e+00 | 32 -0.80783 -4.38669e-06 | 33 -0.80783 -4.38669e-06

Initial statistics: 99 variables; iteration 0; function evaluation 0; phase 3
Function value 1.8964830e+04; maximum gradient component mag -1.0442e+04
Var    Value     Gradient |Var    Value     Gradient |Var    Value     Gradient
  1 -0.02058 -1.04424e+04 |  2  0.02789 -9.01148e+00 |  3  0.20291 -1.94043e+00
  4 -0.00208 -6.84856e+00 |  5 -0.09925 -2.25643e+01 |  6  0.13871 -1.18224e+01
  7  0.07342 -4.97329e+01 |  8 -0.01201 -2.50178e+01 |  9  0.00853 -2.89424e+01
 10  0.00000  4.14112e+02 | 11  0.00000 -3.53518e+02 | 12  0.00000  7.26031e+02
 13  0.00000  9.09589e+02 | 14  0.00000  1.21519e+03 | 15  0.00000  1.10791e+03
 16  0.00000 -7.36547e+02 | 17  0.00000  6.49077e+02 | 18  0.00000  1.19368e+03
 19  0.00000  1.10817e+03 | 20  0.00000  1.02102e+03 | 21  0.00000  1.36272e+03
 22  0.00000  7.56102e+02 | 23  0.00000  1.43445e+03 | 24  0.00000  1.27418e+03
 25  0.00000  1.11822e+03 | 26  0.00000  1.12308e+03 | 27  0.00000  1.73735e+03
 28  0.00000  1.23980e+03 | 29  0.00000  1.11062e+03 | 30  0.00000  1.89848e+03
 31  0.00000  2.23223e+03 | 32  0.00000  1.43486e+03 | 33  0.00000  1.68939e+03
 34  0.00000  1.75355e+03 | 35  0.00000  1.92998e+03 | 36  0.00000  2.41708e+03
 37  0.00000  2.53421e+03 | 38  0.00000  2.43169e+03 | 39  0.00000  3.06221e+03
 40  0.00000  1.48240e+03 | 41  0.00000  2.41072e+03 | 42  0.00000  2.07625e+03
 43  0.00000  3.11646e+03 | 44  0.00000 -4.65880e+03 | 45  0.00000  1.27027e+03
 46  0.00000  8.27644e+02 | 47  0.00000  8.04572e+02 | 48  0.00000  2.20457e+03
 49  0.00000 -5.10002e+03 | 50  0.00000 -7.49769e+02 | 51  0.00000 -8.91869e+02
 52  0.00000 -1.20417e+03 | 53  0.00000  1.40168e+03 | 54  0.00000 -4.64895e+03
 55  0.00000 -2.96713e+03 | 56  0.00000  1.79789e+03 | 57  0.00000  1.41744e+03
 58  0.00000 -7.55420e+03 | 59  0.00000 -8.48414e+02 | 60  0.00000 -2.20812e+03
 61  0.00000 -6.81823e+01 | 62  0.00000 -3.78124e+03 | 63  0.00000 -6.17085e+03
 64  0.00000  1.21134e+03 | 65  0.00000 -8.80813e+02 | 66  0.00000 -3.83517e+03
 67  0.00000 -3.88129e+03 | 68  0.00000 -1.93520e+03 | 69  0.00000  2.35869e+02
 70  0.00000 -3.53367e+02 | 71  0.00000 -9.15240e+03 | 72  0.00000  1.38744e+03
 73  0.00000  1.04861e+03 | 74  0.00000 -3.61657e+02 | 75  0.00000 -1.23648e+03
 76 -0.63771  2.00628e+01 | 77 -0.53074  2.05210e+01 | 78 -0.89045  1.78807e+01
 79 -0.99804  1.38432e+00 | 80 -0.65009  1.71742e+01 | 81 -0.95986  4.16707e+00
 82 -0.95865  6.91148e+00 | 83 -0.97104  9.15368e+00 | 84 -0.97671  5.53955e+00
 85 -0.65728  6.94783e+00 | 86 -0.98817  3.29565e+00 | 87 -0.99934  4.10190e-01
 88 -0.99914  3.40197e-01 | 89 -0.99085  9.11129e-01 | 90 -0.98998  1.64414e+00
 91 -0.99594  1.69670e+00 | 92 -0.99821  9.60102e-01 | 93 -0.43047  1.86258e+00
 94 -0.66263  1.10299e+00 | 95 -0.74587  9.10396e-01 | 96 -0.69622  6.09240e-01
 97 -0.67112 -2.33239e+00 | 98 -0.80783 -4.38669e-06 | 99 -0.80783 -4.38669e-06

Intermediate statistics: 99 variables; iteration 20; function evaluation 40; phase 3
Function value 1.6584759e+04; maximum gradient component mag 8.7297e+05
Var    Value     Gradient |Var    Value     Gradient |Var    Value     Gradient
  1 -0.02181  8.72965e+05 |  2  0.05686  3.49683e+02 |  3  0.26331  2.04562e+03
  4  0.03256  5.11021e+02 |  5 -0.06536  2.87307e+02 |  6  0.19481  2.86404e+03
  7  0.13397  2.35750e+03 |  8  0.04630  1.56291e+03 |  9  0.06825  2.19276e+03
 10  0.02534 -6.88417e+03 | 11  0.12000 -4.49121e+03 | 12 -0.01513 -6.63976e+03
 13 -0.01149 -6.05570e+03 | 14 -0.02810 -5.80262e+03 | 15 -0.03413 -5.64340e+03
 16  0.11950  1.06961e+03 | 17  0.01255 -3.30861e+03 | 18 -0.01609 -3.28215e+03
 19 -0.00991 -2.14974e+03 | 20 -0.00108 -5.60389e+02 | 21 -0.02827 -1.17912e+03
 22  0.00016  1.16072e+03 | 23 -0.03950 -5.11852e+02 | 24 -0.02559  1.29579e+03
 25 -0.02479  2.32593e+03 | 26 -0.02416  3.36443e+03 | 27 -0.04463  2.94458e+03
 28 -0.02930  5.17091e+03 | 29 -0.03013  6.65148e+03 | 30 -0.04524  6.64270e+03
 31 -0.05159  6.27127e+03 | 32 -0.03313  8.78575e+03 | 33 -0.03265  9.10344e+03
 34 -0.02839  1.04430e+04 | 35 -0.02510  1.13574e+04 | 36 -0.02200  1.19681e+04
 37 -0.01002  1.19572e+04 | 38  0.00199  1.19592e+04 | 39  0.02122  1.39834e+04
 40  0.03491  1.31597e+04 | 41  0.02545  1.23902e+04 | 42  0.03641  1.57311e+04
 43  0.04178  1.84672e+04 | 44  0.01935  6.17041e+03 | 45  0.02962  1.28894e+04
 46 -0.00242  8.84547e+03 | 47  0.01040  8.09345e+03 | 48 -0.00984  4.14247e+03
 49  0.03860  4.21309e+02 | 50  0.02627  2.70224e+03 | 51  0.00068  1.48147e+02
 52 -0.00078 -1.87030e+03 | 53 -0.01654 -1.01815e+03 | 54  0.03629 -1.92043e+03
 55 -0.03439 -5.42248e+03 | 56 -0.01806 -3.43372e+03 | 57 -0.07670 -6.43907e+03
 58  0.06522 -6.40566e+03 | 59 -0.03651 -7.98309e+03 | 60  0.04042 -6.92894e+03
 61 -0.03830 -8.88379e+03 | 62  0.01269 -9.57665e+03 | 63  0.06567 -7.95039e+03
 64 -0.06915 -9.16423e+03 | 65 -0.00963 -9.74075e+03 | 66  0.02685 -9.00301e+03
 67  0.03424 -9.81857e+03 | 68 -0.02824 -1.02431e+04 | 69  0.01019 -8.92975e+03
 70 -0.01130 -9.69083e+03 | 71  0.11414 -1.10059e+04 | 72 -0.03938 -8.73661e+03
 73  0.00114 -8.95252e+03 | 74 -0.01296 -9.59017e+03 | 75  0.05869 -9.79001e+03
 76 -0.69978 -1.49548e+03 | 77 -0.36129 -1.35107e+03 | 78 -0.82076 -4.57091e+02
 79 -0.99715 -6.68845e+00 | 80 -0.52876 -5.94393e+02 | 81 -0.94065 -8.74016e+01
 82 -0.93589 -6.85233e+01 | 83 -0.94668 -7.21883e+01 | 84 -0.96060 -4.06680e+01
 85 -0.49125 -1.84510e+02 | 86 -0.97877 -1.53772e+01 | 87 -0.99887 -7.33095e-01
 88 -0.99862 -6.47437e-01 | 89 -0.98521 -5.37475e+00 | 90 -0.98328 -7.34446e+00
 91 -0.99293 -2.84220e+00 | 92 -0.99701 -9.39946e-01 | 93 -0.44082  4.62269e+01
 94 -0.51368 -3.56570e+01 | 95 -0.59043 -3.99608e+01 | 96 -0.62102 -6.96439e+00
 97 -0.85977 -1.18583e+02 | 98 -0.80783 -4.38669e-06 | 99 -0.80783 -4.38669e-06
99 variables; iteration 40; function evaluation 64; phase 3
Function value 1.6486918e+04; maximum gradient component mag 9.2968e+03
Var    Value     Gradient |Var    Value     Gradient |Var    Value     Gradient
  1 -0.02004  9.29679e+03 |  2  0.04516  1.20226e+01 |  3  0.25052  1.25593e+02
  4 -0.03491  4.86993e+00 |  5 -0.06986  5.38171e+00 |  6  0.17488  2.37609e+02
  7  0.11054  1.60403e+02 |  8 -0.00894  4.47649e+01 |  9  0.04568  1.56688e+02
 10 -0.00130  3.36674e+02 | 11  0.09609 -9.40164e+01 | 12 -0.04457  5.22230e+02
 13 -0.00766  7.33909e+02 | 14 -0.02423  9.10765e+02 | 15 -0.03129  8.77295e+02
 16  0.12701  2.72314e+02 | 17 -0.00089  7.02306e+02 | 18 -0.01107  1.02338e+03
 19 -0.00185  1.04210e+03 | 20  0.01205  1.09510e+03 | 21 -0.01311  1.22291e+03
 22  0.01482  9.58521e+02 | 23 -0.02085  1.28711e+03 | 24 -0.00692  1.30195e+03
 25 -0.01132  1.18891e+03 | 26 -0.01449  1.20554e+03 | 27 -0.03315  1.61626e+03
 28 -0.02327  1.31830e+03 | 29 -0.02527  1.26396e+03 | 30 -0.04693  1.76306e+03
 31 -0.05764  1.94481e+03 | 32 -0.03458  1.51735e+03 | 33 -0.04078  1.65501e+03
 34 -0.04324  1.64537e+03 | 35 -0.04729  1.70282e+03 | 36 -0.04727  2.12029e+03
 37 -0.03884  2.10935e+03 | 38 -0.02126  2.01955e+03 | 39  0.00259  2.88375e+03
 40  0.03007  1.45569e+03 | 41  0.03094  1.97184e+03 | 42  0.03689  2.83419e+03
 43  0.04588  4.57141e+03 | 44  0.02160 -4.27008e+03 | 45  0.04924  2.52754e+03
 46  0.00724  1.25627e+03 | 47  0.02456  1.49302e+03 | 48 -0.02421  1.47313e+03
 49  0.04311 -4.08636e+03 | 50  0.02488 -2.78275e+02 | 51 -0.00593 -9.41622e+02
 52 -0.01238 -2.25776e+03 | 53 -0.03015 -7.15093e+02 | 54  0.03935 -4.42249e+03
 55 -0.02977 -3.66315e+03 | 56 -0.02110 -8.84032e+02 | 57 -0.07271 -1.44017e+03
 58  0.07221 -5.39207e+03 | 59 -0.05352 -2.25058e+03 | 60  0.03709 -2.09464e+03
 61 -0.04946 -2.75503e+03 | 62  0.00824 -4.05062e+03 | 63  0.06430 -2.69086e+03
 64 -0.04387 -8.67735e+02 | 65 -0.01010 -2.33551e+03 | 66  0.02653 -1.84700e+03
 67  0.03411 -1.97110e+03 | 68 -0.00861 -1.54670e+03 | 69  0.00799 -6.38927e+02
 70 -0.00223 -6.36798e+02 | 71  0.10344 -3.43265e+03 | 72 -0.04593  1.38493e+02
 73  0.00912  2.57073e+02 | 74  0.00258 -1.80777e+02 | 75  0.08429 -4.79559e+02
 76 -0.59569 -2.17278e+01 | 77 -0.32938  3.66386e+02 | 78 -0.65377  2.35625e+02
 79 -0.99581  3.54691e+00 | 80 -0.57905  2.69029e+02 | 81 -0.85849  6.03373e+01
 82 -0.83181  7.31759e+01 | 83 -0.84537  7.90819e+01 | 84 -0.88409  3.98638e+01
 85 -0.34542  3.45836e+02 | 86 -0.93616  2.13876e+01 | 87 -0.99663  1.01694e+00
 88 -0.99697  1.00506e+00 | 89 -0.95650  8.15569e+00 | 90 -0.93331  4.70862e+00
 91 -0.96918  5.21250e-01 | 92 -0.98895  7.63673e-01 | 93 -0.48410  5.86197e+01
 94 -0.33367  1.55895e+02 | 95 -0.50900  8.36044e+01 | 96 -0.62230  7.30045e+00
 97 -1.29131  9.44233e+00 | 98 -0.80783 -4.38669e-06 | 99 -0.80783 -4.38669e-06
99 variables; iteration 60; function evaluation 86; phase 3
Function value 1.6246348e+04; maximum gradient component mag 5.7547e+05
Var    Value     Gradient |Var    Value     Gradient |Var    Value     Gradient
  1 -0.01842  5.75474e+05 |  2  0.03594  1.88396e+02 |  3  0.27802  1.52160e+03
  4 -0.07967  1.25515e+02 |  5  0.00950  4.01767e+02 |  6  0.17836  1.90612e+03
  7  0.10945  1.43924e+03 |  8 -0.03806  5.23965e+02 |  9  0.04065  1.30775e+03
 10 -0.00604 -4.69109e+03 | 11  0.10871 -3.07977e+03 | 12 -0.05554 -4.57690e+03
 13 -0.00570 -3.60919e+03 | 14 -0.02686 -3.48779e+03 | 15 -0.01312 -3.05783e+03
 16  0.12596  1.07415e+03 | 17 -0.00250 -2.47671e+03 | 18 -0.01440 -1.90440e+03
 19 -0.00408 -1.00768e+03 | 20  0.00174 -1.40148e+02 | 21 -0.01746 -1.72754e+02
 22  0.00768  1.13096e+03 | 23 -0.03484 -1.13463e+01 | 24 -0.00805  2.04415e+03
 25 -0.02051  1.94411e+03 | 26 -0.02578  2.32489e+03 | 27 -0.02985  3.44639e+03
 28 -0.02471  4.38266e+03 | 29 -0.03377  4.83931e+03 | 30 -0.05851  4.38292e+03
 31 -0.06279  4.57029e+03 | 32 -0.03302  7.44187e+03 | 33 -0.04298  6.82399e+03
 34 -0.03918  7.90321e+03 | 35 -0.04350  8.12868e+03 | 36 -0.04131  8.81067e+03
 37 -0.03969  8.04370e+03 | 38 -0.01712  9.09696e+03 | 39 -0.00015  9.75580e+03
 40  0.02803  9.74170e+03 | 41  0.03371  1.08344e+04 | 42  0.02683  1.05192e+04
 43  0.03403  1.25373e+04 | 44  0.02141  2.58037e+03 | 45  0.04223  9.73441e+03
 46 -0.00088  5.52335e+03 | 47  0.01686  5.36433e+03 | 48 -0.02619  1.52860e+03
 49  0.04928 -9.52155e+02 | 50  0.02628  1.17472e+03 | 51 -0.00599 -1.08553e+03
 52 -0.01300 -2.91276e+03 | 53 -0.03191 -1.96999e+03 | 54  0.03589 -2.92818e+03
 55 -0.03465 -4.76025e+03 | 56 -0.02036 -3.04435e+03 | 57 -0.08804 -5.37848e+03
 58  0.07899 -5.27166e+03 | 59 -0.04319 -6.33622e+03 | 60  0.05212 -5.37761e+03
 61 -0.03442 -6.45758e+03 | 62  0.01929 -7.28844e+03 | 63  0.06109 -6.42102e+03
 64 -0.05130 -6.22496e+03 | 65  0.00439 -6.67714e+03 | 66  0.02020 -7.22568e+03
 67  0.04009 -6.84132e+03 | 68 -0.02423 -6.99226e+03 | 69  0.02202 -5.86511e+03
 70 -0.00046 -6.62610e+03 | 71  0.13384 -6.96202e+03 | 72 -0.07437 -6.14146e+03
 73  0.01788 -5.77601e+03 | 74  0.00753 -6.02655e+03 | 75  0.13864 -5.51799e+03
 76 -0.60827 -1.05110e+03 | 77 -0.32748 -6.58100e+02 | 78 -0.61746 -3.61218e+02
 79 -0.99539 -5.12857e+00 | 80 -0.59244 -2.17791e+02 | 81 -0.95593 -3.32763e+01
 82 -0.90362 -5.00237e+01 | 83 -0.79912 -8.05392e+01 | 84 -0.95002 -2.62712e+01
 85 -0.24715  6.42169e+01 | 86 -0.89178 -3.23059e+01 | 87 -0.99282 -1.76066e+00
 88 -0.99441 -1.24042e+00 | 89 -0.79381 -2.14622e+01 | 90 -0.72983 -2.33163e+01
 91 -0.65732  2.46580e+01 | 92 -0.82139 -2.73859e+01 | 93 -0.53111  1.21390e+01
 94 -0.16439  2.78990e+02 | 95 -0.38150  1.84509e+02 | 96 -0.59347 -8.61573e-01
 97 -1.38450 -2.15590e+02 | 98 -0.80783 -4.38666e-06 | 99 -0.80783 -4.38666e-06
Maximum number of function evaluations exceeded

 - final statistics:
99 variables; iteration 73; function evaluation 100
Function value 1.6206e+04; maximum gradient component mag 7.2633e+05
Exit code = 3;  converg criter 1.0000e+00
Var    Value     Gradient |Var    Value     Gradient |Var    Value     Gradient
  1 -0.01801  7.26331e+05 |  2  0.07668  2.96133e+02 |  3  0.28055  1.76442e+03
  4 -0.02464  2.53205e+02 |  5 -0.03930  3.09864e+02 |  6  0.18347  2.39005e+03
  7  0.10353  1.73128e+03 |  8 -0.00727  9.43041e+02 |  9  0.03613  1.62330e+03
 10 -0.00828 -6.04228e+03 | 11  0.09968 -4.12685e+03 | 12 -0.05816 -5.94882e+03
 13 -0.01470 -4.91898e+03 | 14 -0.02539 -4.60039e+03 | 15 -0.01425 -4.14575e+03
 16  0.12911  1.60215e+03 | 17 -0.00863 -3.52619e+03 | 18 -0.01882 -2.84990e+03
 19  0.00133 -1.26617e+03 | 20  0.00327 -3.41810e+02 | 21 -0.01672 -4.92266e+02
 22  0.00608  1.13024e+03 | 23 -0.03902 -5.22479e+02 | 24 -0.01641  1.64064e+03
 25 -0.01787  2.40168e+03 | 26 -0.02282  2.90864e+03 | 27 -0.02608  4.22384e+03
 28 -0.02219  5.43332e+03 | 29 -0.03124  6.13616e+03 | 30 -0.05401  5.65772e+03
 31 -0.06714  4.99154e+03 | 32 -0.03351  9.24653e+03 | 33 -0.04636  8.18664e+03
 34 -0.04219  9.66181e+03 | 35 -0.04963  9.62027e+03 | 36 -0.04775  1.04009e+04
 37 -0.04801  9.29547e+03 | 38 -0.02248  1.09347e+04 | 39 -0.00412  1.15687e+04
 40  0.02809  1.21727e+04 | 41  0.03467  1.32878e+04 | 42  0.02868  1.28422e+04
 43  0.03424  1.47057e+04 | 44  0.02235  4.43604e+03 | 45  0.04172  1.16409e+04
 46 -0.00378  6.49758e+03 | 47  0.01323  6.17782e+03 | 48 -0.03320  1.07549e+03
 49  0.04829 -2.79543e+02 | 50  0.02674  1.37932e+03 | 51 -0.00409 -1.31723e+03
 52 -0.00436 -2.89104e+03 | 53 -0.02883 -2.23929e+03 | 54  0.03474 -2.43867e+03
 55 -0.04621 -5.57953e+03 | 56 -0.02919 -4.26331e+03 | 57 -0.08062 -6.12073e+03
 58  0.08001 -5.55432e+03 | 59 -0.02949 -7.23613e+03 | 60  0.05347 -6.49690e+03
 61 -0.03326 -7.68010e+03 | 62  0.02459 -7.95203e+03 | 63  0.06081 -7.35180e+03
 64 -0.05401 -7.75610e+03 | 65  0.00277 -7.85212e+03 | 66  0.01514 -8.58464e+03
 67  0.03511 -8.26491e+03 | 68 -0.02456 -8.36507e+03 | 69  0.02212 -7.42529e+03
 70  0.00542 -7.88476e+03 | 71  0.13759 -7.90032e+03 | 72 -0.08137 -7.73890e+03
 73  0.01126 -7.46462e+03 | 74 -0.00292 -7.86358e+03 | 75  0.15948 -6.54563e+03
 76 -0.56561 -1.32703e+03 | 77 -0.24899 -9.11878e+02 | 78 -0.69726 -4.76328e+02
 79 -0.99194 -1.26199e+01 | 80 -0.58424 -3.14406e+02 | 81 -0.95716 -3.98065e+01
 82 -0.83187 -1.09946e+02 | 83 -0.75553 -1.12409e+02 | 84 -0.92893 -4.67687e+01
 85 -0.18929  2.56550e+01 | 86 -0.88113 -5.14034e+01 | 87 -0.99370 -2.45302e+00
 88 -0.99390 -2.25585e+00 | 89 -0.80887 -4.41857e+01 | 90 -0.81554 -4.67162e+01
 91 -0.74862 -3.97441e+01 | 92 -0.77329 -4.51590e+01 | 93 -0.55240 -1.08056e+01
 94 -0.16971  2.39746e+02 | 95 -0.41525  1.03300e+02 | 96 -0.60645 -6.41656e+01
 97 -1.41835 -3.41204e+02 | 98 -0.80783 -4.38665e-06 | 99 -0.80783 -4.38665e-06

Initial statistics: 117 variables; iteration 0; function evaluation 0; phase 4
Function value 1.6205296e+04; maximum gradient component mag 7.2633e+05
Var    Value     Gradient |Var    Value     Gradient |Var    Value     Gradient
  1 -0.01801  7.26331e+05 |  2  0.07668  2.96133e+02 |  3  0.28055  1.76442e+03
  4 -0.02464  2.53205e+02 |  5 -0.03930  3.09864e+02 |  6  0.18347  2.39005e+03
  7  0.10353  1.73128e+03 |  8 -0.00727  9.43041e+02 |  9  0.03613  1.62330e+03
 10 -0.00745 -6.02677e+03 | 11  0.10052 -4.11057e+03 | 12 -0.05733 -5.93399e+03
 13 -0.01386 -4.90352e+03 | 14 -0.02455 -4.58503e+03 | 15 -0.01342 -4.13026e+03
 16  0.12996  1.61700e+03 | 17 -0.00779 -3.51064e+03 | 18 -0.01799 -2.83441e+03
 19  0.00216 -1.25056e+03 | 20  0.00410 -3.26197e+02 | 21 -0.01589 -4.76677e+02
 22  0.00692  1.14584e+03 | 23 -0.03819 -5.06938e+02 | 24 -0.01558  1.65630e+03
 25 -0.01704  2.41737e+03 | 26 -0.02199  2.92438e+03 | 27 -0.02525  4.23966e+03
 28 -0.02135  5.44917e+03 | 29 -0.03041  6.15215e+03 | 30 -0.05318  5.67391e+03
 31 -0.06630  5.00776e+03 | 32 -0.03268  9.26275e+03 | 33 -0.04553  8.20299e+03
 34 -0.04136  9.67822e+03 | 35 -0.04880  9.63682e+03 | 36 -0.04692  1.04175e+04
 37 -0.04717  9.31195e+03 | 38 -0.02164  1.09508e+04 | 39 -0.00329  1.15844e+04
 40  0.02893  1.21876e+04 | 41  0.03551  1.33024e+04 | 42  0.02952  1.28570e+04
 43  0.03508  1.47203e+04 | 44  0.02318  4.45144e+03 | 45  0.04255  1.16555e+04
 46 -0.00295  6.51324e+03 | 47  0.01407  6.19325e+03 | 48 -0.03236  1.09116e+03
 49  0.04913 -2.63950e+02 | 50  0.02758  1.39484e+03 | 51 -0.00325 -1.30163e+03
 52 -0.00352 -2.87545e+03 | 53 -0.02800 -2.22382e+03 | 54  0.03558 -2.42291e+03
 55 -0.04538 -5.56449e+03 | 56 -0.02836 -4.24797e+03 | 57 -0.07978 -6.10627e+03
 58  0.08085 -5.53791e+03 | 59 -0.02865 -7.22097e+03 | 60  0.05431 -6.48062e+03
 61 -0.03242 -7.66503e+03 | 62  0.02543 -7.93602e+03 | 63  0.06165 -7.33533e+03
 64 -0.05317 -7.74141e+03 | 65  0.00361 -7.83646e+03 | 66  0.01598 -8.56876e+03
 67  0.03595 -8.24872e+03 | 68 -0.02373 -8.34989e+03 | 69  0.02295 -7.40934e+03
 70  0.00626 -7.86905e+03 | 71  0.13844 -7.88274e+03 | 72 -0.08053 -7.72472e+03
 73  0.01209 -7.44883e+03 | 74 -0.00209 -7.84801e+03 | 75  0.16034 -6.52823e+03
 76 -0.56561 -1.32703e+03 | 77 -0.24899 -9.11878e+02 | 78 -0.69726 -4.76328e+02
 79 -0.99194 -1.26199e+01 | 80 -0.58424 -3.14406e+02 | 81 -0.95716 -3.98065e+01
 82 -0.83187 -1.09946e+02 | 83 -0.75553 -1.12409e+02 | 84 -0.92893 -4.67687e+01
 85 -0.18929  2.56550e+01 | 86 -0.88113 -5.14034e+01 | 87 -0.99370 -2.45302e+00
 88 -0.99390 -2.25585e+00 | 89 -0.80887 -4.41857e+01 | 90 -0.81554 -4.67162e+01
 91 -0.74862 -3.97441e+01 | 92 -0.77329 -4.51590e+01 | 93 -0.55240 -1.08056e+01
 94 -0.16971  2.39746e+02 | 95 -0.41525  1.03300e+02 | 96 -0.60645 -6.41656e+01
 97 -0.58165  3.41204e+02 | 98 -0.80783 -4.38665e-06 | 99 -0.80783 -4.38665e-06
100  0.24186 -4.05980e+04 |101  0.18288 -5.53609e+04 |102  0.16086 -2.43217e+04
103  0.02547 -8.71200e+04 |104 -0.18256 -1.64133e+04 |105 -0.12819 -6.43843e+03
106 -0.18256 -4.65340e+03 |107  0.02547  1.99872e+05 |108  0.19397  9.25133e+04
109  0.04247  1.07700e+05 |110  0.17736  4.35096e+04 |111  0.16635  2.03161e+04
112  0.02547 -2.07890e+04 |113 -0.12819 -5.93351e+03 |114 -0.26198  1.09696e+03
115 -0.15617  3.39245e+03 |116 -0.17499  4.02521e+03 |117 -0.18446  4.04843e+03

Intermediate statistics: 117 variables; iteration 20; function evaluation 31; phase 4
Function value 5.3448449e+03; maximum gradient component mag 1.7008e+05
Var    Value     Gradient |Var    Value     Gradient |Var    Value     Gradient
  1 -0.01594  1.70082e+05 |  2  0.07268  2.97342e+01 |  3  0.24785  1.72557e+02
  4 -0.02511  1.82593e+01 |  5 -0.04142  2.50316e+01 |  6  0.15068  1.95570e+02
  7  0.08215  1.23663e+02 |  8  0.00177  5.04864e+01 |  9  0.05209  1.00445e+02
 10  0.02376 -1.76282e+03 | 11  0.20246 -1.33474e+03 | 12 -0.07622 -1.71992e+03
 13 -0.04273 -1.70417e+03 | 14 -0.09956 -1.63901e+03 | 15 -0.09506 -1.60629e+03
 16  0.22101 -9.90747e+02 | 17  0.00885 -1.58470e+03 | 18 -0.04363 -1.56504e+03
 19  0.00450 -1.46269e+03 | 20  0.04593 -1.30910e+03 | 21 -0.01776 -1.40486e+03
 22  0.09289 -9.98837e+02 | 23 -0.01922 -1.34678e+03 | 24  0.04120 -1.06631e+03
 25  0.06092 -8.54756e+02 | 26  0.06637 -7.01077e+02 | 27 -0.00166 -8.69993e+02
 28  0.06038 -4.31886e+02 | 29  0.06417 -2.10122e+02 | 30 -0.00948 -5.10520e+02
 31 -0.05653 -6.82532e+02 | 32  0.03913  1.56464e+02 | 33  0.01113  2.57059e+01
 34  0.00995  2.45373e+02 | 35 -0.00622  3.39150e+02 | 36 -0.03856  2.28637e+02
 37 -0.05056  2.54149e+02 | 38 -0.01977  8.99439e+02 | 39 -0.05262  7.68165e+02
 40  0.04529  2.42972e+03 | 41 -0.03144  1.25257e+03 | 42 -0.00661  1.99055e+03
 43 -0.06343  1.94305e+03 | 44  0.07084  3.92715e+03 | 45 -0.05070  2.30397e+03
 46 -0.06917  1.94961e+03 | 47 -0.04572  2.49284e+03 | 48 -0.09756  4.69981e+02
 49  0.09055  3.56721e+03 | 50  0.03180  2.51757e+03 | 51  0.00391  1.17343e+03
 52  0.00009  9.50904e+02 | 53 -0.04200  3.91474e+02 | 54  0.05347  1.82853e+03
 55 -0.02996  3.90527e+02 | 56 -0.05079  1.20743e+02 | 57 -0.09419 -8.34279e+02
 58  0.06710  7.29847e+02 | 59 -0.05078 -6.20283e+02 | 60  0.02921  5.37739e+01
 61 -0.03375 -1.09084e+03 | 62  0.03188 -2.69067e+02 | 63  0.06535  8.10064e+02
 64 -0.06379 -1.10558e+03 | 65 -0.01685 -5.20662e+02 | 66  0.00720 -3.28410e+02
 67  0.00482  6.04789e+02 | 68 -0.04440 -8.98029e+01 | 69  0.00914  4.34701e+02
 70 -0.00203 -4.94158e+02 | 71  0.14678  1.64424e+03 | 72 -0.09059 -1.34180e+03
 73 -0.04629 -1.45477e+03 | 74 -0.06187 -1.46378e+03 | 75  0.01652 -1.48339e+03
 76 -0.56918 -3.53462e+01 | 77 -0.20294 -2.56126e+02 | 78 -0.65853 -2.61410e+02
 79 -0.99067 -1.11903e+01 | 80 -0.56393 -2.26078e+02 | 81 -0.95595 -3.67527e+01
 82 -0.82161 -1.38014e+02 | 83 -0.73742 -8.25991e+01 | 84 -0.92468 -7.41190e+01
 85 -0.28103  1.84807e+01 | 86 -0.88689 -8.44771e+01 | 87 -0.99417 -4.78069e+00
 88 -0.99502 -3.94789e+00 | 89 -0.84772 -9.72469e+01 | 90 -0.85368 -1.12090e+02
 91 -0.78493 -1.71773e+02 | 92 -0.82500 -1.73247e+02 | 93 -0.60627 -7.99024e+01
 94 -0.19309  7.25702e+02 | 95 -0.51104  4.44452e+02 | 96 -0.58839  2.63394e+02
 97 -0.47888  1.06628e+03 | 98 -0.80783 -4.38665e-06 | 99 -0.80783 -4.38665e-06
100  0.28645 -5.06010e+03 |101  0.22991 -3.43556e+03 |102  0.15848 -3.90638e+02
103  0.06540 -1.41925e+04 |104 -0.16544 -1.79654e+03 |105 -0.16944  6.94333e+02
106 -0.14686  2.12861e+02 |107 -0.00024 -1.21459e+03 |108  0.16758 -1.39934e+03
109 -0.00876  1.74728e+03 |110  0.17648  1.69035e+03 |111  0.08824  8.71550e+02
112  0.06262 -4.61444e+03 |113 -0.06189 -2.96127e+03 |114 -0.31913 -3.37609e+03
115 -0.23868 -3.51041e+03 |116 -0.08214 -4.20376e+03 |117 -0.31854  1.88986e+02
117 variables; iteration 40; function evaluation 53; phase 4
Function value 5.1224728e+03; maximum gradient component mag -3.5734e+04
Var    Value     Gradient |Var    Value     Gradient |Var    Value     Gradient
  1 -0.02203 -3.57337e+04 |  2  0.06271  3.44290e+01 |  3  0.24144  1.94950e+02
  4 -0.00451  3.46435e+01 |  5 -0.03573  3.61736e+01 |  6  0.16692  2.65411e+02
  7  0.09378  1.23077e+02 |  8  0.01281  3.11020e+01 |  9  0.03554 -1.60737e+01
 10  0.01130  4.28044e+02 | 11  0.17468  3.60723e+02 | 12 -0.12561  4.58546e+02
 13 -0.02843  5.82339e+02 | 14 -0.13743  5.25664e+02 | 15 -0.15161  5.21217e+02
 16  0.20420  4.64297e+02 | 17  0.01735  6.04224e+02 | 18 -0.01796  7.13187e+02
 19  0.00253  6.56314e+02 | 20  0.01865  5.50911e+02 | 21 -0.00970  7.16307e+02
 22  0.05857  4.47537e+02 | 23 -0.02273  6.47672e+02 | 24  0.02039  5.72972e+02
 25  0.04164  5.14356e+02 | 26  0.05118  4.94396e+02 | 27  0.00425  7.57265e+02
 28  0.05398  4.42524e+02 | 29  0.05583  2.53331e+02 | 30  0.00073  6.34500e+02
 31 -0.04442  7.22728e+02 | 32  0.04647  1.46903e+02 | 33  0.01913  2.25107e+02
 34  0.02147  1.10985e+02 | 35 -0.00102  4.15336e+01 | 36 -0.01364  3.01187e+02
 37 -0.05047  1.74480e+02 | 38  0.04017 -7.89856e+01 | 39 -0.02241  3.32486e+02
 40  0.05952 -1.32345e+03 | 41  0.00443 -9.02315e+01 | 42  0.01496 -4.13976e+02
 43 -0.04053  9.82218e+02 | 44  0.07172 -4.84650e+03 | 45 -0.03290  3.46882e+02
 46 -0.05732  7.94282e+01 | 47 -0.03131  2.22187e+02 | 48 -0.08769  3.60977e+02
 49  0.08272 -2.29137e+03 | 50  0.02424  3.02545e+02 | 51  0.00395  4.12044e+01
 52  0.00016 -6.73353e+02 | 53 -0.03284  3.32473e+02 | 54  0.06597 -1.45014e+03
 55 -0.02459 -1.34413e+03 | 56 -0.04714  8.76637e+01 | 57 -0.07901 -1.96948e+02
 58  0.06906 -2.26754e+03 | 59 -0.04375 -5.29405e+01 | 60  0.02407 -9.20498e+01
 61 -0.02198 -1.29193e+02 | 62  0.02302 -1.52383e+03 | 63  0.06837 -1.12990e+03
 64 -0.07477  6.98858e+01 | 65 -0.01883 -1.45583e+02 | 66  0.00597 -9.86282e+02
 67 -0.00906 -1.44500e+02 | 68 -0.05039  6.39263e+02 | 69 -0.01870 -1.76316e+02
 70 -0.02541 -1.84002e+02 | 71  0.14080  8.00998e+02 | 72 -0.09989  1.83065e+02
 73 -0.06619 -1.65865e+02 | 74 -0.04566  7.43068e+02 | 75  0.02938  9.73312e+02
 76 -0.65038 -1.75010e+02 | 77 -0.01222  2.47562e+02 | 78 -0.56142  1.63157e+02
 79 -0.97652  6.86597e+00 | 80 -0.36655  1.39052e+02 | 81 -0.94627  6.57781e+00
 82 -0.71568  6.49240e+01 | 83 -0.67836  1.74321e+02 | 84 -0.84912 -1.32252e+01
 85 -0.61200  5.13656e+01 | 86 -0.90535  1.74031e+00 | 87 -0.99837  2.68738e-01
 88 -1.01063 -7.16802e-01 | 89 -1.31805 -3.03049e+01 | 90 -1.27232 -6.67580e+01
 91 -1.22052 -1.54055e+00 | 92 -1.60450 -1.37600e+02 | 93 -0.80644 -1.79273e+01
 94 -0.35860  1.55933e+02 | 95 -0.48187  1.85969e+02 | 96 -0.61204  9.33244e+01
 97 -0.44937  2.61162e+02 | 98 -0.80783 -4.38665e-06 | 99 -0.80783 -4.38665e-06
100  0.28693 -3.22294e+03 |101  0.21962 -2.90823e+03 |102  0.16695 -8.83533e+02
103  0.06421 -1.39936e+04 |104 -0.17179 -4.21406e+02 |105 -0.14783  3.74510e+03
106 -0.17014  1.04460e+03 |107 -0.00230 -4.27726e+03 |108  0.17401  1.29305e+03
109 -0.01994  1.76818e+03 |110  0.18693  2.85208e+03 |111  0.08115  1.03666e+03
112  0.06767 -3.09092e+03 |113 -0.05413 -7.63447e+02 |114 -0.28441  2.22597e+00
115 -0.56157 -2.22271e+03 |116  0.20162 -3.17926e+03 |117 -0.30513  7.79646e+02
117 variables; iteration 60; function evaluation 73; phase 4
Function value 5.0832379e+03; maximum gradient component mag -5.8620e+04
Var    Value     Gradient |Var    Value     Gradient |Var    Value     Gradient
  1 -0.02123 -5.86199e+04 |  2  0.05581  3.10865e+01 |  3  0.24812  2.06554e+02
  4 -0.00403  3.49382e+01 |  5 -0.03920  3.07580e+01 |  6  0.15824  2.19135e+02
  7  0.09428  1.07578e+02 |  8  0.00448  9.52315e+00 |  9  0.03290 -3.32064e+01
 10  0.00975  6.75638e+02 | 11  0.17864  6.25461e+02 | 12 -0.11407  7.21482e+02
 13 -0.02579  8.39741e+02 | 14 -0.10647  8.32220e+02 | 15 -0.13336  7.96510e+02
 16  0.20436  6.52559e+02 | 17  0.01326  8.35533e+02 | 18 -0.01677  9.60355e+02
 19 -0.00116  8.74329e+02 | 20  0.01783  7.67777e+02 | 21 -0.01600  9.23481e+02
 22  0.06962  7.35086e+02 | 23 -0.02741  8.62080e+02 | 24  0.01453  7.55320e+02
 25  0.03849  6.96521e+02 | 26  0.04679  6.60304e+02 | 27  0.00058  9.46400e+02
 28  0.05140  5.94926e+02 | 29  0.05740  4.01599e+02 | 30 -0.00201  7.94021e+02
 31 -0.06497  8.61387e+02 | 32  0.05071  2.46078e+02 | 33  0.00663  3.08508e+02
 34  0.02170  1.89766e+02 | 35  0.00759  1.25416e+02 | 36 -0.02374  3.66203e+02
 37 -0.06266  2.72196e+02 | 38  0.05221 -1.64450e+02 | 39 -0.01691  3.78459e+02
 40  0.06701 -1.47633e+03 | 41  0.00010 -1.40796e+02 | 42  0.02554 -4.18050e+02
 43 -0.04843  8.29045e+02 | 44  0.06536 -5.53397e+03 | 45 -0.03795  1.58839e+02
 46 -0.06322 -1.12972e+02 | 47 -0.03595 -8.42034e+01 | 48 -0.08413  4.09136e+02
 49  0.08241 -2.83577e+03 | 50  0.02470  2.61819e+01 | 51  0.00623 -9.73984e+01
 52 -0.00195 -8.69550e+02 | 53 -0.03620  1.93582e+02 | 54  0.05787 -2.35318e+03
 55 -0.02874 -1.64432e+03 | 56 -0.05553 -7.31605e+01 | 57 -0.08220 -2.95062e+02
 58  0.06699 -3.00169e+03 | 59 -0.04313 -7.48796e+01 | 60  0.02780 -2.48746e+02
 61 -0.02187 -3.13617e+02 | 62  0.02349 -1.69748e+03 | 63  0.06459 -1.76687e+03
 64 -0.07388  1.58189e+02 | 65 -0.01477 -8.90161e+01 | 66  0.00599 -1.27437e+03
 67 -0.00688 -7.46746e+01 | 68 -0.04846  7.35913e+02 | 69 -0.02157 -3.40756e+02
 70 -0.02408 -1.16630e+02 | 71  0.14702  1.05620e+03 | 72 -0.09842  3.11087e+02
 73 -0.06545 -2.49572e+01 | 74 -0.03993  1.03928e+03 | 75  0.03815  1.36876e+03
 76 -0.64284 -1.56033e+02 | 77 -0.20766  3.20951e+02 | 78 -0.62469  2.06513e+02
 79 -0.97860  1.16689e+01 | 80 -0.41145  2.19951e+02 | 81 -0.92197  2.08581e+01
 82 -0.74285  1.00765e+02 | 83 -0.75881  1.44285e+02 | 84 -0.64880  1.06373e+02
 85 -0.63679  9.39146e+01 | 86 -0.74880  6.37807e+01 | 87 -0.99762  8.78954e-01
 88 -1.03293 -7.72526e+00 | 89 -1.41852 -1.15675e+02 | 90 -1.24943 -1.01673e+02
 91 -1.27203 -5.25548e+01 | 92 -1.61041 -2.38079e+02 | 93 -1.14124  7.05324e+00
 94 -0.47495  1.30516e+02 | 95 -0.56367  1.54711e+02 | 96 -0.70651  6.37415e+00
 97 -0.54446  2.05397e+02 | 98 -0.80783 -4.38665e-06 | 99 -0.80783 -4.38665e-06
100  0.28944 -2.90470e+03 |101  0.21575 -3.02117e+03 |102  0.16849 -5.89930e+02
103  0.06528 -1.25574e+04 |104 -0.16859  5.13329e+02 |105 -0.14757  4.52124e+03
106 -0.17174  1.54113e+03 |107 -0.00227 -3.69539e+03 |108  0.17468  1.68680e+03
109 -0.02005  2.12838e+03 |110  0.18621  2.97668e+03 |111  0.07941  1.06081e+03
112  0.06647 -3.21209e+03 |113 -0.05006 -6.38085e+02 |114 -0.28049 -1.86874e+02
115 -0.59741 -2.46817e+03 |116  0.20175 -3.81976e+03 |117 -0.30186  7.32682e+02
117 variables; iteration 80; function evaluation 98; phase 4
Function value 4.5449729e+03; maximum gradient component mag 4.2317e+03
Var    Value     Gradient |Var    Value     Gradient |Var    Value     Gradient
  1 -0.01308 -3.54429e+03 |  2  0.03509  9.16991e+00 |  3  0.26257  1.44982e+02
  4 -0.01862  1.14265e+01 |  5 -0.04492 -1.12845e+00 |  6  0.11936 -2.39892e+01
  7  0.06829 -2.05818e+01 |  8 -0.00765 -4.75294e+00 |  9  0.05465  6.22120e+01
 10  0.02306  5.80635e+01 | 11  0.17586 -1.16668e+02 | 12 -0.04994  1.51714e+02
 13 -0.03129  1.64257e+02 | 14 -0.02786  3.67754e+02 | 15  0.01822  5.20554e+02
 16  0.23532  1.60792e+02 | 17  0.00400  1.24128e+02 | 18 -0.03629  2.14008e+02
 19  0.04666  3.86317e+02 | 20  0.06109  2.75039e+02 | 21 -0.01028  2.47916e+02
 22  0.10071  2.40949e+02 | 23 -0.00345  2.84866e+02 | 24  0.03113  1.91445e+02
 25  0.06600  2.55862e+02 | 26  0.05371  1.46872e+02 | 27 -0.00538  3.62924e+02
 28  0.05543  1.69505e+02 | 29  0.05654  3.98002e+01 | 30 -0.00960  3.31574e+02
 31 -0.16969  1.30361e+02 | 32  0.04513  2.64643e+01 | 33  0.00151  1.77016e+01
 34  0.01863  3.50455e+01 | 35  0.01104  3.88621e+01 | 36 -0.04867  8.31435e+01
 37 -0.11128 -1.00281e+02 | 38  0.05020  2.59085e+02 | 39 -0.02273  3.31843e+02
 40  0.03525 -1.05395e+03 | 41  0.01316  3.59604e+02 | 42 -0.00948 -3.12470e+02
 43 -0.08878  3.55754e+02 | 44  0.07555 -3.28381e+03 | 45 -0.07740  2.54378e+01
 46 -0.08918 -1.29968e+02 | 47 -0.07266 -4.16372e+02 | 48 -0.11389  1.09214e+02
 49  0.07810 -1.00634e+03 | 50 -0.00108  7.59122e+01 | 51 -0.01563 -4.14716e+00
 52 -0.00852 -1.98397e+02 | 53 -0.04459  4.46231e+02 | 54  0.05054 -6.41892e+02
 55 -0.03463 -6.18148e+02 | 56 -0.06590  1.93548e+02 | 57 -0.09824 -4.31378e+02
 58  0.06973 -5.83516e+02 | 59 -0.04520  2.91276e+02 | 60  0.02826  1.94185e+02
 61 -0.02402 -1.77763e+00 | 62  0.03862 -4.31796e+02 | 63  0.06882 -5.33674e+02
 64 -0.05315  6.95877e+02 | 65 -0.01976 -1.67772e+02 | 66  0.00910 -3.76181e+02
 67 -0.00991  3.17934e+02 | 68 -0.06084  1.76088e+02 | 69 -0.01055  2.07728e+02
 70 -0.01317 -7.35972e+01 | 71  0.15114  1.06074e+03 | 72 -0.08119  3.02357e+01
 73 -0.05267  3.67680e+01 | 74 -0.05017  6.17788e+01 | 75  0.00540  3.16781e+02
 76 -0.57416  1.13668e+01 | 77 -0.39640  1.03647e+02 | 78 -0.69970  4.77417e+01
 79 -0.96106 -6.01181e+00 | 80 -0.44723  1.46506e+02 | 81 -0.76903 -2.99751e+00
 82 -0.70066  1.03322e+02 | 83 -0.74878  1.37800e+02 | 84 -0.72568  6.97452e+00
 85 -0.60557  2.03068e+01 | 86 -0.65970  1.15026e+02 | 87 -0.98512 -1.64236e+00
 88 -1.16063  2.58900e+01 | 89 -1.45344 -1.40813e+02 | 90 -1.22458 -1.52455e+01
 91 -1.32575 -1.00308e+02 | 92 -1.45895 -1.70629e+02 | 93 -1.18583  4.54854e+01
 94 -0.77513 -5.70196e+01 | 95 -0.80580 -7.40436e+01 | 96 -0.80259 -3.60469e+01
 97 -0.82110 -6.04712e+01 | 98 -0.80782 -4.38653e-06 | 99 -0.80782 -4.38653e-06
100  0.32394 -1.72827e+03 |101  0.21795 -3.56517e+03 |102  0.15411 -4.04884e+03
103  0.08084 -2.72607e+03 |104 -0.15298  2.31056e+03 |105 -0.18374  2.46375e+03
106 -0.16526  1.57795e+03 |107 -0.00114  2.94201e+03 |108  0.17211  2.89091e+03
109 -0.00837  4.23169e+03 |110  0.15650  1.51043e+03 |111  0.06939  7.29861e+02
112  0.08176 -2.06775e+03 |113 -0.04323 -5.80665e+02 |114 -0.31852 -1.28525e+03
115 -0.52895 -1.30615e+03 |116  0.14587 -1.60466e+03 |117 -0.34175  2.29631e+02
Maximum number of function evaluations exceeded

 - final statistics:
117 variables; iteration 83; function evaluation 100
Function value 4.5418e+03; maximum gradient component mag -6.4248e+03
Exit code = 3;  converg criter 1.0000e+00
Var    Value     Gradient |Var    Value     Gradient |Var    Value     Gradient
  1 -0.01320 -6.42476e+03 |  2  0.03950  8.99898e+00 |  3  0.26167  1.35726e+02
  4 -0.02434  8.18894e+00 |  5 -0.04027  5.67126e-01 |  6  0.12007 -2.13947e+01
  7  0.06656 -2.08802e+01 |  8 -0.00341  4.28158e+00 |  9  0.05121  5.28368e+01
 10  0.02185  8.60706e+01 | 11  0.17608 -8.19535e+01 | 12 -0.05211  1.79691e+02
 13 -0.03178  1.94386e+02 | 14 -0.02789  4.00325e+02 | 15  0.01723  5.49527e+02
 16  0.23399  1.75012e+02 | 17  0.00280  1.52147e+02 | 18 -0.03535  2.47710e+02
 19  0.04435  4.06431e+02 | 20  0.06119  3.06894e+02 | 21 -0.01188  2.73164e+02
 22  0.10032  2.64663e+02 | 23 -0.00585  3.04111e+02 | 24  0.03120  2.17872e+02
 25  0.06664  2.82020e+02 | 26  0.05368  1.67249e+02 | 27 -0.00391  3.91750e+02
 28  0.05576  1.85669e+02 | 29  0.05622  4.74805e+01 | 30 -0.00836  3.53152e+02
 31 -0.16834  1.57523e+02 | 32  0.04478  2.28162e+01 | 33  0.00131  2.24216e+01
 34  0.02014  4.04325e+01 | 35  0.01258  4.07689e+01 | 36 -0.04634  9.53371e+01
 37 -0.11239 -8.98733e+01 | 38  0.04939  2.09286e+02 | 39 -0.02152  3.23953e+02
 40  0.03481 -1.09460e+03 | 41  0.01381  3.27624e+02 | 42 -0.00937 -3.43192e+02
 43 -0.08847  3.50701e+02 | 44  0.07564 -3.41467e+03 | 45 -0.07705  6.96876e+00
 46 -0.08909 -1.54345e+02 | 47 -0.07245 -4.43631e+02 | 48 -0.11422  9.59326e+01
 49  0.07807 -1.12021e+03 | 50 -0.00110  3.79810e+01 | 51 -0.01539 -3.15270e+01
 52 -0.00859 -2.39201e+02 | 53 -0.04433  4.37106e+02 | 54  0.05056 -7.14019e+02
 55 -0.03443 -6.46523e+02 | 56 -0.06591  1.83325e+02 | 57 -0.09793 -4.23924e+02
 58  0.06981 -6.33596e+02 | 59 -0.04514  2.97891e+02 | 60  0.02796  1.77786e+02
 61 -0.02402  7.23455e-01 | 62  0.03874 -4.34489e+02 | 63  0.06896 -5.73109e+02
 64 -0.05296  6.95256e+02 | 65 -0.01975 -1.57445e+02 | 66  0.00934 -3.36663e+02
 67 -0.00972  3.11154e+02 | 68 -0.06065  1.86617e+02 | 69 -0.01033  2.38644e+02
 70 -0.01310 -4.64381e+01 | 71  0.15120  1.05514e+03 | 72 -0.08142  5.13378e+01
 73 -0.05277  6.25682e+01 | 74 -0.05026  8.71407e+01 | 75  0.00565  3.50242e+02
 76 -0.56585  2.28036e+01 | 77 -0.39672  1.16846e+02 | 78 -0.70523  4.94615e+01
 79 -0.94465 -6.69656e+00 | 80 -0.45515  1.47875e+02 | 81 -0.76860  8.91651e-01
 82 -0.70404  1.04892e+02 | 83 -0.74992  1.41466e+02 | 84 -0.72989  6.35428e+00
 85 -0.61237  2.10915e+01 | 86 -0.66486  1.13923e+02 | 87 -0.97840 -1.93580e+00
 88 -1.20908  1.84935e+01 | 89 -1.44838 -1.40631e+02 | 90 -1.22434 -1.76691e+01
 91 -1.32546 -1.04162e+02 | 92 -1.46120 -1.77964e+02 | 93 -1.18259  4.52747e+01
 94 -0.77985 -5.82924e+01 | 95 -0.80818 -7.65580e+01 | 96 -0.80788 -4.84940e+01
 97 -0.82168 -6.11616e+01 | 98 -0.80782 -4.38652e-06 | 99 -0.80782 -4.38652e-06
100  0.32394 -1.71000e+03 |101  0.21787 -3.53117e+03 |102  0.15431 -3.99326e+03
103  0.08090 -2.68899e+03 |104 -0.15289  2.32732e+03 |105 -0.18385  2.46321e+03
106 -0.16509  1.58014e+03 |107 -0.00114  2.96167e+03 |108  0.17214  2.91216e+03
109 -0.00837  4.23125e+03 |110  0.15657  1.51034e+03 |111  0.06930  7.27316e+02
112  0.08173 -2.06367e+03 |113 -0.04264 -5.72284e+02 |114 -0.31860 -1.31939e+03
115 -0.53059 -1.34801e+03 |116  0.14632 -1.67141e+03 |117 -0.34135  2.30136e+02

Initial statistics: 323 variables; iteration 0; function evaluation 0; phase 5
Function value 4.5418002e+03; maximum gradient component mag -2.9051e+04
Var    Value     Gradient |Var    Value     Gradient |Var    Value     Gradient
  1 -0.01320 -6.42476e+03 |  2  0.03950  8.99898e+00 |  3  0.26167  1.35726e+02
  4 -0.02434  8.18894e+00 |  5 -0.04027  5.67126e-01 |  6  0.12007 -2.13947e+01
  7  0.06656 -2.08802e+01 |  8 -0.00341  4.28158e+00 |  9  0.05121  5.28368e+01
 10  0.02178  8.47709e+01 | 11  0.17601 -8.32075e+01 | 12 -0.05218  1.78393e+02
 13 -0.03185  1.93086e+02 | 14 -0.02796  3.99024e+02 | 15  0.01716  5.48228e+02
 16  0.23392  1.73805e+02 | 17  0.00273  1.50846e+02 | 18 -0.03542  2.46410e+02
 19  0.04428  4.05136e+02 | 20  0.06112  3.05603e+02 | 21 -0.01195  2.71863e+02
 22  0.10025  2.63382e+02 | 23 -0.00592  3.02810e+02 | 24  0.03113  2.16574e+02
 25  0.06657  2.80729e+02 | 26  0.05361  1.65955e+02 | 27 -0.00398  3.90449e+02
 28  0.05569  1.84375e+02 | 29  0.05615  4.61852e+01 | 30 -0.00843  3.51851e+02
 31 -0.16841  1.56263e+02 | 32  0.04471  2.15188e+01 | 33  0.00124  2.11208e+01
 34  0.02007  3.91325e+01 | 35  0.01251  3.94685e+01 | 36 -0.04641  9.40390e+01
 37 -0.11246 -9.11521e+01 | 38  0.04932  2.07991e+02 | 39 -0.02159  3.22652e+02
 40  0.03474 -1.09591e+03 | 41  0.01374  3.26324e+02 | 42 -0.00944 -3.44492e+02
 43 -0.08855  3.49407e+02 | 44  0.07557 -3.41601e+03 | 45 -0.07712  5.67742e+00
 46 -0.08916 -1.55630e+02 | 47 -0.07252 -4.44918e+02 | 48 -0.11429  9.46507e+01
 49  0.07800 -1.12152e+03 | 50 -0.00117  3.66803e+01 | 51 -0.01546 -3.28273e+01
 52 -0.00866 -2.40502e+02 | 53 -0.04440  4.35805e+02 | 54  0.05049 -7.15322e+02
 55 -0.03449 -6.47818e+02 | 56 -0.06598  1.82029e+02 | 57 -0.09800 -4.25202e+02
 58  0.06974 -6.34896e+02 | 59 -0.04521  2.96592e+02 | 60  0.02789  1.76488e+02
 61 -0.02409 -5.76400e-01 | 62  0.03867 -4.35791e+02 | 63  0.06889 -5.74409e+02
 64 -0.05303  6.93953e+02 | 65 -0.01982 -1.58745e+02 | 66  0.00927 -3.37964e+02
 67 -0.00979  3.09853e+02 | 68 -0.06072  1.85320e+02 | 69 -0.01040  2.37343e+02
 70 -0.01317 -4.77385e+01 | 71  0.15113  1.05390e+03 | 72 -0.08149  5.00469e+01
 73 -0.05284  6.12714e+01 | 74 -0.05033  8.58432e+01 | 75  0.00558  3.48942e+02
 76 -0.56585  2.28036e+01 | 77 -0.39672  1.16846e+02 | 78 -0.70523  4.94615e+01
 79 -0.94465 -6.69656e+00 | 80 -0.45515  1.47875e+02 | 81 -0.76860  8.91651e-01
 82 -0.70404  1.04892e+02 | 83 -0.74992  1.41466e+02 | 84 -0.72989  6.35428e+00
 85 -0.61237  2.10915e+01 | 86 -0.66486  1.13923e+02 | 87 -0.97840 -1.93580e+00
 88 -0.79092 -1.84935e+01 | 89 -0.55162  1.40631e+02 | 90 -0.77566  1.76691e+01
 91 -0.67454  1.04162e+02 | 92 -0.53880  1.77964e+02 | 93 -0.81741 -4.52747e+01
 94 -0.77985 -5.82924e+01 | 95 -0.80818 -7.65580e+01 | 96 -0.80788 -4.84940e+01
 97 -0.82168 -6.11616e+01 | 98 -0.80782 -4.38652e-06 | 99 -0.80782 -4.38652e-06
100  0.32394 -1.71000e+03 |101  0.21787 -3.53117e+03 |102  0.15431 -3.99326e+03
103  0.08090 -2.68899e+03 |104 -0.15289  2.32732e+03 |105 -0.18385  2.46321e+03
106 -0.16509  1.58014e+03 |107 -0.00114  2.96167e+03 |108  0.17214  2.91216e+03
109 -0.00837  4.23125e+03 |110  0.15657  1.51034e+03 |111  0.06930  7.27316e+02
112  0.08173 -2.06367e+03 |113 -0.04264 -5.72284e+02 |114 -0.31860 -1.31939e+03
115 -0.53059 -1.34801e+03 |116  0.14632 -1.67141e+03 |117 -0.34135  2.30136e+02
118  1.00000  4.33172e-08 |119  1.00000  4.33172e-08 |120  0.00000 -8.15867e+03
121  0.00000 -8.04252e+03 |122  0.00000 -7.93591e+03 |123  0.00000 -7.58531e+03
124  0.00000 -7.53814e+03 |125  0.00000 -7.48875e+03 |126  0.00000 -7.42313e+03
127  0.00000 -7.30661e+03 |128  0.00000 -6.63664e+03 |129  0.00000 -6.56481e+03
130  0.00000 -6.52509e+03 |131  0.00000 -6.41376e+03 |132  0.00000 -6.33032e+03
133  0.00000 -6.27680e+03 |134  0.00000 -6.21557e+03 |135  0.00000 -6.16386e+03
136  0.00000 -6.08429e+03 |137  0.00000 -6.00448e+03 |138  0.00000 -5.86450e+03
139  0.00000 -5.80334e+03 |140  0.00000 -5.78860e+03 |141  0.00000 -5.83588e+03
142  0.00000 -5.74912e+03 |143  0.00000 -5.72372e+03 |144  0.00000 -5.65062e+03
145  0.00000 -5.57179e+03 |146  0.00000 -5.65490e+03 |147  0.00000 -5.53529e+03
148  0.00000 -5.45294e+03 |149  0.00000 -5.39987e+03 |150  0.00000 -5.19176e+03
151  0.00000 -5.06280e+03 |152  0.00000 -4.82980e+03 |153  0.00000 -4.67590e+03
154  0.00000 -4.57277e+03 |155  0.00000 -4.51049e+03 |156  0.00000 -4.09168e+03
157  0.00000 -3.99067e+03 |158  0.00000 -3.95821e+03 |159  0.00000 -4.11900e+03
160  0.00000 -4.01501e+03 |161  0.00000 -3.48066e+03 |162  0.00000 -3.26821e+03
163  0.00000 -3.12332e+03 |164  0.00000 -3.03151e+03 |165  0.00000 -2.95859e+03
166  0.00000 -2.60588e+03 |167  0.00000 -2.48073e+03 |168  0.00000 -2.40404e+03
169  0.00000 -2.37704e+03 |170  0.00000 -2.48102e+03 |171  0.00000 -2.38412e+03
172  0.00000 -2.59425e+03 |173  0.00000 -2.64206e+03 |174  0.00000 -2.26417e+03
175  0.00000 -1.89055e+03 |176  0.00000 -1.84133e+03 |177  0.00000 -1.69258e+03
178  0.00000 -1.46130e+03 |179  0.00000 -1.30530e+03 |180  0.00000 -1.23813e+03
181  0.00000 -9.65717e+02 |182  0.00000 -7.87633e+02 |183  0.00000 -1.72004e+02
184  0.00000 -1.22343e+02 |185  0.00000 -8.33944e+01 |186  0.00000  9.11142e-15
187  0.00000  3.66050e-15 |188  0.00000 -1.56190e+04 |189  0.00000 -1.50163e+04
190  0.00000 -1.39625e+04 |191  0.00000 -1.31698e+04 |192  0.00000 -1.16039e+04
193  0.00000 -1.12442e+04 |194  0.00000 -1.06902e+04 |195  0.00000 -9.93979e+03
196  0.00000 -8.18920e+03 |197  0.00000 -8.92662e+03 |198  0.00000 -8.87374e+03
199  0.00000 -8.49440e+03 |200  0.00000 -8.41268e+03 |201  0.00000 -8.86386e+03
202  0.00000 -8.70319e+03 |203  0.00000 -9.84191e+03 |204  0.00000 -9.79119e+03
205  0.00000 -1.01397e+04 |206  0.00000 -1.04569e+04 |207  0.00000 -1.13680e+04
208  0.00000 -1.09670e+04 |209  0.00000 -1.21875e+04 |210  0.00000 -1.31388e+04
211  0.00000 -1.30689e+04 |212  0.00000 -1.28904e+04 |213  0.00000 -1.51091e+04
214  0.00000 -1.61853e+04 |215  0.00000 -1.71412e+04 |216  0.00000 -1.77564e+04
217  0.00000 -1.80498e+04 |218  0.00000 -1.82077e+04 |219  0.00000 -1.88785e+04
220  0.00000 -1.86802e+04 |221  0.00000 -1.97569e+04 |222  0.00000 -1.90454e+04
223  0.00000 -1.80908e+04 |224  0.00000 -1.74653e+04 |225  0.00000 -1.58437e+04
226  0.00000 -1.55805e+04 |227  0.00000 -1.57773e+04 |228  0.00000 -1.54156e+04
229  0.00000 -1.43487e+04 |230  0.00000 -1.40387e+04 |231  0.00000 -1.34552e+04
232  0.00000 -1.28549e+04 |233  0.00000 -1.23733e+04 |234  0.00000 -1.18341e+04
235  0.00000 -1.12997e+04 |236  0.00000 -1.12483e+04 |237  0.00000 -1.09308e+04
238  0.00000 -1.08388e+04 |239  0.00000 -1.17424e+04 |240  0.00000 -1.17831e+04
241  0.00000 -1.21100e+04 |242  0.00000 -1.15054e+04 |243  0.00000 -9.73025e+03
244  0.00000 -7.63384e+03 |245  0.00000 -7.36055e+03 |246  0.00000 -6.25851e+03
247  0.00000 -5.26646e+03 |248  0.00000 -4.24991e+03 |249  0.00000 -3.66394e+03
250  0.00000 -2.74218e+03 |251  0.00000 -1.35828e+03 |252  0.00000 -4.13220e+02
253  0.00000 -2.39991e+02 |254  0.00000  6.98673e-14 |255  0.00000  3.31987e-14
256  0.00000 -1.71396e+04 |257  0.00000 -1.63819e+04 |258  0.00000 -1.50299e+04
259  0.00000 -1.38947e+04 |260  0.00000 -1.22618e+04 |261  0.00000 -1.12136e+04
262  0.00000 -1.01103e+04 |263  0.00000 -8.75431e+03 |264  0.00000 -6.11154e+03
265  0.00000 -5.81324e+03 |266  0.00000 -6.71586e+03 |267  0.00000 -6.24880e+03
268  0.00000 -6.12804e+03 |269  0.00000 -6.42638e+03 |270  0.00000 -6.88040e+03
271  0.00000 -7.95381e+03 |272  0.00000 -8.94859e+03 |273  0.00000 -9.36925e+03
274  0.00000 -1.04856e+04 |275  0.00000 -1.18217e+04 |276  0.00000 -1.25900e+04
277  0.00000 -1.36932e+04 |278  0.00000 -1.52307e+04 |279  0.00000 -1.65746e+04
280  0.00000 -1.65855e+04 |281  0.00000 -1.86620e+04 |282  0.00000 -2.09983e+04
283  0.00000 -2.27632e+04 |284  0.00000 -2.40159e+04 |285  0.00000 -2.51773e+04
286  0.00000 -2.56409e+04 |287  0.00000 -2.72636e+04 |288  0.00000 -2.80659e+04
289  0.00000 -2.88682e+04 |290  0.00000 -2.90511e+04 |291  0.00000 -2.73586e+04
292  0.00000 -2.67245e+04 |293  0.00000 -2.52217e+04 |294  0.00000 -2.36958e+04
295  0.00000 -2.30977e+04 |296  0.00000 -2.25805e+04 |297  0.00000 -2.16339e+04
298  0.00000 -2.13746e+04 |299  0.00000 -2.11748e+04 |300  0.00000 -2.03689e+04
301  0.00000 -1.93802e+04 |302  0.00000 -1.87479e+04 |303  0.00000 -1.82705e+04
304  0.00000 -1.79532e+04 |305  0.00000 -1.74342e+04 |306  0.00000 -1.74098e+04
307  0.00000 -1.79333e+04 |308  0.00000 -1.79890e+04 |309  0.00000 -1.79415e+04
310  0.00000 -1.72414e+04 |311  0.00000 -1.60707e+04 |312  0.00000 -1.42648e+04
313  0.00000 -1.22241e+04 |314  0.00000 -1.09073e+04 |315  0.00000 -9.32059e+03
316  0.00000 -7.53828e+03 |317  0.00000 -6.08175e+03 |318  0.00000 -4.76150e+03
319  0.00000 -3.03605e+03 |320  0.00000 -1.55720e+03 |321  0.00000 -7.58217e+02
322  0.00000 -1.38902e-13 |323  0.00000 -5.64871e-14 |

Intermediate statistics: 323 variables; iteration 20; function evaluation 25; phase 5
Function value 3.8584426e+03; maximum gradient component mag -2.5639e+04
Var    Value     Gradient |Var    Value     Gradient |Var    Value     Gradient
  1 -0.02084  8.23503e+03 |  2  0.03818  2.05400e+01 |  3  0.24821  2.05746e+02
  4 -0.02603  2.48122e+01 |  5 -0.04213  2.51104e+01 |  6  0.11226  8.42420e+01
  7  0.06378 -1.22423e+01 |  8 -0.00337 -1.49485e+01 |  9  0.05026  2.88146e+01
 10  0.02196 -5.18630e+01 | 11  0.18621 -1.29920e+02 | 12 -0.05526  8.82594e+00
 13 -0.03237 -1.84066e+01 | 14 -0.03591  1.01751e+02 | 15  0.00297  2.07034e+02
 16  0.24293  2.67509e+02 | 17  0.00168  1.03349e+01 | 18 -0.04081  5.33681e+01
 19  0.03442  1.71070e+02 | 20  0.05547  1.45383e+02 | 21 -0.01909  8.65604e+01
 22  0.09494  1.35222e+02 | 23 -0.01476  1.00714e+02 | 24  0.02694  2.76748e+01
 25  0.06054  7.40937e+01 | 26  0.05256 -4.84801e+00 | 27 -0.01651  1.02049e+02
 28  0.05217 -2.53400e+00 | 29  0.06011 -4.61341e+01 | 30 -0.01859  4.79575e+01
 31 -0.17238 -2.62066e+01 | 32  0.04190 -1.57211e+01 | 33 -0.00009 -3.77900e+01
 34  0.01719 -3.41521e+01 | 35  0.00979 -1.65978e+01 | 36 -0.05221  2.76151e+01
 37 -0.10815 -1.09344e+02 | 38  0.03035  2.07796e+02 | 39 -0.03871  1.95446e+02
 40  0.08671 -5.83153e+02 | 41  0.00046  6.75888e+01 | 42  0.00829 -4.00538e+02
 43 -0.10238 -2.76001e+01 | 44  0.15612  1.02310e+03 | 45 -0.07995 -1.65251e+02
 46 -0.08245 -3.37854e+02 | 47 -0.05719 -2.34779e+02 | 48 -0.11821 -8.13898e+01
 49  0.09827  3.31224e+02 | 50 -0.00932 -4.44728e+01 | 51 -0.02312  2.41331e+01
 52 -0.00765 -7.89905e+01 | 53 -0.06077 -1.32207e+02 | 54  0.06085  2.69032e+02
 55 -0.01957 -8.16850e+00 | 56 -0.07619 -2.15705e+02 | 57 -0.08564 -1.42465e+02
 58  0.08197  4.97087e+02 | 59 -0.05770 -6.10632e-02 | 60  0.01573  5.90017e+01
 61 -0.01563 -3.58709e+01 | 62  0.05278  1.52024e+02 | 63  0.08191  1.19695e+02
 64 -0.07467 -1.61924e+02 | 65 -0.01476 -1.38669e+02 | 66  0.02102 -2.94084e+01
 67 -0.01429 -2.90598e+02 | 68 -0.06432 -1.48729e+02 | 69 -0.01830 -3.00209e+02
 70 -0.01061 -1.76780e+02 | 71  0.14177  4.03092e+01 | 72 -0.08052 -9.98509e+01
 73 -0.05679 -1.15613e+02 | 74 -0.05270 -1.70117e+02 | 75 -0.00604 -3.73827e+01
 76 -0.56303 -5.58019e+01 | 77 -0.39838  8.16406e+00 | 78 -0.70435 -4.14076e+01
 79 -0.94374 -1.84241e+01 | 80 -0.45916  4.85423e+01 | 81 -0.76720 -3.88251e+01
 82 -0.70715  1.87605e+01 | 83 -0.75463  2.21292e+01 | 84 -0.72954 -2.55325e+01
 85 -0.61406  1.19262e+01 | 86 -0.66952  4.36588e+01 | 87 -0.97823 -4.59663e+00
 88 -0.78985 -2.39848e+01 | 89 -0.55784  8.94871e+01 | 90 -0.77619 -3.11836e+00
 91 -0.67914  4.92702e+01 | 92 -0.54755  1.13783e+02 | 93 -0.81461 -4.76722e+01
 94 -0.77688 -5.10841e+01 | 95 -0.80508 -6.53868e+01 | 96 -0.80573 -6.80182e+01
 97 -0.81852 -6.65060e+01 | 98 -0.80782 -4.38652e-06 | 99 -0.80782 -4.38652e-06
100  0.32440 -1.80448e+03 |101  0.21809 -5.11153e+03 |102  0.15612 -4.40965e+03
103  0.08852 -5.01831e+02 |104 -0.16626  3.72274e+01 |105 -0.20495  3.58443e+02
106 -0.15861  8.15267e+02 |107 -0.00202  1.51474e+03 |108  0.17136  2.45973e+03
109 -0.01515  2.87993e+03 |110  0.16016  1.23593e+03 |111  0.05911  4.59106e+02
112  0.13143 -3.08522e+02 |113 -0.04935  2.36091e+01 |114 -0.33275  3.21029e+02
115 -0.50474  2.81002e+02 |116  0.16811  6.30618e+02 |117 -0.35343  2.85201e+02
118  0.99992  1.46437e-02 |119  0.99992  1.48293e-02 |120  0.00226 -8.61224e+03
121  0.00061 -8.56444e+03 |122  0.00004 -8.51709e+03 |123 -0.00247 -8.26295e+03
124 -0.00285 -8.23097e+03 |125 -0.00306 -8.18610e+03 |126 -0.00241 -8.12272e+03
127 -0.00105 -8.00324e+03 |128  0.00389 -7.48058e+03 |129  0.00186 -7.35232e+03
130  0.00058 -7.28642e+03 |131 -0.00067 -7.21650e+03 |132  0.00032 -7.11036e+03
133 -0.00034 -7.00389e+03 |134  0.00188 -6.90450e+03 |135  0.00067 -6.81143e+03
136 -0.00002 -6.72136e+03 |137  0.00097 -6.63444e+03 |138 -0.00213 -6.47598e+03
139 -0.00370 -6.36501e+03 |140 -0.00004 -6.36221e+03 |141  0.00279 -6.22153e+03
142 -0.00029 -6.07241e+03 |143 -0.00070 -6.04460e+03 |144  0.00210 -6.00460e+03
145 -0.00104 -5.75302e+03 |146  0.00419 -5.64797e+03 |147  0.00158 -5.46579e+03
148  0.00079 -5.36551e+03 |149  0.00079 -5.29050e+03 |150  0.00152 -5.07448e+03
151  0.00074 -4.95204e+03 |152 -0.00155 -4.70623e+03 |153 -0.00256 -4.58244e+03
154 -0.00025 -4.51779e+03 |155  0.00061 -4.48881e+03 |156 -0.00196 -4.08667e+03
157 -0.00255 -4.00066e+03 |158 -0.00348 -3.98042e+03 |159  0.00332 -4.01340e+03
160  0.00039 -3.87569e+03 |161  0.00193 -3.36881e+03 |162 -0.00103 -3.13339e+03
163 -0.00233 -2.99422e+03 |164  0.00161 -2.76961e+03 |165  0.00204 -2.64430e+03
166 -0.00072 -2.37110e+03 |167 -0.00175 -2.25651e+03 |168 -0.00374 -2.13552e+03
169 -0.00163 -2.08571e+03 |170  0.00312 -1.74767e+03 |171 -0.00401 -1.53656e+03
172  0.00502 -1.61154e+03 |173  0.00706 -1.55557e+03 |174  0.00172 -1.34929e+03
175 -0.00114 -1.16302e+03 |176 -0.00159 -1.13655e+03 |177 -0.00127 -1.05882e+03
178  0.00030 -8.59688e+02 |179 -0.00045 -7.37174e+02 |180 -0.00032 -6.95345e+02
181  0.00089 -5.20723e+02 |182  0.00071 -3.95171e+02 |183 -0.00117 -1.17791e+02
184 -0.00121 -8.99828e+01 |185 -0.00047 -6.78039e+01 |186 -0.00000  8.08288e-15
187 -0.00000  3.66484e-15 |188  0.00131 -2.26116e+04 |189  0.00202 -2.24747e+04
190 -0.00271 -2.20105e+04 |191  0.00165 -2.14531e+04 |192 -0.00070 -2.05281e+04
193 -0.00519 -2.02699e+04 |194 -0.00162 -1.99196e+04 |195 -0.00176 -1.94318e+04
196 -0.01028 -1.85653e+04 |197  0.01438 -1.80870e+04 |198  0.00641 -1.78594e+04
199 -0.00579 -1.77436e+04 |200 -0.00447 -1.77809e+04 |201  0.00642 -1.77884e+04
202 -0.00630 -1.76703e+04 |203  0.00624 -1.81404e+04 |204 -0.00326 -1.80836e+04
205  0.00168 -1.84351e+04 |206 -0.00382 -1.85705e+04 |207  0.01144 -1.88474e+04
208 -0.01335 -1.88139e+04 |209  0.00332 -1.94243e+04 |210  0.00962 -1.96374e+04
211 -0.00425 -1.96829e+04 |212 -0.01157 -1.96470e+04 |213  0.00609 -2.00663e+04
214  0.00262 -2.00286e+04 |215 -0.00118 -2.01249e+04 |216 -0.00078 -1.99880e+04
217 -0.00003 -1.96655e+04 |218  0.00515 -1.93309e+04 |219  0.00132 -1.89094e+04
220 -0.00635 -1.85722e+04 |221  0.00740 -1.78992e+04 |222 -0.00380 -1.74667e+04
223  0.00025 -1.69540e+04 |224 -0.00009 -1.64079e+04 |225  0.00512 -1.49984e+04
226 -0.00681 -1.48936e+04 |227  0.00158 -1.47907e+04 |228  0.00304 -1.42332e+04
229 -0.00574 -1.34158e+04 |230  0.00414 -1.22022e+04 |231 -0.00351 -1.16336e+04
232 -0.00182 -1.08021e+04 |233  0.00378 -1.00356e+04 |234  0.00045 -9.54500e+03
235 -0.00010 -9.12131e+03 |236  0.00317 -8.93964e+03 |237 -0.00177 -8.73278e+03
238 -0.00552 -8.23048e+03 |239  0.00476 -7.96969e+03 |240 -0.00443 -7.81947e+03
241  0.00282 -7.75144e+03 |242  0.00580 -7.29524e+03 |243  0.00293 -6.30519e+03
244 -0.00711 -5.53621e+03 |245 -0.00440 -5.31752e+03 |246  0.00310 -4.01843e+03
247  0.00440 -3.13261e+03 |248 -0.00422 -2.57239e+03 |249 -0.00011 -2.07395e+03
250  0.00362 -1.33040e+03 |251 -0.00454 -8.15561e+02 |252 -0.00023 -3.75807e+02
253 -0.00424 -2.15133e+02 |254 -0.00000  6.36284e-14 |255 -0.00000  3.15215e-14
256  0.00835 -1.89366e+04 |257 -0.00212 -1.91009e+04 |258 -0.00350 -1.86068e+04
259  0.00201 -1.78848e+04 |260  0.00016 -1.70259e+04 |261  0.00561 -1.65083e+04
262  0.00353 -1.59544e+04 |263  0.01034 -1.55096e+04 |264 -0.01176 -1.46476e+04
265 -0.02024 -1.39331e+04 |266  0.01268 -1.41219e+04 |267 -0.00103 -1.40839e+04
268 -0.00075 -1.42633e+04 |269 -0.00083 -1.45533e+04 |270 -0.00050 -1.52929e+04
271 -0.00126 -1.59435e+04 |272  0.00446 -1.70018e+04 |273 -0.00439 -1.76996e+04
274 -0.00014 -1.86944e+04 |275  0.00234 -1.96262e+04 |276  0.00139 -2.08328e+04
277 -0.00636 -2.16920e+04 |278 -0.00276 -2.25107e+04 |279  0.01212 -2.32650e+04
280 -0.00970 -2.38416e+04 |281 -0.00775 -2.42051e+04 |282  0.00144 -2.48751e+04
283  0.00284 -2.53242e+04 |284 -0.00026 -2.55290e+04 |285  0.00257 -2.56391e+04
286 -0.01102 -2.54281e+04 |287  0.00635 -2.52568e+04 |288  0.00648 -2.52510e+04
289  0.00204 -2.47005e+04 |290  0.00949 -2.42233e+04 |291 -0.00982 -2.35091e+04
292 -0.00126 -2.25406e+04 |293  0.00449 -2.13008e+04 |294 -0.00196 -2.07443e+04
295 -0.00357 -2.01596e+04 |296  0.00078 -1.93201e+04 |297 -0.00489 -1.84626e+04
298  0.00222 -1.74102e+04 |299  0.00545 -1.69076e+04 |300  0.00253 -1.60104e+04
301 -0.00225 -1.51784e+04 |302 -0.00106 -1.46795e+04 |303 -0.00189 -1.41497e+04
304  0.00256 -1.37333e+04 |305 -0.00347 -1.31929e+04 |306 -0.00023 -1.26010e+04
307  0.00283 -1.21168e+04 |308  0.00316 -1.19078e+04 |309 -0.00188 -1.15933e+04
310 -0.00291 -1.10174e+04 |311  0.00704 -1.00766e+04 |312  0.00344 -9.25839e+03
313 -0.00752 -8.40330e+03 |314 -0.00011 -6.89842e+03 |315  0.00294 -5.54809e+03
316 -0.00183 -4.48832e+03 |317 -0.00006 -3.31837e+03 |318  0.00465 -2.21540e+03
319  0.00171 -1.61215e+03 |320 -0.00484 -9.43067e+02 |321  0.00098 -5.07507e+02
322 -0.00000  7.69785e-14 |323 -0.00000  5.24099e-14 |
323 variables; iteration 40; function evaluation 48; phase 5
Function value 3.5513806e+03; maximum gradient component mag -2.9637e+04
Var    Value     Gradient |Var    Value     Gradient |Var    Value     Gradient
  1 -0.03507 -2.04112e+03 |  2  0.02391 -1.98456e+01 |  3  0.10065 -5.91363e+01
  4 -0.04532 -2.21134e+01 |  5 -0.06660 -1.25855e+01 |  6  0.02304 -9.30091e+01
  7  0.05331 -9.71001e+01 |  8 -0.00407 -2.67768e+00 |  9  0.04859 -6.29754e+00
 10  0.01384  2.77022e+01 | 11  0.24286  2.79319e+02 | 12 -0.09743  4.65086e+01
 13 -0.04631  6.08184e+01 | 14 -0.11335  7.62556e+01 | 15 -0.11945  9.01548e+01
 16  0.25334  4.59308e+02 | 17 -0.00988  6.34597e+01 | 18 -0.10039  3.29673e+01
 19 -0.06661 -2.15463e+01 | 20 -0.03610 -6.86471e+01 | 21 -0.09037 -1.41462e+01
 22  0.01611 -7.98905e+01 | 23 -0.10471 -8.73108e+00 | 24 -0.04085 -2.64393e+01
 25  0.00990 -3.23561e+01 | 26  0.01844 -6.14384e+01 | 27 -0.10575 -4.16984e+01
 28  0.01564  2.30382e+01 | 29  0.08794  4.16217e+01 | 30 -0.07196 -3.04742e+01
 31 -0.20052 -1.51025e+01 | 32  0.03878 -1.39154e+02 | 33  0.04225 -1.15922e+02
 34  0.05026 -8.98434e+01 | 35  0.04882 -8.00328e+01 | 36 -0.05476 -6.92670e+01
 37 -0.03787 -1.30765e+02 | 38  0.03159 -1.85415e+02 | 39 -0.12586 -3.85965e+01
 40  0.19695 -2.36855e+02 | 41  0.04097 -7.97132e+00 | 42  0.09038  3.58825e+01
 43 -0.06284  9.37334e+01 | 44  0.17895  1.16114e+02 | 45 -0.04611 -5.10354e+01
 46 -0.05390 -2.46868e+02 | 47 -0.02759 -1.41917e+02 | 48 -0.07988  1.20860e+02
 49  0.12067  1.04782e+02 | 50  0.01611  3.55471e+01 | 51 -0.00368 -6.56482e+00
 52  0.01720 -4.57344e+01 | 53 -0.03153  8.55932e+01 | 54  0.08007 -6.25357e+01
 55 -0.00148 -1.85589e+02 | 56 -0.05698 -5.82776e+01 | 57 -0.06710 -1.30145e+02
 58  0.10123  4.94700e+02 | 59 -0.04290  8.71696e+01 | 60  0.02371 -8.54759e+01
 61  0.00099 -6.53875e+01 | 62  0.06749  3.60822e+01 | 63  0.09510 -2.70197e+01
 64 -0.05421  4.06250e+00 | 65 -0.00069 -2.02287e+02 | 66  0.03943  5.62288e+01
 67  0.00576 -1.53591e+02 | 68 -0.04583 -3.60028e+01 | 69  0.00599 -2.49789e+01
 70  0.01009 -6.30432e+01 | 71  0.15985  2.69325e+02 | 72 -0.06245  5.84212e+01
 73 -0.03921  5.91935e+01 | 74 -0.02618  8.16762e+01 | 75  0.01942  1.06672e+02
 76 -0.51856  3.12317e+01 | 77 -0.43109  3.21827e+01 | 78 -0.69644  1.12473e+01
 79 -0.92989 -1.94539e+01 | 80 -0.51509  5.57942e+01 | 81 -0.74236 -2.47483e+01
 82 -0.73942  8.57927e+00 | 83 -0.78465  4.04788e+00 | 84 -0.72441  2.99340e-01
 85 -0.64204  1.22726e+01 | 86 -0.71924  2.03217e+01 | 87 -0.97515 -5.09437e+00
 88 -0.77495 -1.89510e+01 | 89 -0.63705  5.27808e+01 | 90 -0.77842  6.25772e-01
 91 -0.72093  2.18584e+01 | 92 -0.64376  3.53297e+01 | 93 -0.77166 -4.19488e+01
 94 -0.73628 -2.87407e+01 | 95 -0.76962  1.03516e+01 | 96 -0.77324  2.57165e+01
 97 -0.77780  2.02883e+01 | 98 -0.80782 -4.38652e-06 | 99 -0.80782 -4.38652e-06
100  0.32467 -1.75755e+03 |101  0.21717 -6.47956e+03 |102  0.15629 -6.88695e+03
103  0.08525 -1.92443e+03 |104 -0.16891 -3.58278e+02 |105 -0.20045  6.07928e+02
106 -0.16087  8.95740e+02 |107 -0.00109  2.79149e+03 |108  0.17001  1.11948e+03
109 -0.01866  1.18429e+03 |110  0.16310  6.70580e+02 |111  0.04602  2.56050e+02
112  0.14650 -1.78230e+02 |113 -0.05059 -1.08348e+02 |114 -0.33309 -8.62761e+01
115 -0.39933 -8.75986e+01 |116  0.07392  2.97110e+02 |117 -0.48461 -7.34330e+00
118  0.99939  9.18903e-02 |119  0.99939  9.46893e-02 |120  0.00787 -8.38825e+03
121 -0.00292 -8.35238e+03 |122  0.00488 -8.31882e+03 |123 -0.01044 -8.09595e+03
124 -0.00688 -8.07954e+03 |125 -0.00362 -8.03593e+03 |126  0.00025 -7.96740e+03
127  0.01032 -7.90008e+03 |128  0.01199 -7.31786e+03 |129 -0.00887 -7.29357e+03
130 -0.01228 -7.26948e+03 |131  0.00639 -7.17946e+03 |132  0.00688 -7.07718e+03
133 -0.01849 -7.03162e+03 |134  0.01731 -6.83276e+03 |135 -0.00412 -6.78614e+03
136  0.00176 -6.69267e+03 |137  0.00733 -6.54523e+03 |138 -0.00550 -6.43978e+03
139 -0.02501 -6.38410e+03 |140  0.02908 -6.11777e+03 |141  0.00533 -5.95938e+03
142 -0.00936 -5.92991e+03 |143 -0.01041 -5.89770e+03 |144  0.01777 -5.67673e+03
145 -0.01735 -5.53435e+03 |146  0.01282 -5.24391e+03 |147 -0.00202 -5.04596e+03
148  0.00061 -4.94910e+03 |149 -0.00978 -4.80333e+03 |150  0.00722 -4.44688e+03
151  0.02878 -4.34097e+03 |152 -0.03369 -4.12073e+03 |153 -0.00201 -3.90298e+03
154 -0.00077 -3.63386e+03 |155  0.00963 -3.55885e+03 |156 -0.00542 -3.00346e+03
157 -0.00469 -2.89000e+03 |158 -0.00169 -2.82370e+03 |159  0.02174 -2.74957e+03
160 -0.01619 -2.72963e+03 |161  0.01323 -2.33477e+03 |162 -0.00641 -2.24561e+03
163 -0.00683 -2.15789e+03 |164  0.00655 -1.95563e+03 |165 -0.00043 -1.87849e+03
166  0.00064 -1.56190e+03 |167  0.00852 -1.44648e+03 |168 -0.01728 -1.42285e+03
169  0.00533 -1.37203e+03 |170  0.03294 -1.48320e+03 |171 -0.04690 -1.52097e+03
172  0.02175 -1.53725e+03 |173  0.00602 -1.63816e+03 |174 -0.00497 -1.56657e+03
175 -0.00157 -1.41331e+03 |176 -0.00457 -1.38968e+03 |177  0.00091 -1.31332e+03
178  0.00471 -1.13385e+03 |179 -0.00539 -1.07008e+03 |180 -0.00222 -1.03416e+03
181  0.00274 -8.73658e+02 |182 -0.00429 -7.85335e+02 |183 -0.00241 -4.31260e+02
184 -0.00685 -3.73550e+02 |185  0.00632 -2.51308e+02 |186 -0.00000  1.18269e-14
187 -0.00000  4.63807e-15 |188 -0.00437 -2.86494e+04 |189  0.01054 -2.83571e+04
190 -0.00540 -2.79865e+04 |191  0.01003 -2.74941e+04 |192 -0.00797 -2.66793e+04
193 -0.01086 -2.65414e+04 |194  0.01344 -2.61560e+04 |195 -0.00822 -2.58977e+04
196 -0.03945 -2.50220e+04 |197  0.04087 -2.45507e+04 |198  0.00330 -2.45101e+04
199 -0.00439 -2.44026e+04 |200  0.00189 -2.45170e+04 |201  0.01463 -2.48104e+04
202 -0.02218 -2.48489e+04 |203  0.01431 -2.51998e+04 |204 -0.00888 -2.52637e+04
205  0.00656 -2.52992e+04 |206 -0.00771 -2.52540e+04 |207  0.02123 -2.51943e+04
208 -0.03117 -2.50825e+04 |209  0.01629 -2.46112e+04 |210 -0.00753 -2.43199e+04
211  0.00599 -2.41089e+04 |212 -0.03481 -2.38545e+04 |213  0.03312 -2.38393e+04
214 -0.00709 -2.33228e+04 |215  0.00315 -2.27985e+04 |216 -0.00067 -2.22109e+04
217  0.00616 -2.18131e+04 |218 -0.00911 -2.12725e+04 |219 -0.00364 -2.05060e+04
220  0.02301 -1.97101e+04 |221 -0.01325 -1.84329e+04 |222  0.00160 -1.75469e+04
223 -0.00481 -1.68161e+04 |224  0.00440 -1.59355e+04 |225  0.00342 -1.46617e+04
226 -0.00981 -1.44775e+04 |227  0.00753 -1.42617e+04 |228  0.00753 -1.40664e+04
229 -0.00834 -1.36098e+04 |230  0.00359 -1.30247e+04 |231 -0.00319 -1.26365e+04
232 -0.00378 -1.19521e+04 |233  0.00291 -1.10029e+04 |234 -0.00169 -1.01504e+04
235  0.00240 -8.70376e+03 |236  0.00470 -8.40726e+03 |237 -0.00042 -8.22522e+03
238 -0.00788 -8.22942e+03 |239  0.00971 -7.99512e+03 |240 -0.00897 -8.05404e+03
241  0.00364 -8.04067e+03 |242  0.00512 -7.63102e+03 |243  0.00085 -6.59270e+03
244 -0.00360 -5.67370e+03 |245 -0.00872 -5.48735e+03 |246  0.00520 -4.13059e+03
247  0.00477 -3.34066e+03 |248 -0.00380 -2.85182e+03 |249 -0.00076 -2.52758e+03
250  0.00562 -2.18058e+03 |251 -0.00806 -1.78836e+03 |252  0.00318 -1.12545e+03
253 -0.01406 -9.04839e+02 |254 -0.00000  6.29717e-14 |255 -0.00000  2.92947e-14
256  0.02048 -2.95623e+04 |257 -0.00981 -2.96369e+04 |258 -0.00385 -2.90989e+04
259 -0.00214 -2.82939e+04 |260  0.00441 -2.73685e+04 |261  0.00225 -2.65657e+04
262 -0.00962 -2.60729e+04 |263  0.01136 -2.53459e+04 |264  0.03048 -2.44087e+04
265 -0.04935 -2.39498e+04 |266  0.00980 -2.40410e+04 |267 -0.00423 -2.39356e+04
268 -0.00315 -2.41700e+04 |269 -0.00174 -2.45797e+04 |270  0.01089 -2.49085e+04
271 -0.00858 -2.55121e+04 |272  0.01013 -2.58271e+04 |273 -0.00657 -2.62049e+04
274  0.00513 -2.64117e+04 |275 -0.00303 -2.66722e+04 |276  0.00873 -2.67215e+04
277 -0.01062 -2.66632e+04 |278  0.00825 -2.66352e+04 |279  0.00299 -2.69853e+04
280  0.01875 -2.71014e+04 |281 -0.03341 -2.71782e+04 |282  0.00750 -2.72540e+04
283 -0.00181 -2.72468e+04 |284 -0.00089 -2.71257e+04 |285  0.00324 -2.69991e+04
286 -0.00294 -2.67591e+04 |287 -0.00263 -2.64582e+04 |288 -0.00939 -2.60626e+04
289  0.00707 -2.50471e+04 |290  0.01063 -2.43312e+04 |291 -0.00710 -2.34885e+04
292  0.00037 -2.24469e+04 |293  0.00478 -2.13882e+04 |294  0.00085 -2.11459e+04
295 -0.00636 -2.07400e+04 |296 -0.00140 -2.04140e+04 |297 -0.00259 -1.98367e+04
298 -0.00061 -1.92702e+04 |299  0.00408 -1.88735e+04 |300  0.00102 -1.80209e+04
301 -0.00556 -1.69067e+04 |302 -0.00062 -1.58182e+04 |303 -0.00163 -1.44146e+04
304  0.00581 -1.34361e+04 |305 -0.00346 -1.27021e+04 |306  0.00128 -1.23091e+04
307  0.00113 -1.18806e+04 |308  0.00456 -1.15453e+04 |309 -0.00391 -1.12403e+04
310 -0.00221 -1.04556e+04 |311  0.00909 -9.38434e+03 |312  0.00193 -8.49831e+03
313 -0.00406 -7.53932e+03 |314 -0.00108 -6.05164e+03 |315  0.00326 -4.89872e+03
316 -0.00005 -4.09692e+03 |317  0.00087 -3.38989e+03 |318  0.00072 -2.89803e+03
319  0.00194 -2.42637e+03 |320 -0.00752 -1.72484e+03 |321  0.00482 -1.05986e+03
322 -0.00000 -7.96702e-14 |323 -0.00000 -1.40308e-14 |
323 variables; iteration 60; function evaluation 68; phase 5
Function value 3.4795950e+03; maximum gradient component mag -2.9318e+04
Var    Value     Gradient |Var    Value     Gradient |Var    Value     Gradient
  1 -0.03655  1.20128e+04 |  2  0.04922 -4.38438e+01 |  3 -0.00646 -9.23786e+01
  4 -0.02461 -4.46402e+01 |  5 -0.07569 -2.43634e+01 |  6 -0.01206 -1.09020e+02
  7  0.08597 -1.07077e+01 |  8 -0.00730  2.36571e+01 |  9  0.06481  5.96967e+01
 10  0.01948 -8.65776e+01 | 11  0.23076  6.50161e+01 | 12 -0.13038 -1.05939e+02
 13 -0.03198 -6.58975e+01 | 14 -0.16955 -1.03542e+02 | 15 -0.20275 -1.09713e+02
 16  0.24731  4.02053e+02 | 17  0.00187 -3.94141e+01 | 18 -0.11476 -1.07849e+02
 19 -0.05249 -8.82509e+01 | 20 -0.01114 -8.34273e+01 | 21 -0.09681 -1.07264e+02
 22  0.03299 -8.92901e+01 | 23 -0.13574 -1.36074e+02 | 24 -0.03325 -9.02021e+01
 25  0.01489 -2.63400e+01 | 26  0.02878 -2.76406e+01 | 27 -0.12960 -1.20192e+02
 28  0.01788 -1.01661e+00 | 29  0.06814  1.49900e+02 | 30 -0.08050 -1.07884e+02
 31 -0.20486 -1.21977e+02 | 32  0.05124 -3.27392e+01 | 33  0.06597  4.08230e+01
 34  0.07140  4.40399e+01 | 35  0.06874  6.81302e+01 | 36 -0.04049 -4.36909e+01
 37  0.00155 -4.06843e+00 | 38  0.06193  5.33381e+01 | 39 -0.12884 -1.12278e+02
 40  0.18307 -1.24057e+01 | 41  0.03940  5.43269e+01 | 42  0.07292 -1.27871e+01
 43 -0.06545 -1.68336e+01 | 44  0.17753  3.28786e+02 | 45 -0.03527  7.55292e+01
 46 -0.03557  6.62397e+01 | 47 -0.02185 -4.58305e+01 | 48 -0.08228 -1.08162e+01
 49  0.11900  1.70724e+02 | 50  0.01594  5.97969e+01 | 51 -0.00301  2.10884e+01
 52  0.01745 -4.83479e+01 | 53 -0.03171  1.81145e+01 | 54  0.08227  2.92572e+02
 55  0.00140 -6.77560e+01 | 56 -0.05694 -1.02791e+02 | 57 -0.06311 -5.52121e+01
 58  0.10027  6.02625e+02 | 59 -0.04520  3.34351e+01 | 60  0.02295 -1.26197e+01
 61  0.00430  4.71360e+01 | 62  0.06826  1.01035e+02 | 63  0.10063  3.12490e+02
 64 -0.05274 -9.54247e+01 | 65  0.00403 -2.60113e+01 | 66  0.04040  1.30039e+02
 67  0.00808 -1.80315e+02 | 68 -0.04349 -6.06957e+01 | 69  0.00906 -1.36509e+02
 70  0.01303 -1.58442e+02 | 71  0.15855  2.76693e+02 | 72 -0.06524 -1.35948e+02
 73 -0.03808 -1.44389e+02 | 74 -0.02712 -1.72313e+02 | 75  0.01245 -1.87849e+02
 76 -0.51211  4.95836e+01 | 77 -0.52755 -4.19648e+01 | 78 -0.72362 -3.11823e+01
 79 -0.87501 -5.69563e+01 | 80 -0.64956 -2.63864e+01 | 81 -0.68826 -1.72818e+01
 82 -0.79482 -5.92650e+01 | 83 -0.82569 -5.58228e+01 | 84 -0.75088 -9.44827e+00
 85 -0.69765 -3.59865e+01 | 86 -0.79660 -5.61422e+01 | 87 -0.96207 -1.54302e+01
 88 -0.73272 -2.51142e+01 | 89 -0.77556 -3.68207e+01 | 90 -0.78207 -1.97215e+01
 91 -0.78389 -3.58516e+01 | 92 -0.77683 -5.88753e+01 | 93 -0.69911  5.35869e+01
 94 -0.69235  5.47455e+01 | 95 -0.78683  2.11318e+01 | 96 -0.79584  2.21358e+01
 97 -0.82330 -3.75184e+00 | 98 -0.80782 -4.38652e-06 | 99 -0.80782 -4.38652e-06
100  0.32381 -1.83843e+03 |101  0.21793 -6.45544e+03 |102  0.15559 -6.80486e+03
103  0.08890 -1.79756e+02 |104 -0.16773  3.42863e+02 |105 -0.20105  1.12263e+03
106 -0.16133  1.29749e+03 |107 -0.00088  4.47375e+03 |108  0.16905  1.61170e+03
109 -0.01744  2.15716e+03 |110  0.16381  1.05219e+03 |111  0.04356  3.22723e+02
112  0.14826 -1.51855e+02 |113 -0.05014  3.29723e+02 |114 -0.33079  1.50767e+03
115 -0.23808  1.17509e+03 |116 -0.08224  1.35287e+03 |117 -0.52174 -4.97863e+01
118  0.99904  1.40599e-01 |119  0.99903  1.45674e-01 |120  0.00889 -8.76735e+03
121 -0.01046 -8.73980e+03 |122  0.01321 -8.69180e+03 |123 -0.01794 -8.53554e+03
124  0.00219 -8.51749e+03 |125 -0.00961 -8.48691e+03 |126 -0.00555 -8.45423e+03
127  0.02068 -8.36306e+03 |128  0.00392 -7.89874e+03 |129 -0.00767 -7.84510e+03
130 -0.00849 -7.81193e+03 |131  0.01116 -7.72623e+03 |132  0.00738 -7.65378e+03
133 -0.01589 -7.64287e+03 |134  0.00642 -7.54848e+03 |135  0.00429 -7.49912e+03
136 -0.00007 -7.40052e+03 |137  0.00283 -7.29605e+03 |138 -0.01326 -7.15594e+03
139 -0.00040 -7.02852e+03 |140  0.00906 -6.83665e+03 |141 -0.00245 -6.59809e+03
142  0.00470 -6.48757e+03 |143 -0.01596 -6.46205e+03 |144  0.01835 -6.29034e+03
145 -0.01540 -6.05778e+03 |146  0.01237 -5.66486e+03 |147 -0.00640 -5.40890e+03
148  0.01907 -5.23443e+03 |149 -0.01837 -5.16557e+03 |150 -0.00279 -4.84769e+03
151  0.03933 -4.69032e+03 |152 -0.03126 -4.54673e+03 |153  0.00018 -4.41141e+03
154 -0.00471 -4.30597e+03 |155  0.00810 -4.24043e+03 |156 -0.00334 -3.71436e+03
157 -0.00469 -3.63041e+03 |158 -0.00415 -3.58682e+03 |159  0.02146 -3.57522e+03
160 -0.01456 -3.55956e+03 |161  0.00728 -3.28025e+03 |162 -0.00641 -3.16307e+03
163 -0.00743 -3.04424e+03 |164  0.00442 -2.69687e+03 |165 -0.00075 -2.50134e+03
166  0.00057 -1.89901e+03 |167  0.00824 -1.67966e+03 |168 -0.01393 -1.62667e+03
169  0.00256 -1.53303e+03 |170  0.03742 -1.31566e+03 |171 -0.04540 -1.35326e+03
172  0.01840 -1.36903e+03 |173  0.00700 -1.44817e+03 |174 -0.00158 -1.34246e+03
175  0.00171 -1.19653e+03 |176 -0.00719 -1.18018e+03 |177  0.00140 -1.10300e+03
178  0.00229 -9.50970e+02 |179 -0.00495 -8.87563e+02 |180 -0.00136 -8.54888e+02
181  0.00091 -7.25303e+02 |182 -0.00240 -6.27951e+02 |183 -0.00081 -2.99517e+02
184 -0.00694 -2.58348e+02 |185  0.00373 -1.76157e+02 |186 -0.00000  1.02717e-14
187 -0.00000  4.35690e-15 |188 -0.00208 -2.85549e+04 |189  0.01258 -2.83887e+04
190 -0.00912 -2.81060e+04 |191  0.01257 -2.77336e+04 |192 -0.00821 -2.73921e+04
193  0.00113 -2.73071e+04 |194 -0.00704 -2.71039e+04 |195  0.00448 -2.68728e+04
196 -0.06790 -2.61517e+04 |197  0.06244 -2.56573e+04 |198  0.00537 -2.56282e+04
199 -0.00301 -2.55975e+04 |200 -0.00019 -2.57528e+04 |201  0.00904 -2.61228e+04
202 -0.01371 -2.62699e+04 |203  0.00358 -2.67558e+04 |204  0.00321 -2.67625e+04
205  0.00098 -2.68602e+04 |206 -0.00851 -2.67486e+04 |207  0.00781 -2.64579e+04
208 -0.00709 -2.62299e+04 |209  0.00447 -2.59324e+04 |210 -0.00235 -2.55792e+04
211  0.01364 -2.54247e+04 |212 -0.08581 -2.51288e+04 |213  0.07365 -2.52625e+04
214 -0.00698 -2.47335e+04 |215  0.00411 -2.42760e+04 |216 -0.00558 -2.37963e+04
217  0.00966 -2.32499e+04 |218 -0.00906 -2.25537e+04 |219 -0.00599 -2.18399e+04
220  0.02715 -2.12234e+04 |221 -0.01378 -2.03209e+04 |222 -0.00305 -1.96735e+04
223 -0.00268 -1.87172e+04 |224  0.00322 -1.77719e+04 |225  0.00369 -1.61266e+04
226 -0.00847 -1.59071e+04 |227  0.00680 -1.58251e+04 |228  0.00662 -1.56196e+04
229 -0.00682 -1.52443e+04 |230  0.00396 -1.46007e+04 |231 -0.00365 -1.41498e+04
232 -0.00622 -1.32433e+04 |233  0.00404 -1.17682e+04 |234  0.00018 -1.05163e+04
235  0.00358 -9.30429e+03 |236  0.00420 -9.07071e+03 |237 -0.00149 -8.85727e+03
238 -0.00638 -8.57292e+03 |239  0.00892 -8.21601e+03 |240 -0.00724 -8.26432e+03
241  0.00099 -8.38363e+03 |242  0.00642 -7.87165e+03 |243 -0.00007 -6.74212e+03
244 -0.00551 -5.74146e+03 |245 -0.00857 -5.46092e+03 |246  0.00588 -3.95051e+03
247  0.00519 -3.20062e+03 |248 -0.00439 -2.79742e+03 |249 -0.00093 -2.52024e+03
250  0.00570 -2.06083e+03 |251 -0.00709 -1.59716e+03 |252  0.00397 -8.05675e+02
253 -0.01159 -6.16627e+02 |254 -0.00000  3.42451e-14 |255 -0.00000  1.95186e-15
256  0.02376 -2.91958e+04 |257 -0.01379 -2.93177e+04 |258 -0.00211 -2.88019e+04
259 -0.00328 -2.80310e+04 |260  0.00333 -2.74312e+04 |261 -0.00386 -2.66160e+04
262  0.00229 -2.62352e+04 |263  0.00136 -2.56731e+04 |264  0.05813 -2.48326e+04
265 -0.07393 -2.43207e+04 |266  0.01455 -2.43203e+04 |267 -0.00821 -2.42977e+04
268  0.00071 -2.45331e+04 |269  0.00162 -2.50203e+04 |270  0.00332 -2.56058e+04
271 -0.00297 -2.62205e+04 |272  0.00111 -2.66692e+04 |273 -0.00094 -2.69692e+04
274  0.00441 -2.70532e+04 |275  0.00019 -2.70971e+04 |276 -0.00324 -2.72379e+04
277 -0.00112 -2.71470e+04 |278  0.00500 -2.70342e+04 |279  0.00572 -2.72567e+04
280  0.06398 -2.73234e+04 |281 -0.07805 -2.74083e+04 |282  0.00783 -2.74469e+04
283 -0.00295 -2.74042e+04 |284  0.00024 -2.73052e+04 |285  0.00099 -2.71617e+04
286 -0.00200 -2.67889e+04 |287 -0.00298 -2.64719e+04 |288 -0.01160 -2.62387e+04
289  0.01124 -2.54763e+04 |290  0.01001 -2.47862e+04 |291 -0.00869 -2.37544e+04
292  0.00090 -2.25694e+04 |293  0.00569 -2.11726e+04 |294  0.00218 -2.09245e+04
295 -0.00693 -2.07232e+04 |296 -0.00068 -2.04521e+04 |297 -0.00375 -2.01142e+04
298 -0.00219 -1.95422e+04 |299  0.00459 -1.90537e+04 |300  0.00150 -1.80081e+04
301 -0.00541 -1.65563e+04 |302  0.00165 -1.53466e+04 |303 -0.00256 -1.41691e+04
304  0.00412 -1.34146e+04 |305 -0.00339 -1.26415e+04 |306 -0.00087 -1.20448e+04
307  0.00276 -1.14396e+04 |308  0.00514 -1.10022e+04 |309 -0.00471 -1.07655e+04
310 -0.00403 -9.81252e+03 |311  0.01056 -8.54487e+03 |312  0.00258 -7.49549e+03
313 -0.00312 -6.47209e+03 |314  0.00083 -4.85442e+03 |315  0.00467 -4.02970e+03
316 -0.00066 -3.72739e+03 |317 -0.00175 -3.36070e+03 |318 -0.00006 -2.79942e+03
319  0.00111 -2.31844e+03 |320 -0.00744 -1.51951e+03 |321  0.00576 -8.04741e+02
322 -0.00000 -2.43088e-13 |323 -0.00000 -9.45169e-14 |
323 variables; iteration 80; function evaluation 90; phase 5
Function value 3.4175668e+03; maximum gradient component mag -1.2712e+04
Var    Value     Gradient |Var    Value     Gradient |Var    Value     Gradient
  1 -0.03670  8.86264e+03 |  2  0.17332  2.02626e+01 |  3 -0.14009 -4.75763e+01
  4  0.06486  3.23517e+01 |  5 -0.07692  6.60522e+00 |  6  0.02999 -3.80614e+01
  7  0.07232  1.07261e+01 |  8 -0.02246 -2.64230e-02 |  9  0.06274  7.99499e+01
 10  0.01574 -2.88770e+01 | 11  0.22786  1.70222e+02 | 12 -0.16977 -6.95624e+01
 13 -0.02654  2.73609e+00 | 14 -0.18920 -4.55514e+01 | 15 -0.19512 -5.16562e+01
 16  0.24618  6.57936e+02 | 17  0.00250  6.07021e+01 | 18 -0.10333 -1.17978e+01
 19 -0.05602 -3.86797e+01 | 20 -0.02662 -3.02399e+01 | 21 -0.09476 -1.99267e+01
 22  0.05178  1.90958e+02 | 23 -0.12390 -3.55335e+01 | 24 -0.03616 -2.46873e+01
 25  0.01200  8.28112e+01 | 26  0.04133  1.91689e+02 | 27 -0.12903 -2.88478e+01
 28  0.00549  8.30696e+01 | 29  0.06635  2.95023e+02 | 30 -0.04643  1.01936e+02
 31 -0.16966 -2.13696e+01 | 32  0.04040  5.29070e+01 | 33  0.07384  2.70447e+02
 34  0.06006  1.22967e+02 | 35  0.06170  1.47161e+02 | 36 -0.04648  8.70226e-01
 37  0.02512  1.67913e+02 | 38  0.06183  1.51238e+02 | 39 -0.12011 -8.95697e+01
 40  0.18912  2.07194e+02 | 41  0.03207  4.03015e+01 | 42  0.07816  1.53092e+02
 43 -0.06623  7.06608e+00 | 44  0.17944  3.82474e+02 | 45 -0.03880  3.56619e+01
 46 -0.03821  2.31570e+01 | 47 -0.02027 -5.01465e+01 | 48 -0.08034  8.57909e+00
 49  0.11738 -1.33739e+02 | 50  0.01571 -5.35885e+00 | 51 -0.00258 -3.38958e+00
 52  0.01686 -1.74713e+02 | 53 -0.02808  7.31641e+01 | 54  0.08293 -1.91403e+02
 55  0.00721 -2.94755e+02 | 56 -0.05484  1.19278e+00 | 57 -0.07049 -2.63818e+02
 58  0.10139  1.60244e+02 | 59 -0.04712 -2.75159e+01 | 60  0.01504 -3.66877e+02
 61 -0.00233 -2.14918e+02 | 62  0.06465 -2.32023e+02 | 63  0.09780 -1.89357e+02
 64 -0.04895 -2.93308e+01 | 65 -0.00185 -2.31943e+02 | 66  0.03996  1.20651e+02
 67  0.00468 -4.00599e+02 | 68 -0.04419 -7.10472e+01 | 69  0.01365  9.01317e+01
 70  0.01568 -1.08940e+02 | 71  0.15492 -2.31447e+01 | 72 -0.06650 -6.46819e+01
 73 -0.04452 -1.97709e+02 | 74 -0.02947 -1.31814e+02 | 75  0.00913 -1.56428e+02
 76 -0.51621 -2.36195e+01 | 77 -0.74091 -8.81675e+01 | 78 -0.81363 -3.08066e+01
 79 -0.64602  6.97072e+01 | 80 -0.92689 -3.98420e+01 | 81 -0.72780  6.74480e+01
 82 -0.86376 -6.66282e+01 | 83 -0.85837 -2.85826e+01 | 84 -0.83990 -4.69704e+01
 85 -0.81235 -4.58037e+01 | 86 -0.91374 -6.00851e+01 | 87 -0.87611 -2.49767e+01
 88 -0.74273  6.88431e+01 | 89 -1.10145  3.67680e+01 | 90 -0.82326 -2.68556e+00
 91 -0.85926 -5.65408e+01 | 92 -0.99243 -7.50414e+00 | 93 -0.78668  1.70385e+01
 94 -0.79361 -1.08112e+01 | 95 -0.85041 -2.96508e+01 | 96 -0.84859 -2.07233e+01
 97 -0.85263  3.75446e+01 | 98 -0.80782 -4.38652e-06 | 99 -0.80782 -4.38652e-06
100  0.32446 -1.38710e+03 |101  0.22360 -1.84865e+03 |102  0.15501 -2.87699e+03
103  0.08831 -3.66725e+02 |104 -0.16809  3.36561e+02 |105 -0.19985  8.41957e+02
106 -0.16925  6.69307e+02 |107 -0.00094  5.34052e+03 |108  0.16865  2.08918e+03
109 -0.01809  2.34851e+03 |110  0.16314  1.01795e+03 |111  0.04662  3.20571e+02
112  0.13410 -2.63766e+02 |113 -0.04564  2.44680e+02 |114 -0.33750  4.32851e+02
115 -0.22907  2.00168e+02 |116 -0.14105  3.44147e+02 |117 -0.36830 -8.07301e+00
118  1.00091 -1.34009e-01 |119  1.00088 -1.34070e-01 |120  0.01552 -6.61524e+03
121 -0.01515 -6.60530e+03 |122  0.01387 -6.56341e+03 |123 -0.02884 -6.45474e+03
124  0.02148 -6.42549e+03 |125 -0.03055 -6.41184e+03 |126  0.00592 -6.36998e+03
127  0.01906 -6.28871e+03 |128  0.00115 -5.87523e+03 |129 -0.00808 -5.80524e+03
130 -0.00150 -5.75778e+03 |131  0.00946 -5.70268e+03 |132  0.00434 -5.67153e+03
133 -0.01024 -5.64673e+03 |134  0.00621 -5.60405e+03 |135  0.00358 -5.58516e+03
136 -0.00787 -5.52894e+03 |137  0.00179 -5.36441e+03 |138 -0.00532 -5.12943e+03
139 -0.00141 -5.03976e+03 |140  0.01485 -4.81962e+03 |141 -0.02601 -4.75957e+03
142  0.00068 -4.34110e+03 |143 -0.03503 -4.22678e+03 |144  0.04825 -4.21929e+03
145 -0.00591 -3.72291e+03 |146  0.00878 -3.46974e+03 |147  0.00823 -3.23054e+03
148  0.00483 -3.18667e+03 |149 -0.01570 -3.09989e+03 |150  0.00215 -2.87189e+03
151  0.02604 -2.77643e+03 |152 -0.01892 -2.59623e+03 |153  0.00697 -2.50897e+03
154 -0.00826 -2.51982e+03 |155 -0.00148 -2.49649e+03 |156 -0.00348 -2.12567e+03
157 -0.00463 -2.04016e+03 |158 -0.00198 -2.00779e+03 |159  0.01899 -2.04723e+03
160 -0.01277 -2.03892e+03 |161  0.00815 -1.87339e+03 |162 -0.00832 -1.77124e+03
163 -0.00720 -1.67085e+03 |164  0.00346 -1.43731e+03 |165  0.00016 -1.26558e+03
166 -0.00031 -7.82391e+02 |167  0.01232 -5.55826e+02 |168 -0.01559 -5.37434e+02
169  0.00318 -4.95647e+02 |170  0.02193 -6.03775e+02 |171 -0.02389 -6.09727e+02
172  0.01330 -7.84141e+02 |173  0.00610 -9.17564e+02 |174  0.00679 -8.56258e+02
175  0.00407 -7.93082e+02 |176 -0.01338 -7.90897e+02 |177 -0.00045 -7.40777e+02
178  0.00289 -6.82071e+02 |179 -0.00523 -6.61643e+02 |180 -0.00292 -6.56511e+02
181  0.00066 -6.07437e+02 |182 -0.00521 -5.56351e+02 |183 -0.00187 -2.74735e+02
184 -0.00727 -2.33183e+02 |185  0.00281 -1.57945e+02 |186 -0.00000  1.25218e-14
187 -0.00000  5.83179e-15 |188 -0.00141 -8.20388e+03 |189  0.00947 -8.13538e+03
190 -0.00683 -7.87020e+03 |191  0.01220 -7.63735e+03 |192 -0.01600 -7.52943e+03
193  0.01394 -7.43581e+03 |194 -0.01456 -7.30896e+03 |195  0.01366 -7.11519e+03
196 -0.06478 -6.56952e+03 |197  0.05144 -5.96135e+03 |198  0.00810 -5.80659e+03
199 -0.00200 -5.81597e+03 |200 -0.00792 -6.05375e+03 |201  0.01539 -6.33419e+03
202 -0.01378 -6.53030e+03 |203  0.00039 -7.07922e+03 |204  0.00399 -7.10553e+03
205  0.00152 -7.21520e+03 |206 -0.00804 -7.09080e+03 |207  0.00157 -6.72627e+03
208 -0.00169 -6.31893e+03 |209  0.00995 -6.11460e+03 |210 -0.00056 -5.87436e+03
211  0.06018 -5.75443e+03 |212 -0.25797 -5.41079e+03 |213  0.19503 -6.02056e+03
214 -0.00818 -6.06276e+03 |215  0.00387 -6.34089e+03 |216 -0.00588 -6.48574e+03
217  0.00999 -6.32944e+03 |218 -0.01383 -5.89536e+03 |219  0.00256 -5.69642e+03
220  0.01633 -5.55739e+03 |221 -0.00457 -4.96950e+03 |222 -0.00547 -4.85116e+03
223 -0.00104 -4.34886e+03 |224  0.00306 -3.86937e+03 |225  0.00153 -2.90350e+03
226 -0.00926 -2.83362e+03 |227  0.00749 -2.92269e+03 |228  0.00586 -3.32474e+03
229 -0.00747 -3.26989e+03 |230  0.00468 -3.11442e+03 |231 -0.00328 -2.99151e+03
232 -0.00578 -2.65013e+03 |233  0.00416 -2.09040e+03 |234 -0.00165 -1.45520e+03
235  0.00410 -9.22011e+02 |236  0.00330 -1.02022e+03 |237 -0.00034 -1.08573e+03
238 -0.00614 -1.51636e+03 |239  0.00921 -2.18119e+03 |240 -0.00761 -2.54791e+03
241  0.00006 -3.10279e+03 |242  0.00438 -3.15225e+03 |243  0.00075 -2.33089e+03
244 -0.00764 -1.57738e+03 |245 -0.00293 -1.34932e+03 |246  0.00527 -6.14589e+02
247  0.00832 -4.63014e+02 |248 -0.00552 -5.34047e+02 |249 -0.00401 -6.65146e+02
250  0.00523 -6.73259e+02 |251 -0.00592 -4.61326e+02 |252  0.00235 -2.72253e+02
253 -0.01080 -1.82212e+02 |254 -0.00000  3.60384e-14 |255 -0.00000  4.76056e-15
256  0.01832 -1.23422e+04 |257 -0.00771 -1.25773e+04 |258 -0.00207 -1.22627e+04
259 -0.00176 -1.17637e+04 |260  0.00395 -1.15152e+04 |261 -0.00726 -1.10624e+04
262  0.00495 -1.07946e+04 |263 -0.00728 -1.03588e+04 |264  0.05322 -9.51250e+03
265 -0.05900 -8.95391e+03 |266  0.01079 -9.00830e+03 |267 -0.01042 -9.01030e+03
268  0.00626 -9.18708e+03 |269 -0.00352 -9.81359e+03 |270  0.00573 -1.03587e+04
271 -0.00110 -1.10426e+04 |272 -0.00088 -1.15639e+04 |273 -0.00145 -1.18567e+04
274  0.00391 -1.20135e+04 |275  0.00215 -1.20364e+04 |276 -0.00656 -1.21286e+04
277 -0.00444 -1.20573e+04 |278  0.00785 -1.17202e+04 |279  0.00644 -1.17662e+04
280  0.18200 -1.14732e+04 |281 -0.20393 -1.19482e+04 |282  0.01750 -1.21783e+04
283 -0.00505 -1.24997e+04 |284  0.00119 -1.26578e+04 |285  0.00091 -1.27118e+04
286  0.00231 -1.24916e+04 |287 -0.00960 -1.25500e+04 |288 -0.00415 -1.23659e+04
289  0.00672 -1.19553e+04 |290  0.00951 -1.13916e+04 |291 -0.00737 -1.07315e+04
292 -0.00234 -9.90543e+03 |293  0.00905 -8.99800e+03 |294  0.00001 -8.95188e+03
295 -0.00244 -8.85888e+03 |296 -0.00259 -9.29217e+03 |297 -0.00534 -9.29615e+03
298  0.00014 -9.04507e+03 |299  0.00406 -8.80139e+03 |300  0.00162 -8.26908e+03
301 -0.00491 -7.54655e+03 |302  0.00154 -6.87222e+03 |303 -0.00359 -6.21403e+03
304  0.00412 -5.60680e+03 |305 -0.00193 -5.18066e+03 |306  0.00099 -5.23491e+03
307 -0.00063 -5.50872e+03 |308  0.00535 -5.30916e+03 |309 -0.00239 -5.52756e+03
310 -0.00461 -5.24087e+03 |311  0.00941 -4.35347e+03 |312  0.00225 -3.55050e+03
313 -0.00392 -2.71061e+03 |314  0.00116 -1.79200e+03 |315  0.00391 -1.46040e+03
316  0.00021 -1.49762e+03 |317 -0.00185 -1.53369e+03 |318 -0.00066 -1.39850e+03
319  0.00050 -1.06768e+03 |320 -0.00386 -6.24416e+02 |321  0.00484 -3.43619e+02
322 -0.00000 -6.53886e-13 |323 -0.00000 -2.27044e-13 |
323 variables; iteration 100; function evaluation 110; phase 5
Function value 3.4012389e+03; maximum gradient component mag -9.6835e+03
Var    Value     Gradient |Var    Value     Gradient |Var    Value     Gradient
  1 -0.03533  2.82699e+03 |  2  0.20737  3.91745e+01 |  3 -0.18626 -4.92513e+01
  4  0.06171  2.69692e+01 |  5 -0.09315  3.06339e+00 |  6  0.05062  4.44688e+00
  7  0.04951 -2.21879e+01 |  8 -0.00373  6.98485e+00 |  9  0.05582  5.89388e+01
 10  0.01075  2.08688e+01 | 11  0.22435  2.00079e+02 | 12 -0.15295 -1.88729e+00
 13 -0.03769  5.57561e+01 | 14 -0.14715  4.88177e+01 | 15 -0.12822  7.70031e+01
 16  0.24167  6.59197e+02 | 17 -0.00926  1.06456e+02 | 18 -0.09964  6.06036e+01
 19 -0.06616  9.15022e+00 | 20 -0.03146  2.67820e+01 | 21 -0.08814  5.89211e+01
 22  0.05105  2.80519e+02 | 23 -0.10594  5.67802e+01 | 24 -0.04606  3.21672e+01
 25  0.01299  1.52209e+02 | 26  0.03874  2.83840e+02 | 27 -0.10390  5.82753e+01
 28 -0.01163  1.15564e+02 | 29  0.06276  3.43800e+02 | 30 -0.05156  1.39005e+02
 31 -0.14711  7.71962e+01 | 32  0.04349  1.52995e+02 | 33  0.06349  2.76761e+02
 34  0.05675  1.81148e+02 | 35  0.05449  2.05821e+02 | 36 -0.05328  5.58081e+01
 37  0.01981  2.13194e+02 | 38  0.06531  2.24237e+02 | 39 -0.13936 -3.73677e+01
 40  0.18944  2.19060e+02 | 41  0.03110  9.59409e+01 | 42  0.07938  2.47110e+02
 43 -0.06680  8.64354e+01 | 44  0.17924  4.80115e+02 | 45 -0.03982  1.01490e+02
 46 -0.03751  1.12248e+02 | 47 -0.02122  9.63538e+00 | 48 -0.08233  4.96535e+01
 49  0.11561 -1.74138e+02 | 50  0.01534  3.89385e+01 | 51 -0.00502 -4.75550e+00
 52  0.01442 -2.30702e+02 | 53 -0.03002  5.85945e+01 | 54  0.08121 -3.58802e+02
 55  0.00537 -4.33013e+02 | 56 -0.05360 -5.81509e+00 | 57 -0.07407 -3.71247e+02
 58  0.09941 -2.37900e+01 | 59 -0.04808 -7.08230e+01 | 60  0.00831 -6.31355e+02
 61 -0.00523 -3.25214e+02 | 62  0.06354 -4.12427e+02 | 63  0.09565 -6.07915e+02
 64 -0.05000 -4.83460e+01 | 65 -0.00159 -3.09622e+02 | 66  0.03755 -2.32589e+02
 67  0.00190 -5.07705e+02 | 68 -0.04516 -1.91814e+02 | 69  0.01098  1.03173e+02
 70  0.01241 -1.93656e+01 | 71  0.15010 -4.99525e+02 | 72 -0.06900 -3.28062e+01
 73 -0.04552 -6.21818e+01 | 74 -0.03275 -6.82182e+01 | 75  0.00655 -9.07412e+01
 76 -0.47861 -4.00261e+00 | 77 -0.75808 -7.09060e+01 | 78 -0.81837 -6.86619e+00
 79 -0.65030  1.32933e+02 | 80 -1.20856  1.10549e+01 | 81 -0.78683  1.12996e+01
 82 -0.83545 -4.57061e+00 | 83 -0.85451  1.28260e+01 | 84 -0.84129 -2.00117e+01
 85 -0.83064 -2.62209e+01 | 86 -0.90976 -4.30037e+01 | 87 -0.80816  6.94679e+01
 88 -0.82999  1.78499e+01 | 89 -1.27225 -1.61401e+02 | 90 -0.85056  1.95077e+00
 91 -0.84185 -4.66908e+00 | 92 -1.22413 -3.68265e+01 | 93 -0.85492 -7.37500e+01
 94 -0.85407 -8.07036e+01 | 95 -0.85269 -3.37524e+01 | 96 -0.85056 -3.62955e+01
 97 -0.83650  1.31524e+02 | 98 -0.80782 -4.38652e-06 | 99 -0.80782 -4.38652e-06
100  0.32395 -1.31886e+03 |101  0.22611 -1.48797e+03 |102  0.15586 -2.16181e+03
103  0.08805 -4.52078e+02 |104 -0.16753  2.96546e+02 |105 -0.20078  6.54089e+02
106 -0.17070  4.80481e+02 |107 -0.00099  4.83854e+03 |108  0.16862  1.83483e+03
109 -0.01814  2.07932e+03 |110  0.16259  8.07060e+02 |111  0.04243  2.59962e+02
112  0.14586 -1.70498e+02 |113 -0.04808  1.73637e+02 |114 -0.33582  7.59486e+02
115 -0.22692  2.92470e+02 |116 -0.17066  3.60700e+02 |117 -0.27439  1.30699e+02
118  1.00841 -4.32563e-01 |119  1.00840 -4.90375e-01 |120  0.01220 -6.28836e+03
121 -0.01094 -6.27809e+03 |122  0.01190 -6.24112e+03 |123 -0.02359 -6.11813e+03
124  0.02360 -6.08982e+03 |125 -0.03488 -6.08830e+03 |126  0.00774 -6.03760e+03
127  0.00941 -5.96698e+03 |128  0.00824 -5.46557e+03 |129 -0.00637 -5.40661e+03
130 -0.00376 -5.36154e+03 |131  0.00987 -5.30886e+03 |132  0.00616 -5.26701e+03
133 -0.01494 -5.24630e+03 |134  0.01490 -5.17480e+03 |135 -0.00745 -5.17660e+03
136  0.00033 -5.09256e+03 |137 -0.00325 -4.96610e+03 |138  0.00203 -4.70470e+03
139 -0.01536 -4.64227e+03 |140  0.02542 -4.38144e+03 |141 -0.02499 -4.34211e+03
142 -0.01081 -4.01764e+03 |143 -0.02302 -3.81033e+03 |144  0.04505 -3.80283e+03
145 -0.00740 -3.39797e+03 |146  0.00727 -3.14019e+03 |147  0.00919 -2.87832e+03
148  0.00480 -2.83125e+03 |149 -0.01314 -2.73841e+03 |150 -0.00091 -2.53948e+03
151  0.03059 -2.44795e+03 |152 -0.02022 -2.28034e+03 |153  0.00280 -2.20881e+03
154 -0.00794 -2.21199e+03 |155  0.00092 -2.18887e+03 |156 -0.00297 -1.85513e+03
157 -0.00536 -1.78083e+03 |158 -0.00332 -1.74453e+03 |159  0.02153 -1.76608e+03
160 -0.01397 -1.76370e+03 |161  0.00926 -1.59812e+03 |162 -0.01080 -1.51212e+03
163 -0.00788 -1.41251e+03 |164  0.00380 -1.16374e+03 |165  0.00186 -9.81890e+02
166  0.00104 -5.20240e+02 |167  0.01444 -3.38085e+02 |168 -0.01900 -3.31917e+02
169  0.00289 -3.18908e+02 |170  0.02761 -4.81526e+02 |171 -0.03130 -5.07268e+02
172  0.01485 -6.76483e+02 |173  0.00872 -8.12632e+02 |174  0.00768 -7.76621e+02
175  0.00322 -7.32737e+02 |176 -0.01492 -7.32286e+02 |177 -0.00126 -6.88632e+02
178  0.00434 -6.47550e+02 |179 -0.00697 -6.37166e+02 |180 -0.00286 -6.33197e+02
181 -0.00051 -5.98068e+02 |182 -0.00563 -5.41696e+02 |183  0.00002 -2.33593e+02
184 -0.00668 -1.93537e+02 |185  0.00365 -1.22126e+02 |186 -0.00000  1.27492e-14
187 -0.00000  6.04899e-15 |188  0.00218 -6.61201e+03 |189  0.00237 -6.57579e+03
190 -0.00530 -6.34360e+03 |191  0.01225 -6.09031e+03 |192 -0.01275 -6.00506e+03
193  0.00315 -5.92667e+03 |194  0.00012 -5.79962e+03 |195  0.00403 -5.60736e+03
196 -0.02342 -4.95841e+03 |197  0.01227 -4.30625e+03 |198  0.01036 -4.09131e+03
199 -0.00595 -4.09288e+03 |200 -0.00588 -4.19259e+03 |201  0.01729 -4.34238e+03
202 -0.01738 -4.50675e+03 |203  0.00354 -4.78922e+03 |204 -0.00191 -4.73962e+03
205  0.00811 -4.77656e+03 |206 -0.01003 -4.57260e+03 |207  0.00825 -4.11852e+03
208 -0.01367 -3.77633e+03 |209  0.01703 -3.39761e+03 |210  0.00152 -3.14076e+03
211  0.05172 -3.05535e+03 |212 -0.27768 -2.88366e+03 |213  0.22015 -3.43865e+03
214 -0.00678 -3.53094e+03 |215  0.00260 -3.84759e+03 |216 -0.00514 -4.00074e+03
217  0.00994 -3.86882e+03 |218 -0.01429 -3.51015e+03 |219 -0.00105 -3.32600e+03
220  0.02190 -3.14990e+03 |221 -0.00624 -2.69294e+03 |222 -0.00409 -2.58783e+03
223 -0.00211 -2.29273e+03 |224  0.00270 -1.87394e+03 |225 -0.00036 -1.12409e+03
226 -0.01060 -1.02611e+03 |227  0.00875 -1.10333e+03 |228  0.00665 -1.55962e+03
229 -0.00689 -1.49387e+03 |230  0.00561 -1.46194e+03 |231 -0.00404 -1.40847e+03
232 -0.00576 -1.14256e+03 |233  0.00394 -7.49074e+02 |234 -0.00213 -1.35821e+02
235  0.00321  2.72298e+02 |236  0.00557  2.50975e+02 |237 -0.00083  1.01210e+02
238 -0.00608 -4.26284e+02 |239  0.00923 -1.39487e+03 |240 -0.00974 -1.79812e+03
241  0.00141 -2.31952e+03 |242  0.00512 -2.40785e+03 |243  0.00037 -1.72166e+03
244 -0.00721 -9.96639e+02 |245 -0.00246 -8.06825e+02 |246  0.00429 -2.84525e+02
247  0.00850 -1.98026e+02 |248 -0.00545 -2.94591e+02 |249 -0.00358 -4.92763e+02
250  0.00587 -5.79725e+02 |251 -0.00736 -3.92948e+02 |252  0.00243 -2.16361e+02
253 -0.01154 -1.29169e+02 |254 -0.00000  1.68959e-14 |255 -0.00000  1.01760e-14
256  0.01796 -9.27629e+03 |257 -0.00352 -9.60409e+03 |258 -0.00493 -9.41894e+03
259 -0.00098 -9.04594e+03 |260  0.00279 -8.94798e+03 |261  0.00115 -8.59637e+03
262 -0.00635 -8.39764e+03 |263  0.00237 -7.87491e+03 |264  0.00643 -7.06063e+03
265 -0.01944 -6.37069e+03 |266  0.00935 -6.43775e+03 |267 -0.00846 -6.42530e+03
268  0.00536 -6.47554e+03 |269 -0.00331 -7.02544e+03 |270  0.00684 -7.58500e+03
271 -0.00146 -8.07692e+03 |272  0.00231 -8.66445e+03 |273 -0.00751 -8.98316e+03
274  0.00605 -9.03636e+03 |275  0.00129 -9.03008e+03 |276 -0.00195 -9.14205e+03
277 -0.00995 -8.97505e+03 |278  0.00982 -8.64661e+03 |279  0.00810 -8.72748e+03
280  0.20528 -8.54022e+03 |281 -0.23012 -9.07572e+03 |282  0.01617 -9.29029e+03
283 -0.00382 -9.58326e+03 |284  0.00064 -9.68354e+03 |285  0.00213 -9.65873e+03
286  0.00351 -9.49800e+03 |287 -0.00912 -9.62416e+03 |288 -0.00703 -9.47323e+03
289  0.00567 -9.18048e+03 |290  0.01255 -8.53238e+03 |291 -0.00880 -8.07912e+03
292 -0.00103 -7.21746e+03 |293  0.00839 -6.51136e+03 |294  0.00278 -6.48658e+03
295 -0.00326 -6.47892e+03 |296 -0.00505 -7.07079e+03 |297 -0.00454 -7.06579e+03
298 -0.00032 -6.92732e+03 |299  0.00514 -6.73709e+03 |300  0.00155 -6.33219e+03
301 -0.00606 -5.80425e+03 |302  0.00292 -5.16773e+03 |303 -0.00356 -4.65476e+03
304  0.00326 -4.12649e+03 |305 -0.00246 -3.78484e+03 |306  0.00287 -3.88115e+03
307 -0.00011 -4.46790e+03 |308  0.00444 -4.50592e+03 |309 -0.00308 -4.79039e+03
310 -0.00446 -4.59590e+03 |311  0.00849 -3.81846e+03 |312  0.00237 -3.00556e+03
313 -0.00302 -2.16486e+03 |314  0.00111 -1.46768e+03 |315  0.00327 -1.22906e+03
316  0.00140 -1.27574e+03 |317 -0.00290 -1.46383e+03 |318 -0.00159 -1.43508e+03
319  0.00135 -9.80534e+02 |320 -0.00414 -5.25131e+02 |321  0.00669 -2.53535e+02
322 -0.00000 -7.52055e-13 |323 -0.00000 -2.74426e-13 |
323 variables; iteration 120; function evaluation 130; phase 5
Function value 3.3755262e+03; maximum gradient component mag -9.5804e+03
Var    Value     Gradient |Var    Value     Gradient |Var    Value     Gradient
  1 -0.03419  2.56344e+03 |  2  0.21463  4.47000e+01 |  3 -0.25160 -5.51469e+01
  4  0.06685  3.17008e+01 |  5 -0.11283 -3.28485e+00 |  6  0.05466  2.55489e+01
  7  0.04576 -8.45734e+00 |  8 -0.00298  1.47813e+01 |  9  0.05259  5.23905e+01
 10  0.01197  2.44235e+01 | 11  0.21490  1.60650e+02 | 12 -0.10818  2.50090e+01
 13 -0.04656  5.87051e+01 | 14 -0.13251  5.67849e+01 | 15 -0.12594  7.96100e+01
 16  0.23922  6.43257e+02 | 17 -0.01313  1.03116e+02 | 18 -0.09854  7.20250e+01
 19 -0.05931  4.53340e+01 | 20 -0.02886  5.36030e+01 | 21 -0.08765  7.03209e+01
 22  0.04759  2.75359e+02 | 23 -0.10320  6.89396e+01 | 24 -0.04066  6.07974e+01
 25  0.01127  1.55698e+02 | 26  0.03260  2.64562e+02 | 27 -0.10090  6.83499e+01
 28 -0.00637  1.32684e+02 | 29  0.06208  3.47861e+02 | 30 -0.04216  1.58018e+02
 31 -0.14364  7.93547e+01 | 32  0.04097  1.44094e+02 | 33  0.06041  2.72765e+02
 34  0.04341  1.48026e+02 | 35  0.05272  2.10784e+02 | 36 -0.04992  7.80467e+01
 37  0.02148  2.23196e+02 | 38  0.06012  2.14468e+02 | 39 -0.13505 -2.31939e+01
 40  0.18635  2.12677e+02 | 41  0.02812  9.06499e+01 | 42  0.07783  2.53871e+02
 43 -0.06917  8.21412e+01 | 44  0.17767  4.87329e+02 | 45 -0.04132  1.06730e+02
 46 -0.04038  8.50875e+01 | 47 -0.02414 -1.36139e+01 | 48 -0.08232  8.37528e+01
 49  0.11332 -2.21285e+02 | 50  0.01372  3.32157e+01 | 51 -0.00523  3.07282e+01
 52  0.01401 -1.98214e+02 | 53 -0.03128  5.54342e+01 | 54  0.07966 -3.50457e+02
 55  0.00259 -4.51215e+02 | 56 -0.05676 -5.11316e+01 | 57 -0.07578 -3.76234e+02
 58  0.09745 -1.29216e+02 | 59 -0.04887 -7.99622e+01 | 60  0.01106 -5.37578e+02
 61 -0.00391 -3.34571e+02 | 62  0.06458 -4.56884e+02 | 63  0.09593 -5.15271e+02
 64 -0.05351 -1.00222e+02 | 65 -0.00244 -3.45742e+02 | 66  0.03583 -2.79418e+02
 67  0.00199 -4.51266e+02 | 68 -0.04638 -1.89814e+02 | 69  0.00928  7.84368e+01
 70  0.01087 -1.60472e+01 | 71  0.14872 -5.15678e+02 | 72 -0.07120 -4.74238e+01
 73 -0.04622 -3.37874e+01 | 74 -0.03552 -8.55296e+01 | 75  0.00278 -1.15014e+02
 76 -0.46450  1.40917e+00 | 77 -0.74564 -6.41836e+01 | 78 -0.81421  4.79703e+00
 79 -0.66372  1.13220e+02 | 80 -1.21364  7.27295e+00 | 81 -0.78752  1.30607e+01
 82 -0.83258  8.22129e+00 | 83 -0.85216  2.76487e+01 | 84 -0.84336 -1.96783e+01
 85 -0.79510 -3.03416e+00 | 86 -0.80035  8.56312e+01 | 87 -0.82457  5.44449e+01
 88 -0.82790  2.26932e+01 | 89 -1.26161 -1.43417e+02 | 90 -0.84716  8.14036e+00
 91 -0.84600 -9.62710e+00 | 92 -1.22209 -3.48583e+01 | 93 -0.86019 -7.59246e+01
 94 -0.85396 -8.05706e+01 | 95 -0.85080 -2.45136e+01 | 96 -0.84895 -2.61497e+01
 97 -0.83753  1.24657e+02 | 98 -0.80782 -4.38651e-06 | 99 -0.80782 -4.38651e-06
100  0.32441 -1.18324e+03 |101  0.22704 -1.43188e+03 |102  0.15642 -1.99106e+03
103  0.08852 -2.98939e+02 |104 -0.16817  2.00991e+02 |105 -0.20020  6.41515e+02
106 -0.17099  4.56076e+02 |107 -0.00109  4.22341e+03 |108  0.16870  1.60906e+03
109 -0.01835  1.84609e+03 |110  0.16252  7.27400e+02 |111  0.04063  2.36698e+02
112  0.14759 -1.58617e+02 |113 -0.04790  1.73520e+02 |114 -0.33477  8.42241e+02
115 -0.22962  3.09686e+02 |116 -0.16567  3.92250e+02 |117 -0.27622  1.39651e+02
118  1.08285 -2.39444e+00 |119  1.08531 -3.07364e+00 |120  0.01209 -5.64370e+03
121 -0.00732 -5.63423e+03 |122  0.01106 -5.60578e+03 |123 -0.01653 -5.52062e+03
124 -0.00259 -5.50763e+03 |125 -0.00354 -5.49299e+03 |126 -0.00865 -5.47423e+03
127  0.00698 -5.40508e+03 |128  0.01221 -4.91508e+03 |129 -0.00348 -4.85892e+03
130 -0.00101 -4.82300e+03 |131  0.00548 -4.78008e+03 |132  0.00341 -4.74722e+03
133 -0.01111 -4.72053e+03 |134  0.01153 -4.67248e+03 |135 -0.00635 -4.66652e+03
136 -0.00081 -4.58446e+03 |137 -0.00225 -4.44330e+03 |138  0.00177 -4.19894e+03
139 -0.01439 -4.13000e+03 |140  0.02420 -3.91244e+03 |141 -0.02124 -3.88407e+03
142 -0.01196 -3.60899e+03 |143 -0.02332 -3.45080e+03 |144  0.04455 -3.45418e+03
145 -0.01016 -3.08939e+03 |146  0.01007 -2.80876e+03 |147  0.01686 -2.55129e+03
148 -0.00085 -2.53792e+03 |149 -0.01722 -2.46659e+03 |150  0.00192 -2.26745e+03
151  0.02985 -2.18531e+03 |152 -0.02204 -2.04150e+03 |153 -0.00154 -1.96935e+03
154 -0.00319 -1.95033e+03 |155  0.00003 -1.92844e+03 |156 -0.00114 -1.60804e+03
157 -0.00477 -1.53870e+03 |158 -0.00347 -1.50734e+03 |159  0.01981 -1.54133e+03
160 -0.01081 -1.53566e+03 |161  0.00672 -1.42140e+03 |162 -0.01148 -1.33612e+03
163 -0.00743 -1.22509e+03 |164  0.00428 -9.81720e+02 |165  0.00328 -8.14239e+02
166  0.00005 -4.37340e+02 |167  0.01233 -2.74182e+02 |168 -0.01613 -2.64294e+02
169  0.00200 -2.60891e+02 |170  0.02496 -4.20332e+02 |171 -0.02860 -4.41047e+02
172  0.01157 -6.20549e+02 |173  0.01133 -7.27622e+02 |174  0.00926 -6.97359e+02
175 -0.00082 -6.61748e+02 |176 -0.01186 -6.58883e+02 |177 -0.00305 -6.16705e+02
178  0.00470 -5.68449e+02 |179 -0.00528 -5.56678e+02 |180 -0.00047 -5.53103e+02
181 -0.00153 -5.33378e+02 |182 -0.00635 -4.93656e+02 |183 -0.00103 -2.03450e+02
184 -0.00627 -1.66378e+02 |185  0.00301 -1.13342e+02 |186  0.00000  1.22076e-14
187  0.00000  5.88542e-15 |188  0.00326 -6.36587e+03 |189  0.00068 -6.34483e+03
190 -0.00538 -6.13530e+03 |191  0.01164 -5.95309e+03 |192  0.00053 -5.90425e+03
193 -0.01819 -5.86391e+03 |194  0.01227 -5.74757e+03 |195  0.00122 -5.57543e+03
196 -0.02490 -4.98444e+03 |197  0.01364 -4.37739e+03 |198  0.00730 -4.18557e+03
199 -0.00292 -4.15608e+03 |200 -0.00540 -4.23451e+03 |201  0.01524 -4.41170e+03
202 -0.01708 -4.54765e+03 |203  0.00565 -4.79989e+03 |204 -0.00314 -4.76364e+03
205  0.00773 -4.73412e+03 |206 -0.00925 -4.59746e+03 |207  0.01058 -4.18800e+03
208 -0.01490 -3.92144e+03 |209  0.01473 -3.64259e+03 |210  0.00468 -3.39347e+03
211  0.04846 -3.39029e+03 |212 -0.26723 -3.21783e+03 |213  0.21090 -3.76495e+03
214 -0.00707 -3.83683e+03 |215  0.00423 -4.13173e+03 |216 -0.00654 -4.25221e+03
217  0.01041 -4.08013e+03 |218 -0.01522 -3.72899e+03 |219  0.00050 -3.52200e+03
220  0.02201 -3.36393e+03 |221 -0.00683 -2.94772e+03 |222 -0.00374 -2.83472e+03
223 -0.00139 -2.53508e+03 |224  0.00191 -2.17742e+03 |225 -0.00130 -1.38612e+03
226 -0.01082 -1.27317e+03 |227  0.00867 -1.30696e+03 |228  0.00699 -1.72360e+03
229 -0.00619 -1.66220e+03 |230  0.00463 -1.59478e+03 |231 -0.00325 -1.47766e+03
232 -0.00539 -1.23035e+03 |233  0.00349 -8.93252e+02 |234 -0.00225 -3.56123e+02
235  0.00372  5.09519e+01 |236  0.00407 -1.65851e+01 |237 -0.00029 -1.30784e+02
238 -0.00554 -5.95571e+02 |239  0.00929 -1.51040e+03 |240 -0.01043 -1.92494e+03
241  0.00187 -2.32552e+03 |242  0.00534 -2.45706e+03 |243  0.00064 -1.77267e+03
244 -0.00821 -1.08727e+03 |245 -0.00138 -8.74531e+02 |246  0.00482 -3.64550e+02
247  0.00697 -2.99863e+02 |248 -0.00550 -3.68457e+02 |249 -0.00362 -5.55950e+02
250  0.00498 -6.00414e+02 |251 -0.00589 -3.48928e+02 |252  0.00372 -1.72780e+02
253 -0.01171 -1.23910e+02 |254 -0.00000 -1.80122e-13 |255  0.00000  3.71517e-14
256  0.01750 -8.54542e+03 |257 -0.00230 -8.87638e+03 |258 -0.00374 -8.73874e+03
259 -0.00205 -8.59789e+03 |260  0.00181 -8.56682e+03 |261  0.00929 -8.30991e+03
262 -0.01447 -8.15089e+03 |263  0.00689 -7.66418e+03 |264  0.00363 -6.97130e+03
265 -0.02059 -6.33011e+03 |266  0.00875 -6.43130e+03 |267 -0.00845 -6.39264e+03
268  0.00525 -6.42243e+03 |269 -0.00334 -6.95497e+03 |270  0.00780 -7.45199e+03
271 -0.00289 -7.95559e+03 |272  0.00320 -8.52860e+03 |273 -0.00645 -8.79834e+03
274  0.00397 -8.97015e+03 |275  0.00052 -8.95842e+03 |276 -0.00033 -9.04675e+03
277 -0.00919 -8.95688e+03 |278  0.00810 -8.66340e+03 |279  0.00911 -8.74780e+03
280  0.19499 -8.60156e+03 |281 -0.21930 -9.12511e+03 |282  0.01416 -9.35049e+03
283 -0.00439 -9.56530e+03 |284  0.00317 -9.58042e+03 |285  0.00198 -9.56740e+03
286  0.00338 -9.40091e+03 |287 -0.00978 -9.52105e+03 |288 -0.00744 -9.40293e+03
289  0.00774 -9.09748e+03 |290  0.01075 -8.50022e+03 |291 -0.00761 -8.01655e+03
292 -0.00246 -7.25314e+03 |293  0.00893 -6.48354e+03 |294  0.00285 -6.41721e+03
295 -0.00278 -6.36091e+03 |296 -0.00595 -6.93389e+03 |297 -0.00456 -6.88127e+03
298  0.00016 -6.68557e+03 |299  0.00563 -6.46832e+03 |300  0.00124 -6.10330e+03
301 -0.00565 -5.61577e+03 |302  0.00266 -5.05118e+03 |303 -0.00260 -4.55353e+03
304  0.00282 -4.14735e+03 |305 -0.00328 -3.85169e+03 |306  0.00283 -3.89239e+03
307  0.00067 -4.42200e+03 |308  0.00326 -4.50530e+03 |309 -0.00107 -4.65528e+03
310 -0.00565 -4.60021e+03 |311  0.00864 -3.82904e+03 |312  0.00217 -3.06469e+03
313 -0.00322 -2.23033e+03 |314  0.00032 -1.54454e+03 |315  0.00407 -1.22912e+03
316  0.00148 -1.25390e+03 |317 -0.00254 -1.43637e+03 |318 -0.00111 -1.39637e+03
319  0.00084 -9.95860e+02 |320 -0.00492 -5.66840e+02 |321  0.00620 -2.67703e+02
322 -0.00000 -1.03135e-12 |323 -0.00000 -2.74764e-13 |
323 variables; iteration 140; function evaluation 153; phase 5
Function value 3.2041941e+03; maximum gradient component mag -1.4067e+04
Var    Value     Gradient |Var    Value     Gradient |Var    Value     Gradient
  1 -0.03434  2.32682e+03 |  2  0.09201  4.91129e+01 |  3  0.24588  2.32592e+02
  4 -0.03326  2.20675e+01 |  5 -0.06891 -7.76463e-01 |  6  0.06658 -5.81200e+01
  7  0.03643 -1.10300e+02 |  8  0.00860 -4.73021e+01 |  9  0.05275 -3.13569e+00
 10  0.02855  1.42547e+01 | 11  0.23284  1.34946e+02 | 12 -0.12104 -2.02916e+01
 13 -0.05763 -2.52467e+01 | 14 -0.09383  4.89617e+01 | 15 -0.09431  1.01684e+02
 16  0.23169 -1.10130e+02 | 17  0.00183 -4.43576e+00 | 18 -0.09652 -9.03449e+00
 19 -0.08225 -8.70726e+01 | 20 -0.03189 -7.97976e+01 | 21 -0.08603 -4.11173e+01
 22  0.00738 -1.56161e+02 | 23 -0.10675 -4.89592e+01 | 24 -0.06178 -1.23414e+02
 25  0.01501 -2.72773e+01 | 26  0.03570  1.84540e+01 | 27 -0.08268  1.70966e+00
 28  0.01466 -6.99998e+01 | 29  0.03293 -1.35887e+02 | 30 -0.08868 -3.31498e+01
 31 -0.17829 -1.21574e+01 | 32  0.02041  3.49225e+01 | 33  0.07115  9.82030e+01
 34  0.05028  3.94919e+01 | 35  0.05653  6.09600e+01 | 36 -0.05542  4.89075e+01
 37 -0.00142  1.25925e+02 | 38  0.09636  2.26751e+02 | 39 -0.22701 -9.76322e+01
 40  0.20972  2.15667e+02 | 41  0.02938  1.05642e+02 | 42  0.07794  8.69131e+01
 43 -0.06433  6.77923e+01 | 44  0.17663  3.28610e+02 | 45 -0.03312  1.38649e+02
 46 -0.03815  6.00722e+01 | 47 -0.01867  7.26900e+01 | 48 -0.07909  1.20315e+02
 49  0.11874  3.76439e+02 | 50  0.01710  1.73985e+02 | 51  0.00120  1.48003e+02
 52  0.01621 -7.20128e+00 | 53 -0.03032  9.63687e+01 | 54  0.08108  5.41499e+01
 55 -0.00126 -1.36098e+02 | 56 -0.05447 -8.42576e+00 | 57 -0.06365 -1.08359e+02
 58  0.09721  3.18067e+02 | 59 -0.04203 -3.09663e+01 | 60  0.02354 -4.79687e+01
 61  0.00688  6.69728e+01 | 62  0.06925 -4.52848e+01 | 63  0.09630 -2.82489e+02
 64 -0.05311  7.84307e+01 | 65 -0.00525 -8.92548e+01 | 66  0.03572 -4.48005e+02
 67  0.00802 -1.21746e+02 | 68 -0.05123 -2.48926e+02 | 69  0.01043 -4.30610e+02
 70  0.01263 -1.78765e+01 | 71  0.15259 -2.03769e+02 | 72 -0.06457 -8.60869e+01
 73 -0.03084 -7.67626e+00 | 74 -0.03420 -3.23623e+01 | 75  0.00493 -1.55619e+01
 76 -0.54010 -9.59164e+01 | 77 -0.59734  9.15551e+01 | 78 -0.78497  5.40405e+01
 79 -0.72365 -2.21625e+01 | 80 -1.17286  5.79071e+01 | 81 -0.76638  9.13980e+00
 82 -0.80871  3.77628e+01 | 83 -0.83855  5.59290e+01 | 84 -0.80986  5.31263e+01
 85 -0.74257  1.41402e+01 | 86 -0.72828  3.34145e+02 | 87 -0.81152  3.33122e+01
 88 -0.86171 -2.49609e+01 | 89 -1.16795  9.41541e+00 | 90 -0.80543  4.48742e+01
 91 -0.80963  2.03796e+01 | 92 -1.16267  5.34767e+01 | 93 -0.89481 -8.05210e+01
 94 -0.80680 -2.42370e+01 | 95 -0.83777  4.13202e+01 | 96 -0.84871  1.42865e+00
 97 -0.85653  3.74923e+01 | 98 -0.80782 -4.38642e-06 | 99 -0.80782 -4.38642e-06
100  0.32998 -6.31248e+02 |101  0.21437 -3.17668e+03 |102  0.15300 -2.90275e+03
103  0.08859 -3.13601e+02 |104 -0.16294  2.57082e+02 |105 -0.21309 -8.97283e+01
106 -0.16143  2.86433e+02 |107 -0.00160 -1.52722e+03 |108  0.16919  3.24638e+01
109 -0.01969  5.86532e+02 |110  0.16301  1.80032e+02 |111  0.00657  5.65898e+01
112  0.20194 -2.05369e+01 |113 -0.05046 -1.00649e+02 |114 -0.33700  5.92177e+02
115 -0.22833  1.90169e+02 |116 -0.15359  2.98216e+02 |117 -0.35986 -2.58577e+00
118  1.89790 -3.59040e+01 |119  2.04063 -2.13418e+02 |120  0.00924 -3.02534e+03
121  0.03168 -3.00511e+03 |122 -0.01971 -3.01777e+03 |123  0.05501 -2.91862e+03
124 -0.10759 -2.92719e+03 |125  0.00955 -2.86302e+03 |126  0.02082 -2.75780e+03
127  0.00428 -2.74706e+03 |128  0.03358 -2.53791e+03 |129 -0.02559 -2.55018e+03
130 -0.02412 -2.53981e+03 |131  0.00807 -2.46820e+03 |132  0.02973 -2.27818e+03
133 -0.02502 -2.30581e+03 |134  0.02345 -2.32173e+03 |135 -0.01669 -2.35127e+03
136  0.00206 -2.31059e+03 |137  0.00616 -2.25923e+03 |138  0.01126 -2.19470e+03
139 -0.02703 -2.21805e+03 |140  0.00620 -2.19775e+03 |141  0.00819 -2.19324e+03
142 -0.01127 -2.16370e+03 |143 -0.12727 -2.10583e+03 |144  0.14736 -1.60217e+03
145 -0.02698 -1.62152e+03 |146  0.02784 -1.54277e+03 |147 -0.01934 -1.52733e+03
148  0.01994 -1.44632e+03 |149 -0.01495 -1.42387e+03 |150 -0.01140 -1.32114e+03
151  0.06381 -1.27008e+03 |152 -0.05440 -1.26689e+03 |153 -0.00967 -1.20392e+03
154 -0.00455 -1.11853e+03 |155  0.01459 -1.05491e+03 |156 -0.00183 -9.27627e+02
157 -0.00974 -8.90787e+02 |158 -0.00437 -8.67688e+02 |159  0.05297 -7.62793e+02
160 -0.04643 -8.00253e+02 |161  0.03505 -6.55178e+02 |162 -0.01197 -6.70995e+02
163 -0.02224 -6.72440e+02 |164  0.00687 -6.19649e+02 |165 -0.00609 -5.93312e+02
166 -0.00184 -4.12403e+02 |167  0.03406 -2.64868e+02 |168 -0.04486 -2.99266e+02
169  0.01041 -1.02574e+02 |170  0.07752 -2.48173e+02 |171 -0.08972 -3.24368e+02
172  0.01278 -2.55840e+02 |173  0.01810 -2.23462e+02 |174  0.01016 -1.97685e+02
175 -0.00801 -1.78376e+02 |176  0.00401 -1.69634e+02 |177 -0.01740 -1.60658e+02
178  0.01094 -1.00323e+02 |179 -0.00656 -1.02424e+02 |180  0.00920 -8.94277e+01
181 -0.00639 -9.98375e+01 |182  0.00622 -8.56135e+01 |183 -0.00892 -9.18409e+01
184 -0.01699 -9.15073e+01 |185  0.00642 -4.39269e+01 |186  0.00000  6.43843e-14
187  0.00000  3.20379e-14 |188  0.01212 -1.40182e+04 |189 -0.01111 -1.40668e+04
190 -0.00072 -1.36140e+04 |191  0.00916 -1.32723e+04 |192  0.00773 -1.25787e+04
193 -0.02549 -1.24861e+04 |194  0.01929 -1.22274e+04 |195 -0.01270 -1.21145e+04
196  0.00377 -1.17292e+04 |197 -0.00042 -1.21476e+04 |198  0.00551 -1.20539e+04
199 -0.01190 -1.20113e+04 |200  0.00286 -1.17642e+04 |201  0.01260 -1.15205e+04
202 -0.01966 -1.16022e+04 |203  0.01164 -1.12286e+04 |204 -0.00738 -1.10899e+04
205  0.00826 -1.10059e+04 |206 -0.00539 -1.06975e+04 |207  0.00733 -1.05147e+04
208 -0.01340 -1.02963e+04 |209  0.00545 -1.02373e+04 |210  0.00148 -9.66622e+03
211  0.12217 -9.11908e+03 |212 -0.17227 -8.60170e+03 |213  0.05630 -8.01427e+03
214 -0.01422 -7.71728e+03 |215  0.00725 -7.31113e+03 |216 -0.00722 -6.91446e+03
217  0.01663 -6.47285e+03 |218 -0.00820 -6.18818e+03 |219 -0.02408 -5.90640e+03
220  0.04932 -5.54924e+03 |221 -0.02074 -5.23412e+03 |222 -0.00583 -5.00873e+03
223  0.00459 -4.65787e+03 |224  0.00015 -4.50902e+03 |225  0.00148 -4.14332e+03
226 -0.02010 -4.07863e+03 |227  0.01623 -3.67184e+03 |228  0.00972 -3.74786e+03
229 -0.01232 -3.75288e+03 |230  0.00586 -3.42365e+03 |231 -0.00244 -3.32548e+03
232 -0.00724 -3.07086e+03 |233  0.00966 -2.76283e+03 |234 -0.00708 -2.68708e+03
235 -0.00010 -2.29149e+03 |236  0.00416 -1.91899e+03 |237  0.00240 -1.56418e+03
238 -0.01230 -1.80220e+03 |239  0.01118 -1.65355e+03 |240 -0.00713 -1.56980e+03
241  0.00413 -1.21609e+03 |242  0.00833 -1.13031e+03 |243  0.00379 -1.03297e+03
244 -0.01104 -8.57003e+02 |245 -0.00900 -6.92883e+02 |246  0.00909 -5.34638e+02
247  0.00509 -5.14208e+02 |248 -0.00309 -3.47886e+02 |249 -0.00564 -3.53634e+02
250  0.00652 -1.34664e+02 |251 -0.00212 -1.30864e+02 |252  0.00250 -1.66888e+02
253 -0.02177 -1.16546e+02 |254 -0.00000 -3.22639e-13 |255  0.00000  9.15194e-14
256  0.01213 -1.24474e+04 |257  0.00024 -1.30097e+04 |258 -0.00388 -1.26266e+04
259 -0.00253 -1.22907e+04 |260  0.00426 -1.15348e+04 |261  0.00870 -1.10979e+04
262 -0.01308 -1.07978e+04 |263  0.01342 -1.04507e+04 |264 -0.01780 -1.00695e+04
265 -0.00887 -1.00289e+04 |266  0.01174 -9.99615e+03 |267 -0.00650 -9.87554e+03
268 -0.00425 -9.60752e+03 |269  0.00171 -9.38766e+03 |270  0.00582 -9.65243e+03
271 -0.00373 -9.38688e+03 |272  0.01060 -9.58466e+03 |273 -0.00658 -9.83255e+03
274  0.00249 -9.91903e+03 |275  0.00001 -9.80427e+03 |276  0.00501 -9.63487e+03
277 -0.00969 -9.78946e+03 |278  0.00133 -9.37672e+03 |279  0.00057 -9.13807e+03
280  0.04349 -8.53767e+03 |281 -0.04898 -7.82578e+03 |282  0.01172 -7.73815e+03
283 -0.00506 -7.53188e+03 |284  0.00371 -7.39617e+03 |285 -0.00319 -7.39116e+03
286  0.00090 -7.08125e+03 |287  0.00314 -6.83962e+03 |288 -0.02355 -6.73536e+03
289  0.02087 -6.55147e+03 |290  0.01010 -6.28341e+03 |291 -0.00853 -5.96063e+03
292 -0.00170 -5.80932e+03 |293  0.00442 -5.45784e+03 |294  0.00594 -5.39002e+03
295 -0.01124 -4.99893e+03 |296 -0.00123 -4.92342e+03 |297 -0.00300 -4.86324e+03
298  0.00136 -4.50367e+03 |299  0.00174 -4.46857e+03 |300  0.00569 -3.98849e+03
301 -0.00605 -3.75975e+03 |302  0.00294 -3.71674e+03 |303 -0.00167 -3.37768e+03
304  0.00056 -3.24291e+03 |305 -0.00379 -2.72622e+03 |306  0.00533 -2.54069e+03
307 -0.00236 -2.44803e+03 |308  0.00109 -2.43646e+03 |309  0.00076 -1.89580e+03
310  0.00086 -1.60514e+03 |311  0.00546 -1.74414e+03 |312 -0.00006 -1.73332e+03
313  0.00593 -1.21252e+03 |314 -0.00639 -1.09903e+03 |315 -0.00181 -1.29907e+03
316 -0.00049 -1.02720e+03 |317  0.00250 -7.76697e+02 |318  0.00084 -5.64421e+02
319 -0.00276 -6.81511e+02 |320 -0.00369 -4.15147e+02 |321  0.01601 -1.22030e+02
322 -0.00000  6.48540e-14 |323  0.00000  1.88184e-13 |
323 variables; iteration 160; function evaluation 175; phase 5
Function value 3.1925277e+03; maximum gradient component mag -1.4285e+04
Var    Value     Gradient |Var    Value     Gradient |Var    Value     Gradient
  1 -0.03461  3.79161e+03 |  2  0.11799  5.94193e+01 |  3  0.24525  2.20707e+02
  4 -0.08839 -2.62176e+00 |  5 -0.04364  7.14185e+00 |  6  0.03983 -7.18635e+01
  7  0.06269 -5.50682e+01 |  8  0.01469  5.40445e+00 |  9  0.04548  1.34987e+01
 10  0.03193  2.70002e+01 | 11  0.22830  1.47632e+02 | 12 -0.17888 -3.64859e+01
 13 -0.02934  1.20868e+01 | 14 -0.12908  2.55797e+01 | 15 -0.11241  7.06309e+01
 16  0.23203  5.47391e+01 | 17  0.01224  3.68858e+01 | 18 -0.10361 -5.51550e+00
 19 -0.06815 -4.71097e+01 | 20 -0.02175 -1.13432e+01 | 21 -0.09837 -2.33285e+01
 22  0.00623 -1.14504e+02 | 23 -0.11894 -3.54736e+01 | 24 -0.04929 -6.76871e+01
 25  0.02272  7.46061e+01 | 26  0.04282  9.84281e+01 | 27 -0.08480  3.54890e+01
 28  0.02756  2.60625e+01 | 29  0.03448 -5.59610e+01 | 30 -0.09592 -2.51402e+00
 31 -0.14443  1.14990e+01 | 32  0.02224  5.59127e+01 | 33  0.07257  1.77957e+02
 34  0.05196  7.99963e+01 | 35  0.05096  5.86554e+01 | 36 -0.04751  7.54893e+01
 37 -0.00175  1.21038e+02 | 38  0.07804  1.26547e+02 | 39 -0.18792 -8.90657e+01
 40  0.20802  2.43669e+02 | 41  0.02846  8.45077e+01 | 42  0.07617  3.24184e+01
 43 -0.06609  3.61870e+01 | 44  0.17739  3.39471e+02 | 45 -0.03169  1.30728e+02
 46 -0.04325 -3.02482e+01 | 47 -0.01749  6.16638e+01 | 48 -0.08493  5.19807e+01
 49  0.11977  3.79928e+02 | 50  0.01897  2.00769e+02 | 51  0.00264  1.39883e+02
 52  0.01642 -3.07700e+01 | 53 -0.03292  3.86813e+01 | 54  0.08039  5.68175e+01
 55 -0.00474 -1.85583e+02 | 56 -0.05724 -7.07307e+01 | 57 -0.06250 -1.17760e+02
 58  0.09717  2.96804e+02 | 59 -0.04432 -1.05887e+02 | 60  0.02619  3.25815e+00
 61  0.00777  4.24047e+01 | 62  0.06970 -1.13950e+02 | 63  0.09478 -3.98933e+02
 64 -0.05233  3.62802e+01 | 65 -0.00514 -1.43764e+02 | 66  0.03356 -5.74527e+02
 67  0.00913 -1.22090e+02 | 68 -0.05012 -2.49139e+02 | 69  0.01071 -5.39601e+02
 70  0.01309 -5.86334e+01 | 71  0.15675 -6.04551e+01 | 72 -0.06454 -1.28290e+02
 73 -0.02802 -2.65679e+01 | 74 -0.03524 -6.28578e+01 | 75 -0.00333 -9.70713e+01
 76 -0.49166 -6.27391e+01 | 77 -0.59740  9.00650e+01 | 78 -0.77675  7.64935e+01
 79 -0.78634 -5.87015e+01 | 80 -1.16239  5.92268e+01 | 81 -0.75966  2.25208e+01
 82 -0.80579  5.29683e+01 | 83 -0.84112  4.88280e+01 | 84 -0.80380  8.36309e+01
 85 -0.71108  6.64405e+01 | 86 -0.73316  3.15880e+02 | 87 -0.84683  1.19073e+01
 88 -0.80531  1.56015e+01 | 89 -1.19347 -2.26049e+01 | 90 -0.80612  5.10673e+01
 91 -0.81133  1.71418e+01 | 92 -1.17752  3.87069e+01 | 93 -1.13415  7.26248e+01
 94 -0.76064  8.85734e+01 | 95 -0.83744  3.89581e+01 | 96 -0.85340 -2.09193e+01
 97 -0.87060 -3.97653e+01 | 98 -0.80782 -4.38641e-06 | 99 -0.80782 -4.38641e-06
100  0.33234 -5.62707e+02 |101  0.21249 -3.23952e+03 |102  0.15312 -2.59720e+03
103  0.08916 -1.96277e+02 |104 -0.16339  1.57914e+02 |105 -0.21464 -2.03188e+02
106 -0.16105  2.50432e+02 |107 -0.00167 -1.89966e+03 |108  0.16919 -1.40389e+02
109 -0.02050  3.77609e+02 |110  0.16368  1.19350e+02 |111  0.00264  4.69375e+01
112  0.20329 -1.96629e+01 |113 -0.05070 -1.90216e+02 |114 -0.33741  6.24827e+02
115 -0.22765  1.77864e+02 |116 -0.15276  2.58868e+02 |117 -0.40834 -4.70494e+01
118  1.89025 -4.64292e+01 |119  2.05380 -1.87048e+02 |120  0.01353 -2.70095e+03
121  0.05140 -2.67368e+03 |122 -0.04512 -2.69905e+03 |123 -0.04445 -2.62595e+03
124  0.04548 -2.55756e+03 |125 -0.04654 -2.57136e+03 |126  0.03918 -2.47611e+03
127 -0.01056 -2.48635e+03 |128  0.03956 -2.29319e+03 |129 -0.04115 -2.31009e+03
130 -0.00678 -2.28711e+03 |131 -0.00079 -2.24290e+03 |132  0.02336 -2.04401e+03
133 -0.01119 -2.05653e+03 |134  0.00671 -2.10626e+03 |135 -0.00204 -2.10243e+03
136 -0.00242 -2.07291e+03 |137  0.00952 -2.02256e+03 |138 -0.00278 -1.97749e+03
139 -0.01010 -1.97998e+03 |140  0.00185 -1.98804e+03 |141  0.00661 -2.01952e+03
142 -0.00969 -1.99181e+03 |143 -0.12236 -1.93027e+03 |144  0.13962 -1.50419e+03
145 -0.02070 -1.50583e+03 |146  0.02131 -1.50200e+03 |147 -0.02266 -1.47997e+03
148  0.01995 -1.35171e+03 |149 -0.00647 -1.31043e+03 |150 -0.00587 -1.25717e+03
151  0.04826 -1.22404e+03 |152 -0.04676 -1.20523e+03 |153 -0.00686 -1.14997e+03
154 -0.00669 -1.10363e+03 |155  0.01098 -1.05219e+03 |156 -0.00450 -9.08759e+02
157 -0.00700 -8.53446e+02 |158 -0.00284 -8.21503e+02 |159  0.03290 -7.14839e+02
160 -0.02095 -7.28959e+02 |161  0.03077 -6.53117e+02 |162 -0.00957 -6.68134e+02
163 -0.02550 -6.74807e+02 |164  0.00731 -6.21843e+02 |165 -0.00493 -6.02206e+02
166 -0.00231 -4.68849e+02 |167  0.00629 -3.50683e+02 |168 -0.01629 -3.02562e+02
169  0.00816 -1.52559e+02 |170  0.10194 -2.55645e+02 |171 -0.11235 -3.34022e+02
172  0.01072 -2.77991e+02 |173  0.01656 -2.27058e+02 |174  0.00488 -1.88160e+02
175  0.00199 -1.49169e+02 |176 -0.00314 -1.45961e+02 |177 -0.01218 -1.29918e+02
178  0.00888 -7.80395e+01 |179 -0.00425 -7.73749e+01 |180  0.00718 -6.60590e+01
181 -0.00544 -6.98310e+01 |182  0.00639 -5.70471e+01 |183 -0.01013 -6.14779e+01
184 -0.01395 -5.75395e+01 |185  0.00551 -3.27872e+01 |186 -0.00000 -1.03784e-13
187 -0.00000 -2.47197e-13 |188  0.00546 -1.42846e+04 |189 -0.00466 -1.42661e+04
190  0.00045 -1.38077e+04 |191  0.00979 -1.34574e+04 |192 -0.01514 -1.29427e+04
193  0.00543 -1.28454e+04 |194  0.00309 -1.26465e+04 |195  0.00084 -1.25255e+04
196 -0.00313 -1.22160e+04 |197  0.00118 -1.26642e+04 |198  0.00350 -1.25753e+04
199 -0.00874 -1.25527e+04 |200  0.00049 -1.23688e+04 |201  0.00810 -1.21657e+04
202 -0.01399 -1.21728e+04 |203  0.00876 -1.17595e+04 |204 -0.00235 -1.16048e+04
205  0.00423 -1.15792e+04 |206 -0.00481 -1.12733e+04 |207  0.00382 -1.11523e+04
208 -0.00740 -1.08698e+04 |209  0.00179 -1.08556e+04 |210  0.00209 -1.03309e+04
211  0.12064 -9.82305e+03 |212 -0.15922 -9.40776e+03 |213  0.04344 -8.95008e+03
214 -0.01237 -8.49890e+03 |215  0.00676 -8.03485e+03 |216 -0.00562 -7.64252e+03
217  0.01499 -7.19545e+03 |218 -0.00936 -6.92389e+03 |219 -0.01725 -6.62621e+03
220  0.03962 -6.25978e+03 |221 -0.01556 -5.95353e+03 |222 -0.00658 -5.77658e+03
223  0.00532 -5.47651e+03 |224  0.00158 -5.33649e+03 |225 -0.00060 -4.94036e+03
226 -0.01998 -4.85675e+03 |227  0.01669 -4.43622e+03 |228  0.00716 -4.50943e+03
229 -0.01054 -4.48361e+03 |230  0.00539 -4.06559e+03 |231 -0.00101 -3.89399e+03
232 -0.00758 -3.61530e+03 |233  0.00992 -3.31639e+03 |234 -0.00765 -3.31220e+03
235 -0.00002 -2.88115e+03 |236  0.00381 -2.45582e+03 |237  0.00272 -2.10554e+03
238 -0.01267 -2.23413e+03 |239  0.01046 -1.92894e+03 |240 -0.00649 -1.78932e+03
241  0.00442 -1.30346e+03 |242  0.00999 -1.19744e+03 |243  0.00326 -1.17017e+03
244 -0.01061 -1.02501e+03 |245 -0.01156 -8.81263e+02 |246  0.01036 -7.05324e+02
247  0.00365 -7.25286e+02 |248 -0.00197 -4.96447e+02 |249 -0.00420 -4.45738e+02
250  0.00535 -2.47186e+02 |251 -0.00274 -2.07072e+02 |252  0.00472 -1.39136e+02
253 -0.02287 -1.29363e+02 |254  0.00000  1.85261e-12 |255 -0.00000 -2.11899e-14
256  0.01719 -1.11341e+04 |257 -0.00497 -1.16311e+04 |258 -0.00393 -1.11654e+04
259 -0.00147 -1.08502e+04 |260  0.00426 -1.02538e+04 |261  0.00294 -9.92475e+03
262 -0.00474 -9.67937e+03 |263  0.00554 -9.37608e+03 |264 -0.01157 -9.01648e+03
265 -0.00993 -9.09494e+03 |266  0.01105 -9.08373e+03 |267 -0.00678 -8.93646e+03
268 -0.00274 -8.75608e+03 |269  0.00162 -8.58533e+03 |270  0.00312 -8.82462e+03
271 -0.00157 -8.52155e+03 |272  0.00840 -8.77885e+03 |273 -0.00309 -9.05658e+03
274  0.00235 -9.19512e+03 |275 -0.00060 -9.22771e+03 |276  0.00182 -9.13991e+03
277 -0.00576 -9.30442e+03 |278 -0.00102 -9.02476e+03 |279 -0.00219 -8.86765e+03
280  0.03663 -8.27213e+03 |281 -0.03820 -7.76250e+03 |282  0.01083 -7.74039e+03
283 -0.00416 -7.58962e+03 |284  0.00239 -7.52471e+03 |285 -0.00304 -7.57562e+03
286  0.00067 -7.26121e+03 |287  0.00219 -7.04529e+03 |288 -0.01665 -7.03283e+03
289  0.01592 -6.89506e+03 |290  0.01101 -6.64527e+03 |291 -0.00889 -6.40363e+03
292 -0.00465 -6.36504e+03 |293  0.00693 -5.91605e+03 |294  0.00573 -5.89652e+03
295 -0.01136 -5.49214e+03 |296 -0.00165 -5.43858e+03 |297 -0.00239 -5.31194e+03
298  0.00132 -4.91905e+03 |299  0.00061 -4.88548e+03 |300  0.00666 -4.32386e+03
301 -0.00595 -4.11231e+03 |302  0.00263 -4.14006e+03 |303 -0.00097 -3.79201e+03
304  0.00019 -3.71981e+03 |305 -0.00497 -3.23488e+03 |306  0.00550 -2.92043e+03
307 -0.00119 -2.68813e+03 |308  0.00029 -2.70439e+03 |309  0.00167 -2.04988e+03
310 -0.00021 -1.79059e+03 |311  0.00564 -1.93544e+03 |312  0.00012 -1.90325e+03
313  0.00733 -1.36564e+03 |314 -0.00680 -1.25484e+03 |315 -0.00178 -1.55554e+03
316 -0.00205 -1.34988e+03 |317  0.00246 -9.90449e+02 |318  0.00163 -7.51263e+02
319 -0.00194 -8.35191e+02 |320 -0.00531 -5.52158e+02 |321  0.01637 -1.40475e+02
322  0.00000  5.33850e-12 |323  0.00000  1.33168e-12 |
323 variables; iteration 180; function evaluation 195; phase 5
Function value 3.1312696e+03; maximum gradient component mag -7.9061e+03
Var    Value     Gradient |Var    Value     Gradient |Var    Value     Gradient
  1 -0.03579  2.30450e+03 |  2  0.03152  1.55987e+01 |  3  0.21890  1.47701e+02
  4 -0.08915 -8.09961e+00 |  5 -0.06890 -1.75866e+01 |  6  0.01063 -1.13919e+02
  7  0.07181 -2.76610e+01 |  8  0.01286  1.09441e+01 |  9  0.05394 -2.04309e+00
 10  0.01154  1.38980e-01 | 11  0.22672  8.25010e+01 | 12 -0.13764 -2.71746e+01
 13 -0.03342 -1.96515e+00 | 14 -0.15457 -1.02124e+01 | 15 -0.23167 -1.61316e+01
 16  0.23902 -8.34019e+01 | 17  0.02967  1.82839e+01 | 18 -0.11235 -2.60056e+01
 19 -0.04944 -7.71185e+00 | 20 -0.01256 -2.97864e+01 | 21 -0.08926 -1.92454e+01
 22  0.00806 -1.43298e+02 | 23 -0.11980 -5.93064e+01 | 24 -0.04279 -5.23130e+01
 25  0.02153  3.80886e+01 | 26  0.02990 -9.19605e+00 | 27 -0.09047  2.31039e+01
 28  0.04398  1.64811e+01 | 29  0.03580 -1.07715e+02 | 30 -0.06314 -1.91110e+01
 31 -0.21426 -3.21313e+01 | 32  0.03385  3.15935e+01 | 33  0.07583  8.93291e+01
 34  0.05151 -1.11792e+01 | 35  0.05863  2.48606e+01 | 36 -0.04049  6.03135e+01
 37 -0.01987  1.03545e+01 | 38  0.07184 -2.93620e+01 | 39 -0.16766 -6.06032e+01
 40  0.21280  5.49742e+01 | 41  0.02278 -7.02900e+00 | 42  0.07582 -1.03482e+02
 43 -0.05812  3.39707e+01 | 44  0.17689  1.83804e+01 | 45 -0.03416  2.98728e+01
 46 -0.04164 -8.31559e+01 | 47 -0.01405  5.48270e+01 | 48 -0.08412  3.86068e+01
 49  0.12203  3.70972e+02 | 50  0.01658  1.04200e+02 | 51  0.00314  1.04584e+02
 52  0.02261  1.20088e+02 | 53 -0.03251  4.67107e+01 | 54  0.08493  2.00305e+02
 55  0.00026 -7.43711e+01 | 56 -0.05405 -7.49411e+00 | 57 -0.05799  2.14533e+01
 58  0.09547  3.27191e+02 | 59 -0.03968 -2.28720e+01 | 60  0.03233  2.32078e+02
 61  0.01039  1.46618e+02 | 62  0.07131  5.11916e+00 | 63  0.09873 -1.56988e+02
 64 -0.05432  6.17938e+01 | 65 -0.00210  3.34235e+01 | 66  0.03443 -4.76448e+02
 67  0.01565  1.42983e+02 | 68 -0.05008 -2.21360e+02 | 69  0.01553 -4.42080e+02
 70  0.01288 -3.09139e+01 | 71  0.15726  7.88962e+00 | 72 -0.05883 -7.20340e+01
 73 -0.02560 -4.31422e+01 | 74 -0.03168 -3.21614e+01 | 75  0.00291 -3.71593e+01
 76 -0.52201 -4.91921e+01 | 77 -0.66278 -2.62392e+01 | 78 -0.78332  4.30673e+01
 79 -0.73551 -5.26011e+01 | 80 -1.19044  6.21042e+01 | 81 -0.79262 -3.61364e+01
 82 -0.80912  2.51230e+01 | 83 -0.85026 -8.84102e-01 | 84 -0.81018  5.94714e+01
 85 -0.73508  1.28701e+01 | 86 -0.77432  1.30737e+02 | 87 -0.78866  4.57050e+01
 88 -0.84516 -2.84970e+01 | 89 -1.22299 -4.83271e+01 | 90 -0.82075  7.09041e+00
 91 -0.82498 -2.15732e+01 | 92 -1.20456  1.06563e+01 | 93 -1.11711  8.22788e+01
 94 -0.75623  1.07478e+02 | 95 -0.83867  3.47015e+01 | 96 -0.85012 -4.18884e+00
 97 -0.88861 -9.54558e+01 | 98 -0.80782 -4.38634e-06 | 99 -0.80782 -4.38634e-06
100  0.33236 -2.33754e+02 |101  0.21269 -1.79318e+03 |102  0.15228 -1.66646e+03
103  0.08883 -2.41651e+02 |104 -0.16256  2.48387e+02 |105 -0.21396 -1.92321e+02
106 -0.16070  1.57320e+02 |107 -0.00185 -2.54981e+03 |108  0.16934 -2.49262e+02
109 -0.02055  3.03925e+02 |110  0.16535  5.27955e+01 |111 -0.02735  9.52103e+00
112  0.22573 -8.72151e+00 |113 -0.05587 -1.97812e+02 |114 -0.33977  1.22601e+02
115 -0.20928  1.17550e+02 |116 -0.17883  1.14335e+02 |117 -0.40694 -6.96127e+01
118  1.89519 -1.59623e+01 |119  2.08060 -1.42861e+02 |120  0.02079 -1.11794e+03
121 -0.00272 -1.11862e+03 |122  0.01566 -1.10589e+03 |123 -0.03665 -1.08845e+03
124 -0.01028 -1.07147e+03 |125 -0.00084 -1.03501e+03 |126  0.01980 -1.00161e+03
127  0.00947 -1.00135e+03 |128  0.02501 -8.89029e+02 |129 -0.02274 -8.97651e+02
130 -0.01224 -8.91588e+02 |131 -0.00585 -8.53902e+02 |132  0.01895 -7.46238e+02
133 -0.00822 -7.59899e+02 |134  0.00062 -8.36732e+02 |135  0.00632 -8.20595e+02
136 -0.01065 -8.29377e+02 |137  0.02329 -7.65649e+02 |138 -0.01033 -7.66175e+02
139 -0.00901 -7.76819e+02 |140 -0.01089 -8.37503e+02 |141  0.02414 -8.00373e+02
142 -0.03357 -8.00185e+02 |143 -0.06487 -7.45342e+02 |144  0.10171 -5.99787e+02
145 -0.02342 -6.21616e+02 |146  0.01638 -6.91298e+02 |147 -0.01479 -6.58817e+02
148  0.01245 -5.89713e+02 |149 -0.00127 -5.54272e+02 |150 -0.00839 -5.39536e+02
151  0.05741 -5.05586e+02 |152 -0.06074 -5.18936e+02 |153 -0.00126 -4.51684e+02
154 -0.00499 -4.30980e+02 |155  0.00696 -3.98335e+02 |156 -0.00529 -3.01078e+02
157 -0.00757 -2.49289e+02 |158 -0.00246 -2.05240e+02 |159  0.05100 -1.54197e+02
160 -0.03515 -1.85986e+02 |161  0.03690 -1.62938e+02 |162 -0.01081 -1.87604e+02
163 -0.03158 -2.05081e+02 |164  0.01054 -1.81986e+02 |165 -0.00496 -1.98112e+02
166 -0.00402 -1.54159e+02 |167  0.00493 -8.90801e+01 |168 -0.01475 -5.24107e+01
169  0.00997  7.89362e+01 |170  0.02118 -1.97345e+02 |171 -0.03724 -2.18570e+02
172  0.01137 -8.52498e+01 |173  0.02374 -3.63899e+00 |174  0.00389 -1.22374e+01
175  0.01136  1.38399e+01 |176 -0.01145  9.22409e+00 |177 -0.01704  1.67838e+01
178  0.00851  4.12404e+01 |179 -0.00716  3.58206e+01 |180  0.00881  4.82292e+01
181 -0.00445  4.17443e+01 |182  0.01356  4.42040e+01 |183 -0.01206  8.41184e-01
184 -0.01774 -7.56686e+00 |185  0.00542 -2.31880e+00 |186 -0.00000 -5.24244e-13
187 -0.00000 -5.83065e-13 |188  0.00845 -7.90608e+03 |189 -0.00161 -7.89646e+03
190 -0.00852 -7.65244e+03 |191  0.01383 -7.32994e+03 |192 -0.00031 -6.78313e+03
193 -0.02263 -6.72769e+03 |194  0.01773 -6.55515e+03 |195 -0.00905 -6.51161e+03
196  0.01383 -6.32398e+03 |197 -0.00614 -6.86860e+03 |198 -0.00893 -6.84200e+03
199  0.00024 -6.71921e+03 |200  0.00421 -6.57960e+03 |201  0.00447 -6.42574e+03
202 -0.01279 -6.38074e+03 |203  0.01238 -5.87054e+03 |204 -0.00401 -5.88276e+03
205  0.00359 -5.91297e+03 |206 -0.00438 -5.66542e+03 |207  0.00606 -5.86844e+03
208 -0.00407 -5.76772e+03 |209 -0.00492 -6.05212e+03 |210  0.00660 -5.94521e+03
211  0.07886 -5.70862e+03 |212 -0.16369 -5.52666e+03 |213  0.08631 -5.11613e+03
214 -0.01402 -4.95159e+03 |215  0.00800 -4.63744e+03 |216 -0.00523 -4.38601e+03
217  0.01463 -4.07766e+03 |218 -0.00812 -4.09333e+03 |219 -0.01873 -3.92948e+03
220  0.04504 -3.69278e+03 |221 -0.02233 -3.67459e+03 |222 -0.00354 -3.60609e+03
223  0.00462 -3.43519e+03 |224 -0.00077 -3.40434e+03 |225 -0.00101 -3.38997e+03
226 -0.01649 -3.28455e+03 |227  0.00955 -3.15644e+03 |228  0.01103 -2.83934e+03
229 -0.00901 -2.88778e+03 |230  0.00544 -2.71352e+03 |231 -0.00272 -2.66256e+03
232 -0.00613 -2.49666e+03 |233  0.00880 -2.31253e+03 |234 -0.00705 -2.44207e+03
235 -0.00049 -2.23041e+03 |236  0.00027 -1.86627e+03 |237  0.00357 -1.34640e+03
238 -0.01021 -1.50679e+03 |239  0.00760 -1.33388e+03 |240 -0.00583 -9.49579e+02
241  0.00487 -2.70674e+02 |242  0.01181 -2.52566e+02 |243  0.00764 -2.74213e+02
244 -0.01372 -3.61575e+02 |245 -0.01504 -2.82873e+02 |246  0.01158 -2.58134e+02
247  0.00608 -3.50226e+02 |248 -0.00237 -2.07114e+02 |249 -0.00601 -1.67385e+02
250  0.00340 -7.56160e+01 |251 -0.00045  7.55399e+01 |252  0.00545 -6.26209e+01
253 -0.02541 -7.42889e+01 |254  0.00000  5.36556e-12 |255 -0.00000 -3.57109e-13
256  0.01673 -7.14049e+03 |257 -0.00329 -7.42673e+03 |258 -0.00346 -7.12604e+03
259 -0.00442 -6.79099e+03 |260  0.00695 -6.16447e+03 |261  0.01345 -5.93437e+03
262 -0.01337 -5.75049e+03 |263  0.00516 -5.63353e+03 |264 -0.02096 -5.45230e+03
265 -0.00032 -5.74013e+03 |266  0.01087 -5.79162e+03 |267 -0.00778 -5.58446e+03
268 -0.00723 -5.54431e+03 |269  0.00404 -5.09698e+03 |270  0.00168 -5.17945e+03
271 -0.00274 -4.69654e+03 |272  0.00989 -4.74168e+03 |273 -0.00438 -5.01124e+03
274  0.00475 -4.92677e+03 |275 -0.00213 -5.08535e+03 |276  0.00074 -4.98239e+03
277  0.00121 -5.26324e+03 |278 -0.00510 -5.30066e+03 |279  0.00239 -5.22081e+03
280  0.07383 -4.81711e+03 |281 -0.08320 -4.36691e+03 |282  0.01399 -4.17739e+03
283 -0.00555 -4.05986e+03 |284  0.00223 -4.00034e+03 |285 -0.00263 -3.95502e+03
286 -0.00209 -3.71181e+03 |287  0.00842 -3.42840e+03 |288 -0.02460 -3.65842e+03
289  0.02777 -3.57645e+03 |290  0.00269 -3.74228e+03 |291 -0.00577 -3.55308e+03
292 -0.00280 -3.69212e+03 |293  0.00249 -3.63647e+03 |294  0.00778 -3.43835e+03
295 -0.01166 -3.31033e+03 |296 -0.00062 -2.92152e+03 |297 -0.00299 -2.91470e+03
298  0.00071 -2.68557e+03 |299  0.00259 -2.63421e+03 |300  0.00445 -2.26548e+03
301 -0.00426 -2.10023e+03 |302  0.00187 -2.26607e+03 |303 -0.00088 -2.08696e+03
304  0.00068 -2.11206e+03 |305 -0.00400 -1.61329e+03 |306  0.00454 -1.47792e+03
307 -0.00177 -1.37970e+03 |308  0.00064 -1.38847e+03 |309  0.00385 -6.23169e+02
310 -0.00336 -6.74406e+02 |311  0.00461 -8.43186e+02 |312  0.00288 -8.63501e+02
313  0.00942 -5.75134e+02 |314 -0.00892 -6.42553e+02 |315 -0.00415 -1.14245e+03
316 -0.00324 -9.55823e+02 |317  0.00590 -4.21929e+02 |318  0.00055 -3.66235e+02
319 -0.00047 -4.42753e+02 |320 -0.00736 -4.53591e+02 |321  0.01894 -7.27109e+01
322  0.00000  1.38145e-11 |323  0.00000  3.08657e-12 |
323 variables; iteration 200; function evaluation 215; phase 5
Function value 3.1253795e+03; maximum gradient component mag -7.8942e+03
Var    Value     Gradient |Var    Value     Gradient |Var    Value     Gradient
  1 -0.03575  1.90693e+03 |  2 -0.02036 -1.49063e+00 |  3  0.21285  1.37625e+02
  4 -0.03635  1.25298e+01 |  5 -0.10654 -2.60119e+01 |  6  0.02350 -1.06703e+02
  7  0.06301 -4.84803e+01 |  8  0.00519 -3.10394e+00 |  9  0.04869 -1.10975e+01
 10  0.02342  9.47762e+00 | 11  0.22503  6.17097e+01 | 12 -0.13243 -2.32799e+01
 13 -0.03506 -9.50849e+00 | 14 -0.17671 -2.18300e+01 | 15 -0.24168 -2.18231e+01
 16  0.24202 -1.05728e+02 | 17  0.02759  1.41066e+01 | 18 -0.11272 -3.14550e+01
 19 -0.05680 -3.76793e+01 | 20 -0.01258 -4.13392e+01 | 21 -0.09160 -2.69494e+01
 22  0.01120 -1.47451e+02 | 23 -0.12435 -6.94687e+01 | 24 -0.04536 -6.48263e+01
 25  0.02153  2.83289e+01 | 26  0.02761 -3.26239e+01 | 27 -0.08895  1.84083e+01
 28  0.04381 -2.54821e+00 | 29  0.03743 -1.15156e+02 | 30 -0.06171 -1.34211e+01
 31 -0.17971 -1.56803e+01 | 32  0.02976 -2.62437e+00 | 33  0.07447  7.15564e+01
 34  0.05356 -9.76017e-01 | 35  0.05632  2.57046e+00 | 36 -0.04324  4.87641e+01
 37 -0.01616  6.28664e+00 | 38  0.06959 -4.31303e+01 | 39 -0.16091 -5.80036e+01
 40  0.21321  4.55878e+01 | 41  0.02197 -1.86672e+01 | 42  0.07620 -1.09288e+02
 43 -0.05771  3.82706e+01 | 44  0.17701  1.62022e+00 | 45 -0.03464  1.89867e+01
 46 -0.04235 -9.56857e+01 | 47 -0.01449  3.77002e+01 | 48 -0.08525  2.95225e+01
 49  0.12135  3.39370e+02 | 50  0.01548  8.41068e+01 | 51  0.00260  9.40544e+01
 52  0.02329  1.41566e+02 | 53 -0.03188  6.60475e+01 | 54  0.08502  2.16026e+02
 55  0.00021 -6.27829e+01 | 56 -0.05429 -6.51898e+00 | 57 -0.05772  4.08849e+01
 58  0.09449  3.41931e+02 | 59 -0.03997 -1.68679e+01 | 60  0.03042  2.18156e+02
 61  0.01068  1.80981e+02 | 62  0.07126  5.07945e+01 | 63  0.09934 -7.93740e+01
 64 -0.05424  8.09616e+01 | 65 -0.00209  5.51855e+01 | 66  0.03389 -4.61618e+02
 67  0.01418  1.26288e+02 | 68 -0.04913 -1.84959e+02 | 69  0.01509 -4.39397e+02
 70  0.01256 -3.65896e+01 | 71  0.15750  3.81429e+01 | 72 -0.05836 -6.34866e+01
 73 -0.02475 -2.53006e+01 | 74 -0.03351 -5.29909e+01 | 75  0.00263 -3.51537e+01
 76 -0.52977 -4.88990e+01 | 77 -0.66845 -3.41726e+01 | 78 -0.78367  4.06315e+01
 79 -0.74179 -5.89623e+01 | 80 -1.19994  5.87807e+01 | 81 -0.80403 -4.86138e+01
 82 -0.80940  2.07248e+01 | 83 -0.85148 -7.40806e+00 | 84 -0.80898  6.07795e+01
 85 -0.73720  6.58832e+00 | 86 -0.77625  1.19771e+02 | 87 -0.80790  1.38638e+01
 88 -0.85078 -3.52071e+01 | 89 -1.22664 -5.04396e+01 | 90 -0.82409  2.63115e-01
 91 -0.82352 -1.98418e+01 | 92 -1.21080  3.61025e-01 | 93 -1.11438  8.26322e+01
 94 -0.75744  1.06091e+02 | 95 -0.84228  1.95683e+01 | 96 -0.85307 -1.52103e+01
 97 -0.88904 -9.56342e+01 | 98 -0.80781 -4.38633e-06 | 99 -0.80781 -4.38633e-06
100  0.33134 -2.22238e+02 |101  0.21190 -1.79115e+03 |102  0.15163 -1.61055e+03
103  0.08890 -2.25564e+02 |104 -0.16285  2.38283e+02 |105 -0.21323 -1.78120e+02
106 -0.16186  1.27087e+02 |107 -0.00184 -2.47117e+03 |108  0.16929 -2.13567e+02
109 -0.02075  3.32426e+02 |110  0.16622  7.66998e+01 |111 -0.03562  6.84956e+00
112  0.22602 -8.67280e+00 |113 -0.05684 -2.09089e+02 |114 -0.33962  6.91961e+01
115 -0.20879  1.10944e+02 |116 -0.18062  1.07473e+02 |117 -0.39963 -6.78151e+01
118  1.89443 -1.51015e+01 |119  2.08285 -1.36956e+02 |120  0.01247 -1.06404e+03
121  0.01799 -1.05054e+03 |122 -0.00010 -1.05171e+03 |123 -0.03210 -1.02526e+03
124 -0.00065 -1.00727e+03 |125 -0.01380 -9.91942e+02 |126  0.03935 -9.50919e+02
127 -0.00686 -9.63024e+02 |128  0.00815 -8.47256e+02 |129  0.00530 -8.37171e+02
130 -0.02578 -8.42417e+02 |131 -0.00255 -8.02495e+02 |132  0.01780 -7.15815e+02
133 -0.00854 -7.30603e+02 |134  0.00260 -8.05917e+02 |135  0.00326 -8.02567e+02
136 -0.00937 -8.06934e+02 |137  0.02504 -7.46067e+02 |138 -0.01406 -7.51729e+02
139 -0.00743 -7.58982e+02 |140 -0.01141 -8.21958e+02 |141  0.02551 -7.73338e+02
142 -0.02720 -7.73590e+02 |143 -0.07641 -7.37636e+02 |144  0.10565 -5.85824e+02
145 -0.02133 -6.05272e+02 |146  0.01609 -6.90153e+02 |147 -0.01901 -6.66375e+02
148  0.01806 -5.78830e+02 |149 -0.00599 -5.54567e+02 |150 -0.00530 -5.33555e+02
151  0.05590 -5.01726e+02 |152 -0.05846 -5.15009e+02 |153 -0.00607 -4.58870e+02
154 -0.00418 -4.23171e+02 |155  0.01158 -3.85215e+02 |156 -0.00485 -3.02185e+02
157 -0.00976 -2.63152e+02 |158 -0.00326 -2.31577e+02 |159  0.04554 -1.76981e+02
160 -0.02733 -2.02955e+02 |161  0.02854 -2.08188e+02 |162 -0.00929 -2.26103e+02
163 -0.02624 -2.39630e+02 |164  0.00965 -2.29114e+02 |165 -0.00342 -2.46087e+02
166 -0.00643 -2.15327e+02 |167  0.01043 -1.38173e+02 |168 -0.01946 -1.25358e+02
169  0.00996 -1.49143e+00 |170  0.02446 -2.60895e+02 |171 -0.04269 -2.89998e+02
172  0.01354 -8.89761e+01 |173  0.02321 -7.65822e+00 |174  0.00810 -1.20322e+01
175 -0.02258 -1.82199e+00 |176  0.02830  2.16462e+01 |177 -0.02671  1.24351e+01
178  0.00656  3.87661e+01 |179 -0.00655  3.92025e+01 |180  0.00859  5.42093e+01
181 -0.00243  5.55534e+01 |182  0.01249  5.52551e+01 |183 -0.01141  1.35612e+01
184 -0.01685  5.46015e+00 |185  0.00631  1.01659e+01 |186  0.00000  1.98629e-12
187  0.00000  2.17897e-12 |188  0.00726 -7.89423e+03 |189 -0.00049 -7.86828e+03
190 -0.00643 -7.58908e+03 |191  0.01119 -7.29532e+03 |192 -0.00227 -6.78683e+03
193 -0.01597 -6.73657e+03 |194  0.00978 -6.58680e+03 |195 -0.00372 -6.52580e+03
196  0.01343 -6.33445e+03 |197 -0.00939 -6.96055e+03 |198 -0.00505 -6.87411e+03
199 -0.00035 -6.78516e+03 |200  0.00318 -6.68287e+03 |201  0.00459 -6.50606e+03
202 -0.01227 -6.46147e+03 |203  0.01090 -5.96470e+03 |204 -0.00315 -5.95967e+03
205  0.00410 -5.99327e+03 |206 -0.00441 -5.73970e+03 |207  0.00599 -5.97739e+03
208 -0.00497 -5.87949e+03 |209 -0.00470 -6.14634e+03 |210  0.00678 -6.02224e+03
211  0.08308 -5.79470e+03 |212 -0.16594 -5.60806e+03 |213  0.08406 -5.17754e+03
214 -0.01386 -4.99158e+03 |215  0.00834 -4.60068e+03 |216 -0.00555 -4.35230e+03
217  0.01565 -4.04490e+03 |218 -0.00967 -4.08197e+03 |219 -0.01667 -3.90823e+03
220  0.04324 -3.69657e+03 |221 -0.02139 -3.65106e+03 |222 -0.00418 -3.58848e+03
223  0.00297 -3.44892e+03 |224  0.00134 -3.38850e+03 |225  0.00008 -3.38759e+03
226 -0.01846 -3.32577e+03 |227  0.01031 -3.17159e+03 |228  0.00988 -2.86508e+03
229 -0.00828 -2.89724e+03 |230  0.00636 -2.70290e+03 |231 -0.00334 -2.70465e+03
232 -0.00589 -2.53347e+03 |233  0.00758 -2.38164e+03 |234 -0.00653 -2.46994e+03
235  0.00033 -2.24711e+03 |236  0.00055 -1.93404e+03 |237  0.00209 -1.45454e+03
238 -0.01054 -1.53565e+03 |239  0.00921 -1.33732e+03 |240 -0.00688 -9.07321e+02
241  0.00575 -2.49596e+02 |242  0.01155 -2.13434e+02 |243  0.00767 -2.57593e+02
244 -0.01412 -3.39818e+02 |245 -0.01473 -2.56730e+02 |246  0.01193 -2.46848e+02
247  0.00585 -3.35366e+02 |248 -0.00299 -1.99103e+02 |249 -0.00607 -1.23070e+02
250  0.00498 -6.54645e+01 |251 -0.00198  4.46578e+01 |252  0.00534 -7.79302e+01
253 -0.02505 -7.60898e+01 |254 -0.00000 -1.97485e-11 |255  0.00000  1.09327e-12
256  0.01689 -6.89898e+03 |257 -0.00436 -7.20327e+03 |258 -0.00197 -6.84818e+03
259 -0.00343 -6.57765e+03 |260  0.00563 -5.97191e+03 |261  0.01049 -5.75588e+03
262 -0.01033 -5.58093e+03 |263  0.00295 -5.45311e+03 |264 -0.01839 -5.26544e+03
265 -0.00068 -5.65142e+03 |266  0.01065 -5.67868e+03 |267 -0.00890 -5.51205e+03
268 -0.00589 -5.46790e+03 |269  0.00368 -5.05099e+03 |270  0.00173 -5.09530e+03
271 -0.00212 -4.62160e+03 |272  0.00930 -4.66607e+03 |273 -0.00483 -4.94616e+03
274  0.00515 -4.82553e+03 |275 -0.00182 -4.96930e+03 |276  0.00147 -4.87785e+03
277  0.00117 -5.16833e+03 |278 -0.00574 -5.25052e+03 |279  0.00159 -5.18196e+03
280  0.07217 -4.72381e+03 |281 -0.08028 -4.24720e+03 |282  0.01298 -4.11881e+03
283 -0.00551 -3.95972e+03 |284  0.00257 -3.86338e+03 |285 -0.00244 -3.83081e+03
286 -0.00167 -3.63596e+03 |287  0.00706 -3.34909e+03 |288 -0.02372 -3.54900e+03
289  0.02774 -3.41470e+03 |290  0.00347 -3.58955e+03 |291 -0.00650 -3.45549e+03
292 -0.00324 -3.58785e+03 |293  0.00258 -3.53459e+03 |294  0.00822 -3.33230e+03
295 -0.01193 -3.18490e+03 |296 -0.00051 -2.80457e+03 |297 -0.00282 -2.79579e+03
298  0.00115 -2.56611e+03 |299  0.00157 -2.57875e+03 |300  0.00486 -2.17910e+03
301 -0.00399 -2.04373e+03 |302  0.00204 -2.21535e+03 |303 -0.00152 -2.05714e+03
304  0.00050 -2.09717e+03 |305 -0.00361 -1.60524e+03 |306  0.00585 -1.42253e+03
307 -0.00395 -1.36493e+03 |308  0.00241 -1.29253e+03 |309  0.00225 -5.90001e+02
310 -0.00247 -5.84953e+02 |311  0.00439 -7.92308e+02 |312  0.00290 -8.21911e+02
313  0.00960 -5.46064e+02 |314 -0.00961 -6.26348e+02 |315 -0.00355 -1.09315e+03
316 -0.00341 -9.25570e+02 |317  0.00694 -3.73365e+02 |318 -0.00125 -3.94872e+02
319  0.00090 -4.27336e+02 |320 -0.00804 -4.65984e+02 |321  0.01915 -7.36870e+01
322 -0.00000 -5.01132e-11 |323 -0.00000 -1.04474e-11 |
323 variables; iteration 220; function evaluation 236; phase 5
Function value 3.0810139e+03; maximum gradient component mag -4.8918e+03
Var    Value     Gradient |Var    Value     Gradient |Var    Value     Gradient
  1 -0.03585 -7.44620e+01 |  2  0.10899  2.72449e+01 |  3  0.19342  6.18674e+01
  4 -0.08820 -1.72360e+01 |  5 -0.06337 -1.08314e+01 |  6  0.04058 -6.54632e+01
  7  0.05958 -2.65735e+01 |  8  0.00580 -6.55258e+00 |  9  0.05277  7.03672e+00
 10  0.03446  1.29015e+01 | 11  0.23153  3.26527e+01 | 12 -0.19069 -3.47752e+01
 13 -0.02754 -1.37086e+01 | 14 -0.19782 -2.63535e+01 | 15 -0.24548 -3.22227e+01
 16  0.24126 -1.59006e+02 | 17  0.01888 -2.48502e+01 | 18 -0.12839 -3.74280e+01
 19 -0.04477 -1.80703e+01 | 20 -0.00631 -1.94869e+01 | 21 -0.09571 -2.46444e+01
 22  0.02045 -1.48722e+02 | 23 -0.13265 -5.65019e+01 | 24 -0.03398 -1.20545e+01
 25  0.02339  1.28739e+01 | 26  0.02713 -5.22429e+01 | 27 -0.10716 -1.61475e+01
 28  0.03114 -3.74059e+01 | 29  0.04475 -1.36451e+02 | 30 -0.05331 -4.72185e+01
 31 -0.15403  4.31994e+00 | 32  0.03951 -3.91961e+01 | 33  0.05383 -6.60836e+01
 34  0.05674 -4.36735e+01 | 35  0.04232 -1.00345e+02 | 36 -0.04972 -8.26708e+00
 37 -0.00511 -3.96939e+01 | 38  0.06697 -7.12469e+01 | 39 -0.12778 -5.88519e+01
 40  0.21758 -8.10970e+01 | 41  0.01477 -8.02505e+01 | 42  0.07933 -1.50001e+02
 43 -0.05671  2.29270e+01 | 44  0.17609 -3.04190e+02 | 45 -0.04579 -1.30248e+02
 46 -0.03781 -1.16858e+02 | 47 -0.01566 -7.16038e+01 | 48 -0.08906 -2.85987e+01
 49  0.11925  8.54227e+01 | 50  0.01123 -4.41890e+01 | 51  0.00291  1.52041e+01
 52  0.02603  1.64388e+02 | 53 -0.03703 -3.91666e+01 | 54  0.08664  1.78811e+02
 55  0.00788  1.00949e+02 | 56 -0.04757  4.98174e+01 | 57 -0.05253  1.06687e+02
 58  0.09247  3.59717e+02 | 59 -0.03666  1.41284e+01 | 60  0.02624  1.15734e+02
 61  0.00997  2.13258e+02 | 62  0.07180  1.81761e+02 | 63  0.10447  2.32525e+02
 64 -0.05735  8.28363e+01 | 65 -0.00061  2.09850e+02 | 66  0.03844 -1.31342e+02
 67  0.01667  2.54236e+02 | 68 -0.04432  4.38935e+00 | 69  0.02267 -2.57895e+02
 70  0.01293  4.64211e+01 | 71  0.15952  2.75721e+02 | 72 -0.05757 -3.49743e+01
 73 -0.02517 -3.45304e+01 | 74 -0.02754  3.83319e+01 | 75  0.00471  8.30765e+00
 76 -0.48234  7.21664e+00 | 77 -0.66765 -3.07278e+01 | 78 -0.79347  7.15102e+00
 79 -0.74280 -5.98876e+01 | 80 -1.30345 -6.83848e+01 | 81 -0.80118 -4.70114e+01
 82 -0.81093  6.24889e+00 | 83 -0.84946 -1.42283e+01 | 84 -0.81547  1.80708e+01
 85 -0.74089 -1.32307e+01 | 86 -0.77433  9.65724e+01 | 87 -0.82381 -2.53490e+01
 88 -0.82516 -4.12431e+01 | 89 -1.19518  1.52585e+01 | 90 -0.82243 -2.19426e+01
 91 -0.82028 -3.10211e+01 | 92 -1.24906 -7.06737e+01 | 93 -1.13159  8.63926e+01
 94 -0.77574  3.91138e+01 | 95 -0.84348  9.90671e+00 | 96 -0.84869  4.12489e+00
 97 -0.86610  1.11424e+01 | 98 -0.80781 -4.38621e-06 | 99 -0.80781 -4.38621e-06
100  0.33499 -1.05331e+02 |101  0.20867 -1.03562e+03 |102  0.15339 -1.13414e+03
103  0.08906 -2.05070e+02 |104 -0.16401  2.24250e+02 |105 -0.20743  1.99803e+01
106 -0.16488  4.29164e+01 |107 -0.00160 -2.17021e+03 |108  0.16925 -1.36382e+02
109 -0.02057  3.94251e+02 |110  0.16960  9.89856e+01 |111 -0.08525 -2.42281e+00
112  0.22985 -7.28157e+00 |113 -0.05177 -5.07019e+01 |114 -0.34040  8.51039e+01
115 -0.20852  8.65562e+01 |116 -0.19191  7.27473e+01 |117 -0.34757 -4.66023e+01
118  1.86819 -2.12246e+01 |119  2.11052 -8.43356e+01 |120  0.00840 -5.05431e+02
121  0.02116 -4.86116e+02 |122  0.00128 -4.87804e+02 |123 -0.04437 -4.77480e+02
124  0.01830 -4.48892e+02 |125 -0.01679 -4.45321e+02 |126  0.03601 -4.17212e+02
127 -0.01667 -4.29864e+02 |128  0.02185 -3.46862e+02 |129 -0.01483 -3.48659e+02
130  0.00499 -3.39402e+02 |131 -0.01967 -3.35553e+02 |132  0.01274 -2.43976e+02
133 -0.00518 -2.45514e+02 |134  0.00589 -3.04758e+02 |135  0.00531 -3.11568e+02
136 -0.00889 -3.26700e+02 |137  0.03391 -2.91839e+02 |138 -0.01903 -3.12652e+02
139 -0.02089 -3.31334e+02 |140  0.00136 -3.63406e+02 |141  0.02232 -3.80004e+02
142 -0.02511 -3.82968e+02 |143 -0.08740 -3.68789e+02 |144  0.10960 -2.27835e+02
145 -0.01814 -2.51511e+02 |146  0.01880 -3.41454e+02 |147 -0.01476 -3.40727e+02
148  0.01845 -2.99817e+02 |149 -0.01558 -2.97726e+02 |150  0.01010 -2.80496e+02
151  0.03507 -2.73822e+02 |152 -0.04093 -2.76153e+02 |153 -0.01036 -2.58248e+02
154 -0.00327 -2.43458e+02 |155  0.00682 -2.30636e+02 |156  0.00409 -1.63017e+02
157 -0.01595 -1.55538e+02 |158 -0.00801 -1.51356e+02 |159  0.02911 -1.45142e+02
160 -0.01024 -1.47102e+02 |161  0.02559 -1.69479e+02 |162  0.00573 -1.82333e+02
163 -0.03971 -2.10836e+02 |164  0.00811 -2.18005e+02 |165  0.00111 -2.29295e+02
166 -0.00334 -2.28844e+02 |167  0.00089 -2.24036e+02 |168 -0.01660 -1.96770e+02
169  0.00152 -1.30586e+02 |170  0.02631 -6.32832e+01 |171 -0.03539 -7.39336e+01
172  0.01320  1.11080e+01 |173  0.02565  6.45305e+01 |174  0.01610  5.20385e+01
175  0.00072  5.56801e+01 |176 -0.01599  5.23538e+01 |177 -0.01606  5.87850e+01
178  0.00468  7.37689e+01 |179 -0.00241  8.26434e+01 |180  0.00643  9.30119e+01
181  0.00331  1.02382e+02 |182  0.00397  7.52151e+01 |183 -0.00780  4.63945e+01
184 -0.01290  3.79166e+01 |185  0.00188  1.15149e+01 |186 -0.00000 -1.06932e-13
187 -0.00000 -1.09311e-13 |188  0.01112 -4.55429e+03 |189 -0.00260 -4.51474e+03
190 -0.00123 -4.30100e+03 |191  0.00619 -4.23785e+03 |192 -0.00634 -4.00482e+03
193 -0.01319 -3.97232e+03 |194  0.00816 -3.83081e+03 |195  0.01113 -3.78925e+03
196 -0.01042 -3.71114e+03 |197  0.00324 -3.89214e+03 |198 -0.00891 -3.86997e+03
199  0.00360 -3.84556e+03 |200  0.00100 -3.76124e+03 |201  0.00637 -3.65383e+03
202 -0.01001 -3.68423e+03 |203  0.00874 -3.42852e+03 |204 -0.00037 -3.57601e+03
205  0.00164 -3.50806e+03 |206 -0.00630 -3.39756e+03 |207  0.00779 -3.64459e+03
208 -0.00852 -3.63447e+03 |209  0.00032 -3.78995e+03 |210  0.00601 -3.84715e+03
211  0.08335 -3.76513e+03 |212 -0.19943 -3.59273e+03 |213  0.11185 -3.23677e+03
214 -0.00939 -3.26448e+03 |215  0.00631 -2.97905e+03 |216 -0.00524 -2.84896e+03
217  0.01664 -2.60220e+03 |218 -0.01404 -2.73248e+03 |219 -0.00675 -2.61455e+03
220  0.03015 -2.54018e+03 |221 -0.01882 -2.59829e+03 |222  0.00126 -2.45155e+03
223 -0.00080 -2.50233e+03 |224  0.00491 -2.40862e+03 |225 -0.00137 -2.53384e+03
226 -0.01640 -2.52679e+03 |227  0.00779 -2.43831e+03 |228  0.00801 -2.15482e+03
229 -0.00904 -2.14774e+03 |230  0.00770 -2.04844e+03 |231 -0.00206 -1.99706e+03
232 -0.00740 -1.93956e+03 |233  0.00834 -1.80077e+03 |234 -0.00544 -1.87928e+03
235  0.00002 -1.82027e+03 |236  0.00404 -1.53612e+03 |237 -0.00163 -1.35319e+03
238 -0.01321 -1.22588e+03 |239  0.01513 -7.59643e+02 |240 -0.01006 -6.41821e+02
241  0.00559 -2.41952e+02 |242  0.01248 -1.73561e+02 |243  0.00605 -2.20001e+02
244 -0.00941 -2.63995e+02 |245 -0.01614 -2.94566e+02 |246  0.01093 -3.94551e+02
247  0.00337 -4.26897e+02 |248 -0.00541 -2.34705e+02 |249 -0.00122 -7.50543e+01
250  0.00303 -1.26079e+02 |251 -0.00260 -1.41644e+01 |252  0.00827  1.63798e+01
253 -0.02980 -6.54437e+01 |254  0.00000  1.28854e-12 |255 -0.00000  4.18830e-15
256  0.01366 -4.86164e+03 |257  0.00009 -4.89175e+03 |258 -0.00388 -4.65961e+03
259 -0.00052 -4.49455e+03 |260  0.00394 -4.19505e+03 |261  0.00991 -4.06171e+03
262 -0.00761 -3.90788e+03 |263 -0.00063 -3.92131e+03 |264 -0.00997 -3.84490e+03
265 -0.01116 -3.94955e+03 |266  0.01679 -3.85618e+03 |267 -0.01315 -3.86978e+03
268 -0.00401 -3.85518e+03 |269  0.00132 -3.48747e+03 |270  0.00050 -3.38002e+03
271 -0.00048 -2.98739e+03 |272  0.00304 -2.94591e+03 |273 -0.00020 -2.84806e+03
274  0.00644 -2.58223e+03 |275 -0.00139 -2.65937e+03 |276  0.00117 -2.59071e+03
277  0.00075 -2.82333e+03 |278 -0.00253 -2.97895e+03 |279  0.00530 -3.01518e+03
280  0.09717 -2.88853e+03 |281 -0.10880 -2.52332e+03 |282  0.00803 -2.55363e+03
283 -0.00379 -2.41904e+03 |284  0.00335 -2.21278e+03 |285  0.00005 -2.18983e+03
286  0.00009 -2.17574e+03 |287 -0.00119 -2.01400e+03 |288 -0.01241 -1.92380e+03
289  0.01896 -1.86992e+03 |290  0.00612 -1.86530e+03 |291 -0.00803 -1.93268e+03
292 -0.00426 -1.94267e+03 |293  0.00443 -1.92506e+03 |294  0.00548 -1.76140e+03
295 -0.00911 -1.61668e+03 |296  0.00001 -1.24668e+03 |297  0.00091 -1.25149e+03
298 -0.00333 -1.25570e+03 |299  0.00359 -1.23181e+03 |300  0.00515 -1.05335e+03
301 -0.00665 -1.05221e+03 |302  0.00299 -1.12799e+03 |303 -0.00232 -1.12155e+03
304  0.00076 -1.16433e+03 |305 -0.00284 -8.86030e+02 |306  0.00600 -6.17405e+02
307 -0.00354 -4.05725e+02 |308  0.00346 -5.56733e+02 |309 -0.00095 -1.57902e+02
310 -0.00314 -7.69930e+01 |311  0.00584 -1.62668e+02 |312  0.00586 -1.69563e+02
313  0.00541 -2.78459e+02 |314 -0.01156 -4.44187e+02 |315 -0.00040 -6.28007e+02
316 -0.00065 -4.41925e+02 |317  0.00362 -1.07591e+02 |318 -0.00047 -1.94583e+02
319  0.00009 -2.10288e+02 |320 -0.00522 -1.33227e+02 |321  0.01961 -4.92527e+01
322  0.00000  3.25905e-12 |323  0.00000  6.27351e-13 |
323 variables; iteration 240; function evaluation 257; phase 5
Function value 3.0571143e+03; maximum gradient component mag -4.1339e+03
Var    Value     Gradient |Var    Value     Gradient |Var    Value     Gradient
  1 -0.03613  3.30885e+03 |  2  0.06432  1.59622e+01 |  3  0.17878  5.09290e+01
  4 -0.09713 -2.07120e+01 |  5 -0.09600 -1.90753e+01 |  6  0.04910 -3.42793e+01
  7  0.05713 -4.23766e+00 |  8 -0.00325  5.21459e+00 |  9  0.05791  5.27581e+01
 10  0.03499 -8.54249e+00 | 11  0.22484  1.56857e+01 | 12 -0.19619 -6.28302e+01
 13 -0.02700 -2.80154e+01 | 14 -0.20818 -5.40988e+01 | 15 -0.23622 -5.61218e+01
 16  0.24437  7.67717e+01 | 17  0.00904 -1.68764e+01 | 18 -0.11205 -3.60852e+01
 19 -0.03963 -2.07928e+00 | 20 -0.00194  1.44176e+01 | 21 -0.09804 -1.94810e+01
 22  0.03996  8.79433e-02 | 23 -0.14280 -6.56455e+01 | 24 -0.02212  2.57014e+01
 25  0.01579  3.00398e+01 | 26  0.03488  4.58023e+00 | 27 -0.13254 -4.02424e+01
 28  0.02646  1.02232e+01 | 29  0.04697 -4.30999e+01 | 30 -0.05783 -4.10970e+01
 31 -0.18716 -3.13859e+01 | 32  0.04431 -1.02586e+00 | 33  0.05651 -1.50553e+00
 34  0.05014 -4.80855e+01 | 35  0.05041 -2.79099e+01 | 36 -0.04446 -3.08640e+01
 37  0.00079 -2.18414e+01 | 38  0.05692 -7.43729e+01 | 39 -0.09795 -7.65136e+01
 40  0.21712 -1.14601e+00 | 41  0.01527 -8.39539e+01 | 42  0.08111 -1.11783e+02
 43 -0.05885 -2.74220e+01 | 44  0.17728 -2.28494e+02 | 45 -0.04313 -1.25904e+02
 46 -0.03655 -1.25630e+02 | 47 -0.01595 -1.19751e+02 | 48 -0.09422 -9.41209e+01
 49  0.11829  2.98849e+01 | 50  0.01232 -4.97222e+01 | 51  0.00338 -2.51999e+00
 52  0.02589  1.23387e+02 | 53 -0.03472 -2.66622e+01 | 54  0.08586  1.46091e+02
 55  0.00676  7.56162e+01 | 56 -0.05359 -5.91221e+01 | 57 -0.05242  7.04515e+01
 58  0.09156  3.02358e+02 | 59 -0.03592  2.05889e+01 | 60  0.02732  1.56821e+02
 61  0.00797  1.47616e+02 | 62  0.07095  1.37466e+02 | 63  0.10430  1.94736e+02
 64 -0.05882  2.85919e+01 | 65 -0.00321  1.36323e+02 | 66  0.04214 -6.18762e+01
 67  0.01696  1.83334e+02 | 68 -0.03841  4.14562e+01 | 69  0.02982 -1.62972e+02
 70  0.01444  1.88850e+01 | 71  0.16031  2.64110e+02 | 72 -0.06295 -1.18723e+02
 73 -0.02444 -6.41111e+01 | 74 -0.03116 -3.03944e+01 | 75  0.00055 -5.09995e+01
 76 -0.51227 -1.20508e+01 | 77 -0.66376 -3.26447e+01 | 78 -0.79766 -1.16630e+01
 79 -0.74300 -6.75541e+01 | 80 -1.20961  5.72289e+01 | 81 -0.77026 -2.17339e+01
 82 -0.81929 -1.53633e+01 | 83 -0.84962 -1.87457e+01 | 84 -0.82287 -6.41361e+00
 85 -0.76012 -3.59365e+01 | 86 -0.79210  3.94697e+01 | 87 -0.82575 -3.09736e+01
 88 -0.77628 -3.81647e+00 | 89 -1.20373  8.49270e+00 | 90 -0.81098 -6.56694e+00
 91 -0.82056 -3.08380e+01 | 92 -1.22356 -1.17551e+01 | 93 -1.17021  5.79495e+01
 94 -0.77128  5.61389e+01 | 95 -0.84496  1.03158e+01 | 96 -0.84903  5.57444e+00
 97 -0.87151 -1.91794e+01 | 98 -0.80780 -4.38606e-06 | 99 -0.80780 -4.38606e-06
100  0.38407 -1.01848e+02 |101  0.21042 -9.38859e+02 |102  0.15373 -6.37276e+02
103  0.08956 -8.42478e+01 |104 -0.16525  2.22004e+02 |105 -0.20742  1.44459e+02
106 -0.16386  1.77560e+02 |107 -0.00118 -1.73269e+03 |108  0.16884 -1.26088e+02
109 -0.02106  3.12647e+02 |110  0.16979  5.14544e+01 |111 -0.10192 -3.99858e+00
112  0.24132 -4.58393e+00 |113 -0.04876  1.23908e+02 |114 -0.34139 -6.68305e+01
115 -0.20750  4.64563e+01 |116 -0.18979  6.92851e+01 |117 -0.36222 -5.69655e+01
118  1.90253 -1.03535e+01 |119  2.13565 -4.16675e+01 |120  0.01281 -5.12086e+02
121  0.02547 -5.01591e+02 |122 -0.01333 -5.10851e+02 |123 -0.05359 -5.06592e+02
124  0.03664 -4.66921e+02 |125 -0.03285 -4.78856e+02 |126  0.00335 -4.59959e+02
127  0.02076 -4.44124e+02 |128  0.02678 -4.04229e+02 |129 -0.00855 -4.09119e+02
130 -0.00143 -4.05547e+02 |131 -0.02189 -4.05323e+02 |132  0.00276 -3.58183e+02
133 -0.00369 -3.43469e+02 |134  0.00537 -3.56878e+02 |135  0.01526 -3.57561e+02
136 -0.01140 -3.81438e+02 |137  0.03308 -3.79232e+02 |138 -0.03377 -4.03782e+02
139 -0.00114 -4.02939e+02 |140 -0.00526 -4.69792e+02 |141  0.02889 -4.67743e+02
142 -0.03107 -4.78832e+02 |143 -0.09541 -4.71430e+02 |144  0.11898 -3.15268e+02
145 -0.02370 -3.60943e+02 |146  0.02647 -4.16923e+02 |147 -0.02074 -4.29730e+02
148  0.01714 -3.80867e+02 |149 -0.01224 -3.76297e+02 |150  0.02845 -3.57348e+02
151  0.01805 -3.67556e+02 |152 -0.04025 -3.70317e+02 |153 -0.01246 -3.56789e+02
154  0.00005 -3.44533e+02 |155  0.00418 -3.36904e+02 |156  0.00374 -2.84184e+02
157 -0.01850 -2.77101e+02 |158 -0.00797 -2.71771e+02 |159  0.02482 -2.53674e+02
160 -0.00902 -2.46275e+02 |161  0.03030 -1.93732e+02 |162  0.01633 -2.05093e+02
163 -0.04848 -2.41303e+02 |164  0.00926 -2.58576e+02 |165 -0.00155 -2.84171e+02
166 -0.00429 -2.74918e+02 |167  0.00008 -2.63848e+02 |168 -0.01606 -2.33088e+02
169  0.00178 -1.68376e+02 |170  0.02542 -4.75079e+01 |171 -0.03224 -5.13852e+01
172  0.00928 -1.11416e+01 |173  0.02402  4.55328e+01 |174  0.01425  5.30893e+01
175 -0.00079  6.22214e+01 |176  0.01095  6.66189e+01 |177 -0.03246  5.76975e+01
178  0.00096  6.63291e+01 |179  0.00266  8.05508e+01 |180  0.00090  8.20370e+01
181 -0.00008  9.36449e+01 |182  0.00641  8.19288e+01 |183 -0.00610  6.03134e+01
184 -0.00516  5.36009e+01 |185 -0.00508  1.36486e+01 |186 -0.00000 -4.50866e-11
187 -0.00000 -4.77117e-11 |188  0.00682 -4.13386e+03 |189  0.00532 -4.05914e+03
190 -0.00285 -3.95549e+03 |191  0.00359 -3.95633e+03 |192 -0.00881 -3.91009e+03
193 -0.00470 -3.87781e+03 |194  0.00504 -3.82823e+03 |195  0.01829 -3.79955e+03
196 -0.02368 -3.76904e+03 |197  0.00609 -3.67577e+03 |198 -0.00393 -3.66885e+03
199 -0.00038 -3.66967e+03 |200 -0.00036 -3.59307e+03 |201  0.00703 -3.59823e+03
202 -0.00735 -3.63549e+03 |203  0.00295 -3.61319e+03 |204  0.00363 -3.73224e+03
205 -0.00057 -3.63161e+03 |206 -0.00353 -3.63003e+03 |207  0.00200 -3.83153e+03
208 -0.00226 -3.80761e+03 |209 -0.00013 -3.81256e+03 |210  0.00484 -3.83141e+03
211  0.08998 -3.77288e+03 |212 -0.20067 -3.59346e+03 |213  0.10506 -3.48123e+03
214 -0.00766 -3.44994e+03 |215  0.00580 -3.28032e+03 |216 -0.00251 -3.18809e+03
217  0.01016 -3.11389e+03 |218 -0.01246 -3.14414e+03 |219 -0.00045 -3.03717e+03
220  0.01884 -2.93906e+03 |221 -0.01116 -2.91704e+03 |222 -0.00120 -2.79956e+03
223  0.00249 -2.81419e+03 |224 -0.00106 -2.74299e+03 |225  0.00472 -2.68479e+03
226 -0.01583 -2.70992e+03 |227  0.00622 -2.66908e+03 |228  0.00692 -2.60495e+03
229 -0.00802 -2.54991e+03 |230  0.00546 -2.47579e+03 |231 -0.00170 -2.28852e+03
232 -0.00585 -2.16930e+03 |233  0.00730 -2.03690e+03 |234 -0.00329 -2.00609e+03
235  0.00010 -1.91989e+03 |236  0.00365 -1.71353e+03 |237 -0.00355 -1.61036e+03
238 -0.01132 -1.39937e+03 |239  0.01491 -8.92561e+02 |240 -0.00785 -8.34498e+02
241  0.00260 -7.06999e+02 |242  0.01336 -6.10778e+02 |243  0.00529 -6.04814e+02
244 -0.01377 -6.29760e+02 |245 -0.01270 -5.89184e+02 |246  0.01267 -6.20640e+02
247  0.00202 -6.04692e+02 |248 -0.00536 -3.95179e+02 |249 -0.00190 -2.71716e+02
250  0.00496 -2.29689e+02 |251 -0.00301 -1.60502e+02 |252  0.00478 -5.09178e+01
253 -0.03390 -9.08532e+01 |254  0.00000  4.51391e-10 |255 -0.00000 -2.55827e-11
256  0.01393 -2.73058e+03 |257  0.00011 -2.77962e+03 |258 -0.00476 -2.68391e+03
259  0.00256 -2.44505e+03 |260  0.00250 -2.41908e+03 |261  0.00964 -2.46089e+03
262 -0.00660 -2.39800e+03 |263 -0.00653 -2.47518e+03 |264 -0.00349 -2.38864e+03
265 -0.01334 -2.24702e+03 |266  0.01448 -2.16325e+03 |267 -0.01119 -2.17079e+03
268 -0.00033 -2.12765e+03 |269 -0.00075 -2.09716e+03 |270 -0.00028 -2.10057e+03
271 -0.00007 -1.96775e+03 |272  0.00094 -1.92378e+03 |273  0.00251 -1.87357e+03
274  0.00263 -1.81382e+03 |275  0.00156 -1.85519e+03 |276 -0.00419 -1.84473e+03
277  0.00269 -1.90175e+03 |278  0.00032 -1.92275e+03 |279  0.00496 -2.00369e+03
280  0.09381 -1.92770e+03 |281 -0.10259 -1.79831e+03 |282  0.00469 -1.92935e+03
283 -0.00120 -1.81839e+03 |284  0.00152 -1.84970e+03 |285  0.00280 -1.90072e+03
286 -0.00169 -1.97838e+03 |287 -0.00466 -1.92426e+03 |288 -0.00236 -1.79363e+03
289  0.01052 -1.82501e+03 |290  0.00794 -1.79235e+03 |291 -0.01065 -1.86058e+03
292  0.00114 -1.75129e+03 |293  0.00153 -1.71719e+03 |294  0.00373 -1.69122e+03
295 -0.00612 -1.57086e+03 |296 -0.00163 -1.50411e+03 |297 -0.00014 -1.55604e+03
298 -0.00273 -1.57743e+03 |299  0.00419 -1.54689e+03 |300  0.00408 -1.39794e+03
301 -0.00715 -1.39454e+03 |302  0.00180 -1.36549e+03 |303 -0.00077 -1.23573e+03
304  0.00243 -1.28202e+03 |305 -0.00318 -1.15316e+03 |306  0.00356 -8.75121e+02
307 -0.00224 -5.64472e+02 |308  0.00395 -7.34913e+02 |309 -0.00131 -5.64681e+02
310 -0.00528 -4.32047e+02 |311  0.00773 -2.99991e+02 |312  0.00702 -2.81854e+02
313  0.00424 -4.28129e+02 |314 -0.01272 -5.16756e+02 |315  0.00156 -5.62337e+02
316  0.00108 -4.11796e+02 |317  0.00198 -3.06323e+02 |318 -0.00168 -3.34724e+02
319 -0.00072 -3.32584e+02 |320 -0.00382 -1.45077e+02 |321  0.02661 -5.93809e+01
322  0.00000  1.14817e-09 |323  0.00000  2.43575e-10 |
323 variables; iteration 260; function evaluation 279; phase 5
Function value 3.0471803e+03; maximum gradient component mag -3.6752e+03
Var    Value     Gradient |Var    Value     Gradient |Var    Value     Gradient
  1 -0.03598  1.13380e+03 |  2  0.04712  7.44454e+00 |  3  0.17586  3.84440e+01
  4 -0.09062 -1.90509e+01 |  5 -0.08241 -1.21127e+01 |  6  0.05275 -2.51436e+01
  7  0.05534 -6.49279e+00 |  8  0.00107  5.56831e+00 |  9  0.05590  2.21247e+01
 10  0.02282 -5.37749e+00 | 11  0.22372 -1.23643e+01 | 12 -0.17056 -3.62630e+01
 13 -0.02586 -9.23468e+00 | 14 -0.20538 -3.50089e+01 | 15 -0.22533 -3.62623e+01
 16  0.24124  9.06731e-01 | 17  0.01576 -5.30464e+00 | 18 -0.11848 -2.42987e+01
 19 -0.03780  6.62419e+00 | 20 -0.00274  1.25542e+01 | 21 -0.09887 -1.46671e+01
 22  0.04008 -7.08442e+00 | 23 -0.13732 -4.26651e+01 | 24 -0.02448  1.16429e+01
 25  0.01626  1.81626e+01 | 26  0.03650  4.84511e+00 | 27 -0.13096 -2.76337e+01
 28  0.02561  2.38522e+00 | 29  0.04560 -5.62887e+01 | 30 -0.05995 -4.00103e+01
 31 -0.20392 -2.66261e+01 | 32  0.04485 -2.34029e+01 | 33  0.05584 -1.17400e+01
 34  0.05558 -5.04459e+01 | 35  0.04760 -5.08884e+01 | 36 -0.04796 -3.10350e+01
 37  0.00068 -2.17348e+01 | 38  0.05669 -8.45827e+01 | 39 -0.10465 -6.99394e+01
 40  0.21746 -4.21342e+01 | 41  0.01294 -8.18297e+01 | 42  0.08225 -1.08191e+02
 43 -0.06024 -2.24685e+01 | 44  0.17887 -1.71862e+02 | 45 -0.04124 -9.28240e+01
 46 -0.03544 -1.00248e+02 | 47 -0.01545 -9.90711e+01 | 48 -0.09272 -6.43492e+01
 49  0.11816  1.78261e+01 | 50  0.01224 -4.12795e+01 | 51  0.00273 -1.34415e+01
 52  0.02446  8.51126e+01 | 53 -0.03400 -1.07131e+01 | 54  0.08608  1.19990e+02
 55  0.00757  6.99213e+01 | 56 -0.05372 -5.86817e+01 | 57 -0.05252  7.16065e+01
 58  0.09037  2.19361e+02 | 59 -0.03544  2.18449e+01 | 60  0.02698  1.41998e+02
 61  0.00731  1.30252e+02 | 62  0.07068  1.25446e+02 | 63  0.10384  1.69969e+02
 64 -0.05898  3.99368e+01 | 65 -0.00455  1.28345e+02 | 66  0.04255 -3.19574e+01
 67  0.01548  1.52796e+02 | 68 -0.03907  5.11082e+01 | 69  0.03046 -1.24723e+02
 70  0.01406  2.89405e+01 | 71  0.15975  2.51144e+02 | 72 -0.05760 -4.26458e+01
 73 -0.02405 -3.78411e+01 | 74 -0.03354 -3.47527e+01 | 75 -0.00097 -3.79464e+01
 76 -0.51569 -7.34598e+00 | 77 -0.66263 -2.18513e+01 | 78 -0.79932 -6.85499e+00
 79 -0.72665 -4.56736e+01 | 80 -1.22110  4.34595e+01 | 81 -0.77345 -1.96707e+01
 82 -0.82047 -1.19629e+01 | 83 -0.85260 -2.49340e+01 | 84 -0.82260 -2.40359e+00
 85 -0.75810 -2.99202e+01 | 86 -0.79896  2.57345e+01 | 87 -0.83019 -3.05271e+01
 88 -0.77699 -9.81862e-01 | 89 -1.20711  2.79808e+00 | 90 -0.81063 -4.68319e+00
 91 -0.81719 -2.35854e+01 | 92 -1.21730  1.50042e+00 | 93 -1.16220  6.89607e+01
 94 -0.77515  4.54416e+01 | 95 -0.84777 -2.33036e+00 | 96 -0.84708  1.73444e+01
 97 -0.87155 -1.82350e+01 | 98 -0.80780 -4.38599e-06 | 99 -0.80780 -4.38599e-06
100  0.27300 -7.58977e+01 |101  0.21119 -8.34553e+02 |102  0.16952 -5.98219e+02
103  0.08997 -1.08379e+01 |104 -0.16612  1.16896e+02 |105 -0.20803  7.38202e+01
106 -0.16307  1.66535e+02 |107 -0.00097 -1.50645e+03 |108  0.16871 -1.31857e+02
109 -0.02156  2.22311e+02 |110  0.16999  1.49233e+01 |111 -0.10525 -5.50857e+00
112  0.23863 -5.09859e+00 |113 -0.04938  9.38068e+01 |114 -0.34177 -7.62942e+01
115 -0.20712  3.96380e+01 |116 -0.19039  6.51675e+01 |117 -0.36224 -5.80646e+01
118  1.90043 -1.25300e+01 |119  2.14351 -2.65796e+01 |120  0.02917 -3.40181e+02
121  0.04367 -3.26218e+02 |122 -0.02412 -3.43259e+02 |123 -0.04828 -3.34321e+02
124  0.02905 -3.02217e+02 |125 -0.02899 -3.12858e+02 |126  0.00938 -2.95093e+02
127  0.01187 -2.87752e+02 |128  0.03959 -2.44815e+02 |129 -0.03168 -2.60817e+02
130  0.00928 -2.47389e+02 |131 -0.02306 -2.50108e+02 |132  0.00587 -1.94017e+02
133 -0.00487 -1.86534e+02 |134  0.00438 -2.02006e+02 |135  0.01624 -1.99167e+02
136 -0.01273 -2.24559e+02 |137  0.03352 -2.16699e+02 |138 -0.03359 -2.41146e+02
139 -0.00247 -2.39144e+02 |140 -0.00417 -3.00866e+02 |141  0.03256 -2.88448e+02
142 -0.03396 -3.02576e+02 |143 -0.09197 -2.98270e+02 |144  0.11410 -1.84826e+02
145 -0.02304 -2.23822e+02 |146  0.02571 -2.67722e+02 |147 -0.01390 -2.78016e+02
148  0.01213 -2.51583e+02 |149 -0.01226 -2.46462e+02 |150  0.02404 -2.30187e+02
151  0.02402 -2.36584e+02 |152 -0.04335 -2.43311e+02 |153 -0.01059 -2.27286e+02
154  0.00261 -2.19612e+02 |155  0.00207 -2.16531e+02 |156  0.00529 -1.70157e+02
157 -0.01886 -1.66544e+02 |158 -0.01074 -1.71005e+02 |159  0.02699 -1.37616e+02
160 -0.00978 -1.36128e+02 |161  0.02520 -1.03992e+02 |162  0.01197 -1.10848e+02
163 -0.04059 -1.41739e+02 |164  0.00972 -1.63939e+02 |165 -0.00057 -1.89132e+02
166 -0.00469 -1.90271e+02 |167 -0.00151 -1.84308e+02 |168 -0.01345 -1.51701e+02
169  0.00032 -1.12594e+02 |170  0.02752 -3.73812e+01 |171 -0.03337 -5.05308e+01
172  0.00824 -4.19073e+01 |173  0.02225  5.52508e+00 |174  0.01186  1.95544e+01
175 -0.00687  3.28608e+01 |176  0.03822  4.73415e+01 |177 -0.05220  2.55330e+01
178  0.00555  5.70766e+01 |179 -0.00241  6.25170e+01 |180  0.00205  6.86042e+01
181 -0.00017  8.61628e+01 |182  0.00990  8.34224e+01 |183 -0.00445  5.33674e+01
184 -0.01166  4.17340e+01 |185 -0.00275  1.12368e+01 |186 -0.00000 -6.83869e-10
187 -0.00000 -7.23158e-10 |188  0.00923 -3.67517e+03 |189  0.00497 -3.63261e+03
190 -0.00824 -3.56916e+03 |191  0.00907 -3.52663e+03 |192 -0.00443 -3.52467e+03
193 -0.01087 -3.50696e+03 |194  0.00397 -3.46615e+03 |195  0.01908 -3.43818e+03
196 -0.02713 -3.41099e+03 |197  0.01141 -3.30605e+03 |198 -0.00566 -3.33345e+03
199  0.00039 -3.34433e+03 |200 -0.00182 -3.29127e+03 |201  0.00699 -3.31333e+03
202 -0.00777 -3.34047e+03 |203  0.00346 -3.29941e+03 |204  0.00386 -3.39475e+03
205 -0.00044 -3.33098e+03 |206 -0.00426 -3.34376e+03 |207  0.00322 -3.46407e+03
208 -0.00310 -3.45593e+03 |209 -0.00008 -3.41834e+03 |210  0.00537 -3.39005e+03
211  0.08883 -3.34400e+03 |212 -0.19911 -3.22102e+03 |213  0.10433 -3.17157e+03
214 -0.00678 -3.12580e+03 |215  0.00417 -2.99775e+03 |216 -0.00161 -2.92167e+03
217  0.01056 -2.86111e+03 |218 -0.01310 -2.86479e+03 |219 -0.00092 -2.75541e+03
220  0.02000 -2.67130e+03 |221 -0.01151 -2.62311e+03 |222 -0.00044 -2.52822e+03
223  0.00068 -2.53879e+03 |224 -0.00074 -2.46046e+03 |225  0.00578 -2.35920e+03
226 -0.01965 -2.40482e+03 |227  0.01038 -2.32878e+03 |228  0.00581 -2.31795e+03
229 -0.00768 -2.26421e+03 |230  0.00595 -2.17248e+03 |231 -0.00165 -2.03095e+03
232 -0.00701 -1.95665e+03 |233  0.00781 -1.80374e+03 |234 -0.00390 -1.76560e+03
235  0.00153 -1.65290e+03 |236  0.00212 -1.50683e+03 |237 -0.00292 -1.42292e+03
238 -0.00989 -1.29571e+03 |239  0.01381 -8.93978e+02 |240 -0.00889 -8.60201e+02
241  0.00391 -7.64116e+02 |242  0.01249 -7.14032e+02 |243  0.00493 -6.88809e+02
244 -0.01315 -6.86278e+02 |245 -0.01315 -6.40768e+02 |246  0.01319 -6.18261e+02
247  0.00268 -5.91950e+02 |248 -0.00571 -4.40255e+02 |249 -0.00225 -3.39828e+02
250  0.00499 -2.59114e+02 |251 -0.00413 -2.00689e+02 |252  0.00560 -5.52321e+01
253 -0.03208 -7.74764e+01 |254  0.00000  6.83519e-09 |255 -0.00000 -3.87708e-10
256  0.00980 -2.58091e+03 |257 -0.00033 -2.64023e+03 |258 -0.00287 -2.52712e+03
259 -0.00051 -2.36022e+03 |260  0.00467 -2.32103e+03 |261  0.00990 -2.36104e+03
262 -0.00679 -2.30365e+03 |263 -0.00572 -2.37232e+03 |264 -0.00142 -2.29476e+03
265 -0.01696 -2.16029e+03 |266  0.01506 -2.05374e+03 |267 -0.01164 -2.04863e+03
268  0.00075 -2.02162e+03 |269 -0.00109 -2.01747e+03 |270  0.00049 -2.02164e+03
271 -0.00089 -1.92281e+03 |272  0.00105 -1.87452e+03 |273  0.00259 -1.83617e+03
274  0.00231 -1.81849e+03 |275  0.00161 -1.80659e+03 |276 -0.00464 -1.79721e+03
277  0.00227 -1.80019e+03 |278  0.00047 -1.74956e+03 |279  0.00567 -1.77813e+03
280  0.09386 -1.74101e+03 |281 -0.10292 -1.69021e+03 |282  0.00483 -1.76785e+03
283 -0.00038 -1.66839e+03 |284  0.00012 -1.71975e+03 |285  0.00249 -1.74210e+03
286 -0.00021 -1.75499e+03 |287 -0.00461 -1.71242e+03 |288 -0.00360 -1.60841e+03
289  0.01144 -1.61412e+03 |290  0.00646 -1.59706e+03 |291 -0.00900 -1.63624e+03
292  0.00084 -1.55698e+03 |293  0.00141 -1.49546e+03 |294  0.00671 -1.48706e+03
295 -0.00975 -1.40508e+03 |296 -0.00130 -1.34241e+03 |297 -0.00040 -1.37174e+03
298 -0.00235 -1.35835e+03 |299  0.00409 -1.33328e+03 |300  0.00456 -1.19151e+03
301 -0.00782 -1.18403e+03 |302  0.00276 -1.12137e+03 |303 -0.00185 -9.98653e+02
304  0.00384 -1.00280e+03 |305 -0.00319 -9.51696e+02 |306  0.00166 -7.86162e+02
307 -0.00222 -5.03366e+02 |308  0.00618 -5.83005e+02 |309 -0.00262 -4.96415e+02
310 -0.00492 -3.84795e+02 |311  0.00775 -2.62456e+02 |312  0.00633 -2.55267e+02
313  0.00452 -3.53919e+02 |314 -0.01288 -3.89629e+02 |315  0.00230 -4.05490e+02
316  0.00087 -3.35612e+02 |317  0.00145 -2.65014e+02 |318 -0.00140 -2.47545e+02
319  0.00038 -2.39672e+02 |320 -0.00453 -9.16091e+01 |321  0.02491 -4.75450e+01
322  0.00000  1.73848e-08 |323  0.00000  3.68791e-09 |
323 variables; iteration 280; function evaluation 302; phase 5
Function value 3.0352571e+03; maximum gradient component mag -2.8330e+03
Var    Value     Gradient |Var    Value     Gradient |Var    Value     Gradient
  1 -0.03535 -8.13540e+02 |  2  0.04270  1.14399e+00 |  3  0.15319  7.24925e+00
  4 -0.06970 -1.40554e+01 |  5 -0.05454  5.47945e+00 |  6  0.05327 -9.21195e+00
  7  0.05310  1.85743e+01 |  8  0.01741  3.36128e+01 |  9  0.04997 -4.92933e+00
 10  0.01784  2.12801e+01 | 11  0.21741 -2.25006e+01 | 12 -0.13616 -5.01186e-01
 13 -0.02567  2.54670e+01 | 14 -0.20588 -1.32600e+01 | 15 -0.18428 -6.50453e-01
 16  0.24127  4.85836e+00 | 17  0.01678  1.79849e+01 | 18 -0.11866  5.64086e-01
 19 -0.04074  7.48630e+00 | 20 -0.00579  1.98067e+01 | 21 -0.10350 -6.47922e+00
 22  0.03993 -6.51511e-01 | 23 -0.14308 -1.72516e+01 | 24 -0.03394 -1.47925e+01
 25  0.01558  1.81570e+01 | 26  0.03331  1.71247e+01 | 27 -0.13785 -2.24098e+01
 28  0.02830  2.50058e+01 | 29  0.04949 -1.45157e+01 | 30 -0.05877 -1.74561e+01
 31 -0.22376 -1.80267e+01 | 32  0.04757 -2.41018e+01 | 33  0.04759 -1.89489e+01
 34  0.06132 -3.44625e+01 | 35  0.04213 -5.60483e+01 | 36 -0.04688 -1.49629e+01
 37  0.00210  1.80909e+00 | 38  0.05027 -9.82269e+01 | 39 -0.09427 -4.51465e+01
 40  0.21628 -4.78714e+01 | 41  0.00658 -8.38132e+01 | 42  0.08164 -9.64157e+01
 43 -0.06338 -1.94707e+01 | 44  0.17995 -7.65677e+01 | 45 -0.03681 -2.22320e+01
 46 -0.03407 -5.16074e+01 | 47 -0.01486 -4.86174e+01 | 48 -0.08994 -1.78010e+01
 49  0.11688 -6.90900e+00 | 50  0.01327 -1.85035e+01 | 51  0.00004 -3.18766e+01
 52  0.02069 -6.09725e+00 | 53 -0.03380 -6.60921e+00 | 54  0.08531  4.68968e+01
 55  0.00755  3.15662e+01 | 56 -0.05248 -4.15751e+01 | 57 -0.05300  4.89499e+01
 58  0.08837  5.71324e+01 | 59 -0.03452  1.04943e+01 | 60  0.02733  1.06183e+02
 61  0.00580  6.47854e+01 | 62  0.07006  6.32037e+01 | 63  0.10232  8.06751e+01
 64 -0.05903  3.92211e+01 | 65 -0.00874  4.99856e+01 | 66  0.04338 -1.61974e+00
 67  0.01172  4.95086e+01 | 68 -0.03994  4.67983e+01 | 69  0.03142 -6.74579e+01
 70  0.01200 -7.61135e+00 | 71  0.15867  2.03324e+02 | 72 -0.04776  7.71616e+01
 73 -0.02289 -1.12717e+01 | 74 -0.03634 -3.74564e+01 | 75 -0.00039 -1.02572e+01
 76 -0.52314 -1.93331e+00 | 77 -0.65665  2.63983e+00 | 78 -0.78930  4.17086e+01
 79 -0.71713 -1.69458e+01 | 80 -1.24744  5.18261e+00 | 81 -0.77752 -1.25233e+01
 82 -0.82113 -1.09004e+00 | 83 -0.84954 -5.78179e+00 | 84 -0.83079 -1.40573e+01
 85 -0.74567 -8.11054e+00 | 86 -0.81672 -2.35545e+00 | 87 -0.82427 -1.73565e+01
 88 -0.76875  1.97663e+01 | 89 -1.20379 -5.85924e-01 | 90 -0.81528 -7.41093e+00
 91 -0.81749 -1.92772e+01 | 92 -1.21380  5.64165e+00 | 93 -1.17587  5.14744e+01
 94 -0.77420  5.09871e+01 | 95 -0.84532  1.15397e+01 | 96 -0.85387 -1.13285e+01
 97 -0.87979 -5.33292e+01 | 98 -0.80779 -4.38575e-06 | 99 -0.80779 -4.38575e-06
100  0.31543 -2.09829e+01 |101  0.20829 -6.32747e+02 |102  0.17027 -3.95649e+02
103  0.09071  1.17920e+02 |104 -0.16767 -3.98777e+01 |105 -0.20720  4.06903e+00
106 -0.16325  9.81078e+01 |107 -0.00027 -7.00527e+02 |108  0.16838 -8.77443e+01
109 -0.02297  9.12625e+01 |110  0.17171 -1.13604e+01 |111 -0.11665 -7.77554e+00
112  0.24592 -3.92924e+00 |113 -0.05090  2.24731e+01 |114 -0.34134  5.31264e+01
115 -0.20502  8.50085e+01 |116 -0.19559  8.47091e+01 |117 -0.33941 -4.08703e+01
118  1.91138 -3.57243e+00 |119  2.15205 -2.55652e+01 |120  0.01733 -9.50773e+01
121  0.03204 -8.27401e+01 |122 -0.00116 -9.05526e+01 |123 -0.05046 -9.41972e+01
124  0.02066 -6.65561e+01 |125 -0.02267 -7.56646e+01 |126  0.02793 -5.80324e+01
127 -0.00977 -6.54890e+01 |128  0.02774 -3.42524e+01 |129 -0.01123 -4.00481e+01
130 -0.00056 -3.58852e+01 |131 -0.02227 -3.64063e+01 |132  0.00640  4.18507e+00
133 -0.00547  7.71844e+00 |134  0.00037 -5.99963e+00 |135  0.01409  6.41705e+00
136 -0.00809 -1.33542e+00 |137  0.03983  1.21247e+01 |138 -0.03697 -1.70064e+01
139 -0.01267 -1.86449e+01 |140  0.00541 -2.90354e+01 |141  0.03759 -3.81008e+01
142 -0.03661 -5.62630e+01 |143 -0.08911 -5.91973e+01 |144  0.10416 -2.36983e+01
145 -0.01953 -4.94623e+01 |146  0.02155 -8.00788e+01 |147 -0.00738 -8.17017e+01
148  0.01547 -6.22628e+01 |149 -0.01605 -6.83705e+01 |150  0.02464 -5.90371e+01
151  0.01872 -6.74187e+01 |152 -0.04093 -7.18494e+01 |153 -0.00410 -5.51615e+01
154  0.00330 -7.20924e+01 |155 -0.00412 -7.49594e+01 |156  0.00937 -4.02190e+01
157 -0.02194 -4.23302e+01 |158 -0.01373 -4.86791e+01 |159  0.03842  3.17022e+00
160 -0.01873 -1.45093e+01 |161  0.02237 -3.66077e+00 |162 -0.01347 -1.39457e+01
163 -0.01471 -9.29089e+00 |164  0.01051 -3.72052e+01 |165  0.00029 -6.26157e+01
166 -0.00215 -7.03289e+01 |167 -0.00528 -8.82723e+01 |168 -0.01061 -5.81513e+01
169 -0.00204 -5.02562e+01 |170  0.02547 -1.35610e+01 |171 -0.02976 -2.14037e+01
172  0.00811 -4.77523e+01 |173  0.02196 -3.40803e+01 |174  0.00857 -2.96285e+01
175 -0.01894 -1.50576e+01 |176  0.03635  9.65983e+00 |177 -0.03706 -7.02572e+00
178  0.01458  3.29570e+01 |179 -0.01447  1.61480e+01 |180  0.01023  3.22904e+01
181 -0.00415  2.95656e+01 |182  0.00574  2.56616e+01 |183  0.01135  1.77343e+01
184 -0.03273 -1.04489e+01 |185  0.00295 -4.45081e+00 |186 -0.00000 -1.23829e-11
187 -0.00000 -1.28044e-11 |188  0.01546 -2.77950e+03 |189  0.00159 -2.77473e+03
190 -0.01426 -2.77431e+03 |191  0.01486 -2.66642e+03 |192  0.00707 -2.74847e+03
193 -0.02704 -2.74952e+03 |194  0.00480 -2.73165e+03 |195  0.02260 -2.69274e+03
196 -0.03563 -2.68008e+03 |197  0.01913 -2.73304e+03 |198 -0.00539 -2.78831e+03
199  0.00127 -2.80855e+03 |200 -0.00498 -2.83303e+03 |201  0.00726 -2.81050e+03
202 -0.00759 -2.80329e+03 |203  0.00172 -2.74189e+03 |204  0.00789 -2.76292e+03
205 -0.00215 -2.78443e+03 |206 -0.00631 -2.73957e+03 |207  0.00824 -2.67963e+03
208 -0.00488 -2.71470e+03 |209 -0.00178 -2.65109e+03 |210  0.00648 -2.55362e+03
211  0.08974 -2.53723e+03 |212 -0.19463 -2.52202e+03 |213  0.09739 -2.57158e+03
214 -0.00411 -2.44413e+03 |215  0.00217 -2.38763e+03 |216 -0.00030 -2.34589e+03
217  0.00888 -2.29216e+03 |218 -0.01288 -2.21192e+03 |219  0.00152 -2.10383e+03
220  0.01741 -2.06310e+03 |221 -0.00954 -1.99289e+03 |222 -0.00260 -1.97390e+03
223  0.00225 -1.92564e+03 |224 -0.00103 -1.88944e+03 |225  0.00393 -1.72962e+03
226 -0.02053 -1.75398e+03 |227  0.01328 -1.67853e+03 |228  0.00533 -1.68234e+03
229 -0.00793 -1.62131e+03 |230  0.00900 -1.48497e+03 |231 -0.00435 -1.48247e+03
232 -0.00603 -1.46451e+03 |233  0.00673 -1.35254e+03 |234 -0.00524 -1.30364e+03
235  0.00449 -1.17267e+03 |236 -0.00006 -1.14754e+03 |237 -0.00261 -1.08258e+03
238 -0.00769 -1.03799e+03 |239  0.01221 -8.37249e+02 |240 -0.00960 -8.20256e+02
241  0.00447 -7.65262e+02 |242  0.01163 -7.51336e+02 |243  0.00445 -6.96168e+02
244 -0.00910 -6.42793e+02 |245 -0.01232 -6.42163e+02 |246  0.00857 -5.69433e+02
247  0.00434 -4.84502e+02 |248 -0.00608 -3.97585e+02 |249 -0.00123 -3.29363e+02
250  0.00391 -2.41142e+02 |251 -0.00561 -2.19597e+02 |252  0.00757 -5.19345e+01
253 -0.03104 -4.20557e+01 |254  0.00000  1.21686e-10 |255 -0.00000 -6.97275e-12
256  0.00771 -1.70729e+03 |257  0.00212 -1.68087e+03 |258 -0.00168 -1.57305e+03
259 -0.00383 -1.53742e+03 |260  0.00545 -1.51097e+03 |261  0.01595 -1.50505e+03
262 -0.01284 -1.47979e+03 |263 -0.00314 -1.48901e+03 |264  0.00525 -1.44004e+03
265 -0.02433 -1.49242e+03 |266  0.01334 -1.44110e+03 |267 -0.01237 -1.42483e+03
268  0.00277 -1.41908e+03 |269 -0.00191 -1.43868e+03 |270  0.00174 -1.43542e+03
271 -0.00106 -1.39370e+03 |272 -0.00139 -1.39535e+03 |273  0.00429 -1.37996e+03
274  0.00331 -1.39448e+03 |275  0.00033 -1.35205e+03 |276 -0.00553 -1.36625e+03
277  0.00392 -1.31757e+03 |278 -0.00076 -1.25248e+03 |279  0.00557 -1.21983e+03
280  0.08996 -1.20463e+03 |281 -0.09900 -1.27702e+03 |282  0.00544 -1.25457e+03
283  0.00020 -1.24516e+03 |284 -0.00165 -1.28551e+03 |285  0.00361 -1.23875e+03
286  0.00025 -1.17480e+03 |287 -0.00459 -1.13848e+03 |288 -0.00325 -1.12929e+03
289  0.01046 -1.09281e+03 |290  0.00663 -1.07084e+03 |291 -0.00836 -1.06266e+03
292 -0.00055 -1.06082e+03 |293  0.00277 -9.26638e+02 |294  0.00910 -9.76498e+02
295 -0.01339 -9.42873e+02 |296 -0.00136 -8.42128e+02 |297 -0.00001 -8.15417e+02
298 -0.00285 -7.56282e+02 |299  0.00576 -7.24425e+02 |300  0.00247 -6.67673e+02
301 -0.00655 -6.11511e+02 |302  0.00448 -5.70227e+02 |303 -0.00395 -5.20961e+02
304  0.00504 -5.20127e+02 |305 -0.00262 -5.38168e+02 |306 -0.00049 -5.08274e+02
307 -0.00293 -3.25395e+02 |308  0.00846 -2.78350e+02 |309 -0.00310 -2.62561e+02
310 -0.00427 -1.95785e+02 |311  0.00756 -1.41676e+02 |312  0.00481 -1.80518e+02
313  0.00064 -2.37582e+02 |314 -0.00776 -1.51200e+02 |315  0.00258 -1.79535e+02
316  0.00012 -2.19166e+02 |317  0.00005 -1.78624e+02 |318  0.00091 -8.65660e+01
319  0.00114 -1.54769e+02 |320 -0.00603 -7.27850e+01 |321  0.02404 -1.54147e+01
322  0.00000  3.09123e-10 |323  0.00000  6.56091e-11 |
323 variables; iteration 300; function evaluation 329; phase 5
Function value 3.0262926e+03; maximum gradient component mag -2.8610e+03
Var    Value     Gradient |Var    Value     Gradient |Var    Value     Gradient
  1 -0.03439 -1.67882e+03 |  2  0.02186 -6.95148e+00 |  3  0.13741 -9.15727e+00
  4 -0.04753 -8.22446e+00 |  5 -0.06638  1.78568e+00 |  6  0.04905 -8.24571e+00
  7  0.05549  1.94367e+01 |  8 -0.00270  3.82763e+00 |  9  0.04552 -1.64315e+01
 10  0.02140  2.35324e+01 | 11  0.21628 -1.13921e+01 | 12 -0.12401  1.30145e+01
 13 -0.03609  2.75139e+01 | 14 -0.14980  2.23870e+01 | 15 -0.22858 -1.29668e+01
 16  0.23939  9.15463e-01 | 17  0.01911  2.71617e+01 | 18 -0.12778  3.78128e+00
 19 -0.04397  1.22525e+01 | 20 -0.01336  6.44278e+00 | 21 -0.09616  2.91933e+00
 22  0.03229 -1.75805e+01 | 23 -0.11582  2.14934e+01 | 24 -0.03480  1.03812e+01
 25  0.01574  5.45002e+00 | 26  0.02614  7.84828e+00 | 27 -0.11763  5.62947e+00
 28  0.02082  1.59750e+01 | 29  0.05112 -1.16495e+01 | 30 -0.06412 -1.57742e+01
 31 -0.18937  4.17510e+00 | 32  0.04338 -2.34859e+01 | 33  0.05003 -1.67685e+01
 34  0.05952 -1.66453e+01 | 35  0.04326 -4.57952e+01 | 36 -0.05396 -1.38496e+01
 37 -0.00490 -2.77855e+00 | 38  0.04766 -1.01420e+02 | 39 -0.08516 -2.47073e+01
 40  0.21414 -7.11853e+01 | 41  0.01018 -6.27307e+01 | 42  0.07999 -8.62700e+01
 43 -0.06614 -2.33966e+01 | 44  0.17774 -1.09920e+02 | 45 -0.03803 -1.88693e+01
 46 -0.03556 -5.68921e+01 | 47 -0.01483 -2.81981e+01 | 48 -0.09208 -1.22781e+01
 49  0.11479 -5.19799e+01 | 50  0.01282  2.69604e+00 | 51 -0.00108 -3.42486e+01
 52  0.01908 -1.77859e+01 | 53 -0.03553 -4.88412e+00 | 54  0.08373  1.70569e+01
 55  0.00575  2.54557e+01 | 56 -0.05207 -2.14828e+01 | 57 -0.05483  2.60055e+01
 58  0.08618  1.69650e+01 | 59 -0.03567  7.81131e-01 | 60  0.02627  9.24404e+01
 61  0.00454  4.98424e+01 | 62  0.06875  5.12994e+01 | 63  0.10052  4.05811e+01
 64 -0.06206  1.91389e+01 | 65 -0.01199  2.27402e+01 | 66  0.04363  3.29941e+01
 67  0.01116  5.16303e+01 | 68 -0.04083  5.02906e+01 | 69  0.03350 -9.43020e+00
 70  0.01057  3.77107e+00 | 71  0.15643  1.40651e+02 | 72 -0.05411  3.11895e+01
 73 -0.02245  1.77035e+01 | 74 -0.03621 -1.24242e+01 | 75 -0.00348 -1.37387e+01
 76 -0.52401  5.38058e+00 | 77 -0.65542  9.66174e+00 | 78 -0.80342  2.83047e+00
 79 -0.72166 -1.64680e+01 | 80 -1.25372 -7.61014e+00 | 81 -0.77293 -2.30079e+00
 82 -0.82267  3.58137e-01 | 83 -0.85273 -1.09635e+01 | 84 -0.81856  2.62565e+01
 85 -0.73231  1.13636e+01 | 86 -0.82418 -1.18223e+01 | 87 -0.81652 -6.64111e+00
 88 -0.78725  3.76453e+00 | 89 -1.19947  1.48269e+00 | 90 -0.80475  1.20152e+01
 91 -0.80708  6.74454e+00 | 92 -1.21764 -6.69506e+00 | 93 -1.18274  3.87162e+01
 94 -0.78498  2.32865e+01 | 95 -0.85186 -1.68760e+01 | 96 -0.85346 -8.68085e+00
 97 -0.87555 -3.24356e+01 | 98 -0.80778 -4.38542e-06 | 99 -0.80778 -4.38542e-06
100  0.37315 -2.54432e+01 |101  0.25778 -6.22924e+02 |102  0.14069 -5.31100e+02
103  0.09078  1.38607e+02 |104 -0.16759 -4.35437e+01 |105 -0.20682 -3.06456e+00
106 -0.16450  7.57077e+01 |107  0.00032 -3.54379e+02 |108  0.16803 -1.25021e+02
109 -0.02436 -3.78629e+01 |110  0.17400 -3.21056e+01 |111 -0.12644 -1.03526e+01
112  0.25508 -2.80572e+00 |113 -0.05166 -1.31080e+01 |114 -0.34049  1.15984e+02
115 -0.20646  1.01618e+02 |116 -0.19922  1.07301e+02 |117 -0.31417 -1.39758e+01
118  1.90650 -6.05326e+00 |119  2.16695  9.90148e-01 |120  0.02452 -1.21127e+02
121  0.01629 -1.20826e+02 |122 -0.00513 -1.25761e+02 |123 -0.04105 -1.26882e+02
124  0.03460 -1.02364e+02 |125 -0.03223 -1.18524e+02 |126  0.00906 -1.05563e+02
127 -0.00150 -1.07128e+02 |128  0.03572 -8.12201e+01 |129 -0.03795 -9.75887e+01
130  0.03344 -7.48749e+01 |131 -0.03862 -9.09977e+01 |132  0.00918 -5.76682e+01
133 -0.01278 -6.52851e+01 |134  0.00232 -6.05474e+01 |135  0.01499 -3.00459e+01
136 -0.00239 -4.07088e+01 |137  0.02189 -6.39684e+01 |138 -0.02640 -8.04534e+01
139 -0.01203 -7.65788e+01 |140  0.00738 -8.49170e+01 |141  0.03910 -9.37101e+01
142 -0.02766 -1.10888e+02 |143 -0.09573 -1.21369e+02 |144  0.10087 -1.09422e+02
145 -0.02421 -1.39492e+02 |146  0.02504 -1.28448e+02 |147 -0.00544 -1.29605e+02
148  0.01001 -1.17113e+02 |149 -0.00964 -1.15743e+02 |150  0.01013 -1.20307e+02
151  0.03358 -1.15074e+02 |152 -0.03649 -1.25159e+02 |153 -0.01632 -1.20308e+02
154  0.00696 -1.22613e+02 |155 -0.00045 -1.24929e+02 |156  0.00345 -1.12109e+02
157 -0.01864 -1.09762e+02 |158 -0.01214 -1.15013e+02 |159  0.02326 -1.11283e+02
160 -0.00482 -1.01530e+02 |161  0.01553 -1.02583e+02 |162 -0.00187 -9.71999e+01
163 -0.02236 -1.05964e+02 |164  0.00849 -1.03167e+02 |165  0.00564 -1.06615e+02
166 -0.00478 -1.26170e+02 |167 -0.00237 -1.34473e+02 |168 -0.01088 -1.11416e+02
169 -0.00268 -1.15685e+02 |170  0.02534 -9.92845e+01 |171 -0.03194 -1.09360e+02
172  0.01096 -1.00595e+02 |173  0.01663 -1.10848e+02 |174  0.01678 -7.59513e+01
175 -0.00574 -6.59485e+01 |176  0.01807 -5.71103e+01 |177 -0.03650 -6.89185e+01
178  0.00636 -2.25267e+01 |179  0.01126 -1.17437e+01 |180 -0.00643 -2.49667e+01
181 -0.00789 -2.56596e+01 |182  0.00817 -1.36566e+01 |183 -0.01114 -2.10946e+01
184 -0.01159 -1.12062e+01 |185  0.00727  1.05799e+01 |186  0.00000  1.28282e-08
187  0.00000  1.35677e-08 |188  0.00086 -2.82367e+03 |189  0.00588 -2.80464e+03
190 -0.01244 -2.81146e+03 |191  0.01081 -2.76201e+03 |192  0.00504 -2.81043e+03
193 -0.02746 -2.80793e+03 |194  0.02027 -2.79203e+03 |195  0.00647 -2.78248e+03
196 -0.03146 -2.77487e+03 |197  0.01939 -2.79851e+03 |198 -0.01004 -2.84210e+03
199  0.00602 -2.82107e+03 |200 -0.00451 -2.83582e+03 |201  0.00854 -2.86104e+03
202 -0.01100 -2.85024e+03 |203  0.00539 -2.81516e+03 |204  0.00201 -2.78802e+03
205  0.00305 -2.78048e+03 |206 -0.00823 -2.85508e+03 |207  0.00993 -2.81063e+03
208 -0.00832 -2.80723e+03 |209  0.00170 -2.75080e+03 |210  0.00432 -2.72117e+03
211  0.08982 -2.68912e+03 |212 -0.18749 -2.70002e+03 |213  0.09289 -2.70824e+03
214 -0.00612 -2.62717e+03 |215  0.00296 -2.51776e+03 |216 -0.00125 -2.43705e+03
217  0.01010 -2.38313e+03 |218 -0.01222 -2.31195e+03 |219  0.00079 -2.24545e+03
220  0.01600 -2.17474e+03 |221 -0.00829 -2.09147e+03 |222 -0.00229 -2.06610e+03
223  0.00159 -1.99288e+03 |224 -0.00031 -1.96940e+03 |225  0.00243 -1.83743e+03
226 -0.02060 -1.83976e+03 |227  0.01339 -1.79401e+03 |228  0.00594 -1.77278e+03
229 -0.00685 -1.70283e+03 |230  0.00771 -1.56847e+03 |231 -0.00430 -1.54656e+03
232 -0.00512 -1.47762e+03 |233  0.00619 -1.38204e+03 |234 -0.00447 -1.33881e+03
235  0.00383 -1.22583e+03 |236  0.00019 -1.21107e+03 |237 -0.00329 -1.14943e+03
238 -0.00752 -1.08942e+03 |239  0.01261 -9.40635e+02 |240 -0.00930 -8.99843e+02
241  0.00356 -8.78312e+02 |242  0.01167 -8.38395e+02 |243  0.00467 -7.59600e+02
244 -0.00894 -6.87292e+02 |245 -0.01513 -6.76706e+02 |246  0.01239 -5.50610e+02
247  0.00341 -4.94238e+02 |248 -0.00572 -4.22892e+02 |249 -0.00128 -3.66469e+02
250  0.00323 -2.74221e+02 |251 -0.00550 -2.33204e+02 |252  0.00624 -7.78103e+01
253 -0.02019 -2.96381e+01 |254 -0.00000 -1.28231e-07 |255  0.00000  7.27332e-09
256  0.01577 -2.26349e+03 |257  0.00049 -2.23636e+03 |258 -0.00139 -2.17744e+03
259 -0.00216 -2.16484e+03 |260  0.00411 -2.14041e+03 |261  0.01942 -2.12266e+03
262 -0.01888 -2.11049e+03 |263  0.00377 -2.07221e+03 |264  0.00075 -2.02582e+03
265 -0.02334 -2.05863e+03 |266  0.01338 -2.05275e+03 |267 -0.01376 -2.01791e+03
268  0.00262 -2.02049e+03 |269 -0.00179 -2.03849e+03 |270  0.00407 -2.03047e+03
271 -0.00331 -2.04344e+03 |272  0.00270 -2.03452e+03 |273  0.00034 -2.02867e+03
274  0.00379 -2.09917e+03 |275 -0.00080 -2.07348e+03 |276 -0.00258 -2.05229e+03
277  0.00160 -2.00466e+03 |278  0.00009 -1.99982e+03 |279  0.00476 -1.97584e+03
280  0.08369 -1.98659e+03 |281 -0.09380 -2.01175e+03 |282  0.00643 -1.97604e+03
283 -0.00049 -1.90395e+03 |284 -0.00054 -1.87880e+03 |285  0.00197 -1.84248e+03
286  0.00062 -1.74189e+03 |287 -0.00309 -1.69370e+03 |288 -0.00281 -1.68814e+03
289  0.00985 -1.62681e+03 |290  0.00526 -1.62158e+03 |291 -0.00743 -1.55762e+03
292 -0.00081 -1.54671e+03 |293  0.00285 -1.41868e+03 |294  0.01039 -1.41049e+03
295 -0.01330 -1.41435e+03 |296 -0.00270 -1.35182e+03 |297 -0.00088 -1.27147e+03
298 -0.00141 -1.16786e+03 |299  0.00564 -1.15005e+03 |300  0.00194 -1.06004e+03
301 -0.00622 -9.80447e+02 |302  0.00375 -9.33290e+02 |303 -0.00326 -8.54990e+02
304  0.00457 -8.40463e+02 |305 -0.00206 -8.12234e+02 |306  0.00027 -7.58015e+02
307 -0.00405 -6.35903e+02 |308  0.00844 -5.47555e+02 |309 -0.00220 -5.35608e+02
310 -0.00462 -4.89800e+02 |311  0.00676 -4.31144e+02 |312  0.00454 -3.80564e+02
313  0.00385 -3.27620e+02 |314 -0.01086 -2.34616e+02 |315  0.00313 -2.10467e+02
316  0.00001 -2.25178e+02 |317  0.00026 -1.55266e+02 |318  0.00113 -4.97985e+01
319  0.00139 -7.36864e+01 |320 -0.00552 -1.53052e+01 |321  0.01376 -4.58203e+01
322 -0.00000 -3.26147e-07 |323 -0.00000 -6.91889e-08 |
323 variables; iteration 320; function evaluation 359; phase 5
Function value 3.0199420e+03; maximum gradient component mag -2.6176e+03
Var    Value     Gradient |Var    Value     Gradient |Var    Value     Gradient
  1 -0.03393 -2.61762e+03 |  2  0.01656 -9.04513e+00 |  3  0.13066 -1.63472e+01
  4 -0.04762 -9.81883e+00 |  5 -0.07536 -1.59255e+00 |  6  0.05111 -4.41988e+00
  7  0.04569  1.21293e+00 |  8 -0.00004 -2.53249e+00 |  9  0.04528 -1.22075e+01
 10  0.02280  2.42944e+01 | 11  0.21541 -8.44441e+00 | 12 -0.11147  2.80469e+01
 13 -0.04110  2.27193e+01 | 14 -0.15249  2.14224e+01 | 15 -0.18808  1.24065e+01
 16  0.23914 -2.17670e+01 | 17  0.01144  2.14126e+01 | 18 -0.12621  8.19856e+00
 19 -0.04445  1.60083e+01 | 20 -0.01478  3.31620e+00 | 21 -0.08909  1.88219e+01
 22  0.03257 -1.95058e+01 | 23 -0.12449  1.22583e+01 | 24 -0.03382  1.08193e+01
 25  0.00884 -7.15738e+00 | 26  0.02295 -1.34148e+01 | 27 -0.12864  3.02411e+00
 28  0.01572 -9.30919e+00 | 29  0.05213 -2.05018e+01 | 30 -0.06080 -3.12394e+00
 31 -0.17687  1.81693e+01 | 32  0.04078 -2.38396e+01 | 33  0.05048 -2.34658e+01
 34  0.05476 -2.69129e+01 | 35  0.04547 -2.73031e+01 | 36 -0.04745 -4.09897e+00
 37 -0.01609 -1.24871e+01 | 38  0.05479 -6.74300e+01 | 39 -0.08527 -1.29186e+01
 40  0.21421 -8.06252e+01 | 41  0.01296 -4.11161e+01 | 42  0.08069 -5.82103e+01
 43 -0.06824 -2.00969e+01 | 44  0.17654 -1.15339e+02 | 45 -0.03824 -6.17901e+00
 46 -0.03556 -4.31866e+01 | 47 -0.01431 -5.54991e+00 | 48 -0.09329 -8.92129e+00
 49  0.11395 -6.71323e+01 | 50  0.01136 -1.92642e+00 | 51 -0.00091 -1.94005e+01
 52  0.01910 -8.08368e-01 | 53 -0.03682 -7.19110e+00 | 54  0.08265 -1.57186e+01
 55  0.00482  1.63000e+01 | 56 -0.05189 -3.40665e+00 | 57 -0.05567  2.37808e+01
 58  0.08554  1.35711e+01 | 59 -0.03553  1.15922e+01 | 60  0.02459  6.68462e+01
 61  0.00340  4.16843e+01 | 62  0.06751  2.53272e+01 | 63  0.09945  1.32833e+01
 64 -0.06423  9.82992e+00 | 65 -0.01341  1.87916e+01 | 66  0.04279  3.04434e+01
 67  0.01035  3.89168e+01 | 68 -0.04235  3.55589e+01 | 69  0.03405  2.07476e+01
 70  0.00908  5.12306e+00 | 71  0.15378  7.27261e+01 | 72 -0.05691  1.82345e+01
 73 -0.02257  3.57433e+01 | 74 -0.03530  1.65550e+01 | 75 -0.00270  5.19085e+00
 76 -0.52572  7.66500e+00 | 77 -0.65920  6.90391e+00 | 78 -0.80787 -6.27552e+00
 79 -0.70742  2.35252e+00 | 80 -1.24249  4.30177e+00 | 81 -0.77820 -7.68854e+00
 82 -0.82780 -8.46167e+00 | 83 -0.85068 -2.56123e+00 | 84 -0.82761  9.18967e-01
 85 -0.73320  1.19495e+01 | 86 -0.82545 -1.14746e+01 | 87 -0.80500  8.73820e+00
 88 -0.79237  1.77594e+00 | 89 -1.20225 -2.72647e+00 | 90 -0.81973 -1.24420e+01
 91 -0.81343 -5.87274e+00 | 92 -1.21698 -6.48975e+00 | 93 -1.16850  6.18283e+01
 94 -0.78917  1.15270e+01 | 95 -0.84999 -1.03303e+01 | 96 -0.85161 -3.89066e+00
 97 -0.87216 -1.75471e+01 | 98 -0.80776 -4.38489e-06 | 99 -0.80776 -4.38489e-06
100  0.40476 -7.35688e+00 |101  0.17216 -3.89290e+02 |102  0.14413 -3.00558e+02
103  0.09041  5.97190e+01 |104 -0.16762 -3.53376e+01 |105 -0.20575  1.22998e+01
106 -0.16652  3.13488e+01 |107  0.00075 -8.20356e+01 |108  0.16787 -1.27752e+02
109 -0.02572 -1.28475e+02 |110  0.17602 -3.76299e+01 |111 -0.11657 -9.37529e+00
112  0.26577 -1.87742e+00 |113 -0.05127  1.27744e+01 |114 -0.34072  6.78649e+01
115 -0.20676  6.53845e+01 |116 -0.20398  9.17351e+01 |117 -0.30312 -7.41137e+00
118  1.90442  1.93536e-01 |119  2.17592  1.26587e+01 |120 -0.00023 -3.81666e+01
121  0.02207 -2.41203e+01 |122  0.00777 -2.66618e+01 |123 -0.02219 -2.75491e+01
124  0.01918 -1.58246e+01 |125 -0.01434 -2.39250e+01 |126 -0.01231 -2.28859e+01
127  0.00382 -1.79123e+01 |128  0.02256 -6.08570e+00 |129 -0.00498 -9.80862e+00
130  0.00994 -5.27555e+00 |131 -0.03634 -1.53450e+01 |132  0.00495 -7.88573e+00
133 -0.01387 -1.22904e+01 |134  0.01060  2.14716e+00 |135  0.00211 -3.62695e+00
136  0.00242  1.15499e+01 |137  0.02055 -1.27062e+01 |138 -0.02572 -2.59714e+01
139 -0.01009 -2.01969e+01 |140  0.00684 -2.42977e+01 |141  0.04282 -2.45736e+01
142 -0.02343 -4.22430e+01 |143 -0.09919 -5.76259e+01 |144  0.09502 -6.10286e+01
145 -0.02264 -7.75787e+01 |146  0.02413 -7.90674e+01 |147 -0.00299 -7.47025e+01
148  0.00647 -6.51704e+01 |149 -0.00745 -6.21370e+01 |150  0.01416 -6.29168e+01
151  0.02614 -6.37367e+01 |152 -0.02572 -6.72941e+01 |153 -0.02434 -7.12265e+01
154  0.00440 -7.12128e+01 |155  0.00504 -6.99598e+01 |156 -0.00350 -6.91241e+01
157 -0.01607 -6.01175e+01 |158 -0.00949 -6.04930e+01 |159  0.02984 -7.77266e+01
160 -0.01271 -8.49487e+01 |161  0.01696 -8.34879e+01 |162 -0.00913 -8.24381e+01
163 -0.01636 -7.64171e+01 |164  0.00773 -7.08341e+01 |165  0.00549 -6.84714e+01
166 -0.00407 -7.79728e+01 |167  0.00111 -8.21610e+01 |168 -0.01425 -7.03765e+01
169 -0.00235 -7.43232e+01 |170  0.02455 -4.90864e+01 |171 -0.03117 -5.61190e+01
172  0.01085 -4.49784e+01 |173  0.02127 -4.98013e+01 |174  0.01086 -4.32760e+01
175  0.01117 -2.58269e+01 |176 -0.01442 -3.12894e+01 |177 -0.01578 -2.59326e+01
178  0.00692 -9.19988e+00 |179  0.00189 -1.11469e+01 |180 -0.00432 -1.86819e+01
181  0.00212 -7.40556e+00 |182 -0.00367 -2.89393e+01 |183  0.00058  1.04144e+00
184 -0.01259 -5.85004e+00 |185 -0.00153 -1.53783e+01 |186  0.00000  9.50414e-05
187  0.00000  1.00523e-04 |188  0.02337 -1.67632e+03 |189  0.00238 -1.68706e+03
190 -0.01026 -1.70688e+03 |191  0.00786 -1.71404e+03 |192  0.01017 -1.73441e+03
193 -0.03078 -1.73775e+03 |194  0.02385 -1.72399e+03 |195 -0.00272 -1.73269e+03
196 -0.03158 -1.72794e+03 |197  0.02238 -1.69523e+03 |198 -0.00726 -1.70888e+03
199  0.00442 -1.69384e+03 |200 -0.00382 -1.71677e+03 |201  0.00960 -1.73793e+03
202 -0.01202 -1.72995e+03 |203  0.00559 -1.72788e+03 |204  0.00350 -1.72289e+03
205  0.00031 -1.74646e+03 |206 -0.00610 -1.75451e+03 |207  0.00806 -1.76153e+03
208 -0.00613 -1.74941e+03 |209  0.00128 -1.76890e+03 |210  0.00330 -1.79266e+03
211  0.08842 -1.77389e+03 |212 -0.17849 -1.83452e+03 |213  0.08653 -1.77088e+03
214 -0.00747 -1.72861e+03 |215  0.00410 -1.61883e+03 |216 -0.00097 -1.53223e+03
217  0.00752 -1.49660e+03 |218 -0.00842 -1.46562e+03 |219 -0.00126 -1.42853e+03
220  0.01625 -1.38247e+03 |221 -0.00819 -1.31292e+03 |222 -0.00219 -1.29186e+03
223  0.00012 -1.24270e+03 |224  0.00081 -1.20167e+03 |225  0.00258 -1.14210e+03
226 -0.01805 -1.14416e+03 |227  0.00986 -1.13789e+03 |228  0.00706 -1.09564e+03
229 -0.00704 -1.06141e+03 |230  0.00755 -9.90329e+02 |231 -0.00439 -9.64857e+02
232 -0.00473 -9.03333e+02 |233  0.00608 -8.50039e+02 |234 -0.00439 -8.25995e+02
235  0.00330 -7.57288e+02 |236  0.00124 -7.39296e+02 |237 -0.00447 -7.12909e+02
238 -0.00678 -6.43180e+02 |239  0.01224 -5.62560e+02 |240 -0.00918 -5.27541e+02
241  0.00288 -5.06623e+02 |242  0.01247 -4.47055e+02 |243  0.00497 -4.09850e+02
244 -0.00886 -3.73115e+02 |245 -0.01481 -3.72684e+02 |246  0.01146 -2.85206e+02
247  0.00462 -2.17390e+02 |248 -0.00659 -1.95740e+02 |249 -0.00144 -1.58464e+02
250  0.00385 -1.16965e+02 |251 -0.00540 -1.11053e+02 |252  0.00594 -6.24190e+01
253 -0.02362 -5.07683e+01 |254 -0.00000 -9.50048e-04 |255  0.00000  5.38869e-05
256  0.01450 -1.28121e+03 |257  0.00271 -1.28196e+03 |258 -0.00308 -1.29148e+03
259 -0.00128 -1.30119e+03 |260  0.00326 -1.29073e+03 |261  0.01867 -1.29001e+03
262 -0.01796 -1.27877e+03 |263  0.00851 -1.26780e+03 |264  0.00057 -1.27737e+03
265 -0.02820 -1.26068e+03 |266  0.01333 -1.24951e+03 |267 -0.01284 -1.23658e+03
268  0.00194 -1.26381e+03 |269 -0.00194 -1.28352e+03 |270  0.00426 -1.28406e+03
271 -0.00364 -1.29755e+03 |272  0.00155 -1.28644e+03 |273  0.00153 -1.28271e+03
274  0.00321 -1.29134e+03 |275  0.00025 -1.27699e+03 |276 -0.00357 -1.26490e+03
277  0.00269 -1.27367e+03 |278  0.00088 -1.31928e+03 |279  0.00395 -1.35550e+03
280  0.07589 -1.36897e+03 |281 -0.08650 -1.35291e+03 |282  0.00720 -1.33021e+03
283 -0.00156 -1.27282e+03 |284  0.00037 -1.24045e+03 |285  0.00321 -1.22564e+03
286 -0.00262 -1.19483e+03 |287 -0.00104 -1.13682e+03 |288 -0.00390 -1.10216e+03
289  0.01019 -1.02998e+03 |290  0.00548 -1.02363e+03 |291 -0.00749 -9.80770e+02
292 -0.00036 -9.57928e+02 |293  0.00233 -9.10056e+02 |294  0.00784 -9.04839e+02
295 -0.01016 -9.07070e+02 |296 -0.00288 -8.59999e+02 |297 -0.00106 -8.37008e+02
298 -0.00162 -7.88896e+02 |299  0.00593 -7.74775e+02 |300  0.00165 -7.15850e+02
301 -0.00612 -6.65438e+02 |302  0.00355 -6.41681e+02 |303 -0.00299 -5.91487e+02
304  0.00410 -5.90356e+02 |305 -0.00141 -5.69004e+02 |306 -0.00005 -5.23836e+02
307 -0.00361 -4.48501e+02 |308  0.00783 -4.10861e+02 |309 -0.00191 -3.90975e+02
310 -0.00451 -3.46219e+02 |311  0.00646 -3.37828e+02 |312  0.00474 -3.04003e+02
313  0.00282 -2.76894e+02 |314 -0.01042 -2.04679e+02 |315  0.00313 -1.36951e+02
316  0.00060 -1.40536e+02 |317  0.00021 -9.66466e+01 |318  0.00086 -4.17124e+01
319  0.00086 -6.62238e+01 |320 -0.00564 -5.74497e+01 |321  0.01768 -4.22819e+01
322 -0.00001 -2.41640e-03 |323 -0.00000 -5.12609e-04 |
323 variables; iteration 340; function evaluation 388; phase 5
Function value 3.0055591e+03; maximum gradient component mag 9.1380e+02
Var    Value     Gradient |Var    Value     Gradient |Var    Value     Gradient
  1 -0.03348  9.13796e+02 |  2  0.04135  9.20761e-01 |  3  0.14017  8.14811e+00
  4 -0.03117  1.92912e+00 |  5 -0.07880 -3.49492e-01 |  6  0.05218 -4.92079e-01
  7  0.04430  8.47257e+00 |  8 -0.00111  1.14722e+01 |  9  0.05123  1.47921e+01
 10  0.01011 -1.02879e+01 | 11  0.21470  1.79237e+01 | 12 -0.11977 -2.52279e+00
 13 -0.04553 -9.15759e+00 | 14 -0.15479 -2.33222e+00 | 15 -0.15837  6.95540e+00
 16  0.23872  3.99930e+01 | 17 -0.01042 -1.09847e+01 | 18 -0.10994 -5.39732e+00
 19 -0.05137  3.09588e+00 | 20 -0.01479  9.08371e+00 | 21 -0.09282  1.12253e+01
 22  0.03205  1.37588e+01 | 23 -0.12488  1.88235e-01 | 24 -0.03692  9.52957e+00
 25  0.00911  2.78171e+01 | 26  0.01848  1.38557e+01 | 27 -0.10809  9.21893e+00
 28  0.01302  2.67854e+01 | 29  0.04943  2.92040e+01 | 30 -0.07635  1.36914e+01
 31 -0.18831 -8.27430e+00 | 32  0.04077  2.69555e+01 | 33  0.04786  1.67318e+01
 34  0.06050  3.33665e+01 | 35  0.04517  3.34146e+01 | 36 -0.04425  1.63586e+01
 37 -0.01971  7.04975e+00 | 38  0.06034  1.43875e+01 | 39 -0.06036  7.59020e+00
 40  0.21316  3.08073e+01 | 41  0.02158  5.96069e+00 | 42  0.08140  2.00970e+01
 43 -0.06493 -2.17421e+00 | 44  0.17551  1.69266e+01 | 45 -0.03734  9.87122e+00
 46 -0.03261 -6.23862e+00 | 47 -0.01466  6.86306e+00 | 48 -0.09169 -8.20347e+00
 49  0.11331 -1.97299e+01 | 50  0.00982 -3.97705e+00 | 51  0.00029  3.46243e+00
 52  0.01931  2.98403e+00 | 53 -0.03689 -1.92829e+01 | 54  0.08247 -6.61070e+00
 55  0.00357 -2.23495e+01 | 56 -0.05217 -2.49657e+01 | 57 -0.05571 -3.81318e+00
 58  0.08446 -4.02216e+01 | 59 -0.03584 -1.45720e+01 | 60  0.02140 -1.08144e+01
 61  0.00211 -1.23862e+01 | 62  0.06695 -1.67882e+01 | 63  0.09922 -1.89395e+01
 64 -0.06532 -2.71742e+01 | 65 -0.01288 -8.28090e+00 | 66  0.04169 -3.73019e+01
 67  0.00996 -1.19971e+01 | 68 -0.04371 -1.63365e+01 | 69  0.03451 -1.25655e+01
 70  0.00969 -4.75372e+00 | 71  0.15109 -4.62725e+01 | 72 -0.05641 -1.47984e+01
 73 -0.02248 -3.87204e+00 | 74 -0.03296 -3.21936e+00 | 75  0.00053 -1.04871e+01
 76 -0.51516  5.97571e+00 | 77 -0.65883  4.78316e+00 | 78 -0.80355  6.86481e+00
 79 -0.70197  7.80288e+00 | 80 -1.24459  4.00009e-01 | 81 -0.77212 -3.17030e-01
 82 -0.81855  1.06594e+01 | 83 -0.84915  2.83228e+00 | 84 -0.82595  6.38914e+00
 85 -0.74328 -7.47954e-01 | 86 -0.82017 -2.38736e+00 | 87 -0.81146  1.30742e+00
 88 -0.81590 -1.75708e+01 | 89 -1.20770 -8.55641e+00 | 90 -0.80789  4.56530e+00
 91 -0.80916  5.74165e+00 | 92 -1.21286 -1.67086e+00 | 93 -1.21037 -2.23281e+01
 94 -0.79134  4.30928e+00 | 95 -0.84429  1.29863e+01 | 96 -0.84827  5.49317e+00
 97 -0.86764  6.43477e+00 | 98 -0.80764 -4.38207e-06 | 99 -0.80764 -4.38207e-06
100  0.42063  1.67602e+00 |101  0.13416  1.16532e+02 |102  0.21258  8.11697e+01
103  0.08981 -6.30155e+01 |104 -0.16684  1.47132e+01 |105 -0.20608 -9.33400e+00
106 -0.16923 -8.18032e+00 |107  0.00090  2.83398e+02 |108  0.16807  4.99692e+01
109 -0.02592  4.05048e+01 |110  0.17848  8.05191e+01 |111 -0.07360 -1.85001e-02
112  0.35825 -3.75360e-02 |113 -0.05083  1.20962e+00 |114 -0.34111  9.42791e+01
115 -0.20352  5.29560e+01 |116 -0.22717  4.87121e+01 |117 -0.27440  4.47945e+00
118  1.89006 -3.79064e+00 |119  2.17770 -4.25225e+00 |120  0.02149  1.41262e+01
121  0.00925  1.27158e+01 |122  0.01192  1.37413e+01 |123  0.00348  1.37340e+01
124  0.00898  1.51425e+01 |125  0.00191  1.33931e+01 |126 -0.01470  9.27615e+00
127 -0.02263  7.35719e+00 |128  0.01376  1.11280e+01 |129 -0.00077  8.70961e+00
130 -0.02529  3.03854e+00 |131 -0.01071  1.16613e+01 |132 -0.00069 -5.83342e+00
133 -0.01202 -6.23771e+00 |134  0.00689  9.22024e-01 |135  0.00983  7.11852e+00
136 -0.00803 -1.59970e-01 |137  0.01396  1.45586e+01 |138 -0.01300  2.45991e+01
139 -0.01585  3.02328e+01 |140  0.01221  4.12563e+01 |141  0.05113  3.90004e+01
142 -0.02808  1.68319e+01 |143 -0.07289  7.43623e+00 |144  0.06575 -8.11423e-01
145 -0.02348 -1.84097e+01 |146  0.02347 -1.63396e+01 |147 -0.00595 -1.36073e+01
148  0.01735  5.40606e+00 |149 -0.01640 -6.00947e+00 |150  0.01065  6.15784e-01
151  0.03381  7.22859e+00 |152 -0.02575 -1.93300e+00 |153 -0.03051 -8.19138e+00
154  0.01969  6.19450e+00 |155 -0.00967 -5.50991e+00 |156  0.00869  5.86766e+00
157 -0.01459  4.30980e+00 |158 -0.02184 -1.97493e+01 |159  0.03441 -1.31326e+01
160 -0.01700 -2.60586e+01 |161  0.01759 -1.81672e+01 |162 -0.00258 -1.46164e+01
163 -0.02266 -2.21748e+01 |164  0.00868 -1.66795e+01 |165  0.00316 -1.97866e+01
166 -0.00319 -1.45040e+01 |167  0.00654 -1.21800e+01 |168 -0.01912 -1.46678e+01
169 -0.00171 -1.79823e+01 |170  0.02082 -3.19492e+01 |171 -0.02780 -2.52062e+01
172  0.01020 -2.57431e+01 |173  0.02245 -1.91014e+01 |174  0.02386 -1.30925e+01
175 -0.00783 -1.55629e+01 |176 -0.00369 -1.32989e+01 |177 -0.01645 -1.27506e+01
178 -0.00198 -2.46953e+01 |179 -0.00370 -1.58231e+01 |180  0.00597 -8.44208e+00
181 -0.00548 -4.43455e+00 |182  0.00868  5.89924e+00 |183 -0.00887 -3.89612e+00
184 -0.01248 -4.42765e-01 |185  0.00492  4.36637e+00 |186  0.01830  4.51312e+00
187 -0.02857 -7.03984e+00 |188  0.02970  5.03310e+02 |189  0.00444  5.26827e+02
190 -0.01173  5.22390e+02 |191  0.00959  5.28586e+02 |192  0.00903  5.43409e+02
193 -0.02657  5.39513e+02 |194  0.01633  5.24634e+02 |195 -0.00271  5.28362e+02
196 -0.02792  5.46275e+02 |197  0.02082  5.39979e+02 |198  0.00028  5.45676e+02
199 -0.00319  5.37121e+02 |200 -0.00060  5.32625e+02 |201  0.00860  5.49809e+02
202 -0.01075  5.60854e+02 |203  0.00447  5.66919e+02 |204  0.00322  5.75732e+02
205  0.00089  5.72725e+02 |206 -0.00673  6.15921e+02 |207  0.01293  6.09828e+02
208 -0.01290  5.80547e+02 |209  0.00433  5.62919e+02 |210  0.00193  5.00368e+02
211  0.05950  4.59720e+02 |212 -0.08064  3.66273e+02 |213  0.02048  3.31012e+02
214 -0.00625  3.45180e+02 |215  0.00350  3.31190e+02 |216 -0.00107  2.73123e+02
217  0.00678  2.79819e+02 |218 -0.00779  2.55581e+02 |219  0.00073  2.32749e+02
220  0.01078  2.05779e+02 |221 -0.00416  2.02213e+02 |222 -0.00243  2.03760e+02
223  0.00152  1.94459e+02 |224 -0.00160  1.75491e+02 |225  0.00249  1.91374e+02
226 -0.01572  1.74200e+02 |227  0.00719  1.60009e+02 |228  0.00860  1.73740e+02
229 -0.00782  1.61420e+02 |230  0.00723  1.42265e+02 |231 -0.00365  1.44978e+02
232 -0.00531  1.50063e+02 |233  0.00630  1.38074e+02 |234 -0.00448  1.27649e+02
235  0.00294  1.28658e+02 |236  0.00202  1.36773e+02 |237 -0.00458  1.29545e+02
238 -0.00710  1.11557e+02 |239  0.01234  8.36941e+01 |240 -0.00963  7.35028e+01
241  0.00331  7.69220e+01 |242  0.01257  8.49030e+01 |243  0.00536  7.50403e+01
244 -0.00943  6.17636e+01 |245 -0.01361  5.11030e+01 |246  0.01067  1.82630e+01
247  0.00445 -6.05796e+00 |248 -0.00669  1.07704e+01 |249 -0.00154  1.70987e+01
250  0.00325 -3.94288e+00 |251 -0.00478  7.10900e+00 |252  0.00755  2.01114e+01
253 -0.02193  6.79187e+00 |254  0.00925  2.28271e+00 |255  0.02226  5.48874e+00
256 -0.00193  3.57496e+02 |257  0.00325  3.94561e+02 |258 -0.00283  3.88896e+02
259 -0.00183  4.11338e+02 |260  0.00395  4.01784e+02 |261  0.01908  3.66398e+02
262 -0.01748  3.48909e+02 |263  0.00642  3.19792e+02 |264  0.00288  3.31801e+02
265 -0.02892  3.13487e+02 |266  0.01097  2.88695e+02 |267 -0.00926  2.78863e+02
268 -0.00081  2.60540e+02 |269 -0.00094  2.94799e+02 |270  0.00327  2.98843e+02
271 -0.00258  3.20474e+02 |272  0.00214  3.27158e+02 |273  0.00067  3.11822e+02
274  0.00405  3.26152e+02 |275 -0.00056  2.93392e+02 |276 -0.00085  2.49986e+02
277 -0.00061  2.27369e+02 |278  0.00140  1.86447e+02 |279  0.00231  1.32855e+02
280  0.01219  8.13811e+01 |281 -0.01991 -3.65648e+01 |282  0.00647 -3.70645e+01
283 -0.00122 -4.25967e+01 |284 -0.00044 -8.27780e+01 |285  0.00448 -6.94327e+01
286 -0.00270 -1.06152e+02 |287 -0.00087 -1.46097e+02 |288 -0.00196 -1.87470e+02
289  0.00643 -1.88934e+02 |290  0.00604 -1.69419e+02 |291 -0.00762 -1.73019e+02
292 -0.00015 -1.79224e+02 |293  0.00204 -1.63198e+02 |294  0.00648 -1.38562e+02
295 -0.00814 -1.33014e+02 |296 -0.00366 -1.27412e+02 |297 -0.00078 -1.36859e+02
298 -0.00172 -1.58151e+02 |299  0.00597 -1.53819e+02 |300  0.00182 -1.41425e+02
301 -0.00633 -1.41278e+02 |302  0.00355 -1.44656e+02 |303 -0.00325 -1.40645e+02
304  0.00417 -1.07819e+02 |305 -0.00129 -9.16760e+01 |306  0.00066 -9.76195e+01
307 -0.00340 -1.16776e+02 |308  0.00732 -1.56880e+02 |309 -0.00217 -1.51965e+02
310 -0.00481 -1.41201e+02 |311  0.00663 -1.24126e+02 |312  0.00519 -9.22767e+01
313  0.00233 -1.02300e+02 |314 -0.00985 -1.33346e+02 |315  0.00231 -1.47845e+02
316  0.00112 -1.03089e+02 |317  0.00060 -7.67536e+01 |318 -0.00001 -9.52440e+01
319  0.00085 -6.67634e+01 |320 -0.00577 -5.48481e+01 |321  0.01526 -8.03861e+00
322  0.03950  9.72064e+00 |323 -0.01732 -4.27157e+00 |
323 variables; iteration 360; function evaluation 411; phase 5
Function value 2.9970331e+03; maximum gradient component mag 6.7150e+02
Var    Value     Gradient |Var    Value     Gradient |Var    Value     Gradient
  1 -0.03367  6.71498e+02 |  2  0.04138  1.59689e-01 |  3  0.13290  2.35897e-01
  4 -0.03141  3.01474e-01 |  5 -0.07781  1.65206e-01 |  6  0.05330  2.19615e-01
  7  0.04295  7.46552e-01 |  8 -0.00217  3.18849e-01 |  9  0.04810  6.06864e-01
 10  0.01668 -6.70102e+00 | 11  0.21525 -3.81863e+00 | 12 -0.12467 -6.45239e+00
 13 -0.04271 -6.34546e+00 | 14 -0.15929 -6.50628e+00 | 15 -0.17749 -6.44509e+00
 16  0.23872 -4.59830e-01 | 17  0.00076 -5.98465e+00 | 18 -0.11110 -6.32395e+00
 19 -0.04972 -5.72010e+00 | 20 -0.01401 -5.11465e+00 | 21 -0.09708 -5.22614e+00
 22  0.03457 -2.73306e+00 | 23 -0.12343 -5.50280e+00 | 24 -0.03671 -4.49646e+00
 25  0.00868 -2.71468e+00 | 26  0.02198 -1.90673e+00 | 27 -0.11518 -4.60839e+00
 28  0.01384 -1.82511e+00 | 29  0.05272  8.66827e-01 | 30 -0.08361 -2.42816e+00
 31 -0.18986 -5.06232e+00 | 32  0.03818  2.00737e+00 | 33  0.05071  1.13306e+00
 34  0.05698  2.51752e+00 | 35  0.04363  3.81660e+00 | 36 -0.04653 -3.22587e-01
 37 -0.02039 -8.16121e-01 | 38  0.06230  9.32526e+00 | 39 -0.06194  2.28125e+00
 40  0.21394  1.32550e+01 | 41  0.02373  7.83290e+00 | 42  0.08182  7.17822e+00
 43 -0.06411  6.47658e-01 | 44  0.17673  2.94206e+01 | 45 -0.03783  3.92711e+00
 46 -0.03163  3.65445e+00 | 47 -0.01457  5.31608e+00 | 48 -0.09069  5.64331e-01
 49  0.11414  2.03699e+01 | 50  0.01049  6.78430e+00 | 51 -0.00002  5.56532e+00
 52  0.01897  5.34529e+00 | 53 -0.03569  1.18155e+00 | 54  0.08259  1.37615e+01
 55  0.00441  5.26301e+00 | 56 -0.05106  7.27462e-01 | 57 -0.05587 -9.70861e-01
 58  0.08507  8.10789e+00 | 59 -0.03576 -8.50272e-01 | 60  0.02145  1.65736e+00
 61  0.00240 -3.01784e+00 | 62  0.06735  3.09295e-01 | 63  0.09975  2.27455e+00
 64 -0.06287 -2.97474e+00 | 65 -0.01266 -4.30954e+00 | 66  0.04279 -2.06759e+00
 67  0.01040 -4.16929e+00 | 68 -0.04255 -4.42441e+00 | 69  0.03484 -5.30314e+00
 70  0.01044 -6.35834e+00 | 71  0.15258 -3.88240e+00 | 72 -0.05585 -6.52922e+00
 73 -0.02293 -6.52964e+00 | 74 -0.03358 -8.26974e+00 | 75  0.00103 -7.03412e+00
 76 -0.52424 -2.25591e-01 | 77 -0.66093 -2.55851e+00 | 78 -0.80527 -1.85496e+00
 79 -0.70340 -5.55170e-01 | 80 -1.24843 -1.32335e+00 | 81 -0.76988 -5.74641e-01
 82 -0.82254 -1.25010e+00 | 83 -0.84965 -9.74526e-01 | 84 -0.82792 -6.72367e-01
 85 -0.74041 -1.01850e+00 | 86 -0.81885 -1.34755e+00 | 87 -0.81098 -3.11545e-01
 88 -0.79257 -8.00574e-01 | 89 -1.20176 -1.14067e-01 | 90 -0.80922 -4.66800e-01
 91 -0.81141 -5.03199e-01 | 92 -1.21233  1.55188e-01 | 93 -1.20108  3.87042e-01
 94 -0.79390  2.45940e-02 | 95 -0.84803  2.81537e-02 | 96 -0.85019  1.03911e-01
 97 -0.86934  3.31616e-02 | 98 -0.80734 -4.37477e-06 | 99 -0.80734 -4.37477e-06
100  0.47605 -4.16051e+00 |101  0.24270 -3.08103e+01 |102  0.24318 -8.87182e+00
103  0.09010  8.44445e-01 |104 -0.16722  6.01631e+00 |105 -0.20599  9.62121e+00
106 -0.16922  7.87956e+00 |107  0.00059  2.88581e+01 |108  0.16830  2.18657e+01
109 -0.02472  2.60384e+01 |110  0.17409  9.32818e+00 |111 -0.06064  1.17578e+00
112  0.41583  2.43773e-04 |113 -0.05093  4.41666e+00 |114 -0.34139  1.58027e+01
115 -0.20288  1.39389e+01 |116 -0.23401  2.14215e+01 |117 -0.26870 -3.72634e-01
118  1.89753 -4.01802e-01 |119  2.17358 -2.28876e-01 |120  0.01258 -2.05509e+01
121  0.00949 -2.00664e+01 |122  0.00774 -2.01444e+01 |123 -0.00313 -2.03988e+01
124 -0.00180 -1.99627e+01 |125 -0.00275 -2.01054e+01 |126 -0.00651 -2.09604e+01
127 -0.00851 -2.13155e+01 |128  0.00739 -2.29328e+01 |129 -0.00364 -2.31135e+01
130 -0.00701 -2.30850e+01 |131 -0.02073 -2.32025e+01 |132  0.00190 -2.27045e+01
133 -0.01015 -2.24803e+01 |134  0.00728 -2.19973e+01 |135  0.00644 -2.18513e+01
136 -0.00426 -2.21318e+01 |137  0.01602 -2.08856e+01 |138 -0.01543 -1.96603e+01
139 -0.01443 -1.88386e+01 |140  0.00891 -1.68487e+01 |141  0.01709 -1.50110e+01
142 -0.00365 -1.12356e+01 |143 -0.01741 -9.08142e+00 |144  0.01963 -9.09472e+00
145 -0.02327 -7.93009e+00 |146  0.02558 -7.51261e+00 |147  0.00196 -7.50381e+00
148  0.00254 -8.05199e+00 |149 -0.00897 -8.38291e+00 |150  0.01237 -8.34925e+00
151  0.02225 -8.10238e+00 |152 -0.02499 -8.36326e+00 |153 -0.02100 -8.72048e+00
154  0.00650 -8.56412e+00 |155  0.00309 -9.29303e+00 |156  0.00356 -8.69200e+00
157 -0.02142 -8.79947e+00 |158 -0.01157 -9.30422e+00 |159  0.02745 -8.24320e+00
160 -0.00971 -8.09704e+00 |161  0.01786 -7.07788e+00 |162 -0.00701 -6.66546e+00
163 -0.01898 -6.69664e+00 |164  0.00807 -5.69192e+00 |165  0.00419 -5.26397e+00
166 -0.00355 -5.99174e+00 |167  0.00532 -6.11812e+00 |168 -0.01853 -6.14456e+00
169 -0.00163 -5.19595e+00 |170  0.02259 -1.84064e-01 |171 -0.02919  2.21992e-01
172  0.01042  1.76109e+00 |173  0.02308  2.94970e+00 |174  0.02205  3.19973e+00
175 -0.00267  2.94464e+00 |176 -0.00612  3.00287e+00 |177 -0.02033  2.81627e+00
178  0.00304  2.72474e+00 |179 -0.00215  2.90105e+00 |180  0.00274  2.74498e+00
181 -0.00456  2.52020e+00 |182  0.00499  1.89867e+00 |183 -0.00608  1.12600e+00
184 -0.01230  8.19304e-01 |185  0.00286  8.31811e-01 |186 -0.00001 -2.03859e-03
187 -0.00074 -1.83034e-01 |188  0.00641 -1.36722e+02 |189  0.00257 -1.36330e+02
190 -0.01057 -1.38049e+02 |191  0.00864 -1.37339e+02 |192  0.00621 -1.34933e+02
193 -0.02411 -1.34264e+02 |194  0.01821 -1.34846e+02 |195  0.00010 -1.34649e+02
196 -0.02838 -1.35228e+02 |197  0.01817 -1.32771e+02 |198 -0.00259 -1.31684e+02
199 -0.00082 -1.31631e+02 |200 -0.00144 -1.29435e+02 |201  0.00838 -1.26813e+02
202 -0.01004 -1.26073e+02 |203  0.00427 -1.23203e+02 |204  0.00286 -1.22282e+02
205  0.00141 -1.20801e+02 |206 -0.00665 -1.16132e+02 |207  0.01016 -1.14243e+02
208 -0.00974 -1.11971e+02 |209  0.00335 -1.11926e+02 |210  0.00003 -1.06200e+02
211  0.01000 -1.03094e+02 |212 -0.02409 -1.01926e+02 |213  0.01634 -9.99457e+01
214 -0.00765 -9.60904e+01 |215  0.00382 -9.47881e+01 |216 -0.00063 -9.63042e+01
217  0.00659 -9.48371e+01 |218 -0.00736 -9.36377e+01 |219 -0.00008 -9.22841e+01
220  0.01152 -9.21375e+01 |221 -0.00441 -8.99333e+01 |222 -0.00273 -9.04072e+01
223  0.00093 -8.82316e+01 |224 -0.00050 -8.81675e+01 |225  0.00218 -8.58030e+01
226 -0.01675 -8.35037e+01 |227  0.00867 -7.95930e+01 |228  0.00792 -7.67898e+01
229 -0.00740 -7.38213e+01 |230  0.00731 -6.77772e+01 |231 -0.00385 -6.49270e+01
232 -0.00541 -6.10492e+01 |233  0.00638 -5.65352e+01 |234 -0.00448 -5.52662e+01
235  0.00309 -5.27038e+01 |236  0.00171 -4.82545e+01 |237 -0.00458 -4.40271e+01
238 -0.00704 -3.68652e+01 |239  0.01252 -3.10267e+01 |240 -0.00962 -2.78010e+01
241  0.00332 -2.37385e+01 |242  0.01230 -2.02865e+01 |243  0.00522 -1.64934e+01
244 -0.00962 -1.43594e+01 |245 -0.01328 -1.35621e+01 |246  0.01068 -1.23938e+01
247  0.00473 -1.03375e+01 |248 -0.00680 -8.68241e+00 |249 -0.00178 -7.42410e+00
250  0.00371 -4.47091e+00 |251 -0.00487 -3.50096e+00 |252  0.00632 -2.41698e-01
253 -0.02275  7.26206e-01 |254  0.00089  2.19718e-01 |255 -0.00115 -2.84075e-01
256 -0.00890 -4.20345e+01 |257  0.00321 -4.14378e+01 |258 -0.00276 -4.40085e+01
259 -0.00147 -4.25807e+01 |260  0.00341 -4.18344e+01 |261  0.01762 -4.31964e+01
262 -0.01663 -4.34986e+01 |263  0.00603 -4.53874e+01 |264  0.00015 -4.54030e+01
265 -0.02534 -4.41259e+01 |266  0.01216 -4.51129e+01 |267 -0.01064 -4.52580e+01
268  0.00016 -4.32363e+01 |269 -0.00131 -4.25381e+01 |270  0.00313 -4.23736e+01
271 -0.00223 -4.04918e+01 |272  0.00178 -4.10584e+01 |273  0.00057 -4.06943e+01
274  0.00383 -3.85746e+01 |275 -0.00006 -3.93461e+01 |276 -0.00195 -3.92197e+01
277  0.00031 -4.07859e+01 |278  0.00152 -3.89236e+01 |279  0.00262 -3.94924e+01
280  0.00576 -3.97625e+01 |281 -0.01413 -3.89772e+01 |282  0.00740 -4.02139e+01
283 -0.00221 -4.28088e+01 |284  0.00011 -4.56713e+01 |285  0.00414 -4.80474e+01
286 -0.00275 -4.94229e+01 |287 -0.00057 -5.14349e+01 |288 -0.00216 -5.65902e+01
289  0.00681 -5.77474e+01 |290  0.00611 -5.76619e+01 |291 -0.00784 -5.72560e+01
292 -0.00018 -5.80066e+01 |293  0.00229 -5.58605e+01 |294  0.00712 -5.47292e+01
295 -0.00916 -5.11268e+01 |296 -0.00360 -4.98093e+01 |297 -0.00097 -4.82410e+01
298 -0.00146 -4.44273e+01 |299  0.00601 -4.30803e+01 |300  0.00183 -3.95729e+01
301 -0.00648 -3.79935e+01 |302  0.00372 -3.69328e+01 |303 -0.00310 -3.40615e+01
304  0.00418 -3.42505e+01 |305 -0.00140 -3.10309e+01 |306  0.00051 -2.67143e+01
307 -0.00384 -2.16057e+01 |308  0.00786 -1.90404e+01 |309 -0.00216 -1.52103e+01
310 -0.00466 -1.17891e+01 |311  0.00670 -8.71894e+00 |312  0.00483 -7.24107e+00
313  0.00225 -7.89063e+00 |314 -0.00978 -5.13117e+00 |315  0.00272 -3.25656e+00
316  0.00099 -1.80124e+00 |317  0.00037 -1.44153e+00 |318  0.00010  1.90700e+00
319  0.00075  1.84818e+00 |320 -0.00531  2.92685e+00 |321  0.01658  8.88562e-01
322  0.00163  4.02963e-01 |323 -0.00163 -4.02557e-01 |
323 variables; iteration 380; function evaluation 431; phase 5
Function value 2.9968285e+03; maximum gradient component mag 1.1188e+02
Var    Value     Gradient |Var    Value     Gradient |Var    Value     Gradient
  1 -0.03374  6.98412e+01 |  2  0.04162  1.61955e-01 |  3  0.13333  2.45979e-01
  4 -0.03171  5.45503e-02 |  5 -0.07776  7.17971e-02 |  6  0.05374  3.99667e-01
  7  0.04259  4.40185e-01 |  8 -0.00157  4.72442e-01 |  9  0.04809  4.67073e-01
 10  0.01720 -5.24962e-01 | 11  0.21541  4.83400e-01 | 12 -0.12447 -5.73799e-01
 13 -0.04259 -4.46009e-01 | 14 -0.15866 -4.10736e-01 | 15 -0.17681 -2.82360e-01
 16  0.23890  2.70703e+00 | 17  0.00121  1.92022e-02 | 18 -0.11073 -3.49842e-01
 19 -0.04950 -1.47871e-01 | 20 -0.01353  3.42772e-01 | 21 -0.09707 -1.34602e-01
 22  0.03488  1.03529e+00 | 23 -0.12314 -2.72360e-01 | 24 -0.03654 -1.92226e-01
 25  0.00914  5.95622e-01 | 26  0.02221  4.87959e-01 | 27 -0.11516 -2.20395e-01
 28  0.01405  2.63321e-01 | 29  0.05344  6.86874e-01 | 30 -0.08411 -4.53076e-01
 31 -0.18896 -3.03608e-01 | 32  0.03821  7.15871e-01 | 33  0.05096  3.83059e-01
 34  0.05672  2.88549e-01 | 35  0.04380  5.50456e-01 | 36 -0.04697  4.82058e-02
 37 -0.01924  7.88597e-02 | 38  0.06151  8.35930e-01 | 39 -0.06588 -4.91115e-02
 40  0.21420  9.45822e-01 | 41  0.02194  4.90104e-01 | 42  0.08195  1.08230e+00
 43 -0.06462 -5.82137e-01 | 44  0.17666  1.61182e+00 | 45 -0.03814  1.06148e+00
 46 -0.03176  8.07257e-01 | 47 -0.01469  5.18800e-01 | 48 -0.09094 -2.64732e-01
 49  0.11411  9.81353e-01 | 50  0.01052  5.62528e-01 | 51  0.00000  6.37782e-01
 52  0.01898 -4.74955e-03 | 53 -0.03568 -2.95382e-01 | 54  0.08263  4.63955e-01
 55  0.00439 -9.04344e-02 | 56 -0.05105 -1.41759e-01 | 57 -0.05585 -5.36638e-01
 58  0.08512  3.81387e-01 | 59 -0.03570 -5.36573e-01 | 60  0.02147 -1.25301e+00
 61  0.00245 -1.32188e+00 | 62  0.06737 -2.38999e-01 | 63  0.09971 -1.28145e+00
 64 -0.06289 -4.88206e-01 | 65 -0.01265 -8.21083e-01 | 66  0.04269 -6.94334e-01
 67  0.01036 -4.11963e-01 | 68 -0.04264 -9.03838e-01 | 69  0.03477 -4.03813e-01
 70  0.01040 -6.37689e-01 | 71  0.15248 -1.08456e+00 | 72 -0.05590 -9.07184e-01
 73 -0.02295 -5.45170e-01 | 74 -0.03351 -7.33521e-01 | 75  0.00101 -7.02440e-01
 76 -0.52430 -1.49147e-01 | 77 -0.66063 -1.38389e-01 | 78 -0.80509 -1.51237e-01
 79 -0.70443  3.30554e-01 | 80 -1.24618 -1.14173e-01 | 81 -0.77007 -2.94006e-01
 82 -0.82236 -4.08257e-02 | 83 -0.84938  4.78790e-02 | 84 -0.82803 -1.36132e-02
 85 -0.73969  1.02501e-01 | 86 -0.81876 -4.88775e-01 | 87 -0.81172  1.40511e-01
 88 -0.79315 -2.60759e-01 | 89 -1.20121 -3.81026e-01 | 90 -0.80860 -6.18681e-02
 91 -0.81117  3.00807e-02 | 92 -1.21252 -7.65557e-02 | 93 -1.20173 -1.60246e-01
 94 -0.79333 -5.99141e-02 | 95 -0.84774  6.14050e-02 | 96 -0.84962  8.39067e-02
 97 -0.86917  2.47463e-01 | 98 -0.80601 -4.34292e-06 | 99 -0.80601 -4.34292e-06
100  0.50882 -1.89548e+00 |101  0.29178  6.61644e+00 |102  0.16091  2.54447e+01
103  0.09011  2.51601e+00 |104 -0.16720  1.31750e+00 |105 -0.20600  9.52619e-01
106 -0.16895 -1.41896e+00 |107  0.00059 -5.40994e+00 |108  0.16828 -1.33760e+00
109 -0.02487 -9.92769e-01 |110  0.17428 -1.11440e+00 |111 -0.06719 -4.59073e-01
112  0.47068  2.65385e-03 |113 -0.05082  5.27608e-01 |114 -0.34158  4.87883e+00
115 -0.20113  2.49902e+00 |116 -0.24416  2.85633e+00 |117 -0.25749  4.53620e-02
118  1.89736  1.09238e-01 |119  2.17326  1.24680e-01 |120  0.01062 -8.72547e+00
121  0.00649 -8.82338e+00 |122  0.00533 -8.77143e+00 |123 -0.00506 -8.57278e+00
124 -0.00576 -8.60053e+00 |125 -0.00597 -8.48028e+00 |126 -0.00491 -8.04315e+00
127 -0.00528 -7.84535e+00 |128  0.01023 -5.73507e+00 |129 -0.00231 -5.56039e+00
130 -0.00625 -5.53810e+00 |131 -0.01963 -5.29759e+00 |132  0.00189 -5.06158e+00
133 -0.01012 -4.96318e+00 |134  0.00723 -4.58530e+00 |135  0.00636 -4.39192e+00
136 -0.00399 -4.32583e+00 |137  0.01616 -4.14838e+00 |138 -0.01548 -3.59176e+00
139 -0.01457 -3.43706e+00 |140  0.00901 -2.74013e+00 |141  0.01969 -2.96376e+00
142 -0.00419 -2.40185e+00 |143 -0.01979 -1.73872e+00 |144  0.01991 -1.37399e+00
145 -0.02347 -1.29043e+00 |146  0.02542 -1.55662e+00 |147  0.00118 -1.20108e+00
148  0.00317 -4.66090e-01 |149 -0.00896 -3.85031e-01 |150  0.01292  1.53465e-01
151  0.02264  2.94250e-03 |152 -0.02547 -7.13645e-01 |153 -0.02098 -1.17703e+00
154  0.00567 -1.45611e+00 |155  0.00376 -1.46659e+00 |156  0.00335 -9.61912e-01
157 -0.02145 -8.93150e-01 |158 -0.01134 -8.90883e-01 |159  0.02753 -1.10707e+00
160 -0.00971 -1.22762e+00 |161  0.01790 -1.63496e+00 |162 -0.00722 -1.53326e+00
163 -0.01889 -1.42335e+00 |164  0.00814 -1.04769e+00 |165  0.00419 -1.23974e+00
166 -0.00357 -3.00093e+00 |167  0.00531 -3.62991e+00 |168 -0.01850 -3.82155e+00
169 -0.00164 -4.25555e+00 |170  0.02260 -4.04061e+00 |171 -0.02927 -3.96995e+00
172  0.01045 -3.64318e+00 |173  0.02294 -3.42729e+00 |174  0.02108 -2.94917e+00
175 -0.00255 -2.36045e+00 |176 -0.00624 -2.29210e+00 |177 -0.01941 -1.92907e+00
178  0.00309 -1.60698e+00 |179 -0.00232 -1.22352e+00 |180  0.00284 -1.02284e+00
181 -0.00462 -6.71918e-01 |182  0.00502 -2.31206e-01 |183 -0.00605  4.91249e-01
184 -0.01211  6.15336e-01 |185  0.00285  5.36145e-01 |186 -0.00018 -4.47637e-02
187  0.00022  5.39892e-02 |188 -0.00401  2.97436e+01 |189  0.00212  2.99245e+01
190 -0.01036  2.98632e+01 |191  0.00857  2.86041e+01 |192  0.00644  2.63999e+01
193 -0.02465  2.65341e+01 |194  0.01876  2.71871e+01 |195 -0.00009  2.67854e+01
196 -0.02828  2.96767e+01 |197  0.01806  2.86006e+01 |198 -0.00265  2.88652e+01
199 -0.00084  2.90939e+01 |200 -0.00138  2.88942e+01 |201  0.00829  2.84941e+01
202 -0.00996  2.87016e+01 |203  0.00425  2.77841e+01 |204  0.00283  2.77639e+01
205  0.00147  2.69139e+01 |206 -0.00671  2.72233e+01 |207  0.01017  2.61201e+01
208 -0.00974  2.62556e+01 |209  0.00340  2.46022e+01 |210 -0.00012  2.42332e+01
211  0.01021  2.50425e+01 |212 -0.02427  2.53466e+01 |213  0.01643  2.47166e+01
214 -0.00771  2.42563e+01 |215  0.00384  2.47004e+01 |216 -0.00069  2.52865e+01
217  0.00680  2.51614e+01 |218 -0.00767  2.56467e+01 |219 -0.00020  2.48676e+01
220  0.01230  2.39992e+01 |221 -0.00504  2.12434e+01 |222 -0.00247  2.09318e+01
223  0.00076  1.99292e+01 |224 -0.00041  2.01097e+01 |225  0.00219  1.76825e+01
226 -0.01681  1.81531e+01 |227  0.00872  1.70908e+01 |228  0.00791  1.61007e+01
229 -0.00739  1.56877e+01 |230  0.00732  1.37720e+01 |231 -0.00390  1.43754e+01
232 -0.00537  1.38947e+01 |233  0.00638  1.27156e+01 |234 -0.00453  1.00851e+01
235  0.00311  7.99848e+00 |236  0.00174  7.86044e+00 |237 -0.00460  7.37407e+00
238 -0.00705  6.68264e+00 |239  0.01254  4.54528e+00 |240 -0.00969  4.41441e+00
241  0.00338  3.54672e+00 |242  0.01230  3.02240e+00 |243  0.00519  3.41847e+00
244 -0.00960  4.77006e+00 |245 -0.01337  5.56305e+00 |246  0.01077  5.16601e+00
247  0.00476  4.37467e+00 |248 -0.00681  4.30831e+00 |249 -0.00177  3.84771e+00
250  0.00370  2.31023e+00 |251 -0.00486  2.85536e+00 |252  0.00637  1.91374e+00
253 -0.02288  1.68059e+00 |254 -0.00017 -4.12720e-02 |255  0.00039  9.71829e-02
256  0.00971  1.11879e+02 |257  0.00337  1.10751e+02 |258 -0.00277  1.10096e+02
259 -0.00144  1.07725e+02 |260  0.00338  1.03959e+02 |261  0.01779  1.00814e+02
262 -0.01683  1.01075e+02 |263  0.00611  9.95648e+01 |264 -0.00007  1.02667e+02
265 -0.02518  1.01526e+02 |266  0.01218  9.97580e+01 |267 -0.01063  9.96071e+01
268  0.00011  9.86098e+01 |269 -0.00127  9.71150e+01 |270  0.00308  9.55081e+01
271 -0.00221  9.34296e+01 |272  0.00178  9.15520e+01 |273  0.00055  8.95836e+01
274  0.00385  8.81098e+01 |275 -0.00010  8.58095e+01 |276 -0.00197  8.48255e+01
277  0.00034  8.22916e+01 |278  0.00156  8.06418e+01 |279  0.00249  7.98207e+01
280  0.00584  7.83948e+01 |281 -0.01420  7.69787e+01 |282  0.00746  7.60325e+01
283 -0.00221  7.50254e+01 |284  0.00015  7.47160e+01 |285  0.00402  7.29127e+01
286 -0.00258  7.22720e+01 |287 -0.00077  7.05307e+01 |288 -0.00244  6.86819e+01
289  0.00735  6.56906e+01 |290  0.00594  6.44767e+01 |291 -0.00773  6.27541e+01
292 -0.00022  6.07715e+01 |293  0.00232  5.83316e+01 |294  0.00717  5.57757e+01
295 -0.00920  5.38809e+01 |296 -0.00357  5.10724e+01 |297 -0.00098  4.93231e+01
298 -0.00146  4.69784e+01 |299  0.00606  4.59781e+01 |300  0.00177  4.41046e+01
301 -0.00646  4.17910e+01 |302  0.00374  3.90748e+01 |303 -0.00314  3.69442e+01
304  0.00414  3.42035e+01 |305 -0.00139  3.22152e+01 |306  0.00051  3.04249e+01
307 -0.00384  2.79400e+01 |308  0.00789  2.57839e+01 |309 -0.00220  2.40811e+01
310 -0.00464  2.18207e+01 |311  0.00669  2.01968e+01 |312  0.00481  1.92061e+01
313  0.00237  1.72569e+01 |314 -0.00988  1.64119e+01 |315  0.00271  1.42309e+01
316  0.00101  1.17917e+01 |317  0.00038  9.04415e+00 |318  0.00010  6.78333e+00
319  0.00072  6.07084e+00 |320 -0.00533  4.63152e+00 |321  0.01669  2.30950e+00
322  0.00013  3.28873e-02 |323  0.00025  6.05640e-02 |
323 variables; iteration 400; function evaluation 451; phase 5
Function value 2.9967894e+03; maximum gradient component mag -5.4440e+01
Var    Value     Gradient |Var    Value     Gradient |Var    Value     Gradient
  1 -0.03376 -5.44399e+01 |  2  0.04143 -2.54478e-02 |  3  0.13322 -1.65133e-01
  4 -0.03155  4.92035e-03 |  5 -0.07775 -1.35951e-02 |  6  0.05367 -4.68170e-02
  7  0.04284 -8.12808e-02 |  8 -0.00181 -8.81661e-02 |  9  0.04820 -6.31707e-02
 10  0.01719  4.43196e-01 | 11  0.21551  5.03792e-01 | 12 -0.12435  4.98638e-01
 13 -0.04249  4.95708e-01 | 14 -0.15861  4.88677e-01 | 15 -0.17700  4.57935e-01
 16  0.23898 -5.79865e-03 | 17  0.00125  4.13601e-01 | 18 -0.11071  4.60306e-01
 19 -0.04940  4.01449e-01 | 20 -0.01351  3.24222e-01 | 21 -0.09701  4.02407e-01
 22  0.03489  9.21146e-02 | 23 -0.12311  3.66711e-01 | 24 -0.03644  2.44908e-01
 25  0.00916  4.26504e-02 | 26  0.02229  5.89902e-04 | 27 -0.11529  2.66006e-01
 28  0.01412 -8.13289e-02 | 29  0.05357 -2.89754e-01 | 30 -0.08399  4.09099e-02
 31 -0.18910  3.60313e-01 | 32  0.03818 -4.32664e-01 | 33  0.05100 -2.57039e-01
 34  0.05674 -4.04919e-01 | 35  0.04385 -5.14071e-01 | 36 -0.04708 -1.86348e-01
 37 -0.01904 -5.20644e-02 | 38  0.06143 -9.09637e-01 | 39 -0.06657 -3.45588e-01
 40  0.21427 -1.58153e+00 | 41  0.02158 -9.63161e-01 | 42  0.08191 -7.38870e-01
 43 -0.06457 -1.55473e-01 | 44  0.17668 -3.34929e+00 | 45 -0.03829 -3.57698e-01
 46 -0.03182 -3.28261e-01 | 47 -0.01470 -4.62156e-01 | 48 -0.09093  2.87949e-02
 49  0.11411 -2.09438e+00 | 50  0.01051 -5.66417e-01 | 51 -0.00001 -4.28290e-01
 52  0.01899 -3.96938e-01 | 53 -0.03565  1.92303e-01 | 54  0.08264 -6.32273e-01
 55  0.00438 -9.96295e-02 | 56 -0.05105  8.95843e-02 | 57 -0.05584  1.68519e-01
 58  0.08512  8.36241e-02 | 59 -0.03566  3.62624e-01 | 60  0.02152  1.71402e-01
 61  0.00249  3.56350e-01 | 62  0.06738  4.44553e-01 | 63  0.09975  8.04307e-01
 64 -0.06291  3.80791e-01 | 65 -0.01265  2.61443e-01 | 66  0.04270  7.22389e-01
 67  0.01036  6.14840e-01 | 68 -0.04263  5.96766e-01 | 69  0.03478  9.04044e-01
 70  0.01041  6.80708e-01 | 71  0.15247  2.77991e-01 | 72 -0.05587  6.00625e-01
 73 -0.02296  5.81401e-01 | 74 -0.03349  6.97004e-01 | 75  0.00104  7.33036e-01
 76 -0.52428  5.24038e-02 | 77 -0.66051  1.64517e-01 | 78 -0.80502  4.97331e-02
 79 -0.70482 -8.34445e-03 | 80 -1.24593  9.82552e-02 | 81 -0.76976  2.82409e-02
 82 -0.82234 -2.02052e-02 | 83 -0.84934  3.53683e-02 | 84 -0.82805 -4.06129e-02
 85 -0.73969 -1.35643e-02 | 86 -0.81848 -1.20547e-02 | 87 -0.81191 -3.03587e-02
 88 -0.79294 -4.12024e-02 | 89 -1.20068  1.28496e-01 | 90 -0.80841  1.48513e-02
 91 -0.81115 -1.10812e-02 | 92 -1.21257 -9.51873e-02 | 93 -1.20188 -3.12697e-01
 94 -0.79322 -8.98033e-02 | 95 -0.84771 -2.42984e-02 | 96 -0.84953  2.32821e-02
 97 -0.86917  1.06936e-01 | 98 -0.80464 -4.31058e-06 | 99 -0.80464 -4.31058e-06
100  0.55216 -1.96583e+00 |101  0.26750 -6.42876e-01 |102  0.21070 -3.45699e+00
103  0.09010  9.24759e-02 |104 -0.16719 -5.04499e-01 |105 -0.20601 -8.55160e-01
106 -0.16888 -9.87291e-01 |107  0.00060 -2.30129e+00 |108  0.16828 -1.02317e+00
109 -0.02488 -7.29037e-01 |110  0.17431  2.85397e-01 |111 -0.06442  3.04582e-02
112  0.48562  2.87868e-03 |113 -0.05078  1.79993e-01 |114 -0.34165 -3.12655e-01
115 -0.20079 -3.13381e-01 |116 -0.24618 -6.86915e-01 |117 -0.25536  3.91897e-02
118  1.89739  2.41078e-02 |119  2.17337  8.53841e-03 |120  0.00770 -1.07845e+01
121  0.00508 -1.07578e+01 |122  0.00412 -1.07215e+01 |123 -0.00422 -1.03045e+01
124 -0.00544 -1.04850e+01 |125 -0.00513 -1.02706e+01 |126 -0.00441 -9.95981e+00
127 -0.00596 -1.01352e+01 |128  0.00866 -1.07394e+01 |129 -0.00300 -1.07621e+01
130 -0.00678 -1.07794e+01 |131 -0.02008 -1.06516e+01 |132  0.00182 -1.07030e+01
133 -0.01013 -1.05933e+01 |134  0.00724 -1.01604e+01 |135  0.00632 -1.00144e+01
136 -0.00397 -9.80433e+00 |137  0.01639 -9.52297e+00 |138 -0.01566 -9.44702e+00
139 -0.01456 -9.36405e+00 |140  0.00892 -8.93589e+00 |141  0.02025 -8.15203e+00
142 -0.00399 -8.05942e+00 |143 -0.02048 -7.92763e+00 |144  0.01983 -7.41975e+00
145 -0.02346 -6.99828e+00 |146  0.02564 -6.52484e+00 |147  0.00153 -6.62951e+00
148  0.00282 -6.66971e+00 |149 -0.00895 -6.69499e+00 |150  0.01268 -6.93590e+00
151  0.02246 -7.07567e+00 |152 -0.02557 -7.48105e+00 |153 -0.02077 -7.67586e+00
154  0.00576 -7.56830e+00 |155  0.00393 -7.52823e+00 |156  0.00326 -7.84769e+00
157 -0.02157 -7.81441e+00 |158 -0.01129 -7.64024e+00 |159  0.02750 -7.10457e+00
160 -0.00975 -7.12814e+00 |161  0.01795 -6.27596e+00 |162 -0.00720 -6.09358e+00
163 -0.01886 -5.96793e+00 |164  0.00809 -5.57675e+00 |165  0.00402 -5.44283e+00
166 -0.00349 -4.78407e+00 |167  0.00536 -4.32804e+00 |168 -0.01850 -4.33259e+00
169 -0.00156 -3.88997e+00 |170  0.02261 -2.89974e+00 |171 -0.02926 -2.78312e+00
172  0.01045 -2.40429e+00 |173  0.02306 -2.10078e+00 |174  0.02185 -2.05714e+00
175 -0.00255 -2.16099e+00 |176 -0.00632 -2.18086e+00 |177 -0.02011 -2.20417e+00
178  0.00310 -2.12580e+00 |179 -0.00233 -2.00551e+00 |180  0.00279 -1.92984e+00
181 -0.00462 -1.70459e+00 |182  0.00500 -1.45174e+00 |183 -0.00608 -9.40444e-01
184 -0.01218 -8.10598e-01 |185  0.00279 -5.60524e-01 |186  0.00001  1.89605e-03
187  0.00002  5.16440e-03 |188  0.00108 -2.67277e+00 |189  0.00235 -2.60702e+00
190 -0.01045 -3.05028e+00 |191  0.00861 -3.02007e+00 |192  0.00651 -2.72515e+00
193 -0.02450 -2.63264e+00 |194  0.01865 -2.14780e+00 |195  0.00004 -2.85623e+00
196 -0.02852 -3.34329e+00 |197  0.01804 -2.83291e+00 |198 -0.00265 -2.48142e+00
199 -0.00082 -2.20402e+00 |200 -0.00139 -2.06872e+00 |201  0.00829 -1.91650e+00
202 -0.00996 -1.49618e+00 |203  0.00425 -1.35668e+00 |204  0.00284 -1.11556e+00
205  0.00146 -7.77362e-01 |206 -0.00670 -7.05447e-01 |207  0.01013 -5.78637e-01
208 -0.00968 -2.28767e-01 |209  0.00338  3.34308e-01 |210 -0.00012  4.00257e-01
211  0.01018  6.15595e-01 |212 -0.02420  1.16502e+00 |213  0.01639  1.37673e+00
214 -0.00770  1.62129e+00 |215  0.00384  1.23722e+00 |216 -0.00071  1.24959e+00
217  0.00685  1.04598e+00 |218 -0.00773  7.50847e-01 |219 -0.00024  7.45158e-01
220  0.01245  3.73304e-01 |221 -0.00515  3.64337e-01 |222 -0.00242  5.03957e-01
223  0.00075  1.45069e-01 |224 -0.00044 -3.38291e-01 |225  0.00222  1.52325e-03
226 -0.01679  7.31503e-02 |227  0.00871  4.18238e-01 |228  0.00789  9.89613e-02
229 -0.00740  7.24440e-01 |230  0.00733  6.71777e-01 |231 -0.00392  5.42518e-01
232 -0.00535  7.85103e-01 |233  0.00637  5.82579e-01 |234 -0.00452  9.79446e-01
235  0.00313  1.09771e+00 |236  0.00174  5.10885e-01 |237 -0.00461  7.42419e-01
238 -0.00705  1.49235e+00 |239  0.01255  1.21876e+00 |240 -0.00969  1.52771e+00
241  0.00338  1.35479e+00 |242  0.01230  9.88392e-01 |243  0.00522  2.93585e-01
244 -0.00959 -4.29951e-01 |245 -0.01343 -6.50015e-01 |246  0.01077 -5.75262e-01
247  0.00477 -4.93267e-01 |248 -0.00681 -4.90421e-01 |249 -0.00177 -4.15388e-01
250  0.00371 -4.74501e-01 |251 -0.00486 -5.27821e-02 |252  0.00638 -4.33194e-01
253 -0.02281 -4.12427e-01 |254 -0.00000 -1.07133e-03 |255  0.00001  3.63418e-03
256 -0.00166 -1.56439e+01 |257  0.00326 -1.53611e+01 |258 -0.00275 -1.57332e+01
259 -0.00147 -1.52538e+01 |260  0.00339 -1.49181e+01 |261  0.01759 -1.43598e+01
262 -0.01665 -1.37373e+01 |263  0.00616 -1.43109e+01 |264 -0.00011 -1.46060e+01
265 -0.02519 -1.41329e+01 |266  0.01220 -1.37789e+01 |267 -0.01063 -1.34628e+01
268  0.00012 -1.34430e+01 |269 -0.00128 -1.30017e+01 |270  0.00307 -1.26745e+01
271 -0.00221 -1.23996e+01 |272  0.00177 -1.20655e+01 |273  0.00056 -1.16231e+01
274  0.00384 -1.11121e+01 |275 -0.00008 -1.06292e+01 |276 -0.00201 -1.00007e+01
277  0.00038 -9.29525e+00 |278  0.00158 -8.96660e+00 |279  0.00246 -8.76453e+00
280  0.00579 -7.96639e+00 |281 -0.01415 -7.67243e+00 |282  0.00747 -7.03639e+00
283 -0.00220 -6.89043e+00 |284  0.00014 -6.13107e+00 |285  0.00400 -5.38207e+00
286 -0.00256 -5.42364e+00 |287 -0.00080 -5.02834e+00 |288 -0.00251 -4.50630e+00
289  0.00746 -4.10731e+00 |290  0.00590 -3.78058e+00 |291 -0.00770 -3.73250e+00
292 -0.00020 -3.61508e+00 |293  0.00231 -3.49730e+00 |294  0.00713 -3.27708e+00
295 -0.00918 -2.73727e+00 |296 -0.00353 -2.68650e+00 |297 -0.00099 -2.07246e+00
298 -0.00145 -1.87414e+00 |299  0.00607 -1.80375e+00 |300  0.00176 -1.84490e+00
301 -0.00645 -1.85236e+00 |302  0.00374 -1.74087e+00 |303 -0.00316 -1.74081e+00
304  0.00415 -1.61672e+00 |305 -0.00138 -1.41937e+00 |306  0.00051 -1.07678e+00
307 -0.00384 -1.37476e+00 |308  0.00789 -1.08425e+00 |309 -0.00221 -9.93332e-01
310 -0.00463 -1.03130e+00 |311  0.00670 -1.30753e+00 |312  0.00480 -1.49036e+00
313  0.00237 -1.56315e+00 |314 -0.00988 -1.53734e+00 |315  0.00271 -1.24808e+00
316  0.00101 -1.14668e+00 |317  0.00039 -1.18129e+00 |318  0.00010 -1.34050e+00
319  0.00071 -8.14171e-01 |320 -0.00534 -8.04846e-01 |321  0.01661 -4.49927e-01
322 -0.00005 -1.27498e-02 |323  0.00002  4.09598e-03 |
323 variables; iteration 420; function evaluation 472; phase 5
Function value 2.9967736e+03; maximum gradient component mag -5.8025e+01
Var    Value     Gradient |Var    Value     Gradient |Var    Value     Gradient
  1 -0.03376 -3.61596e+01 |  2  0.04137 -6.50935e-02 |  3  0.13330 -1.96366e-01
  4 -0.03163 -5.40860e-02 |  5 -0.07774 -4.59920e-02 |  6  0.05370 -1.49181e-01
  7  0.04279 -1.76132e-01 |  8 -0.00181 -9.82467e-02 |  9  0.04820 -1.61484e-01
 10  0.01715  1.16614e-01 | 11  0.21547 -2.99508e-01 | 12 -0.12420  3.48473e-01
 13 -0.04251  1.76209e-01 | 14 -0.15863  3.01884e-01 | 15 -0.17682  3.92627e-01
 16  0.23895 -7.83063e-01 | 17  0.00121  8.17929e-02 | 18 -0.11067  2.73341e-01
 19 -0.04942  1.25546e-01 | 20 -0.01355  1.04781e-02 | 21 -0.09699  2.14520e-01
 22  0.03485 -2.65811e-01 | 23 -0.12306  2.52654e-01 | 24 -0.03646  4.13624e-02
 25  0.00913 -1.59453e-01 | 26  0.02227 -1.10080e-01 | 27 -0.11519  2.51954e-01
 28  0.01411 -1.38542e-01 | 29  0.05356 -2.53645e-01 | 30 -0.08397  1.29695e-02
 31 -0.18920  2.77534e-01 | 32  0.03824  3.56060e-02 | 33  0.05098 -5.27811e-02
 34  0.05676 -1.75075e-01 | 35  0.04387 -9.89823e-02 | 36 -0.04701  5.34228e-02
 37 -0.01910  7.40709e-02 | 38  0.06143 -5.48672e-01 | 39 -0.06655 -2.95230e-01
 40  0.21427 -3.37435e-01 | 41  0.02161 -6.35166e-01 | 42  0.08191 -2.90918e-01
 43 -0.06462 -3.23360e-01 | 44  0.17669 -1.67918e+00 | 45 -0.03832 -3.91236e-01
 46 -0.03184 -4.10528e-01 | 47 -0.01472 -5.38981e-01 | 48 -0.09096 -1.33038e-01
 49  0.11413 -9.97091e-01 | 50  0.01048 -6.53042e-01 | 51 -0.00001 -2.45610e-01
 52  0.01899  4.01712e-02 | 53 -0.03567  5.37964e-02 | 54  0.08264 -3.42007e-01
 55  0.00438  1.65239e-01 | 56 -0.05107 -1.10928e-01 | 57 -0.05584  1.64078e-01
 58  0.08512  6.67671e-01 | 59 -0.03566  2.70258e-01 | 60  0.02152  1.34741e-01
 61  0.00249  4.72400e-01 | 62  0.06738  5.05040e-01 | 63  0.09974  5.05000e-01
 64 -0.06293  1.72138e-01 | 65 -0.01265  3.47866e-01 | 66  0.04271  9.11342e-01
 67  0.01034 -1.45211e-01 | 68 -0.04264  2.54867e-01 | 69  0.03479  8.42074e-01
 70  0.01040  2.55532e-01 | 71  0.15247  4.42802e-02 | 72 -0.05587  4.84704e-01
 73 -0.02296  2.87772e-01 | 74 -0.03349  4.72604e-01 | 75  0.00105  4.44514e-01
 76 -0.52427  1.73723e-01 | 77 -0.66056  1.26865e-02 | 78 -0.80501  1.28954e-02
 79 -0.70485 -1.10538e-01 | 80 -1.24603  3.05501e-02 | 81 -0.76979 -6.95248e-03
 82 -0.82233 -2.55976e-02 | 83 -0.84937 -8.01377e-02 | 84 -0.82804 -6.60122e-02
 85 -0.73972 -3.96873e-02 | 86 -0.81848 -1.57791e-02 | 87 -0.81184  2.06480e-02
 88 -0.79300 -1.04941e-01 | 89 -1.20094 -1.05401e-01 | 90 -0.80846 -2.06193e-02
 91 -0.81114  1.75537e-02 | 92 -1.21260 -1.38611e-01 | 93 -1.20182 -2.13721e-01
 94 -0.79324 -8.31369e-02 | 95 -0.84771  3.22216e-03 | 96 -0.84956 -5.50539e-02
 97 -0.86916  1.39330e-01 | 98 -0.80075 -4.22073e-06 | 99 -0.80075 -4.22073e-06
100  0.62507 -3.47359e-01 |101  0.25983 -8.85192e+00 |102  0.19232 -1.34369e+01
103  0.09010 -3.92176e-01 |104 -0.16719  1.47021e-01 |105 -0.20601  7.26225e-01
106 -0.16886  9.05716e-01 |107  0.00061  1.33888e+01 |108  0.16827  2.82500e+00
109 -0.02485  2.78366e+00 |110  0.17427  7.71022e-01 |111 -0.06367  1.68115e-01
112  0.49938  3.05714e-03 |113 -0.05079  2.52638e-01 |114 -0.34164  4.79548e-01
115 -0.20088  8.04939e-01 |116 -0.24550  6.88955e-01 |117 -0.25601  2.09767e-01
118  1.89743 -2.70824e-02 |119  2.17348  5.54226e-02 |120  0.00508 -1.38668e+00
121  0.00338 -1.44311e+00 |122  0.00262 -1.46486e+00 |123 -0.00509 -1.65798e+00
124 -0.00590 -1.76952e+00 |125 -0.00588 -1.66076e+00 |126 -0.00635 -1.66916e+00
127 -0.00733 -1.70973e+00 |128  0.00901 -1.36304e+00 |129 -0.00278 -1.34058e+00
130 -0.00660 -1.36003e+00 |131 -0.02013 -1.31273e+00 |132  0.00185 -1.40510e+00
133 -0.01013 -1.38433e+00 |134  0.00726 -1.31558e+00 |135  0.00632 -1.30697e+00
136 -0.00399 -1.31130e+00 |137  0.01646 -1.23473e+00 |138 -0.01567 -1.33858e+00
139 -0.01459 -1.42344e+00 |140  0.00891 -1.42852e+00 |141  0.02051 -1.39204e+00
142 -0.00451 -1.69974e+00 |143 -0.02019 -1.28447e+00 |144  0.01974 -1.10088e+00
145 -0.02343 -5.89258e-01 |146  0.02564 -4.14977e-01 |147  0.00153 -5.81520e-01
148  0.00274 -6.59631e-01 |149 -0.00899 -6.08401e-01 |150  0.01258 -5.30571e-01
151  0.02242 -5.40429e-01 |152 -0.02544 -6.82722e-01 |153 -0.02064 -8.00273e-01
154  0.00585 -7.99654e-01 |155  0.00388 -8.68677e-01 |156  0.00330 -1.49864e+00
157 -0.02162 -1.57938e+00 |158 -0.01135 -1.62028e+00 |159  0.02751 -1.39010e+00
160 -0.00971 -1.43417e+00 |161  0.01798 -1.30002e+00 |162 -0.00722 -1.32541e+00
163 -0.01889 -1.32482e+00 |164  0.00808 -1.36036e+00 |165  0.00405 -1.39760e+00
166 -0.00351 -1.37832e+00 |167  0.00532 -1.22493e+00 |168 -0.01847 -1.21036e+00
169 -0.00158 -1.00908e+00 |170  0.02260 -5.17254e-01 |171 -0.02927 -4.48371e-01
172  0.01045 -2.22434e-02 |173  0.02305  3.91887e-01 |174  0.02167  4.94806e-01
175 -0.00252  5.61738e-01 |176 -0.00621  5.75913e-01 |177 -0.02004  5.59555e-01
178  0.00313  5.76034e-01 |179 -0.00231  5.70504e-01 |180  0.00283  5.63894e-01
181 -0.00465  4.09656e-01 |182  0.00506  3.38377e-01 |183 -0.00612 -9.95747e-02
184 -0.01222 -1.50938e-01 |185  0.00279 -1.74530e-01 |186 -0.00002 -5.16607e-03
187 -0.00007 -1.61850e-02 |188  0.00275 -3.95120e+01 |189  0.00236 -3.95146e+01
190 -0.01046 -3.98673e+01 |191  0.00862 -4.02108e+01 |192  0.00642 -3.94683e+01
193 -0.02442 -3.92106e+01 |194  0.01845 -3.90779e+01 |195  0.00008 -3.90436e+01
196 -0.02834 -3.84290e+01 |197  0.01805 -3.72420e+01 |198 -0.00263 -3.69966e+01
199 -0.00085 -3.68709e+01 |200 -0.00139 -3.64162e+01 |201  0.00830 -3.58817e+01
202 -0.00996 -3.53749e+01 |203  0.00426 -3.47943e+01 |204  0.00283 -3.43849e+01
205  0.00147 -3.36241e+01 |206 -0.00670 -3.30705e+01 |207  0.01012 -3.23618e+01
208 -0.00967 -3.16661e+01 |209  0.00339 -3.07985e+01 |210 -0.00012 -3.01018e+01
211  0.01014 -2.92399e+01 |212 -0.02413 -2.84192e+01 |213  0.01635 -2.64359e+01
214 -0.00770 -2.59241e+01 |215  0.00383 -2.53421e+01 |216 -0.00071 -2.42234e+01
217  0.00684 -2.33663e+01 |218 -0.00771 -2.25380e+01 |219 -0.00025 -2.15585e+01
220  0.01244 -2.12099e+01 |221 -0.00514 -1.96688e+01 |222 -0.00244 -1.94563e+01
223  0.00076 -1.88977e+01 |224 -0.00043 -1.94432e+01 |225  0.00222 -1.80217e+01
226 -0.01680 -1.80089e+01 |227  0.00871 -1.73755e+01 |228  0.00789 -1.66037e+01
229 -0.00740 -1.60731e+01 |230  0.00732 -1.50942e+01 |231 -0.00391 -1.48306e+01
232 -0.00535 -1.42858e+01 |233  0.00636 -1.38943e+01 |234 -0.00452 -1.36624e+01
235  0.00312 -1.23780e+01 |236  0.00174 -1.19258e+01 |237 -0.00460 -1.12834e+01
238 -0.00705 -1.01373e+01 |239  0.01254 -9.00530e+00 |240 -0.00969 -8.28070e+00
241  0.00338 -7.23457e+00 |242  0.01230 -6.08773e+00 |243  0.00522 -4.86900e+00
244 -0.00959 -4.53823e+00 |245 -0.01341 -4.46870e+00 |246  0.01076 -3.96143e+00
247  0.00477 -3.07540e+00 |248 -0.00681 -2.88019e+00 |249 -0.00177 -2.70950e+00
250  0.00370 -2.21083e+00 |251 -0.00486 -2.27805e+00 |252  0.00638 -1.30160e+00
253 -0.02278 -1.29259e+00 |254  0.00003  7.88279e-03 |255 -0.00007 -1.77386e-02
256  0.00252 -5.80254e+01 |257  0.00328 -5.71662e+01 |258 -0.00274 -5.72975e+01
259 -0.00147 -5.69912e+01 |260  0.00339 -5.62763e+01 |261  0.01765 -5.52311e+01
262 -0.01669 -5.49686e+01 |263  0.00618 -5.49587e+01 |264 -0.00013 -5.44839e+01
265 -0.02520 -5.31954e+01 |266  0.01219 -5.28065e+01 |267 -0.01063 -5.24401e+01
268  0.00012 -5.18577e+01 |269 -0.00128 -5.10836e+01 |270  0.00308 -5.02881e+01
271 -0.00221 -4.95670e+01 |272  0.00178 -4.88798e+01 |273  0.00056 -4.79213e+01
274  0.00384 -4.71553e+01 |275 -0.00008 -4.63428e+01 |276 -0.00200 -4.54548e+01
277  0.00036 -4.45049e+01 |278  0.00158 -4.37977e+01 |279  0.00247 -4.28719e+01
280  0.00575 -4.18184e+01 |281 -0.01410 -3.94205e+01 |282  0.00745 -3.91918e+01
283 -0.00219 -3.83925e+01 |284  0.00014 -3.71919e+01 |285  0.00400 -3.62582e+01
286 -0.00257 -3.54831e+01 |287 -0.00079 -3.44737e+01 |288 -0.00251 -3.35098e+01
289  0.00745 -3.20145e+01 |290  0.00590 -3.14772e+01 |291 -0.00771 -3.06475e+01
292 -0.00021 -3.02713e+01 |293  0.00232 -2.89318e+01 |294  0.00713 -2.79782e+01
295 -0.00918 -2.70888e+01 |296 -0.00354 -2.62433e+01 |297 -0.00099 -2.54176e+01
298 -0.00145 -2.45389e+01 |299  0.00606 -2.39471e+01 |300  0.00176 -2.30706e+01
301 -0.00645 -2.20219e+01 |302  0.00374 -2.12877e+01 |303 -0.00316 -2.00877e+01
304  0.00415 -1.91494e+01 |305 -0.00138 -1.81556e+01 |306  0.00050 -1.71110e+01
307 -0.00384 -1.58534e+01 |308  0.00789 -1.51153e+01 |309 -0.00221 -1.39021e+01
310 -0.00464 -1.25459e+01 |311  0.00670 -1.12377e+01 |312  0.00480 -1.03321e+01
313  0.00236 -9.52264e+00 |314 -0.00988 -8.85796e+00 |315  0.00271 -7.28200e+00
316  0.00101 -6.15026e+00 |317  0.00039 -5.23477e+00 |318  0.00011 -4.53763e+00
319  0.00071 -3.99264e+00 |320 -0.00534 -2.70265e+00 |321  0.01657 -1.56041e+00
322  0.00005  1.15868e-02 |323 -0.00008 -1.95270e-02 |
323 variables; iteration 440; function evaluation 493; phase 5
Function value 2.9967642e+03; maximum gradient component mag 1.0763e+01
Var    Value     Gradient |Var    Value     Gradient |Var    Value     Gradient
  1 -0.03375  1.07628e+01 |  2  0.04122 -1.08013e-02 |  3  0.13342  9.43909e-02
  4 -0.03174 -7.13411e-03 |  5 -0.07772  1.14532e-02 |  6  0.05364 -1.97681e-02
  7  0.04282  9.14486e-02 |  8 -0.00181  5.02697e-02 |  9  0.04817  4.33567e-02
 10  0.01714 -6.42022e-02 | 11  0.21545  8.57244e-02 | 12 -0.12430 -6.08440e-02
 13 -0.04251 -1.58242e-02 | 14 -0.15870 -6.68036e-02 | 15 -0.17704 -1.36420e-01
 16  0.23892  3.61903e-01 | 17  0.00125 -1.68545e-02 | 18 -0.11075 -5.02417e-02
 19 -0.04942  1.13245e-02 | 20 -0.01355  3.32919e-02 | 21 -0.09706 -2.85095e-02
 22  0.03484  2.29988e-02 | 23 -0.12313 -2.65685e-02 | 24 -0.03646 -5.32908e-03
 25  0.00912  1.12132e-01 | 26  0.02226  9.61300e-02 | 27 -0.11525 -1.84749e-03
 28  0.01411  8.01248e-02 | 29  0.05349  2.36861e-01 | 30 -0.08390  6.45028e-03
 31 -0.18915 -3.19153e-02 | 32  0.03822  2.11460e-01 | 33  0.05095  8.35481e-02
 34  0.05679  6.64901e-02 | 35  0.04381  8.22341e-02 | 36 -0.04697  6.77808e-02
 37 -0.01918  1.60094e-02 | 38  0.06147  2.73256e-02 | 39 -0.06612 -1.78080e-02
 40  0.21424  3.82460e-01 | 41  0.02181  5.01817e-02 | 42  0.08189 -4.95104e-02
 43 -0.06455 -5.10344e-02 | 44  0.17669  3.45536e-01 | 45 -0.03827 -4.96742e-02
 46 -0.03182 -3.25736e-02 | 47 -0.01470 -6.65881e-02 | 48 -0.09095 -2.03971e-01
 49  0.11413  2.72612e-01 | 50  0.01051 -1.57726e-01 | 51 -0.00002 -1.17606e-01
 52  0.01899  7.63581e-02 | 53 -0.03567 -1.25530e-01 | 54  0.08262 -2.59791e-01
 55  0.00438  9.88395e-02 | 56 -0.05106 -1.04791e-01 | 57 -0.05584 -4.89237e-02
 58  0.08510  6.62505e-02 | 59 -0.03568 -8.48443e-02 | 60  0.02151  6.31131e-02
 61  0.00249  8.27101e-02 | 62  0.06737 -1.59612e-01 | 63  0.09973 -1.16062e-01
 64 -0.06290 -2.06799e-01 | 65 -0.01264 -2.75670e-02 | 66  0.04271  2.42055e-01
 67  0.01035 -4.27876e-01 | 68 -0.04262 -1.00470e-01 | 69  0.03477 -4.32423e-02
 70  0.01041 -1.78731e-01 | 71  0.15248 -1.13753e-01 | 72 -0.05588 -5.83226e-02
 73 -0.02297 -1.49146e-01 | 74 -0.03350 -2.63902e-02 | 75  0.00102 -1.48124e-02
 76 -0.52429 -2.45356e-02 | 77 -0.66051  3.49657e-02 | 78 -0.80502  2.00184e-03
 79 -0.70478 -1.02246e-01 | 80 -1.24609 -1.07777e-02 | 81 -0.76971  6.86617e-02
 82 -0.82232 -3.24519e-03 | 83 -0.84936 -1.81669e-02 | 84 -0.82802  2.78141e-02
 85 -0.73963  3.27725e-02 | 86 -0.81846  3.51602e-02 | 87 -0.81187 -5.41904e-03
 88 -0.79282  5.99323e-02 | 89 -1.20087 -3.22739e-02 | 90 -0.80844  1.00964e-02
 91 -0.81116  2.31078e-03 | 92 -1.21256 -9.29921e-02 | 93 -1.20162  2.12398e-01
 94 -0.79318  1.37555e-01 | 95 -0.84774 -2.90007e-02 | 96 -0.84958 -4.45036e-02
 97 -0.86920 -2.83856e-02 | 98 -0.79444 -4.08222e-06 | 99 -0.79444 -4.08222e-06
100  0.69607 -4.59240e-01 |101  0.27259  3.96241e-01 |102  0.20300 -8.34281e-01
103  0.09010 -1.04111e-01 |104 -0.16720  1.52301e-01 |105 -0.20602  3.19362e-01
106 -0.16890  4.51376e-01 |107  0.00059 -6.59071e+00 |108  0.16828 -1.41197e+00
109 -0.02488 -1.32948e+00 |110  0.17429 -4.46927e-02 |111 -0.06447  4.41255e-02
112  0.52505  3.36379e-03 |113 -0.05079 -8.19237e-02 |114 -0.34164  4.00829e-02
115 -0.20088  6.36091e-02 |116 -0.24570  6.27323e-02 |117 -0.25592  6.90605e-03
118  1.89745 -1.74932e-02 |119  2.17332  3.04192e-02 |120  0.00186 -3.75942e+00
121  0.00089 -3.76386e+00 |122  0.00038 -3.75919e+00 |123 -0.00585 -3.67865e+00
124 -0.00510 -3.40552e+00 |125 -0.00585 -3.49332e+00 |126 -0.00645 -3.54100e+00
127 -0.00728 -3.55647e+00 |128  0.00867 -3.82964e+00 |129 -0.00289 -3.83772e+00
130 -0.00668 -3.86861e+00 |131 -0.02031 -3.89339e+00 |132  0.00183 -3.95570e+00
133 -0.01012 -3.89923e+00 |134  0.00724 -3.79517e+00 |135  0.00631 -3.71635e+00
136 -0.00399 -3.58513e+00 |137  0.01640 -3.32785e+00 |138 -0.01565 -3.26342e+00
139 -0.01454 -3.20137e+00 |140  0.00892 -3.09150e+00 |141  0.02055 -2.90192e+00
142 -0.00425 -3.16592e+00 |143 -0.02047 -3.00086e+00 |144  0.01983 -3.02526e+00
145 -0.02350 -3.10652e+00 |146  0.02559 -3.25986e+00 |147  0.00142 -3.40368e+00
148  0.00286 -3.26762e+00 |149 -0.00900 -3.24255e+00 |150  0.01251 -3.04568e+00
151  0.02232 -2.97044e+00 |152 -0.02529 -2.88541e+00 |153 -0.02058 -2.97882e+00
154  0.00581 -3.04989e+00 |155  0.00386 -3.08914e+00 |156  0.00331 -3.44183e+00
157 -0.02159 -3.48710e+00 |158 -0.01134 -3.48993e+00 |159  0.02747 -3.20569e+00
160 -0.00967 -3.16179e+00 |161  0.01797 -3.08507e+00 |162 -0.00721 -3.05248e+00
163 -0.01890 -3.04695e+00 |164  0.00806 -2.91489e+00 |165  0.00405 -2.76620e+00
166 -0.00349 -2.41608e+00 |167  0.00528 -2.18794e+00 |168 -0.01843 -2.03052e+00
169 -0.00158 -1.81067e+00 |170  0.02261 -1.07590e+00 |171 -0.02926 -9.83775e-01
172  0.01045 -6.30212e-01 |173  0.02306 -2.94063e-01 |174  0.02173 -2.69503e-01
175 -0.00251 -2.59537e-01 |176 -0.00626 -2.68695e-01 |177 -0.02007 -2.93634e-01
178  0.00310 -3.86348e-01 |179 -0.00230 -3.50178e-01 |180  0.00280 -3.53611e-01
181 -0.00464 -3.77549e-01 |182  0.00501 -3.55296e-01 |183 -0.00610 -3.43157e-01
184 -0.01220 -3.13934e-01 |185  0.00280 -2.29022e-01 |186 -0.00002 -4.06065e-03
187  0.00001  1.58460e-03 |188 -0.00002  1.80314e+00 |189  0.00231  1.72821e+00
190 -0.01045  1.58901e+00 |191  0.00864  1.48082e+00 |192  0.00655  1.38689e+00
193 -0.02458  1.34778e+00 |194  0.01843  1.46649e+00 |195  0.00023  1.67809e+00
196 -0.02850  1.29188e+00 |197  0.01812  1.30451e+00 |198 -0.00265  1.16481e+00
199 -0.00083  1.10196e+00 |200 -0.00140  7.91016e-01 |201  0.00830  5.10274e-01
202 -0.00996  4.97707e-01 |203  0.00425  1.23870e-01 |204  0.00284  1.56984e-01
205  0.00145  4.33212e-02 |206 -0.00670 -8.27770e-02 |207  0.01013 -2.17624e-01
208 -0.00967  1.11251e-01 |209  0.00338 -1.83894e-01 |210 -0.00010 -4.33929e-01
211  0.01015 -1.97859e-01 |212 -0.02418 -1.20122e-01 |213  0.01637 -2.60703e-01
214 -0.00769 -4.95517e-01 |215  0.00382 -8.81085e-01 |216 -0.00069 -9.07339e-01
217  0.00682 -8.05288e-01 |218 -0.00769 -6.40353e-01 |219 -0.00022 -7.55977e-01
220  0.01235 -7.18217e-01 |221 -0.00508 -7.18439e-01 |222 -0.00246 -7.04084e-01
223  0.00077 -5.73761e-01 |224 -0.00042 -8.08705e-01 |225  0.00222 -8.84939e-01
226 -0.01681 -9.35736e-01 |227  0.00871 -6.07422e-01 |228  0.00790 -6.01071e-01
229 -0.00740 -5.56239e-01 |230  0.00733 -4.51640e-01 |231 -0.00391 -6.85425e-01
232 -0.00536 -7.09679e-01 |233  0.00637 -9.69657e-01 |234 -0.00452 -9.54133e-01
235  0.00312 -8.29651e-01 |236  0.00174 -9.89613e-01 |237 -0.00460 -6.78379e-01
238 -0.00705 -2.08433e-01 |239  0.01254 -1.58714e-01 |240 -0.00969  2.17103e-01
241  0.00338  4.69281e-01 |242  0.01230  5.09391e-01 |243  0.00521  6.99893e-01
244 -0.00958  6.89861e-01 |245 -0.01342  6.03136e-01 |246  0.01076  3.44700e-01
247  0.00477  1.94064e-01 |248 -0.00681  6.50981e-03 |249 -0.00177 -7.98714e-02
250  0.00371 -2.66795e-01 |251 -0.00487 -4.56084e-01 |252  0.00637 -4.30233e-01
253 -0.02279 -3.54020e-01 |254 -0.00001 -1.53038e-03 |255  0.00001  3.11890e-03
256  0.00008 -3.64459e+00 |257  0.00327 -3.65177e+00 |258 -0.00274 -3.66567e+00
259 -0.00147 -3.52846e+00 |260  0.00340 -3.46610e+00 |261  0.01767 -3.30393e+00
262 -0.01672 -3.16457e+00 |263  0.00618 -2.86361e+00 |264 -0.00007 -3.25741e+00
265 -0.02525 -3.64448e+00 |266  0.01220 -3.54689e+00 |267 -0.01064 -3.46512e+00
268  0.00013 -3.67913e+00 |269 -0.00128 -3.88591e+00 |270  0.00308 -4.00974e+00
271 -0.00221 -4.25990e+00 |272  0.00177 -4.39145e+00 |273  0.00057 -4.31837e+00
274  0.00384 -4.59477e+00 |275 -0.00008 -4.71095e+00 |276 -0.00201 -4.62595e+00
277  0.00037 -4.84554e+00 |278  0.00157 -4.86212e+00 |279  0.00249 -4.78854e+00
280  0.00578 -4.71192e+00 |281 -0.01413 -4.75336e+00 |282  0.00745 -5.09251e+00
283 -0.00219 -5.39241e+00 |284  0.00013 -5.57832e+00 |285  0.00401 -5.64749e+00
286 -0.00258 -5.52360e+00 |287 -0.00078 -5.61533e+00 |288 -0.00247 -5.52194e+00
289  0.00739 -5.50458e+00 |290  0.00592 -5.55630e+00 |291 -0.00772 -5.36114e+00
292 -0.00021 -5.39215e+00 |293  0.00232 -5.31194e+00 |294  0.00713 -5.24830e+00
295 -0.00919 -4.90263e+00 |296 -0.00354 -4.90012e+00 |297 -0.00099 -4.83681e+00
298 -0.00145 -4.72011e+00 |299  0.00606 -4.61694e+00 |300  0.00176 -4.41188e+00
301 -0.00645 -4.43086e+00 |302  0.00374 -4.24224e+00 |303 -0.00316 -4.01790e+00
304  0.00415 -3.92847e+00 |305 -0.00139 -3.43105e+00 |306  0.00051 -2.91257e+00
307 -0.00384 -2.71807e+00 |308  0.00789 -2.39283e+00 |309 -0.00221 -2.05835e+00
310 -0.00464 -1.84160e+00 |311  0.00669 -1.65633e+00 |312  0.00481 -1.36456e+00
313  0.00237 -1.18838e+00 |314 -0.00988 -1.34264e+00 |315  0.00270 -1.32052e+00
316  0.00100 -1.12025e+00 |317  0.00039 -8.32693e-01 |318  0.00011 -8.30825e-01
319  0.00071 -9.18145e-01 |320 -0.00534 -7.77909e-01 |321  0.01660 -4.36820e-01
322  0.00001  1.27867e-03 |323  0.00000  4.09353e-04 |
323 variables; iteration 460; function evaluation 513; phase 5
Function value 2.9967625e+03; maximum gradient component mag 2.4549e+00
Var    Value     Gradient |Var    Value     Gradient |Var    Value     Gradient
  1 -0.03375  2.45494e+00 |  2  0.04132 -5.06020e-03 |  3  0.13334  1.28619e-02
  4 -0.03166  4.16014e-03 |  5 -0.07774  1.97872e-03 |  6  0.05367  6.49215e-03
  7  0.04280  6.35270e-03 |  8 -0.00182  2.93362e-04 |  9  0.04819  7.15979e-03
 10  0.01713 -1.57792e-02 | 11  0.21547  1.85139e-03 | 12 -0.12433 -2.06238e-02
 13 -0.04251 -1.96372e-02 | 14 -0.15871 -1.91312e-02 | 15 -0.17702 -1.76271e-02
 16  0.23893  8.04140e-02 | 17  0.00125 -1.81888e-02 | 18 -0.11075 -1.95530e-02
 19 -0.04942 -1.23370e-03 | 20 -0.01356  7.02742e-03 | 21 -0.09704 -8.20195e-03
 22  0.03485  3.51116e-02 | 23 -0.12312 -1.51584e-02 | 24 -0.03646  3.36529e-04
 25  0.00912  1.30899e-02 | 26  0.02225  4.02948e-03 | 27 -0.11525 -2.07698e-02
 28  0.01411 -6.62544e-03 | 29  0.05349  6.56603e-02 | 30 -0.08388  3.70496e-03
 31 -0.18915 -1.52301e-02 | 32  0.03821  3.27229e-02 | 33  0.05097 -4.79343e-03
 34  0.05678  2.12021e-02 | 35  0.04383  3.27014e-02 | 36 -0.04700 -3.15072e-03
 37 -0.01916  2.39693e-02 | 38  0.06148  2.42327e-03 | 39 -0.06616 -3.86974e-02
 40  0.21424  7.60315e-02 | 41  0.02179 -4.81209e-02 | 42  0.08190  1.40760e-02
 43 -0.06455 -5.14837e-02 | 44  0.17669  2.25441e-02 | 45 -0.03827 -1.11587e-02
 46 -0.03182 -4.33648e-02 | 47 -0.01470 -2.07241e-02 | 48 -0.09092 -5.79957e-03
 49  0.11413  2.57236e-02 | 50  0.01051 -4.16785e-02 | 51 -0.00002 -1.25165e-02
 52  0.01899 -1.96948e-03 | 53 -0.03567 -3.99389e-02 | 54  0.08263  2.23290e-02
 55  0.00438  1.46348e-02 | 56 -0.05106 -2.63019e-03 | 57 -0.05584  1.63231e-02
 58  0.08511  1.25558e-01 | 59 -0.03567 -7.84200e-03 | 60  0.02151 -3.45924e-02
 61  0.00249 -2.70097e-03 | 62  0.06738  3.52887e-02 | 63  0.09973  4.16189e-02
 64 -0.06290  1.25111e-02 | 65 -0.01264 -8.95757e-03 | 66  0.04270  2.68141e-02
 67  0.01036 -6.71817e-04 | 68 -0.04263 -3.84174e-02 | 69  0.03477 -4.95603e-02
 70  0.01041 -1.97380e-02 | 71  0.15248  2.46513e-02 | 72 -0.05589 -3.11296e-02
 73 -0.02296 -4.68528e-02 | 74 -0.03350 -4.90041e-03 | 75  0.00102 -4.11703e-02
 76 -0.52430 -8.72273e-03 | 77 -0.66054  8.54710e-04 | 78 -0.80502 -7.65368e-03
 79 -0.70471 -1.19880e-02 | 80 -1.24607  6.19803e-03 | 81 -0.76978 -1.68547e-02
 82 -0.82232 -7.64118e-03 | 83 -0.84935  5.15040e-03 | 84 -0.82803 -6.61652e-03
 85 -0.73966 -6.13779e-03 | 86 -0.81847 -1.67034e-04 | 87 -0.81186 -4.04572e-03
 88 -0.79288 -1.27999e-02 | 89 -1.20082  1.82100e-02 | 90 -0.80845 -5.11211e-03
 91 -0.81115 -1.65729e-03 | 92 -1.21251 -9.48893e-04 | 93 -1.20173 -3.08106e-02
 94 -0.79323 -1.30970e-02 | 95 -0.84773  5.33380e-03 | 96 -0.84957  1.03641e-02
 97 -0.86919  2.06004e-02 | 98 -0.78888 -3.96667e-06 | 99 -0.78888 -3.96667e-06
100  0.73456 -2.51376e-01 |101  0.27149 -3.48903e-01 |102  0.20326 -1.03938e-01
103  0.09010 -1.14291e-01 |104 -0.16719  5.76506e-02 |105 -0.20602  1.11517e-01
106 -0.16890  1.26539e-01 |107  0.00060  2.21612e+00 |108  0.16828  5.48809e-01
109 -0.02487  1.31993e-01 |110  0.17428  5.49561e-02 |111 -0.06464  8.16579e-03
112  0.54043  3.54587e-03 |113 -0.05079  4.24657e-02 |114 -0.34164 -3.45234e-03
115 -0.20087  3.62972e-02 |116 -0.24572  2.38438e-02 |117 -0.25589  5.26667e-03
118  1.89742 -2.21844e-03 |119  2.17334  7.20557e-04 |120  0.00111 -2.38549e+00
121  0.00031 -2.40132e+00 |122 -0.00014 -2.40617e+00 |123 -0.00582 -2.43878e+00
124 -0.00611 -2.43652e+00 |125 -0.00652 -2.44915e+00 |126 -0.00688 -2.44258e+00
127 -0.00763 -2.43901e+00 |128  0.00877 -2.38680e+00 |129 -0.00291 -2.38099e+00
130 -0.00663 -2.38223e+00 |131 -0.02020 -2.35483e+00 |132  0.00187 -2.27801e+00
133 -0.01013 -2.25420e+00 |134  0.00726 -2.16041e+00 |135  0.00632 -2.13912e+00
136 -0.00399 -2.12031e+00 |137  0.01640 -2.07585e+00 |138 -0.01566 -2.07273e+00
139 -0.01457 -2.06574e+00 |140  0.00892 -2.03041e+00 |141  0.02034 -1.91405e+00
142 -0.00394 -1.90078e+00 |143 -0.02058 -1.88514e+00 |144  0.01985 -1.79864e+00
145 -0.02352 -1.87196e+00 |146  0.02557 -1.76389e+00 |147  0.00156 -1.72493e+00
148  0.00279 -1.74372e+00 |149 -0.00900 -1.72857e+00 |150  0.01256 -1.61791e+00
151  0.02232 -1.60392e+00 |152 -0.02543 -1.62346e+00 |153 -0.02055 -1.62823e+00
154  0.00578 -1.58661e+00 |155  0.00386 -1.57486e+00 |156  0.00333 -1.50458e+00
157 -0.02154 -1.50356e+00 |158 -0.01132 -1.48959e+00 |159  0.02749 -1.33634e+00
160 -0.00970 -1.33410e+00 |161  0.01798 -1.23366e+00 |162 -0.00722 -1.22015e+00
163 -0.01889 -1.20297e+00 |164  0.00808 -1.12566e+00 |165  0.00406 -1.09578e+00
166 -0.00349 -1.03664e+00 |167  0.00531 -9.84890e-01 |168 -0.01847 -9.73388e-01
169 -0.00159 -9.08802e-01 |170  0.02262 -6.01697e-01 |171 -0.02927 -5.81533e-01
172  0.01046 -4.27876e-01 |173  0.02305 -3.24257e-01 |174  0.02175 -3.09101e-01
175 -0.00255 -3.28590e-01 |176 -0.00628 -3.29021e-01 |177 -0.02005 -3.31159e-01
178  0.00313 -2.95094e-01 |179 -0.00232 -2.69844e-01 |180  0.00279 -2.50972e-01
181 -0.00463 -2.15441e-01 |182  0.00501 -1.72170e-01 |183 -0.00609 -9.61849e-02
184 -0.01219 -7.88403e-02 |185  0.00281 -4.11626e-02 |186  0.00000  8.03192e-04
187  0.00001  1.97986e-03 |188  0.00021 -1.55216e+00 |189  0.00232 -1.57241e+00
190 -0.01045 -1.63420e+00 |191  0.00866 -1.66561e+00 |192  0.00655 -1.66413e+00
193 -0.02457 -1.70066e+00 |194  0.01847 -1.65457e+00 |195  0.00012 -1.65847e+00
196 -0.02839 -1.58484e+00 |197  0.01805 -1.55725e+00 |198 -0.00266 -1.58279e+00
199 -0.00083 -1.54826e+00 |200 -0.00140 -1.46677e+00 |201  0.00830 -1.46286e+00
202 -0.00996 -1.39603e+00 |203  0.00425 -1.40957e+00 |204  0.00284 -1.44548e+00
205  0.00146 -1.39477e+00 |206 -0.00670 -1.40314e+00 |207  0.01014 -1.39352e+00
208 -0.00969 -1.42545e+00 |209  0.00338 -1.42088e+00 |210 -0.00010 -1.38821e+00
211  0.01015 -1.35334e+00 |212 -0.02419 -1.25315e+00 |213  0.01638 -1.34664e+00
214 -0.00770 -1.31155e+00 |215  0.00383 -1.21977e+00 |216 -0.00070 -1.25044e+00
217  0.00683 -1.21090e+00 |218 -0.00770 -1.07855e+00 |219 -0.00022 -1.06360e+00
220  0.01236 -1.09314e+00 |221 -0.00508 -1.12941e+00 |222 -0.00246 -1.05688e+00
223  0.00076 -1.03560e+00 |224 -0.00042 -9.24631e-01 |225  0.00222 -8.94677e-01
226 -0.01680 -8.96860e-01 |227  0.00871 -7.57019e-01 |228  0.00790 -7.22422e-01
229 -0.00740 -6.62895e-01 |230  0.00733 -6.69144e-01 |231 -0.00391 -6.55073e-01
232 -0.00536 -5.80823e-01 |233  0.00637 -5.66330e-01 |234 -0.00452 -5.18484e-01
235  0.00312 -5.23079e-01 |236  0.00174 -5.31064e-01 |237 -0.00460 -5.02100e-01
238 -0.00705 -3.00138e-01 |239  0.01255 -3.24118e-01 |240 -0.00969 -2.04915e-01
241  0.00338 -1.55422e-01 |242  0.01230 -1.46061e-01 |243  0.00521 -1.92826e-01
244 -0.00959 -2.04912e-01 |245 -0.01342 -2.22715e-01 |246  0.01077 -1.61988e-01
247  0.00477 -1.30010e-01 |248 -0.00681 -8.51250e-02 |249 -0.00177 -6.61289e-02
250  0.00371 -6.77429e-02 |251 -0.00487  1.99891e-02 |252  0.00637 -3.47800e-02
253 -0.02280 -3.07892e-03 |254  0.00000  4.58550e-04 |255  0.00001  1.94766e-03
256  0.00003 -4.54205e-01 |257  0.00327 -4.72747e-01 |258 -0.00274 -5.71060e-01
259 -0.00148 -5.83400e-01 |260  0.00340 -5.73455e-01 |261  0.01767 -6.19887e-01
262 -0.01672 -5.67674e-01 |263  0.00617 -5.93856e-01 |264 -0.00012 -5.38228e-01
265 -0.02518 -5.20831e-01 |266  0.01220 -4.93607e-01 |267 -0.01064 -4.81628e-01
268  0.00012 -4.34469e-01 |269 -0.00128 -4.33550e-01 |270  0.00308 -4.24941e-01
271 -0.00221 -4.51159e-01 |272  0.00178 -4.72131e-01 |273  0.00056 -4.39133e-01
274  0.00384 -5.02067e-01 |275 -0.00008 -5.05185e-01 |276 -0.00200 -4.99987e-01
277  0.00037 -5.26667e-01 |278  0.00157 -5.48223e-01 |279  0.00249 -5.16141e-01
280  0.00578 -5.05313e-01 |281 -0.01414 -5.85779e-01 |282  0.00746 -5.94478e-01
283 -0.00219 -5.95750e-01 |284  0.00014 -6.39263e-01 |285  0.00401 -6.33161e-01
286 -0.00257 -5.33338e-01 |287 -0.00078 -5.50943e-01 |288 -0.00248 -5.83747e-01
289  0.00740 -5.98869e-01 |290  0.00592 -5.87342e-01 |291 -0.00772 -5.76868e-01
292 -0.00021 -5.05185e-01 |293  0.00231 -5.04471e-01 |294  0.00713 -5.35391e-01
295 -0.00919 -3.66536e-01 |296 -0.00354 -3.25181e-01 |297 -0.00099 -3.31129e-01
298 -0.00145 -3.32391e-01 |299  0.00606 -3.38579e-01 |300  0.00176 -3.08259e-01
301 -0.00645 -3.03923e-01 |302  0.00374 -2.80980e-01 |303 -0.00316 -2.73685e-01
304  0.00415 -2.46090e-01 |305 -0.00139 -2.46374e-01 |306  0.00051 -9.57660e-02
307 -0.00384 -1.32536e-01 |308  0.00789 -1.06048e-01 |309 -0.00221 -5.58562e-02
310 -0.00464 -3.98227e-02 |311  0.00670 -8.88668e-02 |312  0.00480 -1.11114e-01
313  0.00237 -1.63060e-01 |314 -0.00988 -1.08680e-01 |315  0.00270 -8.22401e-02
316  0.00101 -4.07040e-02 |317  0.00039 -2.89656e-02 |318  0.00011 -3.55731e-03
319  0.00072  2.92680e-02 |320 -0.00534 -1.39192e-03 |321  0.01661 -1.09529e-02
322 -0.00000 -1.54631e-05 |323 -0.00000 -1.32028e-04 |
323 variables; iteration 480; function evaluation 533; phase 5
Function value 2.9967623e+03; maximum gradient component mag 3.4038e-01
Var    Value     Gradient |Var    Value     Gradient |Var    Value     Gradient
  1 -0.03375  3.40376e-01 |  2  0.04135  1.96174e-04 |  3  0.13333  2.60041e-04
  4 -0.03166  8.63871e-06 |  5 -0.07774  4.61973e-05 |  6  0.05367  5.95403e-04
  7  0.04280  1.14458e-04 |  8 -0.00182  3.74508e-04 |  9  0.04819  2.73131e-04
 10  0.01712 -3.14829e-03 | 11  0.21547 -1.33374e-03 | 12 -0.12433 -3.17627e-03
 13 -0.04250 -3.24862e-03 | 14 -0.15871 -3.18209e-03 | 15 -0.17702 -2.97802e-03
 16  0.23892 -4.60980e-04 | 17  0.00125 -2.86093e-03 | 18 -0.11075 -2.94323e-03
 19 -0.04943 -2.61428e-03 | 20 -0.01356 -1.82736e-03 | 21 -0.09705 -2.41174e-03
 22  0.03485 -1.32777e-03 | 23 -0.12312 -2.49699e-03 | 24 -0.03646 -1.79719e-03
 25  0.00912 -8.21432e-04 | 26  0.02226 -1.24857e-03 | 27 -0.11525 -1.89739e-03
 28  0.01411 -7.15933e-05 | 29  0.05349  9.56219e-04 | 30 -0.08389 -1.25773e-03
 31 -0.18915 -2.48332e-03 | 32  0.03820  1.43102e-03 | 33  0.05097  8.68656e-04
 34  0.05678  1.99931e-03 | 35  0.04382  2.46796e-03 | 36 -0.04700  1.06638e-04
 37 -0.01917 -7.80317e-04 | 38  0.06148  4.28756e-03 | 39 -0.06613  8.05729e-04
 40  0.21424  7.21918e-03 | 41  0.02180  3.64540e-03 | 42  0.08189  3.76158e-03
 43 -0.06454 -1.25114e-04 | 44  0.17669  1.85267e-02 | 45 -0.03827  1.89075e-03
 46 -0.03181  2.84071e-03 | 47 -0.01470  3.72432e-03 | 48 -0.09093  8.59709e-05
 49  0.11412  1.15164e-02 | 50  0.01051  3.50194e-03 | 51 -0.00002  2.73083e-03
 52  0.01899  3.44453e-03 | 53 -0.03567 -1.52886e-04 | 54  0.08263  6.81063e-03
 55  0.00438  2.40798e-03 | 56 -0.05106 -7.26477e-04 | 57 -0.05584 -1.22498e-04
 58  0.08511  2.37513e-03 | 59 -0.03567 -1.23037e-03 | 60  0.02151  1.10883e-03
 61  0.00249 -6.44291e-04 | 62  0.06738 -1.19129e-03 | 63  0.09973 -1.05882e-04
 64 -0.06290 -3.70772e-03 | 65 -0.01264 -1.82507e-03 | 66  0.04269 -3.18354e-03
 67  0.01036 -2.74438e-03 | 68 -0.04263 -3.44816e-03 | 69  0.03477 -3.70717e-03
 70  0.01041 -3.19225e-03 | 71  0.15248 -5.00929e-03 | 72 -0.05588 -3.43171e-03
 73 -0.02296 -2.63279e-03 | 74 -0.03350 -3.86650e-03 | 75  0.00102 -3.43990e-03
 76 -0.52429 -1.54085e-04 | 77 -0.66054 -8.52026e-04 | 78 -0.80502 -8.12434e-04
 79 -0.70471  1.89162e-04 | 80 -1.24607 -1.69002e-04 | 81 -0.76977 -1.19350e-03
 82 -0.82232 -3.64318e-04 | 83 -0.84936 -2.22279e-04 | 84 -0.82803 -1.69492e-04
 85 -0.73966 -2.19947e-04 | 86 -0.81848 -1.60800e-04 | 87 -0.81186  2.78103e-04
 88 -0.79287 -7.01157e-04 | 89 -1.20083 -8.67623e-04 | 90 -0.80845 -1.57321e-04
 91 -0.81115  2.75678e-04 | 92 -1.21251  1.68744e-04 | 93 -1.20172 -6.42582e-04
 94 -0.79323 -2.86641e-04 | 95 -0.84773  3.18872e-04 | 96 -0.84957  3.80756e-04
 97 -0.86920  1.73914e-04 | 98 -0.78411 -3.87215e-06 | 99 -0.78411 -3.87215e-06
100  0.75827 -5.87649e-03 |101  0.27228 -1.41193e-02 |102  0.20326 -4.90718e-03
103  0.09010  3.04681e-03 |104 -0.16719  1.14328e-03 |105 -0.20602  3.17494e-03
106 -0.16890  4.87010e-03 |107  0.00059 -8.39825e-02 |108  0.16828 -3.15919e-02
109 -0.02487 -3.23233e-03 |110  0.17428  6.52222e-04 |111 -0.06469  1.10029e-05
112  0.55089  3.67210e-03 |113 -0.05079  2.72019e-03 |114 -0.34164  1.39288e-02
115 -0.20087  1.09404e-02 |116 -0.24572  1.42070e-02 |117 -0.25589  4.58733e-04
118  1.89742 -1.92495e-05 |119  2.17333 -1.04393e-04 |120  0.00043 -4.79971e-02
121 -0.00022 -4.79558e-02 |122 -0.00061 -4.79283e-02 |123 -0.00593 -4.75677e-02
124 -0.00622 -4.70505e-02 |125 -0.00657 -4.71415e-02 |126 -0.00695 -4.71765e-02
127 -0.00770 -4.73048e-02 |128  0.00873 -4.85696e-02 |129 -0.00292 -4.85284e-02
130 -0.00662 -4.82878e-02 |131 -0.02023 -4.77268e-02 |132  0.00186 -4.65000e-02
133 -0.01013 -4.62941e-02 |134  0.00726 -4.48858e-02 |135  0.00632 -4.45645e-02
136 -0.00399 -4.40630e-02 |137  0.01640 -4.37285e-02 |138 -0.01566 -4.35701e-02
139 -0.01456 -4.32891e-02 |140  0.00892 -4.23407e-02 |141  0.02035 -4.00922e-02
142 -0.00394 -4.08523e-02 |143 -0.02060 -4.14202e-02 |144  0.01983 -3.94524e-02
145 -0.02350 -3.72753e-02 |146  0.02557 -3.43845e-02 |147  0.00154 -3.26014e-02
148  0.00281 -3.26567e-02 |149 -0.00898 -3.32582e-02 |150  0.01254 -3.40273e-02
151  0.02229 -3.38491e-02 |152 -0.02542 -3.36761e-02 |153 -0.02054 -3.32757e-02
154  0.00578 -3.27110e-02 |155  0.00385 -3.24337e-02 |156  0.00333 -3.08765e-02
157 -0.02154 -3.07495e-02 |158 -0.01132 -3.00161e-02 |159  0.02748 -2.69192e-02
160 -0.00969 -2.64286e-02 |161  0.01798 -2.29481e-02 |162 -0.00722 -2.22646e-02
163 -0.01890 -2.15155e-02 |164  0.00808 -1.85672e-02 |165  0.00406 -1.74491e-02
166 -0.00349 -1.73034e-02 |167  0.00531 -1.69532e-02 |168 -0.01847 -1.62751e-02
169 -0.00159 -1.50981e-02 |170  0.02262 -7.92872e-03 |171 -0.02927 -7.51272e-03
172  0.01046 -4.47966e-03 |173  0.02304 -2.23273e-03 |174  0.02173 -1.86957e-03
175 -0.00255 -1.93835e-03 |176 -0.00627 -1.90133e-03 |177 -0.02003 -1.77332e-03
178  0.00313 -1.54585e-03 |179 -0.00231 -1.43996e-03 |180  0.00279 -1.18623e-03
181 -0.00463 -1.15608e-03 |182  0.00501 -7.09668e-04 |183 -0.00609 -1.25775e-03
184 -0.01219 -9.22715e-04 |185  0.00280 -6.10473e-04 |186  0.00000  1.00694e-05
187  0.00000  4.71392e-05 |188  0.00004 -6.23652e-02 |189  0.00232 -6.23911e-02
190 -0.01045 -6.30333e-02 |191  0.00866 -6.30796e-02 |192  0.00652 -6.18307e-02
193 -0.02454 -6.20518e-02 |194  0.01846 -6.09868e-02 |195  0.00013 -6.07122e-02
196 -0.02839 -6.15091e-02 |197  0.01805 -6.04414e-02 |198 -0.00265 -5.98131e-02
199 -0.00083 -5.94126e-02 |200 -0.00140 -5.92962e-02 |201  0.00830 -6.02391e-02
202 -0.00996 -5.86141e-02 |203  0.00425 -5.89414e-02 |204  0.00284 -5.91758e-02
205  0.00146 -6.03345e-02 |206 -0.00670 -6.12310e-02 |207  0.01014 -6.21849e-02
208 -0.00969 -6.21231e-02 |209  0.00338 -6.16187e-02 |210 -0.00010 -6.56117e-02
211  0.01015 -6.64007e-02 |212 -0.02419 -6.60558e-02 |213  0.01638 -6.59415e-02
214 -0.00770 -6.48444e-02 |215  0.00383 -6.29146e-02 |216 -0.00069 -6.37857e-02
217  0.00683 -6.45010e-02 |218 -0.00770 -6.63824e-02 |219 -0.00022 -6.70998e-02
220  0.01235 -6.70077e-02 |221 -0.00508 -6.55945e-02 |222 -0.00246 -6.38580e-02
223  0.00077 -6.26149e-02 |224 -0.00042 -6.05387e-02 |225  0.00222 -5.98157e-02
226 -0.01681 -5.73049e-02 |227  0.00872 -5.31771e-02 |228  0.00790 -5.10090e-02
229 -0.00740 -4.70421e-02 |230  0.00733 -4.49556e-02 |231 -0.00391 -4.32216e-02
232 -0.00536 -3.94026e-02 |233  0.00637 -3.67883e-02 |234 -0.00452 -3.64886e-02
235  0.00312 -3.52733e-02 |236  0.00174 -3.19874e-02 |237 -0.00460 -2.93795e-02
238 -0.00705 -2.28906e-02 |239  0.01255 -1.99879e-02 |240 -0.00969 -1.72281e-02
241  0.00338 -1.34163e-02 |242  0.01230 -1.10186e-02 |243  0.00521 -1.02574e-02
244 -0.00959 -1.08532e-02 |245 -0.01342 -1.00460e-02 |246  0.01077 -8.65441e-03
247  0.00477 -6.63938e-03 |248 -0.00681 -5.22427e-03 |249 -0.00177 -4.28219e-03
250  0.00371 -3.17948e-03 |251 -0.00487 -3.68024e-03 |252  0.00637 -2.47360e-03
253 -0.02280 -1.76224e-03 |254 -0.00000 -1.63023e-05 |255  0.00000  5.34502e-05
256  0.00003 -1.96137e-02 |257  0.00327 -2.11104e-02 |258 -0.00274 -2.18490e-02
259 -0.00148 -2.22861e-02 |260  0.00340 -2.17467e-02 |261  0.01767 -2.18970e-02
262 -0.01672 -2.12381e-02 |263  0.00617 -2.07638e-02 |264 -0.00012 -2.31085e-02
265 -0.02518 -2.25120e-02 |266  0.01220 -2.18650e-02 |267 -0.01064 -2.17772e-02
268  0.00012 -2.22200e-02 |269 -0.00128 -2.34898e-02 |270  0.00308 -2.32426e-02
271 -0.00221 -2.33052e-02 |272  0.00178 -2.41476e-02 |273  0.00056 -2.64388e-02
274  0.00384 -2.71134e-02 |275 -0.00008 -2.89014e-02 |276 -0.00201 -2.94880e-02
277  0.00037 -3.04845e-02 |278  0.00157 -3.40181e-02 |279  0.00249 -3.67582e-02
280  0.00578 -3.69973e-02 |281 -0.01415 -3.78059e-02 |282  0.00746 -3.83516e-02
283 -0.00219 -3.76734e-02 |284  0.00014 -3.98942e-02 |285  0.00401 -4.27135e-02
286 -0.00258 -4.58660e-02 |287 -0.00078 -4.58114e-02 |288 -0.00247 -4.77090e-02
289  0.00740 -4.64665e-02 |290  0.00592 -4.60484e-02 |291 -0.00772 -4.67327e-02
292 -0.00021 -4.44861e-02 |293  0.00231 -4.41189e-02 |294  0.00714 -4.22433e-02
295 -0.00919 -3.93051e-02 |296 -0.00354 -3.79208e-02 |297 -0.00099 -3.56398e-02
298 -0.00145 -3.41239e-02 |299  0.00606 -3.27124e-02 |300  0.00176 -3.04604e-02
301 -0.00645 -2.99071e-02 |302  0.00374 -2.87486e-02 |303 -0.00316 -2.70673e-02
304  0.00415 -2.66515e-02 |305 -0.00139 -2.47430e-02 |306  0.00051 -1.96668e-02
307 -0.00384 -1.77053e-02 |308  0.00789 -1.68610e-02 |309 -0.00221 -1.40687e-02
310 -0.00464 -1.22203e-02 |311  0.00670 -1.09276e-02 |312  0.00480 -1.08625e-02
313  0.00237 -1.15017e-02 |314 -0.00988 -9.72800e-03 |315  0.00270 -7.13077e-03
316  0.00101 -5.54497e-03 |317  0.00039 -3.38301e-03 |318  0.00011 -2.75037e-03
319  0.00072 -3.12162e-03 |320 -0.00534 -2.56939e-03 |321  0.01661 -1.29309e-03
322 -0.00000 -3.52972e-05 |323  0.00000  4.10325e-05 |
323 variables; iteration 500; function evaluation 553; phase 5
Function value 2.9967622e+03; maximum gradient component mag -2.2914e+00
Var    Value     Gradient |Var    Value     Gradient |Var    Value     Gradient
  1 -0.03375 -1.59905e+00 |  2  0.04124 -1.82819e-02 |  3  0.13339  4.92875e-02
  4 -0.03170 -2.35843e-04 |  5 -0.07774  1.22651e-03 |  6  0.05367  4.75584e-03
  7  0.04280 -6.21315e-04 |  8 -0.00182 -2.76847e-03 |  9  0.04819 -9.96327e-03
 10  0.01713  3.74982e-02 | 11  0.21547  1.78079e-02 | 12 -0.12433  1.01407e-02
 13 -0.04251  3.13310e-04 | 14 -0.15868  1.56809e-02 | 15 -0.17705 -9.19489e-03
 16  0.23893 -7.16433e-02 | 17  0.00125 -1.35679e-02 | 18 -0.11074  3.09377e-03
 19 -0.04943 -1.46245e-02 | 20 -0.01356 -1.61444e-04 | 21 -0.09704  9.29877e-03
 22  0.03486  4.38744e-02 | 23 -0.12312 -1.10796e-02 | 24 -0.03646  1.24902e-02
 25  0.00913  2.03013e-02 | 26  0.02226  7.03695e-03 | 27 -0.11526 -4.28338e-03
 28  0.01410 -1.28466e-02 | 29  0.05350  3.89979e-02 | 30 -0.08389  3.77814e-02
 31 -0.18915  1.16476e-02 | 32  0.03820  2.83590e-02 | 33  0.05097  1.10167e-02
 34  0.05678  3.17964e-02 | 35  0.04382  2.14315e-02 | 36 -0.04701  6.18313e-03
 37 -0.01915  1.99160e-02 | 38  0.06149  1.94661e-02 | 39 -0.06616 -8.91380e-03
 40  0.21424  4.63887e-02 | 41  0.02180  4.35244e-02 | 42  0.08189 -4.92954e-03
 43 -0.06454  7.00643e-02 | 44  0.17669  6.81875e-02 | 45 -0.03828 -9.00263e-02
 46 -0.03181  2.29756e-02 | 47 -0.01470 -3.36330e-02 | 48 -0.09092  7.86771e-02
 49  0.11412 -2.66613e-02 | 50  0.01051 -7.48285e-02 | 51 -0.00002 -3.65733e-02
 52  0.01899  5.71814e-02 | 53 -0.03566  3.89842e-02 | 54  0.08263 -9.97265e-02
 55  0.00438 -5.06857e-02 | 56 -0.05105  5.39081e-02 | 57 -0.05584 -6.40603e-02
 58  0.08511 -4.42290e-02 | 59 -0.03567  1.56837e-02 | 60  0.02151 -7.72068e-02
 61  0.00249 -4.86143e-03 | 62  0.06738 -2.55083e-02 | 63  0.09973  8.69585e-04
 64 -0.06290  1.54250e-02 | 65 -0.01264  4.53993e-03 | 66  0.04270  1.31067e-01
 67  0.01036 -7.51977e-02 | 68 -0.04263 -8.64205e-03 | 69  0.03477  2.42747e-02
 70  0.01041  2.74157e-02 | 71  0.15248 -1.14778e-01 | 72 -0.05588  1.25830e-02
 73 -0.02296  4.06996e-02 | 74 -0.03351 -6.51552e-02 | 75  0.00101 -3.24243e-02
 76 -0.52430 -1.79403e-02 | 77 -0.66054  6.57326e-03 | 78 -0.80502  1.90295e-03
 79 -0.70470  1.84092e-02 | 80 -1.24605  1.82950e-02 | 81 -0.76977 -4.34424e-03
 82 -0.82231  1.78021e-02 | 83 -0.84934  3.40059e-02 | 84 -0.82803  1.40081e-03
 85 -0.73968 -1.53907e-02 | 86 -0.81846  3.95536e-02 | 87 -0.81185  1.75572e-02
 88 -0.79289 -1.21219e-02 | 89 -1.20082  1.16285e-02 | 90 -0.80845 -6.27020e-03
 91 -0.81116 -7.10450e-03 | 92 -1.21251 -1.59532e-04 | 93 -1.20174 -5.24391e-02
 94 -0.79324 -3.64533e-02 | 95 -0.84773 -6.97632e-03 | 96 -0.84956  3.21811e-03
 97 -0.86918  5.56718e-02 | 98 -0.24847 -3.10329e-07 | 99 -0.24847 -5.12817e-07
100  0.75764 -1.20752e-01 |101  0.27088  5.98620e-02 |102  0.20363 -1.77834e-01
103  0.09010  1.13074e-01 |104 -0.16719  4.44483e-02 |105 -0.20601  9.89040e-02
106 -0.16890  3.34964e-02 |107  0.00059 -5.34328e-01 |108  0.16829  1.54571e+00
109 -0.02487  7.63099e-01 |110  0.17428  2.66986e-01 |111 -0.06460  2.01827e-02
112  0.47369  2.70297e-03 |113 -0.05079 -2.06568e-02 |114 -0.34164 -7.09654e-02
115 -0.20087 -9.35411e-02 |116 -0.24577 -7.17782e-02 |117 -0.25584  5.87425e-03
118  1.89743 -3.94895e-03 |119  2.17333 -1.30019e-02 |120  0.00043 -1.33658e+00
121 -0.00026 -1.34415e+00 |122 -0.00063 -1.33900e+00 |123 -0.00596 -1.32858e+00
124 -0.00619 -1.31341e+00 |125 -0.00662 -1.33280e+00 |126 -0.00684 -1.29147e+00
127 -0.00774 -1.32639e+00 |128  0.00888 -1.23766e+00 |129 -0.00282 -1.26185e+00
130 -0.00663 -1.30020e+00 |131 -0.02035 -1.36076e+00 |132  0.00183 -1.46562e+00
133 -0.01013 -1.44095e+00 |134  0.00725 -1.39288e+00 |135  0.00632 -1.36775e+00
136 -0.00398 -1.30937e+00 |137  0.01637 -1.21992e+00 |138 -0.01565 -1.13993e+00
139 -0.01456 -1.07234e+00 |140  0.00894 -8.40923e-01 |141  0.02033 -6.80737e-01
142 -0.00391 -6.51181e-01 |143 -0.02062 -6.58697e-01 |144  0.01985 -4.69912e-01
145 -0.02351 -4.62497e-01 |146  0.02553 -3.10160e-01 |147  0.00154 -1.67775e-01
148  0.00287 -1.01139e-01 |149 -0.00897 -1.37592e-01 |150  0.01250 -2.36007e-01
151  0.02226 -2.20279e-01 |152 -0.02546 -1.80377e-01 |153 -0.02048 -9.85936e-02
154  0.00580 -2.38810e-02 |155  0.00389 -1.41903e-02 |156  0.00335 -2.01124e-01
157 -0.02158 -2.55740e-01 |158 -0.01134 -2.95496e-01 |159  0.02749 -2.64465e-01
160 -0.00970 -2.90438e-01 |161  0.01799 -2.93122e-01 |162 -0.00722 -3.29352e-01
163 -0.01890 -3.46544e-01 |164  0.00808 -4.09742e-01 |165  0.00407 -4.56154e-01
166 -0.00351 -6.45451e-01 |167  0.00532 -6.42158e-01 |168 -0.01848 -6.77019e-01
169 -0.00158 -6.09906e-01 |170  0.02262 -5.34555e-01 |171 -0.02927 -5.27765e-01
172  0.01046 -4.84873e-01 |173  0.02303 -4.41872e-01 |174  0.02169 -3.90882e-01
175 -0.00254 -3.52238e-01 |176 -0.00625 -3.44760e-01 |177 -0.02001 -3.32828e-01
178  0.00313 -3.34273e-01 |179 -0.00232 -3.25825e-01 |180  0.00279 -3.15884e-01
181 -0.00463 -3.05065e-01 |182  0.00499 -2.95053e-01 |183 -0.00607 -1.08595e-01
184 -0.01219 -8.89248e-02 |185  0.00281 -4.72451e-02 |186 -0.00000 -4.72874e-04
187  0.00000  2.69743e-04 |188  0.00034  3.51375e-01 |189  0.00232  2.66777e-01
190 -0.01046  1.58325e-01 |191  0.00866  4.18751e-02 |192  0.00660 -2.54314e-01
193 -0.02462 -3.89121e-01 |194  0.01852 -4.04269e-01 |195  0.00010 -6.04165e-01
196 -0.02842 -6.50125e-01 |197  0.01806 -8.28860e-01 |198 -0.00265 -9.78849e-01
199 -0.00083 -1.11906e+00 |200 -0.00140 -1.28339e+00 |201  0.00830 -1.10474e+00
202 -0.00997 -1.16991e+00 |203  0.00425 -1.06449e+00 |204  0.00284 -1.05315e+00
205  0.00146 -9.25452e-01 |206 -0.00670 -7.02133e-01 |207  0.01014 -6.46688e-01
208 -0.00969 -5.43171e-01 |209  0.00338 -4.10537e-01 |210 -0.00010 -3.28383e-01
211  0.01015 -2.15479e-01 |212 -0.02419 -3.91448e-02 |213  0.01638  5.78299e-02
214 -0.00770  2.15950e-01 |215  0.00383  3.84216e-01 |216 -0.00069  4.75840e-01
217  0.00683  4.08211e-01 |218 -0.00770  1.58776e-01 |219 -0.00022  3.12144e-01
220  0.01236  3.80374e-01 |221 -0.00508  5.14935e-01 |222 -0.00246  5.76663e-01
223  0.00076  4.76711e-01 |224 -0.00043  2.88531e-01 |225  0.00222  1.21098e-01
226 -0.01681  9.62302e-02 |227  0.00872  1.64443e-01 |228  0.00790  1.62863e-01
229 -0.00740  9.76330e-02 |230  0.00733 -3.51700e-02 |231 -0.00391 -8.99893e-02
232 -0.00536 -1.32186e-01 |233  0.00637 -1.20792e-01 |234 -0.00452 -4.13377e-01
235  0.00312 -3.55804e-01 |236  0.00174 -3.12993e-01 |237 -0.00460 -2.06508e-01
238 -0.00705 -1.86660e-01 |239  0.01255 -1.90252e-01 |240 -0.00969 -1.89498e-01
241  0.00338 -1.27942e-01 |242  0.01230 -1.25183e-01 |243  0.00521 -9.70299e-02
244 -0.00959 -6.36886e-02 |245 -0.01341 -4.66434e-05 |246  0.01077 -4.18601e-02
247  0.00477 -1.58020e-01 |248 -0.00681 -2.34841e-01 |249 -0.00178 -2.85250e-01
250  0.00371 -2.51704e-01 |251 -0.00487 -8.79083e-02 |252  0.00637 -8.80624e-02
253 -0.02282 -3.26671e-02 |254  0.00000  3.87993e-04 |255  0.00000  5.22639e-04
256 -0.00006 -7.99584e-01 |257  0.00327 -8.83671e-01 |258 -0.00274 -9.94823e-01
259 -0.00148 -1.12079e+00 |260  0.00340 -1.19539e+00 |261  0.01768 -1.45398e+00
262 -0.01673 -1.51577e+00 |263  0.00617 -1.73371e+00 |264 -0.00012 -1.79217e+00
265 -0.02519 -2.01239e+00 |266  0.01220 -2.03912e+00 |267 -0.01064 -2.17004e+00
268  0.00012 -2.29141e+00 |269 -0.00128 -2.11196e+00 |270  0.00308 -2.08212e+00
271 -0.00221 -1.93499e+00 |272  0.00178 -1.79730e+00 |273  0.00056 -1.78030e+00
274  0.00384 -1.57342e+00 |275 -0.00008 -1.46737e+00 |276 -0.00201 -1.33189e+00
277  0.00037 -1.16204e+00 |278  0.00157 -1.03310e+00 |279  0.00249 -8.98717e-01
280  0.00578 -6.48470e-01 |281 -0.01415 -5.45683e-01 |282  0.00746 -4.10153e-01
283 -0.00219 -2.59858e-01 |284  0.00014 -1.27348e-01 |285  0.00401 -9.57380e-02
286 -0.00257 -3.08783e-01 |287 -0.00078 -1.97722e-01 |288 -0.00248 -9.86539e-02
289  0.00740  8.64888e-02 |290  0.00592  1.18552e-01 |291 -0.00772  1.09034e-01
292 -0.00021  6.60120e-02 |293  0.00231 -1.14129e-01 |294  0.00714 -3.28537e-02
295 -0.00919 -4.73873e-03 |296 -0.00354  5.33525e-03 |297 -0.00099 -1.31766e-01
298 -0.00145 -1.40435e-01 |299  0.00606 -1.06711e-01 |300  0.00176 -1.29896e-01
301 -0.00645 -9.78833e-02 |302  0.00374 -2.54572e-01 |303 -0.00316 -2.16588e-01
304  0.00415 -1.57857e-01 |305 -0.00139 -4.24089e-02 |306  0.00051  5.38085e-02
307 -0.00384  4.24160e-02 |308  0.00789  2.13250e-02 |309 -0.00221  1.11969e-01
310 -0.00464  1.26203e-01 |311  0.00670  1.21771e-01 |312  0.00480  2.03820e-01
313  0.00237  3.18554e-01 |314 -0.00988  2.82730e-01 |315  0.00271  2.26192e-01
316  0.00101  2.11945e-01 |317  0.00039  1.98218e-01 |318  0.00010  1.53998e-01
319  0.00072  2.32974e-01 |320 -0.00534  1.82635e-01 |321  0.01662  6.37602e-02
322  0.00001  1.38830e-03 |323 -0.00000 -4.08716e-04 |
323 variables; iteration 520; function evaluation 573; phase 5
Function value 2.9967620e+03; maximum gradient component mag -5.1744e-01
Var    Value     Gradient |Var    Value     Gradient |Var    Value     Gradient
  1 -0.03375 -5.17435e-01 |  2  0.04135 -1.46969e-04 |  3  0.13333 -3.19589e-03
  4 -0.03166 -4.25640e-04 |  5 -0.07774 -6.51338e-04 |  6  0.05367 -1.57062e-03
  7  0.04280 -1.99977e-03 |  8 -0.00182 -2.50963e-03 |  9  0.04819 -2.83241e-03
 10  0.01712  2.77164e-03 | 11  0.21547 -5.17341e-03 | 12 -0.12433  5.13739e-03
 13 -0.04250  3.39698e-03 | 14 -0.15871  4.15802e-03 | 15 -0.17702  4.62736e-03
 16  0.23892 -1.19476e-02 | 17  0.00125  1.11274e-03 | 18 -0.11074  3.47493e-03
 19 -0.04943  2.23459e-03 | 20 -0.01356  2.49652e-04 | 21 -0.09705  1.92827e-03
 22  0.03485 -3.77678e-03 | 23 -0.12312  2.08096e-03 | 24 -0.03646  3.51461e-04
 25  0.00912 -5.47516e-03 | 26  0.02226 -2.66457e-03 | 27 -0.11525  8.43168e-04
 28  0.01411 -4.62140e-03 | 29  0.05349 -8.97053e-03 | 30 -0.08389 -1.31062e-03
 31 -0.18915  3.66432e-03 | 32  0.03820 -3.44633e-03 | 33  0.05097 -5.05490e-03
 34  0.05678 -6.70918e-03 | 35  0.04382 -5.53101e-03 | 36 -0.04700 -7.34032e-04
 37 -0.01917  3.09170e-04 | 38  0.06148 -1.69028e-03 | 39 -0.06613  1.27066e-03
 40  0.21424 -6.18257e-03 | 41  0.02180 -4.21761e-03 | 42  0.08189  1.17754e-03
 43 -0.06455 -1.78750e-03 | 44  0.17669 -1.17339e-02 | 45 -0.03827  4.29314e-03
 46 -0.03181  6.26390e-03 | 47 -0.01470  3.23577e-04 | 48 -0.09093  3.20944e-03
 49  0.11412 -7.17633e-03 | 50  0.01051 -1.53725e-03 | 51 -0.00002  2.82051e-03
 52  0.01899 -1.40094e-03 | 53 -0.03567  2.36357e-03 | 54  0.08263 -4.74791e-05
 55  0.00438  3.85621e-03 | 56 -0.05106  2.36592e-03 | 57 -0.05584  1.54321e-03
 58  0.08511 -2.75143e-03 | 59 -0.03567  1.73120e-03 | 60  0.02151 -3.63331e-03
 61  0.00249  1.04220e-03 | 62  0.06738  1.68550e-05 | 63  0.09973 -7.15514e-03
 64 -0.06290  8.05200e-03 | 65 -0.01264  4.33352e-03 | 66  0.04269 -5.38173e-03
 67  0.01036  7.10256e-03 | 68 -0.04263  3.52255e-03 | 69  0.03477  7.16466e-03
 70  0.01041  5.44092e-03 | 71  0.15248 -3.21597e-03 | 72 -0.05588  5.27115e-03
 73 -0.02296  4.56276e-03 | 74 -0.03350  5.34557e-03 | 75  0.00102  6.84183e-03
 76 -0.52429  1.37849e-03 | 77 -0.66055 -3.86719e-04 | 78 -0.80502 -3.63477e-04
 79 -0.70471  8.84120e-04 | 80 -1.24607  3.73376e-04 | 81 -0.76977 -6.38352e-04
 82 -0.82232  1.02869e-04 | 83 -0.84936  4.13288e-04 | 84 -0.82803 -6.94697e-04
 85 -0.73966 -3.17593e-04 | 86 -0.81848 -2.68071e-03 | 87 -0.81186  1.12999e-03
 88 -0.79287 -9.38557e-04 | 89 -1.20083 -1.65408e-03 | 90 -0.80845 -2.68846e-04
 91 -0.81115 -6.13332e-04 | 92 -1.21251 -3.85004e-04 | 93 -1.20172  1.39365e-03
 94 -0.79323 -1.33713e-03 | 95 -0.84773 -1.19376e-03 | 96 -0.84957 -1.56629e-03
 97 -0.86920  1.50803e-03 | 98 -0.04626  9.47102e-06 | 99  0.15741  1.41505e-05
100  0.76173  1.32613e-02 |101  0.27227  2.88007e-02 |102  0.20335 -3.38387e-02
103  0.09010  4.54824e-03 |104 -0.16719 -2.98087e-03 |105 -0.20602 -6.12840e-03
106 -0.16890 -9.13767e-03 |107  0.00059 -3.99526e-03 |108  0.16828 -1.89781e-02
109 -0.02487  8.83437e-02 |110  0.17428  3.44829e-03 |111 -0.06470 -1.23781e-03
112  0.41498  1.38500e-04 |113 -0.05079  2.72857e-03 |114 -0.34164  2.13346e-03
115 -0.20087  3.72986e-03 |116 -0.24573  4.98559e-03 |117 -0.25588  1.66827e-03
118  1.89742 -4.56756e-04 |119  2.17333 -7.80562e-04 |120  0.00036  1.48012e-01
121 -0.00028  1.48271e-01 |122 -0.00067  1.47454e-01 |123 -0.00598  1.39612e-01
124 -0.00623  1.48939e-01 |125 -0.00658  1.48662e-01 |126 -0.00697  1.46966e-01
127 -0.00772  1.45377e-01 |128  0.00873  1.50229e-01 |129 -0.00291  1.48124e-01
130 -0.00662  1.46606e-01 |131 -0.02024  1.43425e-01 |132  0.00186  1.36639e-01
133 -0.01013  1.32880e-01 |134  0.00726  1.24421e-01 |135  0.00632  1.18989e-01
136 -0.00399  1.14321e-01 |137  0.01640  1.05148e-01 |138 -0.01566  1.00243e-01
139 -0.01457  9.67645e-02 |140  0.00892  9.09488e-02 |141  0.02035  7.85538e-02
142 -0.00394  8.00968e-02 |143 -0.02059  8.48330e-02 |144  0.01983  7.33000e-02
145 -0.02350  6.33474e-02 |146  0.02557  4.54144e-02 |147  0.00154  3.46111e-02
148  0.00281  3.02722e-02 |149 -0.00898  2.87223e-02 |150  0.01254  2.74756e-02
151  0.02229  2.52751e-02 |152 -0.02543  2.22212e-02 |153 -0.02054  2.24910e-02
154  0.00578  2.68401e-02 |155  0.00385  2.92011e-02 |156  0.00333  5.78786e-02
157 -0.02153  6.18397e-02 |158 -0.01132  6.14265e-02 |159  0.02748  5.42751e-02
160 -0.00969  5.38423e-02 |161  0.01797  5.21243e-02 |162 -0.00722  5.32084e-02
163 -0.01890  5.24574e-02 |164  0.00808  4.54885e-02 |165  0.00406  4.14212e-02
166 -0.00349  3.55810e-02 |167  0.00531  3.32882e-02 |168 -0.01847  3.19838e-02
169 -0.00159  2.61990e-02 |170  0.02262 -4.27813e-04 |171 -0.02927 -2.01202e-03
172  0.01046 -1.46598e-02 |173  0.02304 -2.39729e-02 |174  0.02172 -2.50029e-02
175 -0.00254 -2.39227e-02 |176 -0.00627 -2.43628e-02 |177 -0.02004 -2.48423e-02
178  0.00313 -2.57111e-02 |179 -0.00231 -2.54863e-02 |180  0.00279 -2.60939e-02
181 -0.00463 -2.34156e-02 |182  0.00501 -2.26932e-02 |183 -0.00609 -9.10378e-03
184 -0.01219 -8.48641e-03 |185  0.00280 -6.00422e-03 |186 -0.00000 -9.20817e-05
187 -0.00000 -3.46120e-04 |188  0.00004  1.34586e-01 |189  0.00232  1.32238e-01
190 -0.01045  1.30972e-01 |191  0.00866  1.19056e-01 |192  0.00652  1.29546e-01
193 -0.02454  1.27777e-01 |194  0.01846  1.27026e-01 |195  0.00013  1.21780e-01
196 -0.02838  1.31224e-01 |197  0.01805  1.36076e-01 |198 -0.00265  1.29282e-01
199 -0.00083  1.27663e-01 |200 -0.00140  1.30811e-01 |201  0.00830  1.31229e-01
202 -0.00996  1.23434e-01 |203  0.00425  1.29106e-01 |204  0.00284  1.23037e-01
205  0.00146  1.18829e-01 |206 -0.00670  1.12528e-01 |207  0.01014  1.13958e-01
208 -0.00969  1.04105e-01 |209  0.00338  9.91276e-02 |210 -0.00010  1.06350e-01
211  0.01015  1.10300e-01 |212 -0.02419  9.93273e-02 |213  0.01638  9.90799e-02
214 -0.00770  8.11006e-02 |215  0.00383  7.14869e-02 |216 -0.00069  6.81677e-02
217  0.00683  6.83892e-02 |218 -0.00770  7.46806e-02 |219 -0.00022  6.84571e-02
220  0.01235  6.58346e-02 |221 -0.00508  6.08430e-02 |222 -0.00246  5.96377e-02
223  0.00077  6.35011e-02 |224 -0.00042  9.37078e-02 |225  0.00222  9.81453e-02
226 -0.01681  9.84706e-02 |227  0.00872  9.11413e-02 |228  0.00790  8.74477e-02
229 -0.00740  8.49225e-02 |230  0.00733  8.69782e-02 |231 -0.00391  8.29505e-02
232 -0.00536  7.91092e-02 |233  0.00637  7.12027e-02 |234 -0.00452  6.40332e-02
235  0.00312  6.15499e-02 |236  0.00174  6.00870e-02 |237 -0.00460  5.20470e-02
238 -0.00705  3.21665e-02 |239  0.01255  2.57495e-02 |240 -0.00969  1.28404e-02
241  0.00338  1.36744e-03 |242  0.01230  2.80239e-03 |243  0.00521  3.80262e-03
244 -0.00959  1.23637e-03 |245 -0.01342 -1.65567e-03 |246  0.01077 -6.96966e-03
247  0.00477 -5.70819e-03 |248 -0.00681 -1.03719e-02 |249 -0.00177 -1.08026e-02
250  0.00371 -4.86795e-03 |251 -0.00487  5.04599e-03 |252  0.00637  1.03909e-04
253 -0.02280  1.47281e-03 |254  0.00000 -6.23610e-05 |255 -0.00000 -3.75741e-04
256  0.00001 -1.51662e-01 |257  0.00327 -1.49569e-01 |258 -0.00274 -1.50510e-01
259 -0.00148 -1.56077e-01 |260  0.00340 -1.42399e-01 |261  0.01767 -1.33926e-01
262 -0.01672 -1.32743e-01 |263  0.00617 -1.31499e-01 |264 -0.00012 -1.15998e-01
265 -0.02518 -1.07245e-01 |266  0.01220 -9.90103e-02 |267 -0.01064 -9.85101e-02
268  0.00012 -9.36735e-02 |269 -0.00128 -8.69700e-02 |270  0.00308 -8.10666e-02
271 -0.00221 -7.54659e-02 |272  0.00178 -6.78789e-02 |273  0.00056 -6.59092e-02
274  0.00384 -6.09516e-02 |275 -0.00008 -5.01766e-02 |276 -0.00201 -4.36967e-02
277  0.00037 -4.13975e-02 |278  0.00157 -3.15948e-02 |279  0.00249 -2.33399e-02
280  0.00578 -2.42640e-02 |281 -0.01415 -1.92321e-02 |282  0.00746 -1.31035e-02
283 -0.00219 -7.75654e-03 |284  0.00014  3.61044e-03 |285  0.00401  1.20750e-02
286 -0.00258  2.44781e-02 |287 -0.00078  2.85234e-02 |288 -0.00247  4.11151e-02
289  0.00740  3.93995e-02 |290  0.00592  4.27479e-02 |291 -0.00772  4.70956e-02
292 -0.00021  7.16828e-02 |293  0.00231  7.37836e-02 |294  0.00714  7.37425e-02
295 -0.00919  6.33364e-02 |296 -0.00354  6.21461e-02 |297 -0.00098  6.58431e-02
298 -0.00145  6.85249e-02 |299  0.00606  6.72195e-02 |300  0.00176  6.17811e-02
301 -0.00645  5.41240e-02 |302  0.00374  5.24707e-02 |303 -0.00316  5.19976e-02
304  0.00415  5.00703e-02 |305 -0.00139  4.20284e-02 |306  0.00051  2.38275e-02
307 -0.00384  1.64492e-02 |308  0.00789  1.79374e-02 |309 -0.00221  6.17338e-03
310 -0.00464  5.29690e-03 |311  0.00670  6.83443e-03 |312  0.00480  1.05636e-02
313  0.00237  8.99915e-03 |314 -0.00988  2.44831e-03 |315  0.00270  7.90925e-03
316  0.00101  4.62357e-03 |317  0.00039 -4.88586e-03 |318  0.00011  1.11500e-03
319  0.00072  8.23521e-03 |320 -0.00534  6.16529e-03 |321  0.01661  4.02665e-03
322  0.00000  6.81501e-05 |323  0.00000 -4.50653e-05 |
323 variables; iteration 540; function evaluation 593; phase 5
Function value 2.9967620e+03; maximum gradient component mag 1.4553e-01
Var    Value     Gradient |Var    Value     Gradient |Var    Value     Gradient
  1 -0.03375  1.45532e-01 |  2  0.04135  7.54162e-04 |  3  0.13333 -1.16074e-04
  4 -0.03166  5.81624e-04 |  5 -0.07774  2.44307e-04 |  6  0.05367  1.03210e-03
  7  0.04280  3.21109e-04 |  8 -0.00182  2.79747e-04 |  9  0.04819  5.07846e-04
 10  0.01712 -8.95180e-04 | 11  0.21547  1.44789e-03 | 12 -0.12433 -2.99556e-04
 13 -0.04250 -9.03505e-04 | 14 -0.15871 -1.24979e-03 | 15 -0.17702  2.08215e-04
 16  0.23892  3.83197e-03 | 17  0.00125 -1.98803e-04 | 18 -0.11075 -7.27816e-04
 19 -0.04943  6.13775e-05 | 20 -0.01356  2.82167e-05 | 21 -0.09705 -2.97852e-04
 22  0.03485  9.56180e-04 | 23 -0.12312 -1.63122e-04 | 24 -0.03646 -5.97149e-05
 25  0.00912  1.11958e-03 | 26  0.02226  1.17591e-03 | 27 -0.11525  2.70210e-04
 28  0.01411  2.22805e-03 | 29  0.05349  1.94605e-03 | 30 -0.08389  1.00072e-03
 31 -0.18915 -2.12576e-04 | 32  0.03820  2.96515e-03 | 33  0.05097  2.62746e-03
 34  0.05678  2.62787e-03 | 35  0.04382  2.83732e-03 | 36 -0.04700  5.51333e-04
 37 -0.01917  9.80347e-04 | 38  0.06148  1.46943e-03 | 39 -0.06613 -2.20903e-04
 40  0.21424  5.88309e-03 | 41  0.02180  8.94123e-04 | 42  0.08189  4.28947e-03
 43 -0.06454 -7.55082e-04 | 44  0.17669  1.30506e-03 | 45 -0.03827 -5.19788e-04
 46 -0.03182  5.58164e-04 | 47 -0.01470  2.44381e-03 | 48 -0.09093  1.16355e-04
 49  0.11412 -1.31989e-03 | 50  0.01051  1.11566e-03 | 51 -0.00002  1.09499e-03
 52  0.01899 -1.49580e-03 | 53 -0.03567  8.59114e-04 | 54  0.08263 -1.15515e-04
 55  0.00438 -1.99011e-03 | 56 -0.05106 -1.36186e-04 | 57 -0.05584 -1.65159e-03
 58  0.08511 -4.45451e-03 | 59 -0.03567 -5.94305e-04 | 60  0.02151 -3.57604e-03
 61  0.00249 -1.96545e-03 | 62  0.06738 -3.83665e-03 | 63  0.09973  2.43142e-04
 64 -0.06290 -9.76919e-04 | 65 -0.01264 -4.74103e-03 | 66  0.04269 -3.20763e-04
 67  0.01036 -1.23626e-03 | 68 -0.04263 -2.94364e-03 | 69  0.03477 -6.49358e-05
 70  0.01041  8.77311e-04 | 71  0.15248 -4.97047e-03 | 72 -0.05588 -4.17178e-04
 73 -0.02296 -7.01160e-04 | 74 -0.03350 -1.34507e-03 | 75  0.00102 -2.63862e-04
 76 -0.52429 -4.23420e-04 | 77 -0.66055 -3.82530e-04 | 78 -0.80502  1.87026e-04
 79 -0.70471 -2.84885e-04 | 80 -1.24607 -7.57907e-05 | 81 -0.76977  4.18652e-04
 82 -0.82232  1.07665e-04 | 83 -0.84936 -2.43075e-04 | 84 -0.82803  3.05690e-07
 85 -0.73966  5.48874e-04 | 86 -0.81848  2.68214e-04 | 87 -0.81186 -1.79022e-04
 88 -0.79287  1.88572e-04 | 89 -1.20083  5.45929e-04 | 90 -0.80845  7.10160e-05
 91 -0.81115  2.93583e-04 | 92 -1.21251  3.86845e-04 | 93 -1.20172  1.83906e-04
 94 -0.79323 -1.94315e-05 | 95 -0.84773  2.11186e-04 | 96 -0.84957  4.75227e-05
 97 -0.86920  2.11472e-04 | 98 -0.18511 -1.85205e-06 | 99  0.12587  1.40695e-05
100  0.76128  4.81481e-03 |101  0.27231  6.61809e-03 |102  0.20329  1.08766e-02
103  0.09010 -1.07063e-02 |104 -0.16719  1.32140e-03 |105 -0.20602  3.98018e-03
106 -0.16890  3.70571e-03 |107  0.00059 -3.34790e-02 |108  0.16828  1.90969e-02
109 -0.02487 -5.59293e-02 |110  0.17428 -5.85093e-03 |111 -0.06469 -2.11147e-04
112  0.41458  9.12787e-05 |113 -0.05079  1.14111e-03 |114 -0.34164  5.01839e-03
115 -0.20087  3.21338e-03 |116 -0.24573  3.62236e-03 |117 -0.25589  1.14897e-05
118  1.89742 -5.67762e-05 |119  2.17333 -3.31846e-04 |120  0.00037  5.49591e-02
121 -0.00027  5.41646e-02 |122 -0.00067  5.38686e-02 |123 -0.00596  5.11665e-02
124 -0.00624  5.35274e-02 |125 -0.00658  5.37671e-02 |126 -0.00697  5.26911e-02
127 -0.00772  5.14991e-02 |128  0.00872  5.18728e-02 |129 -0.00292  5.15108e-02
130 -0.00662  5.17605e-02 |131 -0.02023  5.26696e-02 |132  0.00186  5.54645e-02
133 -0.01013  5.54045e-02 |134  0.00726  5.43147e-02 |135  0.00632  5.44519e-02
136 -0.00399  5.35047e-02 |137  0.01640  5.33676e-02 |138 -0.01566  5.40397e-02
139 -0.01456  5.33578e-02 |140  0.00892  5.10350e-02 |141  0.02035  4.94095e-02
142 -0.00394  4.96719e-02 |143 -0.02060  4.99317e-02 |144  0.01983  5.49908e-02
145 -0.02350  5.69976e-02 |146  0.02557  5.83006e-02 |147  0.00154  5.60633e-02
148  0.00281  5.09189e-02 |149 -0.00898  4.99435e-02 |150  0.01254  4.72354e-02
151  0.02228  4.54996e-02 |152 -0.02542  4.57370e-02 |153 -0.02054  4.65523e-02
154  0.00578  4.80736e-02 |155  0.00385  4.85325e-02 |156  0.00333  5.14373e-02
157 -0.02154  5.20696e-02 |158 -0.01132  5.25927e-02 |159  0.02748  5.01664e-02
160 -0.00969  4.96260e-02 |161  0.01798  4.77761e-02 |162 -0.00722  4.63095e-02
163 -0.01890  4.53684e-02 |164  0.00808  4.02978e-02 |165  0.00406  3.58933e-02
166 -0.00349  2.10347e-02 |167  0.00531  1.35231e-02 |168 -0.01847  1.30170e-02
169 -0.00159  1.08821e-02 |170  0.02262  6.90089e-03 |171 -0.02927  6.66244e-03
172  0.01046  6.80290e-03 |173  0.02304  7.37503e-03 |174  0.02172  7.90576e-03
175 -0.00255  8.24164e-03 |176 -0.00627  8.85618e-03 |177 -0.02003  9.86764e-03
178  0.00313  1.23187e-02 |179 -0.00231  1.24307e-02 |180  0.00279  1.26584e-02
181 -0.00463  1.20453e-02 |182  0.00501  1.15830e-02 |183 -0.00609  6.43858e-03
184 -0.01219  5.76224e-03 |185  0.00280  4.18260e-03 |186  0.00000  7.25919e-05
187  0.00000  4.69397e-05 |188  0.00003  3.11231e-02 |189  0.00232  2.92249e-02
190 -0.01045  3.08779e-02 |191  0.00866  2.89716e-02 |192  0.00652  3.46799e-02
193 -0.02454  3.45460e-02 |194  0.01847  3.33961e-02 |195  0.00013  2.83750e-02
196 -0.02839  2.87086e-02 |197  0.01805  2.56467e-02 |198 -0.00265  2.72022e-02
199 -0.00083  2.85102e-02 |200 -0.00140  3.07845e-02 |201  0.00830  3.18030e-02
202 -0.00996  3.22462e-02 |203  0.00425  3.19744e-02 |204  0.00284  3.17152e-02
205  0.00146  3.22430e-02 |206 -0.00670  3.35708e-02 |207  0.01014  3.53582e-02
208 -0.00969  3.31525e-02 |209  0.00338  3.40884e-02 |210 -0.00010  3.42943e-02
211  0.01015  3.14647e-02 |212 -0.02419  3.69444e-02 |213  0.01638  3.60907e-02
214 -0.00770  3.96324e-02 |215  0.00383  3.65109e-02 |216 -0.00069  2.67562e-02
217  0.00683  2.80989e-02 |218 -0.00770  2.51480e-02 |219 -0.00022  2.16621e-02
220  0.01235  2.17437e-02 |221 -0.00508  2.35886e-02 |222 -0.00246  2.49196e-02
223  0.00077  2.86258e-02 |224 -0.00042  3.07868e-02 |225  0.00222  3.59495e-02
226 -0.01681  3.68825e-02 |227  0.00872  3.50358e-02 |228  0.00790  3.51222e-02
229 -0.00740  3.34585e-02 |230  0.00733  3.09757e-02 |231 -0.00391  2.95505e-02
232 -0.00536  2.62543e-02 |233  0.00637  2.46112e-02 |234 -0.00452  7.60227e-03
235  0.00312 -3.16466e-05 |236  0.00174  1.01179e-03 |237 -0.00460  6.20884e-04
238 -0.00705 -1.65053e-03 |239  0.01255 -2.67532e-03 |240 -0.00969 -4.04747e-03
241  0.00338 -3.72934e-03 |242  0.01230 -2.43402e-03 |243  0.00521 -2.30280e-03
244 -0.00959  8.66609e-04 |245 -0.01342  4.67306e-03 |246  0.01077  1.00550e-02
247  0.00477  1.11574e-02 |248 -0.00681  1.22735e-02 |249 -0.00177  1.16285e-02
250  0.00371  1.23504e-02 |251 -0.00487  9.29337e-03 |252  0.00637  4.53842e-03
253 -0.02280  3.05390e-03 |254  0.00000  4.87186e-05 |255  0.00000  2.28087e-05
256  0.00002  4.76781e-02 |257  0.00327  4.47030e-02 |258 -0.00274  4.47859e-02
259 -0.00148  4.14042e-02 |260  0.00340  4.28813e-02 |261  0.01767  4.09649e-02
262 -0.01672  4.06637e-02 |263  0.00617  3.33367e-02 |264 -0.00012  3.58048e-02
265 -0.02518  3.90646e-02 |266  0.01220  3.80731e-02 |267 -0.01064  3.74529e-02
268  0.00012  3.81135e-02 |269 -0.00128  3.83281e-02 |270  0.00308  3.67320e-02
271 -0.00221  3.62552e-02 |272  0.00178  3.36202e-02 |273  0.00056  3.12988e-02
274  0.00384  2.77589e-02 |275 -0.00008  2.55554e-02 |276 -0.00201  2.10165e-02
277  0.00037  2.10836e-02 |278  0.00157  1.78851e-02 |279  0.00249  1.52733e-02
280  0.00578  1.77199e-02 |281 -0.01415  1.58584e-02 |282  0.00746  1.24320e-02
283 -0.00219  6.13810e-03 |284  0.00014 -1.47562e-03 |285  0.00401 -4.57380e-03
286 -0.00258 -9.68230e-03 |287 -0.00078 -1.26103e-02 |288 -0.00247 -1.46615e-02
289  0.00740 -1.39035e-02 |290  0.00592 -1.24621e-02 |291 -0.00772 -8.97928e-03
292 -0.00021 -7.28365e-03 |293  0.00231 -2.40043e-03 |294  0.00714 -9.33722e-04
295 -0.00919 -7.29646e-04 |296 -0.00354 -1.08184e-03 |297 -0.00099 -1.12204e-03
298 -0.00145 -2.74805e-03 |299  0.00606 -1.69076e-03 |300  0.00176 -1.22986e-03
301 -0.00645 -1.95400e-03 |302  0.00374 -9.24982e-03 |303 -0.00316 -1.34606e-02
304  0.00415 -1.17226e-02 |305 -0.00139 -1.29943e-02 |306  0.00051 -1.44336e-02
307 -0.00384 -1.56485e-02 |308  0.00789 -1.63971e-02 |309 -0.00221 -1.40515e-02
310 -0.00464 -1.34861e-02 |311  0.00670 -1.34172e-02 |312  0.00480 -1.30267e-02
313  0.00237 -1.09892e-02 |314 -0.00988 -7.21883e-03 |315  0.00270 -6.83334e-03
316  0.00101 -4.21526e-03 |317  0.00039 -1.47119e-03 |318  0.00011 -7.71714e-04
319  0.00072 -9.48697e-04 |320 -0.00534  1.94801e-05 |321  0.01661  2.14667e-03
322  0.00000 -6.80476e-05 |323  0.00000 -3.11563e-05 |
  ic > imax  in fminim is answer attained ?
Var    Value     Gradient |Var    Value     Gradient |Var    Value     Gradient
  1 -0.03375 -3.05846e-03 |  2  0.04135 -1.35002e-05 |  3  0.13333 -4.23212e-06
  4 -0.03166 -1.11013e-05 |  5 -0.07774 -3.66739e-06 |  6  0.05367 -1.18057e-05
  7  0.04280 -4.92913e-06 |  8 -0.00182 -5.65771e-06 |  9  0.04819 -3.96543e-06
 10  0.01712  2.16845e-05 | 11  0.21547  1.16595e-05 | 12 -0.12433  2.46629e-05
 13 -0.04250  2.97012e-05 | 14 -0.15871  4.22824e-05 | 15 -0.17702  2.55257e-05
 16  0.23892 -2.52510e-05 | 17  0.00125  2.29281e-05 | 18 -0.11075  2.99361e-05
 19 -0.04943  2.25958e-05 | 20 -0.01356  2.18518e-05 | 21 -0.09705  2.92664e-05
 22  0.03485  5.94659e-06 | 23 -0.12312  2.32786e-05 | 24 -0.03646  2.21187e-05
 25  0.00912 -2.52278e-06 | 26  0.02226 -1.39339e-05 | 27 -0.11525  1.31423e-05
 28  0.01411 -2.70310e-05 | 29  0.05349 -2.37807e-05 | 30 -0.08389 -1.32628e-05
 31 -0.18915  1.29511e-05 | 32  0.03820 -3.64778e-05 | 33  0.05097 -3.04546e-05
 34  0.05678 -2.81976e-05 | 35  0.04382 -4.11494e-05 | 36 -0.04700 -8.28389e-06
 37 -0.01916 -3.48715e-05 | 38  0.06148 -3.66958e-05 | 39 -0.06613  1.05037e-05
 40  0.21424 -1.09407e-04 | 41  0.02180 -3.75403e-07 | 42  0.08189 -1.08060e-04
 43 -0.06454 -1.46831e-06 | 44  0.17669 -7.21596e-05 | 45 -0.03827 -1.30851e-05
 46 -0.03181 -4.50472e-06 | 47 -0.01470 -3.63443e-05 | 48 -0.09093 -2.94372e-05
 49  0.11412 -4.05906e-05 | 50  0.01051 -2.83080e-05 | 51 -0.00002 -4.95369e-05
 52  0.01899 -2.76122e-06 | 53 -0.03567 -1.87194e-05 | 54  0.08263 -6.66110e-05
 55  0.00438  3.88367e-05 | 56 -0.05106 -3.66628e-05 | 57 -0.05584  2.83823e-05
 58  0.08511 -5.11075e-05 | 59 -0.03567  9.05710e-06 | 60  0.02151  6.94019e-05
 61  0.00249  5.85094e-05 | 62  0.06738  5.93784e-05 | 63  0.09973 -3.47192e-05
 64 -0.06290 -4.74449e-05 | 65 -0.01264  6.35346e-05 | 66  0.04269  4.02144e-05
 67  0.01036  2.67578e-05 | 68 -0.04263  6.74649e-05 | 69  0.03477  1.24453e-05
 70  0.01041 -2.24357e-05 | 71  0.15248  1.17029e-04 | 72 -0.05588  3.30004e-05
 73 -0.02296 -1.29006e-05 | 74 -0.03350  2.11088e-05 | 75  0.00102  5.43095e-05
 76 -0.52429  1.19076e-05 | 77 -0.66054  1.08528e-05 | 78 -0.80502 -2.76644e-06
 79 -0.70471  1.28052e-05 | 80 -1.24607  2.33329e-06 | 81 -0.76977 -1.78562e-06
 82 -0.82232 -7.52750e-07 | 83 -0.84936 -4.25586e-07 | 84 -0.82803 -8.94654e-07
 85 -0.73966 -6.22461e-06 | 86 -0.81848 -1.44844e-05 | 87 -0.81186  9.03967e-06
 88 -0.79287 -6.18895e-06 | 89 -1.20083 -2.21749e-05 | 90 -0.80845 -9.76921e-07
 91 -0.81115  1.23028e-06 | 92 -1.21251 -1.53128e-05 | 93 -1.20172  6.48800e-07
 94 -0.79323 -7.15567e-08 | 95 -0.84773 -8.59991e-06 | 96 -0.84957 -3.80630e-06
 97 -0.86920 -5.93356e-06 | 98 -0.21693  5.71866e-09 | 99 -0.15109  4.51283e-09
100  0.76112 -7.64867e-05 |101  0.27232  3.41286e-04 |102  0.20329  1.54209e-04
103  0.09010  1.56123e-04 |104 -0.16719  6.02590e-05 |105 -0.20602  1.29407e-05
106 -0.16890  2.15934e-06 |107  0.00059 -5.43950e-04 |108  0.16828  6.83528e-04
109 -0.02487  7.63759e-04 |110  0.17428  2.26757e-05 |111 -0.06469  7.07434e-06
112  0.41383 -3.01427e-08 |113 -0.05079 -5.00036e-05 |114 -0.34164 -8.82745e-05
115 -0.20087 -2.80756e-05 |116 -0.24573 -4.96318e-05 |117 -0.25588  1.11276e-05
118  1.89742  4.13374e-06 |119  2.17333  1.17943e-05 |120  0.00037 -8.76449e-04
121 -0.00027 -8.55772e-04 |122 -0.00066 -8.46389e-04 |123 -0.00595 -8.20918e-04
124 -0.00624 -8.26333e-04 |125 -0.00659 -8.32910e-04 |126 -0.00697 -8.14913e-04
127 -0.00772 -8.06809e-04 |128  0.00872 -8.18268e-04 |129 -0.00292 -8.08974e-04
130 -0.00662 -8.06032e-04 |131 -0.02024 -8.10973e-04 |132  0.00186 -8.78589e-04
133 -0.01013 -8.86472e-04 |134  0.00726 -8.82686e-04 |135  0.00632 -8.95834e-04
136 -0.00399 -8.78264e-04 |137  0.01640 -8.83796e-04 |138 -0.01566 -8.94642e-04
139 -0.01456 -8.92386e-04 |140  0.00892 -8.79198e-04 |141  0.02035 -8.79358e-04
142 -0.00394 -8.95411e-04 |143 -0.02060 -8.92040e-04 |144  0.01983 -1.01614e-03
145 -0.02350 -9.69827e-04 |146  0.02557 -1.04361e-03 |147  0.00154 -1.04959e-03
148  0.00281 -9.66308e-04 |149 -0.00898 -9.73440e-04 |150  0.01254 -9.98530e-04
151  0.02229 -9.68768e-04 |152 -0.02542 -9.54378e-04 |153 -0.02054 -9.61123e-04
154  0.00578 -9.82894e-04 |155  0.00385 -9.88853e-04 |156  0.00333 -9.96747e-04
157 -0.02154 -9.99151e-04 |158 -0.01132 -1.01098e-03 |159  0.02748 -9.79667e-04
160 -0.00969 -9.65963e-04 |161  0.01798 -9.26368e-04 |162 -0.00722 -8.89520e-04
163 -0.01890 -8.74218e-04 |164  0.00808 -7.95420e-04 |165  0.00406 -7.05376e-04
166 -0.00349 -3.72150e-04 |167  0.00531 -2.27244e-04 |168 -0.01847 -2.16215e-04
169 -0.00159 -1.96122e-04 |170  0.02262 -1.71604e-04 |171 -0.02927 -1.64978e-04
172  0.01046 -2.18891e-04 |173  0.02304 -2.65002e-04 |174  0.02173 -2.70923e-04
175 -0.00255 -2.60007e-04 |176 -0.00627 -2.66811e-04 |177 -0.02003 -2.80831e-04
178  0.00313 -3.37723e-04 |179 -0.00231 -3.39010e-04 |180  0.00279 -3.42902e-04
181 -0.00463 -3.21608e-04 |182  0.00501 -3.01058e-04 |183 -0.00609 -1.80596e-04
184 -0.01219 -1.65865e-04 |185  0.00280 -1.17995e-04 |186 -0.00000 -1.51924e-06
187 -0.00000 -1.81781e-07 |188  0.00003  1.53397e-03 |189  0.00232  1.56451e-03
190 -0.01045  1.59885e-03 |191  0.00866  1.54364e-03 |192  0.00652  1.47069e-03
193 -0.02454  1.47248e-03 |194  0.01846  1.50010e-03 |195  0.00013  1.57245e-03
196 -0.02839  1.59921e-03 |197  0.01805  1.58922e-03 |198 -0.00265  1.59123e-03
199 -0.00083  1.59002e-03 |200 -0.00140  1.51320e-03 |201  0.00830  1.38699e-03
202 -0.00996  1.36965e-03 |203  0.00425  1.24595e-03 |204  0.00284  1.25023e-03
205  0.00146  1.15906e-03 |206 -0.00670  1.04894e-03 |207  0.01014  8.84516e-04
208 -0.00969  9.06387e-04 |209  0.00338  7.71854e-04 |210 -0.00010  6.56333e-04
211  0.01015  6.78518e-04 |212 -0.02419  5.35895e-04 |213  0.01638  4.89920e-04
214 -0.00770  3.06134e-04 |215  0.00383  1.96783e-04 |216 -0.00069  3.10867e-04
217  0.00683  2.14519e-04 |218 -0.00770  1.40744e-04 |219 -0.00022  1.29580e-04
220  0.01235  1.42342e-04 |221 -0.00508  9.49173e-05 |222 -0.00246  6.26744e-05
223  0.00077  5.19076e-05 |224 -0.00042  3.49195e-05 |225  0.00222 -4.23390e-05
226 -0.01681 -6.73346e-05 |227  0.00872 -9.74491e-05 |228  0.00790 -1.32805e-04
229 -0.00740 -1.12185e-04 |230  0.00733 -8.76306e-05 |231 -0.00391 -9.27470e-05
232 -0.00536 -9.57428e-05 |233  0.00637 -1.23233e-04 |234 -0.00452  2.32446e-04
235  0.00312  3.20098e-04 |236  0.00174  2.36630e-04 |237 -0.00460  2.05402e-04
238 -0.00705  1.70457e-04 |239  0.01255  1.26867e-04 |240 -0.00969  7.38008e-05
241  0.00338 -1.51689e-05 |242  0.01230 -5.47399e-05 |243  0.00521 -4.65324e-05
244 -0.00959 -5.36819e-05 |245 -0.01342 -1.00620e-04 |246  0.01077 -2.31559e-04
247  0.00477 -2.49427e-04 |248 -0.00681 -2.82768e-04 |249 -0.00177 -2.79120e-04
250  0.00371 -2.77756e-04 |251 -0.00487 -2.04159e-04 |252  0.00637 -1.21364e-04
253 -0.02280 -5.78873e-05 |254  0.00000 -1.82593e-06 |255  0.00000  4.51879e-07
256  0.00002  6.80490e-04 |257  0.00327  7.09201e-04 |258 -0.00274  7.92901e-04
259 -0.00148  7.90317e-04 |260  0.00340  8.23048e-04 |261  0.01767  9.05710e-04
262 -0.01672  9.64585e-04 |263  0.00617  1.13335e-03 |264 -0.00012  1.20611e-03
265 -0.02518  1.18451e-03 |266  0.01220  1.20849e-03 |267 -0.01064  1.23797e-03
268  0.00012  1.19426e-03 |269 -0.00128  1.09700e-03 |270  0.00308  1.10014e-03
271 -0.00221  1.00529e-03 |272  0.00178  9.99729e-04 |273  0.00056  9.72532e-04
274  0.00384  1.01054e-03 |275 -0.00008  9.56299e-04 |276 -0.00201  9.74452e-04
277  0.00037  8.76699e-04 |278  0.00157  8.42883e-04 |279  0.00249  7.87929e-04
280  0.00578  7.08671e-04 |281 -0.01415  6.97296e-04 |282  0.00746  6.92112e-04
283 -0.00219  7.10710e-04 |284  0.00014  7.98875e-04 |285  0.00401  7.67248e-04
286 -0.00258  7.24291e-04 |287 -0.00078  7.58950e-04 |288 -0.00247  8.02160e-04
289  0.00740  7.75293e-04 |290  0.00592  7.29125e-04 |291 -0.00772  7.52746e-04
292 -0.00021  7.66100e-04 |293  0.00231  6.77421e-04 |294  0.00714  6.97099e-04
295 -0.00919  6.45260e-04 |296 -0.00354  6.26478e-04 |297 -0.00099  6.12755e-04
298 -0.00145  6.10324e-04 |299  0.00606  5.95454e-04 |300  0.00176  5.48188e-04
301 -0.00645  5.28696e-04 |302  0.00374  6.92466e-04 |303 -0.00316  7.31028e-04
304  0.00415  6.94048e-04 |305 -0.00139  6.86874e-04 |306  0.00051  6.30919e-04
307 -0.00384  6.08366e-04 |308  0.00789  5.93532e-04 |309 -0.00221  4.53560e-04
310 -0.00464  3.93117e-04 |311  0.00670  3.97703e-04 |312  0.00480  4.17115e-04
313  0.00237  3.91380e-04 |314 -0.00988  2.75712e-04 |315  0.00270  2.79127e-04
316  0.00101  2.13141e-04 |317  0.00039  1.39319e-04 |318  0.00011  1.07242e-04
319  0.00072  1.05711e-04 |320 -0.00534  8.30743e-05 |321  0.01661 -2.15056e-05
322  0.00000  1.66049e-06 |323  0.00000  2.02819e-06 |
Function minimizer not making progress ... is minimum attained?
Minimprove criterion = 0.0000e+00

 - final statistics:
323 variables; iteration 556; function evaluation 638
Function value 2.9968e+03; maximum gradient component mag -3.0585e-03
Exit code = 1;  converg criter 1.0000e-04
Var    Value     Gradient |Var    Value     Gradient |Var    Value     Gradient
  1 -0.03375 -3.05846e-03 |  2  0.04135 -1.35002e-05 |  3  0.13333 -4.23212e-06
  4 -0.03166 -1.11013e-05 |  5 -0.07774 -3.66739e-06 |  6  0.05367 -1.18057e-05
  7  0.04280 -4.92913e-06 |  8 -0.00182 -5.65771e-06 |  9  0.04819 -3.96543e-06
 10  0.01712  2.16845e-05 | 11  0.21547  1.16595e-05 | 12 -0.12433  2.46629e-05
 13 -0.04250  2.97012e-05 | 14 -0.15871  4.22824e-05 | 15 -0.17702  2.55257e-05
 16  0.23892 -2.52510e-05 | 17  0.00125  2.29281e-05 | 18 -0.11075  2.99361e-05
 19 -0.04943  2.25958e-05 | 20 -0.01356  2.18518e-05 | 21 -0.09705  2.92664e-05
 22  0.03485  5.94659e-06 | 23 -0.12312  2.32786e-05 | 24 -0.03646  2.21187e-05
 25  0.00912 -2.52278e-06 | 26  0.02226 -1.39339e-05 | 27 -0.11525  1.31423e-05
 28  0.01411 -2.70310e-05 | 29  0.05349 -2.37807e-05 | 30 -0.08389 -1.32628e-05
 31 -0.18915  1.29511e-05 | 32  0.03820 -3.64778e-05 | 33  0.05097 -3.04546e-05
 34  0.05678 -2.81976e-05 | 35  0.04382 -4.11494e-05 | 36 -0.04700 -8.28389e-06
 37 -0.01916 -3.48715e-05 | 38  0.06148 -3.66958e-05 | 39 -0.06613  1.05037e-05
 40  0.21424 -1.09407e-04 | 41  0.02180 -3.75403e-07 | 42  0.08189 -1.08060e-04
 43 -0.06454 -1.46831e-06 | 44  0.17669 -7.21596e-05 | 45 -0.03827 -1.30851e-05
 46 -0.03181 -4.50472e-06 | 47 -0.01470 -3.63443e-05 | 48 -0.09093 -2.94372e-05
 49  0.11412 -4.05906e-05 | 50  0.01051 -2.83080e-05 | 51 -0.00002 -4.95369e-05
 52  0.01899 -2.76122e-06 | 53 -0.03567 -1.87194e-05 | 54  0.08263 -6.66110e-05
 55  0.00438  3.88367e-05 | 56 -0.05106 -3.66628e-05 | 57 -0.05584  2.83823e-05
 58  0.08511 -5.11075e-05 | 59 -0.03567  9.05710e-06 | 60  0.02151  6.94019e-05
 61  0.00249  5.85094e-05 | 62  0.06738  5.93784e-05 | 63  0.09973 -3.47192e-05
 64 -0.06290 -4.74449e-05 | 65 -0.01264  6.35346e-05 | 66  0.04269  4.02144e-05
 67  0.01036  2.67578e-05 | 68 -0.04263  6.74649e-05 | 69  0.03477  1.24453e-05
 70  0.01041 -2.24357e-05 | 71  0.15248  1.17029e-04 | 72 -0.05588  3.30004e-05
 73 -0.02296 -1.29006e-05 | 74 -0.03350  2.11088e-05 | 75  0.00102  5.43095e-05
 76 -0.52429  1.19076e-05 | 77 -0.66054  1.08528e-05 | 78 -0.80502 -2.76644e-06
 79 -0.70471  1.28052e-05 | 80 -1.24607  2.33329e-06 | 81 -0.76977 -1.78562e-06
 82 -0.82232 -7.52750e-07 | 83 -0.84936 -4.25586e-07 | 84 -0.82803 -8.94654e-07
 85 -0.73966 -6.22461e-06 | 86 -0.81848 -1.44844e-05 | 87 -0.81186  9.03967e-06
 88 -0.79287 -6.18895e-06 | 89 -1.20083 -2.21749e-05 | 90 -0.80845 -9.76921e-07
 91 -0.81115  1.23028e-06 | 92 -1.21251 -1.53128e-05 | 93 -1.20172  6.48800e-07
 94 -0.79323 -7.15567e-08 | 95 -0.84773 -8.59991e-06 | 96 -0.84957 -3.80630e-06
 97 -0.86920 -5.93356e-06 | 98 -0.21693  5.71866e-09 | 99 -0.15109  4.51283e-09
100  0.76112 -7.64867e-05 |101  0.27232  3.41286e-04 |102  0.20329  1.54209e-04
103  0.09010  1.56123e-04 |104 -0.16719  6.02590e-05 |105 -0.20602  1.29407e-05
106 -0.16890  2.15934e-06 |107  0.00059 -5.43950e-04 |108  0.16828  6.83528e-04
109 -0.02487  7.63759e-04 |110  0.17428  2.26757e-05 |111 -0.06469  7.07434e-06
112  0.41383 -3.01427e-08 |113 -0.05079 -5.00036e-05 |114 -0.34164 -8.82745e-05
115 -0.20087 -2.80756e-05 |116 -0.24573 -4.96318e-05 |117 -0.25588  1.11276e-05
118  1.89742  4.13374e-06 |119  2.17333  1.17943e-05 |120  0.00037 -8.76449e-04
121 -0.00027 -8.55772e-04 |122 -0.00066 -8.46389e-04 |123 -0.00595 -8.20918e-04
124 -0.00624 -8.26333e-04 |125 -0.00659 -8.32910e-04 |126 -0.00697 -8.14913e-04
127 -0.00772 -8.06809e-04 |128  0.00872 -8.18268e-04 |129 -0.00292 -8.08974e-04
130 -0.00662 -8.06032e-04 |131 -0.02024 -8.10973e-04 |132  0.00186 -8.78589e-04
133 -0.01013 -8.86472e-04 |134  0.00726 -8.82686e-04 |135  0.00632 -8.95834e-04
136 -0.00399 -8.78264e-04 |137  0.01640 -8.83796e-04 |138 -0.01566 -8.94642e-04
139 -0.01456 -8.92386e-04 |140  0.00892 -8.79198e-04 |141  0.02035 -8.79358e-04
142 -0.00394 -8.95411e-04 |143 -0.02060 -8.92040e-04 |144  0.01983 -1.01614e-03
145 -0.02350 -9.69827e-04 |146  0.02557 -1.04361e-03 |147  0.00154 -1.04959e-03
148  0.00281 -9.66308e-04 |149 -0.00898 -9.73440e-04 |150  0.01254 -9.98530e-04
151  0.02229 -9.68768e-04 |152 -0.02542 -9.54378e-04 |153 -0.02054 -9.61123e-04
154  0.00578 -9.82894e-04 |155  0.00385 -9.88853e-04 |156  0.00333 -9.96747e-04
157 -0.02154 -9.99151e-04 |158 -0.01132 -1.01098e-03 |159  0.02748 -9.79667e-04
160 -0.00969 -9.65963e-04 |161  0.01798 -9.26368e-04 |162 -0.00722 -8.89520e-04
163 -0.01890 -8.74218e-04 |164  0.00808 -7.95420e-04 |165  0.00406 -7.05376e-04
166 -0.00349 -3.72150e-04 |167  0.00531 -2.27244e-04 |168 -0.01847 -2.16215e-04
169 -0.00159 -1.96122e-04 |170  0.02262 -1.71604e-04 |171 -0.02927 -1.64978e-04
172  0.01046 -2.18891e-04 |173  0.02304 -2.65002e-04 |174  0.02173 -2.70923e-04
175 -0.00255 -2.60007e-04 |176 -0.00627 -2.66811e-04 |177 -0.02003 -2.80831e-04
178  0.00313 -3.37723e-04 |179 -0.00231 -3.39010e-04 |180  0.00279 -3.42902e-04
181 -0.00463 -3.21608e-04 |182  0.00501 -3.01058e-04 |183 -0.00609 -1.80596e-04
184 -0.01219 -1.65865e-04 |185  0.00280 -1.17995e-04 |186 -0.00000 -1.51924e-06
187 -0.00000 -1.81781e-07 |188  0.00003  1.53397e-03 |189  0.00232  1.56451e-03
190 -0.01045  1.59885e-03 |191  0.00866  1.54364e-03 |192  0.00652  1.47069e-03
193 -0.02454  1.47248e-03 |194  0.01846  1.50010e-03 |195  0.00013  1.57245e-03
196 -0.02839  1.59921e-03 |197  0.01805  1.58922e-03 |198 -0.00265  1.59123e-03
199 -0.00083  1.59002e-03 |200 -0.00140  1.51320e-03 |201  0.00830  1.38699e-03
202 -0.00996  1.36965e-03 |203  0.00425  1.24595e-03 |204  0.00284  1.25023e-03
205  0.00146  1.15906e-03 |206 -0.00670  1.04894e-03 |207  0.01014  8.84516e-04
208 -0.00969  9.06387e-04 |209  0.00338  7.71854e-04 |210 -0.00010  6.56333e-04
211  0.01015  6.78518e-04 |212 -0.02419  5.35895e-04 |213  0.01638  4.89920e-04
214 -0.00770  3.06134e-04 |215  0.00383  1.96783e-04 |216 -0.00069  3.10867e-04
217  0.00683  2.14519e-04 |218 -0.00770  1.40744e-04 |219 -0.00022  1.29580e-04
220  0.01235  1.42342e-04 |221 -0.00508  9.49173e-05 |222 -0.00246  6.26744e-05
223  0.00077  5.19076e-05 |224 -0.00042  3.49195e-05 |225  0.00222 -4.23390e-05
226 -0.01681 -6.73346e-05 |227  0.00872 -9.74491e-05 |228  0.00790 -1.32805e-04
229 -0.00740 -1.12185e-04 |230  0.00733 -8.76306e-05 |231 -0.00391 -9.27470e-05
232 -0.00536 -9.57428e-05 |233  0.00637 -1.23233e-04 |234 -0.00452  2.32446e-04
235  0.00312  3.20098e-04 |236  0.00174  2.36630e-04 |237 -0.00460  2.05402e-04
238 -0.00705  1.70457e-04 |239  0.01255  1.26867e-04 |240 -0.00969  7.38008e-05
241  0.00338 -1.51689e-05 |242  0.01230 -5.47399e-05 |243  0.00521 -4.65324e-05
244 -0.00959 -5.36819e-05 |245 -0.01342 -1.00620e-04 |246  0.01077 -2.31559e-04
247  0.00477 -2.49427e-04 |248 -0.00681 -2.82768e-04 |249 -0.00177 -2.79120e-04
250  0.00371 -2.77756e-04 |251 -0.00487 -2.04159e-04 |252  0.00637 -1.21364e-04
253 -0.02280 -5.78873e-05 |254  0.00000 -1.82593e-06 |255  0.00000  4.51879e-07
256  0.00002  6.80490e-04 |257  0.00327  7.09201e-04 |258 -0.00274  7.92901e-04
259 -0.00148  7.90317e-04 |260  0.00340  8.23048e-04 |261  0.01767  9.05710e-04
262 -0.01672  9.64585e-04 |263  0.00617  1.13335e-03 |264 -0.00012  1.20611e-03
265 -0.02518  1.18451e-03 |266  0.01220  1.20849e-03 |267 -0.01064  1.23797e-03
268  0.00012  1.19426e-03 |269 -0.00128  1.09700e-03 |270  0.00308  1.10014e-03
271 -0.00221  1.00529e-03 |272  0.00178  9.99729e-04 |273  0.00056  9.72532e-04
274  0.00384  1.01054e-03 |275 -0.00008  9.56299e-04 |276 -0.00201  9.74452e-04
277  0.00037  8.76699e-04 |278  0.00157  8.42883e-04 |279  0.00249  7.87929e-04
280  0.00578  7.08671e-04 |281 -0.01415  6.97296e-04 |282  0.00746  6.92112e-04
283 -0.00219  7.10710e-04 |284  0.00014  7.98875e-04 |285  0.00401  7.67248e-04
286 -0.00258  7.24291e-04 |287 -0.00078  7.58950e-04 |288 -0.00247  8.02160e-04
289  0.00740  7.75293e-04 |290  0.00592  7.29125e-04 |291 -0.00772  7.52746e-04
292 -0.00021  7.66100e-04 |293  0.00231  6.77421e-04 |294  0.00714  6.97099e-04
295 -0.00919  6.45260e-04 |296 -0.00354  6.26478e-04 |297 -0.00099  6.12755e-04
298 -0.00145  6.10324e-04 |299  0.00606  5.95454e-04 |300  0.00176  5.48188e-04
301 -0.00645  5.28696e-04 |302  0.00374  6.92466e-04 |303 -0.00316  7.31028e-04
304  0.00415  6.94048e-04 |305 -0.00139  6.86874e-04 |306  0.00051  6.30919e-04
307 -0.00384  6.08366e-04 |308  0.00789  5.93532e-04 |309 -0.00221  4.53560e-04
310 -0.00464  3.93117e-04 |311  0.00670  3.97703e-04 |312  0.00480  4.17115e-04
313  0.00237  3.91380e-04 |314 -0.00988  2.75712e-04 |315  0.00270  2.79127e-04
316  0.00101  2.13141e-04 |317  0.00039  1.39319e-04 |318  0.00011  1.07242e-04
319  0.00072  1.05711e-04 |320 -0.00534  8.30743e-05 |321  0.01661 -2.15056e-05
322  0.00000  1.66049e-06 |323  0.00000  2.02819e-06 |
Estimating row 1 out of 323 for hessian
Estimating row 2 out of 323 for hessian
Estimating row 3 out of 323 for hessian
Estimating row 4 out of 323 for hessian
Estimating row 5 out of 323 for hessian
Estimating row 6 out of 323 for hessian
Estimating row 7 out of 323 for hessian
Estimating row 8 out of 323 for hessian
Estimating row 9 out of 323 for hessian
Estimating row 10 out of 323 for hessian
Estimating row 11 out of 323 for hessian
Estimating row 12 out of 323 for hessian
Estimating row 13 out of 323 for hessian
Estimating row 14 out of 323 for hessian
Estimating row 15 out of 323 for hessian
Estimating row 16 out of 323 for hessian
Estimating row 17 out of 323 for hessian
Estimating row 18 out of 323 for hessian
Estimating row 19 out of 323 for hessian
Estimating row 20 out of 323 for hessian
Estimating row 21 out of 323 for hessian
Estimating row 22 out of 323 for hessian
Estimating row 23 out of 323 for hessian
Estimating row 24 out of 323 for hessian
Estimating row 25 out of 323 for hessian
Estimating row 26 out of 323 for hessian
Estimating row 27 out of 323 for hessian
Estimating row 28 out of 323 for hessian
Estimating row 29 out of 323 for hessian
Estimating row 30 out of 323 for hessian
Estimating row 31 out of 323 for hessian
Estimating row 32 out of 323 for hessian
Estimating row 33 out of 323 for hessian
Estimating row 34 out of 323 for hessian
Estimating row 35 out of 323 for hessian
Estimating row 36 out of 323 for hessian
Estimating row 37 out of 323 for hessian
Estimating row 38 out of 323 for hessian
Estimating row 39 out of 323 for hessian
Estimating row 40 out of 323 for hessian
Estimating row 41 out of 323 for hessian
Estimating row 42 out of 323 for hessian
Estimating row 43 out of 323 for hessian
Estimating row 44 out of 323 for hessian
Estimating row 45 out of 323 for hessian
Estimating row 46 out of 323 for hessian
Estimating row 47 out of 323 for hessian
Estimating row 48 out of 323 for hessian
Estimating row 49 out of 323 for hessian
Estimating row 50 out of 323 for hessian
Estimating row 51 out of 323 for hessian
Estimating row 52 out of 323 for hessian
Estimating row 53 out of 323 for hessian
Estimating row 54 out of 323 for hessian
Estimating row 55 out of 323 for hessian
Estimating row 56 out of 323 for hessian
Estimating row 57 out of 323 for hessian
Estimating row 58 out of 323 for hessian
Estimating row 59 out of 323 for hessian
Estimating row 60 out of 323 for hessian
Estimating row 61 out of 323 for hessian
Estimating row 62 out of 323 for hessian
Estimating row 63 out of 323 for hessian
Estimating row 64 out of 323 for hessian
Estimating row 65 out of 323 for hessian
Estimating row 66 out of 323 for hessian
Estimating row 67 out of 323 for hessian
Estimating row 68 out of 323 for hessian
Estimating row 69 out of 323 for hessian
Estimating row 70 out of 323 for hessian
Estimating row 71 out of 323 for hessian
Estimating row 72 out of 323 for hessian
Estimating row 73 out of 323 for hessian
Estimating row 74 out of 323 for hessian
Estimating row 75 out of 323 for hessian
Estimating row 76 out of 323 for hessian
Estimating row 77 out of 323 for hessian
Estimating row 78 out of 323 for hessian
Estimating row 79 out of 323 for hessian
Estimating row 80 out of 323 for hessian
Estimating row 81 out of 323 for hessian
Estimating row 82 out of 323 for hessian
Estimating row 83 out of 323 for hessian
Estimating row 84 out of 323 for hessian
Estimating row 85 out of 323 for hessian
Estimating row 86 out of 323 for hessian
Estimating row 87 out of 323 for hessian
Estimating row 88 out of 323 for hessian
Estimating row 89 out of 323 for hessian
Estimating row 90 out of 323 for hessian
Estimating row 91 out of 323 for hessian
Estimating row 92 out of 323 for hessian
Estimating row 93 out of 323 for hessian
Estimating row 94 out of 323 for hessian
Estimating row 95 out of 323 for hessian
Estimating row 96 out of 323 for hessian
Estimating row 97 out of 323 for hessian
Estimating row 98 out of 323 for hessian
Estimating row 99 out of 323 for hessian
Estimating row 100 out of 323 for hessian
Estimating row 101 out of 323 for hessian
Estimating row 102 out of 323 for hessian
Estimating row 103 out of 323 for hessian
Estimating row 104 out of 323 for hessian
Estimating row 105 out of 323 for hessian
Estimating row 106 out of 323 for hessian
Estimating row 107 out of 323 for hessian
Estimating row 108 out of 323 for hessian
Estimating row 109 out of 323 for hessian
Estimating row 110 out of 323 for hessian
Estimating row 111 out of 323 for hessian
Estimating row 112 out of 323 for hessian
Estimating row 113 out of 323 for hessian
Estimating row 114 out of 323 for hessian
Estimating row 115 out of 323 for hessian
Estimating row 116 out of 323 for hessian
Estimating row 117 out of 323 for hessian
Estimating row 118 out of 323 for hessian
Estimating row 119 out of 323 for hessian
Estimating row 120 out of 323 for hessian
Estimating row 121 out of 323 for hessian
Estimating row 122 out of 323 for hessian
Estimating row 123 out of 323 for hessian
Estimating row 124 out of 323 for hessian
Estimating row 125 out of 323 for hessian
Estimating row 126 out of 323 for hessian
Estimating row 127 out of 323 for hessian
Estimating row 128 out of 323 for hessian
Estimating row 129 out of 323 for hessian
Estimating row 130 out of 323 for hessian
Estimating row 131 out of 323 for hessian
Estimating row 132 out of 323 for hessian
Estimating row 133 out of 323 for hessian
Estimating row 134 out of 323 for hessian
Estimating row 135 out of 323 for hessian
Estimating row 136 out of 323 for hessian
Estimating row 137 out of 323 for hessian
Estimating row 138 out of 323 for hessian
Estimating row 139 out of 323 for hessian
Estimating row 140 out of 323 for hessian
Estimating row 141 out of 323 for hessian
Estimating row 142 out of 323 for hessian
Estimating row 143 out of 323 for hessian
Estimating row 144 out of 323 for hessian
Estimating row 145 out of 323 for hessian
Estimating row 146 out of 323 for hessian
Estimating row 147 out of 323 for hessian
Estimating row 148 out of 323 for hessian
Estimating row 149 out of 323 for hessian
Estimating row 150 out of 323 for hessian
Estimating row 151 out of 323 for hessian
Estimating row 152 out of 323 for hessian
Estimating row 153 out of 323 for hessian
Estimating row 154 out of 323 for hessian
Estimating row 155 out of 323 for hessian
Estimating row 156 out of 323 for hessian
Estimating row 157 out of 323 for hessian
Estimating row 158 out of 323 for hessian
Estimating row 159 out of 323 for hessian
Estimating row 160 out of 323 for hessian
Estimating row 161 out of 323 for hessian
Estimating row 162 out of 323 for hessian
Estimating row 163 out of 323 for hessian
Estimating row 164 out of 323 for hessian
Estimating row 165 out of 323 for hessian
Estimating row 166 out of 323 for hessian
Estimating row 167 out of 323 for hessian
Estimating row 168 out of 323 for hessian
Estimating row 169 out of 323 for hessian
Estimating row 170 out of 323 for hessian
Estimating row 171 out of 323 for hessian
Estimating row 172 out of 323 for hessian
Estimating row 173 out of 323 for hessian
Estimating row 174 out of 323 for hessian
Estimating row 175 out of 323 for hessian
Estimating row 176 out of 323 for hessian
Estimating row 177 out of 323 for hessian
Estimating row 178 out of 323 for hessian
Estimating row 179 out of 323 for hessian
Estimating row 180 out of 323 for hessian
Estimating row 181 out of 323 for hessian
Estimating row 182 out of 323 for hessian
Estimating row 183 out of 323 for hessian
Estimating row 184 out of 323 for hessian
Estimating row 185 out of 323 for hessian
Estimating row 186 out of 323 for hessian
Estimating row 187 out of 323 for hessian
Estimating row 188 out of 323 for hessian
Estimating row 189 out of 323 for hessian
Estimating row 190 out of 323 for hessian
Estimating row 191 out of 323 for hessian
Estimating row 192 out of 323 for hessian
Estimating row 193 out of 323 for hessian
Estimating row 194 out of 323 for hessian
Estimating row 195 out of 323 for hessian
Estimating row 196 out of 323 for hessian
Estimating row 197 out of 323 for hessian
Estimating row 198 out of 323 for hessian
Estimating row 199 out of 323 for hessian
Estimating row 200 out of 323 for hessian
Estimating row 201 out of 323 for hessian
Estimating row 202 out of 323 for hessian
Estimating row 203 out of 323 for hessian
Estimating row 204 out of 323 for hessian
Estimating row 205 out of 323 for hessian
Estimating row 206 out of 323 for hessian
Estimating row 207 out of 323 for hessian
Estimating row 208 out of 323 for hessian
Estimating row 209 out of 323 for hessian
Estimating row 210 out of 323 for hessian
Estimating row 211 out of 323 for hessian
Estimating row 212 out of 323 for hessian
Estimating row 213 out of 323 for hessian
Estimating row 214 out of 323 for hessian
Estimating row 215 out of 323 for hessian
Estimating row 216 out of 323 for hessian
Estimating row 217 out of 323 for hessian
Estimating row 218 out of 323 for hessian
Estimating row 219 out of 323 for hessian
Estimating row 220 out of 323 for hessian
Estimating row 221 out of 323 for hessian
Estimating row 222 out of 323 for hessian
Estimating row 223 out of 323 for hessian
Estimating row 224 out of 323 for hessian
Estimating row 225 out of 323 for hessian
Estimating row 226 out of 323 for hessian
Estimating row 227 out of 323 for hessian
Estimating row 228 out of 323 for hessian
Estimating row 229 out of 323 for hessian
Estimating row 230 out of 323 for hessian
Estimating row 231 out of 323 for hessian
Estimating row 232 out of 323 for hessian
Estimating row 233 out of 323 for hessian
Estimating row 234 out of 323 for hessian
Estimating row 235 out of 323 for hessian
Estimating row 236 out of 323 for hessian
Estimating row 237 out of 323 for hessian
Estimating row 238 out of 323 for hessian
Estimating row 239 out of 323 for hessian
Estimating row 240 out of 323 for hessian
Estimating row 241 out of 323 for hessian
Estimating row 242 out of 323 for hessian
Estimating row 243 out of 323 for hessian
Estimating row 244 out of 323 for hessian
Estimating row 245 out of 323 for hessian
Estimating row 246 out of 323 for hessian
Estimating row 247 out of 323 for hessian
Estimating row 248 out of 323 for hessian
Estimating row 249 out of 323 for hessian
Estimating row 250 out of 323 for hessian
Estimating row 251 out of 323 for hessian
Estimating row 252 out of 323 for hessian
Estimating row 253 out of 323 for hessian
Estimating row 254 out of 323 for hessian
Estimating row 255 out of 323 for hessian
Estimating row 256 out of 323 for hessian
Estimating row 257 out of 323 for hessian
Estimating row 258 out of 323 for hessian
Estimating row 259 out of 323 for hessian
Estimating row 260 out of 323 for hessian
Estimating row 261 out of 323 for hessian
Estimating row 262 out of 323 for hessian
Estimating row 263 out of 323 for hessian
Estimating row 264 out of 323 for hessian
Estimating row 265 out of 323 for hessian
Estimating row 266 out of 323 for hessian
Estimating row 267 out of 323 for hessian
Estimating row 268 out of 323 for hessian
Estimating row 269 out of 323 for hessian
Estimating row 270 out of 323 for hessian
Estimating row 271 out of 323 for hessian
Estimating row 272 out of 323 for hessian
Estimating row 273 out of 323 for hessian
Estimating row 274 out of 323 for hessian
Estimating row 275 out of 323 for hessian
Estimating row 276 out of 323 for hessian
Estimating row 277 out of 323 for hessian
Estimating row 278 out of 323 for hessian
Estimating row 279 out of 323 for hessian
Estimating row 280 out of 323 for hessian
Estimating row 281 out of 323 for hessian
Estimating row 282 out of 323 for hessian
Estimating row 283 out of 323 for hessian
Estimating row 284 out of 323 for hessian
Estimating row 285 out of 323 for hessian
Estimating row 286 out of 323 for hessian
Estimating row 287 out of 323 for hessian
Estimating row 288 out of 323 for hessian
Estimating row 289 out of 323 for hessian
Estimating row 290 out of 323 for hessian
Estimating row 291 out of 323 for hessian
Estimating row 292 out of 323 for hessian
Estimating row 293 out of 323 for hessian
Estimating row 294 out of 323 for hessian
Estimating row 295 out of 323 for hessian
Estimating row 296 out of 323 for hessian
Estimating row 297 out of 323 for hessian
Estimating row 298 out of 323 for hessian
Estimating row 299 out of 323 for hessian
Estimating row 300 out of 323 for hessian
Estimating row 301 out of 323 for hessian
Estimating row 302 out of 323 for hessian
Estimating row 303 out of 323 for hessian
Estimating row 304 out of 323 for hessian
Estimating row 305 out of 323 for hessian
Estimating row 306 out of 323 for hessian
Estimating row 307 out of 323 for hessian
Estimating row 308 out of 323 for hessian
Estimating row 309 out of 323 for hessian
Estimating row 310 out of 323 for hessian
Estimating row 311 out of 323 for hessian
Estimating row 312 out of 323 for hessian
Estimating row 313 out of 323 for hessian
Estimating row 314 out of 323 for hessian
Estimating row 315 out of 323 for hessian
Estimating row 316 out of 323 for hessian
Estimating row 317 out of 323 for hessian
Estimating row 318 out of 323 for hessian
Estimating row 319 out of 323 for hessian
Estimating row 320 out of 323 for hessian
Estimating row 321 out of 323 for hessian
Estimating row 322 out of 323 for hessian
Estimating row 323 out of 323 for hessian
size of file gradfil1.tmp = 0
size of file gradfil2.tmp = 0
size of file varssave.tmp = 0
size of file cmpdiff.tmp = 0
