
Initial statistics: 25 variables; iteration 0; function evaluation 0; phase 1
Function value 5.2491190e+05; maximum gradient component mag 1.5648e+07
Var    Value     Gradient |Var    Value     Gradient |Var    Value     Gradient
  1  0.15626  1.56477e+07 |  2 -0.41094  7.37069e+02 |  3 -0.81158 -7.39203e+03
  4 -0.81158  3.01781e+05 |  5 -0.81158  2.31535e+04 |  6 -0.81158  1.50566e+05
  7 -0.81158  6.33671e+04 |  8 -0.81158  1.23800e+05 |  9 -0.81158  4.87568e+05
 10 -0.81158  2.51027e+05 | 11 -0.81158  3.41821e+03 | 12 -0.81158  9.69081e+04
 13 -0.81158 -2.06382e+04 | 14 -0.81158 -9.97447e+03 | 15 -0.81158 -1.47282e+03
 16 -0.81158  4.43886e+04 | 17 -0.81158  1.66633e+05 | 18 -0.81158  6.71596e+04
 19 -0.81158  5.62044e+04 | 20 -0.81158  6.00960e+04 | 21 -0.81158  2.89773e+05
 22 -0.81158  2.27083e+05 | 23 -0.81158  7.02239e+05 | 24 -0.81158  2.72667e+06
 25 -0.81158  2.65952e+06 |

Intermediate statistics: 25 variables; iteration 20; function evaluation 58; phase 1
Function value 8.8969381e+04; maximum gradient component mag 5.0619e+04
Var    Value     Gradient |Var    Value     Gradient |Var    Value     Gradient
  1 -1.96312  5.06188e+04 |  2 -293.1899 -6.19611e+01 |  3 -60.70192  1.31796e+02
  4 -80.53118  2.20630e+02 |  5 -85.52788 -2.77952e+02 |  6 -52.41414  2.08685e+02
  7 -58.03973 -2.90796e+02 |  8 -51.59497  2.50674e+02 |  9 -25.14019 -8.06143e+01
 10 -33.71640 -3.08279e+02 | 11 -60.44523  2.59739e+02 | 12 -64.39626  3.40611e+02
 13 -88.73134  1.96257e+02 | 14 -80.84550  1.16880e+02 | 15 -60.61523  2.35330e+02
 16 -49.22415 -1.59923e+02 | 17 -25.20704 -1.48218e+02 | 18 -25.44992 -2.80650e+02
 19 -12.50347  2.42769e+02 | 20  7.10517  7.19934e+01 | 21 66.39683 -3.56441e+02
 22 83.11075  6.74233e+01 | 23 13.26441 -8.99578e+01 | 24 75.12704  3.20458e+01
 25 -56.39379  5.14027e+01 |
25 variables; iteration 40; function evaluation 82; phase 1
Function value 8.7482823e+04; maximum gradient component mag 1.6803e+04
Var    Value     Gradient |Var    Value     Gradient |Var    Value     Gradient
  1 -1.96432  1.68029e+04 |  2 -293.2627 -1.74417e+02 |  3 -60.99027  4.65529e+00
  4 -80.98693  7.12486e+00 |  5 -85.00760 -4.90745e+00 |  6 -52.99552  2.00605e+00
  7 -56.99405  2.95993e+00 |  8 -52.98582  7.61325e+00 |  9 -24.97884  1.39417e+01
 10 -32.97686  1.41693e+01 | 11 -61.01149 -6.40368e+00 | 12 -65.00076 -5.21702e-01
 13 -89.00490 -3.90291e+00 | 14 -81.00088 -7.11133e-01 | 15 -61.00216 -1.48486e+00
 16 -48.98654  1.02768e+01 | 17 -24.99073  7.10816e+00 | 18 -24.98946  7.63954e+00
 19 -12.98087  1.07659e+01 | 20  7.00506  3.58792e+00 | 21 67.01709  1.22506e+01
 22 83.02060  1.30990e+01 | 23 12.92805  2.60359e+01 | 24 75.19643  5.07695e+01
 25 -56.40658  5.30466e+01 |
Maximum number of function evaluations exceeded

 - final statistics:
25 variables; iteration 55; function evaluation 100
Function value 8.7223e+04; maximum gradient component mag -2.4804e+04
Exit code = 3;  converg criter 1.0000e+01
Var    Value     Gradient |Var    Value     Gradient |Var    Value     Gradient
  1 -1.96508 -2.48035e+04 |  2 -293.3047  2.87021e+02 |  3 -61.09094 -4.38338e+01
  4 -80.91433  4.70240e+01 |  5 -84.95394  2.99673e+01 |  6 -52.95513  2.03229e+01
  7 -56.93843  3.09299e+01 |  8 -52.94399  3.03349e+01 |  9 -24.86359  8.97843e+01
 10 -33.02966 -1.83075e+01 | 11 -60.99275  4.08298e+00 | 12 -65.00967 -6.74639e+00
 13 -89.02226 -1.78589e+01 | 14 -80.94609  4.37020e+01 | 15 -61.00255 -1.76985e+00
 16 -49.03251 -2.49991e+01 | 17 -24.95079  3.79826e+01 | 18 -25.03014 -2.20550e+01
 19 -13.07868 -4.46772e+01 | 20  7.04594  3.29366e+01 | 21 67.01019  7.47374e+00
 22 83.01375  9.18654e+00 | 23 11.06684  2.65120e+01 | 24 75.26928  7.21384e+01
 25 -56.02357  6.60553e+01 |

Initial statistics: 33 variables; iteration 0; function evaluation 0; phase 2
Function value 8.7222926e+04; maximum gradient component mag 2.4804e+04
Var    Value     Gradient |Var    Value     Gradient |Var    Value     Gradient
  1 -0.03492  2.48035e+04 |  2  0.00000  1.41541e+01 |  3  0.00000 -2.57871e+01
  4  0.00000  5.49459e+01 |  5  0.00000  9.79798e+01 |  6  0.00000 -7.71359e+01
  7  0.00000 -4.30746e+01 |  8  0.00000  2.85879e+02 |  9  0.00000  3.50637e+02
 10 -0.69530 -2.87021e+02 | 11 -0.90906  4.38338e+01 | 12 -0.91433  4.70240e+01
 13 -0.95394  2.99673e+01 | 14 -0.95513  2.03229e+01 | 15 -0.93843  3.09299e+01
 16 -0.94399  3.03349e+01 | 17 -0.86359  8.97843e+01 | 18 -0.97034  1.83075e+01
 19 -0.99275  4.08298e+00 | 20 -0.99033  6.74639e+00 | 21 -0.97774  1.78589e+01
 22 -0.94609  4.37020e+01 | 23 -0.99745  1.76985e+00 | 24 -0.96749  2.49991e+01
 25 -0.95079  3.79826e+01 | 26 -0.96986  2.20550e+01 | 27 -0.92132  4.46772e+01
 28 -0.95406  3.29366e+01 | 29 -0.98981  7.47374e+00 | 30 -0.98625  9.18654e+00
 31 -0.93316  2.65120e+01 | 32 -0.73072  7.21384e+01 | 33 -0.02357  6.60553e+01

Intermediate statistics: 33 variables; iteration 20; function evaluation 30; phase 2
Function value 8.7037970e+04; maximum gradient component mag 1.8652e+05
Var    Value     Gradient |Var    Value     Gradient |Var    Value     Gradient
  1 -0.04658  1.86521e+05 |  2  0.13697  1.17023e+03 |  3  0.16911  1.94361e+03
  4  0.15150  2.37126e+03 |  5  0.10438  2.14932e+03 |  6  0.08814  2.22364e+03
  7  0.08978  2.96422e+03 |  8  0.08811  4.05200e+03 |  9  0.08908  4.83877e+03
 10 -0.67488 -2.67775e+03 | 11 -1.07430 -3.69909e+01 | 12 -1.04399 -2.50756e+01
 13 -0.96475  2.38237e+01 | 14 -1.01240 -5.88704e+00 | 15 -1.05982 -3.13425e+01
 16 -1.03525 -1.98572e+01 | 17 -0.90116  6.74125e+01 | 18 -0.98169  1.17104e+01
 19 -1.00196 -1.14572e+00 | 20 -0.99847  1.09673e+00 | 21 -0.99393  5.00467e+00
 22 -0.90114  8.21206e+01 | 23 -1.00024 -1.67050e-01 | 24 -1.05823 -4.59921e+01
 25 -1.08716 -6.89196e+01 | 26 -1.02788 -2.09439e+01 | 27 -1.01453 -8.54947e+00
 28 -1.01865 -1.37294e+01 | 29 -1.00931 -6.98028e+00 | 30 -0.99031  6.59900e+00
 31 -0.84415  6.29170e+01 | 32 -0.83554  4.56991e+01 | 33 -0.87373  1.29392e+01
33 variables; iteration 40; function evaluation 62; phase 2
Function value 8.6969365e+04; maximum gradient component mag 9.1806e+04
Var    Value     Gradient |Var    Value     Gradient |Var    Value     Gradient
  1 -0.05129  9.18058e+04 |  2  0.17755  6.92815e+02 |  3  0.18130  9.03364e+02
  4  0.14077  9.47359e+02 |  5  0.12872  1.11066e+03 |  6  0.14860  1.41233e+03
  7  0.12296  1.47096e+03 |  8  0.11193  1.96847e+03 |  9  0.12166  2.47714e+03
 10 -0.75143 -1.42453e+03 | 11 -0.99755  1.21006e+00 | 12 -0.97774  1.25775e+01
 13 -0.98687  8.79297e+00 | 14 -0.98975  4.81128e+00 | 15 -0.97948  1.06509e+01
 16 -0.98334  9.29745e+00 | 17 -1.00538 -3.65675e+00 | 18 -1.00650 -4.12266e+00
 19 -0.99973  1.52227e-01 | 20 -0.98887  7.94393e+00 | 21 -1.00503 -4.11826e+00
 22 -1.00710 -5.88292e+00 | 23 -0.97858  1.52099e+01 | 24 -0.97364  2.07016e+01
 25 -0.98932  8.41389e+00 | 26 -1.00592 -4.41957e+00 | 27 -1.01005 -5.86262e+00
 28 -0.99105  6.54388e+00 | 29 -1.00198 -1.47675e+00 | 30 -1.00711 -4.81726e+00
 31 -1.01494 -6.04345e+00 | 32 -1.01536 -4.27585e+00 | 33 -1.00911 -9.23012e-01
33 variables; iteration 60; function evaluation 83; phase 2
Function value 8.6891517e+04; maximum gradient component mag 5.6721e+02
Var    Value     Gradient |Var    Value     Gradient |Var    Value     Gradient
  1 -0.05974  5.67211e+02 |  2  0.36907  8.72862e-01 |  3  0.33261  5.05064e-01
  4  0.15781  1.64039e+01 |  5  0.11908  2.52594e+01 |  6  0.28372  5.13320e+00
  7  0.22338 -1.44049e+01 |  8  0.12321  1.87750e+01 |  9  0.18295  1.50414e+01
 10 -0.55978  7.69759e+00 | 11 -1.00000  3.06893e-01 | 12 -0.99945  3.06490e-01
 13 -0.99981  1.22281e-01 | 14 -0.99978  9.78258e-02 | 15 -0.99945  2.79224e-01
 16 -0.99956  2.39317e-01 | 17 -1.00057 -3.84013e-01 | 18 -1.00049 -3.08364e-01
 19 -1.00081 -4.60870e-01 | 20 -0.99974  1.80162e-01 | 21 -1.00036 -2.89772e-01
 22 -1.00054 -4.43874e-01 | 23 -0.99919  5.70911e-01 | 24 -0.99941  4.57855e-01
 25 -0.99977  1.76143e-01 | 26 -1.00031 -2.28056e-01 | 27 -1.00065 -3.74272e-01
 28 -1.00020 -1.43347e-01 | 29 -0.99982  1.26239e-01 | 30 -1.00046 -3.10367e-01
 31 -1.00052 -2.07942e-01 | 32 -1.00095 -2.61995e-01 | 33 -1.00063 -6.13563e-02
Maximum number of function evaluations exceeded

 - final statistics:
33 variables; iteration 77; function evaluation 100
Function value 8.6890e+04; maximum gradient component mag 3.6050e+03
Exit code = 3;  converg criter 1.0000e+01
Var    Value     Gradient |Var    Value     Gradient |Var    Value     Gradient
  1 -0.06006  3.60499e+03 |  2  0.35700  4.27346e+01 |  3  0.35898  5.34742e+01
  4  0.09897  1.44668e+01 |  5  0.06315  1.69614e+01 |  6  0.28903  9.46219e+01
  7  0.23338  9.51280e+01 |  8  0.11779  6.16161e+01 |  9  0.18669  1.19610e+02
 10 -0.57160 -6.83065e+01 | 11 -0.99997 -1.43087e-02 | 12 -0.99980  1.04901e-01
 13 -1.00020 -1.30889e-01 | 14 -0.99999 -7.25150e-02 | 15 -0.99990  4.46884e-02
 16 -0.99986  6.83562e-02 | 17 -1.00031 -2.08835e-01 | 18 -1.00021 -1.29077e-01
 19 -1.00008 -3.50710e-02 | 20 -0.99985  9.87471e-02 | 21 -1.00018 -1.45508e-01
 22 -1.00032 -2.60510e-01 | 23 -0.99977  1.55441e-01 | 24 -0.99975  1.90162e-01
 25 -0.99997  4.41297e-04 | 26 -0.99996  2.09122e-03 | 27 -1.00014 -7.18203e-02
 28 -0.99949  3.72195e-01 | 29 -0.99997  7.98332e-04 | 30 -1.00020 -1.27357e-01
 31 -1.00037 -1.46702e-01 | 32 -1.00062 -1.69429e-01 | 33 -1.00090 -8.85891e-02

Initial statistics: 101 variables; iteration 0; function evaluation 0; phase 3
Function value 8.6890075e+04; maximum gradient component mag -1.0826e+04
Var    Value     Gradient |Var    Value     Gradient |Var    Value     Gradient
  1 -0.06006  3.60499e+03 |  2  0.35700  4.27346e+01 |  3  0.35898  5.34742e+01
  4  0.09897  1.44668e+01 |  5  0.06315  1.69614e+01 |  6  0.28903  9.46219e+01
  7  0.23338  9.51280e+01 |  8  0.11779  6.16161e+01 |  9  0.18669  1.19610e+02
 10  0.00000 -1.54314e+03 | 11  0.00000 -2.40055e+03 | 12  0.00000 -1.33512e+03
 13  0.00000 -1.17025e+03 | 14  0.00000 -9.52467e+02 | 15  0.00000 -1.05128e+03
 16  0.00000 -2.88769e+03 | 17  0.00000 -1.52642e+03 | 18  0.00000 -1.02402e+03
 19  0.00000 -1.05962e+03 | 20  0.00000 -9.54944e+02 | 21  0.00000 -4.35208e+02
 22  0.00000 -1.35540e+03 | 23  0.00000 -3.54289e+02 | 24  0.00000  9.88032e+02
 25  0.00000 -9.93423e+02 | 26  0.00000 -1.91482e+03 | 27  0.00000  1.98892e+03
 28  0.00000 -4.48656e+01 | 29  0.00000 -9.18974e+02 | 30  0.00000  4.01838e+03
 31  0.00000  2.66635e+03 | 32  0.00000  1.44947e+03 | 33  0.00000  7.04267e+03
 34  0.00000  4.77261e+03 | 35  0.00000  3.06705e+03 | 36  0.00000  8.98413e+03
 37  0.00000  6.22293e+03 | 38  0.00000  3.00844e+03 | 39  0.00000  9.68119e+03
 40  0.00000  6.93798e+03 | 41  0.00000  2.69427e+03 | 42  0.00000  9.88577e+03
 43  0.00000  9.16587e+03 | 44  0.00000  6.31000e+02 | 45  0.00000  6.18216e+03
 46  0.00000  1.49690e+03 | 47  0.00000  1.63695e+03 | 48  0.00000  1.97666e+03
 49  0.00000 -5.57460e+03 | 50  0.00000 -1.21979e+03 | 51  0.00000 -1.93644e+03
 52  0.00000 -3.07214e+03 | 53  0.00000 -7.68936e+02 | 54  0.00000 -5.40715e+03
 55  0.00000 -3.61005e+03 | 56  0.00000  6.77209e+02 | 57  0.00000  8.14857e+02
 58  0.00000 -7.41424e+03 | 59  0.00000 -4.17552e+02 | 60  0.00000 -2.12313e+03
 61  0.00000 -1.64059e+03 | 62  0.00000 -4.76027e+03 | 63  0.00000 -6.55386e+03
 64  0.00000  3.21811e+02 | 65  0.00000 -1.64049e+03 | 66  0.00000 -4.34564e+03
 67  0.00000 -3.52944e+03 | 68  0.00000 -1.89378e+03 | 69  0.00000 -2.01297e+03
 70  0.00000 -2.09842e+03 | 71  0.00000 -1.08261e+04 | 72  0.00000  2.10664e+02
 73  0.00000  5.91646e+02 | 74  0.00000 -9.16154e+02 | 75  0.00000 -2.53307e+03
 76  0.00000  8.51515e+02 | 77  0.00000 -1.74818e+03 | 78 -0.57160 -6.83065e+01
 79 -0.99997 -1.43087e-02 | 80 -0.99980  1.04901e-01 | 81 -0.99980  1.30889e-01
 82 -0.99999 -7.25149e-02 | 83 -0.99990  4.46884e-02 | 84 -0.99986  6.83562e-02
 85 -0.99969  2.08835e-01 | 86 -0.99979  1.29077e-01 | 87 -0.99992  3.50710e-02
 88 -0.99985  9.87471e-02 | 89 -0.99982  1.45508e-01 | 90 -0.99968  2.60510e-01
 91 -0.99977  1.55441e-01 | 92 -0.99975  1.90162e-01 | 93 -0.99997  4.41301e-04
 94 -0.99996  2.09123e-03 | 95 -0.99986  7.18203e-02 | 96 -0.99949  3.72195e-01
 97 -0.99997  7.98336e-04 | 98 -0.99980  1.27357e-01 | 99 -0.99963  1.46702e-01
100 -0.99938  1.69429e-01 |101 -0.99910  8.85891e-02 |

Intermediate statistics: 101 variables; iteration 20; function evaluation 33; phase 3
Function value 7.2032297e+04; maximum gradient component mag 1.1376e+05
Var    Value     Gradient |Var    Value     Gradient |Var    Value     Gradient
  1 -0.13538  1.13755e+05 |  2  0.39079 -7.48430e+01 |  3  0.44831 -1.40196e+02
  4  0.08035 -1.79219e+01 |  5  0.02950 -9.74357e+00 |  6  0.41603 -1.71942e+01
  7  0.32949 -2.52488e+01 |  8  0.11486 -7.18192e+01 |  9  0.26457  6.95555e+01
 10  0.17697 -7.18448e+02 | 11  0.43063 -2.90458e+02 | 12 -0.03063 -7.40783e+02
 13  0.06931 -8.03699e+02 | 14 -0.18943 -7.73164e+02 | 15 -0.11763 -7.27729e+02
 16  0.53919  1.81696e+03 | 17  0.29754  2.68794e+02 | 18  0.19953 -7.30550e+01
 19  0.24930  2.73530e+02 | 20  0.28478  7.06192e+02 | 21  0.19292  2.23750e+02
 22  0.27989  8.92387e+02 | 23  0.24010  1.19671e+03 | 24  0.32560  2.84128e+03
 25 -0.04427 -1.08122e+03 | 26 -0.81825 -2.69355e+02 | 27  0.34068  6.35274e+03
 28  0.20001  2.07560e+03 | 29  0.13067  9.74207e+02 | 30  0.29155  8.11004e+03
 31  0.13909  2.82768e+03 | 32  0.03899  3.39308e+02 | 33  0.15087  3.63888e+03
 34  0.12527  3.21030e+03 | 35 -0.13397 -6.06928e+02 | 36 -0.15652 -4.38433e+02
 37 -0.07488  5.24425e+02 | 38 -0.19350 -1.10960e+02 | 39 -0.29567  4.89283e+03
 40 -0.45399  1.76719e+03 | 41 -0.81829  8.03822e+00 | 42 -0.41433  5.55334e+03
 43 -0.55402 -6.48056e+02 | 44 -0.08273  1.76370e+03 | 45 -0.12723  2.50407e+03
 46 -0.21385 -2.21437e+03 | 47 -0.05097  1.01376e+03 | 48 -0.02437  2.31857e+02
 49  0.20896 -1.12908e+03 | 50  0.08190  3.94089e+02 | 51  0.02347 -8.04813e+02
 52 -0.02646 -2.43946e+03 | 53  0.02860  1.34540e+02 | 54  0.13575 -5.80019e+02
 55 -0.00252 -2.63585e+03 | 56 -0.05762 -6.14146e+02 | 57 -0.13063 -1.74255e+03
 58  0.07257 -2.81984e+03 | 59 -0.04768 -8.72511e+02 | 60 -0.03434 -2.39204e+03
 61 -0.05481 -3.19000e+03 | 62  0.13296  1.10118e+03 | 63  0.10537 -2.21024e+03
 64 -0.10361 -2.34096e+03 | 65 -0.00672 -7.52716e+02 | 66  0.02408 -1.95601e+03
 67  0.06056 -2.21292e+02 | 68 -0.09338 -3.21221e+03 | 69  0.00167 -1.97769e+03
 70  0.07284  2.63997e+02 | 71  0.18112 -3.07711e+03 | 72 -0.10794 -1.81519e+03
 73 -0.06838 -7.71746e+02 | 74 -0.14034 -2.84548e+03 | 75 -0.00418 -9.53755e+02
 76 -0.13592 -1.59990e+03 | 77 -0.02445 -1.41951e+03 | 78 -0.35677  2.08485e+02
 79 -0.99996  2.43935e-04 | 80 -0.99989  4.91226e-02 | 81 -0.99989  6.14339e-02
 82 -0.99995  5.94995e-03 | 83 -0.99993  2.16294e-02 | 84 -0.99992  3.07380e-02
 85 -0.99987  7.02704e-02 | 86 -0.99989  5.00366e-02 | 87 -0.99995  9.59993e-03
 88 -0.99993  2.90451e-02 | 89 -0.99993  3.90236e-02 | 90 -0.99992  5.65087e-02
 91 -0.99991  5.01655e-02 | 92 -0.99991  4.89852e-02 | 93 -0.99996  3.11441e-03
 94 -0.99996  4.92360e-03 | 95 -0.99993  2.55257e-02 | 96 -0.99978  1.28233e-01
 97 -0.99996  6.17279e-03 | 98 -0.99994  3.39259e-02 | 99 -0.99983  8.95569e-02
100 -0.99960  1.32039e-01 |101 -0.99924  1.08100e-01 |
101 variables; iteration 40; function evaluation 58; phase 3
Function value 7.1732508e+04; maximum gradient component mag 2.2172e+04
Var    Value     Gradient |Var    Value     Gradient |Var    Value     Gradient
  1 -0.13590  2.21715e+04 |  2  0.47959 -3.72114e+01 |  3  1.28999  8.88735e+01
  4 -0.31765 -5.76670e+01 |  5 -0.51652 -6.78407e+01 |  6  0.46401 -5.06892e+01
  7  0.40745 -1.32026e+02 |  8 -0.39510 -7.28467e+01 |  9  0.19785 -2.17474e+02
 10  0.24503 -8.31730e+00 | 11  0.44844 -7.67920e+00 | 12  0.08868  5.40059e+01
 13  0.27718  3.38942e+02 | 14 -1.21820  4.84420e+01 | 15  0.05631  1.03526e+02
 16  0.49423  2.68421e+02 | 17  0.30698  3.64847e+02 | 18  0.21232  3.02998e+02
 19  0.29090  4.89140e+02 | 20  0.32328  5.73611e+02 | 21  0.24304  4.48703e+02
 22  0.28954  1.65366e+02 | 23  0.22659  4.81095e+02 | 24  0.32875  1.00291e+03
 25  0.19926 -4.56372e+02 | 26 -1.07680  2.07533e+01 | 27  0.32034  1.59552e+03
 28  0.23187  4.67161e+02 | 29  0.16016 -4.08288e+01 | 30  0.26153  1.59064e+03
 31  0.14796  8.90622e+02 | 32  0.06216 -3.39109e+02 | 33  0.13953  3.46380e+02
 34  0.10713 -1.62159e+02 | 35 -0.29132 -3.63625e+02 | 36 -0.18009 -3.35331e+02
 37 -0.10797 -1.66245e+02 | 38 -0.19408  5.67969e+01 | 39 -0.31692  5.12851e+03
 40 -0.52223  5.36385e+02 | 41 -0.84033  1.62284e+01 | 42 -0.44168  4.85698e+03
 43 -0.49248 -2.40655e+01 | 44 -0.07313  3.11141e+02 | 45 -0.13304  2.03193e+03
 46 -0.20977 -1.51410e+03 | 47 -0.06292  6.98065e+02 | 48 -0.02608  7.51420e+02
 49  0.19264 -4.15818e+02 | 50  0.08148  1.39884e+03 | 51  0.03233  1.97124e+02
 52 -0.02733 -1.48480e+03 | 53  0.04899  2.04195e+03 | 54  0.11440 -3.96771e+02
 55  0.00969 -1.14085e+03 | 56 -0.05471  7.58886e+02 | 57 -0.13048 -9.32910e+02
 58  0.06256 -1.86491e+03 | 59 -0.05108  1.11060e+02 | 60 -0.03795 -1.25256e+03
 61 -0.07366 -2.50969e+03 | 62  0.10210  1.17480e+03 | 63  0.08859 -1.30728e+03
 64 -0.10611 -1.34428e+03 | 65 -0.00943  1.58127e+02 | 66  0.01572 -1.18538e+03
 67  0.06037  1.40477e+03 | 68 -0.09952 -2.36563e+03 | 69 -0.00347 -9.82159e+02
 70  0.06799  1.54816e+03 | 71  0.16733 -2.32865e+03 | 72 -0.10212 -7.89251e+02
 73 -0.06881  4.35280e+02 | 74 -0.14561 -2.08954e+03 | 75 -0.01465 -1.66205e+02
 76 -0.12133 -4.13872e+02 | 77 -0.03137 -6.01222e+02 | 78 -0.18335  2.73213e+02
 79 -0.99995  6.27957e-03 | 80 -1.00005 -6.08529e-03 | 81 -1.00001  5.40061e-02
 82 -0.99995  3.78266e-03 | 83 -0.99992  2.59938e-02 | 84 -1.00008 -3.20560e-02
 85 -0.99576  2.49467e+00 | 86 -1.00004 -2.84910e-03 | 87 -0.99998 -2.77206e-02
 88 -1.00005 -6.92881e-03 | 89 -0.99999 -5.27354e-02 | 90 -0.99894  8.51022e-01
 91 -0.99754  1.61371e+00 | 92 -1.00021 -1.36065e-01 | 93 -0.99996  6.38932e-04
 94 -0.99996  4.83318e-03 | 95 -1.00003  1.42676e-02 | 96 -1.00094 -5.52203e-01
 97 -0.99996  4.30650e-03 | 98 -0.99996  1.01944e-02 | 99 -0.99930  3.85711e-01
100 -1.00069 -2.25675e-01 |101 -0.99978  2.64419e-02 |
101 variables; iteration 60; function evaluation 80; phase 3
Function value 7.1443926e+04; maximum gradient component mag 1.2475e+05
Var    Value     Gradient |Var    Value     Gradient |Var    Value     Gradient
  1 -0.13724  1.24745e+05 |  2  1.31664 -3.57442e+01 |  3  1.17509 -6.25560e+01
  4 -1.66764  5.84589e+01 |  5 -2.48735 -2.05581e+02 |  6  0.62568  4.21775e+02
  7  0.56328  4.29593e+02 |  8 -1.85524  4.28050e+01 |  9  0.37973  2.92291e+02
 10  0.33339 -4.78805e+02 | 11  0.38883 -8.94489e+02 | 12  0.19351 -6.57571e+02
 13  0.06428 -9.36425e+02 | 14 -1.03572  5.58992e+01 | 15  0.19620 -3.25333e+02
 16  0.55032  1.53106e+03 | 17  0.34835  5.28996e+02 | 18  0.26785  2.56544e+02
 19  0.31076  7.19151e+02 | 20  0.34245  1.34119e+03 | 21  0.26673  8.72851e+02
 22  0.31061  1.35948e+03 | 23  0.23409  1.05663e+03 | 24  0.31166  2.80431e+03
 25  0.14516 -3.42619e+02 | 26 -1.10529  1.67647e+02 | 27  0.32818  6.48196e+03
 28  0.19269  2.16769e+03 | 29  0.10083  6.32442e+02 | 30  0.27040  7.88602e+03
 31  0.13134  3.02048e+03 | 32  0.06278  9.49570e+02 | 33  0.12619  3.30875e+03
 34  0.10737  3.15086e+03 | 35 -0.11843 -5.35883e+02 | 36 -0.17150 -5.21578e+02
 37 -0.15388 -1.94673e+02 | 38 -0.23632 -1.82581e+02 | 39 -0.39903  3.29420e+03
 40 -0.56029  7.05572e+02 | 41 -0.98396 -7.16314e+00 | 42 -0.45440  3.40996e+03
 43 -0.49599 -4.80386e+02 | 44 -0.04323  1.13895e+03 | 45 -0.09002  1.55513e+03
 46 -0.09598 -1.32506e+03 | 47 -0.04791  8.30736e+02 | 48 -0.04029 -1.70571e+02
 49  0.17422 -8.69139e+02 | 50  0.07027  7.28243e+02 | 51  0.00199 -9.67140e+02
 52 -0.04930 -2.52906e+03 | 53  0.01304  4.80186e+02 | 54  0.09910 -9.13665e+02
 55 -0.02758 -2.64246e+03 | 56 -0.07538 -4.87698e+02 | 57 -0.12186 -1.16775e+03
 58  0.04727 -2.74177e+03 | 59 -0.07587 -1.07329e+03 | 60 -0.06208 -2.31611e+03
 61 -0.05804 -2.54372e+03 | 62  0.09237  2.46856e+02 | 63  0.08309 -1.85684e+03
 64 -0.09765 -1.75560e+03 | 65 -0.02989 -9.22551e+02 | 66 -0.00261 -2.07754e+03
 67  0.02796 -3.17641e+02 | 68 -0.10456 -2.86668e+03 | 69 -0.03093 -2.17425e+03
 70  0.03909  2.59673e+01 | 71  0.14472 -3.26661e+03 | 72 -0.10693 -1.46068e+03
 73 -0.08134 -4.75668e+02 | 74 -0.15307 -2.79974e+03 | 75 -0.03514 -1.24838e+03
 76 -0.12951 -1.10517e+03 | 77 -0.03953 -1.31763e+03 | 78 -0.35109 -2.71582e+02
 79 -0.99995  6.80099e-04 | 80 -1.00003  1.67319e-02 | 81 -1.00031 -1.84542e-01
 82 -0.99993  2.15920e-02 | 83 -0.99788  1.00607e+00 | 84 -0.99936  3.26474e-01
 85 -1.00214 -1.25941e+00 | 86 -1.00013 -5.90238e-02 | 87 -0.99986  5.83853e-02
 88 -1.00022 -1.17847e-01 | 89 -0.99984  1.09207e-01 | 90 -1.00218 -1.75878e+00
 91 -1.01184 -7.94079e+00 | 92 -1.00243 -1.67874e+00 | 93 -0.99996  7.39207e-03
 94 -0.99995  1.15529e-02 | 95 -1.00019 -9.10355e-02 | 96 -0.99940  3.60404e-01
 97 -0.99996  7.97507e-03 | 98 -1.00016 -1.11166e-01 | 99 -0.99995  1.28789e-02
100 -0.99923  2.50725e-01 |101 -1.00727 -9.95887e-01 |
Maximum number of function evaluations exceeded

 - final statistics:
101 variables; iteration 78; function evaluation 100
Function value 7.1310e+04; maximum gradient component mag 1.8460e+05
Exit code = 3;  converg criter 1.0000e+00
Var    Value     Gradient |Var    Value     Gradient |Var    Value     Gradient
  1 -0.14026  1.84600e+05 |  2  1.63598 -9.09756e+00 |  3  1.02336 -3.99685e+00
  4 -1.67676  5.75283e+01 |  5 -2.43188 -1.48428e+02 |  6  0.60507  3.83024e+02
  7  0.56417  4.92882e+02 |  8 -1.67900  6.06257e+01 |  9  0.45172  7.31757e+02
 10  0.22046 -1.13850e+03 | 11  0.41873 -9.03818e+02 | 12  0.22893 -9.15519e+02
 13  0.04130 -1.37162e+03 | 14 -0.99302 -1.58992e+01 | 15  0.19034 -6.77330e+02
 16  0.55834  2.25096e+03 | 17  0.32244  2.68923e+02 | 18  0.22943 -1.95334e+02
 19  0.30127  7.06195e+02 | 20  0.34674  1.84714e+03 | 21  0.25130  8.28532e+02
 22  0.32483  2.31677e+03 | 23  0.25608  1.81162e+03 | 24  0.31930  4.15187e+03
 25  0.15848  1.50585e+01 | 26 -1.11093  2.54453e+02 | 27  0.33304  9.28074e+03
 28  0.20826  3.78538e+03 | 29  0.12024  1.61009e+03 | 30  0.27103  1.10831e+04
 31  0.15149  5.04113e+03 | 32  0.09582  2.68134e+03 | 33  0.12649  4.87389e+03
 34  0.10694  4.68833e+03 | 35 -0.11001 -5.07983e+02 | 36 -0.15017 -4.79634e+02
 37 -0.16249 -3.44112e+02 | 38 -0.24274 -4.71956e+02 | 39 -0.42334  2.36117e+03
 40 -0.58420  3.83876e+02 | 41 -1.00872  7.77199e+00 | 42 -0.45579  2.61891e+03
 43 -0.47894 -8.18129e+02 | 44 -0.03266  1.04718e+03 | 45 -0.09151  8.74973e+02
 46 -0.09983 -1.89706e+03 | 47 -0.04177  5.87365e+02 | 48 -0.00592 -2.05511e+01
 49  0.17625 -1.37045e+03 | 50  0.07245  3.52213e+02 | 51 -0.00969 -1.48011e+03
 52 -0.04538 -2.89084e+03 | 53  0.00575 -2.13268e+02 | 54  0.10372 -1.10894e+03
 55 -0.03685 -3.29293e+03 | 56 -0.07988 -1.05071e+03 | 57 -0.13222 -1.77997e+03
 58  0.04593 -3.18844e+03 | 59 -0.07777 -1.57761e+03 | 60 -0.06087 -2.71977e+03
 61 -0.05439 -2.85271e+03 | 62  0.09248 -3.12593e+02 | 63  0.08759 -2.13217e+03
 64 -0.08124 -1.84752e+03 | 65 -0.03459 -1.51839e+03 | 66 -0.00697 -2.60961e+03
 67  0.02327 -9.67845e+02 | 68 -0.08493 -2.84827e+03 | 69 -0.02235 -2.42660e+03
 70  0.04300 -4.16677e+02 | 71  0.14712 -3.50491e+03 | 72 -0.12039 -2.08494e+03
 73 -0.09266 -1.17412e+03 | 74 -0.17450 -3.58179e+03 | 75 -0.04202 -1.82788e+03
 76 -0.14624 -1.86360e+03 | 77 -0.00892 -1.17998e+03 | 78 -0.26789 -1.52119e+02
 79 -0.99997 -1.86103e-02 | 80 -1.00181 -9.19307e-01 | 81 -1.00006 -2.35920e-02
 82 -0.99998 -4.11773e-02 | 83 -0.99881  5.68604e-01 | 84 -0.99960  2.02600e-01
 85 -1.00701 -4.11264e+00 | 86 -0.99990  4.59003e-02 | 87 -0.99989  4.03445e-02
 88 -1.00001  5.03424e-02 | 89 -0.99970  2.15159e-01 | 90 -1.00006 -3.09621e-02
 91 -1.01285 -8.60301e+00 | 92 -0.99856  9.95766e-01 | 93 -0.99997 -9.56429e-03
 94 -0.99997 -1.39701e-02 | 95 -0.99988  5.31403e-02 | 96 -0.99871  7.81980e-01
 97 -0.99997 -2.93983e-03 | 98 -1.00050 -3.74373e-01 | 99 -1.00121 -6.82844e-01
100 -0.99854  4.93457e-01 |101 -1.01342 -1.90335e+00 |

Initial statistics: 119 variables; iteration 0; function evaluation 0; phase 4
Function value 7.1296552e+04; maximum gradient component mag -1.6662e+05
Var    Value     Gradient |Var    Value     Gradient |Var    Value     Gradient
  1 -0.14026  6.66671e+04 |  2  0.36402  2.87301e+00 |  3  0.97664 -5.40136e-01
  4 -0.32324 -5.76376e+01 |  5  0.43188  1.05670e+02 |  6  0.60507  2.48253e+02
  7  0.56417  2.92603e+02 |  8 -0.32100 -6.14136e+01 |  9  0.45172  4.75721e+02
 10  0.21639 -4.58527e+02 | 11  0.41389 -6.19829e+02 | 12  0.22484 -2.92944e+02
 13  0.03746 -5.99866e+02 | 14 -0.98727 -1.25971e+01 | 15  0.18633 -1.05520e+02
 16  0.55238  9.18355e+02 | 17  0.31806  2.30588e+02 | 18  0.22534  4.40860e+01
 19  0.29697  3.88871e+02 | 20  0.34227  8.08874e+02 | 21  0.24715  4.04400e+02
 22  0.32044  7.34764e+02 | 23  0.25192  7.83749e+02 | 24  0.31494  1.55868e+03
 25  0.15453 -5.82088e+02 | 26 -0.91395 -8.77736e+01 | 27  0.32862  3.56522e+03
 28  0.20422  1.05990e+03 | 29  0.11634  1.07287e+02 | 30  0.26683  4.05821e+03
 31  0.14755  1.89305e+03 | 32  0.09195  4.36095e+02 | 33  0.12258  1.35821e+03
 34  0.10305  1.16616e+03 | 35 -0.11390 -6.02120e+02 | 36 -0.15411 -4.51510e+02
 37 -0.16646 -2.83839e+02 | 38 -0.24687  1.02806e+02 | 39 -0.42823  3.00030e+03
 40 -0.59056  8.06119e+02 | 41 -0.98727  5.13887e+00 | 42 -0.46089  3.18880e+03
 43 -0.48421 -2.36281e+02 | 44 -0.03650  1.78632e+03 | 45 -0.09539  1.65688e+03
 46 -0.10372 -1.09419e+03 | 47 -0.04561  1.37212e+03 | 48 -0.00975  7.92412e+02
 49  0.17226 -5.75288e+02 | 50  0.06859  1.16345e+03 | 51 -0.01353 -6.55777e+02
 52 -0.04923 -2.06679e+03 | 53  0.00192  6.10355e+02 | 54  0.09984 -2.88160e+02
 55 -0.04069 -2.46597e+03 | 56 -0.08375 -2.31195e+02 | 57 -0.13614 -9.71563e+02
 58  0.04209 -2.35707e+03 | 59 -0.08163 -7.56209e+02 | 60 -0.06472 -1.89420e+03
 61 -0.05824 -2.02875e+03 | 62  0.08860  5.13173e+02 | 63  0.08372 -1.30653e+03
 64 -0.08511 -1.02803e+03 | 65 -0.03843 -6.90175e+02 | 66 -0.01081 -1.77857e+03
 67  0.01944 -1.34866e+02 | 68 -0.08880 -2.02640e+03 | 69 -0.02619 -1.59821e+03
 70  0.03916  4.11500e+02 | 71  0.14318 -2.69207e+03 | 72 -0.12429 -1.27396e+03
 73 -0.09653 -3.55568e+02 | 74 -0.17849 -2.78331e+03 | 75 -0.04586 -1.00054e+03
 76 -0.15018 -1.06043e+03 | 77 -0.01275 -3.55361e+02 | 78 -0.26789 -1.64323e+01
 79 -0.99997 -1.86293e-02 | 80 -0.99819  9.17896e-01 | 81 -0.99994  2.35421e-02
 82 -0.99998 -4.11865e-02 | 83 -0.99881  5.67833e-01 | 84 -0.99960  2.02332e-01
 85 -0.99299  4.10858e+00 | 86 -0.99990  4.58402e-02 | 87 -0.99989  4.02684e-02
 88 -0.99999 -5.03563e-02 | 89 -0.99970  2.14888e-01 | 90 -0.99994  3.09219e-02
 91 -0.98715  8.59405e+00 | 92 -0.99856  9.94648e-01 | 93 -0.99997 -9.58437e-03
 94 -0.99997 -1.39874e-02 | 95 -0.99988  5.30663e-02 | 96 -0.99871  7.80826e-01
 97 -0.99997 -2.96688e-03 | 98 -0.99950  3.74081e-01 | 99 -0.99879  6.82429e-01
100 -0.99854  4.93031e-01 |101 -0.98658  1.90146e+00 |102  0.24186 -4.15106e+04
103  0.18288 -1.66624e+05 |104  0.16086  2.14109e+04 |105  0.02547 -1.21691e+05
106 -0.18256 -3.00142e+04 |107 -0.12819 -1.53207e+04 |108 -0.18256 -5.91449e+03
109  0.02547  9.74361e+04 |110  0.19397  2.96899e+03 |111  0.04247  1.00164e+03
112  0.17736 -5.90325e+01 |113  0.16635  1.12275e+03 |114  0.02547 -3.68066e+04
115 -0.12819 -1.30895e+04 |116 -0.26198 -9.08132e+03 |117 -0.15617 -2.48608e+03
118 -0.17499 -6.28166e+02 |119 -0.18446 -1.96490e+02 |

Intermediate statistics: 119 variables; iteration 20; function evaluation 36; phase 4
Function value 2.8843418e+04; maximum gradient component mag -6.7703e+04
Var    Value     Gradient |Var    Value     Gradient |Var    Value     Gradient
  1 -0.08453 -1.33079e+04 |  2  0.33824  3.13293e+01 |  3  0.95392  7.00083e+01
  4 -0.25454 -4.75200e+01 |  5  0.16332 -8.75436e+01 |  6 -0.04494 -2.34961e+02
  7  0.08129 -6.67836e+02 |  8 -0.24510 -1.52118e+02 |  9  0.12846 -2.37568e+02
 10  0.27543  9.16225e+02 | 11  0.51359  1.84056e+03 | 12  0.13799  8.41033e+02
 13  0.24293  1.01543e+03 | 14 -0.98187  1.37273e+01 | 15 -0.01491  6.80341e+02
 16  0.28440 -6.32129e+02 | 17 -0.01132  4.76017e+02 | 18 -0.00064  5.53740e+02
 19  0.03163  3.11314e+02 | 20 -0.01224  1.07751e+02 | 21  0.02706  4.65829e+02
 22  0.36978  6.02503e+02 | 23 -0.06797  5.03994e+02 | 24  0.00392  2.38538e+02
 25  1.03582 -1.55814e+02 | 26 -0.87495  9.39940e+01 | 27 -0.96135  2.86712e+01
 28  0.71460  6.66854e+02 | 29  0.92791  2.46825e+02 | 30 -0.83475  1.24511e+02
 31 -0.10094  5.55060e+02 | 32  1.03919 -2.05074e+02 | 33  0.87120  7.70374e+02
 34  1.07648 -5.55334e+02 | 35  0.61993  1.39146e+03 | 36  0.40948  1.05808e+03
 37  0.59081  1.95042e+03 | 38  0.40656  9.03927e+02 | 39 -1.22254 -1.66044e+02
 40  0.49619  1.71772e+03 | 41 -0.98378  1.01680e+01 | 42 -0.65286 -2.03813e+02
 43  0.06493  5.12430e+02 | 44  0.13811 -5.21781e+03 | 45 -1.00209  1.49177e+00
 46  0.10558  5.53146e+02 | 47 -0.88353 -3.16009e+02 | 48 -1.32205  6.04355e+02
 49 -0.43213 -4.97725e+03 | 50  0.07691 -1.16911e+03 | 51 -0.21605 -2.05350e+03
 52  0.01272 -1.81682e+03 | 53 -0.22670 -2.13296e+03 | 54  0.16489  2.53597e+03
 55  0.09010  2.29928e+03 | 56 -0.11105 -1.35805e+03 | 57 -0.06115 -5.01543e+02
 58  0.24779  7.20694e+03 | 59  0.01856  9.46957e+02 | 60 -0.00157 -1.56834e+03
 61  0.17039  3.89628e+03 | 62  0.25187  5.44982e+03 | 63  0.16811 -1.69893e+02
 64 -0.14106 -1.75051e+03 | 65  0.06269  6.33725e+02 | 66  0.06388 -1.02752e+03
 67 -0.04283 -2.97623e+03 | 68 -0.12943 -2.24667e+03 | 69 -0.13694 -4.24802e+03
 70  0.03892 -7.61202e+02 | 71  0.26707  5.46519e+03 | 72 -0.06385 -4.61996e+02
 73 -0.14552 -2.49388e+03 | 74 -0.02615 -7.02822e+02 | 75  0.08260  1.16811e+03
 76  0.02301  2.00382e+03 | 77  0.24049  4.07046e+03 | 78 -0.03643 -2.00850e+02
 79 -0.99994 -1.39740e-02 | 80 -0.99840 -1.39316e+00 | 81 -0.99995 -2.32855e-02
 82 -0.99994 -1.19443e-02 | 83 -0.99899 -8.22791e-01 | 84 -0.99967 -5.08499e-01
 85 -0.99574 -1.99244e+00 | 86 -0.99989 -1.18357e-01 | 87 -0.99991 -6.57560e-02
 88 -0.99993 -7.11395e-02 | 89 -0.99980  1.11385e-01 | 90 -0.99994  1.63943e-02
 91 -0.99323  5.46384e+00 | 92 -0.99926  6.90006e-01 | 93 -0.99995  2.72993e-02
 94 -0.99994  4.30228e-02 | 95 -0.99991  8.20988e-02 | 96 -0.99905 -5.39030e-03
 97 -0.99994 -9.88494e-02 | 98 -0.99953 -1.00420e-01 | 99 -0.99910 -1.61159e+00
100 -0.99871 -2.55563e+00 |101 -0.98638 -2.77952e+01 |102  0.21648 -5.99539e+03
103  0.22582  2.50692e+03 |104  0.19920  1.43473e+04 |105  0.04268 -4.59803e+04
106 -0.15171 -5.04397e+03 |107 -1.37165  2.17374e+03 |108  0.01846  2.20147e+03
109 -0.02132 -6.77032e+04 |110  0.15541 -9.68662e+03 |111  0.00717  4.03526e+03
112  0.14270  9.17707e+02 |113 -0.10402 -1.40097e+02 |114  1.04453 -4.47673e-02
115 -0.08635 -1.77170e+03 |116 -0.49441 -1.00480e+03 |117  0.00834  1.21921e+03
118 -0.28892  2.36768e+02 |119 -0.40691  2.37229e+01 |
119 variables; iteration 40; function evaluation 64; phase 4
Function value 2.1207605e+04; maximum gradient component mag -3.2116e+04
Var    Value     Gradient |Var    Value     Gradient |Var    Value     Gradient
  1 -0.11136 -6.42362e+03 |  2  0.25270  4.71631e+00 |  3  0.93326 -4.95562e+01
  4  0.06191 -5.54508e+00 |  5 -0.27595 -5.56405e+01 |  6 -2.29793  6.79200e+02
  7 -0.46709 -7.40712e+01 |  8  0.55280  6.57378e+02 |  9 -0.29329 -6.55709e+01
 10 -0.03154 -1.88884e+02 | 11  0.29762 -1.01692e+03 | 12 -0.89632 -4.18463e+00
 13 -0.04602 -1.77446e+02 | 14 -0.97284 -1.44069e+00 | 15 -1.26714  1.05742e+01
 16  0.45170 -9.05276e+02 | 17 -1.37470  9.12333e+00 | 18 -1.07729  8.45695e+00
 19 -0.40706 -2.40432e+02 | 20  0.01047 -7.63558e+02 | 21 -0.63937 -3.69983e+01
 22  0.24631 -4.27947e+02 | 23 -1.03996  2.52050e+00 | 24  0.23255  1.51805e+02
 25  2.03239  6.00257e+02 | 26 -0.78923 -3.98721e+01 | 27 -2.35128 -9.65373e+02
 28  2.84377  1.20793e+01 | 29  1.79184  4.64489e+02 | 30 -1.53646  2.37227e+01
 31 -0.13642  6.98072e+01 | 32  1.77281  4.80501e+01 | 33  2.03665  2.44639e+02
 34  1.65042 -4.12707e+02 | 35 -0.12687 -1.39285e+02 | 36  0.25057  1.05924e+02
 37 -1.08676  5.30864e+00 | 38  0.38874  1.05602e+03 | 39 -2.24695 -4.09002e+02
 40  1.74622  2.05432e+03 | 41 -0.94705 -9.39910e+00 | 42  0.42677  3.24795e+03
 43  0.08188 -2.49195e+02 | 44  0.42304  1.79026e+02 | 45 -2.18385 -4.73770e+02
 46  0.33419  3.80541e+03 | 47 -0.91566 -1.54093e+02 | 48 -2.08223  6.84401e+02
 49 -2.12267  6.36869e+03 | 50  0.28160  2.78208e+03 | 51  0.12686 -6.20115e+02
 52  0.19820 -1.33942e+02 | 53  0.26925  4.89924e+03 | 54  0.06008 -5.82166e+03
 55  0.16758 -1.24646e+03 | 56 -0.47143 -1.98255e+03 | 57  0.20212  3.92479e+03
 58  0.27872  2.97912e+02 | 59  0.09490 -1.48562e+02 | 60  0.24606  4.30774e+03
 61  0.07158 -3.26433e+03 | 62 -0.05490 -6.87414e+03 | 63  0.37399  6.32559e+03
 64  0.29653  8.08269e+03 | 65  0.05721 -4.11293e+03 | 66 -0.01180 -7.12648e+03
 67  0.31697  7.79428e+03 | 68  0.07521 -1.21179e+03 | 69  0.23237  1.37038e+03
 70  0.14571 -1.06000e+03 | 71  0.32006 -1.06668e+03 | 72 -0.05079 -1.68072e+03
 73  0.12882  2.42295e+02 | 74  0.20259  2.54065e+03 | 75  0.22588  1.24911e+03
 76  0.01503 -1.11102e+03 | 77  0.11654 -9.74859e+02 | 78  0.08585  4.59713e+02
 79 -0.99954 -6.75567e-01 | 80 -0.99181 -1.62870e+01 | 81 -0.99986 -7.69463e-02
 82 -0.99969 -1.97908e-01 | 83 -0.99591 -5.93347e+00 | 84 -0.99727 -5.59748e+00
 85 -0.99468 -2.14941e+01 | 86 -0.99658 -1.14268e+01 | 87 -0.99979 -1.00236e-01
 88 -0.99931 -5.90905e-01 | 89 -0.99947 -1.06752e+00 | 90 -0.99952 -1.40081e+00
 91 -0.99526 -1.04926e+01 | 92 -0.99924 -8.45324e-01 | 93 -0.99939 -1.46038e+00
 94 -0.99947 -1.32163e+00 | 95 -0.99981 -5.35733e-01 | 96 -0.99775 -3.76314e+00
 97 -0.99779 -7.03580e+00 | 98 -0.99690 -9.35373e+00 | 99 -0.96924 -1.32766e+02
100 -0.92230 -1.34366e+02 |101 -0.93271 -1.51814e+02 |102  0.22803 -1.76857e+04
103  0.15378 -3.21155e+04 |104  0.17774 -2.21797e+04 |105  0.09297  1.53515e+03
106 -0.21625 -2.38433e+03 |107 -1.84466 -2.53522e+03 |108 -0.27131  9.23935e+02
109 -0.01969 -1.98699e+04 |110  0.21034  9.36426e+03 |111 -0.03703 -6.42342e+03
112  0.06932 -3.78077e+03 |113  0.08493 -1.66625e+02 |114  1.54786 -5.28206e-02
115 -0.04771  1.76924e+03 |116 -0.31458  5.34647e+03 |117 -0.16902  2.94300e+03
118 -0.67928  5.52569e+02 |119 -2.04194 -1.21185e+03 |
119 variables; iteration 60; function evaluation 86; phase 4
Function value 2.0568231e+04; maximum gradient component mag -4.6499e+04
Var    Value     Gradient |Var    Value     Gradient |Var    Value     Gradient
  1 -0.11274 -1.94028e+04 |  2 -0.05603 -1.42409e+01 |  3  0.88759 -3.73180e+01
  4  0.63748 -5.09331e+01 |  5 -0.66088 -5.92830e+01 |  6 -2.78156  6.42563e+01
  7 -0.46771 -6.81966e+01 |  8  0.55669  8.92548e+02 |  9 -1.17068  3.47286e+01
 10  0.47849  3.65119e+02 | 11 -0.20416  1.95830e+02 | 12 -1.55831 -1.86289e+02
 13  0.08056  1.39667e+02 | 14 -0.92426  2.82225e+01 | 15 -1.68507 -2.68338e+02
 16  0.42386  2.18374e+02 | 17 -2.12034 -2.78880e+02 | 18 -1.49626 -1.84508e+02
 19  0.28889  9.78241e+02 | 20  0.19046  2.10902e+02 | 21 -0.45946  1.83301e+02
 22  0.26088  1.04213e+02 | 23 -1.13218 -4.74858e+01 | 24  0.31433  6.53694e+02
 25  2.92617 -2.54008e+01 | 26  0.16683  4.05803e+01 | 27 -2.31054 -8.01206e+02
 28  2.84844 -5.06229e+01 | 29  1.81007  3.07964e+02 | 30 -2.01277 -2.03438e+02
 31  0.07333  4.64339e+02 | 32  1.33580 -1.55643e+03 | 33  2.51255 -1.84007e+02
 34  1.35722 -1.53591e+03 | 35 -1.34845 -1.31327e+02 | 36  0.34304  4.39556e+02
 37 -1.19795 -7.27477e+01 | 38  0.42552  1.19425e+03 | 39 -2.21635 -7.44432e+01
 40  1.94036  1.88829e+03 | 41 -0.77565  9.16720e+00 | 42  0.43686  5.82373e+03
 43  0.02844  6.71011e+01 | 44  0.34445  1.35674e+02 | 45 -2.15696 -1.72214e+03
 46  0.23283  3.47499e+03 | 47 -1.44767  1.23476e+03 | 48 -1.82160  1.32354e+03
 49 -2.04226  6.67845e+03 | 50  0.18559  1.49719e+03 | 51  0.09631  1.50888e+02
 52  0.19022  1.53526e+03 | 53  0.19768  4.09903e+03 | 54  0.08598 -4.39381e+03
 55  0.09380 -2.01277e+03 | 56 -0.54886 -1.64457e+03 | 57  0.13407  3.24318e+03
 58  0.20087 -1.81728e+03 | 59  0.00323 -8.93515e+02 | 60  0.13952  1.75130e+03
 61 -0.02578 -3.57627e+03 | 62 -0.02762 -6.30233e+03 | 63  0.28940  3.87204e+03
 64  0.17121  4.40850e+03 | 65  0.06484 -2.77461e+03 | 66 -0.05767 -6.57503e+03
 67  0.21334  5.19331e+03 | 68  0.00547 -9.88634e+02 | 69  0.16325  1.47911e+03
 70  0.06890 -9.66260e+02 | 71  0.25920 -1.18974e+03 | 72 -0.36099 -1.57830e+03
 73  0.07400  8.00533e+02 | 74  0.12181  2.42418e+03 | 75  0.18812  3.38667e+03
 76 -0.10139 -1.25554e+03 | 77  0.00970 -1.05890e+03 | 78  1.02334 -9.58210e+00
 79 -0.99017 -4.30995e+00 | 80 -0.79724  1.16189e+02 | 81 -0.99940  3.45370e-01
 82 -0.99847  3.26966e-01 | 83 -0.96189 -1.28845e+00 | 84 -0.95292  2.00127e+00
 85 -0.81258  1.97695e+02 | 86 -0.84159  2.72378e+01 | 87 -0.99964  2.45517e-01
 88 -0.99754  1.41368e+00 | 89 -0.99341  5.56333e-02 | 90 -0.96998 -4.91190e+00
 91 -1.05022 -2.40250e+01 | 92 -1.00368 -1.09158e+00 | 93 -0.99018 -9.25220e-01
 94 -0.97913 -8.61190e+00 | 95 -0.99250 -4.01024e+00 | 96 -0.97155 -9.24284e+00
 97 -0.86509 -1.04368e+01 | 98 -0.84594  8.32887e+00 | 99 -0.83953  5.59306e+01
100 -0.90326 -1.45192e+02 |101 -0.89100 -4.48975e+01 |102  0.24489 -1.11377e+04
103  0.16099 -2.48321e+04 |104  0.18036 -1.58069e+04 |105  0.09127  2.14305e+02
106 -0.19920 -5.98850e+03 |107 -1.77852  5.19129e+03 |108 -0.24423 -1.92582e+03
109 -0.02593 -4.64990e+04 |110  0.20935  1.20688e+03 |111 -0.02530 -5.68960e+03
112  0.05868 -4.26562e+03 |113  0.06876 -3.78488e+02 |114  1.49379 -1.96458e-02
115 -0.09206  3.34015e+02 |116 -0.29279  4.58732e+03 |117 -0.17504  2.19772e+03
118 -0.50653  7.12842e+02 |119 -1.99634 -1.13974e+03 |
Maximum number of function evaluations exceeded

 - final statistics:
119 variables; iteration 73; function evaluation 100
Function value 1.9951e+04; maximum gradient component mag -7.7870e+04
Exit code = 3;  converg criter 1.0000e+00
Var    Value     Gradient |Var    Value     Gradient |Var    Value     Gradient
  1 -0.10727 -3.79338e+04 |  2 -0.56394 -6.64702e+01 |  3  0.79649  2.24360e+01
  4  1.97083 -5.11080e+00 |  5 -1.10041  2.10116e+01 |  6 -3.10062  1.04749e+02
  7 -0.03416 -1.44922e+01 |  8  0.60436  4.80315e+02 |  9 -2.82107 -6.83239e+02
 10  1.32028 -3.81860e+02 | 11 -0.82342  1.62119e+02 | 12 -1.69113 -5.31770e+02
 13  0.11338  4.07630e+02 | 14 -0.92024  7.34428e+01 | 15 -1.45386 -3.99265e+02
 16  0.45633 -3.77592e+02 | 17 -1.93550 -5.76539e+02 | 18 -1.37574 -3.28905e+02
 19  0.31334  8.21590e+02 | 20  0.20520  3.34616e+02 | 21 -0.24211  5.51643e+02
 22  0.38471  4.94548e+02 | 23 -0.98473  1.39644e+01 | 24  0.50068  1.35477e+03
 25  3.46572  4.03407e+02 | 26  0.10653  1.26030e+02 | 27 -2.40064 -8.40157e+02
 28  2.79427 -1.83066e+02 | 29  1.99053  1.77627e+02 | 30 -2.22190 -5.29775e+02
 31 -0.10379  6.79756e+02 | 32  0.98972  9.73089e+01 | 33  2.84516 -1.41839e+02
 34  1.48801 -1.35497e+03 | 35 -2.49153 -1.53969e+03 | 36  0.36900  9.69955e+02
 37 -1.39809 -3.53612e+02 | 38  0.35638  7.25069e+02 | 39 -1.62059 -4.94613e+02
 40  2.04076  1.80025e+03 | 41 -0.51026  4.26893e+01 | 42  0.41455  5.49500e+03
 43 -0.15671 -4.06029e+02 | 44  0.36408  1.85476e+03 | 45 -2.16237 -2.50745e+03
 46  0.15337  2.31653e+03 | 47 -1.92283  1.98422e+03 | 48 -1.62565  8.31588e+02
 49 -2.02929  6.34940e+03 | 50  0.17476  1.30547e+03 | 51  0.23493  4.65246e+03
 52  0.12127 -6.99117e+02 | 53  0.11617  9.64358e+02 | 54  0.19523 -1.58960e+03
 55  0.05129 -2.64150e+03 | 56 -0.23707 -2.66508e+03 | 57  0.06619  3.82531e+02
 58  0.19444 -4.82226e+03 | 59 -0.07509 -1.94301e+03 | 60  0.07191 -1.90267e+03
 61 -0.03789 -3.90874e+03 | 62 -0.03270 -6.72436e+03 | 63  0.25078 -1.35135e+01
 64  0.14126  2.64453e+03 | 65  0.09742 -1.72295e+03 | 66  0.13271 -8.36770e+02
 67  0.19622  3.95148e+03 | 68  0.04804  4.60596e+02 | 69  0.22014  6.02805e+03
 70  0.01050 -1.89898e+03 | 71  0.24291 -3.18932e+02 | 72 -1.76814  1.34240e+03
 73  0.05531  1.36566e+03 | 74  0.09323  2.06946e+03 | 75  0.20891  4.99396e+03
 76 -0.13662 -1.11520e+03 | 77  0.01511 -4.48202e+02 | 78  2.76066  5.46946e+02
 79 -0.97367  3.92718e+00 | 80 -0.76746  6.62733e+02 | 81 -0.99942  8.85259e-01
 82 -0.99846  1.69569e+00 | 83 -0.96293  4.16144e+01 | 84 -0.97737  4.18280e+01
 85 -0.72547  1.06141e+03 | 86 -0.90888  1.25090e+02 | 87 -0.99978  3.00481e-01
 88 -0.99810  3.02353e+00 | 89 -0.99478  4.64657e+00 | 90 -0.97980  1.00395e+01
 91 -1.04620 -2.65175e+01 | 92 -1.00667 -1.04598e+00 | 93 -0.98224 -4.35350e+00
 94 -0.94599 -3.98585e+01 | 95 -0.96122 -5.28129e+01 | 96 -0.90490 -8.73406e+01
 97 -0.81099  6.47853e+00 | 98 -0.76528  7.77213e+01 | 99 -1.36348 -2.00818e+03
100 -0.94857 -1.32774e+02 |101 -0.92471 -1.82151e+02 |102  0.26446 -5.36798e+03
103  0.16833 -1.35132e+04 |104  0.17687 -2.26107e+03 |105  0.06889 -1.03783e+04
106 -0.15164 -4.82308e+02 |107 -1.67003  4.00431e+03 |108 -0.13660  1.45799e+03
109 -0.03203 -7.78701e+04 |110  0.20850 -7.61288e+03 |111 -0.02289 -7.55088e+03
112  0.07163 -3.51247e+03 |113  0.08820  9.20811e+01 |114  1.45167 -5.05243e-03
115 -0.02459  1.33232e+03 |116 -0.31541  2.47908e+03 |117 -0.19520  3.32674e+02
118 -0.38270 -1.75096e+03 |119 -2.01642  2.08192e+03 |

Initial statistics: 325 variables; iteration 0; function evaluation 0; phase 5
Function value 1.9726074e+04; maximum gradient component mag -7.7999e+04
Var    Value     Gradient |Var    Value     Gradient |Var    Value     Gradient
  1 -0.10727 -4.26860e+04 |  2 -0.56394 -6.64701e+01 |  3  0.79649  2.27125e+01
  4  0.02917  5.12355e+00 |  5 -0.89959 -2.10116e+01 |  6  0.89938  1.05139e+02
  7 -0.03416 -1.44743e+01 |  8  0.60436  4.81357e+02 |  9  0.82107  6.84402e+02
 10  0.64143  2.58908e+02 | 11 -0.92117  3.57326e+01 | 12 -0.33108  2.58974e+02
 13  0.09367  1.10348e+02 | 14 -0.98727  5.75591e+00 | 15 -0.57675  1.89864e+02
 16  0.43095 -6.28337e+02 | 17 -0.08409  2.74324e+02 | 18 -0.66081  1.46420e+02
 19  0.29146  5.63759e+02 | 20  0.18479  4.75161e+01 | 21 -0.26321  2.66797e+02
 22  0.36135  2.50666e+02 | 23 -0.98727  5.66211e+00 | 24  0.47370  1.18597e+03
 25 -0.56420  1.90422e+02 | 26  0.08685 -1.73587e+02 | 27  0.37689  6.08712e+02
 28 -0.86868  5.60637e+01 | 29 -0.00999 -4.80573e+02 | 30  0.20132  2.46503e+02
 31 -0.12357  3.78749e+02 | 32  0.84186  1.39097e+03 | 33 -0.98727  5.72743e+00
 34  0.48455  1.17601e+03 | 35  0.46490  1.35285e+03 | 36  0.34601  7.17738e+02
 37 -0.63647  1.62876e+02 | 38  0.33366  4.56200e+02 | 39 -0.40323  2.37602e+02
 40 -0.06028 -2.09914e+03 | 41 -0.53890 -1.59989e+02 | 42  0.39043  5.34273e+03
 43 -0.17685 -6.94540e+02 | 44  0.34120  1.56444e+03 | 45  0.14234  2.20988e+03
 46  0.13340  2.01202e+03 | 47 -0.09681 -2.27978e+03 | 48 -0.39804 -1.05645e+03
 49  0.00982 -6.67540e+03 | 50  0.15464  9.43185e+02 | 51  0.21419  4.27688e+03
 52  0.10151 -1.07906e+03 | 53  0.09644  5.78986e+02 | 54  0.17492 -2.10139e+03
 55  0.03179 -3.03551e+03 | 56 -0.25810 -2.91740e+03 | 57  0.04665 -4.70280e+01
 58  0.17413 -5.53362e+03 | 59 -0.09473 -2.28590e+03 | 60  0.05236 -2.39470e+03
 61 -0.05741 -4.27644e+03 | 62 -0.05221 -7.08276e+03 | 63  0.22985 -5.35699e+02
 64  0.12138  2.26511e+03 | 65  0.07777 -2.10239e+03 | 66  0.11288 -1.18823e+03
 67  0.17590  3.60816e+03 | 68  0.02854  1.26441e+02 | 69  0.19957  5.74016e+03
 70 -0.00896 -2.20590e+03 | 71  0.22208 -6.73055e+02 | 72 -0.25281 -1.60627e+03
 73  0.03580  1.04803e+03 | 74  0.07360  1.77825e+03 | 75  0.18847  4.76260e+03
 76 -0.15661 -1.40080e+03 | 77 -0.00435 -7.49940e+02 | 78 -0.76066 -5.47243e+02
 79 -0.97367  7.56835e+00 | 80 -0.76746  6.88984e+02 | 81 -0.99942  9.83950e-01
 82 -0.99846  1.88932e+00 | 83 -0.96293  4.59599e+01 | 84 -0.97737  4.58102e+01
 85 -0.72547  1.09138e+03 | 86 -0.90888  1.35599e+02 | 87 -0.99978  3.12474e-01
 88 -0.99810  3.11548e+00 | 89 -0.99478  4.93649e+00 | 90 -0.97980  1.12808e+01
 91 -0.95380  2.87500e+01 | 92 -0.99333  1.28315e+00 | 93 -0.98224 -3.36852e+00
 94 -0.94599 -3.71981e+01 | 95 -0.96122 -5.09352e+01 | 96 -0.90490 -8.35161e+01
 97 -0.81099  8.20128e+00 | 98 -0.76528  7.67961e+01 | 99 -0.63652  1.94349e+03
100 -0.94857 -1.31385e+02 |101 -0.92471 -1.82447e+02 |102  0.26446 -5.19547e+03
103  0.16833 -1.33607e+04 |104  0.17687 -2.19298e+03 |105  0.06889 -1.04037e+04
106 -0.15164 -5.20358e+02 |107 -0.32997 -4.03994e+03 |108 -0.13660  1.42591e+03
109 -0.03203 -7.79985e+04 |110  0.20850 -7.68672e+03 |111 -0.02289 -7.61365e+03
112  0.07163 -3.51869e+03 |113  0.08820  8.87953e+01 |114  0.54833  5.04923e-03
115 -0.02459  1.31955e+03 |116 -0.31541  2.43059e+03 |117 -0.19520  2.65098e+02
118 -0.38270 -1.77128e+03 |119  0.01642 -2.10524e+03 |120  1.00000  4.33172e-08
121  1.00000  4.33173e-08 |122  0.00000 -2.36602e+04 |123  0.00000 -2.27253e+04
124  0.00000 -2.20908e+04 |125  0.00000 -2.20907e+04 |126  0.00000 -2.20892e+04
127  0.00000 -2.20539e+04 |128  0.00000 -2.20538e+04 |129  0.00000 -2.20530e+04
130  0.00000 -2.13586e+04 |131  0.00000 -2.13405e+04 |132  0.00000 -2.13392e+04
133  0.00000 -2.09056e+04 |134  0.00000 -2.07355e+04 |135  0.00000 -2.07557e+04
136  0.00000 -1.98351e+04 |137  0.00000 -1.98793e+04 |138  0.00000 -1.79826e+04
139  0.00000 -1.80670e+04 |140  0.00000 -1.79367e+04 |141  0.00000 -1.69688e+04
142  0.00000 -1.70666e+04 |143  0.00000 -1.71717e+04 |144  0.00000 -1.67485e+04
145  0.00000 -1.67108e+04 |146  0.00000 -1.17849e+04 |147  0.00000 -1.18198e+04
148  0.00000 -1.14132e+04 |149  0.00000 -1.09520e+04 |150  0.00000 -1.07044e+04
151  0.00000 -1.07261e+04 |152  0.00000 -1.04386e+04 |153  0.00000 -1.04476e+04
154  0.00000 -1.03676e+04 |155  0.00000 -1.03630e+04 |156  0.00000 -9.65815e+03
157  0.00000 -9.63885e+03 |158  0.00000 -8.81711e+03 |159  0.00000 -8.66740e+03
160  0.00000 -8.49898e+03 |161  0.00000 -8.60529e+03 |162  0.00000 -8.54818e+03
163  0.00000 -8.14435e+03 |164  0.00000 -7.48198e+03 |165  0.00000 -6.83755e+03
166  0.00000 -6.36135e+03 |167  0.00000 -5.98799e+03 |168  0.00000 -5.00589e+03
169  0.00000 -4.48949e+03 |170  0.00000 -3.98678e+03 |171  0.00000 -3.95413e+03
172  0.00000 -3.20330e+03 |173  0.00000 -2.71200e+03 |174  0.00000 -2.92173e+03
175  0.00000 -2.14562e+03 |176  0.00000  2.87493e+02 |177  0.00000 -8.38375e+03
178  0.00000 -8.78790e+03 |179  0.00000 -7.82191e+03 |180  0.00000 -6.95866e+03
181  0.00000 -6.58977e+03 |182  0.00000 -6.23891e+03 |183  0.00000 -5.45100e+03
184  0.00000 -4.82427e+03 |185  0.00000 -2.41311e+03 |186  0.00000 -2.22390e+03
187  0.00000 -1.63509e+03 |188  0.00000 -9.02061e+02 |189  0.00000 -2.98194e+01
190  0.00000 -5.76738e+04 |191  0.00000 -5.58932e+04 |192  0.00000 -5.22617e+04
193  0.00000 -5.05935e+04 |194  0.00000 -5.05995e+04 |195  0.00000 -5.06136e+04
196  0.00000 -5.05481e+04 |197  0.00000 -5.05575e+04 |198  0.00000 -4.98935e+04
199  0.00000 -5.21900e+04 |200  0.00000 -5.24526e+04 |201  0.00000 -5.21133e+04
202  0.00000 -5.15282e+04 |203  0.00000 -5.23970e+04 |204  0.00000 -5.19262e+04
205  0.00000 -5.18642e+04 |206  0.00000 -4.99928e+04 |207  0.00000 -4.72715e+04
208  0.00000 -4.72287e+04 |209  0.00000 -4.80712e+04 |210  0.00000 -4.55199e+04
211  0.00000 -4.56988e+04 |212  0.00000 -4.72624e+04 |213  0.00000 -4.64012e+04
214  0.00000 -4.15958e+04 |215  0.00000 -3.89011e+04 |216  0.00000 -3.85023e+04
217  0.00000 -3.88130e+04 |218  0.00000 -3.89449e+04 |219  0.00000 -3.92734e+04
220  0.00000 -3.90544e+04 |221  0.00000 -4.08552e+04 |222  0.00000 -4.10124e+04
223  0.00000 -4.38790e+04 |224  0.00000 -4.34215e+04 |225  0.00000 -4.18181e+04
226  0.00000 -4.11544e+04 |227  0.00000 -4.11380e+04 |228  0.00000 -4.07607e+04
229  0.00000 -4.08134e+04 |230  0.00000 -4.15019e+04 |231  0.00000 -4.15041e+04
232  0.00000 -4.21594e+04 |233  0.00000 -4.01315e+04 |234  0.00000 -3.84793e+04
235  0.00000 -3.79780e+04 |236  0.00000 -3.65169e+04 |237  0.00000 -3.54450e+04
238  0.00000 -3.35646e+04 |239  0.00000 -3.25034e+04 |240  0.00000 -3.12012e+04
241  0.00000 -3.06392e+04 |242  0.00000 -2.94085e+04 |243  0.00000 -2.83634e+04
244  0.00000 -2.29541e+04 |245  0.00000 -2.31191e+04 |246  0.00000 -2.19339e+04
247  0.00000 -2.19334e+04 |248  0.00000 -1.88697e+04 |249  0.00000 -1.64106e+04
250  0.00000 -1.51607e+04 |251  0.00000 -1.36123e+04 |252  0.00000 -1.15570e+04
253  0.00000 -8.26421e+03 |254  0.00000 -5.30133e+03 |255  0.00000 -4.35014e+03
256  0.00000 -2.71181e+03 |257  0.00000 -1.36540e+03 |258  0.00000 -9.50179e+03
259  0.00000 -8.54848e+03 |260  0.00000 -5.09950e+03 |261  0.00000 -2.71224e+03
262  0.00000 -2.99169e+03 |263  0.00000 -3.00824e+03 |264  0.00000 -3.12728e+03
265  0.00000 -3.86349e+03 |266  0.00000 -3.20924e+03 |267  0.00000 -5.59316e+03
268  0.00000 -9.93095e+03 |269  0.00000 -9.78953e+03 |270  0.00000 -9.30144e+03
271  0.00000 -1.08335e+04 |272  0.00000 -1.22349e+04 |273  0.00000 -1.24137e+04
274  0.00000 -1.33989e+04 |275  0.00000 -1.06830e+04 |276  0.00000 -1.11211e+04
277  0.00000 -1.19765e+04 |278  0.00000 -1.26744e+04 |279  0.00000 -1.38804e+04
280  0.00000 -1.54527e+04 |281  0.00000 -1.81211e+04 |282  0.00000 -1.52079e+04
283  0.00000 -1.26742e+04 |284  0.00000 -1.22967e+04 |285  0.00000 -1.26083e+04
286  0.00000 -1.44875e+04 |287  0.00000 -1.64832e+04 |288  0.00000 -1.80512e+04
289  0.00000 -1.98698e+04 |290  0.00000 -2.39552e+04 |291  0.00000 -2.68608e+04
292  0.00000 -3.04471e+04 |293  0.00000 -2.90874e+04 |294  0.00000 -2.99850e+04
295  0.00000 -3.00271e+04 |296  0.00000 -3.16141e+04 |297  0.00000 -3.17545e+04
298  0.00000 -3.27829e+04 |299  0.00000 -3.40763e+04 |300  0.00000 -3.51145e+04
301  0.00000 -3.62591e+04 |302  0.00000 -3.53096e+04 |303  0.00000 -3.42969e+04
304  0.00000 -3.41765e+04 |305  0.00000 -3.34566e+04 |306  0.00000 -3.19713e+04
307  0.00000 -3.04874e+04 |308  0.00000 -2.95557e+04 |309  0.00000 -2.90203e+04
310  0.00000 -2.78524e+04 |311  0.00000 -2.65073e+04 |312  0.00000 -2.19780e+04
313  0.00000 -2.12759e+04 |314  0.00000 -2.03672e+04 |315  0.00000 -1.96000e+04
316  0.00000 -1.71960e+04 |317  0.00000 -1.47243e+04 |318  0.00000 -1.32066e+04
319  0.00000 -1.15889e+04 |320  0.00000 -9.77867e+03 |321  0.00000 -7.31417e+03
322  0.00000 -4.49957e+03 |323  0.00000 -3.14012e+03 |324  0.00000 -1.48278e+03
325  0.00000 -6.31982e+02 |

Intermediate statistics: 325 variables; iteration 20; function evaluation 25; phase 5
Function value 1.0900216e+04; maximum gradient component mag -6.3368e+04
Var    Value     Gradient |Var    Value     Gradient |Var    Value     Gradient
  1 -0.08602  8.80330e+03 |  2 -0.56068 -6.66133e+01 |  3  0.79355  3.22956e+01
  4  0.02883  5.56047e+00 |  5 -0.89856 -2.12196e+01 |  6  0.89104  1.39137e+02
  7 -0.03364 -1.12739e+01 |  8  0.58778  2.17980e+02 |  9  0.79897  4.32406e+02
 10  0.65180 -2.43482e+02 | 11 -0.92086 -1.61468e+01 | 12 -0.32941 -1.01997e+02
 13  0.10340 -1.97901e+02 | 14 -0.98721 -2.83010e+00 | 15 -0.57571 -6.95644e+01
 16  0.45862 -7.38561e+02 | 17 -0.08072 -7.97460e+01 | 18 -0.65900 -8.73695e+01
 19  0.27326  1.82113e+02 | 20  0.18878  1.92148e+02 | 21 -0.25965 -1.60122e+02
 22  0.35313  5.36288e+01 | 23 -0.98721 -2.72557e+00 | 24  0.44950  7.85661e+02
 25 -0.56300 -1.01712e+02 | 26  0.09819  6.22851e+01 | 27  0.35924  9.99042e+01
 28 -0.86797 -3.10592e+01 | 29  0.01244 -5.68571e+02 | 30  0.19618 -6.39635e+01
 31 -0.12601 -2.85715e+01 | 32  0.78063  1.72654e+03 | 33 -0.98722 -2.60723e+00
 34  0.43363  1.02531e+03 | 35  0.40226  1.13766e+03 | 36  0.30926  5.57501e+02
 37 -0.63513 -6.78237e+01 | 38  0.29064  4.52756e+02 | 39 -0.40045 -1.02867e+02
 40  0.06129 -2.75921e+03 | 41 -0.51918 -4.34899e+02 | 42  0.17819  2.93980e+02
 43 -0.12439 -9.85297e+02 | 44  0.26049 -5.79417e+02 | 45  0.06801  5.52939e+02
 46  0.05391  3.83083e+02 | 47  0.01280 -1.27411e+03 | 48 -0.33190 -1.40134e+03
 49  0.21675  5.72117e+02 | 50  0.09086 -2.70681e+01 | 51  0.06600  7.33535e+01
 52  0.10545  1.45585e+01 | 53  0.05252  4.74077e+02 | 54  0.15569  3.65823e+02
 55  0.08631  4.86854e+02 | 56 -0.10828 -2.32569e+03 | 57  0.01624  7.56919e+02
 58  0.17042  1.03776e+03 | 59 -0.00231 -2.33931e+02 | 60  0.07456  4.83993e+02
 61  0.07432 -4.06105e+01 | 62  0.16018  8.93245e+02 | 63  0.19453  1.43440e+03
 64  0.04199  6.37595e+02 | 65  0.09349  6.69127e+02 | 66  0.12656  4.74019e+02
 67  0.08266 -1.34129e+02 | 68  0.03259  2.05967e+02 | 69  0.06847 -5.89097e+02
 70  0.08062  4.33620e+01 | 71  0.22417  3.70167e+02 | 72 -0.15904 -1.71081e+03
 73  0.01430  4.67437e+02 | 74  0.03540  7.91139e+02 | 75  0.07352  1.56753e+02
 76 -0.07443 -8.25451e+02 | 77  0.05200 -4.76963e+02 | 78 -0.73530 -4.72131e+02
 79 -0.97209 -2.70835e+01 | 80 -0.77793  1.77621e+02 | 81 -0.99940 -4.73986e-01
 82 -0.99844 -9.78305e-01 | 83 -0.96216 -3.40656e+01 | 84 -0.97677 -3.39022e+01
 85 -0.75661  4.56853e+02 | 86 -0.90837 -9.25970e+01 | 87 -0.99978 -1.16324e-01
 88 -0.99814 -2.25251e+00 | 89 -0.99486 -3.86822e+00 | 90 -0.97974 -1.40356e+01
 91 -0.95363 -3.13793e+01 | 92 -0.99318 -5.94028e+00 | 93 -0.98150 -1.95859e+01
 94 -0.94341 -4.37438e+01 | 95 -0.95891 -3.10931e+01 | 96 -0.90060 -7.40401e+01
 97 -0.81195  2.61376e+02 | 98 -0.76873  2.64458e+02 | 99 -0.70582  1.33820e+03
100 -0.94170 -1.62651e+02 |101 -0.91631 -1.44830e+02 |102  0.26655 -5.84357e+03
103  0.16825 -1.46803e+04 |104  0.18234 -8.93218e+03 |105  0.07588 -6.91488e+03
106 -0.16961 -9.43584e+02 |107 -0.22124 -3.66752e+02 |108 -0.23593  1.23562e+03
109 -0.01250 -3.22494e+04 |110  0.18870  8.17814e+02 |111 -0.02824 -2.69925e+03
112  0.13303 -9.81995e+02 |113  0.03138  7.16349e+02 |114  0.54833  3.79120e-03
115 -0.05481 -5.44507e+02 |116 -0.37349  2.38293e+03 |117 -0.22783  2.70521e+03
118 -0.37073  2.51533e+03 |119  0.02671  3.13960e+03 |120  1.00054 -1.74832e-01
121  1.00054 -1.76404e-01 |122  0.00998 -2.66445e+04 |123  0.00857 -2.65627e+04
124  0.01258 -2.64693e+04 |125  0.01258 -2.64693e+04 |126  0.01259 -2.64693e+04
127  0.01253 -2.64688e+04 |128  0.01253 -2.64688e+04 |129  0.01253 -2.64689e+04
130 -0.00004 -2.64933e+04 |131 -0.00039 -2.64934e+04 |132 -0.00042 -2.64934e+04
133 -0.00814 -2.64925e+04 |134 -0.00737 -2.65605e+04 |135 -0.00542 -2.65949e+04
136 -0.00482 -2.67361e+04 |137 -0.00336 -2.67391e+04 |138  0.00640 -2.67715e+04
139  0.00871 -2.67744e+04 |140  0.01137 -2.68087e+04 |141  0.00002 -2.68364e+04
142  0.00218 -2.68363e+04 |143  0.01094 -2.68952e+04 |144 -0.00424 -2.69075e+04
145 -0.00415 -2.69183e+04 |146 -0.02135 -2.70036e+04 |147 -0.02084 -2.70045e+04
148  0.00235 -2.72262e+04 |149  0.00085 -2.72490e+04 |150  0.00124 -2.72588e+04
151  0.00244 -2.72722e+04 |152  0.00125 -2.73182e+04 |153  0.00205 -2.73396e+04
154  0.00060 -2.73411e+04 |155  0.00051 -2.73793e+04 |156 -0.01050 -2.74483e+04
157 -0.01000 -2.74894e+04 |158 -0.00157 -2.75514e+04 |159 -0.00264 -2.75514e+04
160 -0.00069 -2.75841e+04 |161  0.01004 -2.78415e+04 |162  0.00950 -2.78552e+04
163  0.00271 -2.79985e+04 |164 -0.00377 -2.80121e+04 |165 -0.00500 -2.80245e+04
166  0.00081 -2.81676e+04 |167  0.00009 -2.82310e+04 |168 -0.00634 -2.83170e+04
169 -0.00990 -2.83877e+04 |170 -0.01225 -2.83581e+04 |171 -0.00972 -2.83658e+04
172 -0.00188 -2.82100e+04 |173 -0.00977 -2.80744e+04 |174  0.00647 -2.80923e+04
175  0.01560 -2.81836e+04 |176  0.02012 -2.80904e+04 |177 -0.04152 -2.80317e+04
178 -0.01678 -2.80178e+04 |179 -0.01020 -2.77811e+04 |180 -0.00333 -2.65046e+04
181 -0.00166 -2.43011e+04 |182 -0.00062 -2.23129e+04 |183  0.00315 -1.80271e+04
184  0.00243 -1.42009e+04 |185  0.00131 -9.12975e+03 |186  0.00211 -8.23667e+03
187  0.00335 -5.51107e+03 |188  0.00129 -2.96893e+03 |189  0.00395 -7.13088e+02
190  0.00102 -6.33677e+04 |191 -0.00372 -6.33128e+04 |192 -0.00168 -6.15443e+04
193  0.00934 -6.03316e+04 |194  0.00942 -6.03365e+04 |195  0.01120 -6.03838e+04
196  0.00446 -6.02402e+04 |197  0.00440 -6.02393e+04 |198 -0.00691 -6.02846e+04
199 -0.00150 -6.04679e+04 |200  0.00194 -6.05321e+04 |201 -0.00382 -6.05345e+04
202 -0.02732 -5.95369e+04 |203  0.01172 -5.86821e+04 |204  0.02322 -5.89558e+04
205 -0.01071 -5.81036e+04 |206 -0.00103 -5.81493e+04 |207 -0.00310 -5.44310e+04
208 -0.00066 -5.44906e+04 |209  0.03929 -5.24215e+04 |210 -0.01470 -5.24263e+04
211 -0.00635 -5.25039e+04 |212  0.01841 -5.38744e+04 |213 -0.00832 -5.43191e+04
214 -0.02533 -5.44007e+04 |215 -0.02143 -5.24625e+04 |216  0.00215 -5.27099e+04
217  0.00530 -5.28521e+04 |218  0.00329 -5.27979e+04 |219  0.00513 -5.29549e+04
220  0.00460 -5.30352e+04 |221  0.00347 -5.45153e+04 |222  0.00366 -5.45876e+04
223  0.01782 -5.73066e+04 |224  0.00296 -5.74180e+04 |225 -0.01801 -5.80982e+04
226 -0.00717 -5.83315e+04 |227 -0.01324 -5.96463e+04 |228 -0.01357 -5.95707e+04
229 -0.00700 -5.96256e+04 |230  0.00909 -5.85019e+04 |231  0.00524 -5.81293e+04
232 -0.00161 -5.55846e+04 |233 -0.00652 -5.36089e+04 |234 -0.00565 -5.00837e+04
235  0.00802 -4.60778e+04 |236 -0.00201 -4.37371e+04 |237 -0.00017 -4.10269e+04
238  0.00131 -3.86049e+04 |239  0.00439 -3.62616e+04 |240  0.00210 -3.47917e+04
241  0.00643 -3.45685e+04 |242  0.00487 -3.43491e+04 |243 -0.00318 -3.52286e+04
244  0.00332 -3.48383e+04 |245  0.00897 -3.32833e+04 |246 -0.00114 -3.29386e+04
247 -0.00572 -3.27932e+04 |248 -0.00537 -3.20107e+04 |249 -0.00807 -2.99825e+04
250 -0.01098 -2.72618e+04 |251 -0.01220 -2.28701e+04 |252 -0.00133 -1.85312e+04
253  0.00384 -1.36352e+04 |254  0.00546 -1.05728e+04 |255  0.01073 -7.23901e+03
256  0.00773 -3.84033e+03 |257  0.00274 -1.30754e+03 |258  0.02410 -3.87643e+04
259 -0.00794 -3.89036e+04 |260 -0.00430 -3.78185e+04 |261 -0.01606 -3.68522e+04
262 -0.01567 -3.67956e+04 |263 -0.01348 -3.68586e+04 |264 -0.00470 -3.70288e+04
265  0.00208 -3.61979e+04 |266 -0.00611 -3.63531e+04 |267  0.00433 -3.66229e+04
268 -0.00730 -3.64803e+04 |269  0.01128 -3.64734e+04 |270  0.00421 -3.60244e+04
271 -0.01384 -3.41523e+04 |272  0.00140 -3.26251e+04 |273  0.00209 -3.24673e+04
274  0.00889 -3.11535e+04 |275  0.00750 -2.74949e+04 |276 -0.03157 -2.60837e+04
277  0.01573 -2.44904e+04 |278  0.02984 -2.46018e+04 |279 -0.03865 -2.51095e+04
280  0.00987 -2.66750e+04 |281  0.02326 -2.74269e+04 |282  0.00401 -2.74374e+04
283  0.01740 -2.56782e+04 |284 -0.01441 -2.59571e+04 |285 -0.01107 -2.61054e+04
286  0.00086 -2.64847e+04 |287  0.00091 -2.71995e+04 |288 -0.00742 -2.80993e+04
289  0.00013 -2.97124e+04 |290 -0.00540 -3.16733e+04 |291  0.02924 -3.47051e+04
292 -0.01156 -3.96894e+04 |293  0.00064 -4.06636e+04 |294  0.00139 -4.18924e+04
295  0.00723 -4.34997e+04 |296  0.00521 -4.49003e+04 |297 -0.00324 -4.50709e+04
298 -0.01611 -4.45226e+04 |299 -0.01234 -4.46353e+04 |300 -0.00291 -4.27692e+04
301  0.01302 -4.19022e+04 |302  0.00691 -3.88730e+04 |303 -0.00399 -3.57361e+04
304  0.00452 -3.42367e+04 |305 -0.00268 -3.21250e+04 |306  0.00778 -3.07714e+04
307 -0.00083 -2.84717e+04 |308  0.00691 -2.73978e+04 |309  0.00287 -2.72647e+04
310  0.00364 -2.76597e+04 |311 -0.01206 -2.84629e+04 |312 -0.00665 -2.75587e+04
313  0.01416 -2.59843e+04 |314  0.00783 -2.55674e+04 |315 -0.00479 -2.56238e+04
316 -0.00374 -2.47725e+04 |317  0.00490 -2.32838e+04 |318  0.00626 -2.16169e+04
319  0.00381 -1.83803e+04 |320  0.01112 -1.46970e+04 |321 -0.00990 -1.11562e+04
322 -0.02063 -8.92787e+03 |323 -0.00892 -7.35744e+03 |324 -0.01238 -4.06264e+03
325 -0.00756 -1.65866e+03 |
325 variables; iteration 40; function evaluation 45; phase 5
Function value 7.8788000e+03; maximum gradient component mag -4.3185e+04
Var    Value     Gradient |Var    Value     Gradient |Var    Value     Gradient
  1 -0.05126  3.10426e+03 |  2 -0.53038 -6.75919e+01 |  3  0.76642 -1.63661e+01
  4  0.02579  2.65659e+00 |  5 -0.88875 -2.31920e+01 |  6  0.79771  1.66553e+02
  7 -0.02981 -1.31862e+01 |  8  0.47412  1.14347e+02 |  9  0.58318  2.78679e+02
 10  0.70924 -2.41843e+02 | 11 -0.91688 -2.90110e+01 | 12 -0.31366 -1.15128e+02
 13  0.16867 -1.64717e+02 | 14 -0.98647 -5.06162e+00 | 15 -0.56123 -1.26771e+02
 16  0.59682 -9.65738e+01 | 17 -0.08521 -8.23332e+01 | 18 -0.63365 -1.53464e+02
 19  0.19457 -1.86211e+02 | 20  0.17175  5.99323e+01 | 21 -0.22716 -1.70342e+02
 22  0.29102  2.58800e+01 | 23 -0.98654 -4.67441e+00 | 24  0.27851  1.07500e+02
 25 -0.52866 -2.67420e+02 | 26  0.10972  8.68414e+01 | 27  0.27986  1.91540e+02
 28 -0.85750 -6.17239e+01 | 29  0.15297 -2.26275e+02 | 30  0.14968  1.62173e+02
 31 -0.14617 -2.43772e+01 | 32  0.17927 -3.00162e+02 | 33 -0.98643 -6.55618e+00
 34  0.12691  2.16956e+02 | 35  0.09086  1.33907e+02 | 36  0.09656  1.03661e+02
 37 -0.60854 -1.75759e+02 | 38  0.08072 -2.41784e+02 | 39 -0.36051 -1.77906e+02
 40  0.36694  1.25537e+03 | 41 -0.37786 -3.30655e+02 | 42  0.12033 -8.02540e+02
 43  0.06545  7.23712e+02 | 44  0.27069 -2.09799e+02 | 45  0.01188 -5.42762e+02
 46  0.01029 -5.60887e+02 | 47  0.07675  2.25734e+02 | 48  0.06930  1.24688e+03
 49  0.18017 -8.82140e+02 | 50  0.07588 -2.86517e+02 | 51  0.03789 -3.98276e+02
 52  0.07631 -4.19702e+02 | 53  0.02198 -2.44590e+02 | 54  0.14802  3.33560e+02
 55  0.06057 -3.37048e+02 | 56  0.01313  5.90889e+02 | 57 -0.00935 -1.09444e+02
 58  0.16952  1.68347e+03 | 59  0.00396  2.78179e+01 | 60  0.04785  3.53793e+01
 61  0.06418  2.07562e+02 | 62  0.11642 -4.15656e+02 | 63  0.14232 -4.17399e+02
 64  0.00258 -9.10218e+00 | 65  0.06260  8.14610e+01 | 66  0.10263 -1.93323e+02
 67  0.06617 -6.06779e+02 | 68  0.02109 -1.17231e+02 | 69  0.06953 -3.59064e+02
 70  0.07712 -1.32573e+02 | 71  0.21749 -1.12736e+02 | 72  0.01770  7.14649e+02
 73  0.01608  1.69317e+02 | 74  0.04022  2.06008e+01 | 75  0.08587 -2.98661e+02
 76  0.01720  3.84416e+02 | 77  0.13519  3.64348e+02 | 78 -0.56951 -6.36136e+01
 79 -0.96230 -5.78842e+01 | 80 -0.83389  3.55527e+02 | 81 -0.99921 -1.41769e+00
 82 -0.99776 -5.27269e+00 | 83 -0.94577 -1.16475e+02 | 84 -0.95941 -1.30582e+02
 85 -0.89903 -4.36444e+01 | 86 -0.87232  2.29860e+01 | 87 -0.99970 -4.78738e-01
 88 -0.99673 -8.75605e+00 | 89 -0.99320 -1.03630e+01 | 90 -0.97378 -4.13979e+01
 91 -0.94087 -8.66615e+01 | 92 -0.98990 -2.06983e+01 | 93 -0.96904 -7.77812e+01
 94 -0.91676 -1.14786e+02 | 95 -0.93714 -1.13011e+02 | 96 -0.87147  4.25642e+00
 97 -0.89177  1.05962e+02 | 98 -0.89872  3.08819e+01 | 99 -0.90065  1.99145e+02
100 -0.91953  2.08117e+02 |101 -0.92840  8.74797e+01 |102  0.26645 -1.95666e+03
103  0.16367 -7.61253e+03 |104  0.19102 -9.97252e+03 |105  0.08327 -2.69580e+03
106 -0.17612 -8.74452e+02 |107 -0.21281  9.31519e+01 |108 -0.25459  2.50244e+02
109 -0.00208 -1.51055e+04 |110  0.15626 -6.44897e+03 |111 -0.02156  1.42336e+02
112  0.15981  4.05480e+02 |113 -0.15992 -8.86686e+01 |114  0.54832  3.63011e-03
115 -0.07883  4.86738e+00 |116 -0.33625  2.90758e+03 |117 -0.19099  2.42829e+03
118 -0.38192  1.70761e+03 |119 -0.07519  2.09473e+03 |120  1.00311 -4.39373e-01
121  1.00312 -6.06448e-01 |122  0.00193 -8.92243e+03 |123  0.02077 -8.76250e+03
124  0.01674 -8.65894e+03 |125  0.01675 -8.65894e+03 |126  0.01685 -8.65900e+03
127  0.01809 -8.65764e+03 |128  0.01810 -8.65764e+03 |129  0.01813 -8.65762e+03
130 -0.01612 -8.68071e+03 |131 -0.01742 -8.68056e+03 |132 -0.01751 -8.68057e+03
133 -0.04917 -8.66553e+03 |134 -0.01783 -8.73841e+03 |135  0.01260 -8.74231e+03
136 -0.01107 -8.00362e+03 |137 -0.00114 -8.04450e+03 |138  0.03104 -7.70835e+03
139  0.04119 -7.75651e+03 |140  0.05721 -7.76258e+03 |141  0.01143 -7.83013e+03
142  0.01787 -7.82672e+03 |143  0.05640 -7.79682e+03 |144 -0.04241 -7.83447e+03
145 -0.03537 -7.83807e+03 |146 -0.05984 -7.84363e+03 |147 -0.05632 -7.84913e+03
148  0.01945 -6.83541e+03 |149  0.00313 -6.85641e+03 |150 -0.00414 -6.85735e+03
151  0.01421 -6.87649e+03 |152  0.01231 -6.92686e+03 |153  0.03249 -6.93398e+03
154  0.02055 -6.94935e+03 |155  0.02677 -6.94543e+03 |156 -0.02843 -6.95825e+03
157 -0.03534 -6.97543e+03 |158 -0.00590 -7.04666e+03 |159 -0.02685 -7.05523e+03
160 -0.03814 -7.08876e+03 |161  0.01893 -7.27995e+03 |162  0.00978 -7.27199e+03
163  0.02077 -7.43844e+03 |164 -0.02796 -7.46407e+03 |165 -0.02069 -7.46964e+03
166  0.01550 -7.41194e+03 |167  0.00712 -7.44811e+03 |168  0.01375 -7.50228e+03
169 -0.01038 -7.59468e+03 |170 -0.03342 -7.60280e+03 |171  0.00258 -7.52305e+03
172  0.03527 -7.39985e+03 |173 -0.05540 -7.43181e+03 |174  0.02846 -7.44614e+03
175  0.06833 -7.52222e+03 |176  0.07711 -7.57333e+03 |177 -0.18599 -7.36803e+03
178  0.02837 -7.54883e+03 |179  0.02944 -7.53991e+03 |180 -0.03866 -7.60651e+03
181 -0.03610 -7.46741e+03 |182  0.01169 -6.61918e+03 |183  0.00018 -5.75074e+03
184  0.00360 -3.48022e+03 |185  0.00408 -8.02953e+02 |186 -0.00576 -3.58347e+02
187  0.01703 -1.02841e+02 |188  0.00309  1.79784e+02 |189  0.03434  9.69339e+01
190 -0.05842 -3.26731e+04 |191  0.07567 -3.23700e+04 |192  0.00409 -3.16461e+04
193  0.01143 -3.13035e+04 |194  0.01209 -3.13033e+04 |195  0.03165 -3.13149e+04
196 -0.00953 -3.12387e+04 |197 -0.00979 -3.12385e+04 |198 -0.04037 -3.12088e+04
199  0.01610 -3.01693e+04 |200  0.02471 -3.01774e+04 |201 -0.00117 -3.02063e+04
202 -0.06015 -3.12073e+04 |203  0.00235 -3.01938e+04 |204  0.05079 -2.95737e+04
205 -0.03829 -2.83470e+04 |206  0.00402 -2.80863e+04 |207 -0.00309 -2.67662e+04
208  0.01975 -2.69072e+04 |209  0.01753 -2.39699e+04 |210 -0.01732 -2.40071e+04
211  0.02532 -2.40062e+04 |212 -0.02103 -2.48842e+04 |213  0.00454 -2.51879e+04
214 -0.01742 -2.52552e+04 |215 -0.05321 -2.62048e+04 |216  0.03228 -2.56388e+04
217  0.00278 -2.45830e+04 |218  0.00682 -2.36850e+04 |219  0.00975 -2.26432e+04
220  0.01758 -2.27822e+04 |221  0.00981 -2.30896e+04 |222  0.01371 -2.31578e+04
223  0.06832 -2.37908e+04 |224 -0.05015 -2.38833e+04 |225 -0.07799 -2.44135e+04
226  0.01714 -2.43893e+04 |227 -0.02417 -2.51767e+04 |228 -0.03134 -2.45494e+04
229  0.03025 -2.43374e+04 |230  0.01652 -2.33659e+04 |231 -0.00794 -2.27382e+04
232  0.00258 -2.12190e+04 |233 -0.01283 -2.02029e+04 |234  0.00010 -1.81767e+04
235  0.01151 -1.56364e+04 |236 -0.00675 -1.40430e+04 |237  0.00508 -1.16392e+04
238  0.00154 -1.01779e+04 |239 -0.00875 -8.57599e+03 |240  0.00956 -7.14748e+03
241  0.01395 -6.51060e+03 |242 -0.01225 -6.60490e+03 |243  0.01721 -6.20388e+03
244  0.00239 -6.94799e+03 |245  0.00877 -7.35376e+03 |246  0.00002 -7.65600e+03
247 -0.03466 -7.77904e+03 |248  0.01347 -8.18644e+03 |249  0.01305 -8.22328e+03
250 -0.00657 -7.56261e+03 |251 -0.10551 -6.80055e+03 |252 -0.07619 -4.18525e+03
253  0.08786 -1.58432e+03 |254  0.09689 -1.88790e+02 |255 -0.02047 -3.64020e+00
256  0.01236  4.33415e+02 |257  0.00035  3.01575e+02 |258  0.07383 -4.31852e+04
259 -0.07977 -4.29990e+04 |260  0.00902 -4.19861e+04 |261 -0.00339 -4.17110e+04
262 -0.05981 -4.10771e+04 |263 -0.01605 -4.13861e+04 |264  0.04361 -4.10376e+04
265 -0.05527 -4.01899e+04 |266 -0.02485 -3.40363e+04 |267  0.06886 -3.29483e+04
268 -0.01169 -3.26792e+04 |269 -0.02384 -3.24485e+04 |270  0.05046 -2.12323e+04
271 -0.01289 -2.04259e+04 |272 -0.03400 -1.93143e+04 |273  0.05166 -1.80689e+04
274  0.00026 -1.87558e+04 |275  0.00996 -1.74726e+04 |276 -0.06271 -1.87201e+04
277  0.04569 -1.68003e+04 |278  0.02352 -1.75564e+04 |279 -0.05714 -1.84603e+04
280  0.03220 -1.79911e+04 |281  0.02558 -1.80953e+04 |282 -0.02716 -1.85806e+04
283  0.00267 -1.91767e+04 |284  0.01364 -1.89913e+04 |285 -0.01679 -1.79289e+04
286  0.00739 -1.72611e+04 |287  0.01957 -1.66232e+04 |288 -0.03924 -1.76450e+04
289  0.03067 -1.84270e+04 |290 -0.02608 -2.00593e+04 |291  0.06734 -2.08495e+04
292 -0.07165 -2.44287e+04 |293  0.04849 -2.40837e+04 |294 -0.01006 -2.58005e+04
295  0.00852 -2.63576e+04 |296  0.02963 -2.69758e+04 |297 -0.03629 -2.68096e+04
298 -0.01205 -2.63979e+04 |299 -0.02446 -2.61011e+04 |300  0.02080 -2.46397e+04
301  0.01100 -2.45631e+04 |302 -0.00590 -2.33443e+04 |303 -0.01783 -2.14314e+04
304  0.01112 -1.97768e+04 |305 -0.04128 -1.79238e+04 |306  0.04141 -1.68213e+04
307  0.00962 -1.49102e+04 |308 -0.00750 -1.38415e+04 |309 -0.00655 -1.31076e+04
310  0.01337 -1.23478e+04 |311 -0.00379 -1.15337e+04 |312  0.00080 -1.11607e+04
313  0.01301 -1.09351e+04 |314  0.00988 -1.16008e+04 |315  0.00887 -1.24869e+04
316 -0.01870 -1.29887e+04 |317 -0.00686 -1.31977e+04 |318  0.00160 -1.21519e+04
319  0.09077 -1.10675e+04 |320  0.08730 -8.43899e+03 |321 -0.09329 -5.92374e+03
322 -0.10306 -4.54896e+03 |323  0.02069 -3.09908e+03 |324 -0.02246 -2.33115e+03
325 -0.00401 -1.05950e+03 |
325 variables; iteration 60; function evaluation 65; phase 5
Function value 6.9628173e+03; maximum gradient component mag -1.5872e+04
Var    Value     Gradient |Var    Value     Gradient |Var    Value     Gradient
  1 -0.04223  7.15657e+03 |  2 -0.41616 -6.57659e+01 |  3  0.66163  3.27231e+02
  4  0.01551  1.41901e+01 |  5 -0.84885 -3.09592e+01 |  6  0.32645 -2.37621e+01
  7 -0.00955 -8.45588e+01 |  8  0.11778 -1.28609e+02 |  9 -0.04421 -1.34977e+02
 10  0.59455  2.63460e+02 | 11 -0.88704 -3.53390e+01 | 12 -0.22609 -1.54037e+02
 13  0.34568  3.18700e+02 | 14 -0.98169 -5.24932e+00 | 15 -0.45215 -1.13893e+02
 16  0.45425  7.12877e+01 | 17 -0.03241  7.16385e+01 | 18 -0.48045 -1.62629e+02
 19  0.07834  3.14682e+02 | 20  0.16070  5.40474e+01 | 21 -0.12020 -1.50088e+01
 22  0.20097  8.11812e+01 | 23 -0.98186 -5.89869e+00 | 24  0.05197 -3.42802e+02
 25 -0.19406 -1.75853e+02 | 26  0.12949 -3.59881e+01 | 27 -0.00304 -2.47883e+02
 28 -0.78040 -1.58140e+02 | 29  0.20272  1.17251e+02 | 30 -0.14573 -5.45630e+01
 31 -0.19583 -2.80243e+01 | 32  0.05364 -6.76391e+02 | 33 -0.97860 -1.01973e+01
 34 -0.03886 -5.63726e+02 | 35 -0.14541 -3.85487e+02 | 36 -0.09464 -2.43332e+02
 37 -0.40205 -2.81809e+02 | 38  0.03928 -1.48586e+02 | 39 -0.14393 -1.57504e+02
 40  0.34578  6.18189e+02 | 41  0.25134  1.47746e+03 | 42  0.18983 -2.80475e+02
 43  0.03327  6.79289e+01 | 44  0.28278  1.55601e+01 | 45  0.05721 -1.46009e+01
 46  0.04828 -2.69887e+01 | 47  0.08655  2.21961e+02 | 48  0.00355  5.92019e+01
 49  0.20068 -1.90002e+02 | 50  0.08965  1.64939e+01 | 51  0.05081 -1.79111e+02
 52  0.09097 -2.86786e+01 | 53  0.03939  2.45455e+01 | 54  0.15765  5.18595e+02
 55  0.07847  1.83600e+02 | 56  0.01102  2.83265e+02 | 57  0.00616  1.06004e+02
 58  0.16990  1.19269e+03 | 59  0.00805  8.30405e+00 | 60  0.06073  2.95637e+02
 61  0.07017  1.19221e+02 | 62  0.13586  1.47958e+02 | 63  0.15291 -2.34711e+02
 64  0.00551 -7.40456e+01 | 65  0.07485  3.41691e+02 | 66  0.11384  9.46270e+01
 67  0.07662 -2.85787e+02 | 68  0.03018  6.49870e+01 | 69  0.07335 -4.39665e+02
 70  0.08820 -5.32656e+01 | 71  0.22879 -1.12040e+00 | 72  0.01995  6.22921e+02
 73  0.01990 -5.65024e+01 | 74  0.04652 -9.13661e+01 | 75  0.09124 -3.23512e+02
 76  0.01933  3.20361e+02 | 77  0.13892  3.23438e+02 | 78 -0.27598 -7.07297e+01
 79 -0.86806 -1.46591e+02 | 80 -0.85031  1.63070e+02 | 81 -0.99678 -6.23901e+00
 82 -0.98793 -2.77414e+01 | 83 -0.79615  1.80254e+02 | 84 -0.82380  4.80309e+02
 85 -0.89642 -2.64875e+01 | 86 -0.90042 -1.37720e+02 | 87 -0.99885 -1.91047e+00
 88 -0.97639 -6.57031e+01 | 89 -0.97383 -4.34715e+01 | 90 -0.90365 -1.09950e+02
 91 -0.82506  4.18276e+01 | 92 -0.94773 -1.02864e+02 | 93 -0.84729  1.86822e+02
 94 -0.81365  2.92992e+02 | 95 -0.81613  3.39618e+02 | 96 -0.87732 -4.23705e+01
 97 -0.89665  6.12649e+01 | 98 -0.88994  1.44553e+02 | 99 -0.88614  3.42593e+02
100 -0.92343  6.81432e+01 |101 -0.92384  1.52941e+02 |102  0.27734 -1.00185e+03
103  0.20018 -3.36049e+03 |104  0.19140 -3.08039e+03 |105  0.08969  6.06231e+02
106 -0.17685  1.63452e+02 |107 -0.21318  5.76354e+02 |108 -0.25388  4.04962e+02
109 -0.00271 -1.58719e+04 |110  0.15496 -5.81836e+03 |111 -0.02032  1.06384e+03
112  0.16033  8.53806e+02 |113 -0.24157  3.14381e+00 |114  0.54832  3.65342e-03
115 -0.05704  1.25741e+02 |116 -0.34665  1.89484e+03 |117 -0.22674  1.12494e+03
118 -0.30737  9.26411e+02 |119 -0.16682  1.05179e+03 |120  1.00356 -3.92541e-01
121  1.00378 -4.14433e-01 |122  0.04573 -4.58132e+03 |123  0.06768 -4.56146e+03
124  0.03344 -4.58896e+03 |125  0.03346 -4.58895e+03 |126  0.03368 -4.58881e+03
127  0.03528 -4.58780e+03 |128  0.03530 -4.58778e+03 |129  0.03531 -4.58777e+03
130 -0.04138 -4.60401e+03 |131 -0.04551 -4.60298e+03 |132 -0.04576 -4.60291e+03
133 -0.16925 -4.48167e+03 |134 -0.04599 -4.26417e+03 |135  0.03237 -4.07885e+03
136 -0.03231 -3.27882e+03 |137  0.02558 -3.28793e+03 |138 -0.01439 -3.16157e+03
139  0.06321 -3.04947e+03 |140  0.06212 -2.87134e+03 |141 -0.00043 -2.92843e+03
142  0.01421 -2.92595e+03 |143  0.10916 -3.04194e+03 |144 -0.04833 -3.11692e+03
145 -0.01938 -3.11748e+03 |146 -0.08771 -3.12134e+03 |147 -0.07030 -3.13779e+03
148  0.02016 -2.90565e+03 |149  0.00339 -2.88892e+03 |150 -0.02239 -2.82303e+03
151  0.04173 -2.73957e+03 |152  0.04087 -2.70959e+03 |153  0.10107 -2.68068e+03
154  0.08668 -2.69550e+03 |155  0.10626 -2.67816e+03 |156 -0.03896 -2.74646e+03
157 -0.10286 -2.73124e+03 |158 -0.01650 -2.74520e+03 |159 -0.09475 -2.73477e+03
160 -0.13119 -2.73729e+03 |161  0.03809 -2.77337e+03 |162 -0.01983 -2.79441e+03
163  0.06346 -2.59698e+03 |164 -0.03074 -2.65175e+03 |165 -0.01583 -2.66437e+03
166 -0.00613 -2.77166e+03 |167 -0.01763 -2.79221e+03 |168 -0.00644 -2.67392e+03
169  0.00967 -2.52105e+03 |170 -0.01162 -2.49235e+03 |171 -0.00445 -2.49925e+03
172  0.09011 -2.27038e+03 |173 -0.10180 -2.34914e+03 |174  0.01040 -2.32070e+03
175  0.09930 -2.09648e+03 |176  0.14110 -2.12335e+03 |177 -0.34250 -1.96790e+03
178  0.15276 -1.67772e+03 |179  0.05371 -1.74366e+03 |180 -0.11064 -1.81489e+03
181 -0.02162 -1.70950e+03 |182  0.00716 -1.48393e+03 |183  0.00234 -1.38185e+03
184 -0.00429 -8.56939e+02 |185  0.00455  2.26537e+02 |186 -0.03419  3.78191e+02
187  0.05124  3.34821e+02 |188 -0.00634  3.16920e+02 |189  0.05494  1.13908e+02
190 -0.06529 -1.46626e+04 |191  0.07054 -1.43434e+04 |192  0.05772 -1.44241e+04
193  0.00504 -1.44346e+04 |194  0.00785 -1.44333e+04 |195  0.04199 -1.44336e+04
196  0.03183 -1.44737e+04 |197  0.03224 -1.44731e+04 |198 -0.21485 -1.37308e+04
199  0.00168 -1.38737e+04 |200  0.03961 -1.33778e+04 |201  0.00669 -1.33896e+04
202  0.00532 -1.09143e+04 |203 -0.02951 -1.15563e+04 |204  0.03066 -1.08743e+04
205 -0.01731 -1.06483e+04 |206  0.01431 -1.05226e+04 |207 -0.06025 -1.05671e+04
208  0.07669 -9.43312e+03 |209 -0.03428 -8.97443e+03 |210 -0.06446 -8.73657e+03
211  0.11617 -9.11997e+03 |212 -0.06768 -1.03313e+04 |213  0.02115 -1.03243e+04
214 -0.01185 -1.00275e+04 |215  0.00019 -1.02772e+04 |216  0.01738 -1.01959e+04
217 -0.02704 -8.50317e+03 |218  0.02448 -7.01352e+03 |219 -0.02149 -5.72566e+03
220  0.03262 -5.23299e+03 |221 -0.02779 -4.48609e+03 |222  0.03466 -4.36539e+03
223  0.13449 -4.50430e+03 |224  0.02263 -4.63119e+03 |225 -0.20682 -4.44452e+03
226  0.02749 -4.14069e+03 |227 -0.00742 -4.44970e+03 |228 -0.16548 -4.31301e+03
229  0.14054 -4.19248e+03 |230  0.01373 -3.80770e+03 |231  0.01621 -2.97372e+03
232 -0.01776 -2.66087e+03 |233 -0.00892 -1.41078e+03 |234  0.00093  9.09901e+02
235  0.02543  2.70523e+03 |236 -0.01133  2.69878e+03 |237  0.00976  2.65569e+03
238 -0.00588  2.63310e+03 |239 -0.00055  2.56246e+03 |240 -0.00344  2.36266e+03
241  0.01695  1.73726e+03 |242 -0.01021  1.48123e+03 |243  0.00357  1.48315e+03
244  0.00842  9.89990e+02 |245  0.06342  4.58904e+02 |246 -0.08149  7.97537e+02
247 -0.01851  9.84756e+02 |248  0.02505  4.65337e+02 |249  0.01087  3.60476e+02
250  0.00444  3.50733e+02 |251 -0.12620  3.43942e-02 |252 -0.08926  2.56208e+02
253  0.12250  9.64347e+02 |254  0.17727  8.81992e+02 |255 -0.09997  7.75126e+02
256 -0.00137  5.60636e+02 |257  0.00137  2.65499e+02 |258  0.05696 -1.33700e+04
259 -0.06298 -1.31271e+04 |260 -0.01548 -1.32031e+04 |261  0.05315 -1.34521e+04
262 -0.10034 -1.40218e+04 |263  0.05849 -1.13489e+04 |264  0.01474 -1.17939e+04
265 -0.07265 -1.14235e+04 |266 -0.05806 -1.14514e+04 |267  0.07043 -1.09432e+04
268  0.00764 -1.04006e+04 |269 -0.02210 -9.71458e+03 |270  0.03003 -5.62145e+03
271  0.00773 -5.15247e+03 |272 -0.01967 -4.08467e+03 |273  0.02687 -3.47735e+03
274 -0.01358 -3.72836e+03 |275  0.02447 -3.95102e+03 |276 -0.04743 -4.45028e+03
277  0.04771 -4.16491e+03 |278  0.01851 -5.11545e+03 |279 -0.05280 -6.16885e+03
280  0.01828 -7.48036e+03 |281 -0.00336 -6.91939e+03 |282  0.01408 -6.57260e+03
283 -0.01501 -6.86225e+03 |284 -0.00496 -6.09726e+03 |285  0.02112 -4.67599e+03
286 -0.01472 -3.18151e+03 |287  0.02015 -1.25000e+03 |288 -0.02002 -1.58595e+02
289  0.03471  1.47482e+03 |290 -0.01082  1.16780e+03 |291  0.01452  8.26333e+02
292 -0.04834  8.41750e+02 |293  0.04926  4.46595e+03 |294 -0.01580  3.71822e+03
295  0.00885  3.52572e+03 |296  0.15484  2.72401e+03 |297 -0.14739  2.74880e+03
298 -0.01894  2.71359e+03 |299 -0.02628  2.61409e+03 |300  0.02676  3.58264e+03
301 -0.00080  2.88742e+03 |302  0.00284  4.34869e+03 |303 -0.01276  5.29713e+03
304  0.01268  5.28990e+03 |305 -0.23225  4.55389e+03 |306  0.23834  4.65225e+03
307 -0.00587  4.22269e+03 |308 -0.00089  3.73568e+03 |309 -0.00506  3.07577e+03
310  0.00365  2.77671e+03 |311 -0.00001  3.04351e+03 |312  0.00119  2.92221e+03
313  0.00467  2.20519e+03 |314  0.01234  1.63071e+03 |315  0.02235  8.36692e+02
316 -0.03140  2.21609e+02 |317 -0.00087 -3.08674e+02 |318  0.00127 -6.88637e+02
319  0.10673 -1.29605e+03 |320  0.10016 -1.05464e+03 |321 -0.12809 -4.42968e+02
322 -0.08819 -5.39477e+02 |323  0.00372 -3.39158e+02 |324 -0.01023 -1.49836e+02
325 -0.00474 -1.44296e+02 |
325 variables; iteration 80; function evaluation 87; phase 5
Function value 6.4397640e+03; maximum gradient component mag -1.9097e+04
Var    Value     Gradient |Var    Value     Gradient |Var    Value     Gradient
  1 -0.03530  5.38009e+03 |  2 -0.22456 -4.98990e+01 |  3  0.35957 -1.18426e+02
  4  0.00317 -4.16410e+01 |  5 -0.76498 -4.63860e+01 |  6 -0.04681 -1.99546e+02
  7  0.17853  1.59762e+02 |  8 -0.13803 -2.38208e+02 |  9 -0.74562 -9.18299e+01
 10  0.35996 -1.91760e+02 | 11 -0.81424 -6.24496e+01 | 12 -0.00592 -1.59903e+02
 13  0.14134  1.86452e+02 | 14 -0.97079 -9.01335e+00 | 15 -0.25728 -4.37149e+01
 16  0.32118 -6.03714e+01 | 17  0.12463  1.13562e+02 | 18 -0.19132 -5.92365e+01
 19 -0.07213  4.44852e+01 | 20  0.08202 -5.76531e+01 | 21 -0.01932  5.03555e+00
 22  0.12872  2.89103e+01 | 23 -0.96898 -1.21478e+01 | 24 -0.11054 -4.62054e+02
 25 -0.05359  6.35719e+01 | 26  0.12071 -5.59756e+01 | 27 -0.22860 -8.04325e+01
 28 -0.43358 -4.64912e+02 | 29  0.16954  2.61041e+02 | 30 -0.39602 -1.69597e+02
 31 -0.23456 -3.40787e+01 | 32  0.04199 -6.30994e+02 | 33 -0.95776 -1.87659e+01
 34  0.03726 -3.29003e+02 | 35 -0.07668 -1.91789e+02 | 36 -0.10250 -1.43347e+02
 37 -0.08455  8.26136e+01 | 38  0.06763 -9.18253e+01 | 39  0.04229  1.19861e+02
 40  0.34371  4.63851e+02 | 41  0.18983  7.98474e+02 | 42  0.18406  3.61258e+02
 43  0.03476  2.36725e+02 | 44  0.26051 -3.99395e+02 | 45  0.04578  2.65412e+01
 46  0.03903  3.82360e+00 | 47  0.07495  2.66724e+02 | 48  0.01912  3.48204e+02
 49  0.17749 -6.79368e+02 | 50  0.08040  1.23466e+02 | 51  0.03538 -2.60092e+02
 52  0.07939 -1.03486e+02 | 53  0.02056 -1.28668e+02 | 54  0.14770  6.85721e+02
 55  0.06533  1.48613e+02 | 56  0.00170  3.53009e+02 | 57 -0.00918  1.85003e+01
 58  0.15323  9.35619e+02 | 59 -0.00547  9.75363e+00 | 60  0.04387  1.24723e+02
 61  0.05191 -1.68089e+02 | 62  0.12754  3.39854e+02 | 63  0.14740  1.16920e+02
 64 -0.00764 -1.77706e+02 | 65  0.05732  4.96091e+01 | 66  0.10359  2.46704e+02
 67  0.06651 -2.04361e+02 | 68  0.02381  2.36149e+02 | 69  0.05901 -6.41974e+02
 70  0.07627 -2.54757e+02 | 71  0.22301  4.86841e+02 | 72  0.00429  4.77594e+02
 73 -0.00026 -4.16821e+02 | 74  0.03211 -1.70234e+02 | 75  0.07712 -3.25450e+02
 76  0.00358  2.36580e+02 | 77  0.12437  2.35485e+02 | 78  0.08361  1.93585e+02
 79 -0.76182  2.51735e+01 | 80 -0.85203  1.25908e+02 | 81 -0.97776 -4.17570e+01
 82 -0.89739 -1.54537e+02 | 83 -0.80636  1.35517e+02 | 84 -0.83186  3.46473e+02
 85 -0.90065 -6.07024e+01 | 86 -0.87861 -2.97234e+01 | 87 -0.99339 -1.06713e+01
 88 -0.83981  1.81633e+02 | 89 -0.86951 -7.47478e+01 | 90 -0.82339  2.48935e+01
 91 -0.82453  5.37986e+01 | 92 -0.85310  3.65520e+01 | 93 -0.84959  1.51888e+02
 94 -0.82871  1.86210e+02 | 95 -0.83412  2.07243e+02 | 96 -0.86935  1.12824e+00
 97 -0.90295  6.36028e+00 | 98 -0.89995  4.83531e+01 | 99 -0.91680 -7.09082e+01
100 -0.92571  5.01191e+01 |101 -0.92664  6.27205e+01 |102  0.27425 -1.55294e+02
103  0.25152 -4.64177e+02 |104  0.18312 -4.35402e+03 |105  0.09419  2.11800e+03
106 -0.17816 -5.08258e+02 |107 -0.21251 -2.25584e+02 |108 -0.26292 -4.27742e+02
109 -0.00301 -1.07905e+04 |110  0.16126 -2.23763e+03 |111 -0.02182  2.20042e+03
112  0.15965  1.08349e+03 |113 -0.40216 -5.50653e-02 |114  0.54831  3.63795e-03
115 -0.06238 -8.12367e+01 |116 -0.34489  1.44428e+03 |117 -0.21784  8.45409e+02
118 -0.26894  5.63362e+02 |119 -0.25583  4.98554e+02 |120  1.00765 -5.36192e-01
121  1.00815 -5.32578e-01 |122  0.01506 -7.08211e+02 |123  0.12641 -6.55400e+02
124  0.05887 -6.81880e+02 |125  0.05889 -6.81872e+02 |126  0.05916 -6.81781e+02
127  0.06140 -6.81004e+02 |128  0.06144 -6.80991e+02 |129  0.06145 -6.80986e+02
130 -0.03203 -7.06315e+02 |131 -0.03904 -7.07604e+02 |132 -0.03945 -7.07677e+02
133 -0.37964 -6.51602e+02 |134 -0.02410 -6.08354e+02 |135  0.01336 -5.63422e+02
136 -0.03310 -6.69024e+02 |137  0.05440 -6.70140e+02 |138 -0.02435 -7.18398e+02
139  0.00987 -7.48977e+02 |140  0.06784 -4.62946e+02 |141 -0.06057 -5.18460e+02
142  0.01584 -6.24661e+02 |143  0.17671 -4.71167e+02 |144 -0.09388 -5.50010e+02
145 -0.03593 -5.57979e+02 |146 -0.08987 -6.58799e+02 |147 -0.01427 -6.99783e+02
148  0.02956 -4.96506e+02 |149  0.00164 -4.84026e+02 |150  0.00071 -4.06795e+02
151  0.01679 -3.35039e+02 |152  0.06748 -3.14391e+02 |153  0.16610 -3.00003e+02
154  0.14318 -3.08045e+02 |155  0.17144 -2.98096e+02 |156 -0.01704 -3.55111e+02
157 -0.15555 -3.77478e+02 |158 -0.01755 -3.55228e+02 |159 -0.16348 -3.78110e+02
160 -0.25635 -3.79599e+02 |161  0.05117 -4.02273e+01 |162 -0.02790 -5.97179e+01
163  0.06800  1.98750e+02 |164 -0.04911  1.50646e+02 |165 -0.00750  1.97021e+02
166  0.00400  2.56642e+02 |167 -0.00155  2.54306e+02 |168 -0.00495  3.23317e+02
169  0.00130  3.27926e+02 |170 -0.01955  3.25342e+02 |171  0.00575  2.67824e+02
172  0.13399  3.06222e+02 |173 -0.14101  2.34198e+02 |174  0.01880  1.91422e+02
175  0.09408  1.31015e+02 |176  0.17836  8.82905e+01 |177 -0.39899 -3.53863e+01
178  0.23223  1.55841e+02 |179  0.09237  1.32080e+02 |180 -0.21407  5.56210e+01
181 -0.02817  1.31655e+02 |182  0.04218  2.92358e+02 |183 -0.01270  2.48517e+02
184 -0.02847  2.15027e+02 |185  0.00804  6.36825e+02 |186 -0.08526  6.65863e+02
187  0.16780  6.36003e+02 |188 -0.06291  5.15796e+02 |189  0.06359  1.04027e+02
190 -0.01458 -2.09855e+03 |191 -0.03033 -1.92967e+03 |192  0.10918 -1.88552e+03
193  0.02085 -1.62165e+03 |194  0.02581 -1.61998e+03 |195  0.05898 -1.61926e+03
196  0.07734 -1.60979e+03 |197  0.07872 -1.60902e+03 |198 -0.30820 -1.51693e+03
199 -0.03080 -1.38900e+03 |200 -0.01214 -1.30276e+03 |201  0.01482 -1.27521e+03
202  0.01899 -3.90143e+02 |203 -0.01608 -9.74134e+02 |204 -0.01124 -1.25411e+03
205 -0.01207 -9.50149e+02 |206  0.04624 -1.00869e+03 |207 -0.04395 -1.90376e+03
208  0.05035 -1.07231e+03 |209 -0.06825 -2.22646e+03 |210 -0.05705 -1.78697e+03
211  0.13725 -1.20763e+03 |212 -0.06976 -2.52143e+03 |213  0.04621 -2.65894e+03
214 -0.02187 -2.58044e+03 |215  0.01153 -3.06582e+03 |216  0.00681 -2.93069e+03
217 -0.03936 -2.56127e+03 |218  0.02336 -1.48504e+03 |219 -0.00516 -4.81283e+02
220  0.01737 -4.11851e+01 |221 -0.01465 -1.60912e+02 |222  0.01147 -3.54535e+02
223  0.21413 -6.44396e+02 |224  0.01655 -7.30164e+02 |225 -0.23682 -7.37447e+02
226 -0.00187 -8.45704e+02 |227 -0.01728 -9.86069e+02 |228 -0.24016 -6.00658e+02
229  0.23162 -4.50606e+02 |230  0.01454 -4.80835e+02 |231 -0.00815 -6.57880e+01
232 -0.00280 -2.51060e+01 |233 -0.00642  1.38813e+03 |234  0.00230  3.28897e+03
235  0.00948  4.29516e+03 |236  0.00423  4.77300e+03 |237  0.01302  4.37555e+03
238 -0.00262  3.83249e+03 |239 -0.01018  3.31145e+03 |240 -0.00335  3.09038e+03
241  0.01198  2.48675e+03 |242 -0.01410  2.22062e+03 |243  0.01052  2.46996e+03
244  0.00876  1.85265e+03 |245  0.08747  1.27640e+03 |246 -0.10344  1.27583e+03
247 -0.04094  1.46778e+03 |248  0.04033  1.02896e+03 |249  0.01050  1.30788e+03
250 -0.00323  1.35415e+03 |251 -0.10697  1.09834e+03 |252 -0.09288 -8.44935e+00
253  0.18113 -2.20534e+02 |254  0.20741 -6.87506e+02 |255 -0.19913 -8.55680e+02
256 -0.00331 -6.27201e+02 |257  0.00449 -5.60759e+02 |258  0.02456 -1.88990e+04
259 -0.00682 -1.84696e+04 |260 -0.05342 -1.84425e+04 |261  0.06962 -1.82485e+04
262 -0.08312 -1.90975e+04 |263  0.06021 -1.43871e+04 |264 -0.00339 -1.47254e+04
265 -0.05461 -1.40944e+04 |266 -0.12870 -1.38757e+04 |267  0.07384 -1.35506e+04
268  0.08574 -1.30322e+04 |269 -0.03563 -1.18117e+04 |270  0.01273 -8.91165e+03
271  0.01991 -8.71517e+03 |272 -0.00286 -8.70755e+03 |273 -0.00311 -8.07138e+03
274 -0.02399 -7.33477e+03 |275  0.03007 -4.84719e+03 |276 -0.03388 -5.24409e+03
277  0.05409 -4.23466e+03 |278  0.04207 -4.86546e+03 |279 -0.08216 -4.37294e+03
280  0.01045 -5.94057e+03 |281 -0.01627 -5.24667e+03 |282  0.02250 -5.31786e+03
283 -0.01141 -5.59870e+03 |284  0.00244 -4.52079e+03 |285  0.01840 -4.20046e+03
286 -0.02262 -2.96740e+03 |287  0.02730 -9.21934e+02 |288 -0.02835 -3.68121e+02
289  0.05330  1.03066e+03 |290 -0.02295 -1.44534e+02 |291 -0.01298  2.47203e+02
292 -0.02140  1.07507e+03 |293  0.02257  4.67013e+03 |294  0.00210  5.90573e+03
295  0.01017  6.37206e+03 |296  0.25023  6.07383e+03 |297 -0.24233  6.04117e+03
298 -0.01479  6.10928e+03 |299 -0.00091  6.01451e+03 |300 -0.00342  5.92059e+03
301  0.00477  5.84293e+03 |302  0.00436  7.09464e+03 |303 -0.00697  7.44515e+03
304  0.00273  7.15430e+03 |305 -0.25847  6.12672e+03 |306  0.27222  6.18524e+03
307 -0.01389  5.49119e+03 |308  0.00069  5.40642e+03 |309 -0.00434  4.95377e+03
310  0.00888  4.94540e+03 |311 -0.00030  5.27623e+03 |312 -0.00002  4.86764e+03
313  0.00428  4.05714e+03 |314  0.00868  3.30640e+03 |315  0.04406  2.83680e+03
316 -0.04999  2.33128e+03 |317  0.00135  2.13934e+03 |318  0.00107  1.65466e+03
319  0.11108  1.05953e+03 |320  0.09993 -5.31042e+01 |321 -0.19356 -3.94542e+02
322 -0.03327 -1.50978e+03 |323  0.00451 -9.40474e+02 |324 -0.00186 -2.48632e+02
325 -0.01061 -5.19441e+02 |
325 variables; iteration 100; function evaluation 108; phase 5
Function value 6.1792680e+03; maximum gradient component mag -2.9072e+04
Var    Value     Gradient |Var    Value     Gradient |Var    Value     Gradient
  1 -0.03973  9.77463e+03 |  2  0.14803 -3.03315e+01 |  3  0.41228 -7.26635e+01
  4  0.13586 -7.37376e+01 |  5 -0.51286 -7.73078e+01 |  6 -0.35668 -2.05865e+02
  7  0.20739  1.03957e+02 |  8 -0.12644 -3.67371e+01 |  9 -1.92865 -9.43061e+01
 10  0.23120  8.71202e+00 | 11 -0.52143 -1.78685e+02 | 12  0.17863  1.32478e+02
 13 -0.21227 -1.30534e+02 | 14 -0.92661 -3.02531e+01 | 15 -0.13821  6.40746e+01
 16  0.26596  1.73953e+01 | 17  0.09577  1.75717e+02 | 18 -0.08294  1.06159e+02
 19 -0.12213 -5.74542e+01 | 20 -0.00467 -2.31825e+02 | 21 -0.04936 -4.14091e+01
 22  0.08419 -1.51470e+01 | 23 -0.91070 -3.94226e+01 | 24 -0.23793 -4.18790e+02
 25  0.00072 -7.02748e+01 | 26  0.11260 -7.26707e+01 | 27 -0.47626 -1.20593e+02
 28  0.01232  2.36095e+02 | 29  0.13326  3.90978e+02 | 30 -0.33428 -1.99321e+02
 31 -0.20349 -1.74280e+01 | 32  0.06922 -3.86378e+02 | 33 -0.86684 -5.83853e+01
 34  0.05732 -1.08338e+02 | 35  0.04628  2.29803e+02 | 36 -0.02860  7.13245e+01
 37 -0.05295  3.41569e+01 | 38  0.16476  9.70259e+01 | 39 -0.00878  7.31226e+00
 40  0.32139  4.11636e+02 | 41  0.12874  4.05532e+02 | 42  0.15016  1.30790e+02
 43  0.02645  2.05175e+02 | 44  0.25332 -2.99934e+02 | 45  0.01995 -3.20350e+02
 46  0.01898 -2.23950e+02 | 47  0.07378  3.78261e+02 | 48  0.02582  5.16020e+02
 49  0.17569 -3.89512e+02 | 50  0.06911 -8.12282e+01 | 51  0.02755 -3.67043e+02
 52  0.07255 -2.70095e+02 | 53  0.01554 -2.21375e+02 | 54  0.14617  7.94882e+02
 55  0.06154  5.06356e+01 | 56  0.00732  6.37158e+02 | 57 -0.01469 -3.44003e+00
 58  0.14567  6.57046e+02 | 59 -0.00965  4.02104e+00 | 60  0.03859  1.33599e+02
 61  0.04412 -2.63024e+02 | 62  0.11365 -1.23051e+02 | 63  0.14821  5.56148e+02
 64 -0.00792 -7.09338e+01 | 65  0.04657 -1.58564e+02 | 66  0.09149 -1.37949e+02
 67  0.06008 -2.72546e+02 | 68  0.01543  9.51455e+01 | 69  0.05422 -6.21007e+02
 70  0.06110 -5.14619e+02 | 71  0.21329  2.32664e+02 | 72  0.00840  7.13332e+02
 73 -0.01059 -5.26306e+02 | 74  0.02189 -2.76984e+02 | 75  0.06735 -4.35940e+02
 76 -0.00563  1.62752e+02 | 77  0.11343  1.23442e+02 | 78  0.25454  1.73234e+02
 79 -0.78041 -5.04319e+01 | 80 -0.85522  3.59647e+01 | 81 -0.76730 -1.28667e+00
 82 -0.80411  3.25463e+01 | 83 -0.80912  4.76320e+01 | 84 -0.82720  2.41920e+02
 85 -0.91593 -1.53549e+02 | 86 -0.86042  4.23618e+01 | 87 -0.92408 -8.84263e+01
 88 -0.81727  2.56443e+02 | 89 -0.81481  5.04103e+01 | 90 -0.83436 -3.55630e+01
 91 -0.83952 -2.07153e+01 | 92 -0.84988  8.03962e+00 | 93 -0.84685  8.40817e+01
 94 -0.84232  3.46671e+01 | 95 -0.84516  6.03695e+01 | 96 -0.85362  3.32875e+01
 97 -0.90197 -5.36631e+01 | 98 -0.90598 -8.98152e+01 | 99 -0.94614 -2.04712e+02
100 -0.93885 -1.90604e+02 |101 -0.92628 -3.42896e+01 |102  0.27628  5.26927e+01
103  0.23693 -2.06161e+03 |104  0.17726 -6.71748e+03 |105  0.09513  2.40653e+03
106 -0.17807 -6.47641e+02 |107 -0.20709 -2.77767e+02 |108 -0.26379 -6.49059e+02
109 -0.00312 -8.12495e+03 |110  0.16272 -2.54679e+02 |111 -0.01676  4.74698e+03
112  0.15871  1.62019e+03 |113 -0.49979 -4.66943e-01 |114  0.54828  3.60817e-03
115 -0.06816 -2.73970e+02 |116 -0.34932  6.83230e+02 |117 -0.19850  7.77443e+02
118 -0.29251  4.70256e+02 |119 -0.23380  4.85535e+02 |120  1.02378 -1.17341e+00
121  1.02469 -1.11393e+00 |122 -0.01331  2.38642e+02 |123  0.24651  6.95742e+02
124  0.07398  7.05478e+02 |125  0.07400  7.05481e+02 |126  0.07415  7.05497e+02
127  0.07743  7.05861e+02 |128  0.07749  7.05866e+02 |129  0.07752  7.05870e+02
130 -0.05487  6.76014e+02 |131 -0.06386  6.72926e+02 |132 -0.06437  6.72747e+02
133 -0.53185  3.86123e+02 |134  0.02121  8.81654e+02 |135 -0.02844  8.40987e+02
136 -0.03482  7.28889e+02 |137  0.07918  7.42068e+02 |138 -0.00878  7.01174e+02
139 -0.01444  6.36614e+02 |140  0.13612  7.05039e+02 |141 -0.09255  6.58346e+02
142 -0.04606  5.56375e+02 |143  0.23428  5.75667e+02 |144 -0.13504  5.15573e+02
145 -0.03404  5.36306e+02 |146 -0.13179  4.09359e+02 |147  0.02683  4.81355e+02
148  0.03819  8.98199e+02 |149 -0.02518  8.97332e+02 |150  0.07555  1.14437e+03
151 -0.05725  1.09810e+03 |152  0.03480  1.22562e+03 |153  0.23069  1.18310e+03
154  0.16342  1.20852e+03 |155  0.22831  1.18426e+03 |156  0.04178  1.21726e+03
157 -0.12309  1.15742e+03 |158 -0.06892  1.18563e+03 |159 -0.21933  1.08857e+03
160 -0.32347  9.90006e+02 |161  0.02761  1.08888e+03 |162 -0.00323  1.11111e+03
163  0.03956  1.07006e+03 |164 -0.02813  1.03981e+03 |165 -0.01699  1.05464e+03
166  0.00915  1.23802e+03 |167  0.02101  1.23084e+03 |168 -0.00553  1.13830e+03
169  0.02647  1.07603e+03 |170 -0.01956  1.03787e+03 |171 -0.01729  9.15827e+02
172  0.15949  4.09467e+02 |173 -0.19744  3.19632e+02 |174  0.03545  3.33515e+02
175  0.07007  1.79024e+02 |176  0.20940  1.40058e+02 |177 -0.20038  4.62327e+01
178  0.18632  1.36465e+02 |179  0.06134  1.11797e+02 |180 -0.35501  1.19476e+01
181 -0.01718  1.55194e+02 |182  0.04476  2.51030e+02 |183  0.06327  2.25407e+02
184 -0.09667  1.25867e+02 |185  0.00526  2.44986e+02 |186 -0.16765  2.00159e+02
187  0.34590  2.42314e+02 |188 -0.16661  1.54313e+02 |189  0.19341  4.49213e+01
190 -0.02090 -9.22147e+03 |191  0.00878 -8.30280e+03 |192  0.03325 -6.67846e+03
193  0.01570 -4.87711e+03 |194  0.02203 -4.87944e+03 |195  0.00687 -4.74018e+03
196  0.11752 -4.63391e+03 |197  0.11934 -4.63098e+03 |198 -0.28588 -4.33404e+03
199 -0.01733 -5.02428e+03 |200 -0.01247 -5.09278e+03 |201  0.00257 -5.01555e+03
202  0.02368 -3.65791e+03 |203 -0.00431 -4.26100e+03 |204 -0.02357 -4.70284e+03
205 -0.03741 -4.74827e+03 |206  0.04852 -4.74237e+03 |207  0.00232 -4.21494e+03
208  0.02112 -3.87238e+03 |209 -0.09027 -5.05256e+03 |210 -0.03574 -4.56914e+03
211  0.12213 -2.98731e+03 |212 -0.04399 -3.97568e+03 |213  0.03712 -4.17103e+03
214 -0.00878 -4.01502e+03 |215 -0.00368 -5.22770e+03 |216  0.01715 -4.91338e+03
217 -0.02848 -5.20682e+03 |218  0.00851 -4.46350e+03 |219  0.00684 -4.21421e+03
220  0.01029 -4.53023e+03 |221 -0.03486 -4.36772e+03 |222  0.03154 -4.55986e+03
223  0.10636 -4.58845e+03 |224  0.01010 -4.67666e+03 |225 -0.12618 -4.61928e+03
226 -0.00686 -4.65267e+03 |227 -0.00610 -4.15373e+03 |228 -0.20028 -3.99543e+03
229  0.20310 -4.46307e+03 |230  0.00410 -4.61525e+03 |231 -0.02008 -4.53197e+03
232  0.01147 -3.88794e+03 |233 -0.00912 -3.00318e+03 |234  0.00343 -1.01121e+03
235  0.00136 -3.13812e+02 |236 -0.01142  3.39858e+02 |237  0.02845  1.39129e+03
238 -0.00614  1.02756e+03 |239 -0.00631  1.14582e+03 |240  0.00119  8.21970e+02
241  0.01646  9.79080e+02 |242 -0.01625  6.73700e+02 |243  0.01514  7.12614e+02
244  0.00237 -3.98290e+01 |245  0.06573 -2.27958e+02 |246 -0.07878 -3.19531e+02
247 -0.05577 -1.10435e+02 |248  0.06007 -2.49384e+02 |249  0.00795 -1.90504e+02
250 -0.01681 -2.98036e+02 |251 -0.10518 -1.88187e+02 |252 -0.14356 -1.17117e+03
253  0.27168 -1.55351e+03 |254  0.17024 -2.70116e+03 |255 -0.20256 -2.79022e+03
256  0.00395 -2.14878e+03 |257  0.00438 -1.03644e+03 |258  0.02961 -2.90719e+04
259 -0.04677 -2.83408e+04 |260 -0.00563 -2.64740e+04 |261  0.04546 -2.40567e+04
262 -0.05702 -2.45079e+04 |263  0.08713 -2.38170e+04 |264 -0.06617 -2.43481e+04
265 -0.01030 -2.41968e+04 |266 -0.12012 -2.39588e+04 |267  0.04656 -2.37316e+04
268  0.08452 -2.31121e+04 |269 -0.02752 -2.18482e+04 |270  0.00734 -2.01801e+04
271  0.02201 -2.01666e+04 |272  0.00459 -2.09002e+04 |273 -0.00406 -2.08898e+04
274 -0.02374 -2.05482e+04 |275  0.01925 -1.82071e+04 |276 -0.03118 -1.90806e+04
277  0.06666 -1.77639e+04 |278  0.04882 -1.85256e+04 |279 -0.09959 -1.69132e+04
280  0.02813 -1.62495e+04 |281 -0.02938 -1.60829e+04 |282  0.01864 -1.60390e+04
283  0.00234 -1.69195e+04 |284 -0.01162 -1.67516e+04 |285  0.00620 -1.72253e+04
286 -0.01251 -1.61910e+04 |287  0.02566 -1.44660e+04 |288 -0.02530 -1.43921e+04
289  0.05728 -1.30651e+04 |290 -0.04806 -1.47317e+04 |291  0.01159 -1.42989e+04
292 -0.03104 -1.40050e+04 |293  0.01704 -1.06458e+04 |294  0.01257 -8.83142e+03
295  0.01604 -8.16687e+03 |296  0.20177 -8.95634e+03 |297 -0.22335 -9.50841e+03
298  0.00059 -9.58099e+03 |299  0.00624 -9.61575e+03 |300 -0.01810 -9.41566e+03
301  0.00845 -9.03182e+03 |302  0.00723 -7.40509e+03 |303 -0.00239 -7.13608e+03
304  0.01275 -7.44386e+03 |305 -0.15915 -6.99749e+03 |306  0.14335 -6.54708e+03
307  0.00122 -6.23681e+03 |308 -0.00829 -6.32002e+03 |309 -0.00359 -5.75461e+03
310  0.01456 -5.11105e+03 |311 -0.00636 -4.69431e+03 |312 -0.00233 -4.18074e+03
313  0.00998 -3.54826e+03 |314  0.00652 -3.55031e+03 |315  0.05742 -2.99597e+03
316 -0.06532 -3.20460e+03 |317  0.00628 -2.61112e+03 |318  0.00558 -2.62902e+03
319  0.11431 -2.78090e+03 |320  0.15295 -3.70951e+03 |321 -0.28809 -4.07437e+03
322 -0.01212 -4.30055e+03 |323  0.01968 -2.93382e+03 |324 -0.01262 -1.91692e+03
325 -0.00667 -9.61928e+02 |
325 variables; iteration 120; function evaluation 132; phase 5
Function value 5.9323441e+03; maximum gradient component mag -3.6776e+04
Var    Value     Gradient |Var    Value     Gradient |Var    Value     Gradient
  1 -0.04956  3.20047e+03 |  2  1.14697  3.25277e+01 |  3  0.32508  2.10055e+01
  4  0.53240  6.19436e+01 |  5  0.37845  3.37742e+01 |  6 -1.28155  5.31314e+01
  7  0.29529 -2.86038e+01 |  8 -0.38445 -9.59393e+01 |  9 -2.30755 -5.62054e+02
 10  0.21367  4.46205e+02 | 11  0.30873  2.64086e+02 | 12  0.15234  7.92313e+01
 13 -0.74720 -5.74662e+01 | 14 -0.66623 -8.28443e+01 | 15 -0.20034  2.41346e+01
 16  0.30721  5.24415e+02 | 17 -0.00948  1.33805e+02 | 18 -0.13052  2.51251e+01
 19 -0.06427 -7.38124e+01 | 20 -0.00508 -2.20161e+02 | 21 -0.10459 -6.89193e+01
 22  0.08057 -3.02745e+02 | 23 -0.56938 -1.05617e+02 | 24 -0.12685 -4.23038e+02
 25 -0.02445 -7.55029e+00 | 26  0.16034 -2.53082e+02 | 27 -0.57260 -7.83122e+01
 28  0.04317  3.73662e+01 | 29  0.13822 -2.50707e+02 | 30 -0.00786  2.32343e+02
 31 -0.17322  3.12948e+01 | 32  0.05921 -7.48690e+02 | 33 -0.32322 -2.95145e+02
 34  0.03189 -5.92436e+02 | 35  0.01962 -2.18248e+02 | 36 -0.00502 -1.95410e+02
 37 -0.12605 -1.77773e+02 | 38  0.10564 -3.59097e+02 | 39 -0.19496 -1.47729e+02
 40  0.29802  2.38931e+02 | 41  0.06557  3.52548e+01 | 42  0.13641 -2.61778e+02
 43  0.00165  2.82217e+02 | 44  0.22394 -7.10132e+01 | 45  0.00888  4.87973e+01
 46 -0.00554 -1.05988e+02 | 47  0.04909  4.99343e+02 | 48 -0.02145  2.56833e+02
 49  0.15430 -2.78623e+02 | 50  0.04633 -6.58189e+01 | 51  0.01652 -1.80932e+02
 52  0.05590 -8.19119e+01 | 53 -0.00151 -1.25899e+02 | 54  0.12502  5.03976e+02
 55  0.03885 -1.34300e+02 | 56 -0.00485  7.80431e+02 | 57 -0.02569  2.57410e+02
 58  0.12479 -3.69680e+01 | 59 -0.01976  1.89341e+02 | 60  0.03075  2.27422e+02
 61  0.04895  5.17814e+02 | 62  0.09696 -3.76635e+02 | 63  0.12912  5.35338e+02
 64 -0.01875  1.43616e+02 | 65  0.03005 -4.79028e+01 | 66  0.06956 -3.95391e+00
 67  0.03709 -2.00481e+02 | 68 -0.01240 -9.67533e+01 | 69  0.03910 -2.11015e+02
 70  0.04773 -1.93219e+02 | 71  0.20451  9.37785e+02 | 72 -0.00597  7.75667e+02
 73 -0.01286  6.38863e+01 | 74  0.00627 -9.19265e+01 | 75  0.05551 -2.20216e+02
 76 -0.00948  4.08401e+02 | 77  0.11516  4.83554e+02 | 78  0.53432  1.06902e+02
 79 -0.77493 -9.44557e+01 | 80 -0.85483 -9.71788e+01 | 81 -0.71242 -1.91894e+01
 82 -0.75379  3.21166e+00 | 83 -0.75619  3.23114e+01 | 84 -0.81667  4.77229e+01
 85 -1.04184  8.56573e+01 | 86 -0.83342  6.26836e+00 | 87 -0.60487  3.46779e+02
 88 -0.80529  7.21847e+01 | 89 -0.79882  1.33145e+01 | 90 -0.84629 -5.49922e+01
 91 -0.81161 -2.13654e+01 | 92 -0.85665 -6.00438e+01 | 93 -0.81627  3.02569e+01
 94 -0.78943  3.42945e+01 | 95 -0.80303  3.75899e+01 | 96 -0.81058  2.41040e+01
 97 -0.87889 -6.33074e+01 | 98 -0.87710 -5.65494e+01 | 99 -0.93687 -1.74874e+02
100 -1.10300 -1.00218e+02 |101 -0.92709 -1.52621e+02 |102  0.30056 -2.94224e+02
103  0.11656 -2.29499e+03 |104  0.17690 -8.48903e+03 |105  0.09074  9.06448e+02
106 -0.16392 -2.65424e+01 |107 -0.20945 -1.42035e+03 |108 -0.23774 -1.59846e+03
109 -0.00402 -1.12768e+04 |110  0.16965  7.32615e+02 |111 -0.01536  4.07444e+03
112  0.16141  1.15467e+03 |113 -0.48913 -7.36588e-01 |114  0.54821  3.61998e-03
115 -0.05589 -2.14018e+02 |116 -0.34610  3.58881e+02 |117 -0.20523  4.21204e+02
118 -0.32933  4.14830e+02 |119 -0.13767  5.46686e+02 |120  1.07326 -2.44009e+00
121  1.07545 -3.74733e+00 |122  0.01598 -1.37215e+03 |123 -0.01668 -1.26595e+03
124  0.12325 -1.13710e+03 |125  0.12330 -1.13704e+03 |126  0.12327 -1.13706e+03
127  0.13477 -1.13013e+03 |128  0.13486 -1.13007e+03 |129  0.13496 -1.13001e+03
130 -0.07614 -1.19905e+03 |131 -0.08477 -1.19908e+03 |132 -0.08524 -1.19908e+03
133 -0.61142 -7.55250e+02 |134  0.07958 -7.59185e+02 |135 -0.07667 -8.47102e+02
136 -0.03371 -9.66299e+02 |137  0.01207 -9.32301e+02 |138  0.13536 -6.64102e+02
139 -0.02826 -7.73724e+02 |140  0.12501 -7.36031e+02 |141 -0.14557 -7.95448e+02
142 -0.00555 -9.01080e+02 |143  0.25257 -9.51503e+02 |144 -0.17893 -1.09133e+03
145 -0.04315 -1.10269e+03 |146 -0.11451 -1.19897e+03 |147  0.00890 -1.02967e+03
148  0.02498 -8.14785e+02 |149 -0.00696 -7.06252e+02 |150  0.12880 -3.58954e+02
151 -0.08536 -4.23633e+02 |152 -0.05171 -4.32468e+02 |153  0.40590 -1.74725e+02
154  0.08229 -2.88273e+02 |155  0.34745 -1.96083e+02 |156  0.09061 -2.85747e+02
157 -0.03674 -3.19474e+02 |158 -0.28911 -3.41354e+02 |159 -0.28326 -3.41697e+02
160 -0.31431 -3.39363e+02 |161  0.01570 -2.33680e+02 |162 -0.00428 -1.75338e+02
163  0.02300 -1.61474e+02 |164  0.03422 -1.16675e+02 |165 -0.04822 -1.54175e+02
166  0.01190  6.55108e+01 |167  0.01520  8.17563e+01 |168 -0.02318  3.84155e+01
169  0.10660  2.15242e+02 |170 -0.05661  1.44705e+02 |171 -0.03357  2.94767e+01
172  0.19909 -3.60777e+02 |173 -0.25766 -4.49819e+02 |174  0.02924 -3.33116e+02
175  0.06635 -1.19148e+02 |176  0.18518 -1.43985e+02 |177 -0.01029 -1.97863e+02
178  0.19230 -1.41891e+02 |179  0.03770 -1.85729e+02 |180 -0.49733 -2.17249e+02
181 -0.03614 -1.57032e+02 |182  0.07197  2.24400e+02 |183  0.19227  2.05155e+02
184 -0.22817  1.05868e+02 |185 -0.01965  1.76072e+02 |186 -0.21930  1.67771e+02
187  0.44918  2.50485e+02 |188 -0.19283  1.71898e+02 |189  0.43172  7.67397e+01
190  0.02169 -9.71402e+03 |191  0.06311 -8.94416e+03 |192 -0.07456 -8.33174e+03
193  0.05047 -7.28479e+03 |194  0.01666 -8.08506e+03 |195 -0.13219 -7.94073e+03
196  0.22943 -7.51178e+03 |197  0.22988 -7.50968e+03 |198 -0.37340 -6.80433e+03
199 -0.02576 -6.64188e+03 |200  0.02411 -6.61445e+03 |201 -0.01331 -6.63164e+03
202  0.00076 -5.46056e+03 |203  0.02160 -6.24756e+03 |204 -0.02041 -6.79111e+03
205 -0.00366 -7.73492e+03 |206  0.01785 -7.64362e+03 |207 -0.02316 -8.69420e+03
208  0.04175 -8.40849e+03 |209 -0.08568 -9.42786e+03 |210 -0.08861 -9.59846e+03
211  0.15470 -8.48849e+03 |212 -0.01261 -9.22716e+03 |213 -0.00470 -9.54832e+03
214  0.00101 -9.11790e+03 |215  0.01177 -1.06458e+04 |216  0.00062 -1.11400e+04
217 -0.02336 -1.12224e+04 |218  0.03753 -1.01212e+04 |219 -0.03530 -1.09287e+04
220  0.01878 -1.08095e+04 |221 -0.02981 -9.89973e+03 |222  0.05071 -1.01370e+04
223 -0.04530 -1.03090e+04 |224  0.04302 -9.74354e+03 |225 -0.00215 -9.68030e+03
226 -0.02711 -9.92915e+03 |227 -0.00175 -9.10451e+03 |228 -0.00896 -9.07437e+03
229  0.02200 -9.42498e+03 |230  0.00422 -1.01098e+04 |231 -0.01743 -1.05307e+04
232 -0.00509 -1.13922e+04 |233 -0.00831 -1.06482e+04 |234  0.00160 -9.49198e+03
235  0.00641 -8.44795e+03 |236  0.00119 -7.34158e+03 |237  0.00667 -5.39916e+03
238  0.00328 -5.80275e+03 |239 -0.00779 -5.49503e+03 |240 -0.00144 -4.90934e+03
241  0.02978 -3.96008e+03 |242 -0.03255 -4.23454e+03 |243  0.01240 -3.77722e+03
244  0.00457 -3.80995e+03 |245  0.08026 -2.84915e+03 |246 -0.09840 -2.91086e+03
247 -0.00896 -2.31023e+03 |248  0.01856 -1.48329e+03 |249  0.00791 -8.93570e+02
250 -0.00342 -4.84629e+02 |251 -0.03453 -5.90374e+02 |252 -0.22497 -1.38579e+03
253  0.25927 -1.63639e+03 |254  0.22853 -2.30414e+03 |255 -0.27585 -2.34724e+03
256  0.04070 -1.45810e+03 |257 -0.00771 -1.03939e+03 |258  0.00903 -3.67760e+04
259 -0.06226 -3.41283e+04 |260  0.06547 -2.94355e+04 |261 -0.01644 -2.85857e+04
262 -0.02548 -2.84463e+04 |263  0.19541 -2.46110e+04 |264 -0.20518 -2.45808e+04
265  0.03288 -2.58805e+04 |266 -0.04488 -2.62381e+04 |267 -0.07267 -2.42831e+04
268  0.09490 -2.36988e+04 |269 -0.00646 -2.29374e+04 |270  0.02039 -2.11705e+04
271  0.00832 -2.23139e+04 |272 -0.00640 -2.42441e+04 |273  0.00853 -2.51915e+04
274 -0.01820 -2.63433e+04 |275  0.01165 -2.76075e+04 |276 -0.03211 -2.82499e+04
277  0.05726 -2.68650e+04 |278  0.09990 -2.73161e+04 |279 -0.14910 -2.60973e+04
280  0.02973 -2.55672e+04 |281 -0.02350 -2.56162e+04 |282  0.02155 -2.31753e+04
283 -0.00402 -2.45928e+04 |284 -0.00749 -2.52064e+04 |285  0.01058 -2.58251e+04
286 -0.01118 -2.48393e+04 |287  0.02294 -2.39962e+04 |288 -0.02740 -2.34577e+04
289  0.04588 -2.23458e+04 |290 -0.04821 -2.39415e+04 |291  0.04616 -2.33389e+04
292 -0.05634 -2.44853e+04 |293  0.02176 -2.15420e+04 |294  0.00848 -2.00591e+04
295  0.01376 -1.91353e+04 |296  0.00875 -1.98899e+04 |297 -0.02450 -2.02916e+04
298  0.01016 -2.05229e+04 |299 -0.00697 -2.16736e+04 |300 -0.00232 -2.24658e+04
301  0.00823 -2.26081e+04 |302 -0.00369 -2.20975e+04 |303 -0.01618 -2.13947e+04
304 -0.01310 -2.01135e+04 |305  0.02745 -1.79865e+04 |306 -0.01983 -1.86875e+04
307  0.00270 -1.66453e+04 |308 -0.00220 -1.51047e+04 |309 -0.01456 -1.37865e+04
310  0.03439 -1.25619e+04 |311 -0.01204 -1.19120e+04 |312 -0.01318 -1.06523e+04
313  0.02159 -8.51533e+03 |314  0.00807 -7.73947e+03 |315  0.00918 -6.70780e+03
316 -0.01849 -5.93239e+03 |317  0.00590 -4.65020e+03 |318  0.00204 -3.83274e+03
319  0.04020 -3.46766e+03 |320  0.23168 -4.17907e+03 |321 -0.27018 -4.56938e+03
322 -0.07621 -5.36281e+03 |323  0.09186 -4.23647e+03 |324 -0.05119 -3.30886e+03
325  0.00593 -1.29870e+03 |
325 variables; iteration 140; function evaluation 153; phase 5
Function value 5.8389440e+03; maximum gradient component mag -2.6025e+04
Var    Value     Gradient |Var    Value     Gradient |Var    Value     Gradient
  1 -0.04792 -3.16339e+03 |  2  1.98216  7.03136e+00 |  3  0.60451 -4.90199e+01
  4  0.87541  4.06608e+01 |  5  0.63123  1.94852e+02 |  6 -1.86645  4.33905e+01
  7  0.26416 -1.85905e+02 |  8 -0.33399 -1.07171e+02 |  9 -2.36596 -7.13416e+02
 10  0.17310  3.05443e+02 | 11  0.27458 -1.34617e+01 | 12  0.13535  6.23148e+01
 13 -1.17639  2.13481e+01 | 14 -0.33248 -4.28876e+01 | 15 -0.29114  3.57904e+01
 16  0.33640  5.93255e+02 | 17 -0.08096  2.31657e+02 | 18 -0.16918  3.64507e+01
 19  0.01525  7.41427e+01 | 20  0.04824  2.64660e+01 | 21 -0.18536  2.79258e+01
 22  0.09076 -1.11977e+02 | 23 -0.18925 -7.07247e+00 | 24  0.02557 -1.87910e+02
 25 -0.09916  6.38693e+01 | 26  0.19024  1.72496e+02 | 27 -0.60129 -3.39512e+01
 28 -0.00547 -4.69354e+01 | 29  0.12903 -3.92798e+00 | 30 -0.01539  3.55206e+02
 31 -0.13973  1.43383e+02 | 32 -0.01970 -2.65232e+02 | 33  0.05483 -6.02536e+01
 34 -0.00883 -3.39162e+02 | 35 -0.01142 -6.75296e+01 | 36 -0.00147 -7.65205e+01
 37 -0.14017 -4.92548e+01 | 38  0.10876 -9.68274e+01 | 39 -0.24610 -7.77792e+01
 40  0.26663 -1.77831e+02 | 41  0.01020 -1.55879e+02 | 42  0.12415 -1.59920e+02
 43 -0.02235  1.01838e+02 | 44  0.21488 -3.61117e+02 | 45 -0.00006  4.96023e+01
 46 -0.01325 -9.98475e+01 | 47  0.04140  5.87803e+02 | 48 -0.07346 -2.83942e+02
 49  0.14532 -5.42284e+02 | 50  0.03721 -1.64035e+02 | 51  0.00836 -2.64133e+02
 52  0.04762 -1.33930e+02 | 53 -0.01029 -1.66626e+02 | 54  0.11156 -8.43897e+01
 55  0.02641 -4.02256e+02 | 56 -0.01210  8.70337e+02 | 57 -0.03639  1.96824e+02
 58  0.10177 -1.31618e+03 | 59 -0.02234  3.30361e+02 | 60  0.02050 -4.67221e+01
 61  0.05045  8.82157e+02 | 62  0.09432 -1.65265e+02 | 63  0.11621 -6.04788e+01
 64 -0.03013  7.71333e+01 | 65  0.02094  1.21497e+01 | 66  0.06459  3.34698e+02
 67  0.03114  2.40812e+01 | 68 -0.01913  8.53052e+00 | 69  0.03078 -8.16799e+01
 70  0.03430 -2.71818e+02 | 71  0.20155  1.73809e+03 | 72 -0.02882  5.10215e+02
 73 -0.02569  8.48880e+01 | 74 -0.00884 -9.35056e+01 | 75  0.04222 -1.60563e+02
 76 -0.02392  4.45550e+02 | 77  0.09459  4.10829e+02 | 78  0.88990  6.71661e+00
 79 -0.75916 -4.12276e+01 | 80 -0.89089 -9.04345e+01 | 81 -0.70083  4.27964e+01
 82 -0.74253  1.60931e+01 | 83 -0.75636  3.26241e+01 | 84 -0.81217  6.22737e+01
 85 -1.18008 -1.54074e+02 | 86 -0.82621  1.45815e+01 | 87 -0.62525  2.13120e+02
 88 -0.80475  5.26974e+01 | 89 -0.78655  5.43842e+01 | 90 -0.88213 -3.42596e+01
 91 -0.80447 -6.34480e+00 | 92 -0.88044 -6.68384e+01 | 93 -0.81629  1.33703e+00
 94 -0.77402  2.97889e+01 | 95 -0.80313  1.28438e+01 | 96 -0.79294  2.64532e+01
 97 -0.86299 -3.44271e+01 | 98 -0.85007  4.86017e+01 | 99 -0.88499 -8.17683e+01
100 -1.09849  5.94391e+01 |101 -0.94021 -2.01227e+02 |102  0.32980 -9.71012e+01
103  0.00171 -5.58497e+02 |104  0.17976 -5.99873e+03 |105  0.09055  7.75735e+02
106 -0.16012 -4.48541e+02 |107 -0.21271 -2.82439e+03 |108 -0.23877 -2.73781e+03
109 -0.00286 -7.38204e+03 |110  0.16677  1.55139e+02 |111 -0.01117  4.48454e+03
112  0.15719  7.17845e+02 |113 -0.54490 -8.23064e-01 |114  0.54813  3.62310e-03
115 -0.05090 -8.87773e+01 |116 -0.34480  1.83164e+02 |117 -0.20696 -1.24238e+01
118 -0.36975  8.14540e+01 |119 -0.12955  2.25342e+02 |120  1.13277 -5.53981e+00
121  1.14147 -8.90658e+00 |122  0.04623 -4.53107e+02 |123 -0.03380 -4.66045e+02
124  0.12637 -4.16317e+02 |125  0.12641 -4.16302e+02 |126  0.12632 -4.16337e+02
127  0.13872 -4.11704e+02 |128  0.13881 -4.11670e+02 |129  0.13893 -4.11627e+02
130 -0.08620 -4.72473e+02 |131 -0.09162 -4.73218e+02 |132 -0.09191 -4.73257e+02
133 -0.64167 -3.14022e+02 |134  0.02310 -2.15517e+02 |135 -0.11632 -2.71548e+02
136  0.08544 -3.42673e+02 |137 -0.04274 -3.59575e+02 |138  0.38558 -1.83508e+02
139 -0.11868 -3.35832e+02 |140  0.05676 -2.98746e+02 |141 -0.22687 -3.45559e+02
142  0.02622 -2.40022e+02 |143  0.22412 -3.59786e+02 |144 -0.22142 -4.61597e+02
145 -0.04235 -4.47736e+02 |146  0.00642 -4.32914e+02 |147 -0.03322 -3.86301e+02
148  0.01709 -3.13159e+02 |149 -0.00278 -2.51642e+02 |150  0.12691  1.59408e+02
151 -0.09301  1.00538e+02 |152 -0.03102  1.59048e+02 |153  0.48386  2.12592e+02
154  0.05757  1.98458e+02 |155  0.37476  2.26473e+02 |156  0.05726  1.98393e+02
157  0.05405  1.97694e+02 |158 -0.48048  5.64357e+01 |159 -0.30772  9.92429e+01
160 -0.25990  1.12636e+02 |161  0.02430  1.31801e+02 |162 -0.00633  1.80092e+02
163  0.03099  3.07419e+01 |164  0.05898  3.95453e+01 |165 -0.08237 -2.68545e+01
166  0.01127  4.48303e+01 |167  0.00956  3.06661e+01 |168 -0.00680  2.11005e+01
169  0.15880  4.45826e+01 |170 -0.11230 -2.04352e+01 |171 -0.05448 -1.19045e+02
172  0.20311 -2.64143e+02 |173 -0.23802 -3.58250e+02 |174  0.00922 -2.23314e+02
175  0.09426  4.51768e+01 |176  0.21956  1.18621e+01 |177  0.12066 -1.07136e+01
178  0.18886  5.17996e+00 |179 -0.06111 -5.53021e+01 |180 -0.59054 -9.96750e+01
181 -0.04924 -6.63187e+01 |182  0.06485  2.81295e+02 |183  0.26399  2.68447e+02
184 -0.29532  1.42858e+02 |185 -0.00991  2.52956e+02 |186 -0.16935  2.08280e+02
187  0.40232  2.23410e+02 |188 -0.22371  1.22046e+02 |189  0.55940  7.71765e+01
190  0.05249 -2.30628e+03 |191  0.07758 -1.88864e+03 |192 -0.09944 -1.89406e+03
193  0.04577 -1.51313e+03 |194  0.11902 -2.25720e+03 |195 -0.29758 -2.14005e+03
196  0.25747 -2.08460e+03 |197  0.25849 -2.08620e+03 |198 -0.35523 -2.04959e+03
199 -0.03345 -1.60345e+03 |200  0.04232 -1.81165e+03 |201 -0.01747 -1.80173e+03
202 -0.02020 -1.16791e+03 |203  0.12973 -1.25681e+03 |204 -0.10233 -1.44093e+03
205  0.04609 -2.64681e+03 |206 -0.03197 -2.64803e+03 |207 -0.05163 -3.93474e+03
208  0.06296 -3.90636e+03 |209 -0.08818 -4.78178e+03 |210 -0.10761 -4.80703e+03
211  0.16674 -4.82907e+03 |212 -0.01683 -4.68521e+03 |213  0.00479 -4.65316e+03
214 -0.01371 -4.04875e+03 |215  0.03021 -5.51736e+03 |216 -0.01015 -6.45858e+03
217 -0.02140 -7.50552e+03 |218  0.05178 -6.24817e+03 |219 -0.05774 -7.11311e+03
220  0.03236 -6.59242e+03 |221 -0.03250 -6.03260e+03 |222  0.05253 -6.37341e+03
223 -0.04375 -6.92998e+03 |224  0.05032 -6.69389e+03 |225 -0.00957 -6.86117e+03
226 -0.02988 -7.09687e+03 |227 -0.00046 -6.66194e+03 |228  0.01432 -6.62376e+03
229 -0.01639 -7.18483e+03 |230  0.03819 -7.18224e+03 |231 -0.03649 -7.63275e+03
232 -0.00546 -8.51222e+03 |233 -0.00572 -7.54547e+03 |234  0.00115 -6.85206e+03
235  0.00263 -6.03931e+03 |236  0.00278 -4.58989e+03 |237  0.00719 -2.66650e+03
238  0.00468 -3.07936e+03 |239 -0.00560 -3.09322e+03 |240 -0.00573 -2.32741e+03
241  0.01505 -1.33129e+03 |242 -0.01023 -1.43703e+03 |243  0.00267 -1.64050e+03
244  0.00401 -2.04026e+03 |245  0.01216 -8.94601e+02 |246 -0.02150 -1.03161e+03
247 -0.01405 -9.02516e+02 |248  0.01599 -9.26868e+02 |249  0.00641 -5.30513e+02
250 -0.00930  1.61888e+02 |251  0.01215  3.66258e+02 |252 -0.16679 -8.59827e+02
253  0.15124 -8.32673e+02 |254  0.25690 -1.31221e+03 |255 -0.34782 -1.40398e+03
256  0.09181  1.14290e+01 |257 -0.00873 -6.79429e+01 |258  0.00142 -2.60250e+04
259 -0.05838 -2.58373e+04 |260  0.08010 -2.09040e+04 |261 -0.03049 -2.13715e+04
262 -0.02346 -2.16486e+04 |263  0.22892 -1.79940e+04 |264 -0.23864 -1.79962e+04
265  0.03569 -1.93162e+04 |266 -0.03530 -1.97101e+04 |267 -0.08823 -1.86575e+04
268  0.08001 -1.82201e+04 |269  0.01293 -1.81137e+04 |270  0.02637 -1.71448e+04
271 -0.00523 -1.79282e+04 |272 -0.01507 -1.88930e+04 |273  0.01241 -1.99649e+04
274 -0.00191 -2.03234e+04 |275  0.00785 -2.18571e+04 |276 -0.03439 -2.19792e+04
277  0.05181 -2.12001e+04 |278  0.12205 -2.13896e+04 |279 -0.17572 -2.12169e+04
280  0.03521 -2.05063e+04 |281 -0.01821 -2.05601e+04 |282  0.02288 -1.82628e+04
283 -0.01893 -1.95959e+04 |284  0.00433 -2.00940e+04 |285  0.01345 -1.96479e+04
286 -0.01197 -1.90921e+04 |287  0.02763 -1.87121e+04 |288 -0.02946 -1.85277e+04
289  0.03610 -1.79444e+04 |290 -0.03885 -1.91628e+04 |291  0.04418 -1.94935e+04
292 -0.05717 -2.08635e+04 |293  0.02652 -1.90764e+04 |294  0.00680 -1.80279e+04
295  0.00666 -1.75999e+04 |296 -0.00779 -1.79152e+04 |297  0.00152 -1.79189e+04
298 -0.00016 -1.79680e+04 |299 -0.00124 -1.86576e+04 |300 -0.01438 -1.95444e+04
301  0.02056 -1.88929e+04 |302 -0.00506 -1.87227e+04 |303 -0.01931 -1.80477e+04
304 -0.01476 -1.63524e+04 |305  0.03086 -1.41681e+04 |306 -0.01502 -1.44655e+04
307 -0.00896 -1.27296e+04 |308  0.00721 -1.05024e+04 |309 -0.00535 -9.09064e+03
310  0.02552 -7.77141e+03 |311 -0.00153 -7.57126e+03 |312 -0.02340 -7.54958e+03
313  0.02369 -5.42795e+03 |314  0.01172 -4.75312e+03 |315  0.01044 -4.72355e+03
316 -0.02235 -4.85093e+03 |317 -0.00369 -4.11103e+03 |318  0.01224 -2.56571e+03
319  0.00357 -2.48802e+03 |320  0.16169 -3.31003e+03 |321 -0.15432 -3.43763e+03
322 -0.09301 -4.38634e+03 |323  0.14010 -3.32864e+03 |324 -0.09167 -1.90171e+03
325  0.01245 -3.01004e+02 |
325 variables; iteration 160; function evaluation 175; phase 5
Function value 5.7597103e+03; maximum gradient component mag -2.3783e+04
Var    Value     Gradient |Var    Value     Gradient |Var    Value     Gradient
  1 -0.04992 -1.14339e+03 |  2  2.48410  6.78462e+01 |  3  1.02088 -1.05662e-01
  4  1.61475 -1.07787e+02 |  5  0.69339  4.24880e+02 |  6 -2.03365  1.31685e+01
  7  0.20186 -2.04334e+02 |  8 -0.18955 -3.65850e+00 |  9 -2.31324 -4.98180e+02
 10  0.13574  2.20330e+02 | 11  0.21598 -2.37599e+02 | 12  0.09348  2.01097e+00
 13 -1.39807  4.89627e+01 | 14 -0.21033 -2.57846e+01 | 15 -0.37643 -6.82997e+00
 16  0.32328  6.72815e+02 | 17 -0.09979  1.51337e+02 | 18 -0.14815  5.97993e+01
 19  0.02055  8.88034e+01 | 20  0.04994  1.29599e+02 | 21 -0.20845  2.75211e+01
 22  0.09990  1.95409e+01 | 23 -0.27845 -5.36778e+01 | 24  0.08312  5.04060e+01
 25 -0.07278  1.84747e+02 | 26  0.18494  2.50675e+02 | 27 -0.58293 -4.59647e+01
 28 -0.05594 -1.41550e+02 | 29  0.13155  7.14012e+01 | 30 -0.06019  2.86397e+02
 31 -0.09870  1.42633e+02 | 32  0.01619 -1.38055e+02 | 33  0.08319  1.60733e+02
 34  0.02061 -2.58129e+02 | 35 -0.03542 -6.85491e+01 | 36  0.07036  1.90271e+01
 37 -0.18615 -3.76745e+01 | 38  0.12748  4.33883e+01 | 39 -0.31328 -1.01413e+02
 40  0.24235 -4.18224e+02 | 41  0.00428 -2.11921e+02 | 42  0.11692 -1.59174e+02
 43 -0.02467  4.98792e+01 | 44  0.21672 -4.24298e+02 | 45  0.00227  3.59278e+01
 46 -0.00743 -4.08740e+01 | 47  0.04272  6.10262e+02 | 48 -0.07499 -3.42799e+02
 49  0.14860 -4.94964e+02 | 50  0.04107 -1.26286e+02 | 51  0.00996 -2.55848e+02
 52  0.04651 -2.02077e+02 | 53 -0.01609 -3.21927e+02 | 54  0.11323 -3.38072e+00
 55  0.02873 -3.66737e+02 | 56 -0.01364  7.28672e+02 | 57 -0.03812  7.27885e+01
 58  0.10710 -8.51373e+02 | 59 -0.02228  3.08543e+02 | 60  0.01774 -2.94830e+02
 61  0.05527  9.98600e+02 | 62  0.09806 -1.35585e+02 | 63  0.11643 -2.55122e+02
 64 -0.03097  1.92494e+01 | 65  0.01884 -1.09716e+02 | 66  0.06316  1.27945e+02
 67  0.03110 -7.71856e+01 | 68 -0.01586  4.10800e+01 | 69  0.03760  8.48087e+01
 70  0.03634 -2.76232e+02 | 71  0.20164  1.71946e+03 | 72 -0.03906  2.55857e+02
 73 -0.02783 -2.63930e+01 | 74 -0.00884 -1.20997e+02 | 75  0.04539 -4.12222e+01
 76 -0.02588  3.82749e+02 | 77  0.08946  3.10362e+02 | 78  1.65348  7.44370e+01
 79 -0.81436 -5.82085e+01 | 80 -0.88856 -9.20360e+01 | 81 -0.71841  2.21403e+01
 82 -0.73579  4.32488e+01 | 83 -0.73379  8.14678e+01 | 84 -0.82085  3.03106e+01
 85 -1.22678 -5.11176e+02 | 86 -0.82610  2.73641e+01 | 87 -0.63303  2.10117e+02
 88 -0.79951  7.51202e+01 | 89 -0.77848  7.68310e+01 | 90 -1.01521  6.11814e+00
 91 -0.81154 -3.23217e+00 | 92 -0.92205 -5.33479e+01 | 93 -0.80590  3.73586e+01
 94 -0.78591  9.82743e+00 | 95 -0.82136 -1.64917e+01 | 96 -0.79700  1.80625e+01
 97 -0.85623 -1.32971e+00 | 98 -0.85398  1.42104e+01 | 99 -0.87294 -1.74461e+01
100 -1.08416  1.39224e+02 |101 -0.95904 -1.86156e+02 |102  0.34975  1.29283e+01
103 -0.04884  1.47986e+02 |104  0.17977 -5.48186e+03 |105  0.09093  8.16180e+02
106 -0.16160 -8.39283e+02 |107 -0.21226 -3.15640e+03 |108 -0.23964 -2.97653e+03
109 -0.00309 -7.79138e+03 |110  0.16623  1.30271e+02 |111 -0.00858  5.08347e+03
112  0.15495  6.63581e+02 |113 -0.55972 -1.18564e+00 |114  0.54800  3.62849e-03
115 -0.05250 -1.50664e+02 |116 -0.34295  9.33886e+02 |117 -0.20360  3.58055e+02
118 -0.32284  2.51327e+02 |119 -0.15724  3.61645e+02 |120  1.26048 -1.30578e+01
121  1.30481 -2.41361e+01 |122  0.04650  7.44180e+01 |123 -0.06130  4.92477e+01
124  0.07880  9.07448e+01 |125  0.07861  9.14289e+01 |126  0.07852  9.14081e+01
127  0.09076  9.41364e+01 |128  0.09085  9.41559e+01 |129  0.09097  9.41827e+01
130  0.01249  7.58496e+01 |131  0.01577  7.66494e+01 |132  0.01595  7.66940e+01
133 -0.64458 -3.20203e+01 |134  0.00582  1.66155e+02 |135 -0.12482  1.12925e+02
136  0.09722  3.36178e+01 |137 -0.01968  1.92032e+01 |138  0.46974  7.32782e+01
139 -0.31645 -7.16694e+01 |140  0.07238 -1.59929e+00 |141 -0.14518 -5.35299e+01
142  0.12692  1.17790e+02 |143  0.23708  1.07118e+02 |144 -0.27661 -7.50931e+00
145 -0.07688  3.23954e+01 |146 -0.01323 -3.76116e+01 |147 -0.02941  5.37376e+01
148  0.01004  1.76722e+02 |149  0.02034  2.86503e+02 |150  0.07767  5.20101e+02
151 -0.04809  4.65299e+02 |152 -0.02335  5.00926e+02 |153  0.55026  4.02213e+02
154  0.07870  5.15525e+02 |155  0.33268  5.01311e+02 |156 -0.04060  4.89113e+02
157  0.01247  5.03102e+02 |158 -0.53530  2.55440e+02 |159 -0.23242  4.14776e+02
160 -0.20544  4.26435e+02 |161  0.03611  4.27849e+02 |162 -0.00257  4.73709e+02
163  0.04094  3.26750e+02 |164  0.03882  3.11946e+02 |165 -0.08191  2.49182e+02
166  0.00744  4.22112e+02 |167  0.01340  4.35422e+02 |168  0.00050  4.28395e+02
169  0.10188  4.08236e+02 |170 -0.11649  3.37948e+02 |171 -0.00075  3.10420e+02
172  0.09917  1.15515e+02 |173 -0.12648  3.75349e+01 |174  0.01262  1.01677e+02
175  0.10633  1.21923e+02 |176  0.20477  8.41241e+01 |177  0.08071  5.84026e+01
178  0.20671  8.44684e+01 |179 -0.01339  3.57016e+01 |180 -0.64148 -5.00806e+01
181 -0.05689  8.74475e+00 |182  0.08207  3.70176e+02 |183  0.25106  3.44633e+02
184 -0.30088  2.14961e+02 |185  0.01371  3.46785e+02 |186 -0.03846  3.17964e+02
187  0.25810  3.46187e+02 |188 -0.23961  2.39041e+02 |189  0.50388  7.85340e+01
190  0.07559  6.32552e+02 |191  0.07589  1.85450e+02 |192 -0.11183  5.61375e+01
193  0.03536  3.88025e+02 |194  0.16194 -1.99816e+01 |195 -0.32719 -1.19645e+02
196  0.24890 -9.51836e+00 |197  0.25723 -1.41290e+01 |198 -0.34796 -1.35637e+02
199 -0.01841  5.16225e+02 |200  0.02415  3.19535e+02 |201 -0.00967  3.62178e+02
202 -0.02715  6.60587e+02 |203  0.16499  4.67815e+02 |204 -0.12736  2.71355e+02
205  0.05536 -1.07388e+03 |206 -0.03798 -1.13174e+03 |207 -0.06139 -2.54679e+03
208  0.06483 -2.77289e+03 |209 -0.08559 -3.94305e+03 |210 -0.07736 -3.97168e+03
211  0.13714 -4.67306e+03 |212 -0.02639 -4.46675e+03 |213  0.02181 -4.46563e+03
214 -0.02917 -4.15901e+03 |215  0.03070 -5.62148e+03 |216 -0.00928 -6.41285e+03
217 -0.02688 -7.31678e+03 |218  0.06657 -6.23669e+03 |219 -0.08441 -7.14751e+03
220  0.05430 -6.28779e+03 |221 -0.04333 -5.91191e+03 |222  0.06124 -6.17610e+03
223 -0.03709 -6.97276e+03 |224  0.03511 -7.07338e+03 |225  0.01320 -6.86885e+03
226 -0.05004 -6.98766e+03 |227 -0.00137 -6.73546e+03 |228  0.03026 -6.53454e+03
229 -0.03217 -7.15108e+03 |230  0.03738 -6.76497e+03 |231 -0.03422 -7.26660e+03
232  0.00096 -8.15443e+03 |233 -0.01051 -7.39468e+03 |234  0.00572 -6.24363e+03
235  0.00305 -5.76614e+03 |236 -0.00336 -4.69614e+03 |237  0.01050 -2.52624e+03
238  0.00166 -2.89918e+03 |239 -0.00208 -2.76833e+03 |240 -0.00498 -2.12419e+03
241  0.01146 -1.56566e+03 |242 -0.00789 -1.67547e+03 |243  0.00080 -2.19481e+03
244  0.00601 -2.52483e+03 |245  0.01804 -1.48172e+03 |246 -0.02983 -1.81059e+03
247 -0.00212 -1.65544e+03 |248  0.00427 -1.71899e+03 |249  0.01359 -1.21943e+03
250 -0.02003 -8.27775e+02 |251  0.02131 -3.38326e+02 |252 -0.13084 -1.67127e+03
253  0.10501 -1.95525e+03 |254  0.19649 -1.78807e+03 |255 -0.26701 -1.82819e+03
256  0.07899 -5.33798e+02 |257 -0.00710 -2.92389e+02 |258 -0.00580 -2.37835e+04
259 -0.05401 -2.23620e+04 |260  0.08301 -1.84419e+04 |261 -0.03246 -1.93636e+04
262 -0.02024 -1.93133e+04 |263  0.22426 -1.59773e+04 |264 -0.23215 -1.60156e+04
265  0.03164 -1.71544e+04 |266 -0.02891 -1.74005e+04 |267 -0.06908 -1.66522e+04
268  0.06004 -1.61605e+04 |269  0.00964 -1.56211e+04 |270  0.03203 -1.47866e+04
271 -0.01414 -1.58391e+04 |272 -0.01512 -1.61941e+04 |273  0.01382 -1.73894e+04
274  0.00422 -1.72994e+04 |275  0.00687 -1.91827e+04 |276 -0.03598 -1.92231e+04
277  0.04924 -1.94222e+04 |278  0.08866 -1.98317e+04 |279 -0.14114 -2.04051e+04
280  0.03206 -1.95428e+04 |281 -0.01714 -1.94975e+04 |282  0.03124 -1.77586e+04
283 -0.02549 -1.91295e+04 |284  0.00261 -1.93643e+04 |285  0.01986 -1.87656e+04
286 -0.01926 -1.86023e+04 |287  0.03951 -1.85578e+04 |288 -0.04291 -1.84831e+04
289  0.03423 -1.83852e+04 |290 -0.03689 -1.95536e+04 |291  0.04446 -1.99193e+04
292 -0.05583 -2.12897e+04 |293  0.03086 -1.88582e+04 |294  0.01054 -1.81070e+04
295  0.00146 -1.80241e+04 |296 -0.01157 -1.84036e+04 |297  0.00445 -1.83250e+04
298 -0.00397 -1.80615e+04 |299  0.00710 -1.83683e+04 |300 -0.03672 -1.94331e+04
301  0.03593 -1.85566e+04 |302 -0.00323 -1.79615e+04 |303 -0.02021 -1.74937e+04
304 -0.00903 -1.58000e+04 |305  0.02356 -1.36096e+04 |306 -0.00949 -1.35709e+04
307 -0.01100 -1.20151e+04 |308  0.00876 -9.87021e+03 |309 -0.00088 -8.74834e+03
310  0.02050 -7.62325e+03 |311 -0.00227 -7.77663e+03 |312 -0.02372 -7.79635e+03
313  0.02156 -5.72956e+03 |314  0.01461 -4.94863e+03 |315 -0.00102 -5.04919e+03
316 -0.01049 -5.07619e+03 |317 -0.00618 -4.42579e+03 |318  0.01513 -2.87773e+03
319  0.00209 -2.73012e+03 |320  0.12639 -3.72295e+03 |321 -0.11880 -4.11890e+03
322 -0.07697 -4.49710e+03 |323  0.11585 -3.14788e+03 |324 -0.08303 -1.86022e+03
325  0.01336 -2.38908e+02 |
325 variables; iteration 180; function evaluation 198; phase 5
Function value 5.6364127e+03; maximum gradient component mag -2.4893e+04
Var    Value     Gradient |Var    Value     Gradient |Var    Value     Gradient
  1 -0.05512 -1.05714e+04 |  2  2.67712  5.75929e+01 |  3  1.38639 -2.94669e+02
  4  1.93201 -4.40302e+01 |  5  0.36484  5.31557e+02 |  6 -2.27009 -2.47219e+02
  7  0.09283 -2.31112e+02 |  8 -0.25938 -4.12230e+01 |  9 -2.28983 -5.33762e+02
 10  0.09191  2.89413e+02 | 11  0.20254 -2.17304e+02 | 12 -0.00644  1.84132e+01
 13 -1.57872  3.08725e+00 | 14 -0.27250  2.73727e+01 | 15 -0.49730  2.71182e+01
 16  0.30689  4.71800e+02 | 17 -0.07839  2.56497e+02 | 18 -0.10295  1.93782e+02
 19  0.00388  1.18219e+02 | 20  0.04318  1.73115e+02 | 21 -0.27640  5.96315e+01
 22  0.11133  7.43886e+01 | 23 -0.41054  1.14339e+01 | 24  0.06153  2.20292e+00
 25 -0.04658  3.01475e+02 | 26  0.19780  3.70144e+02 | 27 -0.45984  1.88102e+01
 28 -0.12454 -2.25045e+02 | 29  0.14730  1.28439e+02 | 30  0.01465  5.71845e+02
 31 -0.13480  2.04760e+02 | 32  0.06511  2.46861e+01 | 33  0.06720  2.47735e+02
 34  0.08104  7.72066e+00 | 35 -0.05535  3.94727e+00 | 36  0.11277  1.96013e+02
 37 -0.16592  9.55378e+01 | 38  0.14245  1.05102e+02 | 39 -0.42020 -3.06191e+01
 40  0.23889 -8.15108e+02 | 41 -0.05698 -1.70515e+02 | 42  0.13344  1.44971e+02
 43 -0.00758  2.07052e+02 | 44  0.22058 -4.72710e+02 | 45  0.01061  1.75848e+02
 46  0.00641  7.46785e+01 | 47  0.04382  3.40286e+02 | 48 -0.05162  1.01058e+02
 49  0.15962 -2.52540e+01 | 50  0.06112  2.45122e+02 | 51  0.01241 -3.06275e+02
 52  0.06012 -1.01992e+02 | 53 -0.02843 -4.79797e+02 | 54  0.12047 -2.90918e+02
 55  0.02757 -4.58696e+02 | 56 -0.01102  2.87054e+02 | 57 -0.03861 -2.40263e+02
 58  0.11691 -3.21711e+02 | 59 -0.00856  2.08377e+01 | 60  0.01719 -6.81117e+02
 61  0.05861  5.81477e+02 | 62  0.10751 -1.62267e+02 | 63  0.11346 -1.15008e+03
 64 -0.02386  2.48626e+01 | 65  0.01845 -1.25574e+02 | 66  0.06350 -3.60222e+02
 67  0.03604 -2.50637e+02 | 68 -0.00989 -2.53517e+01 | 69  0.04925 -5.07629e+02
 70  0.04458  1.30445e+01 | 71  0.20340  1.28512e+03 | 72 -0.04082  1.09475e+02
 73 -0.02557 -1.17906e+02 | 74 -0.00615  1.09305e+02 | 75  0.04556  1.65037e+02
 76 -0.02893  1.32243e+02 | 77  0.08679  3.65369e+02 | 78  2.17581  1.90483e+02
 79 -0.75601  7.87969e+00 | 80 -0.81320  9.50415e+01 | 81 -0.66512  1.87986e+02
 82 -0.75210  9.19666e+01 | 83 -0.78988  3.45566e+01 | 84 -0.85056  3.49848e+00
 85 -1.19748 -3.33625e+02 | 86 -0.82243  9.55533e+01 | 87 -0.61546  3.31407e+02
 88 -0.82432  7.55687e+01 | 89 -0.78751  1.53506e+02 | 90 -1.27695 -2.08675e+02
 91 -0.86324  1.49632e+01 | 92 -1.34978 -6.06701e+02 | 93 -0.85790 -1.79289e+01
 94 -0.79518  2.81499e+01 | 95 -0.85609 -3.96129e+01 | 96 -0.79853  1.21443e+01
 97 -0.84356  4.41521e+01 | 98 -0.82272  1.60167e+02 | 99 -0.84494  1.67239e+02
100 -1.08570  1.39394e+02 |101 -1.07137  1.76676e+02 |102  0.33062 -2.24023e+02
103 -0.02905  7.09035e+02 |104  0.17898 -3.86004e+03 |105  0.09123  7.17674e+02
106 -0.15938 -1.01609e+03 |107 -0.21814 -3.68860e+03 |108 -0.23714 -3.08205e+03
109 -0.00358 -7.71008e+03 |110  0.16662 -1.37227e+03 |111 -0.01190  8.23753e+02
112  0.15604 -1.48430e+02 |113 -0.37386 -9.00641e+01 |114  0.54767  3.61588e-03
115 -0.05517 -4.78225e+02 |116 -0.34392  2.52721e+03 |117 -0.18644  1.07199e+03
118 -0.41904  4.93933e+02 |119 -0.05064  6.83953e+02 |120  1.70557 -1.79677e+02
121  2.06593 -2.77516e+02 |122 -0.03251 -1.08181e+03 |123 -0.03996 -1.02495e+03
124  0.08265 -7.33152e+02 |125  0.03817 -6.88178e+02 |126  0.03773 -6.88019e+02
127  0.06346 -6.79509e+02 |128  0.06365 -6.79446e+02 |129  0.06393 -6.79345e+02
130  0.09662 -6.67029e+02 |131  0.10314 -6.64381e+02 |132  0.10354 -6.64215e+02
133 -0.72134 -3.56395e+02 |134  0.04342 -6.38831e+02 |135 -0.08647 -7.05319e+02
136  0.04965 -7.58178e+02 |137 -0.03997 -8.21931e+02 |138  0.46871 -5.52212e+02
139 -0.40621 -7.58488e+02 |140  0.11437 -3.17976e+02 |141 -0.13506 -3.75823e+02
142  0.31200 -9.78801e+01 |143  0.39417 -7.63174e+01 |144 -0.43503 -2.20274e+02
145 -0.15102 -2.15579e+02 |146 -0.10844 -2.69631e+02 |147  0.02881 -1.69421e+02
148 -0.04425 -3.97608e+02 |149  0.03267 -2.61728e+02 |150  0.20167 -5.74689e+01
151 -0.12605 -1.37569e+02 |152 -0.04355 -1.68104e+02 |153  0.62267 -2.69442e+01
154 -0.05809 -1.92033e+02 |155  0.29824 -9.60052e+01 |156 -0.18582 -2.14260e+02
157 -0.06338 -1.93174e+02 |158 -0.44072 -2.14607e+02 |159 -0.19704 -2.15714e+02
160 -0.02774  5.94153e+02 |161  0.09008  3.92183e+02 |162 -0.01607  3.68604e+02
163  0.08759  3.77014e+02 |164  0.01506  3.35421e+02 |165 -0.10087  2.80301e+02
166  0.01637  2.42974e+02 |167 -0.00096  1.69670e+02 |168  0.01663  1.04622e+02
169 -0.02581  8.24638e+00 |170 -0.00479  8.72727e+00 |171 -0.00761 -8.38538e+01
172 -0.00155 -3.22800e+02 |173 -0.02030 -2.62060e+02 |174  0.00229 -2.12329e+02
175  0.13752 -1.44935e+02 |176  0.16111 -1.66335e+02 |177 -0.13286 -2.38395e+02
178  0.28095 -1.30244e+02 |179  0.18091 -1.60397e+02 |180 -0.65279 -1.79194e+02
181 -0.08849 -2.61085e+02 |182  0.09911  3.68656e+02 |183  0.15548  3.33557e+02
184 -0.18520  2.49755e+02 |185 -0.02573  2.45554e+02 |186  0.07177  2.70569e+02
187  0.03538  2.61661e+02 |188 -0.12663  1.83779e+02 |189  0.62441  7.26172e+01
190  0.10398  2.94323e+03 |191  0.05843  2.97493e+03 |192 -0.12879  3.01894e+03
193  0.04120  3.20969e+03 |194  0.14247  2.68021e+03 |195 -0.30283  2.34865e+03
196  0.24208  2.52568e+03 |197  0.25060  2.51226e+03 |198 -0.34593  2.20740e+03
199 -0.01905  1.82105e+03 |200  0.02848  1.59913e+03 |201 -0.00941  1.68743e+03
202 -0.02822  1.65227e+03 |203  0.17110  1.55277e+03 |204 -0.12313  1.42940e+03
205  0.04311 -5.67983e+01 |206 -0.03526 -1.14077e+02 |207 -0.06074 -1.59051e+03
208  0.06614 -6.83363e+02 |209 -0.07796 -2.03587e+03 |210 -0.10576 -1.98331e+03
211  0.16876 -2.76609e+03 |212 -0.03380 -3.81069e+03 |213  0.01495 -3.65845e+03
214 -0.01160 -3.61115e+03 |215  0.00309 -5.41372e+03 |216  0.00149 -5.96747e+03
217 -0.03149 -6.31920e+03 |218  0.06491 -5.05401e+03 |219 -0.08204 -5.90610e+03
220  0.06850 -5.20803e+03 |221 -0.06326 -5.81366e+03 |222  0.07121 -5.92149e+03
223 -0.04186 -6.70743e+03 |224  0.03747 -6.85724e+03 |225  0.11524 -6.61091e+03
226 -0.19089 -6.49227e+03 |227  0.03968 -5.99822e+03 |228  0.09171 -5.13766e+03
229 -0.09492 -5.43605e+03 |230  0.00962 -4.99314e+03 |231  0.00649 -4.94947e+03
232 -0.01272 -6.19458e+03 |233 -0.00505 -5.41706e+03 |234  0.00780 -4.69404e+03
235 -0.00321 -5.38530e+03 |236 -0.00474 -4.89581e+03 |237  0.00840 -2.48035e+03
238  0.00223 -2.37276e+03 |239 -0.00440 -2.14917e+03 |240  0.00125 -1.20915e+03
241  0.00442 -1.56552e+03 |242 -0.00044 -1.41425e+03 |243  0.01263 -2.01695e+03
244 -0.00502 -3.15732e+03 |245  0.02437 -2.43095e+03 |246 -0.02466 -2.86284e+03
247 -0.00577 -2.96357e+03 |248 -0.00276 -3.06606e+03 |249  0.00507 -2.94024e+03
250 -0.02048 -2.17561e+03 |251  0.04539 -1.62685e+03 |252 -0.11244 -3.00218e+03
253  0.06047 -2.24576e+03 |254  0.13617 -1.07866e+03 |255 -0.15325 -1.14229e+03
256  0.04119 -2.06391e+00 |257 -0.01564 -3.62938e+02 |258 -0.00284 -1.67413e+04
259 -0.05011 -2.08232e+04 |260  0.08137 -1.97072e+04 |261 -0.03948 -2.10510e+04
262 -0.01000 -2.10595e+04 |263  0.19251 -1.83915e+04 |264 -0.19882 -1.84738e+04
265  0.02340 -1.93974e+04 |266 -0.01238 -1.96775e+04 |267 -0.07398 -2.04151e+04
268  0.05049 -1.99435e+04 |269  0.01121 -1.95948e+04 |270  0.02971 -1.88934e+04
271 -0.01357 -1.98016e+04 |272 -0.02059 -2.00895e+04 |273  0.02021 -2.16216e+04
274  0.00532 -2.13731e+04 |275 -0.00577 -2.31080e+04 |276 -0.02228 -2.19312e+04
277  0.04363 -2.22360e+04 |278  0.10486 -2.19348e+04 |279 -0.15725 -2.25174e+04
280  0.02456 -2.10927e+04 |281 -0.00473 -2.07562e+04 |282  0.01559 -1.88074e+04
283 -0.01146 -2.02737e+04 |284  0.00011 -2.04146e+04 |285  0.01989 -1.99223e+04
286 -0.01961 -1.95697e+04 |287  0.04340 -2.01708e+04 |288 -0.05262 -2.05427e+04
289  0.03434 -2.12554e+04 |290 -0.03208 -2.22037e+04 |291  0.04754 -2.28286e+04
292 -0.06002 -2.48931e+04 |293  0.02551 -2.09266e+04 |294  0.05524 -1.92502e+04
295 -0.03596 -1.87057e+04 |296 -0.03451 -1.88543e+04 |297  0.02454 -1.71496e+04
298 -0.00432 -1.66558e+04 |299 -0.00505 -1.63727e+04 |300 -0.02751 -1.70515e+04
301  0.03709 -1.61931e+04 |302  0.00441 -1.56085e+04 |303 -0.01311 -1.63137e+04
304 -0.01728 -1.55013e+04 |305  0.01490 -1.32443e+04 |306  0.00120 -1.23425e+04
307 -0.00947 -1.10772e+04 |308  0.01105 -9.00871e+03 |309 -0.00641 -8.73200e+03
310  0.01820 -7.82592e+03 |311 -0.00193 -8.11312e+03 |312 -0.02673 -8.77056e+03
313  0.02462 -6.68883e+03 |314  0.01162 -6.14425e+03 |315 -0.01200 -6.10929e+03
316  0.00156 -5.65457e+03 |317 -0.00346 -5.17459e+03 |318  0.02037 -3.73653e+03
319 -0.01064 -3.94373e+03 |320  0.08200 -4.58982e+03 |321 -0.06849 -3.96339e+03
322 -0.05045 -3.39322e+03 |323  0.05010 -1.67605e+03 |324 -0.03724 -6.20960e+02
325  0.01376  1.51192e+02 |
325 variables; iteration 200; function evaluation 223; phase 5
Function value 5.3579449e+03; maximum gradient component mag -2.6210e+04
Var    Value     Gradient |Var    Value     Gradient |Var    Value     Gradient
  1 -0.06014 -1.47433e+04 |  2  2.34441  6.11346e+01 |  3  1.55461 -6.62240e+01
  4  1.94869 -2.74048e+01 |  5  0.26436  2.28185e+02 |  6 -2.13566  8.40810e+01
  7  0.08577 -3.60197e+02 |  8 -0.25146 -1.15896e+02 |  9 -2.19534 -1.03000e+02
 10  0.08684  3.18843e+02 | 11  0.23619  2.04546e+01 | 12 -0.18434  2.72352e+01
 13 -1.72275  7.83580e+01 | 14 -0.40928 -1.05698e+01 | 15 -0.86938 -3.43973e+00
 16  0.30558  2.02562e+02 | 17 -0.07088  1.75764e+02 | 18 -0.13207  1.04275e+02
 19  0.02631  1.84980e+02 | 20  0.05460  1.31267e+02 | 21 -0.23843  6.57788e+01
 22  0.16885  3.41864e+02 | 23 -0.57611  1.79054e+01 | 24  0.07277 -3.34890e+00
 25 -0.06213  1.93567e+02 | 26  0.20064  2.71009e+02 | 27 -0.42553  1.40557e+01
 28 -0.10532 -1.26164e+02 | 29  0.11955 -5.90666e+01 | 30 -0.02194  4.02538e+02
 31 -0.10890  1.71735e+02 | 32  0.09411 -7.69690e+00 | 33  0.02582  1.00881e+02
 34  0.13633  1.59019e+02 | 35 -0.06840 -4.17025e+00 | 36  0.12730  2.38729e+02
 37 -0.15749  8.45943e+01 | 38  0.16709  1.98614e+02 | 39 -0.30738 -9.03537e+00
 40  0.24730 -8.56789e+02 | 41 -0.04719 -5.54788e+01 | 42  0.13661  1.07894e+02
 43 -0.00824  1.62250e+02 | 44  0.21967 -5.03855e+02 | 45  0.02275  2.09071e+02
 46  0.02475  2.66022e+02 | 47  0.04326  2.60433e+02 | 48 -0.04455  1.81120e+02
 49  0.16286  5.16846e+01 | 50  0.06501  1.23446e+02 | 51  0.01006 -1.51622e+02
 52  0.06167 -8.05619e+01 | 53 -0.03247 -4.32231e+02 | 54  0.12730 -6.51269e+01
 55  0.02930 -2.95147e+02 | 56  0.00386  3.63990e+02 | 57 -0.05321 -3.96546e+02
 58  0.12203  2.40492e-01 | 59 -0.00027  4.23661e+01 | 60  0.03000 -5.52051e+02
 61  0.06716  5.21110e+02 | 62  0.10866 -1.77642e+02 | 63  0.10782 -1.27036e+03
 64 -0.02165 -5.27589e+01 | 65  0.01052 -3.74404e+02 | 66  0.06560 -7.80737e+02
 67  0.03797 -3.33740e+02 | 68 -0.00686 -1.62213e+02 | 69  0.06010 -6.05188e+02
 70  0.06079  2.96217e+02 | 71  0.20249  6.04501e+02 | 72 -0.07718 -2.03385e+02
 73 -0.01090  1.56389e+01 | 74  0.00282  2.76992e+02 | 75  0.04742  1.45402e+02
 76 -0.04754 -5.98700e+00 | 77  0.08712  3.83086e+02 | 78  2.28330 -6.98402e+01
 79 -0.80741 -3.79738e+01 | 80 -0.78429  1.73738e+02 | 81 -0.68541  1.17437e+02
 82 -0.74396  9.84708e+01 | 83 -0.88170 -3.19580e+01 | 84 -0.89863 -5.15525e+01
 85 -1.14826 -4.68204e+01 | 86 -0.83214  6.64020e+01 | 87 -0.60590  3.40692e+02
 88 -0.82863  5.63918e+01 | 89 -0.77612  1.56819e+02 | 90 -1.26653 -1.82987e+02
 91 -0.93154  5.15715e-02 | 92 -1.34616 -5.03524e+02 | 93 -0.90995 -3.48391e+01
 94 -0.83518 -1.67557e+01 | 95 -0.85065 -3.84518e+01 | 96 -0.81545 -1.92791e+01
 97 -0.83660  8.45613e+01 | 98 -0.82867  1.20237e+02 | 99 -0.85809  7.03114e+01
100 -1.08455  1.46252e+02 |101 -1.07026  1.78620e+02 |102  0.29250 -1.09259e+03
103  0.08121 -2.97147e+03 |104  0.18133 -6.03686e+03 |105  0.09184  4.13595e+02
106 -0.15677 -6.98263e+02 |107 -0.23352 -2.56846e+03 |108 -0.22163 -1.87250e+03
109 -0.00256 -5.83191e+03 |110  0.16670 -1.30712e+03 |111 -0.01681  1.28268e+02
112  0.16436 -1.53549e+02 |113 -0.25418 -4.88516e+01 |114  0.54675  3.65047e-03
115 -0.05949 -1.68681e+02 |116 -0.33179 -4.35461e+02 |117 -0.17891 -1.36295e+03
118 -0.46088  5.14387e+02 |119 -0.01894  7.47184e+02 |120  2.05171  1.15636e+02
121  2.13905 -9.21328e+01 |122 -0.03777 -5.07957e+03 |123 -0.01959 -4.86373e+03
124  0.09349 -4.60875e+03 |125  0.04274 -4.62814e+03 |126  0.04228 -4.62848e+03
127  0.07541 -4.59811e+03 |128  0.07562 -4.59788e+03 |129  0.07593 -4.59754e+03
130  0.07699 -4.59636e+03 |131  0.07944 -4.59358e+03 |132  0.07955 -4.59346e+03
133 -0.73387 -1.94566e+03 |134 -0.00744 -4.40213e+03 |135  0.01909 -4.35955e+03
136 -0.07839 -4.42210e+03 |137  0.06002 -4.24090e+03 |138  0.33978 -3.64111e+03
139 -0.28423 -3.94805e+03 |140 -0.07703 -4.13869e+03 |141  0.03321 -4.13767e+03
142  0.30476 -3.32439e+03 |143  0.62511 -2.04796e+03 |144 -0.54633 -2.57385e+03
145 -0.22050 -3.64122e+03 |146 -0.12120 -3.83464e+03 |147  0.02124 -3.69714e+03
148 -0.03497 -3.77917e+03 |149  0.03455 -3.51910e+03 |150  0.18355 -2.97996e+03
151 -0.08050 -3.14740e+03 |152 -0.10111 -3.19038e+03 |153  0.45686 -2.34418e+03
154 -0.18118 -3.12791e+03 |155  0.23080 -2.95384e+03 |156 -0.17999 -3.12934e+03
157 -0.00033 -3.21498e+03 |158 -0.19912 -3.10491e+03 |159 -0.15777 -3.15757e+03
160  0.00008 -2.31406e+03 |161  0.07123 -2.55174e+03 |162 -0.02699 -2.58606e+03
163  0.27399 -1.98147e+03 |164 -0.02028 -2.24971e+03 |165 -0.23225 -2.15040e+03
166  0.00817 -2.30876e+03 |167 -0.01011 -2.37654e+03 |168  0.07417 -2.29254e+03
169 -0.08143 -2.39539e+03 |170 -0.00346 -2.32904e+03 |171  0.00883 -2.34699e+03
172 -0.02216 -2.66131e+03 |173  0.00502 -2.40482e+03 |174 -0.02502 -2.51647e+03
175  0.24811 -1.82476e+03 |176  0.05980 -2.00879e+03 |177 -0.11349 -2.02762e+03
178  0.28715 -1.76752e+03 |179  0.11405 -1.97235e+03 |180 -0.57853 -1.32555e+03
181 -0.08775 -2.06021e+03 |182  0.07235 -6.61575e+02 |183  0.13059 -6.55651e+02
184 -0.12431 -7.19629e+02 |185 -0.05785 -7.49105e+02 |186  0.24789 -3.49797e+02
187 -0.20691 -4.62368e+02 |188 -0.03606 -4.82355e+02 |189  0.51814  7.84122e+01
190  0.07460 -1.23787e+04 |191  0.04909 -1.22239e+04 |192 -0.11086 -1.20745e+04
193  0.03974 -1.17807e+04 |194  0.13556 -1.18835e+04 |195 -0.25406 -1.12895e+04
196  0.30538 -1.08063e+04 |197  0.12385 -1.19926e+04 |198 -0.32999 -1.07115e+04
199 -0.01213 -1.24625e+04 |200  0.03892 -1.26184e+04 |201 -0.01872 -1.27146e+04
202 -0.02805 -1.22589e+04 |203  0.14954 -1.17822e+04 |204 -0.10018 -1.20952e+04
205  0.01393 -1.36193e+04 |206 -0.01016 -1.36625e+04 |207 -0.06259 -1.51053e+04
208  0.07004 -1.39276e+04 |209 -0.07860 -1.52961e+04 |210 -0.09909 -1.50182e+04
211  0.15836 -1.46068e+04 |212 -0.03052 -1.53792e+04 |213  0.02952 -1.52375e+04
214 -0.03368 -1.52973e+04 |215 -0.00323 -1.63239e+04 |216  0.01770 -1.59899e+04
217 -0.03824 -1.55007e+04 |218  0.06325 -1.37702e+04 |219 -0.07536 -1.42159e+04
220  0.06994 -1.34725e+04 |221 -0.06383 -1.40447e+04 |222  0.07140 -1.40577e+04
223 -0.04123 -1.55431e+04 |224  0.03546 -1.58025e+04 |225  0.14679 -1.52023e+04
226 -0.25797 -1.44409e+04 |227  0.08500 -1.45249e+04 |228  0.08198 -1.37573e+04
229 -0.10201 -1.40282e+04 |230  0.01471 -1.34604e+04 |231  0.00635 -1.30875e+04
232 -0.01899 -1.37871e+04 |233 -0.00659 -1.22157e+04 |234  0.01229 -1.11495e+04
235 -0.00156 -1.17084e+04 |236 -0.00101 -1.12627e+04 |237 -0.00074 -9.14585e+03
238  0.00620 -8.23136e+03 |239 -0.01216 -7.60640e+03 |240  0.01440 -6.36815e+03
241 -0.00040 -7.28492e+03 |242  0.00632 -7.19177e+03 |243 -0.00366 -7.58496e+03
244 -0.00123 -8.23036e+03 |245  0.01700 -7.15427e+03 |246 -0.01698 -7.36556e+03
247  0.00012 -7.34352e+03 |248 -0.01044 -7.37549e+03 |249  0.00935 -6.26495e+03
250 -0.02049 -4.62885e+03 |251  0.04576 -4.18131e+03 |252 -0.04534 -5.57074e+03
253 -0.01728 -3.69635e+03 |254  0.03171 -1.53816e+03 |255 -0.01132 -1.36236e+03
256  0.01159 -6.70909e+02 |257 -0.00478 -8.46789e+01 |258 -0.00205 -2.62100e+04
259 -0.04752 -2.61830e+04 |260  0.07066 -1.97992e+04 |261 -0.02956 -2.05370e+04
262 -0.01110 -2.01298e+04 |263  0.12716 -1.74326e+04 |264 -0.12199 -1.75818e+04
265  0.00670 -1.75253e+04 |266  0.00310 -1.77211e+04 |267 -0.07675 -1.78737e+04
268  0.04742 -1.73883e+04 |269  0.00568 -1.70070e+04 |270  0.03339 -1.60050e+04
271 -0.00637 -1.67373e+04 |272 -0.02630 -1.77120e+04 |273  0.02922 -1.88660e+04
274 -0.00881 -1.93360e+04 |275 -0.00775 -2.08726e+04 |276 -0.01618 -1.95118e+04
277  0.04209 -2.02239e+04 |278  0.08851 -2.02281e+04 |279 -0.14070 -1.99165e+04
280  0.02092 -1.89950e+04 |281 -0.00213 -1.85916e+04 |282  0.02381 -1.71888e+04
283 -0.01094 -1.80831e+04 |284 -0.01098 -1.82374e+04 |285  0.02302 -1.76373e+04
286 -0.02409 -1.68862e+04 |287  0.04568 -1.74197e+04 |288 -0.05261 -1.78156e+04
289  0.03718 -1.85000e+04 |290 -0.03287 -1.96501e+04 |291  0.04510 -2.10220e+04
292 -0.06129 -2.35018e+04 |293  0.02293 -1.94815e+04 |294  0.08971 -1.73837e+04
295 -0.07078 -1.65326e+04 |296 -0.02132 -1.64458e+04 |297  0.01812 -1.54034e+04
298 -0.00927 -1.47542e+04 |299 -0.00876 -1.41478e+04 |300 -0.02299 -1.41969e+04
301  0.04333 -1.33176e+04 |302  0.00195 -1.27811e+04 |303 -0.01007 -1.36255e+04
304 -0.02147 -1.33587e+04 |305  0.01329 -1.12308e+04 |306  0.00284 -1.03146e+04
307  0.00209 -9.00505e+03 |308  0.00193 -7.52210e+03 |309 -0.00397 -7.91994e+03
310  0.01285 -7.43589e+03 |311  0.00032 -7.67996e+03 |312 -0.01348 -8.22469e+03
313  0.01089 -6.94416e+03 |314  0.00868 -6.71350e+03 |315 -0.01177 -6.72397e+03
316  0.00515 -6.18082e+03 |317 -0.00395 -5.50595e+03 |318  0.02205 -3.96955e+03
319 -0.01721 -4.45057e+03 |320  0.00881 -5.43659e+03 |321  0.01715 -4.60365e+03
322 -0.04853 -3.06230e+03 |323  0.02153 -1.44045e+03 |324 -0.01378 -6.82502e+02
325  0.00539  1.70015e+02 |
325 variables; iteration 220; function evaluation 243; phase 5
Function value 5.1627681e+03; maximum gradient component mag -2.2609e+04
Var    Value     Gradient |Var    Value     Gradient |Var    Value     Gradient
  1 -0.05872 -2.23004e+04 |  2  2.10456  2.79416e+01 |  3  1.39180 -1.98156e+02
  4  1.85837 -6.74152e+01 |  5  0.29769  2.21494e+02 |  6 -2.07875  1.20142e+02
  7  0.07954 -3.77437e+02 |  8 -0.15197  2.34836e+01 |  9 -2.15608  5.54741e+01
 10  0.11718  4.24693e+02 | 11  0.22762  1.09746e+02 | 12 -0.03830  7.22054e+01
 13 -1.42482 -4.92311e+01 | 14 -0.25759  1.23250e+02 | 15 -0.92637  1.00628e+01
 16  0.30654  2.42615e+02 | 17 -0.02748  3.88026e+02 | 18 -0.05298  3.18686e+02
 19  0.01829  3.20842e+02 | 20  0.07563  2.27590e+02 | 21 -0.23924  1.48238e+02
 22  0.12769  2.40782e+02 | 23 -0.97861  2.72990e+00 | 24  0.05757  1.06284e+02
 25 -0.07466  1.70840e+02 | 26  0.18217  1.87138e+02 | 27 -0.23944  1.90985e+02
 28 -0.08482 -9.99045e+01 | 29  0.13495  9.52873e+01 | 30 -0.00984  5.51691e+02
 31 -0.07112  3.60722e+02 | 32  0.07639  2.27231e+01 | 33  0.01002  9.94012e+01
 34  0.17109  5.41680e+02 | 35 -0.04851  1.04998e+02 | 36  0.13146  2.92972e+02
 37 -0.15962  1.34759e+02 | 38  0.13499 -4.68329e+01 | 39 -0.44354  4.18346e+01
 40  0.24563 -6.70560e+02 | 41 -0.04000  1.10829e+02 | 42  0.12605  4.46819e+01
 43 -0.00180  2.75397e+02 | 44  0.22644 -3.83637e+02 | 45  0.00455  3.17555e+02
 46  0.02093  2.63519e+02 | 47  0.04742  3.68807e+02 | 48 -0.06245  1.09165e+02
 49  0.15350 -2.59600e+02 | 50  0.08627  4.67084e+02 | 51  0.02282  5.45597e+01
 52  0.05513 -1.61561e+02 | 53 -0.02458 -2.94139e+02 | 54  0.11335 -6.11065e+02
 55  0.02873 -3.83152e+02 | 56  0.00309  4.41875e+02 | 57 -0.04878 -3.46047e+02
 58  0.11401 -6.76625e+02 | 59 -0.00174 -2.99430e+01 | 60  0.03850 -4.62342e+02
 61  0.06770  4.02156e+02 | 62  0.10570 -5.91805e+02 | 63  0.10671 -1.57429e+03
 64 -0.01187  4.21569e+00 | 65  0.00677 -5.53378e+02 | 66  0.05874 -1.18122e+03
 67  0.03433 -5.45682e+02 | 68 -0.00455 -1.17723e+02 | 69  0.05581 -5.54259e+02
 70  0.06347  4.43278e+02 | 71  0.19798  4.98544e+02 | 72 -0.06883 -7.78942e+01
 73 -0.00019  3.19662e+02 | 74  0.01768  6.27943e+02 | 75  0.04028  3.27233e+01
 76 -0.02054  3.39802e+02 | 77  0.06665  3.15893e+02 | 78  2.07820  2.96879e+01
 79 -0.87207 -2.42094e+01 | 80 -0.79213  1.51751e+02 | 81 -0.69648  1.41651e+02
 82 -0.72360  1.63804e+02 | 83 -1.10800  1.49191e+01 | 84 -0.84874  2.39326e+01
 85 -1.14438 -5.55832e+01 | 86 -0.82450  1.19971e+02 | 87 -0.60304  4.06356e+02
 88 -0.78728  2.06420e+02 | 89 -0.75812  2.51205e+02 | 90 -1.30969 -3.32708e+02
 91 -1.04410 -1.01808e+01 | 92 -1.32111 -4.20455e+02 | 93 -1.15616 -1.98040e+01
 94 -0.81106  2.13084e+01 | 95 -0.83610 -2.38237e+01 | 96 -0.78861  1.34396e+01
 97 -0.82828  7.81653e+01 | 98 -0.80306  2.37081e+02 | 99 -0.85266  7.50299e+01
100 -1.09046  1.25096e+02 |101 -1.05178  1.90751e+02 |102  0.30124 -2.02980e+02
103 -0.02406 -1.23140e+03 |104  0.18324 -4.98766e+03 |105  0.09305  6.77463e+02
106 -0.15826 -8.62288e+02 |107 -0.23017 -2.70773e+03 |108 -0.22466 -2.03336e+03
109 -0.00325 -6.57441e+03 |110  0.17069 -1.48195e+03 |111 -0.02355 -8.82494e+02
112  0.15984 -5.34524e+02 |113 -0.19071 -4.43011e+01 |114  0.54581  3.59578e-03
115 -0.06228 -4.77740e+02 |116 -0.33262 -1.24970e+03 |117 -0.17554 -2.28570e+03
118 -0.43719  4.92913e+02 |119 -0.04334  6.82670e+02 |120  2.02352 -5.80900e+01
121  2.12210 -2.17212e+02 |122 -0.01811 -9.54243e+02 |123 -0.01521 -9.11902e+02
124  0.05730 -6.04368e+02 |125  0.01786 -5.31134e+02 |126  0.01607 -5.30946e+02
127  0.00986 -5.32583e+02 |128  0.00941 -5.32478e+02 |129  0.00929 -5.32511e+02
130  0.12296 -4.95324e+02 |131  0.12876 -4.93047e+02 |132  0.12901 -4.92944e+02
133 -0.51988 -4.44599e+02 |134  0.05848 -4.71737e+01 |135 -0.19023 -1.47186e+02
136  0.10131 -1.34559e+02 |137 -0.01735 -1.88349e+02 |138  0.23680 -9.66119e+01
139 -0.12783 -1.88351e+02 |140 -0.08871 -1.71162e+02 |141  0.04046 -1.19276e+02
142  0.09154  7.13048e-01 |143  0.21493 -1.00444e+02 |144 -0.23722 -2.00871e+02
145  0.09000 -1.37778e+02 |146 -0.15619 -1.96716e+02 |147  0.00061 -1.54235e+02
148 -0.00135 -1.35206e+02 |149  0.01386 -1.27436e+02 |150 -0.03441  5.73561e+00
151  0.15067  4.55627e+01 |152 -0.08714 -5.10938e+01 |153  0.35620  2.33998e+01
154  0.28212  1.04712e+01 |155 -0.02494 -6.18700e+01 |156 -0.43969 -1.20119e+02
157 -0.00195 -5.62473e+01 |158 -0.24347 -1.06124e+02 |159 -0.02313  2.17876e+01
160 -0.01200  7.38737e+02 |161  0.19535  4.94541e+02 |162 -0.14557  4.23178e+02
163  0.19502  6.07746e+02 |164 -0.06448  5.71188e+02 |165 -0.09796  5.53049e+02
166 -0.01347  4.18417e+02 |167  0.03164  3.68238e+02 |168  0.04655  2.56964e+02
169 -0.08222  1.75539e+02 |170 -0.00244  2.05175e+02 |171  0.00377  1.11267e+02
172 -0.02253 -4.15221e+02 |173  0.01657 -2.98294e+02 |174 -0.02962 -5.70435e+02
175  0.18714 -5.44899e+02 |176  0.08041 -5.91480e+02 |177 -0.05470 -6.27175e+02
178  0.08674 -5.89170e+02 |179  0.08980 -5.88036e+02 |180 -0.40746 -5.69336e+02
181 -0.01711 -3.03184e+02 |182  0.03714  1.00901e+02 |183  0.02877  2.28114e+02
184 -0.01287  1.59067e+02 |185 -0.04344  1.71434e+02 |186  0.21675  4.62861e+02
187 -0.15349  3.89290e+02 |188 -0.04583  3.41054e+02 |189  0.00584 -1.80084e+01
190  0.09652 -5.05214e+03 |191  0.02755 -5.11270e+03 |192 -0.08970 -4.84295e+03
193  0.03293 -3.82816e+03 |194  0.17341 -4.01785e+03 |195 -0.32934 -3.73005e+03
196  0.28036 -3.75856e+03 |197  0.17433 -4.02410e+03 |198 -0.30717 -3.80485e+03
199 -0.02866 -3.68640e+03 |200  0.06336 -3.62471e+03 |201 -0.04006 -3.73423e+03
202 -0.00603 -2.41610e+03 |203  0.14501 -2.90320e+03 |204 -0.12407 -3.04081e+03
205  0.04164 -2.96432e+03 |206 -0.01724 -2.96110e+03 |207 -0.05836 -4.46721e+03
208  0.05887 -4.32775e+03 |209 -0.08328 -5.68289e+03 |210 -0.07585 -5.18249e+03
211  0.14144 -5.47490e+03 |212 -0.02657 -6.65761e+03 |213  0.01463 -6.76895e+03
214 -0.02241 -6.58591e+03 |215  0.00028 -7.85063e+03 |216  0.01399 -8.07282e+03
217 -0.03379 -7.39393e+03 |218  0.06887 -6.60327e+03 |219 -0.07846 -7.47832e+03
220  0.06252 -7.28302e+03 |221 -0.06478 -8.74418e+03 |222  0.08083 -8.84675e+03
223 -0.05883 -1.07887e+04 |224  0.04726 -1.06255e+04 |225  0.03862 -1.05464e+04
226 -0.08074 -1.05326e+04 |227  0.00288 -1.02088e+04 |228  0.09303 -9.32211e+03
229 -0.09605 -9.67901e+03 |230  0.00926 -9.57619e+03 |231  0.00220 -9.26111e+03
232 -0.00353 -9.48216e+03 |233 -0.00851 -8.70061e+03 |234  0.00855 -8.23617e+03
235 -0.00777 -8.69680e+03 |236 -0.00009 -7.56745e+03 |237  0.00069 -5.42831e+03
238  0.00480 -4.33842e+03 |239 -0.00827 -3.81968e+03 |240  0.01048 -3.01499e+03
241  0.00358 -4.06440e+03 |242  0.00779 -4.24335e+03 |243 -0.00573 -5.22796e+03
244 -0.00030 -6.03940e+03 |245  0.01219 -5.23128e+03 |246 -0.00666 -5.45400e+03
247 -0.01783 -5.51848e+03 |248  0.00067 -5.53002e+03 |249  0.01085 -4.17082e+03
250 -0.02156 -3.50130e+03 |251  0.04761 -2.41273e+03 |252 -0.04189 -3.79644e+03
253 -0.02503 -2.24969e+03 |254  0.03080 -1.36120e+02 |255 -0.01771  2.01673e+02
256  0.02623  4.89645e+02 |257 -0.01676 -5.69211e+01 |258 -0.00342 -2.16741e+04
259 -0.04790 -2.26088e+04 |260  0.07240 -1.83641e+04 |261 -0.01677 -1.87153e+04
262 -0.02697 -1.89479e+04 |263  0.14042 -1.60540e+04 |264 -0.13952 -1.61338e+04
265  0.01332 -1.65513e+04 |266 -0.00800 -1.65423e+04 |267 -0.00318 -1.60431e+04
268 -0.01753 -1.56494e+04 |269  0.00442 -1.50217e+04 |270  0.03003 -1.27665e+04
271  0.00089 -1.37550e+04 |272 -0.03128 -1.45671e+04 |273  0.02601 -1.44510e+04
274 -0.00420 -1.45720e+04 |275 -0.00596 -1.61309e+04 |276 -0.01533 -1.48760e+04
277  0.05001 -1.45561e+04 |278  0.07196 -1.50127e+04 |279 -0.13373 -1.52633e+04
280  0.02624 -1.32868e+04 |281 -0.00624 -1.28778e+04 |282  0.02241 -1.10133e+04
283 -0.00755 -1.19017e+04 |284 -0.01417 -1.23952e+04 |285  0.02486 -1.16151e+04
286 -0.02369 -1.11651e+04 |287  0.04049 -1.20000e+04 |288 -0.04342 -1.25888e+04
289  0.02483 -1.41320e+04 |290 -0.02969 -1.47106e+04 |291  0.04079 -1.54563e+04
292 -0.04826 -1.64592e+04 |293  0.03874 -1.31339e+04 |294  0.00753 -1.36322e+04
295 -0.00851 -1.34564e+04 |296 -0.03291 -1.30412e+04 |297  0.03428 -1.16736e+04
298 -0.01320 -1.16971e+04 |299 -0.00290 -1.09431e+04 |300 -0.03650 -1.09688e+04
301  0.04933 -1.01142e+04 |302 -0.00171 -9.75039e+03 |303 -0.01156 -1.00728e+04
304 -0.00752 -8.98161e+03 |305  0.00604 -6.98566e+03 |306  0.00846 -5.96654e+03
307 -0.00024 -5.17081e+03 |308  0.00334 -4.13716e+03 |309 -0.00356 -4.83455e+03
310  0.00842 -4.74463e+03 |311  0.00295 -5.46406e+03 |312 -0.01505 -6.32823e+03
313  0.01569 -5.21974e+03 |314 -0.00186 -5.62435e+03 |315  0.00507 -5.17263e+03
316 -0.00798 -5.19453e+03 |317 -0.00284 -4.25804e+03 |318  0.01293 -3.19368e+03
319 -0.01014 -2.85993e+03 |320  0.00630 -3.75423e+03 |321  0.02441 -2.80191e+03
322 -0.04833 -1.28829e+03 |323  0.03428  2.81251e+02 |324 -0.02717  5.24418e+02
325  0.01270  6.56028e+02 |
325 variables; iteration 240; function evaluation 264; phase 5
Function value 4.7751855e+03; maximum gradient component mag -1.9491e+04
Var    Value     Gradient |Var    Value     Gradient |Var    Value     Gradient
  1 -0.06141 -1.94912e+04 |  2  2.04162  1.98761e+01 |  3  1.44774 -1.77767e+02
  4  1.95098 -2.84960e+01 |  5  0.20796  1.65565e+02 |  6 -2.16226  5.85534e+00
  7  0.06578 -2.53176e+02 |  8 -0.17591  5.00907e+01 |  9 -2.18815 -6.10884e+01
 10  0.03335  2.94007e+02 | 11  0.26973  5.73262e+02 | 12  0.00010  1.08478e+02
 13 -1.32307 -4.08963e+01 | 14 -0.25732  1.07112e+02 | 15 -0.66547  4.52144e+01
 16  0.30946  2.63140e+02 | 17 -0.09746  2.48488e+02 | 18 -0.10607  2.23496e+02
 19  0.02433  3.64287e+02 | 20  0.07355  2.19713e+02 | 21 -0.28414  1.07618e+02
 22  0.14026  3.36191e+02 | 23 -0.96044  4.30758e+00 | 24  0.10991  3.50103e+02
 25 -0.05802  2.09713e+02 | 26  0.16099  3.84167e+02 | 27 -0.34511  9.72526e+01
 28 -0.04402  1.11409e+02 | 29  0.12653  1.53711e+02 | 30 -0.02267  4.29109e+02
 31 -0.13756  2.56289e+02 | 32  0.14097  3.63264e+02 | 33  0.03207  1.41053e+02
 34  0.14519  3.87008e+02 | 35 -0.00969  3.80579e+01 | 36  0.14969  2.57143e+02
 37 -0.06043  2.39596e+02 | 38  0.12870 -7.35907e+01 | 39 -0.27120  4.01379e+01
 40  0.25259 -6.78151e+02 | 41 -0.10410  1.45590e+01 | 42  0.10187 -3.53898e+02
 43 -0.01474  9.96774e+01 | 44  0.22544 -5.39852e+02 | 45  0.02904  2.83697e+02
 46  0.00737  1.27986e+02 | 47  0.04119  1.63806e+02 | 48 -0.05521  1.60517e+02
 49  0.16435 -6.33676e+01 | 50  0.07048  1.10112e+02 | 51  0.01772 -1.29784e+02
 52  0.06200 -4.66266e+01 | 53 -0.00280 -1.25373e+02 | 54  0.11678 -6.16893e+02
 55  0.03816 -2.61291e+02 | 56 -0.01930 -3.13390e+01 | 57 -0.04499 -3.60099e+02
 58  0.11562 -5.77832e+02 | 59  0.00101  2.32579e+01 | 60  0.02282 -7.13878e+02
 61  0.05709  2.23886e+02 | 62  0.10061 -4.13559e+02 | 63  0.11427 -1.05660e+03
 64 -0.00184  2.92528e+02 | 65  0.03319  9.75657e+01 | 66  0.07081 -5.40250e+02
 67  0.04263 -2.03330e+02 | 68 -0.01311 -9.69194e+01 | 69  0.06841  1.37329e+02
 70  0.03666 -4.02006e+01 | 71  0.17036 -5.86578e+02 | 72 -0.10171 -3.38161e+02
 73 -0.00642  2.86207e+02 | 74  0.02645  7.82330e+02 | 75  0.04771 -4.71903e+00
 76 -0.03277  1.61413e+02 | 77  0.06244  2.12554e+02 | 78  2.06180 -6.16269e+00
 79 -1.21330  1.22488e+01 | 80 -0.78949  6.63811e+01 | 81 -0.80988  2.11260e+01
 82 -0.77599  4.01917e+01 | 83 -1.10994  1.42820e+01 | 84 -0.84246  4.29853e+00
 85 -1.10306  4.38732e+01 | 86 -0.84667  2.61920e+00 | 87 -0.66404  1.29357e+02
 88 -0.83851  1.97848e+01 | 89 -0.82335  7.11528e+01 | 90 -1.21659 -8.75511e+01
 91 -0.86131  9.16834e+00 | 92 -1.23558 -9.78379e+01 | 93 -1.16291 -4.68752e+00
 94 -0.80857  2.74045e+00 | 95 -0.81203 -3.24211e+01 | 96 -0.83034 -4.83574e+01
 97 -0.82549  9.90754e+00 | 98 -0.82057  4.15094e+01 | 99 -0.83661  2.46040e+01
100 -1.08009  1.60940e+02 |101 -1.05726  1.75569e+02 |102  0.32242  1.06467e+02
103 -0.23584  6.02583e+02 |104  0.19725 -1.84290e+03 |105  0.08989  5.35550e+01
106 -0.16346 -9.69397e+02 |107 -0.22596 -2.35730e+03 |108 -0.19907 -1.67974e+03
109 -0.00206 -3.72737e+03 |110  0.17278 -3.79860e+02 |111 -0.02718 -7.50392e+02
112  0.16595 -3.52633e+02 |113 -0.16270 -3.08632e+01 |114  0.54303  3.59101e-03
115 -0.07319  1.36657e+01 |116 -0.30801  2.05552e+03 |117 -0.20688  5.34675e+02
118 -0.41590  1.76209e+02 |119 -0.06433  3.22845e+02 |120  2.00040  6.87698e+00
121  2.10759 -2.83666e+02 |122 -0.03534  4.97799e+02 |123  0.00217  6.93560e+02
124  0.05529  7.43711e+02 |125  0.03347  8.95632e+02 |126  0.03362  8.96102e+02
127  0.03334  8.96055e+02 |128  0.02329  8.94204e+02 |129  0.02299  8.94146e+02
130  0.10568  9.02435e+02 |131  0.10640  9.02436e+02 |132  0.10635  9.02436e+02
133 -0.54298  5.06991e+02 |134  0.12050  1.06812e+03 |135 -0.28350  8.92246e+02
136  0.26986  9.62770e+02 |137 -0.11537  9.47402e+02 |138  0.29781  9.32982e+02
139 -0.24661  8.47309e+02 |140 -0.04936  9.77273e+02 |141  0.00843  9.72173e+02
142  0.13498  9.77437e+02 |143  0.16543  9.42388e+02 |144 -0.07603  9.09526e+02
145 -0.12531  8.86587e+02 |146 -0.04332  8.58998e+02 |147 -0.05351  7.97338e+02
148  0.01368  8.80450e+02 |149  0.01718  8.74254e+02 |150 -0.02514  8.84720e+02
151  0.22252  8.79155e+02 |152 -0.16171  8.15401e+02 |153  0.30364  8.22385e+02
154  0.18004  8.61768e+02 |155  0.08287  8.66579e+02 |156 -0.31610  6.84713e+02
157 -0.07026  8.31197e+02 |158 -0.22919  7.47075e+02 |159 -0.05791  8.45246e+02
160 -0.00438  1.32801e+03 |161  0.08384  1.06834e+03 |162 -0.03498  1.03297e+03
163  0.02693  1.26775e+03 |164 -0.01971  1.24728e+03 |165  0.02480  1.25915e+03
166  0.00633  1.08935e+03 |167 -0.00434  1.01093e+03 |168  0.10973  9.14368e+02
169 -0.09242  8.67222e+02 |170 -0.04579  8.60632e+02 |171 -0.00732  7.74107e+02
172  0.00855  5.12248e+02 |173  0.00600  5.19067e+02 |174 -0.03033  2.40429e+02
175  0.18593  1.66364e+02 |176  0.04527  1.38527e+02 |177 -0.00444  1.26617e+02
178 -0.01889  1.23000e+02 |179  0.08614  1.47543e+02 |180 -0.27929  5.52156e+01
181 -0.03935  1.52469e+02 |182  0.03306  3.31620e+02 |183  0.00239  4.66458e+02
184  0.00756  4.55779e+02 |185 -0.01795  4.96619e+02 |186  0.12954  5.84760e+02
187 -0.09599  5.05574e+02 |188 -0.02978  4.52894e+02 |189 -0.00069  1.31197e-02
190  0.14551  2.65809e+03 |191  0.04385  2.84487e+03 |192 -0.10932  2.72248e+03
193  0.02990  3.72034e+03 |194  0.23115  4.43629e+03 |195 -0.36820  3.85523e+03
196  0.26030  4.43420e+03 |197  0.16816  4.64344e+03 |198 -0.29156  4.21547e+03
199 -0.04708  3.98521e+03 |200  0.10392  4.46907e+03 |201 -0.06537  4.42342e+03
202 -0.00259  5.43041e+03 |203  0.16018  4.52824e+03 |204 -0.14317  4.42238e+03
205  0.00740  4.74062e+03 |206  0.01192  4.71904e+03 |207 -0.05265  3.23703e+03
208  0.04747  3.05859e+03 |209 -0.05109  2.18728e+03 |210 -0.10089  2.03897e+03
211  0.14385  1.23499e+03 |212 -0.03416  1.09971e+03 |213  0.06264  1.52501e+03
214 -0.05415  1.41027e+03 |215 -0.00747  9.42990e+02 |216  0.01553  5.63328e+02
217 -0.01591  2.58990e+02 |218  0.04423 -7.20364e+01 |219 -0.07189 -8.35476e+02
220  0.05935 -5.55390e+02 |221 -0.03759 -2.29745e+03 |222  0.05153 -2.77570e+03
223 -0.04845 -3.89973e+03 |224  0.03413 -4.00373e+03 |225  0.08060 -3.05630e+03
226 -0.13548 -3.06498e+03 |227  0.03339 -2.56546e+03 |228  0.06986 -2.12167e+03
229 -0.07511 -2.48372e+03 |230 -0.00694 -2.72257e+03 |231  0.01506 -1.85808e+03
232 -0.00097 -2.69697e+03 |233 -0.01812 -2.61020e+03 |234  0.01490 -2.63969e+03
235 -0.00527 -3.63962e+03 |236 -0.01530 -3.30924e+03 |237  0.00796 -1.81732e+03
238  0.01076 -6.73253e+02 |239 -0.02098 -4.53235e+02 |240  0.00999  4.18094e+02
241  0.00768 -1.42369e+02 |242  0.01109 -1.93280e+02 |243 -0.00341 -1.25293e+03
244 -0.00416 -2.33528e+03 |245  0.02549 -1.55423e+03 |246 -0.03291 -1.96405e+03
247  0.00306 -1.79033e+03 |248  0.00063 -1.62472e+03 |249  0.01786 -7.88006e+02
250 -0.02689 -9.34768e+02 |251  0.02065 -2.20878e+02 |252 -0.00921 -8.80141e+02
253 -0.04157 -4.99457e+02 |254  0.04154  1.39231e+03 |255 -0.02798  1.35440e+03
256  0.03579  1.55007e+03 |257 -0.02181  5.88294e+02 |258 -0.00622 -8.06384e+03
259 -0.04030 -8.54582e+03 |260  0.06483 -7.38601e+03 |261 -0.02109 -7.49747e+03
262 -0.01244 -6.72134e+03 |263  0.08809 -4.79828e+03 |264 -0.09178 -4.75768e+03
265  0.01190 -4.80294e+03 |266 -0.00700 -4.93687e+03 |267  0.00444 -5.72803e+03
268 -0.02656 -5.77157e+03 |269  0.00351 -5.73178e+03 |270  0.02548 -4.16326e+03
271  0.00241 -5.16275e+03 |272 -0.02941 -5.93231e+03 |273  0.03146 -5.82944e+03
274 -0.01103 -6.62653e+03 |275 -0.00548 -8.11786e+03 |276 -0.02050 -6.84224e+03
277  0.03821 -6.43403e+03 |278  0.09770 -6.20370e+03 |279 -0.14045 -7.01918e+03
280  0.02498 -6.26413e+03 |281  0.00006 -5.69208e+03 |282  0.00824 -4.91503e+03
283  0.00181 -5.10849e+03 |284 -0.01330 -5.38422e+03 |285  0.00802 -5.30800e+03
286 -0.00842 -4.72102e+03 |287  0.04604 -4.91230e+03 |288 -0.05097 -5.71084e+03
289  0.01731 -6.92017e+03 |290 -0.02480 -7.30696e+03 |291  0.03406 -8.53542e+03
292 -0.03666 -8.78975e+03 |293  0.03549 -7.10607e+03 |294  0.02683 -7.61395e+03
295 -0.02964 -7.34127e+03 |296 -0.01602 -6.90026e+03 |297  0.01541 -6.00347e+03
298 -0.00604 -6.10087e+03 |299 -0.00510 -5.20447e+03 |300 -0.03248 -5.65333e+03
301  0.05517 -4.80267e+03 |302 -0.00971 -5.39555e+03 |303 -0.01095 -6.19105e+03
304  0.01185 -5.56730e+03 |305 -0.02088 -4.63115e+03 |306  0.00966 -3.44549e+03
307  0.01427 -2.52760e+03 |308 -0.00278 -2.19342e+03 |309 -0.00424 -2.78665e+03
310  0.00429 -3.11557e+03 |311  0.00608 -3.91170e+03 |312 -0.01440 -5.34742e+03
313  0.00411 -4.61781e+03 |314  0.01216 -4.32173e+03 |315 -0.01118 -4.48168e+03
316 -0.00494 -3.91622e+03 |317  0.00586 -2.79023e+03 |318  0.00508 -2.46742e+03
319 -0.00587 -2.02346e+03 |320 -0.00128 -2.22092e+03 |321  0.03674 -1.12685e+03
322 -0.04157  2.72423e+02 |323  0.02836  1.03458e+03 |324 -0.03365  1.17337e+03
325  0.02063  1.35770e+03 |
325 variables; iteration 260; function evaluation 285; phase 5
Function value 4.6474220e+03; maximum gradient component mag -1.2196e+04
Var    Value     Gradient |Var    Value     Gradient |Var    Value     Gradient
  1 -0.06416 -1.21958e+04 |  2  1.98057  1.27186e+01 |  3  1.47138 -1.73122e+02
  4  1.94606 -3.00034e+01 |  5  0.18506  1.40498e+02 |  6 -2.17017 -3.14848e+01
  7  0.09555 -1.66258e+02 |  8 -0.16035  6.92903e+01 |  9 -2.20251 -8.92402e+01
 10 -0.01542  1.75520e+02 | 11  0.28606  6.09449e+02 | 12 -0.00985  2.33021e+01
 13 -1.29796 -3.00818e+00 | 14 -0.23586  3.90408e+01 | 15 -0.72621  2.64983e+00
 16  0.31573  3.23244e+02 | 17 -0.10803  1.67013e+02 | 18 -0.09103  1.60654e+02
 19  0.01496  2.11502e+02 | 20  0.05188  4.89326e+01 | 21 -0.30301  2.17326e+01
 22  0.14516  2.95854e+02 | 23 -0.95248 -5.68335e-01 | 24  0.13741  4.48603e+02
 25 -0.05274  1.59121e+02 | 26  0.15859  3.10216e+02 | 27 -0.38673  2.20959e+01
 28 -0.02650 -2.25825e+00 | 29  0.10354 -5.13189e+01 | 30 -0.04140  2.91698e+02
 31 -0.15812  1.63961e+02 | 32  0.13202  2.45602e+02 | 33  0.03074  4.89644e+01
 34  0.15999  3.91225e+02 | 35  0.02720  6.20705e+01 | 36  0.14360  2.03269e+02
 37 -0.06044  1.01569e+02 | 38  0.16593  3.63277e+00 | 39 -0.35257 -4.03297e+01
 40  0.25968 -4.32226e+02 | 41 -0.10426 -6.42242e+01 | 42  0.10417 -3.14543e+02
 43 -0.01594  4.51306e+01 | 44  0.23512 -1.05799e+02 | 45 -0.00119  9.20536e+01
 46  0.03256  3.76690e+02 | 47  0.04302  2.01628e+02 | 48 -0.06254  5.64551e+01
 49  0.16982  2.49981e+02 | 50  0.06935  2.04102e+02 | 51  0.03060  2.90846e+01
 52  0.06322  6.69392e+01 | 53  0.00304  8.89829e+00 | 54  0.11522 -5.20118e+02
 55  0.03885 -2.17608e+02 | 56 -0.01458  7.88987e+01 | 57 -0.03637 -2.69226e+02
 58  0.11809 -5.12675e+02 | 59  0.00046  1.41455e+01 | 60  0.03478 -4.98149e+02
 61  0.05512  7.09535e+01 | 62  0.10698 -3.35485e+02 | 63  0.11689 -1.02138e+03
 64 -0.00778  1.29987e+02 | 65  0.03311  1.12201e+00 | 66  0.07155 -6.11290e+02
 67  0.04542 -2.52098e+02 | 68  0.00008  9.69055e-01 | 69  0.07143  1.31284e+02
 70  0.05139  1.39533e+02 | 71  0.17262 -6.31118e+02 | 72 -0.10471 -4.50449e+02
 73 -0.01278  2.93313e+01 | 74  0.02936  6.54117e+02 | 75  0.05971  1.29028e+02
 76 -0.01473  2.18082e+02 | 77  0.04891 -4.22618e+01 | 78  2.09537 -1.37132e+01
 79 -0.97880 -1.00272e+01 | 80 -0.77272  9.92783e+01 | 81 -0.90620 -1.80102e+01
 82 -0.79229  4.84118e+00 | 83 -1.01243  4.60880e+00 | 84 -0.84244 -5.39479e+00
 85 -1.10850  5.03933e+01 | 86 -0.85423 -1.42937e+01 | 87 -0.65050  1.60831e+02
 88 -0.84887  5.63639e+00 | 89 -0.84213  5.04922e+01 | 90 -1.24680 -1.23448e+02
 91 -1.01515  1.85552e+00 | 92 -1.20876 -6.16133e+01 | 93 -1.15453  7.84256e+00
 94 -0.81152 -5.13163e-01 | 95 -0.81881 -3.89500e+01 | 96 -0.82634 -5.01784e+01
 97 -0.83729 -1.49305e+01 | 98 -0.80758  1.18316e+02 | 99 -0.84881 -7.23029e+00
100 -1.08634  1.49226e+02 |101 -1.03482  1.42118e+02 |102  0.25222 -1.89295e+02
103 -0.20481  9.95737e+02 |104  0.18459 -2.37429e+03 |105  0.08880 -9.21065e+01
106 -0.16196 -5.84781e+02 |107 -0.22458 -1.94216e+03 |108 -0.19523 -1.33123e+03
109 -0.00232 -3.08176e+03 |110  0.17602  3.13258e+02 |111 -0.03025 -9.89663e+02
112  0.16485 -4.08181e+02 |113 -0.17619 -3.29635e+01 |114  0.54200  3.57862e-03
115 -0.07097  4.80364e+01 |116 -0.31322  1.97659e+03 |117 -0.19982  7.70047e+02
118 -0.33623  2.44971e+02 |119 -0.13902  3.39221e+02 |120  1.98474 -3.93948e+01
121  2.08396 -3.96307e+02 |122 -0.01294 -8.57976e+02 |123 -0.01897 -7.19331e+02
124  0.06847 -6.53004e+02 |125  0.02770 -4.26809e+02 |126  0.01186 -4.30347e+02
127  0.02592 -4.26601e+02 |128  0.02209 -4.27196e+02 |129  0.02244 -4.27101e+02
130  0.09511 -4.04958e+02 |131  0.12003 -3.96309e+02 |132  0.12133 -3.95846e+02
133 -0.52560 -3.71841e+02 |134 -0.01299 -2.14089e+02 |135 -0.10629 -2.37056e+02
136  0.22424 -2.27932e+02 |137 -0.11394 -3.20276e+02 |138  0.29330 -1.77462e+02
139 -0.22944 -3.02576e+02 |140 -0.03511 -2.60550e+02 |141 -0.01580 -2.84215e+02
142  0.07693 -1.32613e+02 |143  0.15201 -2.87453e+02 |144 -0.11221 -3.54958e+02
145 -0.00600 -3.39786e+02 |146 -0.04814 -4.22450e+02 |147 -0.04525 -4.79458e+02
148  0.00265 -4.62681e+02 |149  0.00116 -4.44393e+02 |150  0.04696 -2.99655e+02
151  0.05755 -3.26970e+02 |152 -0.03065 -4.05870e+02 |153  0.37438 -2.65452e+02
154  0.12918 -3.66848e+02 |155  0.03824 -3.96043e+02 |156 -0.28868 -4.26996e+02
157 -0.00431 -4.07242e+02 |158 -0.32034 -4.22200e+02 |159 -0.04745 -4.06736e+02
160 -0.00375  1.84802e+02 |161  0.05959 -2.96644e+01 |162 -0.01516 -5.46585e+01
163  0.02797  1.23805e+02 |164 -0.00604  1.05881e+02 |165 -0.00702  9.08639e+01
166  0.04702 -4.88862e+01 |167 -0.04153 -1.44102e+02 |168  0.06300 -2.00214e+02
169 -0.06712 -2.94841e+02 |170 -0.02338 -2.88318e+02 |171 -0.00023 -3.11802e+02
172  0.00851 -3.44432e+02 |173 -0.01126 -3.14427e+02 |174 -0.00094 -4.95379e+02
175  0.18074 -5.51761e+02 |176  0.02889 -6.11765e+02 |177  0.02264 -6.13557e+02
178 -0.04371 -6.28821e+02 |179  0.09749 -5.88600e+02 |180 -0.29721 -6.16367e+02
181 -0.02812 -3.99351e+02 |182  0.03252 -7.69799e+01 |183 -0.00295  7.34645e+01
184  0.00639  1.82533e+02 |185  0.00182  4.50110e+02 |186  0.10117  4.96416e+02
187 -0.08819  3.93794e+02 |188 -0.02394  3.67010e+02 |189  0.00774 -1.14050e+01
190  0.13446  4.30829e+03 |191  0.05473  4.45758e+03 |192 -0.11978  4.30823e+03
193  0.03933  5.26735e+03 |194  0.21773  6.16481e+03 |195 -0.36000  5.40959e+03
196  0.25579  6.42993e+03 |197  0.17233  6.71188e+03 |198 -0.29353  6.13796e+03
199 -0.04474  6.25476e+03 |200  0.06129  6.56464e+03 |201 -0.02107  6.51092e+03
202 -0.00541  7.03251e+03 |203  0.13725  6.06062e+03 |204 -0.12069  5.94975e+03
205  0.00968  6.24896e+03 |206  0.00796  6.27407e+03 |207 -0.05023  4.83678e+03
208  0.04521  4.45132e+03 |209 -0.04421  3.74352e+03 |210 -0.09761  3.69167e+03
211  0.13472  2.93322e+03 |212 -0.02940  2.19495e+03 |213  0.03725  2.28627e+03
214 -0.03191  2.14373e+03 |215 -0.00808  1.55267e+03 |216  0.01471  1.21128e+03
217 -0.01344  1.10152e+03 |218  0.03446  7.14215e+02 |219 -0.05242  1.21293e+02
220  0.04655 -2.32856e+02 |221 -0.03928 -1.62712e+03 |222  0.05244 -2.02628e+03
223 -0.04813 -3.19601e+03 |224  0.03989 -3.23946e+03 |225  0.02302 -2.87967e+03
226 -0.07219 -2.97272e+03 |227  0.01976 -3.28665e+03 |228  0.05608 -2.65908e+03
229 -0.05540 -3.18987e+03 |230 -0.00568 -3.55382e+03 |231  0.01486 -3.02378e+03
232 -0.00136 -3.58223e+03 |233 -0.01025 -3.69887e+03 |234 -0.00184 -3.85877e+03
235 -0.00011 -4.56482e+03 |236 -0.00489 -4.22984e+03 |237  0.00013 -3.21621e+03
238  0.00726 -2.21566e+03 |239 -0.01345 -1.89291e+03 |240  0.00257 -9.24694e+02
241  0.01278 -1.24330e+03 |242  0.00403 -1.37992e+03 |243 -0.00686 -2.22223e+03
244  0.00333 -2.96921e+03 |245  0.01813 -2.21049e+03 |246 -0.01242 -2.44347e+03
247 -0.01254 -2.51182e+03 |248  0.00185 -1.97056e+03 |249  0.01606 -9.52783e+02
250 -0.01507 -9.40774e+02 |251  0.00669 -6.32091e+02 |252 -0.00337 -8.41330e+02
253 -0.03852 -2.51223e+02 |254  0.04409  1.57567e+03 |255 -0.02550  1.42766e+03
256  0.02981  1.46735e+03 |257 -0.02616  3.41481e+02 |258 -0.00294 -1.03245e+04
259 -0.03915 -1.06491e+04 |260  0.06252 -9.91242e+03 |261 -0.02842 -1.00022e+04
262 -0.00062 -8.94579e+03 |263  0.07842 -7.31738e+03 |264 -0.08339 -6.91787e+03
265  0.01095 -6.96538e+03 |266 -0.00839 -7.11846e+03 |267  0.01069 -7.78654e+03
268 -0.03291 -8.27748e+03 |269  0.00548 -8.21831e+03 |270  0.02333 -7.08344e+03
271  0.00009 -8.14593e+03 |272 -0.02552 -8.86955e+03 |273  0.03070 -8.77426e+03
274 -0.01031 -9.52205e+03 |275 -0.00618 -1.09621e+04 |276 -0.02151 -9.65373e+03
277  0.03696 -9.62997e+03 |278  0.09234 -9.37082e+03 |279 -0.13174 -1.00975e+04
280  0.03120 -8.86368e+03 |281 -0.00618 -8.71214e+03 |282  0.00835 -8.01968e+03
283  0.00127 -8.36430e+03 |284 -0.01265 -8.55770e+03 |285  0.01156 -8.37859e+03
286 -0.01302 -8.05720e+03 |287  0.04313 -7.90681e+03 |288 -0.04834 -9.07138e+03
289  0.01708 -9.95039e+03 |290 -0.02714 -9.98143e+03 |291  0.03575 -9.48833e+03
292 -0.03581 -9.78366e+03 |293  0.03333 -7.78582e+03 |294  0.02609 -8.11479e+03
295 -0.03109 -8.67741e+03 |296 -0.01499 -7.75318e+03 |297  0.01821 -7.00322e+03
298 -0.00579 -7.11929e+03 |299 -0.01166 -6.44719e+03 |300 -0.01804 -6.44621e+03
301  0.03673 -5.61858e+03 |302  0.00476 -5.68884e+03 |303 -0.01199 -6.53977e+03
304  0.00000 -6.26001e+03 |305 -0.01013 -5.32215e+03 |306  0.01029 -4.22827e+03
307  0.00523 -3.50578e+03 |308  0.00480 -2.80596e+03 |309 -0.00617 -3.26370e+03
310  0.00364 -3.51606e+03 |311  0.00927 -4.05039e+03 |312 -0.01487 -5.28479e+03
313  0.00393 -4.69609e+03 |314  0.00753 -4.38679e+03 |315 -0.00893 -4.31035e+03
316 -0.00178 -3.38162e+03 |317  0.00779 -2.29813e+03 |318 -0.00193 -2.29387e+03
319 -0.00190 -1.86652e+03 |320 -0.00278 -1.72639e+03 |321  0.03419 -5.44600e+02
322 -0.03804  6.96701e+02 |323  0.02130  1.36631e+03 |324 -0.02538  1.36270e+03
325  0.01984  1.19816e+03 |
325 variables; iteration 280; function evaluation 305; phase 5
Function value 4.4566163e+03; maximum gradient component mag -2.2006e+04
Var    Value     Gradient |Var    Value     Gradient |Var    Value     Gradient
  1 -0.06228 -2.20061e+04 |  2  1.87853  2.73525e+00 |  3  1.50248 -2.10080e+02
  4  1.87026 -6.65863e+01 |  5  0.11796  6.89619e+01 |  6 -2.14231  2.48412e+01
  7  0.12782 -1.03253e+02 |  8 -0.21568 -3.02937e+00 |  9 -2.19681 -9.39389e+01
 10 -0.01690  1.95048e+02 | 11  0.23707  6.83099e+01 | 12 -0.02125  5.64924e+01
 13 -1.18898 -2.45775e+01 | 14 -0.24386  1.19481e+02 | 15 -0.47494  9.48379e+01
 16  0.32095  1.35330e+02 | 17 -0.13553  2.02818e+02 | 18 -0.12909  1.76811e+02
 19  0.03705  3.18419e+02 | 20  0.04143  1.29014e+02 | 21 -0.28694  1.13160e+02
 22  0.12042  6.67753e+01 | 23 -0.94373  6.84284e+00 | 24  0.14709  4.76191e+02
 25 -0.07669  9.96525e+01 | 26  0.14240  2.68683e+02 | 27 -0.36570  1.01154e+02
 28  0.00159  1.32381e+02 | 29  0.10773  8.52342e+01 | 30  0.00202  4.34478e+02
 31 -0.10682  2.51813e+02 | 32  0.13038  1.67193e+02 | 33  0.03737  1.55905e+02
 34  0.14587  3.42039e+02 | 35  0.06709  2.03090e+02 | 36  0.05823  6.68190e+01
 37 -0.05025  1.49055e+02 | 38  0.15508  1.00026e+01 | 39 -0.28841  7.51241e+01
 40  0.25965 -5.50543e+02 | 41 -0.12195  4.68651e+00 | 42  0.10138 -3.44343e+02
 43  0.00238  2.44409e+02 | 44  0.23520 -2.61220e+02 | 45 -0.01185  5.32507e+01
 46  0.01796  1.61411e+02 | 47  0.02069 -1.54147e+02 | 48 -0.07221  5.00063e+01
 49  0.16438 -8.97835e+01 | 50  0.05730  1.22604e+01 | 51  0.04094  1.06380e+02
 52  0.06936  1.45404e+02 | 53  0.00026 -5.79734e+01 | 54  0.12073 -5.44961e+02
 55  0.03426 -3.61678e+02 | 56 -0.02084 -6.20407e+01 | 57 -0.03540 -2.63221e+02
 58  0.12255 -4.29356e+02 | 59  0.00442  5.57991e+01 | 60  0.04856 -2.77046e+02
 61  0.05673  1.77497e+02 | 62  0.10603 -3.62432e+02 | 63  0.11567 -1.05197e+03
 64 -0.01750  8.97210e+01 | 65  0.02043 -2.22788e+02 | 66  0.06433 -6.96763e+02
 67  0.04246 -2.17248e+02 | 68 -0.01163 -1.25991e+02 | 69  0.07386  3.49158e+02
 70  0.04942  2.97992e+02 | 71  0.17082 -5.98855e+02 | 72 -0.08942 -2.60533e+02
 73  0.00228  4.22749e+02 | 74  0.01449  5.28503e+02 | 75  0.06233  4.75223e+02
 76 -0.03145  1.27998e+02 | 77  0.04473  1.99157e+00 | 78  2.16297 -8.33675e+00
 79 -0.70958  3.71023e+01 | 80 -0.76545  1.83632e+02 | 81 -0.81471  2.44232e+01
 82 -0.75998  7.43939e+01 | 83 -0.81417  1.59812e+01 | 84 -0.88190 -1.94426e+01
 85 -1.11986  2.28814e+01 | 86 -0.84308  2.83139e+01 | 87 -0.70552  1.14180e+02
 88 -0.89608 -1.31016e+01 | 89 -0.80690  1.12790e+02 | 90 -1.23047 -1.37705e+02
 91 -1.13989 -3.14895e+01 | 92 -1.22132 -1.12332e+02 | 93 -1.16328 -1.95960e+01
 94 -0.80114  2.85059e+01 | 95 -0.81182 -2.49785e+01 | 96 -0.79087 -4.54889e+00
 97 -0.80772  1.26073e+02 | 98 -0.82201  4.66779e+01 | 99 -0.83740  9.85024e+01
100 -1.10767  4.20503e+01 |101 -1.01592  7.48251e+01 |102  0.50608 -3.05267e+02
103 -0.32332 -6.17310e+02 |104  0.19130 -3.25463e+03 |105  0.08654 -7.50842e+02
106 -0.16032 -6.70260e+02 |107 -0.23348 -2.15920e+03 |108 -0.17050 -1.07381e+03
109 -0.00088 -2.27029e+02 |110  0.17782  7.81643e+02 |111 -0.03603 -1.68107e+03
112  0.16619 -6.04991e+02 |113 -0.18984 -3.78097e+01 |114  0.53937  3.54304e-03
115 -0.06556 -3.94072e+01 |116 -0.32401  8.96834e+02 |117 -0.18167 -2.41387e+02
118 -0.34042  2.19064e+02 |119 -0.14313  2.90375e+02 |120  1.95142 -1.08798e+02
121  2.08866 -4.53678e+02 |122 -0.08074 -1.82137e+03 |123  0.01681 -1.46896e+03
124  0.04129 -1.44556e+03 |125  0.01369 -1.24511e+03 |126  0.05064 -1.22855e+03
127  0.01276 -1.24153e+03 |128  0.07477 -1.21778e+03 |129  0.07406 -1.21811e+03
130  0.12799 -1.18883e+03 |131  0.05401 -1.22689e+03 |132  0.04972 -1.22862e+03
133 -0.53707 -9.05383e+02 |134 -0.01926 -9.48272e+02 |135 -0.05490 -8.80238e+02
136  0.13702 -9.34521e+02 |137 -0.06286 -1.01495e+03 |138  0.24142 -8.58057e+02
139 -0.18809 -9.83049e+02 |140 -0.05978 -9.71008e+02 |141  0.02227 -9.58967e+02
142  0.04756 -9.52285e+02 |143  0.16541 -1.08155e+03 |144 -0.07032 -1.16961e+03
145 -0.05290 -1.16923e+03 |146 -0.06432 -1.24300e+03 |147 -0.00562 -1.27643e+03
148 -0.00038 -1.40501e+03 |149 -0.00025 -1.40339e+03 |150  0.01681 -1.37979e+03
151  0.15340 -1.32280e+03 |152 -0.17343 -1.38946e+03 |153  0.31908 -1.17023e+03
154  0.09783 -1.36945e+03 |155  0.02622 -1.40217e+03 |156 -0.26776 -1.34550e+03
157  0.09415 -1.37161e+03 |158 -0.25074 -1.35761e+03 |159 -0.05598 -1.41915e+03
160 -0.03330 -1.10446e+03 |161  0.09397 -1.19079e+03 |162 -0.03922 -1.24830e+03
163  0.02058 -9.57270e+02 |164  0.03051 -9.46336e+02 |165 -0.04300 -9.87117e+02
166  0.00607 -1.11460e+03 |167 -0.00243 -1.17075e+03 |168  0.13324 -1.10814e+03
169 -0.13004 -1.17519e+03 |170 -0.02489 -1.15901e+03 |171  0.00655 -1.11258e+03
172  0.00574 -1.17040e+03 |173 -0.02136 -1.11406e+03 |174  0.02476 -1.04636e+03
175  0.23999 -1.05861e+03 |176 -0.03177 -1.20272e+03 |177 -0.02051 -1.20082e+03
178  0.01211 -1.19318e+03 |179  0.03539 -1.18582e+03 |180 -0.24509 -1.16349e+03
181 -0.02387 -1.10144e+03 |182  0.00675 -9.65158e+02 |183  0.01173 -7.08618e+02
184  0.00226 -4.58143e+02 |185  0.02683  1.13831e+02 |186  0.04856  1.09028e+02
187 -0.05319  1.14482e+01 |188 -0.03497 -3.19750e+01 |189  0.04348  1.02089e+02
190  0.16540 -2.80588e+03 |191  0.04503 -2.60781e+03 |192 -0.10596 -2.71245e+03
193  0.03182 -2.31225e+03 |194  0.23314 -1.55135e+03 |195 -0.34033 -1.54697e+03
196  0.23081 -1.50113e+03 |197  0.16067 -1.57125e+03 |198 -0.29192 -1.55254e+03
199 -0.04431 -1.54647e+03 |200  0.05029 -1.26163e+03 |201 -0.00934 -1.23846e+03
202 -0.01044 -5.28652e+02 |203  0.11291 -9.78950e+02 |204 -0.08970 -1.15317e+03
205  0.00615 -1.15886e+03 |206  0.00375 -1.14288e+03 |207 -0.04789 -2.23432e+03
208  0.04447 -2.34900e+03 |209 -0.03845 -2.96420e+03 |210 -0.12450 -3.06585e+03
211  0.15628 -3.36875e+03 |212 -0.01653 -4.10456e+03 |213  0.03670 -4.27440e+03
214 -0.05460 -4.39946e+03 |215 -0.00041 -5.23082e+03 |216  0.01875 -4.99291e+03
217 -0.00848 -4.92651e+03 |218  0.02513 -5.28662e+03 |219 -0.03732 -5.93240e+03
220  0.03501 -6.25758e+03 |221 -0.05311 -7.24225e+03 |222  0.06574 -7.10563e+03
223 -0.04372 -7.54890e+03 |224  0.04127 -7.58951e+03 |225  0.03145 -7.26690e+03
226 -0.08682 -7.28924e+03 |227  0.01679 -7.54159e+03 |228  0.06671 -6.92694e+03
229 -0.06267 -7.34172e+03 |230  0.00192 -7.72075e+03 |231  0.01701 -7.25417e+03
232 -0.00582 -7.52655e+03 |233 -0.00312 -7.77035e+03 |234 -0.01286 -8.24620e+03
235  0.00355 -8.94016e+03 |236 -0.00207 -8.54553e+03 |237 -0.00549 -7.25909e+03
238  0.00729 -6.00319e+03 |239 -0.00851 -5.72457e+03 |240 -0.00210 -4.96486e+03
241  0.01343 -5.07121e+03 |242 -0.00458 -4.90702e+03 |243 -0.00759 -4.99036e+03
244  0.01264 -5.18979e+03 |245  0.01049 -4.30999e+03 |246  0.00841 -4.14530e+03
247 -0.02039 -4.29763e+03 |248 -0.00155 -4.00346e+03 |249  0.01630 -3.59849e+03
250 -0.00141 -3.76481e+03 |251 -0.02351 -3.80660e+03 |252  0.00624 -2.86026e+03
253 -0.03504 -1.80569e+03 |254  0.05923  1.17857e+02 |255 -0.04061 -9.71865e+01
256  0.02014  3.04707e+02 |257 -0.00805  5.37968e+01 |258 -0.00339 -1.41978e+04
259 -0.03889 -1.39606e+04 |260  0.05968 -1.36195e+04 |261 -0.02556 -1.40712e+04
262  0.00083 -1.35584e+04 |263  0.04754 -1.24863e+04 |264 -0.05407 -1.24283e+04
265  0.00893 -1.24659e+04 |266 -0.00848 -1.25203e+04 |267  0.00787 -1.24092e+04
268 -0.02735 -1.25180e+04 |269  0.00488 -1.24212e+04 |270  0.02150 -1.13981e+04
271 -0.00503 -1.19560e+04 |272 -0.01979 -1.21515e+04 |273  0.02780 -1.27551e+04
274 -0.00852 -1.32305e+04 |275 -0.00303 -1.43555e+04 |276 -0.02463 -1.29313e+04
277  0.03598 -1.16968e+04 |278  0.12105 -1.12571e+04 |279 -0.15961 -1.15750e+04
280  0.03747 -1.04339e+04 |281 -0.00784 -1.06088e+04 |282  0.02064 -9.71822e+03
283 -0.01424 -1.05288e+04 |284 -0.01398 -1.07160e+04 |285  0.01133 -1.04751e+04
286 -0.01131 -1.02559e+04 |287  0.03213 -9.86602e+03 |288 -0.03635 -1.09073e+04
289  0.02042 -1.12071e+04 |290 -0.02803 -1.11250e+04 |291  0.02909 -1.15159e+04
292 -0.03128 -1.14480e+04 |293  0.03329 -1.07934e+04 |294  0.02814 -1.12565e+04
295 -0.03423 -1.17170e+04 |296 -0.01606 -1.08437e+04 |297  0.02328 -1.01010e+04
298 -0.01163 -1.05501e+04 |299 -0.02208 -9.82183e+03 |300  0.01101 -9.10593e+03
301  0.01753 -8.51374e+03 |302  0.01213 -8.58610e+03 |303 -0.01871 -9.61389e+03
304 -0.00609 -9.07103e+03 |305 -0.00122 -7.60386e+03 |306  0.01451 -6.42158e+03
307 -0.00113 -6.13401e+03 |308  0.00572 -5.50504e+03 |309 -0.00932 -5.80103e+03
310  0.00385 -5.69117e+03 |311  0.01541 -5.44544e+03 |312 -0.01831 -6.41866e+03
313  0.00521 -5.78003e+03 |314  0.00792 -5.41317e+03 |315 -0.01320 -5.56349e+03
316  0.00595 -4.69905e+03 |317 -0.00018 -4.45617e+03 |318 -0.00499 -4.27922e+03
319  0.01151 -3.48254e+03 |320 -0.00417 -2.86225e+03 |321  0.02991 -1.99170e+03
322 -0.03912 -6.00732e+02 |323  0.01993 -1.57861e+01 |324 -0.01898  3.39457e+02
325  0.00231  3.48478e+02 |
325 variables; iteration 300; function evaluation 329; phase 5
Function value 4.2021069e+03; maximum gradient component mag -1.8635e+04
Var    Value     Gradient |Var    Value     Gradient |Var    Value     Gradient
  1 -0.06222 -1.86345e+04 |  2  1.88237  1.70480e+01 |  3  1.63639 -1.86367e+01
  4  1.94069 -1.52794e+01 |  5  0.05351  2.10613e+01 |  6 -2.14294  1.73910e+01
  7  0.12550 -6.60027e+01 |  8 -0.14366  8.05783e+01 |  9 -2.20963 -1.41481e+02
 10 -0.09341  9.71466e+01 | 11  0.23379 -2.35904e+02 | 12  0.01811  2.18944e+01
 13 -1.21324 -4.67207e+00 | 14 -0.16997  9.74534e+01 | 15 -0.56304  2.70691e+01
 16  0.32636 -1.38520e+02 | 17 -0.12056  1.26671e+02 | 18 -0.19625  3.87742e+01
 19 -0.01359  1.57583e+01 | 20  0.05971  3.88404e+01 | 21 -0.22400  9.62979e+01
 22  0.12607 -9.98464e+01 | 23 -0.98042  1.84918e-01 | 24  0.10841  1.21429e+02
 25 -0.08615 -2.71466e+01 | 26  0.13105 -4.02362e+01 | 27 -0.39895  2.88633e+01
 28  0.01015 -7.37378e+01 | 29  0.09169 -3.11559e+02 | 30 -0.05114  1.35248e+02
 31 -0.09835  1.26681e+02 | 32  0.11843 -1.84976e+01 | 33  0.06232 -1.25456e+01
 34  0.13244 -6.53435e+00 | 35  0.06167 -4.99946e+00 | 36  0.05476  9.64456e+01
 37 -0.03601  3.92700e+01 | 38  0.12874 -8.15500e+01 | 39 -0.18548  5.24448e+01
 40  0.27057 -4.20597e+02 | 41 -0.14849 -4.70188e+01 | 42  0.13387 -9.17814e+01
 43 -0.02459  1.76534e+01 | 44  0.23736  2.17432e+01 | 45 -0.00935  3.41388e+01
 46 -0.00150 -8.21947e+01 | 47  0.02940 -7.99508e+01 | 48 -0.07200  2.92055e+01
 49  0.16616  1.35240e+02 | 50  0.05545  3.57150e+00 | 51  0.03108 -5.29525e+01
 52  0.06900  1.68973e+02 | 53  0.00365  4.41845e+01 | 54  0.11219 -6.00996e+02
 55  0.03350 -1.99590e+02 | 56 -0.02381 -6.71710e+01 | 57 -0.04132 -3.30165e+02
 58  0.12297 -4.09731e+01 | 59 -0.00293 -1.77881e+01 | 60  0.04885 -1.16838e+02
 61  0.04968  1.18173e+02 | 62  0.11120  5.25335e+01 | 63  0.12216 -5.59972e+02
 64 -0.02032  1.05854e+02 | 65  0.01451 -1.34129e+02 | 66  0.06426 -4.41247e+02
 67  0.04194 -9.85446e+01 | 68 -0.00442  1.42584e+02 | 69  0.07454  2.77262e+02
 70  0.05203  3.73126e+02 | 71  0.17630 -1.45056e+02 | 72 -0.06992 -1.48049e+02
 73  0.00313  2.97582e+02 | 74  0.00276  2.84231e+02 | 75  0.06048  3.96628e+02
 76 -0.04319 -2.95396e+01 | 77  0.06782  1.78119e+02 | 78  2.26567 -1.16972e+02
 79 -0.68225  3.58803e+01 | 80 -0.75945  1.62551e+02 | 81 -0.88906 -1.78561e+01
 82 -0.81430 -5.97751e+00 | 83 -0.89887 -3.29282e+01 | 84 -0.87288 -3.69569e+01
 85 -1.14831 -2.76655e+01 | 86 -0.80677  1.15970e+02 | 87 -0.72605  5.63250e+01
 88 -0.86971 -2.70924e+01 | 89 -0.82570  4.40165e+01 | 90 -1.24178 -1.10088e+02
 91 -0.94352 -8.73298e+00 | 92 -1.23402 -1.06348e+02 | 93 -1.18307 -2.02342e+01
 94 -0.79592  1.42222e+01 | 95 -0.81440 -3.44940e+01 | 96 -0.79131 -6.03557e+00
 97 -0.83439  1.81047e+01 | 98 -0.84495 -2.20155e+01 | 99 -0.83819  1.54665e+02
100 -1.10252  6.46799e+01 |101 -0.99118 -4.30952e+01 |102  0.46911 -3.85737e+02
103 -0.31697 -4.81462e+02 |104  0.17958 -3.82575e+03 |105  0.08538 -1.18823e+03
106 -0.16576 -6.60531e+02 |107 -0.22494 -1.44018e+03 |108 -0.16472 -4.16552e+02
109 -0.00090 -2.20383e+03 |110  0.17566 -2.60662e+02 |111 -0.03818 -1.87353e+03
112  0.16732 -6.73390e+02 |113 -0.18192 -4.35742e+01 |114  0.53467  3.48200e-03
115 -0.06765 -8.91499e+01 |116 -0.32355  1.08743e+03 |117 -0.18374  1.09877e+01
118 -0.35684  1.26123e+02 |119 -0.13865  2.19818e+02 |120  1.91666 -1.51670e+02
121  2.13705 -1.78654e+02 |122 -0.04674 -2.17592e+03 |123 -0.02210 -2.05277e+03
124  0.07900 -2.00032e+03 |125  0.00292 -2.00409e+03 |126  0.06180 -1.97940e+03
127  0.00328 -2.00315e+03 |128  0.05960 -1.98048e+03 |129  0.06389 -1.97814e+03
130  0.14986 -1.91298e+03 |131  0.02773 -1.99514e+03 |132  0.02987 -1.99431e+03
133 -0.47140 -1.55737e+03 |134 -0.03870 -1.96947e+03 |135 -0.00839 -1.76392e+03
136  0.13651 -1.62158e+03 |137 -0.11120 -1.69490e+03 |138  0.08284 -1.61114e+03
139 -0.00378 -1.72060e+03 |140 -0.05885 -1.73493e+03 |141  0.00567 -1.74896e+03
142  0.01371 -1.75170e+03 |143  0.12032 -1.81966e+03 |144 -0.01176 -1.88560e+03
145 -0.06495 -1.89195e+03 |146 -0.02874 -1.96869e+03 |147 -0.00906 -2.01045e+03
148 -0.03665 -2.19504e+03 |149  0.03324 -1.80823e+03 |150  0.05303 -1.78684e+03
151  0.05100 -1.81175e+03 |152  0.05511 -1.84661e+03 |153  0.16720 -1.76374e+03
154  0.11984 -1.80529e+03 |155  0.05660 -1.84588e+03 |156 -0.26510 -1.76570e+03
157 -0.15537 -1.84865e+03 |158 -0.10884 -1.91801e+03 |159 -0.02377 -1.89451e+03
160 -0.00728 -1.61826e+03 |161  0.09607 -1.42000e+03 |162 -0.05861 -1.49700e+03
163  0.03270 -1.44132e+03 |164  0.00455 -1.46362e+03 |165 -0.05411 -1.49649e+03
166  0.04830 -1.44424e+03 |167 -0.01676 -1.53817e+03 |168  0.12947 -1.52828e+03
169 -0.14020 -1.58893e+03 |170 -0.02291 -1.58926e+03 |171  0.00894 -1.45589e+03
172  0.00906 -1.60639e+03 |173 -0.03295 -1.57692e+03 |174  0.04191 -1.38327e+03
175  0.16900 -1.46804e+03 |176  0.03055 -1.55360e+03 |177 -0.03060 -1.56866e+03
178  0.01520 -1.55873e+03 |179  0.06204 -1.54030e+03 |180 -0.28496 -1.47024e+03
181 -0.01623 -1.29380e+03 |182  0.00955 -1.06277e+03 |183  0.01070 -6.46389e+02
184  0.00826 -3.06444e+02 |185  0.01797  1.33360e+02 |186  0.04463  1.37028e+02
187 -0.04916  4.02138e+01 |188 -0.02666  1.33404e+01 |189  0.01924  3.57027e+01
190  0.15323 -2.18111e+03 |191  0.05876 -2.18426e+03 |192 -0.10598 -2.27354e+03
193  0.04765 -2.28193e+03 |194  0.20966 -2.30816e+03 |195 -0.32540 -2.23883e+03
196  0.20240 -2.24438e+03 |197  0.15976 -2.30109e+03 |198 -0.27216 -2.25647e+03
199 -0.04242 -2.64055e+03 |200  0.04028 -2.36881e+03 |201  0.00114 -2.24751e+03
202 -0.01152 -2.39443e+03 |203  0.04728 -2.57115e+03 |204 -0.02239 -2.56839e+03
205  0.00369 -3.13529e+03 |206 -0.00452 -3.09388e+03 |207 -0.03624 -4.01671e+03
208  0.03491 -4.43525e+03 |209 -0.03647 -4.08213e+03 |210 -0.10790 -4.18649e+03
211  0.14162 -4.57560e+03 |212 -0.02336 -5.46109e+03 |213  0.06671 -5.39886e+03
214 -0.08597 -5.51382e+03 |215  0.01404 -5.58244e+03 |216  0.00926 -5.36502e+03
217 -0.00531 -4.81836e+03 |218  0.00879 -5.01740e+03 |219 -0.00676 -4.79962e+03
220  0.01518 -5.14316e+03 |221 -0.03782 -5.80087e+03 |222  0.05853 -5.39017e+03
223 -0.04730 -5.84966e+03 |224  0.04962 -5.88926e+03 |225  0.00718 -5.96600e+03
226 -0.05003 -6.11965e+03 |227  0.00299 -6.27521e+03 |228  0.02152 -5.86489e+03
229 -0.01573 -6.08783e+03 |230 -0.00371 -6.71963e+03 |231  0.01706 -6.59947e+03
232 -0.00121 -6.78457e+03 |233 -0.01296 -7.21047e+03 |234 -0.00082 -7.43607e+03
235 -0.00515 -8.05502e+03 |236  0.00204 -7.44976e+03 |237  0.00039 -6.79544e+03
238 -0.00617 -6.53407e+03 |239 -0.00287 -5.90974e+03 |240  0.00472 -5.55729e+03
241  0.01125 -5.69707e+03 |242 -0.01331 -5.67350e+03 |243 -0.00021 -5.23387e+03
244  0.00748 -5.54470e+03 |245  0.01010 -4.38916e+03 |246  0.00586 -4.06109e+03
247 -0.01896 -4.19678e+03 |248  0.00171 -3.95217e+03 |249  0.01507 -3.67689e+03
250 -0.00665 -3.70799e+03 |251 -0.01185 -3.54247e+03 |252  0.00088 -2.45747e+03
253 -0.03374 -1.47733e+03 |254  0.06918  2.49877e+02 |255 -0.07572  5.19135e+01
256  0.03959  4.49726e+02 |257  0.00198  4.08650e+01 |258  0.00004 -1.65966e+04
259 -0.03714 -1.55391e+04 |260  0.05381 -1.46846e+04 |261 -0.03215 -1.49358e+04
262  0.01500 -1.49923e+04 |263  0.03463 -1.43735e+04 |264 -0.04272 -1.42645e+04
265  0.00695 -1.42916e+04 |266 -0.00581 -1.41106e+04 |267  0.00003 -1.43472e+04
268 -0.02201 -1.42171e+04 |269  0.00805 -1.39746e+04 |270  0.01515 -1.40694e+04
271 -0.00240 -1.44330e+04 |272 -0.02067 -1.43135e+04 |273  0.02474 -1.49785e+04
274 -0.00482 -1.49961e+04 |275 -0.00010 -1.59558e+04 |276 -0.02684 -1.49525e+04
277  0.03884 -1.41018e+04 |278  0.10822 -1.38445e+04 |279 -0.14610 -1.42312e+04
280  0.03490 -1.31553e+04 |281 -0.00808 -1.31601e+04 |282  0.02689 -1.27161e+04
283 -0.02532 -1.28532e+04 |284 -0.00907 -1.27031e+04 |285  0.01276 -1.20100e+04
286 -0.01139 -1.19049e+04 |287  0.01861 -1.12065e+04 |288 -0.02226 -1.13667e+04
289  0.01120 -1.13141e+04 |290 -0.02149 -1.06828e+04 |291  0.03471 -1.06210e+04
292 -0.03498 -1.08535e+04 |293  0.02884 -1.10014e+04 |294  0.01020 -1.10588e+04
295 -0.01371 -1.14168e+04 |296 -0.01163 -1.06603e+04 |297  0.01679 -9.82360e+03
298 -0.00613 -1.05003e+04 |299 -0.02816 -1.02149e+04 |300  0.01812 -9.34439e+03
301  0.01588 -8.94947e+03 |302 -0.00220 -9.12782e+03 |303 -0.01040 -9.39982e+03
304 -0.00003 -8.53263e+03 |305 -0.00219 -7.54130e+03 |306  0.01435 -6.63158e+03
307 -0.00019 -6.27781e+03 |308 -0.00775 -6.12881e+03 |309  0.00167 -5.95635e+03
310  0.00130 -5.93482e+03 |311  0.01399 -5.17866e+03 |312 -0.01632 -6.08781e+03
313  0.00529 -5.21927e+03 |314  0.00998 -4.66466e+03 |315 -0.01005 -4.91802e+03
316  0.00454 -4.30548e+03 |317 -0.00309 -4.38667e+03 |318  0.00101 -4.14617e+03
319 -0.00250 -3.80356e+03 |320  0.00258 -2.66654e+03 |321  0.03064 -1.73922e+03
322 -0.03637 -5.52547e+02 |323  0.04114 -2.21140e+02 |324 -0.03930  1.09851e+02
325 -0.01135 -3.14240e+02 |
325 variables; iteration 320; function evaluation 353; phase 5
Function value 4.0291972e+03; maximum gradient component mag -1.3782e+04
Var    Value     Gradient |Var    Value     Gradient |Var    Value     Gradient
  1 -0.05865 -1.15610e+04 |  2  1.75743 -1.52496e+01 |  3  1.78727 -2.64900e+01
  4  1.86291 -6.94389e+01 |  5 -0.00272  1.84340e+01 |  6 -2.12179  4.01249e+00
  7  0.12182 -4.26909e+01 |  8 -0.18321  4.33992e+00 |  9 -2.19443 -1.31142e+02
 10 -0.13940  2.69151e+01 | 11  0.24914 -1.13027e+02 | 12  0.03734  6.12228e+00
 13 -1.17641  1.37799e+01 | 14 -0.25350 -4.86997e+00 | 15 -0.42738  3.82396e+00
 16  0.31735 -1.13552e+02 | 17 -0.12184  5.31167e+01 | 18 -0.14162  1.40317e+01
 19 -0.05217 -8.29707e+01 | 20  0.06578 -4.15399e+00 | 21 -0.16950  1.03191e+02
 22  0.11729 -1.80199e+02 | 23 -0.89380 -1.00829e+01 | 24  0.05458 -6.20448e+01
 25 -0.10367 -1.14635e+02 | 26  0.13277 -2.13994e+01 | 27 -0.26439  8.22069e+00
 28  0.02975 -5.67823e+01 | 29  0.07039 -3.49692e+02 | 30 -0.03944  1.06313e+02
 31 -0.11232  8.58172e+01 | 32  0.10521  4.41584e+01 | 33  0.07395  9.91879e+00
 34  0.11710  5.44365e+01 | 35  0.05654 -5.31067e+01 | 36  0.03200  9.36790e+01
 37  0.00339  1.33259e+02 | 38  0.09030 -1.53329e+01 | 39 -0.11109  1.01823e+02
 40  0.27409  3.36771e+00 | 41 -0.14473 -8.82511e+01 | 42  0.14071  1.18164e+02
 43 -0.03683 -1.78713e+01 | 44  0.22840  2.83392e+02 | 45 -0.00515  7.41901e+01
 46 -0.00865 -5.31585e+01 | 47  0.02045 -8.62993e+01 | 48 -0.07521 -6.24362e+01
 49  0.15941  3.41862e+02 | 50  0.05383  9.39174e+01 | 51  0.02428 -5.21002e+01
 52  0.07060  3.83008e+02 | 53  0.00460  1.37673e+02 | 54  0.11026 -4.43685e+02
 55  0.02949 -2.30612e+02 | 56 -0.02552 -7.00622e+01 | 57 -0.03752 -2.22655e+02
 58  0.11957  1.04161e+01 | 59 -0.00538 -3.38590e+01 | 60  0.04521 -9.90488e+01
 61  0.04514  1.09808e+02 | 62  0.11075  1.71399e+02 | 63  0.11884 -4.91265e+02
 64 -0.02487  4.23725e+01 | 65  0.00768 -2.55433e+02 | 66  0.05720 -5.71497e+02
 67  0.03397 -1.99780e+02 | 68 -0.01782 -3.13812e+01 | 69  0.06734  1.31319e+02
 70  0.04516  2.12992e+02 | 71  0.17667 -5.48055e+01 | 72 -0.06918 -1.75124e+02
 73  0.00939  3.70567e+02 | 74 -0.00935  1.35523e+02 | 75  0.04941  1.16342e+02
 76 -0.04154 -5.96066e+01 | 77  0.06652  1.52962e+02 | 78  2.41426 -2.58474e+01
 79 -0.67167  2.40666e+01 | 80 -0.77633  1.17085e+02 | 81 -0.74223  1.51804e+01
 82 -0.81466 -1.80903e+01 | 83 -0.87348 -4.13423e+01 | 84 -0.83334 -8.31601e-01
 85 -1.16501 -8.95283e+01 | 86 -0.81644  8.35250e+01 | 87 -0.70412  7.81277e+01
 88 -0.86886 -3.73580e+01 | 89 -0.92008 -1.12447e+01 | 90 -1.16748 -1.32453e+01
 91 -0.78763  6.39072e+01 | 92 -1.23602 -1.19928e+02 | 93 -1.23609 -1.49069e+02
 94 -0.84357 -4.47806e+01 | 95 -0.84086 -6.78584e+01 | 96 -0.79468 -1.73088e+01
 97 -0.87339 -9.93317e+01 | 98 -0.85397 -5.03585e+01 | 99 -0.83250  2.69268e+02
100 -1.08556  1.44821e+02 |101 -0.93343 -1.87570e+02 |102  0.46441 -2.41329e+02
103 -0.34230 -3.03511e+02 |104  0.20467 -3.13793e+03 |105  0.08507 -1.10526e+03
106 -0.16675 -8.18494e+01 |107 -0.21338 -3.40380e+02 |108 -0.16646  1.51435e+02
109 -0.00074 -2.89062e+03 |110  0.17344 -8.14944e+02 |111 -0.04246 -2.02252e+03
112  0.17501 -6.46078e+02 |113 -0.16078 -3.87489e+01 |114  0.52871  3.44482e-03
115 -0.05861  1.68521e+02 |116 -0.33050  8.97882e+02 |117 -0.18187  1.03165e+02
118 -0.30792  1.07147e+02 |119 -0.19806  1.32748e+02 |120  1.88740 -1.41269e+02
121  2.15259 -1.40040e+02 |122 -0.02402 -1.35377e+03 |123 -0.02554 -1.32076e+03
124  0.07775 -1.28419e+03 |125  0.06430 -1.28158e+03 |126 -0.20539 -1.28394e+03
127  0.15259 -1.23048e+03 |128  0.13023 -1.24443e+03 |129  0.13601 -1.24067e+03
130  0.02539 -1.29554e+03 |131  0.02444 -1.29585e+03 |132  0.04997 -1.28655e+03
133 -0.45464 -1.06223e+03 |134 -0.03972 -1.32130e+03 |135  0.04579 -1.18677e+03
136 -0.02093 -1.12905e+03 |137 -0.01283 -1.17172e+03 |138  0.04846 -1.09985e+03
139  0.00692 -1.20444e+03 |140 -0.02235 -1.18892e+03 |141 -0.01306 -1.21304e+03
142 -0.00361 -1.12475e+03 |143  0.10829 -1.01161e+03 |144 -0.02120 -1.06542e+03
145 -0.04061 -1.07356e+03 |146 -0.01348 -1.15075e+03 |147 -0.01137 -1.18951e+03
148 -0.02105 -1.37108e+03 |149  0.00744 -1.21038e+03 |150  0.03490 -1.15776e+03
151  0.14511 -1.11439e+03 |152  0.13810 -1.11913e+03 |153  0.19239 -1.08170e+03
154 -0.07737 -1.19000e+03 |155  0.09975 -1.14113e+03 |156 -0.13363 -1.18591e+03
157 -0.25229 -1.14429e+03 |158 -0.15110 -1.18846e+03 |159 -0.02450 -1.17427e+03
160  0.00918 -9.91379e+02 |161  0.03109 -9.36595e+02 |162 -0.00865 -9.55805e+02
163  0.03943 -1.03892e+03 |164 -0.03274 -1.07532e+03 |165 -0.01426 -1.08749e+03
166  0.03435 -1.17387e+03 |167 -0.01398 -1.26130e+03 |168  0.10784 -1.30372e+03
169 -0.13033 -1.35789e+03 |170 -0.01106 -1.34253e+03 |171 -0.00096 -1.28524e+03
172  0.03339 -1.29948e+03 |173 -0.05260 -1.33552e+03 |174  0.05730 -1.14326e+03
175  0.09455 -1.32320e+03 |176  0.09225 -1.34824e+03 |177 -0.02464 -1.39024e+03
178 -0.00476 -1.38634e+03 |179  0.03939 -1.37285e+03 |180 -0.24719 -1.33714e+03
181 -0.01037 -1.19736e+03 |182  0.00486 -1.01357e+03 |183  0.00698 -6.72566e+02
184  0.00674 -3.22390e+02 |185  0.01464  1.67215e+02 |186  0.00520  1.66272e+02
187  0.00095  1.00930e+02 |188 -0.02820  2.89380e+01 |189  0.01425  2.64036e+01
190  0.15079 -1.39543e+03 |191  0.06211 -1.50689e+03 |192 -0.09920 -1.63854e+03
193  0.05327 -1.76457e+03 |194  0.20745 -1.88575e+03 |195 -0.31737 -1.85836e+03
196  0.19407 -1.88643e+03 |197  0.16888 -1.91489e+03 |198 -0.28706 -1.88464e+03
199 -0.03608 -2.11482e+03 |200  0.03994 -2.02829e+03 |201 -0.00727 -2.01581e+03
202 -0.00550 -2.29374e+03 |203 -0.02531 -2.62868e+03 |204  0.04915 -2.25343e+03
205 -0.00740 -3.31168e+03 |206 -0.00659 -3.26829e+03 |207 -0.02698 -3.77339e+03
208  0.03742 -3.85248e+03 |209 -0.04279 -3.66770e+03 |210 -0.09365 -3.54241e+03
211  0.12952 -3.80261e+03 |212 -0.01970 -4.67425e+03 |213  0.06741 -4.55047e+03
214 -0.08245 -4.67052e+03 |215  0.01278 -4.43797e+03 |216  0.00100 -4.18080e+03
217  0.00210 -3.53535e+03 |218  0.00565 -3.87173e+03 |219 -0.01123 -3.89130e+03
220  0.00940 -3.43770e+03 |221 -0.01758 -3.55638e+03 |222  0.04854 -3.28783e+03
223 -0.04478 -3.62017e+03 |224  0.04526 -3.73790e+03 |225 -0.00307 -3.71785e+03
226 -0.02596 -3.92187e+03 |227 -0.00996 -4.25035e+03 |228 -0.00014 -3.87537e+03
229  0.00712 -3.23456e+03 |230  0.00069 -3.77248e+03 |231  0.00081 -3.89254e+03
232  0.01205 -3.87945e+03 |233 -0.02273 -4.33870e+03 |234  0.00717 -4.45842e+03
235  0.00054 -4.78089e+03 |236 -0.00265 -4.60686e+03 |237  0.00380 -4.46888e+03
238 -0.01059 -4.65534e+03 |239  0.00174 -4.00792e+03 |240 -0.00067 -3.77613e+03
241  0.01053 -3.60954e+03 |242 -0.01489 -3.62700e+03 |243  0.00366 -3.35261e+03
244  0.01147 -3.49706e+03 |245  0.01135 -2.79397e+03 |246  0.00408 -2.84444e+03
247 -0.03090 -2.97995e+03 |248  0.01400 -2.48648e+03 |249  0.00568 -2.51895e+03
250 -0.00361 -2.36623e+03 |251 -0.00939 -2.26904e+03 |252  0.00127 -1.24511e+03
253 -0.02016 -3.56442e+02 |254  0.05977  3.92041e+02 |255 -0.07252  2.28298e+02
256  0.02663  3.16285e+02 |257  0.01140  2.26118e+02 |258 -0.00447 -1.37815e+04
259 -0.03443 -1.34487e+04 |260  0.04715 -1.29219e+04 |261 -0.03451 -1.31173e+04
262  0.02348 -1.32189e+04 |263  0.01929 -1.29003e+04 |264 -0.02895 -1.27646e+04
265  0.00519 -1.27758e+04 |266 -0.00929 -1.28893e+04 |267  0.00378 -1.29686e+04
268 -0.02057 -1.29166e+04 |269  0.00664 -1.27229e+04 |270  0.01208 -1.26842e+04
271  0.00433 -1.31256e+04 |272 -0.02606 -1.29268e+04 |273  0.02090 -1.36091e+04
274 -0.00024 -1.32097e+04 |275  0.00029 -1.37626e+04 |276 -0.02357 -1.29130e+04
277  0.03965 -1.20528e+04 |278  0.09665 -1.18178e+04 |279 -0.13887 -1.20765e+04
280  0.03444 -1.08800e+04 |281 -0.00570 -1.08952e+04 |282  0.01573 -1.03914e+04
283 -0.02368 -1.01210e+04 |284  0.00078 -9.64589e+03 |285  0.01006 -8.89328e+03
286 -0.00719 -8.88984e+03 |287  0.01266 -8.45125e+03 |288 -0.01733 -7.94675e+03
289  0.00497 -7.40303e+03 |290 -0.01546 -6.78807e+03 |291  0.03787 -7.14756e+03
292 -0.04010 -7.79310e+03 |293  0.02908 -7.70132e+03 |294 -0.00205 -7.79522e+03
295  0.00170 -8.04265e+03 |296 -0.01144 -7.65250e+03 |297  0.01109 -6.28895e+03
298 -0.00432 -6.83248e+03 |299 -0.01147 -6.74544e+03 |300  0.00487 -6.30831e+03
301  0.01876 -6.07311e+03 |302 -0.01218 -6.56879e+03 |303 -0.00944 -6.38777e+03
304  0.00716 -5.44265e+03 |305  0.00097 -4.99893e+03 |306  0.00608 -4.81056e+03
307 -0.00187 -4.37927e+03 |308 -0.00709 -4.19157e+03 |309  0.01081 -3.72756e+03
310  0.00013 -4.43177e+03 |311  0.00461 -4.15718e+03 |312 -0.01434 -4.73327e+03
313  0.00798 -4.02852e+03 |314  0.00852 -3.75456e+03 |315 -0.00375 -4.00012e+03
316 -0.00378 -3.41551e+03 |317 -0.00206 -3.53821e+03 |318  0.00447 -3.04936e+03
319 -0.00466 -2.95401e+03 |320  0.00395 -1.89249e+03 |321  0.02104 -1.15611e+03
322 -0.02741 -9.77454e+02 |323  0.03590 -6.87996e+02 |324 -0.03564 -6.61657e+02
325 -0.01840 -7.53411e+02 |
325 variables; iteration 340; function evaluation 382; phase 5
Function value 3.7373519e+03; maximum gradient component mag -7.1281e+03
Var    Value     Gradient |Var    Value     Gradient |Var    Value     Gradient
  1 -0.05238 -5.99435e+03 |  2  1.78065  9.87221e+00 |  3  1.78872  1.49435e+01
  4  1.94215 -4.48717e+00 |  5 -0.01546 -6.38440e+00 |  6 -2.09080  7.96177e+01
  7  0.09915 -1.09707e+02 |  8 -0.18124 -7.55114e+00 |  9 -2.15658  7.84890e+01
 10 -0.25118 -4.76183e+01 | 11  0.27432  8.03639e+01 | 12  0.02863 -5.39882e+00
 13 -1.15829  2.24143e+01 | 14 -0.17164  3.30255e+00 | 15 -0.42752 -2.48221e+01
 16  0.28979 -2.06189e+02 | 17 -0.10533  6.06073e+00 | 18 -0.09273  6.61296e+01
 19 -0.01852 -3.21910e+00 | 20  0.04566  8.83663e+01 | 21 -0.16393  1.36608e+01
 22  0.09912  9.80047e+00 | 23 -0.34092 -7.65774e+01 | 24  0.05310 -4.87905e+01
 25 -0.06324  2.93070e+01 | 26  0.11601  7.08604e+00 | 27 -0.24463 -2.23563e+01
 28  0.02653  2.99066e+01 | 29  0.10100 -2.11931e+01 | 30 -0.03445  5.87495e+01
 31 -0.10025  7.87419e+01 | 32  0.04499 -9.77872e+01 | 33  0.08960  5.22411e+01
 34  0.05311 -9.25741e+01 | 35  0.08220  4.42486e+01 | 36 -0.05088 -4.15866e+01
 37  0.00210  7.67681e+00 | 38  0.10034  5.94859e+00 | 39 -0.10198  1.71404e+01
 40  0.25694 -1.37086e+02 | 41 -0.10272 -8.63075e+01 | 42  0.12132  6.86813e-01
 43 -0.01974  1.08403e+02 | 44  0.20867  4.04483e+01 | 45  0.00220  1.40527e+02
 46 -0.00955  4.40753e+01 | 47  0.02304  1.99246e+02 | 48 -0.05607  1.21965e+02
 49  0.14669  2.48074e+02 | 50  0.03348 -3.74217e+00 | 51  0.02090  2.55328e+01
 52  0.04266  7.07894e+00 | 53 -0.01904 -7.28810e+01 | 54  0.11104  6.06719e+01
 55  0.03599  1.17354e+02 | 56 -0.02772  1.19859e+01 | 57 -0.03654 -5.88901e+01
 58  0.10615 -7.76003e+01 | 59 -0.00593  7.77290e+01 | 60  0.03733 -1.40707e+01
 61  0.03112 -2.16568e+01 | 62  0.09335 -7.69132e+01 | 63  0.11738 -1.50079e+02
 64 -0.03971 -1.72831e+01 | 65  0.00781 -3.14940e+01 | 66  0.06178 -3.86111e+01
 67  0.03426  4.08852e+01 | 68 -0.03786 -2.16002e+02 | 69  0.05698  3.99228e+01
 70  0.02707  9.98522e+00 | 71  0.16969  4.11497e+01 | 72 -0.05703 -1.84309e+01
 73 -0.01181 -2.02960e+01 | 74 -0.01544  3.09787e+01 | 75  0.04187  1.28063e+02
 76 -0.03160  4.20093e+01 | 77  0.04776  5.00664e+00 | 78  2.39843 -1.06816e+02
 79 -0.82518 -8.52423e+01 | 80 -0.80335  2.26856e+01 | 81 -0.69634  2.84275e+01
 82 -0.76460  1.03159e+01 | 83 -0.82846 -3.98633e+01 | 84 -0.85875 -4.28373e+01
 85 -1.15209 -2.78269e+01 | 86 -0.83823  3.02020e-01 | 87 -0.72654  3.76621e+01
 88 -0.85390 -3.42241e+01 | 89 -1.14649  1.07671e+01 | 90 -1.20875 -2.85010e+01
 91 -0.86390 -2.19755e+01 | 92 -1.20938 -4.47813e+01 | 93 -1.17344  1.63073e+01
 94 -0.78475  1.81093e+01 | 95 -0.80299 -1.26964e+01 | 96 -0.78139  1.39304e+01
 97 -0.84331 -7.35219e+00 | 98 -0.82986  5.88759e+01 | 99 -0.86373  1.46531e+01
100 -1.10142  4.41388e+01 |101 -0.91619 -1.25185e+02 |102  0.27444 -2.15286e+01
103 -0.23722 -1.33551e+02 |104  0.17540 -1.64642e+03 |105  0.08786 -1.51590e+02
106 -0.16721  2.56162e+02 |107 -0.20777  1.00784e+02 |108 -0.16982  1.72325e+02
109  0.00079 -9.29938e+02 |110  0.16923 -4.97000e+02 |111 -0.03516 -9.23793e+02
112  0.18353 -2.13275e+02 |113 -0.21488 -4.76787e+01 |114  0.50772  3.16627e-03
115 -0.05712  1.27798e+02 |116 -0.33901  8.24795e+02 |117 -0.17917  4.88237e+02
118 -0.29538  2.49835e+01 |119 -0.21995  5.32534e+01 |120  1.90987 -5.33353e+01
121  2.17857 -3.88609e+01 |122  0.05996 -8.35979e+01 |123 -0.05882 -1.05629e+02
124  0.09647 -6.64858e+01 |125  0.11606 -6.01430e+01 |126 -0.01181 -9.25311e+01
127  0.06222 -7.39512e+01 |128 -0.06632 -1.05394e+02 |129  0.10450 -6.31055e+01
130  0.10467 -6.30604e+01 |131  0.11303 -6.09169e+01 |132 -0.08698 -1.09994e+02
133 -0.43644 -1.46362e+02 |134  0.00619 -1.13266e+02 |135 -0.02800 -1.45715e+02
136  0.01939 -9.72981e+00 |137 -0.01847 -5.49240e+01 |138  0.00562 -1.97928e+01
139  0.03227 -4.68822e+01 |140 -0.01421  6.99091e+00 |141 -0.00963 -1.71228e+01
142  0.00484 -7.83041e+00 |143  0.07885 -1.19573e+01 |144  0.04645 -2.81351e+01
145 -0.10778 -6.67886e+01 |146 -0.01833 -1.23575e+02 |147 -0.00997  7.99887e+00
148  0.03576 -7.39706e+01 |149 -0.00704 -9.94479e+01 |150  0.02556 -9.75314e+01
151  0.16147 -7.48707e+01 |152  0.12755 -8.38270e+01 |153  0.06404 -1.00514e+02
154 -0.02323 -1.22448e+02 |155  0.11937 -8.59859e+01 |156 -0.15710 -1.50470e+02
157 -0.30700 -1.68020e+02 |158 -0.00374 -1.78977e+02 |159 -0.07268 -1.96874e+02
160  0.00091 -1.78432e+01 |161  0.03199 -2.71175e+01 |162  0.00335 -1.81668e+00
163  0.05541 -5.83953e+01 |164 -0.03838 -1.03022e+02 |165 -0.03171 -1.12341e+02
166  0.03770 -5.82662e+01 |167 -0.01409 -1.39344e+02 |168  0.12484 -1.72919e+02
169 -0.09960 -2.31641e+02 |170 -0.04489 -2.43755e+02 |171 -0.00372 -2.71710e+02
172  0.01679 -3.80609e+02 |173 -0.02562 -3.72433e+02 |174  0.02107 -4.03017e+02
175  0.17194 -4.85142e+02 |176  0.06917 -5.25739e+02 |177 -0.01940 -5.50422e+02
178 -0.03903 -5.54474e+02 |179 -0.01103 -5.48532e+02 |180 -0.17132 -5.67100e+02
181 -0.02136 -5.19426e+02 |182  0.00432 -4.42040e+02 |183 -0.00011 -2.55720e+02
184  0.01259 -6.54985e+01 |185 -0.00754  1.06272e+02 |186  0.02419  1.55964e+02
187 -0.01695  8.72839e+01 |188 -0.01334  5.81048e+01 |189  0.01931  4.89479e+01
190  0.10086 -5.65502e+02 |191  0.08221 -3.84875e+02 |192 -0.09445 -5.35842e+02
193  0.07697 -7.27502e+02 |194  0.18609 -1.10083e+03 |195 -0.32477 -1.10966e+03
196  0.16549 -1.10911e+03 |197  0.18533 -1.10299e+03 |198 -0.26939 -1.14979e+03
199 -0.03072 -1.28496e+03 |200  0.03037 -1.22634e+03 |201 -0.00095 -1.18619e+03
202 -0.01689 -1.35411e+03 |203  0.01176 -8.74475e+02 |204  0.01154 -1.11537e+03
205 -0.00036 -1.16458e+03 |206 -0.00642 -1.28402e+03 |207 -0.03266 -1.37367e+03
208  0.04535 -8.42431e+02 |209 -0.03671 -1.01773e+03 |210 -0.04562 -1.02194e+03
211  0.07151 -9.65105e+02 |212 -0.01141 -1.24869e+03 |213  0.08136 -1.31815e+03
214 -0.10194 -1.43727e+03 |215  0.02375 -1.52531e+03 |216 -0.01080 -1.55743e+03
217  0.00268 -1.56784e+03 |218 -0.00224 -1.34169e+03 |219  0.00881 -1.36438e+03
220 -0.00281 -1.45523e+03 |221 -0.00690 -1.56422e+03 |222  0.03224 -1.91533e+03
223 -0.03509 -2.04586e+03 |224  0.04155 -2.15765e+03 |225 -0.03543 -2.07187e+03
226 -0.00908 -1.98857e+03 |227  0.01823 -2.06579e+03 |228  0.00081 -1.95170e+03
229 -0.01207 -2.43299e+03 |230  0.00633 -2.29902e+03 |231 -0.00442 -2.36603e+03
232  0.00513 -2.54153e+03 |233 -0.00819 -2.46618e+03 |234 -0.00518 -2.30365e+03
235  0.01264 -2.03919e+03 |236 -0.00457 -2.20723e+03 |237 -0.00192 -2.37416e+03
238  0.00275 -2.12324e+03 |239 -0.00379 -1.95437e+03 |240 -0.00821 -1.77008e+03
241  0.01522 -1.76339e+03 |242 -0.01191 -1.72024e+03 |243  0.00682 -1.77217e+03
244  0.01045 -1.88622e+03 |245  0.00446 -1.68266e+03 |246 -0.00805 -1.58788e+03
247 -0.02274 -1.58710e+03 |248  0.01608 -1.29146e+03 |249  0.01139 -9.29333e+02
250 -0.00755 -9.21702e+02 |251 -0.00267 -8.67470e+02 |252  0.00039 -6.34176e+02
253 -0.00351 -2.72962e+02 |254  0.01554 -2.88359e+01 |255 -0.07826 -2.19261e+02
256  0.05680 -3.65153e+02 |257  0.00280 -1.03198e+02 |258  0.00307 -7.12814e+03
259 -0.03049 -6.10114e+03 |260  0.04232 -5.54670e+03 |261 -0.05159 -5.73930e+03
262  0.04753 -4.05825e+03 |263  0.01572 -4.12695e+03 |264 -0.02369 -4.03892e+03
265 -0.00314 -4.04844e+03 |266 -0.01184 -3.96568e+03 |267  0.01037 -4.02284e+03
268 -0.01863 -4.28178e+03 |269 -0.00127 -4.01436e+03 |270  0.01213 -3.57854e+03
271  0.00290 -3.07024e+03 |272 -0.02274 -3.16155e+03 |273  0.02484 -2.84357e+03
274 -0.00411 -3.02484e+03 |275  0.01299 -3.39276e+03 |276 -0.03479 -3.34445e+03
277  0.03538 -2.71495e+03 |278  0.04289 -2.51092e+03 |279 -0.07697 -2.51719e+03
280  0.02925 -1.23737e+03 |281  0.00026 -1.25468e+03 |282  0.00612 -1.30662e+03
283 -0.02297 -1.28343e+03 |284  0.00917 -1.05180e+03 |285  0.00498 -5.63357e+02
286 -0.00024 -6.38273e+02 |287  0.00406 -5.17532e+02 |288 -0.00684 -7.76077e+02
289  0.00534 -5.89566e+02 |290 -0.02346 -7.21890e+02 |291  0.03095 -4.39472e+02
292 -0.03512 -6.89545e+02 |293  0.03154 -3.67953e+02 |294  0.01179 -4.58793e+02
295 -0.01439 -7.94956e+02 |296  0.00194 -5.94102e+02 |297 -0.00234 -8.20849e+02
298  0.00049 -6.90910e+02 |299 -0.00479 -1.00256e+03 |300 -0.00314 -1.11098e+03
301  0.01222 -9.51225e+02 |302  0.00039 -1.11490e+03 |303 -0.00913 -1.14955e+03
304  0.00280 -1.31884e+03 |305 -0.00076 -1.40443e+03 |306  0.00134 -1.51500e+03
307 -0.00197 -1.32723e+03 |308  0.00611 -1.09185e+03 |309 -0.00988 -1.26795e+03
310  0.01251 -1.10966e+03 |311 -0.00517 -1.25959e+03 |312 -0.00618 -1.32619e+03
313  0.00866 -1.05643e+03 |314  0.00470 -1.02918e+03 |315  0.00810 -1.03045e+03
316 -0.01446 -8.28793e+02 |317  0.00004 -6.82665e+02 |318  0.00365 -5.40223e+02
319 -0.00222 -5.72368e+02 |320  0.00155 -3.44603e+02 |321  0.00178 -7.11779e+01
322 -0.00603  5.03917e+01 |323  0.06706  7.87621e+01 |324 -0.07263 -1.34951e+02
325 -0.00295  1.32262e+02 |
325 variables; iteration 360; function evaluation 403; phase 5
Function value 3.4121240e+03; maximum gradient component mag -6.5311e+03
Var    Value     Gradient |Var    Value     Gradient |Var    Value     Gradient
  1 -0.04157 -2.76610e+03 |  2  2.00694  1.33888e+01 |  3  1.78803 -2.69559e+01
  4  2.02517  3.04822e+00 |  5 -0.08043 -1.60195e+01 |  6 -2.08683  2.06919e+01
  7  0.08990 -7.98601e+01 |  8 -0.20499 -2.62201e+01 |  9 -2.13155  1.23805e+01
 10 -0.25031 -3.64108e+01 | 11  0.23655 -6.37762e+01 | 12  0.02739  1.41675e+00
 13 -1.62561  2.39682e+01 | 14 -0.13898  1.97971e+01 | 15 -0.20932  4.11912e+00
 16  0.25953 -1.98823e+02 | 17 -0.01204  2.32431e+00 | 18 -0.12502  2.92069e+00
 19 -0.02524 -7.33690e+00 | 20  0.01549 -1.97634e+01 | 21 -0.14812  8.26856e+00
 22  0.05940 -4.19855e+01 | 23 -0.09712  1.31684e+01 | 24 -0.01697 -2.21342e+01
 25  0.02328  2.92789e+01 | 26  0.04348 -5.98769e+01 | 27 -0.13357  2.69202e+01
 28  0.02349 -3.18201e+01 | 29  0.06462 -4.78192e+01 | 30 -0.07465 -1.09447e+01
 31 -0.21586 -1.13383e+01 | 32  0.05250 -1.42332e+01 | 33  0.07222 -3.61086e+01
 34  0.05556 -5.50366e+01 | 35  0.05261 -6.76285e+01 | 36 -0.03532  7.10869e-01
 37  0.00710  4.29308e+00 | 38  0.07495 -3.78238e+01 | 39 -0.09646  2.12226e+01
 40  0.23791 -6.95063e+01 | 41 -0.04435 -2.99809e+01 | 42  0.10687  3.10956e+01
 43 -0.04799  1.06240e+01 | 44  0.19382 -1.18180e+01 | 45 -0.02189  3.38477e+01
 46 -0.02000  5.14500e+01 | 47 -0.00317 -7.21487e+00 | 48 -0.07640  1.88404e+01
 49  0.12435 -5.67612e+01 | 50  0.02306 -1.72300e+00 | 51  0.00394 -4.10934e+01
 52  0.03081  6.20334e+00 | 53 -0.02725 -5.79599e+01 | 54  0.09539  9.16699e+00
 55  0.01687  2.83542e+01 | 56 -0.04259  1.26100e+00 | 57 -0.05057 -4.10123e+01
 58  0.09238  4.24499e+00 | 59 -0.02509  1.98537e+01 | 60  0.02472  2.80636e+01
 61  0.01579  8.27421e+00 | 62  0.08427  1.50798e+02 | 63  0.10808  9.47427e+01
 64 -0.04952  5.79859e+01 | 65 -0.00678  3.00397e+01 | 66  0.05287  1.62072e+02
 67  0.01694  6.05206e+01 | 68 -0.03287  6.64810e+01 | 69  0.04067  4.70215e+01
 70  0.01895  4.75381e+01 | 71  0.15735  5.88566e+01 | 72 -0.06833  1.40860e+01
 73 -0.02452  3.12257e+01 | 74 -0.03254  1.27884e+01 | 75  0.02373  8.26961e+01
 76 -0.04995  1.61241e+01 | 77  0.03435 -1.91160e+01 | 78  2.52503 -2.25863e+01
 79 -0.66766  8.15130e-01 | 80 -0.80959 -7.43905e+00 | 81 -0.69841  6.54010e+00
 82 -0.77272 -1.81077e+01 | 83 -0.77911 -1.08147e+01 | 84 -0.82483 -7.59811e+00
 85 -1.14593  2.54047e+01 | 86 -0.83283 -1.31092e+01 | 87 -0.75825 -2.05332e+01
 88 -0.83023 -2.70868e+01 | 89 -1.18772  1.23007e+01 | 90 -1.18792  2.38961e+01
 91 -0.81362 -1.95415e+01 | 92 -1.18892  1.34755e+01 | 93 -1.19486 -4.08626e+00
 94 -0.80034 -2.83176e+01 | 95 -0.78884  1.49521e+01 | 96 -0.78662  2.20287e-01
 97 -0.84607 -8.74837e+00 | 98 -0.83766  1.48138e+01 | 99 -0.86072  2.64844e+01
100 -1.10833 -1.29681e+01 |101 -0.89668  1.53984e+01 |102 -0.10739  3.00146e+00
103 -0.24885 -4.84454e+02 |104  0.18508 -1.50196e+03 |105  0.08901  1.78890e+01
106 -0.16936 -6.97730e+01 |107 -0.20737 -1.03816e+02 |108 -0.17502 -3.39231e+01
109  0.00116  3.27409e+02 |110  0.16777 -1.06779e+02 |111 -0.02746 -2.05880e+02
112  0.16996 -4.97324e+01 |113  0.00842  3.08545e+01 |114  0.42125  4.99441e-04
115 -0.05275  1.16215e+02 |116 -0.34823 -9.76138e+00 |117 -0.18349  2.38300e+02
118 -0.26780  1.50653e+00 |119 -0.25763  1.85397e+01 |120  1.96341  6.49799e+00
121  2.17105 -3.46949e+01 |122  0.12221  4.18743e+01 |123  0.01577  9.34854e+01
124  0.05548  1.03017e+02 |125  0.07126  1.08808e+02 |126 -0.00025  9.18831e+01
127  0.04927  1.03780e+02 |128  0.02174  9.72524e+01 |129  0.07689  1.10063e+02
130  0.03360  1.00092e+02 |131 -0.02332  8.61363e+01 |132  0.03120  9.95204e+01
133 -0.36283  6.05329e+00 |134 -0.00608  1.01319e+02 |135  0.01474  1.18444e+02
136  0.00033  9.42894e+01 |137  0.01075  8.14387e+01 |138 -0.01959  4.93033e+01
139  0.05577  1.04485e+02 |140 -0.03444  6.91310e+01 |141 -0.01824  4.95692e+01
142 -0.00345  6.05159e+01 |143  0.07123  9.19265e+01 |144 -0.01792  6.44825e+01
145 -0.05862  5.20951e+01 |146  0.06827  6.94229e+01 |147 -0.07381 -2.29903e+01
148  0.03190  3.21841e+00 |149  0.06356  1.35289e+01 |150 -0.02269 -3.42889e+01
151 -0.05410 -5.74904e+01 |152 -0.01948 -3.71449e+01 |153  0.03975  7.42569e+01
154  0.06220  1.81891e+02 |155  0.01250  1.60552e+02 |156 -0.01605  9.74531e+01
157 -0.05857  5.78419e+01 |158 -0.00576  1.79226e+01 |159 -0.02243  1.59256e+01
160 -0.01207 -1.83517e+00 |161  0.03005 -6.23545e+01 |162 -0.02064 -7.70922e+01
163  0.01653 -4.88008e+01 |164  0.02676 -2.91085e+01 |165 -0.04843 -6.81249e+01
166  0.01616 -7.76198e+01 |167 -0.00584 -1.18191e+02 |168  0.01590 -1.06269e+02
169  0.01382 -1.78181e+02 |170 -0.03882 -2.12755e+02 |171 -0.00626 -2.54494e+02
172  0.02525 -2.89578e+02 |173 -0.02676 -3.01791e+02 |174  0.00773 -3.86537e+02
175  0.15782 -3.78461e+02 |176  0.15749 -3.82062e+02 |177 -0.22432 -4.56827e+02
178 -0.02921 -4.39256e+02 |179 -0.05990 -4.44958e+02 |180  0.01778 -3.67377e+02
181 -0.02216 -3.86201e+02 |182  0.02001 -3.39894e+02 |183 -0.00999 -3.56460e+02
184 -0.00429 -3.45227e+02 |185 -0.01479 -2.13722e+02 |186  0.00478 -1.32107e+02
187 -0.00083 -1.03220e+02 |188 -0.00569 -2.73508e+01 |189  0.01515  4.05650e+00
190  0.09626 -2.13494e+03 |191  0.06134 -2.10332e+03 |192 -0.08139 -1.99851e+03
193  0.08059 -1.79830e+03 |194  0.14411 -1.83369e+03 |195 -0.29411 -1.77866e+03
196  0.12578 -1.51582e+03 |197  0.20194 -1.48376e+03 |198 -0.23575 -1.55448e+03
199 -0.00013 -1.76684e+03 |200  0.01000 -1.75935e+03 |201  0.00057 -1.76849e+03
202 -0.01096 -1.84125e+03 |203 -0.00534 -1.86124e+03 |204  0.01692 -1.65791e+03
205 -0.00879 -1.63715e+03 |206 -0.00006 -1.67277e+03 |207  0.00158 -1.52206e+03
208  0.00278 -1.46095e+03 |209 -0.01203 -1.77331e+03 |210  0.00883 -1.29175e+03
211  0.00052 -1.18109e+03 |212  0.00065 -1.22739e+03 |213  0.01042 -1.29443e+03
214 -0.02380 -1.35196e+03 |215  0.01556 -1.30670e+03 |216 -0.01317 -1.35981e+03
217  0.00825 -1.21984e+03 |218 -0.00313 -1.17477e+03 |219  0.01001 -1.10319e+03
220 -0.01057 -1.09449e+03 |221 -0.00476 -9.21632e+02 |222  0.03038 -8.17899e+02
223 -0.02656 -9.04886e+02 |224  0.03330 -9.33187e+02 |225 -0.02078 -9.78009e+02
226 -0.00744 -1.10594e+03 |227  0.00659 -1.12883e+03 |228 -0.02328 -1.18458e+03
229  0.01331 -1.05389e+03 |230  0.00917 -1.07219e+03 |231 -0.00886 -1.09761e+03
232  0.00742 -1.09718e+03 |233 -0.00281 -1.10330e+03 |234 -0.00709 -1.23155e+03
235  0.00830 -1.17262e+03 |236 -0.00632 -1.26622e+03 |237  0.00456 -1.16564e+03
238 -0.00005 -1.20952e+03 |239 -0.00504 -1.21190e+03 |240 -0.00553 -1.19895e+03
241  0.01061 -1.19161e+03 |242 -0.01000 -1.16280e+03 |243  0.00328 -1.03264e+03
244  0.01337 -8.63342e+02 |245  0.00492 -7.65214e+02 |246 -0.00974 -6.94459e+02
247 -0.01164 -6.60772e+02 |248  0.01024 -5.85425e+02 |249  0.00232 -4.71556e+02
250 -0.00353 -3.27232e+02 |251 -0.00265 -3.40598e+02 |252  0.00446 -3.18589e+02
253 -0.00488 -1.90158e+02 |254  0.00225 -2.45371e+02 |255 -0.01378 -1.80372e+02
256  0.00519 -7.24762e+01 |257  0.00337 -5.05558e+01 |258  0.00422 -6.53108e+03
259 -0.03176 -6.27928e+03 |260  0.03935 -5.62844e+03 |261 -0.04334 -5.60395e+03
262  0.03533 -5.63518e+03 |263  0.04717 -5.26165e+03 |264 -0.05002 -4.93523e+03
265 -0.00300 -4.98491e+03 |266  0.00341 -4.68492e+03 |267 -0.01158 -4.75305e+03
268 -0.00200 -4.75223e+03 |269 -0.00620 -4.32699e+03 |270  0.01011 -4.16495e+03
271 -0.00135 -4.19330e+03 |272 -0.01360 -4.00199e+03 |273  0.01408 -3.67410e+03
274  0.00176 -3.68141e+03 |275 -0.00042 -3.53098e+03 |276 -0.00589 -3.49988e+03
277  0.00833 -2.96680e+03 |278 -0.00665 -2.51168e+03 |279  0.00527 -2.37937e+03
280  0.00230 -2.34361e+03 |281  0.00298 -2.31975e+03 |282  0.00276 -2.36486e+03
283 -0.01076 -2.33325e+03 |284  0.00958 -2.35783e+03 |285 -0.00630 -2.37730e+03
286  0.00349 -2.36019e+03 |287  0.00238 -2.46801e+03 |288 -0.00211 -2.46257e+03
289 -0.00166 -2.32932e+03 |290 -0.01495 -2.31114e+03 |291  0.01939 -2.17403e+03
292 -0.02362 -2.09131e+03 |293  0.02182 -1.21141e+03 |294  0.00335 -1.10250e+03
295 -0.00067 -1.19459e+03 |296  0.00838 -1.21161e+03 |297 -0.01110 -1.10671e+03
298 -0.00395 -1.09371e+03 |299 -0.00062 -1.07232e+03 |300 -0.00171 -1.06334e+03
301  0.00669 -1.03466e+03 |302  0.00140 -1.11142e+03 |303 -0.00606 -1.08122e+03
304  0.00276 -1.14695e+03 |305 -0.00409 -1.02275e+03 |306  0.00655 -8.84600e+02
307 -0.00098 -8.87162e+02 |308 -0.00091 -8.96256e+02 |309 -0.00354 -8.57077e+02
310  0.00898 -8.20332e+02 |311 -0.00316 -7.39693e+02 |312 -0.00469 -5.81431e+02
313  0.00673 -5.08617e+02 |314  0.00466 -4.66295e+02 |315  0.00186 -4.29461e+02
316 -0.00993 -3.33525e+02 |317  0.00440 -2.05869e+02 |318 -0.00030 -1.55327e+02
319  0.00063 -1.50888e+02 |320 -0.00086 -1.13114e+02 |321  0.00301  3.89037e+01
322 -0.00499 -6.06790e+01 |323  0.00834 -1.13029e+02 |324 -0.01454  2.57744e+01
325 -0.00668 -7.27977e+00 |
325 variables; iteration 380; function evaluation 424; phase 5
Function value 3.2460543e+03; maximum gradient component mag -1.8207e+03
Var    Value     Gradient |Var    Value     Gradient |Var    Value     Gradient
  1 -0.03564 -1.82068e+03 |  2  1.94315 -1.69591e+00 |  3  1.85730 -1.49585e+00
  4  2.00045 -7.84245e+00 |  5 -0.09571 -1.21693e+01 |  6 -2.07418  7.79761e+00
  7  0.06195 -4.65318e+01 |  8 -0.08851 -5.43400e+00 |  9 -2.08274  3.35008e+00
 10 -0.04435 -3.32117e+01 | 11  0.22362 -3.17951e+01 | 12 -0.15583 -4.09182e+00
 13 -1.95680 -1.22256e+01 | 14 -0.16312  1.31179e+01 | 15 -0.17002  7.56433e+00
 16  0.24154 -3.58845e+01 | 17  0.00694 -3.63187e+00 | 18 -0.10822  4.74898e+00
 19 -0.04967 -2.80283e+00 | 20 -0.00897  4.68235e+00 | 21 -0.09738 -1.21397e+00
 22  0.03582 -2.33643e+01 | 23 -0.12885  3.65119e+00 | 24 -0.03229  9.15634e-01
 25  0.02845 -1.22040e+01 | 26  0.02293  6.11403e+00 | 27 -0.11523  3.23698e+00
 28  0.01707 -3.51798e+01 | 29  0.05265 -5.44163e+01 | 30 -0.08425 -1.80273e+01
 31 -0.18905  7.13688e+00 | 32  0.04295 -2.71959e+01 | 33  0.04848 -4.56763e+01
 34  0.06458 -2.22731e+01 | 35  0.03722 -4.78038e+01 | 36 -0.03565 -3.03450e-01
 37 -0.02157 -1.54071e+01 | 38  0.06701 -1.28536e+01 | 39 -0.06865  1.76032e-01
 40  0.21768 -4.72387e+01 | 41  0.02441 -1.49858e+00 | 42  0.08693  4.21881e+00
 43 -0.05914  8.58309e+00 | 44  0.18071 -6.08320e+01 | 45 -0.03381  4.30707e+00
 46 -0.03164  8.02336e+00 | 47 -0.01192  5.75778e+00 | 48 -0.08521  2.42003e+01
 49  0.11532 -3.10078e+01 | 50  0.01328 -7.91204e+00 | 51 -0.00178 -9.34945e+00
 52  0.02219  2.11571e+01 | 53 -0.03300 -2.43598e+00 | 54  0.08580 -8.42068e+00
 55  0.00734 -1.19469e+00 | 56 -0.04921  1.75411e+01 | 57 -0.05575  3.04529e+00
 58  0.08534  1.58615e+01 | 59 -0.03305 -6.69642e+00 | 60  0.01581 -2.43164e+01
 61  0.00871  3.53896e+00 | 62  0.07380 -2.98541e-02 | 63  0.09950 -3.14367e+01
 64 -0.05890 -5.13122e+00 | 65 -0.01359 -7.12918e+00 | 66  0.04246  4.54495e+01
 67  0.00986  1.96791e+01 | 68 -0.04240  8.49845e+00 | 69  0.03264 -1.86582e+00
 70  0.01086  1.81723e+01 | 71  0.14960  1.46703e+01 | 72 -0.07243  1.45305e+01
 73 -0.03328 -1.44293e+00 | 74 -0.03997  1.63991e+01 | 75  0.01332 -4.44985e+00
 76 -0.05554  2.30215e+01 | 77  0.03282  2.02698e+01 | 78  2.55478  8.65934e+00
 79 -0.67180 -3.23189e+00 | 80 -0.80616  2.77038e+00 | 81 -0.70657  4.32901e+00
 82 -0.75621  1.65474e-01 | 83 -0.76640  1.04592e+01 | 84 -0.82032  7.60105e+00
 85 -1.14953  2.07487e+00 | 86 -0.82531  8.83794e+00 | 87 -0.75104 -6.19323e+00
 88 -0.82042 -1.02766e-01 | 89 -1.19521 -9.96754e+00 | 90 -1.20390  1.34071e+00
 91 -0.79495  3.53210e+00 | 92 -1.19894 -1.42416e+01 | 93 -1.19176 -4.38608e+00
 94 -0.78736 -2.69358e+00 | 95 -0.79790 -5.85025e+00 | 96 -0.79029 -1.96912e+00
 97 -0.84386 -1.65583e+00 | 98 -0.84147  6.88002e+00 | 99 -0.86196 -3.33535e+00
100 -1.10479  7.11543e+00 |101 -0.90338 -4.61656e+01 |102 -0.08690  6.60321e+00
103 -0.36835 -1.93761e+02 |104  0.18334 -3.18932e+02 |105  0.08884 -2.57276e+01
106 -0.16975 -8.54738e+01 |107 -0.20649 -7.35042e+01 |108 -0.17646 -4.16819e+01
109  0.00057 -1.12251e+02 |110  0.16921  3.89061e+01 |111 -0.02737 -1.55732e+02
112  0.17373 -3.29748e+01 |113 -0.08204 -4.63906e-01 |114  0.43150  1.02851e-03
115 -0.05461  1.15759e+01 |116 -0.34317  4.02837e+01 |117 -0.20566  2.66854e+01
118 -0.23606  8.40857e+00 |119 -0.28015  9.17208e+00 |120  1.94467  3.59728e+00
121  2.16374 -1.61251e+01 |122  0.12003  5.62010e+01 |123  0.10218  9.18309e+01
124 -0.05217  5.48715e+01 |125  0.05301  8.20610e+01 |126  0.03092  7.68173e+01
127  0.03572  7.79666e+01 |128  0.04020  7.90352e+01 |129  0.03557  7.79321e+01
130 -0.00669  6.76276e+01 |131  0.00500  7.05139e+01 |132  0.00484  7.04740e+01
133 -0.26965  4.30227e+00 |134  0.00114  7.84180e+01 |135 -0.00716  8.67125e+01
136  0.00928  8.85584e+01 |137  0.01381  8.22261e+01 |138 -0.01523  5.69271e+01
139  0.01304  8.36750e+01 |140 -0.00983  9.20125e+01 |141 -0.01095  9.20457e+01
142  0.00725  7.36850e+01 |143  0.01167  2.41279e+01 |144 -0.02487  2.66544e+01
145  0.00793  7.22199e+01 |146  0.02129  5.76304e+01 |147 -0.02577  3.85474e+01
148  0.02329  3.53668e+01 |149  0.01360  3.92308e+01 |150 -0.00424  2.72682e+01
151 -0.00687  2.40654e+01 |152  0.03590  1.48112e+01 |153 -0.02033 -1.07860e+01
154 -0.00696  2.93015e+01 |155 -0.02675  2.03009e+01 |156 -0.00183  2.52068e+01
157  0.01261  3.66241e+01 |158 -0.00473  2.94714e+01 |159 -0.01538  4.11452e+01
160 -0.01003  4.16074e+01 |161  0.02803  3.58483e+01 |162 -0.00780  3.59107e+01
163  0.01687  1.45458e+01 |164  0.00052  1.58348e+01 |165 -0.02783 -4.17567e-01
166  0.00897  2.38085e+00 |167  0.00536  8.69727e-01 |168 -0.00369 -9.76358e+00
169  0.00272 -1.83350e+01 |170 -0.01742 -1.39057e+01 |171 -0.00110 -1.31517e+01
172  0.02006 -2.52980e+01 |173 -0.02681 -1.49346e+01 |174  0.01082 -5.27747e+00
175  0.02684 -1.11253e+01 |176  0.29104  3.11900e+01 |177 -0.07161 -5.18793e+01
178 -0.12023 -6.29273e+01 |179 -0.08919 -5.59699e+01 |180 -0.01524 -7.93165e+01
181  0.00673 -5.68760e+01 |182 -0.00743 -6.54495e+01 |183 -0.00612 -3.57393e+01
184  0.01067  1.65179e+01 |185  0.00363  4.64640e+01 |186 -0.01470  3.23563e+01
187 -0.00064  1.81170e+01 |188 -0.01297  1.39542e+01 |189  0.01547  1.20987e+01
190  0.12262 -9.16941e+02 |191  0.04688 -5.87195e+02 |192 -0.03883 -6.26760e+02
193  0.02523 -5.86624e+02 |194  0.14216 -5.78112e+02 |195 -0.15370 -6.45883e+02
196 -0.00065 -6.27546e+02 |197  0.11591 -5.43386e+02 |198 -0.15670 -6.00628e+02
199  0.03482 -5.29929e+02 |200 -0.01327 -5.39780e+02 |201  0.00824 -5.51760e+02
202  0.00031 -5.40259e+02 |203  0.00732 -5.38363e+02 |204 -0.00999 -5.25754e+02
205  0.00303 -4.73646e+02 |206  0.00600 -4.46782e+02 |207  0.00123 -4.27116e+02
208 -0.01463 -4.04040e+02 |209  0.01448 -1.80003e+02 |210 -0.00610 -1.30670e+02
211  0.00107 -2.00395e+02 |212  0.00203 -1.78054e+02 |213  0.00774 -1.83214e+02
214 -0.02221 -1.87172e+02 |215  0.01544 -1.98061e+02 |216 -0.00664 -2.29485e+02
217  0.00176 -2.32996e+02 |218  0.00242 -2.34766e+02 |219  0.00466 -2.51251e+02
220 -0.00590 -3.08360e+02 |221 -0.00230 -3.23242e+02 |222  0.01465 -3.24070e+02
223 -0.00716 -3.54770e+02 |224 -0.00211 -3.39789e+02 |225  0.00164 -3.65408e+02
226 -0.00214 -3.83508e+02 |227  0.00416 -3.94845e+02 |228 -0.01713 -4.14826e+02
229  0.00833 -4.60383e+02 |230  0.00701 -4.95275e+02 |231 -0.00722 -4.88384e+02
232  0.00776 -4.78603e+02 |233 -0.00385 -4.83173e+02 |234 -0.00564 -5.28362e+02
235  0.00567 -5.24334e+02 |236 -0.00515 -4.67240e+02 |237  0.00426 -3.92819e+02
238  0.00178 -3.54099e+02 |239 -0.00481 -3.40480e+02 |240 -0.00718 -3.31439e+02
241  0.01226 -2.62956e+02 |242 -0.00926 -2.12508e+02 |243  0.00318 -1.69581e+02
244  0.01226 -1.23439e+02 |245  0.00563 -1.10709e+02 |246 -0.00867 -1.02412e+02
247 -0.01432 -1.16557e+02 |248  0.01179 -1.14025e+02 |249  0.00466 -1.25482e+02
250 -0.00666 -1.68019e+02 |251 -0.00223 -1.53100e+02 |252  0.00249 -1.38568e+02
253 -0.00423 -4.09824e+01 |254  0.00479 -3.27654e+00 |255 -0.01876 -1.00932e+01
256  0.00861  1.10386e+01 |257  0.00331  2.98618e+01 |258  0.00522 -1.38463e+03
259 -0.01409 -1.10414e+03 |260  0.01679 -7.48528e+02 |261 -0.01208 -7.30999e+02
262  0.00987 -6.59174e+02 |263  0.00269 -4.13411e+02 |264 -0.00475 -3.51021e+02
265  0.00275 -1.46466e+02 |266  0.02454 -6.58545e+01 |267 -0.04193 -5.67874e+01
268  0.02364 -3.72614e+01 |269 -0.02135 -2.04364e+02 |270 -0.00130 -2.13189e+02
271 -0.00101 -1.86380e+02 |272  0.00334 -1.22278e+02 |273 -0.00216 -9.12920e+01
274  0.00024 -8.11138e+01 |275  0.00271 -3.08536e+01 |276  0.01043 -4.74466e+01
277 -0.00902 -3.51619e+02 |278 -0.00150 -2.85575e+02 |279  0.00274 -3.36374e+02
280 -0.00003 -4.12427e+02 |281  0.00400 -3.95107e+02 |282  0.00418 -4.57561e+02
283 -0.01348 -4.58233e+02 |284  0.00724 -4.56060e+02 |285 -0.00119 -4.80013e+02
286 -0.00228 -4.84901e+02 |287  0.00620 -4.24141e+02 |288 -0.00512 -4.30731e+02
289  0.00136 -3.53079e+02 |290 -0.00501 -3.46598e+02 |291  0.00938 -3.15386e+02
292  0.00672 -3.33936e+02 |293 -0.00869 -3.74512e+02 |294  0.00125 -3.56667e+02
295  0.00135 -3.93571e+02 |296  0.00693 -4.09884e+02 |297 -0.00949 -4.43307e+02
298 -0.00363 -4.46005e+02 |299 -0.00097 -4.31879e+02 |300 -0.00216 -4.22392e+02
301  0.00707 -3.79190e+02 |302  0.00137 -4.17519e+02 |303 -0.00649 -4.21072e+02
304  0.00476 -3.85663e+02 |305 -0.00451 -3.75336e+02 |306  0.00485 -3.33905e+02
307 -0.00132 -3.07360e+02 |308  0.00042 -2.87957e+02 |309 -0.00388 -2.34535e+02
310  0.00807 -2.17775e+02 |311 -0.00216 -1.82427e+02 |312 -0.00435 -1.44235e+02
313  0.00611 -1.64369e+02 |314  0.00503 -1.56063e+02 |315  0.00198 -1.79579e+02
316 -0.00977 -1.66256e+02 |317  0.00309 -1.66285e+02 |318  0.00009 -1.71061e+02
319  0.00072 -1.06945e+02 |320  0.00031 -7.01804e+01 |321  0.00138 -1.06836e+01
322 -0.00540 -3.94213e+00 |323  0.01302  2.45074e+01 |324 -0.01861  4.49458e+01
325 -0.00593  4.77885e+01 |
325 variables; iteration 400; function evaluation 444; phase 5
Function value 3.2187051e+03; maximum gradient component mag 8.7772e+02
Var    Value     Gradient |Var    Value     Gradient |Var    Value     Gradient
  1 -0.03451  5.05796e+02 |  2  1.95399 -1.58810e+00 |  3  1.86456 -5.13605e+00
  4  2.02017 -5.12979e+00 |  5 -0.09325 -6.69282e+00 |  6 -2.05624 -3.31672e+00
  7  0.04672  4.34125e+00 |  8 -0.00390  8.57110e+00 |  9 -2.04782 -3.50630e+00
 10  0.02120  4.91631e+00 | 11  0.21856  2.72524e+01 | 12 -0.11009  6.60032e+00
 13 -1.95724  4.75741e+00 | 14 -0.16136 -5.39576e+00 | 15 -0.16668 -8.32147e-01
 16  0.23848  4.46364e+01 | 17  0.00190  3.85685e+00 | 18 -0.11452 -2.50639e+00
 19 -0.04916  5.58538e+00 | 20 -0.01276  5.44150e+00 | 21 -0.09271  9.59869e+00
 22  0.03636  1.27691e+01 | 23 -0.13165 -4.27662e+00 | 24 -0.03186  1.16803e+00
 25  0.00324  1.15622e+01 | 26  0.02797  1.43928e+01 | 27 -0.10737  1.41218e+00
 28  0.01605  1.64723e+01 | 29  0.05635  2.51481e+01 | 30 -0.08580  4.23466e+00
 31 -0.18603  7.73774e-01 | 32  0.04240  1.55924e+01 | 33  0.04836  1.70478e+01
 34  0.06185  2.67545e+01 | 35  0.04118  1.80669e+01 | 36 -0.04094  9.65329e+00
 37 -0.02257  3.68190e+00 | 38  0.06459  2.05955e+01 | 39 -0.06405  9.48852e-01
 40  0.21664  5.76894e+01 | 41  0.02110  5.63622e+00 | 42  0.08389  1.27550e+01
 43 -0.06229 -9.02385e-02 | 44  0.17961  3.69044e+01 | 45 -0.03644  1.24124e+00
 46 -0.03399  1.33878e+00 | 47 -0.01350  5.13144e+00 | 48 -0.09042 -7.62968e+00
 49  0.11451  6.70865e+00 | 50  0.01127 -8.79009e+00 | 51 -0.00277 -1.26140e+01
 52  0.01959 -8.22592e+00 | 53 -0.03459 -1.49995e+01 | 54  0.08433 -1.23709e+01
 55  0.00564 -1.49285e+01 | 56 -0.05066  2.09348e+00 | 57 -0.05674 -1.06912e+01
 58  0.08308 -2.82930e+01 | 59 -0.03364 -2.03306e+01 | 60  0.01498 -3.58759e+01
 61  0.00759 -1.20751e+01 | 62  0.07227 -3.43890e+01 | 63  0.09887 -2.98841e+01
 64 -0.06049 -2.07536e+01 | 65 -0.01477 -1.66573e+01 | 66  0.03980 -1.49336e+01
 67  0.00835 -7.68165e+00 | 68 -0.04440 -1.86087e+01 | 69  0.03188 -2.07518e+01
 70  0.00939 -6.50156e+00 | 71  0.14801 -2.94499e+01 | 72 -0.07340 -1.88793e+00
 73 -0.03341 -9.13898e+00 | 74 -0.04231 -2.59580e+00 | 75  0.01174 -1.77572e+01
 76 -0.05790 -7.39109e+00 | 77  0.02995 -1.03776e+01 | 78  2.51996  1.97635e+00
 79 -0.66965 -1.47864e+00 | 80 -0.80583  2.27178e+00 | 81 -0.70911  1.10522e+00
 82 -0.75204  3.74049e+00 | 83 -0.76993  5.33805e+00 | 84 -0.82298  1.70966e+00
 85 -1.15031 -1.14587e+00 | 86 -0.82705  2.77970e+00 | 87 -0.74106  3.72524e+00
 88 -0.81945  1.44803e+00 | 89 -1.18828 -2.27594e+00 | 90 -1.20742 -7.50549e-01
 91 -0.79883 -1.22496e+00 | 92 -1.19119 -1.24355e+00 | 93 -1.19101 -2.05297e+00
 94 -0.78635 -1.31718e+00 | 95 -0.79217  7.20834e+00 | 96 -0.78916  9.50736e-01
 97 -0.84315 -2.21525e-02 | 98 -0.84337 -1.72035e+00 | 99 -0.86148 -5.69550e+00
100 -1.10576 -2.39974e+00 |101 -0.89901 -1.24907e+01 |102 -0.11635  6.88215e+01
103 -0.12577  2.03383e+02 |104  0.06440  7.40546e+01 |105  0.08905  5.50877e+01
106 -0.16977  9.38755e+00 |107 -0.20552  4.99206e+01 |108 -0.17650  2.66906e+01
109  0.00095  3.08266e+02 |110  0.16868  1.57286e+02 |111 -0.02572  4.25875e+01
112  0.17304 -2.68428e+00 |113 -0.09089 -2.45325e+00 |114  0.42607  5.36695e-04
115 -0.05495 -1.12801e+01 |116 -0.34259  5.09533e+00 |117 -0.21019 -2.70476e+01
118 -0.22608 -3.82583e+00 |119 -0.29935 -1.31732e+01 |120  1.94744  2.94638e+00
121  2.17440  4.88125e+00 |122  0.12699  3.16341e+02 |123  0.06302  3.09989e+02
124  0.05089  3.07559e+02 |125  0.02456  3.01829e+02 |126  0.02255  3.01367e+02
127  0.02415  3.01734e+02 |128  0.00646  2.97573e+02 |129  0.00844  2.98051e+02
130  0.00806  2.97958e+02 |131  0.00933  2.98262e+02 |132  0.01607  2.99862e+02
133 -0.24979  2.17999e+02 |134  0.00382  2.85821e+02 |135 -0.01199  2.76985e+02
136  0.00428  2.62820e+02 |137  0.01852  2.68650e+02 |138 -0.01597  2.40382e+02
139  0.01442  2.44213e+02 |140 -0.01263  2.55267e+02 |141 -0.01565  2.54240e+02
142  0.01208  2.33064e+02 |143  0.01653  2.11924e+02 |144 -0.02004  2.10203e+02
145 -0.00382  2.34807e+02 |146  0.02042  2.28028e+02 |147 -0.02235  2.29753e+02
148  0.02479  2.39987e+02 |149  0.01048  2.41995e+02 |150 -0.00601  2.31293e+02
151 -0.00748  2.32751e+02 |152  0.06189  2.41263e+02 |153 -0.03943  1.99272e+02
154 -0.00888  2.36353e+02 |155 -0.02779  2.27189e+02 |156  0.00465  2.34223e+02
157  0.00819  2.37726e+02 |158 -0.00597  2.24504e+02 |159 -0.00730  2.38172e+02
160 -0.01708  2.18750e+02 |161  0.02659  2.12652e+02 |162 -0.00815  2.13859e+02
163  0.01649  1.99340e+02 |164 -0.00632  2.00943e+02 |165 -0.01936  1.98905e+02
166  0.00850  1.97184e+02 |167  0.00361  1.94786e+02 |168 -0.00289  1.92668e+02
169  0.00448  1.88512e+02 |170 -0.01842  1.88674e+02 |171 -0.00119  1.89190e+02
172  0.02319  1.58620e+02 |173 -0.02954  1.55192e+02 |174  0.01121  1.46878e+02
175  0.03483  1.26123e+02 |176  0.23878  1.26583e+02 |177 -0.06864  6.12345e+01
178 -0.09080  5.55971e+01 |179 -0.08224  5.77662e+01 |180 -0.00898  3.55898e+01
181  0.01949  4.18809e+01 |182 -0.01323  2.00261e+01 |183 -0.01035  4.61356e+00
184  0.00478  5.58997e+00 |185 -0.00386  4.66772e+00 |186 -0.01460 -1.92975e+00
187  0.00077  3.22958e+00 |188 -0.00915  2.26916e+01 |189  0.01358  6.79274e-01
190  0.09477  8.77724e+02 |191  0.00405  8.36151e+02 |192 -0.01236  8.35954e+02
193  0.00782  8.32488e+02 |194  0.08892  8.30646e+02 |195 -0.08874  7.87402e+02
196 -0.00339  7.50233e+02 |197  0.06872  7.77113e+02 |198 -0.11303  7.23516e+02
199  0.03744  8.08440e+02 |200 -0.00370  8.03588e+02 |201  0.00049  8.04436e+02
202 -0.00110  7.95531e+02 |203  0.00751  7.53498e+02 |204 -0.00994  7.55708e+02
205  0.00281  7.44243e+02 |206  0.00606  7.49891e+02 |207 -0.00151  7.39389e+02
208 -0.00223  7.49144e+02 |209  0.01023  6.61433e+02 |210 -0.01422  5.61589e+02
211  0.00515  5.77640e+02 |212 -0.00050  5.62716e+02 |213  0.01265  5.59611e+02
214 -0.02689  5.33471e+02 |215  0.01556  5.34307e+02 |216 -0.00524  5.53873e+02
217  0.00193  5.30677e+02 |218  0.00120  5.07449e+02 |219  0.00484  4.76534e+02
220 -0.00636  4.46835e+02 |221 -0.00098  4.44309e+02 |222  0.01240  4.30333e+02
223 -0.00488  4.16851e+02 |224 -0.00287  4.03041e+02 |225  0.00161  4.01959e+02
226 -0.00147  3.69533e+02 |227  0.00242  3.56601e+02 |228 -0.01822  3.42802e+02
229  0.00985  3.54905e+02 |230  0.00777  3.52972e+02 |231 -0.00721  3.39864e+02
232  0.00754  3.31539e+02 |233 -0.00410  3.28860e+02 |234 -0.00520  3.17485e+02
235  0.00664  3.08740e+02 |236 -0.00540  2.97346e+02 |237  0.00405  3.09603e+02
238  0.00123  3.01606e+02 |239 -0.00416  3.02511e+02 |240 -0.00724  2.43045e+02
241  0.01242  2.18754e+02 |242 -0.00953  2.11266e+02 |243  0.00281  1.84137e+02
244  0.01315  1.91163e+02 |245  0.00506  1.25145e+02 |246 -0.00911  1.12925e+02
247 -0.01558  9.71551e+01 |248  0.01312  8.53666e+01 |249  0.00417  4.61045e+01
250 -0.00646 -1.08650e-01 |251 -0.00260 -4.20685e+01 |252  0.00435 -3.21572e+01
253 -0.00500 -5.70793e+01 |254  0.00456 -5.14727e+01 |255 -0.01874 -4.55625e+01
256  0.00799 -1.48562e+01 |257  0.00381  8.99383e-01 |258  0.03355  3.17977e+02
259 -0.00102  2.31718e+02 |260  0.00004  3.74572e+02 |261 -0.00063  3.95593e+02
262  0.00338  3.83566e+02 |263  0.01255  3.32577e+02 |264 -0.01109  2.90651e+02
265  0.00191  2.69124e+02 |266  0.02245  2.76426e+02 |267 -0.04415  2.81444e+02
268  0.01239  2.66495e+02 |269 -0.01147  2.57205e+02 |270  0.00012  2.52072e+02
271 -0.00078  2.48144e+02 |272  0.00319  2.41453e+02 |273 -0.00235  2.34978e+02
274  0.00025  2.32311e+02 |275  0.00245  2.39771e+02 |276  0.00012  2.38233e+02
277  0.00473  3.81952e+02 |278 -0.00240  2.68735e+02 |279 -0.00123  2.70218e+02
280  0.00223  2.87472e+02 |281  0.00174  2.81546e+02 |282  0.00678  2.84971e+02
283 -0.01399  2.80943e+02 |284  0.00487  2.65998e+02 |285  0.00009  3.45036e+02
286 -0.00145  3.52387e+02 |287  0.00566  4.19493e+02 |288 -0.00421  4.07341e+02
289  0.00084  4.42319e+02 |290 -0.00336  4.17315e+02 |291  0.00737  4.19505e+02
292  0.00635  4.12124e+02 |293 -0.00758  4.10612e+02 |294  0.00019  3.65382e+02
295  0.00208  3.48981e+02 |296  0.00812  3.37318e+02 |297 -0.01032  3.36187e+02
298 -0.00380  3.31956e+02 |299 -0.00107  3.00542e+02 |300 -0.00174  2.79673e+02
301  0.00631  2.80119e+02 |302  0.00152  2.72347e+02 |303 -0.00650  2.60911e+02
304  0.00433  2.56294e+02 |305 -0.00402  2.46858e+02 |306  0.00522  2.66338e+02
307 -0.00166  2.53899e+02 |308  0.00036  2.20380e+02 |309 -0.00372  2.13894e+02
310  0.00819  1.97048e+02 |311 -0.00228  1.63176e+02 |312 -0.00483  1.69720e+02
313  0.00643  1.32343e+02 |314  0.00515  1.30819e+02 |315  0.00343  1.01276e+02
316 -0.01123  7.12715e+01 |317  0.00351  4.41137e+01 |318  0.00033 -2.20885e+01
319  0.00036 -5.94334e+01 |320  0.00011 -4.75279e+01 |321  0.00084 -7.55790e+01
322 -0.00501 -6.85777e+01 |323  0.01301 -3.59529e+01 |324 -0.01845 -6.08685e+00
325 -0.00662 -6.22463e+00 |
325 variables; iteration 420; function evaluation 471; phase 5
Function value 3.2020825e+03; maximum gradient component mag -6.9421e+02
Var    Value     Gradient |Var    Value     Gradient |Var    Value     Gradient
  1 -0.03482 -6.94208e+02 |  2  1.95929  8.51619e-01 |  3  1.86600  9.92482e-01
  4  2.03586  5.04158e-01 |  5 -0.06185  8.80854e+00 |  6 -2.05021 -2.42770e+00
  7  0.04533  9.09473e+00 |  8  0.01516  9.78301e-01 |  9 -2.04710 -3.00917e-01
 10  0.01706  5.95207e+00 | 11  0.21721 -5.19846e+00 | 12 -0.12577  3.64963e+00
 13 -1.95290  5.13231e+00 | 14 -0.16165  7.56318e-02 | 15 -0.16919  4.94134e+00
 16  0.23938 -3.15226e-01 | 17  0.00200  3.95199e+00 | 18 -0.11287  3.95693e+00
 19 -0.04763  5.49422e+00 | 20 -0.01228  6.78572e+00 | 21 -0.09870  2.66395e+00
 22  0.03547 -1.38060e+00 | 23 -0.12595 -7.69063e-01 | 24 -0.03500  5.89813e+00
 25  0.01953  4.33518e+00 | 26  0.02624  1.19158e+01 | 27 -0.11649  2.25061e+00
 28  0.01643 -1.38059e+00 | 29  0.05501 -6.34751e+00 | 30 -0.08071  3.17328e+00
 31 -0.18591  5.65757e+00 | 32  0.03920 -7.60260e+00 | 33  0.05209 -2.59539e+00
 34  0.05880 -5.43234e+00 | 35  0.04332 -4.13051e+00 | 36 -0.04199  1.71372e+00
 37 -0.02180 -4.19987e+00 | 38  0.06421  5.58347e-01 | 39 -0.06521  4.94354e+00
 40  0.21648 -3.38334e+00 | 41  0.02085  1.27292e+00 | 42  0.08435 -1.91677e+00
 43 -0.06153  3.54077e+00 | 44  0.17984 -1.39298e+01 | 45 -0.03560  2.29938e+00
 46 -0.03272  6.95127e+00 | 47 -0.01321  4.04775e+00 | 48 -0.08910  2.69587e+00
 49  0.11510  2.15545e+00 | 50  0.01220 -4.53221e-01 | 51 -0.00225 -8.89578e+00
 52  0.01994 -9.57853e+00 | 53 -0.03427 -8.57617e+00 | 54  0.08454 -1.90107e+01
 55  0.00616 -6.00779e+00 | 56 -0.05107 -1.13558e+00 | 57 -0.05684 -7.14919e+00
 58  0.08303 -4.11475e+01 | 59 -0.03274  1.75082e+00 | 60  0.01563 -1.68997e+01
 61  0.00767 -9.16756e+00 | 62  0.07317  4.59008e-01 | 63  0.09894 -2.05492e+01
 64 -0.05986 -6.91563e+00 | 65 -0.01439 -5.07204e+00 | 66  0.03978 -3.10493e+00
 67  0.00809 -7.38356e+00 | 68 -0.04396 -7.55824e-01 | 69  0.03270  1.13791e+01
 70  0.00979  8.72219e+00 | 71  0.14859 -3.23331e+00 | 72 -0.07365  4.27758e+00
 73 -0.03290  8.70698e+00 | 74 -0.04180  2.56356e+00 | 75  0.01285  1.34279e+01
 76 -0.05780  3.98556e+00 | 77  0.03104  7.24163e+00 | 78  2.51947 -1.89295e+00
 79 -0.66989 -4.64838e-01 | 80 -0.80648  1.32727e+00 | 81 -0.70867  2.10860e+00
 82 -0.75624 -7.37354e-01 | 83 -0.77386  3.56043e-02 | 84 -0.82256  2.73327e+00
 85 -1.15101 -2.55396e+00 | 86 -0.82710  3.64105e+00 | 87 -0.74449 -1.20942e-01
 88 -0.82010 -2.60644e-01 | 89 -1.18610  2.61714e-01 | 90 -1.20683 -4.37930e-02
 91 -0.79757  3.79296e-01 | 92 -1.19339 -3.98479e+00 | 93 -1.18949  1.82265e+00
 94 -0.78512  5.89757e-01 | 95 -0.79500 -9.13014e-02 | 96 -0.78871  5.37079e-01
 97 -0.84314 -2.66949e-02 | 98 -0.84281 -1.06608e+00 | 99 -0.86164 -3.23102e+00
100 -1.10583 -9.52980e-01 |101 -0.89822 -3.64449e+00 |102 -0.20875  7.10474e+01
103  0.11060  9.99212e+01 |104 -0.15360  1.47267e+02 |105  0.08888  3.93433e+00
106 -0.16956 -3.18054e+01 |107 -0.20617 -3.32032e+01 |108 -0.17676 -2.97543e+01
109  0.00086  1.09182e+02 |110  0.16829  5.82881e+01 |111 -0.02561  3.03056e+00
112  0.17286 -1.25202e+01 |113 -0.08607 -1.60648e+00 |114  0.42681  6.42566e-04
115 -0.05473  1.27707e+00 |116 -0.34323  2.62175e+00 |117 -0.20609  5.80265e-02
118 -0.23356 -1.45719e+01 |119 -0.29390 -1.37439e+01 |120  1.94407  2.08668e+00
121  2.17126 -1.64536e+00 |122  0.13436  3.37934e+02 |123  0.05085  3.34705e+02
124  0.04068  3.32776e+02 |125 -0.00302  3.22763e+02 |126 -0.00381  3.22568e+02
127 -0.00734  3.21581e+02 |128 -0.02129  3.17939e+02 |129 -0.00899  3.21144e+02
130  0.05199  3.20521e+02 |131  0.05883  3.21909e+02 |132  0.05066  3.20263e+02
133 -0.21369  2.42706e+02 |134  0.00518  3.29588e+02 |135 -0.00891  3.30709e+02
136  0.00853  3.30216e+02 |137  0.01122  3.25774e+02 |138 -0.01074  3.06027e+02
139  0.01503  3.16514e+02 |140 -0.01122  3.20029e+02 |141 -0.01530  3.13024e+02
142  0.00833  3.16264e+02 |143  0.01671  2.94801e+02 |144 -0.01646  2.94662e+02
145 -0.00565  3.12190e+02 |146  0.02055  3.02993e+02 |147 -0.02315  2.99212e+02
148  0.02628  2.82925e+02 |149  0.00746  2.78757e+02 |150 -0.00423  2.69490e+02
151 -0.00626  2.69997e+02 |152  0.03318  2.65907e+02 |153 -0.00996  2.45096e+02
154 -0.01619  2.66910e+02 |155 -0.02116  2.63427e+02 |156  0.00698  2.62485e+02
157  0.00355  2.60899e+02 |158 -0.00448  2.52802e+02 |159 -0.01259  2.62747e+02
160 -0.01386  2.50813e+02 |161  0.02757  2.40208e+02 |162 -0.00843  2.40250e+02
163  0.01855  2.20121e+02 |164 -0.00762  2.16445e+02 |165 -0.01986  2.12753e+02
166  0.00799  2.04909e+02 |167  0.00371  2.01319e+02 |168 -0.00377  1.98790e+02
169  0.00540  1.99139e+02 |170 -0.01789  1.98792e+02 |171 -0.00164  1.90110e+02
172  0.02412  1.57111e+02 |173 -0.03031  1.49071e+02 |174  0.01050  1.35723e+02
175  0.03113  1.18642e+02 |176  0.13248  1.10042e+02 |177 -0.05260  6.64760e+01
178 -0.04652  6.80151e+01 |179 -0.04220  6.94497e+01 |180 -0.00269  5.13081e+01
181  0.00416  5.20837e+01 |182  0.00299  4.44137e+01 |183 -0.00753  2.40517e+01
184  0.00441  8.58154e+00 |185 -0.00876 -1.34095e+01 |186 -0.01338 -1.68976e+01
187  0.00194 -1.29141e+01 |188 -0.01125 -6.93913e+00 |189  0.01371 -4.22804e+00
190  0.04270  4.32253e+02 |191 -0.01606  3.91349e+02 |192  0.00167  3.99456e+02
193  0.01005  3.92113e+02 |194  0.03710  3.72071e+02 |195 -0.05212  3.49162e+02
196  0.01337  3.28718e+02 |197  0.00764  3.38628e+02 |198 -0.04842  3.06290e+02
199  0.03206  3.32204e+02 |200 -0.00373  3.22050e+02 |201  0.00049  3.27623e+02
202 -0.00188  3.37423e+02 |203  0.00806  3.16499e+02 |204 -0.00940  3.12092e+02
205  0.00354  3.01890e+02 |206  0.00315  2.92011e+02 |207  0.00253  2.96034e+02
208 -0.01016  2.95727e+02 |209  0.01001  3.52355e+02 |210 -0.00655  4.08016e+02
211  0.00298  3.83974e+02 |212  0.00036  3.93706e+02 |213  0.00942  3.85899e+02
214 -0.02485  3.76114e+02 |215  0.01722  3.88207e+02 |216 -0.00743  3.80052e+02
217  0.00308  3.60626e+02 |218  0.00031  3.63591e+02 |219  0.00538  3.65751e+02
220 -0.00579  3.61505e+02 |221 -0.00157  3.55489e+02 |222  0.01342  3.62866e+02
223 -0.00598  3.34811e+02 |224  0.00026  3.28098e+02 |225 -0.00180  3.09203e+02
226 -0.00066  3.10120e+02 |227  0.00327  2.98860e+02 |228 -0.01742  2.73185e+02
229  0.00823  2.49879e+02 |230  0.00799  2.54417e+02 |231 -0.00737  2.31969e+02
232  0.00735  2.31766e+02 |233 -0.00419  2.31048e+02 |234 -0.00487  2.25379e+02
235  0.00622  1.98954e+02 |236 -0.00461  2.01397e+02 |237  0.00334  1.85253e+02
238  0.00172  1.81949e+02 |239 -0.00477  1.64998e+02 |240 -0.00697  1.26934e+02
241  0.01223  7.71233e+01 |242 -0.00929  7.83946e+01 |243  0.00287  5.99129e+01
244  0.01216  6.12963e+01 |245  0.00573  8.73525e+01 |246 -0.00917  8.62570e+01
247 -0.01419  7.72724e+01 |248  0.01146  5.76750e+01 |249  0.00427  5.64269e+01
250 -0.00643  4.85064e+01 |251 -0.00216  2.87390e+01 |252  0.00390  1.68763e+01
253 -0.00483  3.50239e+00 |254  0.00496  7.60519e+00 |255 -0.01960  8.37068e+00
256  0.00928  9.20955e+00 |257  0.00316  3.92728e+00 |258  0.08396  6.46908e+02
259  0.01720  6.83959e+02 |260 -0.01559  4.21580e+02 |261 -0.00244  3.76760e+02
262  0.00451  3.70571e+02 |263  0.01744  2.94441e+02 |264 -0.01763  2.66406e+02
265  0.00808  2.88822e+02 |266  0.01281  2.53110e+02 |267 -0.03944  2.31345e+02
268  0.01229  2.43106e+02 |269 -0.01085  2.50139e+02 |270  0.00067  2.56898e+02
271 -0.00150  2.27830e+02 |272  0.00270  2.25007e+02 |273 -0.00176  2.20403e+02
274  0.00178  2.08751e+02 |275  0.00034  1.89235e+02 |276  0.00750  1.95188e+02
277 -0.00379  9.55050e+00 |278 -0.00263  3.13953e+01 |279  0.00060  5.00012e+00
280  0.00220  4.02649e+01 |281  0.00298  2.10431e+01 |282  0.00555 -5.55545e+00
283 -0.01484  1.10901e+00 |284  0.00760 -1.68508e-01 |285 -0.00180 -1.31695e+00
286 -0.00089 -6.34014e+00 |287  0.00496  4.44153e+01 |288 -0.00441  4.59925e+01
289  0.00078  1.01172e+02 |290 -0.00354  1.16728e+02 |291  0.00800  1.25442e+02
292  0.00360  1.22807e+02 |293 -0.00530  1.95886e+02 |294  0.00053  2.24913e+02
295  0.00207  2.11234e+02 |296  0.00701  2.00505e+02 |297 -0.00930  1.86929e+02
298 -0.00378  2.02126e+02 |299 -0.00117  1.85556e+02 |300 -0.00139  1.85481e+02
301  0.00620  1.82211e+02 |302  0.00150  1.83655e+02 |303 -0.00640  1.63080e+02
304  0.00380  1.62561e+02 |305 -0.00333  1.59344e+02 |306  0.00478  1.60854e+02
307 -0.00146  1.52955e+02 |308  0.00062  1.35219e+02 |309 -0.00409  9.90793e+01
310  0.00816  9.76332e+01 |311 -0.00213  8.01049e+01 |312 -0.00489  8.33197e+01
313  0.00648  1.03844e+02 |314  0.00505  1.10379e+02 |315  0.00266  9.48118e+01
316 -0.01021  7.46298e+01 |317  0.00301  6.47436e+01 |318  0.00061  6.09457e+01
319  0.00061  4.75027e+01 |320  0.00001  3.42237e+01 |321  0.00119  1.59378e+01
322 -0.00539 -9.57307e-01 |323  0.01405  2.69533e+01 |324 -0.01973  1.89242e+01
325 -0.00610  1.94017e+01 |
325 variables; iteration 440; function evaluation 491; phase 5
Function value 3.1894291e+03; maximum gradient component mag 3.7790e+02
Var    Value     Gradient |Var    Value     Gradient |Var    Value     Gradient
  1 -0.03467 -1.90001e+02 |  2  1.95615 -7.47725e-01 |  3  1.86329 -2.37616e+00
  4  2.03485  1.40355e+00 |  5 -0.07890 -1.19183e+00 |  6 -2.05342  9.36728e-01
  7  0.04537 -2.38005e+00 |  8 -0.00101  7.33984e-01 |  9 -2.04778  2.70203e+00
 10  0.02151  6.16950e+00 | 11  0.21867  3.41826e+00 | 12 -0.13203 -1.27351e+00
 13 -1.95476  1.58404e+00 | 14 -0.15648 -3.35961e-01 | 15 -0.18225  6.46080e-01
 16  0.23935  5.96682e+00 | 17  0.00208  7.65277e-01 | 18 -0.10797  2.08061e+00
 19 -0.04819  4.21920e+00 | 20 -0.01237  3.30355e+00 | 21 -0.09347  8.82059e-01
 22  0.03618  6.52971e+00 | 23 -0.12026 -5.70135e-01 | 24 -0.03488 -2.84863e+00
 25  0.01163 -2.38193e+00 | 26  0.02433 -1.62826e+00 | 27 -0.11497 -7.12180e-01
 28  0.01942  9.40423e-01 | 29  0.05369 -8.23057e+00 | 30 -0.08298  3.72716e-01
 31 -0.18986 -7.50575e-01 | 32  0.03683 -8.85311e+00 | 33  0.05556  2.79373e+00
 34  0.05627 -5.05127e+00 | 35  0.04406 -8.33604e+00 | 36 -0.04606 -1.33873e+00
 37 -0.01450  2.72231e+00 | 38  0.06155 -6.10584e+00 | 39 -0.05787  6.59035e-01
 40  0.21451 -3.62662e+00 | 41  0.02578  5.32643e+00 | 42  0.08225 -1.15913e+01
 43 -0.06175  9.16667e-02 | 44  0.17943 -8.79997e+00 | 45 -0.03569  7.16740e-01
 46 -0.03354 -2.95997e+00 | 47 -0.01388 -5.69060e+00 | 48 -0.08907  2.66872e+00
 49  0.11448 -2.84068e+00 | 50  0.01180 -5.52169e-01 | 51 -0.00186 -2.27334e+00
 52  0.01998 -2.31195e-01 | 53 -0.03425 -5.23611e+00 | 54  0.08423 -1.57613e+01
 55  0.00612 -1.39014e+00 | 56 -0.05054  6.53208e+00 | 57 -0.05698 -5.53800e+00
 58  0.08313 -1.58970e+01 | 59 -0.03332 -5.94403e+00 | 60  0.01569 -8.88309e+00
 61  0.00789  3.92864e+00 | 62  0.07252 -9.17543e+00 | 63  0.09906 -3.47884e-01
 64 -0.05949  6.00152e-02 | 65 -0.01429  2.31649e-01 | 66  0.03935 -3.33864e+00
 67  0.00836  6.08169e+00 | 68 -0.04414  1.02340e+00 | 69  0.03214  1.86941e+00
 70  0.00898 -3.66036e+00 | 71  0.14820 -1.96482e+00 | 72 -0.07289  9.02049e+00
 73 -0.03310  1.71518e-01 | 74 -0.04132  1.08700e+01 | 75  0.01208 -1.89932e+00
 76 -0.05817 -2.05133e+00 | 77  0.03091  4.75561e+00 | 78  2.51998  4.99015e-01
 79 -0.66717  1.19971e+00 | 80 -0.80658 -1.16161e-01 | 81 -0.70889 -1.12722e-01
 82 -0.75316  2.29700e+00 | 83 -0.77364 -8.76247e-01 | 84 -0.82568 -4.78456e+00
 85 -1.14967  2.40062e+00 | 86 -0.82806  3.01369e-01 | 87 -0.74189  1.17927e+00
 88 -0.81937  4.79931e-01 | 89 -1.18718  5.24439e-01 | 90 -1.20650  1.64938e+00
 91 -0.79867 -1.56002e+00 | 92 -1.19096  6.67484e-01 | 93 -1.19124 -1.78605e+00
 94 -0.78683 -2.89566e+00 | 95 -0.79557 -1.53604e+00 | 96 -0.78878  5.50586e-01
 97 -0.84352 -1.71313e+00 | 98 -0.84228  2.19025e+00 | 99 -0.86101  1.91188e+00
100 -1.10578 -2.34395e+00 |101 -0.89733  7.07932e+00 |102  0.01679  2.47367e+01
103  0.24446 -4.45986e+01 |104 -0.04879  8.72549e+01 |105  0.08861 -6.12914e+01
106 -0.16945 -1.93241e+01 |107 -0.20629 -1.77303e+01 |108 -0.17631 -1.09296e+01
109  0.00078 -1.22847e+02 |110  0.16767 -4.35293e+01 |111 -0.02498  1.50980e+01
112  0.17231 -1.03099e+01 |113 -0.06957  2.30045e+00 |114  0.41787 -3.38023e-04
115 -0.05495 -1.74764e+00 |116 -0.34312  1.95175e+01 |117 -0.20585  1.66336e+01
118 -0.23456  1.13137e+00 |119 -0.28531  9.54952e-01 |120  1.94111 -1.98781e+00
121  2.17088  1.69993e+00 |122  0.07872  1.21545e+02 |123  0.01052  1.21900e+02
124  0.02058  1.29420e+02 |125  0.00768  1.37571e+02 |126  0.00354  1.36771e+02
127  0.00071  1.36272e+02 |128 -0.00177  1.35770e+02 |129 -0.00288  1.35558e+02
130  0.03939  1.37620e+02 |131  0.03580  1.36875e+02 |132  0.03849  1.37498e+02
133 -0.14990  8.90833e+01 |134  0.00174  1.27921e+02 |135 -0.00948  1.32503e+02
136  0.00879  1.36133e+02 |137  0.00745  1.33959e+02 |138 -0.00627  1.26011e+02
139  0.01296  1.26499e+02 |140 -0.01282  1.35369e+02 |141 -0.01242  1.36102e+02
142  0.00767  1.32730e+02 |143  0.01569  1.22638e+02 |144 -0.00980  1.26507e+02
145 -0.01105  1.36612e+02 |146  0.02171  1.36280e+02 |147 -0.02385  1.34385e+02
148  0.03168  1.19058e+02 |149  0.00432  1.03918e+02 |150 -0.00263  9.44920e+01
151 -0.01098  9.09617e+01 |152  0.03386  8.95313e+01 |153 -0.00965  6.87496e+01
154 -0.01517  8.96281e+01 |155 -0.02276  8.56084e+01 |156  0.00656  8.64440e+01
157  0.00446  8.66350e+01 |158 -0.00337  8.09475e+01 |159 -0.01185  9.01790e+01
160 -0.01497  7.75752e+01 |161  0.02712  7.07882e+01 |162 -0.00969  7.05993e+01
163  0.01700  7.27914e+01 |164 -0.00453  7.61186e+01 |165 -0.02059  7.22890e+01
166  0.00806  7.44488e+01 |167  0.00446  7.53036e+01 |168 -0.00374  7.00333e+01
169  0.00404  6.93651e+01 |170 -0.01658  7.28575e+01 |171 -0.00218  6.79230e+01
172  0.02329  6.44958e+01 |173 -0.02893  6.14932e+01 |174  0.00967  4.34710e+01
175  0.02326  3.72572e+01 |176  0.02728  3.55421e+01 |177 -0.00751  3.04101e+01
178 -0.00670  3.14602e+01 |179 -0.01816  3.18230e+01 |180  0.00236  2.25281e+01
181  0.00349  1.95314e+01 |182 -0.00261  1.04110e+01 |183 -0.00575  3.60431e+00
184  0.00432 -9.66914e-02 |185 -0.00798 -1.97506e+00 |186 -0.01019  8.84382e-02
187  0.00238 -2.06317e-02 |188 -0.01202 -1.25175e+00 |189  0.01373 -4.13816e+00
190  0.00640 -1.98840e+02 |191  0.00208 -2.01929e+02 |192 -0.00998 -1.89672e+02
193  0.00793 -1.92056e+02 |194  0.00036 -1.77095e+02 |195 -0.01413 -1.65110e+02
196  0.02040 -1.31438e+02 |197 -0.01168 -1.45065e+02 |198 -0.01978 -1.31727e+02
199  0.01543 -1.61321e+02 |200 -0.00367 -1.62990e+02 |201 -0.00040 -1.64570e+02
202 -0.00073 -1.79151e+02 |203  0.00833 -1.69421e+02 |204 -0.01126 -1.66760e+02
205  0.00532 -1.47310e+02 |206  0.00202 -1.41995e+02 |207  0.00230 -1.49657e+02
208 -0.00650 -1.40811e+02 |209  0.00905 -1.46209e+02 |210 -0.00827 -1.32043e+02
211  0.00200 -1.49850e+02 |212  0.00084 -1.19369e+02 |213  0.01048 -1.12145e+02
214 -0.02490 -1.16377e+02 |215  0.01730 -8.92540e+01 |216 -0.00918 -8.63769e+01
217  0.00489 -8.98885e+01 |218 -0.00082 -1.07083e+02 |219  0.00722 -1.13768e+02
220 -0.00838 -1.21346e+02 |221  0.00073 -1.44183e+02 |222  0.01019 -1.47204e+02
223 -0.00339 -1.29177e+02 |224 -0.00636 -1.32660e+02 |225  0.00433 -1.00582e+02
226 -0.00033 -9.95685e+01 |227  0.00169 -9.59457e+01 |228 -0.01741 -9.49999e+01
229  0.00982 -9.36009e+01 |230  0.00754 -1.07863e+02 |231 -0.00712 -1.02485e+02
232  0.00683 -9.69997e+01 |233 -0.00374 -6.49334e+01 |234 -0.00506 -5.43265e+01
235  0.00649 -6.11112e+01 |236 -0.00482 -7.07699e+01 |237  0.00340 -6.86959e+01
238  0.00102 -6.42615e+01 |239 -0.00437 -4.47401e+01 |240 -0.00685 -3.89829e+01
241  0.01255 -4.46430e+01 |242 -0.00951 -5.02979e+01 |243  0.00332 -4.97274e+01
244  0.01203 -4.70052e+01 |245  0.00536 -3.03575e+01 |246 -0.00925 -2.44614e+01
247 -0.01431 -2.29895e+01 |248  0.01179 -1.38427e+01 |249  0.00420 -1.74062e+01
250 -0.00628 -2.22910e+01 |251 -0.00217 -3.53937e+01 |252  0.00402 -2.82058e+01
253 -0.00482 -3.32795e+01 |254  0.00498 -1.51450e+01 |255 -0.01791 -2.13130e+01
256  0.00741 -2.91245e+01 |257  0.00303 -2.07181e+01 |258  0.06088  3.77898e+02
259  0.00160  3.02143e+02 |260 -0.00189  3.39713e+02 |261 -0.00154  3.04869e+02
262  0.00404  3.25422e+02 |263  0.00829  2.34175e+02 |264 -0.00989  2.92309e+02
265  0.00968  3.28893e+02 |266 -0.00440  3.20621e+02 |267 -0.02249  3.08033e+02
268  0.01309  3.00550e+02 |269 -0.01096  2.71760e+02 |270 -0.00103  2.36800e+02
271 -0.00086  2.71355e+02 |272  0.00413  2.61434e+02 |273 -0.00337  2.28894e+02
274  0.00274  2.25149e+02 |275 -0.00066  1.77201e+02 |276  0.00387  1.90597e+02
277  0.00018  1.98465e+02 |278 -0.00211  2.08018e+02 |279  0.00129  1.82528e+02
280  0.00054  1.57278e+02 |281  0.00253  1.56266e+02 |282  0.00565  1.61560e+02
283 -0.01421  1.87627e+02 |284  0.00924  1.89241e+02 |285 -0.00389  1.32557e+02
286  0.00017  1.29512e+02 |287  0.00394  1.43361e+02 |288 -0.00204  1.51998e+02
289 -0.00124  1.35120e+02 |290 -0.00116  1.23719e+02 |291  0.00572  1.06409e+02
292  0.00956  9.99475e+01 |293 -0.01114  5.21769e+01 |294  0.00004  5.53333e+01
295  0.00254  6.60786e+01 |296  0.00792  6.04092e+01 |297 -0.01032  5.18387e+01
298 -0.00362  5.07304e+01 |299 -0.00136  4.02298e+01 |300 -0.00145  4.91449e+01
301  0.00630  6.71030e+01 |302  0.00170  8.00791e+01 |303 -0.00638  6.54990e+01
304  0.00370  4.43651e+01 |305 -0.00325  5.20333e+01 |306  0.00486  4.69670e+01
307 -0.00148  4.59399e+01 |308  0.00043  4.57620e+01 |309 -0.00402  3.89893e+01
310  0.00816  2.86645e+01 |311 -0.00230  2.07264e+01 |312 -0.00472  2.91976e+01
313  0.00665  3.81505e+01 |314  0.00458  1.90429e+01 |315  0.00309  3.33247e+01
316 -0.01031  3.48283e+01 |317  0.00308  1.32427e+01 |318  0.00054 -1.04540e+01
319  0.00036 -2.96791e+01 |320  0.00008 -2.13813e+01 |321  0.00099 -3.40316e+01
322 -0.00487 -2.91963e+01 |323  0.01189 -3.34610e+01 |324 -0.01795 -3.19847e+01
325 -0.00616 -1.41887e+01 |
325 variables; iteration 460; function evaluation 511; phase 5
Function value 3.1857116e+03; maximum gradient component mag -3.3198e+02
Var    Value     Gradient |Var    Value     Gradient |Var    Value     Gradient
  1 -0.03454  8.57245e+01 |  2  1.95267 -4.20239e-01 |  3  1.86676  1.57198e+00
  4  2.02778 -5.06930e-01 |  5 -0.07992 -1.68414e+00 |  6 -2.05485  1.53428e-01
  7  0.04615  7.35402e-01 |  8 -0.00336  1.21474e-01 |  9 -2.05016 -1.18507e+00
 10  0.02017  4.46747e+00 | 11  0.21885  8.95379e-01 | 12 -0.11948  1.33765e+00
 13 -1.96157 -3.36183e+00 | 14 -0.15758  7.39900e-01 | 15 -0.17836 -4.67645e-01
 16  0.23878 -1.39500e-01 | 17  0.00043 -6.98380e-01 | 18 -0.11052 -1.16934e-01
 19 -0.04879 -5.63828e-01 | 20 -0.01335 -1.02531e+00 | 21 -0.09628 -1.03482e-02
 22  0.03571 -2.46269e+00 | 23 -0.12366 -6.41862e-01 | 24 -0.03436 -2.87507e+00
 25  0.01183 -1.01609e-01 | 26  0.02459  6.29147e-01 | 27 -0.11211  6.02525e-01
 28  0.01701  2.09170e+00 | 29  0.05448 -3.03419e+00 | 30 -0.08367  3.63245e-01
 31 -0.18847 -3.90678e-01 | 32  0.04003  1.97902e-01 | 33  0.05289  3.53198e-02
 34  0.05743 -1.36530e+00 | 35  0.04453 -2.16118e-01 | 36 -0.04448 -8.89785e-01
 37 -0.01746 -2.07217e+00 | 38  0.06167 -1.90065e+00 | 39 -0.06152 -2.05767e-01
 40  0.21451 -2.67589e+00 | 41  0.02298  3.49125e+00 | 42  0.08378 -3.03940e-01
 43 -0.06187 -5.40699e-02 | 44  0.17935 -4.57981e+00 | 45 -0.03607 -9.14486e-01
 46 -0.03356 -3.72405e-01 | 47 -0.01379  2.17007e+00 | 48 -0.08959 -2.71497e-02
 49  0.11424 -1.66568e+00 | 50  0.01140 -5.08249e+00 | 51 -0.00180  3.87922e+00
 52  0.01961 -7.02582e-01 | 53 -0.03377  4.54551e+00 | 54  0.08446  6.25786e+00
 55  0.00599  2.78150e+00 | 56 -0.05106  6.39401e-01 | 57 -0.05671  3.57550e+00
 58  0.08375  1.89916e+01 | 59 -0.03283  3.51773e+00 | 60  0.01648  9.97525e+00
 61  0.00752 -3.44090e+00 | 62  0.07262 -3.14868e+00 | 63  0.09922  9.42782e+00
 64 -0.05935  1.92622e+00 | 65 -0.01422  2.10710e+00 | 66  0.03942 -6.18052e+00
 67  0.00811  7.85463e-01 | 68 -0.04409 -1.60189e+00 | 69  0.03206 -4.41289e-01
 70  0.00920  1.21916e+00 | 71  0.14825 -7.17121e+00 | 72 -0.07385 -1.24544e+00
 73 -0.03294  3.95719e+00 | 74 -0.04204 -3.20295e-01 | 75  0.01225 -2.98422e+00
 76 -0.05750  1.22388e+00 | 77  0.03061  4.59345e-01 | 78  2.52109 -1.37692e+00
 79 -0.66598 -5.48642e-01 | 80 -0.80579 -6.36613e-01 | 81 -0.70567  2.08010e-01
 82 -0.75310 -2.15389e-01 | 83 -0.77115  2.46139e-01 | 84 -0.82246  2.19521e-01
 85 -1.15178 -2.96195e+00 | 86 -0.82762 -6.11297e-01 | 87 -0.74025  1.42845e+00
 88 -0.81924 -3.59719e-01 | 89 -1.18950 -8.43521e-01 | 90 -1.21093 -1.29538e+00
 91 -0.79580  1.18650e-01 | 92 -1.19267 -1.60647e+00 | 93 -1.19029  1.09760e+00
 94 -0.78451  3.48551e-01 | 95 -0.79430  2.93430e-01 | 96 -0.78855 -4.03156e-01
 97 -0.84289 -2.37781e-01 | 98 -0.84249 -1.21986e+00 | 99 -0.86044  7.77163e-01
100 -1.10602 -2.16423e+00 |101 -0.89865 -6.82282e+00 |102  0.25050  1.22736e+01
103  0.24152 -2.42130e+01 |104  0.18775 -6.67186e+01 |105  0.08886  7.09192e+00
106 -0.16945  9.82944e+00 |107 -0.20583  2.43536e+01 |108 -0.17605  1.78333e+01
109  0.00083  9.58748e+00 |110  0.16808  1.66462e+01 |111 -0.02558  8.35420e+00
112  0.17347  6.65083e+00 |113 -0.07468  1.32074e+00 |114  0.41865 -2.07822e-04
115 -0.05433  3.06249e+00 |116 -0.34351 -3.23614e+01 |117 -0.20772 -1.27286e+01
118 -0.23238  3.59205e+00 |119 -0.28329  5.68642e+00 |120  1.94510  1.34415e+00
121  2.17199  1.67372e+00 |122  0.04487  6.62620e+01 |123  0.04308  6.94404e+01
124  0.00141  5.93895e+01 |125 -0.00712  5.80837e+01 |126 -0.00596  5.84175e+01
127 -0.00548  5.85680e+01 |128 -0.00529  5.86649e+01 |129 -0.00667  5.84298e+01
130  0.02626  5.92208e+01 |131  0.02540  5.93607e+01 |132  0.02470  5.91932e+01
133 -0.10926  2.59108e+01 |134  0.00341  6.01508e+01 |135 -0.00973  6.15985e+01
136  0.00698  6.39124e+01 |137  0.00992  6.58986e+01 |138 -0.00808  5.50241e+01
139  0.01451  6.23501e+01 |140 -0.01345  6.90232e+01 |141 -0.01335  7.00842e+01
142  0.00839  6.47977e+01 |143  0.01717  6.30096e+01 |144 -0.00827  6.52364e+01
145 -0.01400  7.19394e+01 |146  0.02082  7.54666e+01 |147 -0.02373  7.49913e+01
148  0.02664  7.48410e+01 |149  0.00720  7.37198e+01 |150 -0.00143  6.57358e+01
151 -0.01077  6.33781e+01 |152  0.02638  6.55974e+01 |153  0.00110  5.12472e+01
154 -0.01759  6.65640e+01 |155 -0.02204  6.35348e+01 |156  0.00453  6.46332e+01
157  0.00681  6.66780e+01 |158 -0.00433  5.74929e+01 |159 -0.01320  6.72170e+01
160 -0.01337  5.85380e+01 |161  0.02739  5.38374e+01 |162 -0.00916  5.40421e+01
163  0.01745  4.90676e+01 |164 -0.00745  4.96939e+01 |165 -0.01838  5.01108e+01
166  0.00849  4.92922e+01 |167  0.00395  4.68938e+01 |168 -0.00368  4.12788e+01
169  0.00472  3.96039e+01 |170 -0.01782  4.04457e+01 |171 -0.00146  3.75444e+01
172  0.02284  2.24768e+01 |173 -0.02970  1.99682e+01 |174  0.01042  1.71520e+01
175  0.02206  1.32481e+01 |176  0.00545  1.25705e+01 |177  0.00553  3.80963e+01
178  0.00175  3.90409e+01 |179 -0.01783  3.78986e+01 |180 -0.00064  3.26638e+01
181  0.00549  4.17325e+01 |182 -0.00188  3.38950e+01 |183 -0.00379  3.28053e+01
184  0.00475  2.73275e+01 |185 -0.00797  2.11714e+01 |186 -0.01038  2.13785e+01
187  0.00193  2.01779e+01 |188 -0.01178  1.83876e+01 |189  0.01395  1.72671e+00
190  0.00587 -1.07164e+02 |191  0.00501 -1.03169e+02 |192 -0.01210 -1.16456e+02
193  0.00880 -1.09619e+02 |194  0.01125 -1.23969e+02 |195 -0.03201 -1.31310e+02
196  0.01881 -1.32758e+02 |197 -0.00089 -1.27826e+02 |198 -0.02522 -1.21269e+02
199  0.01786 -1.15274e+02 |200 -0.00256 -1.11938e+02 |201 -0.00082 -1.10273e+02
202 -0.00137 -9.76900e+01 |203  0.00839 -9.48465e+01 |204 -0.00985 -9.20429e+01
205  0.00379 -9.23982e+01 |206  0.00337 -9.22039e+01 |207  0.00118 -8.67277e+01
208 -0.00650 -7.63527e+01 |209  0.00993 -7.33653e+01 |210 -0.00954 -7.72264e+01
211  0.00334 -6.77289e+01 |212 -0.00002 -7.37519e+01 |213  0.01036 -7.25907e+01
214 -0.02458 -7.07305e+01 |215  0.01661 -7.54256e+01 |216 -0.00805 -8.10841e+01
217  0.00406 -7.84721e+01 |218 -0.00071 -8.04335e+01 |219  0.00651 -7.79186e+01
220 -0.00744 -7.27189e+01 |221  0.00017 -6.84421e+01 |222  0.01141 -6.83306e+01
223 -0.00444 -7.16723e+01 |224 -0.00171 -7.40073e+01 |225  0.00009 -8.03775e+01
226 -0.00064 -8.56834e+01 |227  0.00240 -9.53481e+01 |228 -0.01686 -1.01717e+02
229  0.00840 -1.08296e+02 |230  0.00793 -1.07441e+02 |231 -0.00738 -1.09615e+02
232  0.00743 -9.52714e+01 |233 -0.00428 -8.78527e+01 |234 -0.00496 -7.88942e+01
235  0.00658 -7.42990e+01 |236 -0.00493 -7.70942e+01 |237  0.00347 -7.00313e+01
238  0.00141 -6.81697e+01 |239 -0.00481 -6.03990e+01 |240 -0.00688 -5.72286e+01
241  0.01284 -4.71060e+01 |242 -0.00968 -5.21237e+01 |243  0.00329 -4.18805e+01
244  0.01223 -4.55029e+01 |245  0.00533 -3.00182e+01 |246 -0.00978 -2.80586e+01
247 -0.01348 -2.17750e+01 |248  0.01143 -2.03537e+01 |249  0.00419 -1.34306e+01
250 -0.00653 -1.97371e+01 |251 -0.00210 -1.47557e+01 |252  0.00396 -8.65866e+00
253 -0.00452 -4.56502e+00 |254  0.00434 -4.74715e+00 |255 -0.01861 -4.35277e+00
256  0.00836 -2.44286e+00 |257  0.00335 -3.26519e+00 |258  0.00417 -2.89505e+02
259  0.00161 -3.07715e+02 |260 -0.00177 -2.82880e+02 |261 -0.00133 -2.65417e+02
262  0.00371 -2.71102e+02 |263  0.02045 -3.14471e+02 |264 -0.01925 -3.23244e+02
265  0.00571 -3.31981e+02 |266 -0.00048 -3.26546e+02 |267 -0.02526 -3.20287e+02
268  0.01223 -3.09135e+02 |269 -0.01035 -3.02926e+02 |270  0.00003 -2.93220e+02
271 -0.00138 -2.87854e+02 |272  0.00302 -2.81502e+02 |273 -0.00200 -2.73382e+02
274  0.00148 -2.74748e+02 |275  0.00078 -2.63918e+02 |276  0.00370 -2.53731e+02
277  0.00017 -2.38492e+02 |278 -0.00218 -2.37798e+02 |279  0.00046 -2.25742e+02
280  0.00154 -2.21674e+02 |281  0.00246 -2.18404e+02 |282  0.00600 -2.09780e+02
283 -0.01424 -2.16118e+02 |284  0.00767 -2.19932e+02 |285 -0.00250 -2.28167e+02
286  0.00015 -2.29918e+02 |287  0.00410 -2.25466e+02 |288 -0.00298 -2.24875e+02
289 -0.00072 -2.16781e+02 |290 -0.00189 -2.17914e+02 |291  0.00647 -2.31322e+02
292  0.00558 -2.30584e+02 |293 -0.00703 -2.07104e+02 |294  0.00025 -1.99018e+02
295  0.00212 -2.07406e+02 |296  0.00710 -1.99387e+02 |297 -0.00918 -1.98073e+02
298 -0.00391 -1.95329e+02 |299 -0.00108 -1.96852e+02 |300 -0.00154 -1.88669e+02
301  0.00639 -1.81831e+02 |302  0.00136 -1.79652e+02 |303 -0.00648 -1.71255e+02
304  0.00399 -1.61041e+02 |305 -0.00331 -1.47681e+02 |306  0.00469 -1.46089e+02
307 -0.00131 -1.33431e+02 |308  0.00037 -1.28560e+02 |309 -0.00403 -1.17541e+02
310  0.00810 -1.15249e+02 |311 -0.00207 -1.06316e+02 |312 -0.00491 -1.01690e+02
313  0.00650 -8.18325e+01 |314  0.00497 -7.03460e+01 |315  0.00256 -6.27990e+01
316 -0.01014 -5.96031e+01 |317  0.00312 -4.94829e+01 |318  0.00047 -4.50689e+01
319  0.00063 -2.85213e+01 |320 -0.00007 -1.99311e+01 |321  0.00102 -1.14542e+01
322 -0.00475 -1.11475e+01 |323  0.01291 -8.15520e+00 |324 -0.01886 -7.38944e+00
325 -0.00630 -1.72863e+00 |
325 variables; iteration 480; function evaluation 531; phase 5
Function value 3.1837389e+03; maximum gradient component mag -9.8507e+01
Var    Value     Gradient |Var    Value     Gradient |Var    Value     Gradient
  1 -0.03453 -9.85071e+01 |  2  1.95527  4.64968e-01 |  3  1.86650  2.05395e+00
  4  2.02682 -1.26050e+00 |  5 -0.07510  5.45069e-01 |  6 -2.05454  2.20349e+00
  7  0.04330  3.36474e+00 |  8  0.00292  3.07095e-02 |  9 -2.04859  2.62308e+00
 10  0.01972  1.06678e+00 | 11  0.21758 -2.48098e+00 | 12 -0.12259  1.35381e+00
 13 -1.95903 -2.19622e+00 | 14 -0.15704  2.04809e+00 | 15 -0.17245  1.25107e+00
 16  0.23849 -4.76025e+00 | 17  0.00269  2.26074e+00 | 18 -0.11157  2.13657e+00
 19 -0.04847  1.84736e+00 | 20 -0.01356 -3.42176e-01 | 21 -0.09580  1.62972e+00
 22  0.03540  6.83822e-01 | 23 -0.12098  7.32266e-01 | 24 -0.03484 -1.54133e-01
 25  0.01231 -2.43504e+00 | 26  0.02396  7.07332e-01 | 27 -0.11108  9.98644e-01
 28  0.01658 -3.04470e+00 | 29  0.05546  3.74924e-01 | 30 -0.08416 -3.24022e+00
 31 -0.18802  8.45314e-01 | 32  0.04096  1.10620e+00 | 33  0.05093 -2.02961e+00
 34  0.05756 -2.14813e+00 | 35  0.04502 -1.03207e+00 | 36 -0.04520 -1.06856e+00
 37 -0.01575  1.45970e+00 | 38  0.06253 -1.73850e+00 | 39 -0.06445  1.20879e-01
 40  0.21429 -9.59836e+00 | 41  0.02283  6.65449e-01 | 42  0.08378  1.65793e-01
 43 -0.06214 -1.32065e+00 | 44  0.17938 -9.81326e+00 | 45 -0.03591 -8.46150e-01
 46 -0.03349 -1.44670e+00 | 47 -0.01370  3.04486e+00 | 48 -0.08994 -2.17832e+00
 49  0.11402 -1.43258e+01 | 50  0.01159 -2.27193e+00 | 51 -0.00193  8.00722e-01
 52  0.01979  1.52216e-01 | 53 -0.03396  2.78523e+00 | 54  0.08458  8.68634e+00
 55  0.00574 -3.15609e+00 | 56 -0.05080  6.14251e+00 | 57 -0.05682  1.85461e+00
 58  0.08337  4.78869e+00 | 59 -0.03305  1.98260e+00 | 60  0.01598  1.79660e+00
 61  0.00776  5.31394e+00 | 62  0.07260 -7.09842e-02 | 63  0.09904  4.39420e+00
 64 -0.05957  2.20844e+00 | 65 -0.01439  3.39731e+00 | 66  0.03949  4.55232e+00
 67  0.00802  7.43535e-01 | 68 -0.04381  8.18427e+00 | 69  0.03221  4.95882e+00
 70  0.00883 -2.77348e+00 | 71  0.14817  1.66092e+00 | 72 -0.07394  6.80055e-01
 73 -0.03311  1.04743e+00 | 74 -0.04195  2.86169e+00 | 75  0.01232  8.29181e-01
 76 -0.05757  2.42056e+00 | 77  0.03038  6.56616e-01 | 78  2.52304 -1.69938e+00
 79 -0.66662  1.32773e-01 | 80 -0.80605 -4.58087e-02 | 81 -0.70750 -3.60082e-01
 82 -0.75330  6.51181e-01 | 83 -0.77193  2.07922e-01 | 84 -0.82227  1.21123e+00
 85 -1.15163 -3.15421e+00 | 86 -0.82779 -1.52147e-01 | 87 -0.74327 -1.25776e+00
 88 -0.81885  5.79177e-01 | 89 -1.18880 -2.53595e-01 | 90 -1.20809  1.05091e+00
 91 -0.79699 -8.53999e-01 | 92 -1.19036  2.17238e+00 | 93 -1.19099 -5.86143e-01
 94 -0.78581 -1.62929e+00 | 95 -0.79471  2.32079e-01 | 96 -0.78893 -4.50012e-01
 97 -0.84320 -9.21953e-01 | 98 -0.84261 -7.88877e-01 | 99 -0.86087  5.54476e-01
100 -1.10578 -1.06840e+00 |101 -0.89838 -3.77240e+00 |102  0.48411  1.01467e+01
103  0.26747  5.99330e-01 |104  0.24842  8.85776e+00 |105  0.08871 -3.97415e+01
106 -0.16955 -2.93353e+01 |107 -0.20622 -1.76372e+01 |108 -0.17622 -6.66417e+00
109  0.00081 -2.82757e+01 |110  0.16792  2.36463e+00 |111 -0.02541  2.69020e+01
112  0.17355  1.44615e+01 |113 -0.07292  1.83570e+00 |114  0.42178  1.52773e-04
115 -0.05462  2.58477e+00 |116 -0.34337 -1.43383e+01 |117 -0.20659 -1.06559e+00
118 -0.23322 -2.84708e+00 |119 -0.28716 -1.86158e+00 |120  1.94232 -2.46137e+00
121  2.17210  1.41014e+00 |122  0.00839  6.04003e+01 |123  0.00274  6.03919e+01
124  0.00750  6.23340e+01 |125 -0.00563  6.41872e+01 |126 -0.00190  6.54014e+01
127 -0.00391  6.51064e+01 |128 -0.00128  6.59463e+01 |129 -0.00453  6.54367e+01
130  0.01877  6.61932e+01 |131  0.00850  6.51680e+01 |132  0.00750  6.51035e+01
133 -0.05541  4.96506e+01 |134  0.00207  6.36317e+01 |135 -0.00903  6.62962e+01
136  0.00805  6.15902e+01 |137  0.00732  5.87922e+01 |138 -0.00571  5.07283e+01
139  0.01548  4.91499e+01 |140 -0.01429  5.04186e+01 |141 -0.01505  4.86827e+01
142  0.00917  4.14393e+01 |143  0.01808  3.19953e+01 |144 -0.00972  3.23558e+01
145 -0.01368  3.94460e+01 |146  0.02070  3.87028e+01 |147 -0.02373  3.56673e+01
148  0.02812  3.53599e+01 |149  0.00639  2.94280e+01 |150 -0.00368  2.03909e+01
151 -0.00925  2.08820e+01 |152  0.02143  2.09204e+01 |153  0.01031  1.12791e+01
154 -0.01942  1.81465e+01 |155 -0.02577  1.31954e+01 |156  0.00942  1.96783e+01
157  0.00289  1.73181e+01 |158  0.00293  1.21291e+01 |159 -0.02176  1.15886e+01
160 -0.01184  9.56711e+00 |161  0.02804  6.82910e+00 |162 -0.00951  5.64143e+00
163  0.01605 -4.33778e+00 |164 -0.00579 -8.14174e-01 |165 -0.01888 -2.19962e+00
166  0.00798 -4.73314e+00 |167  0.00370 -4.95026e+00 |168 -0.00313 -4.46341e+00
169  0.00567 -5.82242e+00 |170 -0.01907 -7.60250e+00 |171 -0.00141 -8.57358e+00
172  0.02267 -1.88550e+01 |173 -0.02916 -1.95824e+01 |174  0.01054 -2.27167e+01
175  0.02197 -3.13444e+01 |176  0.01435 -2.99387e+01 |177  0.00031 -2.12025e+01
178 -0.00581 -2.13048e+01 |179 -0.01517 -1.87050e+01 |180  0.00115 -1.96031e+01
181 -0.00039 -1.44048e+01 |182 -0.00076 -1.56723e+01 |183 -0.00328 -1.48391e+00
184  0.00663  8.97929e+00 |185 -0.00671  1.32168e+01 |186 -0.01000  1.40408e+01
187  0.00168  1.21036e+01 |188 -0.01165  1.19309e+01 |189  0.01415  2.38277e+00
190  0.00300  3.46836e+00 |191 -0.00064 -8.61734e+00 |192 -0.00920 -7.70945e+00
193  0.00831 -1.15118e+01 |194  0.00938 -8.38080e+00 |195 -0.02491 -1.16809e+01
196  0.01549 -2.46691e+01 |197  0.00392 -1.98903e+01 |198 -0.03556 -2.97123e+01
199  0.02229 -1.05933e+01 |200 -0.00305 -1.54243e+01 |201 -0.00027 -1.43971e+01
202 -0.00185 -1.75360e+00 |203  0.00845  2.12539e+00 |204 -0.01015 -1.65427e+00
205  0.00452  3.79386e+00 |206  0.00206  1.55560e-01 |207  0.00219  7.90105e+00
208 -0.00717 -5.94043e-01 |209  0.01082  2.46425e+01 |210 -0.01019  8.52983e+00
211  0.00332  1.03957e+01 |212  0.00026  1.31920e+01 |213  0.01027  1.08858e+01
214 -0.02421  4.95367e+00 |215  0.01605  7.30593e+00 |216 -0.00721 -2.86251e+00
217  0.00359 -1.65426e+01 |218 -0.00129 -2.43567e+01 |219  0.00706 -1.41127e+01
220 -0.00751 -7.27020e+00 |221 -0.00033 -1.28923e+01 |222  0.01257 -1.59750e+01
223 -0.00492 -8.21411e+00 |224 -0.00291 -1.16097e+01 |225  0.00094 -1.05203e+01
226 -0.00056 -1.27132e+01 |227  0.00223 -1.15031e+01 |228 -0.01797 -1.00762e+01
229  0.00947 -4.65530e+00 |230  0.00820  1.04154e+01 |231 -0.00725  5.02644e+00
232  0.00735  1.07282e+01 |233 -0.00427  1.38961e+01 |234 -0.00501  2.10915e+01
235  0.00650  2.74624e+01 |236 -0.00497  2.70732e+01 |237  0.00356  2.70312e+01
238  0.00163  2.70864e+01 |239 -0.00473  2.45820e+01 |240 -0.00719  1.16211e+01
241  0.01280  6.22029e+00 |242 -0.00946  4.34589e+00 |243  0.00302 -5.73378e+00
244  0.01216 -2.36459e+00 |245  0.00533  8.65158e+00 |246 -0.00936  1.66769e+01
247 -0.01352  1.90455e+01 |248  0.01125  1.43333e+01 |249  0.00420  1.27222e+01
250 -0.00662  9.57983e+00 |251 -0.00204  2.66622e+01 |252  0.00407  2.88873e+01
253 -0.00458  2.75720e+01 |254  0.00454  2.51300e+01 |255 -0.01800  2.03305e+01
256  0.00752  1.30709e+01 |257  0.00348  1.19545e+01 |258 -0.01082  3.72271e+01
259  0.00509  7.62005e+01 |260 -0.00375  4.44263e+01 |261 -0.00150  2.79210e+01
262  0.00318  3.05812e+01 |263  0.01734  3.85673e+01 |264 -0.01633  2.70935e+01
265  0.00602  3.46735e+01 |266  0.00405  3.21888e+01 |267 -0.02914  3.17621e+01
268  0.01192  2.94235e+01 |269 -0.01093  4.10507e+01 |270  0.00062  6.90153e+01
271 -0.00134  7.83551e+01 |272  0.00318  8.03588e+01 |273 -0.00230  8.64959e+01
274  0.00241  9.21341e+01 |275  0.00001  7.99388e+01 |276  0.00406  7.07142e+01
277 -0.00013  7.03654e+01 |278 -0.00197  4.38560e+01 |279  0.00070  4.22350e+01
280  0.00103  5.28404e+00 |281  0.00280  1.00977e+01 |282  0.00522 -1.41123e+01
283 -0.01398 -7.10516e+00 |284  0.00686 -1.67382e+00 |285 -0.00146  2.61371e+01
286  0.00059  2.02375e+01 |287  0.00356 -8.82650e+00 |288 -0.00286 -1.42134e+01
289 -0.00080 -1.10864e+01 |290 -0.00301 -1.56181e+01 |291  0.00741  4.38342e+00
292  0.00664  1.51393e+01 |293 -0.00791  1.65691e+01 |294  0.00014  2.10203e+01
295  0.00222  2.28447e+01 |296  0.00829  2.89826e+01 |297 -0.01033  2.01116e+01
298 -0.00413  2.91312e+01 |299 -0.00107  3.46106e+01 |300 -0.00143  4.06432e+01
301  0.00631  4.75867e+01 |302  0.00146  5.68029e+01 |303 -0.00630  6.57280e+01
304  0.00402  5.94994e+01 |305 -0.00352  5.42561e+01 |306  0.00471  5.22272e+01
307 -0.00142  5.17443e+01 |308  0.00065  4.82064e+01 |309 -0.00416  3.81759e+01
310  0.00806  3.31149e+01 |311 -0.00200  2.39524e+01 |312 -0.00478  2.22139e+01
313  0.00639  1.97195e+01 |314  0.00493  1.93565e+01 |315  0.00243  1.35871e+01
316 -0.01001  1.19213e+01 |317  0.00306  7.39157e+00 |318  0.00063  7.43772e+00
319  0.00066  1.65822e+01 |320 -0.00018  1.06872e+01 |321  0.00086  5.32293e+00
322 -0.00475  4.11759e+00 |323  0.01223  7.53308e+00 |324 -0.01805  6.05620e+00
325 -0.00641  3.76344e+00 |
325 variables; iteration 500; function evaluation 551; phase 5
Function value 3.1829191e+03; maximum gradient component mag -3.5333e+01
Var    Value     Gradient |Var    Value     Gradient |Var    Value     Gradient
  1 -0.03462 -4.93266e+00 |  2  1.95550 -1.60846e-01 |  3  1.86373 -2.91146e-01
  4  2.03065  1.76869e-01 |  5 -0.07523  3.90088e-01 |  6 -2.05627 -9.58605e-02
  7  0.04302 -6.00833e-01 |  8  0.00046 -1.20508e-01 |  9 -2.04977 -6.58268e-01
 10  0.01889 -4.42263e-01 | 11  0.21797 -7.47430e-01 | 12 -0.12263  2.70328e-01
 13 -1.95805 -8.53211e-02 | 14 -0.15843  2.81693e-01 | 15 -0.17594 -4.20585e-02
 16  0.23889 -5.52923e-01 | 17  0.00172  7.25866e-03 | 18 -0.11060  5.19886e-02
 19 -0.04850  6.36992e-01 | 20 -0.01277  4.73912e-04 | 21 -0.09628 -5.28291e-02
 22  0.03599 -1.70437e-01 | 23 -0.12293  1.43630e-01 | 24 -0.03390  1.80946e-02
 25  0.01216  3.49156e-01 | 26  0.02495  1.60818e+00 | 27 -0.11254 -5.25776e-02
 28  0.01665  4.71939e-01 | 29  0.05520  1.64312e+00 | 30 -0.08388  5.14604e-01
 31 -0.18840  4.31091e-02 | 32  0.04048  1.36289e+00 | 33  0.05215  6.11666e-01
 34  0.05802  1.03572e+00 | 35  0.04444  1.04998e+00 | 36 -0.04463  6.81689e-01
 37 -0.01592  3.24018e-01 | 38  0.06251  4.35948e-01 | 39 -0.06395  6.07112e-02
 40  0.21474 -1.11526e+00 | 41  0.02227  1.38859e-01 | 42  0.08394  2.63882e-01
 43 -0.06187 -9.02829e-01 | 44  0.17964  3.40928e-01 | 45 -0.03583 -1.48352e-01
 46 -0.03335  6.26786e-03 | 47 -0.01377 -5.70589e-01 | 48 -0.08944 -1.93129e-01
 49  0.11440 -1.11274e+00 | 50  0.01188 -2.74761e-01 | 51 -0.00190  5.41128e-01
 52  0.01987  9.99965e-02 | 53 -0.03384  5.42060e-01 | 54  0.08441 -2.80447e+00
 55  0.00605 -1.68118e-01 | 56 -0.05109 -1.01081e+00 | 57 -0.05671  3.00779e-01
 58  0.08344 -4.41993e-01 | 59 -0.03308 -1.42122e+00 | 60  0.01609  4.83108e-01
 61  0.00771 -9.34948e-01 | 62  0.07279 -7.54395e-01 | 63  0.09908  3.27837e-01
 64 -0.05937  3.57764e-01 | 65 -0.01426 -8.85690e-01 | 66  0.03963 -4.14402e-01
 67  0.00821  9.54884e-01 | 68 -0.04397 -5.69537e-01 | 69  0.03218  5.70071e-01
 70  0.00932  5.62392e-01 | 71  0.14846  4.45148e-02 | 72 -0.07376 -1.73094e-01
 73 -0.03307  7.15078e-01 | 74 -0.04190 -6.64228e-01 | 75  0.01239  1.24265e+00
 76 -0.05776 -1.95977e-01 | 77  0.03065  1.95137e-01 | 78  2.52421  2.46245e-01
 79 -0.66696  1.26308e-01 | 80 -0.80606  7.74398e-02 | 81 -0.70717  3.56483e-01
 82 -0.75360  4.67857e-01 | 83 -0.77228 -7.70569e-02 | 84 -0.82274  4.37796e-01
 85 -1.15069 -2.95866e-01 | 86 -0.82784 -8.85520e-02 | 87 -0.74235 -1.16157e-02
 88 -0.81919  2.09464e-01 | 89 -1.18794  3.12405e-01 | 90 -1.20891 -1.03539e-01
 91 -0.79637  4.79455e-02 | 92 -1.19171 -3.92345e-01 | 93 -1.19052  7.70788e-02
 94 -0.78515 -1.63918e-02 | 95 -0.79482  1.18552e-01 | 96 -0.78892  8.94794e-03
 97 -0.84309  1.77258e-01 | 98 -0.84260  3.26207e-01 | 99 -0.86095  2.04902e-01
100 -1.10567 -5.03624e-01 |101 -0.89786  1.08921e+00 |102  0.54724 -1.61028e+00
103  0.31563  6.79309e-01 |104  0.21579 -7.80921e+00 |105  0.08884  1.64941e+00
106 -0.16939 -6.04120e-02 |107 -0.20616 -3.63274e+00 |108 -0.17638 -2.41585e+00
109  0.00083  1.18568e+00 |110  0.16797  1.50189e-01 |111 -0.02551  2.09403e-01
112  0.17316 -2.98662e+00 |113 -0.07957  8.60557e-02 |114  0.42148  1.10210e-04
115 -0.05471 -5.71517e-01 |116 -0.34318 -3.32747e+00 |117 -0.20714 -2.19550e+00
118 -0.23257 -1.45274e+00 |119 -0.28779 -1.61826e+00 |120  1.94410 -7.89164e-02
121  2.17103  2.33829e-01 |122  0.00422 -9.25992e+00 |123  0.00456 -8.23362e+00
124  0.00736 -7.14014e+00 |125 -0.00376 -7.12870e+00 |126 -0.00476 -7.24208e+00
127 -0.00518 -7.22736e+00 |128 -0.00484 -6.99998e+00 |129 -0.00627 -7.11793e+00
130  0.00943 -7.28241e+00 |131 -0.00211 -7.16828e+00 |132 -0.00567 -7.17010e+00
133 -0.02138 -8.00737e+00 |134  0.00150 -9.23358e+00 |135 -0.00993 -8.92875e+00
136  0.00697 -9.59003e+00 |137  0.00644 -9.12970e+00 |138 -0.00392 -8.69359e+00
139  0.01634 -9.06043e+00 |140 -0.01587 -8.85017e+00 |141 -0.01435 -8.44571e+00
142  0.00902 -7.28647e+00 |143  0.01984 -7.67156e+00 |144 -0.00362 -7.13305e+00
145 -0.02034 -7.07148e+00 |146  0.01964 -7.17805e+00 |147 -0.02338 -6.54210e+00
148  0.02527 -6.38020e+00 |149  0.00175 -5.36130e+00 |150  0.00290 -5.26059e+00
151 -0.00907 -5.23812e+00 |152  0.01218 -5.32345e+00 |153  0.02276 -4.87951e+00
154 -0.02571 -5.18444e+00 |155 -0.02025 -4.94399e+00 |156  0.00557 -5.36074e+00
157  0.00365 -5.29583e+00 |158  0.00468 -3.54223e+00 |159 -0.02214 -4.79684e+00
160 -0.01204 -6.90861e+00 |161  0.02727 -6.50083e+00 |162 -0.00920 -5.67634e+00
163  0.01803 -5.22741e+00 |164 -0.00757 -5.26471e+00 |165 -0.01864 -5.21800e+00
166  0.00817 -5.17195e+00 |167  0.00378 -4.85089e+00 |168 -0.00336 -4.39535e+00
169  0.00528 -3.71684e+00 |170 -0.01855 -3.73653e+00 |171 -0.00150 -3.36960e+00
172  0.02273  1.60376e-01 |173 -0.02915  8.77153e-02 |174  0.01013  6.89149e-01
175  0.02304  1.94091e+00 |176  0.01782  1.55757e+00 |177 -0.00043  5.71828e+00
178 -0.00442  5.81608e+00 |179 -0.01969  5.44942e+00 |180  0.00281  5.81387e+00
181 -0.00041  6.08614e+00 |182  0.00124  3.54298e+00 |183 -0.00430  2.24135e+00
184  0.00465  1.64755e-01 |185 -0.00734 -2.58972e-01 |186 -0.01023  4.49934e-01
187  0.00194 -1.71617e-01 |188 -0.01207 -8.01017e-01 |189  0.01415 -2.52086e-01
190 -0.00890  1.01273e+00 |191  0.00177  5.61966e+00 |192 -0.01002  6.51801e+00
193  0.00834  2.48061e+00 |194  0.00870  2.54687e+00 |195 -0.02689 -6.78380e-01
196  0.01841  2.95489e+00 |197  0.00181  4.79531e+00 |198 -0.03044  1.35419e+00
199  0.01881  1.23332e+00 |200 -0.00305 -2.61151e-01 |201 -0.00060  4.20090e-01
202 -0.00137 -4.57703e-01 |203  0.00831 -2.19856e+00 |204 -0.00988 -2.14183e+00
205  0.00415 -3.06536e+00 |206  0.00309 -3.70738e+00 |207  0.00124 -6.55789e+00
208 -0.00655 -5.77694e+00 |209  0.00992 -7.72974e+00 |210 -0.00952 -7.30568e+00
211  0.00332 -6.30229e+00 |212 -0.00015 -2.51205e+00 |213  0.01018 -1.73010e+00
214 -0.02423 -1.01331e+00 |215  0.01641  1.06914e+00 |216 -0.00766  1.98566e+00
217  0.00382  4.20034e+00 |218 -0.00070  4.87700e+00 |219  0.00685  6.72255e+00
220 -0.00787  6.11446e+00 |221 -0.00018  7.93772e+00 |222  0.01238  7.10345e+00
223 -0.00506  7.49597e+00 |224 -0.00242  6.57453e+00 |225  0.00090  5.70676e+00
226 -0.00077  5.39477e+00 |227  0.00244  5.10632e+00 |228 -0.01724  3.44283e+00
229  0.00880  3.46586e+00 |230  0.00803  3.92808e+00 |231 -0.00726  4.62033e+00
232  0.00734  2.86773e+00 |233 -0.00420  4.64158e+00 |234 -0.00508  4.84857e+00
235  0.00655  3.41546e+00 |236 -0.00498  1.41485e+00 |237  0.00354  2.58023e+00
238  0.00155  3.23474e+00 |239 -0.00481  2.91635e+00 |240 -0.00701  5.71658e+00
241  0.01275  6.89601e+00 |242 -0.00948  9.18826e+00 |243  0.00307  1.06452e+01
244  0.01227  1.19361e+01 |245  0.00535  1.55499e+01 |246 -0.00944  1.63968e+01
247 -0.01374  1.70338e+01 |248  0.01140  1.53043e+01 |249  0.00414  1.46606e+01
250 -0.00639  1.26945e+01 |251 -0.00212  9.18465e+00 |252  0.00402  7.40727e+00
253 -0.00464  5.29124e+00 |254  0.00439  2.92012e+00 |255 -0.01844  2.43652e+00
256  0.00824  1.74440e+00 |257  0.00329  8.53493e-01 |258 -0.00335 -3.53330e+01
259  0.00400 -9.79136e+00 |260 -0.00301 -1.57000e+01 |261 -0.00131 -1.10688e+01
262  0.00326 -1.41832e+01 |263  0.01751 -1.08652e+01 |264 -0.01660 -7.30916e+00
265  0.00594 -3.87816e+00 |266  0.00092 -3.65392e+00 |267 -0.02588 -7.86816e+00
268  0.01243 -8.73342e+00 |269 -0.01079 -1.42632e+01 |270  0.00009 -1.91225e+01
271 -0.00138 -2.41650e+01 |272  0.00306 -2.17227e+01 |273 -0.00218 -2.23404e+01
274  0.00158 -2.08855e+01 |275  0.00076 -1.62965e+01 |276  0.00376 -1.40015e+01
277  0.00008 -9.54539e+00 |278 -0.00216 -8.56606e+00 |279  0.00042 -7.57443e+00
280  0.00163 -2.91888e+00 |281  0.00239 -3.29292e+00 |282  0.00593  1.02621e+00
283 -0.01417  9.05589e-01 |284  0.00739 -8.10634e-01 |285 -0.00217 -3.59434e-01
286  0.00011 -7.25427e-01 |287  0.00397 -9.11682e-01 |288 -0.00259 -1.25371e+00
289 -0.00101 -4.62016e+00 |290 -0.00260 -6.10620e+00 |291  0.00722 -3.85188e+00
292  0.00632 -5.49645e+00 |293 -0.00771 -3.06610e+00 |294  0.00018 -3.54672e+00
295  0.00218 -5.15217e+00 |296  0.00747 -6.33423e+00 |297 -0.00960 -7.15739e+00
298 -0.00401 -7.54856e+00 |299 -0.00114 -8.05800e+00 |300 -0.00139 -8.03479e+00
301  0.00628 -8.07894e+00 |302  0.00145 -7.46863e+00 |303 -0.00643 -8.09731e+00
304  0.00402 -8.10701e+00 |305 -0.00347 -6.92009e+00 |306  0.00480 -5.65929e+00
307 -0.00137 -6.47773e+00 |308  0.00042 -4.73108e+00 |309 -0.00408 -3.56106e+00
310  0.00810 -2.34666e+00 |311 -0.00202 -1.39819e+00 |312 -0.00487  1.89527e-01
313  0.00648  3.91146e+00 |314  0.00490  5.42167e+00 |315  0.00262  6.07018e+00
316 -0.01018  4.77665e+00 |317  0.00313  4.89173e+00 |318  0.00058  3.73503e+00
319  0.00051  6.08630e-01 |320 -0.00007  4.55607e-01 |321  0.00097 -3.30867e-01
322 -0.00475 -2.07841e+00 |323  0.01270 -7.27353e-01 |324 -0.01862 -7.57926e-01
325 -0.00633  2.79360e-01 |
325 variables; iteration 520; function evaluation 571; phase 5
Function value 3.1828757e+03; maximum gradient component mag 2.0108e+01
Var    Value     Gradient |Var    Value     Gradient |Var    Value     Gradient
  1 -0.03463  2.01085e+01 |  2  1.95585 -2.58298e-02 |  3  1.86430 -5.52438e-02
  4  2.03017 -5.95585e-02 |  5 -0.07613  7.97323e-02 |  6 -2.05567 -1.33344e-01
  7  0.04398  6.10914e-02 |  8 -0.00007 -6.63945e-03 |  9 -2.05004 -1.65757e-01
 10  0.01860 -2.08356e-01 | 11  0.21817  1.49563e-01 | 12 -0.12311 -8.94722e-02
 13 -1.95856  5.51462e-02 | 14 -0.15840 -9.17472e-02 | 15 -0.17637 -1.22197e-01
 16  0.23900  6.42053e-01 | 17  0.00112 -7.15580e-02 | 18 -0.11058 -8.27077e-02
 19 -0.04886  5.96694e-02 | 20 -0.01269  1.45447e-01 | 21 -0.09623 -8.94864e-02
 22  0.03597  3.49270e-01 | 23 -0.12237 -4.27553e-02 | 24 -0.03398  2.22066e-01
 25  0.01239  1.37769e-01 | 26  0.02453  4.40604e-01 | 27 -0.11219 -6.88288e-02
 28  0.01658 -5.19833e-02 | 29  0.05509  5.11672e-01 | 30 -0.08372 -8.99680e-02
 31 -0.18824  5.99400e-03 | 32  0.04027  3.73656e-01 | 33  0.05238  4.39062e-01
 34  0.05793  3.53084e-01 | 35  0.04438  2.13374e-01 | 36 -0.04457  1.31426e-01
 37 -0.01634  5.19463e-02 | 38  0.06259  4.09493e-01 | 39 -0.06368 -1.11216e-01
 40  0.21488  6.41777e-01 | 41  0.02238  2.13625e-01 | 42  0.08388 -1.26198e-01
 43 -0.06174 -1.36731e-01 | 44  0.17960  3.47062e-01 | 45 -0.03582 -8.16021e-02
 46 -0.03338 -3.83324e-02 | 47 -0.01376 -8.57368e-02 | 48 -0.08941 -1.68150e-01
 49  0.11441  4.72681e-01 | 50  0.01188 -1.61437e-01 | 51 -0.00196 -1.21627e-01
 52  0.01985 -1.67812e-01 | 53 -0.03390 -2.47402e-01 | 54  0.08449  2.62987e-01
 55  0.00604 -1.32072e-01 | 56 -0.05103 -3.88760e-01 | 57 -0.05673 -1.83167e-01
 58  0.08344 -1.02710e-02 | 59 -0.03301 -1.52895e-01 | 60  0.01607 -6.02010e-01
 61  0.00775 -2.79168e-01 | 62  0.07281 -4.80153e-02 | 63  0.09906 -8.53050e-01
 64 -0.05938 -1.19404e-01 | 65 -0.01421  6.57327e-02 | 66  0.03966  2.41207e-01
 67  0.00818 -1.90418e-01 | 68 -0.04393 -1.79485e-01 | 69  0.03215 -4.07600e-01
 70  0.00928 -2.64224e-01 | 71  0.14845  1.33200e-01 | 72 -0.07370 -1.42443e-01
 73 -0.03309 -3.45140e-01 | 74 -0.04184 -3.91301e-02 | 75  0.01236 -9.95414e-02
 76 -0.05773 -2.57901e-01 | 77  0.03061 -3.00880e-01 | 78  2.52337  1.45937e-01
 79 -0.66699 -3.65552e-02 | 80 -0.80607 -2.36142e-02 | 81 -0.70732  2.41902e-02
 82 -0.75393  2.96350e-02 | 83 -0.77219  4.01272e-02 | 84 -0.82288  8.80308e-02
 85 -1.15063 -1.69684e-01 | 86 -0.82780  9.85635e-02 | 87 -0.74236 -6.41760e-02
 88 -0.81928  5.29639e-02 | 89 -1.18824  4.41356e-03 | 90 -1.20871  4.83612e-02
 91 -0.79637  3.28764e-02 | 92 -1.19156 -1.65213e-01 | 93 -1.19051  1.36393e-02
 94 -0.78518  1.37526e-03 | 95 -0.79487  7.97166e-03 | 96 -0.78893  2.41043e-02
 97 -0.84313  1.97071e-02 | 98 -0.84269  4.18119e-02 | 99 -0.86102  7.58161e-02
100 -1.10560 -5.38689e-02 |101 -0.89800  2.11442e-01 |102  0.55741 -8.82360e-01
103  0.32092  4.00104e+00 |104  0.19584  1.98752e+00 |105  0.08883 -1.00988e+00
106 -0.16941  4.22169e-02 |107 -0.20613 -8.40629e-03 |108 -0.17630  2.42090e-01
109  0.00083 -3.39573e+00 |110  0.16797 -1.47196e-01 |111 -0.02557  3.16238e-01
112  0.17333  8.69201e-02 |113 -0.08026  7.63003e-03 |114  0.42037 -1.48539e-05
115 -0.05475  2.24817e-03 |116 -0.34313 -1.75029e-01 |117 -0.20707 -9.66318e-02
118 -0.23282  7.49821e-02 |119 -0.28671  2.42902e-02 |120  1.94419  4.03948e-02
121  2.17099 -1.10344e-02 |122  0.00805 -3.77845e+00 |123  0.00527 -3.85780e+00
124  0.00383 -3.96662e+00 |125 -0.00445 -3.72865e+00 |126 -0.00485 -3.71365e+00
127 -0.00538 -3.72781e+00 |128 -0.00572 -3.69197e+00 |129 -0.00656 -3.68194e+00
130  0.00904 -3.66709e+00 |131 -0.00300 -3.70398e+00 |132 -0.00681 -3.70214e+00
133 -0.01970 -3.37384e+00 |134  0.00189 -3.31388e+00 |135 -0.01013 -3.42723e+00
136  0.00724 -3.16588e+00 |137  0.00636 -3.16399e+00 |138 -0.00402 -3.26238e+00
139  0.01629 -3.13664e+00 |140 -0.01559 -2.85792e+00 |141 -0.01448 -2.85721e+00
142  0.00889 -3.04280e+00 |143  0.02051 -2.85514e+00 |144 -0.00426 -3.07887e+00
145 -0.02044 -2.89675e+00 |146  0.01987 -2.80367e+00 |147 -0.02352 -2.74274e+00
148  0.02557 -2.86007e+00 |149  0.00147 -2.81611e+00 |150  0.00284 -2.65807e+00
151 -0.00900 -2.61719e+00 |152  0.01267 -2.42536e+00 |153  0.02209 -2.57796e+00
154 -0.02525 -2.43411e+00 |155 -0.02067 -2.59372e+00 |156  0.00603 -2.34259e+00
157  0.00364 -2.56874e+00 |158  0.00322 -2.53271e+00 |159 -0.02164 -2.49206e+00
160 -0.01137 -2.77097e+00 |161  0.02763 -2.49673e+00 |162 -0.00955 -2.51600e+00
163  0.01806 -2.45731e+00 |164 -0.00766 -2.58900e+00 |165 -0.01859 -2.46732e+00
166  0.00823 -2.39037e+00 |167  0.00380 -2.43045e+00 |168 -0.00336 -2.44465e+00
169  0.00519 -2.40466e+00 |170 -0.01849 -2.37412e+00 |171 -0.00148 -2.34507e+00
172  0.02263 -2.18726e+00 |173 -0.02912 -2.08650e+00 |174  0.01021 -2.12104e+00
175  0.02306 -2.19827e+00 |176  0.02158 -2.22847e+00 |177 -0.00263 -2.05190e+00
178 -0.00609 -1.95636e+00 |179 -0.01965 -1.90565e+00 |180  0.00264 -1.60907e+00
181 -0.00235 -1.41352e+00 |182  0.00281 -8.42857e-01 |183 -0.00438 -6.85150e-01
184  0.00517 -5.53591e-02 |185 -0.00699  1.17431e-01 |186 -0.01060  1.64536e-01
187  0.00195 -4.87292e-02 |188 -0.01199 -7.71056e-02 |189  0.01418 -4.31942e-03
190 -0.01005  1.65491e+01 |191  0.00206  1.64843e+01 |192 -0.01053  1.61067e+01
193  0.00865  1.59454e+01 |194  0.00702  1.58939e+01 |195 -0.02501  1.50502e+01
196  0.01834  1.44960e+01 |197  0.00063  1.49932e+01 |198 -0.02898  1.42758e+01
199  0.01821  1.47311e+01 |200 -0.00256  1.49186e+01 |201 -0.00089  1.49311e+01
202 -0.00137  1.48516e+01 |203  0.00824  1.41655e+01 |204 -0.00991  1.42770e+01
205  0.00422  1.41259e+01 |206  0.00284  1.40931e+01 |207  0.00148  1.48448e+01
208 -0.00670  1.47661e+01 |209  0.01010  1.53050e+01 |210 -0.00961  1.43051e+01
211  0.00336  1.31983e+01 |212 -0.00012  1.21647e+01 |213  0.01013  1.20660e+01
214 -0.02415  1.20137e+01 |215  0.01639  1.18435e+01 |216 -0.00775  1.09135e+01
217  0.00385  1.05854e+01 |218 -0.00066  1.00326e+01 |219  0.00675  9.96676e+00
220 -0.00770  9.68745e+00 |221 -0.00025  9.05816e+00 |222  0.01229  8.40879e+00
223 -0.00499  8.17265e+00 |224 -0.00255  7.93039e+00 |225  0.00099  7.99051e+00
226 -0.00072  7.67075e+00 |227  0.00243  7.77304e+00 |228 -0.01721  7.62127e+00
229  0.00877  7.51559e+00 |230  0.00804  7.36849e+00 |231 -0.00731  6.86572e+00
232  0.00740  6.17902e+00 |233 -0.00424  6.20163e+00 |234 -0.00508  6.37955e+00
235  0.00652  5.91791e+00 |236 -0.00493  5.73711e+00 |237  0.00354  4.90436e+00
238  0.00154  4.26269e+00 |239 -0.00481  3.94825e+00 |240 -0.00701  3.15968e+00
241  0.01278  2.46020e+00 |242 -0.00951  1.95834e+00 |243  0.00306  1.74495e+00
244  0.01226  1.40226e+00 |245  0.00535  1.62008e+00 |246 -0.00940  1.88737e+00
247 -0.01384  1.68918e+00 |248  0.01144  1.66900e+00 |249  0.00414  1.68303e+00
250 -0.00642  2.00148e+00 |251 -0.00210  2.50445e+00 |252  0.00401  2.68580e+00
253 -0.00462  2.50136e+00 |254  0.00442  1.83162e+00 |255 -0.01851  1.21153e+00
256  0.00828  6.15928e-01 |257  0.00329  4.47839e-01 |258  0.00154  9.06533e+00
259  0.00344  1.37371e+01 |260 -0.00269  1.46870e+01 |261 -0.00150  1.47346e+01
262  0.00339  1.40164e+01 |263  0.01771  1.30971e+01 |264 -0.01678  1.22964e+01
265  0.00605  1.23003e+01 |266  0.00021  1.30314e+01 |267 -0.02539  1.22795e+01
268  0.01213  1.23356e+01 |269 -0.01058  1.35592e+01 |270  0.00012  1.34268e+01
271 -0.00125  1.33926e+01 |272  0.00304  1.27229e+01 |273 -0.00218  1.23469e+01
274  0.00176  1.23450e+01 |275  0.00056  1.28262e+01 |276  0.00386  1.25378e+01
277 -0.00006  1.20233e+01 |278 -0.00207  1.04912e+01 |279  0.00039  9.31671e+00
280  0.00160  1.05484e+01 |281  0.00249  1.00683e+01 |282  0.00572  9.50475e+00
283 -0.01411  9.86056e+00 |284  0.00751  9.29129e+00 |285 -0.00225  6.75071e+00
286  0.00011  6.23859e+00 |287  0.00401  5.93624e+00 |288 -0.00273  5.53579e+00
289 -0.00089  5.84946e+00 |290 -0.00252  5.67005e+00 |291  0.00709  4.85755e+00
292  0.00645  5.30878e+00 |293 -0.00783  5.52322e+00 |294  0.00016  5.58506e+00
295  0.00221  5.38133e+00 |296  0.00743  4.75268e+00 |297 -0.00957  4.61860e+00
298 -0.00399  4.44521e+00 |299 -0.00110  3.99833e+00 |300 -0.00143  3.64288e+00
301  0.00630  3.94179e+00 |302  0.00145  4.12365e+00 |303 -0.00642  3.77654e+00
304  0.00401  3.77885e+00 |305 -0.00346  3.28887e+00 |306  0.00478  3.31044e+00
307 -0.00136  3.09339e+00 |308  0.00042  2.23193e+00 |309 -0.00408  1.75958e+00
310  0.00809  1.96058e+00 |311 -0.00201  2.00117e+00 |312 -0.00485  1.71697e+00
313  0.00647  1.86464e+00 |314  0.00489  2.10329e+00 |315  0.00265  1.86428e+00
316 -0.01020  1.49616e+00 |317  0.00313  1.21958e+00 |318  0.00057  1.12389e+00
319  0.00055  1.30312e+00 |320 -0.00009  1.30123e+00 |321  0.00097  1.26627e+00
322 -0.00473  7.49816e-01 |323  0.01275  6.14621e-01 |324 -0.01866  2.09259e-01
325 -0.00634  2.58022e-01 |
325 variables; iteration 540; function evaluation 591; phase 5
Function value 3.1828615e+03; maximum gradient component mag -1.7367e+01
Var    Value     Gradient |Var    Value     Gradient |Var    Value     Gradient
  1 -0.03464  6.08879e+00 |  2  1.95608  6.79038e-02 |  3  1.86442  1.60859e-02
  4  2.03045  2.33321e-02 |  5 -0.07649 -4.22878e-02 |  6 -2.05512 -5.60919e-02
  7  0.04486 -1.54523e-01 |  8 -0.00029 -4.64943e-02 |  9 -2.05007  1.46741e-01
 10  0.01844 -2.12306e-01 | 11  0.21825 -2.50195e-02 | 12 -0.12314  6.20992e-02
 13 -1.95860  6.75969e-02 | 14 -0.15823 -7.40250e-02 | 15 -0.17661 -5.99113e-02
 16  0.23900 -4.94009e-01 | 17  0.00134 -2.34364e-01 | 18 -0.11090 -1.21425e-01
 19 -0.04879 -1.24396e-01 | 20 -0.01274 -1.82151e-01 | 21 -0.09623 -1.49763e-01
 22  0.03599 -1.15152e-01 | 23 -0.12244 -5.45344e-02 | 24 -0.03388  2.81822e-01
 25  0.01241 -6.86764e-02 | 26  0.02456  2.00583e-01 | 27 -0.11230  2.40254e-02
 28  0.01663 -4.91938e-02 | 29  0.05512  4.29214e-01 | 30 -0.08368 -2.89225e-02
 31 -0.18838 -6.93752e-02 | 32  0.04034  6.49697e-02 | 33  0.05226  2.24156e-01
 34  0.05803  3.98007e-01 | 35  0.04440  1.00886e-01 | 36 -0.04441  2.16057e-01
 37 -0.01650  6.88994e-02 | 38  0.06270  1.52000e-01 | 39 -0.06415 -6.49827e-02
 40  0.21495  6.20888e-01 | 41  0.02238  2.76101e-01 | 42  0.08393  3.66313e-02
 43 -0.06172  5.27185e-02 | 44  0.17962  2.57788e-01 | 45 -0.03585 -3.83363e-01
 46 -0.03339 -1.89916e-01 | 47 -0.01375 -1.69844e-02 | 48 -0.08936  2.46885e-01
 49  0.11443  5.71989e-01 | 50  0.01190 -1.03157e-01 | 51 -0.00195 -1.62437e-01
 52  0.01986 -7.30706e-02 | 53 -0.03389 -2.06737e-01 | 54  0.08448 -5.31854e-01
 55  0.00605  1.05159e-02 | 56 -0.05098  2.79303e-01 | 57 -0.05672 -1.74274e-01
 58  0.08346  5.22631e-01 | 59 -0.03299 -1.04901e-01 | 60  0.01612  3.78164e-01
 61  0.00777  1.99514e-01 | 62  0.07283  4.07106e-01 | 63  0.09909  1.21780e-01
 64 -0.05940 -2.98452e-01 | 65 -0.01422 -9.93954e-02 | 66  0.03966  2.20649e-01
 67  0.00818 -1.81011e-01 | 68 -0.04391 -3.56711e-02 | 69  0.03217  4.03533e-02
 70  0.00928 -2.82894e-01 | 71  0.14845 -2.58025e-01 | 72 -0.07368  3.85113e-02
 73 -0.03307 -1.68810e-01 | 74 -0.04186 -6.80768e-01 | 75  0.01240  4.69470e-01
 76 -0.05772 -1.44123e-01 | 77  0.03060 -3.18046e-01 | 78  2.52236 -1.85987e-01
 79 -0.66692  6.77798e-02 | 80 -0.80603  1.08115e-01 | 81 -0.70735 -3.75851e-02
 82 -0.75403 -4.22704e-02 | 83 -0.77224 -4.37493e-02 | 84 -0.82291 -1.77125e-03
 85 -1.15060 -6.05778e-02 | 86 -0.82789 -2.66838e-02 | 87 -0.74238 -9.43204e-02
 88 -0.81931 -2.83228e-02 | 89 -1.18837 -7.66080e-02 | 90 -1.20851  2.27313e-01
 91 -0.79651 -4.68141e-02 | 92 -1.19156 -1.39283e-01 | 93 -1.19052 -2.73881e-02
 94 -0.78525 -5.72957e-02 | 95 -0.79491 -4.38910e-02 | 96 -0.78894  6.73934e-03
 97 -0.84312  1.38407e-01 | 98 -0.84270 -2.35367e-02 | 99 -0.86112 -1.36920e-01
100 -1.10559 -1.46039e-03 |101 -0.89802  1.11413e-01 |102  0.58139 -1.34747e+00
103  0.29250 -3.45579e+00 |104  0.21248 -6.30593e-01 |105  0.08884  2.01463e+00
106 -0.16941  9.60883e-01 |107 -0.20612  1.05463e+00 |108 -0.17629  9.05681e-01
109  0.00083 -4.97098e+00 |110  0.16796 -2.42469e+00 |111 -0.02557 -5.01825e-01
112  0.17338  3.53450e-01 |113 -0.08133 -2.23785e-01 |114  0.42016 -3.91753e-05
115 -0.05476  1.44374e-01 |116 -0.34316  1.62013e+00 |117 -0.20677  3.42063e+00
118 -0.23325  5.76798e-01 |119 -0.28616  6.00951e-01 |120  1.94415 -5.60822e-02
121  2.17098 -2.17670e-02 |122  0.00494 -7.99403e+00 |123  0.00588 -7.17264e+00
124  0.00373 -7.47842e+00 |125 -0.00464 -7.43076e+00 |126 -0.00494 -7.39951e+00
127 -0.00524 -7.35792e+00 |128 -0.00611 -7.46031e+00 |129 -0.00699 -7.47144e+00
130  0.00900 -7.40944e+00 |131 -0.00287 -7.40069e+00 |132 -0.00662 -7.39769e+00
133 -0.01998 -7.25629e+00 |134  0.00188 -7.41610e+00 |135 -0.01015 -7.59823e+00
136  0.00722 -7.35023e+00 |137  0.00630 -7.36904e+00 |138 -0.00393 -7.13914e+00
139  0.01635 -7.22955e+00 |140 -0.01575 -7.13381e+00 |141 -0.01432 -6.91609e+00
142  0.00882 -6.89126e+00 |143  0.02008 -7.06980e+00 |144 -0.00408 -6.85727e+00
145 -0.02028 -6.58808e+00 |146  0.01993 -6.13419e+00 |147 -0.02348 -6.16687e+00
148  0.02549 -6.48323e+00 |149  0.00175 -6.24244e+00 |150  0.00247 -6.49056e+00
151 -0.00880 -6.17861e+00 |152  0.01227 -6.27519e+00 |153  0.02253 -6.04839e+00
154 -0.02546 -6.11967e+00 |155 -0.02061 -6.15782e+00 |156  0.00581 -5.88278e+00
157  0.00386 -5.84254e+00 |158  0.00347 -5.57846e+00 |159 -0.02213 -5.88647e+00
160 -0.01111 -5.25407e+00 |161  0.02758 -4.76752e+00 |162 -0.00949 -4.64491e+00
163  0.01787 -4.40690e+00 |164 -0.00745 -4.02847e+00 |165 -0.01864 -3.99131e+00
166  0.00825 -3.39217e+00 |167  0.00380 -3.37896e+00 |168 -0.00334 -3.24817e+00
169  0.00520 -3.23167e+00 |170 -0.01852 -3.24725e+00 |171 -0.00149 -3.11881e+00
172  0.02266 -2.04641e+00 |173 -0.02915 -2.02276e+00 |174  0.01020 -1.55908e+00
175  0.02305 -1.28172e+00 |176  0.02204 -1.01572e+00 |177 -0.00237 -1.12042e+00
178 -0.00662 -1.27148e+00 |179 -0.01974 -1.14962e+00 |180  0.00261 -1.11308e+00
181 -0.00190 -8.79375e-01 |182  0.00241 -1.06621e+00 |183 -0.00424 -1.10556e+00
184  0.00504 -1.52107e+00 |185 -0.00693 -1.84397e+00 |186 -0.01076 -2.11258e+00
187  0.00190 -2.15901e+00 |188 -0.01194 -1.62922e+00 |189  0.01414 -4.69666e-01
190 -0.00444 -1.71683e+01 |191  0.00241 -1.73669e+01 |192 -0.01049 -1.71436e+01
193  0.00873 -1.64721e+01 |194  0.00656 -1.57328e+01 |195 -0.02431 -1.58127e+01
196  0.01819 -1.64068e+01 |197  0.00033 -1.62103e+01 |198 -0.02851 -1.69064e+01
199  0.01794 -1.68823e+01 |200 -0.00276 -1.70522e+01 |201 -0.00065 -1.66639e+01
202 -0.00148 -1.67312e+01 |203  0.00826 -1.62867e+01 |204 -0.00989 -1.54404e+01
205  0.00420 -1.52764e+01 |206  0.00288 -1.52122e+01 |207  0.00143 -1.41640e+01
208 -0.00669 -1.31191e+01 |209  0.00999 -1.16717e+01 |210 -0.00949 -9.57129e+00
211  0.00335 -1.07514e+01 |212 -0.00012 -1.11363e+01 |213  0.01015 -1.08242e+01
214 -0.02415 -1.08757e+01 |215  0.01635 -1.15883e+01 |216 -0.00769 -1.13589e+01
217  0.00382 -1.13810e+01 |218 -0.00066 -1.21345e+01 |219  0.00670 -1.13425e+01
220 -0.00760 -1.11574e+01 |221 -0.00038 -1.20613e+01 |222  0.01250 -1.18049e+01
223 -0.00512 -1.30679e+01 |224 -0.00254 -1.34012e+01 |225  0.00097 -1.27674e+01
226 -0.00069 -1.23403e+01 |227  0.00243 -1.19971e+01 |228 -0.01725 -1.15627e+01
229  0.00881 -1.09340e+01 |230  0.00803 -1.07745e+01 |231 -0.00732 -1.03024e+01
232  0.00742 -9.13011e+00 |233 -0.00424 -8.75772e+00 |234 -0.00508 -7.49684e+00
235  0.00652 -7.20143e+00 |236 -0.00495 -6.76444e+00 |237  0.00355 -4.95913e+00
238  0.00154 -4.58347e+00 |239 -0.00480 -3.88575e+00 |240 -0.00701 -2.93484e+00
241  0.01277 -2.04723e+00 |242 -0.00951 -1.15095e+00 |243  0.00308 -7.37638e-01
244  0.01228 -5.75516e-01 |245  0.00535 -1.68106e+00 |246 -0.00942 -1.73596e+00
247 -0.01383 -1.70984e+00 |248  0.01144 -1.19217e+00 |249  0.00415 -7.18317e-01
250 -0.00641 -9.06782e-01 |251 -0.00211 -1.38429e+00 |252  0.00400 -1.93128e+00
253 -0.00462 -2.16153e+00 |254  0.00441 -2.47809e+00 |255 -0.01850 -2.52786e+00
256  0.00827 -1.70742e+00 |257  0.00331 -9.55526e-02 |258 -0.00186 -3.24362e+00
259  0.00309 -1.45341e+01 |260 -0.00273 -1.47022e+01 |261 -0.00154 -1.43188e+01
262  0.00346 -1.27563e+01 |263  0.01739 -1.46223e+01 |264 -0.01651 -1.46073e+01
265  0.00627 -1.36981e+01 |266 -0.00029 -1.48458e+01 |267 -0.02508 -1.41297e+01
268  0.01225 -1.37075e+01 |269 -0.01077 -1.46466e+01 |270  0.00021 -1.26103e+01
271 -0.00128 -1.18946e+01 |272  0.00305 -1.09903e+01 |273 -0.00218 -1.07545e+01
274  0.00173 -1.03125e+01 |275  0.00061 -8.21930e+00 |276  0.00385 -7.72728e+00
277 -0.00007 -7.44537e+00 |278 -0.00207 -6.32169e+00 |279  0.00039 -8.01004e+00
280  0.00160 -5.75584e+00 |281  0.00250 -5.83362e+00 |282  0.00572 -6.67860e+00
283 -0.01409 -7.06773e+00 |284  0.00745 -8.04788e+00 |285 -0.00219 -8.88320e+00
286  0.00012 -1.02490e+01 |287  0.00402 -1.19736e+01 |288 -0.00282 -1.31818e+01
289 -0.00079 -1.05732e+01 |290 -0.00270 -1.18039e+01 |291  0.00725 -9.65308e+00
292  0.00642 -9.80427e+00 |293 -0.00782 -8.53582e+00 |294  0.00015 -7.72054e+00
295  0.00222 -7.33359e+00 |296  0.00746 -7.77496e+00 |297 -0.00960 -7.77489e+00
298 -0.00399 -7.80620e+00 |299 -0.00110 -8.09810e+00 |300 -0.00145 -7.39536e+00
301  0.00630 -6.59612e+00 |302  0.00145 -5.29758e+00 |303 -0.00643 -5.19202e+00
304  0.00402 -4.64887e+00 |305 -0.00347 -3.63309e+00 |306  0.00478 -3.30712e+00
307 -0.00135 -2.38483e+00 |308  0.00042 -1.75411e+00 |309 -0.00408 -1.14147e+00
310  0.00810 -1.04896e+00 |311 -0.00203 -1.16923e+00 |312 -0.00485 -1.18467e+00
313  0.00646 -2.37114e+00 |314  0.00490 -2.45812e+00 |315  0.00265 -2.87148e+00
316 -0.01020 -2.64522e+00 |317  0.00312 -2.20110e+00 |318  0.00057 -1.82892e+00
319  0.00054 -2.32946e+00 |320 -0.00008 -2.66124e+00 |321  0.00097 -2.93610e+00
322 -0.00475 -3.41777e+00 |323  0.01275 -2.66604e+00 |324 -0.01865 -1.62075e+00
325 -0.00635 -2.43668e-01 |
325 variables; iteration 560; function evaluation 611; phase 5
Function value 3.1828523e+03; maximum gradient component mag 1.1148e+01
Var    Value     Gradient |Var    Value     Gradient |Var    Value     Gradient
  1 -0.03463  8.74240e+00 |  2  1.95617  6.96287e-02 |  3  1.86444  1.62970e-02
  4  2.03045  5.04599e-03 |  5 -0.07625  6.70871e-02 |  6 -2.05513 -3.79419e-02
  7  0.04487  2.44243e-01 |  8 -0.00047 -9.91829e-02 |  9 -2.05007 -2.53041e-02
 10  0.01866  2.58946e-02 | 11  0.21816 -3.44590e-02 | 12 -0.12324 -5.73559e-02
 13 -1.95857  9.13855e-02 | 14 -0.15832 -6.42045e-02 | 15 -0.17659 -4.49950e-02
 16  0.23899  3.19145e-01 | 17  0.00127 -2.32503e-02 | 18 -0.11048 -3.11832e-02
 19 -0.04888  2.17935e-02 | 20 -0.01271 -6.42356e-03 | 21 -0.09630 -9.38498e-02
 22  0.03601  3.58979e-01 | 23 -0.12232  1.34922e-03 | 24 -0.03398  1.37799e-01
 25  0.01236 -1.29650e-01 | 26  0.02450 -3.75649e-02 | 27 -0.11227 -1.14547e-01
 28  0.01676 -4.23104e-02 | 29  0.05504 -2.49704e-02 | 30 -0.08360 -4.71837e-02
 31 -0.18825 -4.71244e-02 | 32  0.04037  2.28367e-01 | 33  0.05221 -4.44425e-02
 34  0.05792  3.87485e-02 | 35  0.04433 -1.56550e-01 | 36 -0.04467 -4.39187e-02
 37 -0.01625 -5.45954e-02 | 38  0.06255  1.41376e-01 | 39 -0.06369 -4.14052e-02
 40  0.21488 -1.81865e-02 | 41  0.02230 -3.16487e-02 | 42  0.08393  1.18091e-01
 43 -0.06175 -6.22830e-02 | 44  0.17960  1.05633e-01 | 45 -0.03581  2.88146e-02
 46 -0.03338  7.94976e-02 | 47 -0.01376  9.12412e-02 | 48 -0.08940  4.69409e-02
 49  0.11440  3.99888e-02 | 50  0.01189  8.60560e-02 | 51 -0.00195  1.12287e-01
 52  0.01986  2.17620e-01 | 53 -0.03389  5.26565e-03 | 54  0.08448  3.64975e-01
 55  0.00604  1.89559e-01 | 56 -0.05101 -1.31852e-02 | 57 -0.05673 -6.94818e-02
 58  0.08345  3.27956e-01 | 59 -0.03300  9.56052e-02 | 60  0.01609  7.21741e-02
 61  0.00775 -8.05219e-02 | 62  0.07281  1.42617e-01 | 63  0.09908  2.20380e-02
 64 -0.05939 -2.23705e-03 | 65 -0.01422 -1.65339e-01 | 66  0.03964 -2.81703e-01
 67  0.00819  1.74393e-01 | 68 -0.04393 -2.07915e-01 | 69  0.03216 -8.90374e-02
 70  0.00928 -8.59645e-02 | 71  0.14844 -4.60728e-01 | 72 -0.07372 -1.61202e-01
 73 -0.03309 -1.71288e-01 | 74 -0.04185 -1.34161e-01 | 75  0.01236 -1.76473e-01
 76 -0.05772 -9.13080e-02 | 77  0.03064  4.95352e-02 | 78  2.52262 -6.57821e-02
 79 -0.66696  3.47804e-02 | 80 -0.80606 -7.56696e-03 | 81 -0.70738 -5.28499e-03
 82 -0.75398 -3.15605e-02 | 83 -0.77220  2.05109e-02 | 84 -0.82293 -2.16293e-02
 85 -1.15053  6.71496e-02 | 86 -0.82786 -3.75969e-02 | 87 -0.74232 -1.44771e-02
 88 -0.81932 -2.55848e-02 | 89 -1.18822  3.12446e-02 | 90 -1.20875 -1.89333e-02
 91 -0.79642 -1.29413e-02 | 92 -1.19149 -1.00525e-01 | 93 -1.19046  4.84980e-02
 94 -0.78521  9.15976e-03 | 95 -0.79488  2.13024e-02 | 96 -0.78899 -3.33814e-02
 97 -0.84314 -3.25187e-03 | 98 -0.84274 -6.06239e-03 | 99 -0.86101  7.46794e-02
100 -1.10557  8.16831e-02 |101 -0.89804 -1.14830e-01 |102  0.59878 -7.04773e-01
103  0.26923 -1.70487e+00 |104  0.21178  2.62832e+00 |105  0.08884  1.52058e-01
106 -0.16941  4.66302e-01 |107 -0.20611  9.08600e-01 |108 -0.17631  5.15512e-01
109  0.00083  3.63644e-01 |110  0.16797 -2.39278e-01 |111 -0.02558 -1.23983e+00
112  0.17335 -1.50533e-01 |113 -0.08071 -9.48385e-02 |114  0.42077  3.17610e-05
115 -0.05476  2.91879e-01 |116 -0.34306  2.04384e+00 |117 -0.20722 -1.03962e+00
118 -0.23272  1.66956e-01 |119 -0.28664  1.87688e-01 |120  1.94419  1.03058e-01
121  2.17101 -1.99140e-02 |122  0.00633 -3.45234e+00 |123  0.00383 -3.63368e+00
124  0.00273 -3.70864e+00 |125 -0.00481 -3.59778e+00 |126 -0.00525 -3.60479e+00
127 -0.00575 -3.62010e+00 |128 -0.00602 -3.57243e+00 |129 -0.00684 -3.56815e+00
130  0.00893 -3.51333e+00 |131 -0.00298 -3.51879e+00 |132 -0.00678 -3.51680e+00
133 -0.01963 -3.20181e+00 |134  0.00170 -3.85371e+00 |135 -0.01005 -3.75635e+00
136  0.00720 -3.58395e+00 |137  0.00630 -3.52105e+00 |138 -0.00395 -3.35956e+00
139  0.01643 -3.27614e+00 |140 -0.01568 -3.29149e+00 |141 -0.01454 -3.40946e+00
142  0.00887 -3.12277e+00 |143  0.02051 -2.82580e+00 |144 -0.00376 -2.89995e+00
145 -0.02086 -3.13861e+00 |146  0.01982 -3.23511e+00 |147 -0.02352 -3.31921e+00
148  0.02556 -3.26906e+00 |149  0.00156 -3.20888e+00 |150  0.00275 -3.19565e+00
151 -0.00900 -3.10033e+00 |152  0.01238 -3.01946e+00 |153  0.02259 -2.78762e+00
154 -0.02555 -3.04329e+00 |155 -0.02055 -3.05281e+00 |156  0.00582 -2.97459e+00
157  0.00380 -3.00784e+00 |158  0.00324 -2.93949e+00 |159 -0.02177 -2.95273e+00
160 -0.01126 -2.89491e+00 |161  0.02765 -2.77423e+00 |162 -0.00958 -2.83323e+00
163  0.01801 -2.59783e+00 |164 -0.00757 -2.57513e+00 |165 -0.01863 -2.53519e+00
166  0.00822 -2.40690e+00 |167  0.00379 -2.32753e+00 |168 -0.00332 -2.10230e+00
169  0.00516 -2.10463e+00 |170 -0.01848 -1.99183e+00 |171 -0.00146 -1.86204e+00
172  0.02263 -1.79605e+00 |173 -0.02914 -1.75434e+00 |174  0.01020 -1.64665e+00
175  0.02305 -1.60569e+00 |176  0.02193 -1.39648e+00 |177 -0.00262 -1.48351e+00
178 -0.00631 -1.46739e+00 |179 -0.01972 -1.41180e+00 |180  0.00272 -1.28387e+00
181 -0.00212 -1.36029e+00 |182  0.00251 -1.33951e+00 |183 -0.00440 -1.31352e+00
184  0.00510 -8.48549e-01 |185 -0.00705 -4.10004e-01 |186 -0.01053 -1.60739e-01
187  0.00197 -1.85061e-01 |188 -0.01197 -9.43875e-02 |189  0.01418  3.53968e-02
190  0.00059 -7.65024e+00 |191  0.00246 -8.62413e+00 |192 -0.01049 -8.61466e+00
193  0.00866 -8.79052e+00 |194  0.00674 -8.71113e+00 |195 -0.02475 -9.09735e+00
196  0.01841 -9.23233e+00 |197  0.00033 -9.02820e+00 |198 -0.02855 -9.28327e+00
199  0.01806 -8.69007e+00 |200 -0.00265 -8.78606e+00 |201 -0.00089 -8.77998e+00
202 -0.00132 -8.46967e+00 |203  0.00825 -8.16391e+00 |204 -0.00988 -7.84450e+00
205  0.00420 -7.58236e+00 |206  0.00283 -7.58037e+00 |207  0.00148 -7.34594e+00
208 -0.00669 -7.30786e+00 |209  0.01008 -7.68698e+00 |210 -0.00958 -8.05876e+00
211  0.00329 -8.53992e+00 |212 -0.00005 -8.18992e+00 |213  0.01011 -8.30595e+00
214 -0.02416 -8.42152e+00 |215  0.01638 -7.88231e+00 |216 -0.00769 -7.77482e+00
217  0.00382 -7.72550e+00 |218 -0.00067 -7.59166e+00 |219  0.00677 -7.09756e+00
220 -0.00774 -6.66649e+00 |221 -0.00023 -6.19692e+00 |222  0.01230 -5.88394e+00
223 -0.00501 -5.65388e+00 |224 -0.00249 -5.56394e+00 |225  0.00093 -5.23262e+00
226 -0.00068 -4.94914e+00 |227  0.00243 -4.41736e+00 |228 -0.01720 -4.42276e+00
229  0.00875 -4.47981e+00 |230  0.00804 -3.73194e+00 |231 -0.00731 -3.49370e+00
232  0.00740 -3.58728e+00 |233 -0.00424 -3.04929e+00 |234 -0.00508 -2.75894e+00
235  0.00653 -2.54816e+00 |236 -0.00495 -3.16141e+00 |237  0.00353 -3.56768e+00
238  0.00155 -3.16796e+00 |239 -0.00481 -2.88760e+00 |240 -0.00701 -2.38912e+00
241  0.01278 -1.91180e+00 |242 -0.00951 -1.89362e+00 |243  0.00306 -2.06625e+00
244  0.01227 -1.73232e+00 |245  0.00536 -1.50839e+00 |246 -0.00942 -1.45692e+00
247 -0.01380 -1.50265e+00 |248  0.01141 -1.71724e+00 |249  0.00415 -1.70125e+00
250 -0.00643 -2.03425e+00 |251 -0.00209 -1.77266e+00 |252  0.00400 -1.62383e+00
253 -0.00462 -1.20199e+00 |254  0.00441 -4.97954e-01 |255 -0.01851 -4.87118e-01
256  0.00829 -5.61666e-01 |257  0.00330 -1.73005e-01 |258 -0.00176  1.11482e+01
259  0.00312  3.79857e+00 |260 -0.00270  3.92530e+00 |261 -0.00151  3.54220e+00
262  0.00339  3.81815e+00 |263  0.01768  3.87919e+00 |264 -0.01671  3.63022e+00
265  0.00616  2.70498e+00 |266 -0.00011  2.57222e+00 |267 -0.02520  3.08248e+00
268  0.01221  3.05663e+00 |269 -0.01061  2.52711e+00 |270  0.00007  1.35963e+00
271 -0.00127  1.57786e+00 |272  0.00303  1.84187e+00 |273 -0.00215  2.55929e+00
274  0.00177  2.14639e+00 |275  0.00055  1.82669e+00 |276  0.00386  1.73704e+00
277 -0.00006  1.09173e+00 |278 -0.00207  2.04580e-01 |279  0.00046 -6.43239e-01
280  0.00152 -2.19633e+00 |281  0.00250 -2.18132e+00 |282  0.00576 -2.03889e+00
283 -0.01414 -1.54261e+00 |284  0.00745 -1.10627e+00 |285 -0.00219 -1.04204e+00
286  0.00012 -7.88366e-01 |287  0.00400 -1.13044e+00 |288 -0.00268 -1.00721e+00
289 -0.00093 -1.52352e+00 |290 -0.00251 -1.25682e+00 |291  0.00710 -2.01590e+00
292  0.00639 -2.14885e+00 |293 -0.00778 -5.34571e-01 |294  0.00014  3.14124e-01
295  0.00222  1.14004e+00 |296  0.00741  1.66945e+00 |297 -0.00955  2.00159e+00
298 -0.00399  2.66025e+00 |299 -0.00110  2.68038e+00 |300 -0.00143  2.60236e+00
301  0.00630  2.40729e+00 |302  0.00145  2.39930e+00 |303 -0.00642  2.44720e+00
304  0.00402  1.93718e+00 |305 -0.00346  1.49379e+00 |306  0.00478  1.42227e+00
307 -0.00136  1.34185e+00 |308  0.00043  1.70381e+00 |309 -0.00408  1.72735e+00
310  0.00809  1.37147e+00 |311 -0.00201  1.06934e+00 |312 -0.00485  8.68683e-01
313  0.00647  7.65096e-01 |314  0.00490  7.28475e-01 |315  0.00262  2.22506e-01
316 -0.01017  2.58353e-01 |317  0.00313  7.13726e-02 |318  0.00057 -7.28497e-01
319  0.00054 -9.22816e-01 |320 -0.00008 -6.61038e-01 |321  0.00096 -4.53432e-01
322 -0.00473  2.82622e-01 |323  0.01277  1.62324e-01 |324 -0.01868  5.42611e-02
325 -0.00635 -5.46263e-02 |
325 variables; iteration 580; function evaluation 631; phase 5
Function value 3.1828492e+03; maximum gradient component mag -4.7440e+00
Var    Value     Gradient |Var    Value     Gradient |Var    Value     Gradient
  1 -0.03463 -2.42745e+00 |  2  1.95589  1.56029e-02 |  3  1.86440  5.38827e-02
  4  2.03023 -1.90697e-02 |  5 -0.07625  1.32835e-02 |  6 -2.05543  3.92633e-02
  7  0.04442 -2.00151e-02 |  8 -0.00027  2.76428e-02 |  9 -2.05001  6.79364e-02
 10  0.01868  5.90101e-02 | 11  0.21818 -9.29565e-02 | 12 -0.12330  3.28975e-02
 13 -1.95854  2.59235e-03 | 14 -0.15826  2.65827e-02 | 15 -0.17671  2.24755e-02
 16  0.23901 -4.84457e-02 | 17  0.00123 -1.58970e-02 | 18 -0.11062  1.52222e-02
 19 -0.04883  1.97043e-02 | 20 -0.01273  2.39062e-02 | 21 -0.09614  1.51369e-02
 22  0.03596  4.27286e-02 | 23 -0.12231 -1.64427e-02 | 24 -0.03400  4.42792e-02
 25  0.01244  4.16209e-02 | 26  0.02450 -9.48930e-02 | 27 -0.11222 -1.29903e-02
 28  0.01673 -2.27597e-03 | 29  0.05506 -9.98060e-02 | 30 -0.08363 -5.57060e-02
 31 -0.18827 -8.15565e-03 | 32  0.04033 -9.40586e-02 | 33  0.05225 -5.62991e-02
 34  0.05791 -9.54513e-02 | 35  0.04437 -8.13406e-02 | 36 -0.04467 -6.52258e-02
 37 -0.01623 -4.88814e-02 | 38  0.06255 -5.60137e-02 | 39 -0.06379 -1.51240e-02
 40  0.21488 -1.62568e-01 | 41  0.02235  1.54967e-02 | 42  0.08392 -1.03180e-01
 43 -0.06174 -4.43260e-02 | 44  0.17961 -2.09765e-01 | 45 -0.03581 -4.39620e-02
 46 -0.03338 -4.14986e-02 | 47 -0.01375 -5.03663e-03 | 48 -0.08941 -6.58956e-02
 49  0.11441 -5.73369e-02 | 50  0.01189 -6.69469e-02 | 51 -0.00194  4.66802e-02
 52  0.01986 -8.00714e-02 | 53 -0.03389 -2.93281e-04 | 54  0.08448 -9.49170e-02
 55  0.00604 -7.04581e-03 | 56 -0.05101  3.06832e-02 | 57 -0.05672  5.90435e-02
 58  0.08344  1.13404e-02 | 59 -0.03300  8.93826e-02 | 60  0.01609  2.60878e-02
 61  0.00776  1.10199e-01 | 62  0.07281 -5.81716e-02 | 63  0.09908  4.43986e-02
 64 -0.05938  5.32886e-02 | 65 -0.01422  3.11880e-02 | 66  0.03965  2.42594e-01
 67  0.00818  1.37792e-01 | 68 -0.04393 -2.62288e-02 | 69  0.03217  2.09667e-01
 70  0.00928  1.43633e-02 | 71  0.14845  2.64882e-01 | 72 -0.07371 -1.77181e-02
 73 -0.03308  3.22565e-02 | 74 -0.04185 -8.24818e-02 | 75  0.01237  2.88609e-01
 76 -0.05771  4.62515e-02 | 77  0.03062 -1.46130e-03 | 78  2.52305 -6.87813e-03
 79 -0.66699 -8.21285e-03 | 80 -0.80607 -1.18439e-02 | 81 -0.70737 -8.38466e-03
 82 -0.75396 -2.27514e-04 | 83 -0.77220  2.23082e-02 | 84 -0.82292 -9.77484e-03
 85 -1.15058 -2.41532e-02 | 86 -0.82785 -1.42406e-02 | 87 -0.74230  1.48647e-04
 88 -0.81930  3.87465e-03 | 89 -1.18826  9.18924e-03 | 90 -1.20874  2.30808e-02
 91 -0.79641 -5.40024e-04 | 92 -1.19143  5.61508e-02 | 93 -1.19050  2.08002e-02
 94 -0.78520 -1.10873e-02 | 95 -0.79488 -5.71907e-03 | 96 -0.78895 -1.24553e-02
 97 -0.84314  1.41751e-02 | 98 -0.84270  1.31947e-02 | 99 -0.86103  6.65432e-02
100 -1.10558  4.54563e-02 |101 -0.89802  1.11996e-02 |102  0.60877 -4.27120e-01
103  0.26278 -1.15305e+00 |104  0.20001 -5.88242e-01 |105  0.08884  1.73172e-01
106 -0.16941 -1.30417e-01 |107 -0.20612 -3.14934e-01 |108 -0.17631 -2.66031e-01
109  0.00083 -2.18675e+00 |110  0.16797  4.39465e-01 |111 -0.02556  4.17540e-01
112  0.17333 -1.85192e-02 |113 -0.08034 -1.74011e-02 |114  0.42047 -4.20375e-06
115 -0.05475 -7.65033e-02 |116 -0.34313 -1.19549e-01 |117 -0.20705  6.43818e-02
118 -0.23285  2.22289e-02 |119 -0.28668  2.15450e-02 |120  1.94414  2.08003e-02
121  2.17103  3.99876e-02 |122  0.00527 -1.81789e+00 |123  0.00392 -1.72612e+00
124  0.00296 -1.77390e+00 |125 -0.00487 -1.83248e+00 |126 -0.00531 -1.84442e+00
127 -0.00574 -1.84294e+00 |128 -0.00619 -1.84564e+00 |129 -0.00700 -1.84462e+00
130  0.00879 -1.84260e+00 |131 -0.00300 -1.83869e+00 |132 -0.00677 -1.83494e+00
133 -0.01979 -1.57627e+00 |134  0.00181 -1.78713e+00 |135 -0.01008 -1.73539e+00
136  0.00723 -1.76319e+00 |137  0.00630 -1.76824e+00 |138 -0.00394 -1.66165e+00
139  0.01642 -1.65337e+00 |140 -0.01573 -1.70278e+00 |141 -0.01448 -1.70964e+00
142  0.00887 -1.71359e+00 |143  0.02038 -1.69244e+00 |144 -0.00393 -1.70681e+00
145 -0.02062 -1.73446e+00 |146  0.01983 -1.75636e+00 |147 -0.02350 -1.73441e+00
148  0.02558 -1.73082e+00 |149  0.00153 -1.72472e+00 |150  0.00281 -1.68673e+00
151 -0.00904 -1.70540e+00 |152  0.01243 -1.69598e+00 |153  0.02242 -1.57638e+00
154 -0.02549 -1.66860e+00 |155 -0.02049 -1.64285e+00 |156  0.00580 -1.65180e+00
157  0.00379 -1.68343e+00 |158  0.00326 -1.60893e+00 |159 -0.02172 -1.62696e+00
160 -0.01131 -1.74321e+00 |161  0.02759 -1.65962e+00 |162 -0.00951 -1.60316e+00
163  0.01802 -1.56381e+00 |164 -0.00758 -1.60255e+00 |165 -0.01864 -1.60226e+00
166  0.00822 -1.55619e+00 |167  0.00381 -1.57698e+00 |168 -0.00335 -1.59283e+00
169  0.00521 -1.60996e+00 |170 -0.01852 -1.64739e+00 |171 -0.00148 -1.61819e+00
172  0.02264 -1.53560e+00 |173 -0.02913 -1.50367e+00 |174  0.01020 -1.48694e+00
175  0.02308 -1.42922e+00 |176  0.02208 -1.35560e+00 |177 -0.00264 -1.57912e+00
178 -0.00644 -1.60474e+00 |179 -0.01975 -1.53106e+00 |180  0.00267 -1.40973e+00
181 -0.00208 -1.34619e+00 |182  0.00252 -1.30767e+00 |183 -0.00431 -1.27681e+00
184  0.00501 -1.27249e+00 |185 -0.00698 -8.45427e-01 |186 -0.01064 -7.72325e-01
187  0.00199 -5.92890e-01 |188 -0.01196 -3.72097e-01 |189  0.01418 -6.64374e-02
190  0.00206 -4.74404e+00 |191  0.00239 -4.42981e+00 |192 -0.01047 -4.29313e+00
193  0.00865 -4.28436e+00 |194  0.00637 -4.22045e+00 |195 -0.02443 -4.02265e+00
196  0.01856 -3.60560e+00 |197  0.00008 -3.72139e+00 |198 -0.02835 -3.58041e+00
199  0.01799 -3.66350e+00 |200 -0.00263 -3.63736e+00 |201 -0.00084 -3.55492e+00
202 -0.00140 -3.58316e+00 |203  0.00828 -3.57808e+00 |204 -0.00993 -3.61883e+00
205  0.00424 -3.45726e+00 |206  0.00283 -3.41302e+00 |207  0.00149 -3.39295e+00
208 -0.00670 -3.33199e+00 |209  0.01008 -3.60712e+00 |210 -0.00958 -3.94068e+00
211  0.00331 -4.13439e+00 |212 -0.00007 -4.00648e+00 |213  0.01012 -4.10365e+00
214 -0.02417 -4.19979e+00 |215  0.01639 -3.89025e+00 |216 -0.00770 -3.67598e+00
217  0.00383 -3.50800e+00 |218 -0.00067 -3.59594e+00 |219  0.00677 -3.70559e+00
220 -0.00775 -3.74253e+00 |221 -0.00025 -3.38730e+00 |222  0.01234 -3.44535e+00
223 -0.00504 -3.35284e+00 |224 -0.00257 -3.41638e+00 |225  0.00101 -3.19252e+00
226 -0.00069 -3.24156e+00 |227  0.00242 -3.28960e+00 |228 -0.01721 -3.33083e+00
229  0.00877 -3.13173e+00 |230  0.00804 -2.97777e+00 |231 -0.00731 -3.05784e+00
232  0.00741 -3.14614e+00 |233 -0.00424 -3.11254e+00 |234 -0.00508 -2.87171e+00
235  0.00652 -2.73927e+00 |236 -0.00493 -2.54715e+00 |237  0.00353 -2.55056e+00
238  0.00155 -2.37397e+00 |239 -0.00480 -2.34753e+00 |240 -0.00701 -2.41451e+00
241  0.01278 -2.39904e+00 |242 -0.00951 -2.40486e+00 |243  0.00307 -2.40841e+00
244  0.01227 -2.26801e+00 |245  0.00535 -2.34605e+00 |246 -0.00942 -2.22350e+00
247 -0.01381 -2.16136e+00 |248  0.01142 -1.88750e+00 |249  0.00414 -1.48249e+00
250 -0.00641 -1.43957e+00 |251 -0.00211 -1.48643e+00 |252  0.00401 -1.39185e+00
253 -0.00462 -1.05541e+00 |254  0.00441 -8.32567e-01 |255 -0.01852 -7.06712e-01
256  0.00830 -4.76654e-01 |257  0.00329 -2.80305e-01 |258  0.00075 -2.39607e+00
259  0.00331 -1.57572e+00 |260 -0.00272 -1.75490e+00 |261 -0.00149 -1.63189e+00
262  0.00339 -1.65411e+00 |263  0.01763 -1.54602e+00 |264 -0.01670 -1.12730e+00
265  0.00620 -1.25024e+00 |266 -0.00017 -1.14270e+00 |267 -0.02515 -9.84063e-01
268  0.01217 -1.00680e+00 |269 -0.01062 -5.96719e-01 |270  0.00013 -6.52387e-01
271 -0.00128 -9.71841e-01 |272  0.00306 -1.01811e+00 |273 -0.00220 -1.39970e+00
274  0.00178 -1.39504e+00 |275  0.00054 -2.09764e+00 |276  0.00385 -2.16763e+00
277 -0.00006 -2.13178e+00 |278 -0.00208 -2.59932e+00 |279  0.00043 -2.87531e+00
280  0.00155 -2.70322e+00 |281  0.00250 -2.62575e+00 |282  0.00576 -2.63118e+00
283 -0.01414 -2.37947e+00 |284  0.00745 -2.39784e+00 |285 -0.00219 -2.19222e+00
286  0.00011 -2.24403e+00 |287  0.00400 -2.17251e+00 |288 -0.00269 -2.14667e+00
289 -0.00092 -2.10922e+00 |290 -0.00256 -2.16588e+00 |291  0.00715 -1.58117e+00
292  0.00648 -1.63874e+00 |293 -0.00786 -2.53046e+00 |294  0.00015 -2.74856e+00
295  0.00221 -2.79029e+00 |296  0.00742 -2.80832e+00 |297 -0.00956 -2.49340e+00
298 -0.00399 -2.46417e+00 |299 -0.00110 -2.69940e+00 |300 -0.00143 -2.87374e+00
301  0.00630 -2.92369e+00 |302  0.00145 -2.69208e+00 |303 -0.00642 -2.61174e+00
304  0.00401 -2.39999e+00 |305 -0.00346 -2.27627e+00 |306  0.00478 -2.41698e+00
307 -0.00136 -2.46297e+00 |308  0.00043 -2.48414e+00 |309 -0.00408 -2.44458e+00
310  0.00809 -2.40059e+00 |311 -0.00202 -2.53737e+00 |312 -0.00485 -2.51640e+00
313  0.00647 -2.63649e+00 |314  0.00489 -2.52003e+00 |315  0.00263 -2.50713e+00
316 -0.01018 -2.23313e+00 |317  0.00312 -1.88245e+00 |318  0.00057 -1.56979e+00
319  0.00055 -1.35998e+00 |320 -0.00009 -1.33302e+00 |321  0.00096 -1.09551e+00
322 -0.00473 -9.25824e-01 |323  0.01277 -7.53316e-01 |324 -0.01868 -5.43923e-01
325 -0.00634 -2.27949e-01 |
325 variables; iteration 600; function evaluation 651; phase 5
Function value 3.1828476e+03; maximum gradient component mag -5.0664e+00
Var    Value     Gradient |Var    Value     Gradient |Var    Value     Gradient
  1 -0.03463  1.02307e+00 |  2  1.95590  1.32182e-02 |  3  1.86439  4.45388e-02
  4  2.03022 -2.16123e-02 |  5 -0.07621  2.33148e-02 |  6 -2.05544  7.57122e-02
  7  0.04441  6.19922e-02 |  8 -0.00028  2.32914e-02 |  9 -2.05011 -5.32980e-02
 10  0.01860 -2.83748e-02 | 11  0.21822  1.22730e-01 | 12 -0.12341 -4.38754e-02
 13 -1.95866  3.01657e-02 | 14 -0.15824 -5.56426e-02 | 15 -0.17689 -1.59503e-02
 16  0.23900 -3.25737e-01 | 17  0.00131 -4.42665e-02 | 18 -0.11067 -6.23053e-02
 19 -0.04882  5.90314e-03 | 20 -0.01273 -1.29604e-01 | 21 -0.09619 -7.17995e-03
 22  0.03598 -1.53296e-01 | 23 -0.12250 -2.51726e-02 | 24 -0.03400 -6.32246e-02
 25  0.01249  7.12510e-03 | 26  0.02448 -1.82331e-01 | 27 -0.11222 -1.06636e-02
 28  0.01669 -7.95302e-02 | 29  0.05507 -1.11032e-01 | 30 -0.08358  1.88556e-02
 31 -0.18827 -2.71300e-02 | 32  0.04034 -2.96690e-02 | 33  0.05224 -1.13328e-01
 34  0.05793 -7.36460e-02 | 35  0.04436 -4.73022e-02 | 36 -0.04462 -2.76927e-02
 37 -0.01625 -3.04266e-02 | 38  0.06251  1.41821e-02 | 39 -0.06349  1.13051e-02
 40  0.21488 -1.16803e-01 | 41  0.02227 -1.91459e-01 | 42  0.08392 -1.03882e-01
 43 -0.06172 -1.58597e-02 | 44  0.17961 -8.23193e-02 | 45 -0.03580  3.09525e-02
 46 -0.03337  1.21898e-02 | 47 -0.01373  2.86192e-01 | 48 -0.08941 -6.63843e-02
 49  0.11441 -1.76277e-01 | 50  0.01189 -1.22331e-01 | 51 -0.00194  3.76816e-02
 52  0.01986  5.29623e-02 | 53 -0.03389 -1.11689e-02 | 54  0.08448 -1.38010e-01
 55  0.00605  2.65394e-01 | 56 -0.05101  5.98824e-02 | 57 -0.05671  1.05188e-01
 58  0.08343 -2.13815e-01 | 59 -0.03299  1.07686e-01 | 60  0.01609  2.82137e-02
 61  0.00777  3.24938e-01 | 62  0.07283  4.68015e-01 | 63  0.09908  1.37535e-01
 64 -0.05939  1.11596e-02 | 65 -0.01422  8.64040e-02 | 66  0.03965  2.99540e-01
 67  0.00818  1.45786e-01 | 68 -0.04392  3.71150e-02 | 69  0.03217  2.30802e-01
 70  0.00928 -5.82667e-02 | 71  0.14846  3.81555e-01 | 72 -0.07371 -2.37360e-02
 73 -0.03307  1.37466e-01 | 74 -0.04183  5.80280e-02 | 75  0.01235 -2.40699e-01
 76 -0.05770  1.05927e-01 | 77  0.03063  2.77643e-02 | 78  2.52312  3.55974e-02
 79 -0.66699 -1.86721e-02 | 80 -0.80608 -4.23911e-02 | 81 -0.70738 -3.63146e-02
 82 -0.75396 -2.16295e-02 | 83 -0.77220  5.17430e-03 | 84 -0.82293 -5.11345e-02
 85 -1.15057  4.27794e-02 | 86 -0.82785 -2.48223e-02 | 87 -0.74227  7.66360e-03
 88 -0.81932 -4.87980e-02 | 89 -1.18830 -1.26381e-02 | 90 -1.20871  6.95884e-02
 91 -0.79641 -2.32637e-02 | 92 -1.19135  2.10832e-01 | 93 -1.19052 -8.66200e-04
 94 -0.78520 -2.70476e-02 | 95 -0.79489 -1.53209e-02 | 96 -0.78895  5.20226e-03
 97 -0.84314  2.52694e-02 | 98 -0.84272 -3.60940e-03 | 99 -0.86104  1.97160e-02
100 -1.10557  1.22437e-01 |101 -0.89803 -7.60889e-02 |102  0.62302 -2.81552e-01
103  0.26346  1.88265e-01 |104  0.20010 -1.19558e+00 |105  0.08884  6.51629e-01
106 -0.16941  6.44321e-01 |107 -0.20612  5.63708e-01 |108 -0.17631  2.25033e-01
109  0.00083 -2.90355e+00 |110  0.16796 -2.29896e+00 |111 -0.02557 -7.15631e-01
112  0.17334 -3.08865e-01 |113 -0.08048 -4.86074e-02 |114  0.42000 -5.82689e-05
115 -0.05475  1.84826e-01 |116 -0.34312 -2.00306e-03 |117 -0.20706  2.77658e-02
118 -0.23284  3.06234e-02 |119 -0.28668  1.97144e-02 |120  1.94419  7.95472e-02
121  2.17108  1.31355e-01 |122  0.00409 -1.12841e+00 |123  0.00277 -1.05077e+00
124  0.00244 -9.37931e-01 |125 -0.00466 -6.79363e-01 |126 -0.00508 -6.82406e-01
127 -0.00552 -6.76344e-01 |128 -0.00605 -6.97925e-01 |129 -0.00685 -6.94514e-01
130  0.00884 -6.68329e-01 |131 -0.00290 -6.69242e-01 |132 -0.00661 -6.63812e-01
133 -0.02011 -6.10527e-01 |134  0.00175 -8.23572e-01 |135 -0.01002 -6.32649e-01
136  0.00720 -7.33864e-01 |137  0.00636 -7.25998e-01 |138 -0.00397 -7.17929e-01
139  0.01645 -7.68074e-01 |140 -0.01576 -9.30273e-01 |141 -0.01447 -9.50837e-01
142  0.00885 -1.00970e+00 |143  0.02033 -1.03326e+00 |144 -0.00388 -9.91085e-01
145 -0.02063 -1.03740e+00 |146  0.01984 -9.84918e-01 |147 -0.02351 -9.85986e-01
148  0.02556 -9.73960e-01 |149  0.00152 -9.26464e-01 |150  0.00279 -8.44501e-01
151 -0.00898 -7.78317e-01 |152  0.01238 -8.17101e-01 |153  0.02246 -6.21234e-01
154 -0.02542 -7.38114e-01 |155 -0.02058 -8.01028e-01 |156  0.00586 -6.72872e-01
157  0.00376 -7.50684e-01 |158  0.00345 -6.56550e-01 |159 -0.02177 -8.75441e-01
160 -0.01147 -1.39408e+00 |161  0.02761 -9.79816e-01 |162 -0.00952 -9.66939e-01
163  0.01800 -9.49808e-01 |164 -0.00756 -9.47132e-01 |165 -0.01864 -9.71435e-01
166  0.00822 -1.03580e+00 |167  0.00381 -1.07709e+00 |168 -0.00335 -1.15096e+00
169  0.00521 -1.24424e+00 |170 -0.01853 -1.31458e+00 |171 -0.00148 -1.28795e+00
172  0.02267 -1.05256e+00 |173 -0.02916 -1.10146e+00 |174  0.01021 -9.40252e-01
175  0.02313 -8.35917e-01 |176  0.02215 -9.76197e-01 |177 -0.00255 -1.25899e+00
178 -0.00645 -1.32374e+00 |179 -0.01991 -1.33816e+00 |180  0.00264 -1.33389e+00
181 -0.00205 -1.28265e+00 |182  0.00251 -1.29787e+00 |183 -0.00437 -1.33857e+00
184  0.00508 -1.14407e+00 |185 -0.00700 -9.60843e-01 |186 -0.01065 -9.03675e-01
187  0.00199 -7.03815e-01 |188 -0.01196 -4.62096e-01 |189  0.01417 -1.17872e-01
190  0.00194  1.32825e+00 |191  0.00237  1.41109e+00 |192 -0.01050  1.60095e+00
193  0.00868  1.66187e+00 |194  0.00626  1.61759e+00 |195 -0.02421  2.00459e+00
196  0.01850  1.06831e+00 |197 -0.00018  7.09874e-01 |198 -0.02799  1.29036e+00
199  0.01785  6.90020e-01 |200 -0.00268  7.04606e-01 |201 -0.00080  8.30535e-01
202 -0.00138  8.62485e-01 |203  0.00826  9.62280e-01 |204 -0.00990  8.12375e-01
205  0.00419  5.62137e-01 |206  0.00291  3.56427e-01 |207  0.00144 -1.34453e-01
208 -0.00672 -6.38006e-01 |209  0.01007 -6.32311e-01 |210 -0.00956 -2.91712e-01
211  0.00333  5.25477e-01 |212 -0.00008  2.26475e-01 |213  0.01011  1.35429e-01
214 -0.02416  1.16151e-01 |215  0.01639  1.04059e-01 |216 -0.00770 -4.72615e-01
217  0.00382 -6.43164e-01 |218 -0.00065 -6.47677e-01 |219  0.00675 -8.07006e-01
220 -0.00774 -8.23436e-01 |221 -0.00020 -3.89595e-01 |222  0.01221 -3.81665e-01
223 -0.00496  9.19502e-01 |224 -0.00248  8.57299e-01 |225  0.00093  9.67734e-01
226 -0.00070  8.43008e-01 |227  0.00241  1.00271e+00 |228 -0.01722  9.55401e-01
229  0.00880  1.30237e+00 |230  0.00803  1.10180e+00 |231 -0.00731  1.03657e+00
232  0.00741  1.07496e+00 |233 -0.00424  1.13765e+00 |234 -0.00508  1.25574e+00
235  0.00652  1.42335e+00 |236 -0.00493  1.57113e+00 |237  0.00353  8.89451e-01
238  0.00155  5.13691e-01 |239 -0.00481  1.55911e-01 |240 -0.00702  1.36161e-01
241  0.01279  2.13990e-01 |242 -0.00951  8.38370e-02 |243  0.00307 -6.10114e-02
244  0.01227 -7.87320e-02 |245  0.00536 -6.16693e-02 |246 -0.00943 -5.71118e-01
247 -0.01384 -6.67536e-01 |248  0.01144 -4.78738e-01 |249  0.00414 -1.57211e-01
250 -0.00642 -9.27164e-02 |251 -0.00210  2.05336e-02 |252  0.00401 -4.90921e-03
253 -0.00462 -2.87471e-01 |254  0.00440 -6.70287e-01 |255 -0.01851 -5.00323e-01
256  0.00830 -1.84831e-02 |257  0.00329  2.46612e-01 |258  0.00071 -5.06636e+00
259  0.00332 -3.41324e+00 |260 -0.00270 -3.39804e+00 |261 -0.00152 -3.75499e+00
262  0.00340 -3.70113e+00 |263  0.01770 -3.01977e+00 |264 -0.01677 -4.06169e+00
265  0.00629 -4.15018e+00 |266 -0.00042 -4.58140e+00 |267 -0.02500 -4.03736e+00
268  0.01220 -3.90492e+00 |269 -0.01065 -4.04547e+00 |270  0.00012 -4.17026e+00
271 -0.00127 -3.44918e+00 |272  0.00304 -3.38659e+00 |273 -0.00216 -2.86230e+00
274  0.00171 -3.00538e+00 |275  0.00061 -1.73105e+00 |276  0.00387 -2.06678e+00
277 -0.00009 -2.37795e+00 |278 -0.00207 -2.00207e+00 |279  0.00044 -1.36318e+00
280  0.00156 -1.36641e+00 |281  0.00250 -1.54865e+00 |282  0.00575 -1.49032e+00
283 -0.01414 -1.52694e+00 |284  0.00745 -1.35215e+00 |285 -0.00219 -1.00991e+00
286  0.00010 -9.02032e-01 |287  0.00402 -8.22824e-02 |288 -0.00270 -8.97034e-02
289 -0.00092  1.93356e-01 |290 -0.00244  6.28988e-01 |291  0.00704 -6.62322e-01
292  0.00639 -6.40511e-01 |293 -0.00777  9.97481e-01 |294  0.00015  7.48500e-01
295  0.00221  9.42646e-01 |296  0.00745  1.02720e+00 |297 -0.00959  1.00254e+00
298 -0.00399  8.64728e-01 |299 -0.00110  9.07928e-01 |300 -0.00143  8.58683e-01
301  0.00630  8.57978e-01 |302  0.00144  8.63687e-01 |303 -0.00642  1.19710e+00
304  0.00401  1.46770e+00 |305 -0.00345  1.29215e+00 |306  0.00477  8.89333e-01
307 -0.00136  8.59358e-01 |308  0.00043  9.01470e-01 |309 -0.00408  8.35318e-01
310  0.00809  7.88199e-01 |311 -0.00202  5.12699e-01 |312 -0.00485  7.43318e-01
313  0.00647  6.14927e-01 |314  0.00489  3.42155e-01 |315  0.00265  9.20788e-02
316 -0.01020 -6.22133e-02 |317  0.00313  1.48444e-01 |318  0.00057  1.39859e-01
319  0.00055  9.67119e-02 |320 -0.00009 -1.78949e-01 |321  0.00097 -4.58536e-01
322 -0.00474 -1.05423e+00 |323  0.01275 -1.14911e+00 |324 -0.01867 -5.98233e-01
325 -0.00634  6.80481e-02 |
325 variables; iteration 620; function evaluation 671; phase 5
Function value 3.1828417e+03; maximum gradient component mag -1.5762e+01
Var    Value     Gradient |Var    Value     Gradient |Var    Value     Gradient
  1 -0.03463 -5.17235e+00 |  2  1.95579 -4.11149e-02 |  3  1.86426 -1.07421e-01
  4  2.03014 -6.85402e-02 |  5 -0.07625  1.16718e-03 |  6 -2.05556  3.09630e-02
  7  0.04430 -1.24879e-01 |  8 -0.00021 -3.34597e-02 |  9 -2.05004 -4.20148e-02
 10  0.01854 -1.54858e-01 | 11  0.21817 -1.66248e-01 | 12 -0.12331  4.41319e-02
 13 -1.95859  9.48870e-02 | 14 -0.15820  7.54538e-03 | 15 -0.17683 -1.29613e-03
 16  0.23903 -1.88418e-01 | 17  0.00120 -1.33171e-01 | 18 -0.11057 -3.54388e-02
 19 -0.04878  1.13655e-01 | 20 -0.01274  2.51037e-03 | 21 -0.09610 -3.96851e-02
 22  0.03593 -1.93516e-01 | 23 -0.12210  1.35683e-02 | 24 -0.03400  3.11906e-02
 25  0.01245 -1.00860e-01 | 26  0.02445 -5.39074e-01 | 27 -0.11234  4.26735e-02
 28  0.01673 -1.11318e-01 | 29  0.05505 -3.08027e-01 | 30 -0.08354 -3.58338e-02
 31 -0.18824  7.37171e-03 | 32  0.04031 -2.44148e-01 | 33  0.05235  3.30449e-02
 34  0.05784 -3.85207e-01 | 35  0.04438 -2.33085e-01 | 36 -0.04472 -2.06932e-01
 37 -0.01624 -2.47790e-02 | 38  0.06257 -1.20684e-01 | 39 -0.06391 -1.38290e-02
 40  0.21492 -5.55686e-02 | 41  0.02228 -2.27465e-01 | 42  0.08393 -1.74480e-01
 43 -0.06173 -2.92669e-02 | 44  0.17962 -1.93923e-02 | 45 -0.03580  5.90062e-02
 46 -0.03338 -7.48600e-02 | 47 -0.01374  2.52310e-01 | 48 -0.08940  1.87710e-02
 49  0.11441  3.01880e-02 | 50  0.01189 -1.60508e-02 | 51 -0.00196 -8.94622e-02
 52  0.01986  4.07024e-02 | 53 -0.03389  4.42996e-02 | 54  0.08449  3.76645e-01
 55  0.00603 -7.75040e-02 | 56 -0.05101  1.88732e-01 | 57 -0.05672  1.70491e-01
 58  0.08344  1.71997e-01 | 59 -0.03299  2.86610e-01 | 60  0.01608 -7.21843e-02
 61  0.00777  4.81177e-01 | 62  0.07283  6.06203e-01 | 63  0.09909  2.20308e-01
 64 -0.05940 -7.76829e-02 | 65 -0.01422  8.95564e-02 | 66  0.03966  1.90119e-01
 67  0.00819  3.81839e-01 | 68 -0.04391  2.47841e-01 | 69  0.03216  1.41268e-01
 70  0.00929  3.38253e-02 | 71  0.14845  9.98631e-02 | 72 -0.07370  1.47927e-01
 73 -0.03308  1.18041e-01 | 74 -0.04184 -1.18329e-02 | 75  0.01236 -1.42639e-01
 76 -0.05772  4.69280e-02 | 77  0.03064  6.54049e-02 | 78  2.52322  1.38218e-01
 79 -0.66702 -5.81950e-02 | 80 -0.80608 -6.59056e-02 | 81 -0.70738 -2.82547e-02
 82 -0.75394 -2.39225e-02 | 83 -0.77221 -1.40000e-02 | 84 -0.82291 -2.22747e-02
 85 -1.15060 -7.45599e-02 | 86 -0.82782  2.58458e-02 | 87 -0.74234 -5.88885e-02
 88 -0.81932 -4.74056e-02 | 89 -1.18834 -5.88605e-02 | 90 -1.20874  3.95268e-02
 91 -0.79636  1.39450e-02 | 92 -1.19137  1.48331e-01 | 93 -1.19051 -1.14133e-02
 94 -0.78521 -4.37415e-02 | 95 -0.79489 -2.18996e-02 | 96 -0.78896  1.00780e-02
 97 -0.84315 -3.03463e-02 | 98 -0.84273 -5.42484e-02 | 99 -0.86103 -5.00073e-02
100 -1.10557  1.30649e-01 |101 -0.89802 -5.46464e-02 |102  0.67116  1.45409e-01
103  0.27458 -1.32916e+00 |104  0.20515 -3.56065e+00 |105  0.08884  6.02234e-01
106 -0.16942 -5.05869e-01 |107 -0.20612 -4.18992e-01 |108 -0.17633 -4.95011e-01
109  0.00083  2.98533e+00 |110  0.16796  1.09549e+00 |111 -0.02555  2.27973e+00
112  0.17331  2.85824e-01 |113 -0.08034 -1.35811e-02 |114  0.42051  7.30571e-07
115 -0.05475  3.58106e-02 |116 -0.34311 -6.54624e-01 |117 -0.20719 -1.34409e+00
118 -0.23267 -7.74890e-02 |119 -0.28688 -1.35601e-01 |120  1.94425  1.53743e-01
121  2.17101 -7.34079e-02 |122  0.00258  1.81674e+00 |123  0.00164  1.86398e+00
124  0.00122  1.90768e+00 |125 -0.00533  1.98098e+00 |126 -0.00558  2.00795e+00
127 -0.00595  2.01988e+00 |128 -0.00631  2.03506e+00 |129 -0.00720  2.01214e+00
130  0.00886  2.06890e+00 |131 -0.00284  2.06672e+00 |132 -0.00655  2.06439e+00
133 -0.02034  1.99692e+00 |134  0.00189  2.19675e+00 |135 -0.01013  2.14201e+00
136  0.00728  2.20885e+00 |137  0.00619  2.13439e+00 |138 -0.00389  2.44820e+00
139  0.01643  2.53942e+00 |140 -0.01574  2.47447e+00 |141 -0.01442  2.48218e+00
142  0.00883  2.84307e+00 |143  0.02029  2.74239e+00 |144 -0.00392  2.82137e+00
145 -0.02057  2.83065e+00 |146  0.01988  2.98069e+00 |147 -0.02352  2.96081e+00
148  0.02560  2.84595e+00 |149  0.00148  2.81532e+00 |150  0.00283  2.91061e+00
151 -0.00898  2.93637e+00 |152  0.01258  2.89782e+00 |153  0.02211  2.77900e+00
154 -0.02521  2.97284e+00 |155 -0.02072  2.75883e+00 |156  0.00604  3.10343e+00
157  0.00366  2.87796e+00 |158  0.00307  2.81478e+00 |159 -0.02167  2.96888e+00
160 -0.01121  3.11843e+00 |161  0.02766  3.12102e+00 |162 -0.00957  3.01712e+00
163  0.01795  2.91316e+00 |164 -0.00752  3.04243e+00 |165 -0.01862  3.02883e+00
166  0.00820  2.85594e+00 |167  0.00380  2.90070e+00 |168 -0.00334  2.99997e+00
169  0.00521  3.01616e+00 |170 -0.01851  2.99848e+00 |171 -0.00147  3.03417e+00
172  0.02265  2.89615e+00 |173 -0.02914  2.87627e+00 |174  0.01021  2.62549e+00
175  0.02308  2.43535e+00 |176  0.02210  2.44300e+00 |177 -0.00245  2.24559e+00
178 -0.00640  2.16971e+00 |179 -0.01996  2.11642e+00 |180  0.00272  2.05990e+00
181 -0.00218  1.82586e+00 |182  0.00257  1.89715e+00 |183 -0.00426  1.78258e+00
184  0.00501  1.40322e+00 |185 -0.00710  1.15402e+00 |186 -0.01051  1.34865e+00
187  0.00198  1.02100e+00 |188 -0.01203  6.44503e-01 |189  0.01418  1.55558e-01
190 -0.00045 -6.21453e+00 |191  0.00234 -5.92121e+00 |192 -0.01048 -5.96408e+00
193  0.00865 -6.15392e+00 |194  0.00642 -5.81137e+00 |195 -0.02435 -5.65218e+00
196  0.01844 -6.10902e+00 |197 -0.00006 -6.36970e+00 |198 -0.02817 -6.08245e+00
199  0.01795 -5.83202e+00 |200 -0.00264 -6.12603e+00 |201 -0.00087 -6.13247e+00
202 -0.00137 -4.99138e+00 |203  0.00830 -4.93114e+00 |204 -0.00996 -5.02570e+00
205  0.00427 -4.56538e+00 |206  0.00275 -4.18133e+00 |207  0.00154 -3.90593e+00
208 -0.00669 -3.48571e+00 |209  0.00999 -4.00162e+00 |210 -0.00948 -1.82475e+00
211  0.00329 -1.19364e+00 |212 -0.00006 -8.46857e-01 |213  0.01010 -9.26988e-01
214 -0.02416 -8.69125e-01 |215  0.01640 -5.60367e-01 |216 -0.00773  1.69451e-01
217  0.00385  1.04945e+00 |218 -0.00067  1.54319e+00 |219  0.00677  1.51860e+00
220 -0.00774  1.87306e+00 |221 -0.00027  2.37863e+00 |222  0.01240  2.55181e+00
223 -0.00508  1.90111e+00 |224 -0.00254  1.90207e+00 |225  0.00098  1.96577e+00
226 -0.00068  2.13757e+00 |227  0.00243  2.50484e+00 |228 -0.01724  2.50852e+00
229  0.00879  2.33961e+00 |230  0.00804  2.32476e+00 |231 -0.00731  2.08351e+00
232  0.00740  1.87220e+00 |233 -0.00424  1.85878e+00 |234 -0.00508  1.92903e+00
235  0.00652  2.03097e+00 |236 -0.00494  1.86665e+00 |237  0.00353  1.70860e+00
238  0.00155  1.94396e+00 |239 -0.00480  2.01012e+00 |240 -0.00701  1.80654e+00
241  0.01278  1.99856e+00 |242 -0.00951  1.53770e+00 |243  0.00306  1.44377e+00
244  0.01227  1.83978e+00 |245  0.00536  1.80918e+00 |246 -0.00943  1.76589e+00
247 -0.01379  1.85405e+00 |248  0.01142  1.75597e+00 |249  0.00414  1.58646e+00
250 -0.00642  1.52381e+00 |251 -0.00211  1.62533e+00 |252  0.00402  1.44320e+00
253 -0.00463  6.19604e-01 |254  0.00441  7.92560e-01 |255 -0.01853  3.45189e-01
256  0.00831  6.08795e-01 |257  0.00329  1.38768e-01 |258 -0.00047 -1.57617e+01
259  0.00334 -1.33474e+01 |260 -0.00274 -1.32714e+01 |261 -0.00148 -1.11526e+01
262  0.00339 -1.10209e+01 |263  0.01763 -9.52510e+00 |264 -0.01666 -9.91357e+00
265  0.00625 -1.12327e+01 |266 -0.00031 -1.17853e+01 |267 -0.02510 -1.09887e+01
268  0.01218 -1.07271e+01 |269 -0.01060 -1.06777e+01 |270  0.00011 -1.06361e+01
271 -0.00129 -1.10742e+01 |272  0.00308 -1.05477e+01 |273 -0.00221 -1.08324e+01
274  0.00184 -1.04064e+01 |275  0.00048 -1.24689e+01 |276  0.00385 -1.19448e+01
277 -0.00006 -1.10469e+01 |278 -0.00208 -9.54706e+00 |279  0.00047 -8.93711e+00
280  0.00154 -9.64958e+00 |281  0.00252 -9.64912e+00 |282  0.00574 -1.00271e+01
283 -0.01415 -9.72991e+00 |284  0.00748 -9.20268e+00 |285 -0.00222 -9.21995e+00
286  0.00012 -8.82888e+00 |287  0.00400 -7.83619e+00 |288 -0.00269 -7.24311e+00
289 -0.00090 -6.27194e+00 |290 -0.00260 -5.95632e+00 |291  0.00719 -4.71843e+00
292  0.00645 -4.58446e+00 |293 -0.00784 -4.93823e+00 |294  0.00015 -4.85025e+00
295  0.00222 -4.46208e+00 |296  0.00744 -4.54399e+00 |297 -0.00959 -4.92822e+00
298 -0.00400 -4.81272e+00 |299 -0.00110 -4.33834e+00 |300 -0.00143 -4.21281e+00
301  0.00630 -3.95921e+00 |302  0.00145 -3.53764e+00 |303 -0.00642 -3.24725e+00
304  0.00401 -3.13517e+00 |305 -0.00346 -3.19479e+00 |306  0.00478 -2.95889e+00
307 -0.00136 -2.51860e+00 |308  0.00043 -2.34515e+00 |309 -0.00408 -1.98320e+00
310  0.00809 -1.90565e+00 |311 -0.00201 -1.79115e+00 |312 -0.00485 -1.39514e+00
313  0.00647 -1.24210e+00 |314  0.00490 -9.17939e-01 |315  0.00262 -1.10966e+00
316 -0.01017 -8.92522e-01 |317  0.00312 -5.32111e-01 |318  0.00057  2.23129e-01
319  0.00055  7.34728e-01 |320 -0.00009  4.92311e-01 |321  0.00097  1.00034e-01
322 -0.00473  3.20555e-01 |323  0.01277 -1.90859e-02 |324 -0.01868  1.78159e-01
325 -0.00635 -1.72494e-01 |
325 variables; iteration 640; function evaluation 691; phase 5
Function value 3.1828384e+03; maximum gradient component mag 7.1982e+00
Var    Value     Gradient |Var    Value     Gradient |Var    Value     Gradient
  1 -0.03463  7.19824e+00 |  2  1.95588  5.85225e-03 |  3  1.86437  3.17965e-02
  4  2.03032  1.19024e-02 |  5 -0.07618  5.00674e-02 |  6 -2.05543 -2.85571e-02
  7  0.04440  6.91079e-02 |  8 -0.00025  3.99383e-03 |  9 -2.05011 -1.27364e-01
 10  0.01856 -2.72421e-02 | 11  0.21820  1.13471e-01 | 12 -0.12328 -1.57340e-02
 13 -1.95852  4.95404e-02 | 14 -0.15828 -4.97268e-02 | 15 -0.17669 -4.56499e-02
 16  0.23901  4.47099e-01 | 17  0.00126 -5.78462e-04 | 18 -0.11061 -3.44262e-02
 19 -0.04881  6.15000e-02 | 20 -0.01272  9.09747e-02 | 21 -0.09620 -4.41997e-02
 22  0.03599  1.93222e-01 | 23 -0.12246 -3.14687e-02 | 24 -0.03398  1.07756e-01
 25  0.01243  1.03962e-01 | 26  0.02452  2.13367e-01 | 27 -0.11224 -3.87803e-02
 28  0.01673  7.01373e-02 | 29  0.05507  1.99976e-01 | 30 -0.08359  8.67786e-02
 31 -0.18830 -3.28451e-02 | 32  0.04034  8.16899e-02 | 33  0.05222  1.48942e-02
 34  0.05793  7.87174e-02 | 35  0.04434  2.21786e-02 | 36 -0.04461  4.18950e-02
 37 -0.01629 -1.89860e-02 | 38  0.06256  1.53981e-01 | 39 -0.06365 -4.19801e-02
 40  0.21490  2.37712e-01 | 41  0.02231 -7.32996e-02 | 42  0.08392  2.18875e-02
 43 -0.06173  6.16092e-03 | 44  0.17961  1.23392e-01 | 45 -0.03581 -2.51785e-02
 46 -0.03337  2.22949e-02 | 47 -0.01375 -2.74644e-02 | 48 -0.08940 -9.83702e-03
 49  0.11441 -3.22022e-02 | 50  0.01190  4.97917e-02 | 51 -0.00194  1.56937e-02
 52  0.01986 -3.53060e-02 | 53 -0.03389 -5.09100e-02 | 54  0.08449  6.79245e-03
 55  0.00604 -4.68197e-02 | 56 -0.05100  4.25924e-02 | 57 -0.05673 -1.44873e-01
 58  0.08345 -7.42636e-02 | 59 -0.03300 -1.17053e-01 | 60  0.01609 -5.81817e-02
 61  0.00776 -1.15585e-01 | 62  0.07281 -2.16793e-01 | 63  0.09908 -8.27076e-02
 64 -0.05938 -4.06480e-02 | 65 -0.01423 -2.33076e-01 | 66  0.03965 -8.80961e-02
 67  0.00818 -1.01358e-01 | 68 -0.04393 -1.56844e-01 | 69  0.03217 -1.64490e-02
 70  0.00928 -6.58121e-02 | 71  0.14845  1.15333e-03 | 72 -0.07370 -7.95145e-02
 73 -0.03307 -6.13436e-02 | 74 -0.04184 -1.38855e-01 | 75  0.01237  2.17738e-02
 76 -0.05771 -6.08475e-02 | 77  0.03064 -3.50022e-02 | 78  2.52301 -1.30790e-02
 79 -0.66698 -2.69330e-03 | 80 -0.80606  2.46878e-02 | 81 -0.70734  2.57261e-02
 82 -0.75397 -6.15086e-03 | 83 -0.77222 -4.65097e-03 | 84 -0.82292 -3.64819e-03
 85 -1.15056  3.37721e-02 | 86 -0.82785  3.75031e-04 | 87 -0.74228  3.58460e-02
 88 -0.81933 -2.80202e-02 | 89 -1.18826 -1.47583e-02 | 90 -1.20875 -2.55030e-03
 91 -0.79642  1.08556e-02 | 92 -1.19145  1.87211e-02 | 93 -1.19051  1.15731e-02
 94 -0.78518  1.24170e-02 | 95 -0.79488  9.77546e-04 | 96 -0.78893  1.05232e-02
 97 -0.84313 -1.34764e-03 | 98 -0.84269  4.29596e-02 | 99 -0.86103  4.15791e-02
100 -1.10559  4.95629e-02 |101 -0.89801  5.65279e-02 |102  0.71512 -2.02500e-01
103  0.27453  9.69132e-02 |104  0.20434 -2.81442e-02 |105  0.08884 -4.61068e-01
106 -0.16941 -3.67777e-01 |107 -0.20613 -3.57212e-01 |108 -0.17631 -7.93228e-02
109  0.00083 -9.42138e-01 |110  0.16797 -2.70355e-01 |111 -0.02557 -8.33242e-02
112  0.17333  1.02830e-02 |113 -0.08002  5.15504e-02 |114  0.42114  7.38283e-05
115 -0.05475  7.12279e-02 |116 -0.34313  6.24753e-02 |117 -0.20705  1.99263e-01
118 -0.23288  9.82417e-02 |119 -0.28660  1.19380e-01 |120  1.94403 -1.15292e-01
121  2.17105  4.33449e-04 |122  0.00185 -1.55647e+00 |123  0.00091 -1.58932e+00
124  0.00031 -1.62434e+00 |125 -0.00577 -1.73636e+00 |126 -0.00607 -1.73656e+00
127 -0.00643 -1.73499e+00 |128 -0.00682 -1.73540e+00 |129 -0.00761 -1.74217e+00
130  0.00875 -1.74520e+00 |131 -0.00286 -1.74216e+00 |132 -0.00654 -1.73923e+00
133 -0.02040 -1.83478e+00 |134  0.00185 -1.64818e+00 |135 -0.01007 -1.61928e+00
136  0.00721 -1.62156e+00 |137  0.00634 -1.60780e+00 |138 -0.00399 -1.55075e+00
139  0.01637 -1.44245e+00 |140 -0.01568 -1.34261e+00 |141 -0.01446 -1.31346e+00
142  0.00888 -1.36955e+00 |143  0.02029 -1.43806e+00 |144 -0.00404 -1.38775e+00
145 -0.02042 -1.26337e+00 |146  0.01983 -1.22669e+00 |147 -0.02349 -1.16613e+00
148  0.02555 -1.23068e+00 |149  0.00164 -1.12354e+00 |150  0.00275 -1.20112e+00
151 -0.00902 -1.23491e+00 |152  0.01256 -1.27088e+00 |153  0.02219 -1.33561e+00
154 -0.02543 -1.30448e+00 |155 -0.02048 -1.28603e+00 |156  0.00579 -1.27226e+00
157  0.00381 -1.28349e+00 |158  0.00323 -1.20884e+00 |159 -0.02168 -1.18610e+00
160 -0.01132 -1.37147e+00 |161  0.02761 -1.28392e+00 |162 -0.00954 -1.28253e+00
163  0.01797 -1.20270e+00 |164 -0.00753 -1.09939e+00 |165 -0.01864 -1.08445e+00
166  0.00823 -9.50533e-01 |167  0.00380 -9.49254e-01 |168 -0.00335 -8.45832e-01
169  0.00520 -7.89027e-01 |170 -0.01850 -7.70690e-01 |171 -0.00147 -6.57765e-01
172  0.02265 -3.46444e-01 |173 -0.02914 -3.44437e-01 |174  0.01020 -3.16716e-01
175  0.02307 -2.23984e-01 |176  0.02180 -1.56334e-01 |177 -0.00247 -1.14818e-01
178 -0.00626 -1.27480e-01 |179 -0.01978 -1.19852e-01 |180  0.00263 -9.96803e-02
181 -0.00205  1.47812e-02 |182  0.00252  2.61836e-02 |183 -0.00436  6.09024e-03
184  0.00512  2.43736e-01 |185 -0.00697  2.82856e-01 |186 -0.01065  2.08106e-01
187  0.00197  8.68435e-02 |188 -0.01200 -3.33137e-02 |189  0.01418  1.89209e-02
190 -0.00043  3.32402e-01 |191  0.00232 -8.38355e-02 |192 -0.01052 -4.02253e-02
193  0.00871  1.74358e-01 |194  0.00638  4.09561e-02 |195 -0.02451  1.79246e-01
196  0.01857  9.69309e-01 |197  0.00011  9.69307e-01 |198 -0.02838  9.81917e-01
199  0.01803  1.02836e+00 |200 -0.00266  9.88940e-01 |201 -0.00082  1.03166e+00
202 -0.00139  1.27279e+00 |203  0.00827  1.23182e+00 |204 -0.00991  1.08818e+00
205  0.00420  8.29704e-01 |206  0.00289  9.52188e-01 |207  0.00145  9.97482e-01
208 -0.00670  1.03993e+00 |209  0.01009  9.63989e-01 |210 -0.00958  2.67550e-01
211  0.00331 -3.07388e-01 |212 -0.00007 -3.30473e-01 |213  0.01011 -3.17751e-01
214 -0.02416 -2.82437e-01 |215  0.01638 -5.32063e-01 |216 -0.00769 -8.38570e-01
217  0.00382 -9.12042e-01 |218 -0.00065 -1.15400e+00 |219  0.00675 -1.52471e+00
220 -0.00773 -1.71272e+00 |221 -0.00024 -1.62495e+00 |222  0.01228 -1.50390e+00
223 -0.00500 -1.18771e+00 |224 -0.00253 -1.13406e+00 |225  0.00098 -1.02261e+00
226 -0.00069 -9.46107e-01 |227  0.00243 -1.01326e+00 |228 -0.01724 -1.33398e+00
229  0.00879 -1.10347e+00 |230  0.00803 -1.18064e+00 |231 -0.00730 -1.10708e+00
232  0.00740 -1.29714e+00 |233 -0.00423 -1.14212e+00 |234 -0.00509 -1.23706e+00
235  0.00652 -1.42037e+00 |236 -0.00493 -1.44380e+00 |237  0.00353 -1.65511e+00
238  0.00155 -1.77160e+00 |239 -0.00481 -1.59424e+00 |240 -0.00701 -1.17542e+00
241  0.01278 -1.37700e+00 |242 -0.00951 -1.27012e+00 |243  0.00307 -1.17287e+00
244  0.01227 -1.22403e+00 |245  0.00535 -1.18784e+00 |246 -0.00942 -1.06860e+00
247 -0.01381 -9.14720e-01 |248  0.01143 -5.37628e-01 |249  0.00414 -2.55268e-01
250 -0.00641 -1.03087e-01 |251 -0.00210 -2.91360e-01 |252  0.00400 -1.75346e-01
253 -0.00461  3.04265e-01 |254  0.00440  3.81504e-01 |255 -0.01851  3.02852e-01
256  0.00830  1.47224e-01 |257  0.00329  9.43058e-02 |258 -0.00025 -1.88928e-01
259  0.00331  3.23047e-01 |260 -0.00271  2.21674e-01 |261 -0.00152  4.96065e-01
262  0.00341  4.72998e-01 |263  0.01764  9.94022e-01 |264 -0.01671  1.75335e+00
265  0.00620  1.69996e+00 |266 -0.00013  1.65258e+00 |267 -0.02519  1.69172e+00
268  0.01219  1.72822e+00 |269 -0.01063  1.62366e+00 |270  0.00012  1.41836e+00
271 -0.00128  1.08322e+00 |272  0.00305  1.00468e+00 |273 -0.00218  6.62648e-01
274  0.00173  6.69730e-01 |275  0.00059  1.35487e+00 |276  0.00386  1.42001e+00
277 -0.00007  9.19085e-01 |278 -0.00208  5.70331e-01 |279  0.00044  4.04767e-02
280  0.00155 -6.24920e-02 |281  0.00250  8.65609e-02 |282  0.00575  4.30750e-01
283 -0.01413  1.78631e-01 |284  0.00745 -4.22724e-02 |285 -0.00219 -4.79091e-02
286  0.00010 -2.44399e-01 |287  0.00402 -5.32791e-02 |288 -0.00270 -1.36288e-01
289 -0.00091 -1.31415e-01 |290 -0.00250 -2.10448e-02 |291  0.00708 -1.01844e+00
292  0.00644 -8.18400e-01 |293 -0.00783 -8.62763e-01 |294  0.00015 -7.86680e-01
295  0.00222 -7.17571e-01 |296  0.00744 -8.37411e-01 |297 -0.00958 -7.66354e-01
298 -0.00399 -7.93395e-01 |299 -0.00111 -8.50857e-01 |300 -0.00143 -8.35899e-01
301  0.00630 -9.46631e-01 |302  0.00145 -1.05597e+00 |303 -0.00642 -1.31007e+00
304  0.00401 -1.39484e+00 |305 -0.00345 -1.36127e+00 |306  0.00477 -1.50699e+00
307 -0.00136 -1.28458e+00 |308  0.00043 -9.98304e-01 |309 -0.00408 -1.20825e+00
310  0.00809 -1.11029e+00 |311 -0.00202 -1.16190e+00 |312 -0.00485 -1.13298e+00
313  0.00647 -1.10346e+00 |314  0.00489 -1.02283e+00 |315  0.00264 -7.11736e-01
316 -0.01019 -4.14232e-01 |317  0.00312 -3.05525e-01 |318  0.00057 -2.64325e-01
319  0.00054 -4.29848e-01 |320 -0.00009 -2.60368e-01 |321  0.00096  1.53361e-01
322 -0.00473  3.22812e-01 |323  0.01277  3.23438e-01 |324 -0.01868  1.47798e-01
325 -0.00635  6.98467e-02 |
325 variables; iteration 660; function evaluation 711; phase 5
Function value 3.1828376e+03; maximum gradient component mag -2.1754e+00
Var    Value     Gradient |Var    Value     Gradient |Var    Value     Gradient
  1 -0.03463  1.41503e+00 |  2  1.95587 -3.47736e-03 |  3  1.86437  1.94627e-03
  4  2.03029 -6.08128e-03 |  5 -0.07630 -2.13906e-03 |  6 -2.05541 -1.49566e-03
  7  0.04446 -2.60023e-02 |  8 -0.00031 -4.21412e-03 |  9 -2.05008  2.30031e-02
 10  0.01857 -1.34491e-02 | 11  0.21821 -3.40208e-03 | 12 -0.12331 -1.59359e-02
 13 -1.95858 -8.23979e-03 | 14 -0.15830 -2.32027e-03 | 15 -0.17663 -7.54107e-03
 16  0.23901 -3.93499e-02 | 17  0.00126 -2.69916e-02 | 18 -0.11066 -1.68837e-02
 19 -0.04884 -4.21068e-02 | 20 -0.01272 -1.24080e-02 | 21 -0.09618 -1.06293e-02
 22  0.03596 -1.23693e-02 | 23 -0.12230 -3.31426e-03 | 24 -0.03401 -1.64378e-03
 25  0.01243 -4.02398e-02 | 26  0.02452  2.00562e-02 | 27 -0.11226 -1.44299e-02
 28  0.01671 -9.15580e-03 | 29  0.05507  2.05415e-02 | 30 -0.08362 -1.03058e-02
 31 -0.18828 -3.48484e-03 | 32  0.04034  2.73949e-02 | 33  0.05224  1.74539e-02
 34  0.05794  4.12186e-02 | 35  0.04436  5.04086e-03 | 36 -0.04464  1.88889e-02
 37 -0.01624  2.60039e-03 | 38  0.06254  3.07567e-02 | 39 -0.06372 -5.64718e-03
 40  0.21489  2.55879e-02 | 41  0.02232  2.49195e-02 | 42  0.08393  7.23381e-03
 43 -0.06174 -1.61898e-02 | 44  0.17961 -1.61044e-02 | 45 -0.03581 -1.89989e-02
 46 -0.03338 -6.40518e-03 | 47 -0.01375  2.71018e-02 | 48 -0.08941 -2.27776e-02
 49  0.11441  1.87534e-02 | 50  0.01189 -4.90752e-03 | 51 -0.00194  2.74996e-02
 52  0.01986  1.08373e-02 | 53 -0.03389 -3.43722e-03 | 54  0.08448  7.35872e-02
 55  0.00604  2.20034e-02 | 56 -0.05101  5.14828e-03 | 57 -0.05672  2.53948e-02
 58  0.08345  7.88246e-02 | 59 -0.03300  7.35710e-03 | 60  0.01609  2.79366e-02
 61  0.00776  6.31174e-03 | 62  0.07282  4.43107e-02 | 63  0.09908  7.79239e-02
 64 -0.05938  8.86438e-03 | 65 -0.01422 -2.03441e-03 | 66  0.03965 -2.89292e-02
 67  0.00818  4.35579e-02 | 68 -0.04393 -1.13382e-02 | 69  0.03216 -2.32218e-02
 70  0.00928 -2.85306e-02 | 71  0.14845 -1.91655e-02 | 72 -0.07370  1.20585e-02
 73 -0.03308 -1.79973e-02 | 74 -0.04183  4.06221e-02 | 75  0.01236 -6.19520e-02
 76 -0.05771 -3.70421e-03 | 77  0.03063 -2.65831e-02 | 78  2.52298  5.34283e-03
 79 -0.66698 -6.44252e-03 | 80 -0.80606  5.43331e-03 | 81 -0.70736 -8.11946e-03
 82 -0.75396  1.52918e-04 | 83 -0.77221 -1.82633e-03 | 84 -0.82291  2.96141e-03
 85 -1.15058 -1.15728e-02 | 86 -0.82785 -3.16920e-03 | 87 -0.74230 -6.43440e-03
 88 -0.81930  6.00935e-03 | 89 -1.18826  3.63470e-03 | 90 -1.20876  3.76365e-04
 91 -0.79642 -2.08882e-03 | 92 -1.19146  6.21087e-03 | 93 -1.19051  2.92787e-04
 94 -0.78519  9.47787e-04 | 95 -0.79487  5.61431e-03 | 96 -0.78894 -5.00297e-03
 97 -0.84313  5.89754e-03 | 98 -0.84270  3.43857e-03 | 99 -0.86104  2.21400e-02
100 -1.10559 -6.30748e-03 |101 -0.89802 -6.50706e-03 |102  0.74191 -9.14072e-02
103  0.27205 -1.55799e-01 |104  0.20236 -2.33365e-01 |105  0.08884  9.40070e-02
106 -0.16941  1.19773e-01 |107 -0.20612  1.56580e-01 |108 -0.17631  1.25634e-01
109  0.00083  1.04200e+00 |110  0.16797  4.04449e-01 |111 -0.02557  2.66081e-01
112  0.17333 -5.69770e-02 |113 -0.08023  4.86568e-03 |114  0.42065  1.74617e-05
115 -0.05475  2.02062e-02 |116 -0.34313  8.12743e-02 |117 -0.20703  3.14929e-01
118 -0.23289  3.16830e-02 |119 -0.28665  3.79743e-02 |120  1.94412 -1.08158e-02
121  2.17103 -2.02548e-03 |122  0.00076 -8.54408e-01 |123  0.00009 -8.44824e-01
124 -0.00027 -8.27907e-01 |125 -0.00584 -8.32653e-01 |126 -0.00612 -8.28217e-01
127 -0.00648 -8.27424e-01 |128 -0.00686 -8.26182e-01 |129 -0.00762 -8.26324e-01
130  0.00875 -8.27992e-01 |131 -0.00291 -8.28286e-01 |132 -0.00662 -8.27343e-01
133 -0.02021 -8.10404e-01 |134  0.00184 -7.89380e-01 |135 -0.01009 -7.88235e-01
136  0.00723 -7.70630e-01 |137  0.00632 -7.68994e-01 |138 -0.00396 -7.50645e-01
139  0.01640 -7.45368e-01 |140 -0.01571 -7.43887e-01 |141 -0.01446 -7.34221e-01
142  0.00885 -6.96906e-01 |143  0.02038 -6.00428e-01 |144 -0.00389 -6.05675e-01
145 -0.02064 -6.61761e-01 |146  0.01983 -6.51492e-01 |147 -0.02351 -6.49563e-01
148  0.02559 -5.64597e-01 |149  0.00153 -5.78771e-01 |150  0.00280 -5.37529e-01
151 -0.00901 -5.29991e-01 |152  0.01252 -5.25804e-01 |153  0.02226 -5.31624e-01
154 -0.02542 -5.24009e-01 |155 -0.02050 -5.29520e-01 |156  0.00577 -5.15408e-01
157  0.00384 -5.06899e-01 |158  0.00322 -5.19029e-01 |159 -0.02173 -5.07894e-01
160 -0.01127 -5.27850e-01 |161  0.02762 -4.73046e-01 |162 -0.00954 -4.88494e-01
163  0.01801 -4.50698e-01 |164 -0.00757 -4.58015e-01 |165 -0.01863 -4.50124e-01
166  0.00822 -4.35647e-01 |167  0.00381 -4.09429e-01 |168 -0.00335 -3.81641e-01
169  0.00520 -3.86562e-01 |170 -0.01850 -3.82055e-01 |171 -0.00148 -3.81032e-01
172  0.02264 -2.52856e-01 |173 -0.02914 -2.27924e-01 |174  0.01020 -1.68140e-01
175  0.02307 -1.22736e-01 |176  0.02172 -1.07087e-01 |177 -0.00247  1.65322e-03
178 -0.00619  1.07427e-02 |179 -0.01977  6.04396e-03 |180  0.00267  1.82849e-02
181 -0.00208  1.47668e-02 |182  0.00251  2.00128e-02 |183 -0.00431  5.41848e-03
184  0.00507 -4.03148e-03 |185 -0.00701 -4.58593e-02 |186 -0.01064 -3.97773e-02
187  0.00197 -8.24372e-02 |188 -0.01199 -8.48061e-02 |189  0.01418 -9.53799e-03
190  0.00003 -7.11834e-01 |191  0.00240 -5.83575e-01 |192 -0.01052 -5.95183e-01
193  0.00870 -5.49961e-01 |194  0.00652 -5.72570e-01 |195 -0.02452 -6.63792e-01
196  0.01846 -9.46389e-01 |197  0.00017 -9.29167e-01 |198 -0.02848 -1.04173e+00
199  0.01806 -7.85853e-01 |200 -0.00264 -7.80136e-01 |201 -0.00082 -8.04988e-01
202 -0.00140 -9.02448e-01 |203  0.00826 -8.81118e-01 |204 -0.00991 -8.38540e-01
205  0.00423 -9.32429e-01 |206  0.00282 -9.47288e-01 |207  0.00149 -8.35101e-01
208 -0.00670 -8.16529e-01 |209  0.01006 -7.05138e-01 |210 -0.00955 -5.23405e-01
211  0.00331 -5.33814e-01 |212 -0.00008 -6.44843e-01 |213  0.01011 -6.51463e-01
214 -0.02415 -6.40345e-01 |215  0.01638 -6.66205e-01 |216 -0.00769 -5.91377e-01
217  0.00382 -6.98349e-01 |218 -0.00066 -7.05310e-01 |219  0.00676 -7.58994e-01
220 -0.00774 -8.40692e-01 |221 -0.00024 -7.59299e-01 |222  0.01231 -7.89579e-01
223 -0.00503 -7.63167e-01 |224 -0.00251 -7.65982e-01 |225  0.00096 -7.94891e-01
226 -0.00069 -7.62896e-01 |227  0.00243 -7.24799e-01 |228 -0.01722 -7.79126e-01
229  0.00877 -8.13863e-01 |230  0.00803 -8.72900e-01 |231 -0.00731 -8.49735e-01
232  0.00741 -8.36021e-01 |233 -0.00424 -9.28031e-01 |234 -0.00508 -9.26710e-01
235  0.00652 -8.74388e-01 |236 -0.00494 -7.78746e-01 |237  0.00353 -7.70795e-01
238  0.00155 -7.41524e-01 |239 -0.00481 -7.46141e-01 |240 -0.00701 -6.79362e-01
241  0.01278 -6.77832e-01 |242 -0.00951 -6.22983e-01 |243  0.00306 -5.86894e-01
244  0.01227 -5.08601e-01 |245  0.00535 -3.15285e-01 |246 -0.00942 -2.49364e-01
247 -0.01382 -2.40152e-01 |248  0.01143 -2.20782e-01 |249  0.00414 -1.83003e-01
250 -0.00642 -1.33867e-01 |251 -0.00210 -8.56385e-02 |252  0.00401 -8.75349e-02
253 -0.00462 -1.28093e-01 |254  0.00441 -8.56354e-02 |255 -0.01851 -1.58885e-01
256  0.00830 -1.27603e-01 |257  0.00329  9.47941e-03 |258  0.00024 -9.69742e-01
259  0.00327 -1.66071e+00 |260 -0.00270 -1.58827e+00 |261 -0.00152 -1.56577e+00
262  0.00341 -1.48299e+00 |263  0.01765 -1.83517e+00 |264 -0.01673 -2.17541e+00
265  0.00617 -1.86301e+00 |266 -0.00006 -1.66113e+00 |267 -0.02522 -1.58815e+00
268  0.01218 -1.56501e+00 |269 -0.01064 -1.39730e+00 |270  0.00014 -1.17541e+00
271 -0.00127 -9.62051e-01 |272  0.00305 -9.67083e-01 |273 -0.00218 -9.91648e-01
274  0.00178 -9.82058e-01 |275  0.00054 -1.41697e+00 |276  0.00386 -1.45034e+00
277 -0.00007 -1.43143e+00 |278 -0.00208 -1.37573e+00 |279  0.00044 -1.37702e+00
280  0.00156 -1.04468e+00 |281  0.00250 -1.02419e+00 |282  0.00575 -1.09780e+00
283 -0.01413 -1.08778e+00 |284  0.00745 -1.02698e+00 |285 -0.00219 -9.31700e-01
286  0.00011 -9.56624e-01 |287  0.00401 -7.72336e-01 |288 -0.00269 -9.12074e-01
289 -0.00092 -1.26721e+00 |290 -0.00253 -1.31218e+00 |291  0.00712 -1.50320e+00
292  0.00643 -1.44558e+00 |293 -0.00781 -1.11540e+00 |294  0.00015 -1.04249e+00
295  0.00221 -9.69983e-01 |296  0.00743 -8.68719e-01 |297 -0.00957 -8.42993e-01
298 -0.00399 -8.66217e-01 |299 -0.00110 -7.86192e-01 |300 -0.00143 -7.61509e-01
301  0.00630 -7.07010e-01 |302  0.00145 -7.13133e-01 |303 -0.00642 -6.56655e-01
304  0.00401 -6.22010e-01 |305 -0.00346 -6.53853e-01 |306  0.00478 -6.10289e-01
307 -0.00136 -5.45401e-01 |308  0.00043 -4.86555e-01 |309 -0.00408 -4.81346e-01
310  0.00809 -4.56722e-01 |311 -0.00202 -3.68179e-01 |312 -0.00485 -3.00431e-01
313  0.00647 -1.64536e-01 |314  0.00489 -1.50794e-01 |315  0.00264 -1.68609e-01
316 -0.01019 -1.91440e-01 |317  0.00313 -1.38309e-01 |318  0.00057 -7.31349e-02
319  0.00055 -6.16413e-02 |320 -0.00009 -9.78356e-02 |321  0.00096 -1.36058e-01
322 -0.00473 -9.69970e-02 |323  0.01277 -1.63553e-01 |324 -0.01868 -1.19255e-01
325 -0.00635 -3.88669e-02 |
325 variables; iteration 680; function evaluation 731; phase 5
Function value 3.1828374e+03; maximum gradient component mag -1.8525e+00
Var    Value     Gradient |Var    Value     Gradient |Var    Value     Gradient
  1 -0.03463 -2.37677e-01 |  2  1.95586 -3.11607e-03 |  3  1.86437  1.02081e-02
  4  2.03030  4.59471e-03 |  5 -0.07628 -2.35431e-03 |  6 -2.05542  8.12019e-03
  7  0.04444  5.51181e-03 |  8 -0.00028  2.65101e-03 |  9 -2.05008  1.44293e-03
 10  0.01858  2.07778e-03 | 11  0.21820 -1.61496e-02 | 12 -0.12331  5.17055e-03
 13 -1.95858 -1.46878e-03 | 14 -0.15828  1.21072e-03 | 15 -0.17667  2.39993e-03
 16  0.23901 -7.37308e-02 | 17  0.00128 -4.80679e-03 | 18 -0.11063 -1.64706e-03
 19 -0.04882 -4.38059e-03 | 20 -0.01272 -2.06527e-02 | 21 -0.09616 -3.82893e-03
 22  0.03597 -5.39648e-02 | 23 -0.12239  3.38720e-04 | 24 -0.03401 -3.05839e-02
 25  0.01243 -2.62875e-02 | 26  0.02451 -2.91669e-02 | 27 -0.11225 -7.21859e-03
 28  0.01672 -1.30095e-02 | 29  0.05506 -4.97739e-02 | 30 -0.08361 -6.85747e-03
 31 -0.18828 -2.84405e-03 | 32  0.04033 -5.33706e-02 | 33  0.05226 -7.61202e-03
 34  0.05792 -3.58618e-02 | 35  0.04437 -3.21889e-02 | 36 -0.04465 -1.75833e-02
 37 -0.01625 -1.63590e-02 | 38  0.06255 -1.97261e-02 | 39 -0.06377 -5.05223e-03
 40  0.21489 -2.81789e-03 | 41  0.02233  2.26521e-02 | 42  0.08393 -2.53271e-02
 43 -0.06173 -7.27455e-03 | 44  0.17961  2.97295e-02 | 45 -0.03581  1.56581e-02
 46 -0.03338  7.35870e-04 | 47 -0.01375 -3.98395e-03 | 48 -0.08940 -2.50814e-03
 49  0.11441  2.86859e-02 | 50  0.01190  2.03736e-02 | 51 -0.00194  2.14170e-02
 52  0.01986  1.45878e-02 | 53 -0.03389  2.77107e-02 | 54  0.08448  2.44192e-02
 55  0.00604  1.82635e-02 | 56 -0.05101  2.07549e-02 | 57 -0.05672  2.81542e-02
 58  0.08345  9.52560e-02 | 59 -0.03300 -1.36967e-03 | 60  0.01609  3.14398e-02
 61  0.00776  2.16448e-02 | 62  0.07282  2.87862e-02 | 63  0.09908  6.17953e-02
 64 -0.05938  1.79271e-02 | 65 -0.01422  2.97600e-02 | 66  0.03965  5.21190e-03
 67  0.00818  3.41013e-04 | 68 -0.04392  2.98498e-02 | 69  0.03216  1.59928e-02
 70  0.00928  3.72546e-03 | 71  0.14845 -3.92446e-02 | 72 -0.07370  2.66211e-02
 73 -0.03308  2.66434e-02 | 74 -0.04184  1.64358e-02 | 75  0.01237  1.53978e-03
 76 -0.05771  2.29654e-03 | 77  0.03063  9.20212e-03 | 78  2.52299 -2.03118e-03
 79 -0.66698 -7.30120e-03 | 80 -0.80606 -2.80812e-03 | 81 -0.70736 -4.31117e-03
 82 -0.75395 -1.94756e-03 | 83 -0.77221 -1.14196e-03 | 84 -0.82292  6.30532e-05
 85 -1.15057  5.20537e-03 | 86 -0.82784 -1.04601e-03 | 87 -0.74230 -3.15579e-03
 88 -0.81930  4.19677e-03 | 89 -1.18826 -2.42089e-03 | 90 -1.20876  6.97427e-05
 91 -0.79641 -1.96305e-03 | 92 -1.19146 -6.15012e-04 | 93 -1.19051  7.61856e-04
 94 -0.78519  4.54822e-04 | 95 -0.79487  4.01281e-03 | 96 -0.78895  4.38589e-04
 97 -0.84314 -3.06571e-03 | 98 -0.84270  6.31192e-03 | 99 -0.86103  3.25030e-03
100 -1.10559 -8.91642e-03 |101 -0.89802  5.18678e-03 |102  0.75570 -2.83530e-02
103  0.27231 -2.70138e-01 |104  0.20266 -2.60714e-01 |105  0.08884 -1.30156e-01
106 -0.16941 -1.14755e-03 |107 -0.20612  7.18195e-02 |108 -0.17631  5.77924e-02
109  0.00083 -6.87237e-01 |110  0.16797 -2.46401e-01 |111 -0.02557 -9.93294e-02
112  0.17333 -6.21803e-03 |113 -0.08022  6.90978e-03 |114  0.42035 -1.78876e-05
115 -0.05475 -1.78249e-03 |116 -0.34312 -3.05325e-02 |117 -0.20708 -1.80483e-01
118 -0.23283  2.01300e-03 |119 -0.28670  1.92648e-03 |120  1.94415  2.39029e-02
121  2.17103  1.25223e-02 |122  0.00052 -2.72921e-01 |123 -0.00022 -2.93905e-01
124 -0.00059 -2.86461e-01 |125 -0.00591 -2.73234e-01 |126 -0.00620 -2.72215e-01
127 -0.00655 -2.70551e-01 |128 -0.00693 -2.71428e-01 |129 -0.00769 -2.72890e-01
130  0.00874 -2.71329e-01 |131 -0.00291 -2.70434e-01 |132 -0.00661 -2.71677e-01
133 -0.02024 -2.74627e-01 |134  0.00185 -2.61917e-01 |135 -0.01009 -2.73869e-01
136  0.00722 -2.82042e-01 |137  0.00633 -2.77376e-01 |138 -0.00397 -2.55055e-01
139  0.01640 -2.57144e-01 |140 -0.01572 -2.74696e-01 |141 -0.01446 -2.66690e-01
142  0.00886 -2.27285e-01 |143  0.02035 -2.35906e-01 |144 -0.00393 -2.20309e-01
145 -0.02058 -2.29255e-01 |146  0.01983 -2.10718e-01 |147 -0.02351 -2.08775e-01
148  0.02558 -2.01663e-01 |149  0.00156 -1.87122e-01 |150  0.00279 -1.89631e-01
151 -0.00902 -1.99334e-01 |152  0.01251 -2.01899e-01 |153  0.02228 -1.94157e-01
154 -0.02543 -1.97586e-01 |155 -0.02050 -2.00392e-01 |156  0.00576 -1.99219e-01
157  0.00384 -1.85532e-01 |158  0.00323 -1.79653e-01 |159 -0.02173 -1.80844e-01
160 -0.01128 -2.19809e-01 |161  0.02761 -1.96472e-01 |162 -0.00953 -1.86332e-01
163  0.01800 -1.68431e-01 |164 -0.00757 -1.63827e-01 |165 -0.01863 -1.64630e-01
166  0.00822 -1.68109e-01 |167  0.00380 -1.65804e-01 |168 -0.00335 -1.54543e-01
169  0.00520 -1.50956e-01 |170 -0.01850 -1.46620e-01 |171 -0.00148 -1.37264e-01
172  0.02265 -1.07380e-01 |173 -0.02914 -1.10522e-01 |174  0.01020 -9.40590e-02
175  0.02308 -7.47773e-02 |176  0.02183 -7.35257e-02 |177 -0.00253 -7.59209e-02
178 -0.00625 -7.07565e-02 |179 -0.01978 -6.49700e-02 |180  0.00265 -6.18411e-02
181 -0.00207 -1.73730e-02 |182  0.00250 -9.10590e-03 |183 -0.00431  2.69904e-02
184  0.00508  4.97271e-02 |185 -0.00700 -2.40731e-03 |186 -0.01065 -2.12750e-02
187  0.00197 -2.76441e-02 |188 -0.01198 -1.23366e-02 |189  0.01418  3.81771e-03
190 -0.00001 -1.24508e+00 |191  0.00237 -1.22707e+00 |192 -0.01051 -1.17599e+00
193  0.00870 -1.12036e+00 |194  0.00649 -1.10905e+00 |195 -0.02449 -1.12745e+00
196  0.01845 -1.15262e+00 |197  0.00014 -1.12982e+00 |198 -0.02841 -1.20884e+00
199  0.01804 -1.16427e+00 |200 -0.00265 -1.18196e+00 |201 -0.00082 -1.19181e+00
202 -0.00139 -1.16750e+00 |203  0.00827 -1.18773e+00 |204 -0.00992 -1.21065e+00
205  0.00422 -1.22831e+00 |206  0.00286 -1.18905e+00 |207  0.00147 -1.17010e+00
208 -0.00670 -1.15748e+00 |209  0.01007 -1.15252e+00 |210 -0.00956 -1.11699e+00
211  0.00331 -1.10451e+00 |212 -0.00008 -1.09454e+00 |213  0.01011 -1.07201e+00
214 -0.02415 -1.02867e+00 |215  0.01639 -1.00422e+00 |216 -0.00770 -9.98279e-01
217  0.00383 -9.34549e-01 |218 -0.00067 -9.36685e-01 |219  0.00677 -9.64405e-01
220 -0.00774 -9.96147e-01 |221 -0.00025 -9.55495e-01 |222  0.01234 -9.53891e-01
223 -0.00504 -1.00478e+00 |224 -0.00253 -1.00960e+00 |225  0.00098 -9.81536e-01
226 -0.00069 -9.77993e-01 |227  0.00243 -9.26694e-01 |228 -0.01722 -9.33532e-01
229  0.00878 -9.01198e-01 |230  0.00803 -8.85864e-01 |231 -0.00731 -8.61904e-01
232  0.00741 -8.03750e-01 |233 -0.00424 -8.07246e-01 |234 -0.00509 -8.18123e-01
235  0.00652 -7.78891e-01 |236 -0.00494 -7.43587e-01 |237  0.00353 -7.36258e-01
238  0.00155 -6.76283e-01 |239 -0.00481 -6.21619e-01 |240 -0.00701 -6.17493e-01
241  0.01278 -5.87547e-01 |242 -0.00951 -5.61044e-01 |243  0.00306 -5.35746e-01
244  0.01227 -4.67719e-01 |245  0.00535 -4.22821e-01 |246 -0.00942 -3.56802e-01
247 -0.01381 -3.13835e-01 |248  0.01143 -2.84070e-01 |249  0.00414 -1.94406e-01
250 -0.00641 -1.17501e-01 |251 -0.00211 -7.60999e-02 |252  0.00401  2.12926e-02
253 -0.00462 -3.47940e-02 |254  0.00440 -3.61807e-02 |255 -0.01851 -3.06044e-02
256  0.00830  1.20113e-03 |257  0.00329 -1.91736e-03 |258  0.00016 -1.10878e+00
259  0.00329 -1.37177e+00 |260 -0.00271 -1.52357e+00 |261 -0.00151 -1.53169e+00
262  0.00340 -1.56980e+00 |263  0.01763 -1.47818e+00 |264 -0.01670 -1.49004e+00
265  0.00619 -1.54441e+00 |266 -0.00013 -1.63223e+00 |267 -0.02519 -1.58296e+00
268  0.01219 -1.58785e+00 |269 -0.01064 -1.64809e+00 |270  0.00013 -1.65865e+00
271 -0.00128 -1.78061e+00 |272  0.00305 -1.83789e+00 |273 -0.00218 -1.85254e+00
274  0.00175 -1.82461e+00 |275  0.00057 -1.39766e+00 |276  0.00386 -1.37438e+00
277 -0.00007 -1.21304e+00 |278 -0.00208 -1.20149e+00 |279  0.00044 -1.17559e+00
280  0.00155 -1.07057e+00 |281  0.00250 -1.02209e+00 |282  0.00575 -1.00879e+00
283 -0.01414 -9.94105e-01 |284  0.00746 -9.97510e-01 |285 -0.00220 -8.97257e-01
286  0.00011 -8.54698e-01 |287  0.00401 -6.89574e-01 |288 -0.00269 -6.68220e-01
289 -0.00091 -7.16746e-01 |290 -0.00255 -7.25430e-01 |291  0.00714 -4.33309e-01
292  0.00644 -4.31519e-01 |293 -0.00783 -5.44350e-01 |294  0.00015 -5.72920e-01
295  0.00221 -5.33876e-01 |296  0.00743 -5.35178e-01 |297 -0.00957 -5.15105e-01
298 -0.00399 -4.92270e-01 |299 -0.00110 -4.79745e-01 |300 -0.00143 -4.30734e-01
301  0.00630 -4.18929e-01 |302  0.00145 -4.40990e-01 |303 -0.00642 -4.26160e-01
304  0.00401 -4.06764e-01 |305 -0.00346 -4.08415e-01 |306  0.00478 -3.98016e-01
307 -0.00136 -3.79351e-01 |308  0.00043 -3.77797e-01 |309 -0.00408 -3.38339e-01
310  0.00809 -3.46855e-01 |311 -0.00202 -3.09597e-01 |312 -0.00485 -2.57993e-01
313  0.00647 -2.55404e-01 |314  0.00489 -2.77292e-01 |315  0.00264 -2.51215e-01
316 -0.01018 -2.33927e-01 |317  0.00313 -1.86617e-01 |318  0.00057 -1.24710e-01
319  0.00055 -4.76583e-02 |320 -0.00009  2.76511e-02 |321  0.00096 -6.59050e-02
322 -0.00473 -8.50689e-02 |323  0.01277 -9.17463e-02 |324 -0.01868 -4.96861e-02
325 -0.00635 -3.03457e-02 |
325 variables; iteration 700; function evaluation 751; phase 5
Function value 3.1828374e+03; maximum gradient component mag 2.1084e-01
Var    Value     Gradient |Var    Value     Gradient |Var    Value     Gradient
  1 -0.03463 -3.57407e-02 |  2  1.95588 -2.16341e-04 |  3  1.86436 -1.42526e-04
  4  2.03029 -6.03912e-04 |  5 -0.07628  7.38094e-04 |  6 -2.05543 -1.00909e-03
  7  0.04443 -1.35039e-03 |  8 -0.00029  4.04930e-04 |  9 -2.05008  2.70409e-04
 10  0.01858 -8.70301e-04 | 11  0.21820 -2.65380e-03 | 12 -0.12332 -6.07122e-04
 13 -1.95857  2.11606e-04 | 14 -0.15828  6.74252e-04 | 15 -0.17668  5.88765e-04
 16  0.23901  1.92957e-03 | 17  0.00128  9.51333e-04 | 18 -0.11063  1.16782e-03
 19 -0.04883  9.72131e-04 | 20 -0.01272  2.27320e-03 | 21 -0.09617  1.18084e-03
 22  0.03597  3.57116e-03 | 23 -0.12236  2.64176e-04 | 24 -0.03401 -4.94188e-05
 25  0.01244  2.72249e-03 | 26  0.02451  7.93331e-04 | 27 -0.11225 -1.14937e-03
 28  0.01672  4.08251e-04 | 29  0.05507  3.91009e-04 | 30 -0.08361 -1.60907e-03
 31 -0.18828 -1.83366e-04 | 32  0.04033 -1.80094e-03 | 33  0.05225 -1.98073e-05
 34  0.05792 -2.98705e-03 | 35  0.04438 -1.96352e-03 | 36 -0.04465  1.06098e-03
 37 -0.01626 -1.19228e-03 | 38  0.06255  1.19855e-04 | 39 -0.06374  2.36079e-04
 40  0.21489 -2.47926e-03 | 41  0.02232 -1.60973e-04 | 42  0.08393  1.92980e-03
 43 -0.06173 -6.42500e-04 | 44  0.17961  1.60607e-03 | 45 -0.03581  1.29064e-03
 46 -0.03337  2.58708e-03 | 47 -0.01375  1.78322e-04 | 48 -0.08940 -1.53925e-03
 49  0.11441  6.60350e-05 | 50  0.01190  1.03798e-03 | 51 -0.00194  1.04103e-03
 52  0.01986 -1.95051e-03 | 53 -0.03389 -1.76116e-03 | 54  0.08448 -5.83620e-04
 55  0.00604  2.46722e-03 | 56 -0.05101 -7.93522e-04 | 57 -0.05672  4.32050e-04
 58  0.08345  1.98518e-03 | 59 -0.03300 -2.02309e-04 | 60  0.01609 -1.05301e-03
 61  0.00776 -3.42473e-03 | 62  0.07282 -1.37013e-04 | 63  0.09908 -2.34717e-03
 64 -0.05938  1.45839e-05 | 65 -0.01422  6.48088e-04 | 66  0.03965 -1.97319e-03
 67  0.00818 -3.02948e-03 | 68 -0.04392 -6.16092e-04 | 69  0.03216  3.34041e-03
 70  0.00928 -8.67179e-04 | 71  0.14845 -5.39424e-05 | 72 -0.07370 -1.41989e-03
 73 -0.03308 -3.03158e-03 | 74 -0.04184  1.42849e-04 | 75  0.01237 -1.58367e-03
 76 -0.05771 -2.88365e-06 | 77  0.03063 -6.06399e-04 | 78  2.52300  4.48723e-04
 79 -0.66698  1.20246e-03 | 80 -0.80607 -3.68065e-04 | 81 -0.70736  2.44921e-04
 82 -0.75396  4.68293e-04 | 83 -0.77222  1.28841e-03 | 84 -0.82292  4.95253e-04
 85 -1.15058 -1.66129e-03 | 86 -0.82784 -2.82804e-04 | 87 -0.74231 -9.42307e-04
 88 -0.81931  3.65660e-04 | 89 -1.18826  4.01511e-04 | 90 -1.20876  1.79459e-05
 91 -0.79642  2.58712e-05 | 92 -1.19146  9.71577e-04 | 93 -1.19051  4.67009e-04
 94 -0.78519  6.10733e-04 | 95 -0.79488  5.60494e-04 | 96 -0.78894  1.18396e-04
 97 -0.84314  8.50316e-05 | 98 -0.84270  8.61820e-04 | 99 -0.86104 -1.02726e-03
100 -1.10559 -5.75187e-04 |101 -0.89802  1.37358e-03 |102  0.76125  3.20827e-03
103  0.27219  4.03951e-02 |104  0.20322  1.77853e-02 |105  0.08884  2.29982e-02
106 -0.16941 -2.93117e-03 |107 -0.20612  1.27060e-03 |108 -0.17631 -8.10295e-04
109  0.00083  8.21581e-03 |110  0.16797 -3.34822e-03 |111 -0.02557  4.87725e-03
112  0.17333  6.71646e-03 |113 -0.08026 -1.06082e-03 |114  0.42049 -1.77003e-06
115 -0.05475 -1.21826e-03 |116 -0.34313  9.61809e-03 |117 -0.20706 -2.05065e-02
118 -0.23285  1.65432e-04 |119 -0.28669  4.15023e-06 |120  1.94413 -5.19806e-04
121  2.17103  1.46298e-03 |122  0.00036  3.42061e-02 |123 -0.00027  3.67689e-02
124 -0.00066  3.74571e-02 |125 -0.00595  3.75601e-02 |126 -0.00624  3.74057e-02
127 -0.00659  3.69886e-02 |128 -0.00697  3.77216e-02 |129 -0.00772  3.77826e-02
130  0.00872  3.77291e-02 |131 -0.00292  3.77618e-02 |132 -0.00662  3.76974e-02
133 -0.02023  3.80569e-02 |134  0.00184  4.07428e-02 |135 -0.01009  4.07549e-02
136  0.00723  3.84754e-02 |137  0.00633  3.86663e-02 |138 -0.00397  3.14840e-02
139  0.01639  3.33510e-02 |140 -0.01571  3.50762e-02 |141 -0.01446  3.39293e-02
142  0.00886  3.46136e-02 |143  0.02036  3.56671e-02 |144 -0.00395  3.45230e-02
145 -0.02057  3.53738e-02 |146  0.01983  3.26024e-02 |147 -0.02351  3.21721e-02
148  0.02558  3.05073e-02 |149  0.00155  3.02539e-02 |150  0.00278  3.05637e-02
151 -0.00902  3.43185e-02 |152  0.01252  3.33173e-02 |153  0.02226  2.69639e-02
154 -0.02543  3.26680e-02 |155 -0.02050  2.96173e-02 |156  0.00577  3.22945e-02
157  0.00384  3.39572e-02 |158  0.00322  2.53101e-02 |159 -0.02174  2.87918e-02
160 -0.01127  3.57975e-02 |161  0.02761  3.57060e-02 |162 -0.00953  3.51928e-02
163  0.01800  3.49728e-02 |164 -0.00757  3.38420e-02 |165 -0.01863  3.31420e-02
166  0.00822  3.10922e-02 |167  0.00381  2.99805e-02 |168 -0.00335  2.84968e-02
169  0.00520  2.62008e-02 |170 -0.01850  2.56808e-02 |171 -0.00148  2.50411e-02
172  0.02265  1.95823e-02 |173 -0.02914  1.86770e-02 |174  0.01020  1.56705e-02
175  0.02308  1.22983e-02 |176  0.02183  1.08677e-02 |177 -0.00252  1.24229e-02
178 -0.00625  1.23614e-02 |179 -0.01979  1.28178e-02 |180  0.00266  1.12279e-02
181 -0.00207  1.73108e-02 |182  0.00250  8.53426e-03 |183 -0.00431  1.08551e-02
184  0.00507  1.00762e-02 |185 -0.00700  1.15554e-02 |186 -0.01064  1.22229e-02
187  0.00198  1.02855e-02 |188 -0.01198  7.83549e-03 |189  0.01418  2.10396e-03
190  0.00002  1.84244e-01 |191  0.00238  1.82012e-01 |192 -0.01051  1.86711e-01
193  0.00870  1.79471e-01 |194  0.00647  1.80074e-01 |195 -0.02449  1.81107e-01
196  0.01847  2.10838e-01 |197  0.00011  2.10595e-01 |198 -0.02838  2.07114e-01
199  0.01804  2.02734e-01 |200 -0.00265  2.00675e-01 |201 -0.00082  2.00437e-01
202 -0.00139  1.95729e-01 |203  0.00827  1.90505e-01 |204 -0.00992  1.88010e-01
205  0.00422  1.90478e-01 |206  0.00285  1.85031e-01 |207  0.00148  1.78397e-01
208 -0.00670  1.73843e-01 |209  0.01007  1.72707e-01 |210 -0.00956  1.54322e-01
211  0.00331  1.48219e-01 |212 -0.00008  1.51581e-01 |213  0.01011  1.49511e-01
214 -0.02415  1.46055e-01 |215  0.01638  1.47351e-01 |216 -0.00770  1.41842e-01
217  0.00383  1.35447e-01 |218 -0.00067  1.39061e-01 |219  0.00677  1.43347e-01
220 -0.00774  1.44061e-01 |221 -0.00024  1.31464e-01 |222  0.01232  1.28017e-01
223 -0.00503  1.19761e-01 |224 -0.00252  1.15377e-01 |225  0.00097  1.10395e-01
226 -0.00069  1.06930e-01 |227  0.00243  1.01654e-01 |228 -0.01722  1.10722e-01
229  0.00878  1.08537e-01 |230  0.00803  1.07816e-01 |231 -0.00731  1.06553e-01
232  0.00741  1.06539e-01 |233 -0.00424  1.11686e-01 |234 -0.00508  1.11847e-01
235  0.00652  1.03546e-01 |236 -0.00494  9.96153e-02 |237  0.00353  9.68767e-02
238  0.00155  8.55683e-02 |239 -0.00481  7.86486e-02 |240 -0.00701  6.63853e-02
241  0.01278  5.84071e-02 |242 -0.00951  5.55163e-02 |243  0.00307  4.37263e-02
244  0.01227  3.93711e-02 |245  0.00535  3.09820e-02 |246 -0.00942  3.05931e-02
247 -0.01381  3.02791e-02 |248  0.01143  2.37183e-02 |249  0.00414  2.61575e-02
250 -0.00642  1.42469e-02 |251 -0.00210  1.57502e-02 |252  0.00401  1.49027e-02
253 -0.00462  1.13735e-02 |254  0.00440  9.93663e-03 |255 -0.01851  1.07041e-02
256  0.00830  7.71764e-03 |257  0.00329  6.34665e-03 |258  0.00003  8.04198e-02
259  0.00329  2.25881e-02 |260 -0.00271  1.90859e-02 |261 -0.00151  3.55069e-02
262  0.00341  2.43412e-02 |263  0.01763 -1.32013e-02 |264 -0.01670  1.77384e-02
265  0.00619  3.63878e-02 |266 -0.00012  3.35528e-02 |267 -0.02519  2.04888e-02
268  0.01219  2.10998e-02 |269 -0.01064  1.85597e-02 |270  0.00013  3.06505e-02
271 -0.00128  4.08516e-02 |272  0.00305  4.30104e-02 |273 -0.00218  3.20144e-02
274  0.00176  3.71313e-02 |275  0.00056  2.95145e-02 |276  0.00386  2.97782e-02
277 -0.00007  6.22835e-04 |278 -0.00208 -1.16113e-02 |279  0.00044 -1.62271e-02
280  0.00155 -5.58648e-03 |281  0.00250 -6.02410e-04 |282  0.00575 -3.94905e-03
283 -0.01414 -5.58423e-03 |284  0.00746 -7.47624e-03 |285 -0.00220 -1.92808e-02
286  0.00011 -1.50413e-02 |287  0.00400 -1.27087e-02 |288 -0.00270 -8.58375e-03
289 -0.00091  9.49671e-03 |290 -0.00254  9.60846e-03 |291  0.00712 -2.14333e-03
292  0.00644  2.51403e-03 |293 -0.00782  4.57891e-02 |294  0.00015  4.64270e-02
295  0.00221  4.36438e-02 |296  0.00743  4.98941e-02 |297 -0.00957  4.19813e-02
298 -0.00399  4.27965e-02 |299 -0.00110  4.26683e-02 |300 -0.00143  3.95875e-02
301  0.00630  4.49894e-02 |302  0.00145  5.16073e-02 |303 -0.00642  4.40614e-02
304  0.00401  4.08249e-02 |305 -0.00346  3.95473e-02 |306  0.00478  4.05883e-02
307 -0.00136  3.03811e-02 |308  0.00043  2.46036e-02 |309 -0.00408  2.02778e-02
310  0.00809  1.74183e-02 |311 -0.00202  8.45604e-03 |312 -0.00485  3.93502e-03
313  0.00647  1.89448e-04 |314  0.00489  4.59800e-03 |315  0.00264  6.61342e-03
316 -0.01018  7.89134e-03 |317  0.00313  8.60768e-03 |318  0.00057  8.00198e-04
319  0.00054  6.97040e-04 |320 -0.00009  5.58479e-03 |321  0.00096  6.00308e-03
322 -0.00473  6.59582e-03 |323  0.01277  9.93162e-03 |324 -0.01868  8.05625e-03
325 -0.00635  7.54705e-03 |
325 variables; iteration 720; function evaluation 772; phase 5
Function value 3.1828374e+03; maximum gradient component mag -2.7609e-02
Var    Value     Gradient |Var    Value     Gradient |Var    Value     Gradient
  1 -0.03463 -2.76089e-02 |  2  1.95588  4.15941e-05 |  3  1.86435  8.37027e-06
  4  2.03029 -1.92721e-06 |  5 -0.07628 -1.01767e-04 |  6 -2.05543  8.11377e-05
  7  0.04443 -3.64222e-04 |  8 -0.00029 -7.03854e-05 |  9 -2.05008  2.72362e-04
 10  0.01858  3.70579e-04 | 11  0.21820 -3.63203e-04 | 12 -0.12332  1.93713e-04
 13 -1.95857 -1.10645e-04 | 14 -0.15829  2.06558e-04 | 15 -0.17668  1.79328e-04
 16  0.23901 -9.84379e-04 | 17  0.00127  6.59231e-05 | 18 -0.11063  1.33101e-04
 19 -0.04883 -6.74829e-05 | 20 -0.01272 -2.40752e-04 | 21 -0.09617  6.73564e-05
 22  0.03597 -5.45020e-04 | 23 -0.12236  7.75231e-05 | 24 -0.03401 -1.17757e-04
 25  0.01244  2.66562e-05 | 26  0.02451 -3.15449e-04 | 27 -0.11225  8.55491e-05
 28  0.01672 -5.46949e-05 | 29  0.05507 -1.95604e-04 | 30 -0.08361  2.16808e-04
 31 -0.18828  2.07516e-04 | 32  0.04033  8.43933e-05 | 33  0.05225 -7.10458e-05
 34  0.05792 -2.08252e-04 | 35  0.04438 -1.33074e-04 | 36 -0.04465  2.73117e-05
 37 -0.01626  9.35867e-05 | 38  0.06255  5.14053e-05 | 39 -0.06374  1.92185e-04
 40  0.21489 -4.24090e-04 | 41  0.02232  3.97310e-05 | 42  0.08393 -8.26385e-05
 43 -0.06173  2.15417e-04 | 44  0.17961 -5.65094e-04 | 45 -0.03581  1.10397e-04
 46 -0.03337  3.46677e-05 | 47 -0.01375  1.17767e-04 | 48 -0.08940  1.16776e-04
 49  0.11441 -2.69438e-04 | 50  0.01190  5.75783e-05 | 51 -0.00194  8.69077e-05
 52  0.01986 -6.80617e-06 | 53 -0.03389  1.52496e-04 | 54  0.08448 -1.92635e-04
 55  0.00604 -2.62485e-05 | 56 -0.05101 -2.10146e-04 | 57 -0.05672  1.79773e-04
 58  0.08345 -6.60983e-04 | 59 -0.03300  2.27766e-05 | 60  0.01609 -6.37761e-05
 61  0.00776 -1.58966e-04 | 62  0.07282 -1.23295e-04 | 63  0.09908 -2.80501e-04
 64 -0.05938  2.26098e-04 | 65 -0.01422  7.44460e-05 | 66  0.03965  2.16871e-04
 67  0.00818  4.05602e-04 | 68 -0.04392  1.82282e-04 | 69  0.03216  1.79407e-04
 70  0.00928  5.04675e-05 | 71  0.14845  4.18418e-04 | 72 -0.07370  3.83895e-04
 73 -0.03308  5.41162e-05 | 74 -0.04184  3.67857e-04 | 75  0.01237  1.99716e-04
 76 -0.05771  3.04428e-04 | 77  0.03063  2.30190e-04 | 78  2.52300 -7.63014e-05
 79 -0.66698  1.29029e-04 | 80 -0.80606  3.89555e-05 | 81 -0.70736  8.28558e-05
 82 -0.75396  6.79896e-05 | 83 -0.77222  4.69711e-05 | 84 -0.82292 -1.65999e-06
 85 -1.15058 -7.09349e-05 | 86 -0.82784  5.47883e-05 | 87 -0.74230  7.07301e-05
 88 -0.81931  4.70079e-06 | 89 -1.18826  2.06743e-05 | 90 -1.20876 -2.37927e-05
 91 -0.79642 -2.17595e-06 | 92 -1.19146 -7.81887e-05 | 93 -1.19051  1.90205e-05
 94 -0.78519 -2.94618e-05 | 95 -0.79488 -4.03619e-05 | 96 -0.78894  1.77045e-06
 97 -0.84314  2.08139e-06 | 98 -0.84270 -8.48068e-05 | 99 -0.86104  3.29132e-05
100 -1.10559 -3.69521e-05 |101 -0.89802  8.72915e-05 |102  0.76126  1.39776e-04
103  0.27218 -2.27050e-03 |104  0.20325 -3.03581e-03 |105  0.08884 -9.48235e-05
106 -0.16941 -1.88225e-04 |107 -0.20612 -8.37501e-04 |108 -0.17631 -9.05995e-04
109  0.00083 -2.86317e-03 |110  0.16797 -2.66116e-04 |111 -0.02557 -1.86372e-05
112  0.17333  4.26859e-04 |113 -0.08026 -9.54014e-05 |114  0.42050 -5.90442e-08
115 -0.05475 -3.75512e-04 |116 -0.34313 -1.45569e-03 |117 -0.20706 -2.52134e-03
118 -0.23285 -4.95616e-05 |119 -0.28669 -4.27949e-05 |120  1.94413  8.34644e-05
121  2.17103 -9.44241e-05 |122  0.00037  1.44898e-03 |123 -0.00027  1.51249e-03
124 -0.00066  1.63718e-03 |125 -0.00595  1.49716e-03 |126 -0.00624  1.48553e-03
127 -0.00659  1.46166e-03 |128 -0.00697  1.44894e-03 |129 -0.00772  1.47564e-03
130  0.00872  1.53289e-03 |131 -0.00292  1.50780e-03 |132 -0.00662  1.52233e-03
133 -0.02023  1.30640e-03 |134  0.00184  1.14316e-03 |135 -0.01009  1.13506e-03
136  0.00723  6.93042e-04 |137  0.00633  6.25695e-04 |138 -0.00397  9.45044e-04
139  0.01639  7.73249e-04 |140 -0.01571  5.05975e-04 |141 -0.01446  5.02409e-04
142  0.00886  6.95020e-04 |143  0.02036  1.99522e-04 |144 -0.00395  4.14920e-04
145 -0.02058  4.20136e-04 |146  0.01983  4.08387e-04 |147 -0.02351  3.35199e-04
148  0.02558  4.74792e-05 |149  0.00156 -2.75898e-04 |150  0.00278 -3.35482e-04
151 -0.00902 -4.72671e-04 |152  0.01251 -5.08266e-04 |153  0.02227  1.26042e-05
154 -0.02543 -5.49652e-04 |155 -0.02050 -5.77504e-04 |156  0.00578 -3.97810e-04
157  0.00383 -6.49476e-04 |158  0.00323 -1.13486e-04 |159 -0.02174 -7.02678e-04
160 -0.01127 -2.52839e-04 |161  0.02761 -2.95952e-04 |162 -0.00953 -3.17051e-04
163  0.01800 -3.59717e-04 |164 -0.00757 -3.31054e-04 |165 -0.01863 -3.77116e-04
166  0.00822 -4.38052e-04 |167  0.00381 -4.26923e-04 |168 -0.00335 -4.90974e-04
169  0.00520 -5.52939e-04 |170 -0.01850 -5.54542e-04 |171 -0.00148 -6.89387e-04
172  0.02265 -7.32398e-04 |173 -0.02914 -6.79853e-04 |174  0.01020 -7.04575e-04
175  0.02308 -8.25959e-04 |176  0.02183 -8.20847e-04 |177 -0.00252 -1.10762e-03
178 -0.00625 -1.07749e-03 |179 -0.01979 -9.71221e-04 |180  0.00267 -7.78882e-04
181 -0.00208 -6.47967e-04 |182  0.00251 -6.13982e-04 |183 -0.00431 -1.75148e-04
184  0.00507  7.43217e-05 |185 -0.00700  1.51660e-04 |186 -0.01064  1.13005e-04
187  0.00198  8.65787e-05 |188 -0.01198  2.08711e-04 |189  0.01418  3.15980e-05
190  0.00003 -1.05003e-02 |191  0.00238 -1.10334e-02 |192 -0.01051 -1.13096e-02
193  0.00870 -1.14698e-02 |194  0.00647 -1.06059e-02 |195 -0.02448 -1.02709e-02
196  0.01847 -1.01443e-02 |197  0.00011 -9.98417e-03 |198 -0.02838 -9.76397e-03
199  0.01803 -8.16981e-03 |200 -0.00265 -7.98275e-03 |201 -0.00082 -8.05139e-03
202 -0.00139 -9.30239e-03 |203  0.00827 -8.98524e-03 |204 -0.00992 -9.12707e-03
205  0.00422 -9.57971e-03 |206  0.00285 -9.67026e-03 |207  0.00148 -9.36236e-03
208 -0.00670 -8.93535e-03 |209  0.01007 -8.03187e-03 |210 -0.00956 -5.96244e-03
211  0.00331 -5.37071e-03 |212 -0.00008 -5.68387e-03 |213  0.01011 -5.49124e-03
214 -0.02415 -5.44594e-03 |215  0.01638 -5.43605e-03 |216 -0.00770 -6.22609e-03
217  0.00383 -6.34143e-03 |218 -0.00067 -5.97142e-03 |219  0.00677 -6.64025e-03
220 -0.00774 -6.34380e-03 |221 -0.00024 -4.86460e-03 |222  0.01232 -4.65161e-03
223 -0.00503 -4.21932e-03 |224 -0.00252 -4.32492e-03 |225  0.00097 -3.94462e-03
226 -0.00069 -3.85296e-03 |227  0.00243 -3.58624e-03 |228 -0.01722 -3.28827e-03
229  0.00878 -2.69680e-03 |230  0.00803 -2.28809e-03 |231 -0.00731 -2.10674e-03
232  0.00741 -1.81324e-03 |233 -0.00424 -1.59794e-03 |234 -0.00508 -1.59923e-03
235  0.00652 -1.47806e-03 |236 -0.00494 -1.67620e-03 |237  0.00353 -1.21658e-03
238  0.00155 -9.42171e-04 |239 -0.00481 -1.40286e-03 |240 -0.00701 -1.24983e-03
241  0.01278 -1.19440e-03 |242 -0.00951 -1.52404e-03 |243  0.00307 -2.07880e-03
244  0.01227 -1.90771e-03 |245  0.00535 -2.07237e-03 |246 -0.00942 -2.23087e-03
247 -0.01381 -2.25130e-03 |248  0.01143 -2.29340e-03 |249  0.00414 -2.22960e-03
250 -0.00641 -2.28386e-03 |251 -0.00210 -1.43066e-03 |252  0.00401 -1.25598e-03
253 -0.00462 -9.12876e-04 |254  0.00440 -5.85833e-04 |255 -0.01851 -4.03313e-04
256  0.00830 -2.88223e-04 |257  0.00329 -1.48528e-04 |258  0.00002 -1.32094e-02
259  0.00329 -1.43641e-02 |260 -0.00270 -1.19422e-02 |261 -0.00151 -1.00503e-02
262  0.00341 -1.01049e-02 |263  0.01763 -1.28497e-02 |264 -0.01670 -1.20201e-02
265  0.00619 -1.34729e-02 |266 -0.00012 -1.28171e-02 |267 -0.02519 -1.29983e-02
268  0.01219 -1.31205e-02 |269 -0.01064 -1.29971e-02 |270  0.00013 -1.24030e-02
271 -0.00128 -1.23028e-02 |272  0.00305 -1.22845e-02 |273 -0.00218 -1.16222e-02
274  0.00176 -1.17027e-02 |275  0.00056 -1.05181e-02 |276  0.00386 -1.00257e-02
277 -0.00007 -1.10029e-02 |278 -0.00208 -9.00033e-03 |279  0.00044 -8.41670e-03
280  0.00155 -5.64291e-03 |281  0.00250 -5.70447e-03 |282  0.00575 -4.89820e-03
283 -0.01414 -4.79199e-03 |284  0.00746 -4.98479e-03 |285 -0.00220 -5.58256e-03
286  0.00011 -5.56077e-03 |287  0.00400 -4.03695e-03 |288 -0.00269 -3.95024e-03
289 -0.00091 -5.51547e-03 |290 -0.00254 -5.75504e-03 |291  0.00713 -6.18297e-03
292  0.00644 -6.52490e-03 |293 -0.00782 -6.85839e-03 |294  0.00015 -6.68515e-03
295  0.00221 -6.40946e-03 |296  0.00743 -6.31052e-03 |297 -0.00957 -5.81205e-03
298 -0.00399 -5.33781e-03 |299 -0.00110 -5.18541e-03 |300 -0.00143 -5.00655e-03
301  0.00630 -4.68128e-03 |302  0.00145 -4.33038e-03 |303 -0.00642 -3.92403e-03
304  0.00401 -4.05986e-03 |305 -0.00346 -3.81742e-03 |306  0.00478 -3.43919e-03
307 -0.00136 -3.56242e-03 |308  0.00043 -3.40202e-03 |309 -0.00408 -3.40261e-03
310  0.00809 -3.20061e-03 |311 -0.00202 -3.59954e-03 |312 -0.00485 -3.19369e-03
313  0.00647 -2.88000e-03 |314  0.00489 -2.79502e-03 |315  0.00264 -2.77377e-03
316 -0.01018 -2.45579e-03 |317  0.00313 -2.02517e-03 |318  0.00057 -1.75938e-03
319  0.00054 -1.00541e-03 |320 -0.00009 -7.90773e-04 |321  0.00096 -4.32383e-04
322 -0.00473 -1.69901e-04 |323  0.01277 -8.83767e-05 |324 -0.01868 -2.19042e-04
325 -0.00635  1.07180e-04 |
  ic > imax  in fminim is answer attained ?
Var    Value     Gradient |Var    Value     Gradient |Var    Value     Gradient
  1 -0.03463  3.17538e-03 |  2  1.95588 -1.25681e-05 |  3  1.86435 -6.07403e-05
  4  2.03029 -1.01645e-05 |  5 -0.07628  3.15882e-05 |  6 -2.05543 -5.21259e-05
  7  0.04443 -1.08981e-04 |  8 -0.00029 -8.50285e-06 |  9 -2.05008  2.37155e-05
 10  0.01858 -4.11773e-05 | 11  0.21820  7.64513e-06 | 12 -0.12332 -4.33545e-06
 13 -1.95857  1.42904e-05 | 14 -0.15829 -1.42792e-05 | 15 -0.17668 -3.21330e-05
 16  0.23901 -3.62376e-05 | 17  0.00127 -1.38968e-05 | 18 -0.11063 -2.83964e-05
 19 -0.04883  3.24607e-06 | 20 -0.01272  5.04574e-05 | 21 -0.09617 -7.23818e-06
 22  0.03597  7.87140e-05 | 23 -0.12236 -7.63372e-06 | 24 -0.03401  6.72770e-05
 25  0.01244 -1.46594e-05 | 26  0.02451  2.01290e-04 | 27 -0.11225 -3.83275e-06
 28  0.01672  7.06662e-05 | 29  0.05507  2.13575e-04 | 30 -0.08361  3.38003e-05
 31 -0.18828 -1.29192e-05 | 32  0.04033  9.47454e-05 | 33  0.05225  1.15365e-04
 34  0.05792  1.61416e-04 | 35  0.04438  1.33718e-04 | 36 -0.04465  9.82265e-05
 37 -0.01626  3.03540e-05 | 38  0.06255  8.28580e-05 | 39 -0.06374  1.43379e-07
 40  0.21489  1.87533e-04 | 41  0.02232  7.54899e-05 | 42  0.08393  1.81346e-05
 43 -0.06173 -3.19936e-05 | 44  0.17961  4.76055e-05 | 45 -0.03581 -7.20744e-05
 46 -0.03337 -7.50478e-06 | 47 -0.01375 -5.09225e-05 | 48 -0.08940 -2.27819e-05
 49  0.11441 -7.84098e-05 | 50  0.01190  7.10562e-06 | 51 -0.00194 -7.84381e-06
 52  0.01986 -1.12542e-04 | 53 -0.03389 -4.66568e-05 | 54  0.08448 -4.92287e-05
 55  0.00604  6.85444e-05 | 56 -0.05101 -2.04484e-04 | 57 -0.05672 -4.76122e-05
 58  0.08345 -1.33300e-05 | 59 -0.03300 -3.02001e-05 | 60  0.01609 -1.15272e-04
 61  0.00776 -2.01999e-04 | 62  0.07282 -1.38567e-04 | 63  0.09908  1.21383e-07
 64 -0.05938 -1.04995e-04 | 65 -0.01422  6.11396e-05 | 66  0.03965 -1.14855e-04
 67  0.00818 -5.63754e-05 | 68 -0.04392  4.59070e-05 | 69  0.03216 -1.35300e-04
 70  0.00928 -2.08281e-05 | 71  0.14845  1.31272e-04 | 72 -0.07370 -2.82233e-05
 73 -0.03308 -1.03655e-04 | 74 -0.04184  6.51350e-05 | 75  0.01237 -1.39332e-04
 76 -0.05771 -1.80547e-05 | 77  0.03063 -3.42790e-05 | 78  2.52300  7.26321e-05
 79 -0.66698  1.54211e-05 | 80 -0.80606  1.99090e-05 | 81 -0.70736  6.76837e-06
 82 -0.75396  5.69868e-06 | 83 -0.77222  7.62921e-09 | 84 -0.82292  2.95606e-05
 85 -1.15058 -7.52110e-06 | 86 -0.82784 -1.21332e-05 | 87 -0.74230 -2.72620e-06
 88 -0.81931 -2.83112e-06 | 89 -1.18826 -7.79702e-06 | 90 -1.20876 -3.92084e-06
 91 -0.79642  3.34638e-06 | 92 -1.19146  6.20197e-05 | 93 -1.19051 -1.03540e-05
 94 -0.78519  9.07722e-06 | 95 -0.79488  1.03807e-05 | 96 -0.78894 -1.12060e-06
 97 -0.84314  6.77305e-06 | 98 -0.84270  5.25007e-05 | 99 -0.86104  7.35671e-05
100 -1.10559 -2.49829e-06 |101 -0.89802  7.95570e-05 |102  0.76125  9.27406e-06
103  0.27218  1.31554e-05 |104  0.20326  1.97833e-04 |105  0.08884 -3.22964e-04
106 -0.16941 -2.15124e-04 |107 -0.20612  1.40028e-04 |108 -0.17631  1.72356e-04
109  0.00083  6.02827e-04 |110  0.16797 -2.17841e-04 |111 -0.02557 -6.55973e-04
112  0.17333 -2.85324e-04 |113 -0.08026  2.07323e-05 |114  0.42050  8.16530e-08
115 -0.05475  1.99414e-05 |116 -0.34313  4.85687e-04 |117 -0.20706 -6.24190e-05
118 -0.23285 -2.35357e-05 |119 -0.28669 -1.93531e-05 |120  1.94413  2.58482e-05
121  2.17103  1.16949e-05 |122  0.00037  1.54422e-04 |123 -0.00027  5.73042e-05
124 -0.00066  7.24841e-05 |125 -0.00595  6.66050e-05 |126 -0.00624  9.86564e-05
127 -0.00659  9.99334e-05 |128 -0.00697  6.34713e-05 |129 -0.00772  7.86030e-05
130  0.00872  9.97331e-05 |131 -0.00292  7.47120e-05 |132 -0.00662  8.51972e-05
133 -0.02023  5.05543e-05 |134  0.00184 -2.16280e-05 |135 -0.01009  1.41927e-05
136  0.00723  1.27656e-04 |137  0.00633  9.54126e-05 |138 -0.00397  2.77852e-04
139  0.01639  1.99253e-04 |140 -0.01571  1.37991e-04 |141 -0.01446  1.36285e-04
142  0.00886  2.34472e-04 |143  0.02036  1.22096e-04 |144 -0.00395  1.02343e-04
145 -0.02058  1.46937e-04 |146  0.01983  1.52206e-04 |147 -0.02351  1.64858e-04
148  0.02558  2.50560e-04 |149  0.00156  3.25944e-04 |150  0.00278  3.18157e-04
151 -0.00902  3.51709e-04 |152  0.01252  3.18556e-04 |153  0.02227  4.31581e-04
154 -0.02543  3.30699e-04 |155 -0.02050  3.66044e-04 |156  0.00578  3.00788e-04
157  0.00383  3.03378e-04 |158  0.00323  4.36674e-04 |159 -0.02174  3.62430e-04
160 -0.01127  2.71870e-04 |161  0.02761  2.77389e-04 |162 -0.00953  2.43978e-04
163  0.01800  2.77235e-04 |164 -0.00757  2.84368e-04 |165 -0.01863  2.79676e-04
166  0.00822  2.28541e-04 |167  0.00381  2.15086e-04 |168 -0.00335  1.96771e-04
169  0.00520  1.73440e-04 |170 -0.01850  1.98347e-04 |171 -0.00148  8.12688e-05
172  0.02265  8.40128e-05 |173 -0.02914  4.46837e-05 |174  0.01020  2.74793e-05
175  0.02308  7.01001e-05 |176  0.02183  7.87265e-05 |177 -0.00252  9.62190e-05
178 -0.00625  8.07902e-05 |179 -0.01979  9.43560e-05 |180  0.00267  7.69493e-05
181 -0.00208  1.03357e-04 |182  0.00251  3.44287e-05 |183 -0.00431  5.86948e-05
184  0.00507 -2.69890e-05 |185 -0.00700  4.88149e-05 |186 -0.01064  3.71197e-05
187  0.00198  5.93758e-06 |188 -0.01198  4.21946e-05 |189  0.01418  2.60816e-05
190  0.00003  4.39541e-05 |191  0.00238  9.11656e-05 |192 -0.01051  1.01009e-04
193  0.00870  1.26166e-04 |194  0.00647  2.40116e-04 |195 -0.02448  2.97081e-04
196  0.01847  4.64100e-04 |197  0.00011  4.81191e-04 |198 -0.02838  4.66564e-04
199  0.01803  5.02664e-04 |200 -0.00265  4.74951e-04 |201 -0.00082  4.20510e-04
202 -0.00139  4.05506e-04 |203  0.00827  5.52727e-04 |204 -0.00992  7.19041e-04
205  0.00422  7.05552e-04 |206  0.00285  6.78445e-04 |207  0.00148  9.65503e-04
208 -0.00670  1.10043e-03 |209  0.01007  1.34929e-03 |210 -0.00956  1.78584e-03
211  0.00331  1.43165e-03 |212 -0.00008  1.37885e-03 |213  0.01011  1.33158e-03
214 -0.02415  1.25411e-03 |215  0.01638  9.68314e-04 |216 -0.00770  8.61982e-04
217  0.00383  7.78917e-04 |218 -0.00067  9.49835e-04 |219  0.00677  1.25417e-03
220 -0.00774  1.20766e-03 |221 -0.00024  1.00704e-03 |222  0.01232  9.95290e-04
223 -0.00503  1.30409e-03 |224 -0.00252  1.21439e-03 |225  0.00097  1.26874e-03
226 -0.00069  1.27292e-03 |227  0.00243  1.18685e-03 |228 -0.01722  1.04380e-03
229  0.00878  9.16804e-04 |230  0.00803  7.95416e-04 |231 -0.00731  1.09143e-03
232  0.00741  9.95727e-04 |233 -0.00424  8.89214e-04 |234 -0.00508  8.73764e-04
235  0.00652  7.13144e-04 |236 -0.00494  7.77467e-04 |237  0.00353  7.82811e-04
238  0.00155  6.90383e-04 |239 -0.00481  4.82621e-04 |240 -0.00701  4.19839e-04
241  0.01278  4.19997e-04 |242 -0.00951  4.46356e-04 |243  0.00307  5.87568e-04
244  0.01227  4.94847e-04 |245  0.00535  4.81379e-04 |246 -0.00942  5.71322e-04
247 -0.01381  5.31538e-04 |248  0.01143  4.92167e-04 |249  0.00414  5.51319e-04
250 -0.00641  4.25403e-04 |251 -0.00210  3.94974e-04 |252  0.00401  3.56988e-04
253 -0.00462  4.69940e-04 |254  0.00440  4.93098e-04 |255 -0.01851  4.09835e-04
256  0.00830  4.45506e-04 |257  0.00329  2.36991e-04 |258  0.00002  8.91766e-04
259  0.00329 -1.60937e-04 |260 -0.00270 -4.88705e-04 |261 -0.00151  6.64438e-04
262  0.00341  8.79774e-04 |263  0.01763  4.99825e-04 |264 -0.01670  7.40448e-04
265  0.00619  8.97980e-04 |266 -0.00012  8.76716e-04 |267 -0.02519  7.24367e-04
268  0.01219  7.36333e-04 |269 -0.01064  9.84019e-04 |270  0.00013  1.97748e-03
271 -0.00128  2.50970e-03 |272  0.00305  2.83137e-03 |273 -0.00218  2.82327e-03
274  0.00176  2.97469e-03 |275  0.00056  3.17781e-03 |276  0.00386  3.15969e-03
277 -0.00007  3.28220e-03 |278 -0.00208  3.37244e-03 |279  0.00044  3.00544e-03
280  0.00155  2.67717e-03 |281  0.00250  2.61911e-03 |282  0.00575  2.65952e-03
283 -0.01414  2.41412e-03 |284  0.00746  2.24488e-03 |285 -0.00220  2.48710e-03
286  0.00011  2.46285e-03 |287  0.00400  1.81802e-03 |288 -0.00269  1.79674e-03
289 -0.00091  2.11130e-03 |290 -0.00254  2.10051e-03 |291  0.00713  1.65246e-03
292  0.00644  1.56289e-03 |293 -0.00782  1.15981e-03 |294  0.00015  1.15343e-03
295  0.00221  1.04598e-03 |296  0.00743  1.06759e-03 |297 -0.00957  1.12216e-03
298 -0.00399  1.04652e-03 |299 -0.00110  1.14631e-03 |300 -0.00143  1.04808e-03
301  0.00630  1.08451e-03 |302  0.00145  1.15414e-03 |303 -0.00642  9.47237e-04
304  0.00401  9.53701e-04 |305 -0.00346  9.92445e-04 |306  0.00478  9.72048e-04
307 -0.00136  7.45453e-04 |308  0.00043  5.88759e-04 |309 -0.00408  5.62140e-04
310  0.00809  5.51979e-04 |311 -0.00202  7.00814e-04 |312 -0.00485  4.66767e-04
313  0.00647  4.43077e-04 |314  0.00489  5.15153e-04 |315  0.00264  4.74744e-04
316 -0.01018  2.08147e-04 |317  0.00313  1.99796e-04 |318  0.00057  1.72793e-05
319  0.00054 -1.31103e-04 |320 -0.00009  9.36621e-06 |321  0.00096  8.43744e-05
322 -0.00473  1.23310e-04 |323  0.01277  2.28754e-04 |324 -0.01868  3.37848e-04
325 -0.00635  2.37655e-04 |
Function minimizer not making progress ... is minimum attained?
Minimprove criterion = 0.0000e+00
Warning: the following parameters had issues
  F_rate[90] is within 1% of lower bound: 0.0000e+00 < 1.5782e-02 < 2.3000e+00
  F_rate[91] is within 1% of lower bound: 0.0000e+00 < 1.4724e-02 < 2.3000e+00


 - final statistics:
325 variables; iteration 728; function evaluation 809
Function value 3.1828e+03; maximum gradient component mag 3.3724e-03
Exit code = 1;  converg criter 1.0000e-04
Var    Value     Gradient |Var    Value     Gradient |Var    Value     Gradient
  1 -0.03463  3.17538e-03 |  2  1.95588 -1.25681e-05 |  3  1.86435 -6.07403e-05
  4  2.03029 -1.01645e-05 |  5 -0.07628  3.15882e-05 |  6 -2.05543 -5.21259e-05
  7  0.04443 -1.08981e-04 |  8 -0.00029 -8.50285e-06 |  9 -2.05008  2.37155e-05
 10  0.01858 -4.11773e-05 | 11  0.21820  7.64513e-06 | 12 -0.12332 -4.33545e-06
 13 -1.95857  1.42904e-05 | 14 -0.15829 -1.42792e-05 | 15 -0.17668 -3.21330e-05
 16  0.23901 -3.62376e-05 | 17  0.00127 -1.38968e-05 | 18 -0.11063 -2.83964e-05
 19 -0.04883  3.24607e-06 | 20 -0.01272  5.04574e-05 | 21 -0.09617 -7.23818e-06
 22  0.03597  7.87140e-05 | 23 -0.12236 -7.63372e-06 | 24 -0.03401  6.72770e-05
 25  0.01244 -1.46594e-05 | 26  0.02451  2.01290e-04 | 27 -0.11225 -3.83275e-06
 28  0.01672  7.06662e-05 | 29  0.05507  2.13575e-04 | 30 -0.08361  3.38003e-05
 31 -0.18828 -1.29192e-05 | 32  0.04033  9.47454e-05 | 33  0.05225  1.15365e-04
 34  0.05792  1.61416e-04 | 35  0.04438  1.33718e-04 | 36 -0.04465  9.82265e-05
 37 -0.01626  3.03540e-05 | 38  0.06255  8.28580e-05 | 39 -0.06374  1.43379e-07
 40  0.21489  1.87533e-04 | 41  0.02232  7.54899e-05 | 42  0.08393  1.81346e-05
 43 -0.06173 -3.19936e-05 | 44  0.17961  4.76055e-05 | 45 -0.03581 -7.20744e-05
 46 -0.03337 -7.50478e-06 | 47 -0.01375 -5.09225e-05 | 48 -0.08940 -2.27819e-05
 49  0.11441 -7.84098e-05 | 50  0.01190  7.10562e-06 | 51 -0.00194 -7.84381e-06
 52  0.01986 -1.12542e-04 | 53 -0.03389 -4.66568e-05 | 54  0.08448 -4.92287e-05
 55  0.00604  6.85444e-05 | 56 -0.05101 -2.04484e-04 | 57 -0.05672 -4.76122e-05
 58  0.08345 -1.33300e-05 | 59 -0.03300 -3.02001e-05 | 60  0.01609 -1.15272e-04
 61  0.00776 -2.01999e-04 | 62  0.07282 -1.38567e-04 | 63  0.09908  1.21383e-07
 64 -0.05938 -1.04995e-04 | 65 -0.01422  6.11396e-05 | 66  0.03965 -1.14855e-04
 67  0.00818 -5.63754e-05 | 68 -0.04392  4.59070e-05 | 69  0.03216 -1.35300e-04
 70  0.00928 -2.08281e-05 | 71  0.14845  1.31272e-04 | 72 -0.07370 -2.82233e-05
 73 -0.03308 -1.03655e-04 | 74 -0.04184  6.51350e-05 | 75  0.01237 -1.39332e-04
 76 -0.05771 -1.80547e-05 | 77  0.03063 -3.42790e-05 | 78  2.52300  7.26321e-05
 79 -0.66698  1.54211e-05 | 80 -0.80606  1.99090e-05 | 81 -0.70736  6.76837e-06
 82 -0.75396  5.69868e-06 | 83 -0.77222  7.62921e-09 | 84 -0.82292  2.95606e-05
 85 -1.15058 -7.52110e-06 | 86 -0.82784 -1.21332e-05 | 87 -0.74230 -2.72620e-06
 88 -0.81931 -2.83112e-06 | 89 -1.18826 -7.79702e-06 | 90 -1.20876 -3.92084e-06
 91 -0.79642  3.34638e-06 | 92 -1.19146  6.20197e-05 | 93 -1.19051 -1.03540e-05
 94 -0.78519  9.07722e-06 | 95 -0.79488  1.03807e-05 | 96 -0.78894 -1.12060e-06
 97 -0.84314  6.77305e-06 | 98 -0.84270  5.25007e-05 | 99 -0.86104  7.35671e-05
100 -1.10559 -2.49829e-06 |101 -0.89802  7.95570e-05 |102  0.76125  9.27406e-06
103  0.27218  1.31554e-05 |104  0.20326  1.97833e-04 |105  0.08884 -3.22964e-04
106 -0.16941 -2.15124e-04 |107 -0.20612  1.40028e-04 |108 -0.17631  1.72356e-04
109  0.00083  6.02827e-04 |110  0.16797 -2.17841e-04 |111 -0.02557 -6.55973e-04
112  0.17333 -2.85324e-04 |113 -0.08026  2.07323e-05 |114  0.42050  8.16530e-08
115 -0.05475  1.99414e-05 |116 -0.34313  4.85687e-04 |117 -0.20706 -6.24190e-05
118 -0.23285 -2.35357e-05 |119 -0.28669 -1.93531e-05 |120  1.94413  2.58482e-05
121  2.17103  1.16949e-05 |122  0.00037  1.54422e-04 |123 -0.00027  5.73042e-05
124 -0.00066  7.24841e-05 |125 -0.00595  6.66050e-05 |126 -0.00624  9.86564e-05
127 -0.00659  9.99334e-05 |128 -0.00697  6.34713e-05 |129 -0.00772  7.86030e-05
130  0.00872  9.97331e-05 |131 -0.00292  7.47120e-05 |132 -0.00662  8.51972e-05
133 -0.02023  5.05543e-05 |134  0.00184 -2.16280e-05 |135 -0.01009  1.41927e-05
136  0.00723  1.27656e-04 |137  0.00633  9.54126e-05 |138 -0.00397  2.77852e-04
139  0.01639  1.99253e-04 |140 -0.01571  1.37991e-04 |141 -0.01446  1.36285e-04
142  0.00886  2.34472e-04 |143  0.02036  1.22096e-04 |144 -0.00395  1.02343e-04
145 -0.02058  1.46937e-04 |146  0.01983  1.52206e-04 |147 -0.02351  1.64858e-04
148  0.02558  2.50560e-04 |149  0.00156  3.25944e-04 |150  0.00278  3.18157e-04
151 -0.00902  3.51709e-04 |152  0.01252  3.18556e-04 |153  0.02227  4.31581e-04
154 -0.02543  3.30699e-04 |155 -0.02050  3.66044e-04 |156  0.00578  3.00788e-04
157  0.00383  3.03378e-04 |158  0.00323  4.36674e-04 |159 -0.02174  3.62430e-04
160 -0.01127  2.71870e-04 |161  0.02761  2.77389e-04 |162 -0.00953  2.43978e-04
163  0.01800  2.77235e-04 |164 -0.00757  2.84368e-04 |165 -0.01863  2.79676e-04
166  0.00822  2.28541e-04 |167  0.00381  2.15086e-04 |168 -0.00335  1.96771e-04
169  0.00520  1.73440e-04 |170 -0.01850  1.98347e-04 |171 -0.00148  8.12688e-05
172  0.02265  8.40128e-05 |173 -0.02914  4.46837e-05 |174  0.01020  2.74793e-05
175  0.02308  7.01001e-05 |176  0.02183  7.87265e-05 |177 -0.00252  9.62190e-05
178 -0.00625  8.07902e-05 |179 -0.01979  9.43560e-05 |180  0.00267  7.69493e-05
181 -0.00208  1.03357e-04 |182  0.00251  3.44287e-05 |183 -0.00431  5.86948e-05
184  0.00507 -2.69890e-05 |185 -0.00700  4.88149e-05 |186 -0.01064  3.71197e-05
187  0.00198  5.93758e-06 |188 -0.01198  4.21946e-05 |189  0.01418  2.60816e-05
190  0.00003  4.39541e-05 |191  0.00238  9.11656e-05 |192 -0.01051  1.01009e-04
193  0.00870  1.26166e-04 |194  0.00647  2.40116e-04 |195 -0.02448  2.97081e-04
196  0.01847  4.64100e-04 |197  0.00011  4.81191e-04 |198 -0.02838  4.66564e-04
199  0.01803  5.02664e-04 |200 -0.00265  4.74951e-04 |201 -0.00082  4.20510e-04
202 -0.00139  4.05506e-04 |203  0.00827  5.52727e-04 |204 -0.00992  7.19041e-04
205  0.00422  7.05552e-04 |206  0.00285  6.78445e-04 |207  0.00148  9.65503e-04
208 -0.00670  1.10043e-03 |209  0.01007  1.34929e-03 |210 -0.00956  1.78584e-03
211  0.00331  1.43165e-03 |212 -0.00008  1.37885e-03 |213  0.01011  1.33158e-03
214 -0.02415  1.25411e-03 |215  0.01638  9.68314e-04 |216 -0.00770  8.61982e-04
217  0.00383  7.78917e-04 |218 -0.00067  9.49835e-04 |219  0.00677  1.25417e-03
220 -0.00774  1.20766e-03 |221 -0.00024  1.00704e-03 |222  0.01232  9.95290e-04
223 -0.00503  1.30409e-03 |224 -0.00252  1.21439e-03 |225  0.00097  1.26874e-03
226 -0.00069  1.27292e-03 |227  0.00243  1.18685e-03 |228 -0.01722  1.04380e-03
229  0.00878  9.16804e-04 |230  0.00803  7.95416e-04 |231 -0.00731  1.09143e-03
232  0.00741  9.95727e-04 |233 -0.00424  8.89214e-04 |234 -0.00508  8.73764e-04
235  0.00652  7.13144e-04 |236 -0.00494  7.77467e-04 |237  0.00353  7.82811e-04
238  0.00155  6.90383e-04 |239 -0.00481  4.82621e-04 |240 -0.00701  4.19839e-04
241  0.01278  4.19997e-04 |242 -0.00951  4.46356e-04 |243  0.00307  5.87568e-04
244  0.01227  4.94847e-04 |245  0.00535  4.81379e-04 |246 -0.00942  5.71322e-04
247 -0.01381  5.31538e-04 |248  0.01143  4.92167e-04 |249  0.00414  5.51319e-04
250 -0.00641  4.25403e-04 |251 -0.00210  3.94974e-04 |252  0.00401  3.56988e-04
253 -0.00462  4.69940e-04 |254  0.00440  4.93098e-04 |255 -0.01851  4.09835e-04
256  0.00830  4.45506e-04 |257  0.00329  2.36991e-04 |258  0.00002  8.91766e-04
259  0.00329 -1.60937e-04 |260 -0.00270 -4.88705e-04 |261 -0.00151  6.64438e-04
262  0.00341  8.79774e-04 |263  0.01763  4.99825e-04 |264 -0.01670  7.40448e-04
265  0.00619  8.97980e-04 |266 -0.00012  8.76716e-04 |267 -0.02519  7.24367e-04
268  0.01219  7.36333e-04 |269 -0.01064  9.84019e-04 |270  0.00013  1.97748e-03
271 -0.00128  2.50970e-03 |272  0.00305  2.83137e-03 |273 -0.00218  2.82327e-03
274  0.00176  2.97469e-03 |275  0.00056  3.17781e-03 |276  0.00386  3.15969e-03
277 -0.00007  3.28220e-03 |278 -0.00208  3.37244e-03 |279  0.00044  3.00544e-03
280  0.00155  2.67717e-03 |281  0.00250  2.61911e-03 |282  0.00575  2.65952e-03
283 -0.01414  2.41412e-03 |284  0.00746  2.24488e-03 |285 -0.00220  2.48710e-03
286  0.00011  2.46285e-03 |287  0.00400  1.81802e-03 |288 -0.00269  1.79674e-03
289 -0.00091  2.11130e-03 |290 -0.00254  2.10051e-03 |291  0.00713  1.65246e-03
292  0.00644  1.56289e-03 |293 -0.00782  1.15981e-03 |294  0.00015  1.15343e-03
295  0.00221  1.04598e-03 |296  0.00743  1.06759e-03 |297 -0.00957  1.12216e-03
298 -0.00399  1.04652e-03 |299 -0.00110  1.14631e-03 |300 -0.00143  1.04808e-03
301  0.00630  1.08451e-03 |302  0.00145  1.15414e-03 |303 -0.00642  9.47237e-04
304  0.00401  9.53701e-04 |305 -0.00346  9.92445e-04 |306  0.00478  9.72048e-04
307 -0.00136  7.45453e-04 |308  0.00043  5.88759e-04 |309 -0.00408  5.62140e-04
310  0.00809  5.51979e-04 |311 -0.00202  7.00814e-04 |312 -0.00485  4.66767e-04
313  0.00647  4.43077e-04 |314  0.00489  5.15153e-04 |315  0.00264  4.74744e-04
316 -0.01018  2.08147e-04 |317  0.00313  1.99796e-04 |318  0.00057  1.72793e-05
319  0.00054 -1.31103e-04 |320 -0.00009  9.36621e-06 |321  0.00096  8.43744e-05
322 -0.00473  1.23310e-04 |323  0.01277  2.28754e-04 |324 -0.01868  3.37848e-04
325 -0.00635  2.37655e-04 |
Estimating row 1 out of 325 for hessian
Estimating row 2 out of 325 for hessian
Estimating row 3 out of 325 for hessian
Estimating row 4 out of 325 for hessian
Estimating row 5 out of 325 for hessian
Estimating row 6 out of 325 for hessian
Estimating row 7 out of 325 for hessian
Estimating row 8 out of 325 for hessian
Estimating row 9 out of 325 for hessian
Estimating row 10 out of 325 for hessian
Estimating row 11 out of 325 for hessian
Estimating row 12 out of 325 for hessian
Estimating row 13 out of 325 for hessian
Estimating row 14 out of 325 for hessian
Estimating row 15 out of 325 for hessian
Estimating row 16 out of 325 for hessian
Estimating row 17 out of 325 for hessian
Estimating row 18 out of 325 for hessian
Estimating row 19 out of 325 for hessian
Estimating row 20 out of 325 for hessian
Estimating row 21 out of 325 for hessian
Estimating row 22 out of 325 for hessian
Estimating row 23 out of 325 for hessian
Estimating row 24 out of 325 for hessian
Estimating row 25 out of 325 for hessian
Estimating row 26 out of 325 for hessian
Estimating row 27 out of 325 for hessian
Estimating row 28 out of 325 for hessian
Estimating row 29 out of 325 for hessian
Estimating row 30 out of 325 for hessian
Estimating row 31 out of 325 for hessian
Estimating row 32 out of 325 for hessian
Estimating row 33 out of 325 for hessian
Estimating row 34 out of 325 for hessian
Estimating row 35 out of 325 for hessian
Estimating row 36 out of 325 for hessian
Estimating row 37 out of 325 for hessian
Estimating row 38 out of 325 for hessian
Estimating row 39 out of 325 for hessian
Estimating row 40 out of 325 for hessian
Estimating row 41 out of 325 for hessian
Estimating row 42 out of 325 for hessian
Estimating row 43 out of 325 for hessian
Estimating row 44 out of 325 for hessian
Estimating row 45 out of 325 for hessian
Estimating row 46 out of 325 for hessian
Estimating row 47 out of 325 for hessian
Estimating row 48 out of 325 for hessian
Estimating row 49 out of 325 for hessian
Estimating row 50 out of 325 for hessian
Estimating row 51 out of 325 for hessian
Estimating row 52 out of 325 for hessian
Estimating row 53 out of 325 for hessian
Estimating row 54 out of 325 for hessian
Estimating row 55 out of 325 for hessian
Estimating row 56 out of 325 for hessian
Estimating row 57 out of 325 for hessian
Estimating row 58 out of 325 for hessian
Estimating row 59 out of 325 for hessian
Estimating row 60 out of 325 for hessian
Estimating row 61 out of 325 for hessian
Estimating row 62 out of 325 for hessian
Estimating row 63 out of 325 for hessian
Estimating row 64 out of 325 for hessian
Estimating row 65 out of 325 for hessian
Estimating row 66 out of 325 for hessian
Estimating row 67 out of 325 for hessian
Estimating row 68 out of 325 for hessian
Estimating row 69 out of 325 for hessian
Estimating row 70 out of 325 for hessian
Estimating row 71 out of 325 for hessian
Estimating row 72 out of 325 for hessian
Estimating row 73 out of 325 for hessian
Estimating row 74 out of 325 for hessian
Estimating row 75 out of 325 for hessian
Estimating row 76 out of 325 for hessian
Estimating row 77 out of 325 for hessian
Estimating row 78 out of 325 for hessian
Estimating row 79 out of 325 for hessian
Estimating row 80 out of 325 for hessian
Estimating row 81 out of 325 for hessian
Estimating row 82 out of 325 for hessian
Estimating row 83 out of 325 for hessian
Estimating row 84 out of 325 for hessian
Estimating row 85 out of 325 for hessian
Estimating row 86 out of 325 for hessian
Estimating row 87 out of 325 for hessian
Estimating row 88 out of 325 for hessian
Estimating row 89 out of 325 for hessian
Estimating row 90 out of 325 for hessian
Estimating row 91 out of 325 for hessian
Estimating row 92 out of 325 for hessian
Estimating row 93 out of 325 for hessian
Estimating row 94 out of 325 for hessian
Estimating row 95 out of 325 for hessian
Estimating row 96 out of 325 for hessian
Estimating row 97 out of 325 for hessian
Estimating row 98 out of 325 for hessian
Estimating row 99 out of 325 for hessian
Estimating row 100 out of 325 for hessian
Estimating row 101 out of 325 for hessian
Estimating row 102 out of 325 for hessian
Estimating row 103 out of 325 for hessian
Estimating row 104 out of 325 for hessian
Estimating row 105 out of 325 for hessian
Estimating row 106 out of 325 for hessian
Estimating row 107 out of 325 for hessian
Estimating row 108 out of 325 for hessian
Estimating row 109 out of 325 for hessian
Estimating row 110 out of 325 for hessian
Estimating row 111 out of 325 for hessian
Estimating row 112 out of 325 for hessian
Estimating row 113 out of 325 for hessian
Estimating row 114 out of 325 for hessian
Estimating row 115 out of 325 for hessian
Estimating row 116 out of 325 for hessian
Estimating row 117 out of 325 for hessian
Estimating row 118 out of 325 for hessian
Estimating row 119 out of 325 for hessian
Estimating row 120 out of 325 for hessian
Estimating row 121 out of 325 for hessian
Estimating row 122 out of 325 for hessian
Estimating row 123 out of 325 for hessian
Estimating row 124 out of 325 for hessian
Estimating row 125 out of 325 for hessian
Estimating row 126 out of 325 for hessian
Estimating row 127 out of 325 for hessian
Estimating row 128 out of 325 for hessian
Estimating row 129 out of 325 for hessian
Estimating row 130 out of 325 for hessian
Estimating row 131 out of 325 for hessian
Estimating row 132 out of 325 for hessian
Estimating row 133 out of 325 for hessian
Estimating row 134 out of 325 for hessian
Estimating row 135 out of 325 for hessian
Estimating row 136 out of 325 for hessian
Estimating row 137 out of 325 for hessian
Estimating row 138 out of 325 for hessian
Estimating row 139 out of 325 for hessian
Estimating row 140 out of 325 for hessian
Estimating row 141 out of 325 for hessian
Estimating row 142 out of 325 for hessian
Estimating row 143 out of 325 for hessian
Estimating row 144 out of 325 for hessian
Estimating row 145 out of 325 for hessian
Estimating row 146 out of 325 for hessian
Estimating row 147 out of 325 for hessian
Estimating row 148 out of 325 for hessian
Estimating row 149 out of 325 for hessian
Estimating row 150 out of 325 for hessian
Estimating row 151 out of 325 for hessian
Estimating row 152 out of 325 for hessian
Estimating row 153 out of 325 for hessian
Estimating row 154 out of 325 for hessian
Estimating row 155 out of 325 for hessian
Estimating row 156 out of 325 for hessian
Estimating row 157 out of 325 for hessian
Estimating row 158 out of 325 for hessian
Estimating row 159 out of 325 for hessian
Estimating row 160 out of 325 for hessian
Estimating row 161 out of 325 for hessian
Estimating row 162 out of 325 for hessian
Estimating row 163 out of 325 for hessian
Estimating row 164 out of 325 for hessian
Estimating row 165 out of 325 for hessian
Estimating row 166 out of 325 for hessian
Estimating row 167 out of 325 for hessian
Estimating row 168 out of 325 for hessian
Estimating row 169 out of 325 for hessian
Estimating row 170 out of 325 for hessian
Estimating row 171 out of 325 for hessian
Estimating row 172 out of 325 for hessian
Estimating row 173 out of 325 for hessian
Estimating row 174 out of 325 for hessian
Estimating row 175 out of 325 for hessian
Estimating row 176 out of 325 for hessian
Estimating row 177 out of 325 for hessian
Estimating row 178 out of 325 for hessian
Estimating row 179 out of 325 for hessian
Estimating row 180 out of 325 for hessian
Estimating row 181 out of 325 for hessian
Estimating row 182 out of 325 for hessian
Estimating row 183 out of 325 for hessian
Estimating row 184 out of 325 for hessian
Estimating row 185 out of 325 for hessian
Estimating row 186 out of 325 for hessian
Estimating row 187 out of 325 for hessian
Estimating row 188 out of 325 for hessian
Estimating row 189 out of 325 for hessian
Estimating row 190 out of 325 for hessian
Estimating row 191 out of 325 for hessian
Estimating row 192 out of 325 for hessian
Estimating row 193 out of 325 for hessian
Estimating row 194 out of 325 for hessian
Estimating row 195 out of 325 for hessian
Estimating row 196 out of 325 for hessian
Estimating row 197 out of 325 for hessian
Estimating row 198 out of 325 for hessian
Estimating row 199 out of 325 for hessian
Estimating row 200 out of 325 for hessian
Estimating row 201 out of 325 for hessian
Estimating row 202 out of 325 for hessian
Estimating row 203 out of 325 for hessian
Estimating row 204 out of 325 for hessian
Estimating row 205 out of 325 for hessian
Estimating row 206 out of 325 for hessian
Estimating row 207 out of 325 for hessian
Estimating row 208 out of 325 for hessian
Estimating row 209 out of 325 for hessian
Estimating row 210 out of 325 for hessian
Estimating row 211 out of 325 for hessian
Estimating row 212 out of 325 for hessian
Estimating row 213 out of 325 for hessian
Estimating row 214 out of 325 for hessian
Estimating row 215 out of 325 for hessian
Estimating row 216 out of 325 for hessian
Estimating row 217 out of 325 for hessian
Estimating row 218 out of 325 for hessian
Estimating row 219 out of 325 for hessian
Estimating row 220 out of 325 for hessian
Estimating row 221 out of 325 for hessian
Estimating row 222 out of 325 for hessian
Estimating row 223 out of 325 for hessian
Estimating row 224 out of 325 for hessian
Estimating row 225 out of 325 for hessian
Estimating row 226 out of 325 for hessian
Estimating row 227 out of 325 for hessian
Estimating row 228 out of 325 for hessian
Estimating row 229 out of 325 for hessian
Estimating row 230 out of 325 for hessian
Estimating row 231 out of 325 for hessian
Estimating row 232 out of 325 for hessian
Estimating row 233 out of 325 for hessian
Estimating row 234 out of 325 for hessian
Estimating row 235 out of 325 for hessian
Estimating row 236 out of 325 for hessian
Estimating row 237 out of 325 for hessian
Estimating row 238 out of 325 for hessian
Estimating row 239 out of 325 for hessian
Estimating row 240 out of 325 for hessian
Estimating row 241 out of 325 for hessian
Estimating row 242 out of 325 for hessian
Estimating row 243 out of 325 for hessian
Estimating row 244 out of 325 for hessian
Estimating row 245 out of 325 for hessian
Estimating row 246 out of 325 for hessian
Estimating row 247 out of 325 for hessian
Estimating row 248 out of 325 for hessian
Estimating row 249 out of 325 for hessian
Estimating row 250 out of 325 for hessian
Estimating row 251 out of 325 for hessian
Estimating row 252 out of 325 for hessian
Estimating row 253 out of 325 for hessian
Estimating row 254 out of 325 for hessian
Estimating row 255 out of 325 for hessian
Estimating row 256 out of 325 for hessian
Estimating row 257 out of 325 for hessian
Estimating row 258 out of 325 for hessian
Estimating row 259 out of 325 for hessian
Estimating row 260 out of 325 for hessian
Estimating row 261 out of 325 for hessian
Estimating row 262 out of 325 for hessian
Estimating row 263 out of 325 for hessian
Estimating row 264 out of 325 for hessian
Estimating row 265 out of 325 for hessian
Estimating row 266 out of 325 for hessian
Estimating row 267 out of 325 for hessian
Estimating row 268 out of 325 for hessian
Estimating row 269 out of 325 for hessian
Estimating row 270 out of 325 for hessian
Estimating row 271 out of 325 for hessian
Estimating row 272 out of 325 for hessian
Estimating row 273 out of 325 for hessian
Estimating row 274 out of 325 for hessian
Estimating row 275 out of 325 for hessian
Estimating row 276 out of 325 for hessian
Estimating row 277 out of 325 for hessian
Estimating row 278 out of 325 for hessian
Estimating row 279 out of 325 for hessian
Estimating row 280 out of 325 for hessian
Estimating row 281 out of 325 for hessian
Estimating row 282 out of 325 for hessian
Estimating row 283 out of 325 for hessian
Estimating row 284 out of 325 for hessian
Estimating row 285 out of 325 for hessian
Estimating row 286 out of 325 for hessian
Estimating row 287 out of 325 for hessian
Estimating row 288 out of 325 for hessian
Estimating row 289 out of 325 for hessian
Estimating row 290 out of 325 for hessian
Estimating row 291 out of 325 for hessian
Estimating row 292 out of 325 for hessian
Estimating row 293 out of 325 for hessian
Estimating row 294 out of 325 for hessian
Estimating row 295 out of 325 for hessian
Estimating row 296 out of 325 for hessian
Estimating row 297 out of 325 for hessian
Estimating row 298 out of 325 for hessian
Estimating row 299 out of 325 for hessian
Estimating row 300 out of 325 for hessian
Estimating row 301 out of 325 for hessian
Estimating row 302 out of 325 for hessian
Estimating row 303 out of 325 for hessian
Estimating row 304 out of 325 for hessian
Estimating row 305 out of 325 for hessian
Estimating row 306 out of 325 for hessian
Estimating row 307 out of 325 for hessian
Estimating row 308 out of 325 for hessian
Estimating row 309 out of 325 for hessian
Estimating row 310 out of 325 for hessian
Estimating row 311 out of 325 for hessian
Estimating row 312 out of 325 for hessian
Estimating row 313 out of 325 for hessian
Estimating row 314 out of 325 for hessian
Estimating row 315 out of 325 for hessian
Estimating row 316 out of 325 for hessian
Estimating row 317 out of 325 for hessian
Estimating row 318 out of 325 for hessian
Estimating row 319 out of 325 for hessian
Estimating row 320 out of 325 for hessian
Estimating row 321 out of 325 for hessian
Estimating row 322 out of 325 for hessian
Estimating row 323 out of 325 for hessian
Estimating row 324 out of 325 for hessian
Estimating row 325 out of 325 for hessian
size of file gradfil1.tmp = 0
size of file gradfil2.tmp = 0
size of file varssave.tmp = 0
size of file cmpdiff.tmp = 0
